Date,Midnight population,24-hour population
2008-10-01,0.0,0.0
2008-10-02,0.0,0.0
2008-10-03,0.0,0.0
2008-10-04,0.0,0.0
2008-10-05,0.0,0.0
2008-10-06,0.0,0.0
2008-10-07,0.0,0.0
2008-10-08,0.0,0.0
2008-10-09,0.0,0.0
2008-10-10,0.0,0.0
2008-10-11,0.0,0.0
2008-10-12,0.0,0.0
2008-10-13,0.0,0.0
2008-10-14,0.0,0.0
2008-10-15,0.0,0.0
2008-10-16,0.0,0.0
2008-10-17,0.0,0.0
2008-10-18,0.0,0.0
2008-10-19,0.0,0.0
2008-10-20,0.0,0.0
2008-10-21,0.0,0.0
2008-10-22,0.0,0.0
2008-10-23,0.0,0.0
2008-10-24,0.0,0.0
2008-10-25,0.0,0.0
2008-10-26,0.0,0.0
2008-10-27,0.0,0.0
2008-10-28,0.0,0.0
2008-10-29,0.0,0.0
2008-10-30,0.0,0.0
2008-10-31,0.0,0.0
2008-11-01,0.0,0.0
2008-11-02,0.0,0.0
2008-11-03,0.0,0.0
2008-11-04,0.0,0.0
2008-11-05,0.0,0.0
2008-11-06,0.0,0.0
2008-11-07,0.0,0.0
2008-11-08,0.0,0.0
2008-11-09,0.0,0.0
2008-11-10,0.0,0.0
2008-11-11,0.0,0.0
2008-11-12,0.0,0.0
2008-11-13,0.0,0.0
2008-11-14,0.0,0.0
2008-11-15,0.0,0.0
2008-11-16,0.0,0.0
2008-11-17,0.0,0.0
2008-11-18,0.0,0.0
2008-11-19,0.0,0.0
2008-11-20,0.0,0.0
2008-11-21,0.0,0.0
2008-11-22,0.0,0.0
2008-11-23,0.0,0.0
2008-11-24,0.0,0.0
2008-11-25,0.0,0.0
2008-11-26,0.0,0.0
2008-11-27,0.0,0.0
2008-11-28,0.0,0.0
2008-11-29,0.0,0.0
2008-11-30,0.0,0.0
2008-12-01,0.0,0.0
2008-12-02,0.0,0.0
2008-12-03,0.0,0.0
2008-12-04,0.0,0.0
2008-12-05,0.0,0.0
2008-12-06,0.0,0.0
2008-12-07,0.0,0.0
2008-12-08,0.0,0.0
2008-12-09,0.0,0.0
2008-12-10,0.0,0.0
2008-12-11,0.0,0.0
2008-12-12,0.0,0.0
2008-12-13,0.0,0.0
2008-12-14,0.0,0.0
2008-12-15,0.0,0.0
2008-12-16,0.0,0.0
2008-12-17,0.0,0.0
2008-12-18,0.0,0.0
2008-12-19,0.0,0.0
2008-12-20,0.0,0.0
2008-12-21,0.0,0.0
2008-12-22,0.0,0.0
2008-12-23,0.0,0.0
2008-12-24,0.0,0.0
2008-12-25,0.0,0.0
2008-12-26,0.0,0.0
2008-12-27,0.0,0.0
2008-12-28,0.0,0.0
2008-12-29,0.0,0.0
2008-12-30,0.0,0.0
2008-12-31,0.0,0.0
2009-01-01,0.0,0.0
2009-01-02,0.0,0.0
2009-01-03,0.0,0.0
2009-01-04,0.0,0.0
2009-01-05,0.0,0.0
2009-01-06,0.0,0.0
2009-01-07,0.0,0.0
2009-01-08,0.0,0.0
2009-01-09,0.0,0.0
2009-01-10,0.0,0.0
2009-01-11,0.0,0.0
2009-01-12,0.0,0.0
2009-01-13,0.0,0.0
2009-01-14,0.0,0.0
2009-01-15,0.0,0.0
2009-01-16,0.0,0.0
2009-01-17,0.0,0.0
2009-01-18,0.0,0.0
2009-01-19,0.0,0.0
2009-01-20,0.0,0.0
2009-01-21,0.0,0.0
2009-01-22,0.0,0.0
2009-01-23,0.0,0.0
2009-01-24,0.0,0.0
2009-01-25,0.0,0.0
2009-01-26,0.0,0.0
2009-01-27,0.0,0.0
2009-01-28,0.0,0.0
2009-01-29,0.0,0.0
2009-01-30,0.0,0.0
2009-01-31,0.0,0.0
2009-02-01,0.0,0.0
2009-02-02,0.0,0.0
2009-02-03,0.0,0.0
2009-02-04,0.0,0.0
2009-02-05,0.0,0.0
2009-02-06,0.0,0.0
2009-02-07,0.0,0.0
2009-02-08,0.0,0.0
2009-02-09,0.0,0.0
2009-02-10,0.0,0.0
2009-02-11,0.0,0.0
2009-02-12,0.0,0.0
2009-02-13,0.0,0.0
2009-02-14,0.0,0.0
2009-02-15,0.0,0.0
2009-02-16,0.0,0.0
2009-02-17,0.0,0.0
2009-02-18,0.0,0.0
2009-02-19,0.0,0.0
2009-02-20,0.0,0.0
2009-02-21,0.0,0.0
2009-02-22,0.0,0.0
2009-02-23,0.0,0.0
2009-02-24,0.0,0.0
2009-02-25,0.0,0.0
2009-02-26,0.0,0.0
2009-02-27,0.0,0.0
2009-02-28,0.0,0.0
2009-03-01,0.0,0.0
2009-03-02,0.0,0.0
2009-03-03,0.0,0.0
2009-03-04,0.0,0.0
2009-03-05,0.0,0.0
2009-03-06,0.0,0.0
2009-03-07,0.0,0.0
2009-03-08,0.0,0.0
2009-03-09,0.0,0.0
2009-03-10,0.0,0.0
2009-03-11,0.0,0.0
2009-03-12,0.0,0.0
2009-03-13,0.0,0.0
2009-03-14,0.0,0.0
2009-03-15,0.0,0.0
2009-03-16,0.0,0.0
2009-03-17,0.0,0.0
2009-03-18,0.0,0.0
2009-03-19,0.0,0.0
2009-03-20,0.0,0.0
2009-03-21,0.0,0.0
2009-03-22,0.0,0.0
2009-03-23,0.0,0.0
2009-03-24,0.0,0.0
2009-03-25,0.0,0.0
2009-03-26,0.0,0.0
2009-03-27,0.0,0.0
2009-03-28,0.0,0.0
2009-03-29,0.0,0.0
2009-03-30,0.0,0.0
2009-03-31,0.0,0.0
2009-04-01,0.0,0.0
2009-04-02,0.0,0.0
2009-04-03,0.0,0.0
2009-04-04,0.0,0.0
2009-04-05,0.0,0.0
2009-04-06,0.0,0.0
2009-04-07,0.0,0.0
2009-04-08,0.0,0.0
2009-04-09,0.0,0.0
2009-04-10,0.0,0.0
2009-04-11,0.0,0.0
2009-04-12,0.0,0.0
2009-04-13,0.0,0.0
2009-04-14,0.0,0.0
2009-04-15,0.0,0.0
2009-04-16,0.0,0.0
2009-04-17,0.0,0.0
2009-04-18,0.0,0.0
2009-04-19,0.0,0.0
2009-04-20,0.0,0.0
2009-04-21,0.0,0.0
2009-04-22,0.0,0.0
2009-04-23,0.0,0.0
2009-04-24,0.0,0.0
2009-04-25,0.0,0.0
2009-04-26,0.0,0.0
2009-04-27,0.0,0.0
2009-04-28,0.0,0.0
2009-04-29,0.0,0.0
2009-04-30,0.0,0.0
2009-05-01,0.0,0.0
2009-05-02,0.0,0.0
2009-05-03,0.0,0.0
2009-05-04,0.0,0.0
2009-05-05,0.0,0.0
2009-05-06,0.0,0.0
2009-05-07,0.0,0.0
2009-05-08,0.0,0.0
2009-05-09,0.0,0.0
2009-05-10,0.0,0.0
2009-05-11,0.0,0.0
2009-05-12,0.0,0.0
2009-05-13,0.0,0.0
2009-05-14,0.0,0.0
2009-05-15,0.0,0.0
2009-05-16,0.0,0.0
2009-05-17,0.0,0.0
2009-05-18,0.0,0.0
2009-05-19,0.0,0.0
2009-05-20,0.0,0.0
2009-05-21,0.0,0.0
2009-05-22,0.0,0.0
2009-05-23,0.0,0.0
2009-05-24,0.0,0.0
2009-05-25,0.0,0.0
2009-05-26,0.0,0.0
2009-05-27,0.0,0.0
2009-05-28,0.0,0.0
2009-05-29,0.0,0.0
2009-05-30,0.0,0.0
2009-05-31,0.0,0.0
2009-06-01,0.0,0.0
2009-06-02,0.0,0.0
2009-06-03,0.0,0.0
2009-06-04,0.0,0.0
2009-06-05,0.0,0.0
2009-06-06,0.0,0.0
2009-06-07,0.0,0.0
2009-06-08,0.0,0.0
2009-06-09,0.0,0.0
2009-06-10,0.0,0.0
2009-06-11,0.0,0.0
2009-06-12,0.0,0.0
2009-06-13,0.0,0.0
2009-06-14,0.0,0.0
2009-06-15,0.0,0.0
2009-06-16,0.0,0.0
2009-06-17,0.0,0.0
2009-06-18,0.0,0.0
2009-06-19,0.0,0.0
2009-06-20,0.0,0.0
2009-06-21,0.0,0.0
2009-06-22,0.0,0.0
2009-06-23,0.0,0.0
2009-06-24,0.0,0.0
2009-06-25,0.0,0.0
2009-06-26,0.0,0.0
2009-06-27,0.0,0.0
2009-06-28,0.0,0.0
2009-06-29,0.0,0.0
2009-06-30,0.0,0.0
2009-07-01,0.0,0.0
2009-07-02,0.0,0.0
2009-07-03,0.0,0.0
2009-07-04,0.0,0.0
2009-07-05,0.0,0.0
2009-07-06,0.0,0.0
2009-07-07,0.0,0.0
2009-07-08,0.0,0.0
2009-07-09,0.0,0.0
2009-07-10,0.0,0.0
2009-07-11,0.0,0.0
2009-07-12,0.0,0.0
2009-07-13,0.0,0.0
2009-07-14,0.0,0.0
2009-07-15,0.0,0.0
2009-07-16,0.0,0.0
2009-07-17,0.0,0.0
2009-07-18,0.0,0.0
2009-07-19,0.0,0.0
2009-07-20,0.0,0.0
2009-07-21,0.0,0.0
2009-07-22,0.0,0.0
2009-07-23,0.0,0.0
2009-07-24,0.0,0.0
2009-07-25,0.0,0.0
2009-07-26,0.0,0.0
2009-07-27,0.0,0.0
2009-07-28,0.0,0.0
2009-07-29,0.0,0.0
2009-07-30,0.0,0.0
2009-07-31,0.0,0.0
2009-08-01,0.0,0.0
2009-08-02,0.0,0.0
2009-08-03,0.0,0.0
2009-08-04,0.0,0.0
2009-08-05,0.0,0.0
2009-08-06,0.0,0.0
2009-08-07,0.0,0.0
2009-08-08,0.0,0.0
2009-08-09,0.0,0.0
2009-08-10,0.0,0.0
2009-08-11,0.0,0.0
2009-08-12,0.0,0.0
2009-08-13,0.0,0.0
2009-08-14,0.0,0.0
2009-08-15,0.0,0.0
2009-08-16,0.0,0.0
2009-08-17,0.0,0.0
2009-08-18,0.0,0.0
2009-08-19,0.0,0.0
2009-08-20,0.0,0.0
2009-08-21,0.0,0.0
2009-08-22,0.0,0.0
2009-08-23,0.0,0.0
2009-08-24,0.0,0.0
2009-08-25,0.0,0.0
2009-08-26,0.0,0.0
2009-08-27,0.0,0.0
2009-08-28,0.0,0.0
2009-08-29,0.0,0.0
2009-08-30,0.0,0.0
2009-08-31,0.0,0.0
2009-09-01,0.0,0.0
2009-09-02,0.0,0.0
2009-09-03,0.0,0.0
2009-09-04,0.0,0.0
2009-09-05,0.0,0.0
2009-09-06,0.0,0.0
2009-09-07,0.0,0.0
2009-09-08,0.0,0.0
2009-09-09,0.0,0.0
2009-09-10,0.0,0.0
2009-09-11,0.0,0.0
2009-09-12,0.0,0.0
2009-09-13,0.0,0.0
2009-09-14,0.0,0.0
2009-09-15,0.0,0.0
2009-09-16,0.0,0.0
2009-09-17,0.0,0.0
2009-09-18,0.0,0.0
2009-09-19,0.0,0.0
2009-09-20,0.0,0.0
2009-09-21,0.0,0.0
2009-09-22,0.0,0.0
2009-09-23,0.0,0.0
2009-09-24,0.0,0.0
2009-09-25,0.0,0.0
2009-09-26,0.0,0.0
2009-09-27,0.0,0.0
2009-09-28,0.0,0.0
2009-09-29,0.0,0.0
2009-09-30,0.0,0.0
2009-10-01,0.0,0.0
2009-10-02,0.0,0.0
2009-10-03,0.0,0.0
2009-10-04,0.0,0.0
2009-10-05,0.0,0.0
2009-10-06,0.0,0.0
2009-10-07,0.0,0.0
2009-10-08,0.0,0.0
2009-10-09,0.0,0.0
2009-10-10,0.0,0.0
2009-10-11,0.0,0.0
2009-10-12,0.0,0.0
2009-10-13,0.0,0.0
2009-10-14,0.0,0.0
2009-10-15,0.0,0.0
2009-10-16,0.0,0.0
2009-10-17,0.0,0.0
2009-10-18,0.0,0.0
2009-10-19,0.0,0.0
2009-10-20,0.0,0.0
2009-10-21,0.0,0.0
2009-10-22,0.0,0.0
2009-10-23,0.0,0.0
2009-10-24,0.0,0.0
2009-10-25,0.0,0.0
2009-10-26,0.0,0.0
2009-10-27,0.0,0.0
2009-10-28,0.0,0.0
2009-10-29,0.0,0.0
2009-10-30,0.0,0.0
2009-10-31,0.0,0.0
2009-11-01,0.0,0.0
2009-11-02,0.0,0.0
2009-11-03,0.0,0.0
2009-11-04,0.0,0.0
2009-11-05,0.0,0.0
2009-11-06,0.0,0.0
2009-11-07,0.0,0.0
2009-11-08,0.0,0.0
2009-11-09,0.0,0.0
2009-11-10,0.0,0.0
2009-11-11,0.0,0.0
2009-11-12,0.0,0.0
2009-11-13,0.0,0.0
2009-11-14,0.0,0.0
2009-11-15,0.0,0.0
2009-11-16,0.0,0.0
2009-11-17,0.0,0.0
2009-11-18,0.0,0.0
2009-11-19,0.0,0.0
2009-11-20,0.0,0.0
2009-11-21,0.0,0.0
2009-11-22,0.0,0.0
2009-11-23,0.0,0.0
2009-11-24,0.0,0.0
2009-11-25,0.0,0.0
2009-11-26,0.0,0.0
2009-11-27,0.0,0.0
2009-11-28,0.0,0.0
2009-11-29,0.0,0.0
2009-11-30,0.0,0.0
2009-12-01,0.0,0.0
2009-12-02,0.0,0.0
2009-12-03,0.0,0.0
2009-12-04,0.0,0.0
2009-12-05,0.0,0.0
2009-12-06,0.0,0.0
2009-12-07,0.0,0.0
2009-12-08,0.0,0.0
2009-12-09,0.0,0.0
2009-12-10,0.0,0.0
2009-12-11,0.0,0.0
2009-12-12,0.0,0.0
2009-12-13,0.0,0.0
2009-12-14,0.0,0.0
2009-12-15,0.0,0.0
2009-12-16,0.0,0.0
2009-12-17,0.0,0.0
2009-12-18,0.0,0.0
2009-12-19,0.0,0.0
2009-12-20,0.0,0.0
2009-12-21,0.0,0.0
2009-12-22,0.0,0.0
2009-12-23,0.0,0.0
2009-12-24,0.0,0.0
2009-12-25,0.0,0.0
2009-12-26,0.0,0.0
2009-12-27,0.0,0.0
2009-12-28,0.0,0.0
2009-12-29,0.0,0.0
2009-12-30,0.0,0.0
2009-12-31,0.0,0.0
2010-01-01,0.0,0.0
2010-01-02,0.0,0.0
2010-01-03,0.0,0.0
2010-01-04,0.0,0.0
2010-01-05,0.0,0.0
2010-01-06,0.0,0.0
2010-01-07,0.0,0.0
2010-01-08,0.0,0.0
2010-01-09,0.0,0.0
2010-01-10,0.0,0.0
2010-01-11,0.0,0.0
2010-01-12,0.0,0.0
2010-01-13,0.0,0.0
2010-01-14,0.0,0.0
2010-01-15,0.0,0.0
2010-01-16,0.0,0.0
2010-01-17,0.0,0.0
2010-01-18,0.0,0.0
2010-01-19,0.0,0.0
2010-01-20,0.0,0.0
2010-01-21,0.0,0.0
2010-01-22,0.0,0.0
2010-01-23,0.0,0.0
2010-01-24,0.0,0.0
2010-01-25,0.0,0.0
2010-01-26,0.0,0.0
2010-01-27,0.0,0.0
2010-01-28,0.0,0.0
2010-01-29,0.0,0.0
2010-01-30,0.0,0.0
2010-01-31,0.0,0.0
2010-02-01,0.0,0.0
2010-02-02,0.0,0.0
2010-02-03,0.0,0.0
2010-02-04,0.0,0.0
2010-02-05,0.0,0.0
2010-02-06,0.0,0.0
2010-02-07,0.0,0.0
2010-02-08,0.0,0.0
2010-02-09,0.0,0.0
2010-02-10,0.0,0.0
2010-02-11,0.0,0.0
2010-02-12,0.0,0.0
2010-02-13,0.0,0.0
2010-02-14,0.0,0.0
2010-02-15,0.0,0.0
2010-02-16,0.0,0.0
2010-02-17,0.0,0.0
2010-02-18,0.0,0.0
2010-02-19,0.0,0.0
2010-02-20,0.0,0.0
2010-02-21,0.0,0.0
2010-02-22,0.0,0.0
2010-02-23,0.0,0.0
2010-02-24,0.0,0.0
2010-02-25,0.0,0.0
2010-02-26,0.0,0.0
2010-02-27,0.0,0.0
2010-02-28,0.0,0.0
2010-03-01,0.0,0.0
2010-03-02,0.0,0.0
2010-03-03,0.0,0.0
2010-03-04,0.0,0.0
2010-03-05,0.0,0.0
2010-03-06,0.0,0.0
2010-03-07,0.0,0.0
2010-03-08,0.0,0.0
2010-03-09,0.0,0.0
2010-03-10,0.0,0.0
2010-03-11,0.0,0.0
2010-03-12,0.0,0.0
2010-03-13,0.0,0.0
2010-03-14,0.0,0.0
2010-03-15,0.0,0.0
2010-03-16,0.0,0.0
2010-03-17,0.0,0.0
2010-03-18,0.0,0.0
2010-03-19,0.0,0.0
2010-03-20,0.0,0.0
2010-03-21,0.0,0.0
2010-03-22,0.0,0.0
2010-03-23,0.0,0.0
2010-03-24,0.0,0.0
2010-03-25,0.0,0.0
2010-03-26,0.0,0.0
2010-03-27,0.0,0.0
2010-03-28,0.0,0.0
2010-03-29,0.0,0.0
2010-03-30,0.0,0.0
2010-03-31,0.0,0.0
2010-04-01,0.0,0.0
2010-04-02,0.0,0.0
2010-04-03,0.0,0.0
2010-04-04,0.0,0.0
2010-04-05,0.0,0.0
2010-04-06,0.0,0.0
2010-04-07,0.0,0.0
2010-04-08,0.0,0.0
2010-04-09,0.0,0.0
2010-04-10,0.0,0.0
2010-04-11,0.0,0.0
2010-04-12,0.0,0.0
2010-04-13,0.0,0.0
2010-04-14,0.0,0.0
2010-04-15,0.0,0.0
2010-04-16,0.0,0.0
2010-04-17,0.0,0.0
2010-04-18,0.0,0.0
2010-04-19,0.0,0.0
2010-04-20,0.0,0.0
2010-04-21,0.0,0.0
2010-04-22,0.0,0.0
2010-04-23,0.0,0.0
2010-04-24,0.0,0.0
2010-04-25,0.0,0.0
2010-04-26,0.0,0.0
2010-04-27,0.0,0.0
2010-04-28,0.0,0.0
2010-04-29,0.0,0.0
2010-04-30,0.0,0.0
2010-05-01,0.0,0.0
2010-05-02,0.0,0.0
2010-05-03,0.0,0.0
2010-05-04,0.0,0.0
2010-05-05,0.0,0.0
2010-05-06,0.0,0.0
2010-05-07,0.0,0.0
2010-05-08,0.0,0.0
2010-05-09,0.0,0.0
2010-05-10,0.0,0.0
2010-05-11,0.0,0.0
2010-05-12,0.0,0.0
2010-05-13,0.0,0.0
2010-05-14,0.0,0.0
2010-05-15,0.0,0.0
2010-05-16,0.0,0.0
2010-05-17,0.0,0.0
2010-05-18,0.0,0.0
2010-05-19,0.0,0.0
2010-05-20,0.0,0.0
2010-05-21,0.0,0.0
2010-05-22,0.0,0.0
2010-05-23,0.0,0.0
2010-05-24,0.0,0.0
2010-05-25,0.0,0.0
2010-05-26,0.0,0.0
2010-05-27,0.0,0.0
2010-05-28,0.0,0.0
2010-05-29,0.0,0.0
2010-05-30,0.0,0.0
2010-05-31,0.0,0.0
2010-06-01,0.0,0.0
2010-06-02,0.0,0.0
2010-06-03,0.0,0.0
2010-06-04,0.0,0.0
2010-06-05,0.0,0.0
2010-06-06,0.0,0.0
2010-06-07,0.0,0.0
2010-06-08,0.0,0.0
2010-06-09,0.0,0.0
2010-06-10,0.0,0.0
2010-06-11,0.0,0.0
2010-06-12,0.0,0.0
2010-06-13,0.0,0.0
2010-06-14,0.0,0.0
2010-06-15,0.0,0.0
2010-06-16,0.0,0.0
2010-06-17,0.0,0.0
2010-06-18,0.0,0.0
2010-06-19,0.0,0.0
2010-06-20,0.0,0.0
2010-06-21,0.0,0.0
2010-06-22,0.0,0.0
2010-06-23,0.0,0.0
2010-06-24,0.0,0.0
2010-06-25,0.0,0.0
2010-06-26,0.0,0.0
2010-06-27,0.0,0.0
2010-06-28,0.0,0.0
2010-06-29,0.0,0.0
2010-06-30,0.0,0.0
2010-07-01,0.0,0.0
2010-07-02,0.0,0.0
2010-07-03,0.0,0.0
2010-07-04,0.0,0.0
2010-07-05,0.0,0.0
2010-07-06,0.0,0.0
2010-07-07,0.0,0.0
2010-07-08,0.0,0.0
2010-07-09,0.0,0.0
2010-07-10,0.0,0.0
2010-07-11,0.0,0.0
2010-07-12,0.0,0.0
2010-07-13,0.0,0.0
2010-07-14,0.0,0.0
2010-07-15,0.0,0.0
2010-07-16,0.0,0.0
2010-07-17,0.0,0.0
2010-07-18,0.0,0.0
2010-07-19,0.0,0.0
2010-07-20,0.0,0.0
2010-07-21,0.0,0.0
2010-07-22,0.0,0.0
2010-07-23,0.0,0.0
2010-07-24,0.0,0.0
2010-07-25,0.0,0.0
2010-07-26,0.0,0.0
2010-07-27,0.0,0.0
2010-07-28,0.0,0.0
2010-07-29,0.0,0.0
2010-07-30,0.0,0.0
2010-07-31,0.0,0.0
2010-08-01,0.0,0.0
2010-08-02,0.0,0.0
2010-08-03,0.0,0.0
2010-08-04,0.0,0.0
2010-08-05,0.0,0.0
2010-08-06,0.0,0.0
2010-08-07,0.0,0.0
2010-08-08,0.0,0.0
2010-08-09,0.0,0.0
2010-08-10,0.0,0.0
2010-08-11,0.0,0.0
2010-08-12,0.0,0.0
2010-08-13,0.0,0.0
2010-08-14,0.0,0.0
2010-08-15,0.0,0.0
2010-08-16,0.0,0.0
2010-08-17,0.0,0.0
2010-08-18,0.0,0.0
2010-08-19,0.0,0.0
2010-08-20,0.0,0.0
2010-08-21,0.0,0.0
2010-08-22,0.0,0.0
2010-08-23,0.0,0.0
2010-08-24,0.0,0.0
2010-08-25,0.0,0.0
2010-08-26,0.0,0.0
2010-08-27,0.0,0.0
2010-08-28,0.0,0.0
2010-08-29,0.0,0.0
2010-08-30,0.0,0.0
2010-08-31,0.0,0.0
2010-09-01,0.0,0.0
2010-09-02,0.0,0.0
2010-09-03,0.0,0.0
2010-09-04,0.0,0.0
2010-09-05,0.0,0.0
2010-09-06,0.0,0.0
2010-09-07,0.0,0.0
2010-09-08,0.0,0.0
2010-09-09,0.0,0.0
2010-09-10,0.0,0.0
2010-09-11,0.0,0.0
2010-09-12,0.0,0.0
2010-09-13,0.0,0.0
2010-09-14,0.0,0.0
2010-09-15,0.0,0.0
2010-09-16,0.0,0.0
2010-09-17,0.0,0.0
2010-09-18,0.0,0.0
2010-09-19,0.0,0.0
2010-09-20,0.0,0.0
2010-09-21,0.0,0.0
2010-09-22,0.0,0.0
2010-09-23,0.0,0.0
2010-09-24,0.0,0.0
2010-09-25,0.0,0.0
2010-09-26,0.0,0.0
2010-09-27,0.0,0.0
2010-09-28,0.0,0.0
2010-09-29,0.0,0.0
2010-09-30,0.0,0.0
2010-10-01,0.0,0.0
2010-10-02,0.0,0.0
2010-10-03,0.0,0.0
2010-10-04,0.0,0.0
2010-10-05,0.0,0.0
2010-10-06,0.0,0.0
2010-10-07,0.0,0.0
2010-10-08,0.0,0.0
2010-10-09,0.0,0.0
2010-10-10,0.0,0.0
2010-10-11,0.0,0.0
2010-10-12,0.0,0.0
2010-10-13,0.0,0.0
2010-10-14,0.0,0.0
2010-10-15,0.0,0.0
2010-10-16,0.0,0.0
2010-10-17,0.0,0.0
2010-10-18,0.0,0.0
2010-10-19,0.0,0.0
2010-10-20,0.0,0.0
2010-10-21,0.0,0.0
2010-10-22,0.0,0.0
2010-10-23,0.0,0.0
2010-10-24,0.0,0.0
2010-10-25,0.0,0.0
2010-10-26,0.0,0.0
2010-10-27,0.0,0.0
2010-10-28,0.0,0.0
2010-10-29,0.0,0.0
2010-10-30,0.0,0.0
2010-10-31,0.0,0.0
2010-11-01,0.0,0.0
2010-11-02,0.0,0.0
2010-11-03,0.0,0.0
2010-11-04,0.0,0.0
2010-11-05,0.0,0.0
2010-11-06,0.0,0.0
2010-11-07,0.0,0.0
2010-11-08,0.0,0.0
2010-11-09,0.0,0.0
2010-11-10,0.0,0.0
2010-11-11,0.0,0.0
2010-11-12,0.0,0.0
2010-11-13,0.0,0.0
2010-11-14,0.0,0.0
2010-11-15,0.0,0.0
2010-11-16,0.0,0.0
2010-11-17,0.0,0.0
2010-11-18,0.0,0.0
2010-11-19,0.0,0.0
2010-11-20,0.0,0.0
2010-11-21,0.0,0.0
2010-11-22,0.0,0.0
2010-11-23,0.0,0.0
2010-11-24,0.0,0.0
2010-11-25,0.0,0.0
2010-11-26,0.0,0.0
2010-11-27,0.0,0.0
2010-11-28,0.0,0.0
2010-11-29,0.0,0.0
2010-11-30,0.0,0.0
2010-12-01,0.0,0.0
2010-12-02,0.0,0.0
2010-12-03,0.0,0.0
2010-12-04,0.0,0.0
2010-12-05,0.0,0.0
2010-12-06,0.0,0.0
2010-12-07,0.0,0.0
2010-12-08,0.0,0.0
2010-12-09,0.0,0.0
2010-12-10,0.0,0.0
2010-12-11,0.0,0.0
2010-12-12,0.0,0.0
2010-12-13,0.0,0.0
2010-12-14,0.0,0.0
2010-12-15,0.0,0.0
2010-12-16,0.0,0.0
2010-12-17,0.0,0.0
2010-12-18,0.0,0.0
2010-12-19,0.0,0.0
2010-12-20,0.0,0.0
2010-12-21,0.0,0.0
2010-12-22,0.0,0.0
2010-12-23,0.0,0.0
2010-12-24,0.0,0.0
2010-12-25,0.0,0.0
2010-12-26,0.0,0.0
2010-12-27,0.0,0.0
2010-12-28,0.0,0.0
2010-12-29,0.0,0.0
2010-12-30,0.0,0.0
2010-12-31,0.0,0.0
2011-01-01,0.0,0.0
2011-01-02,0.0,0.0
2011-01-03,0.0,0.0
2011-01-04,0.0,0.0
2011-01-05,0.0,0.0
2011-01-06,0.0,0.0
2011-01-07,0.0,0.0
2011-01-08,0.0,0.0
2011-01-09,0.0,0.0
2011-01-10,0.0,0.0
2011-01-11,0.0,0.0
2011-01-12,0.0,0.0
2011-01-13,0.0,0.0
2011-01-14,0.0,0.0
2011-01-15,0.0,0.0
2011-01-16,0.0,0.0
2011-01-17,0.0,0.0
2011-01-18,0.0,0.0
2011-01-19,0.0,0.0
2011-01-20,0.0,0.0
2011-01-21,0.0,0.0
2011-01-22,0.0,0.0
2011-01-23,0.0,0.0
2011-01-24,0.0,0.0
2011-01-25,0.0,0.0
2011-01-26,0.0,0.0
2011-01-27,0.0,0.0
2011-01-28,0.0,0.0
2011-01-29,0.0,0.0
2011-01-30,0.0,0.0
2011-01-31,0.0,0.0
2011-02-01,0.0,0.0
2011-02-02,0.0,0.0
2011-02-03,0.0,0.0
2011-02-04,0.0,0.0
2011-02-05,0.0,0.0
2011-02-06,0.0,0.0
2011-02-07,0.0,0.0
2011-02-08,0.0,0.0
2011-02-09,0.0,0.0
2011-02-10,0.0,0.0
2011-02-11,0.0,0.0
2011-02-12,0.0,0.0
2011-02-13,0.0,0.0
2011-02-14,0.0,0.0
2011-02-15,0.0,0.0
2011-02-16,0.0,0.0
2011-02-17,0.0,0.0
2011-02-18,0.0,0.0
2011-02-19,0.0,0.0
2011-02-20,0.0,0.0
2011-02-21,0.0,0.0
2011-02-22,0.0,0.0
2011-02-23,0.0,0.0
2011-02-24,0.0,0.0
2011-02-25,0.0,0.0
2011-02-26,0.0,0.0
2011-02-27,0.0,0.0
2011-02-28,0.0,0.0
2011-03-01,0.0,0.0
2011-03-02,0.0,0.0
2011-03-03,0.0,0.0
2011-03-04,0.0,0.0
2011-03-05,0.0,0.0
2011-03-06,0.0,0.0
2011-03-07,0.0,0.0
2011-03-08,0.0,0.0
2011-03-09,0.0,0.0
2011-03-10,0.0,0.0
2011-03-11,0.0,0.0
2011-03-12,0.0,0.0
2011-03-13,0.0,0.0
2011-03-14,0.0,0.0
2011-03-15,0.0,0.0
2011-03-16,0.0,0.0
2011-03-17,0.0,0.0
2011-03-18,0.0,0.0
2011-03-19,0.0,0.0
2011-03-20,0.0,0.0
2011-03-21,0.0,0.0
2011-03-22,0.0,0.0
2011-03-23,0.0,0.0
2011-03-24,0.0,0.0
2011-03-25,0.0,0.0
2011-03-26,0.0,0.0
2011-03-27,0.0,0.0
2011-03-28,0.0,0.0
2011-03-29,0.0,0.0
2011-03-30,0.0,0.0
2011-03-31,0.0,0.0
2011-04-01,0.0,0.0
2011-04-02,0.0,0.0
2011-04-03,0.0,0.0
2011-04-04,0.0,0.0
2011-04-05,0.0,0.0
2011-04-06,0.0,0.0
2011-04-07,0.0,0.0
2011-04-08,0.0,0.0
2011-04-09,0.0,0.0
2011-04-10,0.0,0.0
2011-04-11,0.0,0.0
2011-04-12,0.0,0.0
2011-04-13,0.0,0.0
2011-04-14,0.0,0.0
2011-04-15,0.0,0.0
2011-04-16,0.0,0.0
2011-04-17,0.0,0.0
2011-04-18,0.0,0.0
2011-04-19,0.0,0.0
2011-04-20,0.0,0.0
2011-04-21,0.0,0.0
2011-04-22,0.0,0.0
2011-04-23,0.0,0.0
2011-04-24,0.0,0.0
2011-04-25,0.0,0.0
2011-04-26,0.0,0.0
2011-04-27,0.0,0.0
2011-04-28,0.0,0.0
2011-04-29,0.0,0.0
2011-04-30,0.0,0.0
2011-05-01,0.0,0.0
2011-05-02,0.0,0.0
2011-05-03,0.0,0.0
2011-05-04,0.0,0.0
2011-05-05,0.0,0.0
2011-05-06,0.0,0.0
2011-05-07,0.0,0.0
2011-05-08,0.0,0.0
2011-05-09,0.0,0.0
2011-05-10,0.0,0.0
2011-05-11,0.0,0.0
2011-05-12,0.0,0.0
2011-05-13,0.0,0.0
2011-05-14,0.0,0.0
2011-05-15,0.0,0.0
2011-05-16,0.0,0.0
2011-05-17,0.0,0.0
2011-05-18,0.0,0.0
2011-05-19,0.0,0.0
2011-05-20,0.0,0.0
2011-05-21,0.0,0.0
2011-05-22,0.0,0.0
2011-05-23,0.0,0.0
2011-05-24,0.0,0.0
2011-05-25,0.0,0.0
2011-05-26,0.0,0.0
2011-05-27,0.0,0.0
2011-05-28,0.0,0.0
2011-05-29,0.0,0.0
2011-05-30,0.0,0.0
2011-05-31,0.0,0.0
2011-06-01,0.0,0.0
2011-06-02,0.0,0.0
2011-06-03,0.0,0.0
2011-06-04,0.0,0.0
2011-06-05,0.0,0.0
2011-06-06,0.0,0.0
2011-06-07,0.0,0.0
2011-06-08,0.0,0.0
2011-06-09,0.0,0.0
2011-06-10,0.0,0.0
2011-06-11,0.0,0.0
2011-06-12,0.0,0.0
2011-06-13,0.0,0.0
2011-06-14,0.0,0.0
2011-06-15,0.0,0.0
2011-06-16,0.0,0.0
2011-06-17,0.0,0.0
2011-06-18,0.0,0.0
2011-06-19,0.0,0.0
2011-06-20,0.0,0.0
2011-06-21,0.0,0.0
2011-06-22,0.0,0.0
2011-06-23,0.0,0.0
2011-06-24,0.0,0.0
2011-06-25,0.0,0.0
2011-06-26,0.0,0.0
2011-06-27,0.0,0.0
2011-06-28,0.0,0.0
2011-06-29,0.0,0.0
2011-06-30,0.0,0.0
2011-07-01,0.0,0.0
2011-07-02,0.0,0.0
2011-07-03,0.0,0.0
2011-07-04,0.0,0.0
2011-07-05,0.0,0.0
2011-07-06,0.0,0.0
2011-07-07,0.0,0.0
2011-07-08,0.0,0.0
2011-07-09,0.0,0.0
2011-07-10,0.0,0.0
2011-07-11,0.0,0.0
2011-07-12,0.0,0.0
2011-07-13,0.0,0.0
2011-07-14,0.0,0.0
2011-07-15,0.0,0.0
2011-07-16,0.0,0.0
2011-07-17,0.0,0.0
2011-07-18,0.0,0.0
2011-07-19,0.0,0.0
2011-07-20,0.0,0.0
2011-07-21,0.0,0.0
2011-07-22,0.0,0.0
2011-07-23,0.0,0.0
2011-07-24,0.0,0.0
2011-07-25,0.0,0.0
2011-07-26,0.0,0.0
2011-07-27,0.0,0.0
2011-07-28,0.0,0.0
2011-07-29,0.0,0.0
2011-07-30,0.0,0.0
2011-07-31,0.0,0.0
2011-08-01,0.0,0.0
2011-08-02,0.0,0.0
2011-08-03,0.0,0.0
2011-08-04,0.0,0.0
2011-08-05,0.0,0.0
2011-08-06,0.0,0.0
2011-08-07,0.0,0.0
2011-08-08,0.0,0.0
2011-08-09,0.0,0.0
2011-08-10,0.0,0.0
2011-08-11,0.0,0.0
2011-08-12,0.0,0.0
2011-08-13,0.0,0.0
2011-08-14,0.0,0.0
2011-08-15,0.0,0.0
2011-08-16,0.0,0.0
2011-08-17,0.0,0.0
2011-08-18,0.0,0.0
2011-08-19,0.0,0.0
2011-08-20,0.0,0.0
2011-08-21,0.0,0.0
2011-08-22,0.0,0.0
2011-08-23,0.0,0.0
2011-08-24,0.0,0.0
2011-08-25,0.0,0.0
2011-08-26,0.0,0.0
2011-08-27,0.0,0.0
2011-08-28,0.0,0.0
2011-08-29,0.0,0.0
2011-08-30,0.0,0.0
2011-08-31,0.0,0.0
2011-09-01,0.0,0.0
2011-09-02,0.0,0.0
2011-09-03,0.0,0.0
2011-09-04,0.0,0.0
2011-09-05,0.0,0.0
2011-09-06,0.0,0.0
2011-09-07,0.0,0.0
2011-09-08,0.0,0.0
2011-09-09,0.0,0.0
2011-09-10,0.0,0.0
2011-09-11,0.0,0.0
2011-09-12,0.0,0.0
2011-09-13,0.0,0.0
2011-09-14,0.0,0.0
2011-09-15,0.0,0.0
2011-09-16,0.0,0.0
2011-09-17,0.0,0.0
2011-09-18,0.0,0.0
2011-09-19,0.0,0.0
2011-09-20,0.0,0.0
2011-09-21,0.0,0.0
2011-09-22,0.0,0.0
2011-09-23,0.0,0.0
2011-09-24,0.0,0.0
2011-09-25,0.0,0.0
2011-09-26,0.0,0.0
2011-09-27,0.0,0.0
2011-09-28,0.0,0.0
2011-09-29,0.0,0.0
2011-09-30,0.0,0.0
2011-10-01,0.0,0.0
2011-10-02,0.0,0.0
2011-10-03,0.0,0.0
2011-10-04,0.0,0.0
2011-10-05,0.0,0.0
2011-10-06,0.0,0.0
2011-10-07,0.0,0.0
2011-10-08,0.0,0.0
2011-10-09,0.0,0.0
2011-10-10,0.0,0.0
2011-10-11,0.0,0.0
2011-10-12,0.0,0.0
2011-10-13,0.0,0.0
2011-10-14,0.0,0.0
2011-10-15,0.0,0.0
2011-10-16,0.0,0.0
2011-10-17,0.0,0.0
2011-10-18,0.0,0.0
2011-10-19,0.0,0.0
2011-10-20,0.0,0.0
2011-10-21,0.0,0.0
2011-10-22,0.0,0.0
2011-10-23,0.0,0.0
2011-10-24,0.0,0.0
2011-10-25,0.0,0.0
2011-10-26,0.0,0.0
2011-10-27,0.0,0.0
2011-10-28,0.0,0.0
2011-10-29,0.0,0.0
2011-10-30,0.0,0.0
2011-10-31,0.0,0.0
2011-11-01,0.0,0.0
2011-11-02,0.0,0.0
2011-11-03,0.0,0.0
2011-11-04,0.0,0.0
2011-11-05,0.0,0.0
2011-11-06,0.0,0.0
2011-11-07,0.0,0.0
2011-11-08,0.0,0.0
2011-11-09,0.0,0.0
2011-11-10,0.0,0.0
2011-11-11,0.0,0.0
2011-11-12,0.0,0.0
2011-11-13,0.0,0.0
2011-11-14,0.0,0.0
2011-11-15,0.0,0.0
2011-11-16,0.0,0.0
2011-11-17,0.0,0.0
2011-11-18,0.0,0.0
2011-11-19,0.0,0.0
2011-11-20,0.0,0.0
2011-11-21,0.0,0.0
2011-11-22,0.0,0.0
2011-11-23,0.0,0.0
2011-11-24,0.0,0.0
2011-11-25,0.0,0.0
2011-11-26,0.0,0.0
2011-11-27,0.0,0.0
2011-11-28,0.0,0.0
2011-11-29,0.0,0.0
2011-11-30,0.0,0.0
2011-12-01,0.0,0.0
2011-12-02,0.0,0.0
2011-12-03,0.0,0.0
2011-12-04,0.0,0.0
2011-12-05,0.0,0.0
2011-12-06,0.0,0.0
2011-12-07,0.0,0.0
2011-12-08,0.0,0.0
2011-12-09,0.0,0.0
2011-12-10,0.0,0.0
2011-12-11,0.0,0.0
2011-12-12,0.0,0.0
2011-12-13,0.0,0.0
2011-12-14,0.0,0.0
2011-12-15,0.0,0.0
2011-12-16,0.0,0.0
2011-12-17,0.0,0.0
2011-12-18,0.0,0.0
2011-12-19,0.0,0.0
2011-12-20,0.0,0.0
2011-12-21,0.0,0.0
2011-12-22,0.0,0.0
2011-12-23,0.0,0.0
2011-12-24,0.0,0.0
2011-12-25,0.0,0.0
2011-12-26,0.0,0.0
2011-12-27,0.0,0.0
2011-12-28,0.0,0.0
2011-12-29,0.0,0.0
2011-12-30,0.0,0.0
2011-12-31,0.0,0.0
2012-01-01,0.0,0.0
2012-01-02,0.0,0.0
2012-01-03,0.0,0.0
2012-01-04,0.0,0.0
2012-01-05,0.0,0.0
2012-01-06,0.0,0.0
2012-01-07,0.0,0.0
2012-01-08,0.0,0.0
2012-01-09,0.0,0.0
2012-01-10,0.0,0.0
2012-01-11,0.0,0.0
2012-01-12,0.0,0.0
2012-01-13,0.0,0.0
2012-01-14,0.0,0.0
2012-01-15,0.0,0.0
2012-01-16,0.0,0.0
2012-01-17,0.0,0.0
2012-01-18,0.0,0.0
2012-01-19,0.0,0.0
2012-01-20,0.0,0.0
2012-01-21,0.0,0.0
2012-01-22,0.0,0.0
2012-01-23,0.0,0.0
2012-01-24,0.0,0.0
2012-01-25,0.0,0.0
2012-01-26,0.0,0.0
2012-01-27,0.0,0.0
2012-01-28,0.0,0.0
2012-01-29,0.0,0.0
2012-01-30,0.0,0.0
2012-01-31,0.0,0.0
2012-02-01,0.0,0.0
2012-02-02,0.0,0.0
2012-02-03,0.0,0.0
2012-02-04,0.0,0.0
2012-02-05,0.0,0.0
2012-02-06,0.0,0.0
2012-02-07,0.0,0.0
2012-02-08,0.0,0.0
2012-02-09,0.0,0.0
2012-02-10,0.0,0.0
2012-02-11,0.0,0.0
2012-02-12,0.0,0.0
2012-02-13,0.0,0.0
2012-02-14,0.0,0.0
2012-02-15,0.0,0.0
2012-02-16,0.0,0.0
2012-02-17,0.0,0.0
2012-02-18,0.0,0.0
2012-02-19,0.0,0.0
2012-02-20,0.0,0.0
2012-02-21,0.0,0.0
2012-02-22,0.0,0.0
2012-02-23,0.0,0.0
2012-02-24,0.0,0.0
2012-02-25,0.0,0.0
2012-02-26,0.0,0.0
2012-02-27,0.0,0.0
2012-02-28,0.0,0.0
2012-02-29,0.0,0.0
2012-03-01,0.0,0.0
2012-03-02,0.0,0.0
2012-03-03,0.0,0.0
2012-03-04,0.0,0.0
2012-03-05,0.0,0.0
2012-03-06,0.0,0.0
2012-03-07,0.0,0.0
2012-03-08,0.0,0.0
2012-03-09,0.0,0.0
2012-03-10,0.0,0.0
2012-03-11,0.0,0.0
2012-03-12,0.0,0.0
2012-03-13,0.0,0.0
2012-03-14,0.0,0.0
2012-03-15,0.0,0.0
2012-03-16,0.0,0.0
2012-03-17,0.0,0.0
2012-03-18,0.0,0.0
2012-03-19,0.0,0.0
2012-03-20,0.0,0.0
2012-03-21,0.0,0.0
2012-03-22,0.0,0.0
2012-03-23,0.0,0.0
2012-03-24,0.0,0.0
2012-03-25,0.0,0.0
2012-03-26,0.0,0.0
2012-03-27,0.0,0.0
2012-03-28,0.0,0.0
2012-03-29,0.0,0.0
2012-03-30,0.0,0.0
2012-03-31,0.0,0.0
2012-04-01,0.0,0.0
2012-04-02,0.0,0.0
2012-04-03,0.0,0.0
2012-04-04,0.0,0.0
2012-04-05,0.0,0.0
2012-04-06,0.0,0.0
2012-04-07,0.0,0.0
2012-04-08,0.0,0.0
2012-04-09,0.0,0.0
2012-04-10,0.0,0.0
2012-04-11,0.0,0.0
2012-04-12,0.0,0.0
2012-04-13,0.0,0.0
2012-04-14,0.0,0.0
2012-04-15,0.0,0.0
2012-04-16,0.0,0.0
2012-04-17,0.0,0.0
2012-04-18,0.0,0.0
2012-04-19,0.0,0.0
2012-04-20,0.0,0.0
2012-04-21,0.0,0.0
2012-04-22,0.0,0.0
2012-04-23,0.0,0.0
2012-04-24,0.0,0.0
2012-04-25,0.0,0.0
2012-04-26,0.0,0.0
2012-04-27,0.0,0.0
2012-04-28,0.0,0.0
2012-04-29,0.0,0.0
2012-04-30,0.0,0.0
2012-05-01,0.0,0.0
2012-05-02,0.0,0.0
2012-05-03,0.0,0.0
2012-05-04,0.0,0.0
2012-05-05,0.0,0.0
2012-05-06,0.0,0.0
2012-05-07,0.0,0.0
2012-05-08,0.0,0.0
2012-05-09,0.0,0.0
2012-05-10,0.0,0.0
2012-05-11,0.0,0.0
2012-05-12,0.0,0.0
2012-05-13,0.0,0.0
2012-05-14,0.0,0.0
2012-05-15,0.0,0.0
2012-05-16,0.0,0.0
2012-05-17,0.0,0.0
2012-05-18,0.0,0.0
2012-05-19,0.0,0.0
2012-05-20,0.0,0.0
2012-05-21,0.0,0.0
2012-05-22,0.0,0.0
2012-05-23,0.0,0.0
2012-05-24,0.0,0.0
2012-05-25,0.0,0.0
2012-05-26,0.0,0.0
2012-05-27,0.0,0.0
2012-05-28,0.0,0.0
2012-05-29,0.0,0.0
2012-05-30,0.0,0.0
2012-05-31,0.0,0.0
2012-06-01,0.0,0.0
2012-06-02,0.0,0.0
2012-06-03,0.0,0.0
2012-06-04,0.0,0.0
2012-06-05,0.0,0.0
2012-06-06,0.0,0.0
2012-06-07,0.0,0.0
2012-06-08,0.0,0.0
2012-06-09,0.0,0.0
2012-06-10,0.0,0.0
2012-06-11,0.0,0.0
2012-06-12,0.0,0.0
2012-06-13,0.0,0.0
2012-06-14,0.0,0.0
2012-06-15,0.0,0.0
2012-06-16,0.0,0.0
2012-06-17,0.0,0.0
2012-06-18,0.0,0.0
2012-06-19,0.0,0.0
2012-06-20,0.0,0.0
2012-06-21,0.0,0.0
2012-06-22,0.0,0.0
2012-06-23,0.0,0.0
2012-06-24,0.0,0.0
2012-06-25,0.0,0.0
2012-06-26,0.0,0.0
2012-06-27,0.0,0.0
2012-06-28,0.0,0.0
2012-06-29,0.0,0.0
2012-06-30,0.0,0.0
2012-07-01,0.0,0.0
2012-07-02,0.0,0.0
2012-07-03,0.0,0.0
2012-07-04,0.0,0.0
2012-07-05,0.0,0.0
2012-07-06,0.0,0.0
2012-07-07,0.0,0.0
2012-07-08,0.0,0.0
2012-07-09,0.0,0.0
2012-07-10,0.0,0.0
2012-07-11,0.0,0.0
2012-07-12,0.0,0.0
2012-07-13,0.0,0.0
2012-07-14,0.0,0.0
2012-07-15,0.0,0.0
2012-07-16,0.0,0.0
2012-07-17,0.0,0.0
2012-07-18,0.0,0.0
2012-07-19,0.0,0.0
2012-07-20,0.0,0.0
2012-07-21,0.0,0.0
2012-07-22,0.0,0.0
2012-07-23,0.0,0.0
2012-07-24,0.0,0.0
2012-07-25,0.0,0.0
2012-07-26,0.0,0.0
2012-07-27,0.0,0.0
2012-07-28,0.0,0.0
2012-07-29,0.0,0.0
2012-07-30,0.0,0.0
2012-07-31,0.0,0.0
2012-08-01,0.0,0.0
2012-08-02,0.0,0.0
2012-08-03,0.0,0.0
2012-08-04,0.0,0.0
2012-08-05,0.0,0.0
2012-08-06,0.0,0.0
2012-08-07,0.0,0.0
2012-08-08,0.0,0.0
2012-08-09,0.0,0.0
2012-08-10,0.0,0.0
2012-08-11,0.0,0.0
2012-08-12,0.0,0.0
2012-08-13,0.0,0.0
2012-08-14,0.0,0.0
2012-08-15,0.0,0.0
2012-08-16,0.0,0.0
2012-08-17,0.0,0.0
2012-08-18,0.0,0.0
2012-08-19,0.0,0.0
2012-08-20,0.0,0.0
2012-08-21,0.0,0.0
2012-08-22,0.0,0.0
2012-08-23,0.0,0.0
2012-08-24,0.0,0.0
2012-08-25,0.0,0.0
2012-08-26,0.0,0.0
2012-08-27,0.0,0.0
2012-08-28,0.0,0.0
2012-08-29,0.0,0.0
2012-08-30,0.0,0.0
2012-08-31,0.0,0.0
2012-09-01,0.0,0.0
2012-09-02,0.0,0.0
2012-09-03,0.0,0.0
2012-09-04,0.0,0.0
2012-09-05,0.0,0.0
2012-09-06,0.0,0.0
2012-09-07,0.0,0.0
2012-09-08,0.0,0.0
2012-09-09,0.0,0.0
2012-09-10,0.0,0.0
2012-09-11,0.0,0.0
2012-09-12,0.0,0.0
2012-09-13,0.0,0.0
2012-09-14,0.0,0.0
2012-09-15,0.0,0.0
2012-09-16,0.0,0.0
2012-09-17,0.0,0.0
2012-09-18,0.0,0.0
2012-09-19,0.0,0.0
2012-09-20,0.0,0.0
2012-09-21,0.0,0.0
2012-09-22,0.0,0.0
2012-09-23,0.0,0.0
2012-09-24,0.0,0.0
2012-09-25,0.0,0.0
2012-09-26,0.0,0.0
2012-09-27,0.0,0.0
2012-09-28,0.0,0.0
2012-09-29,0.0,0.0
2012-09-30,0.0,0.0
2012-10-01,0.0,0.0
2012-10-02,0.0,0.0
2012-10-03,0.0,0.0
2012-10-04,0.0,0.0
2012-10-05,0.0,0.0
2012-10-06,0.0,0.0
2012-10-07,0.0,0.0
2012-10-08,0.0,0.0
2012-10-09,0.0,0.0
2012-10-10,0.0,0.0
2012-10-11,0.0,0.0
2012-10-12,0.0,0.0
2012-10-13,0.0,0.0
2012-10-14,0.0,0.0
2012-10-15,0.0,0.0
2012-10-16,0.0,0.0
2012-10-17,0.0,0.0
2012-10-18,0.0,0.0
2012-10-19,0.0,0.0
2012-10-20,0.0,0.0
2012-10-21,0.0,0.0
2012-10-22,0.0,0.0
2012-10-23,0.0,0.0
2012-10-24,0.0,0.0
2012-10-25,0.0,0.0
2012-10-26,0.0,0.0
2012-10-27,0.0,0.0
2012-10-28,0.0,0.0
2012-10-29,0.0,0.0
2012-10-30,0.0,0.0
2012-10-31,0.0,0.0
2012-11-01,0.0,0.0
2012-11-02,0.0,0.0
2012-11-03,0.0,0.0
2012-11-04,0.0,0.0
2012-11-05,0.0,0.0
2012-11-06,0.0,0.0
2012-11-07,0.0,0.0
2012-11-08,0.0,0.0
2012-11-09,0.0,0.0
2012-11-10,0.0,0.0
2012-11-11,0.0,0.0
2012-11-12,0.0,0.0
2012-11-13,0.0,0.0
2012-11-14,0.0,0.0
2012-11-15,0.0,0.0
2012-11-16,0.0,0.0
2012-11-17,0.0,0.0
2012-11-18,0.0,0.0
2012-11-19,0.0,0.0
2012-11-20,0.0,0.0
2012-11-21,0.0,0.0
2012-11-22,0.0,0.0
2012-11-23,0.0,0.0
2012-11-24,0.0,0.0
2012-11-25,0.0,0.0
2012-11-26,0.0,0.0
2012-11-27,0.0,0.0
2012-11-28,0.0,0.0
2012-11-29,0.0,0.0
2012-11-30,0.0,0.0
2012-12-01,0.0,0.0
2012-12-02,0.0,0.0
2012-12-03,0.0,0.0
2012-12-04,0.0,0.0
2012-12-05,0.0,0.0
2012-12-06,0.0,0.0
2012-12-07,0.0,0.0
2012-12-08,0.0,0.0
2012-12-09,0.0,0.0
2012-12-10,0.0,0.0
2012-12-11,0.0,0.0
2012-12-12,0.0,0.0
2012-12-13,0.0,0.0
2012-12-14,0.0,0.0
2012-12-15,0.0,0.0
2012-12-16,0.0,0.0
2012-12-17,0.0,0.0
2012-12-18,0.0,0.0
2012-12-19,0.0,0.0
2012-12-20,0.0,0.0
2012-12-21,0.0,0.0
2012-12-22,0.0,0.0
2012-12-23,0.0,0.0
2012-12-24,0.0,0.0
2012-12-25,0.0,0.0
2012-12-26,0.0,0.0
2012-12-27,0.0,0.0
2012-12-28,0.0,0.0
2012-12-29,0.0,0.0
2012-12-30,0.0,0.0
2012-12-31,0.0,0.0
2013-01-01,0.0,0.0
2013-01-02,0.0,0.0
2013-01-03,0.0,0.0
2013-01-04,0.0,0.0
2013-01-05,0.0,0.0
2013-01-06,0.0,0.0
2013-01-07,0.0,0.0
2013-01-08,0.0,0.0
2013-01-09,0.0,0.0
2013-01-10,0.0,0.0
2013-01-11,0.0,0.0
2013-01-12,0.0,0.0
2013-01-13,0.0,0.0
2013-01-14,0.0,0.0
2013-01-15,0.0,0.0
2013-01-16,0.0,0.0
2013-01-17,0.0,0.0
2013-01-18,0.0,0.0
2013-01-19,0.0,0.0
2013-01-20,0.0,0.0
2013-01-21,0.0,0.0
2013-01-22,0.0,0.0
2013-01-23,0.0,0.0
2013-01-24,0.0,0.0
2013-01-25,0.0,0.0
2013-01-26,0.0,0.0
2013-01-27,0.0,0.0
2013-01-28,0.0,0.0
2013-01-29,0.0,0.0
2013-01-30,0.0,0.0
2013-01-31,0.0,0.0
2013-02-01,0.0,0.0
2013-02-02,0.0,0.0
2013-02-03,0.0,0.0
2013-02-04,0.0,0.0
2013-02-05,0.0,0.0
2013-02-06,0.0,0.0
2013-02-07,0.0,0.0
2013-02-08,0.0,0.0
2013-02-09,0.0,0.0
2013-02-10,0.0,0.0
2013-02-11,0.0,0.0
2013-02-12,0.0,0.0
2013-02-13,0.0,0.0
2013-02-14,0.0,0.0
2013-02-15,0.0,0.0
2013-02-16,0.0,0.0
2013-02-17,0.0,0.0
2013-02-18,0.0,0.0
2013-02-19,0.0,0.0
2013-02-20,0.0,0.0
2013-02-21,0.0,0.0
2013-02-22,0.0,0.0
2013-02-23,0.0,0.0
2013-02-24,0.0,0.0
2013-02-25,0.0,0.0
2013-02-26,0.0,0.0
2013-02-27,0.0,0.0
2013-02-28,0.0,0.0
2013-03-01,0.0,0.0
2013-03-02,0.0,0.0
2013-03-03,0.0,0.0
2013-03-04,0.0,0.0
2013-03-05,0.0,0.0
2013-03-06,0.0,0.0
2013-03-07,0.0,0.0
2013-03-08,0.0,0.0
2013-03-09,0.0,0.0
2013-03-10,0.0,0.0
2013-03-11,0.0,0.0
2013-03-12,0.0,0.0
2013-03-13,0.0,0.0
2013-03-14,0.0,0.0
2013-03-15,0.0,0.0
2013-03-16,0.0,0.0
2013-03-17,0.0,0.0
2013-03-18,0.0,0.0
2013-03-19,0.0,0.0
2013-03-20,0.0,0.0
2013-03-21,0.0,0.0
2013-03-22,0.0,0.0
2013-03-23,0.0,0.0
2013-03-24,0.0,0.0
2013-03-25,0.0,0.0
2013-03-26,0.0,0.0
2013-03-27,0.0,0.0
2013-03-28,0.0,0.0
2013-03-29,0.0,0.0
2013-03-30,0.0,0.0
2013-03-31,0.0,0.0
2013-04-01,0.0,0.0
2013-04-02,0.0,0.0
2013-04-03,0.0,0.0
2013-04-04,0.0,0.0
2013-04-05,0.0,0.0
2013-04-06,0.0,0.0
2013-04-07,0.0,0.0
2013-04-08,0.0,0.0
2013-04-09,0.0,0.0
2013-04-10,0.0,0.0
2013-04-11,0.0,0.0
2013-04-12,0.0,0.0
2013-04-13,0.0,0.0
2013-04-14,0.0,0.0
2013-04-15,0.0,0.0
2013-04-16,0.0,0.0
2013-04-17,0.0,0.0
2013-04-18,0.0,0.0
2013-04-19,0.0,0.0
2013-04-20,0.0,0.0
2013-04-21,0.0,0.0
2013-04-22,0.0,0.0
2013-04-23,0.0,0.0
2013-04-24,0.0,0.0
2013-04-25,0.0,0.0
2013-04-26,0.0,0.0
2013-04-27,0.0,0.0
2013-04-28,0.0,0.0
2013-04-29,0.0,0.0
2013-04-30,0.0,0.0
2013-05-01,0.0,0.0
2013-05-02,0.0,0.0
2013-05-03,0.0,0.0
2013-05-04,0.0,0.0
2013-05-05,0.0,0.0
2013-05-06,0.0,0.0
2013-05-07,0.0,0.0
2013-05-08,0.0,0.0
2013-05-09,0.0,0.0
2013-05-10,0.0,0.0
2013-05-11,0.0,0.0
2013-05-12,0.0,0.0
2013-05-13,0.0,0.0
2013-05-14,0.0,0.0
2013-05-15,0.0,0.0
2013-05-16,0.0,0.0
2013-05-17,0.0,0.0
2013-05-18,0.0,0.0
2013-05-19,0.0,0.0
2013-05-20,0.0,0.0
2013-05-21,0.0,0.0
2013-05-22,0.0,0.0
2013-05-23,0.0,0.0
2013-05-24,0.0,0.0
2013-05-25,0.0,0.0
2013-05-26,0.0,0.0
2013-05-27,0.0,0.0
2013-05-28,0.0,0.0
2013-05-29,0.0,0.0
2013-05-30,0.0,0.0
2013-05-31,0.0,0.0
2013-06-01,0.0,0.0
2013-06-02,0.0,0.0
2013-06-03,0.0,0.0
2013-06-04,0.0,0.0
2013-06-05,0.0,0.0
2013-06-06,0.0,0.0
2013-06-07,0.0,0.0
2013-06-08,0.0,0.0
2013-06-09,0.0,0.0
2013-06-10,0.0,0.0
2013-06-11,0.0,0.0
2013-06-12,0.0,0.0
2013-06-13,0.0,0.0
2013-06-14,0.0,0.0
2013-06-15,0.0,0.0
2013-06-16,0.0,0.0
2013-06-17,0.0,0.0
2013-06-18,0.0,0.0
2013-06-19,0.0,0.0
2013-06-20,0.0,0.0
2013-06-21,0.0,0.0
2013-06-22,0.0,0.0
2013-06-23,0.0,0.0
2013-06-24,0.0,0.0
2013-06-25,0.0,0.0
2013-06-26,0.0,0.0
2013-06-27,0.0,0.0
2013-06-28,0.0,0.0
2013-06-29,0.0,0.0
2013-06-30,0.0,0.0
2013-07-01,0.0,0.0
2013-07-02,0.0,0.0
2013-07-03,0.0,0.0
2013-07-04,0.0,0.0
2013-07-05,0.0,0.0
2013-07-06,0.0,0.0
2013-07-07,0.0,0.0
2013-07-08,0.0,0.0
2013-07-09,0.0,0.0
2013-07-10,0.0,0.0
2013-07-11,0.0,0.0
2013-07-12,0.0,0.0
2013-07-13,0.0,0.0
2013-07-14,0.0,0.0
2013-07-15,0.0,0.0
2013-07-16,0.0,0.0
2013-07-17,0.0,0.0
2013-07-18,0.0,0.0
2013-07-19,0.0,0.0
2013-07-20,0.0,0.0
2013-07-21,0.0,0.0
2013-07-22,0.0,0.0
2013-07-23,0.0,0.0
2013-07-24,0.0,0.0
2013-07-25,0.0,0.0
2013-07-26,0.0,0.0
2013-07-27,0.0,0.0
2013-07-28,0.0,0.0
2013-07-29,0.0,0.0
2013-07-30,0.0,0.0
2013-07-31,0.0,0.0
2013-08-01,0.0,0.0
2013-08-02,0.0,0.0
2013-08-03,0.0,0.0
2013-08-04,0.0,0.0
2013-08-05,0.0,0.0
2013-08-06,0.0,0.0
2013-08-07,0.0,0.0
2013-08-08,0.0,0.0
2013-08-09,0.0,0.0
2013-08-10,0.0,0.0
2013-08-11,0.0,0.0
2013-08-12,0.0,0.0
2013-08-13,0.0,0.0
2013-08-14,0.0,0.0
2013-08-15,0.0,0.0
2013-08-16,0.0,0.0
2013-08-17,0.0,0.0
2013-08-18,0.0,0.0
2013-08-19,0.0,0.0
2013-08-20,0.0,0.0
2013-08-21,0.0,0.0
2013-08-22,0.0,0.0
2013-08-23,0.0,0.0
2013-08-24,0.0,0.0
2013-08-25,0.0,0.0
2013-08-26,0.0,0.0
2013-08-27,0.0,0.0
2013-08-28,0.0,0.0
2013-08-29,0.0,0.0
2013-08-30,0.0,0.0
2013-08-31,0.0,0.0
2013-09-01,0.0,0.0
2013-09-02,0.0,0.0
2013-09-03,0.0,0.0
2013-09-04,0.0,0.0
2013-09-05,0.0,0.0
2013-09-06,0.0,0.0
2013-09-07,0.0,0.0
2013-09-08,0.0,0.0
2013-09-09,0.0,0.0
2013-09-10,0.0,0.0
2013-09-11,0.0,0.0
2013-09-12,0.0,0.0
2013-09-13,0.0,0.0
2013-09-14,0.0,0.0
2013-09-15,0.0,0.0
2013-09-16,0.0,0.0
2013-09-17,0.0,0.0
2013-09-18,0.0,0.0
2013-09-19,0.0,0.0
2013-09-20,0.0,0.0
2013-09-21,0.0,0.0
2013-09-22,0.0,0.0
2013-09-23,0.0,0.0
2013-09-24,0.0,0.0
2013-09-25,0.0,0.0
2013-09-26,0.0,0.0
2013-09-27,0.0,0.0
2013-09-28,0.0,0.0
2013-09-29,0.0,0.0
2013-09-30,0.0,0.0
2013-10-01,0.0,0.0
2013-10-02,0.0,0.0
2013-10-03,0.0,0.0
2013-10-04,0.0,0.0
2013-10-05,0.0,0.0
2013-10-06,0.0,0.0
2013-10-07,0.0,0.0
2013-10-08,0.0,0.0
2013-10-09,0.0,0.0
2013-10-10,0.0,0.0
2013-10-11,0.0,0.0
2013-10-12,0.0,0.0
2013-10-13,0.0,0.0
2013-10-14,0.0,0.0
2013-10-15,0.0,0.0
2013-10-16,0.0,0.0
2013-10-17,0.0,0.0
2013-10-18,0.0,0.0
2013-10-19,0.0,0.0
2013-10-20,0.0,0.0
2013-10-21,0.0,0.0
2013-10-22,0.0,0.0
2013-10-23,0.0,0.0
2013-10-24,0.0,0.0
2013-10-25,0.0,0.0
2013-10-26,0.0,0.0
2013-10-27,0.0,0.0
2013-10-28,0.0,0.0
2013-10-29,0.0,0.0
2013-10-30,0.0,0.0
2013-10-31,0.0,0.0
2013-11-01,0.0,0.0
2013-11-02,0.0,0.0
2013-11-03,0.0,0.0
2013-11-04,0.0,0.0
2013-11-05,0.0,0.0
2013-11-06,0.0,0.0
2013-11-07,0.0,0.0
2013-11-08,0.0,0.0
2013-11-09,0.0,0.0
2013-11-10,0.0,0.0
2013-11-11,0.0,0.0
2013-11-12,0.0,0.0
2013-11-13,0.0,0.0
2013-11-14,0.0,0.0
2013-11-15,0.0,0.0
2013-11-16,0.0,0.0
2013-11-17,0.0,0.0
2013-11-18,0.0,0.0
2013-11-19,0.0,0.0
2013-11-20,0.0,0.0
2013-11-21,0.0,0.0
2013-11-22,0.0,0.0
2013-11-23,0.0,0.0
2013-11-24,0.0,0.0
2013-11-25,0.0,0.0
2013-11-26,0.0,0.0
2013-11-27,0.0,0.0
2013-11-28,0.0,0.0
2013-11-29,0.0,0.0
2013-11-30,0.0,0.0
2013-12-01,0.0,0.0
2013-12-02,0.0,0.0
2013-12-03,0.0,0.0
2013-12-04,0.0,0.0
2013-12-05,0.0,0.0
2013-12-06,0.0,0.0
2013-12-07,0.0,0.0
2013-12-08,0.0,0.0
2013-12-09,0.0,0.0
2013-12-10,0.0,0.0
2013-12-11,0.0,0.0
2013-12-12,0.0,0.0
2013-12-13,0.0,0.0
2013-12-14,0.0,0.0
2013-12-15,0.0,0.0
2013-12-16,0.0,0.0
2013-12-17,0.0,0.0
2013-12-18,0.0,0.0
2013-12-19,0.0,0.0
2013-12-20,0.0,0.0
2013-12-21,0.0,0.0
2013-12-22,0.0,0.0
2013-12-23,0.0,0.0
2013-12-24,0.0,0.0
2013-12-25,0.0,0.0
2013-12-26,0.0,0.0
2013-12-27,0.0,0.0
2013-12-28,0.0,0.0
2013-12-29,0.0,0.0
2013-12-30,0.0,0.0
2013-12-31,0.0,0.0
2014-01-01,0.0,0.0
2014-01-02,0.0,0.0
2014-01-03,0.0,0.0
2014-01-04,0.0,0.0
2014-01-05,0.0,0.0
2014-01-06,0.0,0.0
2014-01-07,0.0,0.0
2014-01-08,0.0,0.0
2014-01-09,0.0,0.0
2014-01-10,0.0,0.0
2014-01-11,0.0,0.0
2014-01-12,0.0,0.0
2014-01-13,0.0,0.0
2014-01-14,0.0,0.0
2014-01-15,0.0,0.0
2014-01-16,0.0,0.0
2014-01-17,0.0,0.0
2014-01-18,0.0,0.0
2014-01-19,0.0,0.0
2014-01-20,0.0,0.0
2014-01-21,0.0,0.0
2014-01-22,0.0,0.0
2014-01-23,0.0,0.0
2014-01-24,0.0,0.0
2014-01-25,0.0,0.0
2014-01-26,0.0,0.0
2014-01-27,0.0,0.0
2014-01-28,0.0,0.0
2014-01-29,0.0,0.0
2014-01-30,0.0,0.0
2014-01-31,0.0,0.0
2014-02-01,0.0,0.0
2014-02-02,0.0,0.0
2014-02-03,0.0,0.0
2014-02-04,0.0,0.0
2014-02-05,0.0,0.0
2014-02-06,0.0,0.0
2014-02-07,0.0,0.0
2014-02-08,0.0,0.0
2014-02-09,0.0,0.0
2014-02-10,0.0,0.0
2014-02-11,0.0,0.0
2014-02-12,0.0,0.0
2014-02-13,0.0,0.0
2014-02-14,0.0,0.0
2014-02-15,0.0,0.0
2014-02-16,0.0,0.0
2014-02-17,0.0,0.0
2014-02-18,0.0,0.0
2014-02-19,0.0,0.0
2014-02-20,0.0,0.0
2014-02-21,0.0,0.0
2014-02-22,0.0,0.0
2014-02-23,0.0,0.0
2014-02-24,0.0,0.0
2014-02-25,0.0,0.0
2014-02-26,0.0,0.0
2014-02-27,0.0,0.0
2014-02-28,0.0,0.0
2014-03-01,0.0,0.0
2014-03-02,0.0,0.0
2014-03-03,0.0,0.0
2014-03-04,0.0,0.0
2014-03-05,0.0,0.0
2014-03-06,0.0,0.0
2014-03-07,0.0,0.0
2014-03-08,0.0,0.0
2014-03-09,0.0,0.0
2014-03-10,0.0,0.0
2014-03-11,0.0,0.0
2014-03-12,0.0,0.0
2014-03-13,0.0,0.0
2014-03-14,0.0,0.0
2014-03-15,0.0,0.0
2014-03-16,0.0,0.0
2014-03-17,0.0,0.0
2014-03-18,0.0,0.0
2014-03-19,0.0,0.0
2014-03-20,0.0,0.0
2014-03-21,0.0,0.0
2014-03-22,0.0,0.0
2014-03-23,0.0,0.0
2014-03-24,0.0,0.0
2014-03-25,0.0,0.0
2014-03-26,0.0,0.0
2014-03-27,0.0,0.0
2014-03-28,0.0,0.0
2014-03-29,0.0,0.0
2014-03-30,0.0,0.0
2014-03-31,0.0,0.0
2014-04-01,0.0,0.0
2014-04-02,0.0,0.0
2014-04-03,0.0,0.0
2014-04-04,0.0,0.0
2014-04-05,0.0,0.0
2014-04-06,0.0,0.0
2014-04-07,0.0,0.0
2014-04-08,0.0,0.0
2014-04-09,0.0,0.0
2014-04-10,0.0,0.0
2014-04-11,0.0,0.0
2014-04-12,0.0,0.0
2014-04-13,0.0,0.0
2014-04-14,0.0,0.0
2014-04-15,0.0,0.0
2014-04-16,0.0,0.0
2014-04-17,0.0,0.0
2014-04-18,0.0,0.0
2014-04-19,0.0,0.0
2014-04-20,0.0,0.0
2014-04-21,0.0,0.0
2014-04-22,0.0,0.0
2014-04-23,0.0,0.0
2014-04-24,0.0,0.0
2014-04-25,0.0,0.0
2014-04-26,0.0,0.0
2014-04-27,0.0,0.0
2014-04-28,0.0,0.0
2014-04-29,0.0,0.0
2014-04-30,0.0,0.0
2014-05-01,0.0,0.0
2014-05-02,0.0,0.0
2014-05-03,0.0,0.0
2014-05-04,0.0,0.0
2014-05-05,0.0,0.0
2014-05-06,0.0,0.0
2014-05-07,0.0,0.0
2014-05-08,0.0,0.0
2014-05-09,0.0,0.0
2014-05-10,0.0,0.0
2014-05-11,0.0,0.0
2014-05-12,0.0,0.0
2014-05-13,0.0,0.0
2014-05-14,0.0,0.0
2014-05-15,0.0,0.0
2014-05-16,0.0,0.0
2014-05-17,0.0,0.0
2014-05-18,0.0,0.0
2014-05-19,0.0,0.0
2014-05-20,0.0,0.0
2014-05-21,0.0,0.0
2014-05-22,0.0,0.0
2014-05-23,0.0,0.0
2014-05-24,0.0,0.0
2014-05-25,0.0,0.0
2014-05-26,0.0,0.0
2014-05-27,0.0,0.0
2014-05-28,0.0,0.0
2014-05-29,0.0,0.0
2014-05-30,0.0,0.0
2014-05-31,0.0,0.0
2014-06-01,0.0,0.0
2014-06-02,0.0,0.0
2014-06-03,0.0,0.0
2014-06-04,0.0,0.0
2014-06-05,0.0,0.0
2014-06-06,0.0,0.0
2014-06-07,0.0,0.0
2014-06-08,0.0,0.0
2014-06-09,0.0,0.0
2014-06-10,0.0,0.0
2014-06-11,0.0,0.0
2014-06-12,0.0,0.0
2014-06-13,0.0,0.0
2014-06-14,0.0,0.0
2014-06-15,0.0,0.0
2014-06-16,0.0,0.0
2014-06-17,0.0,0.0
2014-06-18,0.0,0.0
2014-06-19,0.0,0.0
2014-06-20,0.0,0.0
2014-06-21,0.0,0.0
2014-06-22,0.0,0.0
2014-06-23,0.0,0.0
2014-06-24,0.0,0.0
2014-06-25,0.0,0.0
2014-06-26,0.0,0.0
2014-06-27,0.0,0.0
2014-06-28,0.0,0.0
2014-06-29,0.0,0.0
2014-06-30,0.0,0.0
2014-07-01,0.0,0.0
2014-07-02,0.0,0.0
2014-07-03,0.0,0.0
2014-07-04,0.0,0.0
2014-07-05,0.0,0.0
2014-07-06,0.0,0.0
2014-07-07,0.0,0.0
2014-07-08,0.0,0.0
2014-07-09,0.0,0.0
2014-07-10,0.0,0.0
2014-07-11,0.0,0.0
2014-07-12,0.0,0.0
2014-07-13,0.0,0.0
2014-07-14,0.0,0.0
2014-07-15,0.0,0.0
2014-07-16,0.0,0.0
2014-07-17,0.0,0.0
2014-07-18,0.0,0.0
2014-07-19,0.0,0.0
2014-07-20,0.0,0.0
2014-07-21,0.0,0.0
2014-07-22,0.0,0.0
2014-07-23,0.0,0.0
2014-07-24,0.0,0.0
2014-07-25,0.0,0.0
2014-07-26,0.0,0.0
2014-07-27,0.0,0.0
2014-07-28,0.0,0.0
2014-07-29,0.0,0.0
2014-07-30,0.0,0.0
2014-07-31,0.0,0.0
2014-08-01,0.0,0.0
2014-08-02,0.0,0.0
2014-08-03,0.0,0.0
2014-08-04,0.0,0.0
2014-08-05,0.0,0.0
2014-08-06,0.0,0.0
2014-08-07,0.0,0.0
2014-08-08,0.0,0.0
2014-08-09,0.0,0.0
2014-08-10,0.0,0.0
2014-08-11,0.0,0.0
2014-08-12,0.0,0.0
2014-08-13,0.0,0.0
2014-08-14,0.0,0.0
2014-08-15,0.0,0.0
2014-08-16,0.0,0.0
2014-08-17,0.0,0.0
2014-08-18,0.0,0.0
2014-08-19,0.0,0.0
2014-08-20,0.0,0.0
2014-08-21,0.0,0.0
2014-08-22,0.0,0.0
2014-08-23,0.0,0.0
2014-08-24,0.0,0.0
2014-08-25,0.0,0.0
2014-08-26,0.0,0.0
2014-08-27,0.0,0.0
2014-08-28,0.0,0.0
2014-08-29,0.0,0.0
2014-08-30,0.0,0.0
2014-08-31,0.0,0.0
2014-09-01,0.0,0.0
2014-09-02,0.0,0.0
2014-09-03,0.0,0.0
2014-09-04,0.0,0.0
2014-09-05,0.0,0.0
2014-09-06,0.0,0.0
2014-09-07,0.0,0.0
2014-09-08,0.0,0.0
2014-09-09,0.0,0.0
2014-09-10,0.0,0.0
2014-09-11,0.0,0.0
2014-09-12,0.0,0.0
2014-09-13,0.0,0.0
2014-09-14,0.0,0.0
2014-09-15,0.0,0.0
2014-09-16,0.0,0.0
2014-09-17,0.0,0.0
2014-09-18,0.0,0.0
2014-09-19,0.0,0.0
2014-09-20,0.0,0.0
2014-09-21,0.0,0.0
2014-09-22,0.0,0.0
2014-09-23,0.0,0.0
2014-09-24,0.0,0.0
2014-09-25,0.0,0.0
2014-09-26,0.0,0.0
2014-09-27,0.0,0.0
2014-09-28,0.0,0.0
2014-09-29,0.0,0.0
2014-09-30,0.0,0.0
2014-10-01,0.0,0.0
2014-10-02,0.0,0.0
2014-10-03,0.0,0.0
2014-10-04,0.0,0.0
2014-10-05,0.0,0.0
2014-10-06,0.0,0.0
2014-10-07,0.0,0.0
2014-10-08,0.0,0.0
2014-10-09,0.0,0.0
2014-10-10,0.0,0.0
2014-10-11,0.0,0.0
2014-10-12,0.0,0.0
2014-10-13,0.0,0.0
2014-10-14,0.0,0.0
2014-10-15,0.0,0.0
2014-10-16,0.0,0.0
2014-10-17,0.0,0.0
2014-10-18,0.0,0.0
2014-10-19,0.0,0.0
2014-10-20,0.0,0.0
2014-10-21,0.0,0.0
2014-10-22,0.0,0.0
2014-10-23,0.0,0.0
2014-10-24,0.0,0.0
2014-10-25,0.0,0.0
2014-10-26,0.0,0.0
2014-10-27,0.0,0.0
2014-10-28,0.0,0.0
2014-10-29,0.0,0.0
2014-10-30,0.0,0.0
2014-10-31,0.0,0.0
2014-11-01,0.0,0.0
2014-11-02,0.0,0.0
2014-11-03,0.0,0.0
2014-11-04,0.0,0.0
2014-11-05,0.0,0.0
2014-11-06,0.0,0.0
2014-11-07,0.0,0.0
2014-11-08,0.0,0.0
2014-11-09,0.0,0.0
2014-11-10,0.0,0.0
2014-11-11,0.0,0.0
2014-11-12,0.0,0.0
2014-11-13,0.0,0.0
2014-11-14,0.0,0.0
2014-11-15,0.0,0.0
2014-11-16,0.0,0.0
2014-11-17,0.0,0.0
2014-11-18,0.0,0.0
2014-11-19,0.0,0.0
2014-11-20,0.0,0.0
2014-11-21,0.0,0.0
2014-11-22,0.0,0.0
2014-11-23,0.0,0.0
2014-11-24,0.0,0.0
2014-11-25,0.0,0.0
2014-11-26,0.0,0.0
2014-11-27,0.0,0.0
2014-11-28,0.0,0.0
2014-11-29,0.0,0.0
2014-11-30,0.0,0.0
2014-12-01,0.0,0.0
2014-12-02,0.0,0.0
2014-12-03,0.0,0.0
2014-12-04,0.0,0.0
2014-12-05,0.0,0.0
2014-12-06,0.0,0.0
2014-12-07,0.0,0.0
2014-12-08,0.0,0.0
2014-12-09,0.0,0.0
2014-12-10,0.0,0.0
2014-12-11,0.0,0.0
2014-12-12,0.0,0.0
2014-12-13,0.0,0.0
2014-12-14,0.0,0.0
2014-12-15,0.0,0.0
2014-12-16,0.0,0.0
2014-12-17,0.0,0.0
2014-12-18,0.0,0.0
2014-12-19,0.0,0.0
2014-12-20,0.0,0.0
2014-12-21,0.0,0.0
2014-12-22,0.0,0.0
2014-12-23,0.0,0.0
2014-12-24,0.0,0.0
2014-12-25,0.0,0.0
2014-12-26,0.0,0.0
2014-12-27,0.0,0.0
2014-12-28,0.0,0.0
2014-12-29,0.0,0.0
2014-12-30,0.0,0.0
2014-12-31,0.0,0.0
2015-01-01,0.0,0.0
2015-01-02,0.0,0.0
2015-01-03,0.0,0.0
2015-01-04,0.0,0.0
2015-01-05,0.0,0.0
2015-01-06,0.0,0.0
2015-01-07,0.0,0.0
2015-01-08,0.0,0.0
2015-01-09,0.0,0.0
2015-01-10,0.0,0.0
2015-01-11,0.0,0.0
2015-01-12,0.0,0.0
2015-01-13,0.0,0.0
2015-01-14,0.0,0.0
2015-01-15,0.0,0.0
2015-01-16,0.0,0.0
2015-01-17,0.0,0.0
2015-01-18,0.0,0.0
2015-01-19,0.0,0.0
2015-01-20,0.0,0.0
2015-01-21,0.0,0.0
2015-01-22,0.0,0.0
2015-01-23,0.0,0.0
2015-01-24,0.0,0.0
2015-01-25,0.0,0.0
2015-01-26,0.0,0.0
2015-01-27,0.0,0.0
2015-01-28,0.0,0.0
2015-01-29,0.0,0.0
2015-01-30,0.0,0.0
2015-01-31,0.0,0.0
2015-02-01,0.0,0.0
2015-02-02,0.0,0.0
2015-02-03,0.0,0.0
2015-02-04,0.0,0.0
2015-02-05,0.0,0.0
2015-02-06,0.0,0.0
2015-02-07,0.0,0.0
2015-02-08,0.0,0.0
2015-02-09,0.0,0.0
2015-02-10,0.0,0.0
2015-02-11,0.0,0.0
2015-02-12,0.0,0.0
2015-02-13,0.0,0.0
2015-02-14,0.0,0.0
2015-02-15,0.0,0.0
2015-02-16,0.0,0.0
2015-02-17,0.0,0.0
2015-02-18,0.0,0.0
2015-02-19,0.0,0.0
2015-02-20,0.0,0.0
2015-02-21,0.0,0.0
2015-02-22,0.0,0.0
2015-02-23,0.0,0.0
2015-02-24,0.0,0.0
2015-02-25,0.0,0.0
2015-02-26,0.0,0.0
2015-02-27,0.0,0.0
2015-02-28,0.0,0.0
2015-03-01,0.0,0.0
2015-03-02,0.0,0.0
2015-03-03,0.0,0.0
2015-03-04,0.0,0.0
2015-03-05,0.0,0.0
2015-03-06,0.0,0.0
2015-03-07,0.0,0.0
2015-03-08,0.0,0.0
2015-03-09,0.0,0.0
2015-03-10,0.0,0.0
2015-03-11,0.0,0.0
2015-03-12,0.0,0.0
2015-03-13,0.0,0.0
2015-03-14,0.0,0.0
2015-03-15,0.0,0.0
2015-03-16,0.0,0.0
2015-03-17,0.0,0.0
2015-03-18,0.0,0.0
2015-03-19,0.0,0.0
2015-03-20,0.0,0.0
2015-03-21,0.0,0.0
2015-03-22,0.0,0.0
2015-03-23,0.0,0.0
2015-03-24,0.0,0.0
2015-03-25,0.0,0.0
2015-03-26,0.0,0.0
2015-03-27,0.0,0.0
2015-03-28,0.0,0.0
2015-03-29,0.0,0.0
2015-03-30,0.0,0.0
2015-03-31,0.0,0.0
2015-04-01,0.0,0.0
2015-04-02,0.0,0.0
2015-04-03,0.0,0.0
2015-04-04,0.0,0.0
2015-04-05,0.0,0.0
2015-04-06,0.0,0.0
2015-04-07,0.0,0.0
2015-04-08,0.0,0.0
2015-04-09,0.0,0.0
2015-04-10,0.0,0.0
2015-04-11,0.0,0.0
2015-04-12,0.0,0.0
2015-04-13,0.0,0.0
2015-04-14,0.0,0.0
2015-04-15,0.0,0.0
2015-04-16,0.0,0.0
2015-04-17,0.0,0.0
2015-04-18,0.0,0.0
2015-04-19,0.0,0.0
2015-04-20,0.0,0.0
2015-04-21,0.0,0.0
2015-04-22,0.0,0.0
2015-04-23,0.0,0.0
2015-04-24,0.0,0.0
2015-04-25,0.0,0.0
2015-04-26,0.0,0.0
2015-04-27,0.0,0.0
2015-04-28,0.0,0.0
2015-04-29,0.0,0.0
2015-04-30,0.0,0.0
2015-05-01,0.0,0.0
2015-05-02,0.0,0.0
2015-05-03,0.0,0.0
2015-05-04,0.0,0.0
2015-05-05,0.0,0.0
2015-05-06,0.0,0.0
2015-05-07,0.0,0.0
2015-05-08,0.0,0.0
2015-05-09,0.0,0.0
2015-05-10,0.0,0.0
2015-05-11,0.0,0.0
2015-05-12,0.0,0.0
2015-05-13,0.0,0.0
2015-05-14,0.0,0.0
2015-05-15,0.0,0.0
2015-05-16,0.0,0.0
2015-05-17,0.0,0.0
2015-05-18,0.0,0.0
2015-05-19,0.0,0.0
2015-05-20,0.0,0.0
2015-05-21,0.0,0.0
2015-05-22,0.0,0.0
2015-05-23,0.0,0.0
2015-05-24,0.0,0.0
2015-05-25,0.0,0.0
2015-05-26,0.0,0.0
2015-05-27,0.0,0.0
2015-05-28,0.0,0.0
2015-05-29,0.0,0.0
2015-05-30,0.0,0.0
2015-05-31,0.0,0.0
2015-06-01,0.0,0.0
2015-06-02,0.0,0.0
2015-06-03,0.0,0.0
2015-06-04,0.0,0.0
2015-06-05,0.0,0.0
2015-06-06,0.0,0.0
2015-06-07,0.0,0.0
2015-06-08,0.0,0.0
2015-06-09,0.0,0.0
2015-06-10,0.0,0.0
2015-06-11,0.0,0.0
2015-06-12,0.0,0.0
2015-06-13,0.0,0.0
2015-06-14,0.0,0.0
2015-06-15,0.0,0.0
2015-06-16,0.0,0.0
2015-06-17,0.0,0.0
2015-06-18,0.0,0.0
2015-06-19,0.0,0.0
2015-06-20,0.0,0.0
2015-06-21,0.0,0.0
2015-06-22,0.0,0.0
2015-06-23,0.0,0.0
2015-06-24,0.0,0.0
2015-06-25,0.0,0.0
2015-06-26,0.0,0.0
2015-06-27,0.0,0.0
2015-06-28,0.0,0.0
2015-06-29,0.0,0.0
2015-06-30,0.0,0.0
2015-07-01,0.0,0.0
2015-07-02,0.0,0.0
2015-07-03,0.0,0.0
2015-07-04,0.0,0.0
2015-07-05,0.0,0.0
2015-07-06,0.0,0.0
2015-07-07,0.0,0.0
2015-07-08,0.0,0.0
2015-07-09,0.0,0.0
2015-07-10,0.0,0.0
2015-07-11,0.0,0.0
2015-07-12,0.0,0.0
2015-07-13,0.0,0.0
2015-07-14,0.0,0.0
2015-07-15,0.0,0.0
2015-07-16,0.0,0.0
2015-07-17,0.0,0.0
2015-07-18,0.0,0.0
2015-07-19,0.0,0.0
2015-07-20,0.0,0.0
2015-07-21,0.0,0.0
2015-07-22,0.0,0.0
2015-07-23,0.0,0.0
2015-07-24,0.0,0.0
2015-07-25,0.0,0.0
2015-07-26,0.0,0.0
2015-07-27,0.0,0.0
2015-07-28,0.0,0.0
2015-07-29,0.0,0.0
2015-07-30,0.0,0.0
2015-07-31,0.0,0.0
2015-08-01,0.0,0.0
2015-08-02,0.0,0.0
2015-08-03,0.0,0.0
2015-08-04,0.0,0.0
2015-08-05,0.0,0.0
2015-08-06,0.0,0.0
2015-08-07,0.0,0.0
2015-08-08,0.0,0.0
2015-08-09,0.0,0.0
2015-08-10,0.0,0.0
2015-08-11,0.0,0.0
2015-08-12,0.0,0.0
2015-08-13,0.0,0.0
2015-08-14,0.0,0.0
2015-08-15,0.0,0.0
2015-08-16,0.0,0.0
2015-08-17,0.0,0.0
2015-08-18,0.0,0.0
2015-08-19,0.0,0.0
2015-08-20,0.0,0.0
2015-08-21,0.0,0.0
2015-08-22,0.0,0.0
2015-08-23,0.0,0.0
2015-08-24,0.0,0.0
2015-08-25,0.0,0.0
2015-08-26,0.0,0.0
2015-08-27,0.0,0.0
2015-08-28,0.0,0.0
2015-08-29,0.0,0.0
2015-08-30,0.0,0.0
2015-08-31,0.0,0.0
2015-09-01,0.0,0.0
2015-09-02,0.0,0.0
2015-09-03,0.0,0.0
2015-09-04,0.0,0.0
2015-09-05,0.0,0.0
2015-09-06,0.0,0.0
2015-09-07,0.0,0.0
2015-09-08,0.0,0.0
2015-09-09,0.0,0.0
2015-09-10,0.0,0.0
2015-09-11,0.0,0.0
2015-09-12,0.0,0.0
2015-09-13,0.0,0.0
2015-09-14,0.0,0.0
2015-09-15,0.0,0.0
2015-09-16,0.0,0.0
2015-09-17,0.0,0.0
2015-09-18,0.0,0.0
2015-09-19,0.0,0.0
2015-09-20,0.0,0.0
2015-09-21,0.0,0.0
2015-09-22,0.0,0.0
2015-09-23,0.0,0.0
2015-09-24,0.0,0.0
2015-09-25,0.0,0.0
2015-09-26,0.0,0.0
2015-09-27,0.0,0.0
2015-09-28,0.0,0.0
2015-09-29,0.0,0.0
2015-09-30,0.0,0.0
2015-10-01,0.0,0.0
2015-10-02,0.0,0.0
2015-10-03,0.0,0.0
2015-10-04,0.0,0.0
2015-10-05,0.0,0.0
2015-10-06,0.0,0.0
2015-10-07,0.0,0.0
2015-10-08,0.0,0.0
2015-10-09,0.0,0.0
2015-10-10,0.0,0.0
2015-10-11,0.0,0.0
2015-10-12,0.0,0.0
2015-10-13,0.0,0.0
2015-10-14,0.0,0.0
2015-10-15,0.0,0.0
2015-10-16,0.0,0.0
2015-10-17,0.0,0.0
2015-10-18,0.0,0.0
2015-10-19,0.0,0.0
2015-10-20,0.0,0.0
2015-10-21,0.0,0.0
2015-10-22,0.0,0.0
2015-10-23,0.0,0.0
2015-10-24,0.0,0.0
2015-10-25,0.0,0.0
2015-10-26,0.0,0.0
2015-10-27,0.0,0.0
2015-10-28,0.0,0.0
2015-10-29,0.0,0.0
2015-10-30,0.0,0.0
2015-10-31,0.0,0.0
2015-11-01,0.0,0.0
2015-11-02,0.0,0.0
2015-11-03,0.0,0.0
2015-11-04,0.0,0.0
2015-11-05,0.0,0.0
2015-11-06,0.0,0.0
2015-11-07,0.0,0.0
2015-11-08,0.0,0.0
2015-11-09,0.0,0.0
2015-11-10,0.0,0.0
2015-11-11,0.0,0.0
2015-11-12,0.0,0.0
2015-11-13,0.0,0.0
2015-11-14,0.0,0.0
2015-11-15,0.0,0.0
2015-11-16,0.0,0.0
2015-11-17,0.0,0.0
2015-11-18,0.0,0.0
2015-11-19,0.0,0.0
2015-11-20,0.0,0.0
2015-11-21,0.0,0.0
2015-11-22,0.0,0.0
2015-11-23,0.0,0.0
2015-11-24,0.0,0.0
2015-11-25,0.0,0.0
2015-11-26,0.0,0.0
2015-11-27,0.0,0.0
2015-11-28,0.0,0.0
2015-11-29,0.0,0.0
2015-11-30,0.0,0.0
2015-12-01,0.0,0.0
2015-12-02,0.0,0.0
2015-12-03,0.0,0.0
2015-12-04,0.0,0.0
2015-12-05,0.0,0.0
2015-12-06,0.0,0.0
2015-12-07,0.0,0.0
2015-12-08,0.0,0.0
2015-12-09,0.0,0.0
2015-12-10,0.0,0.0
2015-12-11,0.0,0.0
2015-12-12,0.0,0.0
2015-12-13,0.0,0.0
2015-12-14,0.0,0.0
2015-12-15,0.0,0.0
2015-12-16,0.0,0.0
2015-12-17,0.0,0.0
2015-12-18,0.0,0.0
2015-12-19,0.0,0.0
2015-12-20,0.0,0.0
2015-12-21,0.0,0.0
2015-12-22,0.0,0.0
2015-12-23,0.0,0.0
2015-12-24,0.0,0.0
2015-12-25,0.0,0.0
2015-12-26,0.0,0.0
2015-12-27,0.0,0.0
2015-12-28,0.0,0.0
2015-12-29,0.0,0.0
2015-12-30,0.0,0.0
2015-12-31,0.0,0.0
2016-01-01,0.0,0.0
2016-01-02,0.0,0.0
2016-01-03,0.0,0.0
2016-01-04,0.0,0.0
2016-01-05,0.0,0.0
2016-01-06,0.0,0.0
2016-01-07,0.0,0.0
2016-01-08,0.0,0.0
2016-01-09,0.0,0.0
2016-01-10,0.0,0.0
2016-01-11,0.0,0.0
2016-01-12,0.0,0.0
2016-01-13,0.0,0.0
2016-01-14,0.0,0.0
2016-01-15,0.0,0.0
2016-01-16,0.0,0.0
2016-01-17,0.0,0.0
2016-01-18,0.0,0.0
2016-01-19,0.0,0.0
2016-01-20,0.0,0.0
2016-01-21,0.0,0.0
2016-01-22,0.0,0.0
2016-01-23,0.0,0.0
2016-01-24,0.0,0.0
2016-01-25,0.0,0.0
2016-01-26,0.0,0.0
2016-01-27,0.0,0.0
2016-01-28,0.0,0.0
2016-01-29,0.0,0.0
2016-01-30,0.0,0.0
2016-01-31,0.0,0.0
2016-02-01,0.0,0.0
2016-02-02,0.0,0.0
2016-02-03,0.0,0.0
2016-02-04,0.0,0.0
2016-02-05,0.0,0.0
2016-02-06,0.0,0.0
2016-02-07,0.0,0.0
2016-02-08,0.0,0.0
2016-02-09,0.0,0.0
2016-02-10,0.0,0.0
2016-02-11,0.0,0.0
2016-02-12,0.0,0.0
2016-02-13,0.0,0.0
2016-02-14,0.0,0.0
2016-02-15,0.0,0.0
2016-02-16,0.0,0.0
2016-02-17,0.0,0.0
2016-02-18,0.0,0.0
2016-02-19,0.0,0.0
2016-02-20,0.0,0.0
2016-02-21,0.0,0.0
2016-02-22,0.0,0.0
2016-02-23,0.0,0.0
2016-02-24,0.0,0.0
2016-02-25,0.0,0.0
2016-02-26,0.0,0.0
2016-02-27,0.0,0.0
2016-02-28,0.0,0.0
2016-02-29,0.0,0.0
2016-03-01,0.0,0.0
2016-03-02,0.0,0.0
2016-03-03,0.0,0.0
2016-03-04,0.0,0.0
2016-03-05,0.0,0.0
2016-03-06,0.0,0.0
2016-03-07,0.0,0.0
2016-03-08,0.0,0.0
2016-03-09,0.0,0.0
2016-03-10,0.0,0.0
2016-03-11,0.0,0.0
2016-03-12,0.0,0.0
2016-03-13,0.0,0.0
2016-03-14,0.0,0.0
2016-03-15,0.0,0.0
2016-03-16,0.0,0.0
2016-03-17,0.0,0.0
2016-03-18,0.0,0.0
2016-03-19,0.0,0.0
2016-03-20,0.0,0.0
2016-03-21,0.0,0.0
2016-03-22,0.0,0.0
2016-03-23,0.0,0.0
2016-03-24,0.0,0.0
2016-03-25,0.0,0.0
2016-03-26,0.0,0.0
2016-03-27,0.0,0.0
2016-03-28,0.0,0.0
2016-03-29,0.0,0.0
2016-03-30,0.0,0.0
2016-03-31,0.0,0.0
2016-04-01,0.0,0.0
2016-04-02,0.0,0.0
2016-04-03,0.0,0.0
2016-04-04,0.0,0.0
2016-04-05,0.0,0.0
2016-04-06,0.0,0.0
2016-04-07,0.0,0.0
2016-04-08,0.0,0.0
2016-04-09,0.0,0.0
2016-04-10,0.0,0.0
2016-04-11,0.0,0.0
2016-04-12,0.0,0.0
2016-04-13,0.0,0.0
2016-04-14,0.0,0.0
2016-04-15,0.0,0.0
2016-04-16,0.0,0.0
2016-04-17,0.0,0.0
2016-04-18,0.0,0.0
2016-04-19,0.0,0.0
2016-04-20,0.0,0.0
2016-04-21,0.0,0.0
2016-04-22,0.0,0.0
2016-04-23,0.0,0.0
2016-04-24,0.0,0.0
2016-04-25,0.0,0.0
2016-04-26,0.0,0.0
2016-04-27,0.0,0.0
2016-04-28,0.0,0.0
2016-04-29,0.0,0.0
2016-04-30,0.0,0.0
2016-05-01,0.0,0.0
2016-05-02,0.0,0.0
2016-05-03,0.0,0.0
2016-05-04,0.0,0.0
2016-05-05,0.0,0.0
2016-05-06,0.0,0.0
2016-05-07,0.0,0.0
2016-05-08,0.0,0.0
2016-05-09,0.0,0.0
2016-05-10,0.0,0.0
2016-05-11,0.0,0.0
2016-05-12,0.0,0.0
2016-05-13,0.0,0.0
2016-05-14,0.0,0.0
2016-05-15,0.0,0.0
2016-05-16,0.0,0.0
2016-05-17,0.0,0.0
2016-05-18,0.0,0.0
2016-05-19,0.0,0.0
2016-05-20,0.0,0.0
2016-05-21,0.0,0.0
2016-05-22,0.0,0.0
2016-05-23,0.0,0.0
2016-05-24,0.0,0.0
2016-05-25,0.0,0.0
2016-05-26,0.0,0.0
2016-05-27,0.0,0.0
2016-05-28,0.0,0.0
2016-05-29,0.0,0.0
2016-05-30,0.0,0.0
2016-05-31,0.0,0.0
2016-06-01,0.0,0.0
2016-06-02,0.0,0.0
2016-06-03,0.0,0.0
2016-06-04,0.0,0.0
2016-06-05,0.0,0.0
2016-06-06,0.0,0.0
2016-06-07,0.0,0.0
2016-06-08,0.0,0.0
2016-06-09,0.0,0.0
2016-06-10,0.0,0.0
2016-06-11,0.0,0.0
2016-06-12,0.0,0.0
2016-06-13,0.0,0.0
2016-06-14,0.0,0.0
2016-06-15,0.0,0.0
2016-06-16,0.0,0.0
2016-06-17,0.0,0.0
2016-06-18,0.0,0.0
2016-06-19,0.0,0.0
2016-06-20,0.0,0.0
2016-06-21,0.0,0.0
2016-06-22,0.0,0.0
2016-06-23,0.0,0.0
2016-06-24,0.0,0.0
2016-06-25,0.0,0.0
2016-06-26,0.0,0.0
2016-06-27,0.0,0.0
2016-06-28,0.0,0.0
2016-06-29,0.0,0.0
2016-06-30,0.0,0.0
2016-07-01,0.0,0.0
2016-07-02,0.0,0.0
2016-07-03,0.0,0.0
2016-07-04,0.0,0.0
2016-07-05,0.0,0.0
2016-07-06,0.0,0.0
2016-07-07,0.0,0.0
2016-07-08,0.0,0.0
2016-07-09,0.0,0.0
2016-07-10,0.0,0.0
2016-07-11,0.0,0.0
2016-07-12,0.0,0.0
2016-07-13,0.0,0.0
2016-07-14,0.0,0.0
2016-07-15,0.0,0.0
2016-07-16,0.0,0.0
2016-07-17,0.0,0.0
2016-07-18,0.0,0.0
2016-07-19,0.0,0.0
2016-07-20,0.0,0.0
2016-07-21,0.0,0.0
2016-07-22,0.0,0.0
2016-07-23,0.0,0.0
2016-07-24,0.0,0.0
2016-07-25,0.0,0.0
2016-07-26,0.0,0.0
2016-07-27,0.0,0.0
2016-07-28,0.0,0.0
2016-07-29,0.0,0.0
2016-07-30,0.0,0.0
2016-07-31,0.0,0.0
2016-08-01,0.0,0.0
2016-08-02,0.0,0.0
2016-08-03,0.0,0.0
2016-08-04,0.0,0.0
2016-08-05,0.0,0.0
2016-08-06,0.0,0.0
2016-08-07,0.0,0.0
2016-08-08,0.0,0.0
2016-08-09,0.0,0.0
2016-08-10,0.0,0.0
2016-08-11,0.0,0.0
2016-08-12,0.0,0.0
2016-08-13,0.0,0.0
2016-08-14,0.0,0.0
2016-08-15,0.0,0.0
2016-08-16,0.0,0.0
2016-08-17,0.0,0.0
2016-08-18,0.0,0.0
2016-08-19,0.0,0.0
2016-08-20,0.0,0.0
2016-08-21,0.0,0.0
2016-08-22,0.0,0.0
2016-08-23,0.0,0.0
2016-08-24,0.0,0.0
2016-08-25,0.0,0.0
2016-08-26,0.0,0.0
2016-08-27,0.0,0.0
2016-08-28,0.0,0.0
2016-08-29,0.0,0.0
2016-08-30,0.0,0.0
2016-08-31,0.0,0.0
2016-09-01,0.0,0.0
2016-09-02,0.0,0.0
2016-09-03,0.0,0.0
2016-09-04,0.0,0.0
2016-09-05,0.0,0.0
2016-09-06,0.0,0.0
2016-09-07,0.0,0.0
2016-09-08,0.0,0.0
2016-09-09,0.0,0.0
2016-09-10,0.0,0.0
2016-09-11,0.0,0.0
2016-09-12,0.0,0.0
2016-09-13,0.0,0.0
2016-09-14,0.0,0.0
2016-09-15,0.0,0.0
2016-09-16,0.0,0.0
2016-09-17,0.0,0.0
2016-09-18,0.0,0.0
2016-09-19,0.0,0.0
2016-09-20,0.0,0.0
2016-09-21,0.0,0.0
2016-09-22,0.0,0.0
2016-09-23,0.0,0.0
2016-09-24,0.0,0.0
2016-09-25,0.0,0.0
2016-09-26,0.0,0.0
2016-09-27,0.0,0.0
2016-09-28,0.0,0.0
2016-09-29,0.0,0.0
2016-09-30,0.0,0.0
2016-10-01,0.0,0.0
2016-10-02,0.0,0.0
2016-10-03,0.0,0.0
2016-10-04,0.0,0.0
2016-10-05,0.0,0.0
2016-10-06,0.0,0.0
2016-10-07,0.0,0.0
2016-10-08,0.0,0.0
2016-10-09,0.0,0.0
2016-10-10,0.0,0.0
2016-10-11,0.0,0.0
2016-10-12,0.0,0.0
2016-10-13,0.0,0.0
2016-10-14,0.0,0.0
2016-10-15,0.0,0.0
2016-10-16,0.0,0.0
2016-10-17,0.0,0.0
2016-10-18,0.0,0.0
2016-10-19,0.0,0.0
2016-10-20,0.0,0.0
2016-10-21,0.0,0.0
2016-10-22,0.0,0.0
2016-10-23,0.0,0.0
2016-10-24,0.0,0.0
2016-10-25,0.0,0.0
2016-10-26,0.0,0.0
2016-10-27,0.0,0.0
2016-10-28,0.0,0.0
2016-10-29,0.0,0.0
2016-10-30,0.0,0.0
2016-10-31,0.0,0.0
2016-11-01,0.0,0.0
2016-11-02,0.0,0.0
2016-11-03,0.0,0.0
2016-11-04,0.0,0.0
2016-11-05,0.0,0.0
2016-11-06,0.0,0.0
2016-11-07,0.0,0.0
2016-11-08,0.0,0.0
2016-11-09,0.0,0.0
2016-11-10,0.0,0.0
2016-11-11,0.0,0.0
2016-11-12,0.0,0.0
2016-11-13,0.0,0.0
2016-11-14,0.0,0.0
2016-11-15,0.0,0.0
2016-11-16,0.0,0.0
2016-11-17,0.0,0.0
2016-11-18,0.0,0.0
2016-11-19,0.0,0.0
2016-11-20,0.0,0.0
2016-11-21,0.0,0.0
2016-11-22,0.0,0.0
2016-11-23,0.0,0.0
2016-11-24,0.0,0.0
2016-11-25,0.0,0.0
2016-11-26,0.0,0.0
2016-11-27,0.0,0.0
2016-11-28,0.0,0.0
2016-11-29,0.0,0.0
2016-11-30,0.0,0.0
2016-12-01,0.0,0.0
2016-12-02,0.0,0.0
2016-12-03,0.0,0.0
2016-12-04,0.0,0.0
2016-12-05,0.0,0.0
2016-12-06,0.0,0.0
2016-12-07,0.0,0.0
2016-12-08,0.0,0.0
2016-12-09,0.0,0.0
2016-12-10,0.0,0.0
2016-12-11,0.0,0.0
2016-12-12,0.0,0.0
2016-12-13,0.0,0.0
2016-12-14,0.0,0.0
2016-12-15,0.0,0.0
2016-12-16,0.0,0.0
2016-12-17,0.0,0.0
2016-12-18,0.0,0.0
2016-12-19,0.0,0.0
2016-12-20,0.0,0.0
2016-12-21,0.0,0.0
2016-12-22,0.0,0.0
2016-12-23,0.0,0.0
2016-12-24,0.0,0.0
2016-12-25,0.0,0.0
2016-12-26,0.0,0.0
2016-12-27,0.0,0.0
2016-12-28,0.0,0.0
2016-12-29,0.0,0.0
2016-12-30,0.0,0.0
2016-12-31,0.0,0.0
2017-01-01,0.0,0.0
2017-01-02,0.0,0.0
2017-01-03,0.0,0.0
2017-01-04,0.0,0.0
2017-01-05,0.0,0.0
2017-01-06,0.0,0.0
2017-01-07,0.0,0.0
2017-01-08,0.0,0.0
2017-01-09,0.0,0.0
2017-01-10,0.0,0.0
2017-01-11,0.0,0.0
2017-01-12,0.0,0.0
2017-01-13,0.0,0.0
2017-01-14,0.0,0.0
2017-01-15,0.0,0.0
2017-01-16,0.0,0.0
2017-01-17,0.0,0.0
2017-01-18,0.0,0.0
2017-01-19,0.0,0.0
2017-01-20,0.0,0.0
2017-01-21,0.0,0.0
2017-01-22,0.0,0.0
2017-01-23,0.0,0.0
2017-01-24,0.0,0.0
2017-01-25,0.0,0.0
2017-01-26,0.0,0.0
2017-01-27,0.0,0.0
2017-01-28,0.0,0.0
2017-01-29,0.0,0.0
2017-01-30,0.0,0.0
2017-01-31,0.0,0.0
2017-02-01,0.0,0.0
2017-02-02,0.0,0.0
2017-02-03,0.0,0.0
2017-02-04,0.0,0.0
2017-02-05,0.0,0.0
2017-02-06,0.0,0.0
2017-02-07,0.0,0.0
2017-02-08,0.0,0.0
2017-02-09,0.0,0.0
2017-02-10,0.0,0.0
2017-02-11,0.0,0.0
2017-02-12,0.0,0.0
2017-02-13,0.0,0.0
2017-02-14,0.0,0.0
2017-02-15,0.0,0.0
2017-02-16,0.0,0.0
2017-02-17,0.0,0.0
2017-02-18,0.0,0.0
2017-02-19,0.0,0.0
2017-02-20,0.0,0.0
2017-02-21,0.0,0.0
2017-02-22,0.0,0.0
2017-02-23,0.0,0.0
2017-02-24,0.0,0.0
2017-02-25,0.0,0.0
2017-02-26,0.0,0.0
2017-02-27,0.0,0.0
2017-02-28,0.0,0.0
2017-03-01,0.0,0.0
2017-03-02,0.0,0.0
2017-03-03,0.0,0.0
2017-03-04,0.0,0.0
2017-03-05,0.0,0.0
2017-03-06,0.0,0.0
2017-03-07,0.0,0.0
2017-03-08,0.0,0.0
2017-03-09,0.0,0.0
2017-03-10,0.0,0.0
2017-03-11,0.0,0.0
2017-03-12,0.0,0.0
2017-03-13,0.0,0.0
2017-03-14,0.0,0.0
2017-03-15,0.0,0.0
2017-03-16,0.0,0.0
2017-03-17,0.0,0.0
2017-03-18,0.0,0.0
2017-03-19,0.0,0.0
2017-03-20,0.0,0.0
2017-03-21,0.0,0.0
2017-03-22,0.0,0.0
2017-03-23,0.0,0.0
2017-03-24,0.0,0.0
2017-03-25,0.0,0.0
2017-03-26,0.0,0.0
2017-03-27,0.0,0.0
2017-03-28,0.0,0.0
2017-03-29,0.0,0.0
2017-03-30,0.0,0.0
2017-03-31,0.0,0.0
2017-04-01,0.0,0.0
2017-04-02,0.0,0.0
2017-04-03,0.0,0.0
2017-04-04,0.0,0.0
2017-04-05,0.0,0.0
2017-04-06,0.0,0.0
2017-04-07,0.0,0.0
2017-04-08,0.0,0.0
2017-04-09,0.0,0.0
2017-04-10,0.0,0.0
2017-04-11,0.0,0.0
2017-04-12,0.0,0.0
2017-04-13,0.0,0.0
2017-04-14,0.0,0.0
2017-04-15,0.0,0.0
2017-04-16,0.0,0.0
2017-04-17,0.0,0.0
2017-04-18,0.0,0.0
2017-04-19,0.0,0.0
2017-04-20,0.0,0.0
2017-04-21,0.0,0.0
2017-04-22,0.0,0.0
2017-04-23,0.0,0.0
2017-04-24,0.0,0.0
2017-04-25,0.0,0.0
2017-04-26,0.0,0.0
2017-04-27,0.0,0.0
2017-04-28,0.0,0.0
2017-04-29,0.0,0.0
2017-04-30,0.0,0.0
2017-05-01,0.0,0.0
2017-05-02,0.0,0.0
2017-05-03,0.0,0.0
2017-05-04,0.0,0.0
2017-05-05,0.0,0.0
2017-05-06,0.0,0.0
2017-05-07,0.0,0.0
2017-05-08,0.0,0.0
2017-05-09,0.0,0.0
2017-05-10,0.0,0.0
2017-05-11,0.0,0.0
2017-05-12,0.0,0.0
2017-05-13,0.0,0.0
2017-05-14,0.0,0.0
2017-05-15,0.0,0.0
2017-05-16,0.0,0.0
2017-05-17,0.0,0.0
2017-05-18,0.0,0.0
2017-05-19,0.0,0.0
2017-05-20,0.0,0.0
2017-05-21,0.0,0.0
2017-05-22,0.0,0.0
2017-05-23,0.0,0.0
2017-05-24,0.0,0.0
2017-05-25,0.0,0.0
2017-05-26,0.0,0.0
2017-05-27,0.0,0.0
2017-05-28,0.0,0.0
2017-05-29,0.0,0.0
2017-05-30,0.0,0.0
2017-05-31,0.0,0.0
2017-06-01,0.0,0.0
2017-06-02,0.0,0.0
2017-06-03,0.0,0.0
2017-06-04,0.0,0.0
2017-06-05,0.0,0.0
2017-06-06,0.0,0.0
2017-06-07,0.0,0.0
2017-06-08,0.0,0.0
2017-06-09,0.0,0.0
2017-06-10,0.0,0.0
2017-06-11,0.0,0.0
2017-06-12,0.0,0.0
2017-06-13,0.0,0.0
2017-06-14,0.0,0.0
2017-06-15,0.0,0.0
2017-06-16,0.0,0.0
2017-06-17,0.0,0.0
2017-06-18,0.0,0.0
2017-06-19,0.0,0.0
2017-06-20,0.0,0.0
2017-06-21,0.0,0.0
2017-06-22,0.0,0.0
2017-06-23,0.0,0.0
2017-06-24,0.0,0.0
2017-06-25,0.0,0.0
2017-06-26,0.0,0.0
2017-06-27,0.0,0.0
2017-06-28,0.0,0.0
2017-06-29,0.0,0.0
2017-06-30,0.0,0.0
2017-07-01,0.0,0.0
2017-07-02,0.0,0.0
2017-07-03,0.0,0.0
2017-07-04,0.0,0.0
2017-07-05,0.0,0.0
2017-07-06,0.0,0.0
2017-07-07,0.0,0.0
2017-07-08,0.0,0.0
2017-07-09,0.0,0.0
2017-07-10,0.0,0.0
2017-07-11,0.0,0.0
2017-07-12,0.0,0.0
2017-07-13,0.0,0.0
2017-07-14,0.0,0.0
2017-07-15,0.0,0.0
2017-07-16,0.0,0.0
2017-07-17,0.0,0.0
2017-07-18,0.0,0.0
2017-07-19,0.0,0.0
2017-07-20,0.0,0.0
2017-07-21,0.0,0.0
2017-07-22,0.0,0.0
2017-07-23,0.0,0.0
2017-07-24,0.0,0.0
2017-07-25,0.0,0.0
2017-07-26,0.0,0.0
2017-07-27,0.0,0.0
2017-07-28,0.0,0.0
2017-07-29,0.0,0.0
2017-07-30,0.0,0.0
2017-07-31,0.0,0.0
2017-08-01,0.0,0.0
2017-08-02,0.0,0.0
2017-08-03,0.0,0.0
2017-08-04,0.0,0.0
2017-08-05,0.0,0.0
2017-08-06,0.0,0.0
2017-08-07,0.0,0.0
2017-08-08,0.0,0.0
2017-08-09,0.0,0.0
2017-08-10,0.0,0.0
2017-08-11,0.0,0.0
2017-08-12,0.0,0.0
2017-08-13,0.0,0.0
2017-08-14,0.0,0.0
2017-08-15,0.0,0.0
2017-08-16,0.0,0.0
2017-08-17,0.0,0.0
2017-08-18,0.0,0.0
2017-08-19,0.0,0.0
2017-08-20,0.0,0.0
2017-08-21,0.0,0.0
2017-08-22,0.0,0.0
2017-08-23,0.0,0.0
2017-08-24,0.0,0.0
2017-08-25,0.0,0.0
2017-08-26,0.0,0.0
2017-08-27,0.0,0.0
2017-08-28,0.0,0.0
2017-08-29,0.0,0.0
2017-08-30,0.0,0.0
2017-08-31,0.0,0.0
2017-09-01,0.0,0.0
2017-09-02,0.0,0.0
2017-09-03,0.0,0.0
2017-09-04,0.0,0.0
2017-09-05,0.0,0.0
2017-09-06,0.0,0.0
2017-09-07,0.0,0.0
2017-09-08,0.0,0.0
2017-09-09,0.0,0.0
2017-09-10,0.0,0.0
2017-09-11,0.0,0.0
2017-09-12,0.0,0.0
2017-09-13,0.0,0.0
2017-09-14,0.0,0.0
2017-09-15,0.0,0.0
2017-09-16,0.0,0.0
2017-09-17,0.0,0.0
2017-09-18,0.0,0.0
2017-09-19,0.0,0.0
2017-09-20,0.0,0.0
2017-09-21,0.0,0.0
2017-09-22,0.0,0.0
2017-09-23,0.0,0.0
2017-09-24,0.0,0.0
2017-09-25,0.0,0.0
2017-09-26,0.0,0.0
2017-09-27,0.0,0.0
2017-09-28,0.0,0.0
2017-09-29,0.0,0.0
2017-09-30,0.0,0.0
2017-10-01,0.0,0.0
2017-10-02,0.0,0.0
2017-10-03,0.0,0.0
2017-10-04,0.0,0.0
2017-10-05,0.0,0.0
2017-10-06,0.0,0.0
2017-10-07,0.0,0.0
2017-10-08,0.0,0.0
2017-10-09,0.0,0.0
2017-10-10,0.0,0.0
2017-10-11,0.0,0.0
2017-10-12,0.0,0.0
2017-10-13,0.0,0.0
2017-10-14,0.0,0.0
2017-10-15,0.0,0.0
2017-10-16,0.0,0.0
2017-10-17,0.0,0.0
2017-10-18,0.0,0.0
2017-10-19,0.0,0.0
2017-10-20,0.0,0.0
2017-10-21,0.0,0.0
2017-10-22,0.0,0.0
2017-10-23,0.0,0.0
2017-10-24,0.0,0.0
2017-10-25,0.0,0.0
2017-10-26,0.0,0.0
2017-10-27,0.0,0.0
2017-10-28,0.0,0.0
2017-10-29,0.0,0.0
2017-10-30,0.0,0.0
2017-10-31,0.0,0.0
2017-11-01,0.0,0.0
2017-11-02,0.0,0.0
2017-11-03,0.0,0.0
2017-11-04,0.0,0.0
2017-11-05,0.0,0.0
2017-11-06,0.0,0.0
2017-11-07,0.0,0.0
2017-11-08,0.0,0.0
2017-11-09,0.0,0.0
2017-11-10,0.0,0.0
2017-11-11,0.0,0.0
2017-11-12,0.0,0.0
2017-11-13,0.0,0.0
2017-11-14,0.0,0.0
2017-11-15,0.0,0.0
2017-11-16,0.0,0.0
2017-11-17,0.0,0.0
2017-11-18,0.0,0.0
2017-11-19,0.0,0.0
2017-11-20,0.0,0.0
2017-11-21,0.0,0.0
2017-11-22,0.0,0.0
2017-11-23,0.0,0.0
2017-11-24,0.0,0.0
2017-11-25,0.0,0.0
2017-11-26,0.0,0.0
2017-11-27,0.0,0.0
2017-11-28,0.0,0.0
2017-11-29,0.0,0.0
2017-11-30,0.0,0.0
2017-12-01,0.0,0.0
2017-12-02,0.0,0.0
2017-12-03,0.0,0.0
2017-12-04,0.0,0.0
2017-12-05,0.0,0.0
2017-12-06,0.0,0.0
2017-12-07,0.0,0.0
2017-12-08,0.0,0.0
2017-12-09,0.0,0.0
2017-12-10,0.0,0.0
2017-12-11,0.0,0.0
2017-12-12,0.0,0.0
2017-12-13,0.0,0.0
2017-12-14,0.0,0.0
2017-12-15,0.0,0.0
2017-12-16,0.0,0.0
2017-12-17,0.0,0.0
2017-12-18,0.0,0.0
2017-12-19,0.0,0.0
2017-12-20,0.0,0.0
2017-12-21,0.0,0.0
2017-12-22,0.0,0.0
2017-12-23,0.0,0.0
2017-12-24,0.0,0.0
2017-12-25,0.0,0.0
2017-12-26,0.0,0.0
2017-12-27,0.0,0.0
2017-12-28,0.0,0.0
2017-12-29,0.0,0.0
2017-12-30,0.0,0.0
2017-12-31,0.0,0.0
2018-01-01,0.0,0.0
2018-01-02,0.0,0.0
2018-01-03,0.0,0.0
2018-01-04,0.0,0.0
2018-01-05,0.0,0.0
2018-01-06,0.0,0.0
2018-01-07,0.0,0.0
2018-01-08,0.0,0.0
2018-01-09,0.0,0.0
2018-01-10,0.0,0.0
2018-01-11,0.0,0.0
2018-01-12,0.0,0.0
2018-01-13,0.0,0.0
2018-01-14,0.0,0.0
2018-01-15,0.0,0.0
2018-01-16,0.0,0.0
2018-01-17,0.0,0.0
2018-01-18,0.0,0.0
2018-01-19,0.0,0.0
2018-01-20,0.0,0.0
2018-01-21,0.0,0.0
2018-01-22,0.0,0.0
2018-01-23,0.0,0.0
2018-01-24,0.0,0.0
2018-01-25,0.0,0.0
2018-01-26,0.0,0.0
2018-01-27,0.0,0.0
2018-01-28,0.0,0.0
2018-01-29,0.0,0.0
2018-01-30,0.0,0.0
2018-01-31,0.0,0.0
2018-02-01,0.0,0.0
2018-02-02,0.0,0.0
2018-02-03,0.0,0.0
2018-02-04,0.0,0.0
2018-02-05,0.0,0.0
2018-02-06,0.0,0.0
2018-02-07,0.0,0.0
2018-02-08,0.0,0.0
2018-02-09,0.0,0.0
2018-02-10,0.0,0.0
2018-02-11,0.0,0.0
2018-02-12,0.0,0.0
2018-02-13,0.0,0.0
2018-02-14,0.0,0.0
2018-02-15,0.0,0.0
2018-02-16,0.0,0.0
2018-02-17,0.0,0.0
2018-02-18,0.0,0.0
2018-02-19,0.0,0.0
2018-02-20,0.0,0.0
2018-02-21,0.0,0.0
2018-02-22,0.0,0.0
2018-02-23,0.0,0.0
2018-02-24,0.0,0.0
2018-02-25,0.0,0.0
2018-02-26,0.0,0.0
2018-02-27,0.0,0.0
2018-02-28,0.0,0.0
2018-03-01,0.0,0.0
2018-03-02,0.0,0.0
2018-03-03,0.0,0.0
2018-03-04,0.0,0.0
2018-03-05,0.0,0.0
2018-03-06,0.0,0.0
2018-03-07,0.0,0.0
2018-03-08,0.0,0.0
2018-03-09,0.0,0.0
2018-03-10,0.0,0.0
2018-03-11,0.0,0.0
2018-03-12,0.0,0.0
2018-03-13,0.0,0.0
2018-03-14,0.0,0.0
2018-03-15,0.0,0.0
2018-03-16,0.0,0.0
2018-03-17,0.0,0.0
2018-03-18,0.0,0.0
2018-03-19,0.0,0.0
2018-03-20,0.0,0.0
2018-03-21,0.0,0.0
2018-03-22,0.0,0.0
2018-03-23,0.0,0.0
2018-03-24,0.0,0.0
2018-03-25,0.0,0.0
2018-03-26,0.0,0.0
2018-03-27,0.0,0.0
2018-03-28,0.0,0.0
2018-03-29,0.0,0.0
2018-03-30,0.0,0.0
2018-03-31,0.0,0.0
2018-04-01,0.0,0.0
2018-04-02,0.0,0.0
2018-04-03,0.0,0.0
2018-04-04,0.0,0.0
2018-04-05,0.0,0.0
2018-04-06,0.0,0.0
2018-04-07,0.0,0.0
2018-04-08,0.0,0.0
2018-04-09,0.0,0.0
2018-04-10,0.0,0.0
2018-04-11,0.0,0.0
2018-04-12,0.0,0.0
2018-04-13,0.0,0.0
2018-04-14,0.0,0.0
2018-04-15,0.0,0.0
2018-04-16,0.0,0.0
2018-04-17,0.0,0.0
2018-04-18,0.0,0.0
2018-04-19,0.0,0.0
2018-04-20,0.0,0.0
2018-04-21,0.0,0.0
2018-04-22,0.0,0.0
2018-04-23,0.0,0.0
2018-04-24,0.0,0.0
2018-04-25,0.0,0.0
2018-04-26,0.0,0.0
2018-04-27,0.0,0.0
2018-04-28,0.0,0.0
2018-04-29,0.0,0.0
2018-04-30,0.0,0.0
2018-05-01,0.0,0.0
2018-05-02,0.0,0.0
2018-05-03,0.0,0.0
2018-05-04,0.0,0.0
2018-05-05,0.0,0.0
2018-05-06,0.0,0.0
2018-05-07,0.0,0.0
2018-05-08,0.0,0.0
2018-05-09,0.0,0.0
2018-05-10,0.0,0.0
2018-05-11,0.0,0.0
2018-05-12,0.0,0.0
2018-05-13,0.0,0.0
2018-05-14,0.0,0.0
2018-05-15,0.0,0.0
2018-05-16,0.0,0.0
2018-05-17,0.0,0.0
2018-05-18,0.0,0.0
2018-05-19,0.0,0.0
2018-05-20,0.0,0.0
2018-05-21,0.0,0.0
2018-05-22,0.0,0.0
2018-05-23,0.0,0.0
2018-05-24,0.0,0.0
2018-05-25,0.0,0.0
2018-05-26,0.0,0.0
2018-05-27,0.0,0.0
2018-05-28,0.0,0.0
2018-05-29,0.0,0.0
2018-05-30,0.0,0.0
2018-05-31,0.0,0.0
2018-06-01,0.0,0.0
2018-06-02,0.0,0.0
2018-06-03,0.0,0.0
2018-06-04,0.0,0.0
2018-06-05,0.0,0.0
2018-06-06,0.0,0.0
2018-06-07,0.0,0.0
2018-06-08,0.0,0.0
2018-06-09,0.0,0.0
2018-06-10,0.0,0.0
2018-06-11,0.0,0.0
2018-06-12,0.0,0.0
2018-06-13,0.0,0.0
2018-06-14,0.0,0.0
2018-06-15,0.0,0.0
2018-06-16,0.0,0.0
2018-06-17,0.0,0.0
2018-06-18,0.0,0.0
2018-06-19,0.0,0.0
2018-06-20,0.0,0.0
2018-06-21,0.0,0.0
2018-06-22,0.0,0.0
2018-06-23,0.0,0.0
2018-06-24,0.0,0.0
2018-06-25,0.0,0.0
2018-06-26,0.0,0.0
2018-06-27,0.0,0.0
2018-06-28,0.0,0.0
2018-06-29,0.0,0.0
2018-06-30,0.0,0.0
2018-07-01,0.0,0.0
2018-07-02,0.0,0.0
2018-07-03,0.0,0.0
2018-07-04,0.0,0.0
2018-07-05,0.0,0.0
2018-07-06,0.0,0.0
2018-07-07,0.0,0.0
2018-07-08,0.0,0.0
2018-07-09,0.0,0.0
2018-07-10,0.0,0.0
2018-07-11,0.0,0.0
2018-07-12,0.0,0.0
2018-07-13,0.0,0.0
2018-07-14,0.0,0.0
2018-07-15,0.0,0.0
2018-07-16,0.0,0.0
2018-07-17,0.0,0.0
2018-07-18,0.0,0.0
2018-07-19,0.0,0.0
2018-07-20,0.0,0.0
2018-07-21,0.0,0.0
2018-07-22,0.0,0.0
2018-07-23,0.0,0.0
2018-07-24,0.0,0.0
2018-07-25,0.0,0.0
2018-07-26,0.0,0.0
2018-07-27,0.0,0.0
2018-07-28,0.0,0.0
2018-07-29,0.0,0.0
2018-07-30,0.0,0.0
2018-07-31,0.0,0.0
2018-08-01,0.0,0.0
2018-08-02,0.0,0.0
2018-08-03,0.0,0.0
2018-08-04,0.0,0.0
2018-08-05,0.0,0.0
2018-08-06,0.0,0.0
2018-08-07,0.0,0.0
2018-08-08,0.0,0.0
2018-08-09,0.0,0.0
2018-08-10,0.0,0.0
2018-08-11,0.0,0.0
2018-08-12,0.0,0.0
2018-08-13,0.0,0.0
2018-08-14,0.0,0.0
2018-08-15,0.0,0.0
2018-08-16,0.0,0.0
2018-08-17,0.0,0.0
2018-08-18,0.0,0.0
2018-08-19,0.0,0.0
2018-08-20,0.0,0.0
2018-08-21,0.0,0.0
2018-08-22,0.0,0.0
2018-08-23,0.0,0.0
2018-08-24,0.0,0.0
2018-08-25,0.0,0.0
2018-08-26,0.0,0.0
2018-08-27,0.0,0.0
2018-08-28,0.0,0.0
2018-08-29,0.0,0.0
2018-08-30,0.0,0.0
2018-08-31,0.0,0.0
2018-09-01,0.0,0.0
2018-09-02,0.0,0.0
2018-09-03,0.0,0.0
2018-09-04,0.0,0.0
2018-09-05,0.0,0.0
2018-09-06,0.0,0.0
2018-09-07,0.0,0.0
2018-09-08,0.0,0.0
2018-09-09,0.0,0.0
2018-09-10,0.0,0.0
2018-09-11,0.0,0.0
2018-09-12,0.0,0.0
2018-09-13,0.0,0.0
2018-09-14,0.0,0.0
2018-09-15,0.0,0.0
2018-09-16,0.0,0.0
2018-09-17,0.0,0.0
2018-09-18,0.0,0.0
2018-09-19,0.0,0.0
2018-09-20,0.0,0.0
2018-09-21,0.0,0.0
2018-09-22,0.0,0.0
2018-09-23,0.0,0.0
2018-09-24,0.0,0.0
2018-09-25,0.0,0.0
2018-09-26,0.0,0.0
2018-09-27,0.0,0.0
2018-09-28,0.0,0.0
2018-09-29,0.0,0.0
2018-09-30,0.0,0.0
2018-10-01,0.0,0.0
2018-10-02,0.0,0.0
2018-10-03,0.0,0.0
2018-10-04,0.0,0.0
2018-10-05,0.0,0.0
2018-10-06,0.0,0.0
2018-10-07,0.0,0.0
2018-10-08,0.0,0.0
2018-10-09,0.0,0.0
2018-10-10,0.0,0.0
2018-10-11,0.0,0.0
2018-10-12,0.0,0.0
2018-10-13,0.0,0.0
2018-10-14,0.0,0.0
2018-10-15,0.0,0.0
2018-10-16,0.0,0.0
2018-10-17,0.0,0.0
2018-10-18,0.0,0.0
2018-10-19,0.0,0.0
2018-10-20,0.0,0.0
2018-10-21,0.0,0.0
2018-10-22,0.0,0.0
2018-10-23,0.0,0.0
2018-10-24,0.0,0.0
2018-10-25,0.0,0.0
2018-10-26,0.0,0.0
2018-10-27,0.0,0.0
2018-10-28,0.0,0.0
2018-10-29,0.0,0.0
2018-10-30,0.0,0.0
2018-10-31,0.0,0.0
2018-11-01,0.0,0.0
2018-11-02,0.0,0.0
2018-11-03,0.0,0.0
2018-11-04,0.0,0.0
2018-11-05,0.0,0.0
2018-11-06,0.0,0.0
2018-11-07,0.0,0.0
2018-11-08,0.0,0.0
2018-11-09,0.0,0.0
2018-11-10,0.0,0.0
2018-11-11,0.0,0.0
2018-11-12,0.0,0.0
2018-11-13,0.0,0.0
2018-11-14,0.0,0.0
2018-11-15,0.0,0.0
2018-11-16,0.0,0.0
2018-11-17,0.0,0.0
2018-11-18,0.0,0.0
2018-11-19,0.0,0.0
2018-11-20,0.0,0.0
2018-11-21,0.0,0.0
2018-11-22,0.0,0.0
2018-11-23,0.0,0.0
2018-11-24,0.0,0.0
2018-11-25,0.0,0.0
2018-11-26,0.0,0.0
2018-11-27,0.0,0.0
2018-11-28,0.0,0.0
2018-11-29,0.0,0.0
2018-11-30,0.0,0.0
2018-12-01,0.0,0.0
2018-12-02,0.0,0.0
2018-12-03,0.0,0.0
2018-12-04,0.0,0.0
2018-12-05,0.0,0.0
2018-12-06,0.0,0.0
2018-12-07,0.0,0.0
2018-12-08,0.0,0.0
2018-12-09,0.0,0.0
2018-12-10,0.0,0.0
2018-12-11,0.0,0.0
2018-12-12,0.0,0.0
2018-12-13,0.0,0.0
2018-12-14,0.0,0.0
2018-12-15,0.0,0.0
2018-12-16,0.0,0.0
2018-12-17,0.0,0.0
2018-12-18,0.0,0.0
2018-12-19,0.0,0.0
2018-12-20,0.0,0.0
2018-12-21,0.0,0.0
2018-12-22,0.0,0.0
2018-12-23,0.0,0.0
2018-12-24,0.0,0.0
2018-12-25,0.0,0.0
2018-12-26,0.0,0.0
2018-12-27,0.0,0.0
2018-12-28,0.0,0.0
2018-12-29,0.0,0.0
2018-12-30,0.0,0.0
2018-12-31,0.0,0.0
2019-01-01,0.0,0.0
2019-01-02,0.0,0.0
2019-01-03,0.0,0.0
2019-01-04,0.0,0.0
2019-01-05,0.0,0.0
2019-01-06,0.0,0.0
2019-01-07,0.0,0.0
2019-01-08,0.0,0.0
2019-01-09,0.0,0.0
2019-01-10,0.0,0.0
2019-01-11,0.0,0.0
2019-01-12,0.0,0.0
2019-01-13,0.0,0.0
2019-01-14,0.0,0.0
2019-01-15,0.0,0.0
2019-01-16,0.0,0.0
2019-01-17,0.0,0.0
2019-01-18,0.0,0.0
2019-01-19,0.0,0.0
2019-01-20,0.0,0.0
2019-01-21,0.0,0.0
2019-01-22,0.0,0.0
2019-01-23,0.0,0.0
2019-01-24,0.0,0.0
2019-01-25,0.0,0.0
2019-01-26,0.0,0.0
2019-01-27,0.0,0.0
2019-01-28,0.0,0.0
2019-01-29,0.0,0.0
2019-01-30,0.0,0.0
2019-01-31,0.0,0.0
2019-02-01,0.0,0.0
2019-02-02,0.0,0.0
2019-02-03,0.0,0.0
2019-02-04,0.0,0.0
2019-02-05,0.0,0.0
2019-02-06,0.0,0.0
2019-02-07,0.0,0.0
2019-02-08,0.0,0.0
2019-02-09,0.0,0.0
2019-02-10,0.0,0.0
2019-02-11,0.0,0.0
2019-02-12,0.0,0.0
2019-02-13,0.0,0.0
2019-02-14,0.0,0.0
2019-02-15,0.0,0.0
2019-02-16,0.0,0.0
2019-02-17,0.0,0.0
2019-02-18,0.0,0.0
2019-02-19,0.0,0.0
2019-02-20,0.0,0.0
2019-02-21,0.0,0.0
2019-02-22,0.0,0.0
2019-02-23,0.0,0.0
2019-02-24,0.0,0.0
2019-02-25,0.0,0.0
2019-02-26,0.0,0.0
2019-02-27,0.0,0.0
2019-02-28,0.0,0.0
2019-03-01,0.0,0.0
2019-03-02,0.0,0.0
2019-03-03,0.0,0.0
2019-03-04,0.0,0.0
2019-03-05,0.0,0.0
2019-03-06,0.0,0.0
2019-03-07,0.0,0.0
2019-03-08,0.0,0.0
2019-03-09,0.0,0.0
2019-03-10,0.0,0.0
2019-03-11,0.0,0.0
2019-03-12,0.0,0.0
2019-03-13,0.0,0.0
2019-03-14,0.0,0.0
2019-03-15,0.0,0.0
2019-03-16,0.0,0.0
2019-03-17,0.0,0.0
2019-03-18,0.0,0.0
2019-03-19,0.0,0.0
2019-03-20,0.0,0.0
2019-03-21,0.0,0.0
2019-03-22,0.0,0.0
2019-03-23,0.0,0.0
2019-03-24,0.0,0.0
2019-03-25,0.0,0.0
2019-03-26,0.0,0.0
2019-03-27,0.0,0.0
2019-03-28,0.0,0.0
2019-03-29,0.0,0.0
2019-03-30,0.0,0.0
2019-03-31,0.0,0.0
2019-04-01,0.0,0.0
2019-04-02,0.0,0.0
2019-04-03,0.0,0.0
2019-04-04,0.0,0.0
2019-04-05,0.0,0.0
2019-04-06,0.0,0.0
2019-04-07,0.0,0.0
2019-04-08,0.0,0.0
2019-04-09,0.0,0.0
2019-04-10,0.0,0.0
2019-04-11,0.0,0.0
2019-04-12,0.0,0.0
2019-04-13,0.0,0.0
2019-04-14,0.0,0.0
2019-04-15,0.0,0.0
2019-04-16,0.0,0.0
2019-04-17,0.0,0.0
2019-04-18,0.0,0.0
2019-04-19,0.0,0.0
2019-04-20,0.0,0.0
2019-04-21,0.0,0.0
2019-04-22,0.0,0.0
2019-04-23,0.0,0.0
2019-04-24,0.0,0.0
2019-04-25,0.0,0.0
2019-04-26,0.0,0.0
2019-04-27,0.0,0.0
2019-04-28,0.0,0.0
2019-04-29,0.0,0.0
2019-04-30,0.0,0.0
2019-05-01,0.0,0.0
2019-05-02,0.0,0.0
2019-05-03,0.0,0.0
2019-05-04,0.0,0.0
2019-05-05,0.0,0.0
2019-05-06,0.0,0.0
2019-05-07,0.0,0.0
2019-05-08,0.0,0.0
2019-05-09,0.0,0.0
2019-05-10,0.0,0.0
2019-05-11,0.0,0.0
2019-05-12,0.0,0.0
2019-05-13,0.0,0.0
2019-05-14,0.0,0.0
2019-05-15,0.0,0.0
2019-05-16,0.0,0.0
2019-05-17,0.0,0.0
2019-05-18,0.0,0.0
2019-05-19,0.0,0.0
2019-05-20,0.0,0.0
2019-05-21,0.0,0.0
2019-05-22,0.0,0.0
2019-05-23,0.0,0.0
2019-05-24,0.0,0.0
2019-05-25,0.0,0.0
2019-05-26,0.0,0.0
2019-05-27,0.0,0.0
2019-05-28,0.0,0.0
2019-05-29,0.0,0.0
2019-05-30,0.0,0.0
2019-05-31,0.0,0.0
2019-06-01,0.0,0.0
2019-06-02,0.0,0.0
2019-06-03,0.0,0.0
2019-06-04,0.0,0.0
2019-06-05,0.0,0.0
2019-06-06,0.0,0.0
2019-06-07,0.0,0.0
2019-06-08,0.0,0.0
2019-06-09,0.0,0.0
2019-06-10,0.0,0.0
2019-06-11,0.0,0.0
2019-06-12,0.0,0.0
2019-06-13,0.0,0.0
2019-06-14,0.0,0.0
2019-06-15,0.0,0.0
2019-06-16,0.0,0.0
2019-06-17,0.0,0.0
2019-06-18,0.0,0.0
2019-06-19,0.0,0.0
2019-06-20,0.0,0.0
2019-06-21,0.0,0.0
2019-06-22,0.0,0.0
2019-06-23,0.0,0.0
2019-06-24,0.0,0.0
2019-06-25,0.0,0.0
2019-06-26,0.0,0.0
2019-06-27,0.0,0.0
2019-06-28,0.0,0.0
2019-06-29,0.0,0.0
2019-06-30,0.0,0.0
2019-07-01,0.0,0.0
2019-07-02,0.0,0.0
2019-07-03,0.0,0.0
2019-07-04,0.0,0.0
2019-07-05,0.0,0.0
2019-07-06,0.0,0.0
2019-07-07,0.0,0.0
2019-07-08,0.0,0.0
2019-07-09,0.0,0.0
2019-07-10,0.0,0.0
2019-07-11,0.0,0.0
2019-07-12,0.0,0.0
2019-07-13,0.0,0.0
2019-07-14,0.0,0.0
2019-07-15,0.0,0.0
2019-07-16,0.0,0.0
2019-07-17,0.0,0.0
2019-07-18,0.0,0.0
2019-07-19,0.0,0.0
2019-07-20,0.0,0.0
2019-07-21,0.0,0.0
2019-07-22,0.0,0.0
2019-07-23,0.0,0.0
2019-07-24,0.0,0.0
2019-07-25,0.0,0.0
2019-07-26,0.0,0.0
2019-07-27,0.0,0.0
2019-07-28,344.0,353.0
2019-07-29,353.0,362.0
2019-07-30,361.0,371.0
2019-07-31,366.0,376.0
2019-08-01,371.0,381.0
2019-08-02,373.0,383.0
2019-08-03,374.0,385.0
2019-08-04,372.0,383.0
2019-08-05,371.0,382.0
2019-08-06,367.0,378.0
2019-08-07,363.0,373.0
2019-08-08,368.0,378.0
2019-08-09,375.0,383.0
2019-08-10,383.0,390.0
2019-08-11,391.0,398.0
2019-08-12,400.0,406.0
2019-08-13,408.0,415.0
2019-08-14,416.0,422.0
2019-08-15,424.0,431.0
2019-08-16,432.0,441.0
2019-08-17,439.0,447.0
2019-08-18,447.0,454.0
2019-08-19,455.0,462.0
2019-08-20,459.0,466.0
2019-08-21,462.0,470.0
2019-08-22,465.0,474.0
2019-08-23,468.0,477.0
2019-08-24,472.0,481.0
2019-08-25,476.0,484.0
2019-08-26,478.0,488.0
2019-08-27,480.0,491.0
2019-08-28,478.0,492.0
2019-08-29,477.0,491.0
2019-08-30,476.0,490.0
2019-08-31,474.0,488.0
2019-09-01,473.0,487.0
2019-09-02,473.0,486.0
2019-09-03,471.0,485.0
2019-09-04,468.0,483.0
2019-09-05,466.0,481.0
2019-09-06,465.0,479.0
2019-09-07,454.0,469.0
2019-09-08,444.0,459.0
2019-09-09,434.0,449.0
2019-09-10,425.0,439.0
2019-09-11,416.0,430.0
2019-09-12,407.0,422.0
2019-09-13,398.0,413.0
2019-09-14,388.0,403.0
2019-09-15,379.0,393.0
2019-09-16,371.0,384.0
2019-09-17,362.0,376.0
2019-09-18,354.0,367.0
2019-09-19,346.0,359.0
2019-09-20,339.0,352.0
2019-09-21,333.0,345.0
2019-09-22,331.0,342.0
2019-09-23,329.0,341.0
2019-09-24,332.0,343.0
2019-09-25,340.0,351.0
2019-09-26,355.0,363.0
2019-09-27,376.0,382.0
2019-09-28,397.0,403.0
2019-09-29,423.0,428.0
2019-09-30,449.0,455.0
2019-10-01,478.0,484.0
2019-10-02,510.0,516.0
2019-10-03,544.0,549.0
2019-10-04,576.0,582.0
2019-10-05,610.0,614.0
2019-10-06,642.0,646.0
2019-10-07,673.0,678.0
2019-10-08,705.0,710.0
2019-10-09,737.0,742.0
2019-10-10,769.0,773.0
2019-10-11,798.0,804.0
2019-10-12,828.0,833.0
2019-10-13,859.0,863.0
2019-10-14,890.0,894.0
2019-10-15,921.0,925.0
2019-10-16,952.0,956.0
2019-10-17,982.0,986.0
2019-10-18,1012.0,1016.0
2019-10-19,1042.0,1046.0
2019-10-20,1072.0,1075.0
2019-10-21,1102.0,1105.0
2019-10-22,1128.0,1131.0
2019-10-23,1153.0,1157.0
2019-10-24,1174.0,1178.0
2019-10-25,1190.0,1194.0
2019-10-26,1202.0,1205.0
2019-10-27,1209.0,1213.0
2019-10-28,1217.0,1221.0
2019-10-29,1220.0,1224.0
2019-10-30,1223.0,1227.0
2019-10-31,1222.0,1227.0
2019-11-01,1218.0,1223.0
2019-11-02,1214.0,1218.0
2019-11-03,1210.0,1214.0
2019-11-04,1205.0,1210.0
2019-11-05,1201.0,1206.0
2019-11-06,1196.0,1201.0
2019-11-07,1190.0,1196.0
2019-11-08,1184.0,1191.0
2019-11-09,1179.0,1185.0
2019-11-10,1174.0,1179.0
2019-11-11,1168.0,1174.0
2019-11-12,1162.0,1168.0
2019-11-13,1155.0,1163.0
2019-11-14,1148.0,1156.0
2019-11-15,1140.0,1148.0
2019-11-16,1132.0,1140.0
2019-11-17,1125.0,1133.0
2019-11-18,1116.0,1125.0
2019-11-19,1111.0,1120.0
2019-11-20,1106.0,1115.0
2019-11-21,1099.0,1109.0
2019-11-22,1092.0,1103.0
2019-11-23,1084.0,1095.0
2019-11-24,1078.0,1088.0
2019-11-25,1070.0,1081.0
2019-11-26,1063.0,1074.0
2019-11-27,1057.0,1068.0
2019-11-28,1051.0,1062.0
2019-11-29,1047.0,1058.0
2019-11-30,1043.0,1054.0
2019-12-01,1040.0,1050.0
2019-12-02,1036.0,1047.0
2019-12-03,1033.0,1044.0
2019-12-04,1029.0,1040.0
2019-12-05,1026.0,1037.0
2019-12-06,1023.0,1035.0
2019-12-07,1021.0,1032.0
2019-12-08,1019.0,1029.0
2019-12-09,1017.0,1027.0
2019-12-10,1014.0,1025.0
2019-12-11,1011.0,1023.0
2019-12-12,1009.0,1020.0
2019-12-13,1006.0,1017.0
2019-12-14,1005.0,1015.0
2019-12-15,1004.0,1013.0
2019-12-16,1004.0,1014.0
2019-12-17,1003.0,1014.0
2019-12-18,1003.0,1014.0
2019-12-19,999.0,1010.0
2019-12-20,995.0,1006.0
2019-12-21,991.0,1002.0
2019-12-22,988.0,998.0
2019-12-23,985.0,995.0
2019-12-24,982.0,992.0
2019-12-25,979.0,988.0
2019-12-26,976.0,985.0
2019-12-27,971.0,980.0
2019-12-28,966.0,975.0
2019-12-29,959.0,969.0
2019-12-30,953.0,962.0
2019-12-31,946.0,956.0
2020-01-01,940.0,949.0
2020-01-02,934.0,943.0
2020-01-03,927.0,937.0
2020-01-04,920.0,929.0
2020-01-05,913.0,922.0
2020-01-06,906.0,915.0
2020-01-07,900.0,909.0
2020-01-08,896.0,905.0
2020-01-09,893.0,902.0
2020-01-10,895.0,904.0
2020-01-11,899.0,908.0
2020-01-12,906.0,914.0
2020-01-13,912.0,920.0
2020-01-14,918.0,927.0
2020-01-15,923.0,931.0
2020-01-16,928.0,936.0
2020-01-17,932.0,941.0
2020-01-18,937.0,945.0
2020-01-19,942.0,950.0
2020-01-20,948.0,955.0
2020-01-21,954.0,961.0
2020-01-22,959.0,967.0
2020-01-23,965.0,973.0
2020-01-24,970.0,978.0
2020-01-25,975.0,983.0
2020-01-26,981.0,988.0
2020-01-27,986.0,994.0
2020-01-28,991.0,999.0
2020-01-29,996.0,1004.0
2020-01-30,1002.0,1010.0
2020-01-31,1007.0,1015.0
2020-02-01,1012.0,1020.0
2020-02-02,1018.0,1026.0
2020-02-03,1023.0,1032.0
2020-02-04,1028.0,1037.0
2020-02-05,1033.0,1042.0
2020-02-06,1037.0,1046.0
2020-02-07,1040.0,1048.0
2020-02-08,1042.0,1050.0
2020-02-09,1040.0,1047.0
2020-02-10,1035.0,1043.0
2020-02-11,1027.0,1036.0
2020-02-12,1019.0,1029.0
2020-02-13,1012.0,1022.0
2020-02-14,1007.0,1018.0
2020-02-15,1002.0,1013.0
2020-02-16,998.0,1008.0
2020-02-17,995.0,1005.0
2020-02-18,991.0,1001.0
2020-02-19,986.0,997.0
2020-02-20,981.0,992.0
2020-02-21,977.0,987.0
2020-02-22,972.0,982.0
2020-02-23,969.0,978.0
2020-02-24,964.0,974.0
2020-02-25,959.0,970.0
2020-02-26,954.0,965.0
2020-02-27,950.0,960.0
2020-02-28,945.0,957.0
2020-02-29,941.0,952.0
2020-03-01,936.0,948.0
2020-03-02,934.0,945.0
2020-03-03,932.0,944.0
2020-03-04,930.0,942.0
2020-03-05,930.0,942.0
2020-03-06,929.0,942.0
2020-03-07,932.0,945.0
2020-03-08,935.0,947.0
2020-03-09,937.0,950.0
2020-03-10,937.0,951.0
2020-03-11,937.0,951.0
2020-03-12,938.0,952.0
2020-03-13,940.0,953.0
2020-03-14,941.0,954.0
2020-03-15,940.0,952.0
2020-03-16,938.0,950.0
2020-03-17,936.0,949.0
2020-03-18,934.0,947.0
2020-03-19,932.0,945.0
2020-03-20,931.0,944.0
2020-03-21,929.0,942.0
2020-03-22,928.0,940.0
2020-03-23,931.0,944.0
2020-03-24,936.0,949.0
2020-03-25,940.0,953.0
2020-03-26,944.0,957.0
2020-03-27,947.0,962.0
2020-03-28,951.0,965.0
2020-03-29,954.0,967.0
2020-03-30,958.0,971.0
2020-03-31,960.0,974.0
2020-04-01,960.0,974.0
2020-04-02,961.0,973.0
2020-04-03,960.0,974.0
2020-04-04,958.0,971.0
2020-04-05,957.0,969.0
2020-04-06,953.0,965.0
2020-04-07,947.0,960.0
2020-04-08,942.0,954.0
2020-04-09,939.0,949.0
2020-04-10,936.0,946.0
2020-04-11,933.0,943.0
2020-04-12,930.0,940.0
2020-04-13,928.0,937.0
2020-04-14,925.0,935.0
2020-04-15,922.0,932.0
2020-04-16,920.0,929.0
2020-04-17,918.0,927.0
2020-04-18,915.0,925.0
2020-04-19,914.0,922.0
2020-04-20,912.0,920.0
2020-04-21,910.0,919.0
2020-04-22,904.0,913.0
2020-04-23,897.0,904.0
2020-04-24,891.0,897.0
2020-04-25,885.0,891.0
2020-04-26,880.0,885.0
2020-04-27,875.0,880.0
2020-04-28,870.0,875.0
2020-04-29,864.0,870.0
2020-04-30,860.0,865.0
2020-05-01,856.0,860.0
2020-05-02,851.0,856.0
2020-05-03,848.0,851.0
2020-05-04,844.0,848.0
2020-05-05,841.0,844.0
2020-05-06,837.0,841.0
2020-05-07,834.0,837.0
2020-05-08,831.0,834.0
2020-05-09,828.0,831.0
2020-05-10,825.0,828.0
2020-05-11,822.0,825.0
2020-05-12,819.0,822.0
2020-05-13,816.0,819.0
2020-05-14,813.0,816.0
2020-05-15,810.0,813.0
2020-05-16,810.0,813.0
2020-05-17,811.0,814.0
2020-05-18,812.0,815.0
2020-05-19,812.0,815.0
2020-05-20,813.0,816.0
2020-05-21,813.0,816.0
2020-05-22,813.0,817.0
2020-05-23,814.0,817.0
2020-05-24,814.0,817.0
2020-05-25,814.0,817.0
2020-05-26,814.0,818.0
2020-05-27,814.0,818.0
2020-05-28,814.0,818.0
2020-05-29,814.0,818.0
2020-05-30,813.0,817.0
2020-05-31,813.0,817.0
2020-06-01,813.0,816.0
2020-06-02,812.0,816.0
2020-06-03,811.0,815.0
2020-06-04,811.0,815.0
2020-06-05,810.0,814.0
2020-06-06,809.0,813.0
2020-06-07,808.0,812.0
2020-06-08,808.0,812.0
2020-06-09,807.0,811.0
2020-06-10,806.0,810.0
2020-06-11,806.0,810.0
2020-06-12,805.0,809.0
2020-06-13,804.0,808.0
2020-06-14,803.0,807.0
2020-06-15,799.0,803.0
2020-06-16,796.0,800.0
2020-06-17,792.0,796.0
2020-06-18,789.0,793.0
2020-06-19,787.0,791.0
2020-06-20,784.0,788.0
2020-06-21,780.0,786.0
2020-06-22,775.0,781.0
2020-06-23,772.0,778.0
2020-06-24,769.0,775.0
2020-06-25,765.0,772.0
2020-06-26,760.0,768.0
2020-06-27,756.0,763.0
2020-06-28,752.0,759.0
2020-06-29,749.0,755.0
2020-06-30,745.0,752.0
2020-07-01,740.0,748.0
2020-07-02,735.0,743.0
2020-07-03,731.0,738.0
2020-07-04,726.0,733.0
2020-07-05,722.0,729.0
2020-07-06,717.0,725.0
2020-07-07,713.0,720.0
2020-07-08,708.0,716.0
2020-07-09,705.0,713.0
2020-07-10,702.0,710.0
2020-07-11,700.0,707.0
2020-07-12,697.0,705.0
2020-07-13,695.0,703.0
2020-07-14,694.0,701.0
2020-07-15,692.0,700.0
2020-07-16,690.0,698.0
2020-07-17,689.0,696.0
2020-07-18,686.0,693.0
2020-07-19,683.0,691.0
2020-07-20,680.0,688.0
2020-07-21,680.0,685.0
2020-07-22,680.0,685.0
2020-07-23,679.0,684.0
2020-07-24,678.0,683.0
2020-07-25,678.0,682.0
2020-07-26,678.0,682.0
2020-07-27,678.0,682.0
2020-07-28,677.0,682.0
2020-07-29,679.0,684.0
2020-07-30,682.0,687.0
2020-07-31,685.0,689.0
2020-08-01,689.0,692.0
2020-08-02,692.0,696.0
2020-08-03,696.0,699.0
2020-08-04,699.0,703.0
2020-08-05,703.0,707.0
2020-08-06,706.0,710.0
2020-08-07,710.0,714.0
2020-08-08,712.0,716.0
2020-08-09,713.0,717.0
2020-08-10,714.0,718.0
2020-08-11,716.0,720.0
2020-08-12,717.0,721.0
2020-08-13,718.0,722.0
2020-08-14,718.0,723.0
2020-08-15,719.0,723.0
2020-08-16,720.0,724.0
2020-08-17,720.0,725.0
2020-08-18,721.0,725.0
2020-08-19,723.0,728.0
2020-08-20,724.0,729.0
2020-08-21,724.0,730.0
2020-08-22,725.0,731.0
2020-08-23,726.0,732.0
2020-08-24,726.0,733.0
2020-08-25,729.0,735.0
2020-08-26,729.0,737.0
2020-08-27,729.0,738.0
2020-08-28,727.0,735.0
2020-08-29,725.0,733.0
2020-08-30,723.0,731.0
2020-08-31,720.0,729.0
2020-09-01,718.0,727.0
2020-09-02,716.0,725.0
2020-09-03,714.0,722.0
2020-09-04,712.0,720.0
2020-09-05,710.0,718.0
2020-09-06,708.0,715.0
2020-09-07,704.0,714.0
2020-09-08,702.0,711.0
2020-09-09,699.0,709.0
2020-09-10,695.0,706.0
2020-09-11,691.0,702.0
2020-09-12,687.0,697.0
2020-09-13,683.0,693.0
2020-09-14,679.0,692.0
2020-09-15,676.0,689.0
2020-09-16,673.0,686.0
2020-09-17,671.0,684.0
2020-09-18,667.0,680.0
2020-09-19,665.0,677.0
2020-09-20,662.0,673.0
2020-09-21,657.0,670.0
2020-09-22,651.0,665.0
2020-09-23,648.0,662.0
2020-09-24,648.0,662.0
2020-09-25,647.0,661.0
2020-09-26,646.0,660.0
2020-09-27,646.0,660.0
2020-09-28,647.0,660.0
2020-09-29,650.0,663.0
2020-09-30,653.0,667.0
2020-10-01,655.0,670.0
2020-10-02,656.0,672.0
2020-10-03,656.0,673.0
2020-10-04,657.0,674.0
2020-10-05,655.0,675.0
2020-10-06,653.0,673.0
2020-10-07,650.0,670.0
2020-10-08,648.0,668.0
2020-10-09,646.0,666.0
2020-10-10,645.0,664.0
2020-10-11,645.0,663.0
2020-10-12,644.0,662.0
2020-10-13,643.0,662.0
2020-10-14,643.0,660.0
2020-10-15,640.0,658.0
2020-10-16,637.0,655.0
2020-10-17,635.0,652.0
2020-10-18,632.0,649.0
2020-10-19,629.0,647.0
2020-10-20,627.0,645.0
2020-10-21,627.0,644.0
2020-10-22,622.0,644.0
2020-10-23,616.0,637.0
2020-10-24,605.0,626.0
2020-10-25,597.0,616.0
2020-10-26,588.0,608.0
2020-10-27,576.0,600.0
2020-10-28,561.0,586.0
2020-10-29,546.0,572.0
2020-10-30,531.0,557.0
2020-10-31,517.0,542.0
2020-11-01,505.0,527.0
2020-11-02,493.0,515.0
2020-11-03,481.0,504.0
2020-11-04,472.0,493.0
2020-11-05,462.0,483.0
2020-11-06,452.0,473.0
2020-11-07,443.0,463.0
2020-11-08,432.0,453.0
2020-11-09,422.0,442.0
2020-11-10,410.0,432.0
2020-11-11,399.0,421.0
2020-11-12,387.0,409.0
2020-11-13,375.0,397.0
2020-11-14,364.0,384.0
2020-11-15,354.0,374.0
2020-11-16,343.0,363.0
2020-11-17,332.0,353.0
2020-11-18,323.0,344.0
2020-11-19,314.0,335.0
2020-11-20,305.0,324.0
2020-11-21,300.0,314.0
2020-11-22,295.0,309.0
2020-11-23,290.0,304.0
2020-11-24,285.0,299.0
2020-11-25,281.0,294.0
2020-11-26,280.0,290.0
2020-11-27,280.0,289.0
2020-11-28,279.0,286.0
2020-11-29,277.0,284.0
2020-11-30,275.0,282.0
2020-12-01,273.0,280.0
2020-12-02,270.0,278.0
2020-12-03,267.0,275.0
2020-12-04,264.0,271.0
2020-12-05,262.0,268.0
2020-12-06,261.0,266.0
2020-12-07,261.0,266.0
2020-12-08,260.0,265.0
2020-12-09,260.0,265.0
2020-12-10,261.0,264.0
2020-12-11,262.0,265.0
2020-12-12,262.0,266.0
2020-12-13,263.0,266.0
2020-12-14,264.0,267.0
2020-12-15,265.0,268.0
2020-12-16,265.0,268.0
2020-12-17,267.0,269.0
2020-12-18,265.0,268.0
2020-12-19,264.0,267.0
2020-12-20,263.0,266.0
2020-12-21,262.0,265.0
2020-12-22,261.0,264.0
2020-12-23,261.0,263.0
2020-12-24,260.0,263.0
2020-12-25,260.0,262.0
2020-12-26,259.0,262.0
2020-12-27,259.0,261.0
2020-12-28,259.0,261.0
2020-12-29,258.0,260.0
2020-12-30,258.0,260.0
2020-12-31,258.0,260.0
2021-01-01,259.0,260.0
2021-01-02,260.0,261.0
2021-01-03,259.0,262.0
2021-01-04,259.0,262.0
2021-01-05,259.0,262.0
2021-01-06,258.0,262.0
2021-01-07,258.0,261.0
2021-01-08,256.0,260.0
2021-01-09,254.0,258.0
2021-01-10,253.0,257.0
2021-01-11,252.0,256.0
2021-01-12,251.0,255.0
2021-01-13,251.0,255.0
2021-01-14,251.0,255.0
2021-01-15,251.0,256.0
2021-01-16,250.0,255.0
2021-01-17,248.0,254.0
2021-01-18,246.0,252.0
2021-01-19,244.0,250.0
2021-01-20,242.0,249.0
2021-01-21,240.0,247.0
2021-01-22,239.0,246.0
2021-01-23,239.0,245.0
2021-01-24,238.0,244.0
2021-01-25,237.0,243.0
2021-01-26,236.0,243.0
2021-01-27,236.0,243.0
2021-01-28,234.0,243.0
2021-01-29,232.0,241.0
2021-01-30,230.0,238.0
2021-01-31,228.0,236.0
2021-02-01,225.0,234.0
2021-02-02,225.0,232.0
2021-02-03,224.0,231.0
2021-02-04,223.0,230.0
2021-02-05,221.0,229.0
2021-02-06,220.0,228.0
2021-02-07,220.0,227.0
2021-02-08,219.0,226.0
2021-02-09,218.0,225.0
2021-02-10,216.0,224.0
2021-02-11,214.0,222.0
2021-02-12,210.0,218.0
2021-02-13,207.0,215.0
2021-02-14,204.0,211.0
2021-02-15,201.0,208.0
2021-02-16,199.0,205.0
2021-02-17,197.0,203.0
2021-02-18,196.0,201.0
2021-02-19,194.0,199.0
2021-02-20,191.0,197.0
2021-02-21,188.0,194.0
2021-02-22,184.0,190.0
2021-02-23,181.0,187.0
2021-02-24,178.0,184.0
2021-02-25,176.0,182.0
2021-02-26,173.0,179.0
2021-02-27,174.0,178.0
2021-02-28,175.0,178.0
2021-03-01,177.0,181.0
2021-03-02,178.0,183.0
2021-03-03,180.0,184.0
2021-03-04,181.0,186.0
2021-03-05,183.0,188.0
2021-03-06,184.0,189.0
2021-03-07,186.0,190.0
2021-03-08,188.0,193.0
2021-03-09,193.0,198.0
2021-03-10,201.0,207.0
2021-03-11,213.0,219.0
2021-03-12,224.0,230.0
2021-03-13,234.0,241.0
2021-03-14,245.0,252.0
2021-03-15,256.0,262.0
2021-03-16,265.0,273.0
2021-03-17,277.0,285.0
2021-03-18,289.0,298.0
2021-03-19,304.0,315.0
2021-03-20,319.0,331.0
2021-03-21,339.0,350.0
2021-03-22,359.0,372.0
2021-03-23,378.0,392.0
2021-03-24,399.0,414.0
2021-03-25,419.0,436.0
2021-03-26,440.0,459.0
2021-03-27,461.0,479.0
2021-03-28,481.0,500.0
2021-03-29,499.0,518.0
2021-03-30,517.0,538.0
2021-03-31,536.0,559.0
2021-04-01,553.0,578.0
2021-04-02,575.0,599.0
2021-04-03,596.0,621.0
2021-04-04,618.0,642.0
2021-04-05,639.0,664.0
2021-04-06,662.0,688.0
2021-04-07,689.0,715.0
2021-04-08,713.0,740.0
2021-04-09,734.0,762.0
2021-04-10,754.0,781.0
2021-04-11,774.0,800.0
2021-04-12,794.0,820.0
2021-04-13,812.0,840.0
2021-04-14,833.0,862.0
2021-04-15,856.0,885.0
2021-04-16,875.0,904.0
2021-04-17,896.0,924.0
2021-04-18,913.0,940.0
2021-04-19,930.0,957.0
2021-04-20,940.0,969.0
2021-04-21,948.0,977.0
2021-04-22,957.0,987.0
2021-04-23,970.0,1000.0
2021-04-24,984.0,1012.0
2021-04-25,996.0,1022.0
2021-04-26,1006.0,1034.0
2021-04-27,1014.0,1044.0
2021-04-28,1023.0,1054.0
2021-04-29,1032.0,1063.0
2021-04-30,1041.0,1073.0
2021-05-01,1053.0,1082.0
2021-05-02,1060.0,1088.0
2021-05-03,1065.0,1095.0
2021-05-04,1072.0,1105.0
2021-05-05,1079.0,1112.0
2021-05-06,1084.0,1118.0
2021-05-07,1084.0,1119.0
2021-05-08,1086.0,1119.0
2021-05-09,1087.0,1118.0
2021-05-10,1086.0,1118.0
2021-05-11,1085.0,1119.0
2021-05-12,1082.0,1118.0
2021-05-13,1080.0,1116.0
2021-05-14,1077.0,1113.0
2021-05-15,1074.0,1108.0
2021-05-16,1071.0,1105.0
2021-05-17,1070.0,1105.0
2021-05-18,1068.0,1104.0
2021-05-19,1064.0,1101.0
2021-05-20,1061.0,1098.0
2021-05-21,1065.0,1099.0
2021-05-22,1068.0,1100.0
2021-05-23,1065.0,1097.0
2021-05-24,1064.0,1097.0
2021-05-25,1065.0,1099.0
2021-05-26,1065.0,1099.0
2021-05-27,1070.0,1103.0
2021-05-28,1074.0,1106.0
2021-05-29,1077.0,1108.0
2021-05-30,1079.0,1107.0
2021-05-31,1080.0,1108.0
2021-06-01,1083.0,1113.0
2021-06-02,1086.0,1116.0
2021-06-03,1090.0,1119.0
2021-06-04,1094.0,1123.0
2021-06-05,1098.0,1125.0
2021-06-06,1104.0,1130.0
2021-06-07,1108.0,1136.0
2021-06-08,1112.0,1140.0
2021-06-09,1115.0,1144.0
2021-06-10,1122.0,1149.0
2021-06-11,1129.0,1157.0
2021-06-12,1138.0,1164.0
2021-06-13,1144.0,1169.0
2021-06-14,1149.0,1175.0
2021-06-15,1157.0,1184.0
2021-06-16,1160.0,1188.0
2021-06-17,1166.0,1194.0
2021-06-18,1172.0,1199.0
2021-06-19,1179.0,1206.0
2021-06-20,1183.0,1209.0
2021-06-21,1187.0,1212.0
2021-06-22,1192.0,1219.0
2021-06-23,1192.0,1221.0
2021-06-24,1196.0,1224.0
2021-06-25,1199.0,1227.0
2021-06-26,1200.0,1227.0
2021-06-27,1201.0,1227.0
2021-06-28,1200.0,1228.0
2021-06-29,1202.0,1232.0
2021-06-30,1204.0,1235.0
2021-07-01,1203.0,1234.0
2021-07-02,1202.0,1233.0
2021-07-03,1198.0,1228.0
2021-07-04,1198.0,1226.0
2021-07-05,1198.0,1226.0
2021-07-06,1197.0,1227.0
2021-07-07,1197.0,1226.0
2021-07-08,1201.0,1229.0
2021-07-09,1202.0,1233.0
2021-07-10,1200.0,1230.0
2021-07-11,1202.0,1230.0
2021-07-12,1201.0,1232.0
2021-07-13,1199.0,1234.0
2021-07-14,1199.0,1234.0
2021-07-15,1193.0,1229.0
2021-07-16,1191.0,1226.0
2021-07-17,1187.0,1222.0
2021-07-18,1185.0,1218.0
2021-07-19,1182.0,1216.0
2021-07-20,1176.0,1213.0
2021-07-21,1172.0,1209.0
2021-07-22,1166.0,1203.0
2021-07-23,1159.0,1196.0
2021-07-24,1150.0,1185.0
2021-07-25,1146.0,1179.0
2021-07-26,1141.0,1175.0
2021-07-27,1137.0,1173.0
2021-07-28,1135.0,1169.0
2021-07-29,1134.0,1167.0
2021-07-30,1132.0,1166.0
2021-07-31,1130.0,1162.0
2021-08-01,1134.0,1165.0
2021-08-02,1137.0,1169.0
2021-08-03,1137.0,1170.0
2021-08-04,1135.0,1170.0
2021-08-05,1131.0,1165.0
2021-08-06,1127.0,1162.0
2021-08-07,1119.0,1154.0
2021-08-08,1116.0,1147.0
2021-08-09,1113.0,1148.0
2021-08-10,1107.0,1143.0
2021-08-11,1103.0,1137.0
2021-08-12,1101.0,1134.0
2021-08-13,1098.0,1130.0
2021-08-14,1098.0,1127.0
2021-08-15,1101.0,1129.0
2021-08-16,1103.0,1131.0
2021-08-17,1105.0,1134.0
2021-08-18,1106.0,1136.0
2021-08-19,1112.0,1140.0
2021-08-20,1115.0,1144.0
2021-08-21,1120.0,1147.0
2021-08-22,1127.0,1153.0
2021-08-23,1132.0,1160.0
2021-08-24,1136.0,1165.0
2021-08-25,1139.0,1169.0
2021-08-26,1140.0,1169.0
2021-08-27,1140.0,1170.0
2021-08-28,1137.0,1166.0
2021-08-29,1136.0,1162.0
2021-08-30,1134.0,1161.0
2021-08-31,1130.0,1159.0
2021-09-01,1125.0,1155.0
2021-09-02,1121.0,1151.0
2021-09-03,1118.0,1147.0
2021-09-04,1115.0,1144.0
2021-09-05,1117.0,1144.0
2021-09-06,1119.0,1146.0
2021-09-07,1121.0,1150.0
2021-09-08,1119.0,1148.0
2021-09-09,1118.0,1147.0
2021-09-10,1116.0,1146.0
2021-09-11,1113.0,1141.0
2021-09-12,1112.0,1139.0
2021-09-13,1109.0,1139.0
2021-09-14,1104.0,1136.0
2021-09-15,1098.0,1130.0
2021-09-16,1093.0,1127.0
2021-09-17,1089.0,1123.0
2021-09-18,1082.0,1116.0
2021-09-19,1077.0,1109.0
2021-09-20,1068.0,1104.0
2021-09-21,1059.0,1096.0
2021-09-22,1048.0,1087.0
2021-09-23,1035.0,1074.0
2021-09-24,1021.0,1061.0
2021-09-25,1008.0,1047.0
2021-09-26,998.0,1036.0
2021-09-27,986.0,1026.0
2021-09-28,970.0,1014.0
2021-09-29,955.0,998.0
2021-09-30,936.0,980.0
2021-10-01,919.0,961.0
2021-10-02,901.0,941.0
2021-10-03,884.0,924.0
2021-10-04,866.0,906.0
2021-10-05,846.0,888.0
2021-10-06,823.0,867.0
2021-10-07,800.0,842.0
2021-10-08,776.0,819.0
2021-10-09,753.0,794.0
2021-10-10,736.0,774.0
2021-10-11,718.0,756.0
2021-10-12,697.0,737.0
2021-10-13,680.0,719.0
2021-10-14,662.0,700.0
2021-10-15,648.0,684.0
2021-10-16,632.0,666.0
2021-10-17,618.0,650.0
2021-10-18,604.0,639.0
2021-10-19,594.0,629.0
2021-10-20,587.0,621.0
2021-10-21,583.0,616.0
2021-10-22,582.0,615.0
2021-10-23,583.0,613.0
2021-10-24,586.0,614.0
2021-10-25,590.0,620.0
2021-10-26,594.0,625.0
2021-10-27,604.0,634.0
2021-10-28,616.0,645.0
2021-10-29,629.0,657.0
2021-10-30,643.0,669.0
2021-10-31,660.0,685.0
2021-11-01,675.0,702.0
2021-11-02,690.0,719.0
2021-11-03,706.0,734.0
2021-11-04,725.0,754.0
2021-11-05,751.0,777.0
2021-11-06,776.0,802.0
2021-11-07,804.0,828.0
2021-11-08,832.0,858.0
2021-11-09,856.0,886.0
2021-11-10,881.0,911.0
2021-11-11,906.0,937.0
2021-11-12,932.0,962.0
2021-11-13,956.0,985.0
2021-11-14,979.0,1008.0
2021-11-15,1001.0,1032.0
2021-11-16,1022.0,1054.0
2021-11-17,1041.0,1072.0
2021-11-18,1054.0,1088.0
2021-11-19,1066.0,1100.0
2021-11-20,1076.0,1108.0
2021-11-21,1088.0,1117.0
2021-11-22,1098.0,1128.0
2021-11-23,1109.0,1140.0
2021-11-24,1118.0,1148.0
2021-11-25,1123.0,1154.0
2021-11-26,1124.0,1156.0
2021-11-27,1126.0,1156.0
2021-11-28,1128.0,1157.0
2021-11-29,1130.0,1159.0
2021-11-30,1129.0,1160.0
2021-12-01,1128.0,1159.0
2021-12-02,1124.0,1156.0
2021-12-03,1120.0,1153.0
2021-12-04,1112.0,1143.0
2021-12-05,1099.0,1130.0
2021-12-06,1088.0,1119.0
2021-12-07,1075.0,1108.0
2021-12-08,1063.0,1093.0
2021-12-09,1051.0,1078.0
2021-12-10,1037.0,1064.0
2021-12-11,1026.0,1051.0
2021-12-12,1012.0,1036.0
2021-12-13,998.0,1024.0
2021-12-14,983.0,1010.0
2021-12-15,967.0,994.0
2021-12-16,956.0,982.0
2021-12-17,945.0,971.0
2021-12-18,937.0,960.0
2021-12-19,930.0,951.0
2021-12-20,924.0,946.0
2021-12-21,914.0,938.0
2021-12-22,905.0,928.0
2021-12-23,892.0,917.0
2021-12-24,880.0,904.0
2021-12-25,869.0,893.0
2021-12-26,859.0,881.0
2021-12-27,848.0,872.0
2021-12-28,837.0,861.0
2021-12-29,823.0,850.0
2021-12-30,814.0,838.0
2021-12-31,808.0,831.0
2022-01-01,804.0,825.0
2022-01-02,804.0,823.0
2022-01-03,801.0,822.0
2022-01-04,801.0,823.0
2022-01-05,798.0,821.0
2022-01-06,797.0,820.0
2022-01-07,799.0,822.0
2022-01-08,800.0,824.0
2022-01-09,806.0,829.0
2022-01-10,810.0,835.0
2022-01-11,813.0,839.0
2022-01-12,817.0,842.0
2022-01-13,820.0,846.0
2022-01-14,823.0,849.0
2022-01-15,823.0,848.0
2022-01-16,827.0,851.0
2022-01-17,831.0,855.0
2022-01-18,833.0,860.0
2022-01-19,833.0,859.0
2022-01-20,835.0,859.0
2022-01-21,836.0,860.0
2022-01-22,840.0,862.0
2022-01-23,845.0,867.0
2022-01-24,848.0,872.0
2022-01-25,850.0,875.0
2022-01-26,855.0,878.0
2022-01-27,856.0,882.0
2022-01-28,859.0,882.0
2022-01-29,859.0,883.0
2022-01-30,861.0,885.0
2022-01-31,861.0,886.0
2022-02-01,858.0,884.0
2022-02-02,857.0,881.0
2022-02-03,852.0,877.0
2022-02-04,848.0,872.0
2022-02-05,844.0,866.0
2022-02-06,837.0,859.0
2022-02-07,827.0,852.0
2022-02-08,814.0,839.0
2022-02-09,802.0,825.0
2022-02-10,788.0,813.0
2022-02-11,773.0,798.0
2022-02-12,759.0,782.0
2022-02-13,746.0,768.0
2022-02-14,732.0,756.0
2022-02-15,712.0,737.0
2022-02-16,691.0,716.0
2022-02-17,670.0,696.0
2022-02-18,648.0,675.0
2022-02-19,626.0,653.0
2022-02-20,608.0,635.0
2022-02-21,590.0,617.0
2022-02-22,570.0,599.0
2022-02-23,552.0,578.0
2022-02-24,533.0,560.0
2022-02-25,513.0,541.0
2022-02-26,496.0,522.0
2022-02-27,481.0,507.0
2022-02-28,464.0,492.0
2022-03-01,445.0,473.0
2022-03-02,427.0,453.0
2022-03-03,410.0,436.0
2022-03-04,392.0,418.0
2022-03-05,375.0,400.0
2022-03-06,363.0,388.0
2022-03-07,351.0,375.0
2022-03-08,339.0,363.0
2022-03-09,329.0,351.0
2022-03-10,320.0,342.0
2022-03-11,310.0,333.0
2022-03-12,302.0,323.0
2022-03-13,296.0,317.0
2022-03-14,290.0,312.0
2022-03-15,284.0,306.0
2022-03-16,280.0,300.0
2022-03-17,278.0,297.0
2022-03-18,275.0,295.0
2022-03-19,275.0,293.0
2022-03-20,276.0,292.0
2022-03-21,277.0,294.0
2022-03-22,273.0,290.0
2022-03-23,270.0,288.0
2022-03-24,267.0,284.0
2022-03-25,264.0,281.0
2022-03-26,261.0,278.0
2022-03-27,258.0,275.0
2022-03-28,256.0,272.0
2022-03-29,251.0,268.0
2022-03-30,249.0,264.0
2022-03-31,248.0,263.0
2022-04-01,247.0,262.0
2022-04-02,245.0,260.0
2022-04-03,246.0,260.0
2022-04-04,249.0,263.0
2022-04-05,247.0,261.0
2022-04-06,246.0,260.0
2022-04-07,246.0,260.0
2022-04-08,245.0,260.0
2022-04-09,246.0,260.0
2022-04-10,247.0,260.0
2022-04-11,251.0,264.0
2022-04-12,252.0,267.0
2022-04-13,256.0,270.0
2022-04-14,260.0,276.0
2022-04-15,262.0,280.0
2022-04-16,265.0,282.0
2022-04-17,269.0,285.0
2022-04-18,274.0,290.0
2022-04-19,277.0,295.0
2022-04-20,280.0,299.0
2022-04-21,282.0,303.0
2022-04-22,284.0,305.0
2022-04-23,290.0,309.0
2022-04-24,298.0,316.0
2022-04-25,310.0,329.0
2022-04-26,321.0,341.0
2022-04-27,332.0,353.0
2022-04-28,345.0,366.0
2022-04-29,357.0,377.0
2022-04-30,370.0,390.0
2022-05-01,385.0,404.0
2022-05-02,401.0,423.0
2022-05-03,416.0,437.0
2022-05-04,430.0,453.0
2022-05-05,446.0,469.0
2022-05-06,465.0,488.0
2022-05-07,487.0,509.0
2022-05-08,509.0,531.0
2022-05-09,536.0,559.0
2022-05-10,560.0,586.0
2022-05-11,582.0,607.0
2022-05-12,605.0,630.0
2022-05-13,627.0,651.0
2022-05-14,652.0,673.0
2022-05-15,679.0,699.0
2022-05-16,705.0,728.0
2022-05-17,731.0,753.0
2022-05-18,758.0,780.0
2022-05-19,786.0,806.0
2022-05-20,815.0,834.0
2022-05-21,846.0,863.0
2022-05-22,879.0,897.0
2022-05-23,909.0,928.0
2022-05-24,937.0,957.0
2022-05-25,963.0,983.0
2022-05-26,989.0,1009.0
2022-05-27,1014.0,1033.0
2022-05-28,1041.0,1060.0
2022-05-29,1070.0,1088.0
2022-05-30,1094.0,1115.0
2022-05-31,1117.0,1139.0
2022-06-01,1138.0,1158.0
2022-06-02,1158.0,1179.0
2022-06-03,1177.0,1197.0
2022-06-04,1194.0,1213.0
2022-06-05,1208.0,1228.0
2022-06-06,1220.0,1241.0
2022-06-07,1228.0,1252.0
2022-06-08,1231.0,1254.0
2022-06-09,1239.0,1260.0
2022-06-10,1245.0,1268.0
2022-06-11,1251.0,1273.0
2022-06-12,1257.0,1279.0
2022-06-13,1259.0,1283.0
2022-06-14,1257.0,1284.0
2022-06-15,1257.0,1282.0
2022-06-16,1256.0,1283.0
2022-06-17,1253.0,1280.0
2022-06-18,1253.0,1280.0
2022-06-19,1254.0,1281.0
2022-06-20,1254.0,1282.0
2022-06-21,1252.0,1280.0
2022-06-22,1251.0,1278.0
2022-06-23,1248.0,1277.0
2022-06-24,1241.0,1272.0
2022-06-25,1236.0,1266.0
2022-06-26,1232.0,1261.0
2022-06-27,1227.0,1258.0
2022-06-28,1216.0,1251.0
2022-06-29,1207.0,1240.0
2022-06-30,1199.0,1232.0
2022-07-01,1191.0,1225.0
2022-07-02,1184.0,1217.0
2022-07-03,1178.0,1210.0
2022-07-04,1171.0,1206.0
2022-07-05,1163.0,1199.0
2022-07-06,1153.0,1189.0
2022-07-07,1146.0,1180.0
2022-07-08,1137.0,1173.0
2022-07-09,1128.0,1162.0
2022-07-10,1119.0,1153.0
2022-07-11,1107.0,1145.0
2022-07-12,1094.0,1132.0
2022-07-13,1081.0,1119.0
2022-07-14,1072.0,1109.0
2022-07-15,1061.0,1098.0
2022-07-16,1050.0,1086.0
2022-07-17,1042.0,1075.0
2022-07-18,1032.0,1069.0
2022-07-19,1021.0,1059.0
2022-07-20,1010.0,1046.0
2022-07-21,1002.0,1037.0
2022-07-22,992.0,1028.0
2022-07-23,987.0,1021.0
2022-07-24,987.0,1019.0
2022-07-25,988.0,1021.0
2022-07-26,988.0,1022.0
2022-07-27,984.0,1019.0
2022-07-28,981.0,1015.0
2022-07-29,977.0,1012.0
2022-07-30,971.0,1006.0
2022-07-31,969.0,1002.0
2022-08-01,969.0,1003.0
2022-08-02,968.0,1004.0
2022-08-03,967.0,1002.0
2022-08-04,967.0,1001.0
2022-08-05,966.0,1000.0
2022-08-06,969.0,1003.0
2022-08-07,976.0,1007.0
2022-08-08,982.0,1015.0
2022-08-09,987.0,1021.0
2022-08-10,994.0,1027.0
2022-08-11,1005.0,1038.0
2022-08-12,1016.0,1049.0
2022-08-13,1029.0,1060.0
2022-08-14,1042.0,1073.0
2022-08-15,1056.0,1088.0
2022-08-16,1068.0,1102.0
2022-08-17,1076.0,1109.0
2022-08-18,1084.0,1118.0
2022-08-19,1091.0,1126.0
2022-08-20,1097.0,1132.0
2022-08-21,1105.0,1138.0
2022-08-22,1111.0,1146.0
2022-08-23,1113.0,1150.0
2022-08-24,1114.0,1149.0
2022-08-25,1116.0,1152.0
2022-08-26,1121.0,1154.0
2022-08-27,1129.0,1159.0
2022-08-28,1138.0,1167.0
2022-08-29,1146.0,1177.0
2022-08-30,1150.0,1184.0
2022-08-31,1153.0,1187.0
2022-09-01,1157.0,1189.0
2022-09-02,1159.0,1191.0
2022-09-03,1163.0,1195.0
2022-09-04,1170.0,1200.0
2022-09-05,1173.0,1203.0
2022-09-06,1174.0,1204.0
2022-09-07,1176.0,1205.0
2022-09-08,1177.0,1208.0
2022-09-09,1176.0,1207.0
2022-09-10,1172.0,1203.0
2022-09-11,1169.0,1199.0
2022-09-12,1164.0,1194.0
2022-09-13,1156.0,1189.0
2022-09-14,1149.0,1182.0
2022-09-15,1145.0,1177.0
2022-09-16,1139.0,1171.0
2022-09-17,1134.0,1164.0
2022-09-18,1131.0,1161.0
2022-09-19,1130.0,1160.0
2022-09-20,1129.0,1159.0
2022-09-21,1127.0,1157.0
2022-09-22,1126.0,1157.0
2022-09-23,1124.0,1154.0
2022-09-24,1120.0,1150.0
2022-09-25,1117.0,1146.0
2022-09-26,1112.0,1143.0
2022-09-27,1105.0,1137.0
2022-09-28,1099.0,1132.0
2022-09-29,1094.0,1126.0
2022-09-30,1088.0,1120.0
2022-10-01,1081.0,1113.0
2022-10-02,1077.0,1108.0
2022-10-03,1072.0,1106.0
2022-10-04,1067.0,1102.0
2022-10-05,1059.0,1097.0
2022-10-06,1054.0,1092.0
2022-10-07,1046.0,1085.0
2022-10-08,1039.0,1076.0
2022-10-09,1037.0,1071.0
2022-10-10,1035.0,1069.0
2022-10-11,1034.0,1068.0
2022-10-12,1034.0,1068.0
2022-10-13,1038.0,1069.0
2022-10-14,1038.0,1071.0
2022-10-15,1037.0,1069.0
2022-10-16,1041.0,1071.0
2022-10-17,1049.0,1079.0
2022-10-18,1052.0,1084.0
2022-10-19,1054.0,1086.0
2022-10-20,1058.0,1091.0
2022-10-21,1058.0,1093.0
2022-10-22,1062.0,1093.0
2022-10-23,1069.0,1100.0
2022-10-24,1075.0,1107.0
2022-10-25,1079.0,1113.0
2022-10-26,1087.0,1119.0
2022-10-27,1094.0,1128.0
2022-10-28,1101.0,1133.0
2022-10-29,1111.0,1141.0
2022-10-30,1121.0,1151.0
2022-10-31,1132.0,1163.0
2022-11-01,1141.0,1172.0
2022-11-02,1150.0,1179.0
2022-11-03,1157.0,1185.0
2022-11-04,1166.0,1191.0
2022-11-05,1175.0,1201.0
2022-11-06,1187.0,1210.0
2022-11-07,1196.0,1222.0
2022-11-08,1202.0,1230.0
2022-11-09,1209.0,1237.0
2022-11-10,1218.0,1246.0
2022-11-11,1224.0,1253.0
2022-11-12,1229.0,1257.0
2022-11-13,1235.0,1262.0
2022-11-14,1239.0,1268.0
2022-11-15,1240.0,1271.0
2022-11-16,1239.0,1270.0
2022-11-17,1242.0,1271.0
2022-11-18,1241.0,1273.0
2022-11-19,1236.0,1267.0
2022-11-20,1233.0,1262.0
2022-11-21,1231.0,1261.0
2022-11-22,1225.0,1255.0
2022-11-23,1218.0,1250.0
2022-11-24,1214.0,1243.0
2022-11-25,1209.0,1239.0
2022-11-26,1204.0,1232.0
2022-11-27,1201.0,1228.0
2022-11-28,1197.0,1225.0
2022-11-29,1192.0,1222.0
2022-11-30,1186.0,1216.0
2022-12-01,1180.0,1209.0
2022-12-02,1173.0,1202.0
2022-12-03,1166.0,1195.0
2022-12-04,1162.0,1191.0
2022-12-05,1154.0,1184.0
2022-12-06,1146.0,1176.0
2022-12-07,1141.0,1168.0
2022-12-08,1137.0,1164.0
2022-12-09,1132.0,1158.0
2022-12-10,1124.0,1150.0
2022-12-11,1117.0,1142.0
2022-12-12,1110.0,1135.0
2022-12-13,1099.0,1128.0
2022-12-14,1093.0,1120.0
2022-12-15,1086.0,1113.0
2022-12-16,1073.0,1104.0
2022-12-17,1058.0,1089.0
2022-12-18,1045.0,1074.0
2022-12-19,1032.0,1062.0
2022-12-20,1020.0,1051.0
2022-12-21,1000.0,1037.0
2022-12-22,980.0,1017.0
2022-12-23,960.0,997.0
2022-12-24,941.0,978.0
2022-12-25,922.0,958.0
2022-12-26,902.0,938.0
2022-12-27,884.0,921.0
2022-12-28,863.0,900.0
2022-12-29,843.0,879.0
2022-12-30,824.0,860.0
2022-12-31,808.0,843.0
2023-01-01,793.0,826.0
2023-01-02,777.0,811.0
2023-01-03,760.0,795.0
2023-01-04,744.0,777.0
2023-01-05,728.0,762.0
2023-01-06,710.0,745.0
2023-01-07,693.0,728.0
2023-01-08,678.0,713.0
2023-01-09,666.0,702.0
2023-01-10,655.0,692.0
2023-01-11,644.0,682.0
2023-01-12,638.0,672.0
2023-01-13,629.0,664.0
2023-01-14,621.0,655.0
2023-01-15,622.0,650.0
2023-01-16,624.0,651.0
2023-01-17,626.0,656.0
2023-01-18,631.0,659.0
2023-01-19,633.0,659.0
2023-01-20,642.0,664.0
2023-01-21,652.0,673.0
2023-01-22,667.0,686.0
2023-01-23,681.0,702.0
2023-01-24,696.0,718.0
2023-01-25,710.0,733.0
2023-01-26,724.0,746.0
2023-01-27,735.0,760.0
2023-01-28,747.0,771.0
2023-01-29,760.0,784.0
2023-01-30,770.0,795.0
2023-01-31,779.0,806.0
2023-02-01,790.0,818.0
2023-02-02,800.0,828.0
2023-02-03,808.0,838.0
2023-02-04,815.0,845.0
2023-02-05,827.0,855.0
2023-02-06,840.0,869.0
2023-02-07,849.0,879.0
2023-02-08,855.0,885.0
2023-02-09,861.0,891.0
2023-02-10,867.0,898.0
2023-02-11,871.0,902.0
2023-02-12,880.0,910.0
2023-02-13,887.0,918.0
2023-02-14,891.0,923.0
2023-02-15,891.0,925.0
2023-02-16,892.0,925.0
2023-02-17,894.0,928.0
2023-02-18,898.0,932.0
2023-02-19,901.0,934.0
2023-02-20,906.0,939.0
2023-02-21,906.0,941.0
2023-02-22,904.0,939.0
2023-02-23,902.0,937.0
2023-02-24,900.0,935.0
2023-02-25,899.0,934.0
2023-02-26,900.0,932.0
2023-02-27,902.0,934.0
2023-02-28,901.0,934.0
2023-03-01,899.0,933.0
2023-03-02,901.0,933.0
2023-03-03,900.0,932.0
2023-03-04,901.0,932.0
2023-03-05,905.0,934.0
2023-03-06,909.0,939.0
2023-03-07,908.0,941.0
2023-03-08,905.0,937.0
2023-03-09,902.0,935.0
2023-03-10,900.0,932.0
2023-03-11,897.0,929.0
2023-03-12,897.0,928.0
2023-03-13,901.0,931.0
2023-03-14,900.0,932.0
2023-03-15,898.0,930.0
2023-03-16,898.0,930.0
2023-03-17,899.0,931.0
2023-03-18,898.0,929.0
2023-03-19,900.0,929.0
2023-03-20,901.0,932.0
2023-03-21,903.0,934.0
2023-03-22,901.0,933.0
2023-03-23,901.0,933.0
2023-03-24,900.0,934.0
2023-03-25,900.0,932.0
2023-03-26,903.0,934.0
2023-03-27,904.0,936.0
2023-03-28,906.0,939.0
2023-03-29,906.0,941.0
2023-03-30,909.0,944.0
2023-03-31,914.0,947.0
2023-04-01,915.0,948.0
2023-04-02,917.0,950.0
2023-04-03,918.0,951.0
2023-04-04,915.0,953.0
2023-04-05,912.0,948.0
2023-04-06,910.0,947.0
2023-04-07,909.0,945.0
2023-04-08,906.0,942.0
2023-04-09,904.0,939.0
2023-04-10,899.0,935.0
2023-04-11,892.0,930.0
2023-04-12,882.0,920.0
2023-04-13,873.0,910.0
2023-04-14,864.0,901.0
2023-04-15,857.0,893.0
2023-04-16,852.0,887.0
2023-04-17,849.0,885.0
2023-04-18,844.0,881.0
2023-04-19,835.0,873.0
2023-04-20,825.0,864.0
2023-04-21,816.0,855.0
2023-04-22,807.0,844.0
2023-04-23,800.0,835.0
2023-04-24,790.0,827.0
2023-04-25,777.0,816.0
2023-04-26,762.0,801.0
2023-04-27,745.0,785.0
2023-04-28,728.0,767.0
2023-04-29,708.0,747.0
2023-04-30,689.0,727.0
2023-05-01,668.0,708.0
2023-05-02,647.0,688.0
2023-05-03,624.0,665.0
2023-05-04,602.0,641.0
2023-05-05,581.0,619.0
2023-05-06,561.0,598.0
2023-05-07,545.0,579.0
2023-05-08,529.0,565.0
2023-05-09,514.0,550.0
2023-05-10,501.0,536.0
2023-05-11,490.0,523.0
2023-05-12,482.0,514.0
2023-05-13,472.0,504.0
2023-05-14,467.0,497.0
2023-05-15,461.0,492.0
2023-05-16,455.0,486.0
2023-05-17,450.0,480.0
2023-05-18,445.0,476.0
2023-05-19,445.0,473.0
2023-05-20,444.0,474.0
2023-05-21,445.0,475.0
2023-05-22,446.0,477.0
2023-05-23,452.0,482.0
2023-05-24,460.0,490.0
2023-05-25,470.0,499.0
2023-05-26,482.0,510.0
2023-05-27,494.0,523.0
2023-05-28,508.0,535.0
2023-05-29,523.0,551.0
2023-05-30,537.0,566.0
2023-05-31,553.0,582.0
2023-06-01,571.0,599.0
2023-06-02,591.0,619.0
2023-06-03,611.0,639.0
2023-06-04,632.0,660.0
2023-06-05,650.0,681.0
2023-06-06,668.0,699.0
2023-06-07,684.0,714.0
2023-06-08,700.0,731.0
2023-06-09,714.0,747.0
2023-06-10,728.0,761.0
2023-06-11,740.0,772.0
2023-06-12,751.0,786.0
2023-06-13,756.0,795.0
2023-06-14,758.0,799.0
2023-06-15,762.0,803.0
2023-06-16,761.0,803.0
2023-06-17,761.0,801.0
2023-06-18,760.0,800.0
2023-06-19,757.0,797.0
2023-06-20,753.0,793.0
2023-06-21,750.0,789.0
2023-06-22,744.0,783.0
2023-06-23,738.0,778.0
2023-06-24,733.0,773.0
2023-06-25,728.0,766.0
2023-06-26,721.0,761.0
2023-06-27,715.0,756.0
2023-06-28,709.0,749.0
2023-06-29,705.0,744.0
2023-06-30,699.0,741.0
2023-07-01,692.0,734.0
2023-07-02,685.0,725.0
2023-07-03,678.0,719.0
2023-07-04,670.0,711.0
2023-07-05,667.0,705.0
2023-07-06,664.0,703.0
2023-07-07,662.0,700.0
2023-07-08,660.0,698.0
2023-07-09,659.0,695.0
2023-07-10,655.0,692.0
2023-07-11,651.0,689.0
2023-07-12,651.0,686.0
2023-07-13,653.0,685.0
2023-07-14,654.0,686.0
2023-07-15,657.0,689.0
2023-07-16,661.0,691.0
2023-07-17,664.0,695.0
2023-07-18,666.0,699.0
2023-07-19,673.0,702.0
2023-07-20,680.0,709.0
2023-07-21,686.0,715.0
2023-07-22,692.0,721.0
2023-07-23,696.0,724.0
2023-07-24,701.0,727.0
2023-07-25,707.0,734.0
2023-07-26,717.0,741.0
2023-07-27,724.0,748.0
2023-07-28,731.0,758.0
2023-07-29,740.0,765.0
2023-07-30,748.0,771.0
2023-07-31,758.0,782.0
2023-08-01,767.0,791.0
2023-08-02,778.0,802.0
2023-08-03,787.0,812.0
2023-08-04,794.0,820.0
2023-08-05,799.0,825.0
2023-08-06,805.0,830.0
2023-08-07,810.0,837.0
2023-08-08,821.0,847.0
2023-08-09,831.0,858.0
2023-08-10,841.0,869.0
2023-08-11,846.0,877.0
2023-08-12,852.0,883.0
2023-08-13,859.0,889.0
2023-08-14,863.0,893.0
2023-08-15,866.0,899.0
2023-08-16,867.0,900.0
2023-08-17,868.0,902.0
2023-08-18,865.0,901.0
2023-08-19,861.0,898.0
2023-08-20,859.0,896.0
2023-08-21,856.0,893.0
2023-08-22,852.0,892.0
2023-08-23,853.0,893.0
2023-08-24,854.0,895.0
2023-08-25,857.0,898.0
2023-08-26,865.0,905.0
2023-08-27,879.0,916.0
2023-08-28,892.0,930.0
2023-08-29,910.0,948.0
2023-08-30,930.0,966.0
2023-08-31,950.0,988.0
2023-09-01,967.0,1006.0
2023-09-02,986.0,1024.0
2023-09-03,1008.0,1046.0
2023-09-04,1034.0,1071.0
2023-09-05,1059.0,1096.0
2023-09-06,1084.0,1120.0
2023-09-07,1105.0,1142.0
2023-09-08,1128.0,1164.0
2023-09-09,1153.0,1186.0
2023-09-10,1180.0,1210.0
2023-09-11,1210.0,1240.0
2023-09-12,1237.0,1269.0
2023-09-13,1264.0,1295.0
2023-09-14,1292.0,1321.0
2023-09-15,1319.0,1349.0
2023-09-16,1345.0,1375.0
2023-09-17,1373.0,1401.0
2023-09-18,1400.0,1428.0
2023-09-19,1424.0,1455.0
2023-09-20,1451.0,1481.0
2023-09-21,1477.0,1506.0
2023-09-22,1496.0,1527.0
2023-09-23,1515.0,1544.0
2023-09-24,1532.0,1561.0
2023-09-25,1544.0,1576.0
2023-09-26,1551.0,1585.0
2023-09-27,1559.0,1592.0
2023-09-28,1563.0,1597.0
2023-09-29,1564.0,1601.0
2023-09-30,1565.0,1601.0
2023-10-01,1569.0,1601.0
2023-10-02,1570.0,1604.0
2023-10-03,1567.0,1603.0
2023-10-04,1566.0,1602.0
2023-10-05,1565.0,1601.0
2023-10-06,1564.0,1601.0
2023-10-07,1561.0,1598.0
2023-10-08,1560.0,1596.0
2023-10-09,1557.0,1595.0
2023-10-10,1553.0,1594.0
2023-10-11,1549.0,1590.0
2023-10-12,1548.0,1587.0
2023-10-13,1544.0,1585.0
2023-10-14,1541.0,1581.0
2023-10-15,1547.0,1584.0
2023-10-16,1550.0,1588.0
2023-10-17,1558.0,1598.0
2023-10-18,1567.0,1606.0
2023-10-19,1577.0,1614.0
2023-10-20,1583.0,1622.0
2023-10-21,1593.0,1631.0
2023-10-22,1605.0,1641.0
2023-10-23,1614.0,1651.0
2023-10-24,1623.0,1662.0
2023-10-25,1634.0,1671.0
2023-10-26,1644.0,1679.0
2023-10-27,1653.0,1689.0
2023-10-28,1661.0,1698.0
2023-10-29,1672.0,1706.0
2023-10-30,1683.0,1717.0
2023-10-31,1694.0,1730.0
2023-11-01,1706.0,1741.0
2023-11-02,1718.0,1753.0
2023-11-03,1725.0,1761.0
2023-11-04,1732.0,1770.0
2023-11-05,1742.0,1776.0
2023-11-06,1750.0,1786.0
2023-11-07,1757.0,1794.0
2023-11-08,1768.0,1802.0
2023-11-09,1778.0,1811.0
2023-11-10,1784.0,1818.0
2023-11-11,1791.0,1824.0
2023-11-12,1800.0,1831.0
2023-11-13,1807.0,1840.0
2023-11-14,1809.0,1843.0
2023-11-15,1811.0,1845.0
2023-11-16,1807.0,1842.0
2023-11-17,1807.0,1840.0
2023-11-18,1806.0,1839.0
2023-11-19,1806.0,1837.0
2023-11-20,1803.0,1834.0
2023-11-21,1797.0,1831.0
2023-11-22,1791.0,1825.0
2023-11-23,1783.0,1815.0
2023-11-24,1775.0,1807.0
2023-11-25,1768.0,1799.0
2023-11-26,1759.0,1789.0
2023-11-27,1748.0,1778.0
2023-11-28,1735.0,1766.0
2023-11-29,1723.0,1753.0
2023-11-30,1709.0,1740.0
2023-12-01,1694.0,1724.0
2023-12-02,1681.0,1710.0
2023-12-03,1672.0,1699.0
2023-12-04,1663.0,1690.0
2023-12-05,1651.0,1679.0
2023-12-06,1639.0,1667.0
2023-12-07,1627.0,1653.0
2023-12-08,1612.0,1639.0
2023-12-09,1597.0,1624.0
2023-12-10,1583.0,1610.0
2023-12-11,1569.0,1596.0
2023-12-12,1555.0,1582.0
2023-12-13,1541.0,1567.0
2023-12-14,1527.0,1552.0
2023-12-15,1513.0,1537.0
2023-12-16,1500.0,1522.0
2023-12-17,1483.0,1508.0
2023-12-18,1467.0,1491.0
2023-12-19,1451.0,1475.0
2023-12-20,1435.0,1459.0
2023-12-21,1423.0,1445.0
2023-12-22,1410.0,1433.0
2023-12-23,1394.0,1420.0
2023-12-24,1379.0,1404.0
2023-12-25,1364.0,1389.0
2023-12-26,1349.0,1374.0
2023-12-27,1334.0,1360.0
2023-12-28,1320.0,1345.0
2023-12-29,1308.0,1331.0
2023-12-30,1294.0,1318.0
2023-12-31,1281.0,1304.0
2024-01-01,1268.0,1291.0
2024-01-02,1252.0,1275.0
2024-01-03,1234.0,1257.0
2024-01-04,1216.0,1238.0
2024-01-05,1200.0,1223.0
2024-01-06,1184.0,1207.0
2024-01-07,1168.0,1190.0
2024-01-08,1154.0,1176.0
2024-01-09,1142.0,1166.0
2024-01-10,1134.0,1159.0
2024-01-11,1125.0,1150.0
2024-01-12,1123.0,1149.0
2024-01-13,1123.0,1149.0
2024-01-14,1123.0,1149.0
2024-01-15,1125.0,1149.0
2024-01-16,1128.0,1150.0
2024-01-17,1134.0,1156.0
2024-01-18,1138.0,1162.0
2024-01-19,1146.0,1170.0
2024-01-20,1156.0,1180.0
2024-01-21,1167.0,1190.0
2024-01-22,1174.0,1201.0
2024-01-23,1185.0,1212.0
2024-01-24,1195.0,1222.0
2024-01-25,1209.0,1238.0
2024-01-26,1224.0,1253.0
2024-01-27,1243.0,1271.0
2024-01-28,1261.0,1290.0
2024-01-29,1282.0,1309.0
2024-01-30,1301.0,1331.0
2024-01-31,1324.0,1355.0
2024-02-01,1345.0,1378.0
2024-02-02,1369.0,1400.0
2024-02-03,1396.0,1429.0
2024-02-04,1422.0,1454.0
2024-02-05,1453.0,1485.0
2024-02-06,1485.0,1517.0
2024-02-07,1512.0,1546.0
2024-02-08,1538.0,1571.0
2024-02-09,1559.0,1593.0
2024-02-10,1581.0,1615.0
2024-02-11,1597.0,1630.0
2024-02-12,1614.0,1646.0
2024-02-13,1632.0,1664.0
2024-02-14,1649.0,1682.0
2024-02-15,1665.0,1700.0
2024-02-16,1674.0,1712.0
2024-02-17,1683.0,1721.0
2024-02-18,1688.0,1726.0
2024-02-19,1688.0,1726.0
2024-02-20,1688.0,1726.0
2024-02-21,1693.0,1726.0
2024-02-22,1695.0,1728.0
2024-02-23,1696.0,1730.0
2024-02-24,1690.0,1727.0
2024-02-25,1683.0,1721.0
2024-02-26,1676.0,1714.0
2024-02-27,1670.0,1707.0
2024-02-28,1662.0,1699.0
2024-02-29,1655.0,1690.0
2024-03-01,1642.0,1680.0
2024-03-02,1631.0,1671.0
2024-03-03,1618.0,1660.0
2024-03-04,1606.0,1647.0
2024-03-05,1594.0,1634.0
2024-03-06,1577.0,1618.0
2024-03-07,1562.0,1602.0
2024-03-08,1545.0,1587.0
2024-03-09,1536.0,1580.0
2024-03-10,1526.0,1569.0
2024-03-11,1516.0,1558.0
2024-03-12,1507.0,1548.0
2024-03-13,1495.0,1536.0
2024-03-14,1480.0,1523.0
2024-03-15,1466.0,1509.0
2024-03-16,1453.0,1496.0
2024-03-17,1442.0,1482.0
2024-03-18,1432.0,1471.0
2024-03-19,1424.0,1462.0
2024-03-20,1416.0,1454.0
2024-03-21,1410.0,1447.0
2024-03-22,1403.0,1441.0
2024-03-23,1396.0,1434.0
2024-03-24,1385.0,1426.0
2024-03-25,1376.0,1413.0
2024-03-26,1370.0,1405.0
2024-03-27,1357.0,1394.0
2024-03-28,1344.0,1381.0
2024-03-29,1330.0,1368.0
2024-03-30,1316.0,1354.0
2024-03-31,1306.0,1341.0
2024-04-01,1296.0,1328.0
2024-04-02,1287.0,1318.0
2024-04-03,1271.0,1303.0
2024-04-04,1256.0,1287.0
2024-04-05,1242.0,1275.0
2024-04-06,1224.0,1259.0
2024-04-07,1208.0,1241.0
2024-04-08,1186.0,1218.0
2024-04-09,1165.0,1196.0
2024-04-10,1142.0,1176.0
2024-04-11,1119.0,1152.0
2024-04-12,1095.0,1129.0
2024-04-13,1074.0,1107.0
2024-04-14,1051.0,1085.0
2024-04-15,1032.0,1064.0
2024-04-16,1014.0,1046.0
2024-04-17,995.0,1028.0
2024-04-18,975.0,1008.0
2024-04-19,955.0,991.0
2024-04-20,939.0,973.0
2024-04-21,923.0,958.0
2024-04-22,910.0,944.0
2024-04-23,904.0,933.0
2024-04-24,896.0,927.0
2024-04-25,890.0,921.0
2024-04-26,884.0,915.0
2024-04-27,879.0,911.0
2024-04-28,877.0,907.0
2024-04-29,879.0,909.0
2024-04-30,882.0,913.0
2024-05-01,885.0,918.0
2024-05-02,889.0,921.0
2024-05-03,891.0,925.0
2024-05-04,896.0,930.0
2024-05-05,898.0,932.0
2024-05-06,907.0,938.0
2024-05-07,918.0,948.0
2024-05-08,932.0,962.0
2024-05-09,948.0,976.0
2024-05-10,957.0,991.0
2024-05-11,969.0,1003.0
2024-05-12,981.0,1015.0
2024-05-13,994.0,1028.0
2024-05-14,1008.0,1041.0
2024-05-15,1016.0,1052.0
2024-05-16,1026.0,1060.0
2024-05-17,1036.0,1072.0
2024-05-18,1049.0,1084.0
2024-05-19,1064.0,1098.0
2024-05-20,1080.0,1113.0
2024-05-21,1099.0,1135.0
2024-05-22,1117.0,1156.0
2024-05-23,1132.0,1172.0
2024-05-24,1148.0,1188.0
2024-05-25,1168.0,1209.0
2024-05-26,1193.0,1233.0
2024-05-27,1219.0,1258.0
2024-05-28,1247.0,1287.0
2024-05-29,1270.0,1313.0
2024-05-30,1290.0,1333.0
2024-05-31,1312.0,1356.0
2024-06-01,1335.0,1378.0
2024-06-02,1361.0,1403.0
2024-06-03,1386.0,1427.0
2024-06-04,1410.0,1454.0
2024-06-05,1433.0,1478.0
2024-06-06,1454.0,1499.0
2024-06-07,1473.0,1519.0
2024-06-08,1494.0,1541.0
2024-06-09,1524.0,1563.0
2024-06-10,1552.0,1592.0
2024-06-11,1584.0,1622.0
2024-06-12,1612.0,1651.0
2024-06-13,1638.0,1679.0
2024-06-14,1664.0,1704.0
2024-06-15,1692.0,1732.0
2024-06-16,1719.0,1758.0
2024-06-17,1744.0,1783.0
2024-06-18,1767.0,1805.0
2024-06-19,1786.0,1825.0
2024-06-20,1803.0,1838.0
2024-06-21,1818.0,1853.0
2024-06-22,1835.0,1868.0
2024-06-23,1853.0,1887.0
2024-06-24,1865.0,1897.0
2024-06-25,1875.0,1907.0
2024-06-26,1880.0,1913.0
2024-06-27,1880.0,1915.0
2024-06-28,1879.0,1913.0
2024-06-29,1880.0,1912.0
2024-06-30,1874.0,1907.0
2024-07-01,1869.0,1901.0
2024-07-02,1862.0,1894.0
2024-07-03,1851.0,1887.0
2024-07-04,1844.0,1875.0
2024-07-05,1832.0,1865.0
2024-07-06,1824.0,1857.0
2024-07-07,1816.0,1850.0
2024-07-08,1808.0,1841.0
2024-07-09,1798.0,1831.0
2024-07-10,1784.0,1820.0
2024-07-11,1770.0,1806.0
2024-07-12,1756.0,1796.0
2024-07-13,1747.0,1784.0
2024-07-14,1749.0,1785.0
2024-07-15,1752.0,1790.0
2024-07-16,1757.0,1796.0
2024-07-17,1761.0,1803.0
2024-07-18,1762.0,1805.0
2024-07-19,1760.0,1805.0
2024-07-20,1756.0,1803.0
2024-07-21,1751.0,1797.0
2024-07-22,1744.0,1793.0
2024-07-23,1733.0,1788.0
2024-07-24,1725.0,1781.0
2024-07-25,1716.0,1773.0
2024-07-26,1707.0,1763.0
2024-07-27,1699.0,1754.0
2024-07-28,1691.0,1746.0
2024-07-29,1682.0,1737.0
2024-07-30,1672.0,1729.0
2024-07-31,1661.0,1719.0
2024-08-01,1652.0,1709.0
2024-08-02,1654.0,1710.0
2024-08-03,1657.0,1713.0
2024-08-04,1664.0,1719.0
2024-08-05,1666.0,1723.0
2024-08-06,1666.0,1724.0
2024-08-07,1668.0,1726.0
2024-08-08,1671.0,1729.0
2024-08-09,1680.0,1734.0
2024-08-10,1689.0,1744.0
2024-08-11,1699.0,1750.0
2024-08-12,1708.0,1759.0
2024-08-13,1699.0,1757.0
2024-08-14,1689.0,1747.0
2024-08-15,1677.0,1737.0
2024-08-16,1662.0,1723.0
2024-08-17,1653.0,1711.0
2024-08-18,1646.0,1706.0
2024-08-19,1641.0,1700.0
2024-08-20,1639.0,1697.0
2024-08-21,1640.0,1698.0
2024-08-22,1642.0,1699.0
2024-08-23,1639.0,1696.0
2024-08-24,1639.0,1696.0
2024-08-25,1646.0,1702.0
2024-08-26,1654.0,1710.0
2024-08-27,1664.0,1720.0
2024-08-28,1675.0,1732.0
2024-08-29,1690.0,1744.0
2024-08-30,1704.0,1758.0
2024-08-31,1720.0,1774.0
2024-09-01,1728.0,1783.0
2024-09-02,1741.0,1796.0
2024-09-03,1752.0,1806.0
2024-09-04,1770.0,1822.0
2024-09-05,1783.0,1836.0
2024-09-06,1794.0,1848.0
2024-09-07,1800.0,1862.0
2024-09-08,1805.0,1866.0
2024-09-09,1808.0,1871.0
2024-09-10,1813.0,1879.0
2024-09-11,1818.0,1884.0
2024-09-12,1833.0,1889.0
2024-09-13,1844.0,1904.0
2024-09-14,1856.0,1913.0
2024-09-15,1870.0,1925.0
2024-09-16,1881.0,1936.0
2024-09-17,1890.0,1944.0
2024-09-18,1904.0,1958.0
2024-09-19,1916.0,1971.0
2024-09-20,1930.0,1983.0
2024-09-21,1947.0,1993.0
2024-09-22,1964.0,2010.0
2024-09-23,1979.0,2025.0
2024-09-24,1988.0,2036.0
2024-09-25,1997.0,2045.0
2024-09-26,2005.0,2052.0
2024-09-27,2017.0,2062.0
2024-09-28,2028.0,2074.0
2024-09-29,2042.0,2086.0
2024-09-30,2052.0,2095.0
2024-10-01,2059.0,2102.0
2024-10-02,2064.0,2106.0
2024-10-03,2066.0,2110.0
2024-10-04,2064.0,2110.0
2024-10-05,2065.0,2109.0
2024-10-06,2067.0,2108.0
2024-10-07,2071.0,2105.0
2024-10-08,2076.0,2111.0
2024-10-09,2081.0,2113.0
2024-10-10,2079.0,2113.0
2024-10-11,2081.0,2115.0
2024-10-12,2082.0,2116.0
2024-10-13,2083.0,2113.0
2024-10-14,2086.0,2115.0
2024-10-15,2090.0,2118.0
2024-10-16,2091.0,2121.0
2024-10-17,2094.0,2122.0
2024-10-18,2089.0,2118.0
2024-10-19,2090.0,2118.0
2024-10-20,2087.0,2117.0
2024-10-21,2086.0,2117.0
2024-10-22,2085.0,2116.0
2024-10-23,2086.0,2117.0
2024-10-24,2084.0,2116.0
2024-10-25,2082.0,2114.0
2024-10-26,2082.0,2112.0
2024-10-27,2080.0,2111.0
2024-10-28,2075.0,2108.0
2024-10-29,2072.0,2108.0
2024-10-30,2071.0,2107.0
2024-10-31,2072.0,2108.0
2024-11-01,2068.0,2107.0
2024-11-02,2066.0,2107.0
2024-11-03,2064.0,2105.0
2024-11-04,2063.0,2104.0
2024-11-05,2062.0,2102.0
2024-11-06,2065.0,2105.0
2024-11-07,2066.0,2109.0
2024-11-08,2066.0,2109.0
2024-11-09,2068.0,2110.0
2024-11-10,2068.0,2109.0
2024-11-11,2066.0,2109.0
2024-11-12,2061.0,2107.0
2024-11-13,2060.0,2106.0
2024-11-14,2057.0,2105.0
2024-11-15,2059.0,2106.0
2024-11-16,2067.0,2112.0
2024-11-17,2074.0,2120.0
2024-11-18,2078.0,2123.0
2024-11-19,2081.0,2126.0
2024-11-20,2079.0,2127.0
2024-11-21,2080.0,2128.0
2024-11-22,2085.0,2131.0
2024-11-23,2093.0,2136.0
2024-11-24,2099.0,2144.0
2024-11-25,2106.0,2150.0
2024-11-26,2109.0,2152.0
2024-11-27,2115.0,2156.0
2024-11-28,2119.0,2157.0
2024-11-29,2123.0,2162.0
2024-11-30,2129.0,2165.0
2024-12-01,2137.0,2171.0
2024-12-02,2147.0,2177.0
2024-12-03,2154.0,2182.0
2024-12-04,2159.0,2189.0
2024-12-05,2163.0,2194.0
2024-12-06,2166.0,2198.0
2024-12-07,2168.0,2199.0
2024-12-08,2169.0,2201.0
2024-12-09,2168.0,2201.0
2024-12-10,2171.0,2205.0
2024-12-11,2175.0,2208.0
2024-12-12,2181.0,2212.0
2024-12-13,2182.0,2215.0
2024-12-14,2185.0,2216.0
2024-12-15,2184.0,2215.0
2024-12-16,2183.0,2214.0
2024-12-17,2182.0,2212.0
2024-12-18,2182.0,2215.0
2024-12-19,2181.0,2214.0
2024-12-20,2185.0,2212.0
2024-12-21,2186.0,2213.0
2024-12-22,2185.0,2214.0
2024-12-23,2185.0,2214.0
2024-12-24,2185.0,2213.0
2024-12-25,2186.0,2213.0
2024-12-26,2187.0,2214.0
2024-12-27,2189.0,2218.0
2024-12-28,2187.0,2220.0
2024-12-29,2184.0,2219.0
2024-12-30,2186.0,2221.0
2024-12-31,2185.0,2220.0
2025-01-01,2184.0,2219.0
2025-01-02,2183.0,2218.0
2025-01-03,2181.0,2217.0
2025-01-04,2181.0,2215.0
2025-01-05,2179.0,2215.0
2025-01-06,2180.0,2217.0
2025-01-07,2184.0,2218.0
2025-01-08,2189.0,2221.0
2025-01-09,2191.0,2222.0
2025-01-10,2193.0,2225.0
2025-01-11,2195.0,2228.0
2025-01-12,2201.0,2233.0
2025-01-13,2208.0,2238.0
2025-01-14,2216.0,2249.0
2025-01-15,2219.0,2252.0
2025-01-16,2221.0,2255.0
2025-01-17,2222.0,2254.0
2025-01-18,2224.0,2256.0
2025-01-19,2225.0,2258.0
2025-01-20,2226.0,2259.0
2025-01-21,2225.0,2256.0
2025-01-22,2224.0,2255.0
2025-01-23,2223.0,2253.0
2025-01-24,2226.0,2256.0
2025-01-25,2228.0,2260.0
2025-01-26,2228.0,2259.0
2025-01-27,2230.0,2259.0
2025-01-28,2230.0,2258.0
2025-01-29,2225.0,2254.0
2025-01-30,2221.0,2248.0
2025-01-31,2219.0,2247.0
2025-02-01,2218.0,2246.0
2025-02-02,2220.0,2244.0
2025-02-03,2221.0,2246.0
2025-02-04,2218.0,2243.0
2025-02-05,2214.0,2238.0
2025-02-06,2208.0,2233.0
2025-02-07,2202.0,2227.0
2025-02-08,2194.0,2221.0
2025-02-09,2186.0,2212.0
2025-02-10,2176.0,2204.0
2025-02-11,2165.0,2192.0
2025-02-12,2154.0,2180.0
2025-02-13,2147.0,2169.0
2025-02-14,2142.0,2164.0
2025-02-15,2141.0,2161.0
2025-02-16,2143.0,2162.0
2025-02-17,2145.0,2166.0
