Date,Midnight population,24-hour population
2008-10-01,0,0
2008-10-02,0,0
2008-10-03,0,0
2008-10-04,0,0
2008-10-05,0,0
2008-10-06,0,0
2008-10-07,0,0
2008-10-08,0,0
2008-10-09,0,0
2008-10-10,0,0
2008-10-11,0,0
2008-10-12,0,0
2008-10-13,0,0
2008-10-14,0,0
2008-10-15,0,0
2008-10-16,0,0
2008-10-17,0,0
2008-10-18,0,0
2008-10-19,0,0
2008-10-20,0,0
2008-10-21,0,0
2008-10-22,0,0
2008-10-23,0,0
2008-10-24,0,0
2008-10-25,0,0
2008-10-26,0,0
2008-10-27,0,0
2008-10-28,0,0
2008-10-29,0,0
2008-10-30,0,0
2008-10-31,0,0
2008-11-01,0,0
2008-11-02,0,0
2008-11-03,0,0
2008-11-04,0,0
2008-11-05,0,0
2008-11-06,0,0
2008-11-07,0,0
2008-11-08,0,0
2008-11-09,0,0
2008-11-10,0,0
2008-11-11,0,0
2008-11-12,0,0
2008-11-13,0,0
2008-11-14,0,0
2008-11-15,0,0
2008-11-16,0,0
2008-11-17,0,0
2008-11-18,0,0
2008-11-19,0,0
2008-11-20,0,0
2008-11-21,0,0
2008-11-22,0,0
2008-11-23,0,0
2008-11-24,0,0
2008-11-25,0,0
2008-11-26,0,0
2008-11-27,0,0
2008-11-28,0,0
2008-11-29,0,0
2008-11-30,0,0
2008-12-01,0,0
2008-12-02,0,0
2008-12-03,0,0
2008-12-04,0,0
2008-12-05,0,0
2008-12-06,0,0
2008-12-07,0,0
2008-12-08,0,0
2008-12-09,0,0
2008-12-10,0,0
2008-12-11,0,0
2008-12-12,0,0
2008-12-13,0,0
2008-12-14,0,0
2008-12-15,0,0
2008-12-16,0,0
2008-12-17,0,0
2008-12-18,0,0
2008-12-19,0,0
2008-12-20,0,0
2008-12-21,0,0
2008-12-22,0,0
2008-12-23,0,0
2008-12-24,0,0
2008-12-25,0,0
2008-12-26,0,0
2008-12-27,0,0
2008-12-28,0,0
2008-12-29,0,0
2008-12-30,0,0
2008-12-31,0,0
2009-01-01,0,0
2009-01-02,0,0
2009-01-03,0,0
2009-01-04,0,0
2009-01-05,0,0
2009-01-06,0,0
2009-01-07,0,0
2009-01-08,0,0
2009-01-09,0,0
2009-01-10,0,0
2009-01-11,0,0
2009-01-12,0,0
2009-01-13,0,0
2009-01-14,0,0
2009-01-15,0,0
2009-01-16,0,0
2009-01-17,0,0
2009-01-18,0,0
2009-01-19,0,0
2009-01-20,0,0
2009-01-21,0,0
2009-01-22,0,0
2009-01-23,0,0
2009-01-24,0,0
2009-01-25,0,0
2009-01-26,0,0
2009-01-27,0,0
2009-01-28,0,0
2009-01-29,0,0
2009-01-30,0,0
2009-01-31,0,0
2009-02-01,0,0
2009-02-02,0,0
2009-02-03,0,0
2009-02-04,0,0
2009-02-05,0,0
2009-02-06,0,0
2009-02-07,0,0
2009-02-08,0,0
2009-02-09,0,0
2009-02-10,0,0
2009-02-11,0,0
2009-02-12,0,0
2009-02-13,0,0
2009-02-14,0,0
2009-02-15,0,0
2009-02-16,0,0
2009-02-17,0,0
2009-02-18,0,0
2009-02-19,0,0
2009-02-20,0,0
2009-02-21,0,0
2009-02-22,0,0
2009-02-23,0,0
2009-02-24,0,0
2009-02-25,0,0
2009-02-26,0,0
2009-02-27,0,0
2009-02-28,0,0
2009-03-01,0,0
2009-03-02,0,0
2009-03-03,0,0
2009-03-04,0,0
2009-03-05,0,0
2009-03-06,0,0
2009-03-07,0,0
2009-03-08,0,0
2009-03-09,0,0
2009-03-10,0,0
2009-03-11,0,0
2009-03-12,0,0
2009-03-13,0,0
2009-03-14,0,0
2009-03-15,0,0
2009-03-16,0,0
2009-03-17,0,0
2009-03-18,0,0
2009-03-19,0,0
2009-03-20,0,0
2009-03-21,0,0
2009-03-22,0,0
2009-03-23,0,0
2009-03-24,0,0
2009-03-25,0,0
2009-03-26,0,0
2009-03-27,0,0
2009-03-28,0,0
2009-03-29,0,0
2009-03-30,0,0
2009-03-31,0,0
2009-04-01,0,0
2009-04-02,0,0
2009-04-03,0,0
2009-04-04,0,0
2009-04-05,0,0
2009-04-06,0,0
2009-04-07,0,0
2009-04-08,0,0
2009-04-09,0,0
2009-04-10,0,0
2009-04-11,0,0
2009-04-12,0,0
2009-04-13,0,0
2009-04-14,0,0
2009-04-15,0,0
2009-04-16,0,0
2009-04-17,0,0
2009-04-18,0,0
2009-04-19,0,0
2009-04-20,0,0
2009-04-21,0,0
2009-04-22,0,0
2009-04-23,0,0
2009-04-24,0,0
2009-04-25,0,0
2009-04-26,0,0
2009-04-27,0,0
2009-04-28,0,0
2009-04-29,0,0
2009-04-30,0,0
2009-05-01,0,0
2009-05-02,0,0
2009-05-03,0,0
2009-05-04,0,0
2009-05-05,0,0
2009-05-06,0,0
2009-05-07,0,0
2009-05-08,0,0
2009-05-09,0,0
2009-05-10,0,0
2009-05-11,0,0
2009-05-12,0,0
2009-05-13,0,0
2009-05-14,0,0
2009-05-15,0,0
2009-05-16,0,0
2009-05-17,0,0
2009-05-18,0,0
2009-05-19,0,0
2009-05-20,0,0
2009-05-21,0,0
2009-05-22,0,0
2009-05-23,0,0
2009-05-24,0,0
2009-05-25,0,0
2009-05-26,0,0
2009-05-27,0,0
2009-05-28,0,0
2009-05-29,0,0
2009-05-30,0,0
2009-05-31,0,0
2009-06-01,0,0
2009-06-02,0,0
2009-06-03,0,0
2009-06-04,0,0
2009-06-05,0,0
2009-06-06,0,0
2009-06-07,0,0
2009-06-08,0,0
2009-06-09,0,0
2009-06-10,0,0
2009-06-11,0,0
2009-06-12,0,0
2009-06-13,0,0
2009-06-14,0,0
2009-06-15,0,0
2009-06-16,0,0
2009-06-17,0,0
2009-06-18,0,0
2009-06-19,0,0
2009-06-20,0,0
2009-06-21,0,0
2009-06-22,0,0
2009-06-23,0,0
2009-06-24,0,0
2009-06-25,0,0
2009-06-26,0,0
2009-06-27,0,0
2009-06-28,0,0
2009-06-29,0,0
2009-06-30,0,0
2009-07-01,0,0
2009-07-02,0,0
2009-07-03,0,0
2009-07-04,0,0
2009-07-05,0,0
2009-07-06,0,0
2009-07-07,0,0
2009-07-08,0,0
2009-07-09,0,0
2009-07-10,0,0
2009-07-11,0,0
2009-07-12,0,0
2009-07-13,0,0
2009-07-14,0,0
2009-07-15,0,0
2009-07-16,0,0
2009-07-17,0,0
2009-07-18,0,0
2009-07-19,0,0
2009-07-20,0,0
2009-07-21,0,0
2009-07-22,0,0
2009-07-23,0,0
2009-07-24,0,0
2009-07-25,0,0
2009-07-26,0,0
2009-07-27,0,0
2009-07-28,0,0
2009-07-29,0,0
2009-07-30,0,0
2009-07-31,0,0
2009-08-01,0,0
2009-08-02,0,0
2009-08-03,0,0
2009-08-04,0,0
2009-08-05,0,0
2009-08-06,0,0
2009-08-07,0,0
2009-08-08,0,0
2009-08-09,0,0
2009-08-10,0,0
2009-08-11,0,0
2009-08-12,0,0
2009-08-13,0,0
2009-08-14,0,0
2009-08-15,0,0
2009-08-16,0,0
2009-08-17,0,0
2009-08-18,0,0
2009-08-19,0,0
2009-08-20,0,0
2009-08-21,0,0
2009-08-22,0,0
2009-08-23,0,0
2009-08-24,0,0
2009-08-25,0,0
2009-08-26,0,0
2009-08-27,0,0
2009-08-28,0,0
2009-08-29,0,0
2009-08-30,0,0
2009-08-31,0,0
2009-09-01,0,0
2009-09-02,0,0
2009-09-03,0,0
2009-09-04,0,0
2009-09-05,0,0
2009-09-06,0,0
2009-09-07,0,0
2009-09-08,0,0
2009-09-09,0,0
2009-09-10,0,0
2009-09-11,0,0
2009-09-12,0,0
2009-09-13,0,0
2009-09-14,0,0
2009-09-15,0,0
2009-09-16,0,0
2009-09-17,0,0
2009-09-18,0,0
2009-09-19,0,0
2009-09-20,0,0
2009-09-21,0,0
2009-09-22,0,0
2009-09-23,0,0
2009-09-24,0,0
2009-09-25,0,0
2009-09-26,0,0
2009-09-27,0,0
2009-09-28,0,0
2009-09-29,0,0
2009-09-30,0,0
2009-10-01,0,0
2009-10-02,0,0
2009-10-03,0,0
2009-10-04,0,0
2009-10-05,0,0
2009-10-06,0,0
2009-10-07,0,0
2009-10-08,0,0
2009-10-09,0,0
2009-10-10,0,0
2009-10-11,0,0
2009-10-12,0,0
2009-10-13,0,0
2009-10-14,0,0
2009-10-15,0,0
2009-10-16,0,0
2009-10-17,0,0
2009-10-18,0,0
2009-10-19,0,0
2009-10-20,0,0
2009-10-21,0,0
2009-10-22,0,0
2009-10-23,0,0
2009-10-24,0,0
2009-10-25,0,0
2009-10-26,0,0
2009-10-27,0,0
2009-10-28,0,0
2009-10-29,0,0
2009-10-30,0,0
2009-10-31,0,0
2009-11-01,0,0
2009-11-02,0,0
2009-11-03,0,0
2009-11-04,0,0
2009-11-05,0,0
2009-11-06,0,0
2009-11-07,0,0
2009-11-08,0,0
2009-11-09,0,0
2009-11-10,0,0
2009-11-11,0,0
2009-11-12,0,0
2009-11-13,0,0
2009-11-14,0,0
2009-11-15,0,0
2009-11-16,0,0
2009-11-17,0,0
2009-11-18,0,0
2009-11-19,0,0
2009-11-20,0,0
2009-11-21,0,0
2009-11-22,0,0
2009-11-23,0,0
2009-11-24,0,0
2009-11-25,0,0
2009-11-26,0,0
2009-11-27,0,0
2009-11-28,0,0
2009-11-29,0,0
2009-11-30,0,0
2009-12-01,0,0
2009-12-02,0,0
2009-12-03,0,0
2009-12-04,0,0
2009-12-05,0,0
2009-12-06,0,0
2009-12-07,0,0
2009-12-08,0,0
2009-12-09,0,0
2009-12-10,0,0
2009-12-11,0,0
2009-12-12,0,0
2009-12-13,0,0
2009-12-14,0,0
2009-12-15,0,0
2009-12-16,0,0
2009-12-17,0,0
2009-12-18,0,0
2009-12-19,0,0
2009-12-20,0,0
2009-12-21,0,0
2009-12-22,0,0
2009-12-23,0,0
2009-12-24,0,0
2009-12-25,0,0
2009-12-26,0,0
2009-12-27,0,0
2009-12-28,0,0
2009-12-29,0,0
2009-12-30,0,0
2009-12-31,0,0
2010-01-01,0,0
2010-01-02,0,0
2010-01-03,0,0
2010-01-04,0,0
2010-01-05,0,0
2010-01-06,0,0
2010-01-07,0,0
2010-01-08,0,0
2010-01-09,0,0
2010-01-10,0,0
2010-01-11,0,0
2010-01-12,0,0
2010-01-13,0,0
2010-01-14,0,0
2010-01-15,0,0
2010-01-16,0,0
2010-01-17,0,0
2010-01-18,0,0
2010-01-19,0,0
2010-01-20,0,0
2010-01-21,0,0
2010-01-22,0,0
2010-01-23,0,0
2010-01-24,0,0
2010-01-25,0,0
2010-01-26,0,0
2010-01-27,0,0
2010-01-28,0,0
2010-01-29,0,0
2010-01-30,0,0
2010-01-31,0,0
2010-02-01,0,0
2010-02-02,0,0
2010-02-03,0,0
2010-02-04,0,0
2010-02-05,0,0
2010-02-06,0,0
2010-02-07,0,0
2010-02-08,0,0
2010-02-09,0,0
2010-02-10,0,0
2010-02-11,0,0
2010-02-12,0,0
2010-02-13,0,0
2010-02-14,0,0
2010-02-15,0,0
2010-02-16,0,0
2010-02-17,0,0
2010-02-18,0,0
2010-02-19,0,0
2010-02-20,0,0
2010-02-21,0,0
2010-02-22,0,0
2010-02-23,0,0
2010-02-24,0,0
2010-02-25,0,0
2010-02-26,0,0
2010-02-27,0,0
2010-02-28,0,0
2010-03-01,0,0
2010-03-02,0,0
2010-03-03,0,0
2010-03-04,0,0
2010-03-05,0,0
2010-03-06,0,0
2010-03-07,0,0
2010-03-08,0,0
2010-03-09,0,0
2010-03-10,0,0
2010-03-11,0,0
2010-03-12,0,0
2010-03-13,0,0
2010-03-14,0,0
2010-03-15,0,0
2010-03-16,0,0
2010-03-17,0,0
2010-03-18,0,0
2010-03-19,0,0
2010-03-20,0,0
2010-03-21,0,0
2010-03-22,0,0
2010-03-23,0,0
2010-03-24,0,0
2010-03-25,0,0
2010-03-26,0,0
2010-03-27,0,0
2010-03-28,0,0
2010-03-29,0,0
2010-03-30,0,0
2010-03-31,0,0
2010-04-01,0,0
2010-04-02,0,0
2010-04-03,0,0
2010-04-04,0,0
2010-04-05,0,0
2010-04-06,0,0
2010-04-07,0,0
2010-04-08,0,0
2010-04-09,0,0
2010-04-10,0,0
2010-04-11,0,0
2010-04-12,0,0
2010-04-13,0,0
2010-04-14,0,0
2010-04-15,0,0
2010-04-16,0,0
2010-04-17,0,0
2010-04-18,0,0
2010-04-19,0,0
2010-04-20,0,0
2010-04-21,0,0
2010-04-22,0,0
2010-04-23,0,0
2010-04-24,0,0
2010-04-25,0,0
2010-04-26,0,0
2010-04-27,0,0
2010-04-28,0,0
2010-04-29,0,0
2010-04-30,0,0
2010-05-01,0,0
2010-05-02,0,0
2010-05-03,0,0
2010-05-04,0,0
2010-05-05,0,0
2010-05-06,0,0
2010-05-07,0,0
2010-05-08,0,0
2010-05-09,0,0
2010-05-10,0,0
2010-05-11,0,0
2010-05-12,0,0
2010-05-13,0,0
2010-05-14,0,0
2010-05-15,0,0
2010-05-16,0,0
2010-05-17,0,0
2010-05-18,0,0
2010-05-19,0,0
2010-05-20,0,0
2010-05-21,0,0
2010-05-22,0,0
2010-05-23,0,0
2010-05-24,0,0
2010-05-25,0,0
2010-05-26,0,0
2010-05-27,0,0
2010-05-28,0,0
2010-05-29,0,0
2010-05-30,0,0
2010-05-31,0,0
2010-06-01,0,0
2010-06-02,0,0
2010-06-03,0,0
2010-06-04,0,0
2010-06-05,0,0
2010-06-06,0,0
2010-06-07,0,0
2010-06-08,0,0
2010-06-09,0,0
2010-06-10,0,0
2010-06-11,0,0
2010-06-12,0,0
2010-06-13,0,0
2010-06-14,0,0
2010-06-15,0,0
2010-06-16,0,0
2010-06-17,0,0
2010-06-18,0,0
2010-06-19,0,0
2010-06-20,0,0
2010-06-21,0,0
2010-06-22,0,0
2010-06-23,0,0
2010-06-24,0,0
2010-06-25,0,0
2010-06-26,0,0
2010-06-27,0,0
2010-06-28,0,0
2010-06-29,0,0
2010-06-30,0,0
2010-07-01,0,0
2010-07-02,0,0
2010-07-03,0,0
2010-07-04,0,0
2010-07-05,0,0
2010-07-06,0,0
2010-07-07,0,0
2010-07-08,0,0
2010-07-09,0,0
2010-07-10,0,0
2010-07-11,0,0
2010-07-12,0,0
2010-07-13,0,0
2010-07-14,0,0
2010-07-15,0,0
2010-07-16,0,0
2010-07-17,0,0
2010-07-18,0,0
2010-07-19,0,0
2010-07-20,0,0
2010-07-21,0,0
2010-07-22,0,0
2010-07-23,0,0
2010-07-24,0,0
2010-07-25,0,0
2010-07-26,0,0
2010-07-27,0,0
2010-07-28,0,0
2010-07-29,0,0
2010-07-30,0,0
2010-07-31,0,0
2010-08-01,0,0
2010-08-02,0,0
2010-08-03,0,0
2010-08-04,0,0
2010-08-05,0,0
2010-08-06,0,0
2010-08-07,0,0
2010-08-08,0,0
2010-08-09,0,0
2010-08-10,0,0
2010-08-11,0,0
2010-08-12,0,0
2010-08-13,0,0
2010-08-14,0,0
2010-08-15,0,0
2010-08-16,0,0
2010-08-17,0,0
2010-08-18,0,0
2010-08-19,0,0
2010-08-20,0,0
2010-08-21,0,0
2010-08-22,0,0
2010-08-23,0,0
2010-08-24,0,0
2010-08-25,0,0
2010-08-26,0,0
2010-08-27,0,0
2010-08-28,0,0
2010-08-29,0,0
2010-08-30,0,0
2010-08-31,0,0
2010-09-01,0,0
2010-09-02,0,0
2010-09-03,0,0
2010-09-04,0,0
2010-09-05,0,0
2010-09-06,0,0
2010-09-07,0,0
2010-09-08,0,0
2010-09-09,0,0
2010-09-10,0,0
2010-09-11,0,0
2010-09-12,0,0
2010-09-13,0,0
2010-09-14,0,0
2010-09-15,0,0
2010-09-16,0,0
2010-09-17,0,0
2010-09-18,0,0
2010-09-19,0,0
2010-09-20,0,0
2010-09-21,0,0
2010-09-22,0,0
2010-09-23,0,0
2010-09-24,0,0
2010-09-25,0,0
2010-09-26,0,0
2010-09-27,0,0
2010-09-28,0,0
2010-09-29,0,0
2010-09-30,0,0
2010-10-01,0,0
2010-10-02,0,0
2010-10-03,0,0
2010-10-04,0,0
2010-10-05,0,0
2010-10-06,0,0
2010-10-07,0,0
2010-10-08,0,0
2010-10-09,0,0
2010-10-10,0,0
2010-10-11,0,0
2010-10-12,0,0
2010-10-13,0,0
2010-10-14,0,0
2010-10-15,0,0
2010-10-16,0,0
2010-10-17,0,0
2010-10-18,0,0
2010-10-19,0,0
2010-10-20,0,0
2010-10-21,0,0
2010-10-22,0,0
2010-10-23,0,0
2010-10-24,0,0
2010-10-25,0,0
2010-10-26,0,0
2010-10-27,0,0
2010-10-28,0,0
2010-10-29,0,0
2010-10-30,0,0
2010-10-31,0,0
2010-11-01,0,0
2010-11-02,0,0
2010-11-03,0,0
2010-11-04,0,0
2010-11-05,0,0
2010-11-06,0,0
2010-11-07,0,0
2010-11-08,0,0
2010-11-09,0,0
2010-11-10,0,0
2010-11-11,0,0
2010-11-12,0,0
2010-11-13,0,0
2010-11-14,0,0
2010-11-15,0,0
2010-11-16,0,0
2010-11-17,0,0
2010-11-18,0,0
2010-11-19,0,0
2010-11-20,0,0
2010-11-21,0,0
2010-11-22,0,0
2010-11-23,0,0
2010-11-24,0,0
2010-11-25,0,0
2010-11-26,0,0
2010-11-27,0,0
2010-11-28,0,0
2010-11-29,0,0
2010-11-30,0,0
2010-12-01,0,0
2010-12-02,0,0
2010-12-03,0,0
2010-12-04,0,0
2010-12-05,0,0
2010-12-06,0,0
2010-12-07,0,0
2010-12-08,0,0
2010-12-09,0,0
2010-12-10,0,0
2010-12-11,0,0
2010-12-12,0,0
2010-12-13,0,0
2010-12-14,0,0
2010-12-15,0,0
2010-12-16,0,0
2010-12-17,0,0
2010-12-18,0,0
2010-12-19,0,0
2010-12-20,0,0
2010-12-21,0,0
2010-12-22,0,0
2010-12-23,0,0
2010-12-24,0,0
2010-12-25,0,0
2010-12-26,0,0
2010-12-27,0,0
2010-12-28,0,0
2010-12-29,0,0
2010-12-30,0,0
2010-12-31,0,0
2011-01-01,0,0
2011-01-02,0,0
2011-01-03,0,0
2011-01-04,0,0
2011-01-05,0,0
2011-01-06,0,0
2011-01-07,0,0
2011-01-08,0,0
2011-01-09,0,0
2011-01-10,0,0
2011-01-11,0,0
2011-01-12,0,0
2011-01-13,0,0
2011-01-14,0,0
2011-01-15,0,0
2011-01-16,0,0
2011-01-17,0,0
2011-01-18,0,0
2011-01-19,0,0
2011-01-20,0,0
2011-01-21,0,0
2011-01-22,0,0
2011-01-23,0,0
2011-01-24,0,0
2011-01-25,0,0
2011-01-26,0,0
2011-01-27,0,0
2011-01-28,0,0
2011-01-29,0,0
2011-01-30,0,0
2011-01-31,0,0
2011-02-01,0,0
2011-02-02,0,0
2011-02-03,0,0
2011-02-04,0,0
2011-02-05,0,0
2011-02-06,0,0
2011-02-07,0,0
2011-02-08,0,0
2011-02-09,0,0
2011-02-10,0,0
2011-02-11,0,0
2011-02-12,0,0
2011-02-13,0,0
2011-02-14,0,0
2011-02-15,0,0
2011-02-16,0,0
2011-02-17,0,0
2011-02-18,0,0
2011-02-19,0,0
2011-02-20,0,0
2011-02-21,0,0
2011-02-22,0,0
2011-02-23,0,0
2011-02-24,0,0
2011-02-25,0,0
2011-02-26,0,0
2011-02-27,0,0
2011-02-28,0,0
2011-03-01,0,0
2011-03-02,0,0
2011-03-03,0,0
2011-03-04,0,0
2011-03-05,0,0
2011-03-06,0,0
2011-03-07,0,0
2011-03-08,0,0
2011-03-09,0,0
2011-03-10,0,0
2011-03-11,0,0
2011-03-12,0,0
2011-03-13,0,0
2011-03-14,0,0
2011-03-15,0,0
2011-03-16,0,0
2011-03-17,0,0
2011-03-18,0,0
2011-03-19,0,0
2011-03-20,0,0
2011-03-21,0,0
2011-03-22,0,0
2011-03-23,0,0
2011-03-24,0,0
2011-03-25,0,0
2011-03-26,0,0
2011-03-27,0,0
2011-03-28,0,0
2011-03-29,0,0
2011-03-30,0,0
2011-03-31,0,0
2011-04-01,0,0
2011-04-02,0,0
2011-04-03,0,0
2011-04-04,0,0
2011-04-05,0,0
2011-04-06,0,0
2011-04-07,0,0
2011-04-08,0,0
2011-04-09,0,0
2011-04-10,0,0
2011-04-11,0,0
2011-04-12,0,0
2011-04-13,0,0
2011-04-14,0,0
2011-04-15,0,0
2011-04-16,0,0
2011-04-17,0,0
2011-04-18,0,0
2011-04-19,0,0
2011-04-20,0,0
2011-04-21,0,0
2011-04-22,0,0
2011-04-23,0,0
2011-04-24,0,0
2011-04-25,0,0
2011-04-26,0,0
2011-04-27,0,0
2011-04-28,0,0
2011-04-29,0,0
2011-04-30,0,0
2011-05-01,0,0
2011-05-02,0,0
2011-05-03,0,0
2011-05-04,0,0
2011-05-05,0,0
2011-05-06,0,0
2011-05-07,0,0
2011-05-08,0,0
2011-05-09,0,0
2011-05-10,0,0
2011-05-11,0,0
2011-05-12,0,0
2011-05-13,0,0
2011-05-14,0,0
2011-05-15,0,0
2011-05-16,0,0
2011-05-17,0,0
2011-05-18,0,0
2011-05-19,0,0
2011-05-20,0,0
2011-05-21,0,0
2011-05-22,0,0
2011-05-23,0,0
2011-05-24,0,0
2011-05-25,0,0
2011-05-26,0,0
2011-05-27,0,0
2011-05-28,0,0
2011-05-29,0,0
2011-05-30,0,0
2011-05-31,0,0
2011-06-01,0,0
2011-06-02,0,0
2011-06-03,0,0
2011-06-04,0,0
2011-06-05,0,0
2011-06-06,0,0
2011-06-07,0,0
2011-06-08,0,0
2011-06-09,0,0
2011-06-10,0,0
2011-06-11,0,0
2011-06-12,0,0
2011-06-13,0,0
2011-06-14,0,0
2011-06-15,0,0
2011-06-16,0,0
2011-06-17,0,0
2011-06-18,0,0
2011-06-19,0,0
2011-06-20,0,0
2011-06-21,0,0
2011-06-22,0,0
2011-06-23,0,0
2011-06-24,0,0
2011-06-25,0,0
2011-06-26,0,0
2011-06-27,0,0
2011-06-28,0,0
2011-06-29,0,0
2011-06-30,0,0
2011-07-01,0,0
2011-07-02,0,0
2011-07-03,0,0
2011-07-04,0,0
2011-07-05,0,0
2011-07-06,0,0
2011-07-07,0,0
2011-07-08,0,0
2011-07-09,0,0
2011-07-10,0,0
2011-07-11,0,0
2011-07-12,0,0
2011-07-13,0,0
2011-07-14,0,0
2011-07-15,0,0
2011-07-16,0,0
2011-07-17,0,0
2011-07-18,0,0
2011-07-19,0,0
2011-07-20,0,0
2011-07-21,0,0
2011-07-22,0,0
2011-07-23,0,0
2011-07-24,0,0
2011-07-25,0,0
2011-07-26,0,0
2011-07-27,0,0
2011-07-28,0,0
2011-07-29,0,0
2011-07-30,0,0
2011-07-31,0,0
2011-08-01,0,0
2011-08-02,0,0
2011-08-03,0,0
2011-08-04,0,0
2011-08-05,0,0
2011-08-06,0,0
2011-08-07,0,0
2011-08-08,0,0
2011-08-09,0,0
2011-08-10,0,0
2011-08-11,0,0
2011-08-12,0,0
2011-08-13,0,0
2011-08-14,0,0
2011-08-15,0,0
2011-08-16,0,0
2011-08-17,0,0
2011-08-18,0,0
2011-08-19,0,0
2011-08-20,0,0
2011-08-21,0,0
2011-08-22,0,0
2011-08-23,0,0
2011-08-24,0,0
2011-08-25,0,0
2011-08-26,0,0
2011-08-27,0,0
2011-08-28,0,0
2011-08-29,25,25
2011-08-30,50,50
2011-08-31,75,75
2011-09-01,98,98
2011-09-02,108,110
2011-09-03,108,108
2011-09-04,108,108
2011-09-05,108,108
2011-09-06,127,133
2011-09-07,145,145
2011-09-08,161,162
2011-09-09,177,181
2011-09-10,176,177
2011-09-11,176,176
2011-09-12,186,191
2011-09-13,200,202
2011-09-14,207,220
2011-09-15,222,229
2011-09-16,231,239
2011-09-17,247,250
2011-09-18,256,256
2011-09-19,266,278
2011-09-20,267,296
2011-09-21,284,290
2011-09-22,298,306
2011-09-23,316,332
2011-09-24,316,316
2011-09-25,316,316
2011-09-26,343,348
2011-09-27,348,364
2011-09-28,373,377
2011-09-29,372,397
2011-09-30,384,395
2011-10-01,384,384
2011-10-02,384,384
2011-10-03,401,410
2011-10-04,409,422
2011-10-05,425,444
2011-10-06,431,443
2011-10-07,456,463
2011-10-08,448,456
2011-10-09,448,448
2011-10-10,448,448
2011-10-11,447,484
2011-10-12,458,477
2011-10-13,455,472
2011-10-14,467,484
2011-10-15,467,467
2011-10-16,467,467
2011-10-17,483,503
2011-10-18,475,500
2011-10-19,479,500
2011-10-20,483,490
2011-10-21,481,504
2011-10-22,481,481
2011-10-23,481,481
2011-10-24,474,483
2011-10-25,509,536
2011-10-26,506,533
2011-10-27,514,525
2011-10-28,509,531
2011-10-29,509,509
2011-10-30,509,509
2011-10-31,528,539
2011-11-01,523,550
2011-11-02,530,553
2011-11-03,538,552
2011-11-04,545,573
2011-11-05,545,545
2011-11-06,545,545
2011-11-07,570,580
2011-11-08,562,585
2011-11-09,549,579
2011-11-10,563,574
2011-11-11,562,564
2011-11-12,562,562
2011-11-13,562,562
2011-11-14,580,592
2011-11-15,561,602
2011-11-16,560,587
2011-11-17,565,578
2011-11-18,549,576
2011-11-19,548,550
2011-11-20,548,548
2011-11-21,549,566
2011-11-22,498,566
2011-11-23,520,528
2011-11-24,520,520
2011-11-25,507,521
2011-11-26,507,507
2011-11-27,507,507
2011-11-28,506,529
2011-11-29,492,515
2011-11-30,476,501
2011-12-01,478,495
2011-12-02,478,496
2011-12-03,478,478
2011-12-04,476,478
2011-12-05,487,516
2011-12-06,496,522
2011-12-07,491,514
2011-12-08,483,506
2011-12-09,499,505
2011-12-10,499,499
2011-12-11,499,499
2011-12-12,506,526
2011-12-13,496,516
2011-12-14,505,514
2011-12-15,504,513
2011-12-16,516,523
2011-12-17,516,516
2011-12-18,515,516
2011-12-19,535,545
2011-12-20,521,550
2011-12-21,523,533
2011-12-22,502,538
2011-12-23,500,523
2011-12-24,499,500
2011-12-25,499,499
2011-12-26,497,499
2011-12-27,509,518
2011-12-28,501,515
2011-12-29,511,518
2011-12-30,511,525
2011-12-31,511,511
2012-01-01,511,511
2012-01-02,511,511
2012-01-03,517,545
2012-01-04,504,525
2012-01-05,498,521
2012-01-06,503,518
2012-01-07,503,503
2012-01-08,503,503
2012-01-09,492,519
2012-01-10,488,505
2012-01-11,478,498
2012-01-12,478,495
2012-01-13,473,491
2012-01-14,473,473
2012-01-15,473,473
2012-01-16,473,473
2012-01-17,487,513
2012-01-18,506,520
2012-01-19,529,542
2012-01-20,538,547
2012-01-21,537,538
2012-01-22,537,537
2012-01-23,536,553
2012-01-24,515,550
2012-01-25,528,548
2012-01-26,529,546
2012-01-27,544,563
2012-01-28,544,544
2012-01-29,544,544
2012-01-30,532,566
2012-01-31,559,582
2012-02-01,554,572
2012-02-02,547,575
2012-02-03,544,553
2012-02-04,544,545
2012-02-05,544,544
2012-02-06,525,559
2012-02-07,488,540
2012-02-08,501,513
2012-02-09,505,526
2012-02-10,502,517
2012-02-11,502,502
2012-02-12,501,502
2012-02-13,503,514
2012-02-14,496,524
2012-02-15,492,517
2012-02-16,497,517
2012-02-17,508,514
2012-02-18,508,508
2012-02-19,508,508
2012-02-20,508,508
2012-02-21,515,548
2012-02-22,522,534
2012-02-23,517,534
2012-02-24,523,538
2012-02-25,523,523
2012-02-26,524,524
2012-02-27,531,550
2012-02-28,523,559
2012-02-29,519,540
2012-03-01,516,535
2012-03-02,516,531
2012-03-03,516,516
2012-03-04,516,516
2012-03-05,528,538
2012-03-06,539,564
2012-03-07,529,570
2012-03-08,518,546
2012-03-09,532,545
2012-03-10,532,532
2012-03-11,532,532
2012-03-12,541,552
2012-03-13,575,601
2012-03-14,607,620
2012-03-15,625,650
2012-03-16,616,634
2012-03-17,616,616
2012-03-18,616,616
2012-03-19,592,617
2012-03-20,592,608
2012-03-21,582,611
2012-03-22,575,594
2012-03-23,562,576
2012-03-24,568,568
2012-03-25,583,583
2012-03-26,551,595
2012-03-27,557,586
2012-03-28,570,590
2012-03-29,571,600
2012-03-30,571,591
2012-03-31,572,572
2012-04-01,572,572
2012-04-02,588,600
2012-04-03,583,598
2012-04-04,583,597
2012-04-05,584,603
2012-04-06,577,599
2012-04-07,577,577
2012-04-08,577,577
2012-04-09,577,608
2012-04-10,606,624
2012-04-11,587,612
2012-04-12,574,601
2012-04-13,555,580
2012-04-14,555,555
2012-04-15,555,555
2012-04-16,581,593
2012-04-17,563,605
2012-04-18,575,591
2012-04-19,574,587
2012-04-20,569,592
2012-04-21,569,569
2012-04-22,569,569
2012-04-23,568,600
2012-04-24,584,593
2012-04-25,574,594
2012-04-26,580,592
2012-04-27,587,594
2012-04-28,587,587
2012-04-29,578,587
2012-04-30,566,585
2012-05-01,542,585
2012-05-02,562,581
2012-05-03,553,584
2012-05-04,558,574
2012-05-05,558,558
2012-05-06,558,558
2012-05-07,552,578
2012-05-08,552,579
2012-05-09,556,580
2012-05-10,567,579
2012-05-11,573,592
2012-05-12,573,573
2012-05-13,573,573
2012-05-14,587,593
2012-05-15,579,618
2012-05-16,581,607
2012-05-17,588,600
2012-05-18,577,599
2012-05-19,582,582
2012-05-20,583,583
2012-05-21,580,583
2012-05-22,594,660
2012-05-23,600,630
2012-05-24,604,624
2012-05-25,606,616
2012-05-26,607,607
2012-05-27,607,607
2012-05-28,601,607
2012-05-29,614,637
2012-05-30,619,637
2012-05-31,610,630
2012-06-01,607,620
2012-06-02,607,607
2012-06-03,607,607
2012-06-04,592,618
2012-06-05,594,623
2012-06-06,590,616
2012-06-07,590,613
2012-06-08,583,610
2012-06-09,583,583
2012-06-10,584,584
2012-06-11,570,611
2012-06-12,575,590
2012-06-13,586,602
2012-06-14,590,599
2012-06-15,581,594
2012-06-16,596,596
2012-06-17,596,596
2012-06-18,602,625
2012-06-19,580,629
2012-06-20,584,599
2012-06-21,585,595
2012-06-22,580,595
2012-06-23,581,581
2012-06-24,581,581
2012-06-25,584,610
2012-06-26,593,603
2012-06-27,563,597
2012-06-28,577,588
2012-06-29,576,592
2012-06-30,576,576
2012-07-01,576,576
2012-07-02,558,593
2012-07-03,565,599
2012-07-04,565,565
2012-07-05,592,600
2012-07-06,606,611
2012-07-07,606,606
2012-07-08,606,606
2012-07-09,577,623
2012-07-10,583,604
2012-07-11,595,607
2012-07-12,612,639
2012-07-13,618,629
2012-07-14,618,618
2012-07-15,618,618
2012-07-16,627,631
2012-07-17,603,634
2012-07-18,607,622
2012-07-19,612,620
2012-07-20,609,620
2012-07-21,609,609
2012-07-22,609,609
2012-07-23,608,615
2012-07-24,611,636
2012-07-25,613,623
2012-07-26,618,640
2012-07-27,627,634
2012-07-28,627,627
2012-07-29,627,627
2012-07-30,632,637
2012-07-31,629,659
2012-08-01,624,650
2012-08-02,669,688
2012-08-03,663,674
2012-08-04,663,663
2012-08-05,621,666
2012-08-06,630,639
2012-08-07,623,649
2012-08-08,627,651
2012-08-09,647,661
2012-08-10,652,666
2012-08-11,652,652
2012-08-12,653,653
2012-08-13,660,671
2012-08-14,670,695
2012-08-15,664,677
2012-08-16,661,680
2012-08-17,661,679
2012-08-18,662,662
2012-08-19,662,662
2012-08-20,680,690
2012-08-21,702,727
2012-08-22,702,737
2012-08-23,708,724
2012-08-24,703,724
2012-08-25,704,704
2012-08-26,720,720
2012-08-27,747,772
2012-08-28,760,781
2012-08-29,777,802
2012-08-30,796,809
2012-08-31,820,832
2012-09-01,832,832
2012-09-02,832,832
2012-09-03,832,832
2012-09-04,858,887
2012-09-05,870,898
2012-09-06,899,913
2012-09-07,920,939
2012-09-08,920,920
2012-09-09,920,920
2012-09-10,920,948
2012-09-11,913,948
2012-09-12,926,969
2012-09-13,929,950
2012-09-14,931,951
2012-09-15,931,931
2012-09-16,931,931
2012-09-17,935,963
2012-09-18,934,976
2012-09-19,941,977
2012-09-20,940,984
2012-09-21,936,956
2012-09-22,939,940
2012-09-23,939,939
2012-09-24,946,968
2012-09-25,941,986
2012-09-26,950,986
2012-09-27,952,975
2012-09-28,949,970
2012-09-29,949,949
2012-09-30,948,949
2012-10-01,945,961
2012-10-02,963,976
2012-10-03,968,"1,005"
2012-10-04,977,996
2012-10-05,980,"1,003"
2012-10-06,981,981
2012-10-07,981,981
2012-10-08,979,981
2012-10-09,981,"1,016"
2012-10-10,987,"1,009"
2012-10-11,987,"1,013"
2012-10-12,994,"1,023"
2012-10-13,994,994
2012-10-14,994,994
2012-10-15,"1,014","1,022"
2012-10-16,991,"1,032"
2012-10-17,966,"1,005"
2012-10-18,945,971
2012-10-19,940,957
2012-10-20,940,940
2012-10-21,940,940
2012-10-22,955,981
2012-10-23,971,997
2012-10-24,972,"1,015"
2012-10-25,977,998
2012-10-26,978,990
2012-10-27,978,978
2012-10-28,963,978
2012-10-29,965,984
2012-10-30,964,981
2012-10-31,974,994
2012-11-01,974,"1,001"
2012-11-02,972,989
2012-11-03,972,972
2012-11-04,976,976
2012-11-05,976,985
2012-11-06,988,"1,008"
2012-11-07,993,"1,004"
2012-11-08,993,"1,005"
2012-11-09,990,"1,000"
2012-11-10,990,990
2012-11-11,990,990
2012-11-12,990,990
2012-11-13,987,"1,011"
2012-11-14,984,"1,005"
2012-11-15,972,"1,001"
2012-11-16,967,987
2012-11-17,967,967
2012-11-18,967,967
2012-11-19,957,981
2012-11-20,944,975
2012-11-21,946,972
2012-11-22,944,946
2012-11-23,946,949
2012-11-24,946,946
2012-11-25,946,946
2012-11-26,976,982
2012-11-27,980,"1,000"
2012-11-28,980,"1,010"
2012-11-29,985,"1,004"
2012-11-30,973,995
2012-12-01,972,973
2012-12-02,971,972
2012-12-03,984,996
2012-12-04,984,"1,011"
2012-12-05,982,"1,009"
2012-12-06,988,"1,007"
2012-12-07,994,"1,010"
2012-12-08,994,994
2012-12-09,994,994
2012-12-10,986,"1,000"
2012-12-11,990,"1,031"
2012-12-12,980,"1,012"
2012-12-13,994,"1,010"
2012-12-14,983,"1,002"
2012-12-15,982,983
2012-12-16,982,982
2012-12-17,982,"1,022"
2012-12-18,994,"1,005"
2012-12-19,994,"1,001"
2012-12-20,985,"1,002"
2012-12-21,975,994
2012-12-22,975,975
2012-12-23,975,975
2012-12-24,983,984
2012-12-25,984,984
2012-12-26,991,995
2012-12-27,991,"1,005"
2012-12-28,988,"1,003"
2012-12-29,988,988
2012-12-30,988,988
2012-12-31,996,"1,004"
2013-01-01,996,996
2013-01-02,994,"1,001"
2013-01-03,992,"1,010"
2013-01-04,996,"1,009"
2013-01-05,996,996
2013-01-06,996,996
2013-01-07,995,"1,001"
2013-01-08,991,"1,039"
2013-01-09,993,"1,042"
2013-01-10,986,"1,018"
2013-01-11,993,"1,006"
2013-01-12,993,993
2013-01-13,994,994
2013-01-14,979,"1,012"
2013-01-15,963,"1,013"
2013-01-16,961,"1,006"
2013-01-17,956,977
2013-01-18,957,984
2013-01-19,956,957
2013-01-20,956,956
2013-01-21,956,956
2013-01-22,969,997
2013-01-23,969,"1,008"
2013-01-24,968,999
2013-01-25,973,988
2013-01-26,975,975
2013-01-27,975,975
2013-01-28,967,997
2013-01-29,969,"1,012"
2013-01-30,957,998
2013-01-31,957,986
2013-02-01,954,967
2013-02-02,954,954
2013-02-03,955,955
2013-02-04,964,973
2013-02-05,975,"1,016"
2013-02-06,951,992
2013-02-07,938,960
2013-02-08,947,957
2013-02-09,947,947
2013-02-10,947,947
2013-02-11,948,985
2013-02-12,935,972
2013-02-13,908,961
2013-02-14,903,926
2013-02-15,966,984
2013-02-16,966,966
2013-02-17,966,966
2013-02-18,966,966
2013-02-19,973,"1,024"
2013-02-20,977,"1,008"
2013-02-21,977,"1,008"
2013-02-22,983,998
2013-02-23,984,984
2013-02-24,984,984
2013-02-25,981,"1,013"
2013-02-26,975,"1,045"
2013-02-27,972,"1,008"
2013-02-28,981,"1,011"
2013-03-01,985,"1,001"
2013-03-02,985,985
2013-03-03,985,985
2013-03-04,988,"1,008"
2013-03-05,982,"1,032"
2013-03-06,975,"1,018"
2013-03-07,959,996
2013-03-08,981,989
2013-03-09,981,981
2013-03-10,981,981
2013-03-11,976,"1,007"
2013-03-12,977,"1,023"
2013-03-13,982,"1,018"
2013-03-14,979,"1,001"
2013-03-15,983,989
2013-03-16,983,983
2013-03-17,983,983
2013-03-18,981,"1,012"
2013-03-19,988,"1,012"
2013-03-20,973,"1,023"
2013-03-21,984,"1,004"
2013-03-22,985,995
2013-03-23,985,985
2013-03-24,985,985
2013-03-25,984,"1,001"
2013-03-26,982,998
2013-03-27,973,"1,002"
2013-03-28,973,993
2013-03-29,965,991
2013-03-30,965,965
2013-03-31,965,965
2013-04-01,972,991
2013-04-02,953,"1,007"
2013-04-03,"1,006","1,037"
2013-04-04,"1,062","1,077"
2013-04-05,"1,065","1,080"
2013-04-06,"1,085","1,085"
2013-04-07,"1,093","1,093"
2013-04-08,"1,104","1,137"
2013-04-09,"1,148","1,227"
2013-04-10,"1,198","1,234"
2013-04-11,"1,236","1,268"
2013-04-12,"1,232","1,253"
2013-04-13,"1,240","1,240"
2013-04-14,"1,240","1,240"
2013-04-15,"1,226","1,270"
2013-04-16,"1,214","1,273"
2013-04-17,"1,239","1,282"
2013-04-18,"1,257","1,298"
2013-04-19,"1,247","1,273"
2013-04-20,"1,247","1,247"
2013-04-21,"1,247","1,247"
2013-04-22,"1,228","1,273"
2013-04-23,"1,227","1,286"
2013-04-24,"1,215","1,240"
2013-04-25,"1,212","1,252"
2013-04-26,"1,220","1,250"
2013-04-27,"1,220","1,220"
2013-04-28,"1,220","1,220"
2013-04-29,"1,225","1,254"
2013-04-30,"1,227","1,273"
2013-05-01,"1,233","1,275"
2013-05-02,"1,223","1,261"
2013-05-03,"1,208","1,256"
2013-05-04,"1,208","1,208"
2013-05-05,"1,207","1,208"
2013-05-06,"1,166","1,231"
2013-05-07,"1,135","1,233"
2013-05-08,"1,122","1,165"
2013-05-09,"1,125","1,146"
2013-05-10,"1,105","1,138"
2013-05-11,"1,199","1,199"
2013-05-12,"1,199","1,199"
2013-05-13,"1,191","1,241"
2013-05-14,"1,204","1,232"
2013-05-15,"1,219","1,282"
2013-05-16,"1,233","1,259"
2013-05-17,"1,259","1,269"
2013-05-18,"1,260","1,260"
2013-05-19,"1,260","1,260"
2013-05-20,"1,265","1,288"
2013-05-21,"1,250","1,312"
2013-05-22,"1,240","1,315"
2013-05-23,"1,246","1,277"
2013-05-24,"1,237","1,266"
2013-05-25,"1,237","1,237"
2013-05-26,"1,237","1,237"
2013-05-27,"1,200","1,237"
2013-05-28,"1,197","1,233"
2013-05-29,"1,210","1,267"
2013-05-30,"1,215","1,249"
2013-05-31,"1,209","1,239"
2013-06-01,"1,215","1,215"
2013-06-02,"1,215","1,215"
2013-06-03,"1,214","1,228"
2013-06-04,"1,196","1,274"
2013-06-05,"1,218","1,269"
2013-06-06,"1,220","1,245"
2013-06-07,"1,203","1,237"
2013-06-08,"1,203","1,203"
2013-06-09,"1,203","1,203"
2013-06-10,"1,199","1,236"
2013-06-11,"1,190","1,232"
2013-06-12,"1,184","1,229"
2013-06-13,"1,155","1,204"
2013-06-14,"1,145","1,170"
2013-06-15,"1,145","1,145"
2013-06-16,"1,145","1,145"
2013-06-17,"1,145","1,184"
2013-06-18,"1,119","1,201"
2013-06-19,"1,090","1,151"
2013-06-20,"1,096","1,131"
2013-06-21,"1,083","1,114"
2013-06-22,"1,083","1,083"
2013-06-23,"1,083","1,083"
2013-06-24,"1,092","1,106"
2013-06-25,"1,067","1,121"
2013-06-26,"1,064","1,104"
2013-06-27,"1,096","1,117"
2013-06-28,"1,102","1,117"
2013-06-29,"1,102","1,102"
2013-06-30,"1,102","1,102"
2013-07-01,"1,095","1,110"
2013-07-02,"1,108","1,143"
2013-07-03,"1,099","1,147"
2013-07-04,"1,099","1,100"
2013-07-05,"1,101","1,116"
2013-07-06,"1,101","1,101"
2013-07-07,"1,101","1,101"
2013-07-08,"1,107","1,133"
2013-07-09,"1,097","1,135"
2013-07-10,"1,075","1,124"
2013-07-11,"1,079","1,122"
2013-07-12,"1,072","1,096"
2013-07-13,"1,071","1,072"
2013-07-14,"1,069","1,071"
2013-07-15,"1,068","1,084"
2013-07-16,"1,072","1,109"
2013-07-17,"1,093","1,131"
2013-07-18,"1,127","1,134"
2013-07-19,"1,141","1,157"
2013-07-20,"1,141","1,141"
2013-07-21,"1,141","1,141"
2013-07-22,"1,146","1,183"
2013-07-23,"1,186","1,198"
2013-07-24,"1,215","1,253"
2013-07-25,"1,233","1,242"
2013-07-26,"1,243","1,253"
2013-07-27,"1,243","1,243"
2013-07-28,"1,243","1,243"
2013-07-29,"1,239","1,256"
2013-07-30,"1,244","1,281"
2013-07-31,"1,237","1,284"
2013-08-01,"1,238","1,266"
2013-08-02,"1,230","1,255"
2013-08-03,"1,232","1,232"
2013-08-04,"1,232","1,232"
2013-08-05,"1,237","1,265"
2013-08-06,"1,240","1,272"
2013-08-07,"1,203","1,269"
2013-08-08,"1,211","1,248"
2013-08-09,"1,227","1,242"
2013-08-10,"1,227","1,227"
2013-08-11,"1,227","1,227"
2013-08-12,"1,220","1,238"
2013-08-13,"1,200","1,231"
2013-08-14,"1,212","1,226"
2013-08-15,"1,201","1,243"
2013-08-16,"1,219","1,244"
2013-08-17,"1,226","1,226"
2013-08-18,"1,224","1,226"
2013-08-19,"1,226","1,246"
2013-08-20,"1,225","1,247"
2013-08-21,"1,200","1,262"
2013-08-22,"1,201","1,218"
2013-08-23,"1,195","1,222"
2013-08-24,"1,195","1,195"
2013-08-25,"1,195","1,195"
2013-08-26,"1,196","1,214"
2013-08-27,"1,184","1,223"
2013-08-28,"1,186","1,213"
2013-08-29,"1,173","1,206"
2013-08-30,"1,158","1,188"
2013-08-31,"1,219","1,219"
2013-09-01,"1,219","1,219"
2013-09-02,"1,219","1,219"
2013-09-03,"1,246","1,251"
2013-09-04,"1,230","1,269"
2013-09-05,"1,241","1,255"
2013-09-06,"1,226","1,262"
2013-09-07,"1,229","1,229"
2013-09-08,"1,229","1,229"
2013-09-09,"1,216","1,253"
2013-09-10,"1,229","1,256"
2013-09-11,"1,241","1,271"
2013-09-12,"1,248","1,300"
2013-09-13,"1,249","1,276"
2013-09-14,"1,249","1,250"
2013-09-15,"1,249","1,249"
2013-09-16,"1,261","1,283"
2013-09-17,"1,266","1,292"
2013-09-18,"1,259","1,319"
2013-09-19,"1,248","1,274"
2013-09-20,"1,249","1,270"
2013-09-21,"1,249","1,249"
2013-09-22,"1,249","1,249"
2013-09-23,"1,241","1,282"
2013-09-24,"1,273","1,281"
2013-09-25,"1,267","1,308"
2013-09-26,"1,259","1,276"
2013-09-27,"1,238","1,266"
2013-09-28,"1,238","1,238"
2013-09-29,"1,238","1,238"
2013-09-30,"1,221","1,251"
2013-10-01,"1,161","1,191"
2013-10-02,"1,154","1,187"
2013-10-03,"1,138","1,171"
2013-10-04,"1,133","1,154"
2013-10-05,"1,133","1,133"
2013-10-06,"1,133","1,133"
2013-10-07,"1,122","1,158"
2013-10-08,"1,132","1,141"
2013-10-09,"1,128","1,157"
2013-10-10,"1,157","1,177"
2013-10-11,"1,167","1,185"
2013-10-12,"1,167","1,167"
2013-10-13,"1,167","1,167"
2013-10-14,"1,153","1,167"
2013-10-15,"1,147","1,171"
2013-10-16,"1,157","1,181"
2013-10-17,"1,156","1,175"
2013-10-18,"1,148","1,167"
2013-10-19,"1,148","1,148"
2013-10-20,"1,148","1,148"
2013-10-21,"1,180","1,205"
2013-10-22,"1,184","1,209"
2013-10-23,"1,175","1,198"
2013-10-24,"1,189","1,208"
2013-10-25,"1,185","1,203"
2013-10-26,"1,195","1,195"
2013-10-27,"1,194","1,195"
2013-10-28,"1,192","1,206"
2013-10-29,"1,198","1,216"
2013-10-30,"1,184","1,230"
2013-10-31,"1,186","1,218"
2013-11-01,"1,193","1,221"
2013-11-02,"1,193","1,193"
2013-11-03,"1,193","1,193"
2013-11-04,"1,188","1,215"
2013-11-05,"1,188","1,206"
2013-11-06,"1,171","1,216"
2013-11-07,"1,176","1,190"
2013-11-08,"1,170","1,191"
2013-11-09,"1,171","1,171"
2013-11-10,"1,171","1,171"
2013-11-11,"1,171","1,171"
2013-11-12,"1,163","1,185"
2013-11-13,"1,172","1,199"
2013-11-14,"1,173","1,193"
2013-11-15,"1,165","1,193"
2013-11-16,"1,165","1,165"
2013-11-17,"1,165","1,165"
2013-11-18,"1,156","1,183"
2013-11-19,"1,147","1,182"
2013-11-20,"1,132","1,170"
2013-11-21,"1,127","1,154"
2013-11-22,"1,131","1,157"
2013-11-23,"1,148","1,148"
2013-11-24,"1,148","1,148"
2013-11-25,"1,151","1,171"
2013-11-26,"1,142","1,173"
2013-11-27,"1,169","1,197"
2013-11-28,"1,169","1,169"
2013-11-29,"1,161","1,169"
2013-11-30,"1,161","1,161"
2013-12-01,"1,161","1,161"
2013-12-02,"1,177","1,193"
2013-12-03,"1,175","1,194"
2013-12-04,"1,163","1,191"
2013-12-05,"1,176","1,200"
2013-12-06,"1,174","1,187"
2013-12-07,"1,174","1,174"
2013-12-08,"1,174","1,174"
2013-12-09,"1,145","1,188"
2013-12-10,"1,169","1,194"
2013-12-11,"1,164","1,207"
2013-12-12,"1,157","1,182"
2013-12-13,"1,166","1,178"
2013-12-14,"1,166","1,166"
2013-12-15,"1,166","1,166"
2013-12-16,"1,164","1,193"
2013-12-17,"1,166","1,187"
2013-12-18,"1,151","1,192"
2013-12-19,"1,142","1,170"
2013-12-20,"1,143","1,166"
2013-12-21,"1,143","1,143"
2013-12-22,"1,142","1,143"
2013-12-23,"1,139","1,164"
2013-12-24,"1,141","1,161"
2013-12-25,"1,168","1,168"
2013-12-26,"1,183","1,194"
2013-12-27,"1,183","1,195"
2013-12-28,"1,182","1,183"
2013-12-29,"1,182","1,182"
2013-12-30,"1,179","1,189"
2013-12-31,"1,178","1,191"
2014-01-01,"1,178","1,178"
2014-01-02,"1,172","1,181"
2014-01-03,"1,164","1,175"
2014-01-04,"1,164","1,164"
2014-01-05,"1,164","1,164"
2014-01-06,"1,171","1,193"
2014-01-07,"1,169","1,201"
2014-01-08,"1,159","1,212"
2014-01-09,"1,164","1,200"
2014-01-10,"1,150","1,173"
2014-01-11,"1,160","1,160"
2014-01-12,"1,160","1,160"
2014-01-13,"1,117","1,173"
2014-01-14,"1,122","1,137"
2014-01-15,"1,097","1,152"
2014-01-16,"1,111","1,147"
2014-01-17,"1,109","1,126"
2014-01-18,"1,109","1,109"
2014-01-19,"1,109","1,109"
2014-01-20,"1,101","1,109"
2014-01-21,"1,117","1,137"
2014-01-22,"1,105","1,137"
2014-01-23,"1,112","1,132"
2014-01-24,"1,123","1,135"
2014-01-25,"1,123","1,123"
2014-01-26,"1,123","1,123"
2014-01-27,"1,113","1,142"
2014-01-28,"1,121","1,156"
2014-01-29,"1,144","1,174"
2014-01-30,"1,142","1,166"
2014-01-31,"1,138","1,151"
2014-02-01,"1,137","1,138"
2014-02-02,"1,136","1,137"
2014-02-03,"1,131","1,157"
2014-02-04,"1,137","1,161"
2014-02-05,"1,138","1,176"
2014-02-06,"1,139","1,159"
2014-02-07,"1,139","1,153"
2014-02-08,"1,139","1,139"
2014-02-09,"1,138","1,139"
2014-02-10,"1,120","1,158"
2014-02-11,"1,139","1,162"
2014-02-12,"1,130","1,167"
2014-02-13,"1,141","1,163"
2014-02-14,"1,177","1,194"
2014-02-15,"1,177","1,177"
2014-02-16,"1,177","1,177"
2014-02-17,"1,177","1,177"
2014-02-18,"1,160","1,203"
2014-02-19,"1,158","1,195"
2014-02-20,"1,160","1,179"
2014-02-21,"1,153","1,171"
2014-02-22,"1,155","1,155"
2014-02-23,"1,155","1,155"
2014-02-24,"1,160","1,194"
2014-02-25,"1,174","1,185"
2014-02-26,"1,166","1,187"
2014-02-27,"1,157","1,194"
2014-02-28,"1,153","1,178"
2014-03-01,"1,153","1,153"
2014-03-02,"1,153","1,153"
2014-03-03,"1,139","1,167"
2014-03-04,"1,157","1,184"
2014-03-05,"1,146","1,182"
2014-03-06,"1,141","1,160"
2014-03-07,"1,152","1,172"
2014-03-08,"1,152","1,152"
2014-03-09,"1,152","1,152"
2014-03-10,"1,144","1,183"
2014-03-11,"1,143","1,167"
2014-03-12,"1,132","1,164"
2014-03-13,"1,131","1,174"
2014-03-14,"1,140","1,154"
2014-03-15,"1,140","1,140"
2014-03-16,"1,140","1,140"
2014-03-17,"1,143","1,167"
2014-03-18,"1,141","1,173"
2014-03-19,"1,134","1,163"
2014-03-20,"1,174","1,200"
2014-03-21,"1,178","1,193"
2014-03-22,"1,178","1,178"
2014-03-23,"1,178","1,178"
2014-03-24,"1,163","1,203"
2014-03-25,"1,177","1,200"
2014-03-26,"1,169","1,209"
2014-03-27,"1,164","1,182"
2014-03-28,"1,151","1,180"
2014-03-29,"1,151","1,151"
2014-03-30,"1,151","1,151"
2014-03-31,"1,144","1,173"
2014-04-01,"1,153","1,173"
2014-04-02,"1,142","1,179"
2014-04-03,"1,152","1,183"
2014-04-04,"1,151","1,175"
2014-04-05,"1,151","1,151"
2014-04-06,"1,151","1,151"
2014-04-07,"1,156","1,179"
2014-04-08,"1,156","1,181"
2014-04-09,"1,146","1,188"
2014-04-10,"1,153","1,180"
2014-04-11,"1,157","1,173"
2014-04-12,"1,157","1,157"
2014-04-13,"1,157","1,157"
2014-04-14,"1,159","1,171"
2014-04-15,"1,167","1,188"
2014-04-16,"1,162","1,218"
2014-04-17,"1,166","1,178"
2014-04-18,"1,163","1,181"
2014-04-19,"1,163","1,163"
2014-04-20,"1,163","1,163"
2014-04-21,"1,160","1,181"
2014-04-22,"1,181","1,210"
2014-04-23,"1,173","1,204"
2014-04-24,"1,175","1,206"
2014-04-25,"1,182","1,199"
2014-04-26,"1,182","1,182"
2014-04-27,"1,181","1,182"
2014-04-28,"1,170","1,201"
2014-04-29,"1,187","1,201"
2014-04-30,"1,172","1,217"
2014-05-01,"1,156","1,182"
2014-05-02,"1,150","1,175"
2014-05-03,"1,150","1,150"
2014-05-04,"1,150","1,150"
2014-05-05,"1,138","1,165"
2014-05-06,"1,143","1,156"
2014-05-07,"1,136","1,162"
2014-05-08,"1,133","1,157"
2014-05-09,"1,155","1,170"
2014-05-10,"1,155","1,155"
2014-05-11,"1,155","1,155"
2014-05-12,"1,135","1,168"
2014-05-13,"1,148","1,161"
2014-05-14,"1,169","1,198"
2014-05-15,"1,155","1,190"
2014-05-16,"1,161","1,176"
2014-05-17,"1,161","1,161"
2014-05-18,"1,161","1,161"
2014-05-19,"1,161","1,176"
2014-05-20,"1,160","1,188"
2014-05-21,"1,163","1,200"
2014-05-22,"1,159","1,183"
2014-05-23,"1,167","1,190"
2014-05-24,"1,167","1,167"
2014-05-25,"1,167","1,167"
2014-05-26,"1,166","1,167"
2014-05-27,"1,165","1,185"
2014-05-28,"1,156","1,187"
2014-05-29,"1,147","1,170"
2014-05-30,"1,144","1,155"
2014-05-31,"1,144","1,144"
2014-06-01,"1,144","1,144"
2014-06-02,"1,149","1,171"
2014-06-03,"1,148","1,174"
2014-06-04,"1,140","1,160"
2014-06-05,"1,146","1,171"
2014-06-06,"1,164","1,179"
2014-06-07,"1,165","1,165"
2014-06-08,"1,167","1,167"
2014-06-09,"1,144","1,187"
2014-06-10,"1,141","1,168"
2014-06-11,"1,137","1,163"
2014-06-12,"1,141","1,169"
2014-06-13,"1,132","1,152"
2014-06-14,"1,132","1,132"
2014-06-15,"1,132","1,132"
2014-06-16,"1,129","1,141"
2014-06-17,"1,148","1,168"
2014-06-18,"1,135","1,173"
2014-06-19,"1,128","1,151"
2014-06-20,"1,162","1,178"
2014-06-21,"1,161","1,162"
2014-06-22,"1,163","1,163"
2014-06-23,"1,160","1,184"
2014-06-24,"1,161","1,196"
2014-06-25,"1,141","1,171"
2014-06-26,"1,125","1,148"
2014-06-27,"1,122","1,138"
2014-06-28,"1,132","1,132"
2014-06-29,"1,140","1,140"
2014-06-30,"1,120","1,164"
2014-07-01,"1,138","1,166"
2014-07-02,"1,132","1,171"
2014-07-03,"1,135","1,156"
2014-07-04,"1,145","1,145"
2014-07-05,"1,152","1,152"
2014-07-06,"1,157","1,157"
2014-07-07,"1,147","1,195"
2014-07-08,"1,168","1,198"
2014-07-09,"1,149","1,187"
2014-07-10,"1,156","1,173"
2014-07-11,"1,142","1,170"
2014-07-12,"1,148","1,148"
2014-07-13,"1,150","1,150"
2014-07-14,"1,126","1,169"
2014-07-15,"1,142","1,164"
2014-07-16,"1,126","1,160"
2014-07-17,"1,127","1,157"
2014-07-18,"1,121","1,138"
2014-07-19,"1,127","1,127"
2014-07-20,"1,164","1,164"
2014-07-21,"1,146","1,179"
2014-07-22,"1,164","1,196"
2014-07-23,"1,165","1,191"
2014-07-24,"1,150","1,186"
2014-07-25,"1,146","1,159"
2014-07-26,"1,156","1,156"
2014-07-27,"1,165","1,166"
2014-07-28,"1,149","1,184"
2014-07-29,"1,151","1,174"
2014-07-30,"1,127","1,182"
2014-07-31,"1,130","1,162"
2014-08-01,"1,112","1,141"
2014-08-02,"1,118","1,118"
2014-08-03,"1,118","1,118"
2014-08-04,"1,117","1,131"
2014-08-05,"1,122","1,142"
2014-08-06,"1,135","1,163"
2014-08-07,"1,139","1,170"
2014-08-08,"1,129","1,176"
2014-08-09,"1,136","1,136"
2014-08-10,"1,143","1,143"
2014-08-11,"1,126","1,161"
2014-08-12,"1,141","1,158"
2014-08-13,"1,125","1,157"
2014-08-14,"1,132","1,159"
2014-08-15,"1,135","1,166"
2014-08-16,"1,141","1,141"
2014-08-17,"1,144","1,144"
2014-08-18,"1,111","1,156"
2014-08-19,"1,125","1,145"
2014-08-20,"1,110","1,154"
2014-08-21,"1,101","1,129"
2014-08-22,"1,107","1,127"
2014-08-23,"1,110","1,110"
2014-08-24,"1,111","1,111"
2014-08-25,"1,090","1,120"
2014-08-26,"1,093","1,123"
2014-08-27,"1,087","1,125"
2014-08-28,"1,087","1,111"
2014-08-29,"1,069","1,095"
2014-08-30,"1,090","1,090"
2014-08-31,"1,098","1,098"
2014-09-01,"1,100","1,100"
2014-09-02,"1,107","1,126"
2014-09-03,"1,103","1,122"
2014-09-04,"1,092","1,118"
2014-09-05,"1,086","1,105"
2014-09-06,"1,101","1,102"
2014-09-07,"1,108","1,108"
2014-09-08,"1,098","1,123"
2014-09-09,"1,093","1,114"
2014-09-10,"1,064","1,107"
2014-09-11,"1,057","1,086"
2014-09-12,"1,059","1,075"
2014-09-13,"1,074","1,074"
2014-09-14,"1,075","1,075"
2014-09-15,"1,078","1,098"
2014-09-16,"1,075","1,106"
2014-09-17,"1,073","1,115"
2014-09-18,"1,068","1,094"
2014-09-19,"1,046","1,080"
2014-09-20,"1,047","1,048"
2014-09-21,"1,047","1,047"
2014-09-22,"1,015","1,062"
2014-09-23,"1,022","1,052"
2014-09-24,"1,010","1,048"
2014-09-25,996,"1,020"
2014-09-26,"1,008","1,030"
2014-09-27,"1,010","1,010"
2014-09-28,"1,011","1,011"
2014-09-29,"1,000","1,018"
2014-09-30,"1,006","1,028"
2014-10-01,"1,000","1,025"
2014-10-02,996,"1,022"
2014-10-03,"1,023","1,041"
2014-10-04,"1,027","1,027"
2014-10-05,"1,028","1,028"
2014-10-06,"1,013","1,038"
2014-10-07,"1,021","1,040"
2014-10-08,989,"1,042"
2014-10-09,991,"1,012"
2014-10-10,984,"1,006"
2014-10-11,"1,020","1,020"
2014-10-12,"1,023","1,023"
2014-10-13,"1,027","1,027"
2014-10-14,"1,023","1,041"
2014-10-15,"1,022","1,040"
2014-10-16,"1,007","1,038"
2014-10-17,"1,007","1,019"
2014-10-18,"1,011","1,011"
2014-10-19,"1,011","1,011"
2014-10-20,992,"1,024"
2014-10-21,993,"1,007"
2014-10-22,989,"1,019"
2014-10-23,"1,000","1,021"
2014-10-24,982,"1,004"
2014-10-25,987,987
2014-10-26,986,987
2014-10-27,972,993
2014-10-28,968,992
2014-10-29,969,995
2014-10-30,964,981
2014-10-31,954,979
2014-11-01,961,961
2014-11-02,962,962
2014-11-03,945,978
2014-11-04,951,961
2014-11-05,952,973
2014-11-06,949,974
2014-11-07,938,960
2014-11-08,938,938
2014-11-09,941,941
2014-11-10,938,951
2014-11-11,945,945
2014-11-12,943,967
2014-11-13,946,968
2014-11-14,937,953
2014-11-15,942,942
2014-11-16,946,946
2014-11-17,943,963
2014-11-18,941,961
2014-11-19,958,986
2014-11-20,973,985
2014-11-21,977,994
2014-11-22,979,979
2014-11-23,982,982
2014-11-24,973,"1,005"
2014-11-25,995,"1,011"
2014-11-26,983,"1,014"
2014-11-27,983,983
2014-11-28,976,987
2014-11-29,997,997
2014-11-30,997,997
2014-12-01,"1,004","1,012"
2014-12-02,"1,041","1,059"
2014-12-03,"1,020","1,066"
2014-12-04,"1,024","1,041"
2014-12-05,"1,023","1,033"
2014-12-06,"1,027","1,027"
2014-12-07,"1,027","1,027"
2014-12-08,"1,026","1,035"
2014-12-09,"1,036","1,051"
2014-12-10,"1,021","1,071"
2014-12-11,"1,011","1,036"
2014-12-12,"1,006","1,016"
2014-12-13,"1,009","1,010"
2014-12-14,"1,010","1,010"
2014-12-15,999,"1,016"
2014-12-16,"1,023","1,034"
2014-12-17,"1,001","1,034"
2014-12-18,999,"1,017"
2014-12-19,996,"1,012"
2014-12-20,"1,001","1,001"
2014-12-21,"1,002","1,002"
2014-12-22,"1,002","1,013"
2014-12-23,"1,003","1,017"
2014-12-24,"1,006","1,019"
2014-12-25,"1,006","1,006"
2014-12-26,"1,009","1,009"
2014-12-27,"1,012","1,012"
2014-12-28,"1,012","1,012"
2014-12-29,"1,017","1,026"
2014-12-30,"1,004","1,019"
2014-12-31,995,"1,007"
2015-01-01,995,995
2015-01-02,"1,024","1,028"
2015-01-03,"1,026","1,026"
2015-01-04,"1,027","1,027"
2015-01-05,"1,033","1,041"
2015-01-06,"1,046","1,071"
2015-01-07,"1,051","1,089"
2015-01-08,"1,072","1,102"
2015-01-09,"1,060","1,086"
2015-01-10,"1,063","1,063"
2015-01-11,"1,063","1,063"
2015-01-12,"1,065","1,083"
2015-01-13,"1,079","1,105"
2015-01-14,"1,055","1,117"
2015-01-15,"1,046","1,071"
2015-01-16,"1,060","1,081"
2015-01-17,"1,062","1,062"
2015-01-18,"1,061","1,062"
2015-01-19,"1,062","1,062"
2015-01-20,"1,061","1,099"
2015-01-21,"1,057","1,093"
2015-01-22,"1,064","1,089"
2015-01-23,"1,068","1,092"
2015-01-24,"1,073","1,073"
2015-01-25,"1,073","1,073"
2015-01-26,"1,072","1,094"
2015-01-27,"1,088","1,103"
2015-01-28,"1,063","1,112"
2015-01-29,"1,076","1,094"
2015-01-30,"1,076","1,101"
2015-01-31,"1,080","1,080"
2015-02-01,"1,080","1,080"
2015-02-02,"1,066","1,102"
2015-02-03,"1,105","1,140"
2015-02-04,"1,101","1,147"
2015-02-05,"1,097","1,129"
2015-02-06,"1,093","1,119"
2015-02-07,"1,101","1,101"
2015-02-08,"1,102","1,102"
2015-02-09,"1,103","1,128"
2015-02-10,"1,114","1,133"
2015-02-11,"1,085","1,133"
2015-02-12,"1,091","1,124"
2015-02-13,"1,103","1,128"
2015-02-14,"1,107","1,107"
2015-02-15,"1,112","1,112"
2015-02-16,"1,114","1,114"
2015-02-17,"1,106","1,144"
2015-02-18,"1,107","1,148"
2015-02-19,"1,093","1,130"
2015-02-20,"1,100","1,122"
2015-02-21,"1,104","1,104"
2015-02-22,"1,106","1,106"
2015-02-23,"1,093","1,117"
2015-02-24,"1,116","1,141"
2015-02-25,"1,089","1,145"
2015-02-26,"1,096","1,117"
2015-02-27,"1,096","1,125"
2015-02-28,"1,106","1,106"
2015-03-01,"1,134","1,135"
2015-03-02,"1,157","1,182"
2015-03-03,"1,174","1,206"
2015-03-04,"1,155","1,213"
2015-03-05,"1,144","1,182"
2015-03-06,"1,159","1,171"
2015-03-07,"1,167","1,167"
2015-03-08,"1,167","1,167"
2015-03-09,"1,164","1,185"
2015-03-10,"1,157","1,182"
2015-03-11,"1,131","1,204"
2015-03-12,"1,126","1,157"
2015-03-13,"1,139","1,155"
2015-03-14,"1,140","1,141"
2015-03-15,"1,140","1,140"
2015-03-16,"1,141","1,172"
2015-03-17,"1,136","1,157"
2015-03-18,"1,135","1,172"
2015-03-19,"1,136","1,158"
2015-03-20,"1,137","1,163"
2015-03-21,"1,142","1,142"
2015-03-22,"1,153","1,153"
2015-03-23,"1,150","1,180"
2015-03-24,"1,136","1,179"
2015-03-25,"1,127","1,169"
2015-03-26,"1,109","1,141"
2015-03-27,"1,118","1,140"
2015-03-28,"1,149","1,149"
2015-03-29,"1,149","1,149"
2015-03-30,"1,140","1,162"
2015-03-31,"1,170","1,201"
2015-04-01,"1,164","1,194"
2015-04-02,"1,153","1,183"
2015-04-03,"1,154","1,178"
2015-04-04,"1,157","1,157"
2015-04-05,"1,158","1,158"
2015-04-06,"1,152","1,181"
2015-04-07,"1,143","1,182"
2015-04-08,"1,146","1,181"
2015-04-09,"1,135","1,168"
2015-04-10,"1,117","1,152"
2015-04-11,"1,127","1,127"
2015-04-12,"1,137","1,137"
2015-04-13,"1,146","1,171"
2015-04-14,"1,144","1,173"
2015-04-15,"1,124","1,170"
2015-04-16,"1,110","1,155"
2015-04-17,"1,115","1,144"
2015-04-18,"1,124","1,125"
2015-04-19,"1,127","1,127"
2015-04-20,"1,108","1,146"
2015-04-21,"1,118","1,148"
2015-04-22,"1,102","1,164"
2015-04-23,"1,096","1,133"
2015-04-24,"1,115","1,135"
2015-04-25,"1,116","1,116"
2015-04-26,"1,126","1,127"
2015-04-27,"1,119","1,149"
2015-04-28,"1,164","1,178"
2015-04-29,"1,146","1,202"
2015-04-30,"1,151","1,167"
2015-05-01,"1,164","1,178"
2015-05-02,"1,166","1,166"
2015-05-03,"1,169","1,169"
2015-05-04,"1,173","1,205"
2015-05-05,"1,170","1,212"
2015-05-06,"1,164","1,207"
2015-05-07,"1,163","1,185"
2015-05-08,"1,174","1,204"
2015-05-09,"1,180","1,181"
2015-05-10,"1,183","1,183"
2015-05-11,"1,183","1,213"
2015-05-12,"1,181","1,218"
2015-05-13,"1,165","1,215"
2015-05-14,"1,157","1,194"
2015-05-15,"1,149","1,170"
2015-05-16,"1,150","1,150"
2015-05-17,"1,154","1,154"
2015-05-18,"1,150","1,188"
2015-05-19,"1,153","1,178"
2015-05-20,"1,141","1,168"
2015-05-21,"1,137","1,174"
2015-05-22,"1,132","1,161"
2015-05-23,"1,148","1,149"
2015-05-24,"1,148","1,148"
2015-05-25,"1,150","1,150"
2015-05-26,"1,142","1,186"
2015-05-27,"1,151","1,190"
2015-05-28,"1,142","1,184"
2015-05-29,"1,119","1,158"
2015-05-30,"1,123","1,123"
2015-05-31,"1,123","1,123"
2015-06-01,"1,133","1,167"
2015-06-02,"1,135","1,161"
2015-06-03,"1,145","1,191"
2015-06-04,"1,145","1,176"
2015-06-05,"1,158","1,189"
2015-06-06,"1,158","1,159"
2015-06-07,"1,160","1,160"
2015-06-08,"1,170","1,193"
2015-06-09,"1,164","1,225"
2015-06-10,"1,172","1,214"
2015-06-11,"1,158","1,199"
2015-06-12,"1,146","1,181"
2015-06-13,"1,148","1,148"
2015-06-14,"1,147","1,148"
2015-06-15,"1,150","1,179"
2015-06-16,"1,140","1,174"
2015-06-17,"1,141","1,181"
2015-06-18,"1,127","1,165"
2015-06-19,"1,126","1,152"
2015-06-20,"1,128","1,128"
2015-06-21,"1,129","1,129"
2015-06-22,"1,126","1,165"
2015-06-23,"1,123","1,161"
2015-06-24,"1,118","1,157"
2015-06-25,"1,117","1,146"
2015-06-26,"1,117","1,148"
2015-06-27,"1,116","1,118"
2015-06-28,"1,118","1,118"
2015-06-29,"1,119","1,143"
2015-06-30,"1,111","1,151"
2015-07-01,"1,124","1,162"
2015-07-02,"1,115","1,156"
2015-07-03,"1,116","1,117"
2015-07-04,"1,116","1,116"
2015-07-05,"1,117","1,117"
2015-07-06,"1,105","1,131"
2015-07-07,"1,113","1,135"
2015-07-08,"1,116","1,156"
2015-07-09,"1,155","1,179"
2015-07-10,"1,137","1,188"
2015-07-11,"1,137","1,137"
2015-07-12,"1,137","1,137"
2015-07-13,"1,154","1,177"
2015-07-14,"1,141","1,185"
2015-07-15,"1,133","1,173"
2015-07-16,"1,141","1,170"
2015-07-17,"1,167","1,190"
2015-07-18,"1,172","1,172"
2015-07-19,"1,174","1,174"
2015-07-20,"1,164","1,213"
2015-07-21,"1,153","1,187"
2015-07-22,"1,144","1,175"
2015-07-23,"1,153","1,185"
2015-07-24,"1,158","1,196"
2015-07-25,"1,162","1,162"
2015-07-26,"1,163","1,163"
2015-07-27,"1,159","1,189"
2015-07-28,"1,167","1,213"
2015-07-29,"1,146","1,187"
2015-07-30,"1,143","1,166"
2015-07-31,"1,153","1,173"
2015-08-01,"1,165","1,165"
2015-08-02,"1,166","1,166"
2015-08-03,"1,162","1,187"
2015-08-04,"1,189","1,218"
2015-08-05,"1,173","1,221"
2015-08-06,"1,169","1,198"
2015-08-07,"1,157","1,198"
2015-08-08,"1,182","1,182"
2015-08-09,"1,182","1,183"
2015-08-10,"1,183","1,206"
2015-08-11,"1,174","1,206"
2015-08-12,"1,193","1,209"
2015-08-13,"1,196","1,209"
2015-08-14,"1,206","1,225"
2015-08-15,"1,207","1,209"
2015-08-16,"1,207","1,208"
2015-08-17,"1,214","1,236"
2015-08-18,"1,184","1,233"
2015-08-19,"1,175","1,211"
2015-08-20,"1,163","1,194"
2015-08-21,"1,222","1,259"
2015-08-22,"1,225","1,225"
2015-08-23,"1,251","1,252"
2015-08-24,"1,287","1,320"
2015-08-25,"1,322","1,369"
2015-08-26,"1,335","1,384"
2015-08-27,"1,323","1,364"
2015-08-28,"1,312","1,345"
2015-08-29,"1,313","1,314"
2015-08-30,"1,316","1,316"
2015-08-31,"1,307","1,333"
2015-09-01,"1,289","1,330"
2015-09-02,"1,274","1,323"
2015-09-03,"1,301","1,324"
2015-09-04,"1,367","1,393"
2015-09-05,"1,377","1,377"
2015-09-06,"1,379","1,380"
2015-09-07,"1,379","1,379"
2015-09-08,"1,360","1,409"
2015-09-09,"1,347","1,394"
2015-09-10,"1,355","1,397"
2015-09-11,"1,401","1,452"
2015-09-12,"1,410","1,410"
2015-09-13,"1,417","1,417"
2015-09-14,"1,416","1,442"
2015-09-15,"1,432","1,478"
2015-09-16,"1,411","1,461"
2015-09-17,"1,416","1,447"
2015-09-18,"1,421","1,448"
2015-09-19,"1,420","1,421"
2015-09-20,"1,422","1,422"
2015-09-21,"1,412","1,436"
2015-09-22,"1,387","1,431"
2015-09-23,"1,396","1,436"
2015-09-24,"1,391","1,419"
2015-09-25,"1,383","1,414"
2015-09-26,"1,393","1,396"
2015-09-27,"1,397","1,397"
2015-09-28,"1,415","1,435"
2015-09-29,"1,390","1,439"
2015-09-30,"1,375","1,412"
2015-10-01,"1,363","1,401"
2015-10-02,"1,384","1,414"
2015-10-03,"1,385","1,385"
2015-10-04,"1,386","1,386"
2015-10-05,"1,394","1,416"
2015-10-06,"1,401","1,425"
2015-10-07,"1,429","1,468"
2015-10-08,"1,413","1,454"
2015-10-09,"1,419","1,455"
2015-10-10,"1,422","1,422"
2015-10-11,"1,424","1,424"
2015-10-12,"1,428","1,429"
2015-10-13,"1,388","1,449"
2015-10-14,"1,400","1,432"
2015-10-15,"1,377","1,412"
2015-10-16,"1,390","1,411"
2015-10-17,"1,406","1,408"
2015-10-18,"1,407","1,407"
2015-10-19,"1,425","1,468"
2015-10-20,"1,436","1,474"
2015-10-21,"1,424","1,475"
2015-10-22,"1,399","1,441"
2015-10-23,"1,394","1,446"
2015-10-24,"1,400","1,400"
2015-10-25,"1,400","1,400"
2015-10-26,"1,426","1,457"
2015-10-27,"1,393","1,462"
2015-10-28,"1,407","1,442"
2015-10-29,"1,393","1,426"
2015-10-30,"1,381","1,416"
2015-10-31,"1,387","1,388"
2015-11-01,"1,386","1,387"
2015-11-02,"1,432","1,444"
2015-11-03,"1,416","1,471"
2015-11-04,"1,399","1,472"
2015-11-05,"1,409","1,445"
2015-11-06,"1,395","1,447"
2015-11-07,"1,404","1,404"
2015-11-08,"1,405","1,408"
2015-11-09,"1,399","1,430"
2015-11-10,"1,439","1,469"
2015-11-11,"1,442","1,442"
2015-11-12,"1,409","1,474"
2015-11-13,"1,416","1,445"
2015-11-14,"1,425","1,425"
2015-11-15,"1,425","1,425"
2015-11-16,"1,403","1,444"
2015-11-17,"1,395","1,460"
2015-11-18,"1,379","1,424"
2015-11-19,"1,407","1,433"
2015-11-20,"1,416","1,445"
2015-11-21,"1,421","1,423"
2015-11-22,"1,423","1,424"
2015-11-23,"1,434","1,471"
2015-11-24,"1,421","1,496"
2015-11-25,"1,419","1,474"
2015-11-26,"1,420","1,420"
2015-11-27,"1,401","1,445"
2015-11-28,"1,402","1,404"
2015-11-29,"1,404","1,405"
2015-11-30,"1,445","1,481"
2015-12-01,"1,428","1,469"
2015-12-02,"1,428","1,490"
2015-12-03,"1,412","1,460"
2015-12-04,"1,404","1,447"
2015-12-05,"1,408","1,408"
2015-12-06,"1,410","1,412"
2015-12-07,"1,409","1,446"
2015-12-08,"1,420","1,454"
2015-12-09,"1,390","1,460"
2015-12-10,"1,404","1,443"
2015-12-11,"1,407","1,448"
2015-12-12,"1,409","1,410"
2015-12-13,"1,410","1,410"
2015-12-14,"1,414","1,454"
2015-12-15,"1,395","1,468"
2015-12-16,"1,380","1,460"
2015-12-17,"1,395","1,436"
2015-12-18,"1,401","1,449"
2015-12-19,"1,405","1,408"
2015-12-20,"1,404","1,405"
2015-12-21,"1,414","1,454"
2015-12-22,"1,389","1,445"
2015-12-23,"1,370","1,416"
2015-12-24,"1,344","1,371"
2015-12-25,"1,343","1,345"
2015-12-26,"1,342","1,343"
2015-12-27,"1,342","1,343"
2015-12-28,"1,359","1,372"
2015-12-29,"1,342","1,374"
2015-12-30,"1,323","1,357"
2015-12-31,"1,300","1,325"
2016-01-01,"1,300","1,301"
2016-01-02,"1,299","1,301"
2016-01-03,"1,299","1,299"
2016-01-04,"1,313","1,331"
2016-01-05,"1,270","1,327"
2016-01-06,"1,256","1,291"
2016-01-07,"1,242","1,275"
2016-01-08,"1,224","1,256"
2016-01-09,"1,222","1,224"
2016-01-10,"1,223","1,224"
2016-01-11,"1,203","1,232"
2016-01-12,"1,179","1,220"
2016-01-13,"1,154","1,197"
2016-01-14,"1,134","1,171"
2016-01-15,"1,126","1,151"
2016-01-16,"1,125","1,128"
2016-01-17,"1,125","1,125"
2016-01-18,"1,125","1,126"
2016-01-19,"1,094","1,141"
2016-01-20,"1,076","1,112"
2016-01-21,"1,065","1,088"
2016-01-22,"1,047","1,079"
2016-01-23,"1,047","1,048"
2016-01-24,"1,046","1,047"
2016-01-25,"1,040","1,055"
2016-01-26,"1,024","1,051"
2016-01-27,993,"1,044"
2016-01-28,971,"1,009"
2016-01-29,959,988
2016-01-30,959,960
2016-01-31,959,959
2016-02-01,947,971
2016-02-02,939,966
2016-02-03,942,973
2016-02-04,949,966
2016-02-05,948,979
2016-02-06,950,951
2016-02-07,952,953
2016-02-08,922,960
2016-02-09,932,948
2016-02-10,931,966
2016-02-11,911,948
2016-02-12,944,968
2016-02-13,944,944
2016-02-14,944,944
2016-02-15,943,944
2016-02-16,926,953
2016-02-17,936,966
2016-02-18,925,953
2016-02-19,917,945
2016-02-20,917,917
2016-02-21,916,917
2016-02-22,924,950
2016-02-23,921,953
2016-02-24,929,963
2016-02-25,920,950
2016-02-26,940,962
2016-02-27,943,945
2016-02-28,943,943
2016-02-29,950,971
2016-03-01,936,979
2016-03-02,926,963
2016-03-03,944,966
2016-03-04,951,974
2016-03-05,956,957
2016-03-06,957,958
2016-03-07,943,973
2016-03-08,926,968
2016-03-09,918,950
2016-03-10,940,963
2016-03-11,963,996
2016-03-12,964,965
2016-03-13,964,965
2016-03-14,987,"1,011"
2016-03-15,"1,003","1,037"
2016-03-16,"1,006","1,052"
2016-03-17,990,"1,027"
2016-03-18,"1,026","1,050"
2016-03-19,"1,032","1,033"
2016-03-20,"1,034","1,034"
2016-03-21,"1,045","1,079"
2016-03-22,"1,053","1,078"
2016-03-23,"1,047","1,097"
2016-03-24,"1,056","1,088"
2016-03-25,"1,075","1,101"
2016-03-26,"1,077","1,077"
2016-03-27,"1,079","1,080"
2016-03-28,"1,088","1,126"
2016-03-29,"1,097","1,146"
2016-03-30,"1,079","1,118"
2016-03-31,"1,080","1,105"
2016-04-01,"1,113","1,147"
2016-04-02,"1,115","1,115"
2016-04-03,"1,118","1,119"
2016-04-04,"1,143","1,174"
2016-04-05,"1,139","1,170"
2016-04-06,"1,133","1,169"
2016-04-07,"1,189","1,219"
2016-04-08,"1,187","1,222"
2016-04-09,"1,189","1,190"
2016-04-10,"1,191","1,191"
2016-04-11,"1,220","1,254"
2016-04-12,"1,241","1,272"
2016-04-13,"1,274","1,330"
2016-04-14,"1,277","1,308"
2016-04-15,"1,320","1,353"
2016-04-16,"1,323","1,323"
2016-04-17,"1,326","1,326"
2016-04-18,"1,364","1,394"
2016-04-19,"1,354","1,394"
2016-04-20,"1,362","1,413"
2016-04-21,"1,377","1,403"
2016-04-22,"1,383","1,438"
2016-04-23,"1,390","1,390"
2016-04-24,"1,394","1,394"
2016-04-25,"1,388","1,413"
2016-04-26,"1,404","1,438"
2016-04-27,"1,383","1,428"
2016-04-28,"1,380","1,411"
2016-04-29,"1,415","1,444"
2016-04-30,"1,415","1,416"
2016-05-01,"1,418","1,418"
2016-05-02,"1,430","1,460"
2016-05-03,"1,480","1,515"
2016-05-04,"1,547","1,592"
2016-05-05,"1,557","1,590"
2016-05-06,"1,617","1,654"
2016-05-07,"1,617","1,617"
2016-05-08,"1,623","1,624"
2016-05-09,"1,609","1,645"
2016-05-10,"1,628","1,664"
2016-05-11,"1,609","1,666"
2016-05-12,"1,611","1,648"
2016-05-13,"1,593","1,642"
2016-05-14,"1,596","1,596"
2016-05-15,"1,596","1,596"
2016-05-16,"1,693","1,717"
2016-05-17,"1,651","1,700"
2016-05-18,"1,633","1,679"
2016-05-19,"1,616","1,654"
2016-05-20,"1,591","1,631"
2016-05-21,"1,592","1,592"
2016-05-22,"1,592","1,592"
2016-05-23,"1,573","1,606"
2016-05-24,"1,602","1,651"
2016-05-25,"1,593","1,645"
2016-05-26,"1,595","1,626"
2016-05-27,"1,597","1,625"
2016-05-28,"1,600","1,600"
2016-05-29,"1,603","1,603"
2016-05-30,"1,607","1,607"
2016-05-31,"1,597","1,648"
2016-06-01,"1,602","1,655"
2016-06-02,"1,581","1,627"
2016-06-03,"1,642","1,678"
2016-06-04,"1,640","1,642"
2016-06-05,"1,641","1,641"
2016-06-06,"1,605","1,649"
2016-06-07,"1,582","1,630"
2016-06-08,"1,619","1,669"
2016-06-09,"1,608","1,660"
2016-06-10,"1,599","1,629"
2016-06-11,"1,599","1,599"
2016-06-12,"1,599","1,599"
2016-06-13,"1,589","1,611"
2016-06-14,"1,597","1,656"
2016-06-15,"1,612","1,664"
2016-06-16,"1,643","1,693"
2016-06-17,"1,633","1,668"
2016-06-18,"1,636","1,636"
2016-06-19,"1,636","1,636"
2016-06-20,"1,744","1,772"
2016-06-21,"1,702","1,784"
2016-06-22,"1,681","1,747"
2016-06-23,"1,671","1,704"
2016-06-24,"1,667","1,698"
2016-06-25,"1,669","1,669"
2016-06-26,"1,672","1,673"
2016-06-27,"1,743","1,775"
2016-06-28,"1,716","1,772"
2016-06-29,"1,725","1,778"
2016-06-30,"1,716","1,747"
2016-07-01,"1,747","1,777"
2016-07-02,"1,754","1,754"
2016-07-03,"1,763","1,763"
2016-07-04,"1,769","1,769"
2016-07-05,"1,723","1,783"
2016-07-06,"1,772","1,808"
2016-07-07,"1,768","1,796"
2016-07-08,"1,762","1,788"
2016-07-09,"1,762","1,762"
2016-07-10,"1,763","1,763"
2016-07-11,"1,751","1,781"
2016-07-12,"1,741","1,783"
2016-07-13,"1,760","1,804"
2016-07-14,"1,756","1,801"
2016-07-15,"1,761","1,791"
2016-07-16,"1,761","1,761"
2016-07-17,"1,781","1,784"
2016-07-18,"1,767","1,804"
2016-07-19,"1,755","1,819"
2016-07-20,"1,745","1,795"
2016-07-21,"1,737","1,776"
2016-07-22,"1,752","1,777"
2016-07-23,"1,754","1,756"
2016-07-24,"1,754","1,755"
2016-07-25,"1,727","1,767"
2016-07-26,"1,683","1,740"
2016-07-27,"1,688","1,728"
2016-07-28,"1,750","1,774"
2016-07-29,"1,779","1,814"
2016-07-30,"1,779","1,783"
2016-07-31,"1,784","1,784"
2016-08-01,"1,774","1,815"
2016-08-02,"1,749","1,793"
2016-08-03,"1,755","1,799"
2016-08-04,"1,739","1,773"
2016-08-05,"1,727","1,762"
2016-08-06,"1,729","1,729"
2016-08-07,"1,730","1,730"
2016-08-08,"1,766","1,788"
2016-08-09,"1,734","1,786"
2016-08-10,"1,713","1,768"
2016-08-11,"1,687","1,732"
2016-08-12,"1,682","1,711"
2016-08-13,"1,689","1,691"
2016-08-14,"1,688","1,689"
2016-08-15,"1,670","1,705"
2016-08-16,"1,673","1,713"
2016-08-17,"1,663","1,692"
2016-08-18,"1,682","1,707"
2016-08-19,"1,710","1,734"
2016-08-20,"1,713","1,714"
2016-08-21,"1,716","1,716"
2016-08-22,"1,710","1,733"
2016-08-23,"1,745","1,782"
2016-08-24,"1,744","1,790"
2016-08-25,"1,765","1,800"
2016-08-26,"1,764","1,791"
2016-08-27,"1,768","1,768"
2016-08-28,"1,770","1,770"
2016-08-29,"1,769","1,789"
2016-08-30,"1,779","1,817"
2016-08-31,"1,788","1,826"
2016-09-01,"1,759","1,807"
2016-09-02,"1,754","1,790"
2016-09-03,"1,765","1,766"
2016-09-04,"1,769","1,769"
2016-09-05,"1,772","1,773"
2016-09-06,"1,737","1,791"
2016-09-07,"1,768","1,817"
2016-09-08,"1,773","1,807"
2016-09-09,"1,753","1,807"
2016-09-10,"1,754","1,754"
2016-09-11,"1,755","1,755"
2016-09-12,"1,743","1,791"
2016-09-13,"1,729","1,769"
2016-09-14,"1,730","1,799"
2016-09-15,"1,703","1,754"
2016-09-16,"1,692","1,733"
2016-09-17,"1,712","1,712"
2016-09-18,"1,714","1,714"
2016-09-19,"1,729","1,778"
2016-09-20,"1,648","1,750"
2016-09-21,"1,631","1,692"
2016-09-22,"1,626","1,675"
2016-09-23,"1,665","1,696"
2016-09-24,"1,600","1,666"
2016-09-25,"1,693","1,694"
2016-09-26,"1,680","1,725"
2016-09-27,"1,727","1,765"
2016-09-28,"1,763","1,792"
2016-09-29,"1,800","1,837"
2016-09-30,"1,802","1,844"
2016-10-01,"1,852","1,852"
2016-10-02,"1,854","1,855"
2016-10-03,"1,822","1,871"
2016-10-04,"1,799","1,873"
2016-10-05,"1,792","1,823"
2016-10-06,"1,814","1,860"
2016-10-07,"1,833","1,868"
2016-10-08,"1,842","1,842"
2016-10-09,"1,844","1,844"
2016-10-10,"1,849","1,849"
2016-10-11,"1,801","1,873"
2016-10-12,"1,794","1,831"
2016-10-13,"1,831","1,866"
2016-10-14,"1,828","1,870"
2016-10-15,"1,829","1,829"
2016-10-16,"1,829","1,829"
2016-10-17,"1,809","1,851"
2016-10-18,"1,827","1,875"
2016-10-19,"1,848","1,876"
2016-10-20,"1,842","1,875"
2016-10-21,"1,835","1,868"
2016-10-22,"1,860","1,862"
2016-10-23,"1,860","1,861"
2016-10-24,"1,839","1,873"
2016-10-25,"1,832","1,862"
2016-10-26,"1,827","1,852"
2016-10-27,"1,819","1,851"
2016-10-28,"1,827","1,866"
2016-10-29,"1,827","1,827"
2016-10-30,"1,829","1,829"
2016-10-31,"1,840","1,868"
2016-11-01,"1,804","1,872"
2016-11-02,"1,827","1,858"
2016-11-03,"1,816","1,840"
2016-11-04,"1,829","1,858"
2016-11-05,"1,833","1,833"
2016-11-06,"1,834","1,835"
2016-11-07,"1,841","1,869"
2016-11-08,"1,825","1,860"
2016-11-09,"1,842","1,871"
2016-11-10,"1,842","1,869"
2016-11-11,"1,846","1,846"
2016-11-12,"1,847","1,847"
2016-11-13,"1,849","1,849"
2016-11-14,"1,832","1,864"
2016-11-15,"1,837","1,875"
2016-11-16,"1,836","1,869"
2016-11-17,"1,830","1,859"
2016-11-18,"1,834","1,869"
2016-11-19,"1,838","1,838"
2016-11-20,"1,838","1,838"
2016-11-21,"1,820","1,855"
2016-11-22,"1,803","1,847"
2016-11-23,"1,804","1,838"
2016-11-24,"1,808","1,808"
2016-11-25,"1,827","1,844"
2016-11-26,"1,828","1,829"
2016-11-27,"1,827","1,828"
2016-11-28,"1,819","1,846"
2016-11-29,"1,787","1,864"
2016-11-30,"1,821","1,844"
2016-12-01,"1,827","1,864"
2016-12-02,"1,810","1,854"
2016-12-03,"1,808","1,813"
2016-12-04,"1,676","1,811"
2016-12-05,"1,672","1,696"
2016-12-06,"1,689","1,739"
2016-12-07,"1,785","1,815"
2016-12-08,"1,779","1,815"
2016-12-09,"1,637","1,804"
2016-12-10,"1,641","1,642"
2016-12-11,"1,580","1,643"
2016-12-12,"1,606","1,641"
2016-12-13,"1,653","1,709"
2016-12-14,"1,698","1,738"
2016-12-15,"1,697","1,741"
2016-12-16,"1,755","1,782"
2016-12-17,"1,756","1,757"
2016-12-18,"1,759","1,759"
2016-12-19,"1,743","1,787"
2016-12-20,"1,698","1,786"
2016-12-21,"1,679","1,716"
2016-12-22,"1,744","1,784"
2016-12-23,"1,755","1,781"
2016-12-24,"1,760","1,760"
2016-12-25,"1,760","1,760"
2016-12-26,"1,757","1,760"
2016-12-27,"1,714","1,770"
2016-12-28,"1,772","1,796"
2016-12-29,"1,771","1,798"
2016-12-30,"1,809","1,830"
2016-12-31,"1,814","1,814"
2017-01-01,"1,814","1,816"
2017-01-02,"1,828","1,828"
2017-01-03,"1,829","1,871"
2017-01-04,"1,811","1,846"
2017-01-05,"1,829","1,856"
2017-01-06,"1,821","1,859"
2017-01-07,"1,823","1,824"
2017-01-08,"1,825","1,826"
2017-01-09,"1,813","1,842"
2017-01-10,"1,775","1,835"
2017-01-11,"1,810","1,848"
2017-01-12,"1,835","1,865"
2017-01-13,"1,830","1,868"
2017-01-14,"1,832","1,832"
2017-01-15,"1,832","1,833"
2017-01-16,"1,700","1,836"
2017-01-17,"1,668","1,726"
2017-01-18,"1,703","1,736"
2017-01-19,"1,723","1,759"
2017-01-20,"1,700","1,739"
2017-01-21,"1,701","1,703"
2017-01-22,"1,701","1,702"
2017-01-23,"1,758","1,795"
2017-01-24,"1,740","1,793"
2017-01-25,"1,753","1,793"
2017-01-26,"1,787","1,819"
2017-01-27,"1,777","1,819"
2017-01-28,"1,783","1,783"
2017-01-29,"1,784","1,784"
2017-01-30,"1,765","1,801"
2017-01-31,"1,747","1,786"
2017-02-01,"1,733","1,763"
2017-02-02,"1,745","1,770"
2017-02-03,"1,760","1,801"
2017-02-04,"1,772","1,772"
2017-02-05,"1,774","1,774"
2017-02-06,"1,756","1,787"
2017-02-07,"1,751","1,784"
2017-02-08,"1,758","1,794"
2017-02-09,"1,736","1,775"
2017-02-10,"1,778","1,824"
2017-02-11,"1,781","1,783"
2017-02-12,"1,782","1,783"
2017-02-13,"1,822","1,842"
2017-02-14,"1,786","1,843"
2017-02-15,"1,792","1,826"
2017-02-16,"1,790","1,825"
2017-02-17,"1,777","1,812"
2017-02-18,"1,784","1,784"
2017-02-19,"1,787","1,788"
2017-02-20,"1,791","1,791"
2017-02-21,"1,760","1,815"
2017-02-22,"1,754","1,784"
2017-02-23,"1,755","1,789"
2017-02-24,"1,734","1,769"
2017-02-25,"1,738","1,739"
2017-02-26,"1,739","1,739"
2017-02-27,"1,715","1,747"
2017-02-28,"1,720","1,758"
2017-03-01,"1,723","1,752"
2017-03-02,"1,762","1,795"
2017-03-03,"1,737","1,773"
2017-03-04,"1,821","1,837"
2017-03-05,"1,821","1,821"
2017-03-06,"1,808","1,828"
2017-03-07,"1,814","1,872"
2017-03-08,"1,798","1,848"
2017-03-09,"1,802","1,828"
2017-03-10,"1,804","1,843"
2017-03-11,"1,814","1,814"
2017-03-12,"1,812","1,814"
2017-03-13,"1,777","1,816"
2017-03-14,"1,769","1,794"
2017-03-15,"1,764","1,782"
2017-03-16,"1,755","1,780"
2017-03-17,"1,744","1,760"
2017-03-18,"1,746","1,748"
2017-03-19,"1,748","1,748"
2017-03-20,"1,740","1,755"
2017-03-21,"1,708","1,748"
2017-03-22,"1,692","1,715"
2017-03-23,"1,688","1,700"
2017-03-24,"1,675","1,697"
2017-03-25,"1,677","1,678"
2017-03-26,"1,677","1,677"
2017-03-27,"1,677","1,686"
2017-03-28,"1,636","1,688"
2017-03-29,"1,636","1,658"
2017-03-30,"1,627","1,648"
2017-03-31,"1,614","1,643"
2017-04-01,"1,614","1,614"
2017-04-02,"1,616","1,617"
2017-04-03,"1,617","1,635"
2017-04-04,"1,612","1,644"
2017-04-05,"1,613","1,643"
2017-04-06,"1,597","1,635"
2017-04-07,"1,598","1,621"
2017-04-08,"1,603","1,604"
2017-04-09,"1,603","1,603"
2017-04-10,"1,601","1,614"
2017-04-11,"1,594","1,622"
2017-04-12,"1,587","1,619"
2017-04-13,"1,575","1,603"
2017-04-14,"1,570","1,586"
2017-04-15,"1,577","1,578"
2017-04-16,"1,580","1,580"
2017-04-17,"1,562","1,584"
2017-04-18,"1,541","1,577"
2017-04-19,"1,539","1,563"
2017-04-20,"1,530","1,553"
2017-04-21,"1,525","1,550"
2017-04-22,"1,526","1,526"
2017-04-23,"1,528","1,529"
2017-04-24,"1,541","1,559"
2017-04-25,"1,502","1,554"
2017-04-26,"1,504","1,526"
2017-04-27,"1,497","1,514"
2017-04-28,"1,482","1,504"
2017-04-29,"1,487","1,487"
2017-04-30,"1,490","1,490"
2017-05-01,"1,483","1,500"
2017-05-02,"1,474","1,497"
2017-05-03,"1,468","1,497"
2017-05-04,"1,459","1,481"
2017-05-05,"1,442","1,462"
2017-05-06,"1,444","1,444"
2017-05-07,"1,444","1,444"
2017-05-08,"1,440","1,460"
2017-05-09,"1,418","1,446"
2017-05-10,"1,412","1,433"
2017-05-11,"1,419","1,440"
2017-05-12,"1,414","1,428"
2017-05-13,"1,415","1,417"
2017-05-14,"1,419","1,420"
2017-05-15,"1,406","1,428"
2017-05-16,"1,379","1,414"
2017-05-17,"1,373","1,399"
2017-05-18,"1,364","1,387"
2017-05-19,"1,391","1,408"
2017-05-20,"1,403","1,403"
2017-05-21,"1,410","1,410"
2017-05-22,"1,440","1,454"
2017-05-23,"1,457","1,498"
2017-05-24,"1,467","1,504"
2017-05-25,"1,458","1,490"
2017-05-26,"1,485","1,508"
2017-05-27,"1,488","1,488"
2017-05-28,"1,491","1,491"
2017-05-29,"1,496","1,496"
2017-05-30,"1,483","1,537"
2017-05-31,"1,479","1,506"
2017-06-01,"1,471","1,499"
2017-06-02,"1,465","1,505"
2017-06-03,"1,473","1,473"
2017-06-04,"1,483","1,483"
2017-06-05,"1,482","1,505"
2017-06-06,"1,461","1,500"
2017-06-07,"1,457","1,481"
2017-06-08,"1,450","1,483"
2017-06-09,"1,452","1,470"
2017-06-10,"1,456","1,457"
2017-06-11,"1,456","1,457"
2017-06-12,"1,447","1,458"
2017-06-13,"1,417","1,452"
2017-06-14,"1,433","1,453"
2017-06-15,"1,423","1,454"
2017-06-16,"1,419","1,451"
2017-06-17,"1,422","1,422"
2017-06-18,"1,418","1,422"
2017-06-19,"1,399","1,425"
2017-06-20,"1,392","1,419"
2017-06-21,"1,405","1,429"
2017-06-22,"1,396","1,420"
2017-06-23,"1,411","1,431"
2017-06-24,"1,409","1,411"
2017-06-25,"1,410","1,411"
2017-06-26,"1,402","1,418"
2017-06-27,"1,402","1,427"
2017-06-28,"1,413","1,438"
2017-06-29,"1,404","1,436"
2017-06-30,"1,387","1,419"
2017-07-01,"1,391","1,392"
2017-07-02,"1,392","1,392"
2017-07-03,"1,390","1,403"
2017-07-04,"1,399","1,399"
2017-07-05,"1,422","1,459"
2017-07-06,"1,435","1,467"
2017-07-07,"1,410","1,455"
2017-07-08,"1,411","1,412"
2017-07-09,"1,414","1,414"
2017-07-10,"1,412","1,424"
2017-07-11,"1,372","1,433"
2017-07-12,"1,406","1,431"
2017-07-13,"1,389","1,415"
2017-07-14,"1,369","1,402"
2017-07-15,"1,377","1,377"
2017-07-16,"1,375","1,377"
2017-07-17,"1,358","1,384"
2017-07-18,"1,351","1,381"
2017-07-19,"1,413","1,440"
2017-07-20,"1,410","1,435"
2017-07-21,"1,452","1,471"
2017-07-22,"1,456","1,456"
2017-07-23,"1,458","1,459"
2017-07-24,"1,500","1,509"
2017-07-25,"1,492","1,526"
2017-07-26,"1,531","1,559"
2017-07-27,"1,517","1,566"
2017-07-28,"1,530","1,551"
2017-07-29,"1,531","1,531"
2017-07-30,"1,533","1,534"
2017-07-31,"1,524","1,547"
2017-08-01,"1,529","1,562"
2017-08-02,"1,561","1,599"
2017-08-03,"1,550","1,585"
2017-08-04,"1,544","1,567"
2017-08-05,"1,548","1,548"
2017-08-06,"1,548","1,548"
2017-08-07,"1,569","1,590"
2017-08-08,"1,534","1,583"
2017-08-09,"1,535","1,564"
2017-08-10,"1,533","1,548"
2017-08-11,"1,510","1,553"
2017-08-12,"1,512","1,512"
2017-08-13,"1,514","1,515"
2017-08-14,"1,513","1,533"
2017-08-15,"1,497","1,546"
2017-08-16,"1,482","1,514"
2017-08-17,"1,484","1,508"
2017-08-18,"1,473","1,502"
2017-08-19,"1,478","1,479"
2017-08-20,"1,480","1,481"
2017-08-21,"1,513","1,528"
2017-08-22,"1,492","1,533"
2017-08-23,"1,481","1,517"
2017-08-24,"1,472","1,501"
2017-08-25,"1,460","1,485"
2017-08-26,"1,464","1,464"
2017-08-27,"1,467","1,467"
2017-08-28,"1,541","1,560"
2017-08-29,"1,544","1,587"
2017-08-30,"1,538","1,564"
2017-08-31,"1,562","1,593"
2017-09-01,"1,588","1,616"
2017-09-02,"1,593","1,593"
2017-09-03,"1,599","1,599"
2017-09-04,"1,602","1,602"
2017-09-05,"1,616","1,656"
2017-09-06,"1,596","1,632"
2017-09-07,"1,591","1,640"
2017-09-08,"1,580","1,600"
2017-09-09,"1,590","1,590"
2017-09-10,"1,596","1,597"
2017-09-11,"1,581","1,612"
2017-09-12,"1,589","1,645"
2017-09-13,"1,572","1,613"
2017-09-14,"1,594","1,624"
2017-09-15,"1,592","1,615"
2017-09-16,"1,596","1,597"
2017-09-17,"1,596","1,596"
2017-09-18,"1,585","1,607"
2017-09-19,"1,570","1,610"
2017-09-20,"1,557","1,582"
2017-09-21,"1,534","1,572"
2017-09-22,"1,524","1,552"
2017-09-23,"1,540","1,540"
2017-09-24,"1,560","1,561"
2017-09-25,"1,558","1,595"
2017-09-26,"1,524","1,582"
2017-09-27,"1,543","1,564"
2017-09-28,"1,536","1,565"
2017-09-29,"1,528","1,551"
2017-09-30,"1,533","1,533"
2017-10-01,"1,540","1,540"
2017-10-02,"1,574","1,599"
2017-10-03,"1,605","1,636"
2017-10-04,"1,625","1,643"
2017-10-05,"1,614","1,647"
2017-10-06,"1,648","1,676"
2017-10-07,"1,662","1,663"
2017-10-08,"1,661","1,662"
2017-10-09,"1,660","1,661"
2017-10-10,"1,669","1,735"
2017-10-11,"1,642","1,687"
2017-10-12,"1,643","1,674"
2017-10-13,"1,626","1,660"
2017-10-14,"1,630","1,630"
2017-10-15,"1,633","1,633"
2017-10-16,"1,625","1,649"
2017-10-17,"1,597","1,641"
2017-10-18,"1,609","1,638"
2017-10-19,"1,545","1,638"
2017-10-20,"1,528","1,569"
2017-10-21,"1,527","1,530"
2017-10-22,"1,528","1,529"
2017-10-23,"1,532","1,547"
2017-10-24,"1,522","1,558"
2017-10-25,"1,509","1,545"
2017-10-26,"1,541","1,566"
2017-10-27,"1,533","1,565"
2017-10-28,"1,536","1,537"
2017-10-29,"1,542","1,542"
2017-10-30,"1,578","1,593"
2017-10-31,"1,587","1,631"
2017-11-01,"1,660","1,703"
2017-11-02,"1,658","1,688"
2017-11-03,"1,650","1,679"
2017-11-04,"1,658","1,658"
2017-11-05,"1,659","1,659"
2017-11-06,"1,684","1,703"
2017-11-07,"1,659","1,697"
2017-11-08,"1,655","1,682"
2017-11-09,"1,640","1,683"
2017-11-10,"1,652","1,653"
2017-11-11,"1,652","1,654"
2017-11-12,"1,652","1,654"
2017-11-13,"1,637","1,662"
2017-11-14,"1,640","1,688"
2017-11-15,"1,689","1,723"
2017-11-16,"1,678","1,707"
2017-11-17,"1,674","1,699"
2017-11-18,"1,677","1,677"
2017-11-19,"1,677","1,677"
2017-11-20,"1,668","1,685"
2017-11-21,"1,646","1,686"
2017-11-22,"1,648","1,683"
2017-11-23,"1,652","1,653"
2017-11-24,"1,650","1,666"
2017-11-25,"1,655","1,655"
2017-11-26,"1,656","1,657"
2017-11-27,"1,677","1,690"
2017-11-28,"1,653","1,688"
2017-11-29,"1,648","1,679"
2017-11-30,"1,643","1,679"
2017-12-01,"1,631","1,666"
2017-12-02,"1,634","1,634"
2017-12-03,"1,637","1,637"
2017-12-04,"1,653","1,679"
2017-12-05,"1,647","1,672"
2017-12-06,"1,656","1,694"
2017-12-07,"1,677","1,710"
2017-12-08,"1,664","1,694"
2017-12-09,"1,668","1,668"
2017-12-10,"1,669","1,669"
2017-12-11,"1,639","1,717"
2017-12-12,"1,635","1,650"
2017-12-13,"1,649","1,699"
2017-12-14,"1,627","1,660"
2017-12-15,"1,616","1,648"
2017-12-16,"1,619","1,621"
2017-12-17,"1,618","1,619"
2017-12-18,"1,626","1,655"
2017-12-19,"1,638","1,673"
2017-12-20,"1,651","1,691"
2017-12-21,"1,687","1,721"
2017-12-22,"1,655","1,705"
2017-12-23,"1,656","1,658"
2017-12-24,"1,657","1,657"
2017-12-25,"1,661","1,661"
2017-12-26,"1,633","1,678"
2017-12-27,"1,631","1,650"
2017-12-28,"1,623","1,662"
2017-12-29,"1,637","1,667"
2017-12-30,"1,641","1,641"
2017-12-31,"1,642","1,642"
2018-01-01,"1,644","1,644"
2018-01-02,"1,617","1,658"
2018-01-03,"1,627","1,663"
2018-01-04,"1,635","1,675"
2018-01-05,"1,651","1,681"
2018-01-06,"1,655","1,655"
2018-01-07,"1,655","1,655"
2018-01-08,"1,644","1,667"
2018-01-09,"1,610","1,648"
2018-01-10,"1,633","1,662"
2018-01-11,"1,634","1,684"
2018-01-12,"1,637","1,674"
2018-01-13,"1,640","1,640"
2018-01-14,"1,640","1,640"
2018-01-15,"1,639","1,642"
2018-01-16,"1,600","1,655"
2018-01-17,"1,593","1,637"
2018-01-18,"1,585","1,615"
2018-01-19,"1,591","1,620"
2018-01-20,"1,593","1,594"
2018-01-21,"1,595","1,595"
2018-01-22,"1,599","1,622"
2018-01-23,"1,564","1,607"
2018-01-24,"1,548","1,582"
2018-01-25,"1,535","1,568"
2018-01-26,"1,536","1,574"
2018-01-27,"1,540","1,540"
2018-01-28,"1,542","1,542"
2018-01-29,"1,527","1,549"
2018-01-30,"1,490","1,539"
2018-01-31,"1,497","1,538"
2018-02-01,"1,509","1,547"
2018-02-02,"1,493","1,520"
2018-02-03,"1,494","1,494"
2018-02-04,"1,497","1,497"
2018-02-05,"1,508","1,522"
2018-02-06,"1,462","1,518"
2018-02-07,"1,453","1,477"
2018-02-08,"1,450","1,494"
2018-02-09,"1,442","1,468"
2018-02-10,"1,450","1,451"
2018-02-11,"1,477","1,479"
2018-02-12,"1,504","1,528"
2018-02-13,"1,476","1,541"
2018-02-14,"1,517","1,553"
2018-02-15,"1,521","1,549"
2018-02-16,"1,510","1,542"
2018-02-17,"1,518","1,518"
2018-02-18,"1,519","1,519"
2018-02-19,"1,522","1,523"
2018-02-20,"1,484","1,539"
2018-02-21,"1,469","1,506"
2018-02-22,"1,441","1,480"
2018-02-23,"1,423","1,449"
2018-02-24,"1,424","1,424"
2018-02-25,"1,425","1,425"
2018-02-26,"1,426","1,441"
2018-02-27,"1,407","1,454"
2018-02-28,"1,442","1,465"
2018-03-01,"1,456","1,498"
2018-03-02,"1,463","1,496"
2018-03-03,"1,464","1,464"
2018-03-04,"1,464","1,465"
2018-03-05,"1,452","1,474"
2018-03-06,"1,409","1,458"
2018-03-07,"1,419","1,456"
2018-03-08,"1,396","1,441"
2018-03-09,"1,380","1,413"
2018-03-10,"1,383","1,383"
2018-03-11,"1,388","1,389"
2018-03-12,"1,383","1,410"
2018-03-13,"1,372","1,411"
2018-03-14,"1,459","1,499"
2018-03-15,"1,472","1,501"
2018-03-16,"1,460","1,491"
2018-03-17,"1,466","1,466"
2018-03-18,"1,467","1,467"
2018-03-19,"1,468","1,482"
2018-03-20,"1,409","1,480"
2018-03-21,"1,535","1,598"
2018-03-22,"1,545","1,585"
2018-03-23,"1,534","1,560"
2018-03-24,"1,536","1,536"
2018-03-25,"1,537","1,537"
2018-03-26,"1,523","1,548"
2018-03-27,"1,534","1,592"
2018-03-28,"1,566","1,607"
2018-03-29,"1,540","1,577"
2018-03-30,"1,561","1,598"
2018-03-31,"1,563","1,563"
2018-04-01,"1,565","1,566"
2018-04-02,"1,556","1,577"
2018-04-03,"1,498","1,578"
2018-04-04,"1,525","1,557"
2018-04-05,"1,589","1,631"
2018-04-06,"1,574","1,608"
2018-04-07,"1,575","1,575"
2018-04-08,"1,577","1,577"
2018-04-09,"1,572","1,591"
2018-04-10,"1,503","1,594"
2018-04-11,"1,487","1,521"
2018-04-12,"1,523","1,571"
2018-04-13,"1,507","1,538"
2018-04-14,"1,510","1,510"
2018-04-15,"1,513","1,513"
2018-04-16,"1,546","1,560"
2018-04-17,"1,509","1,563"
2018-04-18,"1,543","1,569"
2018-04-19,"1,552","1,595"
2018-04-20,"1,537","1,566"
2018-04-21,"1,545","1,545"
2018-04-22,"1,542","1,545"
2018-04-23,"1,532","1,546"
2018-04-24,"1,530","1,577"
2018-04-25,"1,552","1,590"
2018-04-26,"1,539","1,579"
2018-04-27,"1,593","1,612"
2018-04-28,"1,596","1,596"
2018-04-29,"1,598","1,598"
2018-04-30,"1,588","1,611"
2018-05-01,"1,590","1,630"
2018-05-02,"1,570","1,614"
2018-05-03,"1,600","1,638"
2018-05-04,"1,628","1,662"
2018-05-05,"1,633","1,633"
2018-05-06,"1,633","1,633"
2018-05-07,"1,625","1,652"
2018-05-08,"1,634","1,687"
2018-05-09,"1,662","1,691"
2018-05-10,"1,703","1,752"
2018-05-11,"1,742","1,782"
2018-05-12,"1,743","1,743"
2018-05-13,"1,743","1,743"
2018-05-14,"1,730","1,752"
2018-05-15,"1,701","1,786"
2018-05-16,"1,699","1,735"
2018-05-17,"1,732","1,775"
2018-05-18,"1,715","1,750"
2018-05-19,"1,717","1,717"
2018-05-20,"1,717","1,717"
2018-05-21,"1,710","1,732"
2018-05-22,"1,725","1,772"
2018-05-23,"1,716","1,743"
2018-05-24,"1,755","1,802"
2018-05-25,"1,739","1,766"
2018-05-26,"1,739","1,739"
2018-05-27,"1,743","1,743"
2018-05-28,"1,744","1,744"
2018-05-29,"1,729","1,806"
2018-05-30,"1,711","1,747"
2018-05-31,"1,711","1,753"
2018-06-01,"1,729","1,767"
2018-06-02,"1,733","1,734"
2018-06-03,"1,731","1,733"
2018-06-04,"1,731","1,747"
2018-06-05,"1,762","1,796"
2018-06-06,"1,819","1,855"
2018-06-07,"1,809","1,846"
2018-06-08,"1,798","1,822"
2018-06-09,"1,806","1,806"
2018-06-10,"1,824","1,824"
2018-06-11,"1,761","1,843"
2018-06-12,"1,748","1,800"
2018-06-13,"1,741","1,761"
2018-06-14,"1,747","1,773"
2018-06-15,"1,794","1,808"
2018-06-16,"1,800","1,800"
2018-06-17,"1,802","1,802"
2018-06-18,"1,827","1,842"
2018-06-19,"1,784","1,840"
2018-06-20,"1,822","1,859"
2018-06-21,"1,823","1,851"
2018-06-22,"1,797","1,838"
2018-06-23,"1,798","1,798"
2018-06-24,"1,780","1,800"
2018-06-25,"1,789","1,809"
2018-06-26,"1,776","1,804"
2018-06-27,"1,768","1,799"
2018-06-28,"1,768","1,803"
2018-06-29,"1,771","1,795"
2018-06-30,"1,772","1,772"
2018-07-01,"1,777","1,777"
2018-07-02,"1,772","1,807"
2018-07-03,"1,793","1,817"
2018-07-04,"1,799","1,800"
2018-07-05,"1,778","1,821"
2018-07-06,"1,792","1,817"
2018-07-07,"1,792","1,792"
2018-07-08,"1,793","1,793"
2018-07-09,"1,780","1,812"
2018-07-10,"1,775","1,813"
2018-07-11,"1,760","1,804"
2018-07-12,"1,731","1,783"
2018-07-13,"1,781","1,811"
2018-07-14,"1,858","1,858"
2018-07-15,"1,858","1,859"
2018-07-16,"1,845","1,872"
2018-07-17,"1,837","1,906"
2018-07-18,"1,829","1,915"
2018-07-19,"1,806","1,869"
2018-07-20,"1,794","1,841"
2018-07-21,"1,794","1,795"
2018-07-22,"1,793","1,794"
2018-07-23,"1,789","1,817"
2018-07-24,"1,778","1,847"
2018-07-25,"1,776","1,821"
2018-07-26,"1,769","1,817"
2018-07-27,"1,773","1,811"
2018-07-28,"1,778","1,778"
2018-07-29,"1,778","1,778"
2018-07-30,"1,777","1,810"
2018-07-31,"1,761","1,825"
2018-08-01,"1,768","1,801"
2018-08-02,"1,777","1,826"
2018-08-03,"1,787","1,815"
2018-08-04,"1,788","1,789"
2018-08-05,"1,788","1,788"
2018-08-06,"1,814","1,830"
2018-08-07,"1,789","1,847"
2018-08-08,"1,777","1,810"
2018-08-09,"1,787","1,836"
2018-08-10,"1,795","1,832"
2018-08-11,"1,800","1,800"
2018-08-12,"1,801","1,801"
2018-08-13,"1,802","1,820"
2018-08-14,"1,738","1,842"
2018-08-15,"1,744","1,787"
2018-08-16,"1,760","1,780"
2018-08-17,"1,751","1,786"
2018-08-18,"1,758","1,759"
2018-08-19,"1,758","1,759"
2018-08-20,"1,755","1,786"
2018-08-21,"1,780","1,834"
2018-08-22,"1,786","1,828"
2018-08-23,"1,772","1,826"
2018-08-24,"1,764","1,807"
2018-08-25,"1,767","1,768"
2018-08-26,"1,766","1,767"
2018-08-27,"1,772","1,800"
2018-08-28,"1,741","1,819"
2018-08-29,"1,720","1,813"
2018-08-30,"1,732","1,779"
2018-08-31,"1,723","1,765"
2018-09-01,"1,731","1,731"
2018-09-02,"1,731","1,732"
2018-09-03,"1,731","1,731"
2018-09-04,"1,787","1,835"
2018-09-05,"1,762","1,798"
2018-09-06,"1,734","1,774"
2018-09-07,"1,704","1,746"
2018-09-08,"1,705","1,705"
2018-09-09,"1,707","1,707"
2018-09-10,"1,688","1,711"
2018-09-11,"1,643","1,698"
2018-09-12,"1,627","1,658"
2018-09-13,"1,616","1,649"
2018-09-14,"1,632","1,677"
2018-09-15,"1,644","1,644"
2018-09-16,"1,650","1,650"
2018-09-17,"1,621","1,662"
2018-09-18,"1,614","1,669"
2018-09-19,"1,587","1,624"
2018-09-20,"1,572","1,608"
2018-09-21,"1,642","1,669"
2018-09-22,"1,642","1,643"
2018-09-23,"1,651","1,652"
2018-09-24,"1,693","1,715"
2018-09-25,"1,669","1,729"
2018-09-26,"1,660","1,690"
2018-09-27,"1,642","1,697"
2018-09-28,"1,610","1,660"
2018-09-29,"1,616","1,616"
2018-09-30,"1,619","1,619"
2018-10-01,"1,627","1,663"
2018-10-02,"1,582","1,648"
2018-10-03,"1,569","1,608"
2018-10-04,"1,552","1,589"
2018-10-05,"1,587","1,617"
2018-10-06,"1,631","1,631"
2018-10-07,"1,634","1,634"
2018-10-08,"1,635","1,636"
2018-10-09,"1,652","1,695"
2018-10-10,"1,631","1,675"
2018-10-11,"1,651","1,695"
2018-10-12,"1,632","1,661"
2018-10-13,"1,635","1,635"
2018-10-14,"1,636","1,638"
2018-10-15,"1,639","1,660"
2018-10-16,"1,603","1,652"
2018-10-17,"1,634","1,666"
2018-10-18,"1,647","1,673"
2018-10-19,"1,630","1,652"
2018-10-20,"1,634","1,634"
2018-10-21,"1,634","1,634"
2018-10-22,"1,661","1,689"
2018-10-23,"1,619","1,674"
2018-10-24,"1,598","1,639"
2018-10-25,"1,580","1,616"
2018-10-26,"1,547","1,589"
2018-10-27,"1,562","1,562"
2018-10-28,"1,565","1,565"
2018-10-29,"1,610","1,634"
2018-10-30,"1,568","1,619"
2018-10-31,"1,583","1,607"
2018-11-01,"1,613","1,645"
2018-11-02,"1,594","1,626"
2018-11-03,"1,596","1,596"
2018-11-04,"1,598","1,598"
2018-11-05,"1,584","1,601"
2018-11-06,"1,530","1,596"
2018-11-07,"1,515","1,551"
2018-11-08,"1,564","1,617"
2018-11-09,"1,597","1,635"
2018-11-10,"1,647","1,648"
2018-11-11,"1,647","1,648"
2018-11-12,"1,648","1,648"
2018-11-13,"1,597","1,652"
2018-11-14,"1,575","1,613"
2018-11-15,"1,546","1,595"
2018-11-16,"1,592","1,626"
2018-11-17,"1,641","1,641"
2018-11-18,"1,642","1,642"
2018-11-19,"1,618","1,644"
2018-11-20,"1,653","1,715"
2018-11-21,"1,681","1,731"
2018-11-22,"1,679","1,681"
2018-11-23,"1,729","1,757"
2018-11-24,"1,727","1,732"
2018-11-25,"1,728","1,728"
2018-11-26,"1,742","1,771"
2018-11-27,"1,709","1,787"
2018-11-28,"1,701","1,726"
2018-11-29,"1,719","1,763"
2018-11-30,"1,681","1,737"
2018-12-01,"1,684","1,684"
2018-12-02,"1,725","1,726"
2018-12-03,"1,733","1,778"
2018-12-04,"1,653","1,746"
2018-12-05,"1,650","1,678"
2018-12-06,"1,633","1,693"
2018-12-07,"1,617","1,657"
2018-12-08,"1,625","1,627"
2018-12-09,"1,671","1,671"
2018-12-10,"1,666","1,694"
2018-12-11,"1,674","1,785"
2018-12-12,"1,659","1,727"
2018-12-13,"1,644","1,714"
2018-12-14,"1,666","1,689"
2018-12-15,"1,704","1,704"
2018-12-16,"1,698","1,705"
2018-12-17,"1,678","1,704"
2018-12-18,"1,562","1,718"
2018-12-19,"1,553","1,595"
2018-12-20,"1,619","1,727"
2018-12-21,"1,611","1,638"
2018-12-22,"1,660","1,660"
2018-12-23,"1,713","1,713"
2018-12-24,"1,711","1,713"
2018-12-25,"1,601","1,713"
2018-12-26,"1,659","1,705"
2018-12-27,"1,695","1,734"
2018-12-28,"1,705","1,742"
2018-12-29,"1,707","1,708"
2018-12-30,"1,707","1,707"
2018-12-31,"1,691","1,724"
2019-01-01,"1,691","1,691"
2019-01-02,"1,641","1,731"
2019-01-03,"1,671","1,723"
2019-01-04,"1,679","1,710"
2019-01-05,"1,679","1,681"
2019-01-06,"1,716","1,716"
2019-01-07,"1,723","1,748"
2019-01-08,"1,664","1,765"
2019-01-09,"1,657","1,704"
2019-01-10,"1,646","1,708"
2019-01-11,"1,636","1,668"
2019-01-12,"1,642","1,642"
2019-01-13,"1,686","1,686"
2019-01-14,"1,725","1,743"
2019-01-15,"1,606","1,736"
2019-01-16,"1,595","1,624"
2019-01-17,"1,616","1,682"
2019-01-18,"1,639","1,669"
2019-01-19,"1,642","1,642"
2019-01-20,"1,642","1,642"
2019-01-21,"1,643","1,644"
2019-01-22,"1,605","1,690"
2019-01-23,"1,615","1,637"
2019-01-24,"1,676","1,725"
2019-01-25,"1,683","1,701"
2019-01-26,"1,734","1,735"
2019-01-27,"1,733","1,734"
2019-01-28,"1,750","1,786"
2019-01-29,"1,708","1,785"
2019-01-30,"1,739","1,766"
2019-01-31,"1,734","1,793"
2019-02-01,"1,724","1,748"
2019-02-02,"1,732","1,732"
2019-02-03,"1,769","1,769"
2019-02-04,"1,765","1,796"
2019-02-05,"1,689","1,814"
2019-02-06,"1,677","1,708"
2019-02-07,"1,689","1,732"
2019-02-08,"1,723","1,746"
2019-02-09,"1,724","1,724"
2019-02-10,"1,725","1,725"
2019-02-11,"1,763","1,781"
2019-02-12,"1,728","1,800"
2019-02-13,"1,733","1,773"
2019-02-14,"1,771","1,825"
2019-02-15,"1,753","1,788"
2019-02-16,"1,756","1,756"
2019-02-17,"1,756","1,756"
2019-02-18,"1,756","1,756"
2019-02-19,"1,677","1,782"
2019-02-20,"1,647","1,688"
2019-02-21,"1,638","1,681"
2019-02-22,"1,666","1,702"
2019-02-23,"1,666","1,667"
2019-02-24,"1,669","1,669"
2019-02-25,"1,694","1,704"
2019-02-26,"1,661","1,720"
2019-02-27,"1,657","1,682"
2019-02-28,"1,677","1,705"
2019-03-01,"1,664","1,691"
2019-03-02,"1,664","1,664"
2019-03-03,"1,705","1,705"
2019-03-04,"1,703","1,726"
2019-03-05,"1,654","1,713"
2019-03-06,"1,642","1,669"
2019-03-07,"1,666","1,720"
2019-03-08,"1,670","1,692"
2019-03-09,"1,675","1,675"
2019-03-10,"1,676","1,676"
2019-03-11,"1,696","1,718"
2019-03-12,"1,675","1,741"
2019-03-13,"1,685","1,715"
2019-03-14,"1,640","1,694"
2019-03-15,"1,693","1,711"
2019-03-16,"1,696","1,696"
2019-03-17,"1,699","1,699"
2019-03-18,"1,683","1,702"
2019-03-19,"1,648","1,721"
2019-03-20,"1,649","1,688"
2019-03-21,"1,637","1,685"
2019-03-22,"1,698","1,733"
2019-03-23,"1,701","1,701"
2019-03-24,"1,701","1,701"
2019-03-25,"1,620","1,702"
2019-03-26,"1,568","1,649"
2019-03-27,"1,585","1,630"
2019-03-28,"1,631","1,668"
2019-03-29,"1,621","1,647"
2019-03-30,"1,625","1,625"
2019-03-31,"1,625","1,626"
2019-04-01,"1,616","1,640"
2019-04-02,"1,634","1,699"
2019-04-03,"1,632","1,658"
2019-04-04,"1,623","1,675"
2019-04-05,"1,617","1,639"
2019-04-06,"1,624","1,624"
2019-04-07,"1,627","1,627"
2019-04-08,"1,615","1,637"
2019-04-09,"1,551","1,637"
2019-04-10,"1,534","1,576"
2019-04-11,"1,527","1,577"
2019-04-12,"1,509","1,542"
2019-04-13,"1,514","1,514"
2019-04-14,"1,515","1,515"
2019-04-15,"1,513","1,525"
2019-04-16,"1,512","1,527"
2019-04-17,"1,509","1,548"
2019-04-18,"1,501","1,522"
2019-04-19,"1,549","1,579"
2019-04-20,"1,579","1,579"
2019-04-21,"1,582","1,582"
2019-04-22,"1,611","1,624"
2019-04-23,"1,565","1,622"
2019-04-24,"1,593","1,622"
2019-04-25,"1,582","1,649"
2019-04-26,"1,579","1,603"
2019-04-27,"1,632","1,632"
2019-04-28,"1,632","1,632"
2019-04-29,"1,578","1,699"
2019-04-30,"1,587","1,621"
2019-05-01,"1,569","1,598"
2019-05-02,"1,564","1,624"
2019-05-03,"1,573","1,578"
2019-05-04,"1,578","1,578"
2019-05-05,"1,580","1,580"
2019-05-06,"1,584","1,604"
2019-05-07,"1,532","1,594"
2019-05-08,"1,525","1,576"
2019-05-09,"1,570","1,611"
2019-05-10,"1,630","1,651"
2019-05-11,"1,632","1,632"
2019-05-12,"1,630","1,632"
2019-05-13,"1,692","1,705"
2019-05-14,"1,682","1,726"
2019-05-15,"1,708","1,751"
2019-05-16,"1,712","1,754"
2019-05-17,"1,699","1,726"
2019-05-18,"1,701","1,701"
2019-05-19,"1,742","1,743"
2019-05-20,"1,752","1,765"
2019-05-21,"1,672","1,759"
2019-05-22,"1,685","1,727"
2019-05-23,"1,666","1,720"
2019-05-24,"1,679","1,722"
2019-05-25,"1,683","1,683"
2019-05-26,"1,715","1,715"
2019-05-27,"1,717","1,717"
2019-05-28,"1,700","1,753"
2019-05-29,"1,700","1,728"
2019-05-30,"1,694","1,731"
2019-05-31,"1,687","1,716"
2019-06-01,"1,687","1,687"
2019-06-02,"1,687","1,688"
2019-06-03,"1,701","1,738"
2019-06-04,"1,703","1,745"
2019-06-05,"1,703","1,731"
2019-06-06,"1,697","1,742"
2019-06-07,"1,689","1,714"
2019-06-08,"1,690","1,691"
2019-06-09,"1,690","1,690"
2019-06-10,"1,686","1,704"
2019-06-11,"1,647","1,706"
2019-06-12,"1,632","1,673"
2019-06-13,"1,630","1,662"
2019-06-14,"1,620","1,650"
2019-06-15,"1,622","1,623"
2019-06-16,"1,623","1,623"
2019-06-17,"1,609","1,640"
2019-06-18,"1,574","1,632"
2019-06-19,"1,578","1,617"
2019-06-20,"1,579","1,600"
2019-06-21,"1,599","1,622"
2019-06-22,"1,606","1,606"
2019-06-23,"1,606","1,607"
2019-06-24,"1,593","1,618"
2019-06-25,"1,557","1,626"
2019-06-26,"1,589","1,620"
2019-06-27,"1,619","1,656"
2019-06-28,"1,661","1,706"
2019-06-29,"1,664","1,665"
2019-06-30,"1,665","1,665"
2019-07-01,"1,700","1,752"
2019-07-02,"1,654","1,725"
2019-07-03,"1,703","1,738"
2019-07-04,"1,710","1,711"
2019-07-05,"1,722","1,796"
2019-07-06,"1,723","1,723"
2019-07-07,"1,730","1,733"
2019-07-08,"1,737","1,772"
2019-07-09,"1,705","1,774"
2019-07-10,"1,712","1,764"
2019-07-11,"1,691","1,756"
2019-07-12,"1,677","1,717"
2019-07-13,"1,681","1,681"
2019-07-14,"1,681","1,683"
2019-07-15,"1,676","1,701"
2019-07-16,"1,633","1,706"
2019-07-17,"1,661","1,714"
2019-07-18,"1,652","1,701"
2019-07-19,"1,649","1,712"
2019-07-20,"1,657","1,658"
2019-07-21,"1,662","1,663"
2019-07-22,"1,703","1,736"
2019-07-23,"1,656","1,733"
2019-07-24,"1,655","1,692"
2019-07-25,"1,649","1,696"
2019-07-26,"1,655","1,687"
2019-07-27,"1,708","1,709"
2019-07-28,"1,710","1,710"
2019-07-29,"1,698","1,735"
2019-07-30,"1,672","1,731"
2019-07-31,"1,668","1,710"
2019-08-01,"1,669","1,706"
2019-08-02,"1,672","1,707"
2019-08-03,"1,674","1,674"
2019-08-04,"1,675","1,675"
2019-08-05,"1,668","1,695"
2019-08-06,"1,633","1,697"
2019-08-07,"1,615","1,666"
2019-08-08,"1,612","1,650"
2019-08-09,"1,654","1,695"
2019-08-10,"1,655","1,655"
2019-08-11,"1,652","1,655"
2019-08-12,"1,673","1,697"
2019-08-13,"1,667","1,728"
2019-08-14,"1,659","1,695"
2019-08-15,"1,649","1,686"
2019-08-16,"1,640","1,685"
2019-08-17,"1,641","1,642"
2019-08-18,"1,643","1,643"
2019-08-19,"1,649","1,672"
2019-08-20,"1,598","1,674"
2019-08-21,"1,583","1,622"
2019-08-22,"1,585","1,611"
2019-08-23,"1,578","1,615"
2019-08-24,"1,621","1,621"
2019-08-25,"1,621","1,622"
2019-08-26,"1,620","1,638"
2019-08-27,"1,586","1,644"
2019-08-28,"1,596","1,618"
2019-08-29,"1,643","1,700"
2019-08-30,"1,628","1,677"
2019-08-31,"1,632","1,633"
2019-09-01,"1,633","1,634"
2019-09-02,"1,637","1,640"
2019-09-03,"1,601","1,666"
2019-09-04,"1,586","1,618"
2019-09-05,"1,574","1,614"
2019-09-06,"1,575","1,607"
2019-09-07,"1,579","1,580"
2019-09-08,"1,581","1,581"
2019-09-09,"1,574","1,600"
2019-09-10,"1,568","1,644"
2019-09-11,"1,564","1,587"
2019-09-12,"1,566","1,605"
2019-09-13,"1,575","1,611"
2019-09-14,"1,577","1,577"
2019-09-15,"1,578","1,578"
2019-09-16,"1,612","1,635"
2019-09-17,"1,605","1,660"
2019-09-18,"1,600","1,632"
2019-09-19,"1,609","1,644"
2019-09-20,"1,583","1,624"
2019-09-21,"1,600","1,600"
2019-09-22,"1,616","1,616"
2019-09-23,"1,633","1,658"
2019-09-24,"1,589","1,682"
2019-09-25,"1,590","1,628"
2019-09-26,"1,583","1,612"
2019-09-27,"1,615","1,654"
2019-09-28,"1,620","1,620"
2019-09-29,"1,621","1,621"
2019-09-30,"1,597","1,633"
2019-10-01,"1,583","1,610"
2019-10-02,"1,578","1,615"
2019-10-03,"1,573","1,608"
2019-10-04,"1,563","1,587"
2019-10-05,"1,562","1,564"
2019-10-06,"1,562","1,563"
2019-10-07,"1,574","1,598"
2019-10-08,"1,543","1,605"
2019-10-09,"1,594","1,620"
2019-10-10,"1,573","1,613"
2019-10-11,"1,561","1,590"
2019-10-12,"1,565","1,565"
2019-10-13,"1,569","1,569"
2019-10-14,"1,573","1,573"
2019-10-15,"1,533","1,587"
2019-10-16,"1,537","1,561"
2019-10-17,"1,530","1,568"
2019-10-18,"1,520","1,560"
2019-10-19,"1,521","1,521"
2019-10-20,"1,521","1,521"
2019-10-21,"1,539","1,568"
2019-10-22,"1,508","1,561"
2019-10-23,"1,503","1,537"
2019-10-24,"1,487","1,535"
2019-10-25,"1,479","1,509"
2019-10-26,"1,483","1,483"
2019-10-27,"1,483","1,485"
2019-10-28,"1,501","1,526"
2019-10-29,"1,481","1,524"
2019-10-30,"1,518","1,540"
2019-10-31,"1,515","1,538"
2019-11-01,"1,509","1,537"
2019-11-02,"1,513","1,514"
2019-11-03,"1,513","1,515"
2019-11-04,"1,496","1,529"
2019-11-05,"1,471","1,519"
2019-11-06,"1,475","1,503"
2019-11-07,"1,483","1,508"
2019-11-08,"1,478","1,515"
2019-11-09,"1,482","1,483"
2019-11-10,"1,485","1,485"
2019-11-11,"1,488","1,488"
2019-11-12,"1,483","1,537"
2019-11-13,"1,470","1,506"
2019-11-14,"1,465","1,493"
2019-11-15,"1,461","1,492"
2019-11-16,"1,466","1,466"
2019-11-17,"1,470","1,470"
2019-11-18,"1,460","1,481"
2019-11-19,"1,438","1,476"
2019-11-20,"1,432","1,465"
2019-11-21,"1,420","1,456"
2019-11-22,"1,448","1,471"
2019-11-23,"1,451","1,451"
2019-11-24,"1,453","1,453"
2019-11-25,"1,481","1,509"
2019-11-26,"1,467","1,501"
2019-11-27,"1,497","1,547"
2019-11-28,"1,500","1,501"
2019-11-29,"1,493","1,505"
2019-11-30,"1,495","1,495"
2019-12-01,"1,495","1,496"
2019-12-02,"1,504","1,527"
2019-12-03,"1,490","1,536"
2019-12-04,"1,492","1,522"
2019-12-05,"1,593","1,627"
2019-12-06,"1,588","1,617"
2019-12-07,"1,590","1,590"
2019-12-08,"1,590","1,591"
2019-12-09,"1,587","1,603"
2019-12-10,"1,563","1,607"
2019-12-11,"1,561","1,586"
2019-12-12,"1,554","1,591"
2019-12-13,"1,543","1,578"
2019-12-14,"1,544","1,544"
2019-12-15,"1,546","1,546"
2019-12-16,"1,583","1,604"
2019-12-17,"1,554","1,603"
2019-12-18,"1,547","1,577"
2019-12-19,"1,536","1,575"
2019-12-20,"1,521","1,566"
2019-12-21,"1,521","1,522"
2019-12-22,"1,523","1,523"
2019-12-23,"1,518","1,549"
2019-12-24,"1,519","1,520"
2019-12-25,"1,522","1,522"
2019-12-26,"1,523","1,531"
2019-12-27,"1,498","1,536"
2019-12-28,"1,500","1,500"
2019-12-29,"1,500","1,501"
2019-12-30,"1,491","1,522"
2019-12-31,"1,487","1,502"
2020-01-01,"1,487","1,488"
2020-01-02,"1,478","1,508"
2020-01-03,"1,479","1,497"
2020-01-04,"1,479","1,480"
2020-01-05,"1,479","1,479"
2020-01-06,"1,465","1,487"
2020-01-07,"1,485","1,535"
2020-01-08,"1,482","1,511"
2020-01-09,"1,463","1,502"
2020-01-10,"1,538","1,562"
2020-01-11,"1,543","1,543"
2020-01-12,"1,543","1,543"
2020-01-13,"1,533","1,556"
2020-01-14,"1,505","1,555"
2020-01-15,"1,510","1,534"
2020-01-16,"1,565","1,587"
2020-01-17,"1,562","1,595"
2020-01-18,"1,570","1,571"
2020-01-19,"1,570","1,571"
2020-01-20,"1,571","1,571"
2020-01-21,"1,552","1,596"
2020-01-22,"1,544","1,578"
2020-01-23,"1,547","1,584"
2020-01-24,"1,556","1,589"
2020-01-25,"1,562","1,562"
2020-01-26,"1,584","1,584"
2020-01-27,"1,618","1,641"
2020-01-28,"1,621","1,671"
2020-01-29,"1,619","1,650"
2020-01-30,"1,625","1,639"
2020-01-31,"1,604","1,642"
2020-02-01,"1,606","1,606"
2020-02-02,"1,610","1,610"
2020-02-03,"1,622","1,635"
2020-02-04,"1,623","1,669"
2020-02-05,"1,636","1,658"
2020-02-06,"1,638","1,673"
2020-02-07,"1,635","1,662"
2020-02-08,"1,638","1,638"
2020-02-09,"1,637","1,638"
2020-02-10,"1,644","1,651"
2020-02-11,"1,621","1,690"
2020-02-12,"1,607","1,644"
2020-02-13,"1,595","1,627"
2020-02-14,"1,580","1,635"
2020-02-15,"1,582","1,582"
2020-02-16,"1,582","1,582"
2020-02-17,"1,583","1,583"
2020-02-18,"1,543","1,597"
2020-02-19,"1,532","1,572"
2020-02-20,"1,553","1,590"
2020-02-21,"1,540","1,576"
2020-02-22,"1,542","1,542"
2020-02-23,"1,542","1,542"
2020-02-24,"1,558","1,572"
2020-02-25,"1,555","1,591"
2020-02-26,"1,548","1,577"
2020-02-27,"1,577","1,608"
2020-02-28,"1,584","1,618"
2020-02-29,"1,586","1,586"
2020-03-01,"1,613","1,613"
2020-03-02,"1,629","1,650"
2020-03-03,"1,613","1,657"
2020-03-04,"1,620","1,642"
2020-03-05,"1,612","1,637"
2020-03-06,"1,535","1,624"
2020-03-07,"1,536","1,536"
2020-03-08,"1,536","1,536"
2020-03-09,"1,526","1,543"
2020-03-10,"1,498","1,539"
2020-03-11,"1,515","1,556"
2020-03-12,"1,505","1,533"
2020-03-13,"1,540","1,558"
2020-03-14,"1,585","1,585"
2020-03-15,"1,585","1,585"
2020-03-16,"1,576","1,595"
2020-03-17,"1,559","1,596"
2020-03-18,"1,553","1,579"
2020-03-19,"1,543","1,557"
2020-03-20,"1,529","1,549"
2020-03-21,"1,530","1,530"
2020-03-22,"1,530","1,530"
2020-03-23,"1,517","1,540"
2020-03-24,"1,476","1,525"
2020-03-25,"1,473","1,489"
2020-03-26,"1,464","1,486"
2020-03-27,"1,457","1,472"
2020-03-28,"1,455","1,458"
2020-03-29,"1,455","1,455"
2020-03-30,"1,445","1,465"
2020-03-31,"1,421","1,450"
2020-04-01,"1,415","1,431"
2020-04-02,"1,400","1,426"
2020-04-03,"1,383","1,418"
2020-04-04,"1,384","1,384"
2020-04-05,"1,383","1,384"
2020-04-06,"1,363","1,388"
2020-04-07,"1,362","1,377"
2020-04-08,"1,357","1,380"
2020-04-09,"1,353","1,369"
2020-04-10,"1,330","1,363"
2020-04-11,"1,336","1,336"
2020-04-12,"1,337","1,337"
2020-04-13,"1,325","1,348"
2020-04-14,"1,313","1,330"
2020-04-15,"1,315","1,332"
2020-04-16,"1,317","1,336"
2020-04-17,"1,295","1,328"
2020-04-18,"1,296","1,298"
2020-04-19,"1,295","1,296"
2020-04-20,"1,280","1,300"
2020-04-21,"1,254","1,288"
2020-04-22,"1,239","1,264"
2020-04-23,"1,230","1,247"
2020-04-24,"1,217","1,239"
2020-04-25,"1,218","1,218"
2020-04-26,"1,218","1,219"
2020-04-27,"1,203","1,221"
2020-04-28,"1,181","1,209"
2020-04-29,"1,176","1,186"
2020-04-30,"1,167","1,181"
2020-05-01,"1,157","1,174"
2020-05-02,"1,159","1,159"
2020-05-03,"1,160","1,160"
2020-05-04,"1,146","1,167"
2020-05-05,"1,127","1,153"
2020-05-06,"1,123","1,136"
2020-05-07,"1,115","1,132"
2020-05-08,"1,095","1,126"
2020-05-09,"1,096","1,096"
2020-05-10,"1,095","1,096"
2020-05-11,"1,083","1,104"
2020-05-12,"1,063","1,087"
2020-05-13,"1,054","1,076"
2020-05-14,"1,043","1,063"
2020-05-15,"1,038","1,058"
2020-05-16,"1,038","1,038"
2020-05-17,"1,038","1,039"
2020-05-18,"1,037","1,045"
2020-05-19,"1,020","1,049"
2020-05-20,"1,025","1,038"
2020-05-21,"1,015","1,037"
2020-05-22,"1,016","1,032"
2020-05-23,"1,017","1,017"
2020-05-24,"1,016","1,017"
2020-05-25,"1,016","1,017"
2020-05-26,"1,004","1,025"
2020-05-27,992,"1,010"
2020-05-28,989,996
2020-05-29,979,"1,003"
2020-05-30,979,980
2020-05-31,982,983
2020-06-01,976,987
2020-06-02,964,984
2020-06-03,955,968
2020-06-04,951,956
2020-06-05,945,958
2020-06-06,946,946
2020-06-07,947,947
2020-06-08,940,951
2020-06-09,924,952
2020-06-10,921,930
2020-06-11,915,929
2020-06-12,897,921
2020-06-13,899,899
2020-06-14,899,899
2020-06-15,886,907
2020-06-16,882,900
2020-06-17,883,891
2020-06-18,885,902
2020-06-19,872,893
2020-06-20,871,872
2020-06-21,869,871
2020-06-22,868,878
2020-06-23,869,879
2020-06-24,859,876
2020-06-25,864,868
2020-06-26,858,870
2020-06-27,861,861
2020-06-28,861,861
2020-06-29,854,867
2020-06-30,851,859
2020-07-01,848,858
2020-07-02,856,869
2020-07-03,856,856
2020-07-04,856,856
2020-07-05,855,856
2020-07-06,851,857
2020-07-07,841,859
2020-07-08,837,847
2020-07-09,837,848
2020-07-10,825,844
2020-07-11,826,826
2020-07-12,827,827
2020-07-13,806,831
2020-07-14,799,809
2020-07-15,805,811
2020-07-16,806,815
2020-07-17,807,809
2020-07-18,809,810
2020-07-19,808,810
2020-07-20,794,816
2020-07-21,801,808
2020-07-22,807,819
2020-07-23,826,834
2020-07-24,830,838
2020-07-25,831,832
2020-07-26,831,831
2020-07-27,833,846
2020-07-28,842,849
2020-07-29,840,853
2020-07-30,842,853
2020-07-31,840,858
2020-08-01,839,840
2020-08-02,839,839
2020-08-03,779,846
2020-08-04,783,793
2020-08-05,782,796
2020-08-06,782,795
2020-08-07,792,798
2020-08-08,791,792
2020-08-09,792,792
2020-08-10,782,805
2020-08-11,790,797
2020-08-12,798,800
2020-08-13,808,813
2020-08-14,802,816
2020-08-15,804,804
2020-08-16,804,804
2020-08-17,814,817
2020-08-18,816,830
2020-08-19,816,829
2020-08-20,812,823
2020-08-21,804,819
2020-08-22,805,805
2020-08-23,805,805
2020-08-24,802,809
2020-08-25,796,808
2020-08-26,791,800
2020-08-27,788,801
2020-08-28,784,800
2020-08-29,788,788
2020-08-30,787,789
2020-08-31,783,796
2020-09-01,783,795
2020-09-02,772,791
2020-09-03,769,787
2020-09-04,755,781
2020-09-05,755,755
2020-09-06,756,757
2020-09-07,758,758
2020-09-08,738,764
2020-09-09,734,748
2020-09-10,738,748
2020-09-11,730,747
2020-09-12,729,732
2020-09-13,728,730
2020-09-14,721,732
2020-09-15,699,738
2020-09-16,700,711
2020-09-17,709,715
2020-09-18,715,721
2020-09-19,719,720
2020-09-20,720,721
2020-09-21,722,726
2020-09-22,725,725
2020-09-23,724,728
2020-09-24,724,726
2020-09-25,727,732
2020-09-26,726,727
2020-09-27,726,726
2020-09-28,725,728
2020-09-29,725,726
2020-09-30,724,725
2020-10-01,721,724
2020-10-02,719,724
2020-10-03,719,719
2020-10-04,718,719
2020-10-05,715,718
2020-10-06,702,715
2020-10-07,698,702
2020-10-08,691,698
2020-10-09,693,694
2020-10-10,693,695
2020-10-11,693,693
2020-10-12,693,693
2020-10-13,679,693
2020-10-14,678,679
2020-10-15,679,682
2020-10-16,669,679
2020-10-17,670,670
2020-10-18,665,670
2020-10-19,611,665
2020-10-20,544,611
2020-10-21,491,545
2020-10-22,445,491
2020-10-23,435,445
2020-10-24,435,435
2020-10-25,435,435
2020-10-26,431,436
2020-10-27,425,431
2020-10-28,422,426
2020-10-29,422,424
2020-10-30,417,422
2020-10-31,417,417
2020-11-01,417,417
2020-11-02,417,418
2020-11-03,410,417
2020-11-04,407,411
2020-11-05,406,407
2020-11-06,398,406
2020-11-07,398,398
2020-11-08,398,398
2020-11-09,388,398
2020-11-10,382,389
2020-11-11,383,383
2020-11-12,379,383
2020-11-13,372,379
2020-11-14,373,373
2020-11-15,373,373
2020-11-16,372,373
2020-11-17,366,372
2020-11-18,364,366
2020-11-19,358,365
2020-11-20,354,360
2020-11-21,354,354
2020-11-22,354,354
2020-11-23,347,354
2020-11-24,337,347
2020-11-25,335,337
2020-11-26,335,335
2020-11-27,334,336
2020-11-28,334,334
2020-11-29,334,334
2020-11-30,332,334
2020-12-01,326,332
2020-12-02,323,326
2020-12-03,321,323
2020-12-04,318,321
2020-12-05,317,318
2020-12-06,316,317
2020-12-07,316,316
2020-12-08,315,316
2020-12-09,316,317
2020-12-10,312,316
2020-12-11,305,313
2020-12-12,304,305
2020-12-13,304,304
2020-12-14,303,304
2020-12-15,299,303
2020-12-16,291,299
2020-12-17,286,291
2020-12-18,285,286
2020-12-19,286,286
2020-12-20,286,286
2020-12-21,286,286
2020-12-22,284,286
2020-12-23,280,284
2020-12-24,280,280
2020-12-25,281,282
2020-12-26,281,281
2020-12-27,280,281
2020-12-28,275,280
2020-12-29,274,278
2020-12-30,273,276
2020-12-31,264,273
2021-01-01,264,264
2021-01-02,264,264
2021-01-03,264,264
2021-01-04,264,265
2021-01-05,259,264
2021-01-06,257,259
2021-01-07,254,257
2021-01-08,252,254
2021-01-09,252,252
2021-01-10,252,252
2021-01-11,251,252
2021-01-12,243,251
2021-01-13,241,243
2021-01-14,240,241
2021-01-15,240,241
2021-01-16,240,240
2021-01-17,240,240
2021-01-18,241,241
2021-01-19,237,241
2021-01-20,236,237
2021-01-21,236,236
2021-01-22,234,236
2021-01-23,234,234
2021-01-24,234,234
2021-01-25,233,234
2021-01-26,232,233
2021-01-27,226,233
2021-01-28,223,226
2021-01-29,221,223
2021-01-30,221,221
2021-01-31,221,221
2021-02-01,221,221
2021-02-02,217,221
2021-02-03,216,217
2021-02-04,215,217
2021-02-05,214,215
2021-02-06,214,214
2021-02-07,214,214
2021-02-08,213,214
2021-02-09,214,214
2021-02-10,214,214
2021-02-11,209,214
2021-02-12,208,209
2021-02-13,209,209
2021-02-14,210,210
2021-02-15,210,210
2021-02-16,206,210
2021-02-17,205,206
2021-02-18,205,205
2021-02-19,203,205
2021-02-20,203,203
2021-02-21,203,203
2021-02-22,203,203
2021-02-23,203,204
2021-02-24,201,203
2021-02-25,200,201
2021-02-26,198,200
2021-02-27,198,198
2021-02-28,198,198
2021-03-01,197,198
2021-03-02,195,197
2021-03-03,196,196
2021-03-04,193,196
2021-03-05,190,193
2021-03-06,190,190
2021-03-07,190,190
2021-03-08,188,190
2021-03-09,185,188
2021-03-10,182,185
2021-03-11,181,182
2021-03-12,179,181
2021-03-13,179,179
2021-03-14,179,179
2021-03-15,178,179
2021-03-16,177,178
2021-03-17,174,178
2021-03-18,173,174
2021-03-19,173,173
2021-03-20,173,173
2021-03-21,173,173
2021-03-22,174,174
2021-03-23,174,174
2021-03-24,173,174
2021-03-25,173,174
2021-03-26,170,173
2021-03-27,170,170
2021-03-28,170,170
2021-03-29,170,170
2021-03-30,169,170
2021-03-31,169,170
2021-04-01,165,169
2021-04-02,162,166
2021-04-03,162,162
2021-04-04,162,162
2021-04-05,160,162
2021-04-06,155,160
2021-04-07,151,156
2021-04-08,149,151
2021-04-09,146,149
2021-04-10,146,146
2021-04-11,146,146
2021-04-12,146,146
2021-04-13,143,146
2021-04-14,143,143
2021-04-15,141,144
2021-04-16,139,141
2021-04-17,139,139
2021-04-18,139,139
2021-04-19,140,140
2021-04-20,139,140
2021-04-21,138,139
2021-04-22,136,138
2021-04-23,135,136
2021-04-24,135,135
2021-04-25,135,135
2021-04-26,134,135
2021-04-27,134,134
2021-04-28,133,134
2021-04-29,133,133
2021-04-30,131,133
2021-05-01,131,131
2021-05-02,131,131
2021-05-03,131,131
2021-05-04,131,131
2021-05-05,130,131
2021-05-06,130,130
2021-05-07,130,130
2021-05-08,130,130
2021-05-09,130,130
2021-05-10,130,130
2021-05-11,129,130
2021-05-12,130,130
2021-05-13,128,130
2021-05-14,124,128
2021-05-15,124,124
2021-05-16,125,125
2021-05-17,124,125
2021-05-18,122,124
2021-05-19,122,122
2021-05-20,122,123
2021-05-21,122,122
2021-05-22,122,122
2021-05-23,122,122
2021-05-24,122,122
2021-05-25,122,123
2021-05-26,122,122
2021-05-27,122,122
2021-05-28,122,123
2021-05-29,122,122
2021-05-30,122,122
2021-05-31,122,122
2021-06-01,121,122
2021-06-02,121,121
2021-06-03,121,121
2021-06-04,121,121
2021-06-05,121,121
2021-06-06,121,121
2021-06-07,121,121
2021-06-08,118,121
2021-06-09,117,118
2021-06-10,116,117
2021-06-11,114,116
2021-06-12,114,114
2021-06-13,114,114
2021-06-14,114,114
2021-06-15,114,115
2021-06-16,114,114
2021-06-17,114,114
2021-06-18,114,114
2021-06-19,113,114
2021-06-20,114,114
2021-06-21,110,114
2021-06-22,108,110
2021-06-23,109,109
2021-06-24,109,109
2021-06-25,110,110
2021-06-26,110,110
2021-06-27,110,110
2021-06-28,110,110
2021-06-29,109,110
2021-06-30,109,109
2021-07-01,107,109
2021-07-02,107,107
2021-07-03,107,107
2021-07-04,107,107
2021-07-05,107,107
2021-07-06,106,107
2021-07-07,104,106
2021-07-08,103,104
2021-07-09,102,103
2021-07-10,102,102
2021-07-11,102,102
2021-07-12,101,102
2021-07-13,99,101
2021-07-14,99,99
2021-07-15,99,99
2021-07-16,99,99
2021-07-17,99,99
2021-07-18,99,99
2021-07-19,98,99
2021-07-20,96,98
2021-07-21,95,96
2021-07-22,94,95
2021-07-23,94,94
2021-07-24,94,94
2021-07-25,94,94
2021-07-26,94,94
2021-07-27,94,94
2021-07-28,94,94
2021-07-29,94,94
2021-07-30,94,94
2021-07-31,94,94
2021-08-01,94,94
2021-08-02,94,94
2021-08-03,94,94
2021-08-04,92,94
2021-08-05,91,92
2021-08-06,91,91
2021-08-07,91,91
2021-08-08,91,91
2021-08-09,90,91
2021-08-10,88,90
2021-08-11,88,88
2021-08-12,88,88
2021-08-13,88,88
2021-08-14,88,88
2021-08-15,88,88
2021-08-16,87,88
2021-08-17,87,87
2021-08-18,87,87
2021-08-19,87,87
2021-08-20,87,88
2021-08-21,87,87
2021-08-22,87,87
2021-08-23,86,87
2021-08-24,84,86
2021-08-25,83,84
2021-08-26,83,83
2021-08-27,83,83
2021-08-28,83,83
2021-08-29,83,83
2021-08-30,84,84
2021-08-31,84,84
2021-09-01,84,84
2021-09-02,83,84
2021-09-03,82,83
2021-09-04,82,82
2021-09-05,82,82
2021-09-06,82,82
2021-09-07,81,82
2021-09-08,81,81
2021-09-09,81,81
2021-09-10,80,81
2021-09-11,80,80
2021-09-12,80,80
2021-09-13,80,80
2021-09-14,80,80
2021-09-15,80,80
2021-09-16,80,80
2021-09-17,80,80
2021-09-18,80,80
2021-09-19,80,80
2021-09-20,79,80
2021-09-21,79,79
2021-09-22,79,79
2021-09-23,80,80
2021-09-24,80,80
2021-09-25,80,80
2021-09-26,80,80
2021-09-27,80,80
2021-09-28,79,80
2021-09-29,79,79
2021-09-30,79,79
2021-10-01,79,79
2021-10-02,79,79
2021-10-03,79,79
2021-10-04,79,79
2021-10-05,78,79
2021-10-06,78,79
2021-10-07,77,78
2021-10-08,75,77
2021-10-09,75,75
2021-10-10,75,75
2021-10-11,75,75
2021-10-12,75,75
2021-10-13,75,75
2021-10-14,75,75
2021-10-15,75,75
2021-10-16,75,75
2021-10-17,75,75
2021-10-18,75,75
2021-10-19,74,75
2021-10-20,74,74
2021-10-21,73,74
2021-10-22,73,73
2021-10-23,73,73
2021-10-24,73,73
2021-10-25,73,73
2021-10-26,73,73
2021-10-27,74,74
2021-10-28,74,74
2021-10-29,73,74
2021-10-30,73,73
2021-10-31,73,73
2021-11-01,73,73
2021-11-02,73,73
2021-11-03,73,73
2021-11-04,73,73
2021-11-05,73,73
2021-11-06,73,73
2021-11-07,73,73
2021-11-08,73,73
2021-11-09,73,73
2021-11-10,74,74
2021-11-11,74,74
2021-11-12,74,74
2021-11-13,74,74
2021-11-14,74,74
2021-11-15,74,74
2021-11-16,73,74
2021-11-17,73,73
2021-11-18,73,73
2021-11-19,73,73
2021-11-20,73,73
2021-11-21,73,73
2021-11-22,73,73
2021-11-23,73,73
2021-11-24,73,73
2021-11-25,73,73
2021-11-26,73,73
2021-11-27,73,73
2021-11-28,73,73
2021-11-29,73,73
2021-11-30,73,73
2021-12-01,73,73
2021-12-02,73,73
2021-12-03,65,73
2021-12-04,65,65
2021-12-05,65,65
2021-12-06,62,65
2021-12-07,62,62
2021-12-08,62,62
2021-12-09,61,62
2021-12-10,61,61
2021-12-11,61,61
2021-12-12,61,61
2021-12-13,61,61
2021-12-14,61,61
2021-12-15,61,61
2021-12-16,60,61
2021-12-17,60,60
2021-12-18,60,60
2021-12-19,60,60
2021-12-20,60,60
2021-12-21,60,60
2021-12-22,60,60
2021-12-23,59,60
2021-12-24,59,59
2021-12-25,59,59
2021-12-26,59,59
2021-12-27,59,59
2021-12-28,59,59
2021-12-29,59,59
2021-12-30,59,59
2021-12-31,59,59
2022-01-01,59,59
2022-01-02,59,59
2022-01-03,59,59
2022-01-04,59,59
2022-01-05,59,59
2022-01-06,58,59
2022-01-07,55,58
2022-01-08,55,55
2022-01-09,55,55
2022-01-10,55,55
2022-01-11,52,55
2022-01-12,52,52
2022-01-13,51,52
2022-01-14,51,51
2022-01-15,51,51
2022-01-16,51,51
2022-01-17,51,51
2022-01-18,51,51
2022-01-19,51,51
2022-01-20,51,51
2022-01-21,51,51
2022-01-22,51,51
2022-01-23,51,51
2022-01-24,50,51
2022-01-25,50,50
2022-01-26,50,50
2022-01-27,49,50
2022-01-28,49,49
2022-01-29,49,49
2022-01-30,49,49
2022-01-31,49,49
2022-02-01,47,49
2022-02-02,47,47
2022-02-03,43,47
2022-02-04,42,43
2022-02-05,42,42
2022-02-06,42,42
2022-02-07,42,42
2022-02-08,34,42
2022-02-09,34,34
2022-02-10,34,34
2022-02-11,33,34
2022-02-12,33,33
2022-02-13,33,33
2022-02-14,33,33
2022-02-15,33,33
2022-02-16,33,33
2022-02-17,33,33
2022-02-18,33,33
2022-02-19,33,33
2022-02-20,33,33
2022-02-21,33,33
2022-02-22,33,33
2022-02-23,33,33
2022-02-24,33,33
2022-02-25,33,33
2022-02-26,33,33
2022-02-27,33,33
2022-02-28,33,33
2022-03-01,32,33
2022-03-02,32,32
2022-03-03,32,32
2022-03-04,32,32
2022-03-05,32,32
2022-03-06,32,32
2022-03-07,32,32
2022-03-08,31,32
2022-03-09,30,31
2022-03-10,30,30
2022-03-11,30,30
2022-03-12,30,30
2022-03-13,30,30
2022-03-14,31,31
2022-03-15,30,31
2022-03-16,30,30
2022-03-17,30,30
2022-03-18,30,30
2022-03-19,30,30
2022-03-20,30,30
2022-03-21,29,30
2022-03-22,29,29
2022-03-23,29,29
2022-03-24,29,29
2022-03-25,29,29
2022-03-26,29,29
2022-03-27,29,29
2022-03-28,29,29
2022-03-29,29,29
2022-03-30,29,29
2022-03-31,29,29
2022-04-01,29,29
2022-04-02,29,29
2022-04-03,29,29
2022-04-04,29,29
2022-04-05,28,29
2022-04-06,28,28
2022-04-07,27,28
2022-04-08,27,27
2022-04-09,27,27
2022-04-10,27,27
2022-04-11,27,27
2022-04-12,26,27
2022-04-13,25,26
2022-04-14,25,25
2022-04-15,25,25
2022-04-16,25,25
2022-04-17,25,25
2022-04-18,25,25
2022-04-19,25,25
2022-04-20,25,25
2022-04-21,25,25
2022-04-22,25,25
2022-04-23,25,25
2022-04-24,25,25
2022-04-25,25,25
2022-04-26,25,25
2022-04-27,25,25
2022-04-28,25,25
2022-04-29,25,25
2022-04-30,25,25
2022-05-01,25,25
2022-05-02,25,25
2022-05-03,25,25
2022-05-04,25,25
2022-05-05,25,25
2022-05-06,25,25
2022-05-07,25,25
2022-05-08,25,25
2022-05-09,25,25
2022-05-10,25,25
2022-05-11,25,25
2022-05-12,25,25
2022-05-13,25,25
2022-05-14,25,25
2022-05-15,25,25
2022-05-16,25,25
2022-05-17,25,25
2022-05-18,25,25
2022-05-19,25,25
2022-05-20,25,25
2022-05-21,25,25
2022-05-22,25,25
2022-05-23,25,25
2022-05-24,25,25
2022-05-25,24,25
2022-05-26,24,24
2022-05-27,24,24
2022-05-28,24,24
2022-05-29,24,24
2022-05-30,24,24
2022-05-31,24,24
2022-06-01,24,24
2022-06-02,24,24
2022-06-03,24,24
2022-06-04,24,24
2022-06-05,24,24
2022-06-06,24,24
2022-06-07,24,24
2022-06-08,24,24
2022-06-09,24,24
2022-06-10,24,24
2022-06-11,24,24
2022-06-12,24,24
2022-06-13,24,24
2022-06-14,24,24
2022-06-15,24,24
2022-06-16,24,24
2022-06-17,24,24
2022-06-18,24,24
2022-06-19,24,24
2022-06-20,24,24
2022-06-21,24,24
2022-06-22,24,24
2022-06-23,24,24
2022-06-24,24,24
2022-06-25,24,24
2022-06-26,24,24
2022-06-27,24,24
2022-06-28,24,24
2022-06-29,24,24
2022-06-30,24,24
2022-07-01,24,24
2022-07-02,24,24
2022-07-03,24,24
2022-07-04,24,24
2022-07-05,24,24
2022-07-06,24,24
2022-07-07,24,24
2022-07-08,21,24
2022-07-09,21,21
2022-07-10,21,21
2022-07-11,21,21
2022-07-12,21,21
2022-07-13,21,21
2022-07-14,21,21
2022-07-15,21,21
2022-07-16,21,21
2022-07-17,21,21
2022-07-18,21,21
2022-07-19,21,21
2022-07-20,20,21
2022-07-21,20,20
2022-07-22,20,20
2022-07-23,21,21
2022-07-24,21,21
2022-07-25,21,21
2022-07-26,21,21
2022-07-27,21,21
2022-07-28,21,21
2022-07-29,21,21
2022-07-30,21,21
2022-07-31,21,21
2022-08-01,20,21
2022-08-02,20,20
2022-08-03,20,20
2022-08-04,20,20
2022-08-05,20,21
2022-08-06,20,20
2022-08-07,20,20
2022-08-08,21,21
2022-08-09,21,21
2022-08-10,21,21
2022-08-11,21,21
2022-08-12,21,21
2022-08-13,21,21
2022-08-14,21,21
2022-08-15,21,23
2022-08-16,21,23
2022-08-17,21,21
2022-08-18,21,21
2022-08-19,21,21
2022-08-20,21,21
2022-08-21,21,21
2022-08-22,21,21
2022-08-23,21,21
2022-08-24,21,21
2022-08-25,21,21
2022-08-26,21,21
2022-08-27,21,21
2022-08-28,21,21
2022-08-29,21,21
2022-08-30,21,21
2022-08-31,21,21
2022-09-01,21,21
2022-09-02,21,21
2022-09-03,21,21
2022-09-04,21,21
2022-09-05,21,21
2022-09-06,21,21
2022-09-07,21,21
2022-09-08,21,21
2022-09-09,21,21
2022-09-10,21,21
2022-09-11,21,21
2022-09-12,21,21
2022-09-13,21,21
2022-09-14,21,21
2022-09-15,21,21
2022-09-16,21,21
2022-09-17,21,21
2022-09-18,21,21
2022-09-19,21,21
2022-09-20,21,21
2022-09-21,21,21
2022-09-22,21,21
2022-09-23,21,21
2022-09-24,21,21
2022-09-25,21,21
2022-09-26,21,21
2022-09-27,21,21
2022-09-28,21,21
2022-09-29,21,21
2022-09-30,21,21
2022-10-01,21,21
2022-10-02,21,21
2022-10-03,21,21
2022-10-04,20,21
2022-10-05,20,20
2022-10-06,20,20
2022-10-07,20,20
2022-10-08,20,20
2022-10-09,20,20
2022-10-10,20,20
2022-10-11,20,20
2022-10-12,20,20
2022-10-13,20,20
2022-10-14,20,20
2022-10-15,20,20
2022-10-16,20,20
2022-10-17,20,20
2022-10-18,19,20
2022-10-19,19,19
2022-10-20,19,19
2022-10-21,19,19
2022-10-22,19,19
2022-10-23,19,19
2022-10-24,19,19
2022-10-25,18,19
2022-10-26,18,18
2022-10-27,18,18
2022-10-28,18,18
2022-10-29,18,18
2022-10-30,18,18
2022-10-31,18,18
2022-11-01,18,18
2022-11-02,18,18
2022-11-03,18,18
2022-11-04,18,18
2022-11-05,18,18
2022-11-06,18,18
2022-11-07,18,18
2022-11-08,18,18
2022-11-09,18,18
2022-11-10,18,18
2022-11-11,18,18
2022-11-12,18,18
2022-11-13,18,18
2022-11-14,18,18
2022-11-15,18,18
2022-11-16,18,18
2022-11-17,18,18
2022-11-18,18,18
2022-11-19,18,18
2022-11-20,18,18
2022-11-21,18,18
2022-11-22,18,18
2022-11-23,18,18
2022-11-24,18,18
2022-11-25,18,18
2022-11-26,18,18
2022-11-27,18,18
2022-11-28,18,18
2022-11-29,18,18
2022-11-30,18,18
2022-12-01,18,18
2022-12-02,18,18
2022-12-03,18,18
2022-12-04,18,18
2022-12-05,18,18
2022-12-06,18,18
2022-12-07,18,18
2022-12-08,18,18
2022-12-09,18,18
2022-12-10,18,18
2022-12-11,18,18
2022-12-12,18,18
2022-12-13,18,18
2022-12-14,18,18
2022-12-15,18,18
2022-12-16,18,18
2022-12-17,18,18
2022-12-18,18,18
2022-12-19,17,18
2022-12-20,17,17
2022-12-21,17,17
2022-12-22,17,17
2022-12-23,17,17
2022-12-24,17,17
2022-12-25,17,17
2022-12-26,17,17
2022-12-27,17,17
2022-12-28,17,17
2022-12-29,17,17
2022-12-30,17,17
2022-12-31,17,17
2023-01-01,17,17
2023-01-02,17,17
2023-01-03,17,17
2023-01-04,17,17
2023-01-05,17,17
2023-01-06,17,17
2023-01-07,17,17
2023-01-08,17,17
2023-01-09,17,17
2023-01-10,16,17
2023-01-11,16,16
2023-01-12,16,16
2023-01-13,16,16
2023-01-14,16,16
2023-01-15,16,16
2023-01-16,16,16
2023-01-17,16,16
2023-01-18,16,16
2023-01-19,16,16
2023-01-20,16,16
2023-01-21,16,16
2023-01-22,16,16
2023-01-23,16,16
2023-01-24,16,16
2023-01-25,16,16
2023-01-26,16,16
2023-01-27,16,16
2023-01-28,16,16
2023-01-29,16,16
2023-01-30,16,16
2023-01-31,16,16
2023-02-01,16,16
2023-02-02,16,16
2023-02-03,16,16
2023-02-04,16,16
2023-02-05,16,16
2023-02-06,16,16
2023-02-07,16,16
2023-02-08,15,16
2023-02-09,15,15
2023-02-10,15,15
2023-02-11,15,15
2023-02-12,15,15
2023-02-13,15,15
2023-02-14,15,15
2023-02-15,14,15
2023-02-16,14,14
2023-02-17,14,14
2023-02-18,14,14
2023-02-19,14,14
2023-02-20,14,14
2023-02-21,14,14
2023-02-22,14,14
2023-02-23,13,14
2023-02-24,13,13
2023-02-25,13,13
2023-02-26,13,13
2023-02-27,13,13
2023-02-28,14,14
2023-03-01,14,14
2023-03-02,14,14
2023-03-03,14,14
2023-03-04,14,14
2023-03-05,14,14
2023-03-06,14,14
2023-03-07,14,14
2023-03-08,13,14
2023-03-09,13,13
2023-03-10,13,13
2023-03-11,13,13
2023-03-12,13,13
2023-03-13,13,13
2023-03-14,13,13
2023-03-15,13,13
2023-03-16,14,14
2023-03-17,14,14
2023-03-18,14,14
2023-03-19,14,14
2023-03-20,14,14
2023-03-21,14,14
2023-03-22,14,14
2023-03-23,14,14
2023-03-24,14,14
2023-03-25,14,14
2023-03-26,14,14
2023-03-27,14,14
2023-03-28,14,14
2023-03-29,14,14
2023-03-30,14,14
2023-03-31,14,14
2023-04-01,14,14
2023-04-02,14,14
2023-04-03,14,14
2023-04-04,14,14
2023-04-05,14,14
2023-04-06,14,14
2023-04-07,13,14
2023-04-08,13,13
2023-04-09,13,13
2023-04-10,13,13
2023-04-11,13,13
2023-04-12,13,13
2023-04-13,13,13
2023-04-14,13,13
2023-04-15,13,13
2023-04-16,13,13
2023-04-17,13,13
2023-04-18,13,13
2023-04-19,13,13
2023-04-20,13,13
2023-04-21,13,13
2023-04-22,13,13
2023-04-23,13,13
2023-04-24,13,13
2023-04-25,13,13
2023-04-26,13,13
2023-04-27,13,13
2023-04-28,13,13
2023-04-29,13,13
2023-04-30,13,13
2023-05-01,13,13
2023-05-02,13,13
2023-05-03,13,13
2023-05-04,13,13
2023-05-05,13,13
2023-05-06,13,13
2023-05-07,13,13
2023-05-08,13,13
2023-05-09,13,13
2023-05-10,13,13
2023-05-11,13,13
2023-05-12,13,13
2023-05-13,13,13
2023-05-14,13,13
2023-05-15,13,13
2023-05-16,13,13
2023-05-17,13,13
2023-05-18,13,13
2023-05-19,13,13
2023-05-20,13,13
2023-05-21,13,13
2023-05-22,13,13
2023-05-23,13,13
2023-05-24,13,13
2023-05-25,13,13
2023-05-26,13,13
2023-05-27,13,13
2023-05-28,13,13
2023-05-29,13,13
2023-05-30,13,13
2023-05-31,13,13
2023-06-01,13,13
2023-06-02,13,13
2023-06-03,13,13
2023-06-04,13,13
2023-06-05,13,13
2023-06-06,13,13
2023-06-07,13,13
2023-06-08,13,13
2023-06-09,13,13
2023-06-10,13,13
2023-06-11,13,13
2023-06-12,13,13
2023-06-13,13,13
2023-06-14,13,13
2023-06-15,13,13
2023-06-16,13,13
2023-06-17,13,13
2023-06-18,13,13
2023-06-19,13,13
2023-06-20,13,13
2023-06-21,13,13
2023-06-22,13,13
2023-06-23,12,13
2023-06-24,12,12
2023-06-25,12,12
2023-06-26,12,12
2023-06-27,12,12
2023-06-28,12,12
2023-06-29,12,12
2023-06-30,12,12
2023-07-01,12,12
2023-07-02,12,12
2023-07-03,12,12
2023-07-04,12,12
2023-07-05,12,12
2023-07-06,12,12
2023-07-07,12,12
2023-07-08,12,12
2023-07-09,12,12
2023-07-10,12,12
2023-07-11,12,12
2023-07-12,12,12
2023-07-13,12,12
2023-07-14,12,12
2023-07-15,12,12
2023-07-16,12,12
2023-07-17,12,12
2023-07-18,12,12
2023-07-19,12,12
2023-07-20,12,12
2023-07-21,12,12
2023-07-22,12,12
2023-07-23,12,12
2023-07-24,12,12
2023-07-25,12,12
2023-07-26,12,12
2023-07-27,12,12
2023-07-28,12,12
2023-07-29,12,12
2023-07-30,12,12
2023-07-31,12,12
2023-08-01,12,12
2023-08-02,12,12
2023-08-03,12,12
2023-08-04,12,12
2023-08-05,12,12
2023-08-06,12,12
2023-08-07,12,12
2023-08-08,12,12
2023-08-09,12,12
2023-08-10,12,12
2023-08-11,12,12
2023-08-12,12,12
2023-08-13,12,12
2023-08-14,12,12
2023-08-15,12,12
2023-08-16,12,12
2023-08-17,12,12
2023-08-18,12,12
2023-08-19,12,12
2023-08-20,12,12
2023-08-21,12,12
2023-08-22,11,12
2023-08-23,11,11
2023-08-24,10,11
2023-08-25,9,10
2023-08-26,9,9
2023-08-27,9,9
2023-08-28,8,9
2023-08-29,8,8
2023-08-30,8,8
2023-08-31,8,8
2023-09-01,8,8
2023-09-02,8,8
2023-09-03,8,8
2023-09-04,8,8
2023-09-05,8,8
2023-09-06,8,8
2023-09-07,8,8
2023-09-08,8,8
2023-09-09,8,8
2023-09-10,8,8
2023-09-11,8,8
2023-09-12,8,8
2023-09-13,8,8
2023-09-14,8,8
2023-09-15,8,8
2023-09-16,8,8
2023-09-17,8,8
2023-09-18,8,8
2023-09-19,8,8
2023-09-20,8,8
2023-09-21,8,8
2023-09-22,8,8
2023-09-23,8,8
2023-09-24,8,8
2023-09-25,8,8
2023-09-26,7,8
2023-09-27,7,7
2023-09-28,7,7
2023-09-29,7,7
2023-09-30,7,7
2023-10-01,7,7
2023-10-02,7,7
2023-10-03,7,7
2023-10-04,7,7
2023-10-05,7,7
2023-10-06,7,7
2023-10-07,7,7
2023-10-08,7,7
2023-10-09,7,7
2023-10-10,7,7
2023-10-11,7,7
2023-10-12,7,7
2023-10-13,7,7
2023-10-14,7,7
2023-10-15,7,7
2023-10-16,6,7
2023-10-17,6,6
2023-10-18,6,6
2023-10-19,6,6
2023-10-20,6,6
2023-10-21,6,6
2023-10-22,6,6
2023-10-23,6,6
2023-10-24,6,6
2023-10-25,6,6
2023-10-26,6,6
2023-10-27,6,6
2023-10-28,6,6
2023-10-29,6,6
2023-10-30,6,6
2023-10-31,6,6
2023-11-01,6,6
2023-11-02,6,6
2023-11-03,6,6
2023-11-04,6,6
2023-11-05,6,6
2023-11-06,6,6
2023-11-07,6,6
2023-11-08,6,6
2023-11-09,6,6
2023-11-10,6,6
2023-11-11,6,6
2023-11-12,6,6
2023-11-13,6,6
2023-11-14,6,6
2023-11-15,6,6
2023-11-16,6,6
2023-11-17,6,6
2023-11-18,6,6
2023-11-19,6,6
2023-11-20,6,6
2023-11-21,5,6
2023-11-22,5,5
2023-11-23,5,5
2023-11-24,5,5
2023-11-25,5,5
2023-11-26,5,5
2023-11-27,5,5
2023-11-28,5,5
2023-11-29,5,5
2023-11-30,5,5
2023-12-01,5,5
2023-12-02,5,5
2023-12-03,5,5
2023-12-04,5,5
2023-12-05,5,5
2023-12-06,5,5
2023-12-07,5,5
2023-12-08,5,5
2023-12-09,5,5
2023-12-10,5,5
2023-12-11,5,5
2023-12-12,5,5
2023-12-13,5,5
2023-12-14,5,5
2023-12-15,5,5
2023-12-16,5,5
2023-12-17,5,5
2023-12-18,5,5
2023-12-19,5,5
2023-12-20,5,5
2023-12-21,5,5
2023-12-22,5,5
2023-12-23,5,5
2023-12-24,5,5
2023-12-25,5,5
2023-12-26,5,5
2023-12-27,5,5
2023-12-28,5,5
2023-12-29,5,5
2023-12-30,5,5
2023-12-31,5,5
2024-01-01,5,5
2024-01-02,5,5
2024-01-03,5,5
2024-01-04,5,5
2024-01-05,5,5
2024-01-06,5,5
2024-01-07,5,5
2024-01-08,5,5
2024-01-09,5,5
2024-01-10,5,5
2024-01-11,5,5
2024-01-12,5,5
2024-01-13,5,5
2024-01-14,5,5
2024-01-15,5,5
2024-01-16,5,5
2024-01-17,5,5
2024-01-18,5,5
2024-01-19,5,5
2024-01-20,5,5
2024-01-21,5,5
2024-01-22,5,5
2024-01-23,5,5
2024-01-24,5,5
2024-01-25,5,5
2024-01-26,5,5
2024-01-27,5,5
2024-01-28,5,5
2024-01-29,5,5
2024-01-30,5,5
2024-01-31,5,5
2024-02-01,5,5
2024-02-02,5,5
2024-02-03,5,5
2024-02-04,5,5
2024-02-05,5,5
2024-02-06,5,5
2024-02-07,5,5
2024-02-08,5,5
2024-02-09,5,5
2024-02-10,5,5
2024-02-11,5,5
2024-02-12,5,5
2024-02-13,5,5
2024-02-14,5,5
2024-02-15,5,5
2024-02-16,5,5
2024-02-17,5,5
2024-02-18,5,5
2024-02-19,5,5
2024-02-20,5,5
2024-02-21,5,5
2024-02-22,5,5
2024-02-23,5,5
2024-02-24,5,5
2024-02-25,5,5
2024-02-26,5,5
2024-02-27,5,5
2024-02-28,5,5
2024-02-29,5,5
2024-03-01,5,5
2024-03-02,5,5
2024-03-03,5,5
2024-03-04,5,5
2024-03-05,5,5
2024-03-06,5,5
2024-03-07,5,5
2024-03-08,5,5
2024-03-09,5,5
2024-03-10,5,5
2024-03-11,5,5
2024-03-12,5,5
2024-03-13,5,5
2024-03-14,5,5
2024-03-15,5,5
2024-03-16,5,5
2024-03-17,5,5
2024-03-18,5,5
2024-03-19,5,5
2024-03-20,5,5
2024-03-21,5,5
2024-03-22,5,5
2024-03-23,5,5
2024-03-24,5,5
2024-03-25,5,5
2024-03-26,5,5
2024-03-27,5,5
2024-03-28,5,5
2024-03-29,5,5
2024-03-30,5,5
2024-03-31,5,5
2024-04-01,5,5
2024-04-02,5,5
2024-04-03,5,5
2024-04-04,5,5
2024-04-05,5,5
2024-04-06,5,5
2024-04-07,5,5
2024-04-08,5,5
2024-04-09,5,5
2024-04-10,5,5
2024-04-11,5,5
2024-04-12,5,5
2024-04-13,5,5
2024-04-14,5,5
2024-04-15,5,5
2024-04-16,4,5
2024-04-17,4,4
2024-04-18,4,4
2024-04-19,4,4
2024-04-20,4,4
2024-04-21,4,4
2024-04-22,4,4
2024-04-23,4,4
2024-04-24,4,4
2024-04-25,4,4
2024-04-26,4,4
2024-04-27,4,4
2024-04-28,4,4
2024-04-29,4,4
2024-04-30,4,4
2024-05-01,4,4
2024-05-02,4,4
2024-05-03,4,4
2024-05-04,4,4
2024-05-05,4,4
2024-05-06,4,4
2024-05-07,4,4
2024-05-08,4,4
2024-05-09,4,4
2024-05-10,4,4
2024-05-11,4,4
2024-05-12,4,4
2024-05-13,4,4
2024-05-14,4,4
2024-05-15,4,4
2024-05-16,4,4
2024-05-17,4,4
2024-05-18,4,4
2024-05-19,4,4
2024-05-20,4,4
2024-05-21,4,4
2024-05-22,4,4
2024-05-23,4,4
2024-05-24,4,4
2024-05-25,4,4
2024-05-26,4,4
2024-05-27,4,4
2024-05-28,4,4
2024-05-29,4,4
2024-05-30,4,4
2024-05-31,4,4
2024-06-01,5,5
2024-06-02,5,5
2024-06-03,5,5
2024-06-04,5,5
2024-06-05,5,5
2024-06-06,5,5
2024-06-07,5,5
2024-06-08,5,5
2024-06-09,5,5
2024-06-10,5,5
2024-06-11,5,5
2024-06-12,5,5
2024-06-13,5,5
2024-06-14,5,5
2024-06-15,5,5
2024-06-16,5,5
2024-06-17,4,5
2024-06-18,4,4
2024-06-19,4,4
2024-06-20,4,4
2024-06-21,4,4
2024-06-22,4,4
2024-06-23,4,4
2024-06-24,4,4
2024-06-25,3,4
2024-06-26,3,3
2024-06-27,3,3
2024-06-28,3,3
2024-06-29,3,3
2024-06-30,3,3
2024-07-01,3,3
2024-07-02,3,3
2024-07-03,3,3
2024-07-04,3,3
2024-07-05,3,3
2024-07-06,3,3
2024-07-07,3,3
2024-07-08,3,3
2024-07-09,3,3
2024-07-10,3,3
2024-07-11,3,3
2024-07-12,3,3
2024-07-13,3,3
2024-07-14,3,3
2024-07-15,3,3
2024-07-16,3,3
2024-07-17,3,3
2024-07-18,3,3
2024-07-19,3,3
2024-07-20,3,3
2024-07-21,3,3
2024-07-22,3,3
2024-07-23,3,3
2024-07-24,3,3
2024-07-25,3,3
2024-07-26,3,3
2024-07-27,3,3
2024-07-28,3,3
2024-07-29,3,3
2024-07-30,3,3
2024-07-31,3,3
2024-08-01,3,3
2024-08-02,3,3
2024-08-03,3,3
2024-08-04,3,3
2024-08-05,3,3
2024-08-06,3,3
2024-08-07,3,3
2024-08-08,3,3
2024-08-09,3,3
2024-08-10,3,3
2024-08-11,3,3
2024-08-12,3,3
2024-08-13,3,3
2024-08-14,3,3
2024-08-15,3,3
2024-08-16,3,3
2024-08-17,3,3
2024-08-18,3,3
2024-08-19,3,3
2024-08-20,3,3
2024-08-21,3,3
2024-08-22,3,3
2024-08-23,3,3
2024-08-24,3,3
2024-08-25,3,3
2024-08-26,3,3
2024-08-27,3,3
2024-08-28,3,3
2024-08-29,3,3
2024-08-30,3,3
2024-08-31,3,3
2024-09-01,3,3
2024-09-02,3,3
2024-09-03,3,3
2024-09-04,3,3
2024-09-05,3,3
2024-09-06,3,3
2024-09-07,3,3
2024-09-08,3,3
2024-09-09,3,3
2024-09-10,3,3
2024-09-11,3,3
2024-09-12,3,3
2024-09-13,3,3
2024-09-14,3,3
2024-09-15,3,3
2024-09-16,3,3
2024-09-17,2,3
2024-09-18,2,2
2024-09-19,2,2
2024-09-20,2,2
2024-09-21,2,2
2024-09-22,2,2
2024-09-23,2,2
2024-09-24,2,2
2024-09-25,2,2
2024-09-26,2,2
2024-09-27,2,2
2024-09-28,2,2
2024-09-29,2,2
2024-09-30,2,2
2024-10-01,2,2
2024-10-02,2,2
2024-10-03,2,2
2024-10-04,2,2
2024-10-05,2,2
2024-10-06,2,2
2024-10-07,2,2
2024-10-08,2,2
2024-10-09,2,2
2024-10-10,2,2
2024-10-11,2,2
2024-10-12,2,2
2024-10-13,2,2
2024-10-14,2,2
2024-10-15,2,2
2024-10-16,2,2
2024-10-17,2,2
2024-10-18,2,2
2024-10-19,2,2
2024-10-20,2,2
2024-10-21,2,2
2024-10-22,2,2
2024-10-23,2,2
2024-10-24,2,2
2024-10-25,2,2
2024-10-26,2,2
2024-10-27,2,2
2024-10-28,2,2
2024-10-29,2,2
2024-10-30,2,2
2024-10-31,2,2
2024-11-01,2,2
2024-11-02,2,2
2024-11-03,2,2
2024-11-04,2,2
2024-11-05,2,2
2024-11-06,2,2
2024-11-07,2,2
2024-11-08,2,2
2024-11-09,2,2
2024-11-10,2,2
2024-11-11,2,2
2024-11-12,2,2
2024-11-13,2,2
2024-11-14,2,2
2024-11-15,2,2
2024-11-16,2,2
2024-11-17,2,2
2024-11-18,2,2
2024-11-19,2,2
2024-11-20,2,2
2024-11-21,2,2
2024-11-22,2,2
2024-11-23,2,2
2024-11-24,2,2
2024-11-25,2,2
2024-11-26,2,2
2024-11-27,2,2
2024-11-28,2,2
2024-11-29,2,2
2024-11-30,2,2
2024-12-01,2,2
2024-12-02,2,2
2024-12-03,2,2
2024-12-04,2,2
2024-12-05,2,2
2024-12-06,2,2
2024-12-07,2,2
2024-12-08,2,2
2024-12-09,2,2
2024-12-10,2,2
2024-12-11,2,2
2024-12-12,2,2
2024-12-13,2,2
2024-12-14,2,2
2024-12-15,2,2
2024-12-16,2,2
2024-12-17,2,2
2024-12-18,2,2
2024-12-19,2,2
2024-12-20,2,2
2024-12-21,2,2
2024-12-22,2,2
2024-12-23,1,2
2024-12-24,1,1
2024-12-25,1,1
2024-12-26,1,1
2024-12-27,1,1
2024-12-28,1,1
2024-12-29,1,1
2024-12-30,1,1
2024-12-31,1,1
2025-01-01,1,1
2025-01-02,1,1
2025-01-03,1,1
2025-01-04,1,1
2025-01-05,1,1
2025-01-06,1,1
2025-01-07,1,1
2025-01-08,1,1
2025-01-09,1,1
2025-01-10,1,1
2025-01-11,1,1
2025-01-12,1,1
2025-01-13,1,1
2025-01-14,1,1
2025-01-15,1,1
2025-01-16,1,1
2025-01-17,1,1
2025-01-18,1,1
2025-01-19,1,1
2025-01-20,1,1
2025-01-21,1,1
2025-01-22,1,1
2025-01-23,1,1
2025-01-24,1,1
2025-01-25,1,1
2025-01-26,1,1
2025-01-27,1,1
2025-01-28,1,1
2025-01-29,1,1
2025-01-30,1,1
2025-01-31,51,51
2025-02-01,102,102
2025-02-02,102,102
2025-02-03,151,151
2025-02-04,154,159
2025-02-05,151,156
2025-02-06,151,153
2025-02-07,151,151
2025-02-08,151,151
2025-02-09,151,151
2025-02-10,151,154
2025-02-11,151,152
2025-02-12,170,171
2025-02-13,191,192
2025-02-14,210,213
2025-02-15,210,210
2025-02-16,210,212
2025-02-17,209,210
