Date,Midnight population,24-hour population,N,N2
2008-10-01,-1.0,-1.0,538,530
2008-10-02,-1.0,-1.0,541,495
2008-10-03,-1.0,-1.0,505,499
2008-10-04,-1.0,-1.0,527,527
2008-10-05,-1.0,-1.0,539,539
2008-10-06,-1.0,-1.0,553,532
2008-10-07,-1.0,-1.0,549,540
2008-10-08,-1.0,-1.0,543,537
2008-10-09,-1.0,-1.0,548,473
2008-10-10,-1.0,-1.0,502,495
2008-10-11,-1.0,-1.0,498,498
2008-10-12,-1.0,-1.0,505,505
2008-10-13,-1.0,-1.0,511,511
2008-10-14,-1.0,-1.0,522,486
2008-10-15,-1.0,-1.0,501,496
2008-10-16,-1.0,-1.0,505,460
2008-10-17,-1.0,-1.0,483,481
2008-10-18,-1.0,-1.0,488,488
2008-10-19,-1.0,-1.0,499,499
2008-10-20,-1.0,-1.0,508,466
2008-10-21,-1.0,-1.0,482,479
2008-10-22,-1.0,-1.0,491,486
2008-10-23,-1.0,-1.0,491,435
2008-10-24,-1.0,-1.0,461,452
2008-10-25,-1.0,-1.0,465,464
2008-10-26,-1.0,-1.0,465,464
2008-10-27,-1.0,-1.0,483,453
2008-10-28,-1.0,-1.0,502,489
2008-10-29,-1.0,-1.0,508,500
2008-10-30,492.0,508.0,521,486
2008-10-31,491.0,507.0,508,500
2008-11-01,492.0,506.0,508,508
2008-11-02,492.0,506.0,513,513
2008-11-03,492.0,507.0,544,529
2008-11-04,493.0,507.0,557,552
2008-11-05,493.0,507.0,555,548
2008-11-06,492.0,508.0,563,500
2008-11-07,491.0,507.0,511,502
2008-11-08,492.0,505.0,508,508
2008-11-09,492.0,506.0,513,513
2008-11-10,492.0,507.0,535,479
2008-11-11,491.0,506.0,482,482
2008-11-12,490.0,505.0,492,477
2008-11-13,489.0,505.0,496,456
2008-11-14,488.0,503.0,466,461
2008-11-15,488.0,502.0,463,463
2008-11-16,487.0,501.0,465,465
2008-11-17,486.0,501.0,487,461
2008-11-18,486.0,501.0,493,486
2008-11-19,486.0,501.0,490,478
2008-11-20,486.0,501.0,503,465
2008-11-21,485.0,501.0,475,467
2008-11-22,486.0,500.0,469,469
2008-11-23,487.0,500.0,473,472
2008-11-24,487.0,501.0,490,452
2008-11-25,487.0,502.0,472,466
2008-11-26,488.0,502.0,487,485
2008-11-27,488.0,501.0,487,486
2008-11-28,487.0,501.0,495,484
2008-11-29,487.0,500.0,487,487
2008-11-30,487.0,499.0,489,489
2008-12-01,486.0,498.0,494,474
2008-12-02,485.0,498.0,487,482
2008-12-03,483.0,496.0,497,491
2008-12-04,480.0,494.0,505,460
2008-12-05,478.0,493.0,502,494
2008-12-06,478.0,490.0,496,496
2008-12-07,478.0,490.0,503,503
2008-12-08,478.0,491.0,528,504
2008-12-09,478.0,491.0,523,518
2008-12-10,480.0,491.0,526,521
2008-12-11,481.0,492.0,532,505
2008-12-12,482.0,493.0,520,510
2008-12-13,483.0,494.0,511,510
2008-12-14,485.0,495.0,513,513
2008-12-15,485.0,497.0,520,469
2008-12-16,486.0,498.0,489,476
2008-12-17,487.0,498.0,493,488
2008-12-18,486.0,499.0,502,463
2008-12-19,486.0,498.0,473,471
2008-12-20,486.0,497.0,473,473
2008-12-21,486.0,497.0,477,477
2008-12-22,486.0,498.0,482,475
2008-12-23,486.0,498.0,483,472
2008-12-24,487.0,498.0,481,474
2008-12-25,488.0,498.0,478,478
2008-12-26,488.0,498.0,486,485
2008-12-27,488.0,498.0,489,489
2008-12-28,488.0,498.0,493,493
2008-12-29,488.0,498.0,500,486
2008-12-30,487.0,498.0,496,461
2008-12-31,487.0,498.0,477,475
2009-01-01,487.0,498.0,479,479
2009-01-02,487.0,497.0,492,485
2009-01-03,488.0,497.0,486,486
2009-01-04,488.0,496.0,490,490
2009-01-05,486.0,497.0,502,465
2009-01-06,486.0,496.0,481,477
2009-01-07,485.0,494.0,484,480
2009-01-08,483.0,494.0,497,469
2009-01-09,482.0,492.0,487,477
2009-01-10,481.0,490.0,478,478
2009-01-11,480.0,489.0,480,480
2009-01-12,479.0,489.0,496,484
2009-01-13,478.0,488.0,488,481
2009-01-14,478.0,487.0,485,480
2009-01-15,477.0,487.0,490,446
2009-01-16,476.0,486.0,467,464
2009-01-17,476.0,484.0,465,465
2009-01-18,476.0,484.0,467,467
2009-01-19,476.0,484.0,471,469
2009-01-20,476.0,484.0,482,455
2009-01-21,475.0,484.0,465,464
2009-01-22,475.0,484.0,477,456
2009-01-23,474.0,483.0,465,457
2009-01-24,473.0,482.0,459,459
2009-01-25,473.0,482.0,461,460
2009-01-26,471.0,481.0,471,445
2009-01-27,470.0,480.0,471,454
2009-01-28,469.0,479.0,468,463
2009-01-29,469.0,479.0,479,448
2009-01-30,468.0,478.0,465,457
2009-01-31,468.0,478.0,464,464
2009-02-01,467.0,477.0,469,469
2009-02-02,466.0,477.0,478,459
2009-02-03,465.0,476.0,473,465
2009-02-04,466.0,476.0,488,474
2009-02-05,465.0,476.0,486,460
2009-02-06,465.0,476.0,480,477
2009-02-07,465.0,475.0,479,479
2009-02-08,466.0,475.0,487,487
2009-02-09,466.0,476.0,497,488
2009-02-10,466.0,476.0,496,489
2009-02-11,467.0,477.0,503,500
2009-02-12,466.0,477.0,506,464
2009-02-13,466.0,478.0,504,491
2009-02-14,469.0,479.0,519,519
2009-02-15,471.0,481.0,521,521
2009-02-16,473.0,482.0,524,522
2009-02-17,473.0,485.0,536,485
2009-02-18,474.0,486.0,501,494
2009-02-19,474.0,486.0,503,465
2009-02-20,475.0,488.0,495,491
2009-02-21,477.0,488.0,500,500
2009-02-22,478.0,490.0,504,504
2009-02-23,480.0,491.0,514,492
2009-02-24,481.0,493.0,504,495
2009-02-25,483.0,494.0,509,504
2009-02-26,484.0,496.0,516,483
2009-02-27,485.0,497.0,512,500
2009-02-28,487.0,498.0,504,504
2009-03-01,489.0,500.0,518,518
2009-03-02,491.0,502.0,537,527
2009-03-03,493.0,504.0,531,522
2009-03-04,494.0,506.0,522,510
2009-03-05,495.0,507.0,513,472
2009-03-06,495.0,507.0,486,480
2009-03-07,496.0,507.0,496,496
2009-03-08,497.0,508.0,496,496
2009-03-09,498.0,510.0,552,517
2009-03-10,496.0,512.0,526,442
2009-03-11,496.0,511.0,479,472
2009-03-12,495.0,511.0,488,463
2009-03-13,495.0,511.0,510,497
2009-03-14,496.0,511.0,501,501
2009-03-15,496.0,511.0,502,502
2009-03-16,496.0,511.0,525,504
2009-03-17,495.0,511.0,514,503
2009-03-18,495.0,510.0,512,504
2009-03-19,494.0,509.0,513,473
2009-03-20,494.0,509.0,485,482
2009-03-21,495.0,508.0,485,485
2009-03-22,495.0,508.0,491,491
2009-03-23,494.0,508.0,502,468
2009-03-24,492.0,507.0,480,469
2009-03-25,491.0,506.0,469,463
2009-03-26,490.0,505.0,472,445
2009-03-27,488.0,503.0,460,451
2009-03-28,487.0,501.0,455,455
2009-03-29,486.0,500.0,462,462
2009-03-30,484.0,499.0,477,464
2009-03-31,483.0,497.0,482,473
2009-04-01,481.0,495.0,478,471
2009-04-02,480.0,494.0,479,474
2009-04-03,478.0,493.0,495,464
2009-04-04,479.0,492.0,489,489
2009-04-05,479.0,492.0,490,490
2009-04-06,479.0,493.0,509,493
2009-04-07,479.0,493.0,516,507
2009-04-08,479.0,492.0,520,504
2009-04-09,481.0,492.0,511,503
2009-04-10,482.0,493.0,517,500
2009-04-11,483.0,493.0,503,503
2009-04-12,483.0,493.0,505,505
2009-04-13,483.0,494.0,517,489
2009-04-14,483.0,494.0,501,496
2009-04-15,483.0,493.0,515,505
2009-04-16,483.0,494.0,515,509
2009-04-17,483.0,494.0,521,509
2009-04-18,484.0,494.0,511,511
2009-04-19,485.0,495.0,513,513
2009-04-20,486.0,496.0,533,506
2009-04-21,487.0,497.0,517,511
2009-04-22,488.0,498.0,521,513
2009-04-23,490.0,500.0,537,529
2009-04-24,492.0,503.0,557,507
2009-04-25,494.0,504.0,509,509
2009-04-26,496.0,506.0,512,512
2009-04-27,497.0,508.0,524,497
2009-04-28,499.0,509.0,510,502
2009-04-29,500.0,511.0,522,515
2009-04-30,501.0,513.0,529,492
2009-05-01,502.0,514.0,510,501
2009-05-02,503.0,514.0,504,504
2009-05-03,505.0,515.0,516,516
2009-05-04,505.0,517.0,532,508
2009-05-05,506.0,518.0,522,503
2009-05-06,506.0,518.0,517,502
2009-05-07,505.0,518.0,525,471
2009-05-08,504.0,517.0,491,483
2009-05-09,504.0,517.0,491,491
2009-05-10,504.0,516.0,493,493
2009-05-11,503.0,516.0,510,489
2009-05-12,503.0,516.0,509,499
2009-05-13,503.0,516.0,509,500
2009-05-14,502.0,516.0,512,470
2009-05-15,501.0,515.0,482,476
2009-05-16,500.0,514.0,480,480
2009-05-17,500.0,513.0,485,485
2009-05-18,498.0,512.0,501,459
2009-05-19,496.0,511.0,469,463
2009-05-20,495.0,509.0,477,468
2009-05-21,493.0,508.0,480,450
2009-05-22,491.0,506.0,463,459
2009-05-23,489.0,504.0,466,466
2009-05-24,488.0,501.0,478,478
2009-05-25,487.0,500.0,483,483
2009-05-26,486.0,500.0,508,482
2009-05-27,486.0,500.0,514,497
2009-05-28,486.0,500.0,511,493
2009-05-29,484.0,499.0,505,459
2009-05-30,483.0,497.0,460,460
2009-05-31,482.0,495.0,461,461
2009-06-01,481.0,494.0,479,473
2009-06-02,480.0,494.0,499,489
2009-06-03,480.0,494.0,537,528
2009-06-04,481.0,495.0,546,519
2009-06-05,482.0,495.0,534,526
2009-06-06,484.0,495.0,531,531
2009-06-07,485.0,497.0,534,534
2009-06-08,486.0,499.0,549,511
2009-06-09,487.0,500.0,521,514
2009-06-10,488.0,501.0,551,541
2009-06-11,488.0,503.0,555,491
2009-06-12,488.0,503.0,507,502
2009-06-13,489.0,502.0,504,504
2009-06-14,490.0,503.0,504,504
2009-06-15,491.0,504.0,513,495
2009-06-16,491.0,505.0,506,498
2009-06-17,494.0,506.0,535,528
2009-06-18,495.0,509.0,565,510
2009-06-19,497.0,511.0,531,522
2009-06-20,500.0,513.0,527,527
2009-06-21,502.0,515.0,532,532
2009-06-22,503.0,518.0,548,509
2009-06-23,505.0,519.0,530,527
2009-06-24,506.0,521.0,530,526
2009-06-25,508.0,522.0,531,523
2009-06-26,508.0,522.0,532,512
2009-06-27,509.0,522.0,513,513
2009-06-28,511.0,523.0,513,513
2009-06-29,512.0,524.0,515,504
2009-06-30,514.0,526.0,510,506
2009-07-01,515.0,527.0,509,505
2009-07-02,516.0,528.0,535,527
2009-07-03,516.0,528.0,530,530
2009-07-04,517.0,528.0,541,541
2009-07-05,518.0,528.0,548,548
2009-07-06,518.0,530.0,581,549
2009-07-07,519.0,531.0,568,556
2009-07-08,520.0,532.0,564,552
2009-07-09,521.0,533.0,570,522
2009-07-10,520.0,533.0,546,537
2009-07-11,522.0,533.0,541,541
2009-07-12,523.0,534.0,542,542
2009-07-13,525.0,536.0,559,543
2009-07-14,526.0,537.0,558,548
2009-07-15,528.0,539.0,560,554
2009-07-16,529.0,541.0,565,534
2009-07-17,530.0,542.0,556,550
2009-07-18,531.0,541.0,550,550
2009-07-19,532.0,542.0,550,550
2009-07-20,532.0,543.0,558,519
2009-07-21,532.0,544.0,554,541
2009-07-22,533.0,543.0,545,535
2009-07-23,533.0,544.0,546,516
2009-07-24,533.0,544.0,539,533
2009-07-25,534.0,545.0,538,538
2009-07-26,534.0,545.0,538,538
2009-07-27,535.0,546.0,563,538
2009-07-28,536.0,548.0,552,541
2009-07-29,538.0,549.0,547,541
2009-07-30,538.0,550.0,552,513
2009-07-31,539.0,551.0,534,533
2009-08-01,539.0,551.0,544,544
2009-08-02,540.0,552.0,546,546
2009-08-03,539.0,552.0,558,526
2009-08-04,539.0,552.0,537,530
2009-08-05,538.0,551.0,550,540
2009-08-06,538.0,550.0,546,538
2009-08-07,537.0,550.0,556,520
2009-08-08,537.0,548.0,520,520
2009-08-09,536.0,548.0,523,523
2009-08-10,535.0,547.0,536,517
2009-08-11,535.0,547.0,537,525
2009-08-12,534.0,546.0,535,529
2009-08-13,534.0,546.0,543,535
2009-08-14,534.0,546.0,550,545
2009-08-15,534.0,545.0,547,547
2009-08-16,534.0,545.0,547,547
2009-08-17,533.0,546.0,575,532
2009-08-18,533.0,546.0,552,540
2009-08-19,534.0,545.0,546,539
2009-08-20,534.0,545.0,542,537
2009-08-21,534.0,545.0,563,534
2009-08-22,534.0,545.0,535,535
2009-08-23,534.0,545.0,537,537
2009-08-24,534.0,545.0,549,516
2009-08-25,533.0,545.0,541,534
2009-08-26,533.0,545.0,541,531
2009-08-27,533.0,545.0,562,529
2009-08-28,532.0,545.0,546,533
2009-08-29,533.0,544.0,536,536
2009-08-30,534.0,545.0,550,550
2009-08-31,533.0,546.0,565,527
2009-09-01,533.0,546.0,545,538
2009-09-02,533.0,545.0,544,537
2009-09-03,533.0,546.0,551,526
2009-09-04,533.0,546.0,550,543
2009-09-05,534.0,546.0,549,549
2009-09-06,535.0,546.0,552,552
2009-09-07,536.0,547.0,554,554
2009-09-08,537.0,548.0,565,547
2009-09-09,538.0,549.0,560,550
2009-09-10,538.0,550.0,562,540
2009-09-11,539.0,551.0,563,553
2009-09-12,540.0,551.0,556,556
2009-09-13,540.0,551.0,558,558
2009-09-14,540.0,552.0,577,549
2009-09-15,541.0,553.0,563,554
2009-09-16,540.0,553.0,565,506
2009-09-17,540.0,553.0,552,544
2009-09-18,540.0,553.0,554,551
2009-09-19,541.0,553.0,559,559
2009-09-20,542.0,553.0,563,563
2009-09-21,542.0,555.0,581,540
2009-09-22,542.0,556.0,552,544
2009-09-23,543.0,556.0,551,546
2009-09-24,544.0,574.0,1087,553
2009-09-25,544.0,575.0,579,526
2009-09-26,544.0,574.0,532,532
2009-09-27,544.0,574.0,545,545
2009-09-28,544.0,575.0,552,528
2009-09-29,544.0,574.0,549,537
2009-09-30,544.0,574.0,552,550
2009-10-01,544.0,574.0,556,534
2009-10-02,545.0,575.0,561,557
2009-10-03,546.0,575.0,557,557
2009-10-04,546.0,575.0,557,557
2009-10-05,546.0,576.0,564,553
2009-10-06,547.0,576.0,562,553
2009-10-07,547.0,577.0,565,561
2009-10-08,546.0,577.0,580,526
2009-10-09,546.0,577.0,556,552
2009-10-10,547.0,577.0,557,557
2009-10-11,547.0,577.0,557,557
2009-10-12,547.0,577.0,558,558
2009-10-13,546.0,577.0,577,545
2009-10-14,546.0,576.0,552,549
2009-10-15,546.0,577.0,575,541
2009-10-16,548.0,577.0,563,556
2009-10-17,548.0,577.0,559,559
2009-10-18,548.0,577.0,559,559
2009-10-19,548.0,578.0,568,552
2009-10-20,547.0,577.0,556,539
2009-10-21,548.0,577.0,560,555
2009-10-22,548.0,577.0,576,545
2009-10-23,548.0,578.0,559,552
2009-10-24,548.0,560.0,558,558
2009-10-25,549.0,559.0,558,558
2009-10-26,549.0,561.0,573,528
2009-10-27,549.0,561.0,548,537
2009-10-28,550.0,561.0,556,548
2009-10-29,549.0,561.0,561,515
2009-10-30,549.0,561.0,546,539
2009-10-31,549.0,561.0,539,539
2009-11-01,548.0,560.0,539,539
2009-11-02,547.0,560.0,559,534
2009-11-03,547.0,560.0,547,541
2009-11-04,547.0,559.0,549,545
2009-11-05,546.0,560.0,580,536
2009-11-06,545.0,559.0,551,544
2009-11-07,546.0,558.0,544,544
2009-11-08,546.0,558.0,544,543
2009-11-09,544.0,557.0,552,496
2009-11-10,542.0,556.0,523,514
2009-11-11,541.0,555.0,516,515
2009-11-12,539.0,554.0,558,497
2009-11-13,538.0,553.0,523,515
2009-11-14,537.0,551.0,517,517
2009-11-15,536.0,550.0,521,521
2009-11-16,534.0,549.0,538,506
2009-11-17,533.0,548.0,520,504
2009-11-18,531.0,547.0,530,513
2009-11-19,529.0,546.0,542,479
2009-11-20,527.0,544.0,500,495
2009-11-21,526.0,542.0,509,509
2009-11-22,525.0,540.0,509,509
2009-11-23,522.0,539.0,524,486
2009-11-24,520.0,538.0,513,504
2009-11-25,520.0,536.0,516,509
2009-11-26,519.0,535.0,512,512
2009-11-27,518.0,533.0,520,515
2009-11-28,518.0,532.0,516,516
2009-11-29,517.0,531.0,521,521
2009-11-30,516.0,531.0,541,512
2009-12-01,516.0,531.0,532,522
2009-12-02,515.0,530.0,530,523
2009-12-03,514.0,529.0,530,501
2009-12-04,513.0,529.0,525,518
2009-12-05,513.0,527.0,533,533
2009-12-06,513.0,527.0,537,537
2009-12-07,512.0,527.0,549,526
2009-12-08,512.0,527.0,541,525
2009-12-09,513.0,526.0,534,532
2009-12-10,512.0,526.0,535,493
2009-12-11,512.0,526.0,513,505
2009-12-12,512.0,525.0,507,507
2009-12-13,512.0,524.0,511,511
2009-12-14,511.0,524.0,522,500
2009-12-15,511.0,524.0,521,514
2009-12-16,512.0,524.0,525,519
2009-12-17,511.0,525.0,540,489
2009-12-18,511.0,524.0,500,496
2009-12-19,511.0,522.0,499,499
2009-12-20,512.0,522.0,502,502
2009-12-21,511.0,522.0,514,488
2009-12-22,510.0,522.0,504,498
2009-12-23,511.0,522.0,518,503
2009-12-24,511.0,522.0,517,516
2009-12-25,512.0,522.0,516,516
2009-12-26,512.0,522.0,518,518
2009-12-27,512.0,522.0,518,518
2009-12-28,511.0,523.0,525,486
2009-12-29,510.0,522.0,489,485
2009-12-30,509.0,520.0,488,483
2009-12-31,508.0,518.0,493,491
2010-01-01,507.0,517.0,497,497
2010-01-02,507.0,516.0,497,497
2010-01-03,506.0,515.0,498,498
2010-01-04,504.0,514.0,504,485
2010-01-05,503.0,513.0,497,487
2010-01-06,501.0,511.0,489,484
2010-01-07,499.0,509.0,492,465
2010-01-08,498.0,508.0,480,475
2010-01-09,497.0,506.0,480,480
2010-01-10,496.0,505.0,482,482
2010-01-11,496.0,505.0,502,486
2010-01-12,495.0,504.0,494,482
2010-01-13,494.0,503.0,497,484
2010-01-14,492.0,502.0,491,464
2010-01-15,491.0,501.0,482,469
2010-01-16,490.0,499.0,473,473
2010-01-17,490.0,498.0,479,479
2010-01-18,489.0,497.0,484,484
2010-01-19,488.0,497.0,491,452
2010-01-20,487.0,496.0,470,466
2010-01-21,484.0,494.0,471,427
2010-01-22,482.0,492.0,446,444
2010-01-23,480.0,490.0,446,446
2010-01-24,478.0,487.0,447,447
2010-01-25,476.0,486.0,467,452
2010-01-26,473.0,484.0,459,454
2010-01-27,472.0,482.0,460,448
2010-01-28,470.0,480.0,453,412
2010-01-29,468.0,478.0,423,418
2010-01-30,465.0,476.0,422,422
2010-01-31,463.0,473.0,426,426
2010-02-01,460.0,471.0,434,405
2010-02-02,457.0,469.0,417,405
2010-02-03,454.0,466.0,416,404
2010-02-04,451.0,463.0,409,383
2010-02-05,448.0,460.0,400,397
2010-02-06,446.0,457.0,400,400
2010-02-07,443.0,454.0,406,406
2010-02-08,440.0,452.0,413,389
2010-02-09,437.0,449.0,398,395
2010-02-10,436.0,447.0,449,445
2010-02-11,436.0,447.0,479,471
2010-02-12,435.0,447.0,485,476
2010-02-13,436.0,446.0,483,483
2010-02-14,437.0,446.0,487,487
2010-02-15,437.0,447.0,489,489
2010-02-16,438.0,449.0,537,518
2010-02-17,440.0,451.0,540,533
2010-02-18,441.0,453.0,544,491
2010-02-19,442.0,454.0,501,494
2010-02-20,445.0,454.0,498,498
2010-02-21,447.0,456.0,503,503
2010-02-22,448.0,459.0,518,484
2010-02-23,449.0,461.0,500,495
2010-02-24,451.0,462.0,501,489
2010-02-25,451.0,463.0,502,472
2010-02-26,452.0,464.0,485,482
2010-02-27,455.0,465.0,484,484
2010-02-28,457.0,467.0,493,493
2010-03-01,459.0,470.0,507,472
2010-03-02,461.0,472.0,490,483
2010-03-03,463.0,474.0,492,483
2010-03-04,465.0,477.0,493,463
2010-03-05,468.0,479.0,480,477
2010-03-06,471.0,481.0,479,479
2010-03-07,474.0,484.0,484,484
2010-03-08,477.0,487.0,494,482
2010-03-09,479.0,490.0,495,484
2010-03-10,482.0,493.0,493,486
2010-03-11,485.0,496.0,493,464
2010-03-12,486.0,497.0,491,483
2010-03-13,487.0,498.0,500,500
2010-03-14,488.0,499.0,501,501
2010-03-15,488.0,500.0,513,489
2010-03-16,488.0,500.0,502,490
2010-03-17,489.0,501.0,527,520
2010-03-18,489.0,501.0,527,513
2010-03-19,488.0,501.0,526,515
2010-03-20,489.0,500.0,515,515
2010-03-21,490.0,500.0,515,515
2010-03-22,490.0,501.0,522,500
2010-03-23,490.0,501.0,515,507
2010-03-24,491.0,501.0,516,512
2010-03-25,491.0,502.0,516,493
2010-03-26,492.0,503.0,527,520
2010-03-27,494.0,503.0,520,520
2010-03-28,495.0,505.0,529,529
2010-03-29,497.0,506.0,536,529
2010-03-30,498.0,508.0,541,531
2010-03-31,500.0,509.0,542,537
2010-04-01,502.0,512.0,565,528
2010-04-02,503.0,513.0,544,538
2010-04-03,506.0,515.0,538,538
2010-04-04,508.0,517.0,538,538
2010-04-05,509.0,519.0,553,516
2010-04-06,510.0,520.0,520,516
2010-04-07,512.0,522.0,528,519
2010-04-08,513.0,523.0,526,520
2010-04-09,514.0,524.0,545,515
2010-04-10,516.0,525.0,518,518
2010-04-11,517.0,526.0,519,519
2010-04-12,517.0,527.0,526,506
2010-04-13,517.0,528.0,521,515
2010-04-14,518.0,528.0,522,512
2010-04-15,519.0,529.0,533,515
2010-04-16,519.0,529.0,539,529
2010-04-17,520.0,530.0,534,534
2010-04-18,521.0,530.0,540,540
2010-04-19,521.0,531.0,548,512
2010-04-20,521.0,532.0,528,523
2010-04-21,522.0,532.0,528,521
2010-04-22,522.0,533.0,540,505
2010-04-23,522.0,533.0,520,515
2010-04-24,523.0,533.0,520,520
2010-04-25,523.0,533.0,521,521
2010-04-26,522.0,533.0,527,503
2010-04-27,522.0,533.0,525,519
2010-04-28,521.0,533.0,527,519
2010-04-29,521.0,533.0,542,507
2010-04-30,520.0,532.0,519,508
2010-05-01,519.0,530.0,514,514
2010-05-02,518.0,529.0,518,518
2010-05-03,517.0,529.0,526,501
2010-05-04,516.0,528.0,510,501
2010-05-05,515.0,526.0,505,493
2010-05-06,514.0,526.0,516,487
2010-05-07,514.0,526.0,517,512
2010-05-08,514.0,525.0,515,515
2010-05-09,514.0,524.0,517,517
2010-05-10,514.0,525.0,522,504
2010-05-11,513.0,524.0,510,504
2010-05-12,513.0,524.0,510,502
2010-05-13,511.0,523.0,511,465
2010-05-14,510.0,523.0,495,490
2010-05-15,510.0,521.0,492,492
2010-05-16,509.0,520.0,496,496
2010-05-17,506.0,519.0,504,463
2010-05-18,504.0,517.0,496,483
2010-05-19,503.0,515.0,490,481
2010-05-20,502.0,515.0,504,480
2010-05-21,501.0,514.0,501,501
2010-05-22,501.0,512.0,503,503
2010-05-23,501.0,512.0,509,509
2010-05-24,500.0,512.0,518,486
2010-05-25,499.0,511.0,495,484
2010-05-26,499.0,511.0,531,520
2010-05-27,498.0,511.0,523,483
2010-05-28,497.0,510.0,505,501
2010-05-29,497.0,509.0,511,511
2010-05-30,498.0,509.0,513,513
2010-05-31,498.0,509.0,513,512
2010-06-01,496.0,509.0,517,485
2010-06-02,496.0,508.0,495,487
2010-06-03,495.0,508.0,511,480
2010-06-04,495.0,508.0,493,489
2010-06-05,495.0,507.0,490,490
2010-06-06,495.0,506.0,490,490
2010-06-07,494.0,506.0,503,487
2010-06-08,493.0,505.0,494,485
2010-06-09,492.0,504.0,499,490
2010-06-10,490.0,504.0,494,457
2010-06-11,489.0,502.0,477,471
2010-06-12,490.0,501.0,471,471
2010-06-13,489.0,500.0,476,476
2010-06-14,488.0,500.0,493,464
2010-06-15,488.0,500.0,488,482
2010-06-16,488.0,500.0,490,477
2010-06-17,488.0,500.0,490,468
2010-06-18,488.0,499.0,487,481
2010-06-19,488.0,499.0,491,491
2010-06-20,488.0,499.0,498,498
2010-06-21,487.0,499.0,504,466
2010-06-22,486.0,498.0,477,471
2010-06-23,485.0,497.0,483,466
2010-06-24,484.0,496.0,483,451
2010-06-25,482.0,494.0,462,461
2010-06-26,481.0,492.0,467,467
2010-06-27,480.0,491.0,476,475
2010-06-28,478.0,490.0,480,439
2010-06-29,476.0,489.0,465,456
2010-06-30,474.0,487.0,472,464
2010-07-01,473.0,486.0,472,427
2010-07-02,472.0,485.0,483,477
2010-07-03,472.0,484.0,482,482
2010-07-04,472.0,484.0,483,483
2010-07-05,472.0,484.0,485,485
2010-07-06,472.0,484.0,498,487
2010-07-07,472.0,484.0,494,487
2010-07-08,471.0,484.0,492,464
2010-07-09,471.0,483.0,490,486
2010-07-10,472.0,483.0,493,493
2010-07-11,473.0,484.0,495,495
2010-07-12,473.0,485.0,505,473
2010-07-13,473.0,486.0,487,478
2010-07-14,475.0,486.0,522,514
2010-07-15,475.0,487.0,518,484
2010-07-16,475.0,488.0,493,488
2010-07-17,476.0,488.0,491,491
2010-07-18,476.0,488.0,495,495
2010-07-19,476.0,488.0,500,475
2010-07-20,475.0,488.0,487,482
2010-07-21,476.0,488.0,495,486
2010-07-22,476.0,489.0,509,472
2010-07-23,476.0,488.0,478,478
2010-07-24,477.0,488.0,480,479
2010-07-25,478.0,489.0,481,481
2010-07-26,478.0,490.0,497,457
2010-07-27,477.0,490.0,470,466
2010-07-28,478.0,490.0,474,464
2010-07-29,478.0,490.0,476,447
2010-07-30,478.0,489.0,456,449
2010-07-31,478.0,489.0,454,454
2010-08-01,478.0,488.0,459,459
2010-08-02,479.0,489.0,519,512
2010-08-03,480.0,490.0,514,504
2010-08-04,480.0,491.0,519,511
2010-08-05,480.0,492.0,526,486
2010-08-06,481.0,493.0,508,504
2010-08-07,482.0,493.0,510,510
2010-08-08,483.0,494.0,511,511
2010-08-09,483.0,495.0,518,486
2010-08-10,483.0,495.0,498,496
2010-08-11,484.0,495.0,502,491
2010-08-12,483.0,495.0,500,469
2010-08-13,482.0,494.0,492,486
2010-08-14,483.0,493.0,492,492
2010-08-15,483.0,494.0,497,497
2010-08-16,483.0,494.0,507,489
2010-08-17,483.0,494.0,500,490
2010-08-18,484.0,495.0,507,499
2010-08-19,483.0,495.0,505,475
2010-08-20,484.0,496.0,510,504
2010-08-21,485.0,496.0,508,508
2010-08-22,486.0,497.0,519,519
2010-08-23,487.0,499.0,529,497
2010-08-24,488.0,500.0,509,500
2010-08-25,490.0,500.0,519,511
2010-08-26,490.0,502.0,516,480
2010-08-27,491.0,502.0,495,494
2010-08-28,493.0,503.0,494,494
2010-08-29,494.0,504.0,498,498
2010-08-30,495.0,506.0,506,488
2010-08-31,496.0,507.0,494,486
2010-09-01,496.0,507.0,516,512
2010-09-02,496.0,508.0,540,499
2010-09-03,496.0,508.0,520,515
2010-09-04,497.0,508.0,515,515
2010-09-05,498.0,508.0,515,515
2010-09-06,498.0,508.0,517,517
2010-09-07,498.0,509.0,525,508
2010-09-08,498.0,509.0,513,505
2010-09-09,498.0,509.0,513,492
2010-09-10,499.0,509.0,508,505
2010-09-11,500.0,510.0,510,510
2010-09-12,501.0,510.0,515,515
2010-09-13,501.0,512.0,529,505
2010-09-14,502.0,512.0,516,507
2010-09-15,503.0,513.0,522,516
2010-09-16,504.0,515.0,554,516
2010-09-17,504.0,515.0,528,525
2010-09-18,506.0,516.0,526,526
2010-09-19,507.0,517.0,528,528
2010-09-20,507.0,518.0,550,509
2010-09-21,507.0,518.0,529,521
2010-09-22,508.0,518.0,530,522
2010-09-23,508.0,519.0,532,497
2010-09-24,507.0,519.0,506,502
2010-09-25,508.0,518.0,504,504
2010-09-26,509.0,519.0,516,516
2010-09-27,510.0,520.0,532,515
2010-09-28,510.0,521.0,521,512
2010-09-29,511.0,522.0,521,513
2010-09-30,511.0,523.0,525,495
2010-10-01,511.0,523.0,516,513
2010-10-02,512.0,522.0,517,517
2010-10-03,512.0,522.0,528,528
2010-10-04,512.0,523.0,535,501
2010-10-05,512.0,523.0,523,518
2010-10-06,512.0,523.0,529,523
2010-10-07,512.0,524.0,529,508
2010-10-08,513.0,524.0,526,520
2010-10-09,514.0,524.0,525,525
2010-10-10,514.0,525.0,526,526
2010-10-11,515.0,526.0,528,528
2010-10-12,515.0,526.0,538,522
2010-10-13,516.0,527.0,546,541
2010-10-14,517.0,528.0,554,535
2010-10-15,518.0,529.0,546,532
2010-10-16,519.0,529.0,542,542
2010-10-17,519.0,529.0,546,545
2010-10-18,519.0,530.0,554,519
2010-10-19,520.0,531.0,545,537
2010-10-20,521.0,530.0,546,540
2010-10-21,521.0,532.0,563,521
2010-10-22,521.0,532.0,538,529
2010-10-23,522.0,532.0,532,532
2010-10-24,523.0,533.0,533,533
2010-10-25,524.0,534.0,548,527
2010-10-26,524.0,535.0,535,531
2010-10-27,525.0,535.0,538,529
2010-10-28,525.0,536.0,549,527
2010-10-29,526.0,537.0,538,530
2010-10-30,527.0,537.0,530,530
2010-10-31,528.0,537.0,530,530
2010-11-01,527.0,538.0,545,509
2010-11-02,527.0,538.0,527,520
2010-11-03,528.0,538.0,530,525
2010-11-04,528.0,539.0,541,523
2010-11-05,528.0,539.0,534,523
2010-11-06,529.0,539.0,525,525
2010-11-07,529.0,539.0,527,527
2010-11-08,528.0,539.0,535,503
2010-11-09,528.0,539.0,534,525
2010-11-10,528.0,540.0,555,528
2010-11-11,528.0,540.0,528,528
2010-11-12,528.0,540.0,539,529
2010-11-13,528.0,539.0,531,531
2010-11-14,528.0,538.0,536,536
2010-11-15,527.0,539.0,550,508
2010-11-16,526.0,539.0,541,534
2010-11-17,527.0,538.0,542,539
2010-11-18,527.0,539.0,563,535
2010-11-19,527.0,539.0,546,541
2010-11-20,528.0,538.0,541,541
2010-11-21,528.0,538.0,541,541
2010-11-22,528.0,539.0,551,527
2010-11-23,528.0,540.0,558,533
2010-11-24,528.0,539.0,543,540
2010-11-25,529.0,540.0,540,540
2010-11-26,529.0,540.0,548,546
2010-11-27,530.0,540.0,551,551
2010-11-28,531.0,540.0,552,552
2010-11-29,531.0,542.0,561,527
2010-11-30,531.0,542.0,537,529
2010-12-01,531.0,542.0,543,537
2010-12-02,532.0,542.0,552,527
2010-12-03,532.0,543.0,540,535
2010-12-04,532.0,543.0,536,536
2010-12-05,533.0,543.0,536,536
2010-12-06,533.0,543.0,546,535
2010-12-07,534.0,544.0,549,541
2010-12-08,535.0,545.0,550,544
2010-12-09,536.0,546.0,570,542
2010-12-10,536.0,546.0,547,541
2010-12-11,537.0,546.0,545,545
2010-12-12,537.0,546.0,545,545
2010-12-13,537.0,547.0,552,527
2010-12-14,537.0,547.0,537,528
2010-12-15,537.0,547.0,533,519
2010-12-16,537.0,547.0,552,527
2010-12-17,537.0,547.0,535,530
2010-12-18,537.0,546.0,546,546
2010-12-19,537.0,546.0,546,546
2010-12-20,537.0,547.0,563,538
2010-12-21,537.0,547.0,543,534
2010-12-22,536.0,547.0,563,518
2010-12-23,536.0,546.0,529,525
2010-12-24,536.0,546.0,529,529
2010-12-25,536.0,546.0,534,534
2010-12-26,535.0,545.0,534,534
2010-12-27,534.0,545.0,541,509
2010-12-28,532.0,544.0,515,510
2010-12-29,533.0,543.0,552,530
2010-12-30,533.0,544.0,546,544
2010-12-31,533.0,544.0,544,544
2011-01-01,534.0,544.0,548,548
2011-01-02,534.0,544.0,550,550
2011-01-03,534.0,544.0,553,533
2011-01-04,534.0,545.0,544,535
2011-01-05,534.0,544.0,538,534
2011-01-06,533.0,544.0,544,510
2011-01-07,532.0,543.0,525,516
2011-01-08,532.0,542.0,523,523
2011-01-09,531.0,541.0,528,528
2011-01-10,530.0,541.0,547,514
2011-01-11,530.0,541.0,540,532
2011-01-12,530.0,541.0,535,531
2011-01-13,529.0,541.0,538,512
2011-01-14,530.0,541.0,538,531
2011-01-15,530.0,541.0,545,545
2011-01-16,531.0,541.0,545,545
2011-01-17,531.0,541.0,548,548
2011-01-18,531.0,541.0,556,534
2011-01-19,530.0,540.0,539,533
2011-01-20,530.0,541.0,553,534
2011-01-21,531.0,540.0,550,545
2011-01-22,532.0,541.0,546,546
2011-01-23,533.0,542.0,546,546
2011-01-24,532.0,542.0,557,513
2011-01-25,532.0,542.0,526,522
2011-01-26,532.0,542.0,538,527
2011-01-27,532.0,543.0,549,516
2011-01-28,533.0,543.0,551,542
2011-01-29,533.0,543.0,542,542
2011-01-30,533.0,543.0,542,542
2011-01-31,532.0,543.0,550,534
2011-02-01,532.0,543.0,545,541
2011-02-02,532.0,542.0,543,541
2011-02-03,532.0,542.0,544,522
2011-02-04,532.0,543.0,544,536
2011-02-05,533.0,542.0,540,540
2011-02-06,534.0,543.0,544,544
2011-02-07,533.0,544.0,550,518
2011-02-08,534.0,544.0,540,533
2011-02-09,534.0,544.0,544,532
2011-02-10,534.0,544.0,545,515
2011-02-11,534.0,545.0,552,546
2011-02-12,535.0,545.0,547,547
2011-02-13,536.0,546.0,547,547
2011-02-14,536.0,546.0,566,539
2011-02-15,536.0,547.0,556,552
2011-02-16,536.0,547.0,556,553
2011-02-17,537.0,547.0,556,553
2011-02-18,537.0,549.0,590,545
2011-02-19,538.0,548.0,546,546
2011-02-20,538.0,548.0,546,546
2011-02-21,538.0,548.0,546,546
2011-02-22,537.0,549.0,580,536
2011-02-23,538.0,549.0,546,539
2011-02-24,538.0,550.0,544,525
2011-02-25,539.0,550.0,556,549
2011-02-26,540.0,550.0,549,549
2011-02-27,540.0,550.0,550,550
2011-02-28,540.0,551.0,557,534
2011-03-01,540.0,551.0,552,543
2011-03-02,541.0,551.0,562,554
2011-03-03,540.0,552.0,562,532
2011-03-04,541.0,552.0,551,548
2011-03-05,542.0,552.0,551,551
2011-03-06,542.0,553.0,554,554
2011-03-07,542.0,554.0,565,548
2011-03-08,543.0,554.0,555,549
2011-03-09,544.0,554.0,556,546
2011-03-10,544.0,555.0,564,545
2011-03-11,544.0,555.0,552,548
2011-03-12,546.0,555.0,548,548
2011-03-13,546.0,555.0,549,549
2011-03-14,546.0,556.0,555,545
2011-03-15,546.0,556.0,550,543
2011-03-16,546.0,555.0,548,545
2011-03-17,545.0,555.0,562,530
2011-03-18,545.0,555.0,553,546
2011-03-19,545.0,555.0,547,547
2011-03-20,545.0,554.0,555,555
2011-03-21,544.0,554.0,564,527
2011-03-22,544.0,554.0,550,538
2011-03-23,544.0,555.0,550,536
2011-03-24,543.0,554.0,548,518
2011-03-25,544.0,554.0,557,554
2011-03-26,544.0,554.0,554,552
2011-03-27,545.0,554.0,552,552
2011-03-28,544.0,554.0,562,544
2011-03-29,544.0,555.0,553,547
2011-03-30,545.0,555.0,555,546
2011-03-31,545.0,555.0,573,543
2011-04-01,544.0,555.0,553,546
2011-04-02,545.0,554.0,547,547
2011-04-03,545.0,554.0,549,549
2011-04-04,544.0,555.0,557,522
2011-04-05,543.0,554.0,546,537
2011-04-06,543.0,554.0,553,546
2011-04-07,543.0,555.0,574,547
2011-04-08,543.0,555.0,556,544
2011-04-09,543.0,554.0,549,549
2011-04-10,544.0,554.0,558,558
2011-04-11,544.0,555.0,567,543
2011-04-12,543.0,555.0,552,542
2011-04-13,543.0,555.0,550,541
2011-04-14,542.0,555.0,549,524
2011-04-15,542.0,555.0,549,541
2011-04-16,543.0,554.0,541,541
2011-04-17,543.0,554.0,541,541
2011-04-18,542.0,554.0,555,538
2011-04-19,542.0,553.0,540,535
2011-04-20,542.0,553.0,554,548
2011-04-21,542.0,554.0,572,535
2011-04-22,542.0,554.0,548,545
2011-04-23,543.0,554.0,545,545
2011-04-24,543.0,553.0,545,545
2011-04-25,541.0,553.0,551,492
2011-04-26,541.0,553.0,544,535
2011-04-27,541.0,553.0,557,555
2011-04-28,541.0,553.0,570,542
2011-04-29,541.0,553.0,553,546
2011-04-30,541.0,552.0,546,546
2011-05-01,541.0,552.0,546,546
2011-05-02,541.0,552.0,549,542
2011-05-03,541.0,552.0,557,553
2011-05-04,541.0,552.0,558,516
2011-05-05,540.0,552.0,537,527
2011-05-06,540.0,552.0,551,544
2011-05-07,540.0,551.0,544,544
2011-05-08,540.0,551.0,549,549
2011-05-09,539.0,551.0,559,523
2011-05-10,539.0,551.0,538,532
2011-05-11,538.0,550.0,538,528
2011-05-12,537.0,549.0,535,503
2011-05-13,537.0,549.0,547,539
2011-05-14,537.0,549.0,543,543
2011-05-15,538.0,549.0,549,549
2011-05-16,537.0,549.0,562,518
2011-05-17,536.0,549.0,530,521
2011-05-18,535.0,548.0,528,515
2011-05-19,535.0,548.0,544,534
2011-05-20,535.0,548.0,552,547
2011-05-21,536.0,547.0,548,548
2011-05-22,536.0,547.0,548,548
2011-05-23,535.0,548.0,554,511
2011-05-24,534.0,547.0,524,515
2011-05-25,535.0,546.0,528,520
2011-05-26,534.0,546.0,542,510
2011-05-27,532.0,545.0,517,514
2011-05-28,532.0,543.0,514,514
2011-05-29,531.0,542.0,517,517
2011-05-30,530.0,541.0,520,520
2011-05-31,529.0,541.0,548,516
2011-06-01,528.0,540.0,525,518
2011-06-02,527.0,540.0,537,520
2011-06-03,527.0,539.0,533,527
2011-06-04,527.0,538.0,529,529
2011-06-05,527.0,538.0,535,535
2011-06-06,526.0,538.0,547,528
2011-06-07,526.0,538.0,543,529
2011-06-08,526.0,537.0,535,523
2011-06-09,525.0,537.0,537,518
2011-06-10,525.0,537.0,541,535
2011-06-11,527.0,537.0,539,539
2011-06-12,527.0,537.0,539,539
2011-06-13,526.0,538.0,571,524
2011-06-14,525.0,537.0,536,521
2011-06-15,525.0,536.0,525,517
2011-06-16,525.0,536.0,537,514
2011-06-17,525.0,536.0,523,514
2011-06-18,524.0,535.0,514,514
2011-06-19,523.0,534.0,514,514
2011-06-20,521.0,533.0,524,484
2011-06-21,521.0,533.0,546,539
2011-06-22,522.0,533.0,544,539
2011-06-23,522.0,534.0,548,528
2011-06-24,523.0,534.0,547,540
2011-06-25,524.0,534.0,540,540
2011-06-26,525.0,535.0,542,542
2011-06-27,524.0,536.0,549,511
2011-06-28,526.0,538.0,557,553
2011-06-29,527.0,539.0,557,548
2011-06-30,526.0,539.0,556,500
2011-07-01,526.0,539.0,535,524
2011-07-02,526.0,539.0,524,524
2011-07-03,527.0,539.0,546,546
2011-07-04,528.0,540.0,546,546
2011-07-05,527.0,540.0,553,508
2011-07-06,526.0,540.0,518,511
2011-07-07,525.0,539.0,520,487
2011-07-08,526.0,539.0,550,546
2011-07-09,526.0,540.0,549,548
2011-07-10,527.0,540.0,552,552
2011-07-11,526.0,541.0,563,515
2011-07-12,526.0,541.0,554,542
2011-07-13,527.0,541.0,548,538
2011-07-14,526.0,541.0,558,509
2011-07-15,527.0,542.0,540,534
2011-07-16,528.0,542.0,538,537
2011-07-17,529.0,542.0,540,540
2011-07-18,529.0,544.0,548,524
2011-07-19,529.0,544.0,534,522
2011-07-20,532.0,545.0,562,554
2011-07-21,532.0,546.0,560,555
2011-07-22,532.0,547.0,562,550
2011-07-23,533.0,547.0,552,552
2011-07-24,534.0,547.0,554,554
2011-07-25,532.0,547.0,557,486
2011-07-26,532.0,547.0,537,531
2011-07-27,533.0,547.0,550,541
2011-07-28,531.0,547.0,546,494
2011-07-29,530.0,547.0,548,544
2011-07-30,532.0,546.0,547,547
2011-07-31,533.0,547.0,547,547
2011-08-01,533.0,548.0,553,531
2011-08-02,533.0,548.0,545,538
2011-08-03,533.0,548.0,544,539
2011-08-04,533.0,548.0,557,519
2011-08-05,534.0,549.0,548,533
2011-08-06,535.0,549.0,534,534
2011-08-07,535.0,549.0,536,536
2011-08-08,533.0,549.0,543,500
2011-08-09,532.0,548.0,522,513
2011-08-10,531.0,546.0,520,495
2011-08-11,530.0,545.0,509,495
2011-08-12,529.0,544.0,520,511
2011-08-13,529.0,542.0,515,515
2011-08-14,528.0,541.0,516,516
2011-08-15,527.0,541.0,529,484
2011-08-16,525.0,540.0,497,492
2011-08-17,524.0,538.0,499,495
2011-08-18,524.0,537.0,510,506
2011-08-19,522.0,537.0,543,516
2011-08-20,521.0,535.0,519,519
2011-08-21,520.0,534.0,522,522
2011-08-22,518.0,533.0,530,483
2011-08-23,515.0,531.0,491,482
2011-08-24,516.0,529.0,493,490
2011-08-25,514.0,528.0,501,468
2011-08-26,512.0,526.0,494,487
2011-08-27,512.0,524.0,492,492
2011-08-28,510.0,522.0,496,496
2011-08-29,507.0,521.0,501,466
2011-08-30,505.0,519.0,488,472
2011-08-31,503.0,517.0,483,476
2011-09-01,501.0,515.0,488,477
2011-09-02,499.0,514.0,525,481
2011-09-03,498.0,512.0,487,487
2011-09-04,497.0,510.0,491,491
2011-09-05,496.0,509.0,507,507
2011-09-06,494.0,508.0,520,492
2011-09-07,494.0,507.0,503,488
2011-09-08,493.0,506.0,496,489
2011-09-09,494.0,507.0,546,520
2011-09-10,495.0,507.0,522,522
2011-09-11,495.0,508.0,523,523
2011-09-12,494.0,508.0,535,491
2011-09-13,494.0,508.0,513,508
2011-09-14,495.0,508.0,519,511
2011-09-15,495.0,508.0,513,497
2011-09-16,496.0,509.0,514,509
2011-09-17,496.0,509.0,512,512
2011-09-18,496.0,508.0,512,512
2011-09-19,495.0,508.0,524,509
2011-09-20,495.0,508.0,518,514
2011-09-21,496.0,508.0,523,513
2011-09-22,497.0,509.0,521,516
2011-09-23,498.0,510.0,543,511
2011-09-24,499.0,511.0,513,513
2011-09-25,500.0,512.0,519,519
2011-09-26,501.0,513.0,546,500
2011-09-27,501.0,514.0,512,500
2011-09-28,503.0,515.0,523,516
2011-09-29,504.0,516.0,518,507
2011-09-30,505.0,518.0,541,515
2011-10-01,506.0,519.0,518,518
2011-10-02,508.0,518.0,518,518
2011-10-03,508.0,520.0,523,505
2011-10-04,509.0,520.0,518,509
2011-10-05,509.0,521.0,519,510
2011-10-06,509.0,521.0,514,509
2011-10-07,510.0,522.0,542,515
2011-10-08,511.0,523.0,517,517
2011-10-09,511.0,522.0,519,519
2011-10-10,511.0,522.0,519,518
2011-10-11,510.0,522.0,527,487
2011-10-12,510.0,521.0,503,490
2011-10-13,509.0,520.0,500,493
2011-10-14,509.0,520.0,512,507
2011-10-15,510.0,520.0,513,513
2011-10-16,510.0,520.0,513,513
2011-10-17,510.0,520.0,526,507
2011-10-18,510.0,520.0,509,506
2011-10-19,509.0,520.0,512,506
2011-10-20,509.0,520.0,513,503
2011-10-21,508.0,520.0,530,492
2011-10-22,508.0,519.0,497,497
2011-10-23,507.0,518.0,497,497
2011-10-24,506.0,518.0,527,471
2011-10-25,504.0,517.0,476,470
2011-10-26,503.0,514.0,477,471
2011-10-27,502.0,513.0,476,461
2011-10-28,500.0,512.0,476,466
2011-10-29,499.0,510.0,466,466
2011-10-30,498.0,508.0,479,479
2011-10-31,496.0,507.0,496,478
2011-11-01,495.0,506.0,482,469
2011-11-02,494.0,504.0,473,471
2011-11-03,492.0,503.0,477,473
2011-11-04,491.0,502.0,490,459
2011-11-05,489.0,500.0,459,458
2011-11-06,487.0,497.0,461,461
2011-11-07,484.0,496.0,481,434
2011-11-08,482.0,494.0,450,447
2011-11-09,479.0,492.0,455,431
2011-11-10,479.0,490.0,479,475
2011-11-11,478.0,489.0,480,480
2011-11-12,478.0,489.0,484,484
2011-11-13,478.0,488.0,488,488
2011-11-14,476.0,488.0,498,478
2011-11-15,476.0,487.0,496,487
2011-11-16,475.0,486.0,498,494
2011-11-17,475.0,486.0,510,502
2011-11-18,475.0,487.0,525,498
2011-11-19,474.0,486.0,498,498
2011-11-20,475.0,485.0,503,503
2011-11-21,474.0,486.0,511,485
2011-11-22,474.0,485.0,492,484
2011-11-23,475.0,484.0,492,488
2011-11-24,475.0,485.0,488,488
2011-11-25,476.0,485.0,498,496
2011-11-26,477.0,486.0,497,497
2011-11-27,478.0,487.0,499,499
2011-11-28,479.0,488.0,503,483
2011-11-29,479.0,488.0,491,481
2011-11-30,479.0,488.0,496,489
2011-12-01,480.0,489.0,495,488
2011-12-02,480.0,490.0,505,473
2011-12-03,480.0,490.0,474,474
2011-12-04,481.0,489.0,477,477
2011-12-05,480.0,490.0,480,435
2011-12-06,479.0,490.0,446,437
2011-12-07,481.0,490.0,492,486
2011-12-08,482.0,492.0,495,493
2011-12-09,483.0,493.0,500,464
2011-12-10,483.0,493.0,470,470
2011-12-11,483.0,493.0,475,475
2011-12-12,482.0,493.0,485,460
2011-12-13,482.0,492.0,472,468
2011-12-14,481.0,491.0,473,463
2011-12-15,480.0,490.0,471,466
2011-12-16,479.0,490.0,487,444
2011-12-17,477.0,488.0,446,446
2011-12-18,475.0,485.0,446,446
2011-12-19,472.0,484.0,457,396
2011-12-20,469.0,482.0,435,428
2011-12-21,466.0,479.0,435,401
2011-12-22,464.0,476.0,415,407
2011-12-23,461.0,474.0,419,412
2011-12-24,459.0,472.0,420,420
2011-12-25,457.0,469.0,420,420
2011-12-26,454.0,467.0,420,420
2011-12-27,451.0,464.0,427,421
2011-12-28,450.0,462.0,437,428
2011-12-29,448.0,460.0,430,426
2011-12-30,446.0,458.0,441,438
2011-12-31,444.0,456.0,439,439
2012-01-01,444.0,454.0,446,446
2012-01-02,443.0,454.0,449,449
2012-01-03,441.0,453.0,452,426
2012-01-04,440.0,451.0,430,420
2012-01-05,440.0,451.0,434,424
2012-01-06,437.0,449.0,430,400
2012-01-07,434.0,445.0,403,403
2012-01-08,432.0,442.0,404,404
2012-01-09,429.0,440.0,416,386
2012-01-10,426.0,438.0,386,380
2012-01-11,424.0,434.0,392,386
2012-01-12,421.0,432.0,400,389
2012-01-13,418.0,429.0,395,361
2012-01-14,414.0,426.0,365,365
2012-01-15,412.0,422.0,369,369
2012-01-16,409.0,419.0,369,369
2012-01-17,407.0,417.0,375,372
2012-01-18,406.0,414.0,377,359
2012-01-19,404.0,412.0,376,372
2012-01-20,403.0,411.0,380,373
2012-01-21,402.0,409.0,377,377
2012-01-22,401.0,408.0,381,381
2012-01-23,398.0,407.0,386,352
2012-01-24,396.0,405.0,356,347
2012-01-25,394.0,403.0,354,345
2012-01-26,391.0,400.0,354,351
2012-01-27,389.0,398.0,362,360
2012-01-28,387.0,395.0,361,361
2012-01-29,384.0,393.0,365,365
2012-01-30,382.0,391.0,382,367
2012-01-31,379.0,388.0,370,364
2012-02-01,376.0,386.0,367,363
2012-02-02,374.0,383.0,375,369
2012-02-03,373.0,381.0,383,377
2012-02-04,371.0,380.0,377,377
2012-02-05,371.0,378.0,378,378
2012-02-06,369.0,378.0,397,353
2012-02-07,368.0,376.0,366,360
2012-02-08,367.0,375.0,368,365
2012-02-09,366.0,374.0,369,364
2012-02-10,366.0,374.0,377,360
2012-02-11,365.0,372.0,361,361
2012-02-12,365.0,372.0,370,370
2012-02-13,365.0,372.0,392,380
2012-02-14,366.0,373.0,391,377
2012-02-15,366.0,374.0,381,378
2012-02-16,367.0,374.0,399,392
2012-02-17,367.0,375.0,406,382
2012-02-18,368.0,376.0,383,383
2012-02-19,368.0,376.0,385,385
2012-02-20,368.0,376.0,385,385
2012-02-21,369.0,376.0,391,385
2012-02-22,369.0,377.0,399,379
2012-02-23,371.0,378.0,393,388
2012-02-24,372.0,379.0,394,381
2012-02-25,373.0,380.0,385,385
2012-02-26,374.0,381.0,385,385
2012-02-27,374.0,382.0,390,370
2012-02-28,374.0,383.0,380,371
2012-02-29,375.0,383.0,385,378
2012-03-01,375.0,383.0,384,378
2012-03-02,375.0,384.0,384,363
2012-03-03,375.0,383.0,365,365
2012-03-04,375.0,383.0,372,372
2012-03-05,374.0,383.0,383,356
2012-03-06,374.0,383.0,365,357
2012-03-07,374.0,382.0,367,358
2012-03-08,374.0,382.0,374,373
2012-03-09,375.0,383.0,385,382
2012-03-10,376.0,383.0,391,391
2012-03-11,377.0,384.0,396,396
2012-03-12,377.0,385.0,404,378
2012-03-13,378.0,386.0,385,379
2012-03-14,378.0,386.0,395,390
2012-03-15,379.0,386.0,397,394
2012-03-16,379.0,387.0,411,396
2012-03-17,380.0,387.0,404,404
2012-03-18,380.0,387.0,407,407
2012-03-19,381.0,388.0,412,385
2012-03-20,381.0,389.0,392,387
2012-03-21,381.0,389.0,402,396
2012-03-22,381.0,390.0,401,399
2012-03-23,381.0,390.0,411,380
2012-03-24,381.0,390.0,382,381
2012-03-25,381.0,389.0,386,386
2012-03-26,381.0,390.0,409,375
2012-03-27,381.0,390.0,381,375
2012-03-28,381.0,390.0,393,392
2012-03-29,382.0,391.0,403,395
2012-03-30,383.0,391.0,400,393
2012-03-31,383.0,392.0,393,393
2012-04-01,385.0,392.0,406,406
2012-04-02,385.0,394.0,410,377
2012-04-03,385.0,394.0,381,371
2012-04-04,386.0,394.0,387,379
2012-04-05,386.0,395.0,383,375
2012-04-06,387.0,395.0,383,362
2012-04-07,386.0,395.0,364,364
2012-04-08,386.0,394.0,364,364
2012-04-09,384.0,394.0,369,349
2012-04-10,383.0,392.0,355,352
2012-04-11,383.0,391.0,373,370
2012-04-12,382.0,391.0,373,369
2012-04-13,382.0,391.0,388,374
2012-04-14,381.0,390.0,376,376
2012-04-15,380.0,389.0,378,378
2012-04-16,379.0,388.0,387,364
2012-04-17,381.0,390.0,467,461
2012-04-18,384.0,392.0,472,469
2012-04-19,387.0,395.0,479,471
2012-04-20,389.0,398.0,481,477
2012-04-21,392.0,400.0,478,477
2012-04-22,395.0,403.0,481,481
2012-04-23,396.0,406.0,484,407
2012-04-24,400.0,410.0,502,493
2012-04-25,404.0,413.0,508,504
2012-04-26,409.0,418.0,524,517
2012-04-27,413.0,423.0,529,515
2012-04-28,417.0,426.0,515,515
2012-04-29,421.0,430.0,515,515
2012-04-30,423.0,434.0,523,448
2012-05-01,424.0,436.0,463,458
2012-05-02,427.0,438.0,460,458
2012-05-03,430.0,441.0,474,465
2012-05-04,433.0,444.0,476,469
2012-05-05,436.0,447.0,471,471
2012-05-06,440.0,450.0,475,475
2012-05-07,444.0,454.0,480,465
2012-05-08,445.0,458.0,475,405
2012-05-09,447.0,460.0,428,413
2012-05-10,449.0,462.0,417,412
2012-05-11,452.0,465.0,471,453
2012-05-12,455.0,468.0,455,455
2012-05-13,457.0,470.0,456,456
2012-05-14,460.0,473.0,464,460
2012-05-15,463.0,476.0,465,457
2012-05-16,465.0,479.0,476,423
2012-05-17,464.0,478.0,433,427
2012-05-18,462.0,477.0,444,426
2012-05-19,461.0,475.0,432,432
2012-05-20,460.0,474.0,436,436
2012-05-21,456.0,473.0,447,379
2012-05-22,453.0,470.0,390,378
2012-05-23,452.0,467.0,398,388
2012-05-24,449.0,464.0,408,399
2012-05-25,448.0,462.0,471,462
2012-05-26,446.0,460.0,466,466
2012-05-27,444.0,458.0,469,469
2012-05-28,443.0,457.0,477,477
2012-05-29,441.0,456.0,485,454
2012-05-30,441.0,454.0,463,448
2012-05-31,441.0,454.0,473,466
2012-06-01,442.0,455.0,482,466
2012-06-02,442.0,455.0,469,469
2012-06-03,442.0,455.0,471,471
2012-06-04,442.0,455.0,475,469
2012-06-05,443.0,458.0,552,517
2012-06-06,445.0,459.0,522,507
2012-06-07,448.0,460.0,513,507
2012-06-08,451.0,464.0,534,512
2012-06-09,455.0,467.0,512,512
2012-06-10,457.0,468.0,512,512
2012-06-11,459.0,470.0,519,516
2012-06-12,461.0,473.0,521,514
2012-06-13,462.0,477.0,590,506
2012-06-14,464.0,479.0,522,515
2012-06-15,467.0,480.0,525,508
2012-06-16,470.0,483.0,512,512
2012-06-17,473.0,485.0,516,516
2012-06-18,476.0,488.0,522,515
2012-06-19,476.0,491.0,519,463
2012-06-20,480.0,493.0,489,484
2012-06-21,484.0,496.0,500,493
2012-06-22,487.0,500.0,499,493
2012-06-23,490.0,502.0,494,494
2012-06-24,492.0,503.0,501,501
2012-06-25,492.0,507.0,565,484
2012-06-26,493.0,507.0,490,480
2012-06-27,493.0,508.0,495,488
2012-06-28,494.0,509.0,499,491
2012-06-29,496.0,510.0,514,500
2012-06-30,497.0,511.0,501,501
2012-07-01,498.0,512.0,501,501
2012-07-02,498.0,513.0,513,448
2012-07-03,497.0,513.0,461,454
2012-07-04,497.0,512.0,454,454
2012-07-05,495.0,509.0,462,457
2012-07-06,493.0,507.0,469,449
2012-07-07,491.0,506.0,454,454
2012-07-08,489.0,503.0,463,462
2012-07-09,489.0,504.0,544,491
2012-07-10,488.0,504.0,497,486
2012-07-11,487.0,503.0,491,483
2012-07-12,485.0,502.0,488,481
2012-07-13,486.0,499.0,520,514
2012-07-14,486.0,499.0,519,519
2012-07-15,486.0,499.0,523,523
2012-07-16,485.0,500.0,527,469
2012-07-17,483.0,498.0,479,472
2012-07-18,482.0,497.0,480,478
2012-07-19,483.0,496.0,481,477
2012-07-20,482.0,496.0,485,460
2012-07-21,481.0,494.0,461,461
2012-07-22,480.0,493.0,465,459
2012-07-23,479.0,493.0,478,473
2012-07-24,478.0,492.0,483,473
2012-07-25,478.0,492.0,556,472
2012-07-26,478.0,491.0,481,478
2012-07-27,478.0,491.0,492,485
2012-07-28,477.0,491.0,487,485
2012-07-29,477.0,490.0,494,494
2012-07-30,476.0,490.0,497,482
2012-07-31,476.0,490.0,496,490
2012-08-01,477.0,489.0,494,487
2012-08-02,479.0,491.0,517,515
2012-08-03,481.0,494.0,523,492
2012-08-04,482.0,495.0,492,492
2012-08-05,483.0,495.0,495,492
2012-08-06,483.0,499.0,564,459
2012-08-07,483.0,499.0,463,457
2012-08-08,482.0,496.0,460,457
2012-08-09,482.0,495.0,473,467
2012-08-10,481.0,495.0,473,456
2012-08-11,480.0,494.0,460,458
2012-08-12,478.0,492.0,463,463
2012-08-13,476.0,490.0,468,465
2012-08-14,473.0,489.0,469,420
2012-08-15,472.0,485.0,429,426
2012-08-16,470.0,484.0,444,442
2012-08-17,472.0,485.0,521,509
2012-08-18,473.0,487.0,516,513
2012-08-19,475.0,488.0,514,514
2012-08-20,476.0,490.0,524,513
2012-08-21,476.0,492.0,520,460
2012-08-22,476.0,491.0,472,471
2012-08-23,476.0,491.0,475,471
2012-08-24,475.0,488.0,479,446
2012-08-25,474.0,487.0,446,446
2012-08-26,473.0,486.0,454,454
2012-08-27,472.0,485.0,458,450
2012-08-28,471.0,484.0,469,462
2012-08-29,470.0,483.0,469,466
2012-08-30,469.0,483.0,473,459
2012-08-31,468.0,482.0,468,459
2012-09-01,467.0,480.0,459,459
2012-09-02,466.0,478.0,463,463
2012-09-03,465.0,477.0,471,466
2012-09-04,461.0,476.0,472,376
2012-09-05,458.0,470.0,384,381
2012-09-06,456.0,468.0,396,387
2012-09-07,454.0,466.0,401,391
2012-09-08,451.0,463.0,391,391
2012-09-09,449.0,461.0,402,402
2012-09-10,447.0,459.0,408,399
2012-09-11,445.0,457.0,406,403
2012-09-12,443.0,455.0,409,403
2012-09-13,443.0,454.0,418,408
2012-09-14,445.0,456.0,498,487
2012-09-15,447.0,458.0,492,492
2012-09-16,446.0,457.0,498,498
2012-09-17,446.0,457.0,514,507
2012-09-18,445.0,457.0,517,484
2012-09-19,444.0,456.0,492,484
2012-09-20,445.0,455.0,497,485
2012-09-21,445.0,456.0,501,478
2012-09-22,446.0,456.0,481,481
2012-09-23,447.0,456.0,484,484
2012-09-24,448.0,458.0,489,482
2012-09-25,448.0,459.0,495,447
2012-09-26,448.0,459.0,453,451
2012-09-27,449.0,460.0,511,498
2012-09-28,450.0,462.0,509,504
2012-09-29,452.0,463.0,508,506
2012-09-30,454.0,464.0,509,509
2012-10-01,455.0,466.0,516,493
2012-10-02,456.0,467.0,501,493
2012-10-03,457.0,469.0,505,499
2012-10-04,461.0,470.0,507,501
2012-10-05,465.0,474.0,511,499
2012-10-06,469.0,477.0,499,499
2012-10-07,472.0,481.0,509,503
2012-10-08,476.0,485.0,503,503
2012-10-09,478.0,488.0,512,473
2012-10-10,481.0,491.0,492,477
2012-10-11,483.0,494.0,478,473
2012-10-12,485.0,496.0,479,461
2012-10-13,487.0,497.0,461,461
2012-10-14,487.0,497.0,480,479
2012-10-15,486.0,497.0,488,468
2012-10-16,485.0,496.0,479,471
2012-10-17,484.0,495.0,481,474
2012-10-18,483.0,494.0,479,460
2012-10-19,483.0,493.0,483,464
2012-10-20,482.0,492.0,466,466
2012-10-21,482.0,491.0,472,471
2012-10-22,481.0,491.0,477,472
2012-10-23,479.0,491.0,483,427
2012-10-24,478.0,489.0,435,427
2012-10-25,477.0,487.0,435,427
2012-10-26,476.0,487.0,442,426
2012-10-27,474.0,484.0,426,426
2012-10-28,471.0,482.0,430,430
2012-10-29,469.0,480.0,456,448
2012-10-30,467.0,478.0,455,453
2012-10-31,467.0,478.0,505,471
2012-11-01,466.0,477.0,473,458
2012-11-02,464.0,475.0,467,446
2012-11-03,462.0,473.0,446,446
2012-11-04,460.0,471.0,453,450
2012-11-05,458.0,470.0,458,416
2012-11-06,455.0,467.0,424,417
2012-11-07,452.0,465.0,424,419
2012-11-08,450.0,462.0,421,417
2012-11-09,448.0,460.0,431,418
2012-11-10,446.0,458.0,418,418
2012-11-11,445.0,456.0,428,426
2012-11-12,444.0,455.0,430,429
2012-11-13,442.0,455.0,475,423
2012-11-14,440.0,453.0,429,419
2012-11-15,439.0,451.0,423,418
2012-11-16,437.0,449.0,430,419
2012-11-17,436.0,447.0,419,419
2012-11-18,434.0,445.0,421,416
2012-11-19,432.0,444.0,420,414
2012-11-20,429.0,442.0,423,387
2012-11-21,427.0,439.0,397,396
2012-11-22,426.0,436.0,399,397
2012-11-23,425.0,435.0,405,403
2012-11-24,424.0,434.0,403,403
2012-11-25,424.0,433.0,407,407
2012-11-26,421.0,433.0,414,356
2012-11-27,420.0,431.0,386,382
2012-11-28,417.0,429.0,386,378
2012-11-29,415.0,427.0,383,377
2012-11-30,414.0,425.0,461,445
2012-12-01,414.0,424.0,445,445
2012-12-02,414.0,424.0,449,446
2012-12-03,413.0,424.0,451,437
2012-12-04,413.0,423.0,442,441
2012-12-05,414.0,423.0,445,440
2012-12-06,415.0,424.0,455,455
2012-12-07,418.0,428.0,535,519
2012-12-08,422.0,431.0,519,519
2012-12-09,425.0,434.0,524,523
2012-12-10,429.0,438.0,534,525
2012-12-11,432.0,441.0,530,523
2012-12-12,433.0,445.0,537,453
2012-12-13,434.0,445.0,468,464
2012-12-14,436.0,446.0,474,467
2012-12-15,437.0,448.0,467,467
2012-12-16,439.0,449.0,470,470
2012-12-17,441.0,451.0,476,468
2012-12-18,443.0,453.0,492,485
2012-12-19,443.0,456.0,491,414
2012-12-20,444.0,456.0,423,417
2012-12-21,447.0,459.0,500,480
2012-12-22,450.0,462.0,481,481
2012-12-23,452.0,464.0,487,482
2012-12-24,455.0,467.0,487,487
2012-12-25,458.0,470.0,489,489
2012-12-26,460.0,473.0,489,418
2012-12-27,461.0,474.0,423,420
2012-12-28,462.0,475.0,431,412
2012-12-29,463.0,476.0,412,412
2012-12-30,463.0,475.0,419,419
2012-12-31,462.0,474.0,422,419
2013-01-01,461.0,473.0,421,421
2013-01-02,461.0,472.0,431,429
2013-01-03,460.0,472.0,432,423
2013-01-04,462.0,474.0,512,501
2013-01-05,464.0,476.0,501,501
2013-01-06,463.0,475.0,504,503
2013-01-07,462.0,474.0,507,493
2013-01-08,461.0,474.0,500,491
2013-01-09,460.0,473.0,502,495
2013-01-10,459.0,471.0,496,486
2013-01-11,460.0,470.0,494,484
2013-01-12,461.0,471.0,484,484
2013-01-13,461.0,471.0,487,486
2013-01-14,460.0,472.0,493,441
2013-01-15,459.0,471.0,447,442
2013-01-16,459.0,470.0,449,444
2013-01-17,459.0,471.0,511,489
2013-01-18,461.0,471.0,496,482
2013-01-19,463.0,473.0,482,482
2013-01-20,464.0,473.0,490,490
2013-01-21,464.0,473.0,490,490
2013-01-22,464.0,473.0,499,496
2013-01-23,464.0,474.0,503,466
2013-01-24,463.0,473.0,472,471
2013-01-25,465.0,473.0,481,478
2013-01-26,467.0,475.0,478,478
2013-01-27,469.0,477.0,487,485
2013-01-28,469.0,479.0,485,404
2013-01-29,470.0,481.0,468,454
2013-01-30,471.0,482.0,458,454
2013-01-31,473.0,484.0,470,465
2013-02-01,474.0,485.0,474,466
2013-02-02,476.0,486.0,468,468
2013-02-03,475.0,485.0,468,468
2013-02-04,471.0,484.0,471,386
2013-02-05,467.0,480.0,389,385
2013-02-06,464.0,476.0,398,397
2013-02-07,461.0,473.0,411,407
2013-02-08,457.0,470.0,416,392
2013-02-09,454.0,467.0,392,392
2013-02-10,451.0,464.0,395,395
2013-02-11,447.0,461.0,405,352
2013-02-12,442.0,457.0,357,352
2013-02-13,439.0,452.0,361,354
2013-02-14,436.0,450.0,362,352
2013-02-15,434.0,446.0,356,356
2013-02-16,429.0,441.0,356,356
2013-02-17,425.0,437.0,358,353
2013-02-18,420.0,432.0,354,353
2013-02-19,416.0,428.0,362,355
2013-02-20,411.0,424.0,355,326
2013-02-21,405.0,418.0,330,328
2013-02-22,401.0,414.0,373,360
2013-02-23,398.0,410.0,360,360
2013-02-24,394.0,406.0,361,357
2013-02-25,390.0,403.0,392,358
2013-02-26,387.0,400.0,399,391
2013-02-27,386.0,397.0,395,391
2013-02-28,384.0,395.0,395,389
2013-03-01,382.0,393.0,399,390
2013-03-02,379.0,390.0,390,390
2013-03-03,377.0,387.0,390,387
2013-03-04,373.0,385.0,389,355
2013-03-05,369.0,381.0,357,356
2013-03-06,368.0,377.0,361,358
2013-03-07,367.0,376.0,361,358
2013-03-08,366.0,376.0,374,344
2013-03-09,364.0,373.0,347,347
2013-03-10,362.0,371.0,347,347
2013-03-11,361.0,370.0,357,346
2013-03-12,362.0,371.0,430,426
2013-03-13,364.0,372.0,430,425
2013-03-14,366.0,374.0,431,425
2013-03-15,369.0,377.0,440,436
2013-03-16,372.0,380.0,436,436
2013-03-17,375.0,382.0,441,441
2013-03-18,378.0,386.0,454,440
2013-03-19,378.0,388.0,444,380
2013-03-20,379.0,390.0,386,379
2013-03-21,380.0,390.0,384,383
2013-03-22,383.0,392.0,404,398
2013-03-23,385.0,394.0,398,398
2013-03-24,386.0,395.0,402,402
2013-03-25,386.0,397.0,408,350
2013-03-26,386.0,397.0,357,352
2013-03-27,390.0,400.0,488,476
2013-03-28,393.0,403.0,484,478
2013-03-29,396.0,406.0,492,489
2013-03-30,399.0,409.0,490,490
2013-03-31,403.0,412.0,498,498
2013-04-01,406.0,416.0,507,483
2013-04-02,409.0,419.0,486,473
2013-04-03,413.0,422.0,480,476
2013-04-04,417.0,427.0,484,481
2013-04-05,421.0,431.0,491,484
2013-04-06,426.0,435.0,486,486
2013-04-07,430.0,439.0,490,490
2013-04-08,433.0,444.0,499,414
2013-04-09,438.0,450.0,524,520
2013-04-10,444.0,456.0,523,499
2013-04-11,446.0,458.0,504,501
2013-04-12,449.0,461.0,520,517
2013-04-13,452.0,464.0,517,517
2013-04-14,455.0,466.0,518,518
2013-04-15,458.0,470.0,529,514
2013-04-16,458.0,472.0,527,468
2013-04-17,459.0,473.0,470,464
2013-04-18,464.0,476.0,527,515
2013-04-19,468.0,480.0,525,513
2013-04-20,473.0,485.0,513,513
2013-04-21,477.0,489.0,521,520
2013-04-22,481.0,493.0,525,515
2013-04-23,484.0,498.0,545,500
2013-04-24,489.0,501.0,502,493
2013-04-25,493.0,505.0,498,488
2013-04-26,494.0,506.0,504,491
2013-04-27,494.0,506.0,491,491
2013-04-28,494.0,506.0,491,491
2013-04-29,494.0,507.0,501,494
2013-04-30,494.0,507.0,500,485
2013-05-01,491.0,506.0,491,413
2013-05-02,490.0,504.0,424,414
2013-05-03,488.0,502.0,422,420
2013-05-04,486.0,500.0,420,420
2013-05-05,483.0,498.0,420,420
2013-05-06,479.0,496.0,432,350
2013-05-07,474.0,491.0,358,345
2013-05-08,472.0,486.0,350,346
2013-05-09,468.0,482.0,403,394
2013-05-10,464.0,479.0,408,390
2013-05-11,460.0,475.0,390,390
2013-05-12,456.0,470.0,390,390
2013-05-13,452.0,466.0,400,389
2013-05-14,450.0,465.0,470,460
2013-05-15,448.0,463.0,470,458
2013-05-16,448.0,461.0,461,460
2013-05-17,448.0,461.0,483,482
2013-05-18,447.0,460.0,482,482
2013-05-19,446.0,458.0,484,481
2013-05-20,444.0,457.0,488,462
2013-05-21,443.0,456.0,466,464
2013-05-22,441.0,454.0,475,470
2013-05-23,440.0,452.0,477,470
2013-05-24,440.0,451.0,486,486
2013-05-25,440.0,451.0,486,486
2013-05-26,440.0,450.0,487,487
2013-05-27,440.0,450.0,490,490
2013-05-28,440.0,450.0,499,489
2013-05-29,439.0,450.0,492,467
2013-05-30,438.0,449.0,472,469
2013-05-31,440.0,449.0,482,459
2013-06-01,441.0,450.0,460,460
2013-06-02,443.0,452.0,467,465
2013-06-03,443.0,453.0,473,443
2013-06-04,444.0,454.0,447,439
2013-06-05,445.0,455.0,447,387
2013-06-06,446.0,456.0,389,367
2013-06-07,447.0,457.0,378,365
2013-06-08,446.0,455.0,365,365
2013-06-09,445.0,454.0,365,364
2013-06-10,444.0,453.0,369,363
2013-06-11,443.0,453.0,369,368
2013-06-12,442.0,452.0,372,348
2013-06-13,437.0,448.0,353,316
2013-06-14,432.0,443.0,327,316
2013-06-15,428.0,438.0,316,316
2013-06-16,422.0,433.0,316,316
2013-06-17,417.0,427.0,327,322
2013-06-18,411.0,422.0,329,321
2013-06-19,407.0,417.0,325,322
2013-06-20,402.0,412.0,328,325
2013-06-21,397.0,408.0,335,329
2013-06-22,393.0,403.0,329,329
2013-06-23,387.0,397.0,329,329
2013-06-24,382.0,392.0,332,316
2013-06-25,376.0,387.0,321,316
2013-06-26,370.0,381.0,321,316
2013-06-27,365.0,375.0,321,319
2013-06-28,360.0,370.0,332,330
2013-06-29,355.0,365.0,331,331
2013-06-30,351.0,360.0,333,333
2013-07-01,346.0,356.0,338,312
2013-07-02,341.0,351.0,314,310
2013-07-03,337.0,346.0,317,315
2013-07-04,333.0,341.0,315,315
2013-07-05,330.0,337.0,323,320
2013-07-06,329.0,335.0,321,321
2013-07-07,328.0,333.0,322,322
2013-07-08,326.0,332.0,329,315
2013-07-09,324.0,331.0,322,319
2013-07-10,322.0,329.0,324,303
2013-07-11,320.0,327.0,305,303
2013-07-12,319.0,325.0,307,304
2013-07-13,318.0,323.0,304,304
2013-07-14,318.0,323.0,311,311
2013-07-15,318.0,323.0,319,305
2013-07-16,317.0,322.0,307,302
2013-07-17,316.0,322.0,305,294
2013-07-18,316.0,321.0,300,299
2013-07-19,315.0,320.0,304,303
2013-07-20,314.0,319.0,303,303
2013-07-21,313.0,318.0,305,302
2013-07-22,311.0,317.0,303,270
2013-07-23,310.0,315.0,274,273
2013-07-24,308.0,314.0,285,278
2013-07-25,308.0,313.0,299,295
2013-07-26,307.0,312.0,299,298
2013-07-27,306.0,312.0,298,298
2013-07-28,306.0,311.0,307,307
2013-07-29,305.0,310.0,313,304
2013-07-30,303.0,309.0,309,298
2013-07-31,303.0,308.0,303,295
2013-08-01,304.0,310.0,368,359
2013-08-02,306.0,312.0,365,364
2013-08-03,308.0,313.0,364,364
2013-08-04,309.0,315.0,371,371
2013-08-05,311.0,317.0,378,357
2013-08-06,312.0,318.0,363,360
2013-08-07,313.0,319.0,365,357
2013-08-08,315.0,321.0,366,358
2013-08-09,317.0,323.0,382,379
2013-08-10,320.0,325.0,379,379
2013-08-11,322.0,328.0,380,378
2013-08-12,325.0,331.0,391,385
2013-08-13,327.0,333.0,388,369
2013-08-14,329.0,335.0,380,370
2013-08-15,333.0,340.0,453,412
2013-08-16,337.0,344.0,424,421
2013-08-17,341.0,348.0,422,422
2013-08-18,345.0,352.0,424,419
2013-08-19,348.0,356.0,423,400
2013-08-20,351.0,360.0,411,386
2013-08-21,354.0,362.0,390,379
2013-08-22,358.0,366.0,386,367
2013-08-23,361.0,369.0,377,369
2013-08-24,363.0,372.0,369,369
2013-08-25,366.0,374.0,370,370
2013-08-26,367.0,377.0,378,338
2013-08-27,368.0,378.0,345,335
2013-08-28,369.0,379.0,352,339
2013-08-29,370.0,380.0,345,339
2013-08-30,372.0,382.0,357,352
2013-08-31,372.0,382.0,353,353
2013-09-01,372.0,381.0,353,353
2013-09-02,372.0,381.0,362,362
2013-09-03,371.0,381.0,372,356
2013-09-04,370.0,381.0,356,326
2013-09-05,370.0,381.0,370,360
2013-09-06,370.0,381.0,374,360
2013-09-07,370.0,381.0,360,360
2013-09-08,370.0,381.0,382,382
2013-09-09,370.0,381.0,392,373
2013-09-10,371.0,383.0,429,418
2013-09-11,373.0,384.0,427,418
2013-09-12,374.0,385.0,426,404
2013-09-13,375.0,387.0,427,418
2013-09-14,376.0,386.0,421,421
2013-09-15,376.0,386.0,422,422
2013-09-16,375.0,386.0,427,406
2013-09-17,374.0,386.0,412,376
2013-09-18,373.0,384.0,387,371
2013-09-19,372.0,383.0,379,373
2013-09-20,372.0,383.0,385,375
2013-09-21,372.0,383.0,375,375
2013-09-22,373.0,383.0,379,379
2013-09-23,371.0,383.0,385,328
2013-09-24,369.0,382.0,341,308
2013-09-25,369.0,381.0,345,337
2013-09-26,369.0,381.0,348,339
2013-09-27,370.0,381.0,353,350
2013-09-28,370.0,382.0,350,350
2013-09-29,370.0,382.0,354,354
2013-09-30,371.0,382.0,369,364
2013-10-01,370.0,382.0,355,344
2013-10-02,370.0,382.0,348,347
2013-10-03,370.0,381.0,357,347
2013-10-04,371.0,382.0,367,361
2013-10-05,371.0,381.0,361,361
2013-10-06,371.0,381.0,364,364
2013-10-07,369.0,381.0,368,317
2013-10-08,368.0,380.0,334,326
2013-10-09,366.0,378.0,333,325
2013-10-10,363.0,374.0,335,328
2013-10-11,363.0,374.0,423,412
2013-10-12,363.0,374.0,414,414
2013-10-13,363.0,374.0,419,419
2013-10-14,363.0,374.0,422,422
2013-10-15,363.0,374.0,432,420
2013-10-16,363.0,374.0,429,401
2013-10-17,364.0,374.0,411,407
2013-10-18,366.0,376.0,433,421
2013-10-19,367.0,377.0,421,421
2013-10-20,369.0,378.0,427,427
2013-10-21,370.0,380.0,431,398
2013-10-22,370.0,381.0,410,397
2013-10-23,372.0,382.0,402,393
2013-10-24,378.0,386.0,480,460
2013-10-25,382.0,391.0,487,475
2013-10-26,387.0,395.0,475,475
2013-10-27,391.0,400.0,484,484
2013-10-28,395.0,404.0,489,455
2013-10-29,398.0,408.0,462,454
2013-10-30,401.0,411.0,456,449
2013-10-31,404.0,414.0,455,449
2013-11-01,408.0,418.0,463,451
2013-11-02,411.0,421.0,451,451
2013-11-03,414.0,424.0,458,458
2013-11-04,417.0,428.0,473,435
2013-11-05,419.0,431.0,445,432
2013-11-06,422.0,433.0,439,408
2013-11-07,425.0,436.0,416,404
2013-11-08,428.0,439.0,417,408
2013-11-09,430.0,441.0,408,408
2013-11-10,430.0,441.0,409,409
2013-11-11,430.0,440.0,409,408
2013-11-12,430.0,440.0,413,405
2013-11-13,429.0,441.0,438,395
2013-11-14,429.0,442.0,471,418
2013-11-15,429.0,442.0,428,421
2013-11-16,430.0,442.0,421,421
2013-11-17,430.0,442.0,421,421
2013-11-18,428.0,442.0,423,386
2013-11-19,427.0,441.0,407,387
2013-11-20,426.0,440.0,398,376
2013-11-21,425.0,439.0,383,347
2013-11-22,423.0,438.0,357,335
2013-11-23,419.0,433.0,335,335
2013-11-24,414.0,428.0,344,344
2013-11-25,410.0,424.0,349,338
2013-11-26,407.0,421.0,404,388
2013-11-27,404.0,418.0,391,378
2013-11-28,401.0,415.0,378,378
2013-11-29,399.0,413.0,390,389
2013-11-30,397.0,411.0,389,389
2013-12-01,395.0,408.0,389,388
2013-12-02,392.0,407.0,409,366
2013-12-03,389.0,404.0,373,358
2013-12-04,386.0,401.0,364,354
2013-12-05,384.0,399.0,386,364
2013-12-06,383.0,396.0,374,371
2013-12-07,382.0,395.0,372,372
2013-12-08,381.0,394.0,375,375
2013-12-09,380.0,393.0,384,374
2013-12-10,378.0,392.0,377,370
2013-12-11,377.0,391.0,375,356
2013-12-12,375.0,389.0,361,354
2013-12-13,374.0,387.0,372,359
2013-12-14,372.0,383.0,359,359
2013-12-15,370.0,381.0,362,362
2013-12-16,367.0,379.0,372,331
2013-12-17,364.0,376.0,340,335
2013-12-18,365.0,377.0,428,414
2013-12-19,366.0,377.0,420,409
2013-12-20,367.0,378.0,415,408
2013-12-21,369.0,378.0,408,408
2013-12-22,372.0,380.0,420,420
2013-12-23,374.0,384.0,433,408
2013-12-24,376.0,386.0,413,406
2013-12-25,378.0,388.0,407,407
2013-12-26,379.0,388.0,415,408
2013-12-27,383.0,392.0,500,498
2013-12-28,387.0,396.0,498,498
2013-12-29,391.0,400.0,500,500
2013-12-30,395.0,404.0,515,508
2013-12-31,399.0,408.0,516,515
2014-01-01,404.0,412.0,515,515
2014-01-02,409.0,416.0,518,498
2014-01-03,413.0,421.0,503,498
2014-01-04,418.0,425.0,498,498
2014-01-05,422.0,429.0,503,503
2014-01-06,426.0,434.0,504,478
2014-01-07,429.0,437.0,479,479
2014-01-08,433.0,440.0,486,476
2014-01-09,436.0,444.0,481,476
2014-01-10,440.0,448.0,489,479
2014-01-11,444.0,452.0,479,479
2014-01-12,449.0,455.0,488,488
2014-01-13,453.0,460.0,490,475
2014-01-14,456.0,464.0,482,473
2014-01-15,463.0,470.0,549,533
2014-01-16,469.0,476.0,534,525
2014-01-17,474.0,480.0,548,544
2014-01-18,478.0,484.0,544,544
2014-01-19,483.0,489.0,550,550
2014-01-20,488.0,494.0,550,549
2014-01-21,492.0,498.0,556,551
2014-01-22,497.0,502.0,555,545
2014-01-23,500.0,507.0,547,498
2014-01-24,503.0,510.0,509,502
2014-01-25,506.0,513.0,502,502
2014-01-26,506.0,513.0,502,502
2014-01-27,506.0,513.0,506,499
2014-01-28,506.0,513.0,506,493
2014-01-29,505.0,513.0,500,495
2014-01-30,505.0,512.0,495,492
2014-01-31,504.0,512.0,510,505
2014-02-01,505.0,512.0,505,505
2014-02-02,505.0,512.0,508,508
2014-02-03,504.0,512.0,514,463
2014-02-04,502.0,511.0,467,452
2014-02-05,501.0,510.0,457,454
2014-02-06,500.0,509.0,458,440
2014-02-07,499.0,508.0,455,446
2014-02-08,498.0,507.0,446,446
2014-02-09,497.0,505.0,452,452
2014-02-10,496.0,505.0,470,434
2014-02-11,493.0,503.0,437,426
2014-02-12,492.0,501.0,430,426
2014-02-13,490.0,500.0,429,426
2014-02-14,487.0,496.0,435,431
2014-02-15,484.0,492.0,432,432
2014-02-16,480.0,489.0,434,434
2014-02-17,475.0,485.0,437,406
2014-02-18,470.0,480.0,407,397
2014-02-19,465.0,475.0,402,392
2014-02-20,460.0,470.0,400,390
2014-02-21,455.0,465.0,401,390
2014-02-22,451.0,460.0,390,390
2014-02-23,448.0,456.0,397,397
2014-02-24,443.0,453.0,400,355
2014-02-25,438.0,448.0,360,350
2014-02-26,433.0,443.0,358,351
2014-02-27,428.0,438.0,352,344
2014-02-28,423.0,433.0,361,352
2014-03-01,418.0,429.0,352,352
2014-03-02,413.0,423.0,358,358
2014-03-03,408.0,419.0,366,359
2014-03-04,403.0,414.0,365,357
2014-03-05,399.0,409.0,364,336
2014-03-06,395.0,405.0,343,313
2014-03-07,390.0,401.0,328,324
2014-03-08,390.0,399.0,419,419
2014-03-09,389.0,398.0,423,421
2014-03-10,388.0,398.0,433,421
2014-03-11,387.0,397.0,424,415
2014-03-12,386.0,395.0,416,415
2014-03-13,386.0,395.0,420,419
2014-03-14,386.0,395.0,433,428
2014-03-15,386.0,395.0,428,428
2014-03-16,386.0,395.0,434,434
2014-03-17,386.0,396.0,482,445
2014-03-18,387.0,397.0,450,440
2014-03-19,388.0,397.0,443,435
2014-03-20,389.0,398.0,437,433
2014-03-21,390.0,399.0,445,440
2014-03-22,392.0,401.0,440,440
2014-03-23,394.0,402.0,440,440
2014-03-24,395.0,404.0,449,427
2014-03-25,396.0,405.0,433,430
2014-03-26,398.0,406.0,438,410
2014-03-27,400.0,408.0,416,411
2014-03-28,402.0,410.0,418,413
2014-03-29,404.0,412.0,415,415
2014-03-30,409.0,417.0,506,506
2014-03-31,414.0,423.0,510,483
2014-04-01,418.0,427.0,486,471
2014-04-02,421.0,431.0,479,471
2014-04-03,425.0,434.0,474,465
2014-04-04,429.0,438.0,477,471
2014-04-05,435.0,443.0,480,480
2014-04-06,440.0,448.0,480,480
2014-04-07,442.0,450.0,482,472
2014-04-08,445.0,454.0,544,508
2014-04-09,448.0,457.0,523,514
2014-04-10,451.0,460.0,514,503
2014-04-11,454.0,463.0,509,504
2014-04-12,457.0,466.0,505,505
2014-04-13,459.0,468.0,507,507
2014-04-14,462.0,471.0,513,501
2014-04-15,467.0,477.0,605,579
2014-04-16,471.0,480.0,586,580
2014-04-17,475.0,485.0,593,570
2014-04-18,480.0,489.0,576,570
2014-04-19,485.0,494.0,570,570
2014-04-20,489.0,498.0,578,578
2014-04-21,493.0,503.0,582,552
2014-04-22,496.0,507.0,556,548
2014-04-23,500.0,510.0,555,546
2014-04-24,504.0,514.0,553,534
2014-04-25,508.0,519.0,578,539
2014-04-26,512.0,523.0,539,539
2014-04-27,517.0,527.0,539,536
2014-04-28,520.0,531.0,542,521
2014-04-29,520.0,532.0,528,517
2014-04-30,522.0,533.0,524,515
2014-05-01,525.0,535.0,566,563
2014-05-02,528.0,539.0,586,580
2014-05-03,532.0,542.0,580,580
2014-05-04,536.0,546.0,582,582
2014-05-05,538.0,550.0,591,535
2014-05-06,539.0,552.0,543,520
2014-05-07,541.0,553.0,532,523
2014-05-08,541.0,553.0,532,523
2014-05-09,541.0,553.0,530,520
2014-05-10,542.0,553.0,520,520
2014-05-11,544.0,555.0,568,568
2014-05-12,545.0,558.0,571,545
2014-05-13,547.0,559.0,554,547
2014-05-14,548.0,561.0,557,549
2014-05-15,547.0,559.0,561,549
2014-05-16,547.0,558.0,568,559
2014-05-17,546.0,557.0,559,559
2014-05-18,544.0,557.0,576,502
2014-05-19,542.0,555.0,508,496
2014-05-20,539.0,553.0,502,493
2014-05-21,537.0,550.0,500,493
2014-05-22,535.0,548.0,499,487
2014-05-23,533.0,546.0,505,495
2014-05-24,532.0,544.0,495,495
2014-05-25,531.0,542.0,507,507
2014-05-26,530.0,541.0,508,508
2014-05-27,528.0,540.0,514,501
2014-05-28,527.0,539.0,501,491
2014-05-29,526.0,538.0,493,465
2014-05-30,524.0,536.0,473,465
2014-05-31,524.0,536.0,555,549
2014-06-01,522.0,534.0,550,549
2014-06-02,520.0,534.0,553,519
2014-06-03,518.0,532.0,525,517
2014-06-04,518.0,529.0,521,519
2014-06-05,518.0,529.0,526,514
2014-06-06,517.0,528.0,519,512
2014-06-07,517.0,528.0,513,513
2014-06-08,518.0,529.0,571,560
2014-06-09,519.0,531.0,572,534
2014-06-10,518.0,530.0,542,535
2014-06-11,517.0,529.0,542,535
2014-06-12,517.0,529.0,544,534
2014-06-13,516.0,528.0,542,534
2014-06-14,516.0,527.0,534,534
2014-06-15,515.0,526.0,541,540
2014-06-16,513.0,526.0,545,504
2014-06-17,516.0,526.0,591,572
2014-06-18,518.0,529.0,575,568
2014-06-19,521.0,531.0,574,568
2014-06-20,524.0,534.0,588,586
2014-06-21,527.0,537.0,586,586
2014-06-22,530.0,540.0,588,588
2014-06-23,532.0,543.0,591,561
2014-06-24,534.0,545.0,566,559
2014-06-25,535.0,547.0,563,551
2014-06-26,537.0,548.0,560,543
2014-06-27,539.0,550.0,551,542
2014-06-28,541.0,551.0,542,542
2014-06-29,544.0,554.0,552,552
2014-06-30,543.0,554.0,556,524
2014-07-01,542.0,554.0,534,528
2014-07-02,543.0,553.0,537,529
2014-07-03,545.0,555.0,591,576
2014-07-04,547.0,557.0,576,576
2014-07-05,549.0,559.0,576,576
2014-07-06,551.0,561.0,578,578
2014-07-07,552.0,563.0,582,560
2014-07-08,552.0,563.0,565,552
2014-07-09,553.0,562.0,558,549
2014-07-10,553.0,563.0,553,546
2014-07-11,553.0,563.0,553,546
2014-07-12,554.0,563.0,546,546
2014-07-13,554.0,563.0,547,547
2014-07-14,554.0,564.0,553,526
2014-07-15,554.0,564.0,530,524
2014-07-16,555.0,565.0,585,562
2014-07-17,555.0,564.0,568,557
2014-07-18,555.0,564.0,566,562
2014-07-19,555.0,563.0,562,562
2014-07-20,554.0,563.0,567,566
2014-07-21,553.0,562.0,578,557
2014-07-22,552.0,562.0,560,549
2014-07-23,552.0,561.0,588,568
2014-07-24,552.0,562.0,577,568
2014-07-25,553.0,562.0,575,570
2014-07-26,554.0,563.0,570,570
2014-07-27,555.0,563.0,573,573
2014-07-28,555.0,564.0,577,555
2014-07-29,555.0,565.0,563,555
2014-07-30,557.0,565.0,574,567
2014-07-31,558.0,567.0,574,565
2014-08-01,559.0,568.0,570,557
2014-08-02,558.0,567.0,557,557
2014-08-03,558.0,566.0,560,560
2014-08-04,556.0,566.0,565,516
2014-08-05,554.0,566.0,572,538
2014-08-06,554.0,564.0,542,535
2014-08-07,553.0,564.0,547,541
2014-08-08,553.0,563.0,547,536
2014-08-09,552.0,563.0,536,536
2014-08-10,552.0,562.0,543,542
2014-08-11,551.0,563.0,553,522
2014-08-12,552.0,564.0,591,573
2014-08-13,554.0,565.0,578,569
2014-08-14,555.0,566.0,571,558
2014-08-15,555.0,566.0,578,564
2014-08-16,555.0,566.0,564,564
2014-08-17,555.0,566.0,569,569
2014-08-18,554.0,566.0,575,529
2014-08-19,553.0,565.0,530,518
2014-08-20,551.0,563.0,523,510
2014-08-21,550.0,562.0,526,521
2014-08-22,549.0,560.0,533,528
2014-08-23,548.0,559.0,529,529
2014-08-24,546.0,557.0,532,532
2014-08-25,544.0,556.0,535,500
2014-08-26,543.0,556.0,568,539
2014-08-27,542.0,555.0,542,537
2014-08-28,542.0,554.0,543,540
2014-08-29,541.0,553.0,550,547
2014-08-30,541.0,553.0,549,549
2014-08-31,540.0,552.0,555,555
2014-09-01,540.0,552.0,559,543
2014-09-02,540.0,552.0,556,549
2014-09-03,541.0,552.0,552,548
2014-09-04,541.0,551.0,556,552
2014-09-05,542.0,552.0,560,558
2014-09-06,542.0,552.0,558,558
2014-09-07,543.0,552.0,561,560
2014-09-08,544.0,553.0,565,559
2014-09-09,545.0,554.0,560,556
2014-09-10,545.0,554.0,562,543
2014-09-11,544.0,553.0,552,549
2014-09-12,544.0,553.0,589,564
2014-09-13,544.0,553.0,564,564
2014-09-14,545.0,553.0,572,572
2014-09-15,543.0,553.0,577,515
2014-09-16,541.0,552.0,519,509
2014-09-17,540.0,550.0,513,499
2014-09-18,539.0,549.0,502,484
2014-09-19,538.0,548.0,493,481
2014-09-20,537.0,546.0,481,481
2014-09-21,535.0,545.0,482,482
2014-09-22,532.0,543.0,487,430
2014-09-23,528.0,540.0,432,421
2014-09-24,525.0,536.0,423,416
2014-09-25,521.0,531.0,420,406
2014-09-26,516.0,527.0,411,404
2014-09-27,512.0,522.0,404,404
2014-09-28,508.0,518.0,422,421
2014-09-29,503.0,514.0,422,399
2014-09-30,497.0,509.0,403,397
2014-10-01,493.0,503.0,399,396
2014-10-02,487.0,498.0,396,394
2014-10-03,483.0,493.0,411,406
2014-10-04,478.0,488.0,406,406
2014-10-05,473.0,483.0,407,407
2014-10-06,467.0,478.0,413,372
2014-10-07,460.0,472.0,374,366
2014-10-08,454.0,466.0,371,368
2014-10-09,447.0,459.0,371,352
2014-10-10,441.0,453.0,370,365
2014-10-11,435.0,447.0,365,365
2014-10-12,428.0,439.0,366,365
2014-10-13,422.0,433.0,365,365
2014-10-14,414.0,426.0,373,350
2014-10-15,408.0,418.0,352,343
2014-10-16,403.0,413.0,349,345
2014-10-17,398.0,408.0,362,357
2014-10-18,394.0,403.0,357,357
2014-10-19,390.0,398.0,359,359
2014-10-20,385.0,394.0,360,329
2014-10-21,380.0,390.0,336,327
2014-10-22,376.0,384.0,329,326
2014-10-23,375.0,383.0,382,370
2014-10-24,373.0,381.0,385,382
2014-10-25,373.0,380.0,382,382
2014-10-26,372.0,379.0,384,384
2014-10-27,371.0,379.0,386,367
2014-10-28,369.0,377.0,379,377
2014-10-29,369.0,376.0,379,379
2014-10-30,368.0,375.0,382,370
2014-10-31,367.0,375.0,389,382
2014-11-01,367.0,374.0,382,382
2014-11-02,366.0,373.0,385,385
2014-11-03,365.0,373.0,400,377
2014-11-04,364.0,372.0,379,369
2014-11-05,364.0,371.0,376,372
2014-11-06,364.0,371.0,376,369
2014-11-07,364.0,371.0,378,373
2014-11-08,365.0,371.0,373,373
2014-11-09,365.0,372.0,381,381
2014-11-10,365.0,372.0,387,362
2014-11-11,365.0,372.0,362,362
2014-11-12,365.0,372.0,369,365
2014-11-13,365.0,372.0,368,350
2014-11-14,366.0,373.0,361,355
2014-11-15,366.0,373.0,355,355
2014-11-16,366.0,373.0,359,359
2014-11-17,365.0,373.0,361,337
2014-11-18,365.0,372.0,337,335
2014-11-19,365.0,371.0,335,334
2014-11-20,365.0,371.0,334,334
2014-11-21,365.0,372.0,342,342
2014-11-22,365.0,370.0,342,342
2014-11-23,363.0,369.0,347,347
2014-11-24,362.0,368.0,351,337
2014-11-25,360.0,367.0,348,340
2014-11-26,360.0,366.0,357,357
2014-11-27,359.0,365.0,357,357
2014-11-28,359.0,364.0,360,354
2014-11-29,358.0,364.0,355,355
2014-11-30,357.0,362.0,355,355
2014-12-01,356.0,362.0,357,340
2014-12-02,354.0,360.0,345,338
2014-12-03,353.0,359.0,351,347
2014-12-04,352.0,358.0,353,333
2014-12-05,351.0,357.0,340,334
2014-12-06,350.0,355.0,334,334
2014-12-07,348.0,354.0,334,334
2014-12-08,347.0,352.0,336,325
2014-12-09,345.0,351.0,330,328
2014-12-10,344.0,349.0,337,332
2014-12-11,343.0,348.0,342,338
2014-12-12,345.0,351.0,441,427
2014-12-13,348.0,353.0,427,427
2014-12-14,350.0,355.0,429,429
2014-12-15,352.0,358.0,433,402
2014-12-16,353.0,359.0,404,401
2014-12-17,355.0,361.0,404,402
2014-12-18,357.0,363.0,409,395
2014-12-19,359.0,365.0,399,394
2014-12-20,361.0,367.0,394,394
2014-12-21,363.0,369.0,396,396
2014-12-22,365.0,371.0,400,392
2014-12-23,366.0,372.0,395,389
2014-12-24,368.0,374.0,395,385
2014-12-25,369.0,375.0,386,386
2014-12-26,371.0,376.0,394,394
2014-12-27,372.0,378.0,396,396
2014-12-28,373.0,379.0,397,397
2014-12-29,375.0,380.0,398,393
2014-12-30,376.0,382.0,394,388
2014-12-31,377.0,383.0,389,388
2015-01-01,379.0,384.0,388,388
2015-01-02,380.0,386.0,397,394
2015-01-03,383.0,387.0,394,394
2015-01-04,385.0,389.0,394,394
2015-01-05,386.0,391.0,397,379
2015-01-06,388.0,393.0,382,378
2015-01-07,389.0,394.0,384,373
2015-01-08,390.0,396.0,375,360
2015-01-09,391.0,397.0,366,366
2015-01-10,392.0,397.0,367,367
2015-01-11,390.0,395.0,367,366
2015-01-12,388.0,393.0,366,349
2015-01-13,385.0,391.0,359,353
2015-01-14,383.0,388.0,354,349
2015-01-15,381.0,386.0,353,343
2015-01-16,380.0,385.0,351,346
2015-01-17,378.0,382.0,346,346
2015-01-18,376.0,381.0,346,346
2015-01-19,374.0,379.0,346,327
2015-01-20,372.0,377.0,335,324
2015-01-21,369.0,375.0,328,324
2015-01-22,367.0,372.0,327,308
2015-01-23,364.0,370.0,315,308
2015-01-24,362.0,367.0,308,308
2015-01-25,359.0,364.0,308,308
2015-01-26,356.0,361.0,312,307
2015-01-27,352.0,359.0,311,301
2015-01-28,349.0,355.0,302,298
2015-01-29,346.0,352.0,305,297
2015-01-30,344.0,350.0,307,305
2015-01-31,341.0,347.0,305,305
2015-02-01,338.0,344.0,305,305
2015-02-02,335.0,341.0,311,306
2015-02-03,332.0,338.0,307,302
2015-02-04,329.0,335.0,306,305
2015-02-05,327.0,333.0,311,305
2015-02-06,325.0,330.0,311,306
2015-02-07,323.0,328.0,306,306
2015-02-08,321.0,326.0,307,307
2015-02-09,319.0,324.0,315,302
2015-02-10,317.0,322.0,307,300
2015-02-11,315.0,320.0,302,301
2015-02-12,313.0,318.0,308,303
2015-02-13,312.0,317.0,309,304
2015-02-14,310.0,315.0,304,304
2015-02-15,309.0,314.0,304,304
2015-02-16,308.0,312.0,304,304
2015-02-17,306.0,311.0,308,283
2015-02-18,304.0,309.0,286,284
2015-02-19,303.0,308.0,288,286
2015-02-20,302.0,306.0,289,285
2015-02-21,301.0,305.0,286,286
2015-02-22,300.0,304.0,286,286
2015-02-23,300.0,304.0,301,292
2015-02-24,299.0,303.0,295,290
2015-02-25,299.0,303.0,298,296
2015-02-26,298.0,302.0,298,285
2015-02-27,298.0,302.0,298,297
2015-02-28,298.0,302.0,299,299
2015-03-01,298.0,302.0,302,302
2015-03-02,298.0,302.0,305,298
2015-03-03,298.0,302.0,304,301
2015-03-04,297.0,302.0,306,300
2015-03-05,297.0,302.0,304,303
2015-03-06,297.0,302.0,308,303
2015-03-07,297.0,301.0,306,306
2015-03-08,297.0,301.0,306,306
2015-03-09,297.0,302.0,317,304
2015-03-10,300.0,305.0,404,394
2015-03-11,303.0,308.0,399,397
2015-03-12,307.0,311.0,400,393
2015-03-13,310.0,314.0,408,407
2015-03-14,314.0,318.0,407,407
2015-03-15,317.0,321.0,409,409
2015-03-16,320.0,325.0,413,403
2015-03-17,324.0,328.0,408,408
2015-03-18,327.0,332.0,414,406
2015-03-19,331.0,335.0,409,405
2015-03-20,335.0,339.0,412,408
2015-03-21,339.0,343.0,408,400
2015-03-22,343.0,347.0,400,400
2015-03-23,347.0,351.0,407,392
2015-03-24,350.0,355.0,395,386
2015-03-25,353.0,358.0,395,389
2015-03-26,356.0,361.0,395,390
2015-03-27,360.0,364.0,398,394
2015-03-28,363.0,368.0,394,394
2015-03-29,367.0,371.0,395,395
2015-03-30,369.0,374.0,395,381
2015-03-31,372.0,377.0,385,380
2015-04-01,377.0,382.0,460,453
2015-04-02,382.0,387.0,465,462
2015-04-03,388.0,393.0,467,464
2015-04-04,393.0,398.0,465,465
2015-04-05,399.0,403.0,465,465
2015-04-06,403.0,409.0,466,445
2015-04-07,408.0,414.0,461,456
2015-04-08,413.0,419.0,464,456
2015-04-09,415.0,421.0,464,453
2015-04-10,417.0,423.0,458,455
2015-04-11,419.0,425.0,455,455
2015-04-12,421.0,426.0,456,456
2015-04-13,422.0,428.0,463,440
2015-04-14,423.0,429.0,448,438
2015-04-15,424.0,430.0,446,432
2015-04-16,425.0,431.0,435,430
2015-04-17,426.0,432.0,435,426
2015-04-18,426.0,433.0,426,426
2015-04-19,427.0,433.0,426,426
2015-04-20,427.0,434.0,431,403
2015-04-21,427.0,434.0,406,398
2015-04-22,427.0,434.0,401,391
2015-04-23,427.0,434.0,393,379
2015-04-24,426.0,433.0,385,378
2015-04-25,426.0,433.0,378,378
2015-04-26,425.0,432.0,380,380
2015-04-27,424.0,432.0,383,343
2015-04-28,422.0,430.0,348,339
2015-04-29,420.0,429.0,346,335
2015-04-30,418.0,427.0,336,326
2015-05-01,415.0,423.0,340,337
2015-05-02,410.0,419.0,337,337
2015-05-03,406.0,415.0,339,339
2015-05-04,402.0,411.0,346,325
2015-05-05,397.0,406.0,328,321
2015-05-06,396.0,405.0,422,416
2015-05-07,394.0,403.0,423,417
2015-05-08,393.0,402.0,424,423
2015-05-09,392.0,401.0,423,423
2015-05-10,391.0,399.0,423,423
2015-05-11,390.0,398.0,427,409
2015-05-12,388.0,397.0,411,408
2015-05-13,387.0,395.0,411,402
2015-05-14,385.0,394.0,404,392
2015-05-15,384.0,392.0,403,401
2015-05-16,383.0,391.0,401,401
2015-05-17,383.0,390.0,402,402
2015-05-18,381.0,389.0,405,390
2015-05-19,380.0,388.0,394,388
2015-05-20,379.0,387.0,389,363
2015-05-21,378.0,386.0,368,367
2015-05-22,377.0,385.0,375,371
2015-05-23,377.0,384.0,372,372
2015-05-24,377.0,384.0,374,374
2015-05-25,377.0,384.0,376,376
2015-05-26,376.0,384.0,380,364
2015-05-27,379.0,386.0,438,436
2015-05-28,382.0,389.0,440,434
2015-05-29,386.0,392.0,439,436
2015-05-30,389.0,395.0,436,436
2015-05-31,393.0,398.0,436,436
2015-06-01,396.0,402.0,439,420
2015-06-02,398.0,404.0,423,421
2015-06-03,402.0,407.0,428,425
2015-06-04,405.0,411.0,432,428
2015-06-05,406.0,411.0,440,432
2015-06-06,406.0,412.0,432,432
2015-06-07,406.0,412.0,432,432
2015-06-08,407.0,412.0,436,428
2015-06-09,407.0,412.0,431,428
2015-06-10,407.0,413.0,429,412
2015-06-11,407.0,413.0,415,413
2015-06-12,408.0,413.0,420,419
2015-06-13,409.0,413.0,419,419
2015-06-14,409.0,414.0,420,417
2015-06-15,409.0,415.0,423,410
2015-06-16,409.0,415.0,414,404
2015-06-17,410.0,415.0,408,405
2015-06-18,414.0,419.0,508,498
2015-06-19,418.0,423.0,508,500
2015-06-20,423.0,428.0,502,502
2015-06-21,427.0,432.0,502,502
2015-06-22,431.0,436.0,507,485
2015-06-23,434.0,440.0,490,479
2015-06-24,437.0,444.0,482,470
2015-06-25,441.0,447.0,473,471
2015-06-26,442.0,448.0,482,474
2015-06-27,444.0,449.0,474,474
2015-06-28,445.0,450.0,474,474
2015-06-29,446.0,452.0,476,456
2015-06-30,446.0,453.0,461,455
2015-07-01,447.0,453.0,455,440
2015-07-02,447.0,454.0,446,438
2015-07-03,448.0,455.0,446,446
2015-07-04,449.0,455.0,449,449
2015-07-05,449.0,456.0,451,451
2015-07-06,450.0,456.0,456,437
2015-07-07,450.0,457.0,440,430
2015-07-08,449.0,456.0,433,423
2015-07-09,449.0,456.0,432,422
2015-07-10,450.0,457.0,430,426
2015-07-11,450.0,457.0,427,427
2015-07-12,450.0,457.0,427,427
2015-07-13,450.0,458.0,437,415
2015-07-14,450.0,458.0,417,411
2015-07-15,452.0,460.0,481,466
2015-07-16,454.0,461.0,469,466
2015-07-17,456.0,464.0,478,475
2015-07-18,456.0,463.0,476,476
2015-07-19,455.0,462.0,478,478
2015-07-20,454.0,461.0,480,468
2015-07-21,453.0,460.0,477,470
2015-07-22,452.0,459.0,472,454
2015-07-23,451.0,458.0,459,454
2015-07-24,450.0,457.0,465,461
2015-07-25,450.0,457.0,461,461
2015-07-26,450.0,456.0,461,461
2015-07-27,449.0,456.0,465,441
2015-07-28,447.0,455.0,444,437
2015-07-29,449.0,456.0,515,502
2015-07-30,450.0,458.0,505,502
2015-07-31,453.0,460.0,515,515
2015-08-01,456.0,462.0,515,515
2015-08-02,458.0,464.0,516,515
2015-08-03,459.0,467.0,520,486
2015-08-04,460.0,468.0,489,486
2015-08-05,461.0,469.0,492,473
2015-08-06,463.0,470.0,476,474
2015-08-07,465.0,472.0,485,478
2015-08-08,467.0,474.0,478,478
2015-08-09,468.0,475.0,478,478
2015-08-10,472.0,480.0,554,533
2015-08-11,475.0,483.0,537,531
2015-08-12,479.0,486.0,537,535
2015-08-13,483.0,491.0,539,534
2015-08-14,486.0,493.0,546,544
2015-08-15,489.0,495.0,544,544
2015-08-16,491.0,497.0,544,544
2015-08-17,493.0,500.0,546,541
2015-08-18,495.0,502.0,542,531
2015-08-19,497.0,504.0,536,521
2015-08-20,498.0,505.0,526,515
2015-08-21,500.0,507.0,522,515
2015-08-22,502.0,509.0,516,516
2015-08-23,504.0,511.0,516,516
2015-08-24,505.0,513.0,518,495
2015-08-25,506.0,514.0,498,490
2015-08-26,510.0,517.0,563,554
2015-08-27,514.0,521.0,563,557
2015-08-28,516.0,523.0,560,553
2015-08-29,517.0,524.0,553,553
2015-08-30,519.0,525.0,553,553
2015-08-31,519.0,527.0,558,540
2015-09-01,520.0,528.0,541,534
2015-09-02,521.0,528.0,541,528
2015-09-03,523.0,530.0,529,526
2015-09-04,524.0,531.0,535,523
2015-09-05,526.0,533.0,523,523
2015-09-06,528.0,534.0,523,523
2015-09-07,529.0,535.0,523,523
2015-09-08,530.0,537.0,528,508
2015-09-09,530.0,537.0,549,528
2015-09-10,530.0,537.0,534,527
2015-09-11,529.0,537.0,533,524
2015-09-12,529.0,536.0,524,524
2015-09-13,528.0,536.0,524,524
2015-09-14,528.0,535.0,530,523
2015-09-15,527.0,534.0,527,525
2015-09-16,526.0,534.0,530,517
2015-09-17,526.0,533.0,522,509
2015-09-18,525.0,533.0,517,506
2015-09-19,525.0,532.0,506,506
2015-09-20,524.0,531.0,506,506
2015-09-21,523.0,531.0,510,478
2015-09-22,522.0,530.0,481,473
2015-09-23,521.0,529.0,477,462
2015-09-24,519.0,528.0,462,452
2015-09-25,516.0,524.0,461,451
2015-09-26,512.0,520.0,451,451
2015-09-27,509.0,517.0,451,450
2015-09-28,505.0,513.0,452,440
2015-09-29,501.0,510.0,442,437
2015-09-30,498.0,506.0,441,438
2015-10-01,494.0,502.0,441,429
2015-10-02,491.0,499.0,436,429
2015-10-03,488.0,496.0,429,429
2015-10-04,485.0,492.0,429,429
2015-10-05,481.0,489.0,435,415
2015-10-06,478.0,486.0,420,412
2015-10-07,477.0,486.0,517,499
2015-10-08,476.0,485.0,502,495
2015-10-09,475.0,483.0,499,491
2015-10-10,474.0,482.0,491,491
2015-10-11,473.0,480.0,491,491
2015-10-12,472.0,479.0,491,491
2015-10-13,470.0,478.0,493,470
2015-10-14,469.0,477.0,513,502
2015-10-15,468.0,477.0,506,494
2015-10-16,469.0,477.0,549,536
2015-10-17,470.0,478.0,536,536
2015-10-18,471.0,478.0,537,537
2015-10-19,472.0,480.0,542,534
2015-10-20,473.0,481.0,539,536
2015-10-21,474.0,482.0,538,534
2015-10-22,477.0,484.0,542,537
2015-10-23,479.0,486.0,546,542
2015-10-24,482.0,489.0,542,542
2015-10-25,485.0,491.0,542,542
2015-10-26,488.0,495.0,546,530
2015-10-27,491.0,498.0,538,529
2015-10-28,494.0,501.0,570,550
2015-10-29,498.0,505.0,553,543
2015-10-30,502.0,509.0,565,555
2015-10-31,506.0,513.0,555,555
2015-11-01,510.0,517.0,555,555
2015-11-02,513.0,521.0,557,528
2015-11-03,517.0,525.0,535,530
2015-11-04,521.0,529.0,571,553
2015-11-05,526.0,534.0,554,549
2015-11-06,528.0,535.0,552,549
2015-11-07,529.0,537.0,549,549
2015-11-08,531.0,538.0,549,549
2015-11-09,533.0,540.0,557,532
2015-11-10,534.0,542.0,542,538
2015-11-11,536.0,544.0,538,537
2015-11-12,538.0,545.0,544,537
2015-11-13,539.0,547.0,549,536
2015-11-14,541.0,548.0,536,536
2015-11-15,541.0,547.0,536,536
2015-11-16,540.0,547.0,537,508
2015-11-17,538.0,546.0,510,498
2015-11-18,537.0,545.0,501,496
2015-11-19,536.0,544.0,500,494
2015-11-20,535.0,543.0,506,502
2015-11-21,533.0,541.0,502,502
2015-11-22,532.0,540.0,502,502
2015-11-23,530.0,539.0,506,488
2015-11-24,529.0,537.0,494,492
2015-11-25,528.0,536.0,502,497
2015-11-26,526.0,534.0,498,498
2015-11-27,525.0,532.0,501,496
2015-11-28,523.0,530.0,496,495
2015-11-29,521.0,528.0,495,495
2015-11-30,518.0,526.0,497,475
2015-12-01,515.0,523.0,476,466
2015-12-02,515.0,522.0,529,520
2015-12-03,515.0,522.0,521,513
2015-12-04,513.0,520.0,519,508
2015-12-05,512.0,518.0,508,508
2015-12-06,510.0,517.0,508,508
2015-12-07,509.0,516.0,514,497
2015-12-08,507.0,514.0,499,495
2015-12-09,506.0,512.0,500,496
2015-12-10,504.0,511.0,498,491
2015-12-11,503.0,509.0,496,494
2015-12-12,501.0,508.0,494,494
2015-12-13,500.0,506.0,494,494
2015-12-14,497.0,504.0,495,466
2015-12-15,495.0,502.0,468,464
2015-12-16,495.0,501.0,511,495
2015-12-17,495.0,501.0,502,499
2015-12-18,495.0,501.0,507,497
2015-12-19,495.0,501.0,497,497
2015-12-20,495.0,501.0,497,497
2015-12-21,494.0,501.0,500,495
2015-12-22,494.0,501.0,502,496
2015-12-23,494.0,501.0,498,494
2015-12-24,495.0,501.0,497,496
2015-12-25,494.0,500.0,496,496
2015-12-26,494.0,500.0,496,496
2015-12-27,494.0,500.0,496,496
2015-12-28,494.0,500.0,500,490
2015-12-29,494.0,500.0,492,486
2015-12-30,495.0,502.0,535,517
2015-12-31,497.0,503.0,526,520
2016-01-01,497.0,503.0,521,521
2016-01-02,497.0,503.0,521,521
2016-01-03,498.0,503.0,521,521
2016-01-04,498.0,503.0,523,497
2016-01-05,497.0,503.0,501,493
2016-01-06,498.0,504.0,531,527
2016-01-07,499.0,505.0,532,530
2016-01-08,500.0,506.0,535,530
2016-01-09,502.0,507.0,530,530
2016-01-10,503.0,508.0,531,531
2016-01-11,504.0,510.0,541,526
2016-01-12,505.0,511.0,532,527
2016-01-13,507.0,512.0,530,516
2016-01-14,508.0,514.0,519,512
2016-01-15,509.0,515.0,528,520
2016-01-16,510.0,515.0,520,520
2016-01-17,511.0,516.0,520,520
2016-01-18,511.0,516.0,520,520
2016-01-19,512.0,517.0,530,511
2016-01-20,512.0,518.0,516,509
2016-01-21,513.0,518.0,513,503
2016-01-22,513.0,519.0,505,499
2016-01-23,513.0,519.0,499,499
2016-01-24,513.0,519.0,499,499
2016-01-25,513.0,519.0,501,498
2016-01-26,512.0,519.0,504,481
2016-01-27,512.0,519.0,507,491
2016-01-28,513.0,520.0,499,494
2016-01-29,512.0,518.0,498,496
2016-01-30,511.0,517.0,496,496
2016-01-31,510.0,517.0,497,497
2016-02-01,509.0,516.0,498,481
2016-02-02,508.0,515.0,483,475
2016-02-03,507.0,513.0,475,469
2016-02-04,506.0,512.0,470,462
2016-02-05,504.0,510.0,473,467
2016-02-06,502.0,508.0,468,468
2016-02-07,500.0,506.0,468,468
2016-02-08,498.0,506.0,526,499
2016-02-09,497.0,505.0,502,498
2016-02-10,496.0,503.0,503,499
2016-02-11,496.0,502.0,507,501
2016-02-12,495.0,502.0,509,506
2016-02-13,495.0,501.0,506,506
2016-02-14,495.0,501.0,507,507
2016-02-15,494.0,500.0,507,506
2016-02-16,494.0,500.0,509,503
2016-02-17,493.0,499.0,506,497
2016-02-18,492.0,498.0,503,495
2016-02-19,492.0,498.0,498,490
2016-02-20,491.0,497.0,491,491
2016-02-21,491.0,497.0,492,492
2016-02-22,490.0,497.0,495,480
2016-02-23,490.0,496.0,485,479
2016-02-24,489.0,495.0,481,465
2016-02-25,488.0,494.0,468,465
2016-02-26,487.0,493.0,471,465
2016-02-27,486.0,492.0,465,465
2016-02-28,485.0,491.0,465,465
2016-02-29,484.0,490.0,470,445
2016-03-01,482.0,488.0,448,443
2016-03-02,481.0,487.0,450,445
2016-03-03,479.0,486.0,447,438
2016-03-04,478.0,484.0,445,441
2016-03-05,478.0,484.0,441,441
2016-03-06,477.0,482.0,441,440
2016-03-07,475.0,482.0,445,423
2016-03-08,474.0,480.0,426,419
2016-03-09,471.0,477.0,422,415
2016-03-10,468.0,474.0,420,417
2016-03-11,465.0,472.0,425,419
2016-03-12,463.0,469.0,419,419
2016-03-13,460.0,466.0,419,419
2016-03-14,457.0,463.0,421,408
2016-03-15,453.0,459.0,409,397
2016-03-16,452.0,458.0,471,466
2016-03-17,450.0,457.0,472,460
2016-03-18,449.0,456.0,470,460
2016-03-19,448.0,454.0,462,462
2016-03-20,447.0,453.0,462,462
2016-03-21,446.0,452.0,467,465
2016-03-22,445.0,452.0,468,464
2016-03-23,444.0,451.0,467,452
2016-03-24,443.0,450.0,455,452
2016-03-25,443.0,449.0,461,455
2016-03-26,443.0,449.0,456,456
2016-03-27,442.0,448.0,456,456
2016-03-28,441.0,448.0,457,436
2016-03-29,440.0,447.0,444,439
2016-03-30,440.0,446.0,444,438
2016-03-31,440.0,446.0,440,436
2016-04-01,440.0,446.0,448,440
2016-04-02,440.0,446.0,441,441
2016-04-03,440.0,446.0,442,442
2016-04-04,440.0,446.0,449,430
2016-04-05,439.0,446.0,437,427
2016-04-06,442.0,448.0,504,501
2016-04-07,444.0,451.0,508,492
2016-04-08,447.0,453.0,502,501
2016-04-09,450.0,456.0,501,501
2016-04-10,453.0,458.0,501,501
2016-04-11,455.0,461.0,506,486
2016-04-12,457.0,464.0,487,477
2016-04-13,459.0,466.0,479,469
2016-04-14,461.0,468.0,474,471
2016-04-15,462.0,468.0,481,478
2016-04-16,462.0,468.0,478,478
2016-04-17,463.0,468.0,478,478
2016-04-18,463.0,469.0,482,462
2016-04-19,463.0,470.0,472,467
2016-04-20,465.0,472.0,531,516
2016-04-21,467.0,474.0,524,522
2016-04-22,469.0,475.0,524,520
2016-04-23,471.0,478.0,520,520
2016-04-24,473.0,480.0,521,521
2016-04-25,475.0,482.0,522,499
2016-04-26,476.0,483.0,501,492
2016-04-27,477.0,485.0,495,479
2016-04-28,479.0,486.0,488,486
2016-04-29,481.0,488.0,493,492
2016-04-30,483.0,489.0,493,493
2016-05-01,484.0,491.0,493,493
2016-05-02,486.0,493.0,500,478
2016-05-03,487.0,494.0,478,472
2016-05-04,490.0,497.0,532,526
2016-05-05,493.0,500.0,532,526
2016-05-06,494.0,501.0,530,527
2016-05-07,495.0,502.0,527,527
2016-05-08,496.0,502.0,527,527
2016-05-09,496.0,503.0,534,510
2016-05-10,497.0,504.0,514,513
2016-05-11,499.0,505.0,550,542
2016-05-12,501.0,507.0,545,541
2016-05-13,503.0,510.0,546,542
2016-05-14,506.0,512.0,542,542
2016-05-15,508.0,514.0,542,542
2016-05-16,510.0,516.0,553,543
2016-05-17,512.0,518.0,543,529
2016-05-18,514.0,520.0,542,537
2016-05-19,516.0,523.0,546,534
2016-05-20,517.0,523.0,538,535
2016-05-21,517.0,524.0,535,535
2016-05-22,518.0,524.0,535,535
2016-05-23,518.0,524.0,536,520
2016-05-24,518.0,524.0,523,514
2016-05-25,518.0,524.0,517,517
2016-05-26,519.0,525.0,517,513
2016-05-27,521.0,527.0,546,537
2016-05-28,523.0,528.0,542,542
2016-05-29,524.0,530.0,542,542
2016-05-30,526.0,532.0,542,542
2016-05-31,527.0,533.0,547,534
2016-06-01,529.0,535.0,539,536
2016-06-02,531.0,537.0,540,534
2016-06-03,532.0,537.0,540,536
2016-06-04,532.0,537.0,536,536
2016-06-05,532.0,537.0,536,536
2016-06-06,532.0,538.0,542,526
2016-06-07,532.0,538.0,534,530
2016-06-08,534.0,539.0,552,543
2016-06-09,535.0,540.0,549,545
2016-06-10,535.0,540.0,556,552
2016-06-11,535.0,540.0,552,552
2016-06-12,536.0,541.0,552,552
2016-06-13,536.0,541.0,555,541
2016-06-14,535.0,541.0,542,535
2016-06-15,536.0,541.0,558,556
2016-06-16,537.0,542.0,561,552
2016-06-17,537.0,543.0,566,559
2016-06-18,538.0,543.0,559,559
2016-06-19,539.0,544.0,559,559
2016-06-20,539.0,545.0,561,531
2016-06-21,539.0,545.0,535,532
2016-06-22,539.0,544.0,532,526
2016-06-23,539.0,545.0,529,526
2016-06-24,540.0,545.0,535,531
2016-06-25,540.0,546.0,532,532
2016-06-26,540.0,545.0,533,533
2016-06-27,539.0,545.0,538,503
2016-06-28,538.0,544.0,507,503
2016-06-29,538.0,545.0,562,552
2016-06-30,539.0,545.0,558,556
2016-07-01,540.0,546.0,566,564
2016-07-02,541.0,547.0,564,564
2016-07-03,542.0,548.0,564,564
2016-07-04,543.0,548.0,564,564
2016-07-05,543.0,550.0,569,562
2016-07-06,545.0,550.0,569,559
2016-07-07,546.0,552.0,586,583
2016-07-08,548.0,554.0,592,584
2016-07-09,549.0,555.0,584,584
2016-07-10,550.0,556.0,584,584
2016-07-11,552.0,558.0,617,598
2016-07-12,553.0,559.0,601,595
2016-07-13,554.0,561.0,597,583
2016-07-14,556.0,562.0,586,583
2016-07-15,557.0,564.0,597,595
2016-07-16,559.0,565.0,596,596
2016-07-17,560.0,566.0,596,596
2016-07-18,561.0,567.0,600,586
2016-07-19,562.0,568.0,593,591
2016-07-20,564.0,570.0,616,596
2016-07-21,566.0,572.0,598,594
2016-07-22,569.0,575.0,607,606
2016-07-23,572.0,577.0,606,606
2016-07-24,574.0,580.0,608,608
2016-07-25,576.0,582.0,617,588
2016-07-26,578.0,584.0,592,586
2016-07-27,580.0,586.0,589,579
2016-07-28,583.0,589.0,581,577
2016-07-29,584.0,590.0,590,587
2016-07-30,585.0,591.0,587,587
2016-07-31,586.0,591.0,587,587
2016-08-01,586.0,592.0,590,569
2016-08-02,586.0,592.0,574,564
2016-08-03,587.0,594.0,606,593
2016-08-04,588.0,595.0,596,589
2016-08-05,589.0,596.0,601,595
2016-08-06,589.0,596.0,595,595
2016-08-07,590.0,596.0,595,595
2016-08-08,590.0,597.0,618,604
2016-08-09,591.0,598.0,614,612
2016-08-10,592.0,599.0,645,633
2016-08-11,594.0,600.0,635,627
2016-08-12,595.0,602.0,631,627
2016-08-13,596.0,603.0,627,627
2016-08-14,598.0,604.0,627,627
2016-08-15,598.0,605.0,634,615
2016-08-16,599.0,606.0,622,616
2016-08-17,600.0,607.0,618,605
2016-08-18,600.0,607.0,611,608
2016-08-19,601.0,607.0,623,622
2016-08-20,602.0,608.0,622,622
2016-08-21,602.0,609.0,622,622
2016-08-22,603.0,609.0,627,612
2016-08-23,603.0,610.0,614,609
2016-08-24,603.0,609.0,609,607
2016-08-25,604.0,610.0,609,605
2016-08-26,605.0,611.0,612,605
2016-08-27,606.0,612.0,605,605
2016-08-28,606.0,612.0,605,605
2016-08-29,606.0,613.0,610,580
2016-08-30,606.0,613.0,590,588
2016-08-31,606.0,613.0,590,572
2016-09-01,606.0,613.0,575,570
2016-09-02,606.0,612.0,580,575
2016-09-03,605.0,611.0,575,575
2016-09-04,605.0,611.0,576,576
2016-09-05,604.0,610.0,576,576
2016-09-06,603.0,609.0,580,571
2016-09-07,603.0,609.0,605,591
2016-09-08,602.0,608.0,591,585
2016-09-09,600.0,606.0,593,585
2016-09-10,599.0,605.0,585,585
2016-09-11,598.0,603.0,588,588
2016-09-12,596.0,602.0,592,579
2016-09-13,594.0,601.0,580,575
2016-09-14,593.0,599.0,578,573
2016-09-15,592.0,598.0,603,594
2016-09-16,592.0,598.0,600,592
2016-09-17,591.0,597.0,592,592
2016-09-18,590.0,596.0,593,593
2016-09-19,588.0,595.0,597,570
2016-09-20,587.0,593.0,571,565
2016-09-21,586.0,592.0,587,583
2016-09-22,584.0,591.0,584,568
2016-09-23,583.0,590.0,576,570
2016-09-24,582.0,589.0,570,570
2016-09-25,581.0,588.0,582,582
2016-09-26,580.0,587.0,585,579
2016-09-27,579.0,586.0,582,576
2016-09-28,579.0,587.0,623,580
2016-09-29,579.0,586.0,581,575
2016-09-30,579.0,586.0,584,569
2016-10-01,579.0,586.0,570,569
2016-10-02,578.0,586.0,569,569
2016-10-03,578.0,586.0,576,553
2016-10-04,577.0,585.0,556,547
2016-10-05,575.0,584.0,549,536
2016-10-06,574.0,583.0,542,537
2016-10-07,573.0,581.0,555,551
2016-10-08,572.0,580.0,551,551
2016-10-09,571.0,578.0,551,551
2016-10-10,570.0,577.0,551,551
2016-10-11,568.0,576.0,560,532
2016-10-12,568.0,576.0,586,578
2016-10-13,568.0,576.0,589,579
2016-10-14,568.0,577.0,588,570
2016-10-15,567.0,576.0,570,570
2016-10-16,566.0,575.0,570,570
2016-10-17,565.0,574.0,576,558
2016-10-18,564.0,573.0,564,555
2016-10-19,564.0,573.0,583,571
2016-10-20,564.0,573.0,580,569
2016-10-21,564.0,573.0,579,575
2016-10-22,564.0,572.0,575,575
2016-10-23,564.0,572.0,577,577
2016-10-24,563.0,573.0,579,546
2016-10-25,562.0,572.0,550,539
2016-10-26,562.0,572.0,603,588
2016-10-27,563.0,573.0,593,586
2016-10-28,563.0,572.0,591,582
2016-10-29,563.0,572.0,582,582
2016-10-30,563.0,572.0,583,583
2016-10-31,563.0,572.0,588,558
2016-11-01,563.0,572.0,563,557
2016-11-02,563.0,573.0,594,580
2016-11-03,564.0,574.0,587,577
2016-11-04,566.0,575.0,584,575
2016-11-05,567.0,576.0,575,575
2016-11-06,568.0,577.0,575,575
2016-11-07,568.0,577.0,578,551
2016-11-08,568.0,578.0,552,549
2016-11-09,568.0,578.0,579,570
2016-11-10,570.0,579.0,587,582
2016-11-11,570.0,579.0,582,582
2016-11-12,570.0,579.0,582,582
2016-11-13,571.0,579.0,583,583
2016-11-14,570.0,579.0,584,556
2016-11-15,570.0,579.0,557,547
2016-11-16,569.0,578.0,551,536
2016-11-17,568.0,577.0,540,533
2016-11-18,567.0,576.0,550,546
2016-11-19,566.0,575.0,546,546
2016-11-20,565.0,574.0,546,545
2016-11-21,564.0,573.0,549,537
2016-11-22,563.0,572.0,551,549
2016-11-23,564.0,572.0,587,577
2016-11-24,566.0,573.0,579,579
2016-11-25,566.0,573.0,587,585
2016-11-26,565.0,573.0,585,585
2016-11-27,566.0,572.0,585,585
2016-11-28,565.0,573.0,591,575
2016-11-29,565.0,572.0,577,573
2016-11-30,565.0,572.0,583,565
2016-12-01,565.0,572.0,568,560
2016-12-02,566.0,573.0,610,599
2016-12-03,567.0,573.0,600,600
2016-12-04,568.0,574.0,600,600
2016-12-05,568.0,575.0,603,587
2016-12-06,568.0,575.0,590,582
2016-12-07,570.0,576.0,610,598
2016-12-08,572.0,578.0,608,601
2016-12-09,573.0,579.0,607,603
2016-12-10,573.0,580.0,603,603
2016-12-11,574.0,580.0,603,603
2016-12-12,575.0,581.0,605,599
2016-12-13,574.0,582.0,610,577
2016-12-14,575.0,582.0,583,581
2016-12-15,576.0,583.0,583,579
2016-12-16,578.0,584.0,581,579
2016-12-17,579.0,585.0,581,581
2016-12-18,580.0,586.0,581,581
2016-12-19,581.0,588.0,603,571
2016-12-20,582.0,589.0,574,568
2016-12-21,584.0,591.0,591,590
2016-12-22,585.0,592.0,597,580
2016-12-23,585.0,592.0,584,584
2016-12-24,585.0,592.0,586,586
2016-12-25,585.0,592.0,586,586
2016-12-26,585.0,592.0,586,586
2016-12-27,586.0,593.0,602,589
2016-12-28,586.0,593.0,591,588
2016-12-29,586.0,593.0,590,585
2016-12-30,587.0,594.0,589,587
2016-12-31,588.0,594.0,588,588
2017-01-01,588.0,593.0,588,588
2017-01-02,587.0,593.0,588,588
2017-01-03,587.0,593.0,609,593
2017-01-04,587.0,593.0,596,594
2017-01-05,588.0,593.0,596,593
2017-01-06,588.0,593.0,598,597
2017-01-07,588.0,593.0,598,598
2017-01-08,587.0,592.0,598,598
2017-01-09,587.0,592.0,600,590
2017-01-10,587.0,592.0,598,593
2017-01-11,586.0,592.0,596,590
2017-01-12,587.0,591.0,593,588
2017-01-13,587.0,592.0,610,599
2017-01-14,588.0,593.0,599,599
2017-01-15,589.0,593.0,601,601
2017-01-16,589.0,594.0,601,601
2017-01-17,589.0,595.0,604,585
2017-01-18,590.0,594.0,587,583
2017-01-19,590.0,595.0,588,585
2017-01-20,590.0,595.0,596,584
2017-01-21,590.0,594.0,584,584
2017-01-22,590.0,594.0,585,585
2017-01-23,590.0,594.0,585,567
2017-01-24,589.0,594.0,571,566
2017-01-25,589.0,594.0,592,586
2017-01-26,589.0,594.0,587,584
2017-01-27,589.0,594.0,601,598
2017-01-28,590.0,594.0,598,598
2017-01-29,590.0,594.0,600,600
2017-01-30,590.0,595.0,604,591
2017-01-31,590.0,595.0,594,589
2017-02-01,591.0,596.0,615,600
2017-02-02,591.0,596.0,600,597
2017-02-03,591.0,596.0,611,609
2017-02-04,592.0,597.0,620,620
2017-02-05,593.0,598.0,620,620
2017-02-06,593.0,599.0,624,611
2017-02-07,594.0,599.0,612,607
2017-02-08,594.0,600.0,611,608
2017-02-09,595.0,600.0,609,605
2017-02-10,596.0,601.0,620,616
2017-02-11,596.0,602.0,616,616
2017-02-12,597.0,602.0,616,616
2017-02-13,597.0,602.0,620,603
2017-02-14,597.0,603.0,611,595
2017-02-15,597.0,603.0,611,597
2017-02-16,597.0,603.0,603,596
2017-02-17,598.0,604.0,622,607
2017-02-18,599.0,605.0,610,610
2017-02-19,600.0,606.0,614,614
2017-02-20,601.0,607.0,619,619
2017-02-21,602.0,608.0,626,621
2017-02-22,603.0,609.0,627,589
2017-02-23,603.0,610.0,592,572
2017-02-24,603.0,610.0,592,586
2017-02-25,603.0,610.0,586,586
2017-02-26,603.0,610.0,588,588
2017-02-27,602.0,610.0,597,574
2017-02-28,601.0,609.0,580,568
2017-03-01,600.0,608.0,572,568
2017-03-02,600.0,607.0,580,568
2017-03-03,598.0,606.0,570,567
2017-03-04,597.0,605.0,568,568
2017-03-05,596.0,603.0,568,568
2017-03-06,594.0,602.0,579,553
2017-03-07,592.0,600.0,557,551
2017-03-08,589.0,598.0,554,547
2017-03-09,587.0,596.0,548,542
2017-03-10,586.0,594.0,569,561
2017-03-11,584.0,593.0,562,562
2017-03-12,583.0,591.0,564,564
2017-03-13,580.0,589.0,569,550
2017-03-14,578.0,587.0,553,549
2017-03-15,576.0,585.0,550,549
2017-03-16,575.0,583.0,551,546
2017-03-17,573.0,581.0,567,557
2017-03-18,572.0,580.0,558,558
2017-03-19,570.0,578.0,559,559
2017-03-20,568.0,576.0,561,546
2017-03-21,566.0,574.0,558,550
2017-03-22,563.0,572.0,550,531
2017-03-23,560.0,569.0,541,529
2017-03-24,558.0,566.0,534,533
2017-03-25,557.0,564.0,534,534
2017-03-26,555.0,562.0,534,534
2017-03-27,553.0,560.0,537,515
2017-03-28,550.0,558.0,519,512
2017-03-29,548.0,556.0,519,506
2017-03-30,546.0,553.0,518,511
2017-03-31,545.0,552.0,521,517
2017-04-01,543.0,550.0,519,519
2017-04-02,541.0,548.0,519,519
2017-04-03,539.0,546.0,522,494
2017-04-04,536.0,544.0,497,493
2017-04-05,534.0,541.0,498,495
2017-04-06,533.0,540.0,506,500
2017-04-07,531.0,538.0,506,502
2017-04-08,530.0,537.0,503,503
2017-04-09,528.0,534.0,505,505
2017-04-10,526.0,533.0,510,498
2017-04-11,524.0,531.0,513,505
2017-04-12,522.0,529.0,511,497
2017-04-13,521.0,527.0,504,501
2017-04-14,519.0,526.0,505,502
2017-04-15,518.0,524.0,503,503
2017-04-16,516.0,522.0,505,505
2017-04-17,514.0,521.0,508,497
2017-04-18,511.0,519.0,499,488
2017-04-19,510.0,516.0,492,490
2017-04-20,508.0,515.0,511,510
2017-04-21,508.0,514.0,515,510
2017-04-22,507.0,513.0,511,511
2017-04-23,506.0,512.0,514,513
2017-04-24,505.0,512.0,522,508
2017-04-25,505.0,511.0,515,507
2017-04-26,504.0,510.0,511,498
2017-04-27,504.0,510.0,509,504
2017-04-28,504.0,509.0,508,504
2017-04-29,504.0,509.0,515,515
2017-04-30,504.0,509.0,518,518
2017-05-01,504.0,509.0,527,510
2017-05-02,503.0,509.0,517,508
2017-05-03,503.0,509.0,515,504
2017-05-04,504.0,509.0,508,499
2017-05-05,504.0,510.0,514,509
2017-05-06,504.0,510.0,510,510
2017-05-07,505.0,510.0,512,512
2017-05-08,505.0,511.0,521,507
2017-05-09,505.0,511.0,509,502
2017-05-10,505.0,511.0,506,498
2017-05-11,504.0,511.0,501,495
2017-05-12,505.0,511.0,528,523
2017-05-13,506.0,512.0,528,528
2017-05-14,507.0,513.0,531,531
2017-05-15,508.0,514.0,533,517
2017-05-16,508.0,514.0,522,517
2017-05-17,509.0,515.0,524,511
2017-05-18,509.0,516.0,520,513
2017-05-19,511.0,517.0,537,531
2017-05-20,512.0,518.0,532,532
2017-05-21,512.0,518.0,533,533
2017-05-22,512.0,519.0,544,513
2017-05-23,512.0,520.0,518,510
2017-05-24,512.0,519.0,515,499
2017-05-25,512.0,519.0,517,505
2017-05-26,512.0,520.0,515,503
2017-05-27,512.0,519.0,503,503
2017-05-28,512.0,519.0,503,503
2017-05-29,512.0,519.0,504,504
2017-05-30,511.0,518.0,508,496
2017-05-31,510.0,518.0,503,496
2017-06-01,510.0,518.0,521,511
2017-06-02,511.0,518.0,519,513
2017-06-03,511.0,518.0,513,513
2017-06-04,511.0,518.0,513,513
2017-06-05,511.0,518.0,516,494
2017-06-06,510.0,518.0,500,493
2017-06-07,510.0,517.0,499,487
2017-06-08,509.0,517.0,494,490
2017-06-09,509.0,516.0,496,491
2017-06-10,509.0,516.0,493,493
2017-06-11,508.0,515.0,494,494
2017-06-12,506.0,514.0,503,479
2017-06-13,505.0,512.0,482,480
2017-06-14,504.0,511.0,490,485
2017-06-15,502.0,510.0,491,487
2017-06-16,503.0,510.0,526,522
2017-06-17,503.0,510.0,522,522
2017-06-18,503.0,510.0,523,523
2017-06-19,502.0,510.0,529,499
2017-06-20,501.0,509.0,505,496
2017-06-21,501.0,509.0,551,532
2017-06-22,502.0,510.0,545,538
2017-06-23,504.0,511.0,547,542
2017-06-24,505.0,512.0,542,542
2017-06-25,506.0,513.0,543,543
2017-06-26,507.0,514.0,546,526
2017-06-27,507.0,515.0,529,520
2017-06-28,508.0,516.0,526,505
2017-06-29,508.0,516.0,510,507
2017-06-30,509.0,517.0,528,518
2017-07-01,509.0,516.0,520,520
2017-07-02,509.0,517.0,526,526
2017-07-03,510.0,517.0,530,524
2017-07-04,510.0,518.0,529,529
2017-07-05,512.0,519.0,540,533
2017-07-06,513.0,520.0,541,537
2017-07-07,515.0,522.0,554,550
2017-07-08,517.0,524.0,553,553
2017-07-09,519.0,526.0,557,557
2017-07-10,521.0,528.0,564,537
2017-07-11,522.0,530.0,543,535
2017-07-12,525.0,532.0,577,560
2017-07-13,528.0,535.0,568,563
2017-07-14,531.0,538.0,587,584
2017-07-15,534.0,542.0,584,584
2017-07-16,536.0,544.0,586,586
2017-07-17,538.0,546.0,596,579
2017-07-18,540.0,548.0,587,579
2017-07-19,542.0,550.0,585,567
2017-07-20,545.0,552.0,571,566
2017-07-21,546.0,553.0,585,579
2017-07-22,548.0,555.0,583,583
2017-07-23,549.0,556.0,583,583
2017-07-24,550.0,557.0,587,568
2017-07-25,551.0,558.0,578,572
2017-07-26,552.0,560.0,579,569
2017-07-27,554.0,561.0,574,570
2017-07-28,557.0,563.0,591,586
2017-07-29,559.0,566.0,587,587
2017-07-30,562.0,568.0,589,589
2017-07-31,563.0,570.0,594,561
2017-08-01,564.0,572.0,570,565
2017-08-02,566.0,573.0,571,557
2017-08-03,567.0,575.0,572,557
2017-08-04,568.0,576.0,580,577
2017-08-05,569.0,577.0,580,580
2017-08-06,571.0,578.0,584,584
2017-08-07,571.0,579.0,592,562
2017-08-08,571.0,580.0,571,563
2017-08-09,572.0,580.0,569,560
2017-08-10,573.0,581.0,572,563
2017-08-11,573.0,581.0,565,561
2017-08-12,573.0,580.0,561,561
2017-08-13,572.0,580.0,562,562
2017-08-14,571.0,579.0,566,548
2017-08-15,569.0,578.0,555,545
2017-08-16,568.0,577.0,554,522
2017-08-17,565.0,574.0,524,516
2017-08-18,564.0,573.0,533,527
2017-08-19,563.0,571.0,528,528
2017-08-20,561.0,569.0,529,529
2017-08-21,559.0,568.0,533,514
2017-08-22,557.0,566.0,524,518
2017-08-23,555.0,564.0,521,509
2017-08-24,553.0,562.0,518,509
2017-08-25,551.0,560.0,526,520
2017-08-26,549.0,558.0,522,522
2017-08-27,547.0,556.0,526,526
2017-08-28,544.0,554.0,532,498
2017-08-29,541.0,551.0,505,499
2017-08-30,539.0,548.0,500,482
2017-08-31,536.0,545.0,486,482
2017-09-01,534.0,543.0,500,493
2017-09-02,532.0,540.0,494,494
2017-09-03,529.0,538.0,499,499
2017-09-04,527.0,535.0,502,502
2017-09-05,523.0,533.0,507,490
2017-09-06,522.0,531.0,532,521
2017-09-07,521.0,529.0,523,516
2017-09-08,519.0,528.0,531,525
2017-09-09,518.0,526.0,527,527
2017-09-10,517.0,525.0,527,527
2017-09-11,516.0,524.0,534,530
2017-09-12,515.0,523.0,535,522
2017-09-13,513.0,522.0,527,511
2017-09-14,513.0,521.0,533,531
2017-09-15,513.0,520.0,537,529
2017-09-16,514.0,521.0,530,530
2017-09-17,514.0,521.0,532,532
2017-09-18,513.0,521.0,537,512
2017-09-19,513.0,521.0,521,516
2017-09-20,513.0,520.0,526,512
2017-09-21,513.0,521.0,535,528
2017-09-22,514.0,521.0,531,528
2017-09-23,514.0,522.0,529,529
2017-09-24,515.0,522.0,531,531
2017-09-25,516.0,524.0,585,567
2017-09-26,518.0,525.0,574,572
2017-09-27,520.0,527.0,574,568
2017-09-28,523.0,529.0,575,571
2017-09-29,526.0,532.0,584,581
2017-09-30,529.0,535.0,582,582
2017-10-01,532.0,538.0,584,584
2017-10-02,535.0,541.0,588,569
2017-10-03,537.0,544.0,575,567
2017-10-04,539.0,546.0,571,550
2017-10-05,541.0,547.0,552,548
2017-10-06,542.0,548.0,559,552
2017-10-07,543.0,549.0,552,551
2017-10-08,544.0,550.0,555,555
2017-10-09,545.0,551.0,555,555
2017-10-10,545.0,552.0,566,543
2017-10-11,546.0,553.0,557,544
2017-10-12,546.0,554.0,548,543
2017-10-13,548.0,555.0,559,554
2017-10-14,549.0,555.0,558,558
2017-10-15,550.0,556.0,559,559
2017-10-16,550.0,557.0,562,547
2017-10-17,551.0,558.0,555,552
2017-10-18,552.0,559.0,559,555
2017-10-19,554.0,560.0,568,558
2017-10-20,556.0,562.0,569,564
2017-10-21,557.0,563.0,570,570
2017-10-22,558.0,564.0,574,574
2017-10-23,559.0,566.0,583,559
2017-10-24,560.0,567.0,570,563
2017-10-25,560.0,567.0,571,547
2017-10-26,559.0,566.0,554,549
2017-10-27,559.0,566.0,558,554
2017-10-28,558.0,565.0,560,560
2017-10-29,558.0,564.0,560,560
2017-10-30,557.0,564.0,566,559
2017-10-31,556.0,563.0,560,556
2017-11-01,555.0,562.0,558,543
2017-11-02,554.0,561.0,547,544
2017-11-03,554.0,561.0,554,546
2017-11-04,554.0,560.0,547,547
2017-11-05,554.0,560.0,547,547
2017-11-06,553.0,560.0,551,513
2017-11-07,551.0,559.0,519,516
2017-11-08,550.0,558.0,519,514
2017-11-09,549.0,556.0,521,517
2017-11-10,548.0,555.0,520,520
2017-11-11,548.0,554.0,524,524
2017-11-12,547.0,553.0,524,524
2017-11-13,546.0,552.0,532,525
2017-11-14,545.0,551.0,539,533
2017-11-15,544.0,551.0,538,523
2017-11-16,543.0,550.0,528,524
2017-11-17,542.0,549.0,536,533
2017-11-18,541.0,548.0,533,533
2017-11-19,540.0,547.0,534,534
2017-11-20,539.0,546.0,540,524
2017-11-21,537.0,544.0,526,514
2017-11-22,536.0,542.0,528,521
2017-11-23,534.0,540.0,521,521
2017-11-24,533.0,539.0,523,521
2017-11-25,532.0,538.0,524,524
2017-11-26,532.0,537.0,526,526
2017-11-27,530.0,536.0,530,500
2017-11-28,527.0,534.0,504,492
2017-11-29,524.0,532.0,496,473
2017-11-30,521.0,529.0,479,466
2017-12-01,519.0,526.0,478,473
2017-12-02,517.0,524.0,474,474
2017-12-03,514.0,521.0,475,475
2017-12-04,512.0,519.0,483,475
2017-12-05,509.0,517.0,477,468
2017-12-06,508.0,514.0,472,459
2017-12-07,505.0,512.0,460,452
2017-12-08,503.0,510.0,462,450
2017-12-09,501.0,508.0,450,450
2017-12-10,499.0,506.0,450,450
2017-12-11,496.0,503.0,453,432
2017-12-12,493.0,500.0,439,433
2017-12-13,489.0,497.0,439,421
2017-12-14,485.0,493.0,426,419
2017-12-15,482.0,490.0,430,426
2017-12-16,479.0,486.0,427,427
2017-12-17,475.0,483.0,428,428
2017-12-18,471.0,480.0,442,412
2017-12-19,467.0,476.0,419,415
2017-12-20,464.0,472.0,423,409
2017-12-21,460.0,469.0,421,416
2017-12-22,458.0,466.0,445,442
2017-12-23,458.0,466.0,539,539
2017-12-24,459.0,467.0,540,540
2017-12-25,459.0,468.0,540,540
2017-12-26,460.0,468.0,543,537
2017-12-27,461.0,469.0,542,538
2017-12-28,462.0,470.0,539,532
2017-12-29,465.0,471.0,546,542
2017-12-30,467.0,474.0,544,544
2017-12-31,470.0,476.0,545,545
2018-01-01,472.0,478.0,545,545
2018-01-02,474.0,480.0,546,542
2018-01-03,477.0,484.0,578,563
2018-01-04,480.0,487.0,566,559
2018-01-05,484.0,490.0,574,573
2018-01-06,488.0,494.0,574,574
2018-01-07,492.0,498.0,574,574
2018-01-08,496.0,502.0,584,566
2018-01-09,500.0,506.0,575,570
2018-01-10,504.0,510.0,576,564
2018-01-11,509.0,515.0,568,562
2018-01-12,514.0,520.0,590,588
2018-01-13,520.0,525.0,589,589
2018-01-14,525.0,530.0,589,589
2018-01-15,531.0,536.0,589,589
2018-01-16,535.0,541.0,595,558
2018-01-17,540.0,545.0,561,557
2018-01-18,545.0,550.0,561,552
2018-01-19,550.0,555.0,564,559
2018-01-20,554.0,559.0,560,560
2018-01-21,558.0,563.0,562,562
2018-01-22,558.0,564.0,566,535
2018-01-23,558.0,564.0,541,528
2018-01-24,558.0,564.0,541,529
2018-01-25,557.0,564.0,547,534
2018-01-26,558.0,565.0,550,542
2018-01-27,558.0,565.0,542,542
2018-01-28,558.0,565.0,543,543
2018-01-29,557.0,565.0,546,529
2018-01-30,557.0,564.0,532,520
2018-01-31,557.0,565.0,569,554
2018-02-01,558.0,566.0,566,561
2018-02-02,558.0,566.0,580,574
2018-02-03,558.0,566.0,574,574
2018-02-04,558.0,566.0,574,573
2018-02-05,558.0,566.0,579,558
2018-02-06,557.0,566.0,560,551
2018-02-07,556.0,565.0,556,536
2018-02-08,555.0,564.0,539,538
2018-02-09,555.0,563.0,558,557
2018-02-10,555.0,563.0,557,557
2018-02-11,554.0,562.0,560,560
2018-02-12,552.0,561.0,568,539
2018-02-13,550.0,559.0,544,539
2018-02-14,548.0,558.0,544,531
2018-02-15,548.0,556.0,539,532
2018-02-16,547.0,556.0,550,547
2018-02-17,547.0,555.0,548,548
2018-02-18,547.0,555.0,549,549
2018-02-19,546.0,554.0,549,549
2018-02-20,545.0,554.0,553,521
2018-02-21,544.0,553.0,524,516
2018-02-22,544.0,552.0,521,520
2018-02-23,544.0,552.0,543,530
2018-02-24,544.0,552.0,532,532
2018-02-25,544.0,551.0,533,533
2018-02-26,543.0,551.0,539,521
2018-02-27,542.0,550.0,526,517
2018-02-28,541.0,550.0,520,499
2018-03-01,541.0,549.0,516,509
2018-03-02,539.0,547.0,512,512
2018-03-03,538.0,545.0,513,513
2018-03-04,536.0,543.0,513,513
2018-03-05,533.0,541.0,513,483
2018-03-06,530.0,538.0,488,481
2018-03-07,529.0,537.0,549,536
2018-03-08,528.0,537.0,542,536
2018-03-09,529.0,536.0,550,542
2018-03-10,529.0,536.0,542,542
2018-03-11,528.0,536.0,542,542
2018-03-12,527.0,536.0,547,529
2018-03-13,526.0,535.0,534,528
2018-03-14,526.0,534.0,533,522
2018-03-15,525.0,533.0,530,520
2018-03-16,525.0,533.0,531,526
2018-03-17,525.0,532.0,526,526
2018-03-18,524.0,531.0,526,526
2018-03-19,523.0,531.0,533,515
2018-03-20,522.0,530.0,521,517
2018-03-21,521.0,529.0,522,515
2018-03-22,521.0,528.0,521,517
2018-03-23,521.0,528.0,533,528
2018-03-24,521.0,529.0,529,529
2018-03-25,521.0,528.0,531,531
2018-03-26,521.0,528.0,535,520
2018-03-27,521.0,528.0,527,524
2018-03-28,522.0,530.0,586,564
2018-03-29,524.0,531.0,568,564
2018-03-30,526.0,533.0,587,582
2018-03-31,529.0,536.0,584,584
2018-04-01,531.0,538.0,584,584
2018-04-02,533.0,541.0,593,566
2018-04-03,535.0,543.0,569,562
2018-04-04,537.0,545.0,575,561
2018-04-05,540.0,547.0,566,559
2018-04-06,541.0,548.0,573,569
2018-04-07,542.0,549.0,570,570
2018-04-08,543.0,550.0,570,570
2018-04-09,544.0,551.0,576,564
2018-04-10,544.0,552.0,565,560
2018-04-11,545.0,552.0,563,556
2018-04-12,546.0,553.0,560,554
2018-04-13,548.0,554.0,567,564
2018-04-14,549.0,555.0,564,564
2018-04-15,550.0,556.0,565,564
2018-04-16,551.0,558.0,574,559
2018-04-17,552.0,559.0,563,552
2018-04-18,553.0,560.0,556,525
2018-04-19,553.0,560.0,535,524
2018-04-20,554.0,561.0,537,535
2018-04-21,554.0,561.0,535,535
2018-04-22,554.0,561.0,536,536
2018-04-23,554.0,562.0,542,527
2018-04-24,555.0,563.0,570,557
2018-04-25,556.0,564.0,562,554
2018-04-26,557.0,565.0,559,553
2018-04-27,557.0,565.0,570,569
2018-04-28,558.0,565.0,571,571
2018-04-29,557.0,564.0,572,572
2018-04-30,556.0,564.0,574,538
2018-05-01,554.0,562.0,542,535
2018-05-02,553.0,561.0,538,528
2018-05-03,552.0,559.0,533,529
2018-05-04,551.0,559.0,552,547
2018-05-05,551.0,558.0,550,550
2018-05-06,550.0,557.0,553,553
2018-05-07,550.0,557.0,555,548
2018-05-08,549.0,556.0,554,539
2018-05-09,548.0,556.0,577,557
2018-05-10,548.0,556.0,565,555
2018-05-11,549.0,557.0,570,567
2018-05-12,549.0,557.0,568,568
2018-05-13,549.0,557.0,569,569
2018-05-14,549.0,557.0,573,546
2018-05-15,548.0,557.0,553,543
2018-05-16,547.0,556.0,548,539
2018-05-17,547.0,556.0,546,538
2018-05-18,548.0,556.0,557,550
2018-05-19,549.0,556.0,550,550
2018-05-20,549.0,556.0,551,551
2018-05-21,549.0,557.0,556,534
2018-05-22,549.0,557.0,541,537
2018-05-23,551.0,558.0,575,569
2018-05-24,551.0,559.0,572,567
2018-05-25,552.0,559.0,589,587
2018-05-26,553.0,560.0,588,588
2018-05-27,554.0,561.0,590,590
2018-05-28,555.0,562.0,593,593
2018-05-29,554.0,563.0,599,568
2018-05-30,555.0,563.0,571,563
2018-05-31,556.0,563.0,567,563
2018-06-01,558.0,565.0,573,570
2018-06-02,559.0,566.0,571,571
2018-06-03,560.0,566.0,571,571
2018-06-04,560.0,567.0,575,544
2018-06-05,559.0,567.0,554,546
2018-06-06,559.0,567.0,547,543
2018-06-07,559.0,567.0,549,542
2018-06-08,559.0,566.0,559,546
2018-06-09,559.0,566.0,547,547
2018-06-10,558.0,565.0,550,550
2018-06-11,557.0,565.0,558,538
2018-06-12,556.0,564.0,543,538
2018-06-13,556.0,564.0,575,547
2018-06-14,556.0,564.0,548,538
2018-06-15,556.0,564.0,557,530
2018-06-16,555.0,564.0,530,530
2018-06-17,555.0,563.0,530,530
2018-06-18,553.0,562.0,535,511
2018-06-19,553.0,561.0,531,526
2018-06-20,553.0,562.0,565,555
2018-06-21,554.0,562.0,557,546
2018-06-22,553.0,562.0,556,552
2018-06-23,553.0,561.0,553,553
2018-06-24,551.0,560.0,554,554
2018-06-25,551.0,560.0,578,561
2018-06-26,549.0,559.0,571,554
2018-06-27,548.0,558.0,556,543
2018-06-28,547.0,556.0,558,553
2018-06-29,547.0,556.0,562,554
2018-06-30,547.0,556.0,555,555
2018-07-01,546.0,555.0,555,555
2018-07-02,545.0,554.0,555,531
2018-07-03,543.0,553.0,536,532
2018-07-04,543.0,552.0,537,537
2018-07-05,543.0,552.0,542,537
2018-07-06,543.0,552.0,551,549
2018-07-07,543.0,552.0,549,549
2018-07-08,543.0,551.0,549,549
2018-07-09,543.0,552.0,556,542
2018-07-10,543.0,552.0,546,539
2018-07-11,542.0,551.0,543,515
2018-07-12,542.0,551.0,528,526
2018-07-13,542.0,550.0,550,546
2018-07-14,542.0,550.0,548,548
2018-07-15,543.0,549.0,548,548
2018-07-16,543.0,550.0,554,528
2018-07-17,542.0,550.0,536,525
2018-07-18,544.0,551.0,564,556
2018-07-19,545.0,552.0,563,557
2018-07-20,546.0,553.0,579,574
2018-07-21,547.0,554.0,575,575
2018-07-22,547.0,554.0,576,576
2018-07-23,547.0,555.0,584,550
2018-07-24,547.0,555.0,558,551
2018-07-25,547.0,555.0,554,550
2018-07-26,547.0,554.0,561,553
2018-07-27,547.0,555.0,566,564
2018-07-28,548.0,555.0,565,564
2018-07-29,548.0,555.0,571,571
2018-07-30,548.0,556.0,578,538
2018-07-31,547.0,556.0,543,533
2018-08-01,547.0,555.0,535,532
2018-08-02,547.0,555.0,537,532
2018-08-03,547.0,555.0,545,539
2018-08-04,547.0,555.0,541,541
2018-08-05,547.0,555.0,544,544
2018-08-06,546.0,555.0,553,522
2018-08-07,545.0,554.0,528,520
2018-08-08,546.0,554.0,555,549
2018-08-09,546.0,554.0,552,549
2018-08-10,549.0,557.0,605,599
2018-08-11,551.0,559.0,599,599
2018-08-12,553.0,561.0,601,601
2018-08-13,554.0,563.0,609,569
2018-08-14,554.0,564.0,575,568
2018-08-15,556.0,565.0,599,592
2018-08-16,559.0,567.0,595,591
2018-08-17,560.0,568.0,597,589
2018-08-18,561.0,569.0,591,591
2018-08-19,561.0,569.0,591,591
2018-08-20,561.0,570.0,599,568
2018-08-21,561.0,570.0,574,568
2018-08-22,562.0,570.0,586,581
2018-08-23,563.0,571.0,584,579
2018-08-24,564.0,572.0,588,577
2018-08-25,565.0,573.0,578,578
2018-08-26,565.0,573.0,578,578
2018-08-27,564.0,574.0,587,526
2018-08-28,562.0,573.0,536,519
2018-08-29,561.0,571.0,522,518
2018-08-30,561.0,570.0,527,519
2018-08-31,562.0,571.0,551,549
2018-09-01,562.0,571.0,550,550
2018-09-02,563.0,572.0,551,551
2018-09-03,563.0,572.0,555,555
2018-09-04,563.0,573.0,566,543
2018-09-05,564.0,573.0,548,541
2018-09-06,565.0,574.0,573,565
2018-09-07,566.0,575.0,597,581
2018-09-08,567.0,576.0,583,583
2018-09-09,567.0,576.0,583,583
2018-09-10,566.0,575.0,586,567
2018-09-11,564.0,574.0,570,562
2018-09-12,564.0,573.0,563,558
2018-09-13,565.0,573.0,592,589
2018-09-14,565.0,573.0,597,594
2018-09-15,565.0,573.0,596,596
2018-09-16,565.0,573.0,599,599
2018-09-17,564.0,574.0,613,564
2018-09-18,564.0,574.0,573,567
2018-09-19,565.0,574.0,601,596
2018-09-20,565.0,574.0,601,595
2018-09-21,566.0,575.0,604,589
2018-09-22,566.0,575.0,594,593
2018-09-23,567.0,576.0,595,595
2018-09-24,567.0,576.0,604,593
2018-09-25,568.0,577.0,599,590
2018-09-26,569.0,577.0,595,579
2018-09-27,572.0,580.0,598,591
2018-09-28,574.0,582.0,598,592
2018-09-29,577.0,584.0,594,594
2018-09-30,578.0,586.0,596,596
2018-10-01,579.0,587.0,599,560
2018-10-02,579.0,588.0,566,560
2018-10-03,579.0,588.0,569,566
2018-10-04,581.0,590.0,599,588
2018-10-05,583.0,591.0,601,596
2018-10-06,584.0,592.0,599,599
2018-10-07,584.0,592.0,600,600
2018-10-08,585.0,593.0,602,602
2018-10-09,585.0,594.0,608,586
2018-10-10,586.0,594.0,590,584
2018-10-11,587.0,594.0,587,585
2018-10-12,588.0,596.0,609,591
2018-10-13,588.0,596.0,594,594
2018-10-14,588.0,596.0,596,596
2018-10-15,587.0,596.0,599,574
2018-10-16,586.0,595.0,580,572
2018-10-17,587.0,594.0,582,577
2018-10-18,588.0,596.0,611,605
2018-10-19,588.0,596.0,607,606
2018-10-20,589.0,596.0,607,607
2018-10-21,589.0,596.0,609,609
2018-10-22,589.0,597.0,612,590
2018-10-23,589.0,597.0,592,588
2018-10-24,589.0,596.0,595,592
2018-10-25,589.0,596.0,594,592
2018-10-26,590.0,597.0,608,608
2018-10-27,591.0,597.0,608,608
2018-10-28,591.0,597.0,610,610
2018-10-29,591.0,598.0,616,578
2018-10-30,590.0,598.0,581,573
2018-10-31,590.0,597.0,576,576
2018-11-01,591.0,597.0,579,576
2018-11-02,592.0,599.0,618,602
2018-11-03,593.0,599.0,602,602
2018-11-04,593.0,599.0,605,605
2018-11-05,592.0,600.0,610,572
2018-11-06,591.0,599.0,581,575
2018-11-07,590.0,598.0,576,573
2018-11-08,590.0,598.0,593,592
2018-11-09,591.0,598.0,598,593
2018-11-10,591.0,598.0,593,593
2018-11-11,591.0,598.0,596,596
2018-11-12,591.0,598.0,597,597
2018-11-13,590.0,598.0,599,570
2018-11-14,590.0,597.0,575,574
2018-11-15,591.0,598.0,609,601
2018-11-16,592.0,599.0,604,600
2018-11-17,592.0,598.0,600,600
2018-11-18,592.0,598.0,606,606
2018-11-19,590.0,598.0,609,553
2018-11-20,588.0,597.0,555,547
2018-11-21,588.0,596.0,586,581
2018-11-22,588.0,595.0,583,583
2018-11-23,587.0,595.0,589,586
2018-11-24,587.0,595.0,588,588
2018-11-25,587.0,594.0,589,589
2018-11-26,585.0,594.0,592,559
2018-11-27,583.0,592.0,561,557
2018-11-28,582.0,590.0,557,547
2018-11-29,582.0,590.0,569,562
2018-11-30,581.0,590.0,568,564
2018-12-01,581.0,589.0,564,564
2018-12-02,580.0,587.0,565,565
2018-12-03,578.0,586.0,567,540
2018-12-04,575.0,584.0,543,536
2018-12-05,574.0,582.0,538,537
2018-12-06,574.0,581.0,563,559
2018-12-07,573.0,581.0,568,565
2018-12-08,573.0,580.0,565,565
2018-12-09,572.0,579.0,566,566
2018-12-10,570.0,578.0,571,538
2018-12-11,568.0,576.0,548,544
2018-12-12,567.0,575.0,563,557
2018-12-13,568.0,575.0,601,592
2018-12-14,568.0,576.0,596,590
2018-12-15,568.0,576.0,594,594
2018-12-16,568.0,575.0,594,594
2018-12-17,566.0,576.0,607,559
2018-12-18,565.0,574.0,567,562
2018-12-19,565.0,573.0,563,550
2018-12-20,567.0,575.0,611,609
2018-12-21,567.0,575.0,612,602
2018-12-22,568.0,576.0,603,603
2018-12-23,569.0,577.0,603,603
2018-12-24,569.0,577.0,610,610
2018-12-25,570.0,578.0,613,613
2018-12-26,571.0,579.0,616,589
2018-12-27,572.0,580.0,604,593
2018-12-28,574.0,582.0,598,596
2018-12-29,575.0,583.0,596,596
2018-12-30,576.0,584.0,598,598
2018-12-31,578.0,585.0,605,605
2019-01-01,579.0,586.0,605,605
2019-01-02,581.0,588.0,610,603
2019-01-03,583.0,590.0,605,598
2019-01-04,585.0,592.0,604,598
2019-01-05,587.0,593.0,599,599
2019-01-06,588.0,594.0,599,599
2019-01-07,588.0,596.0,629,589
2019-01-08,590.0,598.0,605,601
2019-01-09,592.0,599.0,605,599
2019-01-10,594.0,601.0,615,605
2019-01-11,595.0,603.0,609,600
2019-01-12,595.0,602.0,600,600
2019-01-13,596.0,603.0,601,601
2019-01-14,595.0,603.0,608,581
2019-01-15,595.0,603.0,589,582
2019-01-16,596.0,602.0,587,584
2019-01-17,597.0,604.0,606,600
2019-01-18,599.0,605.0,610,602
2019-01-19,599.0,605.0,602,602
2019-01-20,599.0,605.0,602,602
2019-01-21,598.0,604.0,602,600
2019-01-22,597.0,605.0,606,567
2019-01-23,596.0,603.0,571,570
2019-01-24,595.0,603.0,597,593
2019-01-25,595.0,602.0,604,593
2019-01-26,595.0,602.0,593,593
2019-01-27,595.0,602.0,593,593
2019-01-28,596.0,603.0,626,607
2019-01-29,596.0,603.0,615,612
2019-01-30,597.0,604.0,618,618
2019-01-31,597.0,604.0,619,619
2019-02-01,598.0,605.0,634,626
2019-02-02,599.0,606.0,626,626
2019-02-03,600.0,607.0,626,626
2019-02-04,600.0,608.0,638,610
2019-02-05,600.0,608.0,616,609
2019-02-06,601.0,608.0,612,610
2019-02-07,601.0,608.0,617,601
2019-02-08,601.0,608.0,607,604
2019-02-09,601.0,608.0,604,604
2019-02-10,601.0,608.0,605,604
2019-02-11,600.0,608.0,611,572
2019-02-12,599.0,607.0,574,568
2019-02-13,599.0,606.0,571,563
2019-02-14,598.0,606.0,581,569
2019-02-15,598.0,606.0,582,579
2019-02-16,597.0,605.0,581,581
2019-02-17,597.0,604.0,601,601
2019-02-18,597.0,604.0,602,602
2019-02-19,597.0,605.0,608,595
2019-02-20,597.0,605.0,606,604
2019-02-21,599.0,605.0,614,610
2019-02-22,600.0,606.0,614,608
2019-02-23,601.0,607.0,610,610
2019-02-24,601.0,607.0,610,610
2019-02-25,601.0,608.0,613,594
2019-02-26,601.0,608.0,597,586
2019-02-27,600.0,607.0,596,590
2019-02-28,600.0,607.0,609,603
2019-03-01,600.0,607.0,619,614
2019-03-02,600.0,607.0,615,615
2019-03-03,599.0,606.0,616,616
2019-03-04,598.0,606.0,623,594
2019-03-05,597.0,605.0,597,589
2019-03-06,597.0,604.0,599,597
2019-03-07,596.0,603.0,608,602
2019-03-08,596.0,603.0,606,600
2019-03-09,596.0,603.0,600,600
2019-03-10,596.0,602.0,602,602
2019-03-11,595.0,603.0,610,580
2019-03-12,594.0,602.0,585,578
2019-03-13,595.0,601.0,584,581
2019-03-14,595.0,602.0,598,591
2019-03-15,597.0,603.0,616,610
2019-03-16,598.0,604.0,610,610
2019-03-17,600.0,605.0,614,613
2019-03-18,600.0,607.0,622,582
2019-03-19,599.0,606.0,587,580
2019-03-20,598.0,606.0,588,579
2019-03-21,598.0,605.0,588,579
2019-03-22,597.0,604.0,584,581
2019-03-23,596.0,603.0,581,581
2019-03-24,595.0,602.0,586,586
2019-03-25,594.0,602.0,589,572
2019-03-26,592.0,601.0,578,566
2019-03-27,592.0,600.0,582,575
2019-03-28,591.0,599.0,580,577
2019-03-29,591.0,599.0,582,576
2019-03-30,590.0,598.0,576,576
2019-03-31,589.0,596.0,580,580
2019-04-01,588.0,596.0,612,583
2019-04-02,587.0,595.0,588,584
2019-04-03,587.0,594.0,595,590
2019-04-04,587.0,594.0,600,591
2019-04-05,586.0,594.0,594,586
2019-04-06,586.0,594.0,588,588
2019-04-07,586.0,593.0,590,590
2019-04-08,584.0,593.0,594,565
2019-04-09,583.0,592.0,568,561
2019-04-10,583.0,590.0,569,565
2019-04-11,582.0,590.0,574,572
2019-04-12,583.0,590.0,601,593
2019-04-13,583.0,590.0,594,594
2019-04-14,582.0,590.0,594,594
2019-04-15,582.0,589.0,595,591
2019-04-16,581.0,588.0,593,590
2019-04-17,581.0,588.0,599,597
2019-04-18,582.0,588.0,601,597
2019-04-19,582.0,588.0,600,594
2019-04-20,583.0,589.0,595,595
2019-04-21,583.0,589.0,595,595
2019-04-22,584.0,591.0,632,591
2019-04-23,584.0,591.0,594,585
2019-04-24,584.0,591.0,589,586
2019-04-25,585.0,591.0,589,587
2019-04-26,585.0,592.0,590,586
2019-04-27,586.0,592.0,589,589
2019-04-28,586.0,592.0,592,592
2019-04-29,587.0,594.0,616,591
2019-04-30,587.0,594.0,593,589
2019-05-01,587.0,594.0,595,591
2019-05-02,588.0,594.0,613,606
2019-05-03,589.0,595.0,615,613
2019-05-04,590.0,596.0,614,614
2019-05-05,591.0,596.0,616,616
2019-05-06,591.0,597.0,621,599
2019-05-07,591.0,598.0,602,594
2019-05-08,592.0,598.0,597,594
2019-05-09,593.0,599.0,607,591
2019-05-10,594.0,600.0,600,595
2019-05-11,595.0,601.0,596,596
2019-05-12,595.0,601.0,596,596
2019-05-13,595.0,602.0,622,592
2019-05-14,595.0,602.0,600,592
2019-05-15,595.0,602.0,594,588
2019-05-16,595.0,602.0,602,600
2019-05-17,595.0,602.0,606,600
2019-05-18,595.0,602.0,603,603
2019-05-19,596.0,603.0,605,605
2019-05-20,595.0,603.0,611,571
2019-05-21,594.0,603.0,578,573
2019-05-22,593.0,601.0,584,570
2019-05-23,593.0,601.0,588,582
2019-05-24,593.0,601.0,588,584
2019-05-25,593.0,601.0,586,586
2019-05-26,593.0,601.0,589,589
2019-05-27,593.0,601.0,589,570
2019-05-28,593.0,601.0,591,589
2019-05-29,593.0,600.0,600,594
2019-05-30,593.0,601.0,613,601
2019-05-31,594.0,601.0,607,604
2019-06-01,594.0,601.0,605,605
2019-06-02,593.0,601.0,608,608
2019-06-03,592.0,600.0,610,586
2019-06-04,591.0,600.0,590,585
2019-06-05,591.0,599.0,592,587
2019-06-06,591.0,599.0,604,597
2019-06-07,591.0,599.0,605,601
2019-06-08,592.0,599.0,621,621
2019-06-09,593.0,600.0,628,628
2019-06-10,594.0,602.0,634,602
2019-06-11,594.0,602.0,605,597
2019-06-12,594.0,601.0,602,598
2019-06-13,594.0,601.0,600,596
2019-06-14,595.0,603.0,633,630
2019-06-15,596.0,604.0,631,631
2019-06-16,598.0,605.0,660,660
2019-06-17,600.0,607.0,663,644
2019-06-18,601.0,609.0,647,642
2019-06-19,603.0,610.0,651,638
2019-06-20,606.0,613.0,659,657
2019-06-21,609.0,615.0,661,658
2019-06-22,612.0,618.0,659,659
2019-06-23,614.0,620.0,664,664
2019-06-24,616.0,623.0,665,634
2019-06-25,617.0,625.0,642,636
2019-06-26,620.0,626.0,640,634
2019-06-27,622.0,629.0,658,653
2019-06-28,624.0,630.0,656,653
2019-06-29,625.0,632.0,653,653
2019-06-30,627.0,633.0,655,655
2019-07-01,627.0,635.0,661,617
2019-07-02,628.0,636.0,626,623
2019-07-03,630.0,637.0,635,633
2019-07-04,631.0,638.0,634,634
2019-07-05,633.0,640.0,639,637
2019-07-06,634.0,641.0,639,639
2019-07-07,636.0,642.0,640,640
2019-07-08,636.0,643.0,643,624
2019-07-09,635.0,643.0,627,608
2019-07-10,635.0,642.0,609,603
2019-07-11,635.0,642.0,613,607
2019-07-12,636.0,642.0,612,605
2019-07-13,636.0,643.0,609,609
2019-07-14,637.0,643.0,648,648
2019-07-15,636.0,644.0,654,623
2019-07-16,635.0,643.0,630,622
2019-07-17,634.0,642.0,624,621
2019-07-18,634.0,642.0,640,637
2019-07-19,634.0,641.0,645,642
2019-07-20,634.0,641.0,644,644
2019-07-21,633.0,640.0,644,644
2019-07-22,632.0,640.0,647,615
2019-07-23,630.0,638.0,619,617
2019-07-24,630.0,637.0,622,613
2019-07-25,629.0,637.0,630,621
2019-07-26,629.0,636.0,624,623
2019-07-27,628.0,635.0,624,624
2019-07-28,627.0,634.0,624,624
2019-07-29,626.0,633.0,627,614
2019-07-30,624.0,632.0,616,608
2019-07-31,624.0,630.0,609,603
2019-08-01,624.0,631.0,650,636
2019-08-02,624.0,631.0,644,631
2019-08-03,624.0,631.0,632,632
2019-08-04,624.0,631.0,633,633
2019-08-05,622.0,631.0,638,603
2019-08-06,621.0,630.0,610,605
2019-08-07,620.0,629.0,608,600
2019-08-08,621.0,628.0,614,611
2019-08-09,621.0,628.0,615,612
2019-08-10,621.0,629.0,624,624
2019-08-11,622.0,629.0,626,626
2019-08-12,622.0,630.0,632,607
2019-08-13,621.0,629.0,611,606
2019-08-14,621.0,628.0,620,618
2019-08-15,621.0,627.0,626,622
2019-08-16,620.0,627.0,626,617
2019-08-17,620.0,627.0,617,617
2019-08-18,619.0,626.0,618,618
2019-08-19,617.0,625.0,625,581
2019-08-20,615.0,623.0,585,584
2019-08-21,614.0,621.0,590,583
2019-08-22,613.0,620.0,595,594
2019-08-23,612.0,620.0,598,587
2019-08-24,611.0,618.0,589,589
2019-08-25,610.0,617.0,589,589
2019-08-26,608.0,616.0,595,562
2019-08-27,606.0,614.0,565,559
2019-08-28,604.0,612.0,562,555
2019-08-29,602.0,610.0,569,566
2019-08-30,601.0,609.0,573,573
2019-08-31,599.0,607.0,575,575
2019-09-01,598.0,605.0,577,577
2019-09-02,595.0,603.0,581,555
2019-09-03,592.0,600.0,560,553
2019-09-04,590.0,598.0,556,542
2019-09-05,588.0,596.0,549,547
2019-09-06,587.0,594.0,572,570
2019-09-07,586.0,593.0,572,572
2019-09-08,585.0,592.0,573,573
2019-09-09,583.0,590.0,578,561
2019-09-10,580.0,588.0,564,551
2019-09-11,578.0,585.0,552,536
2019-09-12,576.0,583.0,549,545
2019-09-13,573.0,581.0,553,548
2019-09-14,571.0,578.0,548,548
2019-09-15,569.0,576.0,548,548
2019-09-16,565.0,574.0,554,507
2019-09-17,561.0,570.0,509,503
2019-09-18,558.0,566.0,506,502
2019-09-19,556.0,564.0,515,507
2019-09-20,553.0,561.0,511,500
2019-09-21,550.0,558.0,501,501
2019-09-22,547.0,555.0,504,504
2019-09-23,544.0,552.0,512,486
2019-09-24,540.0,549.0,493,484
2019-09-25,538.0,546.0,493,492
2019-09-26,536.0,543.0,494,484
2019-09-27,534.0,542.0,505,503
2019-09-28,532.0,539.0,505,505
2019-09-29,529.0,537.0,505,505
2019-09-30,526.0,535.0,510,473
2019-10-01,523.0,532.0,476,474
2019-10-02,520.0,528.0,481,480
2019-10-03,518.0,526.0,489,481
2019-10-04,516.0,524.0,487,484
2019-10-05,514.0,521.0,485,485
2019-10-06,511.0,519.0,485,485
2019-10-07,507.0,516.0,489,467
2019-10-08,504.0,513.0,475,472
2019-10-09,501.0,509.0,481,479
2019-10-10,500.0,507.0,507,501
2019-10-11,498.0,506.0,505,500
2019-10-12,497.0,504.0,503,503
2019-10-13,496.0,503.0,503,503
2019-10-14,493.0,501.0,503,478
2019-10-15,490.0,499.0,483,465
2019-10-16,489.0,496.0,469,463
2019-10-17,488.0,495.0,474,469
2019-10-18,487.0,494.0,476,473
2019-10-19,486.0,493.0,473,473
2019-10-20,485.0,491.0,475,475
2019-10-21,484.0,491.0,477,462
2019-10-22,482.0,489.0,467,460
2019-10-23,481.0,488.0,470,458
2019-10-24,481.0,488.0,486,483
2019-10-25,481.0,488.0,492,484
2019-10-26,481.0,487.0,485,484
2019-10-27,480.0,487.0,485,485
2019-10-28,479.0,486.0,487,453
2019-10-29,477.0,484.0,456,455
2019-10-30,476.0,483.0,455,453
2019-10-31,476.0,482.0,469,467
2019-11-01,476.0,482.0,469,465
2019-11-02,475.0,481.0,466,466
2019-11-03,474.0,481.0,466,466
2019-11-04,473.0,480.0,470,437
2019-11-05,471.0,479.0,441,432
2019-11-06,470.0,477.0,437,432
2019-11-07,469.0,476.0,450,446
2019-11-08,468.0,475.0,452,450
2019-11-09,466.0,473.0,450,450
2019-11-10,465.0,471.0,450,450
2019-11-11,463.0,470.0,450,442
2019-11-12,461.0,468.0,451,444
2019-11-13,459.0,466.0,447,438
2019-11-14,459.0,465.0,454,444
2019-11-15,458.0,464.0,445,442
2019-11-16,457.0,463.0,443,443
2019-11-17,456.0,462.0,443,443
2019-11-18,455.0,461.0,448,428
2019-11-19,453.0,460.0,432,424
2019-11-20,452.0,458.0,430,421
2019-11-21,450.0,457.0,429,424
2019-11-22,449.0,456.0,430,428
2019-11-23,448.0,454.0,429,429
2019-11-24,446.0,452.0,429,429
2019-11-25,443.0,450.0,431,406
2019-11-26,440.0,447.0,407,396
2019-11-27,439.0,445.0,417,412
2019-11-28,437.0,443.0,412,412
2019-11-29,436.0,442.0,420,419
2019-11-30,435.0,441.0,419,419
2019-12-01,433.0,439.0,420,420
2019-12-02,431.0,438.0,423,402
2019-12-03,429.0,436.0,406,399
2019-12-04,427.0,433.0,403,397
2019-12-05,426.0,432.0,413,405
2019-12-06,426.0,431.0,410,407
2019-12-07,424.0,430.0,407,407
2019-12-08,423.0,428.0,407,407
2019-12-09,421.0,427.0,408,384
2019-12-10,418.0,425.0,386,381
2019-12-11,416.0,423.0,386,383
2019-12-12,415.0,421.0,392,387
2019-12-13,413.0,419.0,395,390
2019-12-14,411.0,417.0,391,391
2019-12-15,409.0,415.0,391,390
2019-12-16,407.0,414.0,397,375
2019-12-17,405.0,412.0,379,378
2019-12-18,403.0,409.0,379,375
2019-12-19,402.0,408.0,399,396
2019-12-20,402.0,407.0,402,399
2019-12-21,401.0,406.0,399,399
2019-12-22,400.0,405.0,399,399
2019-12-23,398.0,404.0,405,389
2019-12-24,397.0,403.0,390,390
2019-12-25,397.0,402.0,390,390
2019-12-26,397.0,402.0,414,412
2019-12-27,397.0,402.0,415,413
2019-12-28,397.0,402.0,413,413
2019-12-29,397.0,402.0,413,413
2019-12-30,397.0,402.0,417,416
2019-12-31,397.0,402.0,418,414
2020-01-01,397.0,401.0,415,415
2020-01-02,398.0,402.0,424,418
2020-01-03,399.0,403.0,430,429
2020-01-04,400.0,403.0,431,431
2020-01-05,400.0,404.0,431,431
2020-01-06,400.0,405.0,436,398
2020-01-07,400.0,405.0,401,396
2020-01-08,400.0,405.0,400,395
2020-01-09,401.0,405.0,406,400
2020-01-10,402.0,406.0,408,407
2020-01-11,402.0,406.0,407,407
2020-01-12,403.0,407.0,407,407
2020-01-13,403.0,408.0,410,395
2020-01-14,403.0,408.0,396,386
2020-01-15,403.0,408.0,391,389
2020-01-16,404.0,408.0,395,392
2020-01-17,404.0,409.0,394,389
2020-01-18,404.0,408.0,389,389
2020-01-19,404.0,408.0,390,390
2020-01-20,403.0,408.0,392,365
2020-01-21,402.0,407.0,373,372
2020-01-22,401.0,406.0,379,376
2020-01-23,401.0,406.0,385,381
2020-01-24,401.0,406.0,391,387
2020-01-25,400.0,405.0,388,388
2020-01-26,399.0,404.0,388,388
2020-01-27,398.0,403.0,390,373
2020-01-28,397.0,402.0,380,379
2020-01-29,396.0,401.0,386,381
2020-01-30,394.0,400.0,386,381
2020-01-31,393.0,399.0,386,384
2020-02-01,392.0,398.0,384,384
2020-02-02,391.0,396.0,384,384
2020-02-03,388.0,395.0,389,356
2020-02-04,386.0,393.0,365,359
2020-02-05,385.0,390.0,367,357
2020-02-06,383.0,389.0,361,354
2020-02-07,382.0,388.0,362,360
2020-02-08,381.0,386.0,360,360
2020-02-09,379.0,384.0,360,360
2020-02-10,377.0,383.0,360,341
2020-02-11,375.0,381.0,346,342
2020-02-12,373.0,379.0,344,341
2020-02-13,373.0,378.0,383,381
2020-02-14,373.0,378.0,391,388
2020-02-15,373.0,378.0,390,390
2020-02-16,373.0,378.0,395,394
2020-02-17,372.0,378.0,394,363
2020-02-18,371.0,378.0,367,362
2020-02-19,372.0,378.0,400,395
2020-02-20,373.0,379.0,404,396
2020-02-21,374.0,380.0,403,399
2020-02-22,374.0,380.0,399,399
2020-02-23,375.0,380.0,399,399
2020-02-24,374.0,381.0,400,383
2020-02-25,374.0,381.0,386,383
2020-02-26,374.0,380.0,384,376
2020-02-27,374.0,380.0,379,379
2020-02-28,374.0,380.0,381,375
2020-02-29,374.0,380.0,377,377
2020-03-01,374.0,380.0,378,378
2020-03-02,373.0,380.0,384,351
2020-03-03,371.0,379.0,353,346
2020-03-04,371.0,378.0,353,348
2020-03-05,371.0,378.0,367,362
2020-03-06,372.0,378.0,373,367
2020-03-07,372.0,378.0,370,370
2020-03-08,372.0,378.0,370,370
2020-03-09,372.0,379.0,370,353
2020-03-10,372.0,378.0,354,354
2020-03-11,373.0,379.0,362,357
2020-03-12,375.0,381.0,423,418
2020-03-13,378.0,384.0,421,419
2020-03-14,379.0,385.0,420,420
2020-03-15,380.0,386.0,421,421
2020-03-16,380.0,387.0,423,401
2020-03-17,381.0,387.0,404,397
2020-03-18,382.0,388.0,402,401
2020-03-19,383.0,389.0,403,398
2020-03-20,383.0,389.0,402,397
2020-03-21,383.0,389.0,397,397
2020-03-22,383.0,388.0,397,397
2020-03-23,382.0,388.0,398,377
2020-03-24,382.0,388.0,377,374
2020-03-25,381.0,387.0,374,371
2020-03-26,381.0,386.0,372,369
2020-03-27,381.0,386.0,383,383
2020-03-28,381.0,386.0,383,383
2020-03-29,381.0,386.0,383,383
2020-03-30,381.0,387.0,384,361
2020-03-31,381.0,386.0,371,371
2020-04-01,381.0,386.0,378,377
2020-04-02,382.0,387.0,377,377
2020-04-03,384.0,388.0,389,383
2020-04-04,384.0,389.0,383,383
2020-04-05,385.0,389.0,383,383
2020-04-06,385.0,390.0,391,375
2020-04-07,385.0,390.0,382,382
2020-04-08,386.0,391.0,383,378
2020-04-09,387.0,392.0,387,386
2020-04-10,388.0,393.0,386,384
2020-04-11,386.0,391.0,384,347
2020-04-12,383.0,389.0,347,347
2020-04-13,380.0,386.0,347,332
2020-04-14,377.0,383.0,332,328
2020-04-15,375.0,380.0,328,326
2020-04-16,372.0,378.0,326,324
2020-04-17,370.0,375.0,324,320
2020-04-18,367.0,372.0,320,320
2020-04-19,365.0,370.0,320,320
2020-04-20,362.0,367.0,323,306
2020-04-21,359.0,364.0,306,306
2020-04-22,356.0,361.0,306,303
2020-04-23,354.0,358.0,303,300
2020-04-24,351.0,356.0,300,298
2020-04-25,349.0,354.0,298,298
2020-04-26,346.0,351.0,298,298
2020-04-27,343.0,348.0,298,294
2020-04-28,340.0,345.0,295,293
2020-04-29,338.0,342.0,293,289
2020-04-30,335.0,339.0,289,287
2020-05-01,332.0,336.0,288,288
2020-05-02,329.0,333.0,288,288
2020-05-03,326.0,330.0,288,288
2020-05-04,322.0,327.0,288,287
2020-05-05,319.0,324.0,292,292
2020-05-06,317.0,320.0,293,293
2020-05-07,314.0,318.0,295,295
2020-05-08,311.0,315.0,298,296
2020-05-09,308.0,312.0,296,296
2020-05-10,305.0,309.0,296,296
2020-05-11,303.0,306.0,304,293
2020-05-12,301.0,304.0,294,289
2020-05-13,300.0,302.0,290,286
2020-05-14,299.0,301.0,287,287
2020-05-15,297.0,299.0,287,286
2020-05-16,296.0,298.0,286,286
2020-05-17,295.0,297.0,286,286
2020-05-18,293.0,296.0,288,274
2020-05-19,292.0,294.0,276,275
2020-05-20,291.0,293.0,275,275
2020-05-21,290.0,292.0,275,274
2020-05-22,289.0,291.0,283,283
2020-05-23,288.0,290.0,283,282
2020-05-24,288.0,290.0,282,282
2020-05-25,287.0,289.0,282,267
2020-05-26,286.0,288.0,269,266
2020-05-27,285.0,287.0,268,268
2020-05-28,284.0,286.0,270,269
2020-05-29,284.0,286.0,278,277
2020-05-30,283.0,285.0,277,277
2020-05-31,283.0,285.0,277,277
2020-06-01,282.0,285.0,280,273
2020-06-02,282.0,284.0,275,272
2020-06-03,282.0,284.0,275,275
2020-06-04,281.0,283.0,276,276
2020-06-05,281.0,283.0,287,287
2020-06-06,281.0,283.0,287,287
2020-06-07,280.0,283.0,287,287
2020-06-08,280.0,282.0,289,281
2020-06-09,279.0,282.0,287,287
2020-06-10,279.0,281.0,287,286
2020-06-11,279.0,281.0,291,291
2020-06-12,280.0,281.0,294,293
2020-06-13,280.0,282.0,293,293
2020-06-14,280.0,282.0,293,293
2020-06-15,280.0,282.0,296,287
2020-06-16,280.0,282.0,294,293
2020-06-17,281.0,283.0,295,294
2020-06-18,282.0,283.0,295,295
2020-06-19,282.0,284.0,297,296
2020-06-20,283.0,285.0,296,296
2020-06-21,283.0,285.0,296,296
2020-06-22,284.0,286.0,301,287
2020-06-23,284.0,286.0,289,289
2020-06-24,285.0,286.0,292,290
2020-06-25,285.0,287.0,292,292
2020-06-26,286.0,288.0,294,294
2020-06-27,287.0,289.0,294,294
2020-06-28,288.0,289.0,294,294
2020-06-29,288.0,290.0,299,290
2020-06-30,289.0,291.0,293,293
2020-07-01,289.0,291.0,297,295
2020-07-02,290.0,292.0,295,295
2020-07-03,291.0,293.0,297,296
2020-07-04,292.0,293.0,296,296
2020-07-05,292.0,294.0,296,296
2020-07-06,292.0,294.0,299,282
2020-07-07,292.0,294.0,287,287
2020-07-08,292.0,294.0,292,292
2020-07-09,292.0,294.0,298,297
2020-07-10,293.0,295.0,313,312
2020-07-11,294.0,296.0,312,312
2020-07-12,295.0,297.0,312,312
2020-07-13,295.0,297.0,313,291
2020-07-14,295.0,297.0,294,294
2020-07-15,295.0,297.0,298,297
2020-07-16,295.0,297.0,298,296
2020-07-17,295.0,298.0,301,299
2020-07-18,295.0,298.0,299,299
2020-07-19,295.0,298.0,300,300
2020-07-20,295.0,298.0,302,278
2020-07-21,294.0,298.0,280,279
2020-07-22,294.0,297.0,283,283
2020-07-23,294.0,297.0,285,283
2020-07-24,294.0,297.0,296,295
2020-07-25,294.0,297.0,295,295
2020-07-26,294.0,297.0,295,295
2020-07-27,294.0,297.0,303,286
2020-07-28,294.0,297.0,291,291
2020-07-29,294.0,297.0,293,292
2020-07-30,294.0,297.0,292,288
2020-07-31,294.0,297.0,293,292
2020-08-01,294.0,297.0,293,293
2020-08-02,294.0,297.0,294,294
2020-08-03,293.0,297.0,296,281
2020-08-04,293.0,296.0,283,281
2020-08-05,293.0,296.0,283,283
2020-08-06,293.0,296.0,288,287
2020-08-07,293.0,296.0,293,292
2020-08-08,292.0,296.0,292,292
2020-08-09,292.0,295.0,292,292
2020-08-10,291.0,294.0,295,294
2020-08-11,290.0,294.0,295,292
2020-08-12,290.0,293.0,294,290
2020-08-13,290.0,293.0,296,296
2020-08-14,291.0,293.0,301,298
2020-08-15,291.0,293.0,300,300
2020-08-16,291.0,293.0,300,300
2020-08-17,290.0,294.0,303,286
2020-08-18,290.0,294.0,299,298
2020-08-19,291.0,294.0,303,301
2020-08-20,292.0,294.0,302,301
2020-08-21,293.0,295.0,312,310
2020-08-22,294.0,296.0,310,310
2020-08-23,294.0,297.0,310,310
2020-08-24,294.0,297.0,316,310
2020-08-25,295.0,298.0,312,312
2020-08-26,296.0,298.0,314,313
2020-08-27,297.0,299.0,318,318
2020-08-28,298.0,300.0,319,315
2020-08-29,299.0,301.0,317,317
2020-08-30,299.0,302.0,317,317
2020-08-31,300.0,303.0,322,302
2020-09-01,300.0,303.0,302,301
2020-09-02,301.0,303.0,305,305
2020-09-03,302.0,304.0,307,306
2020-09-04,303.0,305.0,312,312
2020-09-05,303.0,306.0,312,312
2020-09-06,304.0,306.0,312,312
2020-09-07,304.0,307.0,312,297
2020-09-08,304.0,307.0,298,295
2020-09-09,305.0,307.0,301,300
2020-09-10,305.0,308.0,310,308
2020-09-11,306.0,308.0,310,309
2020-09-12,306.0,309.0,309,309
2020-09-13,306.0,309.0,309,309
2020-09-14,306.0,309.0,311,283
2020-09-15,305.0,309.0,287,285
2020-09-16,305.0,308.0,287,286
2020-09-17,305.0,308.0,287,283
2020-09-18,304.0,308.0,285,284
2020-09-19,304.0,307.0,284,284
2020-09-20,303.0,306.0,284,284
2020-09-21,301.0,305.0,285,264
2020-09-22,300.0,304.0,264,264
2020-09-23,298.0,302.0,267,266
2020-09-24,297.0,301.0,269,266
2020-09-25,296.0,299.0,274,273
2020-09-26,294.0,298.0,273,273
2020-09-27,293.0,296.0,274,274
2020-09-28,291.0,295.0,280,258
2020-09-29,289.0,293.0,261,260
2020-09-30,288.0,291.0,265,265
2020-10-01,286.0,290.0,270,268
2020-10-02,286.0,289.0,281,281
2020-10-03,285.0,288.0,281,281
2020-10-04,284.0,287.0,281,281
2020-10-05,282.0,287.0,285,262
2020-10-06,280.0,285.0,264,260
2020-10-07,279.0,283.0,261,258
2020-10-08,278.0,282.0,268,268
2020-10-09,277.0,281.0,276,275
2020-10-10,276.0,280.0,275,275
2020-10-11,275.0,279.0,275,275
2020-10-12,274.0,278.0,277,274
2020-10-13,273.0,277.0,276,275
2020-10-14,273.0,276.0,279,275
2020-10-15,272.0,275.0,275,275
2020-10-16,272.0,275.0,279,275
2020-10-17,272.0,275.0,275,275
2020-10-18,271.0,274.0,276,276
2020-10-19,271.0,274.0,282,270
2020-10-20,270.0,274.0,274,273
2020-10-21,271.0,274.0,279,274
2020-10-22,271.0,274.0,278,276
2020-10-23,272.0,275.0,286,286
2020-10-24,273.0,276.0,286,286
2020-10-25,273.0,276.0,286,286
2020-10-26,273.0,276.0,290,266
2020-10-27,273.0,276.0,270,269
2020-10-28,273.0,276.0,272,270
2020-10-29,274.0,277.0,280,278
2020-10-30,274.0,277.0,283,283
2020-10-31,275.0,278.0,283,283
2020-11-01,275.0,278.0,283,283
2020-11-02,274.0,278.0,285,272
2020-11-03,274.0,278.0,274,273
2020-11-04,275.0,278.0,278,273
2020-11-05,275.0,278.0,275,273
2020-11-06,276.0,278.0,279,277
2020-11-07,276.0,279.0,277,277
2020-11-08,276.0,279.0,277,277
2020-11-09,276.0,279.0,282,266
2020-11-10,276.0,279.0,274,269
2020-11-11,275.0,279.0,269,268
2020-11-12,275.0,279.0,270,268
2020-11-13,275.0,278.0,275,275
2020-11-14,275.0,278.0,275,275
2020-11-15,275.0,278.0,276,276
2020-11-16,275.0,278.0,279,261
2020-11-17,274.0,278.0,261,260
2020-11-18,274.0,277.0,264,264
2020-11-19,274.0,277.0,264,264
2020-11-20,273.0,277.0,270,270
2020-11-21,273.0,276.0,270,270
2020-11-22,273.0,276.0,270,270
2020-11-23,272.0,275.0,273,261
2020-11-24,271.0,275.0,269,264
2020-11-25,271.0,274.0,267,266
2020-11-26,271.0,274.0,266,266
2020-11-27,271.0,274.0,268,267
2020-11-28,271.0,273.0,268,268
2020-11-29,270.0,273.0,269,269
2020-11-30,269.0,273.0,269,246
2020-12-01,268.0,271.0,247,246
2020-12-02,267.0,270.0,249,246
2020-12-03,266.0,269.0,250,250
2020-12-04,265.0,268.0,251,250
2020-12-05,265.0,268.0,251,251
2020-12-06,264.0,267.0,251,251
2020-12-07,263.0,266.0,256,248
2020-12-08,262.0,265.0,249,244
2020-12-09,261.0,264.0,248,247
2020-12-10,260.0,263.0,249,248
2020-12-11,259.0,262.0,251,241
2020-12-12,258.0,262.0,241,241
2020-12-13,257.0,260.0,241,241
2020-12-14,256.0,260.0,248,230
2020-12-15,254.0,258.0,236,231
2020-12-16,253.0,257.0,232,232
2020-12-17,252.0,256.0,233,232
2020-12-18,252.0,255.0,241,241
2020-12-19,251.0,254.0,241,241
2020-12-20,250.0,253.0,243,243
2020-12-21,249.0,252.0,247,242
2020-12-22,248.0,252.0,242,241
2020-12-23,248.0,251.0,244,244
2020-12-24,247.0,250.0,251,251
2020-12-25,247.0,249.0,251,251
2020-12-26,246.0,249.0,251,251
2020-12-27,246.0,248.0,251,251
2020-12-28,245.0,248.0,252,250
2020-12-29,244.0,247.0,251,251
2020-12-30,245.0,247.0,251,251
2020-12-31,245.0,247.0,257,257
2021-01-01,245.0,247.0,257,257
2021-01-02,246.0,247.0,257,257
2021-01-03,246.0,248.0,258,258
2021-01-04,246.0,248.0,261,247
2021-01-05,246.0,248.0,249,248
2021-01-06,246.0,248.0,254,252
2021-01-07,246.0,248.0,253,251
2021-01-08,246.0,248.0,257,257
2021-01-09,247.0,249.0,257,257
2021-01-10,247.0,249.0,257,257
2021-01-11,247.0,250.0,262,241
2021-01-12,247.0,250.0,243,242
2021-01-13,248.0,249.0,243,242
2021-01-14,248.0,250.0,250,248
2021-01-15,249.0,251.0,252,252
2021-01-16,249.0,251.0,252,252
2021-01-17,250.0,252.0,253,253
2021-01-18,250.0,252.0,253,235
2021-01-19,249.0,252.0,237,234
2021-01-20,249.0,251.0,237,236
2021-01-21,249.0,251.0,241,238
2021-01-22,249.0,251.0,242,238
2021-01-23,248.0,251.0,238,238
2021-01-24,248.0,250.0,238,238
2021-01-25,247.0,250.0,244,235
2021-01-26,247.0,250.0,236,233
2021-01-27,246.0,249.0,237,235
2021-01-28,246.0,249.0,246,245
2021-01-29,246.0,249.0,253,250
2021-01-30,246.0,249.0,250,249
2021-01-31,246.0,249.0,249,249
2021-02-01,245.0,249.0,255,244
2021-02-02,245.0,248.0,249,249
2021-02-03,245.0,248.0,250,249
2021-02-04,245.0,248.0,250,247
2021-02-05,245.0,248.0,248,248
2021-02-06,245.0,248.0,248,248
2021-02-07,244.0,247.0,248,248
2021-02-08,244.0,247.0,257,244
2021-02-09,244.0,247.0,246,246
2021-02-10,244.0,246.0,246,244
2021-02-11,244.0,246.0,245,244
2021-02-12,244.0,247.0,250,250
2021-02-13,244.0,247.0,250,250
2021-02-14,244.0,247.0,250,250
2021-02-15,244.0,247.0,250,250
2021-02-16,244.0,246.0,251,251
2021-02-17,244.0,246.0,251,249
2021-02-18,245.0,247.0,250,250
2021-02-19,245.0,247.0,253,253
2021-02-20,246.0,248.0,253,253
2021-02-21,246.0,248.0,253,253
2021-02-22,246.0,249.0,255,239
2021-02-23,246.0,249.0,240,238
2021-02-24,246.0,249.0,238,235
2021-02-25,246.0,249.0,238,235
2021-02-26,246.0,249.0,238,235
2021-02-27,246.0,248.0,235,235
2021-02-28,246.0,248.0,235,235
2021-03-01,245.0,247.0,240,229
2021-03-02,244.0,247.0,229,227
2021-03-03,244.0,246.0,227,225
2021-03-04,243.0,245.0,226,226
2021-03-05,242.0,244.0,226,225
2021-03-06,241.0,243.0,225,225
2021-03-07,241.0,243.0,225,225
2021-03-08,240.0,242.0,226,218
2021-03-09,238.0,241.0,218,212
2021-03-10,237.0,239.0,213,209
2021-03-11,236.0,238.0,210,203
2021-03-12,234.0,237.0,204,198
2021-03-13,233.0,235.0,198,198
2021-03-14,231.0,234.0,198,198
2021-03-15,229.0,232.0,199,192
2021-03-16,227.0,230.0,194,191
2021-03-17,225.0,228.0,192,189
2021-03-18,223.0,226.0,192,189
2021-03-19,221.0,224.0,191,188
2021-03-20,219.0,222.0,188,188
2021-03-21,217.0,220.0,188,188
2021-03-22,214.0,218.0,188,181
2021-03-23,212.0,215.0,183,183
2021-03-24,210.0,213.0,185,183
2021-03-25,208.0,211.0,184,182
2021-03-26,206.0,209.0,185,183
2021-03-27,205.0,208.0,183,183
2021-03-28,203.0,206.0,183,183
2021-03-29,201.0,204.0,184,181
2021-03-30,199.0,202.0,184,180
2021-03-31,198.0,200.0,180,180
2021-04-01,196.0,199.0,180,179
2021-04-02,195.0,197.0,180,180
2021-04-03,193.0,196.0,180,180
2021-04-04,192.0,194.0,180,180
2021-04-05,190.0,192.0,180,167
2021-04-06,188.0,191.0,168,168
2021-04-07,186.0,189.0,169,169
2021-04-08,185.0,187.0,177,175
2021-04-09,184.0,186.0,177,174
2021-04-10,183.0,185.0,174,174
2021-04-11,182.0,184.0,174,174
2021-04-12,181.0,183.0,174,165
2021-04-13,180.0,182.0,167,166
2021-04-14,179.0,181.0,167,165
2021-04-15,178.0,180.0,165,163
2021-04-16,177.0,179.0,164,163
2021-04-17,176.0,178.0,163,163
2021-04-18,175.0,177.0,163,163
2021-04-19,174.0,176.0,163,153
2021-04-20,173.0,175.0,155,155
2021-04-21,172.0,174.0,155,152
2021-04-22,171.0,173.0,155,153
2021-04-23,170.0,172.0,155,155
2021-04-24,169.0,171.0,155,154
2021-04-25,168.0,170.0,154,154
2021-04-26,167.0,169.0,157,144
2021-04-27,166.0,168.0,146,145
2021-04-28,165.0,167.0,148,148
2021-04-29,164.0,166.0,149,149
2021-04-30,163.0,165.0,152,151
2021-05-01,162.0,164.0,151,151
2021-05-02,161.0,163.0,151,151
2021-05-03,160.0,162.0,153,144
2021-05-04,158.0,161.0,146,146
2021-05-05,158.0,160.0,151,150
2021-05-06,157.0,159.0,151,150
2021-05-07,157.0,159.0,152,152
2021-05-08,156.0,158.0,152,152
2021-05-09,155.0,157.0,152,152
2021-05-10,154.0,156.0,154,151
2021-05-11,154.0,156.0,152,151
2021-05-12,153.0,155.0,153,152
2021-05-13,153.0,155.0,157,157
2021-05-14,153.0,154.0,161,160
2021-05-15,153.0,154.0,160,160
2021-05-16,153.0,154.0,160,160
2021-05-17,152.0,154.0,162,152
2021-05-18,152.0,154.0,154,153
2021-05-19,152.0,154.0,154,153
2021-05-20,152.0,154.0,153,151
2021-05-21,152.0,154.0,158,156
2021-05-22,152.0,154.0,156,156
2021-05-23,152.0,154.0,156,156
2021-05-24,152.0,154.0,157,148
2021-05-25,152.0,154.0,149,147
2021-05-26,152.0,153.0,149,148
2021-05-27,152.0,153.0,150,150
2021-05-28,152.0,154.0,157,156
2021-05-29,152.0,154.0,159,159
2021-05-30,153.0,154.0,160,160
2021-05-31,153.0,155.0,160,148
2021-06-01,153.0,155.0,152,152
2021-06-02,153.0,155.0,155,153
2021-06-03,153.0,155.0,156,155
2021-06-04,154.0,156.0,164,161
2021-06-05,154.0,156.0,166,166
2021-06-06,155.0,157.0,169,169
2021-06-07,157.0,159.0,219,215
2021-06-08,159.0,161.0,217,216
2021-06-09,161.0,163.0,223,222
2021-06-10,164.0,166.0,226,225
2021-06-11,166.0,168.0,230,228
2021-06-12,169.0,171.0,229,229
2021-06-13,171.0,173.0,229,229
2021-06-14,173.0,175.0,230,211
2021-06-15,175.0,177.0,213,213
2021-06-16,177.0,179.0,220,220
2021-06-17,179.0,181.0,225,225
2021-06-18,182.0,184.0,232,231
2021-06-19,184.0,187.0,231,231
2021-06-20,187.0,189.0,231,231
2021-06-21,189.0,192.0,234,219
2021-06-22,191.0,194.0,219,218
2021-06-23,194.0,196.0,220,218
2021-06-24,196.0,198.0,220,220
2021-06-25,198.0,201.0,222,222
2021-06-26,201.0,203.0,222,222
2021-06-27,203.0,205.0,222,222
2021-06-28,205.0,208.0,231,219
2021-06-29,207.0,210.0,226,225
2021-06-30,210.0,212.0,233,229
2021-07-01,214.0,216.0,281,280
2021-07-02,219.0,221.0,288,287
2021-07-03,223.0,225.0,287,287
2021-07-04,227.0,229.0,287,287
2021-07-05,231.0,233.0,288,270
2021-07-06,234.0,237.0,275,274
2021-07-07,236.0,239.0,275,274
2021-07-08,238.0,241.0,279,278
2021-07-09,240.0,243.0,284,280
2021-07-10,242.0,245.0,280,280
2021-07-11,244.0,246.0,282,282
2021-07-12,245.0,248.0,286,275
2021-07-13,247.0,250.0,281,280
2021-07-14,249.0,252.0,282,281
2021-07-15,252.0,254.0,288,287
2021-07-16,254.0,257.0,289,288
2021-07-17,256.0,259.0,288,288
2021-07-18,258.0,261.0,290,290
2021-07-19,261.0,264.0,340,323
2021-07-20,264.0,267.0,324,324
2021-07-21,268.0,271.0,331,328
2021-07-22,272.0,274.0,332,329
2021-07-23,275.0,278.0,332,328
2021-07-24,279.0,282.0,328,328
2021-07-25,282.0,285.0,328,328
2021-07-26,286.0,289.0,329,314
2021-07-27,289.0,292.0,316,316
2021-07-28,292.0,295.0,325,322
2021-07-29,296.0,299.0,330,329
2021-07-30,299.0,302.0,335,333
2021-07-31,301.0,304.0,333,333
2021-08-01,302.0,305.0,333,333
2021-08-02,303.0,307.0,335,317
2021-08-03,304.0,308.0,319,316
2021-08-04,306.0,309.0,323,318
2021-08-05,307.0,311.0,325,321
2021-08-06,309.0,312.0,328,328
2021-08-07,311.0,314.0,328,328
2021-08-08,312.0,316.0,328,328
2021-08-09,314.0,318.0,341,328
2021-08-10,316.0,319.0,333,329
2021-08-11,317.0,321.0,330,329
2021-08-12,319.0,323.0,334,332
2021-08-13,321.0,324.0,338,336
2021-08-14,323.0,326.0,336,336
2021-08-15,324.0,328.0,336,336
2021-08-16,325.0,329.0,337,322
2021-08-17,327.0,331.0,334,334
2021-08-18,327.0,331.0,340,334
2021-08-19,327.0,331.0,334,331
2021-08-20,328.0,331.0,335,332
2021-08-21,328.0,331.0,332,332
2021-08-22,328.0,331.0,335,335
2021-08-23,328.0,332.0,340,322
2021-08-24,328.0,331.0,322,322
2021-08-25,328.0,331.0,328,324
2021-08-26,328.0,332.0,324,323
2021-08-27,328.0,332.0,332,330
2021-08-28,328.0,332.0,330,330
2021-08-29,328.0,332.0,330,330
2021-08-30,328.0,332.0,332,328
2021-08-31,328.0,332.0,333,325
2021-09-01,328.0,331.0,325,320
2021-09-02,328.0,332.0,330,327
2021-09-03,329.0,332.0,334,334
2021-09-04,329.0,332.0,334,334
2021-09-05,330.0,333.0,334,334
2021-09-06,329.0,333.0,334,318
2021-09-07,329.0,333.0,324,323
2021-09-08,329.0,332.0,326,326
2021-09-09,329.0,332.0,326,325
2021-09-10,329.0,332.0,329,325
2021-09-11,328.0,332.0,325,325
2021-09-12,328.0,331.0,325,325
2021-09-13,327.0,331.0,327,316
2021-09-14,327.0,330.0,317,316
2021-09-15,326.0,330.0,316,310
2021-09-16,326.0,329.0,314,310
2021-09-17,325.0,329.0,330,329
2021-09-18,325.0,328.0,330,330
2021-09-19,325.0,328.0,331,330
2021-09-20,325.0,328.0,333,333
2021-09-21,325.0,328.0,333,329
2021-09-22,325.0,328.0,331,327
2021-09-23,325.0,328.0,329,328
2021-09-24,326.0,328.0,331,331
2021-09-25,326.0,329.0,331,331
2021-09-26,326.0,328.0,331,331
2021-09-27,324.0,329.0,332,284
2021-09-28,323.0,327.0,286,285
2021-09-29,322.0,326.0,287,284
2021-09-30,320.0,324.0,291,285
2021-10-01,319.0,323.0,288,285
2021-10-02,318.0,321.0,285,285
2021-10-03,316.0,320.0,285,285
2021-10-04,313.0,318.0,286,248
2021-10-05,310.0,316.0,254,252
2021-10-06,308.0,313.0,255,252
2021-10-07,306.0,311.0,253,251
2021-10-08,304.0,308.0,263,262
2021-10-09,302.0,306.0,263,263
2021-10-10,300.0,304.0,263,263
2021-10-11,298.0,303.0,281,270
2021-10-12,296.0,301.0,281,281
2021-10-13,295.0,300.0,286,284
2021-10-14,294.0,299.0,289,289
2021-10-15,293.0,298.0,290,287
2021-10-16,293.0,297.0,287,287
2021-10-17,291.0,296.0,287,287
2021-10-18,291.0,296.0,336,319
2021-10-19,291.0,296.0,326,325
2021-10-20,290.0,296.0,327,323
2021-10-21,290.0,295.0,324,320
2021-10-22,290.0,295.0,335,333
2021-10-23,290.0,296.0,333,333
2021-10-24,291.0,296.0,333,333
2021-10-25,290.0,296.0,337,322
2021-10-26,290.0,296.0,328,328
2021-10-27,292.0,296.0,331,328
2021-10-28,293.0,297.0,336,334
2021-10-29,295.0,299.0,337,336
2021-10-30,297.0,300.0,336,336
2021-10-31,298.0,302.0,336,336
2021-11-01,300.0,304.0,339,318
2021-11-02,301.0,305.0,318,316
2021-11-03,303.0,306.0,322,316
2021-11-04,305.0,309.0,328,326
2021-11-05,308.0,311.0,329,326
2021-11-06,310.0,314.0,326,326
2021-11-07,312.0,316.0,326,326
2021-11-08,314.0,318.0,328,326
2021-11-09,316.0,320.0,329,319
2021-11-10,318.0,321.0,320,319
2021-11-11,319.0,323.0,320,319
2021-11-12,321.0,324.0,338,335
2021-11-13,322.0,326.0,335,335
2021-11-14,324.0,327.0,336,336
2021-11-15,325.0,329.0,340,324
2021-11-16,326.0,331.0,327,317
2021-11-17,326.0,330.0,319,305
2021-11-18,325.0,329.0,307,295
2021-11-19,324.0,328.0,300,299
2021-11-20,323.0,328.0,299,299
2021-11-21,322.0,326.0,299,299
2021-11-22,322.0,327.0,347,337
2021-11-23,323.0,327.0,339,339
2021-11-24,323.0,327.0,342,341
2021-11-25,324.0,328.0,341,341
2021-11-26,324.0,328.0,347,347
2021-11-27,325.0,329.0,348,347
2021-11-28,325.0,329.0,347,347
2021-11-29,325.0,329.0,352,339
2021-11-30,325.0,330.0,343,342
2021-12-01,326.0,330.0,342,336
2021-12-02,327.0,330.0,337,335
2021-12-03,326.0,331.0,335,313
2021-12-04,326.0,330.0,313,313
2021-12-05,326.0,330.0,313,313
2021-12-06,324.0,330.0,316,290
2021-12-07,323.0,328.0,292,284
2021-12-08,322.0,327.0,286,283
2021-12-09,320.0,325.0,284,283
2021-12-10,319.0,324.0,286,281
2021-12-11,318.0,323.0,281,281
2021-12-12,316.0,321.0,281,281
2021-12-13,315.0,321.0,331,315
2021-12-14,315.0,320.0,315,310
2021-12-15,314.0,319.0,311,301
2021-12-16,313.0,319.0,303,294
2021-12-17,313.0,318.0,295,295
2021-12-18,313.0,317.0,295,295
2021-12-19,313.0,317.0,295,295
2021-12-20,312.0,317.0,295,288
2021-12-21,311.0,317.0,290,264
2021-12-22,308.0,314.0,264,249
2021-12-23,305.0,311.0,249,238
2021-12-24,301.0,308.0,238,238
2021-12-25,298.0,304.0,238,238
2021-12-26,294.0,300.0,238,238
2021-12-27,291.0,297.0,241,239
2021-12-28,287.0,293.0,239,235
2021-12-29,283.0,289.0,237,237
2021-12-30,280.0,286.0,237,234
2021-12-31,276.0,282.0,234,234
2022-01-01,273.0,279.0,234,234
2022-01-02,270.0,276.0,234,234
2022-01-03,267.0,273.0,237,217
2022-01-04,264.0,270.0,218,218
2022-01-05,262.0,267.0,220,216
2022-01-06,259.0,264.0,216,215
2022-01-07,257.0,262.0,217,217
2022-01-08,255.0,260.0,217,217
2022-01-09,253.0,257.0,217,217
2022-01-10,251.0,255.0,220,218
2022-01-11,249.0,253.0,218,218
2022-01-12,245.0,249.0,219,218
2022-01-13,242.0,246.0,218,215
2022-01-14,239.0,243.0,218,218
2022-01-15,237.0,240.0,218,218
2022-01-16,234.0,238.0,218,218
2022-01-17,232.0,235.0,218,218
2022-01-18,229.0,232.0,218,215
2022-01-19,227.0,230.0,218,215
2022-01-20,225.0,227.0,215,214
2022-01-21,224.0,226.0,214,214
2022-01-22,223.0,225.0,214,214
2022-01-23,222.0,224.0,214,214
2022-01-24,221.0,223.0,214,203
2022-01-25,220.0,222.0,205,202
2022-01-26,219.0,221.0,203,202
2022-01-27,218.0,219.0,204,201
2022-01-28,216.0,218.0,202,202
2022-01-29,215.0,217.0,202,202
2022-01-30,214.0,216.0,202,202
2022-01-31,213.0,215.0,205,189
2022-02-01,211.0,214.0,189,186
2022-02-02,210.0,212.0,188,178
2022-02-03,208.0,211.0,178,178
2022-02-04,207.0,209.0,180,180
2022-02-05,206.0,208.0,180,180
2022-02-06,205.0,207.0,180,180
2022-02-07,204.0,206.0,181,177
2022-02-08,202.0,204.0,178,176
2022-02-09,201.0,203.0,184,181
2022-02-10,200.0,202.0,181,181
2022-02-11,199.0,201.0,183,183
2022-02-12,197.0,200.0,183,183
2022-02-13,196.0,198.0,183,183
2022-02-14,195.0,197.0,184,169
2022-02-15,193.0,196.0,172,171
2022-02-16,192.0,194.0,174,174
2022-02-17,191.0,194.0,201,200
2022-02-18,191.0,193.0,204,202
2022-02-19,190.0,193.0,202,202
2022-02-20,190.0,192.0,202,202
2022-02-21,189.0,192.0,204,187
2022-02-22,188.0,191.0,191,188
2022-02-23,188.0,190.0,189,185
2022-02-24,187.0,190.0,188,177
2022-02-25,186.0,189.0,179,179
2022-02-26,185.0,188.0,179,179
2022-02-27,184.0,188.0,179,179
2022-02-28,183.0,187.0,181,158
2022-03-01,182.0,186.0,164,164
2022-03-02,181.0,184.0,164,163
2022-03-03,180.0,183.0,163,161
2022-03-04,180.0,183.0,170,164
2022-03-05,179.0,182.0,164,164
2022-03-06,179.0,182.0,164,164
2022-03-07,178.0,181.0,165,162
2022-03-08,177.0,181.0,166,156
2022-03-09,176.0,180.0,159,156
2022-03-10,176.0,179.0,156,155
2022-03-11,175.0,178.0,157,156
2022-03-12,174.0,178.0,157,157
2022-03-13,173.0,177.0,157,157
2022-03-14,172.0,176.0,161,157
2022-03-15,171.0,175.0,158,151
2022-03-16,171.0,174.0,151,149
2022-03-17,170.0,173.0,149,147
2022-03-18,169.0,173.0,157,157
2022-03-19,168.0,171.0,157,157
2022-03-20,166.0,170.0,157,157
2022-03-21,165.0,168.0,157,157
2022-03-22,163.0,167.0,158,151
2022-03-23,162.0,165.0,152,150
2022-03-24,161.0,164.0,152,150
2022-03-25,160.0,163.0,165,163
2022-03-26,159.0,162.0,164,164
2022-03-27,159.0,162.0,165,165
2022-03-28,159.0,161.0,167,167
2022-03-29,157.0,161.0,167,145
2022-03-30,157.0,160.0,146,144
2022-03-31,159.0,161.0,217,216
2022-04-01,161.0,163.0,222,221
2022-04-02,163.0,165.0,223,223
2022-04-03,165.0,167.0,223,223
2022-04-04,167.0,169.0,225,224
2022-04-05,168.0,171.0,225,218
2022-04-06,170.0,173.0,221,218
2022-04-07,172.0,175.0,222,220
2022-04-08,174.0,177.0,233,216
2022-04-09,177.0,179.0,216,216
2022-04-10,179.0,181.0,216,216
2022-04-11,181.0,183.0,221,220
2022-04-12,182.0,186.0,220,207
2022-04-13,184.0,187.0,209,208
2022-04-14,186.0,189.0,210,208
2022-04-15,188.0,191.0,214,213
2022-04-16,190.0,193.0,213,213
2022-04-17,192.0,195.0,213,213
2022-04-18,194.0,197.0,214,212
2022-04-19,196.0,199.0,215,214
2022-04-20,198.0,201.0,220,220
2022-04-21,200.0,203.0,223,222
2022-04-22,203.0,206.0,235,233
2022-04-23,206.0,209.0,233,233
2022-04-24,208.0,211.0,233,233
2022-04-25,210.0,213.0,233,231
2022-04-26,211.0,215.0,231,195
2022-04-27,212.0,216.0,201,197
2022-04-28,214.0,218.0,198,198
2022-04-29,217.0,220.0,225,224
2022-04-30,217.0,220.0,224,224
2022-05-01,217.0,220.0,224,224
2022-05-02,217.0,220.0,225,224
2022-05-03,217.0,221.0,224,212
2022-05-04,217.0,220.0,215,214
2022-05-05,216.0,220.0,215,212
2022-05-06,217.0,220.0,225,225
2022-05-07,217.0,220.0,225,225
2022-05-08,217.0,220.0,225,225
2022-05-09,217.0,220.0,228,228
2022-05-10,220.0,224.0,316,300
2022-05-11,223.0,226.0,301,294
2022-05-12,226.0,229.0,302,300
2022-05-13,229.0,232.0,300,297
2022-05-14,232.0,235.0,298,298
2022-05-15,235.0,238.0,298,298
2022-05-16,238.0,241.0,300,300
2022-05-17,240.0,244.0,300,295
2022-05-18,242.0,246.0,295,280
2022-05-19,245.0,248.0,282,279
2022-05-20,247.0,251.0,284,282
2022-05-21,249.0,253.0,282,282
2022-05-22,250.0,254.0,282,282
2022-05-23,252.0,256.0,285,282
2022-05-24,253.0,258.0,286,269
2022-05-25,254.0,259.0,273,270
2022-05-26,257.0,260.0,273,263
2022-05-27,260.0,263.0,286,283
2022-05-28,262.0,266.0,283,283
2022-05-29,264.0,268.0,283,283
2022-05-30,266.0,270.0,283,283
2022-05-31,268.0,272.0,284,284
2022-06-01,270.0,274.0,284,274
2022-06-02,274.0,278.0,336,328
2022-06-03,278.0,282.0,336,335
2022-06-04,282.0,286.0,335,335
2022-06-05,286.0,289.0,335,335
2022-06-06,289.0,293.0,336,333
2022-06-07,293.0,297.0,347,329
2022-06-08,296.0,301.0,331,328
2022-06-09,297.0,301.0,331,328
2022-06-10,298.0,302.0,332,331
2022-06-11,299.0,303.0,331,331
2022-06-12,300.0,304.0,331,331
2022-06-13,302.0,305.0,334,334
2022-06-14,302.0,306.0,335,322
2022-06-15,303.0,307.0,323,323
2022-06-16,304.0,308.0,325,323
2022-06-17,306.0,310.0,339,335
2022-06-18,308.0,311.0,335,335
2022-06-19,310.0,313.0,335,335
2022-06-20,311.0,315.0,335,335
2022-06-21,312.0,317.0,335,308
2022-06-22,313.0,317.0,312,298
2022-06-23,314.0,318.0,310,309
2022-06-24,316.0,320.0,314,313
2022-06-25,317.0,321.0,313,313
2022-06-26,318.0,322.0,313,313
2022-06-27,319.0,323.0,315,314
2022-06-28,320.0,324.0,316,306
2022-06-29,321.0,325.0,307,302
2022-06-30,321.0,326.0,304,303
2022-07-01,322.0,326.0,311,308
2022-07-02,322.0,326.0,319,319
2022-07-03,322.0,325.0,319,319
2022-07-04,321.0,325.0,319,319
2022-07-05,321.0,326.0,368,345
2022-07-06,322.0,326.0,346,341
2022-07-07,322.0,326.0,343,340
2022-07-08,323.0,327.0,353,353
2022-07-09,324.0,328.0,353,353
2022-07-10,324.0,328.0,353,353
2022-07-11,325.0,329.0,358,358
2022-07-12,326.0,330.0,360,350
2022-07-13,326.0,331.0,352,342
2022-07-14,327.0,331.0,347,338
2022-07-15,327.0,332.0,345,343
2022-07-16,328.0,332.0,343,343
2022-07-17,328.0,333.0,343,343
2022-07-18,329.0,334.0,364,364
2022-07-19,330.0,335.0,367,354
2022-07-20,330.0,335.0,358,344
2022-07-21,331.0,336.0,347,344
2022-07-22,333.0,337.0,351,349
2022-07-23,334.0,338.0,349,349
2022-07-24,336.0,340.0,349,349
2022-07-25,337.0,341.0,351,346
2022-07-26,338.0,342.0,354,350
2022-07-27,339.0,344.0,356,347
2022-07-28,340.0,345.0,354,342
2022-07-29,342.0,346.0,345,337
2022-07-30,343.0,347.0,337,337
2022-07-31,344.0,348.0,337,337
2022-08-01,344.0,349.0,338,337
2022-08-02,344.0,349.0,340,318
2022-08-03,344.0,349.0,322,315
2022-08-04,343.0,348.0,317,315
2022-08-05,343.0,347.0,332,329
2022-08-06,342.0,347.0,329,329
2022-08-07,341.0,346.0,329,329
2022-08-08,341.0,345.0,329,326
2022-08-09,339.0,344.0,330,316
2022-08-10,338.0,343.0,318,312
2022-08-11,336.0,342.0,314,308
2022-08-12,336.0,340.0,318,316
2022-08-13,335.0,339.0,316,316
2022-08-14,334.0,338.0,316,316
2022-08-15,333.0,338.0,318,313
2022-08-16,332.0,337.0,316,306
2022-08-17,330.0,335.0,308,302
2022-08-18,328.0,333.0,303,296
2022-08-19,326.0,331.0,297,296
2022-08-20,324.0,329.0,297,297
2022-08-21,323.0,327.0,298,298
2022-08-22,321.0,326.0,301,298
2022-08-23,319.0,324.0,299,284
2022-08-24,317.0,322.0,286,274
2022-08-25,314.0,319.0,280,278
2022-08-26,313.0,318.0,302,300
2022-08-27,311.0,316.0,303,303
2022-08-28,310.0,314.0,303,303
2022-08-29,309.0,313.0,305,299
2022-08-30,307.0,312.0,301,276
2022-08-31,304.0,310.0,277,259
2022-09-01,302.0,308.0,266,258
2022-09-02,300.0,306.0,261,256
2022-09-03,298.0,304.0,256,256
2022-09-04,296.0,301.0,256,256
2022-09-05,293.0,299.0,257,257
2022-09-06,291.0,296.0,258,255
2022-09-07,289.0,295.0,278,273
2022-09-08,288.0,293.0,286,282
2022-09-09,287.0,292.0,293,292
2022-09-10,287.0,292.0,293,293
2022-09-11,286.0,291.0,298,298
2022-09-12,286.0,290.0,303,294
2022-09-13,285.0,290.0,304,286
2022-09-14,283.0,289.0,287,278
2022-09-15,283.0,288.0,285,282
2022-09-16,282.0,287.0,285,278
2022-09-17,281.0,286.0,278,278
2022-09-18,281.0,286.0,278,278
2022-09-19,280.0,285.0,281,280
2022-09-20,281.0,286.0,330,316
2022-09-21,281.0,287.0,316,314
2022-09-22,282.0,287.0,314,314
2022-09-23,284.0,288.0,316,316
2022-09-24,285.0,290.0,317,317
2022-09-25,286.0,290.0,319,319
2022-09-26,286.0,291.0,321,320
2022-09-27,286.0,292.0,330,311
2022-09-28,287.0,292.0,312,309
2022-09-29,288.0,292.0,310,308
2022-09-30,290.0,294.0,322,321
2022-10-01,292.0,296.0,321,321
2022-10-02,294.0,298.0,321,321
2022-10-03,296.0,300.0,322,316
2022-10-04,298.0,302.0,321,309
2022-10-05,299.0,304.0,310,298
2022-10-06,301.0,305.0,299,296
2022-10-07,302.0,306.0,300,300
2022-10-08,302.0,306.0,300,300
2022-10-09,302.0,306.0,300,300
2022-10-10,303.0,307.0,300,299
2022-10-11,302.0,307.0,300,282
2022-10-12,302.0,306.0,283,283
2022-10-13,301.0,305.0,285,276
2022-10-14,301.0,305.0,277,276
2022-10-15,301.0,305.0,276,276
2022-10-16,301.0,304.0,276,276
2022-10-17,301.0,304.0,278,276
2022-10-18,301.0,305.0,294,283
2022-10-19,302.0,306.0,301,300
2022-10-20,301.0,305.0,303,295
2022-10-21,301.0,304.0,300,298
2022-10-22,300.0,304.0,299,299
2022-10-23,300.0,303.0,300,300
2022-10-24,299.0,303.0,302,299
2022-10-25,298.0,303.0,316,291
2022-10-26,297.0,302.0,297,294
2022-10-27,296.0,301.0,294,290
2022-10-28,296.0,300.0,293,291
2022-10-29,295.0,299.0,291,291
2022-10-30,294.0,298.0,291,291
2022-10-31,293.0,297.0,295,295
2022-11-01,292.0,297.0,301,281
2022-11-02,291.0,295.0,281,272
2022-11-03,290.0,294.0,280,280
2022-11-04,289.0,293.0,288,288
2022-11-05,289.0,293.0,288,288
2022-11-06,289.0,293.0,288,288
2022-11-07,288.0,292.0,291,289
2022-11-08,288.0,293.0,308,298
2022-11-09,288.0,293.0,301,298
2022-11-10,289.0,293.0,305,302
2022-11-11,289.0,293.0,303,303
2022-11-12,290.0,294.0,303,303
2022-11-13,291.0,295.0,303,303
2022-11-14,292.0,296.0,305,305
2022-11-15,293.0,297.0,309,297
2022-11-16,294.0,298.0,299,299
2022-11-17,294.0,298.0,301,301
2022-11-18,294.0,298.0,301,301
2022-11-19,295.0,298.0,301,301
2022-11-20,295.0,298.0,302,302
2022-11-21,295.0,298.0,303,300
2022-11-22,294.0,298.0,305,289
2022-11-23,294.0,298.0,289,286
2022-11-24,294.0,297.0,288,288
2022-11-25,294.0,297.0,290,290
2022-11-26,294.0,296.0,290,290
2022-11-27,294.0,296.0,290,290
2022-11-28,294.0,296.0,293,293
2022-11-29,294.0,297.0,311,294
2022-11-30,294.0,297.0,296,295
2022-12-01,294.0,297.0,298,295
2022-12-02,295.0,298.0,302,299
2022-12-03,296.0,298.0,299,299
2022-12-04,296.0,299.0,299,298
2022-12-05,297.0,299.0,301,301
2022-12-06,297.0,300.0,304,291
2022-12-07,297.0,300.0,293,288
2022-12-08,296.0,299.0,290,286
2022-12-09,296.0,299.0,287,282
2022-12-10,295.0,298.0,282,282
2022-12-11,294.0,297.0,282,282
2022-12-12,294.0,297.0,285,280
2022-12-13,292.0,296.0,282,263
2022-12-14,291.0,295.0,268,262
2022-12-15,290.0,293.0,263,259
2022-12-16,288.0,292.0,261,255
2022-12-17,287.0,290.0,255,255
2022-12-18,285.0,289.0,255,255
2022-12-19,284.0,287.0,257,257
2022-12-20,282.0,286.0,258,251
2022-12-21,280.0,284.0,253,249
2022-12-22,279.0,282.0,251,251
2022-12-23,278.0,281.0,251,251
2022-12-24,276.0,280.0,251,251
2022-12-25,275.0,279.0,251,251
2022-12-26,274.0,277.0,251,251
2022-12-27,273.0,276.0,258,258
2022-12-28,272.0,275.0,265,265
2022-12-29,271.0,274.0,265,265
2022-12-30,270.0,273.0,265,265
2022-12-31,269.0,272.0,265,265
2023-01-01,268.0,270.0,265,265
2023-01-02,267.0,269.0,265,265
2023-01-03,265.0,268.0,268,246
2023-01-04,263.0,266.0,246,244
2023-01-05,261.0,264.0,245,236
2023-01-06,259.0,263.0,237,235
2023-01-07,258.0,261.0,235,235
2023-01-08,256.0,259.0,235,235
2023-01-09,255.0,258.0,238,238
2023-01-10,253.0,256.0,244,225
2023-01-11,251.0,254.0,227,224
2023-01-12,250.0,252.0,226,226
2023-01-13,249.0,251.0,228,228
2023-01-14,248.0,250.0,228,228
2023-01-15,247.0,249.0,228,228
2023-01-16,246.0,248.0,229,229
2023-01-17,245.0,247.0,232,220
2023-01-18,244.0,246.0,229,229
2023-01-19,243.0,245.0,232,231
2023-01-20,242.0,245.0,232,230
2023-01-21,242.0,244.0,230,230
2023-01-22,241.0,243.0,232,232
2023-01-23,240.0,243.0,233,233
2023-01-24,240.0,242.0,236,233
2023-01-25,239.0,242.0,239,230
2023-01-26,238.0,241.0,231,231
2023-01-27,237.0,240.0,236,235
2023-01-28,236.0,239.0,235,235
2023-01-29,235.0,238.0,236,236
2023-01-30,234.0,237.0,236,235
2023-01-31,233.0,236.0,236,233
2023-02-01,232.0,235.0,235,234
2023-02-02,232.0,234.0,236,235
2023-02-03,232.0,234.0,236,236
2023-02-04,232.0,233.0,236,236
2023-02-05,232.0,233.0,236,236
2023-02-06,232.0,234.0,240,239
2023-02-07,233.0,235.0,285,283
2023-02-08,235.0,237.0,285,283
2023-02-09,237.0,238.0,290,290
2023-02-10,239.0,241.0,293,293
2023-02-11,241.0,243.0,293,293
2023-02-12,244.0,245.0,294,294
2023-02-13,246.0,247.0,295,294
2023-02-14,248.0,250.0,297,296
2023-02-15,250.0,252.0,303,282
2023-02-16,252.0,254.0,283,283
2023-02-17,254.0,256.0,300,299
2023-02-18,257.0,258.0,299,299
2023-02-19,259.0,260.0,299,299
2023-02-20,261.0,263.0,300,300
2023-02-21,263.0,265.0,303,286
2023-02-22,265.0,267.0,286,286
2023-02-23,267.0,269.0,290,289
2023-02-24,269.0,271.0,296,295
2023-02-25,271.0,273.0,295,295
2023-02-26,273.0,275.0,295,295
2023-02-27,275.0,277.0,297,296
2023-02-28,276.0,279.0,297,273
2023-03-01,278.0,280.0,275,273
2023-03-02,279.0,281.0,275,273
2023-03-03,280.0,283.0,275,274
2023-03-04,282.0,284.0,276,276
2023-03-05,283.0,285.0,276,276
2023-03-06,284.0,287.0,281,281
2023-03-07,285.0,289.0,283,268
2023-03-08,286.0,290.0,272,269
2023-03-09,286.0,289.0,269,269
2023-03-10,285.0,289.0,271,267
2023-03-11,285.0,288.0,267,267
2023-03-12,284.0,287.0,267,267
2023-03-13,283.0,286.0,268,267
2023-03-14,281.0,285.0,270,248
2023-03-15,280.0,284.0,250,242
2023-03-16,278.0,282.0,249,247
2023-03-17,277.0,280.0,249,246
2023-03-18,276.0,279.0,246,246
2023-03-19,274.0,277.0,246,246
2023-03-20,272.0,276.0,253,252
2023-03-21,272.0,276.0,310,299
2023-03-22,272.0,276.0,300,296
2023-03-23,273.0,276.0,306,305
2023-03-24,273.0,277.0,308,306
2023-03-25,274.0,278.0,307,307
2023-03-26,274.0,278.0,307,307
2023-03-27,275.0,279.0,323,322
2023-03-28,276.0,280.0,326,305
2023-03-29,276.0,280.0,313,309
2023-03-30,277.0,281.0,311,310
2023-03-31,279.0,282.0,315,312
2023-04-01,280.0,284.0,312,312
2023-04-02,281.0,285.0,312,312
2023-04-03,282.0,286.0,313,312
2023-04-04,283.0,287.0,317,302
2023-04-05,284.0,288.0,304,303
2023-04-06,285.0,289.0,305,304
2023-04-07,286.0,290.0,306,305
2023-04-08,288.0,291.0,306,306
2023-04-09,289.0,292.0,308,308
2023-04-10,291.0,295.0,341,341
2023-04-11,294.0,298.0,346,346
2023-04-12,298.0,301.0,375,374
2023-04-13,302.0,305.0,379,376
2023-04-14,306.0,309.0,376,371
2023-04-15,310.0,313.0,371,371
2023-04-16,315.0,317.0,371,371
2023-04-17,318.0,321.0,375,362
2023-04-18,322.0,325.0,364,340
2023-04-19,324.0,328.0,344,339
2023-04-20,326.0,330.0,351,348
2023-04-21,328.0,331.0,349,348
2023-04-22,329.0,333.0,348,348
2023-04-23,331.0,334.0,348,348
2023-04-24,333.0,336.0,371,369
2023-04-25,334.0,338.0,374,360
2023-04-26,336.0,340.0,364,361
2023-04-27,338.0,341.0,368,366
2023-04-28,340.0,343.0,372,363
2023-04-29,341.0,345.0,364,364
2023-04-30,343.0,347.0,364,364
2023-05-01,345.0,348.0,366,361
2023-05-02,347.0,352.0,409,393
2023-05-03,350.0,354.0,398,390
2023-05-04,353.0,357.0,405,403
2023-05-05,356.0,361.0,403,389
2023-05-06,359.0,364.0,389,389
2023-05-07,362.0,366.0,391,391
2023-05-08,365.0,369.0,392,389
2023-05-09,367.0,372.0,393,367
2023-05-10,368.0,373.0,372,369
2023-05-11,369.0,374.0,375,372
2023-05-12,369.0,374.0,376,376
2023-05-13,369.0,374.0,381,381
2023-05-14,369.0,374.0,381,381
2023-05-15,370.0,375.0,394,390
2023-05-16,370.0,376.0,409,383
2023-05-17,371.0,377.0,387,383
2023-05-18,372.0,377.0,383,377
2023-05-19,373.0,379.0,386,378
2023-05-20,374.0,380.0,380,380
2023-05-21,376.0,381.0,380,380
2023-05-22,377.0,382.0,381,379
2023-05-23,377.0,383.0,380,348
2023-05-24,376.0,382.0,351,345
2023-05-25,376.0,382.0,362,359
2023-05-26,376.0,382.0,365,361
2023-05-27,376.0,382.0,362,362
2023-05-28,376.0,381.0,362,362
2023-05-29,376.0,381.0,363,363
2023-05-30,375.0,382.0,374,351
2023-05-31,374.0,381.0,358,342
2023-06-01,373.0,380.0,360,355
2023-06-02,372.0,379.0,372,363
2023-06-03,371.0,378.0,368,368
2023-06-04,370.0,376.0,368,368
2023-06-05,370.0,376.0,371,367
2023-06-06,368.0,375.0,368,343
2023-06-07,367.0,374.0,346,343
2023-06-08,366.0,372.0,349,345
2023-06-09,366.0,372.0,367,363
2023-06-10,365.0,372.0,365,365
2023-06-11,365.0,371.0,365,365
2023-06-12,364.0,371.0,367,364
2023-06-13,363.0,371.0,379,351
2023-06-14,362.0,369.0,356,354
2023-06-15,361.0,368.0,356,354
2023-06-16,361.0,367.0,374,373
2023-06-17,361.0,367.0,374,374
2023-06-18,361.0,367.0,375,375
2023-06-19,361.0,366.0,375,375
2023-06-20,360.0,366.0,381,350
2023-06-21,358.0,365.0,351,342
2023-06-22,358.0,364.0,345,340
2023-06-23,358.0,364.0,353,352
2023-06-24,358.0,364.0,352,352
2023-06-25,358.0,364.0,353,353
2023-06-26,357.0,363.0,353,347
2023-06-27,357.0,364.0,378,341
2023-06-28,356.0,364.0,353,349
2023-06-29,356.0,363.0,352,342
2023-06-30,356.0,363.0,360,357
2023-07-01,356.0,363.0,360,360
2023-07-02,356.0,362.0,360,360
2023-07-03,356.0,362.0,361,356
2023-07-04,356.0,362.0,363,363
2023-07-05,356.0,362.0,377,375
2023-07-06,357.0,363.0,378,372
2023-07-07,358.0,364.0,381,379
2023-07-08,359.0,365.0,381,381
2023-07-09,360.0,366.0,387,387
2023-07-10,361.0,367.0,397,394
2023-07-11,363.0,370.0,455,426
2023-07-12,365.0,372.0,429,425
2023-07-13,368.0,373.0,427,420
2023-07-14,370.0,376.0,426,424
2023-07-15,372.0,378.0,425,425
2023-07-16,374.0,380.0,428,428
2023-07-17,377.0,383.0,469,467
2023-07-18,381.0,387.0,499,485
2023-07-19,384.0,391.0,486,481
2023-07-20,389.0,394.0,483,479
2023-07-21,394.0,400.0,514,509
2023-07-22,400.0,405.0,512,512
2023-07-23,406.0,411.0,523,523
2023-07-24,411.0,417.0,527,515
2023-07-25,416.0,422.0,518,498
2023-07-26,421.0,427.0,499,484
2023-07-27,426.0,431.0,497,494
2023-07-28,431.0,436.0,503,498
2023-07-29,436.0,441.0,506,506
2023-07-30,441.0,446.0,506,506
2023-07-31,446.0,452.0,532,499
2023-08-01,450.0,456.0,506,504
2023-08-02,455.0,461.0,505,502
2023-08-03,460.0,466.0,504,497
2023-08-04,464.0,471.0,517,513
2023-08-05,469.0,475.0,513,513
2023-08-06,474.0,480.0,513,513
2023-08-07,478.0,484.0,515,510
2023-08-08,482.0,488.0,517,499
2023-08-09,485.0,492.0,502,498
2023-08-10,488.0,493.0,503,500
2023-08-11,491.0,497.0,525,517
2023-08-12,494.0,500.0,517,517
2023-08-13,497.0,503.0,519,519
2023-08-14,500.0,506.0,520,515
2023-08-15,502.0,509.0,518,486
2023-08-16,502.0,510.0,489,478
2023-08-17,502.0,509.0,481,478
2023-08-18,502.0,509.0,490,487
2023-08-19,503.0,509.0,493,493
2023-08-20,502.0,509.0,494,494
2023-08-21,502.0,508.0,495,489
2023-08-22,500.0,507.0,500,485
2023-08-23,499.0,506.0,491,484
2023-08-24,499.0,505.0,487,480
2023-08-25,499.0,505.0,493,488
2023-08-26,499.0,505.0,492,492
2023-08-27,498.0,505.0,493,493
2023-08-28,499.0,505.0,518,513
2023-08-29,499.0,507.0,556,526
2023-08-30,500.0,506.0,529,518
2023-08-31,500.0,507.0,519,515
2023-09-01,501.0,508.0,540,523
2023-09-02,502.0,509.0,525,525
2023-09-03,502.0,509.0,525,525
2023-09-04,503.0,510.0,526,526
2023-09-05,503.0,511.0,550,510
2023-09-06,502.0,511.0,512,497
2023-09-07,503.0,510.0,513,507
2023-09-08,503.0,511.0,516,512
2023-09-09,503.0,511.0,512,512
2023-09-10,503.0,511.0,512,512
2023-09-11,503.0,511.0,533,522
2023-09-12,502.0,512.0,531,485
2023-09-13,501.0,511.0,498,481
2023-09-14,501.0,510.0,485,478
2023-09-15,502.0,511.0,509,503
2023-09-16,503.0,511.0,503,503
2023-09-17,503.0,512.0,505,505
2023-09-18,504.0,513.0,529,520
2023-09-19,505.0,514.0,522,513
2023-09-20,505.0,515.0,517,488
2023-09-21,505.0,515.0,500,492
2023-09-22,505.0,515.0,503,499
2023-09-23,506.0,516.0,504,504
2023-09-24,507.0,516.0,504,504
2023-09-25,508.0,517.0,530,521
2023-09-26,507.0,518.0,526,482
2023-09-27,506.0,517.0,487,473
2023-09-28,505.0,516.0,508,507
2023-09-29,505.0,515.0,508,495
2023-09-30,504.0,515.0,510,510
2023-10-01,504.0,514.0,518,518
2023-10-02,504.0,514.0,526,521
2023-10-03,503.0,514.0,529,477
2023-10-04,501.0,513.0,479,469
2023-10-05,500.0,511.0,504,496
2023-10-06,500.0,511.0,508,506
2023-10-07,501.0,511.0,508,508
2023-10-08,500.0,511.0,510,510
2023-10-09,500.0,511.0,514,513
2023-10-10,499.0,511.0,519,474
2023-10-11,498.0,509.0,478,472
2023-10-12,498.0,508.0,505,498
2023-10-13,499.0,509.0,512,506
2023-10-14,500.0,509.0,506,506
2023-10-15,500.0,509.0,506,506
2023-10-16,500.0,509.0,506,502
2023-10-17,499.0,510.0,523,485
2023-10-18,498.0,509.0,486,485
2023-10-19,498.0,508.0,507,498
2023-10-20,498.0,508.0,503,496
2023-10-21,498.0,507.0,496,496
2023-10-22,498.0,508.0,505,504
2023-10-23,498.0,508.0,506,498
2023-10-24,497.0,508.0,505,466
2023-10-25,495.0,506.0,470,464
2023-10-26,495.0,504.0,488,484
2023-10-27,495.0,504.0,488,484
2023-10-28,494.0,504.0,485,485
2023-10-29,494.0,503.0,488,488
2023-10-30,494.0,503.0,518,512
2023-10-31,493.0,503.0,513,472
2023-11-01,491.0,501.0,477,473
2023-11-02,491.0,500.0,479,473
2023-11-03,491.0,500.0,487,476
2023-11-04,491.0,499.0,477,477
2023-11-05,490.0,498.0,477,477
2023-11-06,488.0,497.0,479,472
2023-11-07,487.0,497.0,494,454
2023-11-08,485.0,495.0,461,454
2023-11-09,484.0,493.0,470,466
2023-11-10,484.0,493.0,471,471
2023-11-11,483.0,492.0,471,471
2023-11-12,482.0,490.0,473,473
2023-11-13,482.0,491.0,508,504
2023-11-14,482.0,491.0,516,496
2023-11-15,482.0,491.0,503,500
2023-11-16,482.0,490.0,503,495
2023-11-17,483.0,491.0,509,504
2023-11-18,483.0,491.0,505,505
2023-11-19,483.0,491.0,506,505
2023-11-20,485.0,492.0,542,533
2023-11-21,487.0,495.0,576,573
2023-11-22,489.0,497.0,576,568
2023-11-23,493.0,499.0,570,570
2023-11-24,495.0,503.0,578,525
2023-11-25,496.0,504.0,526,526
2023-11-26,498.0,506.0,527,527
2023-11-27,499.0,508.0,554,537
2023-11-28,500.0,510.0,545,515
2023-11-29,500.0,510.0,518,513
2023-11-30,502.0,510.0,526,523
2023-12-01,504.0,512.0,539,538
2023-12-02,506.0,514.0,538,538
2023-12-03,508.0,516.0,538,538
2023-12-04,510.0,518.0,545,539
2023-12-05,512.0,521.0,564,531
2023-12-06,514.0,523.0,533,524
2023-12-07,516.0,524.0,528,518
2023-12-08,518.0,526.0,527,518
2023-12-09,520.0,528.0,518,518
2023-12-10,521.0,529.0,519,519
2023-12-11,523.0,531.0,522,518
2023-12-12,525.0,534.0,554,519
2023-12-13,525.0,534.0,528,516
2023-12-14,525.0,535.0,520,508
2023-12-15,526.0,536.0,532,526
2023-12-16,527.0,536.0,526,526
2023-12-17,528.0,537.0,527,527
2023-12-18,528.0,538.0,533,516
2023-12-19,528.0,539.0,550,499
2023-12-20,526.0,538.0,503,482
2023-12-21,523.0,535.0,498,480
2023-12-22,520.0,532.0,488,476
2023-12-23,517.0,529.0,479,479
2023-12-24,516.0,526.0,481,481
2023-12-25,515.0,525.0,489,489
2023-12-26,513.0,524.0,492,486
2023-12-27,511.0,522.0,487,484
2023-12-28,510.0,520.0,485,480
2023-12-29,509.0,518.0,486,481
2023-12-30,508.0,517.0,485,485
2023-12-31,506.0,515.0,485,485
2024-01-01,504.0,514.0,486,486
2024-01-02,502.0,512.0,495,462
2024-01-03,499.0,509.0,463,459
2024-01-04,497.0,506.0,468,460
2024-01-05,495.0,504.0,472,462
2024-01-06,493.0,502.0,462,462
2024-01-07,491.0,500.0,463,463
2024-01-08,489.0,498.0,466,464
2024-01-09,487.0,497.0,474,443
2024-01-10,484.0,494.0,448,432
2024-01-11,481.0,490.0,440,438
2024-01-12,479.0,488.0,458,455
2024-01-13,477.0,486.0,456,456
2024-01-14,475.0,483.0,456,456
2024-01-15,473.0,481.0,459,459
2024-01-16,471.0,479.0,460,459
2024-01-17,469.0,476.0,460,458
2024-01-18,468.0,474.0,476,476
2024-01-19,469.0,474.0,506,500
2024-01-20,469.0,474.0,500,500
2024-01-21,470.0,475.0,501,500
2024-01-22,471.0,475.0,502,495
2024-01-23,471.0,477.0,529,482
2024-01-24,470.0,477.0,483,476
2024-01-25,470.0,476.0,480,476
2024-01-26,470.0,477.0,504,502
2024-01-27,472.0,478.0,514,514
2024-01-28,473.0,479.0,515,515
2024-01-29,474.0,480.0,519,517
2024-01-30,475.0,482.0,552,523
2024-01-31,476.0,484.0,526,524
2024-02-01,479.0,485.0,535,532
2024-02-02,482.0,488.0,563,559
2024-02-03,485.0,491.0,559,559
2024-02-04,488.0,494.0,559,559
2024-02-05,492.0,498.0,571,569
2024-02-06,495.0,501.0,571,546
2024-02-07,498.0,504.0,551,545
2024-02-08,501.0,507.0,547,538
2024-02-09,505.0,511.0,564,550
2024-02-10,508.0,514.0,551,551
2024-02-11,512.0,517.0,551,551
2024-02-12,515.0,521.0,557,555
2024-02-13,517.0,524.0,558,527
2024-02-14,520.0,526.0,530,527
2024-02-15,522.0,529.0,540,536
2024-02-16,526.0,533.0,571,568
2024-02-17,529.0,536.0,574,574
2024-02-18,531.0,538.0,574,574
2024-02-19,534.0,541.0,580,580
2024-02-20,536.0,544.0,582,542
2024-02-21,537.0,545.0,546,542
2024-02-22,539.0,546.0,544,531
2024-02-23,541.0,548.0,563,553
2024-02-24,544.0,551.0,553,553
2024-02-25,546.0,552.0,553,553
2024-02-26,547.0,554.0,557,551
2024-02-27,547.0,555.0,552,521
2024-02-28,547.0,555.0,524,520
2024-02-29,547.0,554.0,524,517
2024-03-01,548.0,555.0,547,543
2024-03-02,548.0,555.0,545,545
2024-03-03,548.0,555.0,547,547
2024-03-04,547.0,555.0,550,536
2024-03-05,547.0,555.0,577,553
2024-03-06,546.0,555.0,557,552
2024-03-07,546.0,554.0,554,549
2024-03-08,547.0,555.0,573,562
2024-03-09,548.0,555.0,564,564
2024-03-10,548.0,555.0,565,565
2024-03-11,549.0,556.0,571,565
2024-03-12,548.0,557.0,574,550
2024-03-13,548.0,557.0,555,548
2024-03-14,548.0,556.0,549,507
2024-03-15,547.0,556.0,516,513
2024-03-16,546.0,555.0,513,513
2024-03-17,545.0,553.0,513,513
2024-03-18,544.0,553.0,574,573
2024-03-19,543.0,553.0,580,543
2024-03-20,542.0,552.0,543,539
2024-03-21,542.0,551.0,539,532
2024-03-22,543.0,552.0,573,565
2024-03-23,544.0,552.0,565,565
2024-03-24,544.0,552.0,566,566
2024-03-25,544.0,553.0,568,560
2024-03-26,543.0,554.0,575,525
2024-03-27,543.0,553.0,534,527
2024-03-28,543.0,552.0,534,525
2024-03-29,544.0,554.0,565,561
2024-03-30,546.0,555.0,569,569
2024-03-31,547.0,556.0,569,568
2024-04-01,547.0,557.0,571,563
2024-04-02,547.0,558.0,572,538
2024-04-03,547.0,557.0,538,524
2024-04-04,545.0,555.0,525,510
2024-04-05,545.0,555.0,544,540
2024-04-06,544.0,555.0,540,540
2024-04-07,544.0,553.0,540,540
2024-04-08,543.0,553.0,543,543
2024-04-09,541.0,552.0,546,516
2024-04-10,540.0,551.0,523,518
2024-04-11,538.0,549.0,520,510
2024-04-12,538.0,548.0,545,545
2024-04-13,540.0,548.0,545,545
2024-04-14,541.0,549.0,548,548
2024-04-15,542.0,551.0,550,548
2024-04-16,542.0,552.0,566,523
2024-04-17,541.0,551.0,527,524
2024-04-18,540.0,549.0,526,525
2024-04-19,541.0,550.0,560,558
2024-04-20,542.0,550.0,560,560
2024-04-21,541.0,550.0,561,559
2024-04-22,541.0,550.0,570,566
2024-04-23,541.0,550.0,578,548
2024-04-24,540.0,550.0,554,549
2024-04-25,541.0,550.0,562,554
2024-04-26,543.0,551.0,589,583
2024-04-27,545.0,553.0,583,583
2024-04-28,546.0,554.0,583,583
2024-04-29,546.0,554.0,583,578
2024-04-30,546.0,555.0,590,568
2024-05-01,546.0,555.0,572,568
2024-05-02,547.0,555.0,572,562
2024-05-03,550.0,557.0,597,594
2024-05-04,552.0,559.0,595,595
2024-05-05,554.0,561.0,599,599
2024-05-06,556.0,563.0,606,603
2024-05-07,558.0,565.0,605,576
2024-05-08,559.0,567.0,588,580
2024-05-09,561.0,568.0,582,567
2024-05-10,563.0,570.0,593,589
2024-05-11,565.0,573.0,589,576
2024-05-12,566.0,574.0,577,577
2024-05-13,567.0,575.0,581,579
2024-05-14,568.0,576.0,582,571
2024-05-15,569.0,577.0,575,570
2024-05-16,570.0,577.0,580,571
2024-05-17,572.0,579.0,572,564
2024-05-18,573.0,580.0,566,552
2024-05-19,573.0,580.0,552,552
2024-05-20,572.0,580.0,554,547
2024-05-21,571.0,579.0,548,533
2024-05-22,571.0,579.0,567,561
2024-05-23,571.0,579.0,565,552
2024-05-24,571.0,579.0,562,553
2024-05-25,571.0,579.0,572,545
2024-05-26,570.0,578.0,548,548
2024-05-27,569.0,577.0,548,548
2024-05-28,568.0,576.0,556,555
2024-05-29,568.0,576.0,588,576
2024-05-30,568.0,576.0,580,572
2024-05-31,568.0,576.0,578,573
2024-06-01,568.0,576.0,576,560
2024-06-02,567.0,575.0,562,562
2024-06-03,566.0,574.0,565,562
2024-06-04,564.0,573.0,564,552
2024-06-05,564.0,572.0,584,583
2024-06-06,563.0,571.0,587,573
2024-06-07,563.0,571.0,579,577
2024-06-08,563.0,571.0,583,560
2024-06-09,562.0,570.0,560,560
2024-06-10,562.0,569.0,563,559
2024-06-11,561.0,569.0,567,547
2024-06-12,560.0,568.0,563,559
2024-06-13,559.0,568.0,568,555
2024-06-14,559.0,567.0,560,554
2024-06-15,558.0,567.0,563,536
2024-06-16,557.0,566.0,552,552
2024-06-17,557.0,566.0,557,553
2024-06-18,557.0,566.0,562,551
2024-06-19,558.0,566.0,556,555
2024-06-20,558.0,566.0,557,549
2024-06-21,559.0,567.0,583,580
2024-06-22,559.0,568.0,588,563
2024-06-23,560.0,568.0,566,566
2024-06-24,560.0,568.0,571,563
2024-06-25,560.0,568.0,568,558
2024-06-26,561.0,570.0,582,571
2024-06-27,562.0,570.0,573,566
2024-06-28,561.0,570.0,575,566
2024-06-29,561.0,569.0,572,555
2024-06-30,560.0,569.0,557,557
2024-07-01,560.0,568.0,558,555
2024-07-02,561.0,569.0,589,584
2024-07-03,562.0,570.0,588,587
2024-07-04,563.0,571.0,588,587
2024-07-05,563.0,571.0,592,590
2024-07-06,563.0,571.0,593,577
2024-07-07,563.0,571.0,579,578
2024-07-08,563.0,571.0,578,568
2024-07-09,563.0,571.0,571,545
2024-07-10,563.0,572.0,578,567
2024-07-11,564.0,572.0,573,563
2024-07-12,564.0,572.0,568,566
2024-07-13,564.0,572.0,568,552
2024-07-14,564.0,572.0,553,553
2024-07-15,564.0,572.0,560,550
2024-07-16,564.0,572.0,551,541
2024-07-17,565.0,573.0,579,574
2024-07-18,565.0,573.0,578,563
2024-07-19,566.0,574.0,577,571
2024-07-20,566.0,575.0,582,565
2024-07-21,566.0,574.0,565,565
2024-07-22,566.0,574.0,576,576
2024-07-23,566.0,574.0,581,568
2024-07-24,567.0,575.0,605,588
2024-07-25,568.0,576.0,589,581
2024-07-26,568.0,576.0,595,586
2024-07-27,568.0,577.0,596,573
2024-07-28,569.0,577.0,577,576
2024-07-29,569.0,577.0,579,576
2024-07-30,570.0,578.0,577,566
2024-07-31,571.0,579.0,598,596
2024-08-01,572.0,580.0,612,608
2024-08-02,573.0,581.0,615,613
2024-08-03,573.0,582.0,616,601
2024-08-04,574.0,582.0,602,601
2024-08-05,574.0,583.0,603,593
2024-08-06,575.0,583.0,597,593
2024-08-07,576.0,585.0,624,615
2024-08-08,578.0,586.0,617,614
2024-08-09,580.0,588.0,620,618
2024-08-10,581.0,589.0,618,588
2024-08-11,582.0,590.0,590,590
2024-08-12,583.0,591.0,592,581
2024-08-13,583.0,592.0,584,556
2024-08-14,584.0,593.0,588,586
2024-08-15,585.0,594.0,590,581
2024-08-16,586.0,595.0,600,582
2024-08-17,585.0,595.0,584,541
2024-08-18,584.0,594.0,542,542
2024-08-19,583.0,593.0,545,540
2024-08-20,582.0,592.0,541,537
2024-08-21,582.0,592.0,573,563
2024-08-22,581.0,591.0,564,549
2024-08-23,580.0,590.0,570,562
2024-08-24,578.0,589.0,563,506
2024-08-25,575.0,586.0,508,508
2024-08-26,573.0,584.0,525,511
2024-08-27,570.0,582.0,514,487
2024-08-28,568.0,580.0,528,518
2024-08-29,567.0,578.0,520,518
2024-08-30,564.0,576.0,520,516
2024-08-31,560.0,572.0,520,477
2024-09-01,555.0,568.0,479,479
2024-09-02,551.0,563.0,479,478
2024-09-03,546.0,559.0,482,464
2024-09-04,543.0,556.0,514,504
2024-09-05,540.0,553.0,506,502
2024-09-06,537.0,549.0,505,501
2024-09-07,533.0,546.0,510,495
2024-09-08,529.0,542.0,498,498
2024-09-09,527.0,539.0,549,532
2024-09-10,525.0,538.0,540,525
2024-09-11,523.0,536.0,531,518
2024-09-12,521.0,534.0,523,509
2024-09-13,520.0,533.0,564,561
2024-09-14,519.0,532.0,563,540
2024-09-15,517.0,530.0,540,540
2024-09-16,518.0,530.0,589,574
2024-09-17,519.0,531.0,578,563
2024-09-18,520.0,532.0,570,550
2024-09-19,519.0,532.0,550,520
2024-09-20,518.0,532.0,555,527
2024-09-21,516.0,531.0,527,496
2024-09-22,514.0,528.0,496,496
2024-09-23,515.0,528.0,545,540
2024-09-24,516.0,529.0,557,543
2024-09-25,517.0,530.0,548,537
2024-09-26,518.0,531.0,541,510
2024-09-27,519.0,532.0,561,551
2024-09-28,519.0,533.0,552,537
2024-09-29,520.0,534.0,543,543
2024-09-30,522.0,535.0,545,537
2024-10-01,524.0,537.0,544,536
2024-10-02,525.0,539.0,544,506
2024-10-03,526.0,540.0,513,495
2024-10-04,527.0,541.0,547,541
2024-10-05,528.0,543.0,555,533
2024-10-06,530.0,544.0,534,534
2024-10-07,532.0,546.0,593,578
2024-10-08,535.0,549.0,583,578
2024-10-09,536.0,550.0,584,550
2024-10-10,536.0,551.0,562,524
2024-10-11,537.0,553.0,577,569
2024-10-12,539.0,554.0,569,552
2024-10-13,538.0,554.0,555,554
2024-10-14,539.0,554.0,554,554
2024-10-15,540.0,555.0,583,578
2024-10-16,539.0,555.0,588,552
2024-10-17,539.0,555.0,561,548
2024-10-18,540.0,555.0,578,567
2024-10-19,541.0,556.0,579,560
2024-10-20,542.0,556.0,560,559
2024-10-21,545.0,559.0,605,593
2024-10-22,548.0,562.0,596,586
2024-10-23,549.0,563.0,590,566
2024-10-24,549.0,564.0,583,553
2024-10-25,551.0,566.0,588,575
2024-10-26,552.0,567.0,577,553
2024-10-27,552.0,566.0,553,553
2024-10-28,554.0,568.0,598,587
2024-10-29,555.0,570.0,589,578
2024-10-30,555.0,571.0,579,551
2024-10-31,555.0,571.0,554,528
2024-11-01,557.0,572.0,561,554
2024-11-02,559.0,573.0,566,548
2024-11-03,559.0,573.0,550,550
2024-11-04,560.0,574.0,586,574
2024-11-05,561.0,576.0,582,569
2024-11-06,560.0,576.0,575,552
2024-11-07,559.0,574.0,553,532
2024-11-08,559.0,574.0,555,548
2024-11-09,559.0,573.0,554,534
2024-11-10,558.0,572.0,534,534
2024-11-11,558.0,571.0,536,536
2024-11-12,558.0,571.0,575,563
2024-11-13,558.0,572.0,568,549
2024-11-14,557.0,571.0,550,544
2024-11-15,556.0,570.0,565,543
2024-11-16,556.0,570.0,560,547
2024-11-17,556.0,569.0,551,551
2024-11-18,556.0,568.0,562,560
2024-11-19,555.0,569.0,568,549
2024-11-20,553.0,567.0,551,533
2024-11-21,551.0,565.0,537,523
2024-11-22,550.0,563.0,534,530
2024-11-23,548.0,561.0,533,500
2024-11-24,546.0,559.0,500,500
2024-11-25,544.0,557.0,521,508
2024-11-26,543.0,555.0,515,509
2024-11-27,540.0,553.0,520,511
2024-11-28,538.0,550.0,513,513
2024-11-29,537.0,549.0,535,532
2024-11-30,537.0,548.0,535,514
2024-12-01,536.0,547.0,517,517
2024-12-02,535.0,545.0,522,517
2024-12-03,534.0,545.0,539,525
2024-12-04,532.0,543.0,527,520
2024-12-05,531.0,541.0,524,524
2024-12-06,530.0,540.0,544,530
2024-12-07,529.0,539.0,533,507
2024-12-08,528.0,538.0,509,509
2024-12-09,527.0,537.0,522,515
2024-12-10,526.0,536.0,522,513
2024-12-11,526.0,536.0,522,514
2024-12-12,524.0,534.0,517,509
2024-12-13,523.0,532.0,524,519
2024-12-14,522.0,531.0,521,503
2024-12-15,520.0,530.0,507,507
2024-12-16,520.0,529.0,532,528
2024-12-17,519.0,528.0,535,520
2024-12-18,517.0,527.0,524,510
2024-12-19,516.0,525.0,520,514
2024-12-20,515.0,524.0,520,507
2024-12-21,514.0,523.0,512,488
2024-12-22,512.0,522.0,491,491
2024-12-23,512.0,521.0,511,497
2024-12-24,512.0,521.0,501,501
2024-12-25,512.0,520.0,501,501
2024-12-26,512.0,520.0,504,501
2024-12-27,512.0,520.0,509,505
2024-12-28,511.0,520.0,505,488
2024-12-29,509.0,518.0,490,490
2024-12-30,509.0,517.0,497,487
2024-12-31,508.0,516.0,502,501
2025-01-01,508.0,516.0,501,501
2025-01-02,507.0,515.0,519,512
2025-01-03,507.0,515.0,530,524
2025-01-04,507.0,515.0,526,511
2025-01-05,506.0,514.0,513,513
2025-01-06,507.0,514.0,532,519
2025-01-07,507.0,515.0,539,528
2025-01-08,508.0,516.0,538,529
2025-01-09,508.0,516.0,533,533
2025-01-10,509.0,516.0,539,522
2025-01-11,509.0,517.0,523,523
2025-01-12,509.0,517.0,524,523
2025-01-13,510.0,517.0,534,525
2025-01-14,510.0,518.0,534,520
2025-01-15,510.0,518.0,529,511
2025-01-16,510.0,517.0,515,511
2025-01-17,510.0,517.0,525,518
2025-01-18,509.0,517.0,521,489
2025-01-19,508.0,516.0,493,493
2025-01-20,509.0,516.0,493,493
2025-01-21,509.0,516.0,509,501
2025-01-22,510.0,517.0,526,516
2025-01-23,510.0,518.0,527,518
2025-01-24,511.0,519.0,546,527
2025-01-25,511.0,520.0,535,511
2025-01-26,512.0,521.0,525,525
2025-01-27,514.0,522.0,550,535
2025-01-28,516.0,525.0,565,557
2025-01-29,519.0,528.0,592,583
2025-01-30,522.0,531.0,600,595
2025-01-31,526.0,535.0,621,604
2025-02-01,528.0,539.0,619,594
2025-02-02,531.0,541.0,597,597
2025-02-03,533.0,544.0,611,572
2025-02-04,536.0,547.0,605,603
2025-02-05,538.0,550.0,618,594
2025-02-06,541.0,552.0,621,602
2025-02-07,544.0,556.0,638,638
2025-02-08,548.0,559.0,649,629
2025-02-09,551.0,563.0,636,636
2025-02-10,556.0,567.0,651,647
2025-02-11,560.0,571.0,657,648
2025-02-12,564.0,576.0,657,643
2025-02-13,568.0,580.0,655,653
2025-02-14,573.0,584.0,661,658
2025-02-15,577.0,589.0,664,634
2025-02-16,581.0,593.0,646,633
2025-02-17,584.0,597.0,639,586
