Date,Midnight population,24-hour population
2008-10-01,0.0,0.0
2008-10-02,0.0,0.0
2008-10-03,0.0,0.0
2008-10-04,0.0,0.0
2008-10-05,0.0,0.0
2008-10-06,0.0,0.0
2008-10-07,0.0,0.0
2008-10-08,0.0,0.0
2008-10-09,0.0,0.0
2008-10-10,0.0,0.0
2008-10-11,0.0,0.0
2008-10-12,0.0,0.0
2008-10-13,0.0,0.0
2008-10-14,0.0,0.0
2008-10-15,0.0,0.0
2008-10-16,0.0,0.0
2008-10-17,0.0,0.0
2008-10-18,0.0,0.0
2008-10-19,0.0,0.0
2008-10-20,0.0,0.0
2008-10-21,0.0,0.0
2008-10-22,0.0,0.0
2008-10-23,0.0,0.0
2008-10-24,0.0,0.0
2008-10-25,0.0,0.0
2008-10-26,0.0,0.0
2008-10-27,0.0,0.0
2008-10-28,0.0,0.0
2008-10-29,0.0,0.0
2008-10-30,0.0,0.0
2008-10-31,0.0,0.0
2008-11-01,0.0,0.0
2008-11-02,0.0,0.0
2008-11-03,0.0,0.0
2008-11-04,0.0,0.0
2008-11-05,0.0,0.0
2008-11-06,0.0,0.0
2008-11-07,0.0,0.0
2008-11-08,0.0,0.0
2008-11-09,0.0,0.0
2008-11-10,0.0,0.0
2008-11-11,0.0,0.0
2008-11-12,0.0,0.0
2008-11-13,0.0,0.0
2008-11-14,0.0,0.0
2008-11-15,0.0,0.0
2008-11-16,0.0,0.0
2008-11-17,0.0,0.0
2008-11-18,0.0,0.0
2008-11-19,0.0,0.0
2008-11-20,0.0,0.0
2008-11-21,0.0,0.0
2008-11-22,0.0,0.0
2008-11-23,0.0,0.0
2008-11-24,0.0,0.0
2008-11-25,0.0,0.0
2008-11-26,0.0,0.0
2008-11-27,0.0,0.0
2008-11-28,0.0,0.0
2008-11-29,0.0,0.0
2008-11-30,0.0,0.0
2008-12-01,0.0,0.0
2008-12-02,0.0,0.0
2008-12-03,0.0,0.0
2008-12-04,0.0,0.0
2008-12-05,0.0,0.0
2008-12-06,0.0,0.0
2008-12-07,0.0,0.0
2008-12-08,0.0,0.0
2008-12-09,0.0,0.0
2008-12-10,0.0,0.0
2008-12-11,0.0,0.0
2008-12-12,0.0,0.0
2008-12-13,0.0,0.0
2008-12-14,0.0,0.0
2008-12-15,0.0,0.0
2008-12-16,0.0,0.0
2008-12-17,0.0,0.0
2008-12-18,0.0,0.0
2008-12-19,0.0,0.0
2008-12-20,0.0,0.0
2008-12-21,0.0,0.0
2008-12-22,0.0,0.0
2008-12-23,0.0,0.0
2008-12-24,0.0,0.0
2008-12-25,0.0,0.0
2008-12-26,0.0,0.0
2008-12-27,0.0,0.0
2008-12-28,0.0,0.0
2008-12-29,0.0,0.0
2008-12-30,0.0,0.0
2008-12-31,0.0,0.0
2009-01-01,0.0,0.0
2009-01-02,0.0,0.0
2009-01-03,0.0,0.0
2009-01-04,0.0,0.0
2009-01-05,0.0,0.0
2009-01-06,0.0,0.0
2009-01-07,0.0,0.0
2009-01-08,0.0,0.0
2009-01-09,0.0,0.0
2009-01-10,0.0,0.0
2009-01-11,0.0,0.0
2009-01-12,0.0,0.0
2009-01-13,0.0,0.0
2009-01-14,0.0,0.0
2009-01-15,0.0,0.0
2009-01-16,0.0,0.0
2009-01-17,0.0,0.0
2009-01-18,0.0,0.0
2009-01-19,0.0,0.0
2009-01-20,0.0,0.0
2009-01-21,0.0,0.0
2009-01-22,0.0,0.0
2009-01-23,0.0,0.0
2009-01-24,0.0,0.0
2009-01-25,0.0,0.0
2009-01-26,0.0,0.0
2009-01-27,0.0,0.0
2009-01-28,0.0,0.0
2009-01-29,0.0,0.0
2009-01-30,0.0,0.0
2009-01-31,0.0,0.0
2009-02-01,0.0,0.0
2009-02-02,0.0,0.0
2009-02-03,0.0,0.0
2009-02-04,0.0,0.0
2009-02-05,0.0,0.0
2009-02-06,0.0,0.0
2009-02-07,0.0,0.0
2009-02-08,0.0,0.0
2009-02-09,0.0,0.0
2009-02-10,0.0,0.0
2009-02-11,0.0,0.0
2009-02-12,0.0,0.0
2009-02-13,0.0,0.0
2009-02-14,0.0,0.0
2009-02-15,0.0,0.0
2009-02-16,0.0,0.0
2009-02-17,0.0,0.0
2009-02-18,0.0,0.0
2009-02-19,0.0,0.0
2009-02-20,0.0,0.0
2009-02-21,0.0,0.0
2009-02-22,0.0,0.0
2009-02-23,0.0,0.0
2009-02-24,0.0,0.0
2009-02-25,0.0,0.0
2009-02-26,0.0,0.0
2009-02-27,0.0,0.0
2009-02-28,0.0,0.0
2009-03-01,0.0,0.0
2009-03-02,0.0,0.0
2009-03-03,0.0,0.0
2009-03-04,0.0,0.0
2009-03-05,0.0,0.0
2009-03-06,0.0,0.0
2009-03-07,0.0,0.0
2009-03-08,0.0,0.0
2009-03-09,0.0,0.0
2009-03-10,0.0,0.0
2009-03-11,0.0,0.0
2009-03-12,0.0,0.0
2009-03-13,0.0,0.0
2009-03-14,0.0,0.0
2009-03-15,0.0,0.0
2009-03-16,0.0,0.0
2009-03-17,0.0,0.0
2009-03-18,0.0,0.0
2009-03-19,0.0,0.0
2009-03-20,0.0,0.0
2009-03-21,0.0,0.0
2009-03-22,0.0,0.0
2009-03-23,0.0,0.0
2009-03-24,0.0,0.0
2009-03-25,0.0,0.0
2009-03-26,0.0,0.0
2009-03-27,0.0,0.0
2009-03-28,0.0,0.0
2009-03-29,0.0,0.0
2009-03-30,0.0,0.0
2009-03-31,0.0,0.0
2009-04-01,0.0,0.0
2009-04-02,0.0,0.0
2009-04-03,0.0,0.0
2009-04-04,0.0,0.0
2009-04-05,0.0,0.0
2009-04-06,0.0,0.0
2009-04-07,0.0,0.0
2009-04-08,0.0,0.0
2009-04-09,0.0,0.0
2009-04-10,0.0,0.0
2009-04-11,0.0,0.0
2009-04-12,0.0,0.0
2009-04-13,0.0,0.0
2009-04-14,0.0,0.0
2009-04-15,0.0,0.0
2009-04-16,0.0,0.0
2009-04-17,0.0,0.0
2009-04-18,0.0,0.0
2009-04-19,0.0,0.0
2009-04-20,0.0,0.0
2009-04-21,0.0,0.0
2009-04-22,0.0,0.0
2009-04-23,0.0,0.0
2009-04-24,0.0,0.0
2009-04-25,0.0,0.0
2009-04-26,0.0,0.0
2009-04-27,0.0,0.0
2009-04-28,0.0,0.0
2009-04-29,0.0,0.0
2009-04-30,0.0,0.0
2009-05-01,0.0,0.0
2009-05-02,0.0,0.0
2009-05-03,0.0,0.0
2009-05-04,0.0,0.0
2009-05-05,0.0,0.0
2009-05-06,0.0,0.0
2009-05-07,0.0,0.0
2009-05-08,0.0,0.0
2009-05-09,0.0,0.0
2009-05-10,0.0,0.0
2009-05-11,0.0,0.0
2009-05-12,0.0,0.0
2009-05-13,0.0,0.0
2009-05-14,0.0,0.0
2009-05-15,0.0,0.0
2009-05-16,0.0,0.0
2009-05-17,0.0,0.0
2009-05-18,0.0,0.0
2009-05-19,0.0,0.0
2009-05-20,0.0,0.0
2009-05-21,0.0,0.0
2009-05-22,0.0,0.0
2009-05-23,0.0,0.0
2009-05-24,0.0,0.0
2009-05-25,0.0,0.0
2009-05-26,0.0,0.0
2009-05-27,0.0,0.0
2009-05-28,0.0,0.0
2009-05-29,0.0,0.0
2009-05-30,0.0,0.0
2009-05-31,0.0,0.0
2009-06-01,0.0,0.0
2009-06-02,0.0,0.0
2009-06-03,0.0,0.0
2009-06-04,0.0,0.0
2009-06-05,0.0,0.0
2009-06-06,0.0,0.0
2009-06-07,0.0,0.0
2009-06-08,0.0,0.0
2009-06-09,0.0,0.0
2009-06-10,0.0,0.0
2009-06-11,0.0,0.0
2009-06-12,0.0,0.0
2009-06-13,0.0,0.0
2009-06-14,0.0,0.0
2009-06-15,0.0,0.0
2009-06-16,0.0,0.0
2009-06-17,0.0,0.0
2009-06-18,0.0,0.0
2009-06-19,0.0,0.0
2009-06-20,0.0,0.0
2009-06-21,0.0,0.0
2009-06-22,0.0,0.0
2009-06-23,0.0,0.0
2009-06-24,0.0,0.0
2009-06-25,0.0,0.0
2009-06-26,0.0,0.0
2009-06-27,0.0,0.0
2009-06-28,0.0,0.0
2009-06-29,0.0,0.0
2009-06-30,0.0,0.0
2009-07-01,0.0,0.0
2009-07-02,0.0,0.0
2009-07-03,0.0,0.0
2009-07-04,0.0,0.0
2009-07-05,0.0,0.0
2009-07-06,0.0,0.0
2009-07-07,0.0,0.0
2009-07-08,0.0,0.0
2009-07-09,0.0,0.0
2009-07-10,0.0,0.0
2009-07-11,0.0,0.0
2009-07-12,0.0,0.0
2009-07-13,0.0,0.0
2009-07-14,0.0,0.0
2009-07-15,0.0,0.0
2009-07-16,0.0,0.0
2009-07-17,0.0,0.0
2009-07-18,0.0,0.0
2009-07-19,0.0,0.0
2009-07-20,0.0,0.0
2009-07-21,0.0,0.0
2009-07-22,0.0,0.0
2009-07-23,0.0,0.0
2009-07-24,0.0,0.0
2009-07-25,0.0,0.0
2009-07-26,0.0,0.0
2009-07-27,0.0,0.0
2009-07-28,0.0,0.0
2009-07-29,0.0,0.0
2009-07-30,0.0,0.0
2009-07-31,0.0,0.0
2009-08-01,0.0,0.0
2009-08-02,0.0,0.0
2009-08-03,0.0,0.0
2009-08-04,0.0,0.0
2009-08-05,0.0,0.0
2009-08-06,0.0,0.0
2009-08-07,0.0,0.0
2009-08-08,0.0,0.0
2009-08-09,0.0,0.0
2009-08-10,0.0,0.0
2009-08-11,0.0,0.0
2009-08-12,0.0,0.0
2009-08-13,0.0,0.0
2009-08-14,0.0,0.0
2009-08-15,0.0,0.0
2009-08-16,0.0,0.0
2009-08-17,0.0,0.0
2009-08-18,0.0,0.0
2009-08-19,0.0,0.0
2009-08-20,0.0,0.0
2009-08-21,0.0,0.0
2009-08-22,0.0,0.0
2009-08-23,0.0,0.0
2009-08-24,0.0,0.0
2009-08-25,0.0,0.0
2009-08-26,0.0,0.0
2009-08-27,0.0,0.0
2009-08-28,0.0,0.0
2009-08-29,0.0,0.0
2009-08-30,0.0,0.0
2009-08-31,0.0,0.0
2009-09-01,0.0,0.0
2009-09-02,0.0,0.0
2009-09-03,0.0,0.0
2009-09-04,0.0,0.0
2009-09-05,0.0,0.0
2009-09-06,0.0,0.0
2009-09-07,0.0,0.0
2009-09-08,0.0,0.0
2009-09-09,0.0,0.0
2009-09-10,0.0,0.0
2009-09-11,0.0,0.0
2009-09-12,0.0,0.0
2009-09-13,0.0,0.0
2009-09-14,0.0,0.0
2009-09-15,0.0,0.0
2009-09-16,0.0,0.0
2009-09-17,0.0,0.0
2009-09-18,0.0,0.0
2009-09-19,0.0,0.0
2009-09-20,0.0,0.0
2009-09-21,0.0,0.0
2009-09-22,0.0,0.0
2009-09-23,0.0,0.0
2009-09-24,0.0,0.0
2009-09-25,0.0,0.0
2009-09-26,0.0,0.0
2009-09-27,0.0,0.0
2009-09-28,0.0,0.0
2009-09-29,0.0,0.0
2009-09-30,0.0,0.0
2009-10-01,0.0,0.0
2009-10-02,0.0,0.0
2009-10-03,0.0,0.0
2009-10-04,0.0,0.0
2009-10-05,0.0,0.0
2009-10-06,0.0,0.0
2009-10-07,0.0,0.0
2009-10-08,0.0,0.0
2009-10-09,0.0,0.0
2009-10-10,0.0,0.0
2009-10-11,0.0,0.0
2009-10-12,0.0,0.0
2009-10-13,0.0,0.0
2009-10-14,0.0,0.0
2009-10-15,0.0,0.0
2009-10-16,0.0,0.0
2009-10-17,0.0,0.0
2009-10-18,0.0,0.0
2009-10-19,0.0,0.0
2009-10-20,0.0,0.0
2009-10-21,0.0,0.0
2009-10-22,0.0,0.0
2009-10-23,0.0,0.0
2009-10-24,0.0,0.0
2009-10-25,0.0,0.0
2009-10-26,0.0,0.0
2009-10-27,0.0,0.0
2009-10-28,0.0,0.0
2009-10-29,0.0,0.0
2009-10-30,0.0,0.0
2009-10-31,0.0,0.0
2009-11-01,0.0,0.0
2009-11-02,0.0,0.0
2009-11-03,0.0,0.0
2009-11-04,0.0,0.0
2009-11-05,0.0,0.0
2009-11-06,0.0,0.0
2009-11-07,0.0,0.0
2009-11-08,0.0,0.0
2009-11-09,0.0,0.0
2009-11-10,0.0,0.0
2009-11-11,0.0,0.0
2009-11-12,0.0,0.0
2009-11-13,0.0,0.0
2009-11-14,0.0,0.0
2009-11-15,0.0,0.0
2009-11-16,0.0,0.0
2009-11-17,0.0,0.0
2009-11-18,0.0,0.0
2009-11-19,0.0,0.0
2009-11-20,0.0,0.0
2009-11-21,0.0,0.0
2009-11-22,0.0,0.0
2009-11-23,0.0,0.0
2009-11-24,0.0,0.0
2009-11-25,0.0,0.0
2009-11-26,0.0,0.0
2009-11-27,0.0,0.0
2009-11-28,0.0,0.0
2009-11-29,0.0,0.0
2009-11-30,0.0,0.0
2009-12-01,0.0,0.0
2009-12-02,0.0,0.0
2009-12-03,0.0,0.0
2009-12-04,0.0,0.0
2009-12-05,0.0,0.0
2009-12-06,0.0,0.0
2009-12-07,0.0,0.0
2009-12-08,0.0,0.0
2009-12-09,0.0,0.0
2009-12-10,0.0,0.0
2009-12-11,0.0,0.0
2009-12-12,0.0,0.0
2009-12-13,0.0,0.0
2009-12-14,0.0,0.0
2009-12-15,0.0,0.0
2009-12-16,0.0,0.0
2009-12-17,0.0,0.0
2009-12-18,0.0,0.0
2009-12-19,0.0,0.0
2009-12-20,0.0,0.0
2009-12-21,0.0,0.0
2009-12-22,0.0,0.0
2009-12-23,0.0,0.0
2009-12-24,0.0,0.0
2009-12-25,0.0,0.0
2009-12-26,0.0,0.0
2009-12-27,0.0,0.0
2009-12-28,0.0,0.0
2009-12-29,0.0,0.0
2009-12-30,0.0,0.0
2009-12-31,0.0,0.0
2010-01-01,0.0,0.0
2010-01-02,0.0,0.0
2010-01-03,0.0,0.0
2010-01-04,0.0,0.0
2010-01-05,0.0,0.0
2010-01-06,0.0,0.0
2010-01-07,0.0,0.0
2010-01-08,0.0,0.0
2010-01-09,0.0,0.0
2010-01-10,0.0,0.0
2010-01-11,0.0,0.0
2010-01-12,0.0,0.0
2010-01-13,0.0,0.0
2010-01-14,0.0,0.0
2010-01-15,0.0,0.0
2010-01-16,0.0,0.0
2010-01-17,0.0,0.0
2010-01-18,0.0,0.0
2010-01-19,0.0,0.0
2010-01-20,0.0,0.0
2010-01-21,0.0,0.0
2010-01-22,0.0,0.0
2010-01-23,0.0,0.0
2010-01-24,0.0,0.0
2010-01-25,0.0,0.0
2010-01-26,0.0,0.0
2010-01-27,0.0,0.0
2010-01-28,0.0,0.0
2010-01-29,0.0,0.0
2010-01-30,0.0,0.0
2010-01-31,0.0,0.0
2010-02-01,0.0,0.0
2010-02-02,0.0,0.0
2010-02-03,0.0,0.0
2010-02-04,0.0,0.0
2010-02-05,0.0,0.0
2010-02-06,0.0,0.0
2010-02-07,0.0,0.0
2010-02-08,0.0,0.0
2010-02-09,0.0,0.0
2010-02-10,0.0,0.0
2010-02-11,0.0,0.0
2010-02-12,0.0,0.0
2010-02-13,0.0,0.0
2010-02-14,0.0,0.0
2010-02-15,0.0,0.0
2010-02-16,0.0,0.0
2010-02-17,0.0,0.0
2010-02-18,0.0,0.0
2010-02-19,0.0,0.0
2010-02-20,0.0,0.0
2010-02-21,0.0,0.0
2010-02-22,0.0,0.0
2010-02-23,0.0,0.0
2010-02-24,0.0,0.0
2010-02-25,0.0,0.0
2010-02-26,0.0,0.0
2010-02-27,0.0,0.0
2010-02-28,0.0,0.0
2010-03-01,0.0,0.0
2010-03-02,0.0,0.0
2010-03-03,0.0,0.0
2010-03-04,0.0,0.0
2010-03-05,0.0,0.0
2010-03-06,0.0,0.0
2010-03-07,0.0,0.0
2010-03-08,0.0,0.0
2010-03-09,0.0,0.0
2010-03-10,0.0,0.0
2010-03-11,0.0,0.0
2010-03-12,0.0,0.0
2010-03-13,0.0,0.0
2010-03-14,0.0,0.0
2010-03-15,0.0,0.0
2010-03-16,0.0,0.0
2010-03-17,0.0,0.0
2010-03-18,0.0,0.0
2010-03-19,0.0,0.0
2010-03-20,0.0,0.0
2010-03-21,0.0,0.0
2010-03-22,0.0,0.0
2010-03-23,0.0,0.0
2010-03-24,0.0,0.0
2010-03-25,0.0,0.0
2010-03-26,0.0,0.0
2010-03-27,0.0,0.0
2010-03-28,0.0,0.0
2010-03-29,0.0,0.0
2010-03-30,0.0,0.0
2010-03-31,0.0,0.0
2010-04-01,0.0,0.0
2010-04-02,0.0,0.0
2010-04-03,0.0,0.0
2010-04-04,0.0,0.0
2010-04-05,0.0,0.0
2010-04-06,0.0,0.0
2010-04-07,0.0,0.0
2010-04-08,0.0,0.0
2010-04-09,0.0,0.0
2010-04-10,0.0,0.0
2010-04-11,0.0,0.0
2010-04-12,0.0,0.0
2010-04-13,0.0,0.0
2010-04-14,0.0,0.0
2010-04-15,0.0,0.0
2010-04-16,0.0,0.0
2010-04-17,0.0,0.0
2010-04-18,0.0,0.0
2010-04-19,0.0,0.0
2010-04-20,0.0,0.0
2010-04-21,0.0,0.0
2010-04-22,0.0,0.0
2010-04-23,0.0,0.0
2010-04-24,0.0,0.0
2010-04-25,0.0,0.0
2010-04-26,0.0,0.0
2010-04-27,0.0,0.0
2010-04-28,0.0,0.0
2010-04-29,0.0,0.0
2010-04-30,0.0,0.0
2010-05-01,0.0,0.0
2010-05-02,0.0,0.0
2010-05-03,0.0,0.0
2010-05-04,0.0,0.0
2010-05-05,0.0,0.0
2010-05-06,0.0,0.0
2010-05-07,0.0,0.0
2010-05-08,0.0,0.0
2010-05-09,0.0,0.0
2010-05-10,0.0,0.0
2010-05-11,0.0,0.0
2010-05-12,0.0,0.0
2010-05-13,0.0,0.0
2010-05-14,0.0,0.0
2010-05-15,0.0,0.0
2010-05-16,0.0,0.0
2010-05-17,0.0,0.0
2010-05-18,0.0,0.0
2010-05-19,0.0,0.0
2010-05-20,0.0,0.0
2010-05-21,0.0,0.0
2010-05-22,0.0,0.0
2010-05-23,0.0,0.0
2010-05-24,0.0,0.0
2010-05-25,0.0,0.0
2010-05-26,0.0,0.0
2010-05-27,0.0,0.0
2010-05-28,0.0,0.0
2010-05-29,0.0,0.0
2010-05-30,0.0,0.0
2010-05-31,0.0,0.0
2010-06-01,0.0,0.0
2010-06-02,0.0,0.0
2010-06-03,0.0,0.0
2010-06-04,0.0,0.0
2010-06-05,0.0,0.0
2010-06-06,0.0,0.0
2010-06-07,0.0,0.0
2010-06-08,0.0,0.0
2010-06-09,0.0,0.0
2010-06-10,0.0,0.0
2010-06-11,0.0,0.0
2010-06-12,0.0,0.0
2010-06-13,0.0,0.0
2010-06-14,0.0,0.0
2010-06-15,0.0,0.0
2010-06-16,0.0,0.0
2010-06-17,0.0,0.0
2010-06-18,0.0,0.0
2010-06-19,0.0,0.0
2010-06-20,0.0,0.0
2010-06-21,0.0,0.0
2010-06-22,0.0,0.0
2010-06-23,0.0,0.0
2010-06-24,0.0,0.0
2010-06-25,0.0,0.0
2010-06-26,0.0,0.0
2010-06-27,0.0,0.0
2010-06-28,0.0,0.0
2010-06-29,0.0,0.0
2010-06-30,0.0,0.0
2010-07-01,0.0,0.0
2010-07-02,0.0,0.0
2010-07-03,0.0,0.0
2010-07-04,0.0,0.0
2010-07-05,0.0,0.0
2010-07-06,0.0,0.0
2010-07-07,0.0,0.0
2010-07-08,0.0,0.0
2010-07-09,0.0,0.0
2010-07-10,0.0,0.0
2010-07-11,0.0,0.0
2010-07-12,0.0,0.0
2010-07-13,0.0,0.0
2010-07-14,0.0,0.0
2010-07-15,0.0,0.0
2010-07-16,0.0,0.0
2010-07-17,0.0,0.0
2010-07-18,0.0,0.0
2010-07-19,0.0,0.0
2010-07-20,0.0,0.0
2010-07-21,0.0,0.0
2010-07-22,0.0,0.0
2010-07-23,0.0,0.0
2010-07-24,0.0,0.0
2010-07-25,0.0,0.0
2010-07-26,0.0,0.0
2010-07-27,0.0,0.0
2010-07-28,0.0,0.0
2010-07-29,0.0,0.0
2010-07-30,0.0,0.0
2010-07-31,0.0,0.0
2010-08-01,0.0,0.0
2010-08-02,0.0,0.0
2010-08-03,0.0,0.0
2010-08-04,0.0,0.0
2010-08-05,0.0,0.0
2010-08-06,0.0,0.0
2010-08-07,0.0,0.0
2010-08-08,0.0,0.0
2010-08-09,0.0,0.0
2010-08-10,0.0,0.0
2010-08-11,0.0,0.0
2010-08-12,0.0,0.0
2010-08-13,0.0,0.0
2010-08-14,0.0,0.0
2010-08-15,0.0,0.0
2010-08-16,0.0,0.0
2010-08-17,0.0,0.0
2010-08-18,0.0,0.0
2010-08-19,0.0,0.0
2010-08-20,0.0,0.0
2010-08-21,0.0,0.0
2010-08-22,0.0,0.0
2010-08-23,0.0,0.0
2010-08-24,0.0,0.0
2010-08-25,0.0,0.0
2010-08-26,0.0,0.0
2010-08-27,0.0,0.0
2010-08-28,0.0,0.0
2010-08-29,0.0,0.0
2010-08-30,0.0,0.0
2010-08-31,0.0,0.0
2010-09-01,0.0,0.0
2010-09-02,0.0,0.0
2010-09-03,0.0,0.0
2010-09-04,0.0,0.0
2010-09-05,0.0,0.0
2010-09-06,0.0,0.0
2010-09-07,0.0,0.0
2010-09-08,0.0,0.0
2010-09-09,0.0,0.0
2010-09-10,0.0,0.0
2010-09-11,0.0,0.0
2010-09-12,0.0,0.0
2010-09-13,0.0,0.0
2010-09-14,0.0,0.0
2010-09-15,0.0,0.0
2010-09-16,0.0,0.0
2010-09-17,0.0,0.0
2010-09-18,0.0,0.0
2010-09-19,0.0,0.0
2010-09-20,0.0,0.0
2010-09-21,0.0,0.0
2010-09-22,0.0,0.0
2010-09-23,0.0,0.0
2010-09-24,0.0,0.0
2010-09-25,0.0,0.0
2010-09-26,0.0,0.0
2010-09-27,0.0,0.0
2010-09-28,0.0,0.0
2010-09-29,0.0,0.0
2010-09-30,0.0,0.0
2010-10-01,0.0,0.0
2010-10-02,0.0,0.0
2010-10-03,0.0,0.0
2010-10-04,0.0,0.0
2010-10-05,0.0,0.0
2010-10-06,0.0,0.0
2010-10-07,0.0,0.0
2010-10-08,0.0,0.0
2010-10-09,0.0,0.0
2010-10-10,0.0,0.0
2010-10-11,0.0,0.0
2010-10-12,0.0,0.0
2010-10-13,0.0,0.0
2010-10-14,0.0,0.0
2010-10-15,0.0,0.0
2010-10-16,0.0,0.0
2010-10-17,0.0,0.0
2010-10-18,0.0,0.0
2010-10-19,0.0,0.0
2010-10-20,0.0,0.0
2010-10-21,0.0,0.0
2010-10-22,0.0,0.0
2010-10-23,0.0,0.0
2010-10-24,0.0,0.0
2010-10-25,0.0,0.0
2010-10-26,0.0,0.0
2010-10-27,0.0,0.0
2010-10-28,0.0,0.0
2010-10-29,0.0,0.0
2010-10-30,0.0,0.0
2010-10-31,0.0,0.0
2010-11-01,0.0,0.0
2010-11-02,0.0,0.0
2010-11-03,0.0,0.0
2010-11-04,0.0,0.0
2010-11-05,0.0,0.0
2010-11-06,0.0,0.0
2010-11-07,0.0,0.0
2010-11-08,0.0,0.0
2010-11-09,0.0,0.0
2010-11-10,0.0,0.0
2010-11-11,0.0,0.0
2010-11-12,0.0,0.0
2010-11-13,0.0,0.0
2010-11-14,0.0,0.0
2010-11-15,0.0,0.0
2010-11-16,0.0,0.0
2010-11-17,0.0,0.0
2010-11-18,0.0,0.0
2010-11-19,0.0,0.0
2010-11-20,0.0,0.0
2010-11-21,0.0,0.0
2010-11-22,0.0,0.0
2010-11-23,0.0,0.0
2010-11-24,0.0,0.0
2010-11-25,0.0,0.0
2010-11-26,0.0,0.0
2010-11-27,0.0,0.0
2010-11-28,0.0,0.0
2010-11-29,0.0,0.0
2010-11-30,0.0,0.0
2010-12-01,0.0,0.0
2010-12-02,0.0,0.0
2010-12-03,0.0,0.0
2010-12-04,0.0,0.0
2010-12-05,0.0,0.0
2010-12-06,0.0,0.0
2010-12-07,0.0,0.0
2010-12-08,0.0,0.0
2010-12-09,0.0,0.0
2010-12-10,0.0,0.0
2010-12-11,0.0,0.0
2010-12-12,0.0,0.0
2010-12-13,0.0,0.0
2010-12-14,0.0,0.0
2010-12-15,0.0,0.0
2010-12-16,0.0,0.0
2010-12-17,0.0,0.0
2010-12-18,0.0,0.0
2010-12-19,0.0,0.0
2010-12-20,0.0,0.0
2010-12-21,0.0,0.0
2010-12-22,0.0,0.0
2010-12-23,0.0,0.0
2010-12-24,0.0,0.0
2010-12-25,0.0,0.0
2010-12-26,0.0,0.0
2010-12-27,0.0,0.0
2010-12-28,0.0,0.0
2010-12-29,0.0,0.0
2010-12-30,0.0,0.0
2010-12-31,0.0,0.0
2011-01-01,0.0,0.0
2011-01-02,0.0,0.0
2011-01-03,0.0,0.0
2011-01-04,0.0,0.0
2011-01-05,0.0,0.0
2011-01-06,0.0,0.0
2011-01-07,0.0,0.0
2011-01-08,0.0,0.0
2011-01-09,0.0,0.0
2011-01-10,0.0,0.0
2011-01-11,0.0,0.0
2011-01-12,0.0,0.0
2011-01-13,0.0,0.0
2011-01-14,0.0,0.0
2011-01-15,0.0,0.0
2011-01-16,0.0,0.0
2011-01-17,0.0,0.0
2011-01-18,0.0,0.0
2011-01-19,0.0,0.0
2011-01-20,0.0,0.0
2011-01-21,0.0,0.0
2011-01-22,0.0,0.0
2011-01-23,0.0,0.0
2011-01-24,0.0,0.0
2011-01-25,0.0,0.0
2011-01-26,0.0,0.0
2011-01-27,0.0,0.0
2011-01-28,0.0,0.0
2011-01-29,0.0,0.0
2011-01-30,0.0,0.0
2011-01-31,0.0,0.0
2011-02-01,0.0,0.0
2011-02-02,0.0,0.0
2011-02-03,0.0,0.0
2011-02-04,0.0,0.0
2011-02-05,0.0,0.0
2011-02-06,0.0,0.0
2011-02-07,0.0,0.0
2011-02-08,0.0,0.0
2011-02-09,0.0,0.0
2011-02-10,0.0,0.0
2011-02-11,0.0,0.0
2011-02-12,0.0,0.0
2011-02-13,0.0,0.0
2011-02-14,0.0,0.0
2011-02-15,0.0,0.0
2011-02-16,0.0,0.0
2011-02-17,0.0,0.0
2011-02-18,0.0,0.0
2011-02-19,0.0,0.0
2011-02-20,0.0,0.0
2011-02-21,0.0,0.0
2011-02-22,0.0,0.0
2011-02-23,0.0,0.0
2011-02-24,0.0,0.0
2011-02-25,0.0,0.0
2011-02-26,0.0,0.0
2011-02-27,0.0,0.0
2011-02-28,0.0,0.0
2011-03-01,0.0,0.0
2011-03-02,0.0,0.0
2011-03-03,0.0,0.0
2011-03-04,0.0,0.0
2011-03-05,0.0,0.0
2011-03-06,0.0,0.0
2011-03-07,0.0,0.0
2011-03-08,0.0,0.0
2011-03-09,0.0,0.0
2011-03-10,0.0,0.0
2011-03-11,0.0,0.0
2011-03-12,0.0,0.0
2011-03-13,0.0,0.0
2011-03-14,0.0,0.0
2011-03-15,0.0,0.0
2011-03-16,0.0,0.0
2011-03-17,0.0,0.0
2011-03-18,0.0,0.0
2011-03-19,0.0,0.0
2011-03-20,0.0,0.0
2011-03-21,0.0,0.0
2011-03-22,0.0,0.0
2011-03-23,0.0,0.0
2011-03-24,0.0,0.0
2011-03-25,0.0,0.0
2011-03-26,0.0,0.0
2011-03-27,0.0,0.0
2011-03-28,0.0,0.0
2011-03-29,0.0,0.0
2011-03-30,0.0,0.0
2011-03-31,0.0,0.0
2011-04-01,0.0,0.0
2011-04-02,0.0,0.0
2011-04-03,0.0,0.0
2011-04-04,0.0,0.0
2011-04-05,0.0,0.0
2011-04-06,0.0,0.0
2011-04-07,0.0,0.0
2011-04-08,0.0,0.0
2011-04-09,0.0,0.0
2011-04-10,0.0,0.0
2011-04-11,0.0,0.0
2011-04-12,0.0,0.0
2011-04-13,0.0,0.0
2011-04-14,0.0,0.0
2011-04-15,0.0,0.0
2011-04-16,0.0,0.0
2011-04-17,0.0,0.0
2011-04-18,0.0,0.0
2011-04-19,0.0,0.0
2011-04-20,0.0,0.0
2011-04-21,0.0,0.0
2011-04-22,0.0,0.0
2011-04-23,0.0,0.0
2011-04-24,0.0,0.0
2011-04-25,0.0,0.0
2011-04-26,0.0,0.0
2011-04-27,0.0,0.0
2011-04-28,0.0,0.0
2011-04-29,0.0,0.0
2011-04-30,0.0,0.0
2011-05-01,0.0,0.0
2011-05-02,0.0,0.0
2011-05-03,0.0,0.0
2011-05-04,0.0,0.0
2011-05-05,0.0,0.0
2011-05-06,0.0,0.0
2011-05-07,0.0,0.0
2011-05-08,0.0,0.0
2011-05-09,0.0,0.0
2011-05-10,0.0,0.0
2011-05-11,0.0,0.0
2011-05-12,0.0,0.0
2011-05-13,0.0,0.0
2011-05-14,0.0,0.0
2011-05-15,0.0,0.0
2011-05-16,0.0,0.0
2011-05-17,0.0,0.0
2011-05-18,0.0,0.0
2011-05-19,0.0,0.0
2011-05-20,0.0,0.0
2011-05-21,0.0,0.0
2011-05-22,0.0,0.0
2011-05-23,0.0,0.0
2011-05-24,0.0,0.0
2011-05-25,0.0,0.0
2011-05-26,0.0,0.0
2011-05-27,0.0,0.0
2011-05-28,0.0,0.0
2011-05-29,0.0,0.0
2011-05-30,0.0,0.0
2011-05-31,0.0,0.0
2011-06-01,0.0,0.0
2011-06-02,0.0,0.0
2011-06-03,0.0,0.0
2011-06-04,0.0,0.0
2011-06-05,0.0,0.0
2011-06-06,0.0,0.0
2011-06-07,0.0,0.0
2011-06-08,0.0,0.0
2011-06-09,0.0,0.0
2011-06-10,0.0,0.0
2011-06-11,0.0,0.0
2011-06-12,0.0,0.0
2011-06-13,0.0,0.0
2011-06-14,0.0,0.0
2011-06-15,0.0,0.0
2011-06-16,0.0,0.0
2011-06-17,0.0,0.0
2011-06-18,0.0,0.0
2011-06-19,0.0,0.0
2011-06-20,0.0,0.0
2011-06-21,0.0,0.0
2011-06-22,0.0,0.0
2011-06-23,0.0,0.0
2011-06-24,0.0,0.0
2011-06-25,0.0,0.0
2011-06-26,0.0,0.0
2011-06-27,0.0,0.0
2011-06-28,0.0,0.0
2011-06-29,0.0,0.0
2011-06-30,0.0,0.0
2011-07-01,0.0,0.0
2011-07-02,0.0,0.0
2011-07-03,0.0,0.0
2011-07-04,0.0,0.0
2011-07-05,0.0,0.0
2011-07-06,0.0,0.0
2011-07-07,0.0,0.0
2011-07-08,0.0,0.0
2011-07-09,0.0,0.0
2011-07-10,0.0,0.0
2011-07-11,0.0,0.0
2011-07-12,0.0,0.0
2011-07-13,0.0,0.0
2011-07-14,0.0,0.0
2011-07-15,0.0,0.0
2011-07-16,0.0,0.0
2011-07-17,0.0,0.0
2011-07-18,0.0,0.0
2011-07-19,0.0,0.0
2011-07-20,0.0,0.0
2011-07-21,0.0,0.0
2011-07-22,0.0,0.0
2011-07-23,0.0,0.0
2011-07-24,0.0,0.0
2011-07-25,0.0,0.0
2011-07-26,0.0,0.0
2011-07-27,0.0,0.0
2011-07-28,0.0,0.0
2011-07-29,0.0,0.0
2011-07-30,0.0,0.0
2011-07-31,0.0,0.0
2011-08-01,0.0,0.0
2011-08-02,0.0,0.0
2011-08-03,0.0,0.0
2011-08-04,0.0,0.0
2011-08-05,0.0,0.0
2011-08-06,0.0,0.0
2011-08-07,0.0,0.0
2011-08-08,0.0,0.0
2011-08-09,0.0,0.0
2011-08-10,0.0,0.0
2011-08-11,0.0,0.0
2011-08-12,0.0,0.0
2011-08-13,0.0,0.0
2011-08-14,0.0,0.0
2011-08-15,0.0,0.0
2011-08-16,0.0,0.0
2011-08-17,0.0,0.0
2011-08-18,0.0,0.0
2011-08-19,0.0,0.0
2011-08-20,0.0,0.0
2011-08-21,0.0,0.0
2011-08-22,0.0,0.0
2011-08-23,0.0,0.0
2011-08-24,0.0,0.0
2011-08-25,0.0,0.0
2011-08-26,0.0,0.0
2011-08-27,0.0,0.0
2011-08-28,0.0,0.0
2011-08-29,0.0,0.0
2011-08-30,0.0,0.0
2011-08-31,0.0,0.0
2011-09-01,0.0,0.0
2011-09-02,0.0,0.0
2011-09-03,0.0,0.0
2011-09-04,0.0,0.0
2011-09-05,0.0,0.0
2011-09-06,0.0,0.0
2011-09-07,0.0,0.0
2011-09-08,0.0,0.0
2011-09-09,0.0,0.0
2011-09-10,0.0,0.0
2011-09-11,0.0,0.0
2011-09-12,0.0,0.0
2011-09-13,0.0,0.0
2011-09-14,0.0,0.0
2011-09-15,0.0,0.0
2011-09-16,0.0,0.0
2011-09-17,0.0,0.0
2011-09-18,0.0,0.0
2011-09-19,0.0,0.0
2011-09-20,0.0,0.0
2011-09-21,0.0,0.0
2011-09-22,0.0,0.0
2011-09-23,0.0,0.0
2011-09-24,0.0,0.0
2011-09-25,0.0,0.0
2011-09-26,0.0,0.0
2011-09-27,0.0,0.0
2011-09-28,0.0,0.0
2011-09-29,0.0,0.0
2011-09-30,0.0,0.0
2011-10-01,0.0,0.0
2011-10-02,0.0,0.0
2011-10-03,0.0,0.0
2011-10-04,0.0,0.0
2011-10-05,0.0,0.0
2011-10-06,0.0,0.0
2011-10-07,0.0,0.0
2011-10-08,0.0,0.0
2011-10-09,0.0,0.0
2011-10-10,0.0,0.0
2011-10-11,0.0,0.0
2011-10-12,0.0,0.0
2011-10-13,0.0,0.0
2011-10-14,0.0,0.0
2011-10-15,0.0,0.0
2011-10-16,0.0,0.0
2011-10-17,0.0,0.0
2011-10-18,0.0,0.0
2011-10-19,0.0,0.0
2011-10-20,0.0,0.0
2011-10-21,0.0,0.0
2011-10-22,0.0,0.0
2011-10-23,0.0,0.0
2011-10-24,0.0,0.0
2011-10-25,0.0,0.0
2011-10-26,0.0,0.0
2011-10-27,0.0,0.0
2011-10-28,0.0,0.0
2011-10-29,0.0,0.0
2011-10-30,0.0,0.0
2011-10-31,0.0,0.0
2011-11-01,0.0,0.0
2011-11-02,0.0,0.0
2011-11-03,0.0,0.0
2011-11-04,0.0,0.0
2011-11-05,0.0,0.0
2011-11-06,0.0,0.0
2011-11-07,0.0,0.0
2011-11-08,0.0,0.0
2011-11-09,0.0,0.0
2011-11-10,0.0,0.0
2011-11-11,0.0,0.0
2011-11-12,0.0,0.0
2011-11-13,0.0,0.0
2011-11-14,0.0,0.0
2011-11-15,0.0,0.0
2011-11-16,0.0,0.0
2011-11-17,0.0,0.0
2011-11-18,0.0,0.0
2011-11-19,0.0,0.0
2011-11-20,0.0,0.0
2011-11-21,0.0,0.0
2011-11-22,0.0,0.0
2011-11-23,0.0,0.0
2011-11-24,0.0,0.0
2011-11-25,0.0,0.0
2011-11-26,0.0,0.0
2011-11-27,0.0,0.0
2011-11-28,0.0,0.0
2011-11-29,0.0,0.0
2011-11-30,0.0,0.0
2011-12-01,0.0,0.0
2011-12-02,0.0,0.0
2011-12-03,0.0,0.0
2011-12-04,0.0,0.0
2011-12-05,0.0,0.0
2011-12-06,0.0,0.0
2011-12-07,0.0,0.0
2011-12-08,0.0,0.0
2011-12-09,0.0,0.0
2011-12-10,0.0,0.0
2011-12-11,0.0,0.0
2011-12-12,0.0,0.0
2011-12-13,0.0,0.0
2011-12-14,0.0,0.0
2011-12-15,0.0,0.0
2011-12-16,0.0,0.0
2011-12-17,0.0,0.0
2011-12-18,0.0,0.0
2011-12-19,0.0,0.0
2011-12-20,0.0,0.0
2011-12-21,0.0,0.0
2011-12-22,0.0,0.0
2011-12-23,0.0,0.0
2011-12-24,0.0,0.0
2011-12-25,0.0,0.0
2011-12-26,0.0,0.0
2011-12-27,0.0,0.0
2011-12-28,0.0,0.0
2011-12-29,0.0,0.0
2011-12-30,0.0,0.0
2011-12-31,0.0,0.0
2012-01-01,0.0,0.0
2012-01-02,0.0,0.0
2012-01-03,0.0,0.0
2012-01-04,0.0,0.0
2012-01-05,0.0,0.0
2012-01-06,0.0,0.0
2012-01-07,0.0,0.0
2012-01-08,0.0,0.0
2012-01-09,0.0,0.0
2012-01-10,0.0,0.0
2012-01-11,0.0,0.0
2012-01-12,0.0,0.0
2012-01-13,0.0,0.0
2012-01-14,0.0,0.0
2012-01-15,0.0,0.0
2012-01-16,0.0,0.0
2012-01-17,0.0,0.0
2012-01-18,0.0,0.0
2012-01-19,0.0,0.0
2012-01-20,0.0,0.0
2012-01-21,0.0,0.0
2012-01-22,0.0,0.0
2012-01-23,0.0,0.0
2012-01-24,0.0,0.0
2012-01-25,0.0,0.0
2012-01-26,0.0,0.0
2012-01-27,0.0,0.0
2012-01-28,0.0,0.0
2012-01-29,0.0,0.0
2012-01-30,0.0,0.0
2012-01-31,0.0,0.0
2012-02-01,0.0,0.0
2012-02-02,0.0,0.0
2012-02-03,0.0,0.0
2012-02-04,0.0,0.0
2012-02-05,0.0,0.0
2012-02-06,0.0,0.0
2012-02-07,0.0,0.0
2012-02-08,0.0,0.0
2012-02-09,0.0,0.0
2012-02-10,0.0,0.0
2012-02-11,0.0,0.0
2012-02-12,0.0,0.0
2012-02-13,0.0,0.0
2012-02-14,0.0,0.0
2012-02-15,0.0,0.0
2012-02-16,0.0,0.0
2012-02-17,0.0,0.0
2012-02-18,0.0,0.0
2012-02-19,0.0,0.0
2012-02-20,0.0,0.0
2012-02-21,0.0,0.0
2012-02-22,0.0,0.0
2012-02-23,0.0,0.0
2012-02-24,0.0,0.0
2012-02-25,0.0,0.0
2012-02-26,0.0,0.0
2012-02-27,0.0,0.0
2012-02-28,0.0,0.0
2012-02-29,0.0,0.0
2012-03-01,0.0,0.0
2012-03-02,0.0,0.0
2012-03-03,0.0,0.0
2012-03-04,0.0,0.0
2012-03-05,0.0,0.0
2012-03-06,0.0,0.0
2012-03-07,0.0,0.0
2012-03-08,0.0,0.0
2012-03-09,0.0,0.0
2012-03-10,0.0,0.0
2012-03-11,0.0,0.0
2012-03-12,0.0,0.0
2012-03-13,0.0,0.0
2012-03-14,0.0,0.0
2012-03-15,0.0,0.0
2012-03-16,0.0,0.0
2012-03-17,0.0,0.0
2012-03-18,0.0,0.0
2012-03-19,0.0,0.0
2012-03-20,0.0,0.0
2012-03-21,0.0,0.0
2012-03-22,0.0,0.0
2012-03-23,0.0,0.0
2012-03-24,0.0,0.0
2012-03-25,0.0,0.0
2012-03-26,0.0,0.0
2012-03-27,0.0,0.0
2012-03-28,0.0,0.0
2012-03-29,0.0,0.0
2012-03-30,0.0,0.0
2012-03-31,0.0,0.0
2012-04-01,0.0,0.0
2012-04-02,0.0,0.0
2012-04-03,0.0,0.0
2012-04-04,0.0,0.0
2012-04-05,0.0,0.0
2012-04-06,0.0,0.0
2012-04-07,0.0,0.0
2012-04-08,0.0,0.0
2012-04-09,0.0,0.0
2012-04-10,0.0,0.0
2012-04-11,0.0,0.0
2012-04-12,0.0,0.0
2012-04-13,0.0,0.0
2012-04-14,0.0,0.0
2012-04-15,0.0,0.0
2012-04-16,0.0,0.0
2012-04-17,0.0,0.0
2012-04-18,0.0,0.0
2012-04-19,0.0,0.0
2012-04-20,0.0,0.0
2012-04-21,0.0,0.0
2012-04-22,0.0,0.0
2012-04-23,0.0,0.0
2012-04-24,0.0,0.0
2012-04-25,0.0,0.0
2012-04-26,0.0,0.0
2012-04-27,0.0,0.0
2012-04-28,0.0,0.0
2012-04-29,0.0,0.0
2012-04-30,0.0,0.0
2012-05-01,0.0,0.0
2012-05-02,0.0,0.0
2012-05-03,0.0,0.0
2012-05-04,0.0,0.0
2012-05-05,0.0,0.0
2012-05-06,0.0,0.0
2012-05-07,0.0,0.0
2012-05-08,0.0,0.0
2012-05-09,0.0,0.0
2012-05-10,0.0,0.0
2012-05-11,0.0,0.0
2012-05-12,0.0,0.0
2012-05-13,0.0,0.0
2012-05-14,0.0,0.0
2012-05-15,0.0,0.0
2012-05-16,0.0,0.0
2012-05-17,0.0,0.0
2012-05-18,0.0,0.0
2012-05-19,0.0,0.0
2012-05-20,0.0,0.0
2012-05-21,0.0,0.0
2012-05-22,0.0,0.0
2012-05-23,0.0,0.0
2012-05-24,0.0,0.0
2012-05-25,0.0,0.0
2012-05-26,0.0,0.0
2012-05-27,0.0,0.0
2012-05-28,0.0,0.0
2012-05-29,0.0,0.0
2012-05-30,0.0,0.0
2012-05-31,0.0,0.0
2012-06-01,0.0,0.0
2012-06-02,0.0,0.0
2012-06-03,0.0,0.0
2012-06-04,0.0,0.0
2012-06-05,0.0,0.0
2012-06-06,0.0,0.0
2012-06-07,0.0,0.0
2012-06-08,0.0,0.0
2012-06-09,0.0,0.0
2012-06-10,0.0,0.0
2012-06-11,0.0,0.0
2012-06-12,0.0,0.0
2012-06-13,0.0,0.0
2012-06-14,0.0,0.0
2012-06-15,0.0,0.0
2012-06-16,0.0,0.0
2012-06-17,0.0,0.0
2012-06-18,0.0,0.0
2012-06-19,0.0,0.0
2012-06-20,0.0,0.0
2012-06-21,0.0,0.0
2012-06-22,0.0,0.0
2012-06-23,0.0,0.0
2012-06-24,0.0,0.0
2012-06-25,0.0,0.0
2012-06-26,0.0,0.0
2012-06-27,0.0,0.0
2012-06-28,0.0,0.0
2012-06-29,0.0,0.0
2012-06-30,0.0,0.0
2012-07-01,0.0,0.0
2012-07-02,0.0,0.0
2012-07-03,0.0,0.0
2012-07-04,0.0,0.0
2012-07-05,0.0,0.0
2012-07-06,0.0,0.0
2012-07-07,0.0,0.0
2012-07-08,0.0,0.0
2012-07-09,0.0,0.0
2012-07-10,0.0,0.0
2012-07-11,0.0,0.0
2012-07-12,0.0,0.0
2012-07-13,0.0,0.0
2012-07-14,0.0,0.0
2012-07-15,0.0,0.0
2012-07-16,0.0,0.0
2012-07-17,0.0,0.0
2012-07-18,0.0,0.0
2012-07-19,0.0,0.0
2012-07-20,0.0,0.0
2012-07-21,0.0,0.0
2012-07-22,0.0,0.0
2012-07-23,0.0,0.0
2012-07-24,0.0,0.0
2012-07-25,0.0,0.0
2012-07-26,0.0,0.0
2012-07-27,0.0,0.0
2012-07-28,0.0,0.0
2012-07-29,0.0,0.0
2012-07-30,0.0,0.0
2012-07-31,0.0,0.0
2012-08-01,0.0,0.0
2012-08-02,0.0,0.0
2012-08-03,0.0,0.0
2012-08-04,0.0,0.0
2012-08-05,0.0,0.0
2012-08-06,0.0,0.0
2012-08-07,0.0,0.0
2012-08-08,0.0,0.0
2012-08-09,0.0,0.0
2012-08-10,0.0,0.0
2012-08-11,0.0,0.0
2012-08-12,0.0,0.0
2012-08-13,0.0,0.0
2012-08-14,0.0,0.0
2012-08-15,0.0,0.0
2012-08-16,0.0,0.0
2012-08-17,0.0,0.0
2012-08-18,0.0,0.0
2012-08-19,0.0,0.0
2012-08-20,0.0,0.0
2012-08-21,0.0,0.0
2012-08-22,0.0,0.0
2012-08-23,0.0,0.0
2012-08-24,0.0,0.0
2012-08-25,0.0,0.0
2012-08-26,0.0,0.0
2012-08-27,0.0,0.0
2012-08-28,0.0,0.0
2012-08-29,0.0,0.0
2012-08-30,0.0,0.0
2012-08-31,0.0,0.0
2012-09-01,0.0,0.0
2012-09-02,0.0,0.0
2012-09-03,0.0,0.0
2012-09-04,0.0,0.0
2012-09-05,0.0,0.0
2012-09-06,0.0,0.0
2012-09-07,0.0,0.0
2012-09-08,0.0,0.0
2012-09-09,0.0,0.0
2012-09-10,0.0,0.0
2012-09-11,0.0,0.0
2012-09-12,0.0,0.0
2012-09-13,0.0,0.0
2012-09-14,0.0,0.0
2012-09-15,0.0,0.0
2012-09-16,0.0,0.0
2012-09-17,0.0,0.0
2012-09-18,0.0,0.0
2012-09-19,0.0,0.0
2012-09-20,0.0,0.0
2012-09-21,0.0,0.0
2012-09-22,0.0,0.0
2012-09-23,0.0,0.0
2012-09-24,0.0,0.0
2012-09-25,0.0,0.0
2012-09-26,0.0,0.0
2012-09-27,0.0,0.0
2012-09-28,0.0,0.0
2012-09-29,0.0,0.0
2012-09-30,0.0,0.0
2012-10-01,0.0,0.0
2012-10-02,0.0,0.0
2012-10-03,0.0,0.0
2012-10-04,0.0,0.0
2012-10-05,0.0,0.0
2012-10-06,0.0,0.0
2012-10-07,0.0,0.0
2012-10-08,0.0,0.0
2012-10-09,0.0,0.0
2012-10-10,0.0,0.0
2012-10-11,0.0,0.0
2012-10-12,0.0,0.0
2012-10-13,0.0,0.0
2012-10-14,0.0,0.0
2012-10-15,0.0,0.0
2012-10-16,0.0,0.0
2012-10-17,0.0,0.0
2012-10-18,0.0,0.0
2012-10-19,0.0,0.0
2012-10-20,0.0,0.0
2012-10-21,0.0,0.0
2012-10-22,0.0,0.0
2012-10-23,0.0,0.0
2012-10-24,0.0,0.0
2012-10-25,0.0,0.0
2012-10-26,0.0,0.0
2012-10-27,0.0,0.0
2012-10-28,0.0,0.0
2012-10-29,0.0,0.0
2012-10-30,0.0,0.0
2012-10-31,0.0,0.0
2012-11-01,0.0,0.0
2012-11-02,0.0,0.0
2012-11-03,0.0,0.0
2012-11-04,0.0,0.0
2012-11-05,0.0,0.0
2012-11-06,0.0,0.0
2012-11-07,0.0,0.0
2012-11-08,0.0,0.0
2012-11-09,0.0,0.0
2012-11-10,0.0,0.0
2012-11-11,0.0,0.0
2012-11-12,0.0,0.0
2012-11-13,0.0,0.0
2012-11-14,0.0,0.0
2012-11-15,0.0,0.0
2012-11-16,0.0,0.0
2012-11-17,0.0,0.0
2012-11-18,0.0,0.0
2012-11-19,0.0,0.0
2012-11-20,0.0,0.0
2012-11-21,0.0,0.0
2012-11-22,0.0,0.0
2012-11-23,0.0,0.0
2012-11-24,0.0,0.0
2012-11-25,0.0,0.0
2012-11-26,0.0,0.0
2012-11-27,0.0,0.0
2012-11-28,0.0,0.0
2012-11-29,0.0,0.0
2012-11-30,0.0,0.0
2012-12-01,0.0,0.0
2012-12-02,0.0,0.0
2012-12-03,0.0,0.0
2012-12-04,0.0,0.0
2012-12-05,0.0,0.0
2012-12-06,0.0,0.0
2012-12-07,0.0,0.0
2012-12-08,0.0,0.0
2012-12-09,0.0,0.0
2012-12-10,0.0,0.0
2012-12-11,0.0,0.0
2012-12-12,0.0,0.0
2012-12-13,0.0,0.0
2012-12-14,0.0,0.0
2012-12-15,0.0,0.0
2012-12-16,0.0,0.0
2012-12-17,0.0,0.0
2012-12-18,0.0,0.0
2012-12-19,0.0,0.0
2012-12-20,0.0,0.0
2012-12-21,0.0,0.0
2012-12-22,0.0,0.0
2012-12-23,0.0,0.0
2012-12-24,0.0,0.0
2012-12-25,0.0,0.0
2012-12-26,0.0,0.0
2012-12-27,0.0,0.0
2012-12-28,0.0,0.0
2012-12-29,0.0,0.0
2012-12-30,0.0,0.0
2012-12-31,0.0,0.0
2013-01-01,0.0,0.0
2013-01-02,0.0,0.0
2013-01-03,0.0,0.0
2013-01-04,0.0,0.0
2013-01-05,0.0,0.0
2013-01-06,0.0,0.0
2013-01-07,0.0,0.0
2013-01-08,0.0,0.0
2013-01-09,0.0,0.0
2013-01-10,0.0,0.0
2013-01-11,0.0,0.0
2013-01-12,0.0,0.0
2013-01-13,0.0,0.0
2013-01-14,0.0,0.0
2013-01-15,0.0,0.0
2013-01-16,0.0,0.0
2013-01-17,0.0,0.0
2013-01-18,0.0,0.0
2013-01-19,0.0,0.0
2013-01-20,0.0,0.0
2013-01-21,0.0,0.0
2013-01-22,0.0,0.0
2013-01-23,0.0,0.0
2013-01-24,0.0,0.0
2013-01-25,0.0,0.0
2013-01-26,0.0,0.0
2013-01-27,0.0,0.0
2013-01-28,0.0,0.0
2013-01-29,0.0,0.0
2013-01-30,0.0,0.0
2013-01-31,0.0,0.0
2013-02-01,0.0,0.0
2013-02-02,0.0,0.0
2013-02-03,0.0,0.0
2013-02-04,0.0,0.0
2013-02-05,0.0,0.0
2013-02-06,0.0,0.0
2013-02-07,0.0,0.0
2013-02-08,0.0,0.0
2013-02-09,0.0,0.0
2013-02-10,0.0,0.0
2013-02-11,0.0,0.0
2013-02-12,0.0,0.0
2013-02-13,0.0,0.0
2013-02-14,0.0,0.0
2013-02-15,0.0,0.0
2013-02-16,0.0,0.0
2013-02-17,0.0,0.0
2013-02-18,0.0,0.0
2013-02-19,0.0,0.0
2013-02-20,0.0,0.0
2013-02-21,0.0,0.0
2013-02-22,0.0,0.0
2013-02-23,0.0,0.0
2013-02-24,0.0,0.0
2013-02-25,0.0,0.0
2013-02-26,0.0,0.0
2013-02-27,0.0,0.0
2013-02-28,0.0,0.0
2013-03-01,0.0,0.0
2013-03-02,0.0,0.0
2013-03-03,0.0,0.0
2013-03-04,0.0,0.0
2013-03-05,0.0,0.0
2013-03-06,0.0,0.0
2013-03-07,0.0,0.0
2013-03-08,0.0,0.0
2013-03-09,0.0,0.0
2013-03-10,0.0,0.0
2013-03-11,0.0,0.0
2013-03-12,0.0,0.0
2013-03-13,0.0,0.0
2013-03-14,0.0,0.0
2013-03-15,0.0,0.0
2013-03-16,0.0,0.0
2013-03-17,0.0,0.0
2013-03-18,0.0,0.0
2013-03-19,0.0,0.0
2013-03-20,0.0,0.0
2013-03-21,0.0,0.0
2013-03-22,0.0,0.0
2013-03-23,0.0,0.0
2013-03-24,0.0,0.0
2013-03-25,0.0,0.0
2013-03-26,0.0,0.0
2013-03-27,0.0,0.0
2013-03-28,0.0,0.0
2013-03-29,0.0,0.0
2013-03-30,0.0,0.0
2013-03-31,0.0,0.0
2013-04-01,0.0,0.0
2013-04-02,0.0,0.0
2013-04-03,0.0,0.0
2013-04-04,0.0,0.0
2013-04-05,0.0,0.0
2013-04-06,0.0,0.0
2013-04-07,0.0,0.0
2013-04-08,0.0,0.0
2013-04-09,0.0,0.0
2013-04-10,0.0,0.0
2013-04-11,0.0,0.0
2013-04-12,0.0,0.0
2013-04-13,0.0,0.0
2013-04-14,0.0,0.0
2013-04-15,0.0,0.0
2013-04-16,0.0,0.0
2013-04-17,0.0,0.0
2013-04-18,0.0,0.0
2013-04-19,0.0,0.0
2013-04-20,0.0,0.0
2013-04-21,0.0,0.0
2013-04-22,0.0,0.0
2013-04-23,0.0,0.0
2013-04-24,0.0,0.0
2013-04-25,0.0,0.0
2013-04-26,0.0,0.0
2013-04-27,0.0,0.0
2013-04-28,0.0,0.0
2013-04-29,0.0,0.0
2013-04-30,0.0,0.0
2013-05-01,0.0,0.0
2013-05-02,0.0,0.0
2013-05-03,0.0,0.0
2013-05-04,0.0,0.0
2013-05-05,0.0,0.0
2013-05-06,0.0,0.0
2013-05-07,0.0,0.0
2013-05-08,0.0,0.0
2013-05-09,0.0,0.0
2013-05-10,0.0,0.0
2013-05-11,0.0,0.0
2013-05-12,0.0,0.0
2013-05-13,0.0,0.0
2013-05-14,0.0,0.0
2013-05-15,0.0,0.0
2013-05-16,0.0,0.0
2013-05-17,0.0,0.0
2013-05-18,0.0,0.0
2013-05-19,0.0,0.0
2013-05-20,0.0,0.0
2013-05-21,0.0,0.0
2013-05-22,0.0,0.0
2013-05-23,0.0,0.0
2013-05-24,0.0,0.0
2013-05-25,0.0,0.0
2013-05-26,0.0,0.0
2013-05-27,0.0,0.0
2013-05-28,0.0,0.0
2013-05-29,0.0,0.0
2013-05-30,0.0,0.0
2013-05-31,0.0,0.0
2013-06-01,0.0,0.0
2013-06-02,0.0,0.0
2013-06-03,0.0,0.0
2013-06-04,0.0,0.0
2013-06-05,0.0,0.0
2013-06-06,0.0,0.0
2013-06-07,0.0,0.0
2013-06-08,0.0,0.0
2013-06-09,0.0,0.0
2013-06-10,0.0,0.0
2013-06-11,0.0,0.0
2013-06-12,0.0,0.0
2013-06-13,0.0,0.0
2013-06-14,0.0,0.0
2013-06-15,0.0,0.0
2013-06-16,0.0,0.0
2013-06-17,0.0,0.0
2013-06-18,0.0,0.0
2013-06-19,0.0,0.0
2013-06-20,0.0,0.0
2013-06-21,0.0,0.0
2013-06-22,0.0,0.0
2013-06-23,0.0,0.0
2013-06-24,0.0,0.0
2013-06-25,0.0,0.0
2013-06-26,0.0,0.0
2013-06-27,0.0,0.0
2013-06-28,0.0,0.0
2013-06-29,0.0,0.0
2013-06-30,0.0,0.0
2013-07-01,0.0,0.0
2013-07-02,0.0,0.0
2013-07-03,0.0,0.0
2013-07-04,0.0,0.0
2013-07-05,0.0,0.0
2013-07-06,0.0,0.0
2013-07-07,0.0,0.0
2013-07-08,0.0,0.0
2013-07-09,0.0,0.0
2013-07-10,0.0,0.0
2013-07-11,0.0,0.0
2013-07-12,0.0,0.0
2013-07-13,0.0,0.0
2013-07-14,0.0,0.0
2013-07-15,0.0,0.0
2013-07-16,0.0,0.0
2013-07-17,0.0,0.0
2013-07-18,0.0,0.0
2013-07-19,0.0,0.0
2013-07-20,0.0,0.0
2013-07-21,0.0,0.0
2013-07-22,0.0,0.0
2013-07-23,0.0,0.0
2013-07-24,0.0,0.0
2013-07-25,0.0,0.0
2013-07-26,0.0,0.0
2013-07-27,0.0,0.0
2013-07-28,0.0,0.0
2013-07-29,0.0,0.0
2013-07-30,0.0,0.0
2013-07-31,0.0,0.0
2013-08-01,0.0,0.0
2013-08-02,0.0,0.0
2013-08-03,0.0,0.0
2013-08-04,0.0,0.0
2013-08-05,0.0,0.0
2013-08-06,0.0,0.0
2013-08-07,0.0,0.0
2013-08-08,0.0,0.0
2013-08-09,0.0,0.0
2013-08-10,0.0,0.0
2013-08-11,0.0,0.0
2013-08-12,0.0,0.0
2013-08-13,0.0,0.0
2013-08-14,0.0,0.0
2013-08-15,0.0,0.0
2013-08-16,0.0,0.0
2013-08-17,0.0,0.0
2013-08-18,0.0,0.0
2013-08-19,0.0,0.0
2013-08-20,0.0,0.0
2013-08-21,0.0,0.0
2013-08-22,0.0,0.0
2013-08-23,0.0,0.0
2013-08-24,0.0,0.0
2013-08-25,0.0,0.0
2013-08-26,0.0,0.0
2013-08-27,0.0,0.0
2013-08-28,0.0,0.0
2013-08-29,0.0,0.0
2013-08-30,0.0,0.0
2013-08-31,0.0,0.0
2013-09-01,0.0,0.0
2013-09-02,0.0,0.0
2013-09-03,0.0,0.0
2013-09-04,0.0,0.0
2013-09-05,0.0,0.0
2013-09-06,0.0,0.0
2013-09-07,0.0,0.0
2013-09-08,0.0,0.0
2013-09-09,0.0,0.0
2013-09-10,0.0,0.0
2013-09-11,0.0,0.0
2013-09-12,0.0,0.0
2013-09-13,0.0,0.0
2013-09-14,0.0,0.0
2013-09-15,0.0,0.0
2013-09-16,0.0,0.0
2013-09-17,0.0,0.0
2013-09-18,0.0,0.0
2013-09-19,0.0,0.0
2013-09-20,0.0,0.0
2013-09-21,0.0,0.0
2013-09-22,0.0,0.0
2013-09-23,0.0,0.0
2013-09-24,0.0,0.0
2013-09-25,0.0,0.0
2013-09-26,0.0,0.0
2013-09-27,0.0,0.0
2013-09-28,0.0,0.0
2013-09-29,0.0,0.0
2013-09-30,0.0,0.0
2013-10-01,0.0,0.0
2013-10-02,0.0,0.0
2013-10-03,0.0,0.0
2013-10-04,0.0,0.0
2013-10-05,0.0,0.0
2013-10-06,0.0,0.0
2013-10-07,0.0,0.0
2013-10-08,0.0,0.0
2013-10-09,0.0,0.0
2013-10-10,0.0,0.0
2013-10-11,0.0,0.0
2013-10-12,0.0,0.0
2013-10-13,0.0,0.0
2013-10-14,0.0,0.0
2013-10-15,0.0,0.0
2013-10-16,0.0,0.0
2013-10-17,0.0,0.0
2013-10-18,0.0,0.0
2013-10-19,0.0,0.0
2013-10-20,0.0,0.0
2013-10-21,0.0,0.0
2013-10-22,0.0,0.0
2013-10-23,0.0,0.0
2013-10-24,0.0,0.0
2013-10-25,0.0,0.0
2013-10-26,0.0,0.0
2013-10-27,0.0,0.0
2013-10-28,0.0,0.0
2013-10-29,0.0,0.0
2013-10-30,0.0,0.0
2013-10-31,0.0,0.0
2013-11-01,0.0,0.0
2013-11-02,0.0,0.0
2013-11-03,0.0,0.0
2013-11-04,0.0,0.0
2013-11-05,0.0,0.0
2013-11-06,0.0,0.0
2013-11-07,0.0,0.0
2013-11-08,0.0,0.0
2013-11-09,0.0,0.0
2013-11-10,0.0,0.0
2013-11-11,0.0,0.0
2013-11-12,0.0,0.0
2013-11-13,0.0,0.0
2013-11-14,0.0,0.0
2013-11-15,0.0,0.0
2013-11-16,0.0,0.0
2013-11-17,0.0,0.0
2013-11-18,0.0,0.0
2013-11-19,0.0,0.0
2013-11-20,0.0,0.0
2013-11-21,0.0,0.0
2013-11-22,0.0,0.0
2013-11-23,0.0,0.0
2013-11-24,0.0,0.0
2013-11-25,0.0,0.0
2013-11-26,0.0,0.0
2013-11-27,0.0,0.0
2013-11-28,0.0,0.0
2013-11-29,0.0,0.0
2013-11-30,0.0,0.0
2013-12-01,0.0,0.0
2013-12-02,0.0,0.0
2013-12-03,0.0,0.0
2013-12-04,0.0,0.0
2013-12-05,0.0,0.0
2013-12-06,0.0,0.0
2013-12-07,0.0,0.0
2013-12-08,0.0,0.0
2013-12-09,0.0,0.0
2013-12-10,0.0,0.0
2013-12-11,0.0,0.0
2013-12-12,0.0,0.0
2013-12-13,0.0,0.0
2013-12-14,0.0,0.0
2013-12-15,0.0,0.0
2013-12-16,0.0,0.0
2013-12-17,0.0,0.0
2013-12-18,0.0,0.0
2013-12-19,0.0,0.0
2013-12-20,0.0,0.0
2013-12-21,0.0,0.0
2013-12-22,0.0,0.0
2013-12-23,0.0,0.0
2013-12-24,0.0,0.0
2013-12-25,0.0,0.0
2013-12-26,0.0,0.0
2013-12-27,0.0,0.0
2013-12-28,0.0,0.0
2013-12-29,0.0,0.0
2013-12-30,0.0,0.0
2013-12-31,0.0,0.0
2014-01-01,0.0,0.0
2014-01-02,0.0,0.0
2014-01-03,0.0,0.0
2014-01-04,0.0,0.0
2014-01-05,0.0,0.0
2014-01-06,0.0,0.0
2014-01-07,0.0,0.0
2014-01-08,0.0,0.0
2014-01-09,0.0,0.0
2014-01-10,0.0,0.0
2014-01-11,0.0,0.0
2014-01-12,0.0,0.0
2014-01-13,0.0,0.0
2014-01-14,0.0,0.0
2014-01-15,0.0,0.0
2014-01-16,0.0,0.0
2014-01-17,0.0,0.0
2014-01-18,0.0,0.0
2014-01-19,0.0,0.0
2014-01-20,0.0,0.0
2014-01-21,0.0,0.0
2014-01-22,0.0,0.0
2014-01-23,0.0,0.0
2014-01-24,0.0,0.0
2014-01-25,0.0,0.0
2014-01-26,0.0,0.0
2014-01-27,0.0,0.0
2014-01-28,0.0,0.0
2014-01-29,0.0,0.0
2014-01-30,0.0,0.0
2014-01-31,0.0,0.0
2014-02-01,0.0,0.0
2014-02-02,0.0,0.0
2014-02-03,0.0,0.0
2014-02-04,0.0,0.0
2014-02-05,0.0,0.0
2014-02-06,0.0,0.0
2014-02-07,0.0,0.0
2014-02-08,0.0,0.0
2014-02-09,0.0,0.0
2014-02-10,0.0,0.0
2014-02-11,0.0,0.0
2014-02-12,0.0,0.0
2014-02-13,0.0,0.0
2014-02-14,0.0,0.0
2014-02-15,0.0,0.0
2014-02-16,0.0,0.0
2014-02-17,0.0,0.0
2014-02-18,0.0,0.0
2014-02-19,0.0,0.0
2014-02-20,0.0,0.0
2014-02-21,0.0,0.0
2014-02-22,0.0,0.0
2014-02-23,0.0,0.0
2014-02-24,0.0,0.0
2014-02-25,0.0,0.0
2014-02-26,0.0,0.0
2014-02-27,0.0,0.0
2014-02-28,0.0,0.0
2014-03-01,0.0,0.0
2014-03-02,0.0,0.0
2014-03-03,0.0,0.0
2014-03-04,0.0,0.0
2014-03-05,0.0,0.0
2014-03-06,0.0,0.0
2014-03-07,0.0,0.0
2014-03-08,0.0,0.0
2014-03-09,0.0,0.0
2014-03-10,0.0,0.0
2014-03-11,0.0,0.0
2014-03-12,0.0,0.0
2014-03-13,0.0,0.0
2014-03-14,0.0,0.0
2014-03-15,0.0,0.0
2014-03-16,0.0,0.0
2014-03-17,0.0,0.0
2014-03-18,0.0,0.0
2014-03-19,0.0,0.0
2014-03-20,0.0,0.0
2014-03-21,0.0,0.0
2014-03-22,0.0,0.0
2014-03-23,0.0,0.0
2014-03-24,0.0,0.0
2014-03-25,0.0,0.0
2014-03-26,0.0,0.0
2014-03-27,0.0,0.0
2014-03-28,0.0,0.0
2014-03-29,0.0,0.0
2014-03-30,0.0,0.0
2014-03-31,0.0,0.0
2014-04-01,0.0,0.0
2014-04-02,0.0,0.0
2014-04-03,0.0,0.0
2014-04-04,0.0,0.0
2014-04-05,0.0,0.0
2014-04-06,0.0,0.0
2014-04-07,0.0,0.0
2014-04-08,0.0,0.0
2014-04-09,0.0,0.0
2014-04-10,0.0,0.0
2014-04-11,0.0,0.0
2014-04-12,0.0,0.0
2014-04-13,0.0,0.0
2014-04-14,0.0,0.0
2014-04-15,0.0,0.0
2014-04-16,0.0,0.0
2014-04-17,0.0,0.0
2014-04-18,0.0,0.0
2014-04-19,0.0,0.0
2014-04-20,0.0,0.0
2014-04-21,0.0,0.0
2014-04-22,0.0,0.0
2014-04-23,0.0,0.0
2014-04-24,0.0,0.0
2014-04-25,0.0,0.0
2014-04-26,0.0,0.0
2014-04-27,0.0,0.0
2014-04-28,0.0,0.0
2014-04-29,0.0,0.0
2014-04-30,0.0,0.0
2014-05-01,0.0,0.0
2014-05-02,0.0,0.0
2014-05-03,0.0,0.0
2014-05-04,0.0,0.0
2014-05-05,0.0,0.0
2014-05-06,0.0,0.0
2014-05-07,0.0,0.0
2014-05-08,0.0,0.0
2014-05-09,0.0,0.0
2014-05-10,0.0,0.0
2014-05-11,0.0,0.0
2014-05-12,0.0,0.0
2014-05-13,0.0,0.0
2014-05-14,0.0,0.0
2014-05-15,0.0,0.0
2014-05-16,0.0,0.0
2014-05-17,0.0,0.0
2014-05-18,0.0,0.0
2014-05-19,0.0,0.0
2014-05-20,0.0,0.0
2014-05-21,0.0,0.0
2014-05-22,0.0,0.0
2014-05-23,0.0,0.0
2014-05-24,0.0,0.0
2014-05-25,0.0,0.0
2014-05-26,0.0,0.0
2014-05-27,0.0,0.0
2014-05-28,0.0,0.0
2014-05-29,0.0,0.0
2014-05-30,0.0,0.0
2014-05-31,0.0,0.0
2014-06-01,0.0,0.0
2014-06-02,0.0,0.0
2014-06-03,0.0,0.0
2014-06-04,0.0,0.0
2014-06-05,0.0,0.0
2014-06-06,0.0,0.0
2014-06-07,0.0,0.0
2014-06-08,0.0,0.0
2014-06-09,0.0,0.0
2014-06-10,0.0,0.0
2014-06-11,0.0,0.0
2014-06-12,0.0,0.0
2014-06-13,0.0,0.0
2014-06-14,0.0,0.0
2014-06-15,0.0,0.0
2014-06-16,0.0,0.0
2014-06-17,0.0,0.0
2014-06-18,0.0,0.0
2014-06-19,0.0,0.0
2014-06-20,0.0,0.0
2014-06-21,0.0,0.0
2014-06-22,0.0,0.0
2014-06-23,0.0,0.0
2014-06-24,0.0,0.0
2014-06-25,0.0,0.0
2014-06-26,0.0,0.0
2014-06-27,0.0,0.0
2014-06-28,0.0,0.0
2014-06-29,0.0,0.0
2014-06-30,0.0,0.0
2014-07-01,0.0,0.0
2014-07-02,0.0,0.0
2014-07-03,0.0,0.0
2014-07-04,0.0,0.0
2014-07-05,0.0,0.0
2014-07-06,0.0,0.0
2014-07-07,0.0,0.0
2014-07-08,0.0,0.0
2014-07-09,0.0,0.0
2014-07-10,0.0,0.0
2014-07-11,0.0,0.0
2014-07-12,0.0,0.0
2014-07-13,0.0,0.0
2014-07-14,0.0,0.0
2014-07-15,0.0,0.0
2014-07-16,0.0,0.0
2014-07-17,0.0,0.0
2014-07-18,0.0,0.0
2014-07-19,0.0,0.0
2014-07-20,0.0,0.0
2014-07-21,0.0,0.0
2014-07-22,0.0,0.0
2014-07-23,0.0,0.0
2014-07-24,0.0,0.0
2014-07-25,0.0,0.0
2014-07-26,0.0,0.0
2014-07-27,0.0,0.0
2014-07-28,0.0,0.0
2014-07-29,0.0,0.0
2014-07-30,0.0,0.0
2014-07-31,0.0,0.0
2014-08-01,0.0,0.0
2014-08-02,0.0,0.0
2014-08-03,0.0,0.0
2014-08-04,0.0,0.0
2014-08-05,0.0,0.0
2014-08-06,0.0,0.0
2014-08-07,0.0,0.0
2014-08-08,0.0,0.0
2014-08-09,0.0,0.0
2014-08-10,0.0,0.0
2014-08-11,0.0,0.0
2014-08-12,0.0,0.0
2014-08-13,0.0,0.0
2014-08-14,0.0,0.0
2014-08-15,0.0,0.0
2014-08-16,0.0,0.0
2014-08-17,0.0,0.0
2014-08-18,0.0,0.0
2014-08-19,0.0,0.0
2014-08-20,0.0,0.0
2014-08-21,0.0,0.0
2014-08-22,0.0,0.0
2014-08-23,0.0,0.0
2014-08-24,0.0,0.0
2014-08-25,0.0,0.0
2014-08-26,0.0,0.0
2014-08-27,0.0,0.0
2014-08-28,0.0,0.0
2014-08-29,0.0,0.0
2014-08-30,0.0,0.0
2014-08-31,0.0,0.0
2014-09-01,0.0,0.0
2014-09-02,0.0,0.0
2014-09-03,0.0,0.0
2014-09-04,0.0,0.0
2014-09-05,0.0,0.0
2014-09-06,0.0,0.0
2014-09-07,0.0,0.0
2014-09-08,0.0,0.0
2014-09-09,0.0,0.0
2014-09-10,0.0,0.0
2014-09-11,0.0,0.0
2014-09-12,0.0,0.0
2014-09-13,0.0,0.0
2014-09-14,0.0,0.0
2014-09-15,0.0,0.0
2014-09-16,0.0,0.0
2014-09-17,0.0,0.0
2014-09-18,0.0,0.0
2014-09-19,0.0,0.0
2014-09-20,0.0,0.0
2014-09-21,0.0,0.0
2014-09-22,0.0,0.0
2014-09-23,0.0,0.0
2014-09-24,0.0,0.0
2014-09-25,0.0,0.0
2014-09-26,0.0,0.0
2014-09-27,0.0,0.0
2014-09-28,0.0,0.0
2014-09-29,0.0,0.0
2014-09-30,0.0,0.0
2014-10-01,0.0,0.0
2014-10-02,0.0,0.0
2014-10-03,0.0,0.0
2014-10-04,0.0,0.0
2014-10-05,0.0,0.0
2014-10-06,0.0,0.0
2014-10-07,0.0,0.0
2014-10-08,0.0,0.0
2014-10-09,0.0,0.0
2014-10-10,0.0,0.0
2014-10-11,0.0,0.0
2014-10-12,0.0,0.0
2014-10-13,0.0,0.0
2014-10-14,0.0,0.0
2014-10-15,0.0,0.0
2014-10-16,0.0,0.0
2014-10-17,0.0,0.0
2014-10-18,0.0,0.0
2014-10-19,0.0,0.0
2014-10-20,0.0,0.0
2014-10-21,0.0,0.0
2014-10-22,0.0,0.0
2014-10-23,0.0,0.0
2014-10-24,0.0,0.0
2014-10-25,0.0,0.0
2014-10-26,0.0,0.0
2014-10-27,0.0,0.0
2014-10-28,0.0,0.0
2014-10-29,0.0,0.0
2014-10-30,0.0,0.0
2014-10-31,0.0,0.0
2014-11-01,0.0,0.0
2014-11-02,0.0,0.0
2014-11-03,0.0,0.0
2014-11-04,0.0,0.0
2014-11-05,0.0,0.0
2014-11-06,0.0,0.0
2014-11-07,0.0,0.0
2014-11-08,0.0,0.0
2014-11-09,0.0,0.0
2014-11-10,0.0,0.0
2014-11-11,0.0,0.0
2014-11-12,0.0,0.0
2014-11-13,0.0,0.0
2014-11-14,0.0,0.0
2014-11-15,0.0,0.0
2014-11-16,0.0,0.0
2014-11-17,0.0,0.0
2014-11-18,0.0,0.0
2014-11-19,0.0,0.0
2014-11-20,0.0,0.0
2014-11-21,0.0,0.0
2014-11-22,0.0,0.0
2014-11-23,0.0,0.0
2014-11-24,0.0,0.0
2014-11-25,0.0,0.0
2014-11-26,0.0,0.0
2014-11-27,0.0,0.0
2014-11-28,0.0,0.0
2014-11-29,0.0,0.0
2014-11-30,0.0,0.0
2014-12-01,0.0,0.0
2014-12-02,0.0,0.0
2014-12-03,0.0,0.0
2014-12-04,0.0,0.0
2014-12-05,0.0,0.0
2014-12-06,0.0,0.0
2014-12-07,0.0,0.0
2014-12-08,0.0,0.0
2014-12-09,0.0,0.0
2014-12-10,0.0,0.0
2014-12-11,0.0,0.0
2014-12-12,0.0,0.0
2014-12-13,0.0,0.0
2014-12-14,0.0,0.0
2014-12-15,0.0,0.0
2014-12-16,0.0,0.0
2014-12-17,0.0,0.0
2014-12-18,0.0,0.0
2014-12-19,0.0,0.0
2014-12-20,0.0,0.0
2014-12-21,0.0,0.0
2014-12-22,0.0,0.0
2014-12-23,0.0,0.0
2014-12-24,0.0,0.0
2014-12-25,0.0,0.0
2014-12-26,0.0,0.0
2014-12-27,0.0,0.0
2014-12-28,0.0,0.0
2014-12-29,0.0,0.0
2014-12-30,0.0,0.0
2014-12-31,0.0,0.0
2015-01-01,0.0,0.0
2015-01-02,0.0,0.0
2015-01-03,0.0,0.0
2015-01-04,0.0,0.0
2015-01-05,0.0,0.0
2015-01-06,0.0,0.0
2015-01-07,0.0,0.0
2015-01-08,0.0,0.0
2015-01-09,0.0,0.0
2015-01-10,0.0,0.0
2015-01-11,0.0,0.0
2015-01-12,0.0,0.0
2015-01-13,0.0,0.0
2015-01-14,0.0,0.0
2015-01-15,0.0,0.0
2015-01-16,0.0,0.0
2015-01-17,0.0,0.0
2015-01-18,0.0,0.0
2015-01-19,0.0,0.0
2015-01-20,0.0,0.0
2015-01-21,0.0,0.0
2015-01-22,0.0,0.0
2015-01-23,0.0,0.0
2015-01-24,0.0,0.0
2015-01-25,0.0,0.0
2015-01-26,0.0,0.0
2015-01-27,0.0,0.0
2015-01-28,0.0,0.0
2015-01-29,0.0,0.0
2015-01-30,0.0,0.0
2015-01-31,0.0,0.0
2015-02-01,0.0,0.0
2015-02-02,0.0,0.0
2015-02-03,0.0,0.0
2015-02-04,0.0,0.0
2015-02-05,0.0,0.0
2015-02-06,0.0,0.0
2015-02-07,0.0,0.0
2015-02-08,0.0,0.0
2015-02-09,0.0,0.0
2015-02-10,0.0,0.0
2015-02-11,0.0,0.0
2015-02-12,0.0,0.0
2015-02-13,0.0,0.0
2015-02-14,0.0,0.0
2015-02-15,0.0,0.0
2015-02-16,0.0,0.0
2015-02-17,0.0,0.0
2015-02-18,0.0,0.0
2015-02-19,0.0,0.0
2015-02-20,0.0,0.0
2015-02-21,0.0,0.0
2015-02-22,0.0,0.0
2015-02-23,0.0,0.0
2015-02-24,0.0,0.0
2015-02-25,0.0,0.0
2015-02-26,0.0,0.0
2015-02-27,0.0,0.0
2015-02-28,0.0,0.0
2015-03-01,0.0,0.0
2015-03-02,0.0,0.0
2015-03-03,0.0,0.0
2015-03-04,0.0,0.0
2015-03-05,0.0,0.0
2015-03-06,0.0,0.0
2015-03-07,0.0,0.0
2015-03-08,0.0,0.0
2015-03-09,0.0,0.0
2015-03-10,0.0,0.0
2015-03-11,0.0,0.0
2015-03-12,0.0,0.0
2015-03-13,0.0,0.0
2015-03-14,0.0,0.0
2015-03-15,0.0,0.0
2015-03-16,0.0,0.0
2015-03-17,0.0,0.0
2015-03-18,0.0,0.0
2015-03-19,0.0,0.0
2015-03-20,0.0,0.0
2015-03-21,0.0,0.0
2015-03-22,0.0,0.0
2015-03-23,0.0,0.0
2015-03-24,0.0,0.0
2015-03-25,0.0,0.0
2015-03-26,0.0,0.0
2015-03-27,0.0,0.0
2015-03-28,0.0,0.0
2015-03-29,0.0,0.0
2015-03-30,0.0,0.0
2015-03-31,0.0,0.0
2015-04-01,0.0,0.0
2015-04-02,0.0,0.0
2015-04-03,0.0,0.0
2015-04-04,0.0,0.0
2015-04-05,0.0,0.0
2015-04-06,0.0,0.0
2015-04-07,0.0,0.0
2015-04-08,0.0,0.0
2015-04-09,0.0,0.0
2015-04-10,0.0,0.0
2015-04-11,0.0,0.0
2015-04-12,0.0,0.0
2015-04-13,0.0,0.0
2015-04-14,0.0,0.0
2015-04-15,0.0,0.0
2015-04-16,0.0,0.0
2015-04-17,0.0,0.0
2015-04-18,71.0,72.0
2015-04-19,75.0,76.0
2015-04-20,80.0,81.0
2015-04-21,84.0,86.0
2015-04-22,89.0,91.0
2015-04-23,94.0,96.0
2015-04-24,99.0,101.0
2015-04-25,104.0,106.0
2015-04-26,108.0,110.0
2015-04-27,113.0,114.0
2015-04-28,117.0,119.0
2015-04-29,122.0,124.0
2015-04-30,128.0,130.0
2015-05-01,134.0,136.0
2015-05-02,139.0,141.0
2015-05-03,144.0,146.0
2015-05-04,149.0,152.0
2015-05-05,154.0,156.0
2015-05-06,158.0,162.0
2015-05-07,164.0,167.0
2015-05-08,169.0,172.0
2015-05-09,175.0,178.0
2015-05-10,180.0,183.0
2015-05-11,186.0,189.0
2015-05-12,192.0,196.0
2015-05-13,199.0,202.0
2015-05-14,205.0,208.0
2015-05-15,212.0,215.0
2015-05-16,218.0,221.0
2015-05-17,224.0,227.0
2015-05-18,230.0,233.0
2015-05-19,236.0,240.0
2015-05-20,242.0,244.0
2015-05-21,247.0,250.0
2015-05-22,252.0,255.0
2015-05-23,256.0,260.0
2015-05-24,261.0,264.0
2015-05-25,266.0,269.0
2015-05-26,270.0,274.0
2015-05-27,275.0,279.0
2015-05-28,280.0,284.0
2015-05-29,284.0,288.0
2015-05-30,288.0,291.0
2015-05-31,291.0,294.0
2015-06-01,294.0,298.0
2015-06-02,297.0,301.0
2015-06-03,301.0,304.0
2015-06-04,304.0,308.0
2015-06-05,308.0,311.0
2015-06-06,311.0,314.0
2015-06-07,314.0,317.0
2015-06-08,315.0,320.0
2015-06-09,318.0,322.0
2015-06-10,319.0,323.0
2015-06-11,320.0,324.0
2015-06-12,321.0,325.0
2015-06-13,322.0,326.0
2015-06-14,322.0,327.0
2015-06-15,322.0,327.0
2015-06-16,323.0,328.0
2015-06-17,323.0,328.0
2015-06-18,323.0,328.0
2015-06-19,324.0,329.0
2015-06-20,324.0,329.0
2015-06-21,325.0,329.0
2015-06-22,325.0,329.0
2015-06-23,325.0,330.0
2015-06-24,325.0,330.0
2015-06-25,326.0,331.0
2015-06-26,326.0,331.0
2015-06-27,326.0,331.0
2015-06-28,326.0,331.0
2015-06-29,325.0,330.0
2015-06-30,324.0,330.0
2015-07-01,323.0,329.0
2015-07-02,323.0,328.0
2015-07-03,322.0,328.0
2015-07-04,322.0,327.0
2015-07-05,321.0,326.0
2015-07-06,320.0,326.0
2015-07-07,318.0,324.0
2015-07-08,319.0,324.0
2015-07-09,318.0,324.0
2015-07-10,319.0,325.0
2015-07-11,320.0,325.0
2015-07-12,320.0,326.0
2015-07-13,321.0,327.0
2015-07-14,322.0,328.0
2015-07-15,323.0,328.0
2015-07-16,323.0,329.0
2015-07-17,324.0,330.0
2015-07-18,325.0,330.0
2015-07-19,325.0,331.0
2015-07-20,326.0,332.0
2015-07-21,327.0,333.0
2015-07-22,328.0,334.0
2015-07-23,328.0,335.0
2015-07-24,329.0,335.0
2015-07-25,330.0,336.0
2015-07-26,331.0,336.0
2015-07-27,331.0,337.0
2015-07-28,332.0,338.0
2015-07-29,333.0,339.0
2015-07-30,335.0,340.0
2015-07-31,336.0,341.0
2015-08-01,337.0,342.0
2015-08-02,338.0,343.0
2015-08-03,339.0,345.0
2015-08-04,340.0,346.0
2015-08-05,341.0,347.0
2015-08-06,343.0,348.0
2015-08-07,344.0,350.0
2015-08-08,345.0,351.0
2015-08-09,346.0,351.0
2015-08-10,346.0,352.0
2015-08-11,346.0,353.0
2015-08-12,346.0,352.0
2015-08-13,346.0,352.0
2015-08-14,346.0,352.0
2015-08-15,346.0,353.0
2015-08-16,347.0,353.0
2015-08-17,346.0,353.0
2015-08-18,347.0,353.0
2015-08-19,347.0,353.0
2015-08-20,346.0,353.0
2015-08-21,346.0,353.0
2015-08-22,347.0,353.0
2015-08-23,347.0,353.0
2015-08-24,347.0,353.0
2015-08-25,346.0,353.0
2015-08-26,346.0,353.0
2015-08-27,346.0,353.0
2015-08-28,345.0,353.0
2015-08-29,345.0,352.0
2015-08-30,344.0,351.0
2015-08-31,344.0,351.0
2015-09-01,344.0,351.0
2015-09-02,344.0,351.0
2015-09-03,344.0,351.0
2015-09-04,344.0,351.0
2015-09-05,344.0,351.0
2015-09-06,343.0,350.0
2015-09-07,343.0,350.0
2015-09-08,342.0,349.0
2015-09-09,342.0,349.0
2015-09-10,343.0,348.0
2015-09-11,344.0,349.0
2015-09-12,344.0,350.0
2015-09-13,345.0,350.0
2015-09-14,345.0,351.0
2015-09-15,345.0,351.0
2015-09-16,345.0,351.0
2015-09-17,345.0,351.0
2015-09-18,345.0,351.0
2015-09-19,346.0,351.0
2015-09-20,346.0,351.0
2015-09-21,346.0,351.0
2015-09-22,346.0,351.0
2015-09-23,346.0,351.0
2015-09-24,346.0,351.0
2015-09-25,347.0,352.0
2015-09-26,348.0,352.0
2015-09-27,348.0,352.0
2015-09-28,348.0,353.0
2015-09-29,348.0,353.0
2015-09-30,348.0,353.0
2015-10-01,348.0,352.0
2015-10-02,348.0,352.0
2015-10-03,348.0,352.0
2015-10-04,348.0,351.0
2015-10-05,347.0,351.0
2015-10-06,347.0,351.0
2015-10-07,347.0,351.0
2015-10-08,346.0,351.0
2015-10-09,346.0,351.0
2015-10-10,346.0,350.0
2015-10-11,346.0,350.0
2015-10-12,345.0,349.0
2015-10-13,344.0,349.0
2015-10-14,344.0,348.0
2015-10-15,343.0,348.0
2015-10-16,343.0,348.0
2015-10-17,342.0,347.0
2015-10-18,341.0,346.0
2015-10-19,340.0,346.0
2015-10-20,340.0,346.0
2015-10-21,339.0,345.0
2015-10-22,338.0,344.0
2015-10-23,337.0,343.0
2015-10-24,336.0,342.0
2015-10-25,334.0,341.0
2015-10-26,333.0,340.0
2015-10-27,331.0,338.0
2015-10-28,330.0,337.0
2015-10-29,330.0,336.0
2015-10-30,329.0,336.0
2015-10-31,329.0,336.0
2015-11-01,329.0,336.0
2015-11-02,329.0,336.0
2015-11-03,329.0,336.0
2015-11-04,329.0,336.0
2015-11-05,329.0,337.0
2015-11-06,329.0,337.0
2015-11-07,330.0,337.0
2015-11-08,330.0,337.0
2015-11-09,330.0,337.0
2015-11-10,330.0,338.0
2015-11-11,330.0,338.0
2015-11-12,330.0,338.0
2015-11-13,331.0,338.0
2015-11-14,332.0,339.0
2015-11-15,333.0,339.0
2015-11-16,334.0,340.0
2015-11-17,335.0,341.0
2015-11-18,336.0,342.0
2015-11-19,337.0,342.0
2015-11-20,338.0,343.0
2015-11-21,339.0,344.0
2015-11-22,340.0,345.0
2015-11-23,342.0,347.0
2015-11-24,343.0,349.0
2015-11-25,344.0,350.0
2015-11-26,346.0,351.0
2015-11-27,347.0,352.0
2015-11-28,348.0,353.0
2015-11-29,348.0,353.0
2015-11-30,349.0,354.0
2015-12-01,349.0,354.0
2015-12-02,349.0,354.0
2015-12-03,348.0,354.0
2015-12-04,348.0,354.0
2015-12-05,348.0,353.0
2015-12-06,347.0,353.0
2015-12-07,347.0,353.0
2015-12-08,346.0,352.0
2015-12-09,346.0,352.0
2015-12-10,346.0,352.0
2015-12-11,345.0,352.0
2015-12-12,345.0,352.0
2015-12-13,345.0,351.0
2015-12-14,344.0,351.0
2015-12-15,344.0,350.0
2015-12-16,343.0,350.0
2015-12-17,342.0,349.0
2015-12-18,342.0,349.0
2015-12-19,341.0,348.0
2015-12-20,340.0,347.0
2015-12-21,340.0,347.0
2015-12-22,339.0,346.0
2015-12-23,338.0,345.0
2015-12-24,338.0,345.0
2015-12-25,338.0,344.0
2015-12-26,338.0,344.0
2015-12-27,338.0,344.0
2015-12-28,337.0,344.0
2015-12-29,337.0,344.0
2015-12-30,337.0,344.0
2015-12-31,337.0,344.0
2016-01-01,338.0,344.0
2016-01-02,339.0,345.0
2016-01-03,340.0,346.0
2016-01-04,340.0,347.0
2016-01-05,340.0,347.0
2016-01-06,341.0,347.0
2016-01-07,340.0,347.0
2016-01-08,340.0,347.0
2016-01-09,340.0,346.0
2016-01-10,340.0,346.0
2016-01-11,339.0,346.0
2016-01-12,339.0,345.0
2016-01-13,339.0,345.0
2016-01-14,339.0,345.0
2016-01-15,339.0,345.0
2016-01-16,339.0,345.0
2016-01-17,339.0,344.0
2016-01-18,338.0,344.0
2016-01-19,338.0,344.0
2016-01-20,339.0,345.0
2016-01-21,339.0,345.0
2016-01-22,340.0,346.0
2016-01-23,340.0,346.0
2016-01-24,340.0,346.0
2016-01-25,340.0,346.0
2016-01-26,340.0,346.0
2016-01-27,340.0,346.0
2016-01-28,340.0,346.0
2016-01-29,340.0,346.0
2016-01-30,339.0,345.0
2016-01-31,338.0,344.0
2016-02-01,337.0,344.0
2016-02-02,336.0,342.0
2016-02-03,336.0,342.0
2016-02-04,335.0,342.0
2016-02-05,335.0,342.0
2016-02-06,335.0,341.0
2016-02-07,335.0,341.0
2016-02-08,336.0,342.0
2016-02-09,336.0,342.0
2016-02-10,337.0,343.0
2016-02-11,338.0,344.0
2016-02-12,339.0,345.0
2016-02-13,339.0,345.0
2016-02-14,340.0,345.0
2016-02-15,341.0,346.0
2016-02-16,342.0,348.0
2016-02-17,343.0,349.0
2016-02-18,344.0,350.0
2016-02-19,344.0,350.0
2016-02-20,344.0,350.0
2016-02-21,345.0,350.0
2016-02-22,344.0,350.0
2016-02-23,344.0,351.0
2016-02-24,345.0,351.0
2016-02-25,346.0,352.0
2016-02-26,346.0,352.0
2016-02-27,347.0,353.0
2016-02-28,348.0,354.0
2016-02-29,349.0,355.0
2016-03-01,349.0,356.0
2016-03-02,351.0,356.0
2016-03-03,351.0,357.0
2016-03-04,352.0,358.0
2016-03-05,352.0,358.0
2016-03-06,353.0,358.0
2016-03-07,353.0,359.0
2016-03-08,354.0,360.0
2016-03-09,354.0,360.0
2016-03-10,354.0,360.0
2016-03-11,354.0,360.0
2016-03-12,354.0,360.0
2016-03-13,354.0,360.0
2016-03-14,354.0,360.0
2016-03-15,354.0,360.0
2016-03-16,353.0,360.0
2016-03-17,353.0,359.0
2016-03-18,353.0,359.0
2016-03-19,353.0,359.0
2016-03-20,353.0,359.0
2016-03-21,353.0,359.0
2016-03-22,353.0,360.0
2016-03-23,354.0,360.0
2016-03-24,354.0,360.0
2016-03-25,354.0,359.0
2016-03-26,354.0,359.0
2016-03-27,354.0,359.0
2016-03-28,353.0,358.0
2016-03-29,351.0,358.0
2016-03-30,351.0,356.0
2016-03-31,351.0,356.0
2016-04-01,350.0,356.0
2016-04-02,350.0,356.0
2016-04-03,350.0,355.0
2016-04-04,349.0,355.0
2016-04-05,349.0,355.0
2016-04-06,348.0,354.0
2016-04-07,347.0,353.0
2016-04-08,347.0,353.0
2016-04-09,347.0,352.0
2016-04-10,346.0,352.0
2016-04-11,346.0,351.0
2016-04-12,344.0,351.0
2016-04-13,343.0,350.0
2016-04-14,342.0,348.0
2016-04-15,342.0,348.0
2016-04-16,341.0,347.0
2016-04-17,341.0,346.0
2016-04-18,340.0,346.0
2016-04-19,339.0,345.0
2016-04-20,338.0,344.0
2016-04-21,337.0,343.0
2016-04-22,336.0,342.0
2016-04-23,335.0,341.0
2016-04-24,335.0,340.0
2016-04-25,334.0,340.0
2016-04-26,333.0,339.0
2016-04-27,332.0,338.0
2016-04-28,331.0,337.0
2016-04-29,332.0,338.0
2016-04-30,332.0,338.0
2016-05-01,332.0,338.0
2016-05-02,332.0,338.0
2016-05-03,333.0,339.0
2016-05-04,333.0,339.0
2016-05-05,334.0,340.0
2016-05-06,335.0,341.0
2016-05-07,336.0,342.0
2016-05-08,336.0,342.0
2016-05-09,337.0,343.0
2016-05-10,337.0,344.0
2016-05-11,338.0,344.0
2016-05-12,338.0,344.0
2016-05-13,339.0,345.0
2016-05-14,340.0,346.0
2016-05-15,341.0,347.0
2016-05-16,342.0,348.0
2016-05-17,343.0,349.0
2016-05-18,344.0,350.0
2016-05-19,345.0,351.0
2016-05-20,345.0,352.0
2016-05-21,346.0,352.0
2016-05-22,347.0,353.0
2016-05-23,348.0,354.0
2016-05-24,349.0,355.0
2016-05-25,350.0,356.0
2016-05-26,350.0,356.0
2016-05-27,351.0,358.0
2016-05-28,352.0,358.0
2016-05-29,352.0,358.0
2016-05-30,352.0,358.0
2016-05-31,352.0,358.0
2016-06-01,352.0,358.0
2016-06-02,353.0,358.0
2016-06-03,353.0,359.0
2016-06-04,354.0,359.0
2016-06-05,354.0,359.0
2016-06-06,355.0,360.0
2016-06-07,355.0,360.0
2016-06-08,355.0,360.0
2016-06-09,355.0,361.0
2016-06-10,355.0,361.0
2016-06-11,355.0,360.0
2016-06-12,356.0,360.0
2016-06-13,355.0,360.0
2016-06-14,354.0,360.0
2016-06-15,353.0,359.0
2016-06-16,352.0,358.0
2016-06-17,351.0,357.0
2016-06-18,350.0,356.0
2016-06-19,350.0,355.0
2016-06-20,349.0,355.0
2016-06-21,348.0,354.0
2016-06-22,348.0,353.0
2016-06-23,347.0,353.0
2016-06-24,346.0,352.0
2016-06-25,346.0,352.0
2016-06-26,346.0,351.0
2016-06-27,346.0,352.0
2016-06-28,346.0,352.0
2016-06-29,346.0,352.0
2016-06-30,346.0,352.0
2016-07-01,345.0,352.0
2016-07-02,345.0,351.0
2016-07-03,344.0,350.0
2016-07-04,343.0,349.0
2016-07-05,343.0,349.0
2016-07-06,343.0,348.0
2016-07-07,343.0,348.0
2016-07-08,343.0,349.0
2016-07-09,344.0,349.0
2016-07-10,344.0,349.0
2016-07-11,344.0,350.0
2016-07-12,345.0,350.0
2016-07-13,345.0,350.0
2016-07-14,346.0,351.0
2016-07-15,347.0,352.0
2016-07-16,349.0,353.0
2016-07-17,349.0,354.0
2016-07-18,349.0,354.0
2016-07-19,349.0,354.0
2016-07-20,350.0,355.0
2016-07-21,350.0,355.0
2016-07-22,351.0,356.0
2016-07-23,352.0,356.0
2016-07-24,353.0,357.0
2016-07-25,353.0,358.0
2016-07-26,353.0,358.0
2016-07-27,354.0,358.0
2016-07-28,354.0,359.0
2016-07-29,353.0,359.0
2016-07-30,354.0,358.0
2016-07-31,354.0,358.0
2016-08-01,354.0,359.0
2016-08-02,354.0,359.0
2016-08-03,354.0,359.0
2016-08-04,354.0,359.0
2016-08-05,353.0,358.0
2016-08-06,352.0,358.0
2016-08-07,352.0,357.0
2016-08-08,350.0,356.0
2016-08-09,350.0,355.0
2016-08-10,349.0,354.0
2016-08-11,348.0,353.0
2016-08-12,347.0,353.0
2016-08-13,346.0,352.0
2016-08-14,346.0,351.0
2016-08-15,346.0,351.0
2016-08-16,346.0,351.0
2016-08-17,346.0,351.0
2016-08-18,347.0,352.0
2016-08-19,347.0,352.0
2016-08-20,347.0,351.0
2016-08-21,347.0,351.0
2016-08-22,346.0,351.0
2016-08-23,346.0,351.0
2016-08-24,346.0,351.0
2016-08-25,346.0,351.0
2016-08-26,345.0,350.0
2016-08-27,345.0,350.0
2016-08-28,345.0,349.0
2016-08-29,345.0,349.0
2016-08-30,344.0,349.0
2016-08-31,344.0,349.0
2016-09-01,343.0,348.0
2016-09-02,343.0,348.0
2016-09-03,343.0,348.0
2016-09-04,343.0,348.0
2016-09-05,343.0,348.0
2016-09-06,343.0,348.0
2016-09-07,343.0,348.0
2016-09-08,343.0,349.0
2016-09-09,344.0,349.0
2016-09-10,344.0,349.0
2016-09-11,344.0,348.0
2016-09-12,344.0,348.0
2016-09-13,343.0,349.0
2016-09-14,343.0,348.0
2016-09-15,342.0,347.0
2016-09-16,341.0,347.0
2016-09-17,341.0,346.0
2016-09-18,340.0,345.0
2016-09-19,340.0,345.0
2016-09-20,339.0,345.0
2016-09-21,339.0,345.0
2016-09-22,339.0,345.0
2016-09-23,339.0,344.0
2016-09-24,339.0,344.0
2016-09-25,338.0,344.0
2016-09-26,338.0,344.0
2016-09-27,338.0,344.0
2016-09-28,338.0,344.0
2016-09-29,338.0,344.0
2016-09-30,339.0,344.0
2016-10-01,339.0,344.0
2016-10-02,339.0,343.0
2016-10-03,339.0,343.0
2016-10-04,338.0,343.0
2016-10-05,337.0,343.0
2016-10-06,338.0,343.0
2016-10-07,337.0,343.0
2016-10-08,337.0,342.0
2016-10-09,337.0,342.0
2016-10-10,337.0,342.0
2016-10-11,337.0,342.0
2016-10-12,338.0,343.0
2016-10-13,338.0,343.0
2016-10-14,338.0,343.0
2016-10-15,339.0,344.0
2016-10-16,339.0,344.0
2016-10-17,340.0,345.0
2016-10-18,341.0,345.0
2016-10-19,341.0,346.0
2016-10-20,342.0,347.0
2016-10-21,342.0,347.0
2016-10-22,342.0,347.0
2016-10-23,342.0,347.0
2016-10-24,342.0,347.0
2016-10-25,342.0,348.0
2016-10-26,343.0,348.0
2016-10-27,343.0,348.0
2016-10-28,343.0,348.0
2016-10-29,343.0,348.0
2016-10-30,343.0,348.0
2016-10-31,343.0,348.0
2016-11-01,342.0,348.0
2016-11-02,343.0,348.0
2016-11-03,343.0,349.0
2016-11-04,344.0,350.0
2016-11-05,344.0,350.0
2016-11-06,345.0,350.0
2016-11-07,345.0,351.0
2016-11-08,345.0,351.0
2016-11-09,346.0,352.0
2016-11-10,346.0,352.0
2016-11-11,346.0,352.0
2016-11-12,346.0,352.0
2016-11-13,347.0,352.0
2016-11-14,347.0,352.0
2016-11-15,347.0,352.0
2016-11-16,348.0,353.0
2016-11-17,348.0,354.0
2016-11-18,348.0,354.0
2016-11-19,349.0,354.0
2016-11-20,350.0,354.0
2016-11-21,350.0,355.0
2016-11-22,350.0,356.0
2016-11-23,352.0,356.0
2016-11-24,353.0,357.0
2016-11-25,354.0,358.0
2016-11-26,355.0,359.0
2016-11-27,356.0,360.0
2016-11-28,357.0,361.0
2016-11-29,358.0,362.0
2016-11-30,359.0,364.0
2016-12-01,360.0,365.0
2016-12-02,361.0,365.0
2016-12-03,362.0,366.0
2016-12-04,362.0,366.0
2016-12-05,363.0,367.0
2016-12-06,363.0,367.0
2016-12-07,364.0,368.0
2016-12-08,365.0,368.0
2016-12-09,366.0,369.0
2016-12-10,366.0,370.0
2016-12-11,367.0,371.0
2016-12-12,367.0,371.0
2016-12-13,368.0,372.0
2016-12-14,368.0,372.0
2016-12-15,368.0,373.0
2016-12-16,368.0,373.0
2016-12-17,368.0,372.0
2016-12-18,368.0,371.0
2016-12-19,367.0,372.0
2016-12-20,367.0,371.0
2016-12-21,366.0,371.0
2016-12-22,366.0,370.0
2016-12-23,365.0,370.0
2016-12-24,364.0,369.0
2016-12-25,363.0,368.0
2016-12-26,362.0,367.0
2016-12-27,362.0,366.0
2016-12-28,361.0,366.0
2016-12-29,360.0,365.0
2016-12-30,359.0,364.0
2016-12-31,358.0,363.0
2017-01-01,357.0,362.0
2017-01-02,356.0,361.0
2017-01-03,356.0,360.0
2017-01-04,355.0,360.0
2017-01-05,355.0,360.0
2017-01-06,354.0,360.0
2017-01-07,354.0,359.0
2017-01-08,354.0,359.0
2017-01-09,353.0,359.0
2017-01-10,353.0,358.0
2017-01-11,353.0,358.0
2017-01-12,352.0,358.0
2017-01-13,352.0,358.0
2017-01-14,352.0,357.0
2017-01-15,352.0,357.0
2017-01-16,352.0,357.0
2017-01-17,352.0,357.0
2017-01-18,352.0,357.0
2017-01-19,352.0,357.0
2017-01-20,352.0,357.0
2017-01-21,353.0,357.0
2017-01-22,353.0,357.0
2017-01-23,353.0,358.0
2017-01-24,353.0,359.0
2017-01-25,354.0,359.0
2017-01-26,354.0,359.0
2017-01-27,354.0,360.0
2017-01-28,355.0,360.0
2017-01-29,355.0,360.0
2017-01-30,356.0,362.0
2017-01-31,357.0,363.0
2017-02-01,358.0,364.0
2017-02-02,359.0,365.0
2017-02-03,360.0,365.0
2017-02-04,360.0,365.0
2017-02-05,360.0,365.0
2017-02-06,360.0,365.0
2017-02-07,360.0,365.0
2017-02-08,360.0,365.0
2017-02-09,360.0,365.0
2017-02-10,360.0,366.0
2017-02-11,360.0,365.0
2017-02-12,361.0,365.0
2017-02-13,361.0,366.0
2017-02-14,361.0,366.0
2017-02-15,361.0,367.0
2017-02-16,361.0,367.0
2017-02-17,362.0,367.0
2017-02-18,362.0,367.0
2017-02-19,362.0,367.0
2017-02-20,362.0,367.0
2017-02-21,362.0,368.0
2017-02-22,362.0,367.0
2017-02-23,362.0,367.0
2017-02-24,362.0,366.0
2017-02-25,361.0,366.0
2017-02-26,361.0,365.0
2017-02-27,361.0,365.0
2017-02-28,360.0,365.0
2017-03-01,358.0,364.0
2017-03-02,357.0,362.0
2017-03-03,356.0,361.0
2017-03-04,356.0,361.0
2017-03-05,356.0,360.0
2017-03-06,355.0,361.0
2017-03-07,354.0,361.0
2017-03-08,353.0,360.0
2017-03-09,353.0,360.0
2017-03-10,352.0,359.0
2017-03-11,351.0,358.0
2017-03-12,350.0,357.0
2017-03-13,348.0,356.0
2017-03-14,347.0,355.0
2017-03-15,346.0,355.0
2017-03-16,346.0,355.0
2017-03-17,346.0,355.0
2017-03-18,345.0,355.0
2017-03-19,345.0,354.0
2017-03-20,344.0,355.0
2017-03-21,343.0,354.0
2017-03-22,343.0,354.0
2017-03-23,343.0,354.0
2017-03-24,343.0,355.0
2017-03-25,343.0,355.0
2017-03-26,343.0,355.0
2017-03-27,342.0,355.0
2017-03-28,341.0,354.0
2017-03-29,340.0,353.0
2017-03-30,340.0,353.0
2017-03-31,341.0,355.0
2017-04-01,342.0,355.0
2017-04-02,343.0,356.0
2017-04-03,342.0,356.0
2017-04-04,342.0,356.0
2017-04-05,342.0,356.0
2017-04-06,343.0,357.0
2017-04-07,344.0,358.0
2017-04-08,345.0,358.0
2017-04-09,346.0,359.0
2017-04-10,347.0,361.0
2017-04-11,348.0,362.0
2017-04-12,349.0,363.0
2017-04-13,351.0,365.0
2017-04-14,352.0,366.0
2017-04-15,352.0,366.0
2017-04-16,353.0,366.0
2017-04-17,353.0,367.0
2017-04-18,354.0,368.0
2017-04-19,354.0,368.0
2017-04-20,355.0,369.0
2017-04-21,356.0,370.0
2017-04-22,356.0,370.0
2017-04-23,356.0,369.0
2017-04-24,356.0,370.0
2017-04-25,357.0,371.0
2017-04-26,358.0,372.0
2017-04-27,359.0,373.0
2017-04-28,360.0,375.0
2017-04-29,361.0,376.0
2017-04-30,362.0,375.0
2017-05-01,362.0,376.0
2017-05-02,362.0,377.0
2017-05-03,362.0,377.0
2017-05-04,363.0,378.0
2017-05-05,365.0,380.0
2017-05-06,364.0,381.0
2017-05-07,364.0,380.0
2017-05-08,364.0,380.0
2017-05-09,364.0,380.0
2017-05-10,364.0,380.0
2017-05-11,363.0,380.0
2017-05-12,364.0,381.0
2017-05-13,364.0,381.0
2017-05-14,365.0,380.0
2017-05-15,364.0,381.0
2017-05-16,363.0,381.0
2017-05-17,362.0,380.0
2017-05-18,362.0,380.0
2017-05-19,363.0,380.0
2017-05-20,363.0,380.0
2017-05-21,363.0,379.0
2017-05-22,362.0,380.0
2017-05-23,362.0,380.0
2017-05-24,361.0,379.0
2017-05-25,361.0,379.0
2017-05-26,361.0,379.0
2017-05-27,360.0,378.0
2017-05-28,360.0,377.0
2017-05-29,359.0,376.0
2017-05-30,358.0,376.0
2017-05-31,358.0,376.0
2017-06-01,357.0,375.0
2017-06-02,357.0,374.0
2017-06-03,356.0,372.0
2017-06-04,354.0,370.0
2017-06-05,353.0,368.0
2017-06-06,352.0,368.0
2017-06-07,351.0,368.0
2017-06-08,352.0,368.0
2017-06-09,352.0,369.0
2017-06-10,351.0,368.0
2017-06-11,350.0,366.0
2017-06-12,349.0,366.0
2017-06-13,346.0,365.0
2017-06-14,344.0,362.0
2017-06-15,341.0,360.0
2017-06-16,340.0,360.0
2017-06-17,339.0,358.0
2017-06-18,337.0,356.0
2017-06-19,337.0,356.0
2017-06-20,336.0,355.0
2017-06-21,336.0,355.0
2017-06-22,336.0,355.0
2017-06-23,336.0,354.0
2017-06-24,336.0,354.0
2017-06-25,336.0,353.0
2017-06-26,335.0,353.0
2017-06-27,335.0,353.0
2017-06-28,334.0,353.0
2017-06-29,335.0,352.0
2017-06-30,335.0,352.0
2017-07-01,335.0,353.0
2017-07-02,336.0,352.0
2017-07-03,336.0,353.0
2017-07-04,336.0,353.0
2017-07-05,337.0,353.0
2017-07-06,337.0,353.0
2017-07-07,337.0,354.0
2017-07-08,337.0,353.0
2017-07-09,336.0,351.0
2017-07-10,336.0,351.0
2017-07-11,335.0,351.0
2017-07-12,334.0,349.0
2017-07-13,336.0,349.0
2017-07-14,337.0,350.0
2017-07-15,340.0,351.0
2017-07-16,341.0,351.0
2017-07-17,342.0,353.0
2017-07-18,343.0,354.0
2017-07-19,342.0,354.0
2017-07-20,341.0,354.0
2017-07-21,340.0,353.0
2017-07-22,340.0,352.0
2017-07-23,339.0,351.0
2017-07-24,338.0,351.0
2017-07-25,338.0,351.0
2017-07-26,337.0,350.0
2017-07-27,336.0,349.0
2017-07-28,336.0,349.0
2017-07-29,335.0,348.0
2017-07-30,334.0,346.0
2017-07-31,333.0,346.0
2017-08-01,332.0,345.0
2017-08-02,332.0,344.0
2017-08-03,331.0,344.0
2017-08-04,331.0,344.0
2017-08-05,330.0,343.0
2017-08-06,330.0,342.0
2017-08-07,330.0,343.0
2017-08-08,329.0,342.0
2017-08-09,329.0,342.0
2017-08-10,329.0,342.0
2017-08-11,330.0,343.0
2017-08-12,330.0,343.0
2017-08-13,330.0,342.0
2017-08-14,330.0,343.0
2017-08-15,330.0,343.0
2017-08-16,329.0,342.0
2017-08-17,328.0,341.0
2017-08-18,328.0,341.0
2017-08-19,328.0,341.0
2017-08-20,329.0,340.0
2017-08-21,329.0,341.0
2017-08-22,329.0,341.0
2017-08-23,329.0,341.0
2017-08-24,329.0,341.0
2017-08-25,329.0,341.0
2017-08-26,329.0,341.0
2017-08-27,329.0,340.0
2017-08-28,329.0,340.0
2017-08-29,328.0,340.0
2017-08-30,328.0,340.0
2017-08-31,328.0,340.0
2017-09-01,327.0,340.0
2017-09-02,327.0,340.0
2017-09-03,327.0,338.0
2017-09-04,326.0,338.0
2017-09-05,325.0,338.0
2017-09-06,326.0,337.0
2017-09-07,325.0,337.0
2017-09-08,325.0,337.0
2017-09-09,326.0,337.0
2017-09-10,326.0,336.0
2017-09-11,325.0,337.0
2017-09-12,325.0,337.0
2017-09-13,325.0,337.0
2017-09-14,325.0,337.0
2017-09-15,325.0,337.0
2017-09-16,326.0,337.0
2017-09-17,327.0,337.0
2017-09-18,326.0,338.0
2017-09-19,326.0,338.0
2017-09-20,326.0,337.0
2017-09-21,327.0,338.0
2017-09-22,327.0,339.0
2017-09-23,328.0,340.0
2017-09-24,328.0,339.0
2017-09-25,328.0,340.0
2017-09-26,329.0,341.0
2017-09-27,330.0,342.0
2017-09-28,330.0,343.0
2017-09-29,331.0,343.0
2017-09-30,331.0,343.0
2017-10-01,332.0,342.0
2017-10-02,332.0,343.0
2017-10-03,333.0,344.0
2017-10-04,334.0,346.0
2017-10-05,335.0,346.0
2017-10-06,336.0,347.0
2017-10-07,337.0,348.0
2017-10-08,337.0,348.0
2017-10-09,338.0,349.0
2017-10-10,338.0,350.0
2017-10-11,339.0,350.0
2017-10-12,340.0,351.0
2017-10-13,342.0,353.0
2017-10-14,343.0,354.0
2017-10-15,344.0,354.0
2017-10-16,344.0,355.0
2017-10-17,345.0,356.0
2017-10-18,346.0,356.0
2017-10-19,348.0,358.0
2017-10-20,349.0,360.0
2017-10-21,350.0,360.0
2017-10-22,350.0,360.0
2017-10-23,352.0,361.0
2017-10-24,354.0,363.0
2017-10-25,355.0,365.0
2017-10-26,356.0,366.0
2017-10-27,357.0,367.0
2017-10-28,358.0,368.0
2017-10-29,360.0,369.0
2017-10-30,362.0,371.0
2017-10-31,363.0,373.0
2017-11-01,363.0,374.0
2017-11-02,364.0,374.0
2017-11-03,364.0,374.0
2017-11-04,364.0,374.0
2017-11-05,364.0,374.0
2017-11-06,365.0,374.0
2017-11-07,366.0,376.0
2017-11-08,366.0,377.0
2017-11-09,366.0,377.0
2017-11-10,367.0,377.0
2017-11-11,367.0,377.0
2017-11-12,367.0,376.0
2017-11-13,367.0,376.0
2017-11-14,367.0,377.0
2017-11-15,368.0,378.0
2017-11-16,368.0,378.0
2017-11-17,369.0,379.0
2017-11-18,368.0,378.0
2017-11-19,369.0,378.0
2017-11-20,369.0,379.0
2017-11-21,369.0,380.0
2017-11-22,369.0,380.0
2017-11-23,368.0,379.0
2017-11-24,368.0,378.0
2017-11-25,367.0,377.0
2017-11-26,367.0,376.0
2017-11-27,367.0,376.0
2017-11-28,366.0,376.0
2017-11-29,366.0,376.0
2017-11-30,365.0,376.0
2017-12-01,366.0,376.0
2017-12-02,366.0,376.0
2017-12-03,366.0,375.0
2017-12-04,365.0,375.0
2017-12-05,365.0,375.0
2017-12-06,364.0,375.0
2017-12-07,363.0,373.0
2017-12-08,363.0,373.0
2017-12-09,363.0,373.0
2017-12-10,363.0,373.0
2017-12-11,363.0,373.0
2017-12-12,363.0,374.0
2017-12-13,363.0,374.0
2017-12-14,363.0,374.0
2017-12-15,363.0,374.0
2017-12-16,362.0,373.0
2017-12-17,362.0,372.0
2017-12-18,362.0,373.0
2017-12-19,362.0,373.0
2017-12-20,362.0,373.0
2017-12-21,361.0,373.0
2017-12-22,361.0,372.0
2017-12-23,361.0,372.0
2017-12-24,361.0,372.0
2017-12-25,361.0,372.0
2017-12-26,361.0,372.0
2017-12-27,361.0,372.0
2017-12-28,362.0,372.0
2017-12-29,362.0,372.0
2017-12-30,362.0,372.0
2017-12-31,362.0,371.0
2018-01-01,362.0,371.0
2018-01-02,363.0,372.0
2018-01-03,363.0,373.0
2018-01-04,364.0,373.0
2018-01-05,365.0,374.0
2018-01-06,365.0,375.0
2018-01-07,365.0,374.0
2018-01-08,365.0,374.0
2018-01-09,365.0,375.0
2018-01-10,365.0,375.0
2018-01-11,365.0,374.0
2018-01-12,365.0,374.0
2018-01-13,364.0,374.0
2018-01-14,364.0,373.0
2018-01-15,364.0,372.0
2018-01-16,364.0,372.0
2018-01-17,363.0,372.0
2018-01-18,363.0,372.0
2018-01-19,362.0,372.0
2018-01-20,362.0,371.0
2018-01-21,362.0,371.0
2018-01-22,362.0,371.0
2018-01-23,362.0,372.0
2018-01-24,362.0,372.0
2018-01-25,362.0,372.0
2018-01-26,362.0,372.0
2018-01-27,361.0,372.0
2018-01-28,361.0,371.0
2018-01-29,361.0,371.0
2018-01-30,361.0,372.0
2018-01-31,360.0,372.0
2018-02-01,360.0,372.0
2018-02-02,360.0,371.0
2018-02-03,360.0,371.0
2018-02-04,359.0,370.0
2018-02-05,359.0,370.0
2018-02-06,358.0,370.0
2018-02-07,358.0,370.0
2018-02-08,357.0,369.0
2018-02-09,357.0,369.0
2018-02-10,357.0,369.0
2018-02-11,357.0,368.0
2018-02-12,356.0,369.0
2018-02-13,356.0,369.0
2018-02-14,356.0,369.0
2018-02-15,355.0,368.0
2018-02-16,355.0,368.0
2018-02-17,355.0,368.0
2018-02-18,355.0,367.0
2018-02-19,355.0,367.0
2018-02-20,354.0,367.0
2018-02-21,354.0,366.0
2018-02-22,353.0,365.0
2018-02-23,353.0,365.0
2018-02-24,352.0,364.0
2018-02-25,352.0,364.0
2018-02-26,352.0,364.0
2018-02-27,353.0,365.0
2018-02-28,353.0,366.0
2018-03-01,352.0,367.0
2018-03-02,353.0,367.0
2018-03-03,352.0,366.0
2018-03-04,352.0,365.0
2018-03-05,351.0,365.0
2018-03-06,351.0,365.0
2018-03-07,351.0,366.0
2018-03-08,352.0,366.0
2018-03-09,353.0,366.0
2018-03-10,354.0,367.0
2018-03-11,354.0,366.0
2018-03-12,354.0,367.0
2018-03-13,353.0,367.0
2018-03-14,353.0,366.0
2018-03-15,353.0,367.0
2018-03-16,354.0,367.0
2018-03-17,354.0,368.0
2018-03-18,354.0,367.0
2018-03-19,354.0,367.0
2018-03-20,354.0,368.0
2018-03-21,353.0,368.0
2018-03-22,353.0,367.0
2018-03-23,353.0,367.0
2018-03-24,354.0,367.0
2018-03-25,354.0,367.0
2018-03-26,354.0,368.0
2018-03-27,354.0,368.0
2018-03-28,354.0,368.0
2018-03-29,353.0,366.0
2018-03-30,352.0,365.0
2018-03-31,352.0,364.0
2018-04-01,351.0,362.0
2018-04-02,351.0,362.0
2018-04-03,351.0,363.0
2018-04-04,350.0,363.0
2018-04-05,350.0,363.0
2018-04-06,350.0,363.0
2018-04-07,349.0,362.0
2018-04-08,348.0,361.0
2018-04-09,348.0,360.0
2018-04-10,347.0,360.0
2018-04-11,347.0,360.0
2018-04-12,347.0,360.0
2018-04-13,348.0,360.0
2018-04-14,348.0,360.0
2018-04-15,348.0,360.0
2018-04-16,348.0,360.0
2018-04-17,348.0,360.0
2018-04-18,348.0,361.0
2018-04-19,348.0,361.0
2018-04-20,348.0,361.0
2018-04-21,348.0,360.0
2018-04-22,348.0,360.0
2018-04-23,348.0,360.0
2018-04-24,347.0,360.0
2018-04-25,347.0,360.0
2018-04-26,347.0,360.0
2018-04-27,347.0,360.0
2018-04-28,348.0,361.0
2018-04-29,348.0,361.0
2018-04-30,348.0,361.0
2018-05-01,349.0,362.0
2018-05-02,349.0,362.0
2018-05-03,349.0,363.0
2018-05-04,351.0,364.0
2018-05-05,351.0,364.0
2018-05-06,352.0,364.0
2018-05-07,352.0,365.0
2018-05-08,352.0,366.0
2018-05-09,353.0,367.0
2018-05-10,354.0,367.0
2018-05-11,354.0,367.0
2018-05-12,354.0,367.0
2018-05-13,354.0,366.0
2018-05-14,354.0,367.0
2018-05-15,353.0,367.0
2018-05-16,353.0,367.0
2018-05-17,353.0,367.0
2018-05-18,353.0,367.0
2018-05-19,353.0,366.0
2018-05-20,353.0,366.0
2018-05-21,353.0,366.0
2018-05-22,353.0,366.0
2018-05-23,354.0,367.0
2018-05-24,354.0,367.0
2018-05-25,356.0,368.0
2018-05-26,356.0,369.0
2018-05-27,356.0,368.0
2018-05-28,356.0,368.0
2018-05-29,357.0,369.0
2018-05-30,357.0,370.0
2018-05-31,358.0,370.0
2018-06-01,358.0,371.0
2018-06-02,358.0,370.0
2018-06-03,358.0,370.0
2018-06-04,358.0,370.0
2018-06-05,357.0,370.0
2018-06-06,357.0,370.0
2018-06-07,357.0,369.0
2018-06-08,357.0,369.0
2018-06-09,357.0,368.0
2018-06-10,357.0,368.0
2018-06-11,356.0,368.0
2018-06-12,357.0,368.0
2018-06-13,357.0,369.0
2018-06-14,358.0,369.0
2018-06-15,359.0,370.0
2018-06-16,359.0,371.0
2018-06-17,360.0,370.0
2018-06-18,360.0,371.0
2018-06-19,361.0,372.0
2018-06-20,361.0,373.0
2018-06-21,362.0,374.0
2018-06-22,362.0,375.0
2018-06-23,362.0,375.0
2018-06-24,362.0,374.0
2018-06-25,361.0,373.0
2018-06-26,361.0,373.0
2018-06-27,360.0,373.0
2018-06-28,359.0,373.0
2018-06-29,359.0,372.0
2018-06-30,358.0,371.0
2018-07-01,357.0,369.0
2018-07-02,356.0,369.0
2018-07-03,356.0,370.0
2018-07-04,356.0,370.0
2018-07-05,356.0,370.0
2018-07-06,357.0,371.0
2018-07-07,358.0,371.0
2018-07-08,359.0,372.0
2018-07-09,360.0,373.0
2018-07-10,359.0,373.0
2018-07-11,359.0,373.0
2018-07-12,359.0,373.0
2018-07-13,359.0,373.0
2018-07-14,358.0,372.0
2018-07-15,358.0,371.0
2018-07-16,358.0,371.0
2018-07-17,357.0,371.0
2018-07-18,357.0,371.0
2018-07-19,357.0,371.0
2018-07-20,357.0,371.0
2018-07-21,356.0,370.0
2018-07-22,356.0,369.0
2018-07-23,356.0,368.0
2018-07-24,356.0,369.0
2018-07-25,356.0,370.0
2018-07-26,357.0,371.0
2018-07-27,358.0,372.0
2018-07-28,358.0,372.0
2018-07-29,359.0,372.0
2018-07-30,360.0,373.0
2018-07-31,360.0,374.0
2018-08-01,361.0,375.0
2018-08-02,361.0,375.0
2018-08-03,362.0,376.0
2018-08-04,361.0,376.0
2018-08-05,360.0,374.0
2018-08-06,359.0,373.0
2018-08-07,358.0,373.0
2018-08-08,357.0,372.0
2018-08-09,358.0,372.0
2018-08-10,358.0,373.0
2018-08-11,358.0,373.0
2018-08-12,357.0,372.0
2018-08-13,357.0,372.0
2018-08-14,357.0,372.0
2018-08-15,357.0,372.0
2018-08-16,357.0,372.0
2018-08-17,357.0,373.0
2018-08-18,356.0,373.0
2018-08-19,356.0,371.0
2018-08-20,355.0,370.0
2018-08-21,356.0,371.0
2018-08-22,357.0,372.0
2018-08-23,357.0,372.0
2018-08-24,358.0,373.0
2018-08-25,358.0,373.0
2018-08-26,358.0,372.0
2018-08-27,358.0,372.0
2018-08-28,359.0,374.0
2018-08-29,359.0,374.0
2018-08-30,360.0,375.0
2018-08-31,360.0,375.0
2018-09-01,359.0,375.0
2018-09-02,359.0,374.0
2018-09-03,359.0,373.0
2018-09-04,359.0,373.0
2018-09-05,360.0,374.0
2018-09-06,361.0,375.0
2018-09-07,361.0,376.0
2018-09-08,361.0,375.0
2018-09-09,361.0,374.0
2018-09-10,361.0,374.0
2018-09-11,362.0,375.0
2018-09-12,362.0,375.0
2018-09-13,362.0,376.0
2018-09-14,363.0,376.0
2018-09-15,363.0,376.0
2018-09-16,363.0,376.0
2018-09-17,364.0,376.0
2018-09-18,365.0,378.0
2018-09-19,365.0,379.0
2018-09-20,365.0,379.0
2018-09-21,365.0,378.0
2018-09-22,364.0,378.0
2018-09-23,363.0,376.0
2018-09-24,364.0,376.0
2018-09-25,363.0,377.0
2018-09-26,363.0,377.0
2018-09-27,363.0,376.0
2018-09-28,363.0,376.0
2018-09-29,362.0,375.0
2018-09-30,361.0,373.0
2018-10-01,362.0,373.0
2018-10-02,362.0,374.0
2018-10-03,362.0,374.0
2018-10-04,362.0,375.0
2018-10-05,362.0,376.0
2018-10-06,361.0,375.0
2018-10-07,361.0,374.0
2018-10-08,360.0,373.0
2018-10-09,360.0,373.0
2018-10-10,360.0,374.0
2018-10-11,360.0,374.0
2018-10-12,360.0,374.0
2018-10-13,360.0,374.0
2018-10-14,360.0,373.0
2018-10-15,360.0,373.0
2018-10-16,359.0,373.0
2018-10-17,359.0,373.0
2018-10-18,359.0,372.0
2018-10-19,359.0,373.0
2018-10-20,359.0,373.0
2018-10-21,359.0,372.0
2018-10-22,360.0,373.0
2018-10-23,360.0,374.0
2018-10-24,359.0,374.0
2018-10-25,359.0,374.0
2018-10-26,359.0,374.0
2018-10-27,359.0,373.0
2018-10-28,359.0,373.0
2018-10-29,359.0,373.0
2018-10-30,359.0,374.0
2018-10-31,358.0,374.0
2018-11-01,358.0,374.0
2018-11-02,359.0,374.0
2018-11-03,359.0,374.0
2018-11-04,358.0,372.0
2018-11-05,358.0,372.0
2018-11-06,358.0,372.0
2018-11-07,358.0,373.0
2018-11-08,357.0,373.0
2018-11-09,358.0,373.0
2018-11-10,358.0,373.0
2018-11-11,357.0,372.0
2018-11-12,357.0,372.0
2018-11-13,357.0,372.0
2018-11-14,357.0,372.0
2018-11-15,357.0,372.0
2018-11-16,358.0,373.0
2018-11-17,357.0,373.0
2018-11-18,357.0,371.0
2018-11-19,357.0,371.0
2018-11-20,356.0,371.0
2018-11-21,355.0,370.0
2018-11-22,355.0,369.0
2018-11-23,355.0,369.0
2018-11-24,355.0,368.0
2018-11-25,355.0,368.0
2018-11-26,355.0,368.0
2018-11-27,354.0,368.0
2018-11-28,354.0,367.0
2018-11-29,354.0,367.0
2018-11-30,353.0,366.0
2018-12-01,353.0,366.0
2018-12-02,352.0,364.0
2018-12-03,351.0,363.0
2018-12-04,350.0,363.0
2018-12-05,349.0,362.0
2018-12-06,349.0,362.0
2018-12-07,349.0,362.0
2018-12-08,350.0,362.0
2018-12-09,349.0,361.0
2018-12-10,349.0,360.0
2018-12-11,348.0,361.0
2018-12-12,347.0,361.0
2018-12-13,347.0,360.0
2018-12-14,346.0,359.0
2018-12-15,345.0,358.0
2018-12-16,344.0,357.0
2018-12-17,344.0,356.0
2018-12-18,343.0,356.0
2018-12-19,342.0,356.0
2018-12-20,343.0,356.0
2018-12-21,343.0,357.0
2018-12-22,344.0,357.0
2018-12-23,344.0,357.0
2018-12-24,345.0,358.0
2018-12-25,345.0,358.0
2018-12-26,345.0,358.0
2018-12-27,345.0,359.0
2018-12-28,345.0,359.0
2018-12-29,346.0,358.0
2018-12-30,346.0,359.0
2018-12-31,347.0,359.0
2019-01-01,348.0,360.0
2019-01-02,349.0,361.0
2019-01-03,350.0,363.0
2019-01-04,352.0,364.0
2019-01-05,353.0,365.0
2019-01-06,354.0,365.0
2019-01-07,354.0,366.0
2019-01-08,354.0,366.0
2019-01-09,354.0,367.0
2019-01-10,356.0,367.0
2019-01-11,357.0,369.0
2019-01-12,358.0,370.0
2019-01-13,359.0,370.0
2019-01-14,361.0,371.0
2019-01-15,362.0,373.0
2019-01-16,363.0,375.0
2019-01-17,364.0,376.0
2019-01-18,365.0,377.0
2019-01-19,366.0,377.0
2019-01-20,365.0,377.0
2019-01-21,365.0,376.0
2019-01-22,365.0,376.0
2019-01-23,365.0,377.0
2019-01-24,365.0,378.0
2019-01-25,367.0,379.0
2019-01-26,368.0,380.0
2019-01-27,368.0,380.0
2019-01-28,369.0,381.0
2019-01-29,370.0,383.0
2019-01-30,370.0,383.0
2019-01-31,370.0,384.0
2019-02-01,370.0,384.0
2019-02-02,370.0,384.0
2019-02-03,369.0,383.0
2019-02-04,369.0,383.0
2019-02-05,370.0,384.0
2019-02-06,370.0,385.0
2019-02-07,370.0,385.0
2019-02-08,370.0,385.0
2019-02-09,370.0,385.0
2019-02-10,370.0,384.0
2019-02-11,370.0,384.0
2019-02-12,371.0,385.0
2019-02-13,371.0,386.0
2019-02-14,371.0,386.0
2019-02-15,372.0,386.0
2019-02-16,372.0,387.0
2019-02-17,372.0,386.0
2019-02-18,372.0,385.0
2019-02-19,372.0,386.0
2019-02-20,372.0,387.0
2019-02-21,372.0,387.0
2019-02-22,372.0,387.0
2019-02-23,372.0,387.0
2019-02-24,371.0,385.0
2019-02-25,371.0,385.0
2019-02-26,370.0,385.0
2019-02-27,370.0,384.0
2019-02-28,370.0,384.0
2019-03-01,370.0,384.0
2019-03-02,370.0,384.0
2019-03-03,369.0,383.0
2019-03-04,370.0,383.0
2019-03-05,371.0,385.0
2019-03-06,370.0,385.0
2019-03-07,369.0,384.0
2019-03-08,368.0,384.0
2019-03-09,366.0,382.0
2019-03-10,365.0,380.0
2019-03-11,364.0,379.0
2019-03-12,363.0,379.0
2019-03-13,362.0,377.0
2019-03-14,361.0,376.0
2019-03-15,360.0,376.0
2019-03-16,359.0,375.0
2019-03-17,358.0,373.0
2019-03-18,357.0,372.0
2019-03-19,356.0,372.0
2019-03-20,355.0,371.0
2019-03-21,354.0,370.0
2019-03-22,354.0,370.0
2019-03-23,353.0,370.0
2019-03-24,353.0,368.0
2019-03-25,352.0,367.0
2019-03-26,351.0,367.0
2019-03-27,351.0,367.0
2019-03-28,350.0,366.0
2019-03-29,350.0,366.0
2019-03-30,349.0,365.0
2019-03-31,348.0,364.0
2019-04-01,348.0,363.0
2019-04-02,347.0,363.0
2019-04-03,346.0,362.0
2019-04-04,344.0,360.0
2019-04-05,345.0,360.0
2019-04-06,345.0,360.0
2019-04-07,345.0,359.0
2019-04-08,346.0,360.0
2019-04-09,347.0,361.0
2019-04-10,348.0,362.0
2019-04-11,349.0,363.0
2019-04-12,350.0,364.0
2019-04-13,350.0,364.0
2019-04-14,350.0,364.0
2019-04-15,351.0,364.0
2019-04-16,352.0,365.0
2019-04-17,352.0,366.0
2019-04-18,353.0,366.0
2019-04-19,353.0,367.0
2019-04-20,354.0,368.0
2019-04-21,354.0,367.0
2019-04-22,354.0,367.0
2019-04-23,353.0,368.0
2019-04-24,353.0,368.0
2019-04-25,354.0,368.0
2019-04-26,354.0,369.0
2019-04-27,355.0,370.0
2019-04-28,355.0,369.0
2019-04-29,356.0,369.0
2019-04-30,356.0,371.0
2019-05-01,357.0,372.0
2019-05-02,358.0,373.0
2019-05-03,359.0,373.0
2019-05-04,359.0,374.0
2019-05-05,360.0,373.0
2019-05-06,360.0,374.0
2019-05-07,361.0,375.0
2019-05-08,360.0,375.0
2019-05-09,360.0,375.0
2019-05-10,360.0,376.0
2019-05-11,360.0,375.0
2019-05-12,359.0,374.0
2019-05-13,359.0,373.0
2019-05-14,359.0,374.0
2019-05-15,358.0,374.0
2019-05-16,357.0,373.0
2019-05-17,357.0,373.0
2019-05-18,357.0,372.0
2019-05-19,357.0,371.0
2019-05-20,357.0,371.0
2019-05-21,358.0,372.0
2019-05-22,358.0,373.0
2019-05-23,359.0,374.0
2019-05-24,359.0,375.0
2019-05-25,359.0,374.0
2019-05-26,359.0,374.0
2019-05-27,359.0,373.0
2019-05-28,360.0,373.0
2019-05-29,360.0,374.0
2019-05-30,360.0,374.0
2019-05-31,360.0,375.0
2019-06-01,360.0,374.0
2019-06-02,360.0,373.0
2019-06-03,361.0,374.0
2019-06-04,361.0,375.0
2019-06-05,361.0,375.0
2019-06-06,362.0,376.0
2019-06-07,363.0,377.0
2019-06-08,364.0,377.0
2019-06-09,365.0,377.0
2019-06-10,366.0,378.0
2019-06-11,366.0,379.0
2019-06-12,367.0,380.0
2019-06-13,368.0,380.0
2019-06-14,369.0,381.0
2019-06-15,369.0,382.0
2019-06-16,370.0,381.0
2019-06-17,371.0,382.0
2019-06-18,371.0,383.0
2019-06-19,371.0,384.0
2019-06-20,371.0,384.0
2019-06-21,371.0,384.0
2019-06-22,371.0,383.0
2019-06-23,371.0,382.0
2019-06-24,371.0,382.0
2019-06-25,370.0,383.0
2019-06-26,370.0,384.0
2019-06-27,370.0,384.0
2019-06-28,370.0,385.0
2019-06-29,369.0,384.0
2019-06-30,369.0,382.0
2019-07-01,368.0,382.0
2019-07-02,368.0,382.0
2019-07-03,368.0,383.0
2019-07-04,368.0,382.0
2019-07-05,367.0,381.0
2019-07-06,366.0,380.0
2019-07-07,365.0,379.0
2019-07-08,365.0,378.0
2019-07-09,363.0,378.0
2019-07-10,362.0,377.0
2019-07-11,362.0,376.0
2019-07-12,361.0,376.0
2019-07-13,361.0,375.0
2019-07-14,360.0,374.0
2019-07-15,360.0,373.0
2019-07-16,359.0,373.0
2019-07-17,358.0,373.0
2019-07-18,357.0,372.0
2019-07-19,357.0,372.0
2019-07-20,356.0,371.0
2019-07-21,356.0,370.0
2019-07-22,357.0,370.0
2019-07-23,357.0,371.0
2019-07-24,357.0,371.0
2019-07-25,358.0,371.0
2019-07-26,358.0,372.0
2019-07-27,358.0,372.0
2019-07-28,359.0,371.0
2019-07-29,359.0,371.0
2019-07-30,359.0,372.0
2019-07-31,359.0,373.0
2019-08-01,360.0,372.0
2019-08-02,359.0,373.0
2019-08-03,359.0,372.0
2019-08-04,359.0,372.0
2019-08-05,360.0,372.0
2019-08-06,360.0,373.0
2019-08-07,360.0,373.0
2019-08-08,360.0,373.0
2019-08-09,361.0,374.0
2019-08-10,361.0,373.0
2019-08-11,361.0,373.0
2019-08-12,361.0,373.0
2019-08-13,361.0,373.0
2019-08-14,361.0,374.0
2019-08-15,361.0,374.0
2019-08-16,362.0,375.0
2019-08-17,362.0,374.0
2019-08-18,362.0,374.0
2019-08-19,362.0,373.0
2019-08-20,361.0,374.0
2019-08-21,361.0,374.0
2019-08-22,360.0,373.0
2019-08-23,360.0,373.0
2019-08-24,359.0,372.0
2019-08-25,359.0,370.0
2019-08-26,358.0,370.0
2019-08-27,357.0,369.0
2019-08-28,356.0,368.0
2019-08-29,356.0,367.0
2019-08-30,355.0,367.0
2019-08-31,355.0,367.0
2019-09-01,355.0,366.0
2019-09-02,355.0,365.0
2019-09-03,354.0,365.0
2019-09-04,353.0,365.0
2019-09-05,352.0,363.0
2019-09-06,351.0,363.0
2019-09-07,349.0,361.0
2019-09-08,348.0,359.0
2019-09-09,347.0,358.0
2019-09-10,347.0,358.0
2019-09-11,346.0,358.0
2019-09-12,346.0,358.0
2019-09-13,345.0,357.0
2019-09-14,344.0,356.0
2019-09-15,343.0,354.0
2019-09-16,343.0,354.0
2019-09-17,342.0,354.0
2019-09-18,342.0,354.0
2019-09-19,342.0,354.0
2019-09-20,341.0,354.0
2019-09-21,341.0,353.0
2019-09-22,340.0,352.0
2019-09-23,340.0,352.0
2019-09-24,340.0,353.0
2019-09-25,340.0,353.0
2019-09-26,341.0,354.0
2019-09-27,341.0,355.0
2019-09-28,342.0,355.0
2019-09-29,342.0,355.0
2019-09-30,343.0,355.0
2019-10-01,343.0,356.0
2019-10-02,343.0,357.0
2019-10-03,343.0,357.0
2019-10-04,344.0,358.0
2019-10-05,345.0,359.0
2019-10-06,346.0,359.0
2019-10-07,347.0,360.0
2019-10-08,349.0,362.0
2019-10-09,349.0,364.0
2019-10-10,350.0,364.0
2019-10-11,350.0,365.0
2019-10-12,350.0,364.0
2019-10-13,351.0,364.0
2019-10-14,351.0,364.0
2019-10-15,351.0,365.0
2019-10-16,351.0,366.0
2019-10-17,351.0,365.0
2019-10-18,350.0,365.0
2019-10-19,350.0,364.0
2019-10-20,350.0,363.0
2019-10-21,349.0,363.0
2019-10-22,349.0,363.0
2019-10-23,348.0,362.0
2019-10-24,347.0,361.0
2019-10-25,346.0,360.0
2019-10-26,344.0,358.0
2019-10-27,343.0,356.0
2019-10-28,342.0,355.0
2019-10-29,341.0,354.0
2019-10-30,339.0,353.0
2019-10-31,338.0,352.0
2019-11-01,336.0,351.0
2019-11-02,335.0,349.0
2019-11-03,334.0,347.0
2019-11-04,332.0,346.0
2019-11-05,331.0,345.0
2019-11-06,330.0,345.0
2019-11-07,329.0,344.0
2019-11-08,329.0,344.0
2019-11-09,328.0,342.0
2019-11-10,327.0,341.0
2019-11-11,327.0,340.0
2019-11-12,326.0,340.0
2019-11-13,325.0,339.0
2019-11-14,324.0,339.0
2019-11-15,323.0,338.0
2019-11-16,323.0,337.0
2019-11-17,322.0,336.0
2019-11-18,321.0,335.0
2019-11-19,321.0,335.0
2019-11-20,320.0,334.0
2019-11-21,319.0,333.0
2019-11-22,319.0,333.0
2019-11-23,318.0,332.0
2019-11-24,318.0,330.0
2019-11-25,317.0,330.0
2019-11-26,317.0,331.0
2019-11-27,317.0,331.0
2019-11-28,318.0,331.0
2019-11-29,317.0,331.0
2019-11-30,317.0,330.0
2019-12-01,317.0,329.0
2019-12-02,317.0,329.0
2019-12-03,317.0,329.0
2019-12-04,317.0,330.0
2019-12-05,317.0,330.0
2019-12-06,316.0,329.0
2019-12-07,315.0,328.0
2019-12-08,315.0,326.0
2019-12-09,314.0,326.0
2019-12-10,313.0,326.0
2019-12-11,312.0,325.0
2019-12-12,312.0,325.0
2019-12-13,312.0,324.0
2019-12-14,311.0,324.0
2019-12-15,312.0,323.0
2019-12-16,312.0,323.0
2019-12-17,312.0,324.0
2019-12-18,311.0,324.0
2019-12-19,312.0,323.0
2019-12-20,312.0,324.0
2019-12-21,312.0,324.0
2019-12-22,313.0,324.0
2019-12-23,314.0,325.0
2019-12-24,314.0,326.0
2019-12-25,315.0,327.0
2019-12-26,315.0,327.0
2019-12-27,316.0,327.0
2019-12-28,315.0,327.0
2019-12-29,316.0,327.0
2019-12-30,316.0,327.0
2019-12-31,317.0,328.0
2020-01-01,317.0,329.0
2020-01-02,318.0,329.0
2020-01-03,318.0,330.0
2020-01-04,319.0,330.0
2020-01-05,320.0,330.0
2020-01-06,322.0,331.0
2020-01-07,323.0,333.0
2020-01-08,324.0,335.0
2020-01-09,324.0,335.0
2020-01-10,325.0,336.0
2020-01-11,326.0,336.0
2020-01-12,326.0,336.0
2020-01-13,327.0,337.0
2020-01-14,328.0,338.0
2020-01-15,329.0,340.0
2020-01-16,330.0,341.0
2020-01-17,331.0,342.0
2020-01-18,333.0,343.0
2020-01-19,334.0,343.0
2020-01-20,334.0,344.0
2020-01-21,335.0,345.0
2020-01-22,335.0,346.0
2020-01-23,336.0,347.0
2020-01-24,336.0,349.0
2020-01-25,337.0,349.0
2020-01-26,338.0,349.0
2020-01-27,339.0,350.0
2020-01-28,339.0,351.0
2020-01-29,340.0,352.0
2020-01-30,340.0,353.0
2020-01-31,340.0,354.0
2020-02-01,341.0,354.0
2020-02-02,341.0,353.0
2020-02-03,341.0,354.0
2020-02-04,341.0,354.0
2020-02-05,340.0,354.0
2020-02-06,340.0,353.0
2020-02-07,340.0,353.0
2020-02-08,340.0,353.0
2020-02-09,341.0,353.0
2020-02-10,342.0,353.0
2020-02-11,342.0,354.0
2020-02-12,341.0,354.0
2020-02-13,341.0,354.0
2020-02-14,340.0,353.0
2020-02-15,340.0,353.0
2020-02-16,340.0,352.0
2020-02-17,340.0,351.0
2020-02-18,339.0,352.0
2020-02-19,338.0,351.0
2020-02-20,337.0,350.0
2020-02-21,336.0,349.0
2020-02-22,335.0,347.0
2020-02-23,334.0,345.0
2020-02-24,333.0,344.0
2020-02-25,332.0,343.0
2020-02-26,330.0,342.0
2020-02-27,329.0,341.0
2020-02-28,328.0,340.0
2020-02-29,327.0,338.0
2020-03-01,326.0,337.0
2020-03-02,326.0,336.0
2020-03-03,324.0,335.0
2020-03-04,324.0,335.0
2020-03-05,323.0,334.0
2020-03-06,322.0,334.0
2020-03-07,322.0,333.0
2020-03-08,322.0,332.0
2020-03-09,321.0,332.0
2020-03-10,320.0,331.0
2020-03-11,319.0,331.0
2020-03-12,319.0,331.0
2020-03-13,319.0,330.0
2020-03-14,318.0,330.0
2020-03-15,318.0,329.0
2020-03-16,318.0,329.0
2020-03-17,317.0,329.0
2020-03-18,316.0,328.0
2020-03-19,315.0,327.0
2020-03-20,314.0,326.0
2020-03-21,314.0,325.0
2020-03-22,313.0,324.0
2020-03-23,313.0,323.0
2020-03-24,312.0,323.0
2020-03-25,311.0,322.0
2020-03-26,311.0,322.0
2020-03-27,310.0,321.0
2020-03-28,310.0,320.0
2020-03-29,310.0,319.0
2020-03-30,309.0,319.0
2020-03-31,308.0,319.0
2020-04-01,307.0,318.0
2020-04-02,306.0,317.0
2020-04-03,304.0,316.0
2020-04-04,303.0,313.0
2020-04-05,301.0,311.0
2020-04-06,299.0,309.0
2020-04-07,298.0,308.0
2020-04-08,297.0,307.0
2020-04-09,296.0,306.0
2020-04-10,295.0,306.0
2020-04-11,294.0,304.0
2020-04-12,293.0,303.0
2020-04-13,292.0,302.0
2020-04-14,291.0,301.0
2020-04-15,290.0,300.0
2020-04-16,290.0,299.0
2020-04-17,289.0,298.0
2020-04-18,289.0,297.0
2020-04-19,289.0,296.0
2020-04-20,288.0,296.0
2020-04-21,288.0,296.0
2020-04-22,287.0,296.0
2020-04-23,287.0,295.0
2020-04-24,286.0,295.0
2020-04-25,285.0,293.0
2020-04-26,284.0,292.0
2020-04-27,283.0,291.0
2020-04-28,281.0,290.0
2020-04-29,279.0,288.0
2020-04-30,278.0,286.0
2020-05-01,276.0,285.0
2020-05-02,274.0,282.0
2020-05-03,273.0,281.0
2020-05-04,272.0,279.0
2020-05-05,270.0,278.0
2020-05-06,268.0,276.0
2020-05-07,265.0,274.0
2020-05-08,262.0,271.0
2020-05-09,258.0,266.0
2020-05-10,254.0,262.0
2020-05-11,251.0,259.0
2020-05-12,247.0,255.0
2020-05-13,243.0,251.0
2020-05-14,239.0,248.0
2020-05-15,236.0,244.0
2020-05-16,232.0,240.0
2020-05-17,229.0,236.0
2020-05-18,225.0,233.0
2020-05-19,222.0,230.0
2020-05-20,218.0,227.0
2020-05-21,215.0,223.0
2020-05-22,211.0,219.0
2020-05-23,207.0,215.0
2020-05-24,204.0,211.0
2020-05-25,200.0,208.0
2020-05-26,197.0,205.0
2020-05-27,193.0,201.0
2020-05-28,191.0,198.0
2020-05-29,188.0,195.0
2020-05-30,185.0,191.0
2020-05-31,182.0,188.0
2020-06-01,180.0,186.0
2020-06-02,177.0,184.0
2020-06-03,174.0,181.0
2020-06-04,172.0,178.0
2020-06-05,169.0,176.0
2020-06-06,167.0,173.0
2020-06-07,165.0,170.0
2020-06-08,163.0,169.0
2020-06-09,162.0,167.0
2020-06-10,160.0,165.0
2020-06-11,158.0,163.0
2020-06-12,156.0,161.0
2020-06-13,153.0,159.0
2020-06-14,151.0,157.0
2020-06-15,149.0,155.0
2020-06-16,147.0,153.0
2020-06-17,145.0,151.0
2020-06-18,143.0,148.0
2020-06-19,141.0,146.0
2020-06-20,139.0,144.0
2020-06-21,138.0,142.0
2020-06-22,136.0,141.0
2020-06-23,135.0,139.0
2020-06-24,133.0,138.0
2020-06-25,132.0,137.0
2020-06-26,130.0,135.0
2020-06-27,129.0,133.0
2020-06-28,128.0,132.0
2020-06-29,127.0,131.0
2020-06-30,126.0,130.0
2020-07-01,125.0,129.0
2020-07-02,124.0,128.0
2020-07-03,123.0,127.0
2020-07-04,122.0,126.0
2020-07-05,122.0,125.0
2020-07-06,121.0,125.0
2020-07-07,121.0,124.0
2020-07-08,120.0,124.0
2020-07-09,120.0,123.0
2020-07-10,119.0,123.0
2020-07-11,119.0,122.0
2020-07-12,119.0,121.0
2020-07-13,119.0,121.0
2020-07-14,119.0,121.0
2020-07-15,119.0,122.0
2020-07-16,119.0,121.0
2020-07-17,118.0,121.0
2020-07-18,119.0,121.0
2020-07-19,119.0,121.0
2020-07-20,119.0,121.0
2020-07-21,119.0,121.0
2020-07-22,119.0,121.0
2020-07-23,119.0,121.0
2020-07-24,118.0,121.0
2020-07-25,118.0,120.0
2020-07-26,118.0,120.0
2020-07-27,118.0,120.0
2020-07-28,118.0,120.0
2020-07-29,119.0,121.0
2020-07-30,119.0,121.0
2020-07-31,119.0,121.0
2020-08-01,119.0,121.0
2020-08-02,119.0,121.0
2020-08-03,119.0,121.0
2020-08-04,119.0,121.0
2020-08-05,118.0,120.0
2020-08-06,118.0,120.0
2020-08-07,118.0,120.0
2020-08-08,117.0,119.0
2020-08-09,117.0,119.0
2020-08-10,117.0,119.0
2020-08-11,117.0,119.0
2020-08-12,116.0,118.0
2020-08-13,116.0,118.0
2020-08-14,115.0,117.0
2020-08-15,114.0,116.0
2020-08-16,114.0,115.0
2020-08-17,113.0,115.0
2020-08-18,112.0,114.0
2020-08-19,111.0,113.0
2020-08-20,110.0,112.0
2020-08-21,110.0,111.0
2020-08-22,109.0,111.0
2020-08-23,108.0,110.0
2020-08-24,108.0,109.0
2020-08-25,107.0,108.0
2020-08-26,106.0,107.0
2020-08-27,105.0,106.0
2020-08-28,104.0,105.0
2020-08-29,103.0,104.0
2020-08-30,102.0,103.0
2020-08-31,101.0,102.0
2020-09-01,99.0,101.0
2020-09-02,98.0,99.0
2020-09-03,98.0,98.0
2020-09-04,96.0,98.0
2020-09-05,95.0,96.0
2020-09-06,94.0,95.0
2020-09-07,93.0,94.0
2020-09-08,92.0,93.0
2020-09-09,90.0,92.0
2020-09-10,89.0,90.0
2020-09-11,87.0,89.0
2020-09-12,86.0,87.0
2020-09-13,85.0,86.0
2020-09-14,84.0,85.0
2020-09-15,82.0,84.0
2020-09-16,81.0,82.0
2020-09-17,80.0,81.0
2020-09-18,79.0,80.0
2020-09-19,77.0,79.0
2020-09-20,76.0,77.0
2020-09-21,75.0,76.0
2020-09-22,73.0,75.0
2020-09-23,72.0,73.0
2020-09-24,71.0,72.0
2020-09-25,69.0,71.0
2020-09-26,68.0,69.0
2020-09-27,67.0,68.0
2020-09-28,65.0,67.0
2020-09-29,64.0,65.0
2020-09-30,62.0,64.0
2020-10-01,61.0,62.0
2020-10-02,60.0,61.0
2020-10-03,59.0,60.0
2020-10-04,58.0,59.0
2020-10-05,57.0,58.0
2020-10-06,57.0,57.0
2020-10-07,56.0,57.0
2020-10-08,55.0,56.0
2020-10-09,54.0,55.0
2020-10-10,54.0,54.0
2020-10-11,54.0,54.0
2020-10-12,53.0,54.0
2020-10-13,53.0,53.0
2020-10-14,52.0,53.0
2020-10-15,52.0,52.0
2020-10-16,52.0,52.0
2020-10-17,51.0,52.0
2020-10-18,51.0,51.0
2020-10-19,51.0,51.0
2020-10-20,50.0,51.0
2020-10-21,50.0,50.0
2020-10-22,49.0,50.0
2020-10-23,49.0,49.0
2020-10-24,49.0,49.0
2020-10-25,48.0,49.0
2020-10-26,48.0,48.0
2020-10-27,48.0,48.0
2020-10-28,48.0,48.0
2020-10-29,47.0,48.0
2020-10-30,47.0,47.0
2020-10-31,47.0,47.0
2020-11-01,46.0,47.0
2020-11-02,46.0,46.0
2020-11-03,46.0,46.0
2020-11-04,46.0,46.0
2020-11-05,45.0,46.0
2020-11-06,45.0,45.0
2020-11-07,45.0,45.0
2020-11-08,44.0,45.0
2020-11-09,44.0,44.0
2020-11-10,44.0,44.0
2020-11-11,44.0,44.0
2020-11-12,43.0,44.0
2020-11-13,43.0,43.0
2020-11-14,43.0,43.0
2020-11-15,43.0,43.0
2020-11-16,43.0,43.0
2020-11-17,42.0,43.0
2020-11-18,42.0,42.0
2020-11-19,42.0,42.0
2020-11-20,42.0,42.0
2020-11-21,42.0,42.0
2020-11-22,42.0,42.0
2020-11-23,41.0,42.0
2020-11-24,41.0,41.0
2020-11-25,41.0,41.0
2020-11-26,41.0,41.0
2020-11-27,41.0,41.0
2020-11-28,41.0,41.0
2020-11-29,41.0,41.0
2020-11-30,40.0,41.0
2020-12-01,40.0,40.0
2020-12-02,40.0,40.0
2020-12-03,40.0,40.0
2020-12-04,40.0,40.0
2020-12-05,40.0,40.0
2020-12-06,40.0,40.0
2020-12-07,40.0,40.0
2020-12-08,40.0,40.0
2020-12-09,40.0,40.0
2020-12-10,40.0,40.0
2020-12-11,40.0,40.0
2020-12-12,40.0,40.0
2020-12-13,39.0,40.0
2020-12-14,39.0,39.0
2020-12-15,39.0,39.0
2020-12-16,39.0,39.0
2020-12-17,39.0,39.0
2020-12-18,39.0,39.0
2020-12-19,39.0,39.0
2020-12-20,39.0,39.0
2020-12-21,39.0,39.0
2020-12-22,39.0,39.0
2020-12-23,39.0,39.0
2020-12-24,39.0,39.0
2020-12-25,39.0,39.0
2020-12-26,39.0,39.0
2020-12-27,38.0,39.0
2020-12-28,38.0,38.0
2020-12-29,38.0,38.0
2020-12-30,38.0,38.0
2020-12-31,38.0,38.0
2021-01-01,38.0,38.0
2021-01-02,38.0,38.0
2021-01-03,38.0,38.0
2021-01-04,38.0,38.0
2021-01-05,38.0,38.0
2021-01-06,38.0,38.0
2021-01-07,38.0,38.0
2021-01-08,38.0,38.0
2021-01-09,37.0,38.0
2021-01-10,37.0,37.0
2021-01-11,37.0,37.0
2021-01-12,37.0,37.0
2021-01-13,37.0,37.0
2021-01-14,37.0,37.0
2021-01-15,37.0,37.0
2021-01-16,37.0,37.0
2021-01-17,37.0,37.0
2021-01-18,37.0,37.0
2021-01-19,37.0,37.0
2021-01-20,37.0,37.0
2021-01-21,36.0,37.0
2021-01-22,36.0,36.0
2021-01-23,36.0,36.0
2021-01-24,36.0,36.0
2021-01-25,36.0,36.0
2021-01-26,36.0,36.0
2021-01-27,36.0,36.0
2021-01-28,36.0,36.0
2021-01-29,36.0,36.0
2021-01-30,36.0,36.0
2021-01-31,36.0,36.0
2021-02-01,36.0,36.0
2021-02-02,36.0,36.0
2021-02-03,36.0,36.0
2021-02-04,36.0,36.0
2021-02-05,36.0,36.0
2021-02-06,36.0,36.0
2021-02-07,35.0,36.0
2021-02-08,35.0,35.0
2021-02-09,35.0,35.0
2021-02-10,35.0,35.0
2021-02-11,35.0,35.0
2021-02-12,35.0,35.0
2021-02-13,35.0,35.0
2021-02-14,35.0,35.0
2021-02-15,35.0,35.0
2021-02-16,35.0,35.0
2021-02-17,35.0,35.0
2021-02-18,35.0,35.0
2021-02-19,35.0,35.0
2021-02-20,35.0,35.0
2021-02-21,35.0,35.0
2021-02-22,34.0,35.0
2021-02-23,34.0,34.0
2021-02-24,34.0,34.0
2021-02-25,34.0,34.0
2021-02-26,34.0,34.0
2021-02-27,34.0,34.0
2021-02-28,34.0,34.0
2021-03-01,34.0,34.0
2021-03-02,34.0,34.0
2021-03-03,34.0,34.0
2021-03-04,34.0,34.0
2021-03-05,34.0,34.0
2021-03-06,34.0,34.0
2021-03-07,34.0,34.0
2021-03-08,34.0,34.0
2021-03-09,34.0,34.0
2021-03-10,34.0,34.0
2021-03-11,34.0,34.0
2021-03-12,34.0,34.0
2021-03-13,34.0,34.0
2021-03-14,34.0,34.0
2021-03-15,34.0,34.0
2021-03-16,34.0,34.0
2021-03-17,34.0,34.0
2021-03-18,34.0,34.0
2021-03-19,34.0,34.0
2021-03-20,34.0,34.0
2021-03-21,34.0,34.0
2021-03-22,34.0,34.0
2021-03-23,34.0,34.0
2021-03-24,34.0,34.0
2021-03-25,34.0,34.0
2021-03-26,34.0,34.0
2021-03-27,33.0,34.0
2021-03-28,33.0,33.0
2021-03-29,33.0,33.0
2021-03-30,33.0,33.0
2021-03-31,33.0,33.0
2021-04-01,33.0,33.0
2021-04-02,33.0,33.0
2021-04-03,33.0,33.0
2021-04-04,33.0,33.0
2021-04-05,33.0,33.0
2021-04-06,33.0,33.0
2021-04-07,32.0,33.0
2021-04-08,32.0,32.0
2021-04-09,32.0,32.0
2021-04-10,32.0,32.0
2021-04-11,32.0,32.0
2021-04-12,32.0,32.0
2021-04-13,32.0,32.0
2021-04-14,32.0,32.0
2021-04-15,32.0,32.0
2021-04-16,32.0,32.0
2021-04-17,32.0,32.0
2021-04-18,31.0,32.0
2021-04-19,31.0,31.0
2021-04-20,31.0,31.0
2021-04-21,31.0,31.0
2021-04-22,31.0,31.0
2021-04-23,31.0,31.0
2021-04-24,31.0,31.0
2021-04-25,31.0,31.0
2021-04-26,31.0,31.0
2021-04-27,31.0,31.0
2021-04-28,31.0,31.0
2021-04-29,31.0,31.0
2021-04-30,31.0,31.0
2021-05-01,31.0,31.0
2021-05-02,31.0,31.0
2021-05-03,31.0,31.0
2021-05-04,30.0,31.0
2021-05-05,30.0,30.0
2021-05-06,30.0,30.0
2021-05-07,30.0,30.0
2021-05-08,30.0,30.0
2021-05-09,30.0,30.0
2021-05-10,30.0,30.0
2021-05-11,30.0,30.0
2021-05-12,30.0,30.0
2021-05-13,30.0,30.0
2021-05-14,30.0,30.0
2021-05-15,30.0,30.0
2021-05-16,30.0,30.0
2021-05-17,30.0,30.0
2021-05-18,30.0,30.0
2021-05-19,29.0,30.0
2021-05-20,29.0,29.0
2021-05-21,29.0,29.0
2021-05-22,29.0,29.0
2021-05-23,29.0,29.0
2021-05-24,29.0,29.0
2021-05-25,29.0,29.0
2021-05-26,29.0,29.0
2021-05-27,29.0,29.0
2021-05-28,29.0,29.0
2021-05-29,29.0,29.0
2021-05-30,29.0,29.0
2021-05-31,29.0,29.0
2021-06-01,29.0,29.0
2021-06-02,29.0,29.0
2021-06-03,29.0,29.0
2021-06-04,28.0,29.0
2021-06-05,28.0,28.0
2021-06-06,28.0,28.0
2021-06-07,28.0,28.0
2021-06-08,28.0,28.0
2021-06-09,28.0,28.0
2021-06-10,28.0,28.0
2021-06-11,28.0,28.0
2021-06-12,27.0,28.0
2021-06-13,27.0,27.0
2021-06-14,27.0,27.0
2021-06-15,27.0,27.0
2021-06-16,27.0,27.0
2021-06-17,27.0,27.0
2021-06-18,27.0,27.0
2021-06-19,27.0,27.0
2021-06-20,26.0,27.0
2021-06-21,26.0,26.0
2021-06-22,26.0,26.0
2021-06-23,26.0,26.0
2021-06-24,26.0,26.0
2021-06-25,26.0,26.0
2021-06-26,25.0,26.0
2021-06-27,25.0,25.0
2021-06-28,25.0,25.0
2021-06-29,25.0,25.0
2021-06-30,25.0,25.0
2021-07-01,25.0,25.0
2021-07-02,24.0,25.0
2021-07-03,24.0,24.0
2021-07-04,24.0,24.0
2021-07-05,24.0,24.0
2021-07-06,24.0,24.0
2021-07-07,24.0,24.0
2021-07-08,24.0,24.0
2021-07-09,24.0,24.0
2021-07-10,24.0,24.0
2021-07-11,24.0,24.0
2021-07-12,24.0,24.0
2021-07-13,24.0,24.0
2021-07-14,24.0,24.0
2021-07-15,24.0,24.0
2021-07-16,24.0,24.0
2021-07-17,23.0,24.0
2021-07-18,23.0,24.0
2021-07-19,23.0,24.0
2021-07-20,23.0,23.0
2021-07-21,23.0,23.0
2021-07-22,23.0,23.0
2021-07-23,23.0,23.0
2021-07-24,23.0,23.0
2021-07-25,23.0,23.0
2021-07-26,23.0,23.0
2021-07-27,23.0,23.0
2021-07-28,23.0,23.0
2021-07-29,23.0,23.0
2021-07-30,23.0,23.0
2021-07-31,23.0,23.0
2021-08-01,23.0,23.0
2021-08-02,23.0,23.0
2021-08-03,23.0,23.0
2021-08-04,23.0,23.0
2021-08-05,23.0,23.0
2021-08-06,23.0,23.0
2021-08-07,23.0,23.0
2021-08-08,23.0,23.0
2021-08-09,23.0,23.0
2021-08-10,23.0,23.0
2021-08-11,23.0,23.0
2021-08-12,22.0,23.0
2021-08-13,22.0,22.0
2021-08-14,22.0,22.0
2021-08-15,22.0,22.0
2021-08-16,22.0,22.0
2021-08-17,22.0,22.0
2021-08-18,22.0,22.0
2021-08-19,22.0,22.0
2021-08-20,22.0,22.0
2021-08-21,21.0,22.0
2021-08-22,21.0,21.0
2021-08-23,21.0,21.0
2021-08-24,21.0,21.0
2021-08-25,21.0,21.0
2021-08-26,21.0,21.0
2021-08-27,21.0,21.0
2021-08-28,21.0,21.0
2021-08-29,21.0,21.0
2021-08-30,20.0,21.0
2021-08-31,20.0,20.0
2021-09-01,20.0,20.0
2021-09-02,20.0,20.0
2021-09-03,20.0,20.0
2021-09-04,20.0,20.0
2021-09-05,20.0,20.0
2021-09-06,20.0,20.0
2021-09-07,20.0,20.0
2021-09-08,20.0,20.0
2021-09-09,21.0,21.0
2021-09-10,22.0,22.0
2021-09-11,22.0,22.0
2021-09-12,22.0,22.0
2021-09-13,23.0,23.0
2021-09-14,24.0,24.0
2021-09-15,24.0,24.0
2021-09-16,24.0,24.0
2021-09-17,25.0,25.0
2021-09-18,26.0,26.0
2021-09-19,26.0,26.0
2021-09-20,26.0,26.0
2021-09-21,27.0,27.0
2021-09-22,28.0,28.0
2021-09-23,28.0,28.0
2021-09-24,29.0,29.0
2021-09-25,30.0,30.0
2021-09-26,31.0,31.0
2021-09-27,32.0,32.0
2021-09-28,34.0,34.0
2021-09-29,35.0,35.0
2021-09-30,36.0,36.0
2021-10-01,37.0,37.0
2021-10-02,38.0,38.0
2021-10-03,39.0,39.0
2021-10-04,40.0,40.0
2021-10-05,41.0,41.0
2021-10-06,42.0,42.0
2021-10-07,43.0,43.0
2021-10-08,44.0,44.0
2021-10-09,44.0,45.0
2021-10-10,45.0,45.0
2021-10-11,45.0,46.0
2021-10-12,46.0,46.0
2021-10-13,47.0,47.0
2021-10-14,47.0,47.0
2021-10-15,48.0,48.0
2021-10-16,48.0,48.0
2021-10-17,49.0,49.0
2021-10-18,49.0,49.0
2021-10-19,50.0,50.0
2021-10-20,50.0,50.0
2021-10-21,51.0,51.0
2021-10-22,51.0,51.0
2021-10-23,52.0,52.0
2021-10-24,52.0,52.0
2021-10-25,52.0,52.0
2021-10-26,51.0,52.0
2021-10-27,51.0,51.0
2021-10-28,51.0,51.0
2021-10-29,51.0,51.0
2021-10-30,50.0,51.0
2021-10-31,50.0,50.0
2021-11-01,50.0,50.0
2021-11-02,50.0,50.0
2021-11-03,49.0,50.0
2021-11-04,49.0,49.0
2021-11-05,49.0,49.0
2021-11-06,48.0,49.0
2021-11-07,48.0,48.0
2021-11-08,48.0,48.0
2021-11-09,47.0,48.0
2021-11-10,47.0,47.0
2021-11-11,47.0,47.0
2021-11-12,46.0,47.0
2021-11-13,46.0,46.0
2021-11-14,46.0,46.0
2021-11-15,45.0,46.0
2021-11-16,45.0,45.0
2021-11-17,45.0,45.0
2021-11-18,44.0,45.0
2021-11-19,44.0,44.0
2021-11-20,44.0,44.0
2021-11-21,43.0,44.0
2021-11-22,44.0,44.0
2021-11-23,44.0,44.0
2021-11-24,44.0,44.0
2021-11-25,45.0,45.0
2021-11-26,45.0,45.0
2021-11-27,45.0,45.0
2021-11-28,46.0,46.0
2021-11-29,46.0,46.0
2021-11-30,46.0,47.0
2021-12-01,47.0,47.0
2021-12-02,47.0,48.0
2021-12-03,48.0,48.0
2021-12-04,48.0,48.0
2021-12-05,49.0,49.0
2021-12-06,49.0,49.0
2021-12-07,50.0,50.0
2021-12-08,50.0,50.0
2021-12-09,51.0,51.0
2021-12-10,51.0,51.0
2021-12-11,51.0,52.0
2021-12-12,52.0,52.0
2021-12-13,52.0,52.0
2021-12-14,52.0,53.0
2021-12-15,52.0,53.0
2021-12-16,53.0,53.0
2021-12-17,53.0,53.0
2021-12-18,53.0,54.0
2021-12-19,53.0,54.0
2021-12-20,53.0,54.0
2021-12-21,54.0,54.0
2021-12-22,53.0,54.0
2021-12-23,53.0,53.0
2021-12-24,52.0,53.0
2021-12-25,52.0,52.0
2021-12-26,52.0,52.0
2021-12-27,51.0,52.0
2021-12-28,51.0,51.0
2021-12-29,50.0,51.0
2021-12-30,50.0,50.0
2021-12-31,49.0,50.0
2022-01-01,49.0,49.0
2022-01-02,48.0,49.0
2022-01-03,48.0,48.0
2022-01-04,48.0,49.0
2022-01-05,48.0,49.0
2022-01-06,48.0,49.0
2022-01-07,49.0,49.0
2022-01-08,49.0,49.0
2022-01-09,49.0,50.0
2022-01-10,50.0,50.0
2022-01-11,50.0,50.0
2022-01-12,50.0,51.0
2022-01-13,51.0,51.0
2022-01-14,51.0,51.0
2022-01-15,51.0,52.0
2022-01-16,51.0,52.0
2022-01-17,52.0,52.0
2022-01-18,52.0,52.0
2022-01-19,52.0,53.0
2022-01-20,53.0,53.0
2022-01-21,53.0,53.0
2022-01-22,53.0,54.0
2022-01-23,54.0,54.0
2022-01-24,54.0,54.0
2022-01-25,54.0,55.0
2022-01-26,55.0,55.0
2022-01-27,55.0,55.0
2022-01-28,55.0,56.0
2022-01-29,56.0,56.0
2022-01-30,56.0,56.0
2022-01-31,56.0,57.0
2022-02-01,57.0,57.0
2022-02-02,57.0,57.0
2022-02-03,57.0,57.0
2022-02-04,56.0,57.0
2022-02-05,56.0,56.0
2022-02-06,55.0,56.0
2022-02-07,55.0,55.0
2022-02-08,54.0,55.0
2022-02-09,54.0,54.0
2022-02-10,54.0,54.0
2022-02-11,53.0,54.0
2022-02-12,53.0,53.0
2022-02-13,52.0,53.0
2022-02-14,52.0,52.0
2022-02-15,52.0,52.0
2022-02-16,52.0,52.0
2022-02-17,51.0,52.0
2022-02-18,51.0,51.0
2022-02-19,51.0,51.0
2022-02-20,50.0,51.0
2022-02-21,50.0,50.0
2022-02-22,49.0,50.0
2022-02-23,49.0,49.0
2022-02-24,49.0,49.0
2022-02-25,48.0,49.0
2022-02-26,48.0,48.0
2022-02-27,48.0,48.0
2022-02-28,47.0,48.0
2022-03-01,47.0,47.0
2022-03-02,47.0,47.0
2022-03-03,46.0,47.0
2022-03-04,46.0,46.0
2022-03-05,46.0,46.0
2022-03-06,45.0,46.0
2022-03-07,45.0,45.0
2022-03-08,45.0,45.0
2022-03-09,45.0,45.0
2022-03-10,44.0,45.0
2022-03-11,44.0,44.0
2022-03-12,44.0,44.0
2022-03-13,44.0,44.0
2022-03-14,44.0,44.0
2022-03-15,44.0,44.0
2022-03-16,43.0,44.0
2022-03-17,43.0,43.0
2022-03-18,43.0,43.0
2022-03-19,43.0,43.0
2022-03-20,43.0,43.0
2022-03-21,43.0,43.0
2022-03-22,42.0,43.0
2022-03-23,42.0,42.0
2022-03-24,42.0,42.0
2022-03-25,42.0,42.0
2022-03-26,42.0,42.0
2022-03-27,42.0,42.0
2022-03-28,42.0,42.0
2022-03-29,42.0,42.0
2022-03-30,42.0,42.0
2022-03-31,42.0,42.0
2022-04-01,41.0,42.0
2022-04-02,41.0,41.0
2022-04-03,41.0,41.0
2022-04-04,41.0,41.0
2022-04-05,41.0,41.0
2022-04-06,41.0,41.0
2022-04-07,41.0,41.0
2022-04-08,41.0,41.0
2022-04-09,41.0,41.0
2022-04-10,41.0,41.0
2022-04-11,41.0,41.0
2022-04-12,41.0,41.0
2022-04-13,41.0,41.0
2022-04-14,41.0,41.0
2022-04-15,41.0,41.0
2022-04-16,41.0,41.0
2022-04-17,41.0,41.0
2022-04-18,41.0,41.0
2022-04-19,41.0,41.0
2022-04-20,41.0,41.0
2022-04-21,41.0,41.0
2022-04-22,41.0,41.0
2022-04-23,41.0,41.0
2022-04-24,41.0,41.0
2022-04-25,41.0,41.0
2022-04-26,41.0,41.0
2022-04-27,42.0,42.0
2022-04-28,43.0,43.0
2022-04-29,43.0,43.0
2022-04-30,44.0,44.0
2022-05-01,44.0,45.0
2022-05-02,45.0,45.0
2022-05-03,45.0,46.0
2022-05-04,46.0,46.0
2022-05-05,46.0,47.0
2022-05-06,47.0,47.0
2022-05-07,48.0,48.0
2022-05-08,48.0,48.0
2022-05-09,49.0,49.0
2022-05-10,49.0,49.0
2022-05-11,50.0,50.0
2022-05-12,50.0,50.0
2022-05-13,50.0,51.0
2022-05-14,51.0,51.0
2022-05-15,51.0,52.0
2022-05-16,52.0,52.0
2022-05-17,52.0,53.0
2022-05-18,53.0,53.0
2022-05-19,53.0,54.0
2022-05-20,54.0,54.0
2022-05-21,54.0,55.0
2022-05-22,55.0,55.0
2022-05-23,56.0,56.0
2022-05-24,56.0,56.0
2022-05-25,56.0,57.0
2022-05-26,56.0,56.0
2022-05-27,56.0,56.0
2022-05-28,56.0,56.0
2022-05-29,55.0,56.0
2022-05-30,55.0,55.0
2022-05-31,55.0,55.0
2022-06-01,55.0,55.0
2022-06-02,54.0,55.0
2022-06-03,54.0,54.0
2022-06-04,54.0,54.0
2022-06-05,54.0,54.0
2022-06-06,53.0,54.0
2022-06-07,53.0,53.0
2022-06-08,53.0,53.0
2022-06-09,52.0,53.0
2022-06-10,52.0,52.0
2022-06-11,52.0,52.0
2022-06-12,51.0,52.0
2022-06-13,51.0,51.0
2022-06-14,51.0,51.0
2022-06-15,50.0,51.0
2022-06-16,50.0,50.0
2022-06-17,50.0,50.0
2022-06-18,49.0,50.0
2022-06-19,49.0,49.0
2022-06-20,48.0,49.0
2022-06-21,48.0,49.0
2022-06-22,48.0,49.0
2022-06-23,48.0,49.0
2022-06-24,48.0,49.0
2022-06-25,49.0,49.0
2022-06-26,49.0,49.0
2022-06-27,49.0,49.0
2022-06-28,49.0,49.0
2022-06-29,49.0,50.0
2022-06-30,49.0,50.0
2022-07-01,49.0,50.0
2022-07-02,50.0,50.0
2022-07-03,50.0,50.0
2022-07-04,50.0,50.0
2022-07-05,50.0,50.0
2022-07-06,50.0,51.0
2022-07-07,51.0,51.0
2022-07-08,51.0,51.0
2022-07-09,51.0,51.0
2022-07-10,51.0,52.0
2022-07-11,52.0,52.0
2022-07-12,52.0,52.0
2022-07-13,52.0,52.0
2022-07-14,53.0,53.0
2022-07-15,53.0,53.0
2022-07-16,53.0,53.0
2022-07-17,54.0,54.0
2022-07-18,54.0,54.0
2022-07-19,54.0,54.0
2022-07-20,55.0,55.0
2022-07-21,55.0,55.0
2022-07-22,55.0,55.0
2022-07-23,55.0,55.0
2022-07-24,55.0,55.0
2022-07-25,55.0,55.0
2022-07-26,54.0,55.0
2022-07-27,54.0,54.0
2022-07-28,54.0,54.0
2022-07-29,54.0,54.0
2022-07-30,54.0,54.0
2022-07-31,54.0,54.0
2022-08-01,54.0,54.0
2022-08-02,54.0,54.0
2022-08-03,54.0,54.0
2022-08-04,54.0,54.0
2022-08-05,53.0,54.0
2022-08-06,53.0,53.0
2022-08-07,53.0,53.0
2022-08-08,53.0,53.0
2022-08-09,53.0,53.0
2022-08-10,53.0,53.0
2022-08-11,53.0,53.0
2022-08-12,53.0,53.0
2022-08-13,53.0,53.0
2022-08-14,53.0,53.0
2022-08-15,52.0,53.0
2022-08-16,52.0,52.0
2022-08-17,52.0,52.0
2022-08-18,52.0,52.0
2022-08-19,52.0,52.0
2022-08-20,52.0,52.0
2022-08-21,51.0,52.0
2022-08-22,51.0,51.0
2022-08-23,51.0,51.0
2022-08-24,51.0,51.0
2022-08-25,50.0,51.0
2022-08-26,50.0,50.0
2022-08-27,50.0,50.0
2022-08-28,50.0,50.0
2022-08-29,50.0,50.0
2022-08-30,50.0,50.0
2022-08-31,49.0,50.0
2022-09-01,49.0,49.0
2022-09-02,49.0,49.0
2022-09-03,49.0,49.0
2022-09-04,49.0,49.0
2022-09-05,49.0,49.0
2022-09-06,48.0,49.0
2022-09-07,49.0,49.0
2022-09-08,49.0,49.0
2022-09-09,49.0,50.0
2022-09-10,50.0,50.0
2022-09-11,50.0,50.0
2022-09-12,50.0,50.0
2022-09-13,50.0,51.0
2022-09-14,51.0,51.0
2022-09-15,51.0,51.0
2022-09-16,51.0,52.0
2022-09-17,52.0,52.0
2022-09-18,52.0,52.0
2022-09-19,52.0,52.0
2022-09-20,52.0,53.0
2022-09-21,53.0,53.0
2022-09-22,53.0,53.0
2022-09-23,53.0,53.0
2022-09-24,53.0,54.0
2022-09-25,54.0,54.0
2022-09-26,54.0,54.0
2022-09-27,54.0,55.0
2022-09-28,55.0,55.0
2022-09-29,55.0,55.0
2022-09-30,55.0,55.0
2022-10-01,55.0,56.0
2022-10-02,55.0,56.0
2022-10-03,56.0,56.0
2022-10-04,56.0,56.0
2022-10-05,56.0,56.0
2022-10-06,56.0,56.0
2022-10-07,56.0,56.0
2022-10-08,55.0,56.0
2022-10-09,55.0,55.0
2022-10-10,54.0,55.0
2022-10-11,54.0,54.0
2022-10-12,54.0,54.0
2022-10-13,53.0,54.0
2022-10-14,53.0,53.0
2022-10-15,52.0,53.0
2022-10-16,52.0,52.0
2022-10-17,52.0,52.0
2022-10-18,52.0,52.0
2022-10-19,51.0,52.0
2022-10-20,51.0,51.0
2022-10-21,50.0,51.0
2022-10-22,50.0,51.0
2022-10-23,50.0,50.0
2022-10-24,49.0,50.0
2022-10-25,49.0,49.0
2022-10-26,49.0,49.0
2022-10-27,48.0,49.0
2022-10-28,48.0,48.0
2022-10-29,47.0,48.0
2022-10-30,47.0,48.0
2022-10-31,47.0,47.0
2022-11-01,46.0,47.0
2022-11-02,46.0,47.0
2022-11-03,46.0,46.0
2022-11-04,46.0,46.0
2022-11-05,46.0,46.0
2022-11-06,45.0,46.0
2022-11-07,45.0,45.0
2022-11-08,45.0,45.0
2022-11-09,45.0,45.0
2022-11-10,45.0,46.0
2022-11-11,46.0,46.0
2022-11-12,46.0,46.0
2022-11-13,46.0,46.0
2022-11-14,46.0,47.0
2022-11-15,46.0,47.0
2022-11-16,47.0,47.0
2022-11-17,47.0,47.0
2022-11-18,47.0,47.0
2022-11-19,47.0,47.0
2022-11-20,47.0,48.0
2022-11-21,48.0,48.0
2022-11-22,48.0,48.0
2022-11-23,48.0,48.0
2022-11-24,48.0,48.0
2022-11-25,48.0,49.0
2022-11-26,48.0,49.0
2022-11-27,49.0,49.0
2022-11-28,49.0,49.0
2022-11-29,49.0,49.0
2022-11-30,49.0,49.0
2022-12-01,49.0,49.0
2022-12-02,49.0,49.0
2022-12-03,49.0,49.0
2022-12-04,49.0,49.0
2022-12-05,49.0,49.0
2022-12-06,49.0,50.0
2022-12-07,49.0,50.0
2022-12-08,49.0,50.0
2022-12-09,49.0,50.0
2022-12-10,49.0,49.0
2022-12-11,49.0,49.0
2022-12-12,49.0,49.0
2022-12-13,49.0,49.0
2022-12-14,49.0,49.0
2022-12-15,48.0,49.0
2022-12-16,48.0,49.0
2022-12-17,48.0,49.0
2022-12-18,48.0,49.0
2022-12-19,48.0,49.0
2022-12-20,48.0,49.0
2022-12-21,48.0,48.0
2022-12-22,48.0,48.0
2022-12-23,48.0,48.0
2022-12-24,48.0,48.0
2022-12-25,48.0,48.0
2022-12-26,48.0,48.0
2022-12-27,47.0,48.0
2022-12-28,47.0,48.0
2022-12-29,47.0,48.0
2022-12-30,48.0,48.0
2022-12-31,48.0,48.0
2023-01-01,48.0,48.0
2023-01-02,48.0,48.0
2023-01-03,48.0,48.0
2023-01-04,48.0,48.0
2023-01-05,48.0,48.0
2023-01-06,48.0,48.0
2023-01-07,48.0,49.0
2023-01-08,48.0,48.0
2023-01-09,48.0,48.0
2023-01-10,47.0,48.0
2023-01-11,47.0,47.0
2023-01-12,47.0,47.0
2023-01-13,47.0,47.0
2023-01-14,47.0,47.0
2023-01-15,47.0,47.0
2023-01-16,46.0,47.0
2023-01-17,46.0,47.0
2023-01-18,46.0,46.0
2023-01-19,46.0,46.0
2023-01-20,46.0,46.0
2023-01-21,46.0,46.0
2023-01-22,46.0,46.0
2023-01-23,46.0,46.0
2023-01-24,46.0,46.0
2023-01-25,46.0,46.0
2023-01-26,46.0,47.0
2023-01-27,47.0,47.0
2023-01-28,47.0,47.0
2023-01-29,48.0,48.0
2023-01-30,48.0,48.0
2023-01-31,48.0,49.0
2023-02-01,49.0,49.0
2023-02-02,49.0,50.0
2023-02-03,50.0,50.0
2023-02-04,50.0,50.0
2023-02-05,50.0,51.0
2023-02-06,51.0,51.0
2023-02-07,51.0,51.0
2023-02-08,51.0,52.0
2023-02-09,52.0,52.0
2023-02-10,52.0,52.0
2023-02-11,52.0,53.0
2023-02-12,53.0,53.0
2023-02-13,53.0,53.0
2023-02-14,53.0,53.0
2023-02-15,53.0,54.0
2023-02-16,53.0,54.0
2023-02-17,54.0,54.0
2023-02-18,54.0,54.0
2023-02-19,54.0,54.0
2023-02-20,54.0,54.0
2023-02-21,54.0,54.0
2023-02-22,54.0,55.0
2023-02-23,54.0,55.0
2023-02-24,54.0,54.0
2023-02-25,53.0,54.0
2023-02-26,53.0,53.0
2023-02-27,53.0,53.0
2023-02-28,52.0,53.0
2023-03-01,52.0,52.0
2023-03-02,52.0,52.0
2023-03-03,51.0,52.0
2023-03-04,51.0,51.0
2023-03-05,50.0,51.0
2023-03-06,50.0,50.0
2023-03-07,50.0,50.0
2023-03-08,49.0,50.0
2023-03-09,49.0,49.0
2023-03-10,48.0,49.0
2023-03-11,48.0,48.0
2023-03-12,47.0,48.0
2023-03-13,47.0,48.0
2023-03-14,47.0,47.0
2023-03-15,46.0,47.0
2023-03-16,46.0,47.0
2023-03-17,46.0,46.0
2023-03-18,46.0,46.0
2023-03-19,46.0,46.0
2023-03-20,45.0,46.0
2023-03-21,45.0,46.0
2023-03-22,45.0,45.0
2023-03-23,45.0,45.0
2023-03-24,45.0,45.0
2023-03-25,44.0,45.0
2023-03-26,44.0,45.0
2023-03-27,44.0,44.0
2023-03-28,44.0,44.0
2023-03-29,44.0,44.0
2023-03-30,43.0,44.0
2023-03-31,43.0,44.0
2023-04-01,43.0,43.0
2023-04-02,43.0,43.0
2023-04-03,42.0,43.0
2023-04-04,42.0,43.0
2023-04-05,42.0,42.0
2023-04-06,42.0,42.0
2023-04-07,42.0,42.0
2023-04-08,42.0,42.0
2023-04-09,42.0,42.0
2023-04-10,41.0,42.0
2023-04-11,41.0,42.0
2023-04-12,41.0,41.0
2023-04-13,41.0,41.0
2023-04-14,40.0,41.0
2023-04-15,40.0,40.0
2023-04-16,40.0,40.0
2023-04-17,39.0,40.0
2023-04-18,39.0,39.0
2023-04-19,39.0,39.0
2023-04-20,38.0,39.0
2023-04-21,38.0,38.0
2023-04-22,38.0,38.0
2023-04-23,37.0,38.0
2023-04-24,37.0,37.0
2023-04-25,37.0,37.0
2023-04-26,36.0,37.0
2023-04-27,36.0,37.0
2023-04-28,36.0,37.0
2023-04-29,36.0,37.0
2023-04-30,36.0,37.0
2023-05-01,36.0,37.0
2023-05-02,36.0,36.0
2023-05-03,36.0,36.0
2023-05-04,36.0,36.0
2023-05-05,36.0,36.0
2023-05-06,36.0,36.0
2023-05-07,36.0,36.0
2023-05-08,36.0,36.0
2023-05-09,35.0,36.0
2023-05-10,35.0,36.0
2023-05-11,35.0,36.0
2023-05-12,35.0,36.0
2023-05-13,35.0,36.0
2023-05-14,36.0,36.0
2023-05-15,36.0,36.0
2023-05-16,36.0,36.0
2023-05-17,36.0,36.0
2023-05-18,36.0,36.0
2023-05-19,36.0,36.0
2023-05-20,36.0,36.0
2023-05-21,36.0,36.0
2023-05-22,36.0,36.0
2023-05-23,36.0,36.0
2023-05-24,37.0,37.0
2023-05-25,38.0,38.0
2023-05-26,38.0,39.0
2023-05-27,39.0,39.0
2023-05-28,40.0,40.0
2023-05-29,40.0,40.0
2023-05-30,41.0,41.0
2023-05-31,41.0,41.0
2023-06-01,42.0,42.0
2023-06-02,42.0,42.0
2023-06-03,43.0,43.0
2023-06-04,43.0,44.0
2023-06-05,44.0,44.0
2023-06-06,44.0,45.0
2023-06-07,45.0,45.0
2023-06-08,45.0,46.0
2023-06-09,46.0,46.0
2023-06-10,46.0,46.0
2023-06-11,47.0,47.0
2023-06-12,47.0,47.0
2023-06-13,48.0,48.0
2023-06-14,48.0,48.0
2023-06-15,49.0,49.0
2023-06-16,49.0,49.0
2023-06-17,50.0,50.0
2023-06-18,50.0,50.0
2023-06-19,51.0,51.0
2023-06-20,51.0,51.0
2023-06-21,52.0,52.0
2023-06-22,52.0,52.0
2023-06-23,52.0,52.0
2023-06-24,51.0,52.0
2023-06-25,51.0,51.0
2023-06-26,51.0,51.0
2023-06-27,50.0,51.0
2023-06-28,50.0,50.0
2023-06-29,50.0,50.0
2023-06-30,50.0,50.0
2023-07-01,49.0,50.0
2023-07-02,49.0,49.0
2023-07-03,49.0,49.0
2023-07-04,49.0,49.0
2023-07-05,48.0,49.0
2023-07-06,48.0,48.0
2023-07-07,48.0,48.0
2023-07-08,48.0,48.0
2023-07-09,47.0,48.0
2023-07-10,47.0,47.0
2023-07-11,47.0,47.0
2023-07-12,47.0,48.0
2023-07-13,48.0,48.0
2023-07-14,48.0,48.0
2023-07-15,48.0,48.0
2023-07-16,48.0,49.0
2023-07-17,49.0,49.0
2023-07-18,49.0,49.0
2023-07-19,49.0,50.0
2023-07-20,50.0,50.0
2023-07-21,50.0,50.0
2023-07-22,50.0,50.0
2023-07-23,51.0,51.0
2023-07-24,51.0,51.0
2023-07-25,51.0,51.0
2023-07-26,51.0,52.0
2023-07-27,52.0,52.0
2023-07-28,52.0,52.0
2023-07-29,52.0,53.0
2023-07-30,53.0,53.0
2023-07-31,53.0,53.0
2023-08-01,53.0,54.0
2023-08-02,54.0,54.0
2023-08-03,54.0,54.0
2023-08-04,54.0,54.0
2023-08-05,55.0,55.0
2023-08-06,55.0,55.0
2023-08-07,55.0,55.0
2023-08-08,56.0,56.0
2023-08-09,56.0,56.0
2023-08-10,56.0,56.0
2023-08-11,56.0,56.0
2023-08-12,56.0,56.0
2023-08-13,56.0,56.0
2023-08-14,55.0,56.0
2023-08-15,55.0,55.0
2023-08-16,55.0,55.0
2023-08-17,55.0,55.0
2023-08-18,55.0,55.0
2023-08-19,54.0,55.0
2023-08-20,54.0,54.0
2023-08-21,54.0,54.0
2023-08-22,54.0,54.0
2023-08-23,54.0,54.0
2023-08-24,54.0,54.0
2023-08-25,54.0,54.0
2023-08-26,54.0,54.0
2023-08-27,53.0,54.0
2023-08-28,53.0,53.0
2023-08-29,53.0,53.0
2023-08-30,53.0,53.0
2023-08-31,53.0,53.0
2023-09-01,52.0,53.0
2023-09-02,52.0,52.0
2023-09-03,52.0,52.0
2023-09-04,52.0,52.0
2023-09-05,51.0,52.0
2023-09-06,51.0,51.0
2023-09-07,51.0,51.0
2023-09-08,51.0,51.0
2023-09-09,50.0,51.0
2023-09-10,50.0,50.0
2023-09-11,50.0,50.0
2023-09-12,50.0,50.0
2023-09-13,49.0,50.0
2023-09-14,49.0,49.0
2023-09-15,49.0,49.0
2023-09-16,49.0,49.0
2023-09-17,48.0,49.0
2023-09-18,48.0,48.0
2023-09-19,47.0,48.0
2023-09-20,47.0,48.0
2023-09-21,47.0,47.0
2023-09-22,47.0,47.0
2023-09-23,46.0,47.0
2023-09-24,46.0,47.0
2023-09-25,46.0,46.0
2023-09-26,46.0,46.0
2023-09-27,46.0,46.0
2023-09-28,46.0,46.0
2023-09-29,45.0,46.0
2023-09-30,45.0,46.0
2023-10-01,45.0,46.0
2023-10-02,45.0,45.0
2023-10-03,45.0,45.0
2023-10-04,45.0,45.0
2023-10-05,45.0,45.0
2023-10-06,44.0,45.0
2023-10-07,44.0,45.0
2023-10-08,44.0,44.0
2023-10-09,44.0,44.0
2023-10-10,44.0,44.0
2023-10-11,43.0,44.0
2023-10-12,43.0,44.0
2023-10-13,43.0,44.0
2023-10-14,43.0,43.0
2023-10-15,43.0,43.0
2023-10-16,43.0,43.0
2023-10-17,43.0,43.0
2023-10-18,43.0,43.0
2023-10-19,43.0,43.0
2023-10-20,42.0,43.0
2023-10-21,42.0,42.0
2023-10-22,42.0,42.0
2023-10-23,42.0,42.0
2023-10-24,42.0,42.0
2023-10-25,41.0,42.0
2023-10-26,41.0,41.0
2023-10-27,41.0,41.0
2023-10-28,41.0,41.0
2023-10-29,40.0,41.0
2023-10-30,40.0,41.0
2023-10-31,40.0,40.0
2023-11-01,40.0,40.0
2023-11-02,40.0,40.0
2023-11-03,40.0,40.0
2023-11-04,40.0,40.0
2023-11-05,40.0,40.0
2023-11-06,40.0,40.0
2023-11-07,40.0,40.0
2023-11-08,40.0,40.0
2023-11-09,40.0,40.0
2023-11-10,40.0,40.0
2023-11-11,40.0,40.0
2023-11-12,40.0,40.0
2023-11-13,40.0,40.0
2023-11-14,40.0,40.0
2023-11-15,40.0,40.0
2023-11-16,40.0,40.0
2023-11-17,40.0,40.0
2023-11-18,40.0,40.0
2023-11-19,40.0,40.0
2023-11-20,40.0,41.0
2023-11-21,40.0,41.0
2023-11-22,40.0,41.0
2023-11-23,41.0,41.0
2023-11-24,41.0,41.0
2023-11-25,41.0,41.0
2023-11-26,41.0,41.0
2023-11-27,41.0,41.0
2023-11-28,41.0,41.0
2023-11-29,41.0,41.0
2023-11-30,41.0,41.0
2023-12-01,41.0,41.0
2023-12-02,41.0,41.0
2023-12-03,41.0,41.0
2023-12-04,41.0,41.0
2023-12-05,41.0,41.0
2023-12-06,41.0,41.0
2023-12-07,41.0,41.0
2023-12-08,42.0,42.0
2023-12-09,42.0,42.0
2023-12-10,42.0,42.0
2023-12-11,42.0,43.0
2023-12-12,43.0,43.0
2023-12-13,43.0,43.0
2023-12-14,43.0,43.0
2023-12-15,43.0,43.0
2023-12-16,43.0,43.0
2023-12-17,43.0,43.0
2023-12-18,43.0,43.0
2023-12-19,43.0,43.0
2023-12-20,43.0,43.0
2023-12-21,43.0,43.0
2023-12-22,43.0,43.0
2023-12-23,43.0,43.0
2023-12-24,43.0,44.0
2023-12-25,43.0,44.0
2023-12-26,43.0,44.0
2023-12-27,44.0,44.0
2023-12-28,44.0,44.0
2023-12-29,44.0,45.0
2023-12-30,44.0,45.0
2023-12-31,44.0,45.0
2024-01-01,45.0,45.0
2024-01-02,45.0,45.0
2024-01-03,45.0,46.0
2024-01-04,45.0,46.0
2024-01-05,45.0,45.0
2024-01-06,45.0,45.0
2024-01-07,44.0,45.0
2024-01-08,44.0,45.0
2024-01-09,44.0,44.0
2024-01-10,44.0,44.0
2024-01-11,44.0,44.0
2024-01-12,44.0,44.0
2024-01-13,44.0,44.0
2024-01-14,44.0,44.0
2024-01-15,44.0,44.0
2024-01-16,44.0,44.0
2024-01-17,44.0,44.0
2024-01-18,44.0,44.0
2024-01-19,44.0,44.0
2024-01-20,44.0,44.0
2024-01-21,44.0,44.0
2024-01-22,44.0,44.0
2024-01-23,44.0,44.0
2024-01-24,43.0,44.0
2024-01-25,43.0,44.0
2024-01-26,43.0,43.0
2024-01-27,42.0,43.0
2024-01-28,42.0,42.0
2024-01-29,42.0,42.0
2024-01-30,41.0,42.0
2024-01-31,41.0,41.0
2024-02-01,41.0,41.0
2024-02-02,41.0,41.0
2024-02-03,41.0,41.0
2024-02-04,41.0,41.0
2024-02-05,41.0,41.0
2024-02-06,41.0,41.0
2024-02-07,41.0,41.0
2024-02-08,41.0,41.0
2024-02-09,41.0,41.0
2024-02-10,41.0,41.0
2024-02-11,41.0,41.0
2024-02-12,41.0,41.0
2024-02-13,41.0,41.0
2024-02-14,41.0,41.0
2024-02-15,41.0,41.0
2024-02-16,41.0,41.0
2024-02-17,41.0,41.0
2024-02-18,41.0,41.0
2024-02-19,41.0,41.0
2024-02-20,41.0,41.0
2024-02-21,41.0,41.0
2024-02-22,41.0,41.0
2024-02-23,41.0,41.0
2024-02-24,41.0,42.0
2024-02-25,41.0,42.0
2024-02-26,42.0,42.0
2024-02-27,42.0,42.0
2024-02-28,42.0,42.0
2024-02-29,42.0,42.0
2024-03-01,43.0,43.0
2024-03-02,43.0,43.0
2024-03-03,43.0,43.0
2024-03-04,43.0,43.0
2024-03-05,43.0,43.0
2024-03-06,43.0,43.0
2024-03-07,43.0,43.0
2024-03-08,43.0,44.0
2024-03-09,43.0,44.0
2024-03-10,43.0,44.0
2024-03-11,43.0,44.0
2024-03-12,43.0,44.0
2024-03-13,44.0,44.0
2024-03-14,44.0,44.0
2024-03-15,44.0,44.0
2024-03-16,44.0,44.0
2024-03-17,44.0,44.0
2024-03-18,44.0,44.0
2024-03-19,44.0,44.0
2024-03-20,44.0,44.0
2024-03-21,44.0,44.0
2024-03-22,44.0,44.0
2024-03-23,44.0,44.0
2024-03-24,44.0,44.0
2024-03-25,44.0,44.0
2024-03-26,44.0,44.0
2024-03-27,44.0,45.0
2024-03-28,45.0,45.0
2024-03-29,45.0,45.0
2024-03-30,45.0,45.0
2024-03-31,45.0,45.0
2024-04-01,45.0,45.0
2024-04-02,45.0,45.0
2024-04-03,45.0,45.0
2024-04-04,45.0,45.0
2024-04-05,45.0,45.0
2024-04-06,45.0,45.0
2024-04-07,45.0,45.0
2024-04-08,45.0,45.0
2024-04-09,45.0,45.0
2024-04-10,44.0,45.0
2024-04-11,44.0,45.0
2024-04-12,44.0,45.0
2024-04-13,44.0,44.0
2024-04-14,44.0,44.0
2024-04-15,44.0,44.0
2024-04-16,44.0,44.0
2024-04-17,44.0,44.0
2024-04-18,43.0,44.0
2024-04-19,44.0,44.0
2024-04-20,44.0,44.0
2024-04-21,44.0,44.0
2024-04-22,44.0,44.0
2024-04-23,44.0,45.0
2024-04-24,45.0,45.0
2024-04-25,45.0,45.0
2024-04-26,45.0,45.0
2024-04-27,45.0,45.0
2024-04-28,45.0,45.0
2024-04-29,44.0,45.0
2024-04-30,44.0,45.0
2024-05-01,44.0,45.0
2024-05-02,44.0,45.0
2024-05-03,44.0,45.0
2024-05-04,44.0,45.0
2024-05-05,44.0,45.0
2024-05-06,44.0,45.0
2024-05-07,44.0,45.0
2024-05-08,44.0,45.0
2024-05-09,44.0,45.0
2024-05-10,45.0,45.0
2024-05-11,45.0,45.0
2024-05-12,45.0,45.0
2024-05-13,45.0,45.0
2024-05-14,45.0,45.0
2024-05-15,46.0,46.0
2024-05-16,46.0,46.0
2024-05-17,46.0,46.0
2024-05-18,46.0,46.0
2024-05-19,46.0,46.0
2024-05-20,46.0,46.0
2024-05-21,46.0,46.0
2024-05-22,46.0,46.0
2024-05-23,46.0,46.0
2024-05-24,46.0,46.0
2024-05-25,46.0,46.0
2024-05-26,46.0,46.0
2024-05-27,46.0,46.0
2024-05-28,46.0,46.0
2024-05-29,46.0,46.0
2024-05-30,46.0,46.0
2024-05-31,46.0,46.0
2024-06-01,45.0,46.0
2024-06-02,45.0,45.0
2024-06-03,45.0,45.0
2024-06-04,45.0,45.0
2024-06-05,45.0,45.0
2024-06-06,45.0,45.0
2024-06-07,45.0,45.0
2024-06-08,45.0,45.0
2024-06-09,45.0,45.0
2024-06-10,45.0,45.0
2024-06-11,45.0,45.0
2024-06-12,45.0,45.0
2024-06-13,45.0,46.0
2024-06-14,45.0,46.0
2024-06-15,45.0,46.0
2024-06-16,45.0,46.0
2024-06-17,45.0,46.0
2024-06-18,45.0,46.0
2024-06-19,45.0,46.0
2024-06-20,45.0,46.0
2024-06-21,46.0,46.0
2024-06-22,46.0,46.0
2024-06-23,46.0,46.0
2024-06-24,46.0,46.0
2024-06-25,46.0,46.0
2024-06-26,46.0,46.0
2024-06-27,46.0,47.0
2024-06-28,46.0,47.0
2024-06-29,47.0,47.0
2024-06-30,47.0,47.0
2024-07-01,47.0,47.0
2024-07-02,47.0,47.0
2024-07-03,47.0,48.0
2024-07-04,48.0,48.0
2024-07-05,48.0,48.0
2024-07-06,48.0,48.0
2024-07-07,48.0,48.0
2024-07-08,48.0,48.0
2024-07-09,48.0,48.0
2024-07-10,48.0,48.0
2024-07-11,48.0,48.0
2024-07-12,48.0,48.0
2024-07-13,48.0,48.0
2024-07-14,48.0,48.0
2024-07-15,48.0,48.0
2024-07-16,48.0,48.0
2024-07-17,48.0,48.0
2024-07-18,48.0,48.0
2024-07-19,48.0,49.0
2024-07-20,49.0,49.0
2024-07-21,49.0,49.0
2024-07-22,49.0,49.0
2024-07-23,48.0,49.0
2024-07-24,48.0,49.0
2024-07-25,48.0,48.0
2024-07-26,48.0,48.0
2024-07-27,48.0,48.0
2024-07-28,48.0,48.0
2024-07-29,48.0,48.0
2024-07-30,48.0,48.0
2024-07-31,48.0,48.0
2024-08-01,48.0,48.0
2024-08-02,48.0,48.0
2024-08-03,48.0,48.0
2024-08-04,48.0,48.0
2024-08-05,48.0,48.0
2024-08-06,48.0,48.0
2024-08-07,48.0,48.0
2024-08-08,48.0,48.0
2024-08-09,48.0,48.0
2024-08-10,48.0,48.0
2024-08-11,48.0,48.0
2024-08-12,48.0,48.0
2024-08-13,48.0,48.0
2024-08-14,48.0,48.0
2024-08-15,48.0,48.0
2024-08-16,48.0,48.0
2024-08-17,48.0,48.0
2024-08-18,48.0,48.0
2024-08-19,48.0,48.0
2024-08-20,48.0,48.0
2024-08-21,48.0,48.0
2024-08-22,48.0,48.0
2024-08-23,48.0,48.0
2024-08-24,49.0,49.0
2024-08-25,49.0,49.0
2024-08-26,49.0,49.0
2024-08-27,49.0,49.0
2024-08-28,49.0,49.0
2024-08-29,49.0,49.0
2024-08-30,49.0,49.0
2024-08-31,49.0,49.0
2024-09-01,49.0,49.0
2024-09-02,49.0,49.0
2024-09-03,49.0,50.0
2024-09-04,49.0,50.0
2024-09-05,49.0,50.0
2024-09-06,49.0,50.0
2024-09-07,50.0,50.0
2024-09-08,50.0,50.0
2024-09-09,50.0,50.0
2024-09-10,50.0,50.0
2024-09-11,50.0,50.0
2024-09-12,50.0,50.0
2024-09-13,50.0,50.0
2024-09-14,50.0,50.0
2024-09-15,50.0,50.0
2024-09-16,50.0,50.0
2024-09-17,50.0,50.0
2024-09-18,50.0,50.0
2024-09-19,50.0,50.0
2024-09-20,50.0,50.0
2024-09-21,50.0,50.0
2024-09-22,50.0,50.0
2024-09-23,50.0,50.0
2024-09-24,50.0,50.0
2024-09-25,50.0,50.0
2024-09-26,50.0,50.0
2024-09-27,50.0,50.0
2024-09-28,50.0,50.0
2024-09-29,50.0,50.0
2024-09-30,50.0,50.0
2024-10-01,50.0,50.0
2024-10-02,50.0,50.0
2024-10-03,50.0,50.0
2024-10-04,50.0,50.0
2024-10-05,50.0,50.0
2024-10-06,50.0,50.0
2024-10-07,50.0,50.0
2024-10-08,50.0,50.0
2024-10-09,50.0,50.0
2024-10-10,50.0,50.0
2024-10-11,50.0,50.0
2024-10-12,50.0,50.0
2024-10-13,50.0,50.0
2024-10-14,50.0,50.0
2024-10-15,50.0,50.0
2024-10-16,49.0,50.0
2024-10-17,49.0,50.0
2024-10-18,49.0,50.0
2024-10-19,49.0,49.0
2024-10-20,49.0,49.0
2024-10-21,49.0,49.0
2024-10-22,49.0,49.0
2024-10-23,49.0,49.0
2024-10-24,49.0,49.0
2024-10-25,49.0,49.0
2024-10-26,49.0,49.0
2024-10-27,49.0,49.0
2024-10-28,49.0,49.0
2024-10-29,49.0,49.0
2024-10-30,49.0,49.0
2024-10-31,49.0,49.0
2024-11-01,49.0,49.0
2024-11-02,49.0,49.0
2024-11-03,49.0,49.0
2024-11-04,49.0,49.0
2024-11-05,49.0,49.0
2024-11-06,49.0,49.0
2024-11-07,49.0,49.0
2024-11-08,49.0,49.0
2024-11-09,49.0,49.0
2024-11-10,49.0,49.0
2024-11-11,49.0,49.0
2024-11-12,49.0,50.0
2024-11-13,49.0,50.0
2024-11-14,49.0,50.0
2024-11-15,50.0,50.0
2024-11-16,50.0,50.0
2024-11-17,50.0,50.0
2024-11-18,50.0,50.0
2024-11-19,50.0,50.0
2024-11-20,50.0,50.0
2024-11-21,50.0,50.0
2024-11-22,50.0,50.0
2024-11-23,50.0,50.0
2024-11-24,50.0,50.0
2024-11-25,50.0,50.0
2024-11-26,50.0,50.0
2024-11-27,50.0,50.0
2024-11-28,50.0,50.0
2024-11-29,50.0,50.0
2024-11-30,50.0,50.0
2024-12-01,50.0,50.0
2024-12-02,49.0,50.0
2024-12-03,49.0,50.0
2024-12-04,49.0,50.0
2024-12-05,49.0,50.0
2024-12-06,49.0,50.0
2024-12-07,49.0,50.0
2024-12-08,49.0,50.0
2024-12-09,49.0,50.0
2024-12-10,49.0,50.0
2024-12-11,49.0,50.0
2024-12-12,49.0,50.0
2024-12-13,49.0,50.0
2024-12-14,49.0,49.0
2024-12-15,49.0,49.0
2024-12-16,49.0,49.0
2024-12-17,49.0,49.0
2024-12-18,49.0,49.0
2024-12-19,49.0,49.0
2024-12-20,49.0,49.0
2024-12-21,49.0,49.0
2024-12-22,49.0,49.0
2024-12-23,49.0,49.0
2024-12-24,49.0,49.0
2024-12-25,49.0,49.0
2024-12-26,49.0,49.0
2024-12-27,49.0,49.0
2024-12-28,49.0,49.0
2024-12-29,49.0,49.0
2024-12-30,49.0,49.0
2024-12-31,49.0,49.0
2025-01-01,49.0,49.0
2025-01-02,49.0,49.0
2025-01-03,49.0,49.0
2025-01-04,49.0,49.0
2025-01-05,49.0,49.0
2025-01-06,49.0,49.0
2025-01-07,49.0,49.0
2025-01-08,49.0,49.0
2025-01-09,49.0,49.0
2025-01-10,48.0,49.0
2025-01-11,48.0,49.0
2025-01-12,48.0,48.0
2025-01-13,48.0,48.0
2025-01-14,48.0,48.0
2025-01-15,48.0,48.0
2025-01-16,48.0,48.0
2025-01-17,48.0,48.0
2025-01-18,48.0,48.0
2025-01-19,48.0,48.0
2025-01-20,48.0,48.0
2025-01-21,48.0,48.0
2025-01-22,47.0,48.0
2025-01-23,47.0,48.0
2025-01-24,48.0,48.0
2025-01-25,47.0,48.0
2025-01-26,47.0,48.0
2025-01-27,47.0,48.0
2025-01-28,47.0,48.0
2025-01-29,47.0,48.0
2025-01-30,47.0,48.0
2025-01-31,47.0,48.0
2025-02-01,47.0,48.0
2025-02-02,48.0,48.0
2025-02-03,48.0,48.0
2025-02-04,48.0,48.0
2025-02-05,48.0,48.0
2025-02-06,48.0,48.0
2025-02-07,48.0,48.0
2025-02-08,48.0,48.0
2025-02-09,48.0,48.0
2025-02-10,48.0,48.0
2025-02-11,48.0,48.0
2025-02-12,48.0,49.0
2025-02-13,48.0,49.0
2025-02-14,49.0,49.0
2025-02-15,49.0,49.0
2025-02-16,49.0,49.0
2025-02-17,49.0,49.0
