Date,Midnight population,24-hour population,N,N2
2008-10-01,-1.0,-1.0,0,0
2008-10-02,-1.0,-1.0,0,0
2008-10-03,-1.0,-1.0,0,0
2008-10-04,-1.0,-1.0,0,0
2008-10-05,-1.0,-1.0,0,0
2008-10-06,-1.0,-1.0,0,0
2008-10-07,-1.0,-1.0,0,0
2008-10-08,-1.0,-1.0,0,0
2008-10-09,-1.0,-1.0,0,0
2008-10-10,-1.0,-1.0,0,0
2008-10-11,-1.0,-1.0,0,0
2008-10-12,-1.0,-1.0,0,0
2008-10-13,-1.0,-1.0,0,0
2008-10-14,-1.0,-1.0,0,0
2008-10-15,-1.0,-1.0,0,0
2008-10-16,-1.0,-1.0,0,0
2008-10-17,-1.0,-1.0,0,0
2008-10-18,-1.0,-1.0,0,0
2008-10-19,-1.0,-1.0,0,0
2008-10-20,-1.0,-1.0,0,0
2008-10-21,-1.0,-1.0,0,0
2008-10-22,-1.0,-1.0,0,0
2008-10-23,-1.0,-1.0,0,0
2008-10-24,-1.0,-1.0,0,0
2008-10-25,-1.0,-1.0,0,0
2008-10-26,-1.0,-1.0,0,0
2008-10-27,-1.0,-1.0,0,0
2008-10-28,-1.0,-1.0,0,0
2008-10-29,-1.0,-1.0,0,0
2008-10-30,0.0,0.0,0,0
2008-10-31,0.0,0.0,0,0
2008-11-01,0.0,0.0,0,0
2008-11-02,0.0,0.0,0,0
2008-11-03,0.0,0.0,0,0
2008-11-04,0.0,0.0,0,0
2008-11-05,0.0,0.0,0,0
2008-11-06,0.0,0.0,0,0
2008-11-07,0.0,0.0,0,0
2008-11-08,0.0,0.0,0,0
2008-11-09,0.0,0.0,0,0
2008-11-10,0.0,0.0,0,0
2008-11-11,0.0,0.0,0,0
2008-11-12,0.0,0.0,0,0
2008-11-13,0.0,0.0,0,0
2008-11-14,0.0,0.0,0,0
2008-11-15,0.0,0.0,0,0
2008-11-16,0.0,0.0,0,0
2008-11-17,0.0,0.0,0,0
2008-11-18,0.0,0.0,0,0
2008-11-19,0.0,0.0,0,0
2008-11-20,0.0,0.0,0,0
2008-11-21,0.0,0.0,0,0
2008-11-22,0.0,0.0,0,0
2008-11-23,0.0,0.0,0,0
2008-11-24,0.0,0.0,0,0
2008-11-25,0.0,0.0,0,0
2008-11-26,0.0,0.0,0,0
2008-11-27,0.0,0.0,0,0
2008-11-28,0.0,0.0,0,0
2008-11-29,0.0,0.0,0,0
2008-11-30,0.0,0.0,0,0
2008-12-01,0.0,0.0,0,0
2008-12-02,0.0,0.0,0,0
2008-12-03,0.0,0.0,0,0
2008-12-04,0.0,0.0,0,0
2008-12-05,0.0,0.0,0,0
2008-12-06,0.0,0.0,0,0
2008-12-07,0.0,0.0,0,0
2008-12-08,0.0,0.0,0,0
2008-12-09,0.0,0.0,0,0
2008-12-10,0.0,0.0,0,0
2008-12-11,0.0,0.0,0,0
2008-12-12,0.0,0.0,0,0
2008-12-13,0.0,0.0,0,0
2008-12-14,0.0,0.0,0,0
2008-12-15,0.0,0.0,0,0
2008-12-16,0.0,0.0,0,0
2008-12-17,0.0,0.0,0,0
2008-12-18,0.0,0.0,0,0
2008-12-19,0.0,0.0,0,0
2008-12-20,0.0,0.0,0,0
2008-12-21,0.0,0.0,0,0
2008-12-22,0.0,0.0,0,0
2008-12-23,0.0,0.0,0,0
2008-12-24,0.0,0.0,0,0
2008-12-25,0.0,0.0,0,0
2008-12-26,0.0,0.0,0,0
2008-12-27,0.0,0.0,0,0
2008-12-28,0.0,0.0,0,0
2008-12-29,0.0,0.0,0,0
2008-12-30,0.0,0.0,0,0
2008-12-31,0.0,0.0,0,0
2009-01-01,0.0,0.0,0,0
2009-01-02,0.0,0.0,0,0
2009-01-03,0.0,0.0,0,0
2009-01-04,0.0,0.0,0,0
2009-01-05,0.0,0.0,0,0
2009-01-06,0.0,0.0,0,0
2009-01-07,0.0,0.0,0,0
2009-01-08,0.0,0.0,0,0
2009-01-09,0.0,0.0,0,0
2009-01-10,0.0,0.0,0,0
2009-01-11,0.0,0.0,0,0
2009-01-12,0.0,0.0,0,0
2009-01-13,0.0,0.0,0,0
2009-01-14,0.0,0.0,0,0
2009-01-15,0.0,0.0,0,0
2009-01-16,0.0,0.0,0,0
2009-01-17,0.0,0.0,0,0
2009-01-18,0.0,0.0,0,0
2009-01-19,0.0,0.0,0,0
2009-01-20,0.0,0.0,0,0
2009-01-21,0.0,0.0,0,0
2009-01-22,0.0,0.0,0,0
2009-01-23,0.0,0.0,0,0
2009-01-24,0.0,0.0,0,0
2009-01-25,0.0,0.0,0,0
2009-01-26,0.0,0.0,0,0
2009-01-27,0.0,0.0,0,0
2009-01-28,0.0,0.0,0,0
2009-01-29,0.0,0.0,0,0
2009-01-30,0.0,0.0,0,0
2009-01-31,0.0,0.0,0,0
2009-02-01,0.0,0.0,0,0
2009-02-02,0.0,0.0,0,0
2009-02-03,0.0,0.0,0,0
2009-02-04,0.0,0.0,0,0
2009-02-05,0.0,0.0,0,0
2009-02-06,0.0,0.0,0,0
2009-02-07,0.0,0.0,0,0
2009-02-08,0.0,0.0,0,0
2009-02-09,0.0,0.0,0,0
2009-02-10,0.0,0.0,0,0
2009-02-11,0.0,0.0,0,0
2009-02-12,0.0,0.0,0,0
2009-02-13,0.0,0.0,0,0
2009-02-14,0.0,0.0,0,0
2009-02-15,0.0,0.0,0,0
2009-02-16,0.0,0.0,0,0
2009-02-17,0.0,0.0,0,0
2009-02-18,0.0,0.0,0,0
2009-02-19,0.0,0.0,0,0
2009-02-20,0.0,0.0,0,0
2009-02-21,0.0,0.0,0,0
2009-02-22,0.0,0.0,0,0
2009-02-23,0.0,0.0,0,0
2009-02-24,0.0,0.0,0,0
2009-02-25,0.0,0.0,0,0
2009-02-26,0.0,0.0,0,0
2009-02-27,0.0,0.0,0,0
2009-02-28,0.0,0.0,0,0
2009-03-01,0.0,0.0,0,0
2009-03-02,0.0,0.0,0,0
2009-03-03,0.0,0.0,0,0
2009-03-04,0.0,0.0,0,0
2009-03-05,0.0,0.0,0,0
2009-03-06,0.0,0.0,0,0
2009-03-07,0.0,0.0,0,0
2009-03-08,0.0,0.0,0,0
2009-03-09,0.0,0.0,0,0
2009-03-10,0.0,0.0,0,0
2009-03-11,0.0,0.0,0,0
2009-03-12,0.0,0.0,0,0
2009-03-13,0.0,0.0,0,0
2009-03-14,0.0,0.0,0,0
2009-03-15,0.0,0.0,0,0
2009-03-16,0.0,0.0,0,0
2009-03-17,0.0,0.0,0,0
2009-03-18,0.0,0.0,0,0
2009-03-19,0.0,0.0,0,0
2009-03-20,0.0,0.0,0,0
2009-03-21,0.0,0.0,0,0
2009-03-22,0.0,0.0,0,0
2009-03-23,0.0,0.0,0,0
2009-03-24,0.0,0.0,0,0
2009-03-25,0.0,0.0,0,0
2009-03-26,0.0,0.0,0,0
2009-03-27,0.0,0.0,0,0
2009-03-28,0.0,0.0,0,0
2009-03-29,0.0,0.0,0,0
2009-03-30,0.0,0.0,0,0
2009-03-31,0.0,0.0,0,0
2009-04-01,0.0,0.0,0,0
2009-04-02,0.0,0.0,0,0
2009-04-03,0.0,0.0,0,0
2009-04-04,0.0,0.0,0,0
2009-04-05,0.0,0.0,0,0
2009-04-06,0.0,0.0,0,0
2009-04-07,0.0,0.0,0,0
2009-04-08,0.0,0.0,0,0
2009-04-09,0.0,0.0,0,0
2009-04-10,0.0,0.0,0,0
2009-04-11,0.0,0.0,0,0
2009-04-12,0.0,0.0,0,0
2009-04-13,0.0,0.0,0,0
2009-04-14,0.0,0.0,0,0
2009-04-15,0.0,0.0,0,0
2009-04-16,0.0,0.0,0,0
2009-04-17,0.0,0.0,0,0
2009-04-18,0.0,0.0,0,0
2009-04-19,0.0,0.0,0,0
2009-04-20,0.0,0.0,0,0
2009-04-21,0.0,0.0,0,0
2009-04-22,0.0,0.0,0,0
2009-04-23,0.0,0.0,0,0
2009-04-24,0.0,0.0,0,0
2009-04-25,0.0,0.0,0,0
2009-04-26,0.0,0.0,0,0
2009-04-27,0.0,0.0,0,0
2009-04-28,0.0,0.0,0,0
2009-04-29,0.0,0.0,0,0
2009-04-30,0.0,0.0,0,0
2009-05-01,0.0,0.0,0,0
2009-05-02,0.0,0.0,0,0
2009-05-03,0.0,0.0,0,0
2009-05-04,0.0,0.0,0,0
2009-05-05,0.0,0.0,0,0
2009-05-06,0.0,0.0,0,0
2009-05-07,0.0,0.0,0,0
2009-05-08,0.0,0.0,0,0
2009-05-09,0.0,0.0,0,0
2009-05-10,0.0,0.0,0,0
2009-05-11,0.0,0.0,0,0
2009-05-12,0.0,0.0,0,0
2009-05-13,0.0,0.0,0,0
2009-05-14,0.0,0.0,0,0
2009-05-15,0.0,0.0,0,0
2009-05-16,0.0,0.0,0,0
2009-05-17,0.0,0.0,0,0
2009-05-18,0.0,0.0,0,0
2009-05-19,0.0,0.0,0,0
2009-05-20,0.0,0.0,0,0
2009-05-21,0.0,0.0,0,0
2009-05-22,0.0,0.0,0,0
2009-05-23,0.0,0.0,0,0
2009-05-24,0.0,0.0,0,0
2009-05-25,0.0,0.0,0,0
2009-05-26,0.0,0.0,0,0
2009-05-27,0.0,0.0,0,0
2009-05-28,0.0,0.0,0,0
2009-05-29,0.0,0.0,0,0
2009-05-30,0.0,0.0,0,0
2009-05-31,0.0,0.0,0,0
2009-06-01,0.0,0.0,0,0
2009-06-02,0.0,0.0,0,0
2009-06-03,0.0,0.0,0,0
2009-06-04,0.0,0.0,0,0
2009-06-05,0.0,0.0,0,0
2009-06-06,0.0,0.0,0,0
2009-06-07,0.0,0.0,0,0
2009-06-08,0.0,0.0,0,0
2009-06-09,0.0,0.0,0,0
2009-06-10,0.0,0.0,0,0
2009-06-11,0.0,0.0,0,0
2009-06-12,0.0,0.0,0,0
2009-06-13,0.0,0.0,0,0
2009-06-14,0.0,0.0,0,0
2009-06-15,0.0,0.0,0,0
2009-06-16,0.0,0.0,0,0
2009-06-17,0.0,0.0,0,0
2009-06-18,0.0,0.0,0,0
2009-06-19,0.0,0.0,0,0
2009-06-20,0.0,0.0,0,0
2009-06-21,0.0,0.0,0,0
2009-06-22,0.0,0.0,0,0
2009-06-23,0.0,0.0,0,0
2009-06-24,0.0,0.0,0,0
2009-06-25,0.0,0.0,0,0
2009-06-26,0.0,0.0,0,0
2009-06-27,0.0,0.0,0,0
2009-06-28,0.0,0.0,0,0
2009-06-29,0.0,0.0,0,0
2009-06-30,0.0,0.0,0,0
2009-07-01,0.0,0.0,0,0
2009-07-02,0.0,0.0,0,0
2009-07-03,0.0,0.0,0,0
2009-07-04,0.0,0.0,0,0
2009-07-05,0.0,0.0,0,0
2009-07-06,0.0,0.0,0,0
2009-07-07,0.0,0.0,0,0
2009-07-08,0.0,0.0,0,0
2009-07-09,0.0,0.0,0,0
2009-07-10,0.0,0.0,0,0
2009-07-11,0.0,0.0,0,0
2009-07-12,0.0,0.0,0,0
2009-07-13,0.0,0.0,0,0
2009-07-14,0.0,0.0,0,0
2009-07-15,0.0,0.0,0,0
2009-07-16,0.0,0.0,0,0
2009-07-17,0.0,0.0,0,0
2009-07-18,0.0,0.0,0,0
2009-07-19,0.0,0.0,0,0
2009-07-20,0.0,0.0,0,0
2009-07-21,0.0,0.0,0,0
2009-07-22,0.0,0.0,0,0
2009-07-23,0.0,0.0,0,0
2009-07-24,0.0,0.0,0,0
2009-07-25,0.0,0.0,0,0
2009-07-26,0.0,0.0,0,0
2009-07-27,0.0,0.0,0,0
2009-07-28,0.0,0.0,0,0
2009-07-29,0.0,0.0,0,0
2009-07-30,0.0,0.0,0,0
2009-07-31,0.0,0.0,0,0
2009-08-01,0.0,0.0,0,0
2009-08-02,0.0,0.0,0,0
2009-08-03,0.0,0.0,0,0
2009-08-04,0.0,0.0,0,0
2009-08-05,0.0,0.0,0,0
2009-08-06,0.0,0.0,0,0
2009-08-07,0.0,0.0,0,0
2009-08-08,0.0,0.0,0,0
2009-08-09,0.0,0.0,0,0
2009-08-10,0.0,0.0,0,0
2009-08-11,0.0,0.0,0,0
2009-08-12,0.0,0.0,0,0
2009-08-13,0.0,0.0,0,0
2009-08-14,0.0,0.0,0,0
2009-08-15,0.0,0.0,0,0
2009-08-16,0.0,0.0,0,0
2009-08-17,0.0,0.0,0,0
2009-08-18,0.0,0.0,0,0
2009-08-19,0.0,0.0,0,0
2009-08-20,0.0,0.0,0,0
2009-08-21,0.0,0.0,0,0
2009-08-22,0.0,0.0,0,0
2009-08-23,0.0,0.0,0,0
2009-08-24,0.0,0.0,0,0
2009-08-25,0.0,0.0,0,0
2009-08-26,0.0,0.0,0,0
2009-08-27,0.0,0.0,0,0
2009-08-28,0.0,0.0,0,0
2009-08-29,0.0,0.0,0,0
2009-08-30,0.0,0.0,0,0
2009-08-31,0.0,0.0,0,0
2009-09-01,0.0,0.0,0,0
2009-09-02,0.0,0.0,0,0
2009-09-03,0.0,0.0,0,0
2009-09-04,0.0,0.0,0,0
2009-09-05,0.0,0.0,0,0
2009-09-06,0.0,0.0,0,0
2009-09-07,0.0,0.0,0,0
2009-09-08,0.0,0.0,0,0
2009-09-09,0.0,0.0,0,0
2009-09-10,0.0,0.0,0,0
2009-09-11,0.0,0.0,0,0
2009-09-12,0.0,0.0,0,0
2009-09-13,0.0,0.0,0,0
2009-09-14,0.0,0.0,0,0
2009-09-15,0.0,0.0,0,0
2009-09-16,0.0,0.0,0,0
2009-09-17,0.0,0.0,0,0
2009-09-18,0.0,0.0,0,0
2009-09-19,0.0,0.0,0,0
2009-09-20,0.0,0.0,0,0
2009-09-21,0.0,0.0,0,0
2009-09-22,0.0,0.0,0,0
2009-09-23,0.0,0.0,0,0
2009-09-24,0.0,0.0,0,0
2009-09-25,0.0,0.0,0,0
2009-09-26,0.0,0.0,0,0
2009-09-27,0.0,0.0,0,0
2009-09-28,0.0,0.0,0,0
2009-09-29,0.0,0.0,0,0
2009-09-30,0.0,0.0,0,0
2009-10-01,0.0,0.0,0,0
2009-10-02,0.0,0.0,0,0
2009-10-03,0.0,0.0,0,0
2009-10-04,0.0,0.0,0,0
2009-10-05,0.0,0.0,0,0
2009-10-06,0.0,0.0,0,0
2009-10-07,0.0,0.0,0,0
2009-10-08,0.0,0.0,0,0
2009-10-09,0.0,0.0,0,0
2009-10-10,0.0,0.0,0,0
2009-10-11,0.0,0.0,0,0
2009-10-12,0.0,0.0,0,0
2009-10-13,0.0,0.0,0,0
2009-10-14,0.0,0.0,0,0
2009-10-15,0.0,0.0,0,0
2009-10-16,0.0,0.0,0,0
2009-10-17,0.0,0.0,0,0
2009-10-18,0.0,0.0,0,0
2009-10-19,0.0,0.0,0,0
2009-10-20,0.0,0.0,0,0
2009-10-21,0.0,0.0,0,0
2009-10-22,0.0,0.0,0,0
2009-10-23,0.0,0.0,0,0
2009-10-24,0.0,0.0,0,0
2009-10-25,0.0,0.0,0,0
2009-10-26,0.0,0.0,0,0
2009-10-27,0.0,0.0,0,0
2009-10-28,0.0,0.0,0,0
2009-10-29,0.0,0.0,0,0
2009-10-30,0.0,0.0,0,0
2009-10-31,0.0,0.0,0,0
2009-11-01,0.0,0.0,0,0
2009-11-02,0.0,0.0,0,0
2009-11-03,0.0,0.0,0,0
2009-11-04,0.0,0.0,0,0
2009-11-05,0.0,0.0,0,0
2009-11-06,0.0,0.0,0,0
2009-11-07,0.0,0.0,0,0
2009-11-08,0.0,0.0,0,0
2009-11-09,0.0,0.0,0,0
2009-11-10,0.0,0.0,0,0
2009-11-11,0.0,0.0,0,0
2009-11-12,0.0,0.0,0,0
2009-11-13,0.0,0.0,0,0
2009-11-14,0.0,0.0,0,0
2009-11-15,0.0,0.0,0,0
2009-11-16,0.0,0.0,0,0
2009-11-17,0.0,0.0,0,0
2009-11-18,0.0,0.0,0,0
2009-11-19,0.0,0.0,0,0
2009-11-20,0.0,0.0,0,0
2009-11-21,0.0,0.0,0,0
2009-11-22,0.0,0.0,0,0
2009-11-23,0.0,0.0,0,0
2009-11-24,0.0,0.0,0,0
2009-11-25,0.0,0.0,0,0
2009-11-26,0.0,0.0,0,0
2009-11-27,0.0,0.0,0,0
2009-11-28,0.0,0.0,0,0
2009-11-29,0.0,0.0,0,0
2009-11-30,0.0,0.0,0,0
2009-12-01,0.0,0.0,0,0
2009-12-02,0.0,0.0,0,0
2009-12-03,0.0,0.0,0,0
2009-12-04,0.0,0.0,0,0
2009-12-05,0.0,0.0,0,0
2009-12-06,0.0,0.0,0,0
2009-12-07,0.0,0.0,0,0
2009-12-08,0.0,0.0,0,0
2009-12-09,0.0,0.0,0,0
2009-12-10,0.0,0.0,0,0
2009-12-11,0.0,0.0,0,0
2009-12-12,0.0,0.0,0,0
2009-12-13,0.0,0.0,0,0
2009-12-14,0.0,0.0,0,0
2009-12-15,0.0,0.0,0,0
2009-12-16,0.0,0.0,0,0
2009-12-17,0.0,0.0,0,0
2009-12-18,0.0,0.0,0,0
2009-12-19,0.0,0.0,0,0
2009-12-20,0.0,0.0,0,0
2009-12-21,0.0,0.0,0,0
2009-12-22,0.0,0.0,0,0
2009-12-23,0.0,0.0,0,0
2009-12-24,0.0,0.0,0,0
2009-12-25,0.0,0.0,0,0
2009-12-26,0.0,0.0,0,0
2009-12-27,0.0,0.0,0,0
2009-12-28,0.0,0.0,0,0
2009-12-29,0.0,0.0,0,0
2009-12-30,0.0,0.0,0,0
2009-12-31,0.0,0.0,0,0
2010-01-01,0.0,0.0,0,0
2010-01-02,0.0,0.0,0,0
2010-01-03,0.0,0.0,0,0
2010-01-04,0.0,0.0,0,0
2010-01-05,0.0,0.0,0,0
2010-01-06,0.0,0.0,0,0
2010-01-07,0.0,0.0,0,0
2010-01-08,0.0,0.0,0,0
2010-01-09,0.0,0.0,0,0
2010-01-10,0.0,0.0,0,0
2010-01-11,0.0,0.0,0,0
2010-01-12,0.0,0.0,0,0
2010-01-13,0.0,0.0,0,0
2010-01-14,0.0,0.0,0,0
2010-01-15,0.0,0.0,0,0
2010-01-16,0.0,0.0,0,0
2010-01-17,0.0,0.0,0,0
2010-01-18,0.0,0.0,0,0
2010-01-19,0.0,0.0,0,0
2010-01-20,0.0,0.0,0,0
2010-01-21,0.0,0.0,0,0
2010-01-22,0.0,0.0,0,0
2010-01-23,0.0,0.0,0,0
2010-01-24,0.0,0.0,0,0
2010-01-25,0.0,0.0,0,0
2010-01-26,0.0,0.0,0,0
2010-01-27,0.0,0.0,0,0
2010-01-28,0.0,0.0,0,0
2010-01-29,0.0,0.0,0,0
2010-01-30,0.0,0.0,0,0
2010-01-31,0.0,0.0,0,0
2010-02-01,0.0,0.0,0,0
2010-02-02,0.0,0.0,0,0
2010-02-03,0.0,0.0,0,0
2010-02-04,0.0,0.0,0,0
2010-02-05,0.0,0.0,0,0
2010-02-06,0.0,0.0,0,0
2010-02-07,0.0,0.0,0,0
2010-02-08,0.0,0.0,0,0
2010-02-09,0.0,0.0,0,0
2010-02-10,0.0,0.0,0,0
2010-02-11,0.0,0.0,0,0
2010-02-12,0.0,0.0,0,0
2010-02-13,0.0,0.0,0,0
2010-02-14,0.0,0.0,0,0
2010-02-15,0.0,0.0,0,0
2010-02-16,0.0,0.0,0,0
2010-02-17,0.0,0.0,0,0
2010-02-18,0.0,0.0,0,0
2010-02-19,0.0,0.0,0,0
2010-02-20,0.0,0.0,0,0
2010-02-21,0.0,0.0,0,0
2010-02-22,0.0,0.0,0,0
2010-02-23,0.0,0.0,0,0
2010-02-24,0.0,0.0,0,0
2010-02-25,0.0,0.0,0,0
2010-02-26,0.0,0.0,0,0
2010-02-27,0.0,0.0,0,0
2010-02-28,0.0,0.0,0,0
2010-03-01,0.0,0.0,0,0
2010-03-02,0.0,0.0,0,0
2010-03-03,0.0,0.0,0,0
2010-03-04,0.0,0.0,0,0
2010-03-05,0.0,0.0,0,0
2010-03-06,0.0,0.0,0,0
2010-03-07,0.0,0.0,0,0
2010-03-08,0.0,0.0,0,0
2010-03-09,0.0,0.0,0,0
2010-03-10,0.0,0.0,0,0
2010-03-11,0.0,0.0,0,0
2010-03-12,0.0,0.0,0,0
2010-03-13,0.0,0.0,0,0
2010-03-14,0.0,0.0,0,0
2010-03-15,0.0,0.0,0,0
2010-03-16,0.0,0.0,0,0
2010-03-17,0.0,0.0,0,0
2010-03-18,0.0,0.0,0,0
2010-03-19,0.0,0.0,0,0
2010-03-20,0.0,0.0,0,0
2010-03-21,0.0,0.0,0,0
2010-03-22,0.0,0.0,0,0
2010-03-23,0.0,0.0,0,0
2010-03-24,0.0,0.0,0,0
2010-03-25,0.0,0.0,0,0
2010-03-26,0.0,0.0,0,0
2010-03-27,0.0,0.0,0,0
2010-03-28,0.0,0.0,0,0
2010-03-29,0.0,0.0,0,0
2010-03-30,0.0,0.0,0,0
2010-03-31,0.0,0.0,0,0
2010-04-01,0.0,0.0,0,0
2010-04-02,0.0,0.0,0,0
2010-04-03,0.0,0.0,0,0
2010-04-04,0.0,0.0,0,0
2010-04-05,0.0,0.0,0,0
2010-04-06,0.0,0.0,0,0
2010-04-07,0.0,0.0,0,0
2010-04-08,0.0,0.0,0,0
2010-04-09,0.0,0.0,0,0
2010-04-10,0.0,0.0,0,0
2010-04-11,0.0,0.0,0,0
2010-04-12,0.0,0.0,0,0
2010-04-13,0.0,0.0,0,0
2010-04-14,0.0,0.0,0,0
2010-04-15,0.0,0.0,0,0
2010-04-16,0.0,0.0,0,0
2010-04-17,0.0,0.0,0,0
2010-04-18,0.0,0.0,0,0
2010-04-19,0.0,0.0,0,0
2010-04-20,0.0,0.0,0,0
2010-04-21,0.0,0.0,0,0
2010-04-22,0.0,0.0,0,0
2010-04-23,0.0,0.0,0,0
2010-04-24,0.0,0.0,0,0
2010-04-25,0.0,0.0,0,0
2010-04-26,0.0,0.0,0,0
2010-04-27,0.0,0.0,0,0
2010-04-28,0.0,0.0,0,0
2010-04-29,0.0,0.0,0,0
2010-04-30,0.0,0.0,0,0
2010-05-01,0.0,0.0,0,0
2010-05-02,0.0,0.0,0,0
2010-05-03,0.0,0.0,0,0
2010-05-04,0.0,0.0,0,0
2010-05-05,0.0,0.0,0,0
2010-05-06,0.0,0.0,0,0
2010-05-07,0.0,0.0,0,0
2010-05-08,0.0,0.0,0,0
2010-05-09,0.0,0.0,0,0
2010-05-10,0.0,0.0,0,0
2010-05-11,0.0,0.0,0,0
2010-05-12,0.0,0.0,0,0
2010-05-13,0.0,0.0,0,0
2010-05-14,0.0,0.0,0,0
2010-05-15,0.0,0.0,0,0
2010-05-16,0.0,0.0,0,0
2010-05-17,0.0,0.0,0,0
2010-05-18,0.0,0.0,0,0
2010-05-19,0.0,0.0,0,0
2010-05-20,0.0,0.0,0,0
2010-05-21,0.0,0.0,0,0
2010-05-22,0.0,0.0,0,0
2010-05-23,0.0,0.0,0,0
2010-05-24,0.0,0.0,0,0
2010-05-25,0.0,0.0,0,0
2010-05-26,0.0,0.0,0,0
2010-05-27,0.0,0.0,0,0
2010-05-28,0.0,0.0,0,0
2010-05-29,0.0,0.0,0,0
2010-05-30,0.0,0.0,0,0
2010-05-31,0.0,0.0,0,0
2010-06-01,0.0,0.0,0,0
2010-06-02,0.0,0.0,0,0
2010-06-03,0.0,0.0,0,0
2010-06-04,0.0,0.0,0,0
2010-06-05,0.0,0.0,0,0
2010-06-06,0.0,0.0,0,0
2010-06-07,0.0,0.0,0,0
2010-06-08,0.0,0.0,0,0
2010-06-09,0.0,0.0,0,0
2010-06-10,0.0,0.0,0,0
2010-06-11,0.0,0.0,0,0
2010-06-12,0.0,0.0,0,0
2010-06-13,0.0,0.0,0,0
2010-06-14,0.0,0.0,0,0
2010-06-15,0.0,0.0,0,0
2010-06-16,0.0,0.0,0,0
2010-06-17,0.0,0.0,0,0
2010-06-18,0.0,0.0,0,0
2010-06-19,0.0,0.0,0,0
2010-06-20,0.0,0.0,0,0
2010-06-21,0.0,0.0,0,0
2010-06-22,0.0,0.0,0,0
2010-06-23,0.0,0.0,0,0
2010-06-24,0.0,0.0,0,0
2010-06-25,0.0,0.0,0,0
2010-06-26,0.0,0.0,0,0
2010-06-27,0.0,0.0,0,0
2010-06-28,0.0,0.0,0,0
2010-06-29,0.0,0.0,0,0
2010-06-30,0.0,0.0,0,0
2010-07-01,0.0,0.0,0,0
2010-07-02,0.0,0.0,0,0
2010-07-03,0.0,0.0,0,0
2010-07-04,0.0,0.0,0,0
2010-07-05,0.0,0.0,0,0
2010-07-06,0.0,0.0,0,0
2010-07-07,0.0,0.0,0,0
2010-07-08,0.0,0.0,0,0
2010-07-09,0.0,0.0,0,0
2010-07-10,0.0,0.0,0,0
2010-07-11,0.0,0.0,0,0
2010-07-12,0.0,0.0,0,0
2010-07-13,0.0,0.0,0,0
2010-07-14,0.0,0.0,0,0
2010-07-15,0.0,0.0,0,0
2010-07-16,0.0,0.0,0,0
2010-07-17,0.0,0.0,0,0
2010-07-18,0.0,0.0,0,0
2010-07-19,0.0,0.0,0,0
2010-07-20,0.0,0.0,0,0
2010-07-21,0.0,0.0,0,0
2010-07-22,0.0,0.0,0,0
2010-07-23,0.0,0.0,0,0
2010-07-24,0.0,0.0,0,0
2010-07-25,0.0,0.0,0,0
2010-07-26,0.0,0.0,0,0
2010-07-27,0.0,0.0,0,0
2010-07-28,0.0,0.0,0,0
2010-07-29,0.0,0.0,0,0
2010-07-30,0.0,0.0,0,0
2010-07-31,0.0,0.0,0,0
2010-08-01,0.0,0.0,0,0
2010-08-02,0.0,0.0,0,0
2010-08-03,0.0,0.0,0,0
2010-08-04,0.0,0.0,0,0
2010-08-05,0.0,0.0,0,0
2010-08-06,0.0,0.0,0,0
2010-08-07,0.0,0.0,0,0
2010-08-08,0.0,0.0,0,0
2010-08-09,0.0,0.0,0,0
2010-08-10,0.0,0.0,0,0
2010-08-11,0.0,0.0,0,0
2010-08-12,0.0,0.0,0,0
2010-08-13,0.0,0.0,0,0
2010-08-14,0.0,0.0,0,0
2010-08-15,0.0,0.0,0,0
2010-08-16,0.0,0.0,0,0
2010-08-17,0.0,0.0,0,0
2010-08-18,0.0,0.0,0,0
2010-08-19,0.0,0.0,0,0
2010-08-20,0.0,0.0,0,0
2010-08-21,0.0,0.0,0,0
2010-08-22,0.0,0.0,0,0
2010-08-23,0.0,0.0,0,0
2010-08-24,0.0,0.0,0,0
2010-08-25,0.0,0.0,0,0
2010-08-26,0.0,0.0,0,0
2010-08-27,0.0,0.0,0,0
2010-08-28,0.0,0.0,0,0
2010-08-29,0.0,0.0,0,0
2010-08-30,0.0,0.0,0,0
2010-08-31,0.0,0.0,0,0
2010-09-01,0.0,0.0,0,0
2010-09-02,0.0,0.0,0,0
2010-09-03,0.0,0.0,0,0
2010-09-04,0.0,0.0,0,0
2010-09-05,0.0,0.0,0,0
2010-09-06,0.0,0.0,0,0
2010-09-07,0.0,0.0,0,0
2010-09-08,0.0,0.0,0,0
2010-09-09,0.0,0.0,0,0
2010-09-10,0.0,0.0,0,0
2010-09-11,0.0,0.0,0,0
2010-09-12,0.0,0.0,0,0
2010-09-13,0.0,0.0,0,0
2010-09-14,0.0,0.0,0,0
2010-09-15,0.0,0.0,0,0
2010-09-16,0.0,0.0,0,0
2010-09-17,0.0,0.0,0,0
2010-09-18,0.0,0.0,0,0
2010-09-19,0.0,0.0,0,0
2010-09-20,0.0,0.0,0,0
2010-09-21,0.0,0.0,0,0
2010-09-22,0.0,0.0,0,0
2010-09-23,0.0,0.0,0,0
2010-09-24,0.0,0.0,0,0
2010-09-25,0.0,0.0,0,0
2010-09-26,0.0,0.0,0,0
2010-09-27,0.0,0.0,0,0
2010-09-28,0.0,0.0,0,0
2010-09-29,0.0,0.0,0,0
2010-09-30,0.0,0.0,0,0
2010-10-01,0.0,0.0,0,0
2010-10-02,0.0,0.0,0,0
2010-10-03,0.0,0.0,0,0
2010-10-04,0.0,0.0,0,0
2010-10-05,0.0,0.0,0,0
2010-10-06,0.0,0.0,0,0
2010-10-07,0.0,0.0,0,0
2010-10-08,0.0,0.0,0,0
2010-10-09,0.0,0.0,0,0
2010-10-10,0.0,0.0,0,0
2010-10-11,0.0,0.0,0,0
2010-10-12,0.0,0.0,0,0
2010-10-13,0.0,0.0,0,0
2010-10-14,0.0,0.0,0,0
2010-10-15,0.0,0.0,0,0
2010-10-16,0.0,0.0,0,0
2010-10-17,0.0,0.0,0,0
2010-10-18,0.0,0.0,0,0
2010-10-19,0.0,0.0,0,0
2010-10-20,0.0,0.0,0,0
2010-10-21,0.0,0.0,0,0
2010-10-22,0.0,0.0,0,0
2010-10-23,0.0,0.0,0,0
2010-10-24,0.0,0.0,0,0
2010-10-25,0.0,0.0,0,0
2010-10-26,0.0,0.0,0,0
2010-10-27,0.0,0.0,0,0
2010-10-28,0.0,0.0,0,0
2010-10-29,0.0,0.0,0,0
2010-10-30,0.0,0.0,0,0
2010-10-31,0.0,0.0,0,0
2010-11-01,0.0,0.0,0,0
2010-11-02,0.0,0.0,0,0
2010-11-03,0.0,0.0,0,0
2010-11-04,0.0,0.0,0,0
2010-11-05,0.0,0.0,0,0
2010-11-06,0.0,0.0,0,0
2010-11-07,0.0,0.0,0,0
2010-11-08,0.0,0.0,0,0
2010-11-09,0.0,0.0,0,0
2010-11-10,0.0,0.0,0,0
2010-11-11,0.0,0.0,0,0
2010-11-12,0.0,0.0,0,0
2010-11-13,0.0,0.0,0,0
2010-11-14,0.0,0.0,0,0
2010-11-15,0.0,0.0,0,0
2010-11-16,0.0,0.0,0,0
2010-11-17,0.0,0.0,0,0
2010-11-18,0.0,0.0,0,0
2010-11-19,0.0,0.0,0,0
2010-11-20,0.0,0.0,0,0
2010-11-21,0.0,0.0,0,0
2010-11-22,0.0,0.0,0,0
2010-11-23,0.0,0.0,0,0
2010-11-24,0.0,0.0,0,0
2010-11-25,0.0,0.0,0,0
2010-11-26,0.0,0.0,0,0
2010-11-27,0.0,0.0,0,0
2010-11-28,0.0,0.0,0,0
2010-11-29,0.0,0.0,0,0
2010-11-30,0.0,0.0,0,0
2010-12-01,0.0,0.0,0,0
2010-12-02,0.0,0.0,0,0
2010-12-03,0.0,0.0,0,0
2010-12-04,0.0,0.0,0,0
2010-12-05,0.0,0.0,0,0
2010-12-06,0.0,0.0,0,0
2010-12-07,0.0,0.0,0,0
2010-12-08,0.0,0.0,0,0
2010-12-09,0.0,0.0,0,0
2010-12-10,0.0,0.0,0,0
2010-12-11,0.0,0.0,0,0
2010-12-12,0.0,0.0,0,0
2010-12-13,0.0,0.0,0,0
2010-12-14,0.0,0.0,0,0
2010-12-15,0.0,0.0,0,0
2010-12-16,0.0,0.0,0,0
2010-12-17,0.0,0.0,0,0
2010-12-18,0.0,0.0,0,0
2010-12-19,0.0,0.0,0,0
2010-12-20,0.0,0.0,0,0
2010-12-21,0.0,0.0,0,0
2010-12-22,0.0,0.0,0,0
2010-12-23,0.0,0.0,0,0
2010-12-24,0.0,0.0,0,0
2010-12-25,0.0,0.0,0,0
2010-12-26,0.0,0.0,0,0
2010-12-27,0.0,0.0,0,0
2010-12-28,0.0,0.0,0,0
2010-12-29,0.0,0.0,0,0
2010-12-30,0.0,0.0,0,0
2010-12-31,0.0,0.0,0,0
2011-01-01,0.0,0.0,0,0
2011-01-02,0.0,0.0,0,0
2011-01-03,0.0,0.0,0,0
2011-01-04,0.0,0.0,0,0
2011-01-05,0.0,0.0,0,0
2011-01-06,0.0,0.0,0,0
2011-01-07,0.0,0.0,0,0
2011-01-08,0.0,0.0,0,0
2011-01-09,0.0,0.0,0,0
2011-01-10,0.0,0.0,0,0
2011-01-11,0.0,0.0,0,0
2011-01-12,0.0,0.0,0,0
2011-01-13,0.0,0.0,0,0
2011-01-14,0.0,0.0,0,0
2011-01-15,0.0,0.0,0,0
2011-01-16,0.0,0.0,0,0
2011-01-17,0.0,0.0,0,0
2011-01-18,0.0,0.0,0,0
2011-01-19,0.0,0.0,0,0
2011-01-20,0.0,0.0,0,0
2011-01-21,0.0,0.0,0,0
2011-01-22,0.0,0.0,0,0
2011-01-23,0.0,0.0,0,0
2011-01-24,0.0,0.0,0,0
2011-01-25,0.0,0.0,0,0
2011-01-26,0.0,0.0,0,0
2011-01-27,0.0,0.0,0,0
2011-01-28,0.0,0.0,0,0
2011-01-29,0.0,0.0,0,0
2011-01-30,0.0,0.0,0,0
2011-01-31,0.0,0.0,0,0
2011-02-01,0.0,0.0,0,0
2011-02-02,0.0,0.0,0,0
2011-02-03,0.0,0.0,0,0
2011-02-04,0.0,0.0,0,0
2011-02-05,0.0,0.0,0,0
2011-02-06,0.0,0.0,0,0
2011-02-07,0.0,0.0,0,0
2011-02-08,0.0,0.0,0,0
2011-02-09,0.0,0.0,0,0
2011-02-10,0.0,0.0,0,0
2011-02-11,0.0,0.0,0,0
2011-02-12,0.0,0.0,0,0
2011-02-13,0.0,0.0,0,0
2011-02-14,0.0,0.0,0,0
2011-02-15,0.0,0.0,0,0
2011-02-16,0.0,0.0,0,0
2011-02-17,0.0,0.0,0,0
2011-02-18,0.0,0.0,0,0
2011-02-19,0.0,0.0,0,0
2011-02-20,0.0,0.0,0,0
2011-02-21,0.0,0.0,0,0
2011-02-22,0.0,0.0,0,0
2011-02-23,0.0,0.0,0,0
2011-02-24,0.0,0.0,0,0
2011-02-25,0.0,0.0,0,0
2011-02-26,0.0,0.0,0,0
2011-02-27,0.0,0.0,0,0
2011-02-28,0.0,0.0,0,0
2011-03-01,0.0,0.0,0,0
2011-03-02,0.0,0.0,0,0
2011-03-03,0.0,0.0,0,0
2011-03-04,0.0,0.0,0,0
2011-03-05,0.0,0.0,0,0
2011-03-06,0.0,0.0,0,0
2011-03-07,0.0,0.0,0,0
2011-03-08,0.0,0.0,0,0
2011-03-09,0.0,0.0,0,0
2011-03-10,0.0,0.0,0,0
2011-03-11,0.0,0.0,0,0
2011-03-12,0.0,0.0,0,0
2011-03-13,0.0,0.0,0,0
2011-03-14,0.0,0.0,0,0
2011-03-15,0.0,0.0,0,0
2011-03-16,0.0,0.0,0,0
2011-03-17,0.0,0.0,0,0
2011-03-18,0.0,0.0,0,0
2011-03-19,0.0,0.0,0,0
2011-03-20,0.0,0.0,0,0
2011-03-21,0.0,0.0,0,0
2011-03-22,0.0,0.0,0,0
2011-03-23,0.0,0.0,0,0
2011-03-24,0.0,0.0,0,0
2011-03-25,0.0,0.0,0,0
2011-03-26,0.0,0.0,0,0
2011-03-27,0.0,0.0,0,0
2011-03-28,0.0,0.0,0,0
2011-03-29,0.0,0.0,0,0
2011-03-30,0.0,0.0,0,0
2011-03-31,0.0,0.0,0,0
2011-04-01,0.0,0.0,0,0
2011-04-02,0.0,0.0,0,0
2011-04-03,0.0,0.0,0,0
2011-04-04,0.0,0.0,0,0
2011-04-05,0.0,0.0,0,0
2011-04-06,0.0,0.0,0,0
2011-04-07,0.0,0.0,0,0
2011-04-08,0.0,0.0,0,0
2011-04-09,0.0,0.0,0,0
2011-04-10,0.0,0.0,0,0
2011-04-11,0.0,0.0,0,0
2011-04-12,0.0,0.0,0,0
2011-04-13,0.0,0.0,0,0
2011-04-14,0.0,0.0,0,0
2011-04-15,0.0,0.0,0,0
2011-04-16,0.0,0.0,0,0
2011-04-17,0.0,0.0,0,0
2011-04-18,0.0,0.0,0,0
2011-04-19,0.0,0.0,0,0
2011-04-20,0.0,0.0,0,0
2011-04-21,0.0,0.0,0,0
2011-04-22,0.0,0.0,0,0
2011-04-23,0.0,0.0,0,0
2011-04-24,0.0,0.0,0,0
2011-04-25,0.0,0.0,0,0
2011-04-26,0.0,0.0,0,0
2011-04-27,0.0,0.0,0,0
2011-04-28,0.0,0.0,0,0
2011-04-29,0.0,0.0,0,0
2011-04-30,0.0,0.0,0,0
2011-05-01,0.0,0.0,0,0
2011-05-02,0.0,0.0,0,0
2011-05-03,0.0,0.0,0,0
2011-05-04,0.0,0.0,0,0
2011-05-05,0.0,0.0,0,0
2011-05-06,0.0,0.0,0,0
2011-05-07,0.0,0.0,0,0
2011-05-08,0.0,0.0,0,0
2011-05-09,0.0,0.0,0,0
2011-05-10,0.0,0.0,0,0
2011-05-11,0.0,0.0,0,0
2011-05-12,0.0,0.0,0,0
2011-05-13,0.0,0.0,0,0
2011-05-14,0.0,0.0,0,0
2011-05-15,0.0,0.0,0,0
2011-05-16,0.0,0.0,0,0
2011-05-17,0.0,0.0,0,0
2011-05-18,0.0,0.0,0,0
2011-05-19,0.0,0.0,0,0
2011-05-20,0.0,0.0,0,0
2011-05-21,0.0,0.0,0,0
2011-05-22,0.0,0.0,0,0
2011-05-23,0.0,0.0,0,0
2011-05-24,0.0,0.0,0,0
2011-05-25,0.0,0.0,0,0
2011-05-26,0.0,0.0,0,0
2011-05-27,0.0,0.0,0,0
2011-05-28,0.0,0.0,0,0
2011-05-29,0.0,0.0,0,0
2011-05-30,0.0,0.0,0,0
2011-05-31,0.0,0.0,0,0
2011-06-01,0.0,0.0,0,0
2011-06-02,0.0,0.0,0,0
2011-06-03,0.0,0.0,0,0
2011-06-04,0.0,0.0,0,0
2011-06-05,0.0,0.0,0,0
2011-06-06,0.0,0.0,0,0
2011-06-07,0.0,0.0,0,0
2011-06-08,0.0,0.0,0,0
2011-06-09,0.0,0.0,0,0
2011-06-10,0.0,0.0,0,0
2011-06-11,0.0,0.0,0,0
2011-06-12,0.0,0.0,0,0
2011-06-13,0.0,0.0,0,0
2011-06-14,0.0,0.0,0,0
2011-06-15,0.0,0.0,0,0
2011-06-16,0.0,0.0,0,0
2011-06-17,0.0,0.0,0,0
2011-06-18,0.0,0.0,0,0
2011-06-19,0.0,0.0,0,0
2011-06-20,0.0,0.0,0,0
2011-06-21,0.0,0.0,0,0
2011-06-22,0.0,0.0,0,0
2011-06-23,0.0,0.0,0,0
2011-06-24,0.0,0.0,0,0
2011-06-25,0.0,0.0,0,0
2011-06-26,0.0,0.0,0,0
2011-06-27,0.0,0.0,0,0
2011-06-28,0.0,0.0,0,0
2011-06-29,0.0,0.0,0,0
2011-06-30,0.0,0.0,0,0
2011-07-01,0.0,0.0,0,0
2011-07-02,0.0,0.0,0,0
2011-07-03,0.0,0.0,0,0
2011-07-04,0.0,0.0,0,0
2011-07-05,0.0,0.0,0,0
2011-07-06,0.0,0.0,0,0
2011-07-07,0.0,0.0,0,0
2011-07-08,0.0,0.0,0,0
2011-07-09,0.0,0.0,0,0
2011-07-10,0.0,0.0,0,0
2011-07-11,0.0,0.0,0,0
2011-07-12,0.0,0.0,0,0
2011-07-13,0.0,0.0,0,0
2011-07-14,0.0,0.0,0,0
2011-07-15,0.0,0.0,0,0
2011-07-16,0.0,0.0,0,0
2011-07-17,0.0,0.0,0,0
2011-07-18,0.0,0.0,0,0
2011-07-19,0.0,0.0,0,0
2011-07-20,0.0,0.0,0,0
2011-07-21,0.0,0.0,0,0
2011-07-22,0.0,0.0,0,0
2011-07-23,0.0,0.0,0,0
2011-07-24,0.0,0.0,0,0
2011-07-25,0.0,0.0,0,0
2011-07-26,0.0,0.0,0,0
2011-07-27,0.0,0.0,0,0
2011-07-28,0.0,0.0,0,0
2011-07-29,0.0,0.0,0,0
2011-07-30,0.0,0.0,0,0
2011-07-31,0.0,0.0,0,0
2011-08-01,0.0,0.0,0,0
2011-08-02,0.0,0.0,0,0
2011-08-03,0.0,0.0,0,0
2011-08-04,0.0,0.0,0,0
2011-08-05,0.0,0.0,0,0
2011-08-06,0.0,0.0,0,0
2011-08-07,0.0,0.0,0,0
2011-08-08,0.0,0.0,0,0
2011-08-09,0.0,0.0,0,0
2011-08-10,0.0,0.0,0,0
2011-08-11,0.0,0.0,0,0
2011-08-12,0.0,0.0,0,0
2011-08-13,0.0,0.0,0,0
2011-08-14,0.0,0.0,0,0
2011-08-15,0.0,0.0,0,0
2011-08-16,0.0,0.0,0,0
2011-08-17,0.0,0.0,0,0
2011-08-18,0.0,0.0,0,0
2011-08-19,0.0,0.0,0,0
2011-08-20,0.0,0.0,0,0
2011-08-21,0.0,0.0,0,0
2011-08-22,0.0,0.0,0,0
2011-08-23,0.0,0.0,0,0
2011-08-24,0.0,0.0,0,0
2011-08-25,0.0,0.0,0,0
2011-08-26,0.0,0.0,0,0
2011-08-27,0.0,0.0,0,0
2011-08-28,0.0,0.0,0,0
2011-08-29,0.0,0.0,0,0
2011-08-30,0.0,0.0,0,0
2011-08-31,0.0,0.0,0,0
2011-09-01,0.0,0.0,0,0
2011-09-02,0.0,0.0,0,0
2011-09-03,0.0,0.0,0,0
2011-09-04,0.0,0.0,0,0
2011-09-05,0.0,0.0,0,0
2011-09-06,0.0,0.0,0,0
2011-09-07,0.0,0.0,0,0
2011-09-08,0.0,0.0,0,0
2011-09-09,0.0,0.0,0,0
2011-09-10,0.0,0.0,0,0
2011-09-11,0.0,0.0,0,0
2011-09-12,0.0,0.0,0,0
2011-09-13,0.0,0.0,0,0
2011-09-14,0.0,0.0,0,0
2011-09-15,0.0,0.0,0,0
2011-09-16,0.0,0.0,0,0
2011-09-17,0.0,0.0,0,0
2011-09-18,0.0,0.0,0,0
2011-09-19,0.0,0.0,0,0
2011-09-20,0.0,0.0,0,0
2011-09-21,0.0,0.0,0,0
2011-09-22,0.0,0.0,0,0
2011-09-23,0.0,0.0,0,0
2011-09-24,0.0,0.0,0,0
2011-09-25,0.0,0.0,0,0
2011-09-26,0.0,0.0,0,0
2011-09-27,0.0,0.0,0,0
2011-09-28,0.0,0.0,0,0
2011-09-29,0.0,0.0,0,0
2011-09-30,0.0,0.0,0,0
2011-10-01,0.0,0.0,0,0
2011-10-02,0.0,0.0,0,0
2011-10-03,0.0,0.0,0,0
2011-10-04,0.0,0.0,0,0
2011-10-05,0.0,0.0,0,0
2011-10-06,0.0,0.0,0,0
2011-10-07,0.0,0.0,0,0
2011-10-08,0.0,0.0,0,0
2011-10-09,0.0,0.0,0,0
2011-10-10,0.0,0.0,0,0
2011-10-11,0.0,0.0,0,0
2011-10-12,0.0,0.0,0,0
2011-10-13,0.0,0.0,0,0
2011-10-14,0.0,0.0,0,0
2011-10-15,0.0,0.0,0,0
2011-10-16,0.0,0.0,0,0
2011-10-17,0.0,0.0,0,0
2011-10-18,0.0,0.0,0,0
2011-10-19,0.0,0.0,0,0
2011-10-20,0.0,0.0,0,0
2011-10-21,0.0,0.0,0,0
2011-10-22,0.0,0.0,0,0
2011-10-23,0.0,0.0,0,0
2011-10-24,0.0,0.0,0,0
2011-10-25,0.0,0.0,0,0
2011-10-26,0.0,0.0,0,0
2011-10-27,0.0,0.0,0,0
2011-10-28,0.0,0.0,0,0
2011-10-29,0.0,0.0,0,0
2011-10-30,0.0,0.0,0,0
2011-10-31,0.0,0.0,0,0
2011-11-01,0.0,0.0,0,0
2011-11-02,0.0,0.0,0,0
2011-11-03,0.0,0.0,0,0
2011-11-04,0.0,0.0,0,0
2011-11-05,0.0,0.0,0,0
2011-11-06,0.0,0.0,0,0
2011-11-07,0.0,0.0,0,0
2011-11-08,0.0,0.0,0,0
2011-11-09,0.0,0.0,0,0
2011-11-10,0.0,0.0,0,0
2011-11-11,0.0,0.0,0,0
2011-11-12,0.0,0.0,0,0
2011-11-13,0.0,0.0,0,0
2011-11-14,0.0,0.0,0,0
2011-11-15,0.0,0.0,0,0
2011-11-16,0.0,0.0,0,0
2011-11-17,0.0,0.0,0,0
2011-11-18,0.0,0.0,0,0
2011-11-19,0.0,0.0,0,0
2011-11-20,0.0,0.0,0,0
2011-11-21,0.0,0.0,0,0
2011-11-22,0.0,0.0,0,0
2011-11-23,0.0,0.0,0,0
2011-11-24,0.0,0.0,0,0
2011-11-25,0.0,0.0,0,0
2011-11-26,0.0,0.0,0,0
2011-11-27,0.0,0.0,0,0
2011-11-28,0.0,0.0,0,0
2011-11-29,0.0,0.0,0,0
2011-11-30,0.0,0.0,0,0
2011-12-01,0.0,0.0,0,0
2011-12-02,0.0,0.0,0,0
2011-12-03,0.0,0.0,0,0
2011-12-04,0.0,0.0,0,0
2011-12-05,0.0,0.0,0,0
2011-12-06,0.0,0.0,0,0
2011-12-07,0.0,0.0,0,0
2011-12-08,0.0,0.0,0,0
2011-12-09,0.0,0.0,0,0
2011-12-10,0.0,0.0,0,0
2011-12-11,0.0,0.0,0,0
2011-12-12,0.0,0.0,0,0
2011-12-13,0.0,0.0,0,0
2011-12-14,0.0,0.0,0,0
2011-12-15,0.0,0.0,0,0
2011-12-16,0.0,0.0,0,0
2011-12-17,0.0,0.0,0,0
2011-12-18,0.0,0.0,0,0
2011-12-19,0.0,0.0,0,0
2011-12-20,0.0,0.0,0,0
2011-12-21,0.0,0.0,0,0
2011-12-22,0.0,0.0,0,0
2011-12-23,0.0,0.0,0,0
2011-12-24,0.0,0.0,0,0
2011-12-25,0.0,0.0,0,0
2011-12-26,0.0,0.0,0,0
2011-12-27,0.0,0.0,0,0
2011-12-28,0.0,0.0,0,0
2011-12-29,0.0,0.0,0,0
2011-12-30,0.0,0.0,0,0
2011-12-31,0.0,0.0,0,0
2012-01-01,0.0,0.0,0,0
2012-01-02,0.0,0.0,0,0
2012-01-03,0.0,0.0,0,0
2012-01-04,0.0,0.0,0,0
2012-01-05,0.0,0.0,0,0
2012-01-06,0.0,0.0,0,0
2012-01-07,0.0,0.0,0,0
2012-01-08,0.0,0.0,0,0
2012-01-09,0.0,0.0,0,0
2012-01-10,0.0,0.0,0,0
2012-01-11,0.0,0.0,0,0
2012-01-12,0.0,0.0,0,0
2012-01-13,0.0,0.0,0,0
2012-01-14,0.0,0.0,0,0
2012-01-15,0.0,0.0,0,0
2012-01-16,0.0,0.0,0,0
2012-01-17,0.0,0.0,0,0
2012-01-18,0.0,0.0,0,0
2012-01-19,0.0,0.0,0,0
2012-01-20,0.0,0.0,0,0
2012-01-21,0.0,0.0,0,0
2012-01-22,0.0,0.0,0,0
2012-01-23,0.0,0.0,0,0
2012-01-24,0.0,0.0,0,0
2012-01-25,0.0,0.0,0,0
2012-01-26,0.0,0.0,0,0
2012-01-27,0.0,0.0,0,0
2012-01-28,0.0,0.0,0,0
2012-01-29,0.0,0.0,0,0
2012-01-30,0.0,0.0,0,0
2012-01-31,0.0,0.0,0,0
2012-02-01,0.0,0.0,0,0
2012-02-02,0.0,0.0,0,0
2012-02-03,0.0,0.0,0,0
2012-02-04,0.0,0.0,0,0
2012-02-05,0.0,0.0,0,0
2012-02-06,0.0,0.0,0,0
2012-02-07,0.0,0.0,0,0
2012-02-08,0.0,0.0,0,0
2012-02-09,0.0,0.0,0,0
2012-02-10,0.0,0.0,0,0
2012-02-11,0.0,0.0,0,0
2012-02-12,0.0,0.0,0,0
2012-02-13,0.0,0.0,0,0
2012-02-14,0.0,0.0,0,0
2012-02-15,0.0,0.0,0,0
2012-02-16,0.0,0.0,0,0
2012-02-17,0.0,0.0,0,0
2012-02-18,0.0,0.0,0,0
2012-02-19,0.0,0.0,0,0
2012-02-20,0.0,0.0,0,0
2012-02-21,0.0,0.0,0,0
2012-02-22,0.0,0.0,0,0
2012-02-23,0.0,0.0,0,0
2012-02-24,0.0,0.0,0,0
2012-02-25,0.0,0.0,0,0
2012-02-26,0.0,0.0,0,0
2012-02-27,0.0,0.0,0,0
2012-02-28,0.0,0.0,0,0
2012-02-29,0.0,0.0,0,0
2012-03-01,0.0,0.0,0,0
2012-03-02,0.0,0.0,0,0
2012-03-03,0.0,0.0,0,0
2012-03-04,0.0,0.0,0,0
2012-03-05,0.0,0.0,0,0
2012-03-06,0.0,0.0,0,0
2012-03-07,0.0,0.0,0,0
2012-03-08,0.0,0.0,0,0
2012-03-09,0.0,0.0,0,0
2012-03-10,0.0,0.0,0,0
2012-03-11,0.0,0.0,0,0
2012-03-12,0.0,0.0,0,0
2012-03-13,0.0,0.0,0,0
2012-03-14,0.0,0.0,0,0
2012-03-15,0.0,0.0,0,0
2012-03-16,0.0,0.0,0,0
2012-03-17,0.0,0.0,0,0
2012-03-18,0.0,0.0,0,0
2012-03-19,0.0,0.0,0,0
2012-03-20,0.0,0.0,0,0
2012-03-21,0.0,0.0,0,0
2012-03-22,0.0,0.0,0,0
2012-03-23,0.0,0.0,0,0
2012-03-24,0.0,0.0,0,0
2012-03-25,0.0,0.0,0,0
2012-03-26,0.0,0.0,0,0
2012-03-27,0.0,0.0,0,0
2012-03-28,0.0,0.0,0,0
2012-03-29,0.0,0.0,0,0
2012-03-30,0.0,0.0,0,0
2012-03-31,0.0,0.0,0,0
2012-04-01,0.0,0.0,0,0
2012-04-02,0.0,0.0,0,0
2012-04-03,0.0,0.0,0,0
2012-04-04,0.0,0.0,0,0
2012-04-05,0.0,0.0,0,0
2012-04-06,0.0,0.0,0,0
2012-04-07,0.0,0.0,0,0
2012-04-08,0.0,0.0,0,0
2012-04-09,0.0,0.0,0,0
2012-04-10,0.0,0.0,0,0
2012-04-11,0.0,0.0,0,0
2012-04-12,0.0,0.0,0,0
2012-04-13,0.0,0.0,0,0
2012-04-14,0.0,0.0,0,0
2012-04-15,0.0,0.0,0,0
2012-04-16,0.0,0.0,0,0
2012-04-17,0.0,0.0,0,0
2012-04-18,0.0,0.0,0,0
2012-04-19,0.0,0.0,0,0
2012-04-20,0.0,0.0,0,0
2012-04-21,0.0,0.0,0,0
2012-04-22,0.0,0.0,0,0
2012-04-23,0.0,0.0,0,0
2012-04-24,0.0,0.0,0,0
2012-04-25,0.0,0.0,0,0
2012-04-26,0.0,0.0,0,0
2012-04-27,0.0,0.0,0,0
2012-04-28,0.0,0.0,0,0
2012-04-29,0.0,0.0,0,0
2012-04-30,0.0,0.0,0,0
2012-05-01,0.0,0.0,0,0
2012-05-02,0.0,0.0,0,0
2012-05-03,0.0,0.0,0,0
2012-05-04,0.0,0.0,0,0
2012-05-05,0.0,0.0,0,0
2012-05-06,0.0,0.0,0,0
2012-05-07,0.0,0.0,0,0
2012-05-08,0.0,0.0,0,0
2012-05-09,0.0,0.0,0,0
2012-05-10,0.0,0.0,0,0
2012-05-11,0.0,0.0,0,0
2012-05-12,0.0,0.0,0,0
2012-05-13,0.0,0.0,0,0
2012-05-14,0.0,0.0,0,0
2012-05-15,0.0,0.0,0,0
2012-05-16,0.0,0.0,0,0
2012-05-17,0.0,0.0,0,0
2012-05-18,0.0,0.0,0,0
2012-05-19,0.0,0.0,0,0
2012-05-20,0.0,0.0,0,0
2012-05-21,0.0,0.0,0,0
2012-05-22,0.0,0.0,0,0
2012-05-23,0.0,0.0,0,0
2012-05-24,0.0,0.0,0,0
2012-05-25,0.0,0.0,0,0
2012-05-26,0.0,0.0,0,0
2012-05-27,0.0,0.0,0,0
2012-05-28,0.0,0.0,0,0
2012-05-29,0.0,0.0,0,0
2012-05-30,0.0,0.0,0,0
2012-05-31,0.0,0.0,0,0
2012-06-01,0.0,0.0,0,0
2012-06-02,0.0,0.0,0,0
2012-06-03,0.0,0.0,0,0
2012-06-04,0.0,0.0,0,0
2012-06-05,0.0,0.0,0,0
2012-06-06,0.0,0.0,0,0
2012-06-07,0.0,0.0,0,0
2012-06-08,0.0,0.0,0,0
2012-06-09,0.0,0.0,0,0
2012-06-10,0.0,0.0,0,0
2012-06-11,0.0,0.0,0,0
2012-06-12,0.0,0.0,0,0
2012-06-13,0.0,0.0,0,0
2012-06-14,0.0,0.0,0,0
2012-06-15,0.0,0.0,0,0
2012-06-16,0.0,0.0,0,0
2012-06-17,0.0,0.0,0,0
2012-06-18,0.0,0.0,0,0
2012-06-19,0.0,0.0,0,0
2012-06-20,0.0,0.0,0,0
2012-06-21,0.0,0.0,0,0
2012-06-22,0.0,0.0,0,0
2012-06-23,0.0,0.0,0,0
2012-06-24,0.0,0.0,0,0
2012-06-25,0.0,0.0,0,0
2012-06-26,0.0,0.0,0,0
2012-06-27,0.0,0.0,0,0
2012-06-28,0.0,0.0,0,0
2012-06-29,0.0,0.0,0,0
2012-06-30,0.0,0.0,0,0
2012-07-01,0.0,0.0,0,0
2012-07-02,0.0,0.0,0,0
2012-07-03,0.0,0.0,0,0
2012-07-04,0.0,0.0,0,0
2012-07-05,0.0,0.0,0,0
2012-07-06,0.0,0.0,0,0
2012-07-07,0.0,0.0,0,0
2012-07-08,0.0,0.0,0,0
2012-07-09,0.0,0.0,0,0
2012-07-10,0.0,0.0,0,0
2012-07-11,0.0,0.0,0,0
2012-07-12,0.0,0.0,0,0
2012-07-13,0.0,0.0,0,0
2012-07-14,0.0,0.0,0,0
2012-07-15,0.0,0.0,0,0
2012-07-16,0.0,0.0,0,0
2012-07-17,0.0,0.0,0,0
2012-07-18,0.0,0.0,0,0
2012-07-19,0.0,0.0,0,0
2012-07-20,0.0,0.0,0,0
2012-07-21,0.0,0.0,0,0
2012-07-22,0.0,0.0,0,0
2012-07-23,0.0,0.0,0,0
2012-07-24,0.0,0.0,0,0
2012-07-25,0.0,0.0,0,0
2012-07-26,0.0,0.0,0,0
2012-07-27,0.0,0.0,0,0
2012-07-28,0.0,0.0,0,0
2012-07-29,0.0,0.0,0,0
2012-07-30,0.0,0.0,0,0
2012-07-31,0.0,0.0,0,0
2012-08-01,0.0,0.0,0,0
2012-08-02,0.0,0.0,0,0
2012-08-03,0.0,0.0,0,0
2012-08-04,0.0,0.0,0,0
2012-08-05,0.0,0.0,0,0
2012-08-06,0.0,0.0,0,0
2012-08-07,0.0,0.0,0,0
2012-08-08,0.0,0.0,0,0
2012-08-09,0.0,0.0,0,0
2012-08-10,0.0,0.0,0,0
2012-08-11,0.0,0.0,0,0
2012-08-12,0.0,0.0,0,0
2012-08-13,0.0,0.0,0,0
2012-08-14,0.0,0.0,0,0
2012-08-15,0.0,0.0,0,0
2012-08-16,0.0,0.0,0,0
2012-08-17,0.0,0.0,0,0
2012-08-18,0.0,0.0,0,0
2012-08-19,0.0,0.0,0,0
2012-08-20,0.0,0.0,0,0
2012-08-21,0.0,0.0,0,0
2012-08-22,0.0,0.0,0,0
2012-08-23,0.0,0.0,0,0
2012-08-24,0.0,0.0,0,0
2012-08-25,0.0,0.0,0,0
2012-08-26,0.0,0.0,0,0
2012-08-27,0.0,0.0,0,0
2012-08-28,0.0,0.0,0,0
2012-08-29,0.0,0.0,0,0
2012-08-30,0.0,0.0,0,0
2012-08-31,0.0,0.0,0,0
2012-09-01,0.0,0.0,0,0
2012-09-02,0.0,0.0,0,0
2012-09-03,0.0,0.0,0,0
2012-09-04,0.0,0.0,0,0
2012-09-05,0.0,0.0,0,0
2012-09-06,0.0,0.0,0,0
2012-09-07,0.0,0.0,0,0
2012-09-08,0.0,0.0,0,0
2012-09-09,0.0,0.0,0,0
2012-09-10,0.0,0.0,0,0
2012-09-11,0.0,0.0,0,0
2012-09-12,0.0,0.0,0,0
2012-09-13,0.0,0.0,0,0
2012-09-14,0.0,0.0,0,0
2012-09-15,0.0,0.0,0,0
2012-09-16,0.0,0.0,0,0
2012-09-17,0.0,0.0,0,0
2012-09-18,0.0,0.0,0,0
2012-09-19,0.0,0.0,0,0
2012-09-20,0.0,0.0,0,0
2012-09-21,0.0,0.0,0,0
2012-09-22,0.0,0.0,0,0
2012-09-23,0.0,0.0,0,0
2012-09-24,0.0,0.0,0,0
2012-09-25,0.0,0.0,0,0
2012-09-26,0.0,0.0,0,0
2012-09-27,0.0,0.0,0,0
2012-09-28,0.0,0.0,0,0
2012-09-29,0.0,0.0,0,0
2012-09-30,0.0,0.0,0,0
2012-10-01,0.0,0.0,0,0
2012-10-02,0.0,0.0,0,0
2012-10-03,0.0,0.0,0,0
2012-10-04,0.0,0.0,0,0
2012-10-05,0.0,0.0,0,0
2012-10-06,0.0,0.0,0,0
2012-10-07,0.0,0.0,0,0
2012-10-08,0.0,0.0,0,0
2012-10-09,0.0,0.0,0,0
2012-10-10,0.0,0.0,0,0
2012-10-11,0.0,0.0,0,0
2012-10-12,0.0,0.0,0,0
2012-10-13,0.0,0.0,0,0
2012-10-14,0.0,0.0,0,0
2012-10-15,0.0,0.0,0,0
2012-10-16,0.0,0.0,0,0
2012-10-17,0.0,0.0,0,0
2012-10-18,0.0,0.0,0,0
2012-10-19,0.0,0.0,0,0
2012-10-20,0.0,0.0,0,0
2012-10-21,0.0,0.0,0,0
2012-10-22,0.0,0.0,0,0
2012-10-23,0.0,0.0,0,0
2012-10-24,0.0,0.0,0,0
2012-10-25,0.0,0.0,0,0
2012-10-26,0.0,0.0,0,0
2012-10-27,0.0,0.0,0,0
2012-10-28,0.0,0.0,0,0
2012-10-29,0.0,0.0,0,0
2012-10-30,0.0,0.0,0,0
2012-10-31,0.0,0.0,0,0
2012-11-01,0.0,0.0,0,0
2012-11-02,0.0,0.0,0,0
2012-11-03,0.0,0.0,0,0
2012-11-04,0.0,0.0,0,0
2012-11-05,0.0,0.0,0,0
2012-11-06,0.0,0.0,0,0
2012-11-07,0.0,0.0,0,0
2012-11-08,0.0,0.0,0,0
2012-11-09,0.0,0.0,0,0
2012-11-10,0.0,0.0,0,0
2012-11-11,0.0,0.0,0,0
2012-11-12,0.0,0.0,0,0
2012-11-13,0.0,0.0,0,0
2012-11-14,0.0,0.0,0,0
2012-11-15,0.0,0.0,0,0
2012-11-16,0.0,0.0,0,0
2012-11-17,0.0,0.0,0,0
2012-11-18,0.0,0.0,0,0
2012-11-19,0.0,0.0,0,0
2012-11-20,0.0,0.0,0,0
2012-11-21,0.0,0.0,0,0
2012-11-22,0.0,0.0,0,0
2012-11-23,0.0,0.0,0,0
2012-11-24,0.0,0.0,0,0
2012-11-25,0.0,0.0,0,0
2012-11-26,0.0,0.0,0,0
2012-11-27,0.0,0.0,0,0
2012-11-28,0.0,0.0,0,0
2012-11-29,0.0,0.0,0,0
2012-11-30,0.0,0.0,0,0
2012-12-01,0.0,0.0,0,0
2012-12-02,0.0,0.0,0,0
2012-12-03,0.0,0.0,0,0
2012-12-04,0.0,0.0,0,0
2012-12-05,0.0,0.0,0,0
2012-12-06,0.0,0.0,0,0
2012-12-07,0.0,0.0,0,0
2012-12-08,0.0,0.0,0,0
2012-12-09,0.0,0.0,0,0
2012-12-10,0.0,0.0,0,0
2012-12-11,0.0,0.0,0,0
2012-12-12,0.0,0.0,0,0
2012-12-13,0.0,0.0,0,0
2012-12-14,0.0,0.0,0,0
2012-12-15,0.0,0.0,0,0
2012-12-16,0.0,0.0,0,0
2012-12-17,0.0,0.0,0,0
2012-12-18,0.0,0.0,0,0
2012-12-19,0.0,0.0,0,0
2012-12-20,0.0,0.0,0,0
2012-12-21,0.0,0.0,0,0
2012-12-22,0.0,0.0,0,0
2012-12-23,0.0,0.0,0,0
2012-12-24,0.0,0.0,0,0
2012-12-25,0.0,0.0,0,0
2012-12-26,0.0,0.0,0,0
2012-12-27,0.0,0.0,0,0
2012-12-28,0.0,0.0,0,0
2012-12-29,0.0,0.0,0,0
2012-12-30,0.0,0.0,0,0
2012-12-31,0.0,0.0,0,0
2013-01-01,0.0,0.0,0,0
2013-01-02,0.0,0.0,0,0
2013-01-03,0.0,0.0,0,0
2013-01-04,0.0,0.0,0,0
2013-01-05,0.0,0.0,0,0
2013-01-06,0.0,0.0,0,0
2013-01-07,0.0,0.0,0,0
2013-01-08,0.0,0.0,0,0
2013-01-09,0.0,0.0,0,0
2013-01-10,0.0,0.0,0,0
2013-01-11,0.0,0.0,0,0
2013-01-12,0.0,0.0,0,0
2013-01-13,0.0,0.0,0,0
2013-01-14,0.0,0.0,0,0
2013-01-15,0.0,0.0,0,0
2013-01-16,0.0,0.0,0,0
2013-01-17,0.0,0.0,0,0
2013-01-18,0.0,0.0,0,0
2013-01-19,0.0,0.0,0,0
2013-01-20,0.0,0.0,0,0
2013-01-21,0.0,0.0,0,0
2013-01-22,0.0,0.0,0,0
2013-01-23,0.0,0.0,0,0
2013-01-24,0.0,0.0,0,0
2013-01-25,0.0,0.0,0,0
2013-01-26,0.0,0.0,0,0
2013-01-27,0.0,0.0,0,0
2013-01-28,0.0,0.0,0,0
2013-01-29,0.0,0.0,0,0
2013-01-30,0.0,0.0,0,0
2013-01-31,0.0,0.0,0,0
2013-02-01,0.0,0.0,0,0
2013-02-02,0.0,0.0,0,0
2013-02-03,0.0,0.0,0,0
2013-02-04,0.0,0.0,0,0
2013-02-05,0.0,0.0,0,0
2013-02-06,0.0,0.0,0,0
2013-02-07,0.0,0.0,0,0
2013-02-08,0.0,0.0,0,0
2013-02-09,0.0,0.0,0,0
2013-02-10,0.0,0.0,0,0
2013-02-11,0.0,0.0,0,0
2013-02-12,0.0,0.0,0,0
2013-02-13,0.0,0.0,0,0
2013-02-14,0.0,0.0,0,0
2013-02-15,0.0,0.0,0,0
2013-02-16,0.0,0.0,0,0
2013-02-17,0.0,0.0,0,0
2013-02-18,0.0,0.0,0,0
2013-02-19,0.0,0.0,0,0
2013-02-20,0.0,0.0,0,0
2013-02-21,0.0,0.0,0,0
2013-02-22,0.0,0.0,0,0
2013-02-23,0.0,0.0,0,0
2013-02-24,0.0,0.0,0,0
2013-02-25,0.0,0.0,0,0
2013-02-26,0.0,0.0,0,0
2013-02-27,0.0,0.0,0,0
2013-02-28,0.0,0.0,0,0
2013-03-01,0.0,0.0,0,0
2013-03-02,0.0,0.0,0,0
2013-03-03,0.0,0.0,0,0
2013-03-04,0.0,0.0,0,0
2013-03-05,0.0,0.0,0,0
2013-03-06,0.0,0.0,0,0
2013-03-07,0.0,0.0,0,0
2013-03-08,0.0,0.0,0,0
2013-03-09,0.0,0.0,0,0
2013-03-10,0.0,0.0,0,0
2013-03-11,0.0,0.0,0,0
2013-03-12,0.0,0.0,0,0
2013-03-13,0.0,0.0,0,0
2013-03-14,0.0,0.0,0,0
2013-03-15,0.0,0.0,0,0
2013-03-16,0.0,0.0,0,0
2013-03-17,0.0,0.0,0,0
2013-03-18,0.0,0.0,0,0
2013-03-19,0.0,0.0,0,0
2013-03-20,0.0,0.0,0,0
2013-03-21,0.0,0.0,0,0
2013-03-22,0.0,0.0,0,0
2013-03-23,0.0,0.0,0,0
2013-03-24,0.0,0.0,0,0
2013-03-25,0.0,0.0,0,0
2013-03-26,0.0,0.0,0,0
2013-03-27,0.0,0.0,0,0
2013-03-28,0.0,0.0,0,0
2013-03-29,0.0,0.0,0,0
2013-03-30,0.0,0.0,0,0
2013-03-31,0.0,0.0,0,0
2013-04-01,0.0,0.0,0,0
2013-04-02,0.0,0.0,0,0
2013-04-03,0.0,0.0,0,0
2013-04-04,0.0,0.0,0,0
2013-04-05,0.0,0.0,0,0
2013-04-06,0.0,0.0,0,0
2013-04-07,0.0,0.0,0,0
2013-04-08,0.0,0.0,0,0
2013-04-09,0.0,0.0,0,0
2013-04-10,0.0,0.0,0,0
2013-04-11,0.0,0.0,0,0
2013-04-12,0.0,0.0,0,0
2013-04-13,0.0,0.0,0,0
2013-04-14,0.0,0.0,0,0
2013-04-15,0.0,0.0,0,0
2013-04-16,0.0,0.0,0,0
2013-04-17,0.0,0.0,0,0
2013-04-18,0.0,0.0,0,0
2013-04-19,0.0,0.0,0,0
2013-04-20,0.0,0.0,0,0
2013-04-21,0.0,0.0,0,0
2013-04-22,0.0,0.0,0,0
2013-04-23,0.0,0.0,0,0
2013-04-24,0.0,0.0,0,0
2013-04-25,0.0,0.0,0,0
2013-04-26,0.0,0.0,0,0
2013-04-27,0.0,0.0,0,0
2013-04-28,0.0,0.0,0,0
2013-04-29,0.0,0.0,0,0
2013-04-30,0.0,0.0,0,0
2013-05-01,0.0,0.0,0,0
2013-05-02,0.0,0.0,0,0
2013-05-03,0.0,0.0,0,0
2013-05-04,0.0,0.0,0,0
2013-05-05,0.0,0.0,0,0
2013-05-06,0.0,0.0,0,0
2013-05-07,0.0,0.0,0,0
2013-05-08,0.0,0.0,0,0
2013-05-09,0.0,0.0,0,0
2013-05-10,0.0,0.0,0,0
2013-05-11,0.0,0.0,0,0
2013-05-12,0.0,0.0,0,0
2013-05-13,0.0,0.0,0,0
2013-05-14,0.0,0.0,0,0
2013-05-15,0.0,0.0,0,0
2013-05-16,0.0,0.0,0,0
2013-05-17,0.0,0.0,0,0
2013-05-18,0.0,0.0,0,0
2013-05-19,0.0,0.0,0,0
2013-05-20,0.0,0.0,0,0
2013-05-21,0.0,0.0,0,0
2013-05-22,0.0,0.0,0,0
2013-05-23,0.0,0.0,0,0
2013-05-24,0.0,0.0,0,0
2013-05-25,0.0,0.0,0,0
2013-05-26,0.0,0.0,0,0
2013-05-27,0.0,0.0,0,0
2013-05-28,0.0,0.0,0,0
2013-05-29,0.0,0.0,0,0
2013-05-30,0.0,0.0,0,0
2013-05-31,0.0,0.0,0,0
2013-06-01,0.0,0.0,0,0
2013-06-02,0.0,0.0,0,0
2013-06-03,0.0,0.0,0,0
2013-06-04,0.0,0.0,0,0
2013-06-05,0.0,0.0,0,0
2013-06-06,0.0,0.0,0,0
2013-06-07,0.0,0.0,0,0
2013-06-08,0.0,0.0,0,0
2013-06-09,0.0,0.0,0,0
2013-06-10,0.0,0.0,0,0
2013-06-11,0.0,0.0,0,0
2013-06-12,0.0,0.0,0,0
2013-06-13,0.0,0.0,0,0
2013-06-14,0.0,0.0,0,0
2013-06-15,0.0,0.0,0,0
2013-06-16,0.0,0.0,0,0
2013-06-17,0.0,0.0,0,0
2013-06-18,0.0,0.0,0,0
2013-06-19,0.0,0.0,0,0
2013-06-20,0.0,0.0,0,0
2013-06-21,0.0,0.0,0,0
2013-06-22,0.0,0.0,0,0
2013-06-23,0.0,0.0,0,0
2013-06-24,0.0,0.0,0,0
2013-06-25,0.0,0.0,0,0
2013-06-26,0.0,0.0,0,0
2013-06-27,0.0,0.0,0,0
2013-06-28,0.0,0.0,0,0
2013-06-29,0.0,0.0,0,0
2013-06-30,0.0,0.0,0,0
2013-07-01,0.0,0.0,0,0
2013-07-02,0.0,0.0,0,0
2013-07-03,0.0,0.0,0,0
2013-07-04,0.0,0.0,0,0
2013-07-05,0.0,0.0,0,0
2013-07-06,0.0,0.0,0,0
2013-07-07,0.0,0.0,0,0
2013-07-08,0.0,0.0,0,0
2013-07-09,0.0,0.0,0,0
2013-07-10,0.0,0.0,0,0
2013-07-11,0.0,0.0,0,0
2013-07-12,0.0,0.0,0,0
2013-07-13,0.0,0.0,0,0
2013-07-14,0.0,0.0,0,0
2013-07-15,0.0,0.0,0,0
2013-07-16,0.0,0.0,0,0
2013-07-17,0.0,0.0,0,0
2013-07-18,0.0,0.0,0,0
2013-07-19,0.0,0.0,0,0
2013-07-20,0.0,0.0,0,0
2013-07-21,0.0,0.0,0,0
2013-07-22,0.0,0.0,0,0
2013-07-23,0.0,0.0,0,0
2013-07-24,0.0,0.0,0,0
2013-07-25,0.0,0.0,0,0
2013-07-26,0.0,0.0,0,0
2013-07-27,0.0,0.0,0,0
2013-07-28,0.0,0.0,0,0
2013-07-29,0.0,0.0,0,0
2013-07-30,0.0,0.0,0,0
2013-07-31,0.0,0.0,0,0
2013-08-01,0.0,0.0,0,0
2013-08-02,0.0,0.0,0,0
2013-08-03,0.0,0.0,0,0
2013-08-04,0.0,0.0,0,0
2013-08-05,0.0,0.0,0,0
2013-08-06,0.0,0.0,0,0
2013-08-07,0.0,0.0,0,0
2013-08-08,0.0,0.0,0,0
2013-08-09,0.0,0.0,0,0
2013-08-10,0.0,0.0,0,0
2013-08-11,0.0,0.0,0,0
2013-08-12,0.0,0.0,0,0
2013-08-13,0.0,0.0,0,0
2013-08-14,0.0,0.0,0,0
2013-08-15,0.0,0.0,0,0
2013-08-16,0.0,0.0,0,0
2013-08-17,0.0,0.0,0,0
2013-08-18,0.0,0.0,0,0
2013-08-19,0.0,0.0,0,0
2013-08-20,0.0,0.0,0,0
2013-08-21,0.0,0.0,0,0
2013-08-22,0.0,0.0,0,0
2013-08-23,0.0,0.0,0,0
2013-08-24,0.0,0.0,0,0
2013-08-25,0.0,0.0,0,0
2013-08-26,0.0,0.0,0,0
2013-08-27,0.0,0.0,0,0
2013-08-28,0.0,0.0,0,0
2013-08-29,0.0,0.0,0,0
2013-08-30,0.0,0.0,0,0
2013-08-31,0.0,0.0,0,0
2013-09-01,0.0,0.0,0,0
2013-09-02,0.0,0.0,0,0
2013-09-03,0.0,0.0,0,0
2013-09-04,0.0,0.0,0,0
2013-09-05,0.0,0.0,0,0
2013-09-06,0.0,0.0,0,0
2013-09-07,0.0,0.0,0,0
2013-09-08,0.0,0.0,0,0
2013-09-09,0.0,0.0,0,0
2013-09-10,0.0,0.0,0,0
2013-09-11,0.0,0.0,0,0
2013-09-12,0.0,0.0,0,0
2013-09-13,0.0,0.0,0,0
2013-09-14,0.0,0.0,0,0
2013-09-15,0.0,0.0,0,0
2013-09-16,0.0,0.0,0,0
2013-09-17,0.0,0.0,0,0
2013-09-18,0.0,0.0,0,0
2013-09-19,0.0,0.0,0,0
2013-09-20,0.0,0.0,0,0
2013-09-21,0.0,0.0,0,0
2013-09-22,0.0,0.0,0,0
2013-09-23,0.0,0.0,0,0
2013-09-24,0.0,0.0,0,0
2013-09-25,0.0,0.0,0,0
2013-09-26,0.0,0.0,0,0
2013-09-27,0.0,0.0,0,0
2013-09-28,0.0,0.0,0,0
2013-09-29,0.0,0.0,0,0
2013-09-30,0.0,0.0,0,0
2013-10-01,0.0,0.0,0,0
2013-10-02,0.0,0.0,0,0
2013-10-03,0.0,0.0,0,0
2013-10-04,0.0,0.0,0,0
2013-10-05,0.0,0.0,0,0
2013-10-06,0.0,0.0,0,0
2013-10-07,0.0,0.0,0,0
2013-10-08,0.0,0.0,0,0
2013-10-09,0.0,0.0,0,0
2013-10-10,0.0,0.0,0,0
2013-10-11,0.0,0.0,0,0
2013-10-12,0.0,0.0,0,0
2013-10-13,0.0,0.0,0,0
2013-10-14,0.0,0.0,0,0
2013-10-15,0.0,0.0,0,0
2013-10-16,0.0,0.0,0,0
2013-10-17,0.0,0.0,0,0
2013-10-18,0.0,0.0,0,0
2013-10-19,0.0,0.0,0,0
2013-10-20,0.0,0.0,0,0
2013-10-21,0.0,0.0,0,0
2013-10-22,0.0,0.0,0,0
2013-10-23,0.0,0.0,0,0
2013-10-24,0.0,0.0,0,0
2013-10-25,0.0,0.0,0,0
2013-10-26,0.0,0.0,0,0
2013-10-27,0.0,0.0,0,0
2013-10-28,0.0,0.0,0,0
2013-10-29,0.0,0.0,0,0
2013-10-30,0.0,0.0,0,0
2013-10-31,0.0,0.0,0,0
2013-11-01,0.0,0.0,0,0
2013-11-02,0.0,0.0,0,0
2013-11-03,0.0,0.0,0,0
2013-11-04,0.0,0.0,0,0
2013-11-05,0.0,0.0,0,0
2013-11-06,0.0,0.0,0,0
2013-11-07,0.0,0.0,0,0
2013-11-08,0.0,0.0,0,0
2013-11-09,0.0,0.0,0,0
2013-11-10,0.0,0.0,0,0
2013-11-11,0.0,0.0,0,0
2013-11-12,0.0,0.0,0,0
2013-11-13,0.0,0.0,0,0
2013-11-14,0.0,0.0,0,0
2013-11-15,0.0,0.0,0,0
2013-11-16,0.0,0.0,0,0
2013-11-17,0.0,0.0,0,0
2013-11-18,0.0,0.0,0,0
2013-11-19,0.0,0.0,0,0
2013-11-20,0.0,0.0,0,0
2013-11-21,0.0,0.0,0,0
2013-11-22,0.0,0.0,0,0
2013-11-23,0.0,0.0,0,0
2013-11-24,0.0,0.0,0,0
2013-11-25,0.0,0.0,0,0
2013-11-26,0.0,0.0,0,0
2013-11-27,0.0,0.0,0,0
2013-11-28,0.0,0.0,0,0
2013-11-29,0.0,0.0,0,0
2013-11-30,0.0,0.0,0,0
2013-12-01,0.0,0.0,0,0
2013-12-02,0.0,0.0,0,0
2013-12-03,0.0,0.0,0,0
2013-12-04,0.0,0.0,0,0
2013-12-05,0.0,0.0,0,0
2013-12-06,0.0,0.0,0,0
2013-12-07,0.0,0.0,0,0
2013-12-08,0.0,0.0,0,0
2013-12-09,0.0,0.0,0,0
2013-12-10,0.0,0.0,0,0
2013-12-11,0.0,0.0,0,0
2013-12-12,0.0,0.0,0,0
2013-12-13,0.0,0.0,0,0
2013-12-14,0.0,0.0,0,0
2013-12-15,0.0,0.0,0,0
2013-12-16,0.0,0.0,0,0
2013-12-17,0.0,0.0,0,0
2013-12-18,0.0,0.0,0,0
2013-12-19,0.0,0.0,0,0
2013-12-20,0.0,0.0,0,0
2013-12-21,0.0,0.0,0,0
2013-12-22,0.0,0.0,0,0
2013-12-23,0.0,0.0,0,0
2013-12-24,0.0,0.0,0,0
2013-12-25,0.0,0.0,0,0
2013-12-26,0.0,0.0,0,0
2013-12-27,0.0,0.0,0,0
2013-12-28,0.0,0.0,0,0
2013-12-29,0.0,0.0,0,0
2013-12-30,0.0,0.0,0,0
2013-12-31,0.0,0.0,0,0
2014-01-01,0.0,0.0,0,0
2014-01-02,0.0,0.0,0,0
2014-01-03,0.0,0.0,0,0
2014-01-04,0.0,0.0,0,0
2014-01-05,0.0,0.0,0,0
2014-01-06,0.0,0.0,0,0
2014-01-07,0.0,0.0,0,0
2014-01-08,0.0,0.0,0,0
2014-01-09,0.0,0.0,0,0
2014-01-10,0.0,0.0,0,0
2014-01-11,0.0,0.0,0,0
2014-01-12,0.0,0.0,0,0
2014-01-13,0.0,0.0,0,0
2014-01-14,0.0,0.0,0,0
2014-01-15,0.0,0.0,0,0
2014-01-16,0.0,0.0,0,0
2014-01-17,0.0,0.0,0,0
2014-01-18,0.0,0.0,0,0
2014-01-19,0.0,0.0,0,0
2014-01-20,0.0,0.0,0,0
2014-01-21,0.0,0.0,0,0
2014-01-22,0.0,0.0,0,0
2014-01-23,0.0,0.0,0,0
2014-01-24,0.0,0.0,0,0
2014-01-25,0.0,0.0,0,0
2014-01-26,0.0,0.0,0,0
2014-01-27,0.0,0.0,0,0
2014-01-28,0.0,0.0,0,0
2014-01-29,0.0,0.0,0,0
2014-01-30,0.0,0.0,0,0
2014-01-31,0.0,0.0,0,0
2014-02-01,0.0,0.0,0,0
2014-02-02,0.0,0.0,0,0
2014-02-03,0.0,0.0,0,0
2014-02-04,0.0,0.0,0,0
2014-02-05,0.0,0.0,0,0
2014-02-06,0.0,0.0,0,0
2014-02-07,0.0,0.0,0,0
2014-02-08,0.0,0.0,0,0
2014-02-09,0.0,0.0,0,0
2014-02-10,0.0,0.0,0,0
2014-02-11,0.0,0.0,0,0
2014-02-12,0.0,0.0,0,0
2014-02-13,0.0,0.0,0,0
2014-02-14,0.0,0.0,0,0
2014-02-15,0.0,0.0,0,0
2014-02-16,0.0,0.0,0,0
2014-02-17,0.0,0.0,0,0
2014-02-18,0.0,0.0,0,0
2014-02-19,0.0,0.0,0,0
2014-02-20,0.0,0.0,0,0
2014-02-21,0.0,0.0,0,0
2014-02-22,0.0,0.0,0,0
2014-02-23,0.0,0.0,0,0
2014-02-24,0.0,0.0,0,0
2014-02-25,0.0,0.0,0,0
2014-02-26,0.0,0.0,0,0
2014-02-27,0.0,0.0,0,0
2014-02-28,0.0,0.0,0,0
2014-03-01,0.0,0.0,0,0
2014-03-02,0.0,0.0,0,0
2014-03-03,0.0,0.0,0,0
2014-03-04,0.0,0.0,0,0
2014-03-05,0.0,0.0,0,0
2014-03-06,0.0,0.0,0,0
2014-03-07,0.0,0.0,0,0
2014-03-08,0.0,0.0,0,0
2014-03-09,0.0,0.0,0,0
2014-03-10,0.0,0.0,0,0
2014-03-11,0.0,0.0,0,0
2014-03-12,0.0,0.0,0,0
2014-03-13,0.0,0.0,0,0
2014-03-14,0.0,0.0,0,0
2014-03-15,0.0,0.0,0,0
2014-03-16,0.0,0.0,0,0
2014-03-17,0.0,0.0,0,0
2014-03-18,0.0,0.0,0,0
2014-03-19,0.0,0.0,0,0
2014-03-20,0.0,0.0,0,0
2014-03-21,0.0,0.0,0,0
2014-03-22,0.0,0.0,0,0
2014-03-23,0.0,0.0,0,0
2014-03-24,0.0,0.0,0,0
2014-03-25,0.0,0.0,0,0
2014-03-26,0.0,0.0,0,0
2014-03-27,0.0,0.0,0,0
2014-03-28,0.0,0.0,0,0
2014-03-29,0.0,0.0,0,0
2014-03-30,0.0,0.0,0,0
2014-03-31,0.0,0.0,0,0
2014-04-01,0.0,0.0,0,0
2014-04-02,0.0,0.0,0,0
2014-04-03,0.0,0.0,0,0
2014-04-04,0.0,0.0,0,0
2014-04-05,0.0,0.0,0,0
2014-04-06,0.0,0.0,0,0
2014-04-07,0.0,0.0,0,0
2014-04-08,0.0,0.0,0,0
2014-04-09,0.0,0.0,0,0
2014-04-10,0.0,0.0,0,0
2014-04-11,0.0,0.0,0,0
2014-04-12,0.0,0.0,0,0
2014-04-13,0.0,0.0,0,0
2014-04-14,0.0,0.0,0,0
2014-04-15,0.0,0.0,0,0
2014-04-16,0.0,0.0,0,0
2014-04-17,0.0,0.0,0,0
2014-04-18,0.0,0.0,0,0
2014-04-19,0.0,0.0,0,0
2014-04-20,0.0,0.0,0,0
2014-04-21,0.0,0.0,0,0
2014-04-22,0.0,0.0,0,0
2014-04-23,0.0,0.0,0,0
2014-04-24,0.0,0.0,0,0
2014-04-25,0.0,0.0,0,0
2014-04-26,0.0,0.0,0,0
2014-04-27,0.0,0.0,0,0
2014-04-28,0.0,0.0,0,0
2014-04-29,0.0,0.0,0,0
2014-04-30,0.0,0.0,0,0
2014-05-01,0.0,0.0,0,0
2014-05-02,0.0,0.0,0,0
2014-05-03,0.0,0.0,0,0
2014-05-04,0.0,0.0,0,0
2014-05-05,0.0,0.0,0,0
2014-05-06,0.0,0.0,0,0
2014-05-07,0.0,0.0,0,0
2014-05-08,0.0,0.0,0,0
2014-05-09,0.0,0.0,0,0
2014-05-10,0.0,0.0,0,0
2014-05-11,0.0,0.0,0,0
2014-05-12,0.0,0.0,0,0
2014-05-13,0.0,0.0,0,0
2014-05-14,0.0,0.0,0,0
2014-05-15,0.0,0.0,0,0
2014-05-16,0.0,0.0,0,0
2014-05-17,0.0,0.0,0,0
2014-05-18,0.0,0.0,0,0
2014-05-19,0.0,0.0,0,0
2014-05-20,0.0,0.0,0,0
2014-05-21,0.0,0.0,0,0
2014-05-22,0.0,0.0,0,0
2014-05-23,0.0,0.0,0,0
2014-05-24,0.0,0.0,0,0
2014-05-25,0.0,0.0,0,0
2014-05-26,0.0,0.0,0,0
2014-05-27,0.0,0.0,0,0
2014-05-28,0.0,0.0,0,0
2014-05-29,0.0,0.0,0,0
2014-05-30,0.0,0.0,0,0
2014-05-31,0.0,0.0,0,0
2014-06-01,0.0,0.0,0,0
2014-06-02,0.0,0.0,0,0
2014-06-03,0.0,0.0,0,0
2014-06-04,0.0,0.0,0,0
2014-06-05,0.0,0.0,0,0
2014-06-06,0.0,0.0,0,0
2014-06-07,0.0,0.0,0,0
2014-06-08,0.0,0.0,0,0
2014-06-09,0.0,0.0,0,0
2014-06-10,0.0,0.0,0,0
2014-06-11,0.0,0.0,0,0
2014-06-12,0.0,0.0,0,0
2014-06-13,0.0,0.0,0,0
2014-06-14,0.0,0.0,0,0
2014-06-15,0.0,0.0,0,0
2014-06-16,0.0,0.0,0,0
2014-06-17,0.0,0.0,0,0
2014-06-18,0.0,0.0,0,0
2014-06-19,0.0,0.0,0,0
2014-06-20,0.0,0.0,0,0
2014-06-21,0.0,0.0,0,0
2014-06-22,0.0,0.0,0,0
2014-06-23,0.0,0.0,0,0
2014-06-24,0.0,0.0,0,0
2014-06-25,0.0,0.0,0,0
2014-06-26,0.0,0.0,0,0
2014-06-27,0.0,0.0,0,0
2014-06-28,0.0,0.0,0,0
2014-06-29,0.0,0.0,0,0
2014-06-30,0.0,0.0,0,0
2014-07-01,0.0,0.0,0,0
2014-07-02,0.0,0.0,0,0
2014-07-03,0.0,0.0,0,0
2014-07-04,0.0,0.0,0,0
2014-07-05,0.0,0.0,0,0
2014-07-06,0.0,0.0,0,0
2014-07-07,0.0,0.0,0,0
2014-07-08,0.0,0.0,0,0
2014-07-09,0.0,0.0,0,0
2014-07-10,0.0,0.0,0,0
2014-07-11,0.0,0.0,0,0
2014-07-12,0.0,0.0,0,0
2014-07-13,0.0,0.0,0,0
2014-07-14,0.0,0.0,0,0
2014-07-15,0.0,0.0,0,0
2014-07-16,0.0,0.0,0,0
2014-07-17,0.0,0.0,0,0
2014-07-18,0.0,0.0,0,0
2014-07-19,0.0,0.0,0,0
2014-07-20,0.0,0.0,0,0
2014-07-21,0.0,0.0,0,0
2014-07-22,0.0,0.0,0,0
2014-07-23,0.0,0.0,0,0
2014-07-24,0.0,0.0,0,0
2014-07-25,0.0,0.0,0,0
2014-07-26,0.0,0.0,0,0
2014-07-27,0.0,0.0,0,0
2014-07-28,0.0,0.0,0,0
2014-07-29,0.0,0.0,0,0
2014-07-30,0.0,0.0,0,0
2014-07-31,0.0,0.0,0,0
2014-08-01,0.0,0.0,0,0
2014-08-02,0.0,0.0,0,0
2014-08-03,0.0,0.0,0,0
2014-08-04,0.0,0.0,0,0
2014-08-05,0.0,0.0,0,0
2014-08-06,0.0,0.0,0,0
2014-08-07,0.0,0.0,0,0
2014-08-08,0.0,0.0,0,0
2014-08-09,0.0,0.0,0,0
2014-08-10,0.0,0.0,0,0
2014-08-11,0.0,0.0,0,0
2014-08-12,0.0,0.0,0,0
2014-08-13,0.0,0.0,0,0
2014-08-14,0.0,0.0,0,0
2014-08-15,0.0,0.0,0,0
2014-08-16,0.0,0.0,0,0
2014-08-17,0.0,0.0,0,0
2014-08-18,0.0,0.0,0,0
2014-08-19,0.0,0.0,0,0
2014-08-20,0.0,0.0,0,0
2014-08-21,0.0,0.0,0,0
2014-08-22,0.0,0.0,0,0
2014-08-23,0.0,0.0,0,0
2014-08-24,0.0,0.0,0,0
2014-08-25,0.0,0.0,0,0
2014-08-26,0.0,0.0,0,0
2014-08-27,0.0,0.0,0,0
2014-08-28,0.0,0.0,0,0
2014-08-29,0.0,0.0,0,0
2014-08-30,0.0,0.0,0,0
2014-08-31,0.0,0.0,0,0
2014-09-01,0.0,0.0,0,0
2014-09-02,0.0,0.0,0,0
2014-09-03,0.0,0.0,0,0
2014-09-04,0.0,0.0,0,0
2014-09-05,0.0,0.0,0,0
2014-09-06,0.0,0.0,0,0
2014-09-07,0.0,0.0,0,0
2014-09-08,0.0,0.0,0,0
2014-09-09,0.0,0.0,0,0
2014-09-10,0.0,0.0,0,0
2014-09-11,0.0,0.0,0,0
2014-09-12,0.0,0.0,0,0
2014-09-13,0.0,0.0,0,0
2014-09-14,0.0,0.0,0,0
2014-09-15,0.0,0.0,0,0
2014-09-16,0.0,0.0,0,0
2014-09-17,0.0,0.0,0,0
2014-09-18,0.0,0.0,0,0
2014-09-19,0.0,0.0,0,0
2014-09-20,0.0,0.0,0,0
2014-09-21,0.0,0.0,0,0
2014-09-22,0.0,0.0,0,0
2014-09-23,0.0,0.0,0,0
2014-09-24,0.0,0.0,0,0
2014-09-25,0.0,0.0,0,0
2014-09-26,0.0,0.0,0,0
2014-09-27,0.0,0.0,0,0
2014-09-28,0.0,0.0,0,0
2014-09-29,0.0,0.0,0,0
2014-09-30,0.0,0.0,0,0
2014-10-01,0.0,0.0,0,0
2014-10-02,0.0,0.0,0,0
2014-10-03,0.0,0.0,0,0
2014-10-04,0.0,0.0,0,0
2014-10-05,0.0,0.0,0,0
2014-10-06,0.0,0.0,0,0
2014-10-07,0.0,0.0,0,0
2014-10-08,0.0,0.0,0,0
2014-10-09,0.0,0.0,0,0
2014-10-10,0.0,0.0,0,0
2014-10-11,0.0,0.0,0,0
2014-10-12,0.0,0.0,0,0
2014-10-13,0.0,0.0,0,0
2014-10-14,0.0,0.0,0,0
2014-10-15,0.0,0.0,0,0
2014-10-16,0.0,0.0,0,0
2014-10-17,0.0,0.0,0,0
2014-10-18,0.0,0.0,0,0
2014-10-19,0.0,0.0,0,0
2014-10-20,0.0,0.0,0,0
2014-10-21,0.0,0.0,0,0
2014-10-22,0.0,0.0,0,0
2014-10-23,0.0,0.0,0,0
2014-10-24,0.0,0.0,0,0
2014-10-25,0.0,0.0,0,0
2014-10-26,0.0,0.0,0,0
2014-10-27,0.0,0.0,0,0
2014-10-28,0.0,0.0,0,0
2014-10-29,0.0,0.0,0,0
2014-10-30,0.0,0.0,0,0
2014-10-31,0.0,0.0,0,0
2014-11-01,0.0,0.0,0,0
2014-11-02,0.0,0.0,0,0
2014-11-03,0.0,0.0,0,0
2014-11-04,0.0,0.0,0,0
2014-11-05,0.0,0.0,0,0
2014-11-06,0.0,0.0,0,0
2014-11-07,0.0,0.0,0,0
2014-11-08,0.0,0.0,0,0
2014-11-09,0.0,0.0,0,0
2014-11-10,0.0,0.0,0,0
2014-11-11,0.0,0.0,0,0
2014-11-12,0.0,0.0,0,0
2014-11-13,0.0,0.0,0,0
2014-11-14,0.0,0.0,0,0
2014-11-15,0.0,0.0,0,0
2014-11-16,0.0,0.0,0,0
2014-11-17,0.0,0.0,0,0
2014-11-18,0.0,0.0,0,0
2014-11-19,0.0,0.0,0,0
2014-11-20,0.0,0.0,0,0
2014-11-21,0.0,0.0,0,0
2014-11-22,0.0,0.0,0,0
2014-11-23,0.0,0.0,0,0
2014-11-24,0.0,0.0,0,0
2014-11-25,0.0,0.0,0,0
2014-11-26,0.0,0.0,0,0
2014-11-27,0.0,0.0,0,0
2014-11-28,0.0,0.0,0,0
2014-11-29,0.0,0.0,0,0
2014-11-30,0.0,0.0,0,0
2014-12-01,0.0,0.0,0,0
2014-12-02,0.0,0.0,0,0
2014-12-03,0.0,0.0,0,0
2014-12-04,0.0,0.0,0,0
2014-12-05,0.0,0.0,0,0
2014-12-06,0.0,0.0,0,0
2014-12-07,0.0,0.0,0,0
2014-12-08,0.0,0.0,0,0
2014-12-09,0.0,0.0,0,0
2014-12-10,0.0,0.0,0,0
2014-12-11,0.0,0.0,0,0
2014-12-12,0.0,0.0,0,0
2014-12-13,0.0,0.0,0,0
2014-12-14,0.0,0.0,0,0
2014-12-15,0.0,0.0,0,0
2014-12-16,0.0,0.0,0,0
2014-12-17,0.0,0.0,0,0
2014-12-18,0.0,0.0,0,0
2014-12-19,0.0,0.0,0,0
2014-12-20,0.0,0.0,0,0
2014-12-21,0.0,0.0,0,0
2014-12-22,0.0,0.0,0,0
2014-12-23,0.0,0.0,0,0
2014-12-24,0.0,0.0,0,0
2014-12-25,0.0,0.0,0,0
2014-12-26,0.0,0.0,0,0
2014-12-27,0.0,0.0,0,0
2014-12-28,0.0,0.0,0,0
2014-12-29,0.0,0.0,0,0
2014-12-30,0.0,0.0,0,0
2014-12-31,0.0,0.0,0,0
2015-01-01,0.0,0.0,0,0
2015-01-02,0.0,0.0,0,0
2015-01-03,0.0,0.0,0,0
2015-01-04,0.0,0.0,0,0
2015-01-05,0.0,0.0,0,0
2015-01-06,0.0,0.0,0,0
2015-01-07,0.0,0.0,0,0
2015-01-08,0.0,0.0,0,0
2015-01-09,0.0,0.0,0,0
2015-01-10,0.0,0.0,0,0
2015-01-11,0.0,0.0,0,0
2015-01-12,0.0,0.0,0,0
2015-01-13,0.0,0.0,0,0
2015-01-14,0.0,0.0,0,0
2015-01-15,0.0,0.0,0,0
2015-01-16,0.0,0.0,0,0
2015-01-17,0.0,0.0,0,0
2015-01-18,0.0,0.0,0,0
2015-01-19,0.0,0.0,0,0
2015-01-20,0.0,0.0,0,0
2015-01-21,0.0,0.0,0,0
2015-01-22,0.0,0.0,0,0
2015-01-23,0.0,0.0,0,0
2015-01-24,0.0,0.0,0,0
2015-01-25,0.0,0.0,0,0
2015-01-26,0.0,0.0,0,0
2015-01-27,0.0,0.0,0,0
2015-01-28,0.0,0.0,0,0
2015-01-29,0.0,0.0,0,0
2015-01-30,0.0,0.0,0,0
2015-01-31,0.0,0.0,0,0
2015-02-01,0.0,0.0,0,0
2015-02-02,0.0,0.0,0,0
2015-02-03,0.0,0.0,0,0
2015-02-04,0.0,0.0,0,0
2015-02-05,0.0,0.0,0,0
2015-02-06,0.0,0.0,0,0
2015-02-07,0.0,0.0,0,0
2015-02-08,0.0,0.0,0,0
2015-02-09,0.0,0.0,0,0
2015-02-10,0.0,0.0,0,0
2015-02-11,0.0,0.0,0,0
2015-02-12,0.0,0.0,0,0
2015-02-13,0.0,0.0,0,0
2015-02-14,0.0,0.0,0,0
2015-02-15,0.0,0.0,0,0
2015-02-16,0.0,0.0,0,0
2015-02-17,0.0,0.0,0,0
2015-02-18,0.0,0.0,0,0
2015-02-19,0.0,0.0,0,0
2015-02-20,0.0,0.0,0,0
2015-02-21,0.0,0.0,0,0
2015-02-22,0.0,0.0,0,0
2015-02-23,0.0,0.0,0,0
2015-02-24,0.0,0.0,0,0
2015-02-25,0.0,0.0,0,0
2015-02-26,0.0,0.0,0,0
2015-02-27,0.0,0.0,0,0
2015-02-28,0.0,0.0,0,0
2015-03-01,0.0,0.0,0,0
2015-03-02,0.0,0.0,0,0
2015-03-03,0.0,0.0,0,0
2015-03-04,0.0,0.0,0,0
2015-03-05,0.0,0.0,0,0
2015-03-06,0.0,0.0,0,0
2015-03-07,0.0,0.0,0,0
2015-03-08,0.0,0.0,0,0
2015-03-09,0.0,0.0,0,0
2015-03-10,0.0,0.0,0,0
2015-03-11,0.0,0.0,0,0
2015-03-12,0.0,0.0,0,0
2015-03-13,0.0,0.0,0,0
2015-03-14,0.0,0.0,0,0
2015-03-15,0.0,0.0,0,0
2015-03-16,0.0,0.0,0,0
2015-03-17,0.0,0.0,0,0
2015-03-18,0.0,0.0,0,0
2015-03-19,0.0,0.0,0,0
2015-03-20,0.0,0.0,0,0
2015-03-21,0.0,0.0,0,0
2015-03-22,0.0,0.0,0,0
2015-03-23,0.0,0.0,0,0
2015-03-24,0.0,0.0,0,0
2015-03-25,0.0,0.0,0,0
2015-03-26,0.0,0.0,0,0
2015-03-27,0.0,0.0,0,0
2015-03-28,0.0,0.0,0,0
2015-03-29,0.0,0.0,0,0
2015-03-30,0.0,0.0,0,0
2015-03-31,0.0,0.0,0,0
2015-04-01,0.0,0.0,0,0
2015-04-02,0.0,0.0,0,0
2015-04-03,0.0,0.0,0,0
2015-04-04,0.0,0.0,0,0
2015-04-05,0.0,0.0,0,0
2015-04-06,0.0,0.0,0,0
2015-04-07,0.0,0.0,0,0
2015-04-08,0.0,0.0,0,0
2015-04-09,0.0,0.0,0,0
2015-04-10,0.0,0.0,0,0
2015-04-11,0.0,0.0,0,0
2015-04-12,0.0,0.0,0,0
2015-04-13,0.0,0.0,0,0
2015-04-14,0.0,0.0,0,0
2015-04-15,0.0,0.0,0,0
2015-04-16,0.0,0.0,0,0
2015-04-17,0.0,0.0,0,0
2015-04-18,0.0,0.0,0,0
2015-04-19,0.0,0.0,0,0
2015-04-20,0.0,0.0,0,0
2015-04-21,0.0,0.0,0,0
2015-04-22,0.0,0.0,0,0
2015-04-23,0.0,0.0,0,0
2015-04-24,0.0,0.0,0,0
2015-04-25,0.0,0.0,0,0
2015-04-26,0.0,0.0,0,0
2015-04-27,0.0,0.0,0,0
2015-04-28,0.0,0.0,0,0
2015-04-29,0.0,0.0,0,0
2015-04-30,0.0,0.0,0,0
2015-05-01,0.0,0.0,0,0
2015-05-02,0.0,0.0,0,0
2015-05-03,0.0,0.0,0,0
2015-05-04,0.0,0.0,0,0
2015-05-05,0.0,0.0,0,0
2015-05-06,0.0,0.0,0,0
2015-05-07,0.0,0.0,0,0
2015-05-08,0.0,0.0,0,0
2015-05-09,0.0,0.0,0,0
2015-05-10,0.0,0.0,0,0
2015-05-11,0.0,0.0,0,0
2015-05-12,0.0,0.0,0,0
2015-05-13,0.0,0.0,0,0
2015-05-14,0.0,0.0,0,0
2015-05-15,0.0,0.0,0,0
2015-05-16,0.0,0.0,0,0
2015-05-17,0.0,0.0,0,0
2015-05-18,0.0,0.0,0,0
2015-05-19,0.0,0.0,0,0
2015-05-20,0.0,0.0,0,0
2015-05-21,0.0,0.0,0,0
2015-05-22,0.0,0.0,0,0
2015-05-23,0.0,0.0,0,0
2015-05-24,0.0,0.0,0,0
2015-05-25,0.0,0.0,0,0
2015-05-26,0.0,0.0,0,0
2015-05-27,0.0,0.0,0,0
2015-05-28,0.0,0.0,0,0
2015-05-29,0.0,0.0,0,0
2015-05-30,0.0,0.0,0,0
2015-05-31,0.0,0.0,0,0
2015-06-01,0.0,0.0,0,0
2015-06-02,0.0,0.0,0,0
2015-06-03,0.0,0.0,0,0
2015-06-04,0.0,0.0,0,0
2015-06-05,0.0,0.0,0,0
2015-06-06,0.0,0.0,0,0
2015-06-07,0.0,0.0,0,0
2015-06-08,0.0,0.0,0,0
2015-06-09,0.0,0.0,0,0
2015-06-10,0.0,0.0,0,0
2015-06-11,0.0,0.0,0,0
2015-06-12,0.0,0.0,0,0
2015-06-13,0.0,0.0,0,0
2015-06-14,0.0,0.0,0,0
2015-06-15,0.0,0.0,0,0
2015-06-16,0.0,0.0,0,0
2015-06-17,0.0,0.0,0,0
2015-06-18,0.0,0.0,0,0
2015-06-19,0.0,0.0,0,0
2015-06-20,0.0,0.0,0,0
2015-06-21,0.0,0.0,0,0
2015-06-22,0.0,0.0,0,0
2015-06-23,0.0,0.0,0,0
2015-06-24,0.0,0.0,0,0
2015-06-25,0.0,0.0,0,0
2015-06-26,0.0,0.0,0,0
2015-06-27,0.0,0.0,0,0
2015-06-28,0.0,0.0,0,0
2015-06-29,0.0,0.0,0,0
2015-06-30,0.0,0.0,0,0
2015-07-01,0.0,0.0,0,0
2015-07-02,0.0,0.0,0,0
2015-07-03,0.0,0.0,0,0
2015-07-04,0.0,0.0,0,0
2015-07-05,0.0,0.0,0,0
2015-07-06,0.0,0.0,0,0
2015-07-07,0.0,0.0,0,0
2015-07-08,0.0,0.0,0,0
2015-07-09,0.0,0.0,0,0
2015-07-10,0.0,0.0,0,0
2015-07-11,0.0,0.0,0,0
2015-07-12,0.0,0.0,0,0
2015-07-13,0.0,0.0,0,0
2015-07-14,0.0,0.0,0,0
2015-07-15,0.0,0.0,0,0
2015-07-16,0.0,0.0,0,0
2015-07-17,0.0,0.0,0,0
2015-07-18,0.0,0.0,0,0
2015-07-19,0.0,0.0,0,0
2015-07-20,0.0,0.0,0,0
2015-07-21,0.0,0.0,0,0
2015-07-22,0.0,0.0,0,0
2015-07-23,0.0,0.0,0,0
2015-07-24,0.0,0.0,0,0
2015-07-25,0.0,0.0,0,0
2015-07-26,0.0,0.0,0,0
2015-07-27,0.0,0.0,0,0
2015-07-28,0.0,0.0,0,0
2015-07-29,0.0,0.0,0,0
2015-07-30,0.0,0.0,0,0
2015-07-31,0.0,0.0,0,0
2015-08-01,0.0,0.0,0,0
2015-08-02,0.0,0.0,0,0
2015-08-03,0.0,0.0,0,0
2015-08-04,0.0,0.0,0,0
2015-08-05,0.0,0.0,0,0
2015-08-06,0.0,0.0,0,0
2015-08-07,0.0,0.0,0,0
2015-08-08,0.0,0.0,0,0
2015-08-09,0.0,0.0,0,0
2015-08-10,0.0,0.0,0,0
2015-08-11,0.0,0.0,0,0
2015-08-12,0.0,0.0,0,0
2015-08-13,0.0,0.0,0,0
2015-08-14,0.0,0.0,0,0
2015-08-15,0.0,0.0,0,0
2015-08-16,0.0,0.0,0,0
2015-08-17,0.0,0.0,0,0
2015-08-18,0.0,0.0,0,0
2015-08-19,0.0,0.0,0,0
2015-08-20,0.0,0.0,0,0
2015-08-21,0.0,0.0,0,0
2015-08-22,0.0,0.0,0,0
2015-08-23,0.0,0.0,0,0
2015-08-24,0.0,0.0,0,0
2015-08-25,0.0,0.0,0,0
2015-08-26,0.0,0.0,0,0
2015-08-27,0.0,0.0,0,0
2015-08-28,0.0,0.0,0,0
2015-08-29,0.0,0.0,0,0
2015-08-30,0.0,0.0,0,0
2015-08-31,0.0,0.0,0,0
2015-09-01,0.0,0.0,0,0
2015-09-02,0.0,0.0,0,0
2015-09-03,0.0,0.0,0,0
2015-09-04,0.0,0.0,0,0
2015-09-05,0.0,0.0,0,0
2015-09-06,0.0,0.0,0,0
2015-09-07,0.0,0.0,0,0
2015-09-08,0.0,0.0,0,0
2015-09-09,0.0,0.0,0,0
2015-09-10,0.0,0.0,0,0
2015-09-11,0.0,0.0,0,0
2015-09-12,0.0,0.0,0,0
2015-09-13,0.0,0.0,0,0
2015-09-14,0.0,0.0,0,0
2015-09-15,0.0,0.0,0,0
2015-09-16,0.0,0.0,0,0
2015-09-17,0.0,0.0,0,0
2015-09-18,0.0,0.0,0,0
2015-09-19,0.0,0.0,0,0
2015-09-20,0.0,0.0,0,0
2015-09-21,0.0,0.0,0,0
2015-09-22,0.0,0.0,0,0
2015-09-23,0.0,0.0,0,0
2015-09-24,0.0,0.0,0,0
2015-09-25,0.0,0.0,0,0
2015-09-26,0.0,0.0,0,0
2015-09-27,0.0,0.0,0,0
2015-09-28,0.0,0.0,0,0
2015-09-29,0.0,0.0,0,0
2015-09-30,0.0,0.0,0,0
2015-10-01,0.0,0.0,0,0
2015-10-02,0.0,0.0,0,0
2015-10-03,0.0,0.0,0,0
2015-10-04,0.0,0.0,0,0
2015-10-05,0.0,0.0,0,0
2015-10-06,0.0,0.0,0,0
2015-10-07,0.0,0.0,0,0
2015-10-08,0.0,0.0,0,0
2015-10-09,0.0,0.0,0,0
2015-10-10,0.0,0.0,0,0
2015-10-11,0.0,0.0,0,0
2015-10-12,0.0,0.0,0,0
2015-10-13,0.0,0.0,0,0
2015-10-14,0.0,0.0,0,0
2015-10-15,0.0,0.0,0,0
2015-10-16,0.0,0.0,0,0
2015-10-17,0.0,0.0,0,0
2015-10-18,0.0,0.0,0,0
2015-10-19,0.0,0.0,0,0
2015-10-20,0.0,0.0,0,0
2015-10-21,0.0,0.0,0,0
2015-10-22,0.0,0.0,0,0
2015-10-23,0.0,0.0,0,0
2015-10-24,0.0,0.0,0,0
2015-10-25,0.0,0.0,0,0
2015-10-26,0.0,0.0,0,0
2015-10-27,0.0,0.0,0,0
2015-10-28,0.0,0.0,0,0
2015-10-29,0.0,0.0,0,0
2015-10-30,0.0,0.0,0,0
2015-10-31,0.0,0.0,0,0
2015-11-01,0.0,0.0,0,0
2015-11-02,0.0,0.0,0,0
2015-11-03,0.0,0.0,0,0
2015-11-04,0.0,0.0,0,0
2015-11-05,0.0,0.0,0,0
2015-11-06,0.0,0.0,0,0
2015-11-07,0.0,0.0,0,0
2015-11-08,0.0,0.0,0,0
2015-11-09,0.0,0.0,0,0
2015-11-10,0.0,0.0,0,0
2015-11-11,0.0,0.0,0,0
2015-11-12,0.0,0.0,0,0
2015-11-13,0.0,0.0,0,0
2015-11-14,0.0,0.0,0,0
2015-11-15,0.0,0.0,0,0
2015-11-16,0.0,0.0,0,0
2015-11-17,0.0,0.0,0,0
2015-11-18,0.0,0.0,0,0
2015-11-19,0.0,0.0,0,0
2015-11-20,0.0,0.0,0,0
2015-11-21,0.0,0.0,0,0
2015-11-22,0.0,0.0,0,0
2015-11-23,0.0,0.0,0,0
2015-11-24,0.0,0.0,0,0
2015-11-25,0.0,0.0,0,0
2015-11-26,0.0,0.0,0,0
2015-11-27,0.0,0.0,0,0
2015-11-28,0.0,0.0,0,0
2015-11-29,0.0,0.0,0,0
2015-11-30,0.0,0.0,0,0
2015-12-01,0.0,0.0,0,0
2015-12-02,0.0,0.0,0,0
2015-12-03,0.0,0.0,0,0
2015-12-04,0.0,0.0,0,0
2015-12-05,0.0,0.0,0,0
2015-12-06,0.0,0.0,0,0
2015-12-07,0.0,0.0,0,0
2015-12-08,0.0,0.0,0,0
2015-12-09,0.0,0.0,0,0
2015-12-10,0.0,0.0,0,0
2015-12-11,0.0,0.0,0,0
2015-12-12,0.0,0.0,0,0
2015-12-13,0.0,0.0,0,0
2015-12-14,0.0,0.0,0,0
2015-12-15,0.0,0.0,0,0
2015-12-16,0.0,0.0,0,0
2015-12-17,0.0,0.0,0,0
2015-12-18,0.0,0.0,0,0
2015-12-19,0.0,0.0,0,0
2015-12-20,0.0,0.0,0,0
2015-12-21,0.0,0.0,0,0
2015-12-22,0.0,0.0,0,0
2015-12-23,0.0,0.0,0,0
2015-12-24,0.0,0.0,0,0
2015-12-25,0.0,0.0,0,0
2015-12-26,0.0,0.0,0,0
2015-12-27,0.0,0.0,0,0
2015-12-28,0.0,0.0,0,0
2015-12-29,0.0,0.0,0,0
2015-12-30,0.0,0.0,0,0
2015-12-31,0.0,0.0,0,0
2016-01-01,0.0,0.0,0,0
2016-01-02,0.0,0.0,0,0
2016-01-03,0.0,0.0,0,0
2016-01-04,0.0,0.0,0,0
2016-01-05,0.0,0.0,0,0
2016-01-06,0.0,0.0,0,0
2016-01-07,0.0,0.0,0,0
2016-01-08,0.0,0.0,0,0
2016-01-09,0.0,0.0,0,0
2016-01-10,0.0,0.0,0,0
2016-01-11,0.0,0.0,0,0
2016-01-12,0.0,0.0,0,0
2016-01-13,0.0,0.0,0,0
2016-01-14,0.0,0.0,0,0
2016-01-15,0.0,0.0,0,0
2016-01-16,0.0,0.0,0,0
2016-01-17,0.0,0.0,0,0
2016-01-18,0.0,0.0,0,0
2016-01-19,0.0,0.0,0,0
2016-01-20,0.0,0.0,0,0
2016-01-21,0.0,0.0,0,0
2016-01-22,0.0,0.0,0,0
2016-01-23,0.0,0.0,0,0
2016-01-24,0.0,0.0,0,0
2016-01-25,0.0,0.0,0,0
2016-01-26,0.0,0.0,0,0
2016-01-27,0.0,0.0,0,0
2016-01-28,0.0,0.0,0,0
2016-01-29,0.0,0.0,0,0
2016-01-30,0.0,0.0,0,0
2016-01-31,0.0,0.0,0,0
2016-02-01,0.0,0.0,0,0
2016-02-02,0.0,0.0,0,0
2016-02-03,0.0,0.0,0,0
2016-02-04,0.0,0.0,0,0
2016-02-05,0.0,0.0,0,0
2016-02-06,0.0,0.0,0,0
2016-02-07,0.0,0.0,0,0
2016-02-08,0.0,0.0,0,0
2016-02-09,0.0,0.0,0,0
2016-02-10,0.0,0.0,0,0
2016-02-11,0.0,0.0,0,0
2016-02-12,0.0,0.0,0,0
2016-02-13,0.0,0.0,0,0
2016-02-14,0.0,0.0,0,0
2016-02-15,0.0,0.0,0,0
2016-02-16,0.0,0.0,0,0
2016-02-17,0.0,0.0,0,0
2016-02-18,0.0,0.0,0,0
2016-02-19,0.0,0.0,0,0
2016-02-20,0.0,0.0,0,0
2016-02-21,0.0,0.0,0,0
2016-02-22,0.0,0.0,0,0
2016-02-23,0.0,0.0,0,0
2016-02-24,0.0,0.0,0,0
2016-02-25,0.0,0.0,0,0
2016-02-26,0.0,0.0,0,0
2016-02-27,0.0,0.0,0,0
2016-02-28,0.0,0.0,0,0
2016-02-29,0.0,0.0,0,0
2016-03-01,0.0,0.0,0,0
2016-03-02,0.0,0.0,0,0
2016-03-03,0.0,0.0,0,0
2016-03-04,0.0,0.0,0,0
2016-03-05,0.0,0.0,0,0
2016-03-06,0.0,0.0,0,0
2016-03-07,0.0,0.0,0,0
2016-03-08,0.0,0.0,0,0
2016-03-09,0.0,0.0,0,0
2016-03-10,0.0,0.0,0,0
2016-03-11,0.0,0.0,0,0
2016-03-12,0.0,0.0,0,0
2016-03-13,0.0,0.0,0,0
2016-03-14,0.0,0.0,0,0
2016-03-15,0.0,0.0,0,0
2016-03-16,0.0,0.0,0,0
2016-03-17,0.0,0.0,0,0
2016-03-18,0.0,0.0,0,0
2016-03-19,0.0,0.0,0,0
2016-03-20,0.0,0.0,0,0
2016-03-21,0.0,0.0,0,0
2016-03-22,0.0,0.0,0,0
2016-03-23,0.0,0.0,0,0
2016-03-24,0.0,0.0,0,0
2016-03-25,0.0,0.0,0,0
2016-03-26,0.0,0.0,0,0
2016-03-27,0.0,0.0,0,0
2016-03-28,0.0,0.0,0,0
2016-03-29,0.0,0.0,0,0
2016-03-30,0.0,0.0,0,0
2016-03-31,0.0,0.0,0,0
2016-04-01,0.0,0.0,0,0
2016-04-02,0.0,0.0,0,0
2016-04-03,0.0,0.0,0,0
2016-04-04,0.0,0.0,0,0
2016-04-05,0.0,0.0,0,0
2016-04-06,0.0,0.0,0,0
2016-04-07,0.0,0.0,0,0
2016-04-08,0.0,0.0,0,0
2016-04-09,0.0,0.0,0,0
2016-04-10,0.0,0.0,0,0
2016-04-11,0.0,0.0,0,0
2016-04-12,0.0,0.0,0,0
2016-04-13,0.0,0.0,0,0
2016-04-14,0.0,0.0,0,0
2016-04-15,0.0,0.0,0,0
2016-04-16,0.0,0.0,0,0
2016-04-17,0.0,0.0,0,0
2016-04-18,0.0,0.0,0,0
2016-04-19,0.0,0.0,0,0
2016-04-20,0.0,0.0,0,0
2016-04-21,0.0,0.0,0,0
2016-04-22,0.0,0.0,0,0
2016-04-23,0.0,0.0,0,0
2016-04-24,0.0,0.0,0,0
2016-04-25,0.0,0.0,0,0
2016-04-26,0.0,0.0,0,0
2016-04-27,0.0,0.0,0,0
2016-04-28,0.0,0.0,0,0
2016-04-29,0.0,0.0,0,0
2016-04-30,0.0,0.0,0,0
2016-05-01,0.0,0.0,0,0
2016-05-02,0.0,0.0,0,0
2016-05-03,0.0,0.0,0,0
2016-05-04,0.0,0.0,0,0
2016-05-05,0.0,0.0,0,0
2016-05-06,0.0,0.0,0,0
2016-05-07,0.0,0.0,0,0
2016-05-08,0.0,0.0,0,0
2016-05-09,0.0,0.0,0,0
2016-05-10,0.0,0.0,0,0
2016-05-11,0.0,0.0,0,0
2016-05-12,0.0,0.0,0,0
2016-05-13,0.0,0.0,0,0
2016-05-14,0.0,0.0,0,0
2016-05-15,0.0,0.0,0,0
2016-05-16,0.0,0.0,0,0
2016-05-17,0.0,0.0,0,0
2016-05-18,0.0,0.0,0,0
2016-05-19,0.0,0.0,0,0
2016-05-20,0.0,0.0,0,0
2016-05-21,0.0,0.0,0,0
2016-05-22,0.0,0.0,0,0
2016-05-23,0.0,0.0,0,0
2016-05-24,0.0,0.0,0,0
2016-05-25,0.0,0.0,0,0
2016-05-26,0.0,0.0,0,0
2016-05-27,0.0,0.0,0,0
2016-05-28,0.0,0.0,0,0
2016-05-29,0.0,0.0,0,0
2016-05-30,0.0,0.0,0,0
2016-05-31,0.0,0.0,0,0
2016-06-01,0.0,0.0,0,0
2016-06-02,0.0,0.0,0,0
2016-06-03,0.0,0.0,0,0
2016-06-04,0.0,0.0,0,0
2016-06-05,0.0,0.0,0,0
2016-06-06,0.0,0.0,0,0
2016-06-07,0.0,0.0,0,0
2016-06-08,0.0,0.0,0,0
2016-06-09,0.0,0.0,0,0
2016-06-10,0.0,0.0,0,0
2016-06-11,0.0,0.0,0,0
2016-06-12,0.0,0.0,0,0
2016-06-13,0.0,0.0,0,0
2016-06-14,0.0,0.0,0,0
2016-06-15,0.0,0.0,0,0
2016-06-16,0.0,0.0,0,0
2016-06-17,0.0,0.0,0,0
2016-06-18,0.0,0.0,0,0
2016-06-19,0.0,0.0,0,0
2016-06-20,0.0,0.0,0,0
2016-06-21,0.0,0.0,0,0
2016-06-22,0.0,0.0,0,0
2016-06-23,0.0,0.0,0,0
2016-06-24,0.0,0.0,0,0
2016-06-25,0.0,0.0,0,0
2016-06-26,0.0,0.0,0,0
2016-06-27,0.0,0.0,0,0
2016-06-28,0.0,0.0,0,0
2016-06-29,0.0,0.0,0,0
2016-06-30,0.0,0.0,0,0
2016-07-01,0.0,0.0,0,0
2016-07-02,0.0,0.0,0,0
2016-07-03,0.0,0.0,0,0
2016-07-04,0.0,0.0,0,0
2016-07-05,0.0,0.0,0,0
2016-07-06,0.0,0.0,0,0
2016-07-07,0.0,0.0,0,0
2016-07-08,0.0,0.0,0,0
2016-07-09,0.0,0.0,0,0
2016-07-10,0.0,0.0,0,0
2016-07-11,0.0,0.0,0,0
2016-07-12,0.0,0.0,0,0
2016-07-13,0.0,0.0,0,0
2016-07-14,0.0,0.0,0,0
2016-07-15,0.0,0.0,0,0
2016-07-16,0.0,0.0,0,0
2016-07-17,0.0,0.0,0,0
2016-07-18,0.0,0.0,0,0
2016-07-19,0.0,0.0,0,0
2016-07-20,0.0,0.0,0,0
2016-07-21,0.0,0.0,0,0
2016-07-22,0.0,0.0,0,0
2016-07-23,0.0,0.0,0,0
2016-07-24,0.0,0.0,0,0
2016-07-25,0.0,0.0,0,0
2016-07-26,0.0,0.0,0,0
2016-07-27,0.0,0.0,0,0
2016-07-28,0.0,0.0,0,0
2016-07-29,0.0,0.0,0,0
2016-07-30,0.0,0.0,0,0
2016-07-31,0.0,0.0,0,0
2016-08-01,0.0,0.0,0,0
2016-08-02,0.0,0.0,0,0
2016-08-03,0.0,0.0,0,0
2016-08-04,0.0,0.0,0,0
2016-08-05,0.0,0.0,0,0
2016-08-06,0.0,0.0,0,0
2016-08-07,0.0,0.0,0,0
2016-08-08,0.0,0.0,0,0
2016-08-09,0.0,0.0,0,0
2016-08-10,0.0,0.0,0,0
2016-08-11,0.0,0.0,0,0
2016-08-12,0.0,0.0,0,0
2016-08-13,0.0,0.0,0,0
2016-08-14,0.0,0.0,0,0
2016-08-15,0.0,0.0,0,0
2016-08-16,0.0,0.0,0,0
2016-08-17,0.0,0.0,0,0
2016-08-18,0.0,0.0,0,0
2016-08-19,0.0,0.0,0,0
2016-08-20,0.0,0.0,0,0
2016-08-21,0.0,0.0,0,0
2016-08-22,0.0,0.0,0,0
2016-08-23,0.0,0.0,0,0
2016-08-24,0.0,0.0,0,0
2016-08-25,0.0,0.0,0,0
2016-08-26,0.0,0.0,0,0
2016-08-27,0.0,0.0,0,0
2016-08-28,0.0,0.0,0,0
2016-08-29,0.0,0.0,0,0
2016-08-30,0.0,0.0,0,0
2016-08-31,0.0,0.0,0,0
2016-09-01,0.0,0.0,0,0
2016-09-02,0.0,0.0,0,0
2016-09-03,0.0,0.0,0,0
2016-09-04,0.0,0.0,0,0
2016-09-05,0.0,0.0,0,0
2016-09-06,0.0,0.0,0,0
2016-09-07,0.0,0.0,0,0
2016-09-08,0.0,0.0,0,0
2016-09-09,0.0,0.0,0,0
2016-09-10,0.0,0.0,0,0
2016-09-11,0.0,0.0,0,0
2016-09-12,0.0,0.0,0,0
2016-09-13,0.0,0.0,0,0
2016-09-14,0.0,0.0,0,0
2016-09-15,0.0,0.0,0,0
2016-09-16,0.0,0.0,0,0
2016-09-17,0.0,0.0,0,0
2016-09-18,0.0,0.0,0,0
2016-09-19,0.0,0.0,0,0
2016-09-20,0.0,0.0,0,0
2016-09-21,0.0,0.0,0,0
2016-09-22,0.0,0.0,0,0
2016-09-23,0.0,0.0,0,0
2016-09-24,0.0,0.0,0,0
2016-09-25,0.0,0.0,0,0
2016-09-26,0.0,0.0,0,0
2016-09-27,0.0,0.0,0,0
2016-09-28,0.0,0.0,0,0
2016-09-29,0.0,0.0,0,0
2016-09-30,0.0,0.0,0,0
2016-10-01,0.0,0.0,0,0
2016-10-02,0.0,0.0,0,0
2016-10-03,0.0,0.0,0,0
2016-10-04,0.0,0.0,0,0
2016-10-05,0.0,0.0,0,0
2016-10-06,0.0,0.0,0,0
2016-10-07,0.0,0.0,0,0
2016-10-08,0.0,0.0,0,0
2016-10-09,0.0,0.0,0,0
2016-10-10,0.0,0.0,0,0
2016-10-11,0.0,0.0,0,0
2016-10-12,0.0,0.0,0,0
2016-10-13,0.0,0.0,0,0
2016-10-14,0.0,0.0,0,0
2016-10-15,0.0,0.0,0,0
2016-10-16,0.0,0.0,0,0
2016-10-17,0.0,0.0,0,0
2016-10-18,0.0,0.0,0,0
2016-10-19,0.0,0.0,0,0
2016-10-20,0.0,0.0,0,0
2016-10-21,0.0,0.0,0,0
2016-10-22,0.0,0.0,0,0
2016-10-23,0.0,0.0,0,0
2016-10-24,0.0,0.0,0,0
2016-10-25,0.0,0.0,0,0
2016-10-26,0.0,0.0,0,0
2016-10-27,0.0,0.0,0,0
2016-10-28,0.0,0.0,0,0
2016-10-29,0.0,0.0,0,0
2016-10-30,0.0,0.0,0,0
2016-10-31,0.0,0.0,0,0
2016-11-01,0.0,0.0,0,0
2016-11-02,0.0,0.0,0,0
2016-11-03,0.0,0.0,0,0
2016-11-04,0.0,0.0,0,0
2016-11-05,0.0,0.0,0,0
2016-11-06,0.0,0.0,0,0
2016-11-07,0.0,0.0,0,0
2016-11-08,0.0,0.0,0,0
2016-11-09,0.0,0.0,0,0
2016-11-10,0.0,0.0,0,0
2016-11-11,0.0,0.0,0,0
2016-11-12,0.0,0.0,0,0
2016-11-13,0.0,0.0,0,0
2016-11-14,0.0,0.0,0,0
2016-11-15,0.0,0.0,0,0
2016-11-16,0.0,0.0,0,0
2016-11-17,0.0,0.0,0,0
2016-11-18,0.0,0.0,0,0
2016-11-19,0.0,0.0,0,0
2016-11-20,0.0,0.0,0,0
2016-11-21,0.0,0.0,0,0
2016-11-22,0.0,0.0,0,0
2016-11-23,0.0,0.0,0,0
2016-11-24,0.0,0.0,0,0
2016-11-25,0.0,0.0,0,0
2016-11-26,0.0,0.0,0,0
2016-11-27,0.0,0.0,0,0
2016-11-28,0.0,0.0,0,0
2016-11-29,0.0,0.0,0,0
2016-11-30,0.0,0.0,0,0
2016-12-01,0.0,0.0,0,0
2016-12-02,0.0,0.0,0,0
2016-12-03,0.0,0.0,0,0
2016-12-04,0.0,0.0,0,0
2016-12-05,0.0,0.0,0,0
2016-12-06,0.0,0.0,0,0
2016-12-07,0.0,0.0,0,0
2016-12-08,0.0,0.0,0,0
2016-12-09,0.0,0.0,0,0
2016-12-10,0.0,0.0,0,0
2016-12-11,0.0,0.0,0,0
2016-12-12,0.0,0.0,0,0
2016-12-13,0.0,0.0,0,0
2016-12-14,0.0,0.0,0,0
2016-12-15,0.0,0.0,0,0
2016-12-16,0.0,0.0,0,0
2016-12-17,0.0,0.0,0,0
2016-12-18,0.0,0.0,0,0
2016-12-19,0.0,0.0,0,0
2016-12-20,0.0,0.0,0,0
2016-12-21,0.0,0.0,0,0
2016-12-22,0.0,0.0,0,0
2016-12-23,0.0,0.0,0,0
2016-12-24,0.0,0.0,0,0
2016-12-25,0.0,0.0,0,0
2016-12-26,0.0,0.0,0,0
2016-12-27,0.0,0.0,0,0
2016-12-28,0.0,0.0,0,0
2016-12-29,0.0,0.0,0,0
2016-12-30,0.0,0.0,0,0
2016-12-31,0.0,0.0,0,0
2017-01-01,0.0,0.0,0,0
2017-01-02,0.0,0.0,0,0
2017-01-03,0.0,0.0,0,0
2017-01-04,0.0,0.0,0,0
2017-01-05,0.0,0.0,0,0
2017-01-06,0.0,0.0,0,0
2017-01-07,0.0,0.0,0,0
2017-01-08,0.0,0.0,0,0
2017-01-09,0.0,0.0,0,0
2017-01-10,0.0,0.0,0,0
2017-01-11,0.0,0.0,0,0
2017-01-12,0.0,0.0,0,0
2017-01-13,0.0,0.0,0,0
2017-01-14,0.0,0.0,0,0
2017-01-15,0.0,0.0,0,0
2017-01-16,0.0,0.0,0,0
2017-01-17,0.0,0.0,0,0
2017-01-18,0.0,0.0,0,0
2017-01-19,0.0,0.0,0,0
2017-01-20,0.0,0.0,0,0
2017-01-21,0.0,0.0,0,0
2017-01-22,0.0,0.0,0,0
2017-01-23,0.0,0.0,0,0
2017-01-24,0.0,0.0,0,0
2017-01-25,0.0,0.0,0,0
2017-01-26,0.0,0.0,0,0
2017-01-27,0.0,0.0,0,0
2017-01-28,0.0,0.0,0,0
2017-01-29,0.0,0.0,0,0
2017-01-30,0.0,0.0,0,0
2017-01-31,0.0,0.0,0,0
2017-02-01,0.0,0.0,0,0
2017-02-02,0.0,0.0,0,0
2017-02-03,0.0,0.0,0,0
2017-02-04,0.0,0.0,0,0
2017-02-05,0.0,0.0,0,0
2017-02-06,0.0,0.0,0,0
2017-02-07,0.0,0.0,0,0
2017-02-08,0.0,0.0,0,0
2017-02-09,0.0,0.0,0,0
2017-02-10,0.0,0.0,0,0
2017-02-11,0.0,0.0,0,0
2017-02-12,0.0,0.0,0,0
2017-02-13,0.0,0.0,0,0
2017-02-14,0.0,0.0,0,0
2017-02-15,0.0,0.0,0,0
2017-02-16,0.0,0.0,0,0
2017-02-17,0.0,0.0,0,0
2017-02-18,0.0,0.0,0,0
2017-02-19,0.0,0.0,0,0
2017-02-20,0.0,0.0,0,0
2017-02-21,0.0,0.0,0,0
2017-02-22,0.0,0.0,0,0
2017-02-23,0.0,0.0,0,0
2017-02-24,0.0,0.0,0,0
2017-02-25,0.0,0.0,0,0
2017-02-26,0.0,0.0,0,0
2017-02-27,0.0,0.0,0,0
2017-02-28,0.0,0.0,0,0
2017-03-01,0.0,0.0,0,0
2017-03-02,0.0,0.0,0,0
2017-03-03,0.0,0.0,0,0
2017-03-04,0.0,0.0,0,0
2017-03-05,0.0,0.0,0,0
2017-03-06,0.0,0.0,0,0
2017-03-07,0.0,0.0,0,0
2017-03-08,0.0,0.0,0,0
2017-03-09,0.0,0.0,0,0
2017-03-10,0.0,0.0,0,0
2017-03-11,0.0,0.0,0,0
2017-03-12,0.0,0.0,0,0
2017-03-13,0.0,0.0,0,0
2017-03-14,0.0,0.0,0,0
2017-03-15,0.0,0.0,0,0
2017-03-16,0.0,0.0,0,0
2017-03-17,0.0,0.0,0,0
2017-03-18,0.0,0.0,0,0
2017-03-19,0.0,0.0,0,0
2017-03-20,0.0,0.0,0,0
2017-03-21,0.0,0.0,0,0
2017-03-22,0.0,0.0,0,0
2017-03-23,0.0,0.0,0,0
2017-03-24,0.0,0.0,0,0
2017-03-25,0.0,0.0,0,0
2017-03-26,0.0,0.0,0,0
2017-03-27,0.0,0.0,0,0
2017-03-28,0.0,0.0,0,0
2017-03-29,0.0,0.0,0,0
2017-03-30,0.0,0.0,0,0
2017-03-31,0.0,0.0,0,0
2017-04-01,0.0,0.0,0,0
2017-04-02,0.0,0.0,0,0
2017-04-03,0.0,0.0,0,0
2017-04-04,0.0,0.0,0,0
2017-04-05,0.0,0.0,0,0
2017-04-06,0.0,0.0,0,0
2017-04-07,0.0,0.0,0,0
2017-04-08,0.0,0.0,0,0
2017-04-09,0.0,0.0,0,0
2017-04-10,0.0,0.0,0,0
2017-04-11,0.0,0.0,0,0
2017-04-12,0.0,0.0,0,0
2017-04-13,0.0,0.0,0,0
2017-04-14,0.0,0.0,0,0
2017-04-15,0.0,0.0,0,0
2017-04-16,0.0,0.0,0,0
2017-04-17,0.0,0.0,0,0
2017-04-18,0.0,0.0,0,0
2017-04-19,0.0,0.0,0,0
2017-04-20,0.0,0.0,0,0
2017-04-21,0.0,0.0,0,0
2017-04-22,0.0,0.0,0,0
2017-04-23,0.0,0.0,0,0
2017-04-24,0.0,0.0,0,0
2017-04-25,0.0,0.0,0,0
2017-04-26,0.0,0.0,0,0
2017-04-27,0.0,0.0,0,0
2017-04-28,0.0,0.0,0,0
2017-04-29,0.0,0.0,0,0
2017-04-30,0.0,0.0,0,0
2017-05-01,0.0,0.0,0,0
2017-05-02,0.0,0.0,0,0
2017-05-03,0.0,0.0,0,0
2017-05-04,0.0,0.0,0,0
2017-05-05,0.0,0.0,0,0
2017-05-06,0.0,0.0,0,0
2017-05-07,0.0,0.0,0,0
2017-05-08,0.0,0.0,0,0
2017-05-09,0.0,0.0,0,0
2017-05-10,0.0,0.0,0,0
2017-05-11,0.0,0.0,0,0
2017-05-12,0.0,0.0,0,0
2017-05-13,0.0,0.0,0,0
2017-05-14,0.0,0.0,0,0
2017-05-15,0.0,0.0,0,0
2017-05-16,0.0,0.0,0,0
2017-05-17,0.0,0.0,0,0
2017-05-18,0.0,0.0,0,0
2017-05-19,0.0,0.0,0,0
2017-05-20,0.0,0.0,0,0
2017-05-21,0.0,0.0,0,0
2017-05-22,0.0,0.0,0,0
2017-05-23,0.0,0.0,0,0
2017-05-24,0.0,0.0,0,0
2017-05-25,0.0,0.0,0,0
2017-05-26,0.0,0.0,0,0
2017-05-27,0.0,0.0,0,0
2017-05-28,0.0,0.0,0,0
2017-05-29,0.0,0.0,0,0
2017-05-30,0.0,0.0,0,0
2017-05-31,0.0,0.0,0,0
2017-06-01,0.0,0.0,0,0
2017-06-02,0.0,0.0,0,0
2017-06-03,0.0,0.0,0,0
2017-06-04,0.0,0.0,0,0
2017-06-05,0.0,0.0,0,0
2017-06-06,0.0,0.0,0,0
2017-06-07,0.0,0.0,0,0
2017-06-08,0.0,0.0,0,0
2017-06-09,0.0,0.0,0,0
2017-06-10,0.0,0.0,0,0
2017-06-11,0.0,0.0,0,0
2017-06-12,0.0,0.0,0,0
2017-06-13,0.0,0.0,0,0
2017-06-14,0.0,0.0,0,0
2017-06-15,0.0,0.0,0,0
2017-06-16,0.0,0.0,0,0
2017-06-17,0.0,0.0,0,0
2017-06-18,0.0,0.0,0,0
2017-06-19,0.0,0.0,0,0
2017-06-20,0.0,0.0,0,0
2017-06-21,0.0,0.0,0,0
2017-06-22,0.0,0.0,0,0
2017-06-23,0.0,0.0,0,0
2017-06-24,0.0,0.0,0,0
2017-06-25,0.0,0.0,0,0
2017-06-26,0.0,0.0,0,0
2017-06-27,0.0,0.0,0,0
2017-06-28,0.0,0.0,0,0
2017-06-29,0.0,0.0,0,0
2017-06-30,0.0,0.0,0,0
2017-07-01,0.0,0.0,0,0
2017-07-02,0.0,0.0,0,0
2017-07-03,0.0,0.0,0,0
2017-07-04,0.0,0.0,0,0
2017-07-05,0.0,0.0,0,0
2017-07-06,0.0,0.0,0,0
2017-07-07,0.0,0.0,0,0
2017-07-08,0.0,0.0,0,0
2017-07-09,0.0,0.0,0,0
2017-07-10,0.0,0.0,0,0
2017-07-11,0.0,0.0,0,0
2017-07-12,0.0,0.0,0,0
2017-07-13,0.0,0.0,0,0
2017-07-14,0.0,0.0,0,0
2017-07-15,0.0,0.0,0,0
2017-07-16,0.0,0.0,0,0
2017-07-17,0.0,0.0,0,0
2017-07-18,0.0,0.0,0,0
2017-07-19,0.0,0.0,0,0
2017-07-20,0.0,0.0,0,0
2017-07-21,0.0,0.0,0,0
2017-07-22,0.0,0.0,0,0
2017-07-23,0.0,0.0,0,0
2017-07-24,0.0,0.0,0,0
2017-07-25,0.0,0.0,0,0
2017-07-26,0.0,0.0,0,0
2017-07-27,0.0,0.0,0,0
2017-07-28,0.0,0.0,0,0
2017-07-29,0.0,0.0,0,0
2017-07-30,0.0,0.0,0,0
2017-07-31,0.0,0.0,0,0
2017-08-01,0.0,0.0,0,0
2017-08-02,0.0,0.0,0,0
2017-08-03,0.0,0.0,0,0
2017-08-04,0.0,0.0,0,0
2017-08-05,0.0,0.0,0,0
2017-08-06,0.0,0.0,0,0
2017-08-07,0.0,0.0,0,0
2017-08-08,0.0,0.0,0,0
2017-08-09,0.0,0.0,0,0
2017-08-10,0.0,0.0,0,0
2017-08-11,0.0,0.0,0,0
2017-08-12,0.0,0.0,0,0
2017-08-13,0.0,0.0,0,0
2017-08-14,0.0,0.0,0,0
2017-08-15,0.0,0.0,0,0
2017-08-16,0.0,0.0,0,0
2017-08-17,0.0,0.0,0,0
2017-08-18,0.0,0.0,0,0
2017-08-19,0.0,0.0,0,0
2017-08-20,0.0,0.0,0,0
2017-08-21,0.0,0.0,0,0
2017-08-22,0.0,0.0,0,0
2017-08-23,0.0,0.0,0,0
2017-08-24,0.0,0.0,0,0
2017-08-25,0.0,0.0,0,0
2017-08-26,0.0,0.0,0,0
2017-08-27,0.0,0.0,0,0
2017-08-28,0.0,0.0,0,0
2017-08-29,0.0,0.0,0,0
2017-08-30,0.0,0.0,0,0
2017-08-31,0.0,0.0,0,0
2017-09-01,0.0,0.0,0,0
2017-09-02,0.0,0.0,0,0
2017-09-03,0.0,0.0,0,0
2017-09-04,0.0,0.0,0,0
2017-09-05,0.0,0.0,0,0
2017-09-06,0.0,0.0,0,0
2017-09-07,0.0,0.0,0,0
2017-09-08,0.0,0.0,0,0
2017-09-09,0.0,0.0,0,0
2017-09-10,0.0,0.0,0,0
2017-09-11,0.0,0.0,0,0
2017-09-12,0.0,0.0,0,0
2017-09-13,0.0,0.0,0,0
2017-09-14,0.0,0.0,0,0
2017-09-15,0.0,0.0,0,0
2017-09-16,0.0,0.0,0,0
2017-09-17,0.0,0.0,0,0
2017-09-18,0.0,0.0,0,0
2017-09-19,0.0,0.0,0,0
2017-09-20,0.0,0.0,0,0
2017-09-21,0.0,0.0,0,0
2017-09-22,0.0,0.0,0,0
2017-09-23,0.0,0.0,0,0
2017-09-24,0.0,0.0,0,0
2017-09-25,0.0,0.0,0,0
2017-09-26,0.0,0.0,0,0
2017-09-27,0.0,0.0,0,0
2017-09-28,0.0,0.0,0,0
2017-09-29,0.0,0.0,0,0
2017-09-30,0.0,0.0,0,0
2017-10-01,0.0,0.0,0,0
2017-10-02,0.0,0.0,0,0
2017-10-03,0.0,0.0,0,0
2017-10-04,0.0,0.0,0,0
2017-10-05,0.0,0.0,0,0
2017-10-06,0.0,0.0,0,0
2017-10-07,0.0,0.0,0,0
2017-10-08,0.0,0.0,0,0
2017-10-09,0.0,0.0,0,0
2017-10-10,0.0,0.0,0,0
2017-10-11,0.0,0.0,0,0
2017-10-12,0.0,0.0,0,0
2017-10-13,0.0,0.0,0,0
2017-10-14,0.0,0.0,0,0
2017-10-15,0.0,0.0,0,0
2017-10-16,0.0,0.0,0,0
2017-10-17,0.0,0.0,0,0
2017-10-18,0.0,0.0,0,0
2017-10-19,0.0,0.0,0,0
2017-10-20,0.0,0.0,0,0
2017-10-21,0.0,0.0,0,0
2017-10-22,0.0,0.0,0,0
2017-10-23,0.0,0.0,0,0
2017-10-24,0.0,0.0,0,0
2017-10-25,0.0,0.0,0,0
2017-10-26,0.0,0.0,0,0
2017-10-27,0.0,0.0,0,0
2017-10-28,0.0,0.0,0,0
2017-10-29,0.0,0.0,0,0
2017-10-30,0.0,0.0,0,0
2017-10-31,0.0,0.0,0,0
2017-11-01,0.0,0.0,0,0
2017-11-02,0.0,0.0,0,0
2017-11-03,0.0,0.0,0,0
2017-11-04,0.0,0.0,0,0
2017-11-05,0.0,0.0,0,0
2017-11-06,0.0,0.0,0,0
2017-11-07,0.0,0.0,0,0
2017-11-08,0.0,0.0,0,0
2017-11-09,0.0,0.0,0,0
2017-11-10,0.0,0.0,0,0
2017-11-11,0.0,0.0,0,0
2017-11-12,0.0,0.0,0,0
2017-11-13,0.0,0.0,0,0
2017-11-14,0.0,0.0,0,0
2017-11-15,0.0,0.0,0,0
2017-11-16,0.0,0.0,0,0
2017-11-17,0.0,0.0,0,0
2017-11-18,0.0,0.0,0,0
2017-11-19,0.0,0.0,0,0
2017-11-20,0.0,0.0,0,0
2017-11-21,0.0,0.0,0,0
2017-11-22,0.0,0.0,0,0
2017-11-23,0.0,0.0,0,0
2017-11-24,0.0,0.0,0,0
2017-11-25,0.0,0.0,0,0
2017-11-26,0.0,0.0,0,0
2017-11-27,0.0,0.0,0,0
2017-11-28,0.0,0.0,0,0
2017-11-29,0.0,0.0,0,0
2017-11-30,0.0,0.0,0,0
2017-12-01,0.0,0.0,0,0
2017-12-02,0.0,0.0,0,0
2017-12-03,0.0,0.0,0,0
2017-12-04,0.0,0.0,0,0
2017-12-05,0.0,0.0,0,0
2017-12-06,0.0,0.0,0,0
2017-12-07,0.0,0.0,0,0
2017-12-08,0.0,0.0,0,0
2017-12-09,0.0,0.0,0,0
2017-12-10,0.0,0.0,0,0
2017-12-11,0.0,0.0,0,0
2017-12-12,0.0,0.0,0,0
2017-12-13,0.0,0.0,0,0
2017-12-14,0.0,0.0,0,0
2017-12-15,0.0,0.0,0,0
2017-12-16,0.0,0.0,0,0
2017-12-17,0.0,0.0,0,0
2017-12-18,0.0,0.0,0,0
2017-12-19,0.0,0.0,0,0
2017-12-20,0.0,0.0,0,0
2017-12-21,0.0,0.0,0,0
2017-12-22,0.0,0.0,0,0
2017-12-23,0.0,0.0,0,0
2017-12-24,0.0,0.0,0,0
2017-12-25,0.0,0.0,0,0
2017-12-26,0.0,0.0,0,0
2017-12-27,0.0,0.0,0,0
2017-12-28,0.0,0.0,0,0
2017-12-29,0.0,0.0,0,0
2017-12-30,0.0,0.0,0,0
2017-12-31,0.0,0.0,0,0
2018-01-01,0.0,0.0,0,0
2018-01-02,0.0,0.0,0,0
2018-01-03,0.0,0.0,0,0
2018-01-04,0.0,0.0,0,0
2018-01-05,0.0,0.0,0,0
2018-01-06,0.0,0.0,0,0
2018-01-07,0.0,0.0,0,0
2018-01-08,0.0,0.0,0,0
2018-01-09,0.0,0.0,0,0
2018-01-10,0.0,0.0,0,0
2018-01-11,0.0,0.0,0,0
2018-01-12,0.0,0.0,0,0
2018-01-13,0.0,0.0,0,0
2018-01-14,0.0,0.0,0,0
2018-01-15,0.0,0.0,0,0
2018-01-16,0.0,0.0,0,0
2018-01-17,0.0,0.0,0,0
2018-01-18,0.0,0.0,0,0
2018-01-19,0.0,0.0,0,0
2018-01-20,0.0,0.0,0,0
2018-01-21,0.0,0.0,0,0
2018-01-22,0.0,0.0,0,0
2018-01-23,0.0,0.0,0,0
2018-01-24,0.0,0.0,0,0
2018-01-25,0.0,0.0,0,0
2018-01-26,0.0,0.0,0,0
2018-01-27,0.0,0.0,0,0
2018-01-28,0.0,0.0,0,0
2018-01-29,0.0,0.0,0,0
2018-01-30,0.0,0.0,0,0
2018-01-31,0.0,0.0,0,0
2018-02-01,0.0,0.0,0,0
2018-02-02,0.0,0.0,0,0
2018-02-03,0.0,0.0,0,0
2018-02-04,0.0,0.0,0,0
2018-02-05,0.0,0.0,0,0
2018-02-06,0.0,0.0,0,0
2018-02-07,0.0,0.0,0,0
2018-02-08,0.0,0.0,0,0
2018-02-09,0.0,0.0,0,0
2018-02-10,0.0,0.0,0,0
2018-02-11,0.0,0.0,0,0
2018-02-12,0.0,0.0,0,0
2018-02-13,0.0,0.0,0,0
2018-02-14,0.0,0.0,0,0
2018-02-15,0.0,0.0,0,0
2018-02-16,0.0,0.0,0,0
2018-02-17,0.0,0.0,0,0
2018-02-18,0.0,0.0,0,0
2018-02-19,0.0,0.0,0,0
2018-02-20,0.0,0.0,0,0
2018-02-21,0.0,0.0,0,0
2018-02-22,0.0,0.0,0,0
2018-02-23,0.0,0.0,0,0
2018-02-24,0.0,0.0,0,0
2018-02-25,0.0,0.0,0,0
2018-02-26,0.0,0.0,0,0
2018-02-27,0.0,0.0,0,0
2018-02-28,0.0,0.0,0,0
2018-03-01,0.0,0.0,0,0
2018-03-02,0.0,0.0,0,0
2018-03-03,0.0,0.0,0,0
2018-03-04,0.0,0.0,0,0
2018-03-05,0.0,0.0,0,0
2018-03-06,0.0,0.0,0,0
2018-03-07,0.0,0.0,0,0
2018-03-08,0.0,0.0,0,0
2018-03-09,0.0,0.0,0,0
2018-03-10,0.0,0.0,0,0
2018-03-11,0.0,0.0,0,0
2018-03-12,0.0,0.0,0,0
2018-03-13,0.0,0.0,0,0
2018-03-14,0.0,0.0,0,0
2018-03-15,0.0,0.0,0,0
2018-03-16,0.0,0.0,0,0
2018-03-17,0.0,0.0,0,0
2018-03-18,0.0,0.0,0,0
2018-03-19,0.0,0.0,0,0
2018-03-20,0.0,0.0,0,0
2018-03-21,0.0,0.0,0,0
2018-03-22,0.0,0.0,0,0
2018-03-23,0.0,0.0,0,0
2018-03-24,0.0,0.0,0,0
2018-03-25,0.0,0.0,0,0
2018-03-26,0.0,0.0,0,0
2018-03-27,0.0,0.0,0,0
2018-03-28,0.0,0.0,0,0
2018-03-29,0.0,0.0,0,0
2018-03-30,0.0,0.0,0,0
2018-03-31,0.0,0.0,0,0
2018-04-01,0.0,0.0,0,0
2018-04-02,0.0,0.0,0,0
2018-04-03,0.0,0.0,0,0
2018-04-04,0.0,0.0,0,0
2018-04-05,0.0,0.0,0,0
2018-04-06,0.0,0.0,0,0
2018-04-07,0.0,0.0,0,0
2018-04-08,0.0,0.0,0,0
2018-04-09,0.0,0.0,0,0
2018-04-10,0.0,0.0,0,0
2018-04-11,0.0,0.0,0,0
2018-04-12,0.0,0.0,0,0
2018-04-13,0.0,0.0,0,0
2018-04-14,0.0,0.0,0,0
2018-04-15,0.0,0.0,0,0
2018-04-16,0.0,0.0,0,0
2018-04-17,0.0,0.0,0,0
2018-04-18,0.0,0.0,0,0
2018-04-19,0.0,0.0,0,0
2018-04-20,0.0,0.0,0,0
2018-04-21,0.0,0.0,0,0
2018-04-22,0.0,0.0,0,0
2018-04-23,0.0,0.0,0,0
2018-04-24,0.0,0.0,0,0
2018-04-25,0.0,0.0,0,0
2018-04-26,0.0,0.0,0,0
2018-04-27,0.0,0.0,0,0
2018-04-28,0.0,0.0,0,0
2018-04-29,0.0,0.0,0,0
2018-04-30,0.0,0.0,0,0
2018-05-01,0.0,0.0,0,0
2018-05-02,0.0,0.0,0,0
2018-05-03,0.0,0.0,0,0
2018-05-04,0.0,0.0,0,0
2018-05-05,0.0,0.0,0,0
2018-05-06,0.0,0.0,0,0
2018-05-07,0.0,0.0,0,0
2018-05-08,0.0,0.0,0,0
2018-05-09,0.0,0.0,0,0
2018-05-10,0.0,0.0,0,0
2018-05-11,0.0,0.0,0,0
2018-05-12,0.0,0.0,0,0
2018-05-13,0.0,0.0,0,0
2018-05-14,0.0,0.0,0,0
2018-05-15,0.0,0.0,0,0
2018-05-16,0.0,0.0,0,0
2018-05-17,0.0,0.0,0,0
2018-05-18,0.0,0.0,0,0
2018-05-19,0.0,0.0,0,0
2018-05-20,0.0,0.0,0,0
2018-05-21,0.0,0.0,0,0
2018-05-22,0.0,0.0,0,0
2018-05-23,0.0,0.0,0,0
2018-05-24,0.0,0.0,0,0
2018-05-25,0.0,0.0,0,0
2018-05-26,0.0,0.0,0,0
2018-05-27,0.0,0.0,0,0
2018-05-28,0.0,0.0,0,0
2018-05-29,0.0,0.0,0,0
2018-05-30,0.0,0.0,0,0
2018-05-31,0.0,0.0,0,0
2018-06-01,0.0,0.0,0,0
2018-06-02,0.0,0.0,0,0
2018-06-03,0.0,0.0,0,0
2018-06-04,0.0,0.0,0,0
2018-06-05,0.0,0.0,0,0
2018-06-06,0.0,0.0,0,0
2018-06-07,0.0,0.0,0,0
2018-06-08,0.0,0.0,0,0
2018-06-09,0.0,0.0,0,0
2018-06-10,0.0,0.0,0,0
2018-06-11,0.0,0.0,0,0
2018-06-12,0.0,0.0,0,0
2018-06-13,0.0,0.0,0,0
2018-06-14,0.0,0.0,0,0
2018-06-15,0.0,0.0,0,0
2018-06-16,0.0,0.0,0,0
2018-06-17,0.0,0.0,0,0
2018-06-18,0.0,0.0,0,0
2018-06-19,0.0,0.0,0,0
2018-06-20,0.0,0.0,0,0
2018-06-21,0.0,0.0,0,0
2018-06-22,0.0,0.0,0,0
2018-06-23,0.0,0.0,0,0
2018-06-24,0.0,0.0,0,0
2018-06-25,0.0,0.0,0,0
2018-06-26,0.0,0.0,0,0
2018-06-27,0.0,0.0,0,0
2018-06-28,0.0,0.0,0,0
2018-06-29,0.0,0.0,0,0
2018-06-30,0.0,0.0,0,0
2018-07-01,0.0,0.0,0,0
2018-07-02,0.0,0.0,0,0
2018-07-03,0.0,0.0,0,0
2018-07-04,0.0,0.0,0,0
2018-07-05,0.0,0.0,0,0
2018-07-06,0.0,0.0,0,0
2018-07-07,0.0,0.0,0,0
2018-07-08,0.0,0.0,0,0
2018-07-09,0.0,0.0,0,0
2018-07-10,0.0,0.0,0,0
2018-07-11,0.0,0.0,0,0
2018-07-12,0.0,0.0,0,0
2018-07-13,0.0,0.0,0,0
2018-07-14,0.0,0.0,0,0
2018-07-15,0.0,0.0,0,0
2018-07-16,0.0,0.0,0,0
2018-07-17,0.0,0.0,0,0
2018-07-18,0.0,0.0,0,0
2018-07-19,0.0,0.0,0,0
2018-07-20,0.0,0.0,0,0
2018-07-21,0.0,0.0,0,0
2018-07-22,0.0,0.0,0,0
2018-07-23,0.0,0.0,0,0
2018-07-24,0.0,0.0,0,0
2018-07-25,0.0,0.0,0,0
2018-07-26,0.0,0.0,0,0
2018-07-27,0.0,0.0,0,0
2018-07-28,0.0,0.0,0,0
2018-07-29,0.0,0.0,0,0
2018-07-30,0.0,0.0,0,0
2018-07-31,0.0,0.0,0,0
2018-08-01,0.0,0.0,0,0
2018-08-02,0.0,0.0,0,0
2018-08-03,0.0,0.0,0,0
2018-08-04,0.0,0.0,0,0
2018-08-05,0.0,0.0,0,0
2018-08-06,0.0,0.0,0,0
2018-08-07,0.0,0.0,0,0
2018-08-08,0.0,0.0,0,0
2018-08-09,0.0,0.0,0,0
2018-08-10,0.0,0.0,0,0
2018-08-11,0.0,0.0,0,0
2018-08-12,0.0,0.0,0,0
2018-08-13,0.0,0.0,0,0
2018-08-14,0.0,0.0,0,0
2018-08-15,0.0,0.0,0,0
2018-08-16,0.0,0.0,0,0
2018-08-17,0.0,0.0,0,0
2018-08-18,0.0,0.0,0,0
2018-08-19,0.0,0.0,0,0
2018-08-20,0.0,0.0,0,0
2018-08-21,0.0,0.0,0,0
2018-08-22,0.0,0.0,0,0
2018-08-23,0.0,0.0,0,0
2018-08-24,0.0,0.0,0,0
2018-08-25,0.0,0.0,0,0
2018-08-26,0.0,0.0,0,0
2018-08-27,0.0,0.0,0,0
2018-08-28,0.0,0.0,0,0
2018-08-29,0.0,0.0,0,0
2018-08-30,0.0,0.0,0,0
2018-08-31,0.0,0.0,0,0
2018-09-01,0.0,0.0,0,0
2018-09-02,0.0,0.0,0,0
2018-09-03,0.0,0.0,0,0
2018-09-04,0.0,0.0,11,11
2018-09-05,0.0,0.0,32,32
2018-09-06,0.0,0.0,35,34
2018-09-07,0.0,0.0,70,70
2018-09-08,0.0,0.0,70,70
2018-09-09,0.0,0.0,70,70
2018-09-10,0.0,0.0,94,93
2018-09-11,0.0,0.0,102,102
2018-09-12,0.0,0.0,102,102
2018-09-13,0.0,0.0,102,102
2018-09-14,0.0,0.0,102,101
2018-09-15,0.0,0.0,102,102
2018-09-16,0.0,0.0,102,102
2018-09-17,0.0,0.0,104,96
2018-09-18,0.0,0.0,97,94
2018-09-19,0.0,0.0,94,89
2018-09-20,0.0,0.0,90,89
2018-09-21,0.0,0.0,92,90
2018-09-22,0.0,0.0,90,90
2018-09-23,0.0,0.0,90,90
2018-09-24,0.0,0.0,94,92
2018-09-25,0.0,0.0,92,90
2018-09-26,0.0,0.0,91,90
2018-09-27,0.0,0.0,92,90
2018-09-28,0.0,0.0,90,90
2018-09-29,0.0,0.0,90,90
2018-09-30,0.0,0.0,90,90
2018-10-01,0.0,0.0,106,106
2018-10-02,0.0,0.0,106,104
2018-10-03,86.0,87.0,121,121
2018-10-04,90.0,91.0,122,119
2018-10-05,93.0,94.0,119,119
2018-10-06,96.0,97.0,119,119
2018-10-07,97.0,98.0,119,119
2018-10-08,99.0,100.0,119,119
2018-10-09,100.0,102.0,119,114
2018-10-10,101.0,102.0,114,114
2018-10-11,102.0,103.0,118,113
2018-10-12,102.0,103.0,113,107
2018-10-13,102.0,103.0,107,107
2018-10-14,102.0,104.0,107,107
2018-10-15,103.0,104.0,118,118
2018-10-16,104.0,105.0,137,135
2018-10-17,105.0,106.0,135,132
2018-10-18,106.0,108.0,137,137
2018-10-19,108.0,109.0,145,142
2018-10-20,110.0,111.0,142,142
2018-10-21,112.0,113.0,142,142
2018-10-22,113.0,115.0,151,143
2018-10-23,116.0,117.0,166,160
2018-10-24,118.0,120.0,161,159
2018-10-25,120.0,122.0,165,161
2018-10-26,123.0,124.0,161,160
2018-10-27,125.0,127.0,160,160
2018-10-28,127.0,129.0,160,160
2018-10-29,129.0,131.0,161,142
2018-10-30,131.0,133.0,146,142
2018-10-31,132.0,134.0,143,143
2018-11-01,133.0,136.0,148,145
2018-11-02,134.0,137.0,149,146
2018-11-03,135.0,138.0,146,146
2018-11-04,136.0,138.0,146,146
2018-11-05,137.0,139.0,149,140
2018-11-06,138.0,141.0,158,144
2018-11-07,138.0,142.0,144,142
2018-11-08,139.0,142.0,142,141
2018-11-09,140.0,143.0,146,129
2018-11-10,140.0,144.0,129,129
2018-11-11,141.0,144.0,129,129
2018-11-12,142.0,145.0,129,129
2018-11-13,143.0,147.0,162,158
2018-11-14,145.0,148.0,165,163
2018-11-15,146.0,150.0,170,166
2018-11-16,147.0,151.0,170,169
2018-11-17,148.0,152.0,169,169
2018-11-18,149.0,153.0,169,169
2018-11-19,151.0,154.0,197,186
2018-11-20,152.0,156.0,201,191
2018-11-21,154.0,158.0,198,190
2018-11-22,155.0,159.0,190,190
2018-11-23,156.0,160.0,190,183
2018-11-24,156.0,160.0,183,183
2018-11-25,157.0,161.0,183,183
2018-11-26,158.0,162.0,190,182
2018-11-27,158.0,163.0,185,175
2018-11-28,159.0,164.0,184,167
2018-11-29,160.0,165.0,183,176
2018-11-30,162.0,167.0,196,191
2018-12-01,164.0,168.0,201,201
2018-12-02,166.0,170.0,208,208
2018-12-03,168.0,173.0,222,207
2018-12-04,170.0,175.0,210,200
2018-12-05,172.0,177.0,200,200
2018-12-06,174.0,178.0,209,202
2018-12-07,176.0,181.0,206,203
2018-12-08,178.0,183.0,203,203
2018-12-09,180.0,184.0,203,203
2018-12-10,183.0,187.0,203,203
2018-12-11,185.0,190.0,226,213
2018-12-12,188.0,193.0,220,215
2018-12-13,190.0,195.0,221,217
2018-12-14,192.0,197.0,218,216
2018-12-15,194.0,198.0,216,216
2018-12-16,195.0,200.0,216,216
2018-12-17,197.0,202.0,220,214
2018-12-18,198.0,204.0,225,210
2018-12-19,199.0,204.0,212,208
2018-12-20,199.0,205.0,220,207
2018-12-21,200.0,205.0,207,204
2018-12-22,200.0,205.0,204,204
2018-12-23,201.0,206.0,204,204
2018-12-24,202.0,207.0,204,204
2018-12-25,202.0,207.0,204,204
2018-12-26,203.0,208.0,204,202
2018-12-27,204.0,208.0,203,200
2018-12-28,205.0,209.0,205,205
2018-12-29,206.0,210.0,207,207
2018-12-30,207.0,210.0,207,207
2018-12-31,207.0,212.0,244,217
2019-01-01,208.0,212.0,221,221
2019-01-02,208.0,213.0,234,221
2019-01-03,209.0,213.0,238,222
2019-01-04,210.0,215.0,238,225
2019-01-05,211.0,215.0,226,226
2019-01-06,211.0,216.0,226,226
2019-01-07,212.0,217.0,242,226
2019-01-08,213.0,218.0,238,227
2019-01-09,214.0,220.0,245,234
2019-01-10,215.0,221.0,264,251
2019-01-11,217.0,222.0,259,255
2019-01-12,218.0,224.0,256,256
2019-01-13,219.0,225.0,257,257
2019-01-14,220.0,226.0,257,254
2019-01-15,222.0,229.0,287,254
2019-01-16,223.0,231.0,296,263
2019-01-17,225.0,233.0,289,267
2019-01-18,227.0,236.0,287,272
2019-01-19,230.0,238.0,272,272
2019-01-20,232.0,240.0,272,272
2019-01-21,234.0,242.0,273,273
2019-01-22,236.0,244.0,280,253
2019-01-23,237.0,246.0,259,254
2019-01-24,240.0,249.0,277,266
2019-01-25,242.0,251.0,277,265
2019-01-26,244.0,253.0,266,266
2019-01-27,246.0,255.0,266,266
2019-01-28,248.0,258.0,278,269
2019-01-29,250.0,260.0,287,269
2019-01-30,252.0,262.0,282,280
2019-01-31,254.0,264.0,303,290
2019-02-01,257.0,266.0,297,290
2019-02-02,259.0,268.0,290,290
2019-02-03,261.0,270.0,290,290
2019-02-04,263.0,272.0,303,294
2019-02-05,265.0,275.0,302,271
2019-02-06,266.0,276.0,275,271
2019-02-07,268.0,277.0,277,266
2019-02-08,268.0,278.0,272,248
2019-02-09,268.0,278.0,248,248
2019-02-10,268.0,277.0,248,248
2019-02-11,267.0,277.0,249,227
2019-02-12,266.0,276.0,233,217
2019-02-13,265.0,276.0,241,232
2019-02-14,265.0,275.0,259,249
2019-02-15,265.0,274.0,280,277
2019-02-16,265.0,274.0,278,278
2019-02-17,266.0,274.0,278,278
2019-02-18,266.0,274.0,278,278
2019-02-19,266.0,274.0,282,273
2019-02-20,266.0,274.0,275,272
2019-02-21,266.0,274.0,280,271
2019-02-22,267.0,275.0,285,282
2019-02-23,268.0,275.0,282,282
2019-02-24,268.0,276.0,282,282
2019-02-25,270.0,277.0,303,300
2019-02-26,270.0,278.0,300,287
2019-02-27,271.0,278.0,289,283
2019-02-28,272.0,279.0,298,295
2019-03-01,272.0,280.0,314,302
2019-03-02,273.0,280.0,303,303
2019-03-03,273.0,280.0,303,303
2019-03-04,274.0,280.0,307,305
2019-03-05,274.0,282.0,325,301
2019-03-06,274.0,282.0,303,299
2019-03-07,275.0,282.0,318,304
2019-03-08,277.0,284.0,317,306
2019-03-09,278.0,285.0,306,306
2019-03-10,280.0,286.0,306,306
2019-03-11,282.0,288.0,316,307
2019-03-12,283.0,290.0,311,295
2019-03-13,286.0,292.0,300,294
2019-03-14,288.0,294.0,311,305
2019-03-15,291.0,297.0,313,306
2019-03-16,293.0,298.0,306,306
2019-03-17,294.0,299.0,307,307
2019-03-18,295.0,300.0,311,305
2019-03-19,295.0,301.0,307,288
2019-03-20,295.0,302.0,289,285
2019-03-21,296.0,302.0,297,284
2019-03-22,296.0,302.0,286,279
2019-03-23,296.0,303.0,281,281
2019-03-24,296.0,302.0,282,282
2019-03-25,296.0,303.0,288,283
2019-03-26,296.0,303.0,287,274
2019-03-27,295.0,302.0,280,277
2019-03-28,295.0,302.0,288,279
2019-03-29,295.0,302.0,306,296
2019-03-30,296.0,302.0,298,298
2019-03-31,295.0,302.0,298,298
2019-04-01,295.0,302.0,305,300
2019-04-02,295.0,302.0,311,301
2019-04-03,295.0,302.0,306,298
2019-04-04,295.0,301.0,307,296
2019-04-05,295.0,301.0,297,296
2019-04-06,294.0,300.0,296,296
2019-04-07,294.0,300.0,296,296
2019-04-08,294.0,299.0,298,294
2019-04-09,293.0,299.0,294,281
2019-04-10,292.0,298.0,289,286
2019-04-11,292.0,297.0,290,287
2019-04-12,292.0,297.0,290,285
2019-04-13,291.0,296.0,285,285
2019-04-14,290.0,295.0,287,287
2019-04-15,290.0,295.0,290,284
2019-04-16,289.0,295.0,305,294
2019-04-17,289.0,294.0,301,298
2019-04-18,289.0,294.0,302,294
2019-04-19,290.0,295.0,303,302
2019-04-20,290.0,295.0,304,304
2019-04-21,291.0,296.0,305,305
2019-04-22,292.0,297.0,312,306
2019-04-23,292.0,298.0,308,291
2019-04-24,292.0,298.0,291,286
2019-04-25,293.0,298.0,290,283
2019-04-26,293.0,298.0,287,282
2019-04-27,293.0,298.0,282,282
2019-04-28,293.0,297.0,282,282
2019-04-29,292.0,297.0,287,287
2019-04-30,292.0,297.0,305,294
2019-05-01,292.0,297.0,297,292
2019-05-02,291.0,296.0,293,287
2019-05-03,291.0,295.0,290,288
2019-05-04,291.0,295.0,288,288
2019-05-05,291.0,295.0,306,306
2019-05-06,291.0,296.0,312,308
2019-05-07,292.0,296.0,318,297
2019-05-08,292.0,296.0,302,295
2019-05-09,292.0,297.0,309,297
2019-05-10,292.0,297.0,300,296
2019-05-11,293.0,298.0,296,296
2019-05-12,293.0,298.0,296,296
2019-05-13,294.0,298.0,302,301
2019-05-14,294.0,299.0,303,284
2019-05-15,293.0,299.0,285,282
2019-05-16,293.0,298.0,288,279
2019-05-17,292.0,298.0,290,277
2019-05-18,292.0,297.0,278,278
2019-05-19,291.0,296.0,287,287
2019-05-20,291.0,296.0,293,287
2019-05-21,290.0,296.0,288,272
2019-05-22,288.0,294.0,279,271
2019-05-23,288.0,294.0,286,269
2019-05-24,287.0,293.0,285,275
2019-05-25,287.0,293.0,276,276
2019-05-26,287.0,293.0,277,277
2019-05-27,287.0,292.0,277,277
2019-05-28,287.0,293.0,294,280
2019-05-29,287.0,293.0,288,285
2019-05-30,287.0,293.0,303,295
2019-05-31,286.0,293.0,315,281
2019-06-01,286.0,293.0,282,282
2019-06-02,285.0,293.0,282,263
2019-06-03,285.0,293.0,279,273
2019-06-04,283.0,292.0,283,249
2019-06-05,281.0,290.0,254,247
2019-06-06,279.0,288.0,266,257
2019-06-07,279.0,287.0,282,271
2019-06-08,278.0,286.0,273,273
2019-06-09,277.0,285.0,273,273
2019-06-10,277.0,285.0,285,283
2019-06-11,276.0,285.0,300,279
2019-06-12,275.0,284.0,283,276
2019-06-13,275.0,284.0,287,266
2019-06-14,274.0,284.0,275,272
2019-06-15,274.0,283.0,273,271
2019-06-16,274.0,282.0,271,271
2019-06-17,274.0,283.0,285,282
2019-06-18,274.0,283.0,292,272
2019-06-19,273.0,283.0,291,284
2019-06-20,274.0,283.0,296,286
2019-06-21,275.0,284.0,310,294
2019-06-22,275.0,284.0,294,294
2019-06-23,276.0,285.0,295,295
2019-06-24,277.0,286.0,308,302
2019-06-25,278.0,287.0,323,300
2019-06-26,279.0,288.0,308,300
2019-06-27,280.0,289.0,319,310
2019-06-28,281.0,291.0,348,333
2019-06-29,282.0,292.0,334,334
2019-06-30,284.0,293.0,334,334
2019-07-01,286.0,295.0,348,342
2019-07-02,288.0,297.0,350,324
2019-07-03,290.0,299.0,330,330
2019-07-04,293.0,301.0,332,332
2019-07-05,296.0,304.0,349,348
2019-07-06,299.0,307.0,348,348
2019-07-07,302.0,309.0,348,348
2019-07-08,305.0,312.0,366,353
2019-07-09,307.0,315.0,364,335
2019-07-10,308.0,317.0,336,328
2019-07-11,310.0,318.0,345,333
2019-07-12,312.0,320.0,355,347
2019-07-13,315.0,322.0,347,347
2019-07-14,317.0,325.0,347,347
2019-07-15,320.0,328.0,360,359
2019-07-16,323.0,331.0,373,339
2019-07-17,325.0,333.0,347,344
2019-07-18,327.0,335.0,355,336
2019-07-19,329.0,338.0,360,352
2019-07-20,331.0,340.0,352,352
2019-07-21,333.0,341.0,362,353
2019-07-22,335.0,344.0,362,355
2019-07-23,337.0,346.0,363,352
2019-07-24,339.0,347.0,359,351
2019-07-25,341.0,349.0,370,359
2019-07-26,343.0,351.0,370,355
2019-07-27,344.0,352.0,356,356
2019-07-28,345.0,353.0,356,356
2019-07-29,346.0,353.0,356,352
2019-07-30,346.0,354.0,364,341
2019-07-31,346.0,355.0,355,352
2019-08-01,347.0,355.0,368,357
2019-08-02,348.0,356.0,368,359
2019-08-03,349.0,357.0,360,360
2019-08-04,350.0,358.0,360,360
2019-08-05,350.0,358.0,364,360
2019-08-06,350.0,359.0,382,355
2019-08-07,351.0,360.0,374,367
2019-08-08,352.0,361.0,393,368
2019-08-09,353.0,362.0,386,360
2019-08-10,354.0,363.0,361,361
2019-08-11,354.0,363.0,361,361
2019-08-12,355.0,364.0,363,359
2019-08-13,354.0,364.0,370,340
2019-08-14,354.0,364.0,340,338
2019-08-15,354.0,363.0,344,337
2019-08-16,353.0,363.0,353,340
2019-08-17,354.0,362.0,342,342
2019-08-18,353.0,362.0,344,343
2019-08-19,353.0,362.0,344,336
2019-08-20,352.0,361.0,340,316
2019-08-21,350.0,360.0,321,318
2019-08-22,349.0,358.0,323,317
2019-08-23,349.0,358.0,349,331
2019-08-24,348.0,357.0,333,333
2019-08-25,347.0,355.0,334,334
2019-08-26,346.0,355.0,337,337
2019-08-27,345.0,354.0,338,320
2019-08-28,344.0,353.0,320,319
2019-08-29,343.0,352.0,321,319
2019-08-30,342.0,350.0,321,319
2019-08-31,341.0,349.0,319,319
2019-09-01,340.0,347.0,319,319
2019-09-02,338.0,346.0,319,319
2019-09-03,336.0,344.0,320,307
2019-09-04,335.0,343.0,313,307
2019-09-05,333.0,340.0,308,298
2019-09-06,330.0,338.0,298,295
2019-09-07,328.0,335.0,295,295
2019-09-08,326.0,332.0,295,295
2019-09-09,324.0,329.0,295,293
2019-09-10,321.0,327.0,293,287
2019-09-11,319.0,325.0,291,286
2019-09-12,317.0,322.0,295,284
2019-09-13,315.0,320.0,284,284
2019-09-14,313.0,318.0,285,285
2019-09-15,311.0,316.0,286,286
2019-09-16,310.0,315.0,298,297
2019-09-17,308.0,313.0,307,288
2019-09-18,306.0,312.0,291,280
2019-09-19,305.0,310.0,295,289
2019-09-20,304.0,310.0,303,293
2019-09-21,304.0,309.0,294,294
2019-09-22,302.0,307.0,294,294
2019-09-23,302.0,306.0,311,306
2019-09-24,301.0,306.0,322,305
2019-09-25,300.0,305.0,314,305
2019-09-26,299.0,304.0,314,299
2019-09-27,298.0,303.0,300,293
2019-09-28,297.0,302.0,293,293
2019-09-29,296.0,301.0,293,293
2019-09-30,295.0,301.0,297,295
2019-10-01,294.0,300.0,304,287
2019-10-02,293.0,299.0,292,282
2019-10-03,292.0,298.0,284,279
2019-10-04,291.0,297.0,285,282
2019-10-05,291.0,296.0,282,282
2019-10-06,291.0,296.0,286,286
2019-10-07,290.0,296.0,287,287
2019-10-08,289.0,296.0,291,267
2019-10-09,289.0,295.0,279,277
2019-10-10,289.0,295.0,291,280
2019-10-11,288.0,295.0,290,281
2019-10-12,289.0,295.0,287,287
2019-10-13,289.0,295.0,288,288
2019-10-14,289.0,295.0,288,288
2019-10-15,288.0,295.0,291,277
2019-10-16,288.0,295.0,285,280
2019-10-17,288.0,294.0,288,280
2019-10-18,288.0,294.0,284,280
2019-10-19,287.0,293.0,280,280
2019-10-20,287.0,292.0,281,281
2019-10-21,286.0,292.0,284,281
2019-10-22,286.0,292.0,283,267
2019-10-23,284.0,290.0,269,262
2019-10-24,283.0,289.0,273,266
2019-10-25,282.0,288.0,278,276
2019-10-26,281.0,286.0,277,277
2019-10-27,281.0,286.0,279,279
2019-10-28,280.0,285.0,284,281
2019-10-29,279.0,285.0,285,267
2019-10-30,279.0,284.0,269,269
2019-10-31,278.0,283.0,274,268
2019-11-01,278.0,282.0,272,271
2019-11-02,277.0,282.0,271,271
2019-11-03,277.0,282.0,271,271
2019-11-04,277.0,281.0,278,275
2019-11-05,276.0,281.0,282,262
2019-11-06,275.0,281.0,264,256
2019-11-07,274.0,280.0,261,252
2019-11-08,274.0,279.0,263,256
2019-11-09,273.0,278.0,256,256
2019-11-10,272.0,277.0,258,258
2019-11-11,271.0,276.0,261,261
2019-11-12,270.0,275.0,262,250
2019-11-13,269.0,274.0,253,250
2019-11-14,268.0,273.0,253,248
2019-11-15,267.0,272.0,252,250
2019-11-16,266.0,270.0,250,250
2019-11-17,265.0,269.0,250,250
2019-11-18,264.0,268.0,258,257
2019-11-19,263.0,268.0,261,251
2019-11-20,262.0,267.0,266,259
2019-11-21,262.0,267.0,272,270
2019-11-22,263.0,267.0,274,271
2019-11-23,263.0,267.0,271,271
2019-11-24,263.0,267.0,272,272
2019-11-25,262.0,266.0,272,271
2019-11-26,262.0,266.0,272,264
2019-11-27,261.0,266.0,265,265
2019-11-28,261.0,265.0,266,266
2019-11-29,261.0,265.0,266,264
2019-11-30,261.0,265.0,264,264
2019-12-01,261.0,264.0,266,266
2019-12-02,261.0,264.0,268,265
2019-12-03,260.0,264.0,267,247
2019-12-04,259.0,264.0,266,260
2019-12-05,260.0,263.0,274,272
2019-12-06,260.0,264.0,274,271
2019-12-07,261.0,264.0,271,270
2019-12-08,261.0,264.0,270,270
2019-12-09,262.0,265.0,272,265
2019-12-10,262.0,265.0,273,258
2019-12-11,262.0,265.0,260,258
2019-12-12,262.0,265.0,264,260
2019-12-13,262.0,266.0,262,259
2019-12-14,262.0,266.0,259,259
2019-12-15,263.0,266.0,261,261
2019-12-16,263.0,267.0,264,263
2019-12-17,263.0,267.0,266,245
2019-12-18,263.0,267.0,247,245
2019-12-19,262.0,266.0,251,244
2019-12-20,262.0,266.0,246,242
2019-12-21,261.0,265.0,242,242
2019-12-22,260.0,264.0,242,242
2019-12-23,259.0,263.0,244,242
2019-12-24,258.0,262.0,242,238
2019-12-25,257.0,261.0,238,238
2019-12-26,256.0,260.0,240,236
2019-12-27,255.0,259.0,237,235
2019-12-28,254.0,258.0,237,237
2019-12-29,253.0,257.0,237,237
2019-12-30,252.0,256.0,239,235
2019-12-31,251.0,255.0,239,232
2020-01-01,250.0,254.0,232,232
2020-01-02,250.0,253.0,240,237
2020-01-03,249.0,252.0,252,249
2020-01-04,248.0,252.0,249,249
2020-01-05,248.0,251.0,252,252
2020-01-06,247.0,250.0,252,249
2020-01-07,246.0,250.0,256,243
2020-01-08,245.0,249.0,244,240
2020-01-09,245.0,248.0,246,241
2020-01-10,244.0,248.0,247,246
2020-01-11,244.0,247.0,246,246
2020-01-12,244.0,246.0,248,248
2020-01-13,243.0,247.0,260,257
2020-01-14,243.0,247.0,273,259
2020-01-15,244.0,247.0,269,269
2020-01-16,244.0,247.0,275,268
2020-01-17,245.0,248.0,278,277
2020-01-18,247.0,249.0,278,278
2020-01-19,248.0,250.0,279,279
2020-01-20,249.0,252.0,280,280
2020-01-21,250.0,253.0,290,268
2020-01-22,251.0,254.0,272,271
2020-01-23,252.0,255.0,273,272
2020-01-24,253.0,256.0,272,269
2020-01-25,254.0,257.0,271,271
2020-01-26,255.0,259.0,271,271
2020-01-27,257.0,260.0,273,271
2020-01-28,257.0,261.0,276,254
2020-01-29,258.0,262.0,259,256
2020-01-30,258.0,262.0,259,253
2020-01-31,259.0,263.0,260,258
2020-02-01,260.0,264.0,259,259
2020-02-02,260.0,264.0,259,259
2020-02-03,261.0,265.0,276,275
2020-02-04,262.0,266.0,277,263
2020-02-05,262.0,267.0,270,265
2020-02-06,263.0,267.0,274,269
2020-02-07,264.0,268.0,277,274
2020-02-08,265.0,269.0,274,274
2020-02-09,266.0,270.0,275,275
2020-02-10,267.0,271.0,275,274
2020-02-11,268.0,272.0,282,266
2020-02-12,268.0,273.0,271,269
2020-02-13,268.0,273.0,273,267
2020-02-14,268.0,273.0,269,264
2020-02-15,268.0,272.0,265,265
2020-02-16,268.0,272.0,267,266
2020-02-17,267.0,271.0,266,266
2020-02-18,266.0,271.0,267,251
2020-02-19,266.0,270.0,254,252
2020-02-20,265.0,269.0,259,254
2020-02-21,265.0,269.0,258,257
2020-02-22,264.0,268.0,261,261
2020-02-23,264.0,268.0,261,261
2020-02-24,264.0,268.0,270,266
2020-02-25,264.0,268.0,276,262
2020-02-26,263.0,268.0,267,262
2020-02-27,263.0,268.0,265,261
2020-02-28,264.0,268.0,267,263
2020-02-29,264.0,268.0,267,267
2020-03-01,264.0,268.0,267,267
2020-03-02,265.0,269.0,276,274
2020-03-03,265.0,270.0,281,262
2020-03-04,265.0,269.0,268,267
2020-03-05,265.0,269.0,273,266
2020-03-06,265.0,269.0,270,269
2020-03-07,265.0,269.0,269,269
2020-03-08,265.0,269.0,270,270
2020-03-09,266.0,269.0,294,294
2020-03-10,266.0,270.0,303,287
2020-03-11,267.0,271.0,300,293
2020-03-12,267.0,272.0,295,291
2020-03-13,268.0,272.0,292,288
2020-03-14,269.0,273.0,292,292
2020-03-15,270.0,274.0,292,292
2020-03-16,271.0,275.0,292,290
2020-03-17,271.0,276.0,293,281
2020-03-18,272.0,276.0,283,281
2020-03-19,273.0,277.0,284,281
2020-03-20,273.0,278.0,281,274
2020-03-21,274.0,278.0,274,274
2020-03-22,275.0,279.0,275,275
2020-03-23,275.0,279.0,275,273
2020-03-24,275.0,279.0,273,265
2020-03-25,275.0,279.0,265,265
2020-03-26,275.0,279.0,267,265
2020-03-27,275.0,279.0,265,261
2020-03-28,275.0,279.0,261,261
2020-03-29,275.0,279.0,261,261
2020-03-30,275.0,278.0,262,261
2020-03-31,275.0,278.0,265,261
2020-04-01,274.0,278.0,264,262
2020-04-02,274.0,277.0,262,259
2020-04-03,274.0,277.0,262,257
2020-04-04,274.0,277.0,259,259
2020-04-05,273.0,276.0,259,259
2020-04-06,273.0,276.0,259,259
2020-04-07,272.0,276.0,260,254
2020-04-08,271.0,274.0,255,248
2020-04-09,270.0,273.0,253,246
2020-04-10,268.0,271.0,246,244
2020-04-11,266.0,269.0,244,244
2020-04-12,265.0,268.0,244,244
2020-04-13,263.0,266.0,245,244
2020-04-14,262.0,264.0,247,247
2020-04-15,260.0,263.0,252,233
2020-04-16,258.0,261.0,236,234
2020-04-17,256.0,260.0,247,199
2020-04-18,253.0,257.0,199,199
2020-04-19,250.0,254.0,199,199
2020-04-20,248.0,252.0,211,207
2020-04-21,246.0,250.0,214,201
2020-04-22,243.0,248.0,204,202
2020-04-23,241.0,246.0,202,197
2020-04-24,239.0,244.0,201,197
2020-04-25,237.0,241.0,197,197
2020-04-26,234.0,239.0,197,197
2020-04-27,232.0,237.0,202,202
2020-04-28,230.0,235.0,202,184
2020-04-29,227.0,232.0,186,184
2020-04-30,225.0,230.0,185,183
2020-05-01,222.0,227.0,188,186
2020-05-02,220.0,225.0,186,186
2020-05-03,217.0,222.0,186,186
2020-05-04,215.0,220.0,189,185
2020-05-05,212.0,218.0,195,185
2020-05-06,210.0,215.0,188,185
2020-05-07,208.0,213.0,188,188
2020-05-08,206.0,211.0,192,190
2020-05-09,204.0,209.0,191,191
2020-05-10,202.0,207.0,191,191
2020-05-11,200.0,205.0,193,190
2020-05-12,198.0,204.0,194,181
2020-05-13,196.0,202.0,187,187
2020-05-14,194.0,200.0,190,188
2020-05-15,193.0,198.0,191,190
2020-05-16,192.0,196.0,191,191
2020-05-17,191.0,194.0,191,191
2020-05-18,191.0,194.0,197,177
2020-05-19,189.0,194.0,179,164
2020-05-20,188.0,192.0,166,163
2020-05-21,187.0,191.0,167,167
2020-05-22,186.0,190.0,175,174
2020-05-23,185.0,189.0,175,175
2020-05-24,184.0,188.0,175,175
2020-05-25,184.0,187.0,175,175
2020-05-26,183.0,187.0,185,175
2020-05-27,181.0,186.0,179,136
2020-05-28,179.0,184.0,141,140
2020-05-29,178.0,183.0,147,141
2020-05-30,177.0,181.0,143,143
2020-05-31,175.0,180.0,143,143
2020-06-01,174.0,178.0,147,147
2020-06-02,173.0,178.0,164,154
2020-06-03,172.0,177.0,157,155
2020-06-04,171.0,175.0,156,154
2020-06-05,170.0,174.0,164,152
2020-06-06,168.0,173.0,152,152
2020-06-07,167.0,172.0,152,152
2020-06-08,166.0,171.0,159,158
2020-06-09,165.0,170.0,166,151
2020-06-10,163.0,169.0,153,151
2020-06-11,163.0,168.0,158,158
2020-06-12,162.0,167.0,164,154
2020-06-13,160.0,166.0,154,154
2020-06-14,159.0,164.0,154,154
2020-06-15,158.0,163.0,158,158
2020-06-16,157.0,162.0,163,146
2020-06-17,156.0,161.0,156,156
2020-06-18,156.0,160.0,165,162
2020-06-19,156.0,161.0,171,162
2020-06-20,156.0,160.0,164,163
2020-06-21,155.0,160.0,163,163
2020-06-22,155.0,160.0,165,165
2020-06-23,154.0,160.0,173,156
2020-06-24,154.0,159.0,161,160
2020-06-25,154.0,159.0,167,167
2020-06-26,154.0,158.0,169,155
2020-06-27,155.0,159.0,155,155
2020-06-28,155.0,159.0,156,156
2020-06-29,156.0,160.0,161,157
2020-06-30,156.0,161.0,169,155
2020-07-01,156.0,161.0,159,158
2020-07-02,157.0,161.0,166,158
2020-07-03,157.0,161.0,161,161
2020-07-04,157.0,161.0,161,161
2020-07-05,157.0,161.0,162,162
2020-07-06,158.0,162.0,165,164
2020-07-07,158.0,162.0,171,163
2020-07-08,158.0,162.0,164,162
2020-07-09,159.0,162.0,166,164
2020-07-10,159.0,163.0,170,161
2020-07-11,159.0,163.0,163,163
2020-07-12,160.0,163.0,164,164
2020-07-13,160.0,164.0,171,170
2020-07-14,160.0,164.0,175,160
2020-07-15,160.0,165.0,166,164
2020-07-16,161.0,165.0,167,165
2020-07-17,161.0,165.0,172,166
2020-07-18,162.0,165.0,167,167
2020-07-19,162.0,165.0,167,167
2020-07-20,162.0,166.0,169,165
2020-07-21,162.0,166.0,183,167
2020-07-22,162.0,167.0,185,169
2020-07-23,163.0,167.0,173,171
2020-07-24,163.0,167.0,180,174
2020-07-25,163.0,168.0,174,174
2020-07-26,164.0,168.0,174,174
2020-07-27,165.0,169.0,176,176
2020-07-28,164.0,169.0,177,150
2020-07-29,164.0,169.0,152,143
2020-07-30,164.0,168.0,151,150
2020-07-31,164.0,168.0,155,155
2020-08-01,164.0,168.0,156,156
2020-08-02,163.0,168.0,156,156
2020-08-03,163.0,168.0,159,159
2020-08-04,163.0,168.0,159,145
2020-08-05,162.0,167.0,149,149
2020-08-06,162.0,166.0,153,153
2020-08-07,162.0,166.0,158,158
2020-08-08,162.0,166.0,160,160
2020-08-09,162.0,166.0,160,160
2020-08-10,162.0,166.0,163,161
2020-08-11,161.0,166.0,168,158
2020-08-12,161.0,166.0,161,158
2020-08-13,161.0,165.0,161,161
2020-08-14,161.0,165.0,167,167
2020-08-15,161.0,165.0,167,167
2020-08-16,161.0,165.0,167,167
2020-08-17,161.0,165.0,170,170
2020-08-18,161.0,165.0,176,166
2020-08-19,161.0,165.0,168,166
2020-08-20,161.0,165.0,168,166
2020-08-21,161.0,164.0,173,172
2020-08-22,161.0,164.0,172,172
2020-08-23,161.0,164.0,173,173
2020-08-24,161.0,164.0,177,175
2020-08-25,161.0,164.0,180,164
2020-08-26,161.0,164.0,164,161
2020-08-27,161.0,164.0,166,166
2020-08-28,162.0,164.0,173,170
2020-08-29,163.0,165.0,171,171
2020-08-30,163.0,166.0,171,171
2020-08-31,164.0,166.0,175,175
2020-09-01,164.0,167.0,182,166
2020-09-02,165.0,167.0,169,168
2020-09-03,165.0,168.0,169,169
2020-09-04,166.0,169.0,177,177
2020-09-05,167.0,169.0,177,177
2020-09-06,168.0,170.0,178,178
2020-09-07,168.0,171.0,178,178
2020-09-08,168.0,172.0,184,149
2020-09-09,168.0,171.0,154,152
2020-09-10,168.0,171.0,156,155
2020-09-11,168.0,171.0,160,158
2020-09-12,168.0,171.0,159,159
2020-09-13,167.0,170.0,159,159
2020-09-14,167.0,170.0,162,161
2020-09-15,167.0,170.0,167,157
2020-09-16,166.0,170.0,157,156
2020-09-17,166.0,169.0,163,162
2020-09-18,166.0,169.0,169,162
2020-09-19,166.0,169.0,162,162
2020-09-20,166.0,169.0,162,162
2020-09-21,165.0,169.0,176,168
2020-09-22,165.0,169.0,171,156
2020-09-23,164.0,168.0,157,156
2020-09-24,164.0,168.0,159,159
2020-09-25,164.0,168.0,166,159
2020-09-26,164.0,167.0,161,161
2020-09-27,164.0,167.0,162,162
2020-09-28,163.0,167.0,165,157
2020-09-29,162.0,167.0,167,153
2020-09-30,162.0,166.0,155,147
2020-10-01,161.0,165.0,151,146
2020-10-02,160.0,164.0,150,145
2020-10-03,159.0,164.0,147,147
2020-10-04,158.0,163.0,147,147
2020-10-05,158.0,162.0,158,153
2020-10-06,157.0,162.0,163,149
2020-10-07,156.0,161.0,154,146
2020-10-08,156.0,160.0,151,149
2020-10-09,156.0,160.0,157,152
2020-10-10,155.0,160.0,153,153
2020-10-11,155.0,159.0,153,153
2020-10-12,155.0,159.0,155,155
2020-10-13,155.0,160.0,167,150
2020-10-14,155.0,159.0,154,153
2020-10-15,155.0,159.0,161,160
2020-10-16,155.0,160.0,173,163
2020-10-17,155.0,160.0,164,164
2020-10-18,155.0,160.0,165,164
2020-10-19,155.0,160.0,169,168
2020-10-20,155.0,160.0,178,156
2020-10-21,154.0,160.0,162,149
2020-10-22,154.0,159.0,156,154
2020-10-23,154.0,160.0,162,156
2020-10-24,154.0,159.0,156,156
2020-10-25,154.0,159.0,157,157
2020-10-26,154.0,159.0,163,162
2020-10-27,154.0,160.0,173,154
2020-10-28,154.0,159.0,156,151
2020-10-29,154.0,159.0,160,159
2020-10-30,154.0,159.0,162,158
2020-10-31,155.0,159.0,158,158
2020-11-01,155.0,160.0,159,159
2020-11-02,156.0,160.0,163,162
2020-11-03,156.0,161.0,169,147
2020-11-04,156.0,161.0,155,149
2020-11-05,156.0,161.0,154,154
2020-11-06,156.0,161.0,163,162
2020-11-07,157.0,161.0,165,165
2020-11-08,157.0,162.0,167,167
2020-11-09,158.0,162.0,176,175
2020-11-10,158.0,163.0,178,161
2020-11-11,158.0,164.0,162,162
2020-11-12,159.0,164.0,168,166
2020-11-13,159.0,164.0,178,165
2020-11-14,160.0,165.0,165,165
2020-11-15,160.0,164.0,167,167
2020-11-16,160.0,165.0,176,174
2020-11-17,160.0,166.0,189,173
2020-11-18,160.0,166.0,181,172
2020-11-19,161.0,166.0,177,175
2020-11-20,162.0,167.0,185,178
2020-11-21,163.0,167.0,178,178
2020-11-22,164.0,168.0,179,178
2020-11-23,164.0,169.0,188,181
2020-11-24,165.0,170.0,193,171
2020-11-25,165.0,171.0,179,162
2020-11-26,165.0,170.0,163,163
2020-11-27,166.0,171.0,171,170
2020-11-28,166.0,171.0,171,171
2020-11-29,167.0,172.0,171,171
2020-11-30,168.0,172.0,182,182
2020-12-01,168.0,173.0,187,177
2020-12-02,168.0,174.0,183,174
2020-12-03,170.0,174.0,178,177
2020-12-04,170.0,175.0,187,171
2020-12-05,171.0,176.0,171,171
2020-12-06,171.0,176.0,171,171
2020-12-07,171.0,177.0,177,166
2020-12-08,171.0,177.0,173,166
2020-12-09,171.0,177.0,170,167
2020-12-10,171.0,176.0,172,168
2020-12-11,171.0,177.0,176,170
2020-12-12,171.0,177.0,170,170
2020-12-13,172.0,177.0,170,170
2020-12-14,172.0,177.0,176,171
2020-12-15,172.0,177.0,175,167
2020-12-16,172.0,177.0,170,167
2020-12-17,172.0,177.0,172,171
2020-12-18,172.0,177.0,182,177
2020-12-19,172.0,177.0,179,179
2020-12-20,172.0,177.0,183,183
2020-12-21,172.0,177.0,194,189
2020-12-22,172.0,178.0,192,176
2020-12-23,172.0,177.0,185,182
2020-12-24,173.0,177.0,182,180
2020-12-25,173.0,177.0,180,180
2020-12-26,174.0,178.0,183,183
2020-12-27,174.0,178.0,183,183
2020-12-28,175.0,179.0,187,184
2020-12-29,174.0,179.0,190,161
2020-12-30,174.0,179.0,164,163
2020-12-31,174.0,178.0,169,169
2021-01-01,173.0,178.0,169,169
2021-01-02,173.0,177.0,169,169
2021-01-03,173.0,177.0,169,169
2021-01-04,173.0,177.0,171,170
2021-01-05,173.0,177.0,175,157
2021-01-06,172.0,177.0,166,162
2021-01-07,172.0,176.0,164,162
2021-01-08,172.0,176.0,168,167
2021-01-09,172.0,176.0,167,167
2021-01-10,172.0,176.0,168,168
2021-01-11,172.0,176.0,179,173
2021-01-12,172.0,176.0,180,160
2021-01-13,172.0,176.0,163,162
2021-01-14,172.0,176.0,168,166
2021-01-15,172.0,176.0,168,166
2021-01-16,171.0,175.0,166,166
2021-01-17,171.0,175.0,167,167
2021-01-18,171.0,175.0,169,169
2021-01-19,170.0,174.0,175,152
2021-01-20,169.0,173.0,155,155
2021-01-21,168.0,172.0,159,159
2021-01-22,167.0,171.0,167,164
2021-01-23,167.0,171.0,165,165
2021-01-24,166.0,170.0,165,165
2021-01-25,166.0,170.0,165,163
2021-01-26,165.0,169.0,165,164
2021-01-27,164.0,168.0,167,165
2021-01-28,165.0,168.0,165,163
2021-01-29,164.0,168.0,176,158
2021-01-30,164.0,168.0,159,159
2021-01-31,164.0,167.0,159,159
2021-02-01,163.0,167.0,161,160
2021-02-02,163.0,167.0,166,160
2021-02-03,163.0,167.0,164,163
2021-02-04,163.0,166.0,165,163
2021-02-05,163.0,166.0,165,165
2021-02-06,163.0,166.0,165,164
2021-02-07,163.0,166.0,164,164
2021-02-08,163.0,166.0,166,165
2021-02-09,163.0,166.0,174,171
2021-02-10,163.0,166.0,173,172
2021-02-11,164.0,166.0,175,174
2021-02-12,164.0,166.0,174,174
2021-02-13,164.0,167.0,174,174
2021-02-14,165.0,167.0,174,174
2021-02-15,165.0,167.0,174,174
2021-02-16,165.0,167.0,174,174
2021-02-17,165.0,168.0,178,177
2021-02-18,166.0,168.0,177,177
2021-02-19,167.0,169.0,183,183
2021-02-20,168.0,169.0,183,173
2021-02-21,168.0,170.0,173,173
2021-02-22,168.0,170.0,177,175
2021-02-23,168.0,171.0,185,164
2021-02-24,168.0,171.0,165,163
2021-02-25,168.0,171.0,164,164
2021-02-26,168.0,171.0,169,168
2021-02-27,168.0,171.0,168,168
2021-02-28,169.0,171.0,168,168
2021-03-01,169.0,171.0,171,171
2021-03-02,169.0,171.0,175,154
2021-03-03,169.0,171.0,155,155
2021-03-04,169.0,171.0,157,156
2021-03-05,169.0,171.0,161,161
2021-03-06,169.0,171.0,161,161
2021-03-07,168.0,171.0,161,161
2021-03-08,168.0,171.0,167,166
2021-03-09,168.0,171.0,173,162
2021-03-10,168.0,171.0,164,164
2021-03-11,168.0,171.0,166,165
2021-03-12,168.0,170.0,166,166
2021-03-13,168.0,170.0,166,166
2021-03-14,167.0,170.0,166,166
2021-03-15,167.0,170.0,169,167
2021-03-16,167.0,170.0,172,162
2021-03-17,166.0,169.0,165,164
2021-03-18,166.0,169.0,169,162
2021-03-19,166.0,169.0,164,163
2021-03-20,165.0,168.0,163,163
2021-03-21,164.0,168.0,163,163
2021-03-22,164.0,167.0,166,163
2021-03-23,164.0,167.0,168,155
2021-03-24,163.0,166.0,159,154
2021-03-25,163.0,165.0,156,155
2021-03-26,162.0,165.0,160,159
2021-03-27,162.0,165.0,159,159
2021-03-28,162.0,165.0,160,160
2021-03-29,162.0,165.0,167,167
2021-03-30,162.0,165.0,171,161
2021-03-31,161.0,164.0,161,160
2021-04-01,162.0,164.0,161,159
2021-04-02,162.0,164.0,163,163
2021-04-03,162.0,164.0,163,163
2021-04-04,162.0,164.0,163,163
2021-04-05,162.0,165.0,169,168
2021-04-06,162.0,165.0,175,152
2021-04-07,162.0,165.0,157,152
2021-04-08,161.0,164.0,154,152
2021-04-09,161.0,164.0,153,151
2021-04-10,160.0,163.0,152,152
2021-04-11,160.0,163.0,153,153
2021-04-12,160.0,163.0,159,158
2021-04-13,159.0,162.0,161,144
2021-04-14,158.0,162.0,146,145
2021-04-15,158.0,161.0,148,147
2021-04-16,157.0,160.0,148,147
2021-04-17,157.0,160.0,147,147
2021-04-18,156.0,159.0,147,147
2021-04-19,156.0,159.0,149,148
2021-04-20,155.0,158.0,150,140
2021-04-21,154.0,157.0,142,139
2021-04-22,154.0,156.0,140,140
2021-04-23,153.0,156.0,141,140
2021-04-24,153.0,155.0,141,141
2021-04-25,152.0,155.0,141,141
2021-04-26,151.0,154.0,144,142
2021-04-27,150.0,154.0,147,132
2021-04-28,149.0,153.0,133,132
2021-04-29,148.0,151.0,134,133
2021-04-30,147.0,150.0,133,131
2021-05-01,146.0,149.0,131,131
2021-05-02,145.0,148.0,131,131
2021-05-03,144.0,147.0,135,133
2021-05-04,143.0,147.0,137,130
2021-05-05,142.0,145.0,130,130
2021-05-06,141.0,144.0,135,134
2021-05-07,141.0,143.0,135,133
2021-05-08,140.0,143.0,133,133
2021-05-09,140.0,142.0,134,134
2021-05-10,139.0,141.0,138,134
2021-05-11,138.0,141.0,141,129
2021-05-12,137.0,140.0,131,130
2021-05-13,137.0,139.0,133,133
2021-05-14,137.0,139.0,137,137
2021-05-15,136.0,138.0,137,136
2021-05-16,136.0,138.0,136,136
2021-05-17,136.0,138.0,141,140
2021-05-18,135.0,138.0,140,127
2021-05-19,134.0,137.0,131,129
2021-05-20,134.0,136.0,131,128
2021-05-21,134.0,136.0,132,128
2021-05-22,133.0,136.0,130,129
2021-05-23,133.0,135.0,129,129
2021-05-24,133.0,135.0,132,131
2021-05-25,132.0,135.0,143,133
2021-05-26,132.0,135.0,136,124
2021-05-27,132.0,134.0,129,128
2021-05-28,131.0,134.0,131,129
2021-05-29,131.0,134.0,129,129
2021-05-30,131.0,134.0,129,129
2021-05-31,131.0,134.0,129,129
2021-06-01,131.0,134.0,130,121
2021-06-02,130.0,133.0,124,119
2021-06-03,130.0,133.0,119,119
2021-06-04,130.0,133.0,122,120
2021-06-05,129.0,132.0,120,120
2021-06-06,129.0,132.0,120,120
2021-06-07,128.0,131.0,122,121
2021-06-08,128.0,131.0,122,115
2021-06-09,127.0,130.0,118,115
2021-06-10,127.0,129.0,118,118
2021-06-11,127.0,129.0,126,124
2021-06-12,126.0,129.0,124,124
2021-06-13,126.0,128.0,125,125
2021-06-14,126.0,128.0,128,128
2021-06-15,126.0,129.0,151,139
2021-06-16,126.0,129.0,139,136
2021-06-17,127.0,129.0,165,163
2021-06-18,128.0,131.0,167,167
2021-06-19,129.0,132.0,167,167
2021-06-20,131.0,133.0,167,167
2021-06-21,132.0,134.0,169,167
2021-06-22,133.0,136.0,170,165
2021-06-23,134.0,137.0,167,165
2021-06-24,135.0,138.0,166,164
2021-06-25,137.0,139.0,168,168
2021-06-26,138.0,140.0,168,168
2021-06-27,139.0,141.0,168,168
2021-06-28,141.0,143.0,171,171
2021-06-29,142.0,144.0,176,159
2021-06-30,143.0,145.0,162,157
2021-07-01,144.0,146.0,159,155
2021-07-02,145.0,147.0,156,152
2021-07-03,146.0,148.0,152,152
2021-07-04,147.0,149.0,152,152
2021-07-05,148.0,150.0,152,152
2021-07-06,150.0,153.0,185,174
2021-07-07,152.0,154.0,176,176
2021-07-08,155.0,157.0,206,200
2021-07-09,157.0,160.0,203,196
2021-07-10,160.0,163.0,196,196
2021-07-11,162.0,165.0,196,196
2021-07-12,165.0,168.0,198,198
2021-07-13,167.0,170.0,201,179
2021-07-14,168.0,172.0,180,168
2021-07-15,169.0,172.0,170,161
2021-07-16,170.0,173.0,163,163
2021-07-17,170.0,173.0,163,163
2021-07-18,169.0,173.0,163,163
2021-07-19,169.0,173.0,166,165
2021-07-20,169.0,173.0,170,159
2021-07-21,169.0,173.0,161,160
2021-07-22,169.0,173.0,164,164
2021-07-23,169.0,172.0,164,164
2021-07-24,169.0,172.0,164,164
2021-07-25,169.0,172.0,164,164
2021-07-26,168.0,172.0,166,164
2021-07-27,168.0,172.0,167,157
2021-07-28,168.0,172.0,158,157
2021-07-29,168.0,172.0,185,184
2021-07-30,169.0,173.0,188,186
2021-07-31,170.0,174.0,186,186
2021-08-01,172.0,175.0,186,186
2021-08-02,173.0,176.0,188,179
2021-08-03,173.0,177.0,180,165
2021-08-04,173.0,178.0,170,158
2021-08-05,173.0,177.0,162,159
2021-08-06,172.0,176.0,164,163
2021-08-07,171.0,175.0,163,163
2021-08-08,170.0,174.0,163,163
2021-08-09,169.0,173.0,167,162
2021-08-10,167.0,172.0,174,157
2021-08-11,166.0,171.0,158,156
2021-08-12,165.0,169.0,156,155
2021-08-13,165.0,168.0,158,158
2021-08-14,165.0,168.0,158,158
2021-08-15,165.0,168.0,158,158
2021-08-16,164.0,168.0,158,139
2021-08-17,162.0,167.0,141,121
2021-08-18,161.0,165.0,123,119
2021-08-19,161.0,165.0,168,167
2021-08-20,162.0,166.0,171,169
2021-08-21,162.0,166.0,169,169
2021-08-22,162.0,166.0,169,169
2021-08-23,162.0,166.0,173,172
2021-08-24,162.0,167.0,173,165
2021-08-25,162.0,167.0,167,165
2021-08-26,162.0,167.0,167,167
2021-08-27,163.0,167.0,171,171
2021-08-28,163.0,167.0,171,171
2021-08-29,162.0,166.0,171,171
2021-08-30,162.0,166.0,175,175
2021-08-31,161.0,165.0,178,166
2021-09-01,161.0,165.0,167,167
2021-09-02,161.0,164.0,170,169
2021-09-03,161.0,165.0,174,170
2021-09-04,162.0,165.0,171,171
2021-09-05,162.0,165.0,171,171
2021-09-06,162.0,166.0,176,176
2021-09-07,162.0,166.0,178,169
2021-09-08,163.0,166.0,170,166
2021-09-09,163.0,166.0,172,172
2021-09-10,164.0,167.0,175,171
2021-09-11,164.0,167.0,174,174
2021-09-12,165.0,168.0,175,174
2021-09-13,165.0,168.0,178,178
2021-09-14,166.0,169.0,180,169
2021-09-15,167.0,170.0,176,174
2021-09-16,169.0,171.0,174,174
2021-09-17,171.0,173.0,180,178
2021-09-18,171.0,173.0,178,178
2021-09-19,171.0,173.0,181,181
2021-09-20,172.0,174.0,187,186
2021-09-21,172.0,175.0,190,174
2021-09-22,172.0,175.0,180,176
2021-09-23,173.0,175.0,178,177
2021-09-24,173.0,176.0,186,183
2021-09-25,174.0,176.0,183,183
2021-09-26,174.0,177.0,187,185
2021-09-27,175.0,178.0,190,190
2021-09-28,175.0,178.0,194,182
2021-09-29,176.0,179.0,188,187
2021-09-30,176.0,179.0,188,188
2021-10-01,177.0,180.0,195,193
2021-10-02,178.0,181.0,193,193
2021-10-03,179.0,181.0,193,193
2021-10-04,180.0,182.0,197,196
2021-10-05,180.0,183.0,205,191
2021-10-06,181.0,184.0,193,192
2021-10-07,182.0,185.0,197,196
2021-10-08,183.0,186.0,201,201
2021-10-09,184.0,187.0,201,201
2021-10-10,185.0,187.0,201,201
2021-10-11,186.0,188.0,201,201
2021-10-12,186.0,189.0,202,193
2021-10-13,187.0,190.0,196,192
2021-10-14,188.0,190.0,194,192
2021-10-15,188.0,191.0,197,196
2021-10-16,189.0,192.0,196,196
2021-10-17,190.0,192.0,197,197
2021-10-18,191.0,193.0,202,201
2021-10-19,191.0,194.0,207,188
2021-10-20,191.0,194.0,190,188
2021-10-21,191.0,194.0,190,187
2021-10-22,192.0,195.0,202,191
2021-10-23,192.0,195.0,193,193
2021-10-24,193.0,196.0,195,195
2021-10-25,193.0,196.0,197,196
2021-10-26,193.0,196.0,199,185
2021-10-27,193.0,196.0,185,185
2021-10-28,193.0,196.0,187,187
2021-10-29,193.0,196.0,192,190
2021-10-30,193.0,196.0,191,191
2021-10-31,193.0,196.0,191,191
2021-11-01,193.0,196.0,194,193
2021-11-02,193.0,196.0,195,185
2021-11-03,193.0,196.0,191,189
2021-11-04,193.0,196.0,191,189
2021-11-05,193.0,196.0,190,190
2021-11-06,192.0,195.0,190,190
2021-11-07,192.0,195.0,190,190
2021-11-08,192.0,195.0,195,195
2021-11-09,191.0,195.0,197,179
2021-11-10,190.0,194.0,181,179
2021-11-11,190.0,193.0,179,175
2021-11-12,189.0,193.0,179,172
2021-11-13,189.0,192.0,173,173
2021-11-14,188.0,191.0,173,172
2021-11-15,187.0,190.0,175,171
2021-11-16,186.0,190.0,193,184
2021-11-17,186.0,190.0,192,190
2021-11-18,186.0,189.0,192,188
2021-11-19,186.0,189.0,192,188
2021-11-20,186.0,189.0,189,189
2021-11-21,186.0,189.0,189,189
2021-11-22,186.0,189.0,193,192
2021-11-23,186.0,189.0,194,183
2021-11-24,185.0,188.0,183,183
2021-11-25,185.0,188.0,183,183
2021-11-26,185.0,188.0,185,184
2021-11-27,185.0,188.0,184,184
2021-11-28,185.0,188.0,184,184
2021-11-29,185.0,187.0,187,187
2021-11-30,184.0,187.0,188,183
2021-12-01,184.0,187.0,190,190
2021-12-02,185.0,187.0,193,191
2021-12-03,185.0,187.0,195,195
2021-12-04,185.0,187.0,195,195
2021-12-05,185.0,188.0,195,195
2021-12-06,186.0,188.0,203,203
2021-12-07,186.0,189.0,208,195
2021-12-08,186.0,189.0,197,194
2021-12-09,186.0,189.0,197,196
2021-12-10,187.0,189.0,201,201
2021-12-11,188.0,190.0,202,202
2021-12-12,189.0,191.0,202,202
2021-12-13,191.0,193.0,229,228
2021-12-14,192.0,195.0,229,222
2021-12-15,194.0,196.0,225,224
2021-12-16,196.0,197.0,228,227
2021-12-17,197.0,199.0,231,230
2021-12-18,198.0,200.0,230,230
2021-12-19,200.0,201.0,230,230
2021-12-20,201.0,203.0,234,234
2021-12-21,202.0,204.0,236,228
2021-12-22,204.0,206.0,229,227
2021-12-23,205.0,207.0,231,231
2021-12-24,207.0,208.0,231,231
2021-12-25,208.0,210.0,231,231
2021-12-26,210.0,212.0,232,232
2021-12-27,212.0,213.0,234,234
2021-12-28,213.0,215.0,237,219
2021-12-29,214.0,216.0,224,222
2021-12-30,215.0,217.0,223,223
2021-12-31,216.0,218.0,223,223
2022-01-01,218.0,220.0,223,223
2022-01-02,218.0,220.0,223,223
2022-01-03,219.0,221.0,224,224
2022-01-04,220.0,222.0,225,216
2022-01-05,221.0,223.0,216,214
2022-01-06,221.0,223.0,214,214
2022-01-07,222.0,224.0,214,214
2022-01-08,222.0,224.0,214,214
2022-01-09,223.0,225.0,214,214
2022-01-10,223.0,225.0,214,212
2022-01-11,223.0,225.0,215,202
2022-01-12,222.0,225.0,202,197
2022-01-13,221.0,224.0,198,194
2022-01-14,220.0,222.0,195,190
2022-01-15,219.0,221.0,190,190
2022-01-16,218.0,220.0,190,190
2022-01-17,216.0,219.0,191,191
2022-01-18,215.0,217.0,192,191
2022-01-19,213.0,216.0,191,190
2022-01-20,212.0,214.0,191,191
2022-01-21,211.0,213.0,191,191
2022-01-22,210.0,212.0,191,191
2022-01-23,208.0,210.0,191,191
2022-01-24,207.0,209.0,193,193
2022-01-25,205.0,208.0,194,181
2022-01-26,204.0,206.0,182,181
2022-01-27,202.0,204.0,184,184
2022-01-28,201.0,203.0,185,185
2022-01-29,200.0,202.0,185,185
2022-01-30,199.0,201.0,185,185
2022-01-31,197.0,199.0,187,186
2022-02-01,196.0,198.0,187,177
2022-02-02,194.0,197.0,177,176
2022-02-03,193.0,195.0,177,176
2022-02-04,192.0,194.0,179,179
2022-02-05,191.0,193.0,179,179
2022-02-06,190.0,191.0,179,179
2022-02-07,188.0,190.0,182,179
2022-02-08,187.0,189.0,179,166
2022-02-09,185.0,188.0,168,166
2022-02-10,184.0,186.0,168,167
2022-02-11,183.0,185.0,174,172
2022-02-12,182.0,184.0,173,173
2022-02-13,182.0,184.0,174,174
2022-02-14,181.0,183.0,174,174
2022-02-15,181.0,183.0,175,173
2022-02-16,180.0,182.0,177,177
2022-02-17,180.0,182.0,177,172
2022-02-18,179.0,181.0,172,171
2022-02-19,179.0,180.0,173,173
2022-02-20,178.0,180.0,173,173
2022-02-21,177.0,179.0,173,173
2022-02-22,176.0,179.0,182,166
2022-02-23,176.0,178.0,168,167
2022-02-24,175.0,177.0,168,168
2022-02-25,175.0,177.0,169,169
2022-02-26,174.0,176.0,169,169
2022-02-27,174.0,176.0,169,169
2022-02-28,173.0,175.0,170,169
2022-03-01,172.0,175.0,172,159
2022-03-02,172.0,174.0,162,162
2022-03-03,171.0,173.0,165,164
2022-03-04,171.0,173.0,167,166
2022-03-05,170.0,173.0,166,166
2022-03-06,170.0,172.0,166,166
2022-03-07,170.0,172.0,171,168
2022-03-08,169.0,172.0,169,160
2022-03-09,168.0,171.0,160,158
2022-03-10,168.0,170.0,159,159
2022-03-11,168.0,170.0,162,161
2022-03-12,168.0,170.0,161,161
2022-03-13,167.0,169.0,161,161
2022-03-14,167.0,169.0,162,162
2022-03-15,166.0,168.0,163,149
2022-03-16,165.0,168.0,152,148
2022-03-17,164.0,167.0,148,148
2022-03-18,164.0,166.0,151,149
2022-03-19,163.0,165.0,149,149
2022-03-20,162.0,164.0,149,149
2022-03-21,161.0,164.0,150,149
2022-03-22,161.0,164.0,184,178
2022-03-23,162.0,164.0,178,177
2022-03-24,162.0,164.0,178,177
2022-03-25,162.0,164.0,177,176
2022-03-26,162.0,164.0,176,176
2022-03-27,163.0,165.0,176,176
2022-03-28,163.0,165.0,176,174
2022-03-29,163.0,165.0,175,166
2022-03-30,163.0,165.0,168,168
2022-03-31,163.0,165.0,168,165
2022-04-01,163.0,165.0,165,165
2022-04-02,163.0,165.0,165,165
2022-04-03,163.0,165.0,165,165
2022-04-04,163.0,165.0,166,165
2022-04-05,163.0,165.0,165,156
2022-04-06,162.0,164.0,156,154
2022-04-07,162.0,164.0,156,154
2022-04-08,162.0,164.0,156,156
2022-04-09,162.0,164.0,156,156
2022-04-10,162.0,164.0,156,156
2022-04-11,162.0,163.0,157,157
2022-04-12,161.0,164.0,162,156
2022-04-13,161.0,163.0,156,154
2022-04-14,161.0,163.0,155,155
2022-04-15,162.0,163.0,158,158
2022-04-16,162.0,164.0,158,158
2022-04-17,162.0,164.0,158,158
2022-04-18,163.0,164.0,162,161
2022-04-19,163.0,165.0,165,154
2022-04-20,163.0,165.0,158,157
2022-04-21,162.0,164.0,158,157
2022-04-22,162.0,164.0,161,161
2022-04-23,161.0,163.0,161,161
2022-04-24,161.0,162.0,161,161
2022-04-25,160.0,162.0,166,166
2022-04-26,160.0,162.0,169,153
2022-04-27,159.0,161.0,153,153
2022-04-28,159.0,161.0,158,156
2022-04-29,158.0,160.0,156,154
2022-04-30,158.0,160.0,154,154
2022-05-01,158.0,159.0,154,154
2022-05-02,157.0,159.0,157,156
2022-05-03,157.0,159.0,161,154
2022-05-04,156.0,159.0,155,155
2022-05-05,157.0,158.0,159,158
2022-05-06,157.0,158.0,159,156
2022-05-07,157.0,158.0,156,156
2022-05-08,157.0,158.0,156,156
2022-05-09,157.0,158.0,156,156
2022-05-10,156.0,159.0,159,150
2022-05-11,156.0,158.0,152,152
2022-05-12,156.0,158.0,155,155
2022-05-13,156.0,158.0,157,154
2022-05-14,156.0,158.0,154,154
2022-05-15,156.0,158.0,154,154
2022-05-16,156.0,158.0,155,155
2022-05-17,157.0,159.0,197,186
2022-05-18,158.0,160.0,186,186
2022-05-19,159.0,161.0,191,189
2022-05-20,160.0,162.0,189,187
2022-05-21,161.0,163.0,187,187
2022-05-22,162.0,164.0,187,187
2022-05-23,163.0,165.0,190,190
2022-05-24,164.0,166.0,196,183
2022-05-25,164.0,167.0,187,186
2022-05-26,165.0,167.0,189,188
2022-05-27,167.0,169.0,192,190
2022-05-28,168.0,170.0,190,190
2022-05-29,169.0,171.0,191,191
2022-05-30,170.0,172.0,192,192
2022-05-31,171.0,173.0,195,186
2022-06-01,172.0,175.0,190,188
2022-06-02,173.0,175.0,188,187
2022-06-03,175.0,177.0,187,187
2022-06-04,176.0,178.0,188,188
2022-06-05,177.0,178.0,188,188
2022-06-06,178.0,180.0,191,191
2022-06-07,179.0,181.0,196,183
2022-06-08,180.0,182.0,184,183
2022-06-09,181.0,183.0,186,186
2022-06-10,182.0,184.0,191,187
2022-06-11,183.0,185.0,187,187
2022-06-12,184.0,186.0,187,187
2022-06-13,185.0,187.0,188,187
2022-06-14,186.0,188.0,189,183
2022-06-15,187.0,189.0,185,184
2022-06-16,187.0,189.0,186,181
2022-06-17,187.0,189.0,184,182
2022-06-18,187.0,189.0,183,183
2022-06-19,186.0,189.0,183,183
2022-06-20,186.0,188.0,183,183
2022-06-21,185.0,188.0,186,160
2022-06-22,184.0,187.0,161,159
2022-06-23,184.0,186.0,161,160
2022-06-24,183.0,186.0,165,162
2022-06-25,182.0,185.0,162,162
2022-06-26,181.0,184.0,162,162
2022-06-27,180.0,183.0,168,165
2022-06-28,179.0,182.0,168,159
2022-06-29,178.0,181.0,163,163
2022-06-30,177.0,180.0,166,164
2022-07-01,177.0,180.0,170,169
2022-07-02,176.0,179.0,169,169
2022-07-03,176.0,178.0,169,169
2022-07-04,175.0,178.0,169,169
2022-07-05,174.0,177.0,173,165
2022-07-06,173.0,176.0,169,166
2022-07-07,173.0,176.0,171,167
2022-07-08,172.0,175.0,168,166
2022-07-09,172.0,174.0,166,166
2022-07-10,171.0,174.0,166,166
2022-07-11,171.0,173.0,176,176
2022-07-12,170.0,173.0,188,171
2022-07-13,170.0,173.0,174,172
2022-07-14,169.0,172.0,174,173
2022-07-15,169.0,172.0,173,172
2022-07-16,168.0,171.0,172,172
2022-07-17,168.0,171.0,172,172
2022-07-18,168.0,171.0,172,171
2022-07-19,167.0,170.0,173,160
2022-07-20,167.0,170.0,169,169
2022-07-21,167.0,169.0,173,171
2022-07-22,167.0,170.0,176,175
2022-07-23,168.0,170.0,175,175
2022-07-24,168.0,171.0,175,175
2022-07-25,169.0,171.0,183,181
2022-07-26,169.0,172.0,186,174
2022-07-27,170.0,173.0,178,178
2022-07-28,171.0,173.0,181,181
2022-07-29,171.0,174.0,183,180
2022-07-30,172.0,174.0,182,182
2022-07-31,172.0,175.0,182,182
2022-08-01,173.0,175.0,184,184
2022-08-02,173.0,176.0,185,173
2022-08-03,173.0,176.0,174,173
2022-08-04,173.0,176.0,176,175
2022-08-05,174.0,176.0,176,175
2022-08-06,174.0,176.0,175,175
2022-08-07,174.0,176.0,175,175
2022-08-08,175.0,177.0,179,178
2022-08-09,175.0,177.0,178,166
2022-08-10,174.0,177.0,170,167
2022-08-11,174.0,177.0,172,172
2022-08-12,174.0,177.0,174,174
2022-08-13,174.0,177.0,174,173
2022-08-14,174.0,177.0,173,173
2022-08-15,174.0,177.0,175,173
2022-08-16,174.0,177.0,174,150
2022-08-17,173.0,176.0,157,156
2022-08-18,173.0,176.0,161,159
2022-08-19,173.0,176.0,162,159
2022-08-20,172.0,175.0,159,159
2022-08-21,172.0,175.0,159,159
2022-08-22,171.0,174.0,162,137
2022-08-23,169.0,173.0,140,121
2022-08-24,167.0,171.0,126,123
2022-08-25,165.0,169.0,126,125
2022-08-26,164.0,168.0,131,130
2022-08-27,162.0,166.0,130,130
2022-08-28,160.0,164.0,130,130
2022-08-29,159.0,163.0,137,136
2022-08-30,157.0,161.0,145,135
2022-08-31,156.0,160.0,138,137
2022-09-01,154.0,158.0,139,138
2022-09-02,153.0,157.0,138,137
2022-09-03,152.0,156.0,138,137
2022-09-04,151.0,154.0,137,137
2022-09-05,149.0,153.0,137,137
2022-09-06,148.0,152.0,141,126
2022-09-07,146.0,150.0,129,127
2022-09-08,145.0,149.0,133,130
2022-09-09,144.0,148.0,132,130
2022-09-10,142.0,146.0,130,130
2022-09-11,141.0,145.0,130,130
2022-09-12,139.0,143.0,134,133
2022-09-13,138.0,142.0,136,130
2022-09-14,137.0,141.0,132,131
2022-09-15,136.0,139.0,132,132
2022-09-16,135.0,139.0,137,137
2022-09-17,135.0,138.0,138,138
2022-09-18,134.0,137.0,138,138
2022-09-19,133.0,137.0,142,142
2022-09-20,132.0,136.0,144,128
2022-09-21,132.0,135.0,134,132
2022-09-22,133.0,135.0,135,135
2022-09-23,133.0,135.0,140,139
2022-09-24,134.0,136.0,139,139
2022-09-25,134.0,136.0,139,139
2022-09-26,134.0,137.0,142,142
2022-09-27,135.0,137.0,158,147
2022-09-28,136.0,138.0,152,152
2022-09-29,136.0,138.0,156,152
2022-09-30,137.0,139.0,157,156
2022-10-01,137.0,140.0,156,156
2022-10-02,138.0,140.0,156,156
2022-10-03,139.0,141.0,161,160
2022-10-04,140.0,142.0,167,167
2022-10-05,141.0,143.0,168,166
2022-10-06,142.0,144.0,168,167
2022-10-07,143.0,145.0,169,168
2022-10-08,145.0,146.0,170,170
2022-10-09,146.0,148.0,170,170
2022-10-10,147.0,149.0,171,171
2022-10-11,149.0,151.0,183,165
2022-10-12,150.0,152.0,169,167
2022-10-13,151.0,153.0,169,164
2022-10-14,152.0,154.0,166,165
2022-10-15,153.0,155.0,165,165
2022-10-16,154.0,156.0,165,165
2022-10-17,155.0,157.0,173,173
2022-10-18,156.0,159.0,182,175
2022-10-19,157.0,160.0,176,171
2022-10-20,159.0,161.0,171,170
2022-10-21,160.0,162.0,173,170
2022-10-22,161.0,163.0,170,170
2022-10-23,162.0,164.0,170,170
2022-10-24,163.0,166.0,174,173
2022-10-25,164.0,167.0,177,159
2022-10-26,165.0,167.0,159,159
2022-10-27,165.0,167.0,161,161
2022-10-28,165.0,168.0,162,160
2022-10-29,166.0,168.0,160,160
2022-10-30,166.0,168.0,160,160
2022-10-31,166.0,168.0,169,168
2022-11-01,166.0,169.0,168,157
2022-11-02,166.0,169.0,161,159
2022-11-03,166.0,169.0,166,166
2022-11-04,166.0,169.0,173,171
2022-11-05,166.0,169.0,172,172
2022-11-06,167.0,169.0,172,172
2022-11-07,167.0,169.0,174,173
2022-11-08,167.0,170.0,178,168
2022-11-09,167.0,170.0,170,168
2022-11-10,167.0,169.0,172,172
2022-11-11,167.0,169.0,172,172
2022-11-12,167.0,169.0,172,172
2022-11-13,167.0,170.0,172,172
2022-11-14,168.0,170.0,175,174
2022-11-15,168.0,170.0,178,163
2022-11-16,167.0,170.0,167,166
2022-11-17,167.0,170.0,174,173
2022-11-18,168.0,170.0,179,176
2022-11-19,168.0,170.0,176,176
2022-11-20,168.0,170.0,177,177
2022-11-21,168.0,171.0,180,179
2022-11-22,168.0,171.0,184,173
2022-11-23,168.0,171.0,176,175
2022-11-24,169.0,171.0,175,175
2022-11-25,170.0,172.0,178,177
2022-11-26,170.0,172.0,177,177
2022-11-27,171.0,173.0,177,177
2022-11-28,171.0,174.0,185,184
2022-11-29,172.0,174.0,185,168
2022-11-30,172.0,174.0,169,169
2022-12-01,172.0,175.0,179,173
2022-12-02,173.0,175.0,173,168
2022-12-03,173.0,175.0,168,168
2022-12-04,173.0,175.0,168,168
2022-12-05,172.0,175.0,170,170
2022-12-06,172.0,175.0,172,164
2022-12-07,172.0,175.0,164,162
2022-12-08,172.0,174.0,162,162
2022-12-09,172.0,174.0,166,166
2022-12-10,171.0,174.0,166,166
2022-12-11,171.0,174.0,166,166
2022-12-12,171.0,173.0,166,165
2022-12-13,171.0,174.0,176,160
2022-12-14,170.0,173.0,162,159
2022-12-15,170.0,173.0,163,162
2022-12-16,170.0,173.0,163,158
2022-12-17,169.0,172.0,159,159
2022-12-18,169.0,171.0,159,159
2022-12-19,168.0,171.0,165,162
2022-12-20,168.0,171.0,177,164
2022-12-21,167.0,170.0,165,158
2022-12-22,167.0,170.0,160,157
2022-12-23,166.0,169.0,157,156
2022-12-24,165.0,168.0,156,156
2022-12-25,165.0,168.0,156,156
2022-12-26,164.0,167.0,156,156
2022-12-27,163.0,166.0,162,153
2022-12-28,162.0,166.0,155,155
2022-12-29,162.0,165.0,159,151
2022-12-30,161.0,164.0,152,152
2022-12-31,160.0,163.0,152,152
2023-01-01,160.0,162.0,152,152
2023-01-02,159.0,162.0,152,152
2023-01-03,158.0,162.0,158,144
2023-01-04,158.0,161.0,154,152
2023-01-05,157.0,161.0,157,151
2023-01-06,157.0,160.0,157,157
2023-01-07,157.0,160.0,158,158
2023-01-08,157.0,160.0,158,158
2023-01-09,157.0,160.0,165,165
2023-01-10,157.0,160.0,171,168
2023-01-11,157.0,160.0,178,178
2023-01-12,158.0,161.0,180,173
2023-01-13,159.0,161.0,185,185
2023-01-14,159.0,162.0,185,184
2023-01-15,160.0,163.0,184,184
2023-01-16,161.0,164.0,185,185
2023-01-17,162.0,165.0,187,172
2023-01-18,162.0,165.0,182,182
2023-01-19,163.0,166.0,189,177
2023-01-20,163.0,166.0,183,182
2023-01-21,164.0,167.0,182,182
2023-01-22,165.0,168.0,182,182
2023-01-23,166.0,169.0,191,188
2023-01-24,167.0,170.0,193,180
2023-01-25,168.0,171.0,188,183
2023-01-26,169.0,172.0,193,182
2023-01-27,170.0,173.0,185,184
2023-01-28,171.0,174.0,184,184
2023-01-29,172.0,175.0,184,184
2023-01-30,173.0,176.0,189,188
2023-01-31,174.0,178.0,189,173
2023-02-01,175.0,179.0,182,179
2023-02-02,176.0,179.0,184,171
2023-02-03,176.0,180.0,174,173
2023-02-04,177.0,181.0,174,174
2023-02-05,178.0,181.0,174,174
2023-02-06,178.0,182.0,177,177
2023-02-07,179.0,183.0,178,163
2023-02-08,179.0,183.0,171,169
2023-02-09,179.0,183.0,177,166
2023-02-10,178.0,183.0,172,167
2023-02-11,178.0,182.0,168,168
2023-02-12,178.0,182.0,168,168
2023-02-13,177.0,181.0,171,168
2023-02-14,176.0,181.0,173,162
2023-02-15,176.0,180.0,165,164
2023-02-16,175.0,180.0,168,165
2023-02-17,175.0,179.0,171,168
2023-02-18,175.0,179.0,168,168
2023-02-19,174.0,178.0,168,168
2023-02-20,174.0,178.0,168,168
2023-02-21,173.0,178.0,181,165
2023-02-22,172.0,177.0,173,165
2023-02-23,172.0,176.0,170,165
2023-02-24,171.0,176.0,173,172
2023-02-25,171.0,175.0,172,172
2023-02-26,171.0,175.0,172,172
2023-02-27,170.0,174.0,175,175
2023-02-28,170.0,174.0,186,172
2023-03-01,170.0,174.0,177,176
2023-03-02,170.0,174.0,179,174
2023-03-03,170.0,174.0,183,182
2023-03-04,170.0,174.0,182,182
2023-03-05,170.0,174.0,182,182
2023-03-06,171.0,174.0,185,183
2023-03-07,170.0,175.0,187,145
2023-03-08,169.0,174.0,153,153
2023-03-09,169.0,173.0,159,158
2023-03-10,168.0,173.0,166,162
2023-03-11,168.0,173.0,162,162
2023-03-12,168.0,172.0,162,162
2023-03-13,168.0,172.0,168,167
2023-03-14,168.0,172.0,175,165
2023-03-15,168.0,173.0,174,170
2023-03-16,169.0,173.0,176,175
2023-03-17,168.0,173.0,185,147
2023-03-18,167.0,173.0,147,147
2023-03-19,167.0,172.0,147,147
2023-03-20,166.0,171.0,153,153
2023-03-21,165.0,171.0,168,143
2023-03-22,164.0,171.0,146,142
2023-03-23,164.0,170.0,151,150
2023-03-24,164.0,169.0,157,152
2023-03-25,163.0,168.0,152,152
2023-03-26,162.0,168.0,152,152
2023-03-27,162.0,167.0,157,156
2023-03-28,161.0,167.0,164,151
2023-03-29,160.0,166.0,152,150
2023-03-30,160.0,165.0,160,158
2023-03-31,160.0,165.0,169,168
2023-04-01,160.0,165.0,169,169
2023-04-02,159.0,164.0,169,169
2023-04-03,159.0,164.0,175,173
2023-04-04,158.0,164.0,183,174
2023-04-05,158.0,164.0,179,179
2023-04-06,160.0,164.0,186,185
2023-04-07,161.0,165.0,191,191
2023-04-08,162.0,166.0,192,192
2023-04-09,163.0,167.0,193,193
2023-04-10,165.0,169.0,207,206
2023-04-11,165.0,170.0,208,178
2023-04-12,165.0,171.0,187,175
2023-04-13,166.0,171.0,180,175
2023-04-14,166.0,171.0,177,172
2023-04-15,166.0,171.0,172,172
2023-04-16,167.0,170.0,172,172
2023-04-17,168.0,172.0,177,177
2023-04-18,169.0,173.0,189,179
2023-04-19,170.0,174.0,189,181
2023-04-20,171.0,175.0,192,190
2023-04-21,173.0,177.0,199,196
2023-04-22,174.0,178.0,196,196
2023-04-23,176.0,179.0,196,196
2023-04-24,178.0,181.0,207,204
2023-04-25,179.0,183.0,211,194
2023-04-26,180.0,185.0,197,196
2023-04-27,182.0,186.0,200,199
2023-04-28,184.0,188.0,206,204
2023-04-29,185.0,189.0,204,204
2023-04-30,186.0,190.0,204,204
2023-05-01,188.0,192.0,209,209
2023-05-02,190.0,194.0,236,229
2023-05-03,192.0,196.0,234,232
2023-05-04,195.0,198.0,263,261
2023-05-05,197.0,201.0,264,260
2023-05-06,200.0,204.0,260,260
2023-05-07,202.0,206.0,260,260
2023-05-08,204.0,208.0,261,260
2023-05-09,206.0,211.0,274,244
2023-05-10,208.0,213.0,257,246
2023-05-11,210.0,214.0,252,246
2023-05-12,212.0,216.0,250,250
2023-05-13,215.0,219.0,251,251
2023-05-14,217.0,221.0,251,251
2023-05-15,220.0,224.0,260,248
2023-05-16,222.0,227.0,252,230
2023-05-17,223.0,229.0,233,223
2023-05-18,225.0,230.0,233,232
2023-05-19,227.0,232.0,236,221
2023-05-20,228.0,233.0,221,221
2023-05-21,228.0,233.0,221,221
2023-05-22,229.0,234.0,227,225
2023-05-23,230.0,236.0,237,209
2023-05-24,230.0,236.0,213,212
2023-05-25,231.0,236.0,216,214
2023-05-26,231.0,237.0,218,217
2023-05-27,232.0,237.0,217,217
2023-05-28,232.0,238.0,217,217
2023-05-29,233.0,238.0,218,218
2023-05-30,233.0,239.0,222,207
2023-05-31,233.0,239.0,218,214
2023-06-01,233.0,239.0,221,220
2023-06-02,233.0,238.0,222,221
2023-06-03,231.0,237.0,222,222
2023-06-04,230.0,235.0,222,222
2023-06-05,229.0,234.0,227,223
2023-06-06,227.0,233.0,228,211
2023-06-07,226.0,232.0,215,215
2023-06-08,225.0,230.0,217,215
2023-06-09,224.0,229.0,219,218
2023-06-10,223.0,227.0,218,218
2023-06-11,222.0,226.0,218,218
2023-06-12,221.0,225.0,223,222
2023-06-13,219.0,225.0,231,213
2023-06-14,218.0,223.0,218,215
2023-06-15,218.0,222.0,219,218
2023-06-16,218.0,222.0,231,226
2023-06-17,218.0,222.0,226,226
2023-06-18,218.0,222.0,226,226
2023-06-19,218.0,222.0,228,228
2023-06-20,218.0,222.0,239,223
2023-06-21,218.0,223.0,231,228
2023-06-22,219.0,222.0,234,232
2023-06-23,220.0,223.0,235,234
2023-06-24,221.0,224.0,234,234
2023-06-25,221.0,224.0,234,234
2023-06-26,222.0,225.0,238,235
2023-06-27,223.0,226.0,257,242
2023-06-28,224.0,227.0,248,246
2023-06-29,225.0,228.0,251,249
2023-06-30,226.0,229.0,251,239
2023-07-01,226.0,230.0,239,239
2023-07-02,227.0,231.0,240,239
2023-07-03,228.0,231.0,243,242
2023-07-04,228.0,232.0,242,242
2023-07-05,229.0,233.0,244,241
2023-07-06,230.0,233.0,254,253
2023-07-07,232.0,235.0,254,252
2023-07-08,233.0,236.0,256,256
2023-07-09,233.0,237.0,256,229
2023-07-10,234.0,238.0,234,232
2023-07-11,235.0,239.0,242,241
2023-07-12,235.0,240.0,250,236
2023-07-13,236.0,240.0,236,231
2023-07-14,236.0,240.0,232,230
2023-07-15,236.0,240.0,230,230
2023-07-16,237.0,240.0,230,230
2023-07-17,237.0,241.0,230,227
2023-07-18,236.0,241.0,229,206
2023-07-19,235.0,240.0,207,206
2023-07-20,235.0,239.0,206,201
2023-07-21,234.0,238.0,202,202
2023-07-22,233.0,237.0,202,202
2023-07-23,232.0,236.0,202,202
2023-07-24,231.0,236.0,226,213
2023-07-25,230.0,235.0,218,216
2023-07-26,230.0,235.0,234,231
2023-07-27,230.0,234.0,241,234
2023-07-28,229.0,234.0,236,233
2023-07-29,229.0,233.0,234,234
2023-07-30,229.0,233.0,234,234
2023-07-31,229.0,233.0,234,233
2023-08-01,228.0,232.0,235,222
2023-08-02,227.0,232.0,223,220
2023-08-03,226.0,231.0,220,214
2023-08-04,226.0,230.0,216,216
2023-08-05,224.0,229.0,216,216
2023-08-06,223.0,228.0,216,216
2023-08-07,222.0,226.0,222,222
2023-08-08,222.0,226.0,247,230
2023-08-09,222.0,226.0,235,232
2023-08-10,222.0,226.0,237,230
2023-08-11,221.0,225.0,232,230
2023-08-12,221.0,225.0,230,230
2023-08-13,221.0,225.0,230,230
2023-08-14,221.0,225.0,233,232
2023-08-15,221.0,225.0,235,228
2023-08-16,221.0,225.0,229,225
2023-08-17,223.0,226.0,250,248
2023-08-18,224.0,228.0,250,229
2023-08-19,224.0,228.0,229,229
2023-08-20,225.0,229.0,229,228
2023-08-21,227.0,231.0,245,242
2023-08-22,229.0,233.0,275,266
2023-08-23,231.0,235.0,273,269
2023-08-24,233.0,236.0,274,274
2023-08-25,234.0,238.0,275,274
2023-08-26,235.0,239.0,274,272
2023-08-27,237.0,240.0,273,271
2023-08-28,238.0,242.0,275,275
2023-08-29,239.0,243.0,278,258
2023-08-30,240.0,244.0,261,260
2023-08-31,241.0,245.0,265,261
2023-09-01,242.0,246.0,262,257
2023-09-02,244.0,247.0,257,257
2023-09-03,245.0,249.0,257,257
2023-09-04,246.0,250.0,257,256
2023-09-05,247.0,252.0,259,245
2023-09-06,248.0,253.0,255,253
2023-09-07,249.0,253.0,263,259
2023-09-08,250.0,254.0,259,256
2023-09-09,251.0,255.0,256,256
2023-09-10,252.0,256.0,257,256
2023-09-11,253.0,256.0,256,256
2023-09-12,253.0,257.0,259,245
2023-09-13,254.0,258.0,252,251
2023-09-14,255.0,259.0,262,253
2023-09-15,255.0,260.0,258,250
2023-09-16,256.0,260.0,252,252
2023-09-17,256.0,260.0,252,249
2023-09-18,257.0,261.0,250,248
2023-09-19,257.0,262.0,260,238
2023-09-20,257.0,262.0,240,239
2023-09-21,256.0,260.0,240,237
2023-09-22,255.0,259.0,238,227
2023-09-23,253.0,258.0,227,227
2023-09-24,252.0,256.0,227,227
2023-09-25,250.0,255.0,232,231
2023-09-26,248.0,253.0,233,215
2023-09-27,246.0,251.0,216,211
2023-09-28,246.0,250.0,238,238
2023-09-29,245.0,249.0,241,238
2023-09-30,244.0,248.0,238,238
2023-10-01,243.0,248.0,238,237
2023-10-02,242.0,247.0,241,223
2023-10-03,241.0,246.0,225,218
2023-10-04,239.0,245.0,222,208
2023-10-05,238.0,244.0,220,212
2023-10-06,237.0,242.0,213,211
2023-10-07,235.0,240.0,211,211
2023-10-08,234.0,239.0,211,209
2023-10-09,232.0,237.0,210,210
2023-10-10,230.0,236.0,215,200
2023-10-11,229.0,235.0,231,226
2023-10-12,229.0,235.0,251,250
2023-10-13,230.0,235.0,254,254
2023-10-14,230.0,235.0,254,254
2023-10-15,230.0,234.0,255,255
2023-10-16,230.0,235.0,261,260
2023-10-17,231.0,236.0,279,264
2023-10-18,231.0,237.0,276,273
2023-10-19,233.0,237.0,281,278
2023-10-20,234.0,239.0,281,279
2023-10-21,235.0,240.0,279,279
2023-10-22,237.0,241.0,279,279
2023-10-23,239.0,243.0,280,280
2023-10-24,241.0,245.0,294,277
2023-10-25,242.0,247.0,278,268
2023-10-26,244.0,248.0,272,270
2023-10-27,246.0,250.0,274,268
2023-10-28,247.0,251.0,268,268
2023-10-29,248.0,252.0,269,267
2023-10-30,249.0,253.0,271,268
2023-10-31,249.0,254.0,275,261
2023-11-01,251.0,255.0,265,262
2023-11-02,252.0,256.0,264,261
2023-11-03,254.0,258.0,267,261
2023-11-04,255.0,259.0,261,261
2023-11-05,257.0,261.0,265,261
2023-11-06,259.0,263.0,271,264
2023-11-07,261.0,266.0,286,270
2023-11-08,263.0,268.0,278,277
2023-11-09,266.0,270.0,289,279
2023-11-10,268.0,272.0,286,282
2023-11-11,269.0,273.0,282,282
2023-11-12,270.0,274.0,284,284
2023-11-13,271.0,275.0,286,284
2023-11-14,271.0,276.0,285,268
2023-11-15,271.0,276.0,267,261
2023-11-16,271.0,276.0,263,259
2023-11-17,270.0,275.0,259,249
2023-11-18,269.0,274.0,249,249
2023-11-19,268.0,273.0,249,249
2023-11-20,267.0,272.0,249,245
2023-11-21,266.0,272.0,261,252
2023-11-22,265.0,271.0,252,251
2023-11-23,264.0,269.0,251,251
2023-11-24,264.0,268.0,251,251
2023-11-25,263.0,268.0,251,251
2023-11-26,263.0,267.0,251,251
2023-11-27,262.0,266.0,254,253
2023-11-28,261.0,266.0,253,243
2023-11-29,260.0,265.0,245,243
2023-11-30,260.0,264.0,243,240
2023-12-01,259.0,263.0,240,236
2023-12-02,258.0,262.0,236,236
2023-12-03,257.0,261.0,236,236
2023-12-04,256.0,260.0,238,238
2023-12-05,256.0,260.0,262,239
2023-12-06,255.0,259.0,242,238
2023-12-07,254.0,258.0,239,236
2023-12-08,252.0,256.0,239,219
2023-12-09,250.0,254.0,219,219
2023-12-10,248.0,252.0,219,219
2023-12-11,246.0,250.0,225,219
2023-12-12,243.0,248.0,224,208
2023-12-13,241.0,246.0,213,211
2023-12-14,239.0,243.0,217,215
2023-12-15,238.0,242.0,222,221
2023-12-16,236.0,240.0,221,221
2023-12-17,235.0,239.0,222,222
2023-12-18,235.0,238.0,229,224
2023-12-19,234.0,238.0,245,233
2023-12-20,234.0,238.0,240,231
2023-12-21,233.0,237.0,236,236
2023-12-22,233.0,237.0,241,239
2023-12-23,232.0,236.0,239,239
2023-12-24,232.0,236.0,239,239
2023-12-25,231.0,236.0,239,239
2023-12-26,231.0,235.0,243,231
2023-12-27,230.0,235.0,233,231
2023-12-28,230.0,234.0,233,232
2023-12-29,229.0,234.0,233,230
2023-12-30,229.0,233.0,230,230
2023-12-31,229.0,233.0,231,231
2024-01-01,229.0,233.0,232,232
2024-01-02,228.0,233.0,234,221
2024-01-03,227.0,232.0,221,218
2024-01-04,227.0,231.0,219,217
2024-01-05,226.0,230.0,217,216
2024-01-06,225.0,229.0,216,216
2024-01-07,225.0,228.0,216,216
2024-01-08,225.0,228.0,220,220
2024-01-09,226.0,229.0,239,229
2024-01-10,226.0,229.0,234,231
2024-01-11,227.0,230.0,234,232
2024-01-12,228.0,230.0,238,235
2024-01-13,228.0,231.0,235,233
2024-01-14,229.0,231.0,233,233
2024-01-15,229.0,232.0,233,233
2024-01-16,230.0,233.0,255,248
2024-01-17,231.0,234.0,256,255
2024-01-18,232.0,234.0,259,255
2024-01-19,232.0,235.0,258,258
2024-01-20,233.0,236.0,258,258
2024-01-21,234.0,236.0,258,258
2024-01-22,235.0,237.0,261,260
2024-01-23,235.0,238.0,268,247
2024-01-24,235.0,238.0,251,248
2024-01-25,236.0,238.0,250,249
2024-01-26,236.0,239.0,250,249
2024-01-27,237.0,240.0,249,249
2024-01-28,238.0,240.0,249,249
2024-01-29,238.0,241.0,257,254
2024-01-30,239.0,242.0,274,260
2024-01-31,240.0,243.0,260,256
2024-02-01,241.0,244.0,259,253
2024-02-02,242.0,245.0,256,256
2024-02-03,244.0,247.0,257,257
2024-02-04,245.0,248.0,257,257
2024-02-05,246.0,249.0,258,253
2024-02-06,248.0,251.0,269,259
2024-02-07,249.0,253.0,264,261
2024-02-08,250.0,253.0,263,261
2024-02-09,251.0,254.0,262,259
2024-02-10,252.0,255.0,259,258
2024-02-11,253.0,256.0,258,257
2024-02-12,254.0,257.0,264,263
2024-02-13,254.0,258.0,268,252
2024-02-14,255.0,259.0,263,259
2024-02-15,256.0,259.0,261,259
2024-02-16,256.0,260.0,268,267
2024-02-17,256.0,260.0,269,268
2024-02-18,257.0,260.0,268,268
2024-02-19,257.0,261.0,269,269
2024-02-20,258.0,262.0,289,280
2024-02-21,258.0,262.0,282,278
2024-02-22,260.0,263.0,281,277
2024-02-23,260.0,264.0,278,275
2024-02-24,261.0,265.0,275,275
2024-02-25,262.0,265.0,277,276
2024-02-26,263.0,266.0,277,276
2024-02-27,263.0,267.0,277,247
2024-02-28,263.0,267.0,249,248
2024-02-29,262.0,266.0,252,247
2024-03-01,262.0,266.0,249,248
2024-03-02,262.0,266.0,248,248
2024-03-03,262.0,265.0,248,248
2024-03-04,261.0,265.0,254,250
2024-03-05,261.0,265.0,260,250
2024-03-06,261.0,265.0,258,254
2024-03-07,261.0,265.0,254,250
2024-03-08,260.0,264.0,250,246
2024-03-09,260.0,264.0,246,246
2024-03-10,260.0,263.0,246,246
2024-03-11,259.0,263.0,249,243
2024-03-12,258.0,262.0,246,235
2024-03-13,257.0,262.0,240,233
2024-03-14,257.0,261.0,238,232
2024-03-15,256.0,260.0,236,231
2024-03-16,255.0,259.0,231,231
2024-03-17,254.0,258.0,231,230
2024-03-18,252.0,256.0,237,235
2024-03-19,252.0,256.0,263,252
2024-03-20,251.0,256.0,253,252
2024-03-21,250.0,255.0,257,254
2024-03-22,250.0,254.0,260,250
2024-03-23,249.0,253.0,250,250
2024-03-24,248.0,252.0,251,251
2024-03-25,247.0,251.0,254,254
2024-03-26,247.0,251.0,274,262
2024-03-27,246.0,251.0,262,259
2024-03-28,246.0,250.0,259,255
2024-03-29,246.0,250.0,256,251
2024-03-30,247.0,250.0,251,251
2024-03-31,247.0,250.0,251,250
2024-04-01,246.0,250.0,250,236
2024-04-02,245.0,250.0,236,218
2024-04-03,244.0,249.0,220,215
2024-04-04,243.0,248.0,216,211
2024-04-05,241.0,246.0,211,209
2024-04-06,240.0,244.0,209,209
2024-04-07,239.0,243.0,209,209
2024-04-08,238.0,242.0,217,216
2024-04-09,237.0,242.0,240,228
2024-04-10,237.0,242.0,243,240
2024-04-11,237.0,242.0,249,248
2024-04-12,238.0,242.0,252,249
2024-04-13,238.0,243.0,249,249
2024-04-14,239.0,243.0,249,249
2024-04-15,240.0,244.0,252,250
2024-04-16,240.0,245.0,258,226
2024-04-17,239.0,244.0,229,225
2024-04-18,238.0,243.0,228,225
2024-04-19,237.0,242.0,225,223
2024-04-20,236.0,241.0,223,223
2024-04-21,235.0,240.0,223,220
2024-04-22,234.0,239.0,221,219
2024-04-23,233.0,238.0,234,217
2024-04-24,232.0,237.0,219,216
2024-04-25,231.0,235.0,221,221
2024-04-26,229.0,234.0,221,219
2024-04-27,228.0,233.0,219,217
2024-04-28,227.0,231.0,217,216
2024-04-29,226.0,230.0,218,212
2024-04-30,224.0,230.0,227,215
2024-05-01,224.0,228.0,218,215
2024-05-02,223.0,228.0,215,213
2024-05-03,223.0,228.0,213,207
2024-05-04,223.0,227.0,207,207
2024-05-05,223.0,227.0,208,208
2024-05-06,223.0,227.0,213,207
2024-05-07,222.0,227.0,208,193
2024-05-08,222.0,227.0,197,194
2024-05-09,220.0,225.0,198,192
2024-05-10,219.0,223.0,193,185
2024-05-11,216.0,221.0,185,183
2024-05-12,214.0,219.0,184,182
2024-05-13,212.0,217.0,188,185
2024-05-14,210.0,215.0,199,190
2024-05-15,208.0,213.0,191,186
2024-05-16,207.0,211.0,189,188
2024-05-17,206.0,210.0,190,188
2024-05-18,204.0,208.0,188,188
2024-05-19,203.0,207.0,189,188
2024-05-20,202.0,206.0,195,193
2024-05-21,202.0,206.0,214,204
2024-05-22,201.0,206.0,215,210
2024-05-23,201.0,205.0,217,216
2024-05-24,201.0,205.0,219,216
2024-05-25,201.0,205.0,216,216
2024-05-26,201.0,205.0,216,215
2024-05-27,201.0,205.0,225,215
2024-05-28,201.0,206.0,237,211
2024-05-29,201.0,206.0,214,210
2024-05-30,200.0,205.0,211,208
2024-05-31,200.0,205.0,213,211
2024-06-01,200.0,205.0,211,211
2024-06-02,200.0,205.0,211,211
2024-06-03,201.0,205.0,214,214
2024-06-04,201.0,206.0,231,217
2024-06-05,201.0,206.0,219,217
2024-06-06,202.0,206.0,218,214
2024-06-07,203.0,207.0,223,221
2024-06-08,204.0,208.0,221,221
2024-06-09,205.0,209.0,221,221
2024-06-10,206.0,210.0,226,224
2024-06-11,207.0,212.0,229,214
2024-06-12,208.0,213.0,216,213
2024-06-13,209.0,213.0,213,211
2024-06-14,210.0,214.0,211,211
2024-06-15,211.0,214.0,211,211
2024-06-16,211.0,215.0,211,211
2024-06-17,212.0,216.0,211,209
2024-06-18,213.0,217.0,213,201
2024-06-19,213.0,217.0,202,201
2024-06-20,213.0,217.0,209,205
2024-06-21,213.0,217.0,213,212
2024-06-22,213.0,217.0,213,213
2024-06-23,213.0,216.0,214,213
2024-06-24,212.0,216.0,215,209
2024-06-25,212.0,217.0,220,204
2024-06-26,212.0,216.0,206,201
2024-06-27,211.0,215.0,208,205
2024-06-28,211.0,215.0,211,209
2024-06-29,212.0,215.0,213,213
2024-06-30,212.0,215.0,215,215
2024-07-01,212.0,215.0,223,221
2024-07-02,212.0,216.0,229,202
2024-07-03,212.0,216.0,212,211
2024-07-04,211.0,215.0,211,211
2024-07-05,211.0,215.0,212,210
2024-07-06,211.0,215.0,210,210
2024-07-07,211.0,214.0,210,210
2024-07-08,210.0,214.0,214,213
2024-07-09,210.0,214.0,219,204
2024-07-10,209.0,213.0,204,203
2024-07-11,209.0,212.0,206,203
2024-07-12,209.0,212.0,208,208
2024-07-13,209.0,212.0,208,208
2024-07-14,208.0,212.0,208,207
2024-07-15,208.0,212.0,207,205
2024-07-16,208.0,212.0,228,215
2024-07-17,208.0,213.0,215,204
2024-07-18,208.0,212.0,205,204
2024-07-19,208.0,212.0,209,193
2024-07-20,208.0,212.0,193,193
2024-07-21,207.0,211.0,193,191
2024-07-22,206.0,211.0,196,195
2024-07-23,206.0,211.0,220,207
2024-07-24,206.0,211.0,214,211
2024-07-25,206.0,211.0,211,203
2024-07-26,206.0,211.0,208,208
2024-07-27,206.0,211.0,208,208
2024-07-28,206.0,211.0,208,207
2024-07-29,206.0,210.0,211,211
2024-07-30,206.0,211.0,226,216
2024-07-31,206.0,211.0,221,219
2024-08-01,207.0,211.0,221,220
2024-08-02,207.0,211.0,225,204
2024-08-03,206.0,211.0,205,205
2024-08-04,206.0,211.0,205,205
2024-08-05,206.0,211.0,210,209
2024-08-06,206.0,211.0,214,203
2024-08-07,206.0,210.0,207,205
2024-08-08,206.0,210.0,207,207
2024-08-09,206.0,210.0,210,209
2024-08-10,206.0,210.0,209,209
2024-08-11,206.0,210.0,209,209
2024-08-12,207.0,211.0,223,222
2024-08-13,207.0,212.0,247,213
2024-08-14,207.0,212.0,213,213
2024-08-15,207.0,212.0,216,213
2024-08-16,207.0,212.0,215,212
2024-08-17,208.0,212.0,214,214
2024-08-18,208.0,212.0,215,213
2024-08-19,209.0,214.0,225,218
2024-08-20,211.0,215.0,245,234
2024-08-21,212.0,217.0,240,237
2024-08-22,213.0,217.0,239,238
2024-08-23,214.0,218.0,238,238
2024-08-24,215.0,219.0,238,238
2024-08-25,216.0,220.0,238,236
2024-08-26,217.0,221.0,247,244
2024-08-27,218.0,223.0,251,241
2024-08-28,220.0,224.0,254,251
2024-08-29,221.0,225.0,260,253
2024-08-30,222.0,227.0,260,260
2024-08-31,224.0,228.0,261,261
2024-09-01,226.0,229.0,262,261
2024-09-02,228.0,231.0,261,261
2024-09-03,229.0,233.0,275,255
2024-09-04,231.0,235.0,259,255
2024-09-05,233.0,237.0,261,257
2024-09-06,234.0,238.0,259,255
2024-09-07,236.0,240.0,255,252
2024-09-08,237.0,241.0,252,252
2024-09-09,239.0,243.0,266,266
2024-09-10,241.0,245.0,272,253
2024-09-11,242.0,246.0,255,252
2024-09-12,243.0,247.0,266,257
2024-09-13,245.0,249.0,260,259
2024-09-14,246.0,250.0,261,261
2024-09-15,248.0,252.0,261,261
2024-09-16,250.0,254.0,269,268
2024-09-17,251.0,256.0,276,257
2024-09-18,252.0,257.0,258,256
2024-09-19,253.0,257.0,260,260
2024-09-20,254.0,258.0,260,260
2024-09-21,255.0,258.0,260,259
2024-09-22,255.0,259.0,259,259
2024-09-23,256.0,260.0,259,254
2024-09-24,256.0,260.0,255,252
2024-09-25,257.0,261.0,252,250
2024-09-26,257.0,261.0,252,248
2024-09-27,257.0,261.0,255,253
2024-09-28,257.0,260.0,254,253
2024-09-29,257.0,260.0,253,252
2024-09-30,257.0,260.0,260,260
2024-10-01,256.0,260.0,263,252
2024-10-02,256.0,260.0,252,245
2024-10-03,255.0,259.0,245,239
2024-10-04,255.0,258.0,240,236
2024-10-05,254.0,258.0,237,237
2024-10-06,253.0,257.0,237,236
2024-10-07,253.0,256.0,239,236
2024-10-08,253.0,257.0,264,245
2024-10-09,252.0,256.0,248,245
2024-10-10,251.0,255.0,246,242
2024-10-11,251.0,255.0,244,243
2024-10-12,251.0,254.0,243,243
2024-10-13,250.0,254.0,244,242
2024-10-14,249.0,253.0,242,241
2024-10-15,249.0,253.0,265,254
2024-10-16,248.0,253.0,258,237
2024-10-17,247.0,251.0,240,235
2024-10-18,247.0,251.0,240,238
2024-10-19,246.0,250.0,238,238
2024-10-20,245.0,249.0,240,239
2024-10-21,245.0,249.0,245,242
2024-10-22,245.0,249.0,268,255
2024-10-23,245.0,249.0,262,260
2024-10-24,245.0,250.0,266,263
2024-10-25,246.0,250.0,264,262
2024-10-26,246.0,251.0,265,265
2024-10-27,247.0,251.0,265,265
2024-10-28,248.0,252.0,284,279
2024-10-29,249.0,253.0,296,282
2024-10-30,249.0,254.0,282,281
2024-10-31,250.0,255.0,286,285
2024-11-01,252.0,256.0,288,285
2024-11-02,253.0,257.0,285,284
2024-11-03,255.0,259.0,284,282
2024-11-04,256.0,260.0,286,285
2024-11-05,258.0,262.0,287,276
2024-11-06,259.0,264.0,282,278
2024-11-07,260.0,264.0,289,284
2024-11-08,262.0,266.0,287,286
2024-11-09,263.0,267.0,286,286
2024-11-10,265.0,268.0,287,287
2024-11-11,266.0,270.0,287,287
2024-11-12,267.0,272.0,291,274
2024-11-13,268.0,273.0,275,273
2024-11-14,269.0,273.0,277,276
2024-11-15,270.0,274.0,284,281
2024-11-16,272.0,275.0,281,281
2024-11-17,273.0,277.0,281,280
2024-11-18,275.0,278.0,283,283
2024-11-19,276.0,280.0,284,276
2024-11-20,278.0,281.0,291,290
2024-11-21,279.0,282.0,291,286
2024-11-22,280.0,283.0,290,288
2024-11-23,280.0,284.0,288,288
2024-11-24,281.0,284.0,288,288
2024-11-25,282.0,285.0,292,289
2024-11-26,283.0,286.0,295,282
2024-11-27,283.0,286.0,282,280
2024-11-28,283.0,286.0,280,280
2024-11-29,283.0,286.0,286,285
2024-11-30,283.0,286.0,285,284
2024-12-01,283.0,286.0,285,284
2024-12-02,283.0,286.0,286,283
2024-12-03,283.0,286.0,285,276
2024-12-04,282.0,286.0,282,280
2024-12-05,282.0,285.0,284,277
2024-12-06,283.0,286.0,283,283
2024-12-07,282.0,285.0,283,281
2024-12-08,282.0,285.0,281,281
2024-12-09,282.0,285.0,290,288
2024-12-10,282.0,285.0,294,277
2024-12-11,282.0,285.0,281,280
2024-12-12,281.0,285.0,281,264
2024-12-13,281.0,285.0,265,262
2024-12-14,281.0,284.0,265,265
2024-12-15,280.0,284.0,265,265
2024-12-16,280.0,283.0,265,260
2024-12-17,279.0,283.0,270,256
2024-12-18,278.0,282.0,265,261
2024-12-19,277.0,281.0,265,261
2024-12-20,277.0,281.0,265,265
2024-12-21,276.0,280.0,265,265
2024-12-22,275.0,279.0,265,265
2024-12-23,275.0,278.0,272,270
2024-12-24,274.0,278.0,271,266
2024-12-25,273.0,277.0,267,267
2024-12-26,273.0,276.0,269,269
2024-12-27,272.0,276.0,270,268
2024-12-28,272.0,275.0,268,268
2024-12-29,271.0,275.0,268,268
2024-12-30,271.0,274.0,269,265
2024-12-31,270.0,274.0,270,257
2025-01-01,269.0,273.0,257,257
2025-01-02,268.0,272.0,258,256
2025-01-03,267.0,271.0,257,257
2025-01-04,267.0,270.0,257,256
2025-01-05,266.0,269.0,256,256
2025-01-06,265.0,268.0,256,256
2025-01-07,264.0,268.0,264,257
2025-01-08,263.0,267.0,262,256
2025-01-09,262.0,265.0,256,254
2025-01-10,262.0,265.0,258,257
2025-01-11,261.0,264.0,258,257
2025-01-12,261.0,264.0,257,257
2025-01-13,261.0,263.0,259,255
2025-01-14,260.0,263.0,262,252
2025-01-15,260.0,263.0,256,252
2025-01-16,260.0,263.0,256,253
2025-01-17,260.0,262.0,255,252
2025-01-18,260.0,262.0,254,254
2025-01-19,259.0,262.0,254,253
2025-01-20,259.0,261.0,254,254
2025-01-21,258.0,261.0,255,255
2025-01-22,258.0,260.0,259,258
2025-01-23,258.0,260.0,264,262
2025-01-24,257.0,260.0,265,252
2025-01-25,257.0,260.0,253,252
2025-01-26,256.0,259.0,253,252
2025-01-27,256.0,259.0,256,255
2025-01-28,255.0,258.0,261,254
2025-01-29,255.0,258.0,259,254
2025-01-30,255.0,258.0,266,264
2025-01-31,256.0,259.0,288,286
2025-02-01,257.0,260.0,292,291
2025-02-02,259.0,261.0,293,293
2025-02-03,260.0,263.0,311,309
2025-02-04,262.0,265.0,314,298
2025-02-05,263.0,266.0,298,297
2025-02-06,265.0,268.0,302,299
2025-02-07,266.0,269.0,302,300
2025-02-08,268.0,271.0,302,302
2025-02-09,269.0,272.0,309,308
2025-02-10,271.0,274.0,309,309
2025-02-11,272.0,276.0,315,295
2025-02-12,274.0,277.0,297,294
2025-02-13,276.0,279.0,324,323
2025-02-14,279.0,283.0,356,352
2025-02-15,283.0,286.0,352,350
2025-02-16,286.0,289.0,363,362
2025-02-17,289.0,293.0,363,328
