Date,Midnight population,24-hour population,N
2008-10-01,,,272
2008-10-02,,,276
2008-10-03,,,268
2008-10-04,,,265
2008-10-05,,,262
2008-10-06,,,266
2008-10-07,,,260
2008-10-08,,,266
2008-10-09,,,263
2008-10-10,,,266
2008-10-11,,,250
2008-10-12,,,248
2008-10-13,,,250
2008-10-14,,,268
2008-10-15,,,266
2008-10-16,,,270
2008-10-17,,,275
2008-10-18,,,262
2008-10-19,,,271
2008-10-20,,,278
2008-10-21,,,275
2008-10-22,,,281
2008-10-23,,,287
2008-10-24,,,290
2008-10-25,,,285
2008-10-26,,,287
2008-10-27,,,291
2008-10-28,,,295
2008-10-29,,,312
2008-10-30,265.0,274.0,311
2008-10-31,266.0,275.0,304
2008-11-01,267.0,276.0,296
2008-11-02,268.0,277.0,296
2008-11-03,269.0,278.0,300
2008-11-04,270.0,279.0,293
2008-11-05,271.0,280.0,296
2008-11-06,272.0,281.0,302
2008-11-07,273.0,282.0,290
2008-11-08,274.0,282.0,280
2008-11-09,275.0,283.0,284
2008-11-10,276.0,284.0,288
2008-11-11,276.0,285.0,277
2008-11-12,277.0,286.0,279
2008-11-13,277.0,286.0,273
2008-11-14,277.0,286.0,260
2008-11-15,277.0,286.0,256
2008-11-16,277.0,285.0,258
2008-11-17,277.0,286.0,272
2008-11-18,277.0,286.0,288
2008-11-19,277.0,286.0,286
2008-11-20,277.0,287.0,290
2008-11-21,277.0,287.0,278
2008-11-22,276.0,286.0,270
2008-11-23,276.0,285.0,265
2008-11-24,275.0,285.0,276
2008-11-25,274.0,285.0,270
2008-11-26,273.0,284.0,270
2008-11-27,273.0,283.0,261
2008-11-28,271.0,281.0,272
2008-11-29,270.0,280.0,268
2008-11-30,269.0,279.0,268
2008-12-01,268.0,278.0,273
2008-12-02,267.0,277.0,269
2008-12-03,266.0,276.0,271
2008-12-04,265.0,275.0,261
2008-12-05,263.0,274.0,263
2008-12-06,262.0,273.0,260
2008-12-07,262.0,271.0,257
2008-12-08,261.0,271.0,258
2008-12-09,260.0,270.0,263
2008-12-10,259.0,269.0,254
2008-12-11,258.0,268.0,257
2008-12-12,257.0,267.0,257
2008-12-13,257.0,267.0,250
2008-12-14,257.0,266.0,252
2008-12-15,256.0,266.0,255
2008-12-16,256.0,266.0,260
2008-12-17,256.0,266.0,266
2008-12-18,256.0,266.0,280
2008-12-19,256.0,266.0,276
2008-12-20,256.0,265.0,276
2008-12-21,256.0,265.0,278
2008-12-22,256.0,265.0,275
2008-12-23,256.0,266.0,273
2008-12-24,257.0,265.0,270
2008-12-25,257.0,265.0,269
2008-12-26,257.0,265.0,268
2008-12-27,257.0,266.0,267
2008-12-28,257.0,265.0,266
2008-12-29,257.0,266.0,273
2008-12-30,257.0,266.0,271
2008-12-31,257.0,265.0,266
2009-01-01,257.0,265.0,259
2009-01-02,257.0,264.0,255
2009-01-03,257.0,264.0,250
2009-01-04,257.0,264.0,250
2009-01-05,257.0,264.0,261
2009-01-06,257.0,264.0,268
2009-01-07,258.0,265.0,273
2009-01-08,258.0,265.0,276
2009-01-09,259.0,266.0,273
2009-01-10,259.0,266.0,261
2009-01-11,259.0,266.0,258
2009-01-12,260.0,267.0,271
2009-01-13,261.0,267.0,273
2009-01-14,261.0,268.0,276
2009-01-15,262.0,269.0,280
2009-01-16,263.0,269.0,278
2009-01-17,263.0,269.0,279
2009-01-18,263.0,269.0,280
2009-01-19,263.0,269.0,281
2009-01-20,263.0,270.0,286
2009-01-21,263.0,270.0,279
2009-01-22,264.0,270.0,287
2009-01-23,264.0,270.0,281
2009-01-24,264.0,271.0,282
2009-01-25,265.0,271.0,283
2009-01-26,265.0,272.0,282
2009-01-27,265.0,272.0,279
2009-01-28,265.0,272.0,271
2009-01-29,265.0,272.0,275
2009-01-30,266.0,273.0,280
2009-01-31,266.0,273.0,272
2009-02-01,267.0,274.0,272
2009-02-02,267.0,275.0,280
2009-02-03,267.0,275.0,266
2009-02-04,267.0,275.0,256
2009-02-05,266.0,275.0,270
2009-02-06,266.0,275.0,260
2009-02-07,265.0,274.0,252
2009-02-08,265.0,273.0,252
2009-02-09,264.0,273.0,250
2009-02-10,264.0,273.0,246
2009-02-11,263.0,272.0,253
2009-02-12,262.0,271.0,252
2009-02-13,261.0,270.0,247
2009-02-14,260.0,269.0,243
2009-02-15,259.0,268.0,242
2009-02-16,258.0,267.0,244
2009-02-17,256.0,266.0,257
2009-02-18,255.0,264.0,234
2009-02-19,254.0,263.0,247
2009-02-20,252.0,262.0,239
2009-02-21,251.0,260.0,242
2009-02-22,250.0,259.0,238
2009-02-23,248.0,258.0,242
2009-02-24,247.0,257.0,255
2009-02-25,246.0,255.0,248
2009-02-26,246.0,255.0,263
2009-02-27,245.0,254.0,257
2009-02-28,244.0,254.0,251
2009-03-01,244.0,253.0,257
2009-03-02,243.0,252.0,255
2009-03-03,242.0,252.0,257
2009-03-04,242.0,251.0,256
2009-03-05,242.0,251.0,258
2009-03-06,241.0,251.0,255
2009-03-07,241.0,250.0,241
2009-03-08,241.0,249.0,240
2009-03-09,240.0,249.0,240
2009-03-10,240.0,248.0,244
2009-03-11,239.0,248.0,240
2009-03-12,239.0,248.0,244
2009-03-13,239.0,248.0,239
2009-03-14,238.0,247.0,233
2009-03-15,238.0,246.0,232
2009-03-16,238.0,246.0,235
2009-03-17,237.0,246.0,234
2009-03-18,236.0,245.0,227
2009-03-19,236.0,245.0,235
2009-03-20,236.0,244.0,221
2009-03-21,235.0,243.0,214
2009-03-22,234.0,242.0,216
2009-03-23,233.0,242.0,221
2009-03-24,232.0,241.0,216
2009-03-25,231.0,240.0,212
2009-03-26,230.0,239.0,219
2009-03-27,229.0,238.0,216
2009-03-28,227.0,236.0,211
2009-03-29,226.0,234.0,210
2009-03-30,224.0,233.0,213
2009-03-31,223.0,231.0,203
2009-04-01,222.0,230.0,224
2009-04-02,221.0,229.0,226
2009-04-03,220.0,228.0,229
2009-04-04,219.0,227.0,223
2009-04-05,218.0,226.0,220
2009-04-06,217.0,225.0,225
2009-04-07,217.0,225.0,221
2009-04-08,216.0,224.0,227
2009-04-09,215.0,224.0,227
2009-04-10,215.0,223.0,224
2009-04-11,215.0,223.0,223
2009-04-12,214.0,222.0,225
2009-04-13,214.0,222.0,229
2009-04-14,213.0,222.0,223
2009-04-15,212.0,221.0,216
2009-04-16,211.0,220.0,209
2009-04-17,210.0,219.0,202
2009-04-18,209.0,218.0,192
2009-04-19,208.0,217.0,189
2009-04-20,207.0,216.0,192
2009-04-21,207.0,215.0,192
2009-04-22,206.0,215.0,198
2009-04-23,207.0,215.0,216
2009-04-24,207.0,215.0,219
2009-04-25,207.0,215.0,220
2009-04-26,207.0,215.0,215
2009-04-27,207.0,215.0,217
2009-04-28,207.0,215.0,219
2009-04-29,207.0,215.0,217
2009-04-30,208.0,216.0,224
2009-05-01,208.0,216.0,216
2009-05-02,208.0,216.0,221
2009-05-03,208.0,215.0,219
2009-05-04,207.0,215.0,219
2009-05-05,206.0,215.0,208
2009-05-06,206.0,214.0,214
2009-05-07,206.0,214.0,216
2009-05-08,205.0,214.0,214
2009-05-09,205.0,213.0,213
2009-05-10,204.0,213.0,210
2009-05-11,204.0,212.0,207
2009-05-12,203.0,212.0,209
2009-05-13,202.0,211.0,200
2009-05-14,202.0,211.0,214
2009-05-15,202.0,210.0,210
2009-05-16,202.0,210.0,209
2009-05-17,202.0,211.0,210
2009-05-18,203.0,212.0,219
2009-05-19,203.0,212.0,202
2009-05-20,204.0,213.0,211
2009-05-21,205.0,213.0,211
2009-05-22,205.0,214.0,209
2009-05-23,204.0,213.0,207
2009-05-24,204.0,213.0,204
2009-05-25,204.0,212.0,201
2009-05-26,203.0,212.0,206
2009-05-27,202.0,211.0,203
2009-05-28,202.0,211.0,202
2009-05-29,202.0,210.0,204
2009-05-30,201.0,210.0,200
2009-05-31,201.0,209.0,207
2009-06-01,200.0,209.0,208
2009-06-02,200.0,208.0,208
2009-06-03,199.0,208.0,204
2009-06-04,199.0,208.0,201
2009-06-05,199.0,208.0,207
2009-06-06,199.0,207.0,198
2009-06-07,198.0,206.0,193
2009-06-08,197.0,206.0,204
2009-06-09,196.0,205.0,186
2009-06-10,196.0,204.0,187
2009-06-11,195.0,204.0,185
2009-06-12,194.0,203.0,185
2009-06-13,194.0,202.0,180
2009-06-14,193.0,201.0,181
2009-06-15,192.0,200.0,185
2009-06-16,191.0,200.0,191
2009-06-17,191.0,199.0,197
2009-06-18,190.0,199.0,198
2009-06-19,190.0,198.0,188
2009-06-20,189.0,197.0,189
2009-06-21,189.0,197.0,191
2009-06-22,188.0,196.0,195
2009-06-23,188.0,196.0,203
2009-06-24,188.0,197.0,213
2009-06-25,189.0,197.0,213
2009-06-26,189.0,197.0,211
2009-06-27,189.0,197.0,206
2009-06-28,190.0,197.0,208
2009-06-29,189.0,198.0,208
2009-06-30,189.0,197.0,197
2009-07-01,189.0,197.0,202
2009-07-02,189.0,197.0,200
2009-07-03,189.0,197.0,203
2009-07-04,189.0,197.0,203
2009-07-05,189.0,197.0,200
2009-07-06,190.0,197.0,209
2009-07-07,190.0,198.0,207
2009-07-08,192.0,199.0,239
2009-07-09,193.0,200.0,233
2009-07-10,195.0,202.0,232
2009-07-11,196.0,203.0,224
2009-07-12,198.0,204.0,220
2009-07-13,199.0,206.0,238
2009-07-14,201.0,208.0,244
2009-07-15,203.0,210.0,244
2009-07-16,206.0,213.0,266
2009-07-17,208.0,215.0,266
2009-07-18,210.0,217.0,264
2009-07-19,213.0,220.0,258
2009-07-20,215.0,222.0,266
2009-07-21,217.0,224.0,261
2009-07-22,219.0,226.0,250
2009-07-23,221.0,228.0,253
2009-07-24,222.0,229.0,255
2009-07-25,223.0,231.0,249
2009-07-26,225.0,232.0,252
2009-07-27,226.0,233.0,253
2009-07-28,227.0,235.0,240
2009-07-29,228.0,236.0,239
2009-07-30,229.0,237.0,236
2009-07-31,230.0,238.0,230
2009-08-01,230.0,238.0,217
2009-08-02,231.0,239.0,215
2009-08-03,231.0,239.0,221
2009-08-04,231.0,240.0,227
2009-08-05,232.0,240.0,212
2009-08-06,232.0,240.0,209
2009-08-07,231.0,239.0,209
2009-08-08,230.0,239.0,209
2009-08-09,230.0,238.0,201
2009-08-10,229.0,237.0,207
2009-08-11,228.0,237.0,209
2009-08-12,228.0,236.0,218
2009-08-13,227.0,235.0,225
2009-08-14,226.0,235.0,228
2009-08-15,225.0,233.0,216
2009-08-16,223.0,231.0,215
2009-08-17,221.0,230.0,220
2009-08-18,220.0,229.0,221
2009-08-19,219.0,227.0,219
2009-08-20,218.0,226.0,232
2009-08-21,217.0,226.0,233
2009-08-22,217.0,225.0,228
2009-08-23,216.0,224.0,226
2009-08-24,215.0,223.0,230
2009-08-25,214.0,222.0,229
2009-08-26,214.0,222.0,232
2009-08-27,214.0,222.0,233
2009-08-28,214.0,221.0,235
2009-08-29,214.0,221.0,237
2009-08-30,215.0,222.0,233
2009-08-31,215.0,222.0,236
2009-09-01,217.0,224.0,262
2009-09-02,218.0,225.0,266
2009-09-03,220.0,226.0,260
2009-09-04,221.0,228.0,263
2009-09-05,223.0,230.0,260
2009-09-06,225.0,231.0,260
2009-09-07,227.0,233.0,261
2009-09-08,228.0,235.0,261
2009-09-09,229.0,236.0,240
2009-09-10,230.0,237.0,238
2009-09-11,231.0,238.0,244
2009-09-12,232.0,239.0,244
2009-09-13,233.0,239.0,248
2009-09-14,234.0,241.0,258
2009-09-15,235.0,242.0,247
2009-09-16,236.0,243.0,253
2009-09-17,237.0,244.0,253
2009-09-18,238.0,245.0,252
2009-09-19,239.0,246.0,245
2009-09-20,239.0,246.0,242
2009-09-21,239.0,246.0,247
2009-09-22,239.0,247.0,236
2009-09-23,239.0,247.0,231
2009-09-24,239.0,247.0,241
2009-09-25,239.0,247.0,231
2009-09-26,239.0,247.0,228
2009-09-27,239.0,247.0,228
2009-09-28,239.0,247.0,235
2009-09-29,239.0,246.0,225
2009-09-30,238.0,246.0,223
2009-10-01,236.0,245.0,219
2009-10-02,235.0,243.0,218
2009-10-03,234.0,242.0,216
2009-10-04,232.0,240.0,214
2009-10-05,230.0,239.0,222
2009-10-06,228.0,237.0,205
2009-10-07,225.0,235.0,200
2009-10-08,224.0,233.0,196
2009-10-09,223.0,231.0,204
2009-10-10,222.0,230.0,197
2009-10-11,220.0,228.0,195
2009-10-12,218.0,227.0,192
2009-10-13,216.0,225.0,196
2009-10-14,215.0,223.0,194
2009-10-15,213.0,221.0,193
2009-10-16,211.0,219.0,199
2009-10-17,209.0,218.0,204
2009-10-18,208.0,216.0,197
2009-10-19,207.0,214.0,206
2009-10-20,205.0,213.0,209
2009-10-21,205.0,213.0,223
2009-10-22,205.0,212.0,226
2009-10-23,204.0,212.0,223
2009-10-24,204.0,211.0,213
2009-10-25,203.0,210.0,211
2009-10-26,203.0,210.0,219
2009-10-27,202.0,210.0,212
2009-10-28,201.0,209.0,219
2009-10-29,201.0,208.0,209
2009-10-30,200.0,208.0,203
2009-10-31,199.0,207.0,191
2009-11-01,198.0,206.0,191
2009-11-02,198.0,205.0,196
2009-11-03,197.0,205.0,201
2009-11-04,197.0,204.0,195
2009-11-05,196.0,204.0,191
2009-11-06,196.0,203.0,190
2009-11-07,196.0,203.0,181
2009-11-08,195.0,202.0,180
2009-11-09,194.0,201.0,180
2009-11-10,193.0,200.0,170
2009-11-11,192.0,200.0,168
2009-11-12,191.0,199.0,173
2009-11-13,191.0,198.0,170
2009-11-14,190.0,197.0,165
2009-11-15,189.0,196.0,164
2009-11-16,187.0,195.0,166
2009-11-17,186.0,193.0,156
2009-11-18,184.0,192.0,154
2009-11-19,182.0,190.0,159
2009-11-20,180.0,188.0,160
2009-11-21,178.0,185.0,154
2009-11-22,176.0,183.0,154
2009-11-23,174.0,181.0,160
2009-11-24,172.0,180.0,164
2009-11-25,171.0,178.0,167
2009-11-26,169.0,176.0,164
2009-11-27,168.0,175.0,167
2009-11-28,167.0,173.0,166
2009-11-29,166.0,172.0,165
2009-11-30,165.0,171.0,171
2009-12-01,165.0,171.0,180
2009-12-02,165.0,171.0,206
2009-12-03,165.0,172.0,211
2009-12-04,166.0,173.0,228
2009-12-05,167.0,174.0,216
2009-12-06,168.0,174.0,212
2009-12-07,169.0,176.0,223
2009-12-08,170.0,177.0,229
2009-12-09,173.0,179.0,233
2009-12-10,175.0,181.0,236
2009-12-11,177.0,184.0,251
2009-12-12,180.0,186.0,239
2009-12-13,182.0,189.0,240
2009-12-14,185.0,192.0,252
2009-12-15,188.0,195.0,260
2009-12-16,191.0,198.0,253
2009-12-17,194.0,201.0,261
2009-12-18,198.0,205.0,261
2009-12-19,201.0,208.0,253
2009-12-20,204.0,211.0,254
2009-12-21,207.0,215.0,261
2009-12-22,210.0,218.0,253
2009-12-23,213.0,221.0,250
2009-12-24,216.0,224.0,248
2009-12-25,219.0,226.0,243
2009-12-26,221.0,229.0,244
2009-12-27,224.0,232.0,247
2009-12-28,227.0,234.0,250
2009-12-29,230.0,237.0,259
2009-12-30,232.0,240.0,260
2009-12-31,235.0,243.0,255
2010-01-01,237.0,244.0,251
2010-01-02,238.0,246.0,250
2010-01-03,240.0,246.0,251
2010-01-04,241.0,248.0,260
2010-01-05,241.0,249.0,252
2010-01-06,243.0,250.0,251
2010-01-07,243.0,251.0,255
2010-01-08,244.0,252.0,253
2010-01-09,245.0,252.0,254
2010-01-10,245.0,252.0,250
2010-01-11,245.0,253.0,263
2010-01-12,246.0,254.0,261
2010-01-13,246.0,255.0,273
2010-01-14,247.0,255.0,273
2010-01-15,247.0,256.0,280
2010-01-16,248.0,256.0,265
2010-01-17,248.0,256.0,272
2010-01-18,249.0,257.0,265
2010-01-19,249.0,258.0,283
2010-01-20,250.0,258.0,276
2010-01-21,251.0,259.0,280
2010-01-22,251.0,260.0,285
2010-01-23,252.0,261.0,276
2010-01-24,253.0,262.0,267
2010-01-25,254.0,263.0,277
2010-01-26,254.0,264.0,261
2010-01-27,254.0,264.0,255
2010-01-28,253.0,263.0,247
2010-01-29,252.0,263.0,248
2010-01-30,251.0,262.0,222
2010-01-31,250.0,261.0,220
2010-02-01,249.0,260.0,224
2010-02-02,248.0,259.0,223
2010-02-03,247.0,258.0,240
2010-02-04,248.0,258.0,242
2010-02-05,247.0,258.0,245
2010-02-06,247.0,257.0,235
2010-02-07,246.0,257.0,235
2010-02-08,244.0,256.0,245
2010-02-09,242.0,255.0,205
2010-02-10,241.0,252.0,190
2010-02-11,238.0,250.0,194
2010-02-12,236.0,248.0,197
2010-02-13,233.0,245.0,186
2010-02-14,231.0,242.0,186
2010-02-15,228.0,239.0,186
2010-02-16,225.0,236.0,197
2010-02-17,223.0,234.0,195
2010-02-18,221.0,232.0,219
2010-02-19,220.0,230.0,220
2010-02-20,218.0,228.0,214
2010-02-21,216.0,225.0,212
2010-02-22,213.0,224.0,221
2010-02-23,211.0,222.0,219
2010-02-24,210.0,220.0,219
2010-02-25,208.0,218.0,213
2010-02-26,207.0,217.0,211
2010-02-27,206.0,216.0,209
2010-02-28,205.0,214.0,208
2010-03-01,205.0,215.0,238
2010-03-02,205.0,215.0,233
2010-03-03,206.0,216.0,234
2010-03-04,206.0,216.0,236
2010-03-05,206.0,216.0,244
2010-03-06,206.0,216.0,233
2010-03-07,206.0,216.0,235
2010-03-08,205.0,216.0,242
2010-03-09,205.0,216.0,236
2010-03-10,206.0,216.0,243
2010-03-11,208.0,217.0,246
2010-03-12,209.0,220.0,264
2010-03-13,211.0,221.0,246
2010-03-14,213.0,223.0,238
2010-03-15,214.0,225.0,262
2010-03-16,216.0,227.0,248
2010-03-17,218.0,230.0,254
2010-03-18,221.0,232.0,277
2010-03-19,223.0,235.0,273
2010-03-20,225.0,236.0,258
2010-03-21,226.0,238.0,261
2010-03-22,227.0,239.0,262
2010-03-23,228.0,240.0,243
2010-03-24,229.0,242.0,260
2010-03-25,231.0,243.0,263
2010-03-26,232.0,244.0,253
2010-03-27,233.0,245.0,244
2010-03-28,234.0,246.0,242
2010-03-29,235.0,248.0,254
2010-03-30,236.0,249.0,248
2010-03-31,237.0,249.0,248
2010-04-01,237.0,250.0,246
2010-04-02,237.0,250.0,237
2010-04-03,237.0,250.0,228
2010-04-04,237.0,249.0,228
2010-04-05,237.0,249.0,236
2010-04-06,236.0,249.0,232
2010-04-07,238.0,250.0,261
2010-04-08,239.0,251.0,272
2010-04-09,240.0,252.0,275
2010-04-10,240.0,252.0,260
2010-04-11,241.0,252.0,259
2010-04-12,241.0,253.0,264
2010-04-13,241.0,253.0,251
2010-04-14,242.0,253.0,249
2010-04-15,242.0,253.0,256
2010-04-16,243.0,254.0,277
2010-04-17,243.0,254.0,271
2010-04-18,243.0,254.0,271
2010-04-19,244.0,255.0,293
2010-04-20,244.0,256.0,282
2010-04-21,246.0,256.0,281
2010-04-22,247.0,258.0,287
2010-04-23,248.0,258.0,287
2010-04-24,248.0,259.0,276
2010-04-25,249.0,260.0,273
2010-04-26,250.0,261.0,287
2010-04-27,251.0,262.0,271
2010-04-28,252.0,263.0,282
2010-04-29,253.0,264.0,287
2010-04-30,255.0,266.0,294
2010-05-01,257.0,267.0,289
2010-05-02,259.0,269.0,286
2010-05-03,261.0,271.0,300
2010-05-04,262.0,273.0,288
2010-05-05,264.0,275.0,283
2010-05-06,266.0,277.0,287
2010-05-07,267.0,278.0,296
2010-05-08,267.0,278.0,271
2010-05-09,267.0,278.0,274
2010-05-10,268.0,278.0,279
2010-05-11,267.0,279.0,279
2010-05-12,268.0,279.0,267
2010-05-13,269.0,280.0,272
2010-05-14,269.0,280.0,268
2010-05-15,269.0,280.0,257
2010-05-16,269.0,280.0,254
2010-05-17,268.0,279.0,260
2010-05-18,267.0,279.0,253
2010-05-19,266.0,277.0,250
2010-05-20,265.0,276.0,257
2010-05-21,264.0,276.0,260
2010-05-22,263.0,275.0,255
2010-05-23,262.0,274.0,252
2010-05-24,262.0,273.0,257
2010-05-25,261.0,273.0,262
2010-05-26,261.0,272.0,266
2010-05-27,261.0,272.0,275
2010-05-28,260.0,272.0,273
2010-05-29,260.0,271.0,257
2010-05-30,258.0,270.0,261
2010-05-31,257.0,268.0,256
2010-06-01,256.0,268.0,259
2010-06-02,255.0,266.0,257
2010-06-03,255.0,265.0,266
2010-06-04,253.0,265.0,265
2010-06-05,251.0,263.0,225
2010-06-06,249.0,260.0,225
2010-06-07,247.0,259.0,230
2010-06-08,245.0,257.0,220
2010-06-09,243.0,255.0,226
2010-06-10,243.0,254.0,234
2010-06-11,241.0,253.0,236
2010-06-12,240.0,251.0,224
2010-06-13,239.0,250.0,222
2010-06-14,238.0,249.0,233
2010-06-15,237.0,248.0,238
2010-06-16,236.0,248.0,236
2010-06-17,236.0,247.0,241
2010-06-18,236.0,247.0,250
2010-06-19,236.0,247.0,245
2010-06-20,236.0,246.0,246
2010-06-21,236.0,247.0,260
2010-06-22,236.0,247.0,262
2010-06-23,237.0,247.0,269
2010-06-24,237.0,248.0,273
2010-06-25,237.0,248.0,264
2010-06-26,237.0,247.0,255
2010-06-27,237.0,246.0,255
2010-06-28,236.0,247.0,265
2010-06-29,236.0,247.0,273
2010-06-30,236.0,247.0,263
2010-07-01,237.0,248.0,267
2010-07-02,237.0,248.0,274
2010-07-03,236.0,248.0,249
2010-07-04,237.0,247.0,248
2010-07-05,238.0,248.0,249
2010-07-06,239.0,249.0,254
2010-07-07,240.0,250.0,254
2010-07-08,241.0,251.0,263
2010-07-09,242.0,252.0,255
2010-07-10,243.0,252.0,245
2010-07-11,244.0,253.0,246
2010-07-12,244.0,254.0,254
2010-07-13,245.0,254.0,249
2010-07-14,246.0,255.0,254
2010-07-15,247.0,256.0,265
2010-07-16,247.0,257.0,256
2010-07-17,246.0,256.0,231
2010-07-18,246.0,256.0,230
2010-07-19,245.0,255.0,236
2010-07-20,243.0,254.0,211
2010-07-21,242.0,253.0,215
2010-07-22,241.0,252.0,229
2010-07-23,239.0,250.0,227
2010-07-24,238.0,249.0,221
2010-07-25,237.0,247.0,220
2010-07-26,235.0,246.0,235
2010-07-27,234.0,245.0,226
2010-07-28,233.0,245.0,237
2010-07-29,233.0,244.0,244
2010-07-30,232.0,243.0,244
2010-07-31,231.0,242.0,239
2010-08-01,231.0,241.0,240
2010-08-02,230.0,241.0,243
2010-08-03,229.0,240.0,225
2010-08-04,228.0,239.0,228
2010-08-05,227.0,238.0,229
2010-08-06,226.0,237.0,227
2010-08-07,226.0,236.0,222
2010-08-08,225.0,235.0,225
2010-08-09,224.0,235.0,235
2010-08-10,223.0,234.0,226
2010-08-11,223.0,233.0,235
2010-08-12,223.0,233.0,237
2010-08-13,222.0,233.0,238
2010-08-14,221.0,231.0,229
2010-08-15,221.0,230.0,227
2010-08-16,221.0,231.0,236
2010-08-17,221.0,231.0,243
2010-08-18,222.0,232.0,256
2010-08-19,224.0,233.0,264
2010-08-20,226.0,235.0,270
2010-08-21,228.0,236.0,263
2010-08-22,229.0,238.0,263
2010-08-23,230.0,239.0,273
2010-08-24,232.0,241.0,265
2010-08-25,233.0,242.0,273
2010-08-26,235.0,244.0,279
2010-08-27,236.0,245.0,284
2010-08-28,238.0,246.0,273
2010-08-29,239.0,247.0,273
2010-08-30,239.0,249.0,283
2010-08-31,240.0,249.0,258
2010-09-01,241.0,250.0,256
2010-09-02,242.0,251.0,260
2010-09-03,243.0,252.0,260
2010-09-04,244.0,253.0,253
2010-09-05,245.0,254.0,255
2010-09-06,246.0,255.0,252
2010-09-07,247.0,256.0,255
2010-09-08,248.0,257.0,263
2010-09-09,249.0,258.0,265
2010-09-10,250.0,259.0,264
2010-09-11,251.0,260.0,257
2010-09-12,252.0,260.0,254
2010-09-13,252.0,262.0,273
2010-09-14,253.0,263.0,260
2010-09-15,255.0,264.0,268
2010-09-16,256.0,265.0,279
2010-09-17,256.0,266.0,277
2010-09-18,256.0,265.0,256
2010-09-19,256.0,265.0,254
2010-09-20,255.0,265.0,260
2010-09-21,255.0,265.0,257
2010-09-22,255.0,264.0,261
2010-09-23,255.0,265.0,274
2010-09-24,254.0,264.0,264
2010-09-25,254.0,263.0,256
2010-09-26,253.0,263.0,256
2010-09-27,252.0,262.0,260
2010-09-28,252.0,262.0,268
2010-09-29,253.0,262.0,275
2010-09-30,253.0,262.0,272
2010-10-01,253.0,263.0,270
2010-10-02,253.0,262.0,251
2010-10-03,253.0,262.0,254
2010-10-04,253.0,262.0,260
2010-10-05,252.0,262.0,245
2010-10-06,252.0,262.0,262
2010-10-07,253.0,263.0,274
2010-10-08,253.0,263.0,263
2010-10-09,253.0,262.0,248
2010-10-10,253.0,262.0,248
2010-10-11,252.0,262.0,249
2010-10-12,252.0,262.0,256
2010-10-13,253.0,262.0,276
2010-10-14,253.0,263.0,284
2010-10-15,253.0,263.0,282
2010-10-16,253.0,263.0,271
2010-10-17,254.0,263.0,274
2010-10-18,254.0,264.0,281
2010-10-19,255.0,264.0,279
2010-10-20,256.0,265.0,284
2010-10-21,256.0,266.0,295
2010-10-22,257.0,267.0,273
2010-10-23,257.0,266.0,262
2010-10-24,257.0,266.0,262
2010-10-25,257.0,267.0,272
2010-10-26,258.0,268.0,284
2010-10-27,259.0,269.0,290
2010-10-28,259.0,269.0,288
2010-10-29,259.0,270.0,278
2010-10-30,259.0,269.0,263
2010-10-31,260.0,269.0,264
2010-11-01,260.0,270.0,280
2010-11-02,260.0,271.0,271
2010-11-03,261.0,271.0,273
2010-11-04,263.0,272.0,284
2010-11-05,263.0,273.0,280
2010-11-06,263.0,272.0,261
2010-11-07,263.0,272.0,262
2010-11-08,264.0,273.0,269
2010-11-09,264.0,274.0,267
2010-11-10,264.0,274.0,268
2010-11-11,265.0,275.0,261
2010-11-12,264.0,274.0,269
2010-11-13,264.0,274.0,261
2010-11-14,263.0,273.0,256
2010-11-15,262.0,273.0,268
2010-11-16,262.0,272.0,258
2010-11-17,261.0,272.0,263
2010-11-18,261.0,271.0,272
2010-11-19,261.0,271.0,277
2010-11-20,260.0,270.0,260
2010-11-21,260.0,269.0,260
2010-11-22,260.0,270.0,273
2010-11-23,260.0,270.0,268
2010-11-24,260.0,270.0,268
2010-11-25,259.0,269.0,256
2010-11-26,258.0,268.0,260
2010-11-27,257.0,267.0,251
2010-11-28,257.0,266.0,253
2010-11-29,256.0,266.0,255
2010-11-30,256.0,265.0,254
2010-12-01,256.0,265.0,268
2010-12-02,256.0,265.0,271
2010-12-03,255.0,265.0,271
2010-12-04,255.0,264.0,263
2010-12-05,255.0,264.0,267
2010-12-06,255.0,264.0,267
2010-12-07,256.0,264.0,278
2010-12-08,257.0,265.0,292
2010-12-09,258.0,266.0,300
2010-12-10,258.0,267.0,293
2010-12-11,259.0,268.0,277
2010-12-12,259.0,268.0,278
2010-12-13,260.0,269.0,287
2010-12-14,261.0,270.0,294
2010-12-15,262.0,271.0,291
2010-12-16,263.0,272.0,287
2010-12-17,263.0,272.0,281
2010-12-18,263.0,272.0,262
2010-12-19,263.0,272.0,262
2010-12-20,263.0,272.0,279
2010-12-21,263.0,273.0,275
2010-12-22,263.0,273.0,273
2010-12-23,263.0,273.0,268
2010-12-24,263.0,272.0,255
2010-12-25,263.0,272.0,256
2010-12-26,263.0,272.0,258
2010-12-27,264.0,272.0,258
2010-12-28,264.0,273.0,272
2010-12-29,266.0,274.0,284
2010-12-30,266.0,275.0,279
2010-12-31,267.0,275.0,274
2011-01-01,267.0,275.0,273
2011-01-02,268.0,275.0,273
2011-01-03,268.0,276.0,276
2011-01-04,268.0,276.0,278
2011-01-05,269.0,277.0,287
2011-01-06,269.0,277.0,295
2011-01-07,269.0,277.0,299
2011-01-08,269.0,277.0,286
2011-01-09,269.0,277.0,281
2011-01-10,269.0,277.0,289
2011-01-11,268.0,277.0,272
2011-01-12,268.0,276.0,264
2011-01-13,267.0,276.0,285
2011-01-14,267.0,276.0,292
2011-01-15,267.0,275.0,272
2011-01-16,267.0,275.0,275
2011-01-17,267.0,275.0,274
2011-01-18,267.0,276.0,276
2011-01-19,267.0,276.0,272
2011-01-20,268.0,276.0,283
2011-01-21,268.0,276.0,289
2011-01-22,268.0,276.0,267
2011-01-23,268.0,277.0,266
2011-01-24,269.0,278.0,281
2011-01-25,269.0,279.0,284
2011-01-26,270.0,280.0,300
2011-01-27,271.0,281.0,290
2011-01-28,271.0,281.0,292
2011-01-29,272.0,281.0,292
2011-01-30,272.0,282.0,285
2011-01-31,272.0,283.0,309
2011-02-01,273.0,284.0,307
2011-02-02,274.0,285.0,302
2011-02-03,275.0,286.0,310
2011-02-04,274.0,286.0,299
2011-02-05,274.0,286.0,283
2011-02-06,274.0,285.0,283
2011-02-07,274.0,286.0,292
2011-02-08,274.0,286.0,296
2011-02-09,275.0,286.0,299
2011-02-10,276.0,287.0,304
2011-02-11,277.0,289.0,305
2011-02-12,278.0,289.0,285
2011-02-13,278.0,289.0,288
2011-02-14,278.0,289.0,295
2011-02-15,279.0,290.0,289
2011-02-16,279.0,291.0,302
2011-02-17,281.0,292.0,310
2011-02-18,281.0,293.0,306
2011-02-19,281.0,293.0,275
2011-02-20,281.0,292.0,275
2011-02-21,282.0,293.0,274
2011-02-22,281.0,293.0,276
2011-02-23,281.0,293.0,281
2011-02-24,281.0,293.0,287
2011-02-25,280.0,292.0,281
2011-02-26,280.0,292.0,266
2011-02-27,279.0,291.0,263
2011-02-28,279.0,291.0,289
2011-03-01,279.0,291.0,296
2011-03-02,279.0,291.0,301
2011-03-03,279.0,290.0,302
2011-03-04,278.0,290.0,294
2011-03-05,277.0,289.0,273
2011-03-06,277.0,288.0,274
2011-03-07,277.0,288.0,286
2011-03-08,277.0,288.0,285
2011-03-09,277.0,289.0,303
2011-03-10,277.0,289.0,307
2011-03-11,277.0,289.0,300
2011-03-12,276.0,288.0,279
2011-03-13,276.0,287.0,274
2011-03-14,275.0,287.0,293
2011-03-15,275.0,288.0,294
2011-03-16,275.0,288.0,295
2011-03-17,275.0,288.0,299
2011-03-18,275.0,287.0,285
2011-03-19,274.0,286.0,279
2011-03-20,274.0,286.0,279
2011-03-21,274.0,286.0,290
2011-03-22,275.0,287.0,294
2011-03-23,276.0,288.0,303
2011-03-24,277.0,289.0,311
2011-03-25,277.0,290.0,309
2011-03-26,278.0,290.0,284
2011-03-27,278.0,290.0,289
2011-03-28,280.0,291.0,303
2011-03-29,281.0,293.0,310
2011-03-30,281.0,293.0,311
2011-03-31,282.0,294.0,313
2011-04-01,282.0,294.0,314
2011-04-02,281.0,294.0,277
2011-04-03,281.0,293.0,280
2011-04-04,281.0,294.0,294
2011-04-05,281.0,294.0,286
2011-04-06,282.0,295.0,305
2011-04-07,282.0,295.0,302
2011-04-08,282.0,295.0,298
2011-04-09,281.0,294.0,275
2011-04-10,281.0,293.0,277
2011-04-11,281.0,294.0,295
2011-04-12,282.0,295.0,302
2011-04-13,283.0,295.0,302
2011-04-14,283.0,296.0,308
2011-04-15,283.0,296.0,307
2011-04-16,283.0,296.0,284
2011-04-17,284.0,295.0,283
2011-04-18,284.0,296.0,303
2011-04-19,284.0,297.0,305
2011-04-20,284.0,297.0,299
2011-04-21,284.0,297.0,293
2011-04-22,283.0,297.0,286
2011-04-23,282.0,296.0,273
2011-04-24,282.0,294.0,273
2011-04-25,282.0,294.0,275
2011-04-26,281.0,294.0,296
2011-04-27,281.0,294.0,299
2011-04-28,280.0,294.0,298
2011-04-29,280.0,293.0,297
2011-04-30,280.0,293.0,298
2011-05-01,280.0,292.0,293
2011-05-02,281.0,293.0,308
2011-05-03,281.0,294.0,300
2011-05-04,282.0,294.0,309
2011-05-05,283.0,295.0,306
2011-05-06,283.0,295.0,306
2011-05-07,283.0,295.0,293
2011-05-08,283.0,294.0,289
2011-05-09,284.0,295.0,301
2011-05-10,284.0,296.0,306
2011-05-11,285.0,297.0,313
2011-05-12,285.0,297.0,311
2011-05-13,285.0,297.0,310
2011-05-14,285.0,297.0,296
2011-05-15,285.0,297.0,296
2011-05-16,285.0,297.0,307
2011-05-17,285.0,298.0,293
2011-05-18,286.0,298.0,299
2011-05-19,285.0,297.0,299
2011-05-20,285.0,297.0,299
2011-05-21,285.0,297.0,279
2011-05-22,285.0,297.0,284
2011-05-23,285.0,298.0,293
2011-05-24,286.0,298.0,300
2011-05-25,287.0,300.0,307
2011-05-26,287.0,300.0,307
2011-05-27,287.0,300.0,295
2011-05-28,287.0,299.0,283
2011-05-29,287.0,299.0,286
2011-05-30,286.0,298.0,285
2011-05-31,286.0,299.0,299
2011-06-01,287.0,299.0,312
2011-06-02,287.0,299.0,310
2011-06-03,287.0,299.0,313
2011-06-04,288.0,299.0,306
2011-06-05,288.0,299.0,309
2011-06-06,289.0,300.0,316
2011-06-07,289.0,301.0,313
2011-06-08,290.0,301.0,315
2011-06-09,290.0,302.0,311
2011-06-10,290.0,302.0,321
2011-06-11,291.0,302.0,304
2011-06-12,291.0,302.0,311
2011-06-13,291.0,303.0,338
2011-06-14,291.0,304.0,323
2011-06-15,292.0,304.0,317
2011-06-16,292.0,305.0,320
2011-06-17,293.0,306.0,317
2011-06-18,293.0,306.0,298
2011-06-19,294.0,306.0,300
2011-06-20,294.0,307.0,310
2011-06-21,295.0,307.0,302
2011-06-22,295.0,308.0,308
2011-06-23,296.0,308.0,305
2011-06-24,296.0,308.0,321
2011-06-25,296.0,309.0,308
2011-06-26,297.0,309.0,309
2011-06-27,298.0,310.0,307
2011-06-28,298.0,311.0,314
2011-06-29,299.0,312.0,313
2011-06-30,300.0,312.0,321
2011-07-01,300.0,313.0,318
2011-07-02,300.0,313.0,311
2011-07-03,300.0,313.0,312
2011-07-04,301.0,313.0,310
2011-07-05,301.0,313.0,318
2011-07-06,301.0,313.0,312
2011-07-07,301.0,313.0,311
2011-07-08,300.0,313.0,310
2011-07-09,299.0,312.0,285
2011-07-10,299.0,311.0,286
2011-07-11,298.0,311.0,304
2011-07-12,298.0,310.0,296
2011-07-13,297.0,309.0,304
2011-07-14,297.0,308.0,301
2011-07-15,297.0,308.0,297
2011-07-16,297.0,307.0,296
2011-07-17,297.0,306.0,296
2011-07-18,297.0,306.0,305
2011-07-19,296.0,306.0,300
2011-07-20,296.0,306.0,306
2011-07-21,296.0,306.0,307
2011-07-22,296.0,306.0,309
2011-07-23,296.0,306.0,290
2011-07-24,296.0,305.0,290
2011-07-25,294.0,305.0,302
2011-07-26,294.0,304.0,292
2011-07-27,293.0,304.0,303
2011-07-28,293.0,304.0,303
2011-07-29,293.0,303.0,299
2011-07-30,292.0,302.0,282
2011-07-31,291.0,301.0,279
2011-08-01,290.0,300.0,289
2011-08-02,288.0,299.0,286
2011-08-03,287.0,298.0,284
2011-08-04,286.0,297.0,291
2011-08-05,286.0,297.0,293
2011-08-06,285.0,296.0,288
2011-08-07,285.0,295.0,289
2011-08-08,285.0,296.0,301
2011-08-09,286.0,296.0,308
2011-08-10,287.0,297.0,315
2011-08-11,288.0,298.0,326
2011-08-12,289.0,298.0,323
2011-08-13,289.0,299.0,307
2011-08-14,290.0,299.0,309
2011-08-15,290.0,300.0,319
2011-08-16,290.0,300.0,307
2011-08-17,290.0,300.0,300
2011-08-18,290.0,300.0,306
2011-08-19,290.0,300.0,313
2011-08-20,290.0,300.0,298
2011-08-21,291.0,300.0,298
2011-08-22,291.0,300.0,305
2011-08-23,291.0,301.0,309
2011-08-24,292.0,301.0,312
2011-08-25,292.0,302.0,309
2011-08-26,291.0,302.0,311
2011-08-27,281.0,300.0,252
2011-08-28,272.0,290.0,5
2011-08-29,271.0,289.0,238
2011-08-30,271.0,290.0,295
2011-08-31,271.0,290.0,296
2011-09-01,272.0,290.0,297
2011-09-02,272.0,291.0,298
2011-09-03,272.0,290.0,279
2011-09-04,272.0,290.0,277
2011-09-05,271.0,289.0,279
2011-09-06,271.0,289.0,282
2011-09-07,270.0,288.0,281
2011-09-08,269.0,288.0,286
2011-09-09,268.0,287.0,290
2011-09-10,267.0,285.0,283
2011-09-11,266.0,284.0,278
2011-09-12,265.0,284.0,297
2011-09-13,264.0,283.0,296
2011-09-14,264.0,282.0,298
2011-09-15,264.0,282.0,291
2011-09-16,263.0,282.0,300
2011-09-17,263.0,281.0,284
2011-09-18,262.0,280.0,281
2011-09-19,262.0,280.0,292
2011-09-20,262.0,280.0,298
2011-09-21,262.0,280.0,303
2011-09-22,262.0,280.0,306
2011-09-23,262.0,280.0,307
2011-09-24,261.0,279.0,301
2011-09-25,262.0,278.0,277
2011-09-26,271.0,279.0,287
2011-09-27,279.0,289.0,288
2011-09-28,280.0,290.0,274
2011-09-29,280.0,290.0,282
2011-09-30,279.0,289.0,287
2011-10-01,278.0,288.0,259
2011-10-02,277.0,287.0,259
2011-10-03,274.0,286.0,262
2011-10-04,270.0,284.0,197
2011-10-05,264.0,279.0,157
2011-10-06,257.0,274.0,111
2011-10-07,249.0,267.0,67
2011-10-08,240.0,258.0,25
2011-10-09,232.0,249.0,26
2011-10-10,224.0,241.0,30
2011-10-11,215.0,232.0,31
2011-10-12,207.0,223.0,27
2011-10-13,198.0,215.0,39
2011-10-14,190.0,206.0,45
2011-10-15,182.0,198.0,46
2011-10-16,174.0,190.0,48
2011-10-17,167.0,183.0,65
2011-10-18,161.0,176.0,94
2011-10-19,156.0,171.0,136
2011-10-20,151.0,166.0,147
2011-10-21,146.0,162.0,165
2011-10-22,142.0,157.0,161
2011-10-23,137.0,152.0,163
2011-10-24,134.0,148.0,189
2011-10-25,131.0,146.0,210
2011-10-26,129.0,144.0,221
2011-10-27,127.0,142.0,225
2011-10-28,126.0,140.0,219
2011-10-29,124.0,138.0,216
2011-10-30,122.0,135.0,219
2011-10-31,122.0,135.0,251
2011-11-01,123.0,136.0,303
2011-11-02,125.0,137.0,278
2011-11-03,129.0,140.0,292
2011-11-04,135.0,144.0,276
2011-11-05,142.0,150.0,275
2011-11-06,150.0,157.0,275
2011-11-07,159.0,165.0,287
2011-11-08,167.0,174.0,285
2011-11-09,174.0,182.0,262
2011-11-10,182.0,189.0,258
2011-11-11,190.0,197.0,253
2011-11-12,197.0,204.0,254
2011-11-13,204.0,211.0,256
2011-11-14,211.0,218.0,258
2011-11-15,217.0,225.0,269
2011-11-16,223.0,231.0,241
2011-11-17,228.0,236.0,251
2011-11-18,232.0,240.0,255
2011-11-19,235.0,244.0,244
2011-11-20,238.0,246.0,245
2011-11-21,242.0,250.0,270
2011-11-22,244.0,254.0,274
2011-11-23,247.0,256.0,265
2011-11-24,249.0,258.0,256
2011-11-25,251.0,260.0,278
2011-11-26,253.0,261.0,272
2011-11-27,255.0,263.0,274
2011-11-28,257.0,265.0,279
2011-11-29,257.0,267.0,278
2011-11-30,256.0,267.0,247
2011-12-01,256.0,266.0,269
2011-12-02,256.0,266.0,278
2011-12-03,256.0,265.0,275
2011-12-04,256.0,265.0,274
2011-12-05,256.0,265.0,278
2011-12-06,256.0,266.0,283
2011-12-07,255.0,265.0,275
2011-12-08,256.0,265.0,279
2011-12-09,256.0,266.0,283
2011-12-10,257.0,266.0,281
2011-12-11,258.0,267.0,277
2011-12-12,258.0,268.0,278
2011-12-13,258.0,269.0,279
2011-12-14,258.0,269.0,259
2011-12-15,258.0,269.0,259
2011-12-16,258.0,269.0,245
2011-12-17,258.0,268.0,242
2011-12-18,258.0,268.0,247
2011-12-19,258.0,269.0,260
2011-12-20,259.0,270.0,277
2011-12-21,259.0,270.0,271
2011-12-22,259.0,270.0,272
2011-12-23,259.0,270.0,268
2011-12-24,260.0,270.0,259
2011-12-25,259.0,269.0,261
2011-12-26,259.0,269.0,261
2011-12-27,257.0,268.0,260
2011-12-28,256.0,267.0,231
2011-12-29,256.0,265.0,233
2011-12-30,255.0,265.0,235
2011-12-31,254.0,264.0,230
2012-01-01,253.0,262.0,230
2012-01-02,252.0,261.0,230
2012-01-03,250.0,259.0,241
2012-01-04,248.0,258.0,235
2012-01-05,248.0,256.0,236
2012-01-06,247.0,256.0,257
2012-01-07,247.0,255.0,256
2012-01-08,246.0,254.0,262
2012-01-09,246.0,254.0,268
2012-01-10,245.0,254.0,275
2012-01-11,245.0,254.0,275
2012-01-12,245.0,254.0,276
2012-01-13,245.0,254.0,272
2012-01-14,247.0,254.0,266
2012-01-15,247.0,255.0,266
2012-01-16,248.0,256.0,260
2012-01-17,248.0,256.0,267
2012-01-18,249.0,257.0,273
2012-01-19,249.0,257.0,275
2012-01-20,249.0,257.0,269
2012-01-21,249.0,257.0,269
2012-01-22,249.0,257.0,271
2012-01-23,250.0,257.0,273
2012-01-24,249.0,258.0,275
2012-01-25,249.0,258.0,264
2012-01-26,250.0,258.0,264
2012-01-27,251.0,259.0,259
2012-01-28,252.0,259.0,254
2012-01-29,253.0,260.0,260
2012-01-30,254.0,262.0,274
2012-01-31,255.0,263.0,276
2012-02-01,256.0,265.0,273
2012-02-02,258.0,266.0,282
2012-02-03,260.0,268.0,279
2012-02-04,261.0,269.0,276
2012-02-05,262.0,270.0,280
2012-02-06,262.0,270.0,278
2012-02-07,262.0,271.0,271
2012-02-08,262.0,271.0,267
2012-02-09,262.0,271.0,277
2012-02-10,262.0,271.0,274
2012-02-11,262.0,270.0,263
2012-02-12,262.0,270.0,262
2012-02-13,261.0,270.0,269
2012-02-14,261.0,270.0,264
2012-02-15,260.0,270.0,256
2012-02-16,261.0,270.0,268
2012-02-17,261.0,270.0,279
2012-02-18,261.0,270.0,274
2012-02-19,262.0,270.0,280
2012-02-20,262.0,271.0,281
2012-02-21,262.0,271.0,287
2012-02-22,263.0,272.0,283
2012-02-23,263.0,272.0,283
2012-02-24,263.0,272.0,266
2012-02-25,263.0,272.0,258
2012-02-26,264.0,272.0,263
2012-02-27,264.0,272.0,272
2012-02-28,264.0,273.0,261
2012-02-29,263.0,272.0,262
2012-03-01,263.0,272.0,276
2012-03-02,263.0,272.0,267
2012-03-03,263.0,271.0,261
2012-03-04,262.0,271.0,265
2012-03-05,262.0,271.0,270
2012-03-06,261.0,270.0,267
2012-03-07,260.0,269.0,255
2012-03-08,260.0,269.0,269
2012-03-09,260.0,269.0,265
2012-03-10,261.0,269.0,265
2012-03-11,261.0,269.0,267
2012-03-12,261.0,269.0,272
2012-03-13,260.0,269.0,263
2012-03-14,260.0,268.0,254
2012-03-15,260.0,268.0,252
2012-03-16,260.0,268.0,261
2012-03-17,260.0,268.0,256
2012-03-18,259.0,267.0,256
2012-03-19,259.0,267.0,265
2012-03-20,258.0,266.0,264
2012-03-21,256.0,265.0,246
2012-03-22,255.0,264.0,242
2012-03-23,253.0,262.0,236
2012-03-24,252.0,260.0,233
2012-03-25,252.0,259.0,233
2012-03-26,251.0,259.0,246
2012-03-27,250.0,259.0,257
2012-03-28,250.0,258.0,257
2012-03-29,250.0,258.0,272
2012-03-30,250.0,259.0,280
2012-03-31,251.0,259.0,273
2012-04-01,251.0,259.0,277
2012-04-02,252.0,260.0,287
2012-04-03,252.0,261.0,288
2012-04-04,253.0,261.0,283
2012-04-05,253.0,262.0,276
2012-04-06,254.0,262.0,277
2012-04-07,254.0,263.0,274
2012-04-08,255.0,263.0,274
2012-04-09,255.0,263.0,277
2012-04-10,255.0,264.0,281
2012-04-11,255.0,264.0,279
2012-04-12,256.0,265.0,290
2012-04-13,257.0,266.0,283
2012-04-14,258.0,266.0,268
2012-04-15,258.0,266.0,263
2012-04-16,258.0,267.0,269
2012-04-17,259.0,268.0,279
2012-04-18,260.0,269.0,301
2012-04-19,261.0,270.0,299
2012-04-20,263.0,272.0,298
2012-04-21,265.0,273.0,289
2012-04-22,267.0,275.0,291
2012-04-23,269.0,277.0,300
2012-04-24,271.0,280.0,306
2012-04-25,272.0,281.0,294
2012-04-26,273.0,282.0,286
2012-04-27,274.0,283.0,269
2012-04-28,273.0,282.0,263
2012-04-29,273.0,282.0,264
2012-04-30,273.0,282.0,281
2012-05-01,273.0,282.0,282
2012-05-02,272.0,282.0,270
2012-05-03,272.0,281.0,262
2012-05-04,271.0,280.0,268
2012-05-05,271.0,280.0,262
2012-05-06,271.0,280.0,263
2012-05-07,271.0,279.0,273
2012-05-08,271.0,280.0,298
2012-05-09,271.0,281.0,295
2012-05-10,272.0,282.0,301
2012-05-11,272.0,282.0,300
2012-05-12,273.0,282.0,292
2012-05-13,274.0,283.0,291
2012-05-14,275.0,283.0,295
2012-05-15,275.0,285.0,295
2012-05-16,276.0,285.0,289
2012-05-17,276.0,285.0,286
2012-05-18,276.0,285.0,285
2012-05-19,276.0,284.0,282
2012-05-20,275.0,284.0,283
2012-05-21,275.0,284.0,286
2012-05-22,274.0,283.0,280
2012-05-23,272.0,282.0,260
2012-05-24,272.0,281.0,263
2012-05-25,271.0,280.0,271
2012-05-26,271.0,279.0,261
2012-05-27,271.0,279.0,261
2012-05-28,271.0,279.0,260
2012-05-29,270.0,279.0,266
2012-05-30,269.0,278.0,260
2012-05-31,269.0,278.0,270
2012-06-01,269.0,278.0,272
2012-06-02,269.0,278.0,260
2012-06-03,269.0,277.0,262
2012-06-04,269.0,278.0,275
2012-06-05,269.0,279.0,286
2012-06-06,270.0,279.0,281
2012-06-07,269.0,278.0,279
2012-06-08,267.0,277.0,252
2012-06-09,266.0,275.0,246
2012-06-10,264.0,273.0,244
2012-06-11,263.0,272.0,252
2012-06-12,261.0,271.0,257
2012-06-13,257.0,269.0,248
2012-06-14,256.0,268.0,256
2012-06-15,255.0,267.0,256
2012-06-16,254.0,265.0,249
2012-06-17,253.0,264.0,249
2012-06-18,252.0,264.0,265
2012-06-19,252.0,264.0,279
2012-06-20,252.0,264.0,291
2012-06-21,253.0,264.0,299
2012-06-22,254.0,266.0,297
2012-06-23,255.0,266.0,291
2012-06-24,256.0,267.0,292
2012-06-25,257.0,268.0,300
2012-06-26,258.0,270.0,298
2012-06-27,258.0,271.0,287
2012-06-28,259.0,271.0,289
2012-06-29,261.0,273.0,298
2012-06-30,262.0,273.0,287
2012-07-01,263.0,274.0,290
2012-07-02,264.0,275.0,301
2012-07-03,264.0,277.0,316
2012-07-04,264.0,277.0,270
2012-07-05,264.0,276.0,276
2012-07-06,264.0,277.0,285
2012-07-07,265.0,276.0,268
2012-07-08,266.0,277.0,266
2012-07-09,267.0,278.0,270
2012-07-10,267.0,279.0,279
2012-07-11,268.0,279.0,267
2012-07-12,267.0,280.0,274
2012-07-13,270.0,280.0,257
2012-07-14,270.0,280.0,251
2012-07-15,270.0,280.0,251
2012-07-16,270.0,280.0,258
2012-07-17,270.0,280.0,261
2012-07-18,269.0,280.0,244
2012-07-19,268.0,279.0,248
2012-07-20,268.0,279.0,296
2012-07-21,269.0,278.0,288
2012-07-22,269.0,278.0,289
2012-07-23,269.0,278.0,291
2012-07-24,268.0,278.0,300
2012-07-25,268.0,278.0,283
2012-07-26,268.0,278.0,287
2012-07-27,268.0,278.0,289
2012-07-28,268.0,277.0,279
2012-07-29,268.0,277.0,281
2012-07-30,267.0,277.0,284
2012-07-31,266.0,277.0,288
2012-08-01,265.0,276.0,273
2012-08-02,265.0,274.0,278
2012-08-03,265.0,275.0,277
2012-08-04,265.0,274.0,271
2012-08-05,265.0,274.0,270
2012-08-06,264.0,274.0,270
2012-08-07,263.0,273.0,242
2012-08-08,262.0,272.0,240
2012-08-09,262.0,271.0,249
2012-08-10,261.0,271.0,251
2012-08-11,261.0,270.0,247
2012-08-12,261.0,269.0,248
2012-08-13,260.0,270.0,252
2012-08-14,259.0,269.0,230
2012-08-15,258.0,268.0,229
2012-08-16,260.0,269.0,284
2012-08-17,261.0,270.0,283
2012-08-18,262.0,271.0,277
2012-08-19,262.0,270.0,275
2012-08-20,261.0,270.0,288
2012-08-21,261.0,270.0,296
2012-08-22,261.0,270.0,290
2012-08-23,261.0,270.0,289
2012-08-24,262.0,271.0,301
2012-08-25,262.0,271.0,289
2012-08-26,262.0,271.0,289
2012-08-27,263.0,271.0,297
2012-08-28,263.0,272.0,302
2012-08-29,263.0,272.0,290
2012-08-30,264.0,272.0,293
2012-08-31,265.0,273.0,299
2012-09-01,266.0,274.0,296
2012-09-02,267.0,274.0,297
2012-09-03,268.0,275.0,298
2012-09-04,267.0,276.0,304
2012-09-05,268.0,277.0,273
2012-09-06,270.0,278.0,273
2012-09-07,271.0,279.0,275
2012-09-08,272.0,279.0,268
2012-09-09,272.0,280.0,270
2012-09-10,274.0,282.0,308
2012-09-11,275.0,284.0,300
2012-09-12,276.0,285.0,282
2012-09-13,278.0,287.0,281
2012-09-14,280.0,288.0,287
2012-09-15,280.0,288.0,283
2012-09-16,281.0,288.0,283
2012-09-17,280.0,289.0,286
2012-09-18,279.0,288.0,259
2012-09-19,278.0,287.0,260
2012-09-20,278.0,288.0,310
2012-09-21,278.0,288.0,300
2012-09-22,279.0,288.0,296
2012-09-23,279.0,288.0,297
2012-09-24,279.0,289.0,305
2012-09-25,279.0,289.0,299
2012-09-26,278.0,288.0,281
2012-09-27,278.0,288.0,287
2012-09-28,277.0,288.0,278
2012-09-29,277.0,287.0,272
2012-09-30,276.0,286.0,272
2012-10-01,275.0,286.0,283
2012-10-02,274.0,285.0,281
2012-10-03,272.0,284.0,258
2012-10-04,272.0,282.0,263
2012-10-05,272.0,282.0,272
2012-10-06,272.0,282.0,270
2012-10-07,272.0,282.0,272
2012-10-08,273.0,282.0,277
2012-10-09,273.0,283.0,283
2012-10-10,272.0,282.0,283
2012-10-11,272.0,281.0,284
2012-10-12,272.0,281.0,281
2012-10-13,272.0,281.0,278
2012-10-14,272.0,281.0,278
2012-10-15,272.0,281.0,283
2012-10-16,272.0,281.0,286
2012-10-17,273.0,282.0,297
2012-10-18,274.0,283.0,295
2012-10-19,275.0,284.0,293
2012-10-20,275.0,283.0,284
2012-10-21,275.0,282.0,287
2012-10-22,275.0,283.0,300
2012-10-23,274.0,283.0,298
2012-10-24,273.0,282.0,280
2012-10-25,273.0,281.0,282
2012-10-26,273.0,281.0,285
2012-10-27,274.0,281.0,279
2012-10-28,274.0,281.0,277
2012-10-29,274.0,281.0,277
2012-10-30,274.0,281.0,277
2012-10-31,275.0,281.0,281
2012-11-01,276.0,282.0,293
2012-11-02,277.0,283.0,295
2012-11-03,278.0,284.0,295
2012-11-04,279.0,285.0,292
2012-11-05,279.0,286.0,302
2012-11-06,279.0,286.0,288
2012-11-07,279.0,286.0,270
2012-11-08,279.0,286.0,275
2012-11-09,279.0,286.0,277
2012-11-10,279.0,285.0,274
2012-11-11,279.0,285.0,276
2012-11-12,279.0,285.0,278
2012-11-13,278.0,285.0,286
2012-11-14,278.0,285.0,266
2012-11-15,277.0,284.0,273
2012-11-16,277.0,284.0,279
2012-11-17,276.0,283.0,268
2012-11-18,276.0,282.0,271
2012-11-19,275.0,282.0,281
2012-11-20,274.0,282.0,283
2012-11-21,273.0,281.0,263
2012-11-22,273.0,279.0,260
2012-11-23,273.0,279.0,267
2012-11-24,272.0,278.0,262
2012-11-25,272.0,278.0,264
2012-11-26,271.0,277.0,273
2012-11-27,270.0,277.0,268
2012-11-28,270.0,278.0,294
2012-11-29,270.0,278.0,293
2012-11-30,271.0,279.0,296
2012-12-01,270.0,279.0,288
2012-12-02,271.0,278.0,292
2012-12-03,271.0,278.0,296
2012-12-04,270.0,278.0,289
2012-12-05,270.0,278.0,285
2012-12-06,271.0,278.0,286
2012-12-07,271.0,278.0,291
2012-12-08,272.0,279.0,284
2012-12-09,272.0,279.0,284
2012-12-10,272.0,280.0,289
2012-12-11,270.0,280.0,283
2012-12-12,271.0,280.0,294
2012-12-13,271.0,280.0,291
2012-12-14,272.0,281.0,283
2012-12-15,272.0,281.0,280
2012-12-16,273.0,281.0,281
2012-12-17,273.0,282.0,288
2012-12-18,273.0,282.0,283
2012-12-19,272.0,282.0,265
2012-12-20,272.0,281.0,262
2012-12-21,273.0,282.0,280
2012-12-22,274.0,282.0,280
2012-12-23,274.0,283.0,281
2012-12-24,275.0,284.0,285
2012-12-25,276.0,284.0,286
2012-12-26,276.0,285.0,292
2012-12-27,276.0,285.0,266
2012-12-28,275.0,284.0,259
2012-12-29,274.0,282.0,251
2012-12-30,273.0,281.0,249
2012-12-31,271.0,279.0,249
2013-01-01,270.0,278.0,244
2013-01-02,268.0,276.0,245
2013-01-03,266.0,274.0,234
2013-01-04,265.0,273.0,236
2013-01-05,263.0,271.0,233
2013-01-06,261.0,269.0,232
2013-01-07,260.0,267.0,237
2013-01-08,256.0,266.0,243
2013-01-09,253.0,263.0,185
2013-01-10,251.0,259.0,181
2013-01-11,251.0,259.0,289
2013-01-12,252.0,259.0,287
2013-01-13,252.0,259.0,287
2013-01-14,252.0,259.0,294
2013-01-15,252.0,260.0,293
2013-01-16,252.0,260.0,288
2013-01-17,253.0,260.0,286
2013-01-18,254.0,261.0,291
2013-01-19,255.0,262.0,287
2013-01-20,256.0,262.0,290
2013-01-21,256.0,262.0,292
2013-01-22,256.0,263.0,296
2013-01-23,256.0,263.0,289
2013-01-24,256.0,263.0,295
2013-01-25,257.0,264.0,303
2013-01-26,259.0,265.0,300
2013-01-27,261.0,266.0,304
2013-01-28,262.0,268.0,306
2013-01-29,263.0,270.0,304
2013-01-30,264.0,271.0,279
2013-01-31,265.0,272.0,283
2013-02-01,267.0,274.0,291
2013-02-02,269.0,275.0,283
2013-02-03,271.0,277.0,283
2013-02-04,272.0,279.0,288
2013-02-05,273.0,281.0,290
2013-02-06,274.0,282.0,272
2013-02-07,277.0,283.0,270
2013-02-08,280.0,286.0,278
2013-02-09,283.0,289.0,269
2013-02-10,282.0,288.0,269
2013-02-11,281.0,288.0,267
2013-02-12,278.0,287.0,265
2013-02-13,275.0,284.0,210
2013-02-14,275.0,283.0,276
2013-02-15,275.0,283.0,285
2013-02-16,275.0,283.0,281
2013-02-17,275.0,283.0,279
2013-02-18,274.0,282.0,278
2013-02-19,274.0,282.0,284
2013-02-20,273.0,282.0,280
2013-02-21,273.0,281.0,282
2013-02-22,273.0,281.0,283
2013-02-23,272.0,281.0,278
2013-02-24,271.0,280.0,277
2013-02-25,270.0,280.0,307
2013-02-26,270.0,280.0,304
2013-02-27,269.0,279.0,285
2013-02-28,270.0,279.0,302
2013-03-01,270.0,280.0,300
2013-03-02,271.0,280.0,294
2013-03-03,271.0,281.0,297
2013-03-04,272.0,281.0,304
2013-03-05,271.0,282.0,307
2013-03-06,270.0,281.0,259
2013-03-07,271.0,281.0,300
2013-03-08,272.0,282.0,298
2013-03-09,273.0,283.0,291
2013-03-10,274.0,284.0,295
2013-03-11,275.0,284.0,297
2013-03-12,275.0,285.0,298
2013-03-13,274.0,286.0,278
2013-03-14,277.0,287.0,296
2013-03-15,280.0,290.0,301
2013-03-16,281.0,291.0,302
2013-03-17,282.0,291.0,300
2013-03-18,282.0,292.0,301
2013-03-19,282.0,292.0,297
2013-03-20,283.0,293.0,288
2013-03-21,284.0,294.0,308
2013-03-22,285.0,295.0,308
2013-03-23,285.0,295.0,305
2013-03-24,286.0,296.0,303
2013-03-25,287.0,297.0,306
2013-03-26,288.0,298.0,306
2013-03-27,289.0,298.0,310
2013-03-28,290.0,298.0,308
2013-03-29,290.0,299.0,307
2013-03-30,291.0,299.0,302
2013-03-31,291.0,299.0,307
2013-04-01,288.0,300.0,311
2013-04-02,285.0,297.0,211
2013-04-03,282.0,294.0,205
2013-04-04,283.0,293.0,292
2013-04-05,284.0,294.0,288
2013-04-06,284.0,294.0,286
2013-04-07,284.0,293.0,288
2013-04-08,283.0,293.0,293
2013-04-09,283.0,293.0,293
2013-04-10,283.0,293.0,290
2013-04-11,283.0,293.0,294
2013-04-12,285.0,294.0,301
2013-04-13,285.0,294.0,294
2013-04-14,285.0,293.0,289
2013-04-15,284.0,293.0,289
2013-04-16,283.0,292.0,287
2013-04-17,283.0,292.0,279
2013-04-18,282.0,291.0,277
2013-04-19,282.0,291.0,281
2013-04-20,282.0,290.0,281
2013-04-21,281.0,289.0,300
2013-04-22,281.0,289.0,303
2013-04-23,281.0,289.0,301
2013-04-24,280.0,292.0,373
2013-04-25,280.0,291.0,287
2013-04-26,279.0,290.0,289
2013-04-27,279.0,290.0,291
2013-04-28,278.0,289.0,297
2013-04-29,278.0,289.0,299
2013-04-30,277.0,289.0,293
2013-05-01,279.0,288.0,278
2013-05-02,281.0,290.0,276
2013-05-03,284.0,293.0,293
2013-05-04,284.0,293.0,301
2013-05-05,284.0,293.0,282
2013-05-06,283.0,293.0,284
2013-05-07,283.0,293.0,287
2013-05-08,282.0,292.0,273
2013-05-09,282.0,292.0,285
2013-05-10,282.0,292.0,296
2013-05-11,282.0,292.0,294
2013-05-12,282.0,292.0,295
2013-05-13,282.0,292.0,295
2013-05-14,282.0,292.0,307
2013-05-15,283.0,293.0,297
2013-05-16,283.0,293.0,295
2013-05-17,284.0,294.0,298
2013-05-18,285.0,294.0,292
2013-05-19,283.0,295.0,295
2013-05-20,283.0,295.0,306
2013-05-21,283.0,295.0,284
2013-05-22,282.0,294.0,291
2013-05-23,282.0,294.0,288
2013-05-24,282.0,291.0,291
2013-05-25,282.0,291.0,286
2013-05-26,282.0,291.0,287
2013-05-27,282.0,291.0,290
2013-05-28,282.0,291.0,305
2013-05-29,281.0,291.0,282
2013-05-30,281.0,290.0,279
2013-05-31,281.0,290.0,281
2013-06-01,282.0,291.0,277
2013-06-02,281.0,290.0,279
2013-06-03,281.0,289.0,280
2013-06-04,281.0,289.0,277
2013-06-05,281.0,290.0,314
2013-06-06,282.0,290.0,289
2013-06-07,283.0,291.0,292
2013-06-08,283.0,291.0,287
2013-06-09,283.0,291.0,287
2013-06-10,282.0,291.0,299
2013-06-11,281.0,290.0,268
2013-06-12,280.0,290.0,283
2013-06-13,279.0,289.0,279
2013-06-14,278.0,288.0,289
2013-06-15,278.0,288.0,272
2013-06-16,277.0,287.0,272
2013-06-17,277.0,287.0,299
2013-06-18,278.0,287.0,292
2013-06-19,278.0,286.0,295
2013-06-20,278.0,287.0,301
2013-06-21,278.0,287.0,304
2013-06-22,279.0,288.0,295
2013-06-23,279.0,288.0,296
2013-06-24,279.0,288.0,299
2013-06-25,279.0,289.0,303
2013-06-26,279.0,289.0,297
2013-06-27,280.0,289.0,294
2013-06-28,280.0,289.0,296
2013-06-29,281.0,290.0,293
2013-06-30,281.0,290.0,294
2013-07-01,282.0,291.0,298
2013-07-02,282.0,291.0,294
2013-07-03,282.0,292.0,295
2013-07-04,283.0,292.0,286
2013-07-05,282.0,291.0,290
2013-07-06,282.0,291.0,283
2013-07-07,282.0,291.0,283
2013-07-08,282.0,292.0,315
2013-07-09,281.0,291.0,277
2013-07-10,282.0,291.0,280
2013-07-11,281.0,291.0,284
2013-07-12,280.0,290.0,257
2013-07-13,280.0,290.0,252
2013-07-14,280.0,288.0,255
2013-07-15,278.0,288.0,257
2013-07-16,277.0,287.0,240
2013-07-17,276.0,285.0,250
2013-07-18,275.0,284.0,262
2013-07-19,274.0,283.0,256
2013-07-20,273.0,281.0,249
2013-07-21,271.0,279.0,249
2013-07-22,270.0,278.0,250
2013-07-23,268.0,277.0,260
2013-07-24,267.0,275.0,261
2013-07-25,266.0,274.0,255
2013-07-26,265.0,273.0,261
2013-07-27,263.0,271.0,255
2013-07-28,262.0,270.0,257
2013-07-29,261.0,269.0,265
2013-07-30,261.0,270.0,309
2013-07-31,261.0,269.0,285
2013-08-01,261.0,269.0,296
2013-08-02,261.0,269.0,292
2013-08-03,261.0,269.0,287
2013-08-04,261.0,269.0,290
2013-08-05,261.0,270.0,296
2013-08-06,261.0,270.0,286
2013-08-07,262.0,269.0,288
2013-08-08,262.0,269.0,288
2013-08-09,262.0,269.0,287
2013-08-10,263.0,269.0,285
2013-08-11,264.0,270.0,286
2013-08-12,265.0,272.0,291
2013-08-13,266.0,272.0,274
2013-08-14,267.0,273.0,272
2013-08-15,267.0,274.0,276
2013-08-16,268.0,275.0,268
2013-08-17,268.0,274.0,256
2013-08-18,268.0,274.0,255
2013-08-19,267.0,275.0,256
2013-08-20,266.0,273.0,213
2013-08-21,264.0,272.0,208
2013-08-22,262.0,270.0,202
2013-08-23,260.0,268.0,198
2013-08-24,259.0,266.0,195
2013-08-25,257.0,264.0,197
2013-08-26,255.0,262.0,203
2013-08-27,253.0,260.0,207
2013-08-28,251.0,258.0,201
2013-08-29,248.0,254.0,193
2013-08-30,244.0,251.0,192
2013-08-31,241.0,248.0,189
2013-09-01,240.0,247.0,259
2013-09-02,239.0,246.0,260
2013-09-03,238.0,245.0,265
2013-09-04,237.0,244.0,262
2013-09-05,236.0,243.0,261
2013-09-06,235.0,242.0,266
2013-09-07,234.0,241.0,256
2013-09-08,234.0,240.0,256
2013-09-09,233.0,239.0,266
2013-09-10,231.0,239.0,267
2013-09-11,231.0,238.0,254
2013-09-12,230.0,237.0,261
2013-09-13,230.0,237.0,267
2013-09-14,230.0,236.0,258
2013-09-15,230.0,236.0,262
2013-09-16,230.0,237.0,271
2013-09-17,230.0,237.0,263
2013-09-18,232.0,238.0,292
2013-09-19,235.0,241.0,288
2013-09-20,237.0,243.0,286
2013-09-21,240.0,246.0,282
2013-09-22,243.0,249.0,284
2013-09-23,246.0,252.0,285
2013-09-24,248.0,254.0,273
2013-09-25,250.0,256.0,269
2013-09-26,252.0,258.0,258
2013-09-27,253.0,260.0,256
2013-09-28,255.0,262.0,247
2013-09-29,257.0,264.0,247
2013-09-30,259.0,266.0,254
2013-10-01,258.0,265.0,244
2013-10-02,258.0,265.0,243
2013-10-03,257.0,264.0,238
2013-10-04,256.0,263.0,236
2013-10-05,255.0,262.0,231
2013-10-06,254.0,261.0,233
2013-10-07,253.0,260.0,241
2013-10-08,252.0,260.0,233
2013-10-09,251.0,258.0,232
2013-10-10,250.0,257.0,229
2013-10-11,251.0,258.0,289
2013-10-12,251.0,259.0,281
2013-10-13,252.0,260.0,284
2013-10-14,253.0,260.0,283
2013-10-15,254.0,261.0,288
2013-10-16,255.0,262.0,289
2013-10-17,256.0,263.0,289
2013-10-18,256.0,263.0,285
2013-10-19,256.0,262.0,282
2013-10-20,256.0,262.0,282
2013-10-21,256.0,262.0,288
2013-10-22,256.0,262.0,284
2013-10-23,256.0,263.0,288
2013-10-24,256.0,263.0,282
2013-10-25,257.0,263.0,282
2013-10-26,257.0,264.0,275
2013-10-27,258.0,264.0,275
2013-10-28,259.0,266.0,282
2013-10-29,260.0,267.0,280
2013-10-30,261.0,267.0,275
2013-10-31,262.0,268.0,271
2013-11-01,263.0,269.0,267
2013-11-02,264.0,270.0,259
2013-11-03,265.0,271.0,266
2013-11-04,266.0,272.0,276
2013-11-05,267.0,273.0,267
2013-11-06,267.0,274.0,260
2013-11-07,269.0,276.0,290
2013-11-08,270.0,277.0,274
2013-11-09,272.0,279.0,265
2013-11-10,272.0,278.0,267
2013-11-11,271.0,277.0,269
2013-11-12,271.0,277.0,281
2013-11-13,270.0,277.0,268
2013-11-14,270.0,277.0,287
2013-11-15,270.0,277.0,284
2013-11-16,269.0,276.0,269
2013-11-17,269.0,276.0,270
2013-11-18,268.0,275.0,278
2013-11-19,268.0,275.0,271
2013-11-20,267.0,274.0,273
2013-11-21,267.0,274.0,272
2013-11-22,267.0,274.0,280
2013-11-23,267.0,274.0,273
2013-11-24,267.0,273.0,280
2013-11-25,267.0,274.0,284
2013-11-26,267.0,274.0,280
2013-11-27,267.0,274.0,278
2013-11-28,266.0,274.0,271
2013-11-29,267.0,274.0,275
2013-11-30,267.0,273.0,268
2013-12-01,267.0,273.0,267
2013-12-02,267.0,274.0,270
2013-12-03,267.0,274.0,272
2013-12-04,267.0,274.0,270
2013-12-05,267.0,274.0,275
2013-12-06,268.0,274.0,271
2013-12-07,267.0,274.0,266
2013-12-08,267.0,273.0,266
2013-12-09,267.0,274.0,271
2013-12-10,267.0,274.0,273
2013-12-11,267.0,274.0,272
2013-12-12,266.0,273.0,263
2013-12-13,267.0,274.0,286
2013-12-14,267.0,274.0,277
2013-12-15,267.0,273.0,278
2013-12-16,267.0,274.0,280
2013-12-17,267.0,274.0,266
2013-12-18,266.0,273.0,274
2013-12-19,266.0,273.0,271
2013-12-20,267.0,274.0,286
2013-12-21,267.0,274.0,277
2013-12-22,267.0,274.0,278
2013-12-23,267.0,274.0,282
2013-12-24,267.0,274.0,280
2013-12-25,267.0,274.0,272
2013-12-26,267.0,274.0,270
2013-12-27,266.0,273.0,270
2013-12-28,266.0,273.0,267
2013-12-29,266.0,273.0,271
2013-12-30,266.0,273.0,273
2013-12-31,265.0,273.0,252
2014-01-01,265.0,272.0,248
2014-01-02,265.0,271.0,250
2014-01-03,264.0,271.0,252
2014-01-04,264.0,270.0,252
2014-01-05,263.0,269.0,251
2014-01-06,263.0,269.0,256
2014-01-07,262.0,268.0,256
2014-01-08,262.0,268.0,256
2014-01-09,263.0,268.0,282
2014-01-10,263.0,269.0,283
2014-01-11,264.0,269.0,276
2014-01-12,264.0,269.0,275
2014-01-13,264.0,269.0,280
2014-01-14,263.0,269.0,286
2014-01-15,264.0,269.0,278
2014-01-16,264.0,269.0,277
2014-01-17,264.0,269.0,274
2014-01-18,264.0,269.0,267
2014-01-19,264.0,268.0,264
2014-01-20,263.0,268.0,268
2014-01-21,263.0,268.0,272
2014-01-22,262.0,268.0,271
2014-01-23,262.0,267.0,272
2014-01-24,262.0,268.0,276
2014-01-25,262.0,268.0,273
2014-01-26,263.0,268.0,275
2014-01-27,263.0,268.0,277
2014-01-28,262.0,268.0,272
2014-01-29,263.0,268.0,272
2014-01-30,264.0,269.0,273
2014-01-31,264.0,270.0,274
2014-02-01,264.0,270.0,263
2014-02-02,265.0,270.0,260
2014-02-03,265.0,271.0,263
2014-02-04,265.0,271.0,270
2014-02-05,266.0,272.0,268
2014-02-06,266.0,272.0,270
2014-02-07,267.0,273.0,273
2014-02-08,267.0,272.0,271
2014-02-09,267.0,272.0,276
2014-02-10,266.0,272.0,283
2014-02-11,265.0,272.0,259
2014-02-12,264.0,271.0,263
2014-02-13,264.0,270.0,252
2014-02-14,264.0,270.0,273
2014-02-15,264.0,270.0,276
2014-02-16,264.0,270.0,277
2014-02-17,265.0,270.0,277
2014-02-18,264.0,271.0,270
2014-02-19,265.0,271.0,286
2014-02-20,265.0,272.0,288
2014-02-21,265.0,272.0,283
2014-02-22,266.0,272.0,278
2014-02-23,266.0,272.0,277
2014-02-24,266.0,273.0,283
2014-02-25,266.0,273.0,288
2014-02-26,266.0,274.0,287
2014-02-27,266.0,274.0,289
2014-02-28,267.0,274.0,282
2014-03-01,267.0,274.0,275
2014-03-02,267.0,275.0,278
2014-03-03,267.0,275.0,280
2014-03-04,267.0,275.0,269
2014-03-05,267.0,276.0,264
2014-03-06,267.0,276.0,283
2014-03-07,268.0,277.0,287
2014-03-08,268.0,277.0,279
2014-03-09,269.0,277.0,280
2014-03-10,268.0,278.0,284
2014-03-11,268.0,277.0,269
2014-03-12,269.0,277.0,277
2014-03-13,269.0,278.0,283
2014-03-14,270.0,279.0,285
2014-03-15,271.0,279.0,270
2014-03-16,271.0,279.0,273
2014-03-17,270.0,279.0,283
2014-03-18,270.0,280.0,283
2014-03-19,270.0,280.0,279
2014-03-20,270.0,280.0,275
2014-03-21,270.0,280.0,284
2014-03-22,270.0,279.0,268
2014-03-23,270.0,279.0,268
2014-03-24,269.0,278.0,271
2014-03-25,268.0,278.0,277
2014-03-26,267.0,278.0,256
2014-03-27,267.0,277.0,259
2014-03-28,268.0,277.0,288
2014-03-29,268.0,276.0,283
2014-03-30,268.0,276.0,283
2014-03-31,268.0,277.0,283
2014-04-01,268.0,277.0,281
2014-04-02,269.0,277.0,286
2014-04-03,269.0,277.0,282
2014-04-04,268.0,277.0,257
2014-04-05,267.0,276.0,237
2014-04-06,265.0,274.0,239
2014-04-07,265.0,274.0,287
2014-04-08,264.0,274.0,278
2014-04-09,265.0,274.0,273
2014-04-10,264.0,274.0,274
2014-04-11,264.0,274.0,272
2014-04-12,264.0,273.0,269
2014-04-13,264.0,273.0,269
2014-04-14,264.0,273.0,270
2014-04-15,264.0,273.0,271
2014-04-16,264.0,272.0,269
2014-04-17,263.0,272.0,268
2014-04-18,263.0,271.0,262
2014-04-19,262.0,271.0,257
2014-04-20,262.0,270.0,259
2014-04-21,262.0,270.0,279
2014-04-22,262.0,270.0,268
2014-04-23,263.0,271.0,285
2014-04-24,263.0,271.0,282
2014-04-25,264.0,271.0,274
2014-04-26,264.0,272.0,263
2014-04-27,263.0,271.0,262
2014-04-28,262.0,270.0,264
2014-04-29,261.0,270.0,283
2014-04-30,261.0,269.0,257
2014-05-01,261.0,269.0,284
2014-05-02,261.0,269.0,282
2014-05-03,262.0,269.0,280
2014-05-04,263.0,270.0,280
2014-05-05,264.0,271.0,284
2014-05-06,265.0,273.0,280
2014-05-07,265.0,272.0,274
2014-05-08,265.0,272.0,276
2014-05-09,263.0,272.0,249
2014-05-10,262.0,270.0,241
2014-05-11,262.0,269.0,243
2014-05-12,261.0,269.0,246
2014-05-13,260.0,268.0,238
2014-05-14,258.0,266.0,235
2014-05-15,257.0,265.0,231
2014-05-16,256.0,264.0,228
2014-05-17,256.0,264.0,263
2014-05-18,256.0,264.0,263
2014-05-19,256.0,264.0,266
2014-05-20,256.0,264.0,266
2014-05-21,256.0,264.0,261
2014-05-22,255.0,263.0,256
2014-05-23,254.0,262.0,255
2014-05-24,254.0,261.0,252
2014-05-25,253.0,260.0,252
2014-05-26,253.0,260.0,249
2014-05-27,252.0,260.0,257
2014-05-28,252.0,260.0,261
2014-05-29,253.0,260.0,279
2014-05-30,253.0,260.0,277
2014-05-31,253.0,260.0,268
2014-06-01,253.0,259.0,268
2014-06-02,252.0,259.0,270
2014-06-03,252.0,259.0,269
2014-06-04,251.0,258.0,271
2014-06-05,251.0,258.0,268
2014-06-06,251.0,258.0,270
2014-06-07,251.0,257.0,268
2014-06-08,253.0,258.0,268
2014-06-09,254.0,259.0,272
2014-06-10,255.0,260.0,269
2014-06-11,256.0,261.0,272
2014-06-12,257.0,262.0,269
2014-06-13,258.0,264.0,288
2014-06-14,260.0,265.0,283
2014-06-15,262.0,267.0,281
2014-06-16,262.0,268.0,288
2014-06-17,262.0,268.0,261
2014-06-18,262.0,268.0,280
2014-06-19,263.0,269.0,278
2014-06-20,263.0,269.0,277
2014-06-21,264.0,270.0,266
2014-06-22,264.0,270.0,269
2014-06-23,265.0,271.0,277
2014-06-24,266.0,272.0,279
2014-06-25,267.0,273.0,290
2014-06-26,268.0,274.0,285
2014-06-27,269.0,275.0,285
2014-06-28,269.0,275.0,285
2014-06-29,270.0,275.0,286
2014-06-30,270.0,276.0,290
2014-07-01,270.0,276.0,272
2014-07-02,270.0,277.0,280
2014-07-03,270.0,277.0,273
2014-07-04,270.0,277.0,268
2014-07-05,271.0,277.0,269
2014-07-06,271.0,277.0,270
2014-07-07,270.0,277.0,271
2014-07-08,270.0,277.0,270
2014-07-09,270.0,277.0,267
2014-07-10,270.0,276.0,264
2014-07-11,269.0,276.0,260
2014-07-12,268.0,275.0,252
2014-07-13,267.0,274.0,247
2014-07-14,266.0,273.0,260
2014-07-15,265.0,272.0,251
2014-07-16,265.0,272.0,285
2014-07-17,266.0,273.0,273
2014-07-18,265.0,272.0,271
2014-07-19,265.0,272.0,269
2014-07-20,265.0,272.0,270
2014-07-21,265.0,272.0,278
2014-07-22,264.0,272.0,262
2014-07-23,264.0,272.0,267
2014-07-24,264.0,271.0,268
2014-07-25,264.0,271.0,270
2014-07-26,263.0,270.0,262
2014-07-27,262.0,269.0,263
2014-07-28,262.0,269.0,268
2014-07-29,261.0,269.0,291
2014-07-30,261.0,268.0,278
2014-07-31,261.0,268.0,275
2014-08-01,261.0,268.0,264
2014-08-02,260.0,267.0,255
2014-08-03,260.0,267.0,255
2014-08-04,260.0,267.0,264
2014-08-05,259.0,266.0,261
2014-08-06,259.0,267.0,285
2014-08-07,260.0,267.0,275
2014-08-08,260.0,267.0,274
2014-08-09,260.0,267.0,266
2014-08-10,260.0,267.0,262
2014-08-11,261.0,268.0,263
2014-08-12,261.0,268.0,266
2014-08-13,262.0,269.0,280
2014-08-14,262.0,270.0,271
2014-08-15,262.0,269.0,274
2014-08-16,262.0,269.0,267
2014-08-17,262.0,269.0,266
2014-08-18,261.0,269.0,273
2014-08-19,261.0,269.0,257
2014-08-20,260.0,268.0,253
2014-08-21,261.0,268.0,277
2014-08-22,261.0,269.0,277
2014-08-23,262.0,269.0,271
2014-08-24,262.0,269.0,271
2014-08-25,262.0,269.0,275
2014-08-26,262.0,269.0,269
2014-08-27,262.0,270.0,283
2014-08-28,262.0,270.0,278
2014-08-29,262.0,269.0,268
2014-08-30,262.0,269.0,265
2014-08-31,262.0,269.0,266
2014-09-01,262.0,269.0,266
2014-09-02,262.0,269.0,246
2014-09-03,262.0,270.0,284
2014-09-04,263.0,270.0,280
2014-09-05,263.0,270.0,284
2014-09-06,264.0,270.0,278
2014-09-07,264.0,271.0,280
2014-09-08,264.0,271.0,281
2014-09-09,264.0,271.0,275
2014-09-10,264.0,272.0,268
2014-09-11,265.0,272.0,264
2014-09-12,264.0,271.0,261
2014-09-13,264.0,271.0,261
2014-09-14,264.0,270.0,261
2014-09-15,263.0,270.0,268
2014-09-16,263.0,270.0,248
2014-09-17,264.0,270.0,285
2014-09-18,264.0,271.0,280
2014-09-19,265.0,272.0,280
2014-09-20,266.0,272.0,281
2014-09-21,266.0,272.0,283
2014-09-22,266.0,273.0,288
2014-09-23,266.0,273.0,276
2014-09-24,266.0,273.0,271
2014-09-25,267.0,273.0,283
2014-09-26,267.0,273.0,283
2014-09-27,267.0,273.0,282
2014-09-28,268.0,274.0,283
2014-09-29,268.0,274.0,283
2014-09-30,268.0,275.0,283
2014-10-01,270.0,276.0,287
2014-10-02,271.0,277.0,282
2014-10-03,271.0,277.0,281
2014-10-04,271.0,277.0,277
2014-10-05,271.0,276.0,278
2014-10-06,271.0,277.0,284
2014-10-07,270.0,277.0,280
2014-10-08,270.0,276.0,275
2014-10-09,270.0,277.0,285
2014-10-10,271.0,277.0,275
2014-10-11,271.0,277.0,270
2014-10-12,272.0,278.0,275
2014-10-13,272.0,278.0,276
2014-10-14,271.0,279.0,278
2014-10-15,272.0,279.0,277
2014-10-16,273.0,280.0,275
2014-10-17,273.0,280.0,282
2014-10-18,273.0,280.0,275
2014-10-19,273.0,280.0,277
2014-10-20,273.0,280.0,282
2014-10-21,272.0,280.0,286
2014-10-22,271.0,279.0,260
2014-10-23,271.0,278.0,263
2014-10-24,271.0,278.0,271
2014-10-25,271.0,278.0,281
2014-10-26,271.0,278.0,280
2014-10-27,269.0,278.0,288
2014-10-28,268.0,277.0,245
2014-10-29,267.0,276.0,244
2014-10-30,266.0,275.0,254
2014-10-31,264.0,273.0,241
2014-11-01,263.0,272.0,238
2014-11-02,262.0,271.0,245
2014-11-03,261.0,270.0,253
2014-11-04,260.0,269.0,258
2014-11-05,259.0,268.0,254
2014-11-06,259.0,267.0,260
2014-11-07,257.0,266.0,242
2014-11-08,256.0,265.0,240
2014-11-09,256.0,264.0,243
2014-11-10,254.0,263.0,245
2014-11-11,252.0,261.0,228
2014-11-12,251.0,260.0,230
2014-11-13,250.0,258.0,233
2014-11-14,249.0,257.0,236
2014-11-15,248.0,256.0,232
2014-11-16,247.0,254.0,234
2014-11-17,245.0,253.0,241
2014-11-18,244.0,251.0,234
2014-11-19,242.0,250.0,237
2014-11-20,241.0,248.0,235
2014-11-21,240.0,247.0,224
2014-11-22,238.0,246.0,221
2014-11-23,237.0,244.0,223
2014-11-24,235.0,242.0,224
2014-11-25,232.0,240.0,223
2014-11-26,231.0,237.0,207
2014-11-27,230.0,236.0,200
2014-11-28,228.0,235.0,204
2014-11-29,227.0,233.0,197
2014-11-30,226.0,231.0,196
2014-12-01,224.0,230.0,202
2014-12-02,221.0,228.0,178
2014-12-03,219.0,225.0,176
2014-12-04,216.0,223.0,177
2014-12-05,214.0,220.0,179
2014-12-06,211.0,217.0,174
2014-12-07,209.0,215.0,175
2014-12-08,207.0,213.0,181
2014-12-09,204.0,211.0,171
2014-12-10,203.0,208.0,176
2014-12-11,201.0,207.0,177
2014-12-12,199.0,205.0,170
2014-12-13,196.0,202.0,166
2014-12-14,194.0,200.0,166
2014-12-15,192.0,198.0,173
2014-12-16,190.0,196.0,171
2014-12-17,188.0,194.0,171
2014-12-18,186.0,192.0,171
2014-12-19,183.0,189.0,169
2014-12-20,182.0,187.0,167
2014-12-21,180.0,185.0,167
2014-12-22,178.0,183.0,173
2014-12-23,175.0,181.0,157
2014-12-24,173.0,179.0,156
2014-12-25,171.0,177.0,152
2014-12-26,170.0,175.0,150
2014-12-27,168.0,173.0,150
2014-12-28,167.0,171.0,150
2014-12-29,165.0,170.0,159
2014-12-30,164.0,169.0,158
2014-12-31,163.0,167.0,157
2015-01-01,162.0,166.0,155
2015-01-02,162.0,166.0,155
2015-01-03,161.0,165.0,152
2015-01-04,160.0,164.0,152
2015-01-05,160.0,163.0,152
2015-01-06,159.0,163.0,153
2015-01-07,158.0,161.0,147
2015-01-08,157.0,161.0,146
2015-01-09,156.0,160.0,146
2015-01-10,155.0,158.0,140
2015-01-11,154.0,157.0,140
2015-01-12,153.0,157.0,148
2015-01-13,152.0,156.0,141
2015-01-14,151.0,155.0,148
2015-01-15,151.0,154.0,146
2015-01-16,150.0,153.0,146
2015-01-17,149.0,152.0,143
2015-01-18,149.0,152.0,149
2015-01-19,148.0,151.0,151
2015-01-20,147.0,151.0,155
2015-01-21,147.0,150.0,145
2015-01-22,146.0,150.0,144
2015-01-23,146.0,149.0,136
2015-01-24,145.0,148.0,135
2015-01-25,145.0,148.0,137
2015-01-26,144.0,148.0,139
2015-01-27,144.0,147.0,134
2015-01-28,143.0,146.0,138
2015-01-29,142.0,146.0,141
2015-01-30,142.0,145.0,140
2015-01-31,141.0,145.0,137
2015-02-01,141.0,144.0,140
2015-02-02,140.0,144.0,141
2015-02-03,140.0,143.0,145
2015-02-04,140.0,143.0,138
2015-02-05,139.0,143.0,140
2015-02-06,139.0,142.0,142
2015-02-07,139.0,142.0,134
2015-02-08,139.0,142.0,135
2015-02-09,138.0,142.0,140
2015-02-10,138.0,142.0,141
2015-02-11,138.0,141.0,142
2015-02-12,138.0,142.0,143
2015-02-13,138.0,141.0,137
2015-02-14,138.0,141.0,135
2015-02-15,138.0,140.0,135
2015-02-16,137.0,140.0,135
2015-02-17,137.0,140.0,138
2015-02-18,136.0,139.0,132
2015-02-19,135.0,138.0,132
2015-02-20,135.0,138.0,144
2015-02-21,136.0,138.0,141
2015-02-22,136.0,138.0,140
2015-02-23,136.0,139.0,149
2015-02-24,137.0,140.0,170
2015-02-25,138.0,141.0,175
2015-02-26,140.0,143.0,179
2015-02-27,141.0,144.0,178
2015-02-28,142.0,145.0,175
2015-03-01,144.0,147.0,184
2015-03-02,146.0,149.0,209
2015-03-03,148.0,151.0,206
2015-03-04,150.0,154.0,211
2015-03-05,152.0,155.0,195
2015-03-06,157.0,161.0,302
2015-03-07,162.0,166.0,298
2015-03-08,168.0,171.0,299
2015-03-09,173.0,177.0,306
2015-03-10,178.0,183.0,305
2015-03-11,183.0,188.0,299
2015-03-12,188.0,193.0,294
2015-03-13,193.0,198.0,292
2015-03-14,198.0,203.0,284
2015-03-15,202.0,208.0,283
2015-03-16,207.0,213.0,286
2015-03-17,212.0,218.0,288
2015-03-18,217.0,223.0,285
2015-03-19,222.0,228.0,288
2015-03-20,227.0,233.0,286
2015-03-21,233.0,238.0,289
2015-03-22,238.0,243.0,290
2015-03-23,242.0,248.0,293
2015-03-24,247.0,253.0,279
2015-03-25,251.0,257.0,280
2015-03-26,255.0,261.0,278
2015-03-27,258.0,264.0,275
2015-03-28,261.0,267.0,259
2015-03-29,264.0,269.0,264
2015-03-30,267.0,273.0,283
2015-03-31,270.0,277.0,296
2015-04-01,273.0,279.0,288
2015-04-02,275.0,282.0,285
2015-04-03,278.0,284.0,286
2015-04-04,281.0,287.0,276
2015-04-05,280.0,286.0,278
2015-04-06,279.0,286.0,281
2015-04-07,279.0,285.0,284
2015-04-08,278.0,284.0,281
2015-04-09,277.0,284.0,277
2015-04-10,277.0,283.0,286
2015-04-11,276.0,283.0,277
2015-04-12,276.0,282.0,274
2015-04-13,276.0,282.0,287
2015-04-14,276.0,282.0,290
2015-04-15,276.0,283.0,293
2015-04-16,276.0,282.0,287
2015-04-17,276.0,283.0,288
2015-04-18,276.0,282.0,284
2015-04-19,276.0,282.0,284
2015-04-20,276.0,282.0,290
2015-04-21,276.0,282.0,289
2015-04-22,276.0,283.0,297
2015-04-23,277.0,283.0,303
2015-04-24,277.0,284.0,297
2015-04-25,278.0,284.0,292
2015-04-26,279.0,285.0,292
2015-04-27,280.0,286.0,306
2015-04-28,281.0,288.0,298
2015-04-29,281.0,288.0,297
2015-04-30,281.0,288.0,291
2015-05-01,281.0,288.0,286
2015-05-02,281.0,288.0,283
2015-05-03,281.0,288.0,281
2015-05-04,282.0,288.0,291
2015-05-05,282.0,288.0,286
2015-05-06,282.0,288.0,283
2015-05-07,282.0,289.0,292
2015-05-08,283.0,289.0,299
2015-05-09,284.0,290.0,291
2015-05-10,284.0,290.0,291
2015-05-11,285.0,291.0,305
2015-05-12,286.0,292.0,308
2015-05-13,286.0,292.0,300
2015-05-14,286.0,293.0,294
2015-05-15,286.0,292.0,289
2015-05-16,287.0,293.0,289
2015-05-17,287.0,293.0,290
2015-05-18,287.0,293.0,307
2015-05-19,287.0,293.0,286
2015-05-20,287.0,294.0,295
2015-05-21,287.0,294.0,289
2015-05-22,286.0,293.0,284
2015-05-23,286.0,292.0,275
2015-05-24,285.0,291.0,274
2015-05-25,285.0,291.0,282
2015-05-26,284.0,291.0,292
2015-05-27,284.0,291.0,295
2015-05-28,284.0,290.0,290
2015-05-29,284.0,291.0,300
2015-05-30,284.0,290.0,284
2015-05-31,284.0,290.0,283
2015-06-01,284.0,291.0,301
2015-06-02,284.0,291.0,294
2015-06-03,285.0,291.0,296
2015-06-04,285.0,292.0,300
2015-06-05,285.0,292.0,287
2015-06-06,284.0,292.0,276
2015-06-07,284.0,291.0,274
2015-06-08,283.0,291.0,290
2015-06-09,283.0,291.0,292
2015-06-10,283.0,290.0,292
2015-06-11,282.0,290.0,291
2015-06-12,282.0,289.0,286
2015-06-13,282.0,289.0,283
2015-06-14,281.0,289.0,281
2015-06-15,282.0,289.0,304
2015-06-16,282.0,290.0,303
2015-06-17,282.0,289.0,292
2015-06-18,282.0,289.0,291
2015-06-19,282.0,289.0,291
2015-06-20,282.0,289.0,287
2015-06-21,282.0,289.0,287
2015-06-22,283.0,290.0,291
2015-06-23,283.0,290.0,285
2015-06-24,283.0,290.0,295
2015-06-25,283.0,291.0,297
2015-06-26,283.0,291.0,294
2015-06-27,283.0,290.0,283
2015-06-28,283.0,290.0,282
2015-06-29,283.0,290.0,299
2015-06-30,284.0,291.0,303
2015-07-01,284.0,291.0,304
2015-07-02,285.0,291.0,305
2015-07-03,285.0,292.0,301
2015-07-04,286.0,292.0,303
2015-07-05,287.0,292.0,304
2015-07-06,287.0,293.0,303
2015-07-07,288.0,294.0,297
2015-07-08,288.0,294.0,297
2015-07-09,289.0,294.0,294
2015-07-10,288.0,294.0,287
2015-07-11,289.0,294.0,284
2015-07-12,289.0,294.0,283
2015-07-13,289.0,294.0,285
2015-07-14,289.0,294.0,284
2015-07-15,288.0,293.0,282
2015-07-16,288.0,292.0,280
2015-07-17,287.0,292.0,274
2015-07-18,286.0,291.0,266
2015-07-19,286.0,290.0,266
2015-07-20,285.0,290.0,270
2015-07-21,284.0,289.0,266
2015-07-22,283.0,288.0,259
2015-07-23,282.0,287.0,249
2015-07-24,282.0,286.0,280
2015-07-25,281.0,285.0,277
2015-07-26,281.0,285.0,276
2015-07-27,280.0,285.0,283
2015-07-28,280.0,284.0,265
2015-07-29,279.0,283.0,276
2015-07-30,279.0,283.0,293
2015-07-31,278.0,283.0,288
2015-08-01,277.0,282.0,274
2015-08-02,276.0,281.0,275
2015-08-03,275.0,280.0,281
2015-08-04,274.0,279.0,272
2015-08-05,273.0,278.0,290
2015-08-06,272.0,278.0,284
2015-08-07,272.0,278.0,286
2015-08-08,272.0,277.0,283
2015-08-09,272.0,277.0,279
2015-08-10,271.0,277.0,285
2015-08-11,272.0,277.0,292
2015-08-12,272.0,278.0,294
2015-08-13,272.0,278.0,296
2015-08-14,273.0,279.0,298
2015-08-15,274.0,279.0,295
2015-08-16,275.0,280.0,295
2015-08-17,276.0,281.0,298
2015-08-18,276.0,282.0,295
2015-08-19,277.0,283.0,294
2015-08-20,278.0,283.0,284
2015-08-21,278.0,284.0,275
2015-08-22,279.0,285.0,274
2015-08-23,279.0,284.0,275
2015-08-24,279.0,284.0,277
2015-08-25,280.0,285.0,297
2015-08-26,280.0,286.0,296
2015-08-27,282.0,286.0,294
2015-08-28,282.0,287.0,291
2015-08-29,282.0,287.0,285
2015-08-30,282.0,287.0,285
2015-08-31,283.0,287.0,296
2015-09-01,283.0,288.0,297
2015-09-02,284.0,288.0,291
2015-09-03,284.0,289.0,284
2015-09-04,284.0,289.0,295
2015-09-05,285.0,289.0,290
2015-09-06,285.0,289.0,291
2015-09-07,285.0,290.0,292
2015-09-08,285.0,290.0,290
2015-09-09,286.0,290.0,286
2015-09-10,285.0,290.0,281
2015-09-11,285.0,289.0,279
2015-09-12,284.0,288.0,275
2015-09-13,283.0,288.0,276
2015-09-14,283.0,287.0,283
2015-09-15,282.0,287.0,279
2015-09-16,281.0,286.0,274
2015-09-17,280.0,285.0,270
2015-09-18,279.0,285.0,275
2015-09-19,279.0,284.0,265
2015-09-20,279.0,284.0,265
2015-09-21,279.0,284.0,286
2015-09-22,279.0,284.0,283
2015-09-23,279.0,284.0,280
2015-09-24,278.0,284.0,277
2015-09-25,278.0,283.0,275
2015-09-26,277.0,282.0,267
2015-09-27,276.0,281.0,270
2015-09-28,276.0,282.0,296
2015-09-29,276.0,282.0,295
2015-09-30,276.0,282.0,293
2015-10-01,277.0,282.0,301
2015-10-02,277.0,283.0,303
2015-10-03,278.0,283.0,295
2015-10-04,278.0,283.0,293
2015-10-05,277.0,283.0,294
2015-10-06,277.0,283.0,283
2015-10-07,277.0,282.0,283
2015-10-08,277.0,282.0,286
2015-10-09,277.0,282.0,285
2015-10-10,277.0,282.0,280
2015-10-11,277.0,282.0,280
2015-10-12,277.0,282.0,282
2015-10-13,277.0,283.0,285
2015-10-14,277.0,283.0,287
2015-10-15,277.0,283.0,282
2015-10-16,278.0,283.0,283
2015-10-17,278.0,284.0,284
2015-10-18,279.0,284.0,281
2015-10-19,280.0,286.0,314
2015-10-20,281.0,287.0,296
2015-10-21,281.0,287.0,300
2015-10-22,282.0,288.0,296
2015-10-23,282.0,288.0,295
2015-10-24,283.0,288.0,287
2015-10-25,283.0,289.0,288
2015-10-26,284.0,290.0,291
2015-10-27,284.0,290.0,288
2015-10-28,284.0,290.0,286
2015-10-29,283.0,289.0,281
2015-10-30,283.0,289.0,274
2015-10-31,282.0,288.0,274
2015-11-01,281.0,287.0,278
2015-11-02,281.0,287.0,285
2015-11-03,280.0,287.0,299
2015-11-04,281.0,287.0,289
2015-11-05,281.0,287.0,291
2015-11-06,281.0,287.0,292
2015-11-07,281.0,287.0,281
2015-11-08,281.0,287.0,280
2015-11-09,281.0,287.0,288
2015-11-10,281.0,288.0,300
2015-11-11,282.0,288.0,295
2015-11-12,283.0,289.0,301
2015-11-13,283.0,289.0,299
2015-11-14,284.0,290.0,297
2015-11-15,284.0,290.0,298
2015-11-16,285.0,291.0,301
2015-11-17,285.0,291.0,296
2015-11-18,285.0,291.0,300
2015-11-19,285.0,291.0,295
2015-11-20,286.0,291.0,301
2015-11-21,286.0,291.0,298
2015-11-22,286.0,291.0,298
2015-11-23,286.0,292.0,304
2015-11-24,286.0,292.0,296
2015-11-25,287.0,292.0,290
2015-11-26,287.0,292.0,286
2015-11-27,287.0,292.0,290
2015-11-28,288.0,292.0,289
2015-11-29,288.0,293.0,288
2015-11-30,288.0,293.0,288
2015-12-01,288.0,293.0,277
2015-12-02,289.0,293.0,295
2015-12-03,289.0,294.0,311
2015-12-04,290.0,294.0,299
2015-12-05,290.0,294.0,298
2015-12-06,290.0,295.0,299
2015-12-07,291.0,296.0,308
2015-12-08,292.0,296.0,307
2015-12-09,293.0,297.0,303
2015-12-10,293.0,297.0,304
2015-12-11,293.0,297.0,302
2015-12-12,293.0,297.0,297
2015-12-13,293.0,297.0,294
2015-12-14,293.0,297.0,301
2015-12-15,292.0,297.0,288
2015-12-16,292.0,296.0,287
2015-12-17,291.0,296.0,289
2015-12-18,291.0,296.0,292
2015-12-19,291.0,295.0,281
2015-12-20,290.0,295.0,281
2015-12-21,289.0,294.0,286
2015-12-22,289.0,294.0,289
2015-12-23,288.0,293.0,276
2015-12-24,287.0,292.0,272
2015-12-25,286.0,292.0,274
2015-12-26,286.0,291.0,274
2015-12-27,285.0,291.0,270
2015-12-28,284.0,290.0,280
2015-12-29,284.0,290.0,287
2015-12-30,285.0,290.0,288
2015-12-31,285.0,291.0,297
2016-01-01,285.0,291.0,297
2016-01-02,285.0,291.0,298
2016-01-03,285.0,290.0,295
2016-01-04,285.0,290.0,295
2016-01-05,285.0,290.0,295
2016-01-06,285.0,290.0,302
2016-01-07,285.0,290.0,301
2016-01-08,285.0,290.0,301
2016-01-09,284.0,290.0,300
2016-01-10,285.0,290.0,304
2016-01-11,285.0,290.0,303
2016-01-12,285.0,290.0,298
2016-01-13,285.0,290.0,300
2016-01-14,286.0,291.0,304
2016-01-15,286.0,291.0,300
2016-01-16,286.0,291.0,295
2016-01-17,287.0,291.0,296
2016-01-18,287.0,292.0,300
2016-01-19,288.0,293.0,306
2016-01-20,289.0,293.0,302
2016-01-21,289.0,294.0,297
2016-01-22,290.0,294.0,300
2016-01-23,291.0,295.0,296
2016-01-24,292.0,296.0,296
2016-01-25,293.0,297.0,300
2016-01-26,294.0,298.0,302
2016-01-27,295.0,299.0,301
2016-01-28,295.0,299.0,299
2016-01-29,295.0,299.0,294
2016-01-30,295.0,299.0,294
2016-01-31,295.0,299.0,285
2016-02-01,294.0,298.0,292
2016-02-02,294.0,298.0,290
2016-02-03,295.0,299.0,311
2016-02-04,295.0,299.0,311
2016-02-05,295.0,299.0,304
2016-02-06,295.0,299.0,297
2016-02-07,295.0,299.0,299
2016-02-08,295.0,300.0,310
2016-02-09,295.0,299.0,300
2016-02-10,295.0,299.0,303
2016-02-11,295.0,300.0,301
2016-02-12,295.0,299.0,297
2016-02-13,294.0,299.0,292
2016-02-14,294.0,299.0,292
2016-02-15,294.0,299.0,290
2016-02-16,294.0,299.0,300
2016-02-17,294.0,299.0,303
2016-02-18,294.0,298.0,296
2016-02-19,294.0,298.0,294
2016-02-20,294.0,298.0,292
2016-02-21,293.0,298.0,292
2016-02-22,293.0,298.0,295
2016-02-23,293.0,298.0,294
2016-02-24,293.0,297.0,291
2016-02-25,292.0,297.0,290
2016-02-26,292.0,296.0,285
2016-02-27,292.0,296.0,285
2016-02-28,291.0,296.0,290
2016-02-29,291.0,296.0,290
2016-03-01,292.0,296.0,294
2016-03-02,291.0,296.0,295
2016-03-03,292.0,296.0,292
2016-03-04,291.0,296.0,292
2016-03-05,290.0,295.0,287
2016-03-06,290.0,294.0,289
2016-03-07,290.0,294.0,290
2016-03-08,290.0,294.0,301
2016-03-09,289.0,294.0,297
2016-03-10,289.0,293.0,289
2016-03-11,289.0,293.0,293
2016-03-12,288.0,292.0,288
2016-03-13,288.0,292.0,284
2016-03-14,288.0,292.0,289
2016-03-15,288.0,292.0,286
2016-03-16,288.0,292.0,290
2016-03-17,287.0,292.0,294
2016-03-18,287.0,291.0,292
2016-03-19,287.0,291.0,289
2016-03-20,287.0,291.0,288
2016-03-21,287.0,291.0,293
2016-03-22,286.0,291.0,289
2016-03-23,287.0,291.0,294
2016-03-24,287.0,291.0,298
2016-03-25,287.0,291.0,294
2016-03-26,287.0,291.0,293
2016-03-27,287.0,291.0,291
2016-03-28,288.0,292.0,296
2016-03-29,288.0,292.0,299
2016-03-30,288.0,292.0,294
2016-03-31,288.0,292.0,293
2016-04-01,288.0,292.0,293
2016-04-02,288.0,292.0,286
2016-04-03,288.0,292.0,286
2016-04-04,288.0,292.0,294
2016-04-05,288.0,292.0,295
2016-04-06,288.0,292.0,296
2016-04-07,288.0,292.0,296
2016-04-08,288.0,292.0,293
2016-04-09,288.0,292.0,290
2016-04-10,288.0,292.0,286
2016-04-11,288.0,292.0,288
2016-04-12,288.0,292.0,288
2016-04-13,288.0,292.0,289
2016-04-14,288.0,292.0,288
2016-04-15,288.0,292.0,287
2016-04-16,287.0,291.0,284
2016-04-17,287.0,291.0,284
2016-04-18,287.0,291.0,292
2016-04-19,287.0,291.0,286
2016-04-20,287.0,291.0,293
2016-04-21,286.0,291.0,289
2016-04-22,287.0,291.0,296
2016-04-23,286.0,291.0,295
2016-04-24,286.0,291.0,287
2016-04-25,286.0,291.0,294
2016-04-26,286.0,291.0,295
2016-04-27,286.0,291.0,293
2016-04-28,285.0,291.0,286
2016-04-29,286.0,291.0,303
2016-04-30,286.0,291.0,295
2016-05-01,286.0,291.0,297
2016-05-02,286.0,292.0,308
2016-05-03,287.0,292.0,304
2016-05-04,287.0,293.0,303
2016-05-05,287.0,293.0,301
2016-05-06,287.0,293.0,303
2016-05-07,288.0,293.0,298
2016-05-08,288.0,293.0,296
2016-05-09,288.0,294.0,300
2016-05-10,288.0,294.0,292
2016-05-11,289.0,294.0,298
2016-05-12,289.0,294.0,299
2016-05-13,289.0,295.0,297
2016-05-14,289.0,295.0,284
2016-05-15,289.0,295.0,285
2016-05-16,290.0,295.0,310
2016-05-17,290.0,296.0,308
2016-05-18,291.0,297.0,306
2016-05-19,291.0,297.0,302
2016-05-20,292.0,298.0,301
2016-05-21,292.0,298.0,295
2016-05-22,292.0,298.0,295
2016-05-23,292.0,298.0,303
2016-05-24,293.0,298.0,304
2016-05-25,293.0,299.0,305
2016-05-26,294.0,299.0,307
2016-05-27,294.0,299.0,299
2016-05-28,295.0,300.0,300
2016-05-29,295.0,300.0,298
2016-05-30,295.0,300.0,299
2016-05-31,295.0,300.0,299
2016-06-01,295.0,300.0,299
2016-06-02,295.0,300.0,301
2016-06-03,295.0,299.0,299
2016-06-04,295.0,299.0,297
2016-06-05,295.0,299.0,295
2016-06-06,294.0,299.0,302
2016-06-07,292.0,298.0,264
2016-06-08,292.0,298.0,289
2016-06-09,292.0,298.0,296
2016-06-10,292.0,298.0,290
2016-06-11,292.0,297.0,291
2016-06-12,292.0,297.0,290
2016-06-13,292.0,297.0,295
2016-06-14,292.0,298.0,292
2016-06-15,292.0,297.0,296
2016-06-16,292.0,297.0,295
2016-06-17,292.0,296.0,296
2016-06-18,291.0,296.0,296
2016-06-19,291.0,296.0,297
2016-06-20,291.0,296.0,301
2016-06-21,291.0,296.0,294
2016-06-22,291.0,296.0,300
2016-06-23,291.0,296.0,296
2016-06-24,291.0,296.0,295
2016-06-25,290.0,295.0,293
2016-06-26,290.0,295.0,295
2016-06-27,290.0,295.0,304
2016-06-28,290.0,295.0,298
2016-06-29,290.0,295.0,305
2016-06-30,291.0,296.0,312
2016-07-01,291.0,296.0,311
2016-07-02,291.0,296.0,300
2016-07-03,291.0,296.0,298
2016-07-04,291.0,296.0,300
2016-07-05,291.0,296.0,303
2016-07-06,292.0,296.0,299
2016-07-07,293.0,298.0,298
2016-07-08,293.0,298.0,292
2016-07-09,293.0,297.0,285
2016-07-10,293.0,297.0,286
2016-07-11,293.0,297.0,289
2016-07-12,293.0,297.0,291
2016-07-13,293.0,297.0,300
2016-07-14,293.0,298.0,300
2016-07-15,293.0,297.0,295
2016-07-16,293.0,297.0,287
2016-07-17,292.0,297.0,287
2016-07-18,292.0,297.0,295
2016-07-19,292.0,297.0,295
2016-07-20,292.0,297.0,297
2016-07-21,292.0,297.0,296
2016-07-22,291.0,297.0,294
2016-07-23,291.0,296.0,284
2016-07-24,291.0,296.0,286
2016-07-25,290.0,296.0,286
2016-07-26,290.0,295.0,286
2016-07-27,290.0,295.0,291
2016-07-28,289.0,295.0,290
2016-07-29,289.0,294.0,291
2016-07-30,289.0,294.0,294
2016-07-31,288.0,293.0,294
2016-08-01,288.0,293.0,297
2016-08-02,287.0,292.0,287
2016-08-03,287.0,292.0,284
2016-08-04,286.0,291.0,279
2016-08-05,286.0,291.0,292
2016-08-06,286.0,291.0,291
2016-08-07,286.0,291.0,291
2016-08-08,287.0,291.0,293
2016-08-09,287.0,291.0,289
2016-08-10,287.0,291.0,290
2016-08-11,287.0,291.0,292
2016-08-12,286.0,291.0,294
2016-08-13,286.0,291.0,293
2016-08-14,287.0,291.0,292
2016-08-15,287.0,291.0,299
2016-08-16,287.0,291.0,296
2016-08-17,287.0,291.0,297
2016-08-18,287.0,291.0,293
2016-08-19,287.0,291.0,295
2016-08-20,287.0,291.0,291
2016-08-21,288.0,291.0,291
2016-08-22,288.0,291.0,295
2016-08-23,288.0,292.0,297
2016-08-24,288.0,292.0,292
2016-08-25,288.0,292.0,285
2016-08-26,288.0,292.0,285
2016-08-27,288.0,291.0,284
2016-08-28,287.0,291.0,284
2016-08-29,287.0,291.0,292
2016-08-30,287.0,291.0,291
2016-08-31,287.0,291.0,285
2016-09-01,287.0,291.0,287
2016-09-02,287.0,291.0,288
2016-09-03,287.0,291.0,284
2016-09-04,287.0,291.0,284
2016-09-05,287.0,290.0,285
2016-09-06,287.0,290.0,285
2016-09-07,287.0,290.0,287
2016-09-08,287.0,290.0,291
2016-09-09,286.0,290.0,286
2016-09-10,286.0,290.0,280
2016-09-11,286.0,289.0,280
2016-09-12,285.0,289.0,291
2016-09-13,285.0,289.0,288
2016-09-14,285.0,289.0,290
2016-09-15,285.0,289.0,293
2016-09-16,285.0,288.0,289
2016-09-17,284.0,288.0,290
2016-09-18,284.0,288.0,287
2016-09-19,284.0,288.0,292
2016-09-20,284.0,288.0,287
2016-09-21,284.0,288.0,298
2016-09-22,284.0,288.0,294
2016-09-23,284.0,288.0,285
2016-09-24,283.0,287.0,276
2016-09-25,283.0,287.0,277
2016-09-26,283.0,287.0,279
2016-09-27,282.0,287.0,287
2016-09-28,282.0,287.0,283
2016-09-29,282.0,286.0,286
2016-09-30,282.0,286.0,284
2016-10-01,282.0,286.0,277
2016-10-02,282.0,286.0,283
2016-10-03,281.0,286.0,287
2016-10-04,281.0,286.0,284
2016-10-05,281.0,286.0,283
2016-10-06,281.0,286.0,291
2016-10-07,281.0,286.0,292
2016-10-08,281.0,286.0,290
2016-10-09,282.0,286.0,290
2016-10-10,282.0,287.0,291
2016-10-11,282.0,287.0,297
2016-10-12,282.0,288.0,298
2016-10-13,283.0,288.0,292
2016-10-14,283.0,288.0,294
2016-10-15,283.0,288.0,288
2016-10-16,283.0,288.0,289
2016-10-17,282.0,288.0,292
2016-10-18,282.0,288.0,288
2016-10-19,282.0,288.0,286
2016-10-20,282.0,288.0,286
2016-10-21,282.0,288.0,297
2016-10-22,282.0,288.0,293
2016-10-23,283.0,288.0,290
2016-10-24,283.0,288.0,294
2016-10-25,283.0,289.0,287
2016-10-26,283.0,289.0,292
2016-10-27,284.0,289.0,291
2016-10-28,284.0,289.0,289
2016-10-29,284.0,289.0,289
2016-10-30,284.0,290.0,289
2016-10-31,285.0,290.0,292
2016-11-01,285.0,290.0,293
2016-11-02,285.0,291.0,296
2016-11-03,286.0,291.0,295
2016-11-04,286.0,291.0,293
2016-11-05,286.0,291.0,291
2016-11-06,286.0,291.0,290
2016-11-07,286.0,292.0,299
2016-11-08,286.0,292.0,292
2016-11-09,286.0,292.0,291
2016-11-10,285.0,292.0,289
2016-11-11,285.0,291.0,280
2016-11-12,285.0,291.0,281
2016-11-13,285.0,290.0,281
2016-11-14,284.0,290.0,283
2016-11-15,284.0,290.0,283
2016-11-16,284.0,289.0,284
2016-11-17,284.0,289.0,284
2016-11-18,284.0,289.0,284
2016-11-19,284.0,289.0,281
2016-11-20,283.0,289.0,281
2016-11-21,283.0,288.0,288
2016-11-22,283.0,288.0,288
2016-11-23,283.0,288.0,289
2016-11-24,283.0,288.0,285
2016-11-25,283.0,288.0,284
2016-11-26,283.0,288.0,287
2016-11-27,283.0,287.0,282
2016-11-28,283.0,287.0,283
2016-11-29,283.0,287.0,287
2016-11-30,283.0,287.0,290
2016-12-01,282.0,287.0,283
2016-12-02,282.0,286.0,280
2016-12-03,281.0,286.0,279
2016-12-04,281.0,285.0,279
2016-12-05,281.0,285.0,292
2016-12-06,281.0,286.0,299
2016-12-07,281.0,286.0,297
2016-12-08,281.0,286.0,300
2016-12-09,281.0,286.0,300
2016-12-10,282.0,286.0,292
2016-12-11,282.0,287.0,290
2016-12-12,282.0,287.0,293
2016-12-13,283.0,287.0,291
2016-12-14,283.0,288.0,293
2016-12-15,283.0,288.0,293
2016-12-16,284.0,288.0,291
2016-12-17,284.0,288.0,288
2016-12-18,284.0,288.0,287
2016-12-19,284.0,289.0,292
2016-12-20,284.0,289.0,290
2016-12-21,285.0,289.0,291
2016-12-22,285.0,289.0,290
2016-12-23,285.0,289.0,289
2016-12-24,285.0,289.0,284
2016-12-25,285.0,289.0,285
2016-12-26,285.0,289.0,286
2016-12-27,285.0,290.0,292
2016-12-28,285.0,290.0,285
2016-12-29,285.0,289.0,280
2016-12-30,284.0,289.0,276
2016-12-31,284.0,289.0,275
2017-01-01,284.0,288.0,275
2017-01-02,284.0,288.0,275
2017-01-03,284.0,288.0,275
2017-01-04,284.0,288.0,284
2017-01-05,284.0,288.0,288
2017-01-06,283.0,287.0,282
2017-01-07,283.0,286.0,277
2017-01-08,282.0,286.0,277
2017-01-09,281.0,285.0,279
2017-01-10,281.0,285.0,273
2017-01-11,280.0,284.0,280
2017-01-12,280.0,284.0,289
2017-01-13,280.0,284.0,291
2017-01-14,280.0,284.0,288
2017-01-15,280.0,284.0,289
2017-01-16,280.0,284.0,290
2017-01-17,280.0,284.0,291
2017-01-18,280.0,284.0,294
2017-01-19,280.0,284.0,293
2017-01-20,281.0,284.0,297
2017-01-21,281.0,284.0,292
2017-01-22,281.0,284.0,292
2017-01-23,281.0,285.0,291
2017-01-24,281.0,285.0,296
2017-01-25,281.0,285.0,293
2017-01-26,281.0,285.0,294
2017-01-27,282.0,286.0,290
2017-01-28,282.0,286.0,289
2017-01-29,283.0,286.0,288
2017-01-30,283.0,287.0,294
2017-01-31,284.0,288.0,296
2017-02-01,284.0,288.0,297
2017-02-02,285.0,289.0,291
2017-02-03,285.0,289.0,293
2017-02-04,285.0,289.0,292
2017-02-05,286.0,290.0,292
2017-02-06,286.0,290.0,299
2017-02-07,287.0,291.0,301
2017-02-08,287.0,292.0,298
2017-02-09,288.0,292.0,292
2017-02-10,289.0,293.0,291
2017-02-11,289.0,293.0,288
2017-02-12,289.0,293.0,289
2017-02-13,288.0,293.0,290
2017-02-14,288.0,293.0,286
2017-02-15,288.0,293.0,292
2017-02-16,288.0,293.0,291
2017-02-17,288.0,292.0,286
2017-02-18,288.0,292.0,285
2017-02-19,288.0,292.0,287
2017-02-20,288.0,292.0,289
2017-02-21,288.0,292.0,303
2017-02-22,287.0,292.0,300
2017-02-23,287.0,292.0,290
2017-02-24,287.0,292.0,290
2017-02-25,287.0,292.0,288
2017-02-26,287.0,292.0,289
2017-02-27,287.0,292.0,295
2017-02-28,287.0,292.0,297
2017-03-01,287.0,292.0,296
2017-03-02,287.0,292.0,293
2017-03-03,286.0,292.0,283
2017-03-04,286.0,291.0,276
2017-03-05,285.0,291.0,277
2017-03-06,285.0,290.0,277
2017-03-07,285.0,290.0,289
2017-03-08,285.0,290.0,296
2017-03-09,284.0,290.0,290
2017-03-10,284.0,290.0,291
2017-03-11,284.0,289.0,290
2017-03-12,284.0,289.0,290
2017-03-13,285.0,290.0,299
2017-03-14,285.0,290.0,293
2017-03-15,285.0,290.0,298
2017-03-16,286.0,291.0,303
2017-03-17,286.0,291.0,301
2017-03-18,286.0,291.0,293
2017-03-19,287.0,291.0,293
2017-03-20,287.0,292.0,300
2017-03-21,287.0,292.0,290
2017-03-22,287.0,292.0,297
2017-03-23,286.0,292.0,288
2017-03-24,286.0,291.0,288
2017-03-25,286.0,291.0,285
2017-03-26,286.0,291.0,285
2017-03-27,286.0,291.0,292
2017-03-28,286.0,291.0,297
2017-03-29,286.0,292.0,304
2017-03-30,286.0,292.0,302
2017-03-31,286.0,292.0,299
2017-04-01,287.0,292.0,296
2017-04-02,288.0,292.0,295
2017-04-03,289.0,293.0,305
2017-04-04,289.0,294.0,307
2017-04-05,290.0,295.0,302
2017-04-06,290.0,295.0,294
2017-04-07,290.0,295.0,296
2017-04-08,290.0,295.0,289
2017-04-09,290.0,295.0,290
2017-04-10,290.0,295.0,292
2017-04-11,290.0,296.0,295
2017-04-12,290.0,296.0,297
2017-04-13,290.0,296.0,301
2017-04-14,290.0,296.0,303
2017-04-15,290.0,296.0,302
2017-04-16,291.0,296.0,302
2017-04-17,291.0,296.0,309
2017-04-18,291.0,297.0,298
2017-04-19,291.0,297.0,303
2017-04-20,291.0,298.0,313
2017-04-21,292.0,298.0,304
2017-04-22,292.0,298.0,296
2017-04-23,293.0,298.0,297
2017-04-24,293.0,299.0,300
2017-04-25,293.0,299.0,300
2017-04-26,293.0,300.0,300
2017-04-27,293.0,299.0,293
2017-04-28,293.0,299.0,290
2017-04-29,292.0,299.0,288
2017-04-30,292.0,298.0,289
2017-05-01,292.0,298.0,295
2017-05-02,292.0,298.0,298
2017-05-03,292.0,298.0,299
2017-05-04,291.0,298.0,292
2017-05-05,291.0,297.0,289
2017-05-06,291.0,297.0,284
2017-05-07,291.0,296.0,284
2017-05-08,291.0,297.0,298
2017-05-09,290.0,297.0,285
2017-05-10,290.0,297.0,293
2017-05-11,290.0,296.0,290
2017-05-12,291.0,296.0,298
2017-05-13,290.0,296.0,295
2017-05-14,290.0,296.0,297
2017-05-15,290.0,296.0,303
2017-05-16,289.0,296.0,294
2017-05-17,289.0,295.0,292
2017-05-18,289.0,295.0,293
2017-05-19,289.0,295.0,297
2017-05-20,288.0,294.0,288
2017-05-21,288.0,293.0,287
2017-05-22,287.0,293.0,293
2017-05-23,287.0,293.0,286
2017-05-24,286.0,293.0,288
2017-05-25,286.0,292.0,289
2017-05-26,286.0,292.0,286
2017-05-27,286.0,291.0,283
2017-05-28,285.0,291.0,286
2017-05-29,285.0,291.0,287
2017-05-30,285.0,291.0,291
2017-05-31,284.0,291.0,277
2017-06-01,283.0,290.0,271
2017-06-02,282.0,289.0,279
2017-06-03,282.0,289.0,281
2017-06-04,282.0,289.0,282
2017-06-05,282.0,289.0,296
2017-06-06,282.0,289.0,290
2017-06-07,282.0,289.0,293
2017-06-08,282.0,289.0,294
2017-06-09,282.0,289.0,294
2017-06-10,282.0,290.0,295
2017-06-11,282.0,289.0,293
2017-06-12,282.0,289.0,290
2017-06-13,281.0,289.0,285
2017-06-14,281.0,288.0,288
2017-06-15,281.0,288.0,290
2017-06-16,281.0,288.0,289
2017-06-17,281.0,288.0,286
2017-06-18,281.0,287.0,286
2017-06-19,281.0,288.0,296
2017-06-20,281.0,288.0,288
2017-06-21,281.0,288.0,297
2017-06-22,281.0,288.0,294
2017-06-23,282.0,289.0,301
2017-06-24,282.0,289.0,295
2017-06-25,283.0,289.0,294
2017-06-26,283.0,290.0,309
2017-06-27,284.0,290.0,300
2017-06-28,284.0,291.0,304
2017-06-29,285.0,291.0,302
2017-06-30,286.0,292.0,302
2017-07-01,287.0,293.0,296
2017-07-02,287.0,294.0,296
2017-07-03,288.0,294.0,303
2017-07-04,288.0,295.0,295
2017-07-05,288.0,295.0,294
2017-07-06,288.0,294.0,285
2017-07-07,288.0,295.0,295
2017-07-08,288.0,294.0,287
2017-07-09,288.0,294.0,287
2017-07-10,288.0,294.0,294
2017-07-11,287.0,294.0,293
2017-07-12,288.0,294.0,291
2017-07-13,288.0,294.0,295
2017-07-14,288.0,294.0,286
2017-07-15,288.0,294.0,285
2017-07-16,288.0,294.0,286
2017-07-17,287.0,294.0,290
2017-07-18,287.0,294.0,284
2017-07-19,287.0,294.0,286
2017-07-20,287.0,294.0,290
2017-07-21,287.0,293.0,285
2017-07-22,287.0,293.0,282
2017-07-23,287.0,292.0,284
2017-07-24,286.0,292.0,287
2017-07-25,285.0,292.0,277
2017-07-26,285.0,291.0,288
2017-07-27,284.0,291.0,287
2017-07-28,284.0,290.0,284
2017-07-29,283.0,289.0,280
2017-07-30,283.0,288.0,281
2017-07-31,282.0,288.0,291
2017-08-01,282.0,288.0,287
2017-08-02,282.0,287.0,287
2017-08-03,282.0,287.0,290
2017-08-04,282.0,287.0,297
2017-08-05,282.0,288.0,290
2017-08-06,282.0,287.0,288
2017-08-07,282.0,287.0,292
2017-08-08,282.0,288.0,288
2017-08-09,281.0,287.0,286
2017-08-10,282.0,287.0,296
2017-08-11,282.0,288.0,298
2017-08-12,282.0,287.0,292
2017-08-13,282.0,288.0,291
2017-08-14,282.0,288.0,298
2017-08-15,282.0,288.0,294
2017-08-16,283.0,289.0,302
2017-08-17,283.0,289.0,294
2017-08-18,284.0,289.0,296
2017-08-19,284.0,289.0,289
2017-08-20,284.0,290.0,289
2017-08-21,284.0,290.0,297
2017-08-22,284.0,290.0,295
2017-08-23,284.0,290.0,290
2017-08-24,284.0,291.0,284
2017-08-25,285.0,291.0,291
2017-08-26,285.0,291.0,287
2017-08-27,285.0,291.0,287
2017-08-28,285.0,292.0,298
2017-08-29,285.0,292.0,294
2017-08-30,285.0,292.0,296
2017-08-31,285.0,292.0,289
2017-09-01,285.0,292.0,288
2017-09-02,285.0,292.0,285
2017-09-03,285.0,292.0,284
2017-09-04,285.0,291.0,283
2017-09-05,285.0,292.0,295
2017-09-06,286.0,292.0,296
2017-09-07,286.0,292.0,293
2017-09-08,286.0,292.0,293
2017-09-09,286.0,292.0,283
2017-09-10,285.0,291.0,283
2017-09-11,285.0,291.0,297
2017-09-12,285.0,292.0,296
2017-09-13,286.0,292.0,298
2017-09-14,285.0,291.0,289
2017-09-15,285.0,291.0,295
2017-09-16,285.0,291.0,288
2017-09-17,285.0,291.0,287
2017-09-18,285.0,291.0,295
2017-09-19,285.0,291.0,300
2017-09-20,286.0,292.0,306
2017-09-21,286.0,292.0,304
2017-09-22,287.0,292.0,302
2017-09-23,287.0,292.0,291
2017-09-24,287.0,292.0,293
2017-09-25,287.0,293.0,304
2017-09-26,288.0,294.0,301
2017-09-27,288.0,294.0,310
2017-09-28,289.0,294.0,309
2017-09-29,289.0,295.0,303
2017-09-30,290.0,295.0,296
2017-10-01,290.0,295.0,295
2017-10-02,290.0,296.0,300
2017-10-03,290.0,296.0,299
2017-10-04,291.0,297.0,310
2017-10-05,291.0,297.0,301
2017-10-06,291.0,297.0,302
2017-10-07,291.0,298.0,296
2017-10-08,292.0,298.0,297
2017-10-09,292.0,298.0,299
2017-10-10,293.0,299.0,306
2017-10-11,293.0,300.0,313
2017-10-12,293.0,300.0,306
2017-10-13,294.0,300.0,305
2017-10-14,294.0,300.0,301
2017-10-15,295.0,301.0,301
2017-10-16,295.0,301.0,305
2017-10-17,295.0,302.0,297
2017-10-18,295.0,302.0,302
2017-10-19,295.0,302.0,302
2017-10-20,295.0,302.0,302
2017-10-21,295.0,302.0,299
2017-10-22,296.0,301.0,298
2017-10-23,296.0,302.0,306
2017-10-24,296.0,302.0,301
2017-10-25,296.0,302.0,305
2017-10-26,296.0,302.0,308
2017-10-27,296.0,302.0,309
2017-10-28,296.0,302.0,296
2017-10-29,296.0,302.0,301
2017-10-30,296.0,302.0,304
2017-10-31,296.0,303.0,307
2017-11-01,296.0,303.0,304
2017-11-02,296.0,303.0,296
2017-11-03,296.0,302.0,295
2017-11-04,296.0,302.0,296
2017-11-05,296.0,302.0,297
2017-11-06,296.0,302.0,300
2017-11-07,296.0,302.0,293
2017-11-08,296.0,302.0,298
2017-11-09,295.0,301.0,295
2017-11-10,295.0,301.0,288
2017-11-11,294.0,300.0,290
2017-11-12,294.0,300.0,291
2017-11-13,294.0,299.0,295
2017-11-14,293.0,299.0,297
2017-11-15,294.0,299.0,302
2017-11-16,294.0,299.0,302
2017-11-17,294.0,299.0,298
2017-11-18,293.0,299.0,293
2017-11-19,293.0,299.0,293
2017-11-20,293.0,299.0,300
2017-11-21,293.0,299.0,302
2017-11-22,294.0,299.0,306
2017-11-23,294.0,299.0,302
2017-11-24,294.0,299.0,303
2017-11-25,294.0,298.0,298
2017-11-26,294.0,298.0,300
2017-11-27,294.0,298.0,302
2017-11-28,293.0,298.0,296
2017-11-29,293.0,298.0,302
2017-11-30,293.0,298.0,301
2017-12-01,293.0,298.0,304
2017-12-02,294.0,298.0,301
2017-12-03,294.0,298.0,302
2017-12-04,294.0,299.0,306
2017-12-05,294.0,299.0,306
2017-12-06,294.0,299.0,296
2017-12-07,294.0,299.0,298
2017-12-08,294.0,299.0,295
2017-12-09,294.0,299.0,294
2017-12-10,295.0,299.0,294
2017-12-11,295.0,300.0,306
2017-12-12,295.0,300.0,300
2017-12-13,295.0,300.0,306
2017-12-14,296.0,301.0,311
2017-12-15,296.0,300.0,298
2017-12-16,296.0,300.0,300
2017-12-17,296.0,300.0,299
2017-12-18,296.0,301.0,301
2017-12-19,296.0,301.0,290
2017-12-20,295.0,300.0,292
2017-12-21,294.0,300.0,285
2017-12-22,293.0,299.0,283
2017-12-23,293.0,298.0,275
2017-12-24,292.0,297.0,275
2017-12-25,291.0,296.0,277
2017-12-26,290.0,296.0,281
2017-12-27,290.0,296.0,295
2017-12-28,290.0,296.0,298
2017-12-29,290.0,296.0,296
2017-12-30,290.0,295.0,295
2017-12-31,290.0,295.0,295
2018-01-01,290.0,295.0,295
2018-01-02,290.0,295.0,297
2018-01-03,289.0,294.0,298
2018-01-04,289.0,294.0,287
2018-01-05,289.0,294.0,289
2018-01-06,289.0,293.0,288
2018-01-07,289.0,293.0,291
2018-01-08,289.0,293.0,296
2018-01-09,288.0,293.0,294
2018-01-10,288.0,293.0,306
2018-01-11,288.0,293.0,298
2018-01-12,288.0,293.0,300
2018-01-13,288.0,292.0,298
2018-01-14,288.0,292.0,299
2018-01-15,288.0,292.0,299
2018-01-16,288.0,293.0,305
2018-01-17,289.0,293.0,304
2018-01-18,289.0,293.0,305
2018-01-19,289.0,293.0,291
2018-01-20,289.0,293.0,291
2018-01-21,290.0,294.0,290
2018-01-22,290.0,294.0,293
2018-01-23,291.0,295.0,295
2018-01-24,291.0,296.0,300
2018-01-25,292.0,296.0,295
2018-01-26,291.0,296.0,285
2018-01-27,291.0,295.0,287
2018-01-28,291.0,295.0,288
2018-01-29,291.0,295.0,298
2018-01-30,290.0,295.0,295
2018-01-31,290.0,295.0,292
2018-02-01,290.0,295.0,286
2018-02-02,289.0,294.0,282
2018-02-03,289.0,294.0,281
2018-02-04,289.0,294.0,281
2018-02-05,289.0,294.0,289
2018-02-06,288.0,294.0,285
2018-02-07,288.0,293.0,289
2018-02-08,288.0,293.0,292
2018-02-09,288.0,293.0,288
2018-02-10,287.0,292.0,281
2018-02-11,287.0,292.0,282
2018-02-12,286.0,291.0,287
2018-02-13,285.0,291.0,280
2018-02-14,285.0,290.0,289
2018-02-15,284.0,290.0,288
2018-02-16,283.0,289.0,282
2018-02-17,283.0,288.0,280
2018-02-18,283.0,288.0,282
2018-02-19,282.0,287.0,281
2018-02-20,282.0,287.0,284
2018-02-21,281.0,287.0,285
2018-02-22,281.0,287.0,285
2018-02-23,281.0,286.0,282
2018-02-24,280.0,286.0,280
2018-02-25,280.0,285.0,282
2018-02-26,280.0,286.0,295
2018-02-27,280.0,286.0,287
2018-02-28,280.0,285.0,289
2018-03-01,279.0,285.0,287
2018-03-02,279.0,285.0,287
2018-03-03,279.0,285.0,281
2018-03-04,280.0,285.0,287
2018-03-05,280.0,285.0,293
2018-03-06,279.0,286.0,286
2018-03-07,279.0,285.0,276
2018-03-08,279.0,285.0,282
2018-03-09,279.0,285.0,282
2018-03-10,279.0,284.0,280
2018-03-11,279.0,284.0,281
2018-03-12,279.0,284.0,283
2018-03-13,279.0,284.0,282
2018-03-14,279.0,284.0,286
2018-03-15,278.0,284.0,274
2018-03-16,278.0,283.0,275
2018-03-17,278.0,283.0,276
2018-03-18,278.0,283.0,273
2018-03-19,277.0,283.0,284
2018-03-20,277.0,283.0,273
2018-03-21,277.0,282.0,271
2018-03-22,277.0,282.0,273
2018-03-23,276.0,281.0,271
2018-03-24,276.0,281.0,266
2018-03-25,275.0,280.0,266
2018-03-26,275.0,280.0,273
2018-03-27,275.0,280.0,271
2018-03-28,274.0,279.0,278
2018-03-29,274.0,279.0,280
2018-03-30,274.0,278.0,275
2018-03-31,273.0,278.0,273
2018-04-01,273.0,277.0,273
2018-04-02,273.0,277.0,275
2018-04-03,272.0,277.0,271
2018-04-04,272.0,276.0,280
2018-04-05,272.0,276.0,278
2018-04-06,271.0,276.0,273
2018-04-07,271.0,275.0,267
2018-04-08,271.0,275.0,267
2018-04-09,270.0,275.0,268
2018-04-10,270.0,274.0,270
2018-04-11,269.0,274.0,277
2018-04-12,269.0,274.0,275
2018-04-13,269.0,274.0,280
2018-04-14,270.0,274.0,277
2018-04-15,270.0,274.0,278
2018-04-16,270.0,274.0,284
2018-04-17,270.0,274.0,280
2018-04-18,270.0,274.0,283
2018-04-19,270.0,275.0,283
2018-04-20,270.0,275.0,285
2018-04-21,271.0,275.0,277
2018-04-22,271.0,275.0,276
2018-04-23,272.0,276.0,282
2018-04-24,272.0,276.0,286
2018-04-25,272.0,277.0,290
2018-04-26,273.0,277.0,277
2018-04-27,273.0,277.0,278
2018-04-28,273.0,277.0,274
2018-04-29,273.0,277.0,274
2018-04-30,273.0,277.0,283
2018-05-01,273.0,277.0,273
2018-05-02,273.0,277.0,276
2018-05-03,272.0,278.0,274
2018-05-04,272.0,277.0,272
2018-05-05,272.0,277.0,269
2018-05-06,273.0,277.0,273
2018-05-07,273.0,277.0,274
2018-05-08,273.0,278.0,277
2018-05-09,273.0,278.0,277
2018-05-10,273.0,278.0,279
2018-05-11,274.0,278.0,282
2018-05-12,274.0,278.0,279
2018-05-13,274.0,278.0,277
2018-05-14,274.0,278.0,282
2018-05-15,274.0,279.0,282
2018-05-16,274.0,279.0,297
2018-05-17,274.0,279.0,287
2018-05-18,274.0,279.0,285
2018-05-19,274.0,279.0,282
2018-05-20,275.0,279.0,284
2018-05-21,275.0,280.0,296
2018-05-22,275.0,280.0,286
2018-05-23,275.0,281.0,291
2018-05-24,275.0,281.0,289
2018-05-25,275.0,281.0,288
2018-05-26,275.0,281.0,277
2018-05-27,275.0,281.0,277
2018-05-28,275.0,281.0,280
2018-05-29,275.0,281.0,287
2018-05-30,276.0,281.0,291
2018-05-31,276.0,282.0,288
2018-06-01,276.0,282.0,281
2018-06-02,277.0,282.0,278
2018-06-03,277.0,282.0,278
2018-06-04,277.0,283.0,286
2018-06-05,277.0,283.0,285
2018-06-06,278.0,284.0,288
2018-06-07,279.0,284.0,293
2018-06-08,279.0,285.0,294
2018-06-09,279.0,285.0,287
2018-06-10,280.0,285.0,289
2018-06-11,280.0,286.0,297
2018-06-12,280.0,286.0,290
2018-06-13,280.0,287.0,293
2018-06-14,281.0,287.0,296
2018-06-15,281.0,287.0,297
2018-06-16,281.0,287.0,291
2018-06-17,282.0,288.0,291
2018-06-18,282.0,288.0,299
2018-06-19,282.0,288.0,290
2018-06-20,282.0,288.0,288
2018-06-21,282.0,288.0,286
2018-06-22,282.0,288.0,284
2018-06-23,282.0,288.0,279
2018-06-24,282.0,287.0,284
2018-06-25,282.0,288.0,288
2018-06-26,283.0,288.0,286
2018-06-27,283.0,289.0,295
2018-06-28,283.0,289.0,292
2018-06-29,283.0,289.0,292
2018-06-30,284.0,289.0,292
2018-07-01,285.0,289.0,293
2018-07-02,285.0,290.0,293
2018-07-03,285.0,290.0,289
2018-07-04,285.0,290.0,283
2018-07-05,285.0,290.0,286
2018-07-06,285.0,290.0,286
2018-07-07,285.0,290.0,279
2018-07-08,284.0,289.0,279
2018-07-09,284.0,289.0,286
2018-07-10,284.0,289.0,286
2018-07-11,284.0,289.0,287
2018-07-12,283.0,288.0,280
2018-07-13,283.0,288.0,276
2018-07-14,282.0,287.0,273
2018-07-15,282.0,286.0,275
2018-07-16,281.0,286.0,276
2018-07-17,280.0,285.0,279
2018-07-18,279.0,284.0,269
2018-07-19,278.0,284.0,269
2018-07-20,278.0,283.0,267
2018-07-21,277.0,282.0,266
2018-07-22,277.0,282.0,264
2018-07-23,276.0,281.0,267
2018-07-24,276.0,281.0,267
2018-07-25,275.0,280.0,264
2018-07-26,274.0,279.0,267
2018-07-27,274.0,279.0,285
2018-07-28,274.0,279.0,282
2018-07-29,273.0,278.0,283
2018-07-30,273.0,278.0,286
2018-07-31,273.0,278.0,287
2018-08-01,273.0,278.0,286
2018-08-02,273.0,278.0,290
2018-08-03,273.0,278.0,294
2018-08-04,273.0,278.0,290
2018-08-05,274.0,278.0,291
2018-08-06,274.0,279.0,294
2018-08-07,274.0,279.0,289
2018-08-08,274.0,279.0,288
2018-08-09,275.0,279.0,290
2018-08-10,275.0,279.0,289
2018-08-11,275.0,280.0,284
2018-08-12,276.0,280.0,286
2018-08-13,276.0,280.0,289
2018-08-14,277.0,281.0,287
2018-08-15,277.0,281.0,280
2018-08-16,277.0,281.0,282
2018-08-17,278.0,282.0,282
2018-08-18,278.0,282.0,279
2018-08-19,279.0,282.0,278
2018-08-20,279.0,283.0,283
2018-08-21,279.0,283.0,281
2018-08-22,279.0,284.0,273
2018-08-23,279.0,284.0,273
2018-08-24,279.0,284.0,272
2018-08-25,280.0,284.0,265
2018-08-26,279.0,283.0,267
2018-08-27,279.0,283.0,270
2018-08-28,278.0,283.0,272
2018-08-29,277.0,282.0,270
2018-08-30,277.0,281.0,263
2018-08-31,276.0,280.0,262
2018-09-01,274.0,279.0,256
2018-09-02,273.0,278.0,254
2018-09-03,272.0,277.0,257
2018-09-04,271.0,276.0,263
2018-09-05,270.0,275.0,259
2018-09-06,269.0,274.0,262
2018-09-07,268.0,273.0,259
2018-09-08,267.0,272.0,256
2018-09-09,266.0,271.0,257
2018-09-10,266.0,271.0,287
2018-09-11,266.0,271.0,294
2018-09-12,266.0,271.0,293
2018-09-13,267.0,271.0,290
2018-09-14,267.0,272.0,291
2018-09-15,267.0,272.0,288
2018-09-16,268.0,272.0,287
2018-09-17,268.0,272.0,293
2018-09-18,268.0,273.0,296
2018-09-19,268.0,273.0,283
2018-09-20,268.0,273.0,275
2018-09-21,268.0,273.0,273
2018-09-22,268.0,273.0,272
2018-09-23,269.0,273.0,272
2018-09-24,269.0,274.0,290
2018-09-25,270.0,275.0,295
2018-09-26,270.0,275.0,287
2018-09-27,271.0,276.0,282
2018-09-28,271.0,276.0,280
2018-09-29,272.0,276.0,277
2018-09-30,273.0,277.0,279
2018-10-01,273.0,278.0,282
2018-10-02,274.0,278.0,275
2018-10-03,274.0,279.0,270
2018-10-04,274.0,279.0,269
2018-10-05,275.0,280.0,280
2018-10-06,275.0,280.0,276
2018-10-07,276.0,281.0,277
2018-10-08,277.0,282.0,278
2018-10-09,277.0,283.0,287
2018-10-10,276.0,282.0,273
2018-10-11,276.0,281.0,274
2018-10-12,275.0,281.0,272
2018-10-13,274.0,280.0,265
2018-10-14,274.0,279.0,266
2018-10-15,273.0,279.0,271
2018-10-16,272.0,278.0,267
2018-10-17,271.0,277.0,263
2018-10-18,270.0,276.0,260
2018-10-19,270.0,275.0,259
2018-10-20,269.0,274.0,257
2018-10-21,269.0,274.0,259
2018-10-22,269.0,273.0,261
2018-10-23,268.0,273.0,267
2018-10-24,267.0,272.0,262
2018-10-25,266.0,271.0,262
2018-10-26,265.0,270.0,263
2018-10-27,265.0,270.0,256
2018-10-28,264.0,269.0,255
2018-10-29,263.0,268.0,259
2018-10-30,262.0,268.0,263
2018-10-31,262.0,266.0,249
2018-11-01,261.0,266.0,249
2018-11-02,262.0,266.0,284
2018-11-03,262.0,267.0,283
2018-11-04,263.0,267.0,285
2018-11-05,263.0,267.0,291
2018-11-06,263.0,268.0,288
2018-11-07,263.0,268.0,285
2018-11-08,264.0,268.0,287
2018-11-09,264.0,268.0,282
2018-11-10,264.0,268.0,281
2018-11-11,265.0,269.0,279
2018-11-12,265.0,269.0,278
2018-11-13,266.0,270.0,282
2018-11-14,266.0,270.0,275
2018-11-15,266.0,270.0,270
2018-11-16,267.0,271.0,286
2018-11-17,268.0,271.0,283
2018-11-18,268.0,272.0,283
2018-11-19,269.0,273.0,288
2018-11-20,270.0,274.0,289
2018-11-21,270.0,275.0,277
2018-11-22,270.0,275.0,268
2018-11-23,271.0,275.0,270
2018-11-24,271.0,275.0,269
2018-11-25,272.0,275.0,270
2018-11-26,272.0,276.0,270
2018-11-27,272.0,277.0,278
2018-11-28,273.0,277.0,278
2018-11-29,274.0,278.0,284
2018-11-30,275.0,279.0,290
2018-12-01,276.0,280.0,278
2018-12-02,276.0,280.0,283
2018-12-03,276.0,281.0,298
2018-12-04,276.0,281.0,290
2018-12-05,276.0,281.0,286
2018-12-06,276.0,281.0,287
2018-12-07,276.0,281.0,280
2018-12-08,275.0,280.0,272
2018-12-09,275.0,280.0,272
2018-12-10,275.0,280.0,276
2018-12-11,275.0,280.0,290
2018-12-12,275.0,281.0,294
2018-12-13,276.0,281.0,294
2018-12-14,277.0,282.0,294
2018-12-15,277.0,282.0,292
2018-12-16,278.0,283.0,294
2018-12-17,278.0,283.0,294
2018-12-18,278.0,283.0,291
2018-12-19,277.0,283.0,281
2018-12-20,277.0,283.0,281
2018-12-21,277.0,283.0,274
2018-12-22,277.0,283.0,269
2018-12-23,277.0,283.0,271
2018-12-24,277.0,283.0,272
2018-12-25,278.0,283.0,272
2018-12-26,278.0,284.0,299
2018-12-27,278.0,284.0,284
2018-12-28,279.0,285.0,296
2018-12-29,279.0,285.0,284
2018-12-30,279.0,284.0,283
2018-12-31,279.0,285.0,285
2019-01-01,279.0,285.0,283
2019-01-02,279.0,284.0,288
2019-01-03,279.0,284.0,292
2019-01-04,279.0,285.0,292
2019-01-05,280.0,285.0,290
2019-01-06,280.0,285.0,287
2019-01-07,281.0,285.0,290
2019-01-08,282.0,286.0,291
2019-01-09,282.0,287.0,295
2019-01-10,283.0,287.0,297
2019-01-11,282.0,287.0,293
2019-01-12,282.0,287.0,287
2019-01-13,282.0,287.0,291
2019-01-14,282.0,287.0,294
2019-01-15,282.0,287.0,302
2019-01-16,282.0,287.0,295
2019-01-17,282.0,287.0,288
2019-01-18,282.0,287.0,281
2019-01-19,282.0,287.0,277
2019-01-20,283.0,287.0,279
2019-01-21,283.0,287.0,278
2019-01-22,284.0,288.0,300
2019-01-23,284.0,289.0,297
2019-01-24,285.0,290.0,297
2019-01-25,285.0,290.0,290
2019-01-26,285.0,290.0,287
2019-01-27,285.0,289.0,287
2019-01-28,286.0,290.0,294
2019-01-29,286.0,290.0,294
2019-01-30,286.0,290.0,294
2019-01-31,286.0,291.0,298
2019-02-01,286.0,291.0,289
2019-02-02,285.0,291.0,285
2019-02-03,285.0,290.0,282
2019-02-04,285.0,290.0,284
2019-02-05,285.0,290.0,285
2019-02-06,284.0,290.0,286
2019-02-07,284.0,290.0,281
2019-02-08,283.0,289.0,272
2019-02-09,282.0,288.0,270
2019-02-10,281.0,287.0,267
2019-02-11,281.0,286.0,269
2019-02-12,280.0,286.0,273
2019-02-13,279.0,285.0,270
2019-02-14,278.0,284.0,269
2019-02-15,277.0,283.0,268
2019-02-16,276.0,282.0,252
2019-02-17,276.0,282.0,295
2019-02-18,276.0,282.0,280
2019-02-19,277.0,283.0,291
2019-02-20,277.0,283.0,285
2019-02-21,276.0,283.0,285
2019-02-22,276.0,282.0,284
2019-02-23,276.0,282.0,284
2019-02-24,276.0,281.0,282
2019-02-25,276.0,281.0,286
2019-02-26,276.0,282.0,297
2019-02-27,276.0,282.0,295
2019-02-28,276.0,282.0,304
2019-03-01,276.0,282.0,288
2019-03-02,276.0,281.0,283
2019-03-03,276.0,281.0,285
2019-03-04,276.0,281.0,286
2019-03-05,276.0,282.0,298
2019-03-06,276.0,282.0,292
2019-03-07,277.0,282.0,290
2019-03-08,277.0,282.0,291
2019-03-09,277.0,283.0,285
2019-03-10,278.0,283.0,284
2019-03-11,278.0,284.0,288
2019-03-12,279.0,284.0,292
2019-03-13,279.0,285.0,287
2019-03-14,280.0,286.0,291
2019-03-15,281.0,286.0,283
2019-03-16,281.0,286.0,280
2019-03-17,282.0,287.0,279
2019-03-18,283.0,288.0,290
2019-03-19,284.0,288.0,298
2019-03-20,284.0,288.0,290
2019-03-21,283.0,288.0,284
2019-03-22,282.0,288.0,273
2019-03-23,282.0,287.0,266
2019-03-24,281.0,287.0,265
2019-03-25,280.0,286.0,265
2019-03-26,280.0,286.0,270
2019-03-27,279.0,285.0,268
2019-03-28,277.0,284.0,259
2019-03-29,277.0,283.0,280
2019-03-30,276.0,282.0,272
2019-03-31,276.0,282.0,272
2019-04-01,276.0,281.0,274
2019-04-02,275.0,281.0,276
2019-04-03,274.0,280.0,265
2019-04-04,273.0,279.0,266
2019-04-05,273.0,279.0,282
2019-04-06,273.0,279.0,284
2019-04-07,273.0,278.0,285
2019-04-08,273.0,279.0,288
2019-04-09,273.0,279.0,293
2019-04-10,273.0,279.0,286
2019-04-11,273.0,279.0,287
2019-04-12,272.0,279.0,285
2019-04-13,272.0,278.0,281
2019-04-14,272.0,278.0,281
2019-04-15,272.0,278.0,280
2019-04-16,272.0,278.0,282
2019-04-17,271.0,278.0,279
2019-04-18,271.0,277.0,283
2019-04-19,271.0,277.0,277
2019-04-20,271.0,277.0,273
2019-04-21,271.0,277.0,273
2019-04-22,272.0,277.0,277
2019-04-23,272.0,277.0,278
2019-04-24,272.0,278.0,272
2019-04-25,272.0,278.0,281
2019-04-26,273.0,278.0,275
2019-04-27,273.0,279.0,271
2019-04-28,273.0,278.0,270
2019-04-29,273.0,278.0,274
2019-04-30,273.0,278.0,273
2019-05-01,273.0,278.0,267
2019-05-02,273.0,278.0,272
2019-05-03,273.0,278.0,270
2019-05-04,273.0,278.0,263
2019-05-05,273.0,278.0,283
2019-05-06,273.0,278.0,284
2019-05-07,273.0,278.0,288
2019-05-08,273.0,278.0,282
2019-05-09,272.0,277.0,277
2019-05-10,272.0,277.0,278
2019-05-11,271.0,277.0,274
2019-05-12,271.0,276.0,272
2019-05-13,271.0,276.0,276
2019-05-14,271.0,277.0,294
2019-05-15,271.0,277.0,288
2019-05-16,272.0,277.0,295
2019-05-17,272.0,278.0,287
2019-05-18,272.0,277.0,279
2019-05-19,273.0,278.0,298
2019-05-20,273.0,279.0,302
2019-05-21,273.0,280.0,291
2019-05-22,274.0,280.0,289
2019-05-23,274.0,280.0,284
2019-05-24,274.0,281.0,280
2019-05-25,275.0,281.0,293
2019-05-26,276.0,282.0,293
2019-05-27,276.0,282.0,293
2019-05-28,277.0,283.0,298
2019-05-29,277.0,284.0,284
2019-05-30,278.0,284.0,283
2019-05-31,278.0,284.0,282
2019-06-01,279.0,285.0,295
2019-06-02,280.0,286.0,291
2019-06-03,281.0,287.0,293
2019-06-04,281.0,287.0,293
2019-06-05,281.0,287.0,285
2019-06-06,281.0,287.0,282
2019-06-07,280.0,287.0,273
2019-06-08,281.0,287.0,291
2019-06-09,282.0,288.0,290
2019-06-10,282.0,288.0,293
2019-06-11,282.0,289.0,294
2019-06-12,282.0,289.0,276
2019-06-13,282.0,288.0,272
2019-06-14,282.0,288.0,272
2019-06-15,281.0,287.0,268
2019-06-16,281.0,286.0,272
2019-06-17,280.0,286.0,278
2019-06-18,279.0,286.0,278
2019-06-19,279.0,285.0,271
2019-06-20,278.0,284.0,274
2019-06-21,279.0,284.0,300
2019-06-22,279.0,285.0,294
2019-06-23,280.0,285.0,292
2019-06-24,280.0,285.0,296
2019-06-25,279.0,285.0,292
2019-06-26,278.0,285.0,282
2019-06-27,279.0,285.0,296
2019-06-28,279.0,285.0,296
2019-06-29,279.0,285.0,288
2019-06-30,279.0,285.0,285
2019-07-01,279.0,285.0,288
2019-07-02,278.0,285.0,283
2019-07-03,278.0,284.0,281
2019-07-04,278.0,284.0,278
2019-07-05,278.0,284.0,278
2019-07-06,278.0,284.0,275
2019-07-07,279.0,285.0,305
2019-07-08,280.0,285.0,303
2019-07-09,280.0,285.0,302
2019-07-10,280.0,286.0,300
2019-07-11,281.0,286.0,295
2019-07-12,281.0,286.0,295
2019-07-13,282.0,287.0,290
2019-07-14,283.0,287.0,288
2019-07-15,283.0,288.0,289
2019-07-16,283.0,289.0,287
2019-07-17,283.0,288.0,271
2019-07-18,284.0,289.0,283
2019-07-19,284.0,289.0,282
2019-07-20,284.0,289.0,274
2019-07-21,284.0,289.0,295
2019-07-22,284.0,289.0,294
2019-07-23,284.0,289.0,295
2019-07-24,284.0,289.0,289
2019-07-25,284.0,288.0,287
2019-07-26,284.0,289.0,290
2019-07-27,284.0,288.0,283
2019-07-28,284.0,288.0,285
2019-07-29,284.0,288.0,289
2019-07-30,284.0,288.0,286
2019-07-31,284.0,288.0,289
2019-08-01,284.0,288.0,290
2019-08-02,284.0,288.0,287
2019-08-03,285.0,289.0,298
2019-08-04,286.0,290.0,301
2019-08-05,286.0,291.0,301
2019-08-06,286.0,290.0,297
2019-08-07,286.0,290.0,291
2019-08-08,285.0,290.0,289
2019-08-09,285.0,289.0,287
2019-08-10,284.0,289.0,281
2019-08-11,284.0,288.0,283
2019-08-12,284.0,288.0,285
2019-08-13,283.0,288.0,286
2019-08-14,283.0,288.0,275
2019-08-15,283.0,287.0,274
2019-08-16,283.0,287.0,272
2019-08-17,283.0,288.0,292
2019-08-18,284.0,288.0,292
2019-08-19,285.0,289.0,295
2019-08-20,284.0,289.0,293
2019-08-21,284.0,288.0,289
2019-08-22,284.0,288.0,293
2019-08-23,284.0,288.0,284
2019-08-24,284.0,288.0,281
2019-08-25,284.0,288.0,280
2019-08-26,284.0,288.0,283
2019-08-27,283.0,287.0,280
2019-08-28,282.0,287.0,271
2019-08-29,282.0,287.0,280
2019-08-30,282.0,286.0,280
2019-08-31,282.0,286.0,276
2019-09-01,282.0,286.0,277
2019-09-02,281.0,285.0,279
2019-09-03,280.0,284.0,282
2019-09-04,279.0,283.0,276
2019-09-05,278.0,283.0,272
2019-09-06,278.0,282.0,269
2019-09-07,277.0,281.0,268
2019-09-08,276.0,281.0,269
2019-09-09,276.0,280.0,271
2019-09-10,276.0,280.0,279
2019-09-11,275.0,280.0,281
2019-09-12,275.0,280.0,274
2019-09-13,275.0,279.0,268
2019-09-14,275.0,279.0,268
2019-09-15,275.0,279.0,267
2019-09-16,274.0,278.0,267
2019-09-17,273.0,277.0,272
2019-09-18,272.0,277.0,271
2019-09-19,271.0,276.0,269
2019-09-20,270.0,275.0,263
2019-09-21,269.0,274.0,255
2019-09-22,268.0,273.0,256
2019-09-23,267.0,272.0,263
2019-09-24,267.0,272.0,271
2019-09-25,266.0,271.0,266
2019-09-26,266.0,271.0,267
2019-09-27,265.0,271.0,266
2019-09-28,265.0,270.0,261
2019-09-29,264.0,269.0,255
2019-09-30,263.0,269.0,263
2019-10-01,262.0,268.0,265
2019-10-02,262.0,268.0,260
2019-10-03,260.0,267.0,254
2019-10-04,259.0,266.0,248
2019-10-05,258.0,265.0,242
2019-10-06,258.0,264.0,241
2019-10-07,257.0,263.0,244
2019-10-08,256.0,263.0,250
2019-10-09,255.0,262.0,239
2019-10-10,253.0,260.0,240
2019-10-11,252.0,258.0,230
2019-10-12,250.0,257.0,233
2019-10-13,249.0,256.0,233
2019-10-14,248.0,255.0,233
2019-10-15,247.0,254.0,244
2019-10-16,245.0,253.0,228
2019-10-17,245.0,253.0,269
2019-10-18,245.0,252.0,264
2019-10-19,245.0,252.0,258
2019-10-20,245.0,252.0,259
2019-10-21,245.0,252.0,266
2019-10-22,245.0,253.0,271
2019-10-23,245.0,253.0,264
2019-10-24,245.0,252.0,257
2019-10-25,244.0,252.0,253
2019-10-26,244.0,251.0,250
2019-10-27,244.0,251.0,251
2019-10-28,244.0,251.0,254
2019-10-29,243.0,251.0,263
2019-10-30,243.0,251.0,256
2019-10-31,243.0,250.0,252
2019-11-01,243.0,250.0,252
2019-11-02,243.0,250.0,250
2019-11-03,244.0,250.0,248
2019-11-04,244.0,250.0,251
2019-11-05,244.0,250.0,252
2019-11-06,244.0,251.0,250
2019-11-07,244.0,251.0,247
2019-11-08,245.0,251.0,251
2019-11-09,245.0,251.0,251
2019-11-10,246.0,252.0,249
2019-11-11,247.0,253.0,250
2019-11-12,246.0,253.0,260
2019-11-13,246.0,254.0,242
2019-11-14,247.0,254.0,240
2019-11-15,248.0,254.0,245
2019-11-16,247.0,253.0,238
2019-11-17,246.0,252.0,240
2019-11-18,245.0,252.0,233
2019-11-19,244.0,251.0,240
2019-11-20,244.0,250.0,248
2019-11-21,243.0,250.0,248
2019-11-22,242.0,249.0,239
2019-11-23,241.0,248.0,233
2019-11-24,241.0,247.0,234
2019-11-25,240.0,247.0,235
2019-11-26,239.0,246.0,242
2019-11-27,238.0,245.0,218
2019-11-28,237.0,244.0,217
2019-11-29,236.0,242.0,216
2019-11-30,235.0,241.0,217
2019-12-01,234.0,240.0,217
2019-12-02,233.0,239.0,221
2019-12-03,232.0,238.0,230
2019-12-04,231.0,237.0,219
2019-12-05,230.0,236.0,220
2019-12-06,229.0,235.0,218
2019-12-07,228.0,234.0,217
2019-12-08,226.0,233.0,217
2019-12-09,225.0,232.0,216
2019-12-10,224.0,231.0,223
2019-12-11,222.0,230.0,204
2019-12-12,221.0,228.0,205
2019-12-13,220.0,226.0,204
2019-12-14,219.0,225.0,202
2019-12-15,218.0,224.0,200
2019-12-16,216.0,223.0,207
2019-12-17,215.0,222.0,214
2019-12-18,214.0,221.0,199
2019-12-19,213.0,219.0,198
2019-12-20,211.0,218.0,198
2019-12-21,209.0,216.0,192
2019-12-22,208.0,214.0,192
2019-12-23,207.0,213.0,193
2019-12-24,205.0,211.0,189
2019-12-25,203.0,209.0,176
2019-12-26,202.0,207.0,177
2019-12-27,200.0,206.0,179
2019-12-28,199.0,205.0,179
2019-12-29,198.0,203.0,180
2019-12-30,197.0,202.0,183
2019-12-31,195.0,201.0,187
2020-01-01,194.0,200.0,181
2020-01-02,193.0,198.0,183
2020-01-03,192.0,197.0,182
2020-01-04,191.0,196.0,177
2020-01-05,189.0,194.0,177
2020-01-06,188.0,193.0,180
2020-01-07,187.0,192.0,188
2020-01-08,186.0,191.0,190
2020-01-09,185.0,190.0,179
2020-01-10,184.0,189.0,180
2020-01-11,183.0,188.0,171
2020-01-12,182.0,187.0,175
2020-01-13,181.0,186.0,176
2020-01-14,180.0,185.0,181
2020-01-15,179.0,184.0,179
2020-01-16,178.0,183.0,180
2020-01-17,178.0,183.0,179
2020-01-18,177.0,182.0,175
2020-01-19,177.0,181.0,176
2020-01-20,176.0,181.0,176
2020-01-21,176.0,180.0,183
2020-01-22,175.0,180.0,178
2020-01-23,175.0,180.0,183
2020-01-24,175.0,180.0,186
2020-01-25,176.0,180.0,182
2020-01-26,176.0,180.0,182
2020-01-27,176.0,181.0,188
2020-01-28,176.0,181.0,197
2020-01-29,176.0,181.0,193
2020-01-30,177.0,182.0,199
2020-01-31,177.0,183.0,207
2020-02-01,178.0,183.0,199
2020-02-02,179.0,184.0,201
2020-02-03,179.0,185.0,206
2020-02-04,180.0,186.0,214
2020-02-05,180.0,187.0,200
2020-02-06,181.0,187.0,195
2020-02-07,181.0,187.0,193
2020-02-08,181.0,187.0,185
2020-02-09,181.0,188.0,186
2020-02-10,182.0,188.0,189
2020-02-11,182.0,189.0,205
2020-02-12,183.0,190.0,191
2020-02-13,183.0,190.0,179
2020-02-14,183.0,190.0,179
2020-02-15,183.0,190.0,186
2020-02-16,184.0,190.0,189
2020-02-17,184.0,191.0,190
2020-02-18,185.0,191.0,202
2020-02-19,185.0,192.0,189
2020-02-20,185.0,192.0,187
2020-02-21,185.0,192.0,184
2020-02-22,185.0,192.0,183
2020-02-23,185.0,192.0,180
2020-02-24,185.0,192.0,181
2020-02-25,185.0,192.0,191
2020-02-26,185.0,192.0,191
2020-02-27,185.0,192.0,181
2020-02-28,185.0,191.0,182
2020-02-29,184.0,191.0,184
2020-03-01,184.0,190.0,184
2020-03-02,183.0,190.0,190
2020-03-03,183.0,190.0,193
2020-03-04,182.0,189.0,188
2020-03-05,182.0,188.0,189
2020-03-06,181.0,188.0,183
2020-03-07,181.0,187.0,187
2020-03-08,182.0,187.0,189
2020-03-09,182.0,188.0,193
2020-03-10,182.0,188.0,199
2020-03-11,182.0,188.0,197
2020-03-12,182.0,188.0,205
2020-03-13,183.0,189.0,201
2020-03-14,184.0,189.0,197
2020-03-15,185.0,190.0,203
2020-03-16,185.0,191.0,208
2020-03-17,185.0,191.0,207
2020-03-18,185.0,191.0,188
2020-03-19,185.0,191.0,186
2020-03-20,185.0,190.0,183
2020-03-21,185.0,190.0,180
2020-03-22,185.0,190.0,180
2020-03-23,185.0,190.0,181
2020-03-24,184.0,190.0,177
2020-03-25,184.0,190.0,169
2020-03-26,183.0,189.0,164
2020-03-27,182.0,188.0,162
2020-03-28,181.0,187.0,154
2020-03-29,181.0,186.0,154
2020-03-30,180.0,185.0,155
2020-03-31,179.0,184.0,152
2020-04-01,178.0,183.0,152
2020-04-02,177.0,181.0,153
2020-04-03,175.0,180.0,148
2020-04-04,174.0,178.0,147
2020-04-05,173.0,177.0,147
2020-04-06,172.0,176.0,150
2020-04-07,171.0,175.0,149
2020-04-08,169.0,173.0,146
2020-04-09,167.0,171.0,145
2020-04-10,165.0,169.0,141
2020-04-11,163.0,167.0,136
2020-04-12,161.0,165.0,135
2020-04-13,159.0,163.0,135
2020-04-14,157.0,161.0,137
2020-04-15,155.0,158.0,139
2020-04-16,154.0,156.0,136
2020-04-17,152.0,154.0,137
2020-04-18,150.0,153.0,132
2020-04-19,149.0,151.0,132
2020-04-20,147.0,149.0,133
2020-04-21,145.0,148.0,131
2020-04-22,144.0,146.0,131
2020-04-23,142.0,144.0,130
2020-04-24,141.0,143.0,130
2020-04-25,140.0,142.0,126
2020-04-26,139.0,141.0,126
2020-04-27,138.0,140.0,133
2020-04-28,137.0,139.0,131
2020-04-29,137.0,138.0,130
2020-04-30,136.0,138.0,130
2020-05-01,135.0,137.0,124
2020-05-02,134.0,136.0,122
2020-05-03,133.0,135.0,122
2020-05-04,132.0,134.0,123
2020-05-05,131.0,133.0,125
2020-05-06,130.0,132.0,123
2020-05-07,129.0,131.0,120
2020-05-08,128.0,131.0,122
2020-05-09,128.0,130.0,120
2020-05-10,127.0,129.0,117
2020-05-11,126.0,128.0,119
2020-05-12,125.0,128.0,111
2020-05-13,125.0,127.0,111
2020-05-14,124.0,126.0,114
2020-05-15,123.0,125.0,116
2020-05-16,122.0,124.0,111
2020-05-17,121.0,124.0,111
2020-05-18,121.0,123.0,113
2020-05-19,120.0,122.0,115
2020-05-20,119.0,121.0,103
2020-05-21,118.0,120.0,105
2020-05-22,117.0,120.0,109
2020-05-23,116.0,119.0,103
2020-05-24,115.0,118.0,102
2020-05-25,114.0,117.0,102
2020-05-26,114.0,116.0,102
2020-05-27,113.0,115.0,101
2020-05-28,112.0,114.0,102
2020-05-29,111.0,114.0,108
2020-05-30,110.0,113.0,101
2020-05-31,109.0,112.0,101
2020-06-01,109.0,111.0,105
2020-06-02,108.0,111.0,106
2020-06-03,107.0,110.0,100
2020-06-04,107.0,109.0,105
2020-06-05,106.0,109.0,101
2020-06-06,105.0,108.0,94
2020-06-07,104.0,107.0,95
2020-06-08,104.0,106.0,100
2020-06-09,103.0,106.0,101
2020-06-10,102.0,105.0,90
2020-06-11,101.0,104.0,91
2020-06-12,100.0,103.0,89
2020-06-13,99.0,102.0,85
2020-06-14,98.0,101.0,85
2020-06-15,98.0,100.0,90
2020-06-16,97.0,100.0,93
2020-06-17,96.0,99.0,87
2020-06-18,95.0,98.0,81
2020-06-19,94.0,97.0,82
2020-06-20,94.0,96.0,83
2020-06-21,93.0,96.0,83
2020-06-22,93.0,95.0,88
2020-06-23,92.0,95.0,88
2020-06-24,91.0,94.0,84
2020-06-25,91.0,94.0,86
2020-06-26,90.0,93.0,83
2020-06-27,90.0,92.0,83
2020-06-28,89.0,91.0,81
2020-06-29,88.0,91.0,81
2020-06-30,88.0,90.0,81
2020-07-01,87.0,89.0,81
2020-07-02,86.0,88.0,82
2020-07-03,86.0,88.0,79
2020-07-04,85.0,87.0,78
2020-07-05,84.0,86.0,79
2020-07-06,84.0,86.0,77
2020-07-07,83.0,85.0,78
2020-07-08,82.0,84.0,79
2020-07-09,82.0,84.0,78
2020-07-10,82.0,83.0,78
2020-07-11,81.0,83.0,78
2020-07-12,81.0,82.0,78
2020-07-13,81.0,82.0,78
2020-07-14,81.0,82.0,79
2020-07-15,80.0,82.0,80
2020-07-16,80.0,81.0,79
2020-07-17,80.0,81.0,80
2020-07-18,80.0,81.0,78
2020-07-19,80.0,81.0,79
2020-07-20,79.0,81.0,82
2020-07-21,79.0,81.0,84
2020-07-22,79.0,80.0,77
2020-07-23,78.0,80.0,76
2020-07-24,78.0,80.0,78
2020-07-25,78.0,79.0,77
2020-07-26,78.0,79.0,76
2020-07-27,78.0,79.0,80
2020-07-28,78.0,79.0,82
2020-07-29,77.0,79.0,79
2020-07-30,77.0,79.0,78
2020-07-31,77.0,79.0,78
2020-08-01,77.0,79.0,76
2020-08-02,77.0,79.0,77
2020-08-03,77.0,79.0,79
2020-08-04,77.0,79.0,79
2020-08-05,77.0,79.0,86
2020-08-06,78.0,79.0,86
2020-08-07,78.0,79.0,89
2020-08-08,78.0,80.0,87
2020-08-09,79.0,80.0,90
2020-08-10,79.0,81.0,92
2020-08-11,79.0,81.0,91
2020-08-12,79.0,81.0,90
2020-08-13,80.0,82.0,89
2020-08-14,80.0,82.0,91
2020-08-15,81.0,83.0,90
2020-08-16,81.0,83.0,90
2020-08-17,82.0,84.0,97
2020-08-18,82.0,84.0,98
2020-08-19,82.0,84.0,87
2020-08-20,82.0,84.0,88
2020-08-21,83.0,85.0,90
2020-08-22,83.0,85.0,89
2020-08-23,84.0,86.0,89
2020-08-24,84.0,86.0,94
2020-08-25,85.0,87.0,96
2020-08-26,85.0,87.0,93
2020-08-27,85.0,88.0,90
2020-08-28,86.0,88.0,90
2020-08-29,86.0,88.0,93
2020-08-30,87.0,89.0,93
2020-08-31,87.0,90.0,93
2020-09-01,88.0,90.0,92
2020-09-02,88.0,90.0,90
2020-09-03,88.0,91.0,92
2020-09-04,89.0,91.0,94
2020-09-05,89.0,91.0,92
2020-09-06,89.0,91.0,91
2020-09-07,89.0,92.0,91
2020-09-08,89.0,92.0,97
2020-09-09,90.0,92.0,100
2020-09-10,90.0,92.0,102
2020-09-11,90.0,93.0,112
2020-09-12,91.0,94.0,102
2020-09-13,91.0,94.0,103
2020-09-14,92.0,95.0,110
2020-09-15,92.0,95.0,109
2020-09-16,93.0,96.0,111
2020-09-17,94.0,96.0,112
2020-09-18,94.0,97.0,118
2020-09-19,95.0,98.0,114
2020-09-20,96.0,99.0,115
2020-09-21,97.0,100.0,116
2020-09-22,98.0,101.0,118
2020-09-23,99.0,102.0,117
2020-09-24,100.0,102.0,119
2020-09-25,101.0,103.0,121
2020-09-26,102.0,104.0,122
2020-09-27,103.0,105.0,123
2020-09-28,104.0,106.0,122
2020-09-29,105.0,108.0,127
2020-09-30,106.0,109.0,126
2020-10-01,107.0,110.0,126
2020-10-02,108.0,111.0,127
2020-10-03,110.0,112.0,131
2020-10-04,111.0,114.0,133
2020-10-05,112.0,115.0,135
2020-10-06,113.0,117.0,138
2020-10-07,115.0,118.0,139
2020-10-08,117.0,120.0,148
2020-10-09,118.0,122.0,158
2020-10-10,120.0,123.0,147
2020-10-11,121.0,124.0,147
2020-10-12,123.0,126.0,145
2020-10-13,124.0,127.0,148
2020-10-14,125.0,128.0,134
2020-10-15,125.0,129.0,136
2020-10-16,126.0,130.0,132
2020-10-17,127.0,130.0,130
2020-10-18,127.0,131.0,131
2020-10-19,128.0,132.0,142
2020-10-20,129.0,133.0,150
2020-10-21,130.0,134.0,144
2020-10-22,131.0,135.0,144
2020-10-23,131.0,136.0,149
2020-10-24,132.0,136.0,138
2020-10-25,132.0,137.0,134
2020-10-26,133.0,137.0,137
2020-10-27,133.0,138.0,140
2020-10-28,133.0,138.0,136
2020-10-29,134.0,139.0,137
2020-10-30,134.0,139.0,138
2020-10-31,134.0,139.0,133
2020-11-01,134.0,140.0,131
2020-11-02,134.0,139.0,129
2020-11-03,134.0,139.0,131
2020-11-04,134.0,139.0,125
2020-11-05,133.0,138.0,122
2020-11-06,133.0,138.0,118
2020-11-07,132.0,137.0,119
2020-11-08,131.0,136.0,122
2020-11-09,130.0,135.0,120
2020-11-10,129.0,134.0,120
2020-11-11,128.0,133.0,116
2020-11-12,127.0,132.0,117
2020-11-13,127.0,131.0,118
2020-11-14,126.0,131.0,114
2020-11-15,126.0,130.0,113
2020-11-16,125.0,130.0,117
2020-11-17,125.0,129.0,118
2020-11-18,124.0,128.0,121
2020-11-19,123.0,127.0,122
2020-11-20,123.0,127.0,121
2020-11-21,122.0,126.0,122
2020-11-22,122.0,125.0,122
2020-11-23,121.0,125.0,123
2020-11-24,121.0,124.0,124
2020-11-25,120.0,124.0,121
2020-11-26,120.0,123.0,121
2020-11-27,119.0,122.0,120
2020-11-28,119.0,122.0,119
2020-11-29,118.0,121.0,119
2020-11-30,118.0,121.0,119
2020-12-01,118.0,120.0,119
2020-12-02,117.0,120.0,118
2020-12-03,117.0,120.0,120
2020-12-04,117.0,119.0,118
2020-12-05,117.0,119.0,116
2020-12-06,117.0,119.0,115
2020-12-07,117.0,119.0,118
2020-12-08,117.0,119.0,122
2020-12-09,117.0,119.0,121
2020-12-10,117.0,119.0,124
2020-12-11,117.0,120.0,123
2020-12-12,118.0,120.0,122
2020-12-13,118.0,120.0,125
2020-12-14,118.0,120.0,128
2020-12-15,119.0,121.0,127
2020-12-16,119.0,121.0,119
2020-12-17,119.0,121.0,116
2020-12-18,118.0,121.0,117
2020-12-19,118.0,121.0,118
2020-12-20,118.0,120.0,117
2020-12-21,118.0,120.0,119
2020-12-22,118.0,120.0,119
2020-12-23,117.0,120.0,114
2020-12-24,117.0,120.0,111
2020-12-25,117.0,119.0,109
2020-12-26,117.0,119.0,111
2020-12-27,116.0,118.0,111
2020-12-28,116.0,118.0,112
2020-12-29,116.0,118.0,111
2020-12-30,115.0,118.0,109
2020-12-31,115.0,117.0,105
2021-01-01,114.0,117.0,104
2021-01-02,114.0,116.0,104
2021-01-03,114.0,116.0,105
2021-01-04,113.0,115.0,105
2021-01-05,113.0,115.0,104
2021-01-06,112.0,114.0,102
2021-01-07,111.0,114.0,99
2021-01-08,110.0,113.0,102
2021-01-09,109.0,112.0,91
2021-01-10,108.0,111.0,92
2021-01-11,107.0,110.0,92
2021-01-12,106.0,109.0,92
2021-01-13,104.0,107.0,80
2021-01-14,103.0,106.0,79
2021-01-15,101.0,104.0,80
2021-01-16,100.0,103.0,78
2021-01-17,99.0,102.0,83
2021-01-18,98.0,101.0,83
2021-01-19,97.0,100.0,86
2021-01-20,95.0,98.0,80
2021-01-21,94.0,97.0,80
2021-01-22,93.0,96.0,78
2021-01-23,92.0,95.0,72
2021-01-24,91.0,93.0,74
2021-01-25,89.0,92.0,75
2021-01-26,88.0,91.0,82
2021-01-27,87.0,90.0,78
2021-01-28,86.0,89.0,74
2021-01-29,85.0,88.0,73
2021-01-30,83.0,87.0,71
2021-01-31,82.0,85.0,70
2021-02-01,81.0,84.0,74
2021-02-02,80.0,83.0,75
2021-02-03,79.0,83.0,77
2021-02-04,78.0,81.0,66
2021-02-05,77.0,80.0,63
2021-02-06,75.0,79.0,62
2021-02-07,74.0,77.0,61
2021-02-08,73.0,76.0,63
2021-02-09,72.0,76.0,68
2021-02-10,71.0,75.0,63
2021-02-11,71.0,74.0,63
2021-02-12,71.0,73.0,66
2021-02-13,70.0,73.0,66
2021-02-14,70.0,72.0,67
2021-02-15,70.0,72.0,70
2021-02-16,69.0,72.0,71
2021-02-17,69.0,71.0,71
2021-02-18,69.0,71.0,70
2021-02-19,68.0,70.0,70
2021-02-20,68.0,70.0,71
2021-02-21,68.0,70.0,69
2021-02-22,68.0,70.0,68
2021-02-23,67.0,70.0,68
2021-02-24,67.0,69.0,60
2021-02-25,66.0,68.0,62
2021-02-26,66.0,68.0,63
2021-02-27,65.0,67.0,59
2021-02-28,65.0,67.0,59
2021-03-01,64.0,66.0,58
2021-03-02,64.0,66.0,57
2021-03-03,63.0,65.0,58
2021-03-04,63.0,65.0,58
2021-03-05,63.0,64.0,60
2021-03-06,62.0,64.0,59
2021-03-07,62.0,64.0,57
2021-03-08,62.0,64.0,59
2021-03-09,62.0,64.0,58
2021-03-10,62.0,64.0,57
2021-03-11,62.0,63.0,60
2021-03-12,62.0,63.0,59
2021-03-13,61.0,63.0,58
2021-03-14,61.0,63.0,61
2021-03-15,61.0,63.0,61
2021-03-16,61.0,62.0,60
2021-03-17,60.0,62.0,59
2021-03-18,60.0,62.0,58
2021-03-19,59.0,61.0,54
2021-03-20,58.0,60.0,52
2021-03-21,58.0,60.0,54
2021-03-22,57.0,59.0,54
2021-03-23,57.0,59.0,53
2021-03-24,56.0,58.0,52
2021-03-25,56.0,58.0,53
2021-03-26,56.0,58.0,54
2021-03-27,56.0,57.0,57
2021-03-28,55.0,57.0,56
2021-03-29,55.0,57.0,55
2021-03-30,55.0,57.0,53
2021-03-31,55.0,57.0,53
2021-04-01,55.0,57.0,54
2021-04-02,54.0,56.0,51
2021-04-03,54.0,56.0,52
2021-04-04,54.0,56.0,53
2021-04-05,54.0,56.0,53
2021-04-06,54.0,56.0,53
2021-04-07,53.0,55.0,54
2021-04-08,53.0,55.0,53
2021-04-09,53.0,55.0,53
2021-04-10,53.0,55.0,49
2021-04-11,52.0,54.0,48
2021-04-12,52.0,54.0,48
2021-04-13,51.0,54.0,47
2021-04-14,51.0,53.0,48
2021-04-15,51.0,53.0,51
2021-04-16,51.0,53.0,53
2021-04-17,51.0,52.0,53
2021-04-18,51.0,52.0,55
2021-04-19,51.0,53.0,55
2021-04-20,50.0,53.0,53
2021-04-21,50.0,52.0,51
2021-04-22,50.0,52.0,53
2021-04-23,54.0,56.0,148
2021-04-24,57.0,59.0,147
2021-04-25,60.0,62.0,145
2021-04-26,63.0,65.0,146
2021-04-27,66.0,68.0,148
2021-04-28,69.0,71.0,145
2021-04-29,72.0,74.0,145
2021-04-30,75.0,77.0,146
2021-05-01,78.0,80.0,143
2021-05-02,81.0,83.0,143
2021-05-03,84.0,86.0,146
2021-05-04,87.0,89.0,147
2021-05-05,90.0,93.0,151
2021-05-06,93.0,96.0,155
2021-05-07,97.0,99.0,153
2021-05-08,100.0,102.0,149
2021-05-09,103.0,106.0,147
2021-05-10,106.0,109.0,149
2021-05-11,109.0,112.0,148
2021-05-12,113.0,115.0,144
2021-05-13,116.0,119.0,144
2021-05-14,119.0,122.0,147
2021-05-15,122.0,125.0,140
2021-05-16,125.0,128.0,140
2021-05-17,128.0,131.0,142
2021-05-18,130.0,134.0,140
2021-05-19,133.0,136.0,139
2021-05-20,136.0,139.0,141
2021-05-21,139.0,142.0,137
2021-05-22,142.0,145.0,134
2021-05-23,141.0,144.0,132
2021-05-24,141.0,144.0,133
2021-05-25,140.0,144.0,135
2021-05-26,140.0,143.0,136
2021-05-27,140.0,143.0,136
2021-05-28,139.0,143.0,141
2021-05-29,139.0,142.0,136
2021-05-30,138.0,142.0,130
2021-05-31,138.0,142.0,131
2021-06-01,138.0,141.0,138
2021-06-02,137.0,141.0,134
2021-06-03,137.0,141.0,139
2021-06-04,136.0,140.0,138
2021-06-05,136.0,139.0,131
2021-06-06,135.0,139.0,129
2021-06-07,134.0,138.0,131
2021-06-08,134.0,138.0,136
2021-06-09,133.0,137.0,126
2021-06-10,132.0,136.0,127
2021-06-11,132.0,136.0,127
2021-06-12,131.0,135.0,122
2021-06-13,130.0,134.0,124
2021-06-14,130.0,134.0,122
2021-06-15,129.0,133.0,123
2021-06-16,128.0,132.0,122
2021-06-17,127.0,131.0,111
2021-06-18,126.0,130.0,105
2021-06-19,125.0,129.0,103
2021-06-20,124.0,128.0,104
2021-06-21,123.0,127.0,108
2021-06-22,122.0,126.0,106
2021-06-23,121.0,125.0,105
2021-06-24,120.0,124.0,106
2021-06-25,118.0,123.0,96
2021-06-26,117.0,122.0,97
2021-06-27,116.0,120.0,96
2021-06-28,115.0,119.0,103
2021-06-29,113.0,118.0,96
2021-06-30,112.0,116.0,89
2021-07-01,111.0,116.0,125
2021-07-02,111.0,116.0,123
2021-07-03,110.0,115.0,116
2021-07-04,109.0,114.0,115
2021-07-05,109.0,114.0,117
2021-07-06,108.0,113.0,116
2021-07-07,108.0,113.0,113
2021-07-08,107.0,112.0,107
2021-07-09,106.0,111.0,98
2021-07-10,106.0,111.0,134
2021-07-11,106.0,111.0,134
2021-07-12,107.0,112.0,140
2021-07-13,107.0,112.0,131
2021-07-14,106.0,112.0,126
2021-07-15,106.0,112.0,114
2021-07-16,105.0,111.0,105
2021-07-17,104.0,110.0,86
2021-07-18,105.0,111.0,135
2021-07-19,106.0,113.0,137
2021-07-20,106.0,113.0,127
2021-07-21,107.0,114.0,120
2021-07-22,107.0,114.0,114
2021-07-23,106.0,114.0,101
2021-07-24,106.0,114.0,100
2021-07-25,106.0,114.0,98
2021-07-26,106.0,114.0,100
2021-07-27,106.0,114.0,104
2021-07-28,106.0,114.0,101
2021-07-29,106.0,114.0,96
2021-07-30,106.0,114.0,86
2021-07-31,105.0,113.0,85
2021-08-01,104.0,111.0,84
2021-08-02,103.0,110.0,88
2021-08-03,101.0,109.0,77
2021-08-04,99.0,107.0,66
2021-08-05,97.0,106.0,65
2021-08-06,98.0,106.0,122
2021-08-07,99.0,106.0,116
2021-08-08,99.0,107.0,116
2021-08-09,99.0,106.0,119
2021-08-10,98.0,106.0,119
2021-08-11,97.0,105.0,106
2021-08-12,98.0,105.0,151
2021-08-13,98.0,106.0,148
2021-08-14,100.0,107.0,142
2021-08-15,102.0,108.0,142
2021-08-16,104.0,110.0,144
2021-08-17,104.0,111.0,146
2021-08-18,104.0,110.0,132
2021-08-19,103.0,110.0,120
2021-08-20,103.0,110.0,116
2021-08-21,103.0,110.0,100
2021-08-22,103.0,110.0,100
2021-08-23,103.0,110.0,98
2021-08-24,102.0,109.0,85
2021-08-25,101.0,108.0,76
2021-08-26,100.0,107.0,72
2021-08-27,100.0,106.0,75
2021-08-28,99.0,106.0,69
2021-08-29,98.0,105.0,68
2021-08-30,98.0,104.0,72
2021-08-31,100.0,106.0,131
2021-09-01,101.0,107.0,131
2021-09-02,103.0,109.0,126
2021-09-03,105.0,111.0,126
2021-09-04,107.0,113.0,118
2021-09-05,107.0,113.0,118
2021-09-06,107.0,113.0,118
2021-09-07,107.0,113.0,120
2021-09-08,107.0,113.0,111
2021-09-09,107.0,113.0,116
2021-09-10,107.0,113.0,109
2021-09-11,105.0,111.0,100
2021-09-12,104.0,109.0,99
2021-09-13,102.0,108.0,104
2021-09-14,100.0,106.0,93
2021-09-15,98.0,104.0,78
2021-09-16,97.0,104.0,124
2021-09-17,97.0,103.0,124
2021-09-18,97.0,103.0,111
2021-09-19,98.0,103.0,112
2021-09-20,98.0,103.0,111
2021-09-21,98.0,103.0,105
2021-09-22,98.0,103.0,97
2021-09-23,98.0,103.0,83
2021-09-24,98.0,104.0,89
2021-09-25,98.0,104.0,77
2021-09-26,98.0,104.0,74
2021-09-27,98.0,104.0,74
2021-09-28,98.0,104.0,71
2021-09-29,97.0,104.0,63
2021-09-30,95.0,101.0,55
2021-10-01,92.0,98.0,48
2021-10-02,90.0,96.0,51
2021-10-03,87.0,93.0,51
2021-10-04,85.0,91.0,55
2021-10-05,83.0,89.0,56
2021-10-06,83.0,90.0,140
2021-10-07,85.0,91.0,145
2021-10-08,85.0,92.0,149
2021-10-09,86.0,93.0,133
2021-10-10,87.0,94.0,133
2021-10-11,88.0,95.0,131
2021-10-12,89.0,96.0,136
2021-10-13,90.0,97.0,134
2021-10-14,91.0,98.0,124
2021-10-15,93.0,99.0,116
2021-10-16,92.0,98.0,105
2021-10-17,92.0,98.0,105
2021-10-18,91.0,98.0,107
2021-10-19,91.0,97.0,101
2021-10-20,90.0,97.0,91
2021-10-21,90.0,96.0,87
2021-10-22,89.0,96.0,92
2021-10-23,89.0,96.0,78
2021-10-24,89.0,95.0,82
2021-10-25,90.0,96.0,87
2021-10-26,89.0,96.0,82
2021-10-27,89.0,96.0,74
2021-10-28,89.0,96.0,69
2021-10-29,90.0,96.0,63
2021-10-30,90.0,96.0,61
2021-10-31,91.0,97.0,64
2021-11-01,91.0,97.0,63
2021-11-02,93.0,100.0,123
2021-11-03,96.0,102.0,125
2021-11-04,98.0,104.0,123
2021-11-05,98.0,104.0,126
2021-11-06,97.0,103.0,126
2021-11-07,97.0,102.0,130
2021-11-08,97.0,102.0,130
2021-11-09,96.0,102.0,120
2021-11-10,95.0,101.0,114
2021-11-11,94.0,100.0,108
2021-11-12,93.0,100.0,109
2021-11-13,93.0,99.0,102
2021-11-14,93.0,98.0,102
2021-11-15,93.0,98.0,108
2021-11-16,93.0,99.0,135
2021-11-17,94.0,100.0,119
2021-11-18,94.0,100.0,108
2021-11-19,95.0,101.0,106
2021-11-20,95.0,101.0,104
2021-11-21,96.0,101.0,103
2021-11-22,97.0,103.0,110
2021-11-23,97.0,103.0,103
2021-11-24,97.0,104.0,99
2021-11-25,98.0,104.0,82
2021-11-26,98.0,104.0,83
2021-11-27,99.0,104.0,78
2021-11-28,99.0,105.0,80
2021-11-29,100.0,106.0,87
2021-11-30,101.0,106.0,88
2021-12-01,101.0,107.0,83
2021-12-02,99.0,106.0,74
2021-12-03,97.0,104.0,72
2021-12-04,95.0,102.0,65
2021-12-05,93.0,100.0,68
2021-12-06,91.0,98.0,70
2021-12-07,91.0,98.0,137
2021-12-08,92.0,98.0,138
2021-12-09,92.0,99.0,129
2021-12-10,93.0,99.0,134
2021-12-11,94.0,100.0,130
2021-12-12,95.0,101.0,132
2021-12-13,96.0,102.0,132
2021-12-14,96.0,103.0,127
2021-12-15,97.0,103.0,122
2021-12-16,96.0,102.0,108
2021-12-17,96.0,102.0,97
2021-12-18,95.0,101.0,98
2021-12-19,95.0,101.0,99
2021-12-20,95.0,102.0,127
2021-12-21,95.0,102.0,109
2021-12-22,95.0,102.0,97
2021-12-23,95.0,101.0,96
2021-12-24,95.0,101.0,92
2021-12-25,95.0,101.0,89
2021-12-26,95.0,102.0,88
2021-12-27,95.0,102.0,87
2021-12-28,95.0,102.0,88
2021-12-29,95.0,102.0,80
2021-12-30,95.0,102.0,93
2021-12-31,96.0,102.0,91
2022-01-01,97.0,103.0,90
2022-01-02,97.0,103.0,90
2022-01-03,98.0,104.0,91
2022-01-04,99.0,105.0,92
2022-01-05,99.0,106.0,86
2022-01-06,97.0,104.0,78
2022-01-07,96.0,102.0,78
2022-01-08,94.0,100.0,74
2022-01-09,92.0,98.0,75
2022-01-10,90.0,96.0,76
2022-01-11,89.0,95.0,106
2022-01-12,88.0,94.0,103
2022-01-13,87.0,93.0,97
2022-01-14,87.0,92.0,99
2022-01-15,87.0,92.0,98
2022-01-16,86.0,92.0,97
2022-01-17,86.0,92.0,92
2022-01-18,86.0,92.0,94
2022-01-19,85.0,91.0,95
2022-01-20,84.0,90.0,86
2022-01-21,83.0,89.0,71
2022-01-22,82.0,88.0,64
2022-01-23,82.0,87.0,64
2022-01-24,81.0,86.0,70
2022-01-25,80.0,86.0,73
2022-01-26,79.0,85.0,68
2022-01-27,79.0,84.0,62
2022-01-28,78.0,84.0,62
2022-01-29,78.0,83.0,64
2022-01-30,77.0,82.0,65
2022-01-31,76.0,81.0,68
2022-02-01,75.0,81.0,69
2022-02-02,75.0,81.0,113
2022-02-03,76.0,82.0,114
2022-02-04,78.0,83.0,117
2022-02-05,79.0,84.0,115
2022-02-06,80.0,86.0,116
2022-02-07,81.0,87.0,115
2022-02-08,82.0,88.0,122
2022-02-09,83.0,90.0,108
2022-02-10,83.0,89.0,99
2022-02-11,82.0,89.0,92
2022-02-12,82.0,88.0,74
2022-02-13,81.0,87.0,75
2022-02-14,80.0,87.0,76
2022-02-15,80.0,86.0,73
2022-02-16,79.0,85.0,71
2022-02-17,78.0,85.0,77
2022-02-18,78.0,84.0,75
2022-02-19,78.0,83.0,72
2022-02-20,78.0,84.0,74
2022-02-21,79.0,84.0,76
2022-02-22,79.0,84.0,77
2022-02-23,79.0,85.0,74
2022-02-24,79.0,84.0,67
2022-02-25,79.0,84.0,66
2022-02-26,79.0,84.0,68
2022-02-27,79.0,85.0,64
2022-02-28,79.0,85.0,67
2022-03-01,79.0,84.0,59
2022-03-02,78.0,84.0,59
2022-03-03,78.0,84.0,53
2022-03-04,79.0,85.0,149
2022-03-05,80.0,86.0,146
2022-03-06,81.0,87.0,146
2022-03-07,82.0,88.0,146
2022-03-08,83.0,89.0,152
2022-03-09,84.0,90.0,154
2022-03-10,85.0,91.0,145
2022-03-11,86.0,92.0,146
2022-03-12,88.0,93.0,128
2022-03-13,89.0,94.0,126
2022-03-14,91.0,96.0,128
2022-03-15,92.0,98.0,125
2022-03-16,93.0,99.0,113
2022-03-17,93.0,100.0,94
2022-03-18,93.0,100.0,85
2022-03-19,92.0,100.0,66
2022-03-20,92.0,100.0,65
2022-03-21,92.0,100.0,68
2022-03-22,92.0,99.0,67
2022-03-23,92.0,99.0,74
2022-03-24,92.0,99.0,75
2022-03-25,92.0,99.0,82
2022-03-26,92.0,100.0,69
2022-03-27,91.0,99.0,58
2022-03-28,91.0,99.0,65
2022-03-29,91.0,99.0,69
2022-03-30,91.0,99.0,70
2022-03-31,91.0,99.0,56
2022-04-01,91.0,99.0,58
2022-04-02,92.0,99.0,53
2022-04-03,88.0,96.0,52
2022-04-04,86.0,93.0,67
2022-04-05,83.0,91.0,70
2022-04-06,81.0,89.0,78
2022-04-07,78.0,86.0,75
2022-04-08,75.0,83.0,76
2022-04-09,73.0,81.0,63
2022-04-10,71.0,78.0,66
2022-04-11,69.0,76.0,66
2022-04-12,66.0,74.0,66
2022-04-13,64.0,72.0,62
2022-04-14,66.0,73.0,159
2022-04-15,68.0,75.0,165
2022-04-16,70.0,76.0,150
2022-04-17,73.0,79.0,151
2022-04-18,76.0,82.0,160
2022-04-19,79.0,85.0,163
2022-04-20,81.0,88.0,152
2022-04-21,83.0,90.0,128
2022-04-22,84.0,92.0,135
2022-04-23,86.0,93.0,118
2022-04-24,88.0,95.0,122
2022-04-25,89.0,97.0,123
2022-04-26,90.0,98.0,110
2022-04-27,91.0,99.0,98
2022-04-28,92.0,100.0,97
2022-04-29,94.0,101.0,100
2022-04-30,95.0,102.0,90
2022-05-01,96.0,104.0,94
2022-05-02,97.0,105.0,102
2022-05-03,98.0,107.0,92
2022-05-04,99.0,107.0,93
2022-05-05,99.0,108.0,83
2022-05-06,100.0,108.0,83
2022-05-07,100.0,108.0,78
2022-05-08,100.0,108.0,77
2022-05-09,101.0,109.0,81
2022-05-10,101.0,109.0,82
2022-05-11,102.0,110.0,82
2022-05-12,103.0,110.0,80
2022-05-13,103.0,111.0,88
2022-05-14,101.0,108.0,78
2022-05-15,98.0,106.0,77
2022-05-16,98.0,105.0,139
2022-05-17,97.0,105.0,138
2022-05-18,96.0,104.0,139
2022-05-19,95.0,103.0,130
2022-05-20,95.0,102.0,125
2022-05-21,95.0,102.0,121
2022-05-22,95.0,101.0,124
2022-05-23,95.0,102.0,132
2022-05-24,95.0,102.0,119
2022-05-25,94.0,101.0,112
2022-05-26,95.0,101.0,106
2022-05-27,95.0,102.0,108
2022-05-28,95.0,102.0,99
2022-05-29,96.0,102.0,101
2022-05-30,96.0,102.0,102
2022-05-31,96.0,103.0,111
2022-06-01,96.0,103.0,106
2022-06-02,97.0,103.0,102
2022-06-03,97.0,103.0,98
2022-06-04,97.0,103.0,85
2022-06-05,98.0,104.0,87
2022-06-06,98.0,104.0,88
2022-06-07,98.0,105.0,96
2022-06-08,99.0,105.0,99
2022-06-09,99.0,105.0,91
2022-06-10,99.0,106.0,94
2022-06-11,100.0,106.0,84
2022-06-12,100.0,106.0,84
2022-06-13,100.0,106.0,88
2022-06-14,100.0,106.0,87
2022-06-15,98.0,105.0,91
2022-06-16,97.0,103.0,86
2022-06-17,95.0,101.0,87
2022-06-18,93.0,100.0,78
2022-06-19,92.0,98.0,79
2022-06-20,91.0,97.0,81
2022-06-21,89.0,96.0,84
2022-06-22,88.0,94.0,81
2022-06-23,87.0,93.0,86
2022-06-24,86.0,92.0,84
2022-06-25,85.0,91.0,79
2022-06-26,84.0,90.0,77
2022-06-27,83.0,89.0,83
2022-06-28,82.0,89.0,80
2022-06-29,82.0,88.0,83
2022-06-30,81.0,87.0,85
2022-07-01,80.0,86.0,83
2022-07-02,79.0,86.0,82
2022-07-03,79.0,85.0,66
2022-07-04,78.0,84.0,67
2022-07-05,77.0,84.0,75
2022-07-06,77.0,83.0,82
2022-07-07,76.0,83.0,80
2022-07-08,76.0,82.0,88
2022-07-09,75.0,82.0,72
2022-07-10,75.0,81.0,72
2022-07-11,74.0,81.0,82
2022-07-12,74.0,81.0,72
2022-07-13,73.0,80.0,72
2022-07-14,72.0,80.0,70
2022-07-15,72.0,79.0,69
2022-07-16,71.0,78.0,62
2022-07-17,70.0,77.0,61
2022-07-18,72.0,79.0,138
2022-07-19,75.0,81.0,144
2022-07-20,76.0,84.0,146
2022-07-21,78.0,85.0,132
2022-07-22,80.0,87.0,135
2022-07-23,81.0,88.0,128
2022-07-24,83.0,90.0,130
2022-07-25,85.0,92.0,135
2022-07-26,86.0,94.0,135
2022-07-27,87.0,95.0,130
2022-07-28,89.0,96.0,118
2022-07-29,90.0,98.0,119
2022-07-30,91.0,98.0,104
2022-07-31,91.0,99.0,105
2022-08-01,93.0,100.0,115
2022-08-02,94.0,102.0,117
2022-08-03,95.0,103.0,112
2022-08-04,97.0,104.0,107
2022-08-05,97.0,106.0,116
2022-08-06,98.0,106.0,96
2022-08-07,99.0,106.0,95
2022-08-08,100.0,107.0,100
2022-08-09,100.0,108.0,103
2022-08-10,101.0,109.0,112
2022-08-11,103.0,110.0,107
2022-08-12,104.0,112.0,111
2022-08-13,105.0,113.0,103
2022-08-14,107.0,114.0,104
2022-08-15,108.0,116.0,109
2022-08-16,109.0,117.0,106
2022-08-17,108.0,116.0,114
2022-08-18,107.0,115.0,106
2022-08-19,106.0,114.0,113
2022-08-20,106.0,113.0,107
2022-08-21,107.0,114.0,151
2022-08-22,107.0,115.0,158
2022-08-23,108.0,116.0,158
2022-08-24,109.0,116.0,155
2022-08-25,109.0,117.0,149
2022-08-26,111.0,117.0,154
2022-08-27,112.0,118.0,149
2022-08-28,113.0,120.0,152
2022-08-29,115.0,121.0,159
2022-08-30,116.0,123.0,151
2022-08-31,116.0,124.0,145
2022-09-01,116.0,124.0,123
2022-09-02,117.0,125.0,124
2022-09-03,117.0,125.0,115
2022-09-04,118.0,125.0,115
2022-09-05,118.0,126.0,117
2022-09-06,119.0,126.0,117
2022-09-07,119.0,127.0,126
2022-09-08,120.0,128.0,119
2022-09-09,120.0,128.0,122
2022-09-10,120.0,128.0,105
2022-09-11,120.0,128.0,103
2022-09-12,120.0,128.0,111
2022-09-13,120.0,128.0,113
2022-09-14,120.0,129.0,119
2022-09-15,120.0,128.0,102
2022-09-16,120.0,128.0,108
2022-09-17,120.0,128.0,103
2022-09-18,120.0,128.0,105
2022-09-19,120.0,128.0,117
2022-09-20,119.0,127.0,118
2022-09-21,117.0,126.0,120
2022-09-22,116.0,124.0,109
2022-09-23,114.0,123.0,115
2022-09-24,113.0,121.0,107
2022-09-25,112.0,120.0,108
2022-09-26,111.0,119.0,114
2022-09-27,110.0,118.0,144
2022-09-28,110.0,118.0,139
2022-09-29,109.0,117.0,130
2022-09-30,109.0,117.0,129
2022-10-01,110.0,117.0,123
2022-10-02,110.0,117.0,124
2022-10-03,110.0,117.0,137
2022-10-04,111.0,118.0,138
2022-10-05,112.0,119.0,150
2022-10-06,113.0,120.0,146
2022-10-07,114.0,121.0,150
2022-10-08,114.0,121.0,131
2022-10-09,115.0,122.0,129
2022-10-10,116.0,122.0,133
2022-10-11,117.0,124.0,136
2022-10-12,117.0,124.0,136
2022-10-13,118.0,125.0,133
2022-10-14,119.0,126.0,136
2022-10-15,120.0,127.0,129
2022-10-16,121.0,127.0,133
2022-10-17,122.0,128.0,134
2022-10-18,123.0,130.0,149
2022-10-19,124.0,131.0,149
2022-10-20,125.0,132.0,149
2022-10-21,127.0,133.0,155
2022-10-22,128.0,134.0,144
2022-10-23,129.0,135.0,143
2022-10-24,131.0,137.0,159
2022-10-25,132.0,139.0,162
2022-10-26,133.0,140.0,158
2022-10-27,134.0,141.0,152
2022-10-28,134.0,141.0,150
2022-10-29,134.0,141.0,135
2022-10-30,135.0,141.0,137
2022-10-31,135.0,142.0,138
2022-11-01,136.0,143.0,146
2022-11-02,136.0,143.0,145
2022-11-03,136.0,143.0,140
2022-11-04,136.0,143.0,145
2022-11-05,136.0,143.0,142
2022-11-06,136.0,142.0,144
2022-11-07,137.0,143.0,156
2022-11-08,138.0,144.0,156
2022-11-09,138.0,145.0,160
2022-11-10,139.0,146.0,154
2022-11-11,140.0,146.0,154
2022-11-12,140.0,147.0,157
2022-11-13,141.0,147.0,149
2022-11-14,142.0,148.0,159
2022-11-15,143.0,150.0,171
2022-11-16,144.0,151.0,168
2022-11-17,144.0,151.0,160
2022-11-18,144.0,152.0,161
2022-11-19,144.0,152.0,156
2022-11-20,145.0,152.0,154
2022-11-21,145.0,152.0,153
2022-11-22,144.0,152.0,148
2022-11-23,144.0,152.0,146
2022-11-24,144.0,151.0,143
2022-11-25,144.0,151.0,146
2022-11-26,144.0,151.0,144
2022-11-27,144.0,150.0,142
2022-11-28,144.0,151.0,152
2022-11-29,145.0,152.0,163
2022-11-30,146.0,153.0,167
2022-12-01,147.0,153.0,167
2022-12-02,147.0,154.0,174
2022-12-03,148.0,155.0,168
2022-12-04,149.0,156.0,171
2022-12-05,150.0,158.0,186
2022-12-06,151.0,159.0,180
2022-12-07,152.0,159.0,174
2022-12-08,152.0,160.0,166
2022-12-09,152.0,160.0,167
2022-12-10,153.0,160.0,161
2022-12-11,153.0,160.0,162
2022-12-12,154.0,161.0,175
2022-12-13,154.0,162.0,172
2022-12-14,154.0,162.0,165
2022-12-15,154.0,161.0,150
2022-12-16,153.0,161.0,150
2022-12-17,153.0,160.0,141
2022-12-18,153.0,159.0,140
2022-12-19,152.0,159.0,149
2022-12-20,152.0,159.0,148
2022-12-21,152.0,159.0,153
2022-12-22,152.0,159.0,143
2022-12-23,152.0,159.0,146
2022-12-24,152.0,158.0,133
2022-12-25,151.0,158.0,134
2022-12-26,151.0,158.0,136
2022-12-27,151.0,158.0,145
2022-12-28,151.0,158.0,153
2022-12-29,151.0,158.0,149
2022-12-30,150.0,157.0,156
2022-12-31,150.0,156.0,148
2023-01-01,150.0,156.0,150
2023-01-02,149.0,155.0,152
2023-01-03,148.0,155.0,153
2023-01-04,147.0,154.0,154
2023-01-05,146.0,152.0,145
2023-01-06,145.0,151.0,147
2023-01-07,144.0,150.0,135
2023-01-08,143.0,149.0,135
2023-01-09,142.0,149.0,137
2023-01-10,141.0,148.0,136
2023-01-11,140.0,146.0,137
2023-01-12,139.0,145.0,135
2023-01-13,138.0,144.0,139
2023-01-14,138.0,144.0,128
2023-01-15,138.0,143.0,133
2023-01-16,137.0,143.0,135
2023-01-17,137.0,143.0,136
2023-01-18,136.0,142.0,138
2023-01-19,136.0,142.0,137
2023-01-20,135.0,141.0,139
2023-01-21,134.0,141.0,120
2023-01-22,134.0,140.0,122
2023-01-23,134.0,140.0,130
2023-01-24,133.0,140.0,129
2023-01-25,133.0,139.0,128
2023-01-26,132.0,139.0,129
2023-01-27,131.0,138.0,131
2023-01-28,130.0,137.0,114
2023-01-29,129.0,136.0,116
2023-01-30,128.0,135.0,129
2023-01-31,128.0,135.0,137
2023-02-01,127.0,134.0,140
2023-02-02,126.0,133.0,119
2023-02-03,125.0,132.0,126
2023-02-04,124.0,131.0,119
2023-02-05,124.0,130.0,119
2023-02-06,123.0,130.0,133
2023-02-07,123.0,130.0,131
2023-02-08,123.0,130.0,136
2023-02-09,122.0,130.0,123
2023-02-10,122.0,129.0,126
2023-02-11,121.0,129.0,117
2023-02-12,121.0,128.0,118
2023-02-13,121.0,128.0,124
2023-02-14,120.0,128.0,125
2023-02-15,120.0,127.0,127
2023-02-16,119.0,127.0,122
2023-02-17,119.0,127.0,131
2023-02-18,118.0,126.0,115
2023-02-19,118.0,125.0,115
2023-02-20,118.0,125.0,120
2023-02-21,118.0,125.0,116
2023-02-22,117.0,124.0,119
2023-02-23,117.0,124.0,119
2023-02-24,117.0,124.0,124
2023-02-25,116.0,124.0,114
2023-02-26,116.0,123.0,112
2023-02-27,116.0,123.0,124
2023-02-28,116.0,124.0,126
2023-03-01,116.0,124.0,129
2023-03-02,116.0,123.0,125
2023-03-03,116.0,123.0,125
2023-03-04,116.0,122.0,115
2023-03-05,116.0,122.0,118
2023-03-06,116.0,123.0,131
2023-03-07,116.0,123.0,137
2023-03-08,116.0,123.0,134
2023-03-09,116.0,123.0,127
2023-03-10,116.0,123.0,134
2023-03-11,116.0,123.0,123
2023-03-12,116.0,123.0,122
2023-03-13,116.0,123.0,131
2023-03-14,116.0,124.0,132
2023-03-15,116.0,124.0,134
2023-03-16,117.0,125.0,138
2023-03-17,117.0,125.0,147
2023-03-18,118.0,126.0,132
2023-03-19,118.0,126.0,133
2023-03-20,119.0,127.0,147
2023-03-21,119.0,128.0,139
2023-03-22,120.0,128.0,140
2023-03-23,120.0,129.0,132
2023-03-24,121.0,129.0,138
2023-03-25,122.0,130.0,130
2023-03-26,122.0,130.0,131
2023-03-27,123.0,131.0,140
2023-03-28,123.0,132.0,137
2023-03-29,123.0,132.0,137
2023-03-30,123.0,132.0,128
2023-03-31,124.0,132.0,138
2023-04-01,124.0,133.0,126
2023-04-02,124.0,133.0,125
2023-04-03,125.0,133.0,137
2023-04-04,125.0,134.0,136
2023-04-05,125.0,134.0,140
2023-04-06,125.0,134.0,133
2023-04-07,125.0,134.0,133
2023-04-08,125.0,134.0,118
2023-04-09,125.0,133.0,119
2023-04-10,125.0,134.0,137
2023-04-11,127.0,136.0,180
2023-04-12,129.0,137.0,182
2023-04-13,130.0,139.0,172
2023-04-14,131.0,140.0,173
2023-04-15,132.0,141.0,161
2023-04-16,134.0,141.0,165
2023-04-17,135.0,143.0,174
2023-04-18,136.0,144.0,177
2023-04-19,137.0,146.0,197
2023-04-20,138.0,147.0,182
2023-04-21,140.0,149.0,184
2023-04-22,141.0,150.0,162
2023-04-23,142.0,151.0,163
2023-04-24,143.0,152.0,175
2023-04-25,144.0,153.0,169
2023-04-26,145.0,154.0,166
2023-04-27,145.0,155.0,155
2023-04-28,146.0,156.0,159
2023-04-29,147.0,156.0,152
2023-04-30,148.0,157.0,152
2023-05-01,149.0,158.0,163
2023-05-02,150.0,159.0,162
2023-05-03,151.0,161.0,176
2023-05-04,152.0,162.0,166
2023-05-05,153.0,163.0,172
2023-05-06,154.0,163.0,157
2023-05-07,155.0,164.0,156
2023-05-08,157.0,166.0,170
2023-05-09,158.0,168.0,182
2023-05-10,159.0,170.0,181
2023-05-11,159.0,169.0,176
2023-05-12,159.0,169.0,173
2023-05-13,158.0,168.0,154
2023-05-14,158.0,168.0,155
2023-05-15,158.0,168.0,164
2023-05-16,158.0,168.0,171
2023-05-17,158.0,168.0,180
2023-05-18,157.0,168.0,173
2023-05-19,157.0,168.0,176
2023-05-20,160.0,170.0,247
2023-05-21,163.0,172.0,248
2023-05-22,165.0,175.0,256
2023-05-23,168.0,179.0,271
2023-05-24,171.0,182.0,273
2023-05-25,174.0,185.0,255
2023-05-26,177.0,187.0,247
2023-05-27,180.0,190.0,239
2023-05-28,183.0,193.0,241
2023-05-29,186.0,196.0,249
2023-05-30,189.0,200.0,260
2023-05-31,192.0,203.0,246
2023-06-01,194.0,205.0,232
2023-06-02,196.0,207.0,231
2023-06-03,198.0,208.0,220
2023-06-04,200.0,210.0,218
2023-06-05,202.0,212.0,228
2023-06-06,203.0,215.0,236
2023-06-07,204.0,216.0,208
2023-06-08,205.0,217.0,212
2023-06-09,206.0,218.0,210
2023-06-10,207.0,219.0,192
2023-06-11,208.0,219.0,190
2023-06-12,210.0,221.0,200
2023-06-13,212.0,223.0,208
2023-06-14,213.0,225.0,219
2023-06-15,214.0,226.0,205
2023-06-16,215.0,227.0,206
2023-06-17,216.0,227.0,191
2023-06-18,217.0,228.0,193
2023-06-19,215.0,226.0,196
2023-06-20,214.0,226.0,238
2023-06-21,213.0,225.0,238
2023-06-22,212.0,224.0,227
2023-06-23,211.0,222.0,223
2023-06-24,210.0,221.0,213
2023-06-25,209.0,219.0,215
2023-06-26,208.0,219.0,226
2023-06-27,207.0,219.0,232
2023-06-28,206.0,218.0,224
2023-06-29,205.0,216.0,212
2023-06-30,205.0,215.0,219
2023-07-01,204.0,215.0,216
2023-07-02,204.0,214.0,215
2023-07-03,204.0,214.0,223
2023-07-04,204.0,214.0,219
2023-07-05,204.0,214.0,227
2023-07-06,205.0,214.0,224
2023-07-07,205.0,215.0,228
2023-07-08,206.0,215.0,213
2023-07-09,206.0,215.0,212
2023-07-10,207.0,216.0,218
2023-07-11,207.0,217.0,225
2023-07-12,207.0,217.0,211
2023-07-13,207.0,217.0,198
2023-07-14,207.0,216.0,206
2023-07-15,207.0,216.0,195
2023-07-16,207.0,216.0,195
2023-07-17,208.0,217.0,236
2023-07-18,209.0,219.0,239
2023-07-19,211.0,220.0,239
2023-07-20,211.0,221.0,251
2023-07-21,211.0,221.0,243
2023-07-22,212.0,221.0,224
2023-07-23,212.0,221.0,223
2023-07-24,212.0,221.0,229
2023-07-25,212.0,222.0,234
2023-07-26,212.0,222.0,234
2023-07-27,212.0,222.0,223
2023-07-28,213.0,222.0,231
2023-07-29,213.0,222.0,221
2023-07-30,214.0,222.0,221
2023-07-31,213.0,223.0,237
2023-08-01,213.0,223.0,219
2023-08-02,213.0,223.0,229
2023-08-03,213.0,223.0,216
2023-08-04,212.0,223.0,218
2023-08-05,212.0,222.0,206
2023-08-06,212.0,222.0,205
2023-08-07,212.0,222.0,219
2023-08-08,212.0,222.0,222
2023-08-09,212.0,223.0,233
2023-08-10,212.0,222.0,215
2023-08-11,212.0,223.0,218
2023-08-12,212.0,223.0,200
2023-08-13,212.0,222.0,200
2023-08-14,212.0,223.0,211
2023-08-15,213.0,224.0,216
2023-08-16,212.0,223.0,214
2023-08-17,211.0,222.0,208
2023-08-18,210.0,221.0,210
2023-08-19,209.0,219.0,202
2023-08-20,208.0,218.0,201
2023-08-21,207.0,217.0,207
2023-08-22,207.0,218.0,245
2023-08-23,208.0,219.0,255
2023-08-24,208.0,219.0,237
2023-08-25,208.0,220.0,247
2023-08-26,208.0,220.0,230
2023-08-27,209.0,220.0,231
2023-08-28,209.0,221.0,246
2023-08-29,210.0,221.0,242
2023-08-30,210.0,222.0,246
2023-08-31,210.0,222.0,222
2023-09-01,209.0,221.0,217
2023-09-02,209.0,221.0,195
2023-09-03,209.0,220.0,200
2023-09-04,208.0,220.0,205
2023-09-05,208.0,220.0,206
2023-09-06,207.0,219.0,198
2023-09-07,206.0,218.0,190
2023-09-08,205.0,217.0,197
2023-09-09,204.0,216.0,181
2023-09-10,203.0,215.0,183
2023-09-11,203.0,215.0,195
2023-09-12,204.0,216.0,255
2023-09-13,205.0,218.0,256
2023-09-14,206.0,219.0,236
2023-09-15,207.0,220.0,243
2023-09-16,208.0,220.0,228
2023-09-17,209.0,221.0,227
2023-09-18,210.0,222.0,234
2023-09-19,211.0,223.0,229
2023-09-20,212.0,224.0,234
2023-09-21,211.0,223.0,233
2023-09-22,211.0,222.0,232
2023-09-23,211.0,222.0,227
2023-09-24,211.0,222.0,227
2023-09-25,210.0,222.0,232
2023-09-26,210.0,222.0,229
2023-09-27,209.0,221.0,226
2023-09-28,208.0,220.0,218
2023-09-29,208.0,219.0,220
2023-09-30,207.0,218.0,200
2023-10-01,208.0,218.0,201
2023-10-02,208.0,219.0,218
2023-10-03,208.0,220.0,236
2023-10-04,209.0,221.0,234
2023-10-05,209.0,221.0,210
2023-10-06,210.0,222.0,221
2023-10-07,211.0,222.0,207
2023-10-08,212.0,223.0,205
2023-10-09,212.0,224.0,210
2023-10-10,213.0,225.0,221
2023-10-11,214.0,226.0,229
2023-10-12,213.0,225.0,223
2023-10-13,212.0,224.0,226
2023-10-14,212.0,223.0,211
2023-10-15,211.0,222.0,213
2023-10-16,211.0,222.0,236
2023-10-17,212.0,223.0,257
2023-10-18,212.0,224.0,257
2023-10-19,212.0,224.0,237
2023-10-20,211.0,224.0,235
2023-10-21,211.0,224.0,218
2023-10-22,211.0,223.0,219
2023-10-23,211.0,224.0,241
2023-10-24,212.0,224.0,242
2023-10-25,211.0,225.0,242
2023-10-26,213.0,226.0,274
2023-10-27,214.0,228.0,280
2023-10-28,216.0,230.0,265
2023-10-29,219.0,231.0,269
2023-10-30,220.0,234.0,273
2023-10-31,222.0,236.0,268
2023-11-01,223.0,237.0,260
2023-11-02,223.0,237.0,238
2023-11-03,224.0,237.0,237
2023-11-04,225.0,238.0,223
2023-11-05,225.0,238.0,224
2023-11-06,226.0,239.0,237
2023-11-07,226.0,240.0,236
2023-11-08,225.0,240.0,214
2023-11-09,224.0,240.0,207
2023-11-10,223.0,238.0,192
2023-11-11,222.0,237.0,178
2023-11-12,221.0,235.0,176
2023-11-13,220.0,235.0,190
2023-11-14,221.0,236.0,246
2023-11-15,220.0,236.0,240
2023-11-16,219.0,234.0,209
2023-11-17,218.0,232.0,204
2023-11-18,217.0,231.0,193
2023-11-19,216.0,230.0,190
2023-11-20,215.0,229.0,209
2023-11-21,215.0,230.0,245
2023-11-22,215.0,230.0,240
2023-11-23,215.0,230.0,226
2023-11-24,216.0,229.0,239
2023-11-25,215.0,228.0,233
2023-11-26,214.0,226.0,234
2023-11-27,212.0,226.0,245
2023-11-28,211.0,225.0,244
2023-11-29,209.0,224.0,241
2023-11-30,207.0,222.0,209
2023-12-01,206.0,220.0,209
2023-12-02,204.0,218.0,183
2023-12-03,203.0,217.0,186
2023-12-04,201.0,216.0,204
2023-12-05,201.0,217.0,251
2023-12-06,202.0,218.0,259
2023-12-07,202.0,218.0,233
2023-12-08,203.0,218.0,232
2023-12-09,204.0,218.0,213
2023-12-10,205.0,219.0,212
2023-12-11,206.0,221.0,226
2023-12-12,208.0,223.0,241
2023-12-13,209.0,225.0,244
2023-12-14,209.0,224.0,237
2023-12-15,210.0,224.0,242
2023-12-16,210.0,225.0,225
2023-12-17,212.0,226.0,227
2023-12-18,213.0,228.0,249
2023-12-19,215.0,230.0,260
2023-12-20,216.0,232.0,260
2023-12-21,216.0,231.0,233
2023-12-22,215.0,231.0,226
2023-12-23,215.0,230.0,208
2023-12-24,214.0,229.0,211
2023-12-25,213.0,228.0,211
2023-12-26,213.0,228.0,217
2023-12-27,212.0,227.0,220
2023-12-28,212.0,226.0,216
2023-12-29,212.0,225.0,216
2023-12-30,212.0,225.0,200
2023-12-31,213.0,225.0,203
2024-01-01,214.0,226.0,205
2024-01-02,216.0,228.0,250
2024-01-03,218.0,230.0,259
2024-01-04,218.0,229.0,246
2024-01-05,218.0,229.0,255
2024-01-06,219.0,229.0,233
2024-01-07,219.0,229.0,233
2024-01-08,220.0,230.0,248
2024-01-09,220.0,231.0,241
2024-01-10,221.0,232.0,240
2024-01-11,220.0,232.0,230
2024-01-12,220.0,231.0,236
2024-01-13,220.0,231.0,221
2024-01-14,220.0,230.0,221
2024-01-15,219.0,230.0,225
2024-01-16,219.0,230.0,222
2024-01-17,218.0,229.0,222
2024-01-18,216.0,227.0,207
2024-01-19,215.0,225.0,206
2024-01-20,214.0,224.0,196
2024-01-21,214.0,223.0,198
2024-01-22,214.0,223.0,216
2024-01-23,213.0,224.0,221
2024-01-24,212.0,224.0,205
2024-01-25,211.0,223.0,194
2024-01-26,210.0,222.0,198
2024-01-27,209.0,221.0,178
2024-01-28,208.0,220.0,182
2024-01-29,208.0,220.0,201
2024-01-30,208.0,220.0,210
2024-01-31,208.0,220.0,218
2024-02-01,206.0,219.0,216
2024-02-02,204.0,217.0,203
2024-02-03,202.0,216.0,192
2024-02-04,201.0,213.0,189
2024-02-05,200.0,212.0,204
2024-02-06,199.0,212.0,229
2024-02-07,199.0,212.0,234
2024-02-08,198.0,211.0,227
2024-02-09,198.0,211.0,225
2024-02-10,197.0,210.0,207
2024-02-11,197.0,209.0,207
2024-02-12,197.0,209.0,221
2024-02-13,198.0,210.0,261
2024-02-14,198.0,212.0,262
2024-02-15,200.0,213.0,248
2024-02-16,201.0,213.0,248
2024-02-17,202.0,214.0,231
2024-02-18,203.0,215.0,236
2024-02-19,204.0,217.0,238
2024-02-20,206.0,219.0,262
2024-02-21,208.0,221.0,272
2024-02-22,210.0,222.0,256
2024-02-23,212.0,224.0,263
2024-02-24,214.0,226.0,252
2024-02-25,217.0,228.0,254
2024-02-26,219.0,231.0,275
2024-02-27,222.0,234.0,270
2024-02-28,224.0,236.0,267
2024-02-29,225.0,237.0,246
2024-03-01,226.0,238.0,241
2024-03-02,227.0,238.0,233
2024-03-03,228.0,239.0,232
2024-03-04,230.0,241.0,253
2024-03-05,231.0,243.0,248
2024-03-06,232.0,245.0,250
2024-03-07,233.0,245.0,237
2024-03-08,234.0,246.0,243
2024-03-09,234.0,246.0,228
2024-03-10,235.0,246.0,227
2024-03-11,236.0,247.0,251
2024-03-12,236.0,249.0,256
2024-03-13,237.0,249.0,241
2024-03-14,236.0,248.0,234
2024-03-15,236.0,248.0,240
2024-03-16,235.0,247.0,223
2024-03-17,235.0,246.0,224
2024-03-18,234.0,246.0,238
2024-03-19,235.0,248.0,274
2024-03-20,236.0,249.0,282
2024-03-21,236.0,249.0,260
2024-03-22,235.0,249.0,259
2024-03-23,235.0,248.0,239
2024-03-24,234.0,247.0,237
2024-03-25,234.0,247.0,253
2024-03-26,234.0,247.0,263
2024-03-27,233.0,247.0,271
2024-03-28,233.0,247.0,254
2024-03-29,232.0,246.0,247
2024-03-30,232.0,246.0,235
2024-03-31,232.0,246.0,236
2024-04-01,233.0,246.0,252
2024-04-02,234.0,248.0,280
2024-04-03,235.0,249.0,288
2024-04-04,235.0,250.0,263
2024-04-05,236.0,250.0,271
2024-04-06,236.0,250.0,245
2024-04-07,237.0,250.0,244
2024-04-08,238.0,251.0,256
2024-04-09,239.0,253.0,263
2024-04-10,239.0,253.0,270
2024-04-11,240.0,253.0,259
2024-04-12,240.0,254.0,258
2024-04-13,240.0,254.0,236
2024-04-14,241.0,254.0,236
2024-04-15,242.0,255.0,254
2024-04-16,242.0,256.0,265
2024-04-17,243.0,257.0,265
2024-04-18,242.0,257.0,258
2024-04-19,241.0,255.0,247
2024-04-20,241.0,254.0,231
2024-04-21,241.0,254.0,229
2024-04-22,241.0,254.0,252
2024-04-23,241.0,255.0,264
2024-04-24,242.0,255.0,272
2024-04-25,242.0,256.0,269
2024-04-26,241.0,255.0,265
2024-04-27,241.0,255.0,238
2024-04-28,241.0,255.0,237
2024-04-29,242.0,255.0,258
2024-04-30,243.0,257.0,277
2024-05-01,243.0,258.0,281
2024-05-02,242.0,257.0,261
2024-05-03,242.0,256.0,264
2024-05-04,242.0,256.0,253
2024-05-05,242.0,255.0,248
2024-05-06,243.0,256.0,280
2024-05-07,244.0,258.0,291
2024-05-08,245.0,259.0,303
2024-05-09,246.0,260.0,290
2024-05-10,246.0,261.0,294
2024-05-11,247.0,262.0,271
2024-05-12,248.0,262.0,267
2024-05-13,250.0,263.0,284
2024-05-14,251.0,265.0,291
2024-05-15,252.0,267.0,291
2024-05-16,252.0,267.0,273
2024-05-17,253.0,267.0,274
2024-05-18,254.0,268.0,271
2024-05-19,255.0,268.0,263
2024-05-20,256.0,270.0,275
2024-05-21,257.0,271.0,282
2024-05-22,258.0,272.0,287
2024-05-23,258.0,273.0,276
2024-05-24,258.0,272.0,261
2024-05-25,258.0,272.0,269
2024-05-26,259.0,272.0,252
2024-05-27,260.0,273.0,264
2024-05-28,261.0,274.0,273
2024-05-29,261.0,275.0,280
2024-05-30,261.0,275.0,288
2024-05-31,261.0,275.0,283
2024-06-01,261.0,275.0,255
2024-06-02,262.0,275.0,255
2024-06-03,262.0,276.0,276
2024-06-04,263.0,276.0,268
2024-06-05,262.0,276.0,278
2024-06-06,261.0,275.0,262
2024-06-07,260.0,274.0,267
2024-06-08,259.0,273.0,262
2024-06-09,259.0,272.0,252
2024-06-10,259.0,271.0,264
2024-06-11,258.0,271.0,258
2024-06-12,257.0,270.0,264
2024-06-13,256.0,269.0,251
2024-06-14,256.0,268.0,271
2024-06-15,256.0,268.0,272
2024-06-16,255.0,268.0,256
2024-06-17,255.0,267.0,252
2024-06-18,254.0,267.0,268
2024-06-19,254.0,267.0,252
2024-06-20,253.0,266.0,261
2024-06-21,253.0,265.0,259
2024-06-22,253.0,264.0,254
2024-06-23,252.0,264.0,247
2024-06-24,253.0,264.0,274
2024-06-25,253.0,265.0,272
2024-06-26,253.0,265.0,284
2024-06-27,253.0,265.0,278
2024-06-28,253.0,265.0,278
2024-06-29,252.0,264.0,257
2024-06-30,253.0,263.0,250
2024-07-01,253.0,264.0,271
2024-07-02,253.0,264.0,274
2024-07-03,254.0,265.0,288
2024-07-04,253.0,265.0,270
2024-07-05,254.0,265.0,280
2024-07-06,254.0,266.0,282
2024-07-07,255.0,266.0,268
2024-07-08,256.0,266.0,286
2024-07-09,256.0,267.0,283
2024-07-10,257.0,268.0,293
2024-07-11,258.0,269.0,284
2024-07-12,259.0,270.0,288
2024-07-13,259.0,271.0,282
2024-07-14,259.0,271.0,253
2024-07-15,259.0,270.0,270
2024-07-16,260.0,271.0,276
2024-07-17,260.0,272.0,290
2024-07-18,261.0,273.0,285
2024-07-19,262.0,274.0,295
2024-07-20,262.0,275.0,269
2024-07-21,262.0,274.0,253
2024-07-22,262.0,275.0,271
2024-07-23,263.0,276.0,263
2024-07-24,262.0,276.0,272
2024-07-25,262.0,275.0,258
2024-07-26,261.0,275.0,269
2024-07-27,261.0,274.0,267
2024-07-28,260.0,273.0,250
2024-07-29,260.0,274.0,265
2024-07-30,261.0,274.0,280
2024-07-31,261.0,275.0,284
2024-08-01,261.0,275.0,271
2024-08-02,261.0,274.0,269
2024-08-03,260.0,274.0,272
2024-08-04,260.0,274.0,257
2024-08-05,259.0,273.0,275
2024-08-06,259.0,273.0,270
2024-08-07,259.0,273.0,289
2024-08-08,259.0,273.0,272
2024-08-09,258.0,273.0,281
2024-08-10,257.0,272.0,274
2024-08-11,257.0,271.0,251
2024-08-12,257.0,271.0,272
2024-08-13,257.0,272.0,275
2024-08-14,257.0,272.0,281
2024-08-15,256.0,272.0,273
2024-08-16,256.0,271.0,270
2024-08-17,255.0,271.0,270
2024-08-18,255.0,269.0,250
2024-08-19,255.0,269.0,272
2024-08-20,255.0,270.0,265
2024-08-21,255.0,270.0,270
2024-08-22,255.0,270.0,266
2024-08-23,255.0,270.0,269
2024-08-24,255.0,270.0,258
2024-08-25,255.0,269.0,256
2024-08-26,255.0,269.0,276
2024-08-27,256.0,270.0,274
2024-08-28,257.0,271.0,289
2024-08-29,257.0,271.0,277
2024-08-30,256.0,271.0,287
2024-08-31,256.0,271.0,261
2024-09-01,256.0,270.0,254
2024-09-02,256.0,270.0,256
2024-09-03,257.0,270.0,273
2024-09-04,257.0,270.0,283
2024-09-05,257.0,271.0,272
2024-09-06,257.0,270.0,285
2024-09-07,257.0,271.0,281
2024-09-08,256.0,269.0,244
2024-09-09,256.0,269.0,265
2024-09-10,256.0,270.0,269
2024-09-11,256.0,270.0,273
2024-09-12,256.0,269.0,264
2024-09-13,256.0,269.0,262
2024-09-14,255.0,268.0,259
2024-09-15,254.0,267.0,230
2024-09-16,253.0,266.0,251
2024-09-17,253.0,266.0,253
2024-09-18,253.0,266.0,269
2024-09-19,253.0,266.0,257
2024-09-20,252.0,266.0,267
2024-09-21,252.0,266.0,269
2024-09-22,253.0,266.0,253
2024-09-23,253.0,266.0,275
2024-09-24,253.0,267.0,277
2024-09-25,254.0,267.0,285
2024-09-26,254.0,268.0,286
2024-09-27,253.0,267.0,267
2024-09-28,253.0,267.0,271
2024-09-29,252.0,265.0,249
2024-09-30,253.0,266.0,278
2024-10-01,253.0,267.0,292
2024-10-02,253.0,268.0,276
2024-10-03,253.0,268.0,270
2024-10-04,252.0,268.0,278
2024-10-05,252.0,267.0,265
2024-10-06,252.0,266.0,260
2024-10-07,253.0,266.0,280
2024-10-08,254.0,268.0,288
2024-10-09,255.0,269.0,301
2024-10-10,255.0,270.0,284
2024-10-11,256.0,270.0,294
2024-10-12,257.0,271.0,285
2024-10-13,258.0,272.0,280
2024-10-14,260.0,272.0,280
2024-10-15,261.0,274.0,295
2024-10-16,263.0,276.0,297
2024-10-17,264.0,278.0,297
2024-10-18,266.0,279.0,302
2024-10-19,267.0,280.0,307
2024-10-20,268.0,281.0,281
2024-10-21,269.0,282.0,304
2024-10-22,270.0,284.0,302
2024-10-23,272.0,285.0,312
2024-10-24,273.0,286.0,325
2024-10-25,273.0,287.0,313
2024-10-26,274.0,288.0,304
2024-10-27,275.0,288.0,285
2024-10-28,276.0,289.0,300
2024-10-29,278.0,291.0,302
2024-10-30,278.0,292.0,304
2024-10-31,279.0,292.0,298
2024-11-01,280.0,293.0,296
2024-11-02,280.0,294.0,292
2024-11-03,281.0,294.0,275
2024-11-04,282.0,295.0,294
2024-11-05,282.0,296.0,294
2024-11-06,282.0,296.0,282
2024-11-07,282.0,296.0,292
2024-11-08,282.0,296.0,298
2024-11-09,282.0,296.0,302
2024-11-10,282.0,296.0,271
2024-11-11,282.0,295.0,275
2024-11-12,282.0,296.0,291
2024-11-13,282.0,296.0,299
2024-11-14,282.0,296.0,294
2024-11-15,282.0,296.0,290
2024-11-16,281.0,296.0,296
2024-11-17,280.0,295.0,269
2024-11-18,280.0,294.0,286
2024-11-19,280.0,295.0,299
2024-11-20,279.0,295.0,298
2024-11-21,278.0,294.0,279
2024-11-22,277.0,292.0,272
2024-11-23,276.0,291.0,272
2024-11-24,274.0,289.0,256
2024-11-25,274.0,288.0,278
2024-11-26,273.0,288.0,280
2024-11-27,272.0,287.0,275
2024-11-28,271.0,286.0,261
2024-11-29,270.0,285.0,274
2024-11-30,269.0,284.0,281
2024-12-01,269.0,283.0,262
2024-12-02,269.0,283.0,290
2024-12-03,269.0,283.0,294
2024-12-04,268.0,283.0,281
2024-12-05,268.0,282.0,272
2024-12-06,268.0,282.0,277
2024-12-07,267.0,282.0,279
2024-12-08,267.0,281.0,268
2024-12-09,267.0,280.0,295
2024-12-10,267.0,281.0,288
2024-12-11,266.0,281.0,284
2024-12-12,265.0,281.0,286
2024-12-13,264.0,280.0,264
2024-12-14,263.0,279.0,257
2024-12-15,262.0,277.0,249
2024-12-16,262.0,277.0,271
2024-12-17,261.0,276.0,265
2024-12-18,261.0,276.0,273
2024-12-19,259.0,275.0,264
2024-12-20,259.0,274.0,260
2024-12-21,257.0,273.0,250
2024-12-22,256.0,271.0,223
2024-12-23,255.0,270.0,245
2024-12-24,255.0,270.0,243
2024-12-25,254.0,269.0,246
2024-12-26,254.0,268.0,258
2024-12-27,253.0,267.0,251
2024-12-28,252.0,267.0,246
2024-12-29,251.0,265.0,240
2024-12-30,251.0,265.0,255
2024-12-31,250.0,264.0,254
2025-01-01,249.0,263.0,251
2025-01-02,249.0,262.0,277
2025-01-03,249.0,262.0,270
2025-01-04,248.0,262.0,257
2025-01-05,248.0,260.0,245
2025-01-06,247.0,260.0,267
2025-01-07,247.0,260.0,273
2025-01-08,246.0,259.0,265
2025-01-09,246.0,258.0,258
2025-01-10,245.0,258.0,266
2025-01-11,245.0,257.0,277
2025-01-12,246.0,257.0,258
2025-01-13,247.0,258.0,288
2025-01-14,248.0,260.0,290
2025-01-15,248.0,260.0,292
2025-01-16,248.0,261.0,284
2025-01-17,249.0,261.0,281
2025-01-18,249.0,261.0,265
2025-01-19,249.0,261.0,249
2025-01-20,250.0,261.0,248
2025-01-21,251.0,262.0,265
2025-01-22,252.0,263.0,277
2025-01-23,253.0,265.0,284
2025-01-24,254.0,266.0,296
2025-01-25,255.0,267.0,284
2025-01-26,256.0,269.0,299
2025-01-27,258.0,272.0,332
2025-01-28,260.0,274.0,318
2025-01-29,261.0,276.0,313
2025-01-30,263.0,278.0,319
2025-01-31,264.0,280.0,315
2025-02-01,265.0,281.0,305
2025-02-02,267.0,282.0,300
2025-02-03,269.0,285.0,325
2025-02-04,270.0,287.0,322
2025-02-05,271.0,289.0,314
2025-02-06,273.0,290.0,314
2025-02-07,275.0,292.0,330
2025-02-08,277.0,294.0,324
2025-02-09,279.0,296.0,307
2025-02-10,280.0,297.0,326
2025-02-11,281.0,300.0,326
2025-02-12,283.0,301.0,318
2025-02-13,284.0,302.0,342
2025-02-14,287.0,305.0,372
2025-02-15,288.0,307.0,340
2025-02-16,290.0,308.0,320
2025-02-17,292.0,310.0,315
