Date,Midnight population,24-hour population
2008-10-01,0.0,0.0
2008-10-02,0.0,0.0
2008-10-03,0.0,0.0
2008-10-04,0.0,0.0
2008-10-05,0.0,0.0
2008-10-06,0.0,0.0
2008-10-07,0.0,0.0
2008-10-08,0.0,0.0
2008-10-09,0.0,0.0
2008-10-10,0.0,0.0
2008-10-11,0.0,0.0
2008-10-12,0.0,0.0
2008-10-13,0.0,0.0
2008-10-14,0.0,0.0
2008-10-15,0.0,0.0
2008-10-16,0.0,0.0
2008-10-17,0.0,0.0
2008-10-18,0.0,0.0
2008-10-19,0.0,0.0
2008-10-20,0.0,0.0
2008-10-21,0.0,0.0
2008-10-22,0.0,0.0
2008-10-23,0.0,0.0
2008-10-24,0.0,0.0
2008-10-25,0.0,0.0
2008-10-26,0.0,0.0
2008-10-27,0.0,0.0
2008-10-28,0.0,0.0
2008-10-29,0.0,0.0
2008-10-30,0.0,0.0
2008-10-31,0.0,0.0
2008-11-01,0.0,0.0
2008-11-02,0.0,0.0
2008-11-03,0.0,0.0
2008-11-04,0.0,0.0
2008-11-05,0.0,0.0
2008-11-06,0.0,0.0
2008-11-07,0.0,0.0
2008-11-08,0.0,0.0
2008-11-09,0.0,0.0
2008-11-10,0.0,0.0
2008-11-11,0.0,0.0
2008-11-12,0.0,0.0
2008-11-13,0.0,0.0
2008-11-14,0.0,0.0
2008-11-15,0.0,0.0
2008-11-16,0.0,0.0
2008-11-17,0.0,0.0
2008-11-18,0.0,0.0
2008-11-19,0.0,0.0
2008-11-20,0.0,0.0
2008-11-21,0.0,0.0
2008-11-22,0.0,0.0
2008-11-23,0.0,0.0
2008-11-24,0.0,0.0
2008-11-25,0.0,0.0
2008-11-26,0.0,0.0
2008-11-27,0.0,0.0
2008-11-28,0.0,0.0
2008-11-29,0.0,0.0
2008-11-30,0.0,0.0
2008-12-01,0.0,0.0
2008-12-02,0.0,0.0
2008-12-03,0.0,0.0
2008-12-04,0.0,0.0
2008-12-05,0.0,0.0
2008-12-06,0.0,0.0
2008-12-07,0.0,0.0
2008-12-08,0.0,0.0
2008-12-09,0.0,0.0
2008-12-10,0.0,0.0
2008-12-11,0.0,0.0
2008-12-12,0.0,0.0
2008-12-13,0.0,0.0
2008-12-14,0.0,0.0
2008-12-15,0.0,0.0
2008-12-16,0.0,0.0
2008-12-17,0.0,0.0
2008-12-18,0.0,0.0
2008-12-19,0.0,0.0
2008-12-20,0.0,0.0
2008-12-21,0.0,0.0
2008-12-22,0.0,0.0
2008-12-23,0.0,0.0
2008-12-24,0.0,0.0
2008-12-25,0.0,0.0
2008-12-26,0.0,0.0
2008-12-27,0.0,0.0
2008-12-28,0.0,0.0
2008-12-29,0.0,0.0
2008-12-30,0.0,0.0
2008-12-31,0.0,0.0
2009-01-01,0.0,0.0
2009-01-02,0.0,0.0
2009-01-03,0.0,0.0
2009-01-04,0.0,0.0
2009-01-05,0.0,0.0
2009-01-06,0.0,0.0
2009-01-07,0.0,0.0
2009-01-08,0.0,0.0
2009-01-09,0.0,0.0
2009-01-10,0.0,0.0
2009-01-11,0.0,0.0
2009-01-12,0.0,0.0
2009-01-13,0.0,0.0
2009-01-14,0.0,0.0
2009-01-15,0.0,0.0
2009-01-16,0.0,0.0
2009-01-17,0.0,0.0
2009-01-18,0.0,0.0
2009-01-19,0.0,0.0
2009-01-20,0.0,0.0
2009-01-21,0.0,0.0
2009-01-22,0.0,0.0
2009-01-23,0.0,0.0
2009-01-24,0.0,0.0
2009-01-25,0.0,0.0
2009-01-26,0.0,0.0
2009-01-27,0.0,0.0
2009-01-28,0.0,0.0
2009-01-29,0.0,0.0
2009-01-30,0.0,0.0
2009-01-31,0.0,0.0
2009-02-01,0.0,0.0
2009-02-02,0.0,0.0
2009-02-03,0.0,0.0
2009-02-04,0.0,0.0
2009-02-05,0.0,0.0
2009-02-06,0.0,0.0
2009-02-07,0.0,0.0
2009-02-08,0.0,0.0
2009-02-09,0.0,0.0
2009-02-10,0.0,0.0
2009-02-11,0.0,0.0
2009-02-12,0.0,0.0
2009-02-13,0.0,0.0
2009-02-14,0.0,0.0
2009-02-15,0.0,0.0
2009-02-16,0.0,0.0
2009-02-17,0.0,0.0
2009-02-18,0.0,0.0
2009-02-19,0.0,0.0
2009-02-20,0.0,0.0
2009-02-21,0.0,0.0
2009-02-22,0.0,0.0
2009-02-23,0.0,0.0
2009-02-24,0.0,0.0
2009-02-25,0.0,0.0
2009-02-26,0.0,0.0
2009-02-27,0.0,0.0
2009-02-28,0.0,0.0
2009-03-01,0.0,0.0
2009-03-02,0.0,0.0
2009-03-03,0.0,0.0
2009-03-04,0.0,0.0
2009-03-05,0.0,0.0
2009-03-06,0.0,0.0
2009-03-07,0.0,0.0
2009-03-08,0.0,0.0
2009-03-09,0.0,0.0
2009-03-10,0.0,0.0
2009-03-11,0.0,0.0
2009-03-12,0.0,0.0
2009-03-13,0.0,0.0
2009-03-14,0.0,0.0
2009-03-15,0.0,0.0
2009-03-16,0.0,0.0
2009-03-17,0.0,0.0
2009-03-18,0.0,0.0
2009-03-19,0.0,0.0
2009-03-20,0.0,0.0
2009-03-21,0.0,0.0
2009-03-22,0.0,0.0
2009-03-23,0.0,0.0
2009-03-24,0.0,0.0
2009-03-25,0.0,0.0
2009-03-26,0.0,0.0
2009-03-27,0.0,0.0
2009-03-28,0.0,0.0
2009-03-29,0.0,0.0
2009-03-30,0.0,0.0
2009-03-31,0.0,0.0
2009-04-01,0.0,0.0
2009-04-02,0.0,0.0
2009-04-03,0.0,0.0
2009-04-04,0.0,0.0
2009-04-05,0.0,0.0
2009-04-06,0.0,0.0
2009-04-07,0.0,0.0
2009-04-08,0.0,0.0
2009-04-09,0.0,0.0
2009-04-10,0.0,0.0
2009-04-11,0.0,0.0
2009-04-12,0.0,0.0
2009-04-13,0.0,0.0
2009-04-14,0.0,0.0
2009-04-15,0.0,0.0
2009-04-16,0.0,0.0
2009-04-17,0.0,0.0
2009-04-18,0.0,0.0
2009-04-19,0.0,0.0
2009-04-20,0.0,0.0
2009-04-21,0.0,0.0
2009-04-22,0.0,0.0
2009-04-23,0.0,0.0
2009-04-24,0.0,0.0
2009-04-25,0.0,0.0
2009-04-26,0.0,0.0
2009-04-27,0.0,0.0
2009-04-28,0.0,0.0
2009-04-29,0.0,0.0
2009-04-30,0.0,0.0
2009-05-01,0.0,0.0
2009-05-02,0.0,0.0
2009-05-03,0.0,0.0
2009-05-04,0.0,0.0
2009-05-05,0.0,0.0
2009-05-06,0.0,0.0
2009-05-07,0.0,0.0
2009-05-08,0.0,0.0
2009-05-09,0.0,0.0
2009-05-10,0.0,0.0
2009-05-11,0.0,0.0
2009-05-12,0.0,0.0
2009-05-13,0.0,0.0
2009-05-14,0.0,0.0
2009-05-15,0.0,0.0
2009-05-16,0.0,0.0
2009-05-17,0.0,0.0
2009-05-18,0.0,0.0
2009-05-19,0.0,0.0
2009-05-20,0.0,0.0
2009-05-21,0.0,0.0
2009-05-22,0.0,0.0
2009-05-23,0.0,0.0
2009-05-24,0.0,0.0
2009-05-25,0.0,0.0
2009-05-26,0.0,0.0
2009-05-27,0.0,0.0
2009-05-28,0.0,0.0
2009-05-29,0.0,0.0
2009-05-30,0.0,0.0
2009-05-31,0.0,0.0
2009-06-01,0.0,0.0
2009-06-02,0.0,0.0
2009-06-03,0.0,0.0
2009-06-04,0.0,0.0
2009-06-05,0.0,0.0
2009-06-06,0.0,0.0
2009-06-07,0.0,0.0
2009-06-08,0.0,0.0
2009-06-09,0.0,0.0
2009-06-10,0.0,0.0
2009-06-11,0.0,0.0
2009-06-12,0.0,0.0
2009-06-13,0.0,0.0
2009-06-14,0.0,0.0
2009-06-15,0.0,0.0
2009-06-16,0.0,0.0
2009-06-17,0.0,0.0
2009-06-18,0.0,0.0
2009-06-19,0.0,0.0
2009-06-20,0.0,0.0
2009-06-21,0.0,0.0
2009-06-22,0.0,0.0
2009-06-23,0.0,0.0
2009-06-24,0.0,0.0
2009-06-25,0.0,0.0
2009-06-26,0.0,0.0
2009-06-27,0.0,0.0
2009-06-28,0.0,0.0
2009-06-29,0.0,0.0
2009-06-30,0.0,0.0
2009-07-01,0.0,0.0
2009-07-02,0.0,0.0
2009-07-03,0.0,0.0
2009-07-04,0.0,0.0
2009-07-05,0.0,0.0
2009-07-06,0.0,0.0
2009-07-07,0.0,0.0
2009-07-08,0.0,0.0
2009-07-09,0.0,0.0
2009-07-10,0.0,0.0
2009-07-11,0.0,0.0
2009-07-12,0.0,0.0
2009-07-13,0.0,0.0
2009-07-14,0.0,0.0
2009-07-15,0.0,0.0
2009-07-16,0.0,0.0
2009-07-17,0.0,0.0
2009-07-18,0.0,0.0
2009-07-19,0.0,0.0
2009-07-20,0.0,0.0
2009-07-21,0.0,0.0
2009-07-22,0.0,0.0
2009-07-23,0.0,0.0
2009-07-24,0.0,0.0
2009-07-25,0.0,0.0
2009-07-26,0.0,0.0
2009-07-27,0.0,0.0
2009-07-28,0.0,0.0
2009-07-29,0.0,0.0
2009-07-30,0.0,0.0
2009-07-31,0.0,0.0
2009-08-01,0.0,0.0
2009-08-02,0.0,0.0
2009-08-03,0.0,0.0
2009-08-04,0.0,0.0
2009-08-05,0.0,0.0
2009-08-06,0.0,0.0
2009-08-07,0.0,0.0
2009-08-08,0.0,0.0
2009-08-09,0.0,0.0
2009-08-10,0.0,0.0
2009-08-11,0.0,0.0
2009-08-12,0.0,0.0
2009-08-13,0.0,0.0
2009-08-14,0.0,0.0
2009-08-15,0.0,0.0
2009-08-16,0.0,0.0
2009-08-17,0.0,0.0
2009-08-18,0.0,0.0
2009-08-19,0.0,0.0
2009-08-20,0.0,0.0
2009-08-21,0.0,0.0
2009-08-22,0.0,0.0
2009-08-23,0.0,0.0
2009-08-24,0.0,0.0
2009-08-25,0.0,0.0
2009-08-26,0.0,0.0
2009-08-27,0.0,0.0
2009-08-28,0.0,0.0
2009-08-29,0.0,0.0
2009-08-30,0.0,0.0
2009-08-31,0.0,0.0
2009-09-01,0.0,0.0
2009-09-02,0.0,0.0
2009-09-03,0.0,0.0
2009-09-04,0.0,0.0
2009-09-05,0.0,0.0
2009-09-06,0.0,0.0
2009-09-07,0.0,0.0
2009-09-08,0.0,0.0
2009-09-09,0.0,0.0
2009-09-10,0.0,0.0
2009-09-11,0.0,0.0
2009-09-12,0.0,0.0
2009-09-13,0.0,0.0
2009-09-14,0.0,0.0
2009-09-15,0.0,0.0
2009-09-16,0.0,0.0
2009-09-17,0.0,0.0
2009-09-18,0.0,0.0
2009-09-19,0.0,0.0
2009-09-20,0.0,0.0
2009-09-21,0.0,0.0
2009-09-22,0.0,0.0
2009-09-23,0.0,0.0
2009-09-24,0.0,0.0
2009-09-25,0.0,0.0
2009-09-26,0.0,0.0
2009-09-27,0.0,0.0
2009-09-28,0.0,0.0
2009-09-29,0.0,0.0
2009-09-30,0.0,0.0
2009-10-01,0.0,0.0
2009-10-02,0.0,0.0
2009-10-03,0.0,0.0
2009-10-04,0.0,0.0
2009-10-05,0.0,0.0
2009-10-06,0.0,0.0
2009-10-07,0.0,0.0
2009-10-08,0.0,0.0
2009-10-09,0.0,0.0
2009-10-10,0.0,0.0
2009-10-11,0.0,0.0
2009-10-12,0.0,0.0
2009-10-13,0.0,0.0
2009-10-14,0.0,0.0
2009-10-15,0.0,0.0
2009-10-16,0.0,0.0
2009-10-17,0.0,0.0
2009-10-18,0.0,0.0
2009-10-19,0.0,0.0
2009-10-20,0.0,0.0
2009-10-21,0.0,0.0
2009-10-22,0.0,0.0
2009-10-23,0.0,0.0
2009-10-24,0.0,0.0
2009-10-25,0.0,0.0
2009-10-26,0.0,0.0
2009-10-27,0.0,0.0
2009-10-28,0.0,0.0
2009-10-29,0.0,0.0
2009-10-30,0.0,0.0
2009-10-31,0.0,0.0
2009-11-01,0.0,0.0
2009-11-02,0.0,0.0
2009-11-03,0.0,0.0
2009-11-04,0.0,0.0
2009-11-05,0.0,0.0
2009-11-06,0.0,0.0
2009-11-07,0.0,0.0
2009-11-08,0.0,0.0
2009-11-09,0.0,0.0
2009-11-10,0.0,0.0
2009-11-11,0.0,0.0
2009-11-12,0.0,0.0
2009-11-13,0.0,0.0
2009-11-14,0.0,0.0
2009-11-15,0.0,0.0
2009-11-16,0.0,0.0
2009-11-17,0.0,0.0
2009-11-18,0.0,0.0
2009-11-19,0.0,0.0
2009-11-20,0.0,0.0
2009-11-21,0.0,0.0
2009-11-22,0.0,0.0
2009-11-23,0.0,0.0
2009-11-24,0.0,0.0
2009-11-25,0.0,0.0
2009-11-26,0.0,0.0
2009-11-27,0.0,0.0
2009-11-28,0.0,0.0
2009-11-29,0.0,0.0
2009-11-30,0.0,0.0
2009-12-01,0.0,0.0
2009-12-02,0.0,0.0
2009-12-03,0.0,0.0
2009-12-04,0.0,0.0
2009-12-05,0.0,0.0
2009-12-06,0.0,0.0
2009-12-07,0.0,0.0
2009-12-08,0.0,0.0
2009-12-09,0.0,0.0
2009-12-10,0.0,0.0
2009-12-11,0.0,0.0
2009-12-12,0.0,0.0
2009-12-13,0.0,0.0
2009-12-14,0.0,0.0
2009-12-15,0.0,0.0
2009-12-16,0.0,0.0
2009-12-17,0.0,0.0
2009-12-18,0.0,0.0
2009-12-19,0.0,0.0
2009-12-20,0.0,0.0
2009-12-21,0.0,0.0
2009-12-22,0.0,0.0
2009-12-23,0.0,0.0
2009-12-24,0.0,0.0
2009-12-25,0.0,0.0
2009-12-26,0.0,0.0
2009-12-27,0.0,0.0
2009-12-28,0.0,0.0
2009-12-29,0.0,0.0
2009-12-30,0.0,0.0
2009-12-31,0.0,0.0
2010-01-01,0.0,0.0
2010-01-02,0.0,0.0
2010-01-03,0.0,0.0
2010-01-04,0.0,0.0
2010-01-05,0.0,0.0
2010-01-06,0.0,0.0
2010-01-07,0.0,0.0
2010-01-08,0.0,0.0
2010-01-09,0.0,0.0
2010-01-10,0.0,0.0
2010-01-11,0.0,0.0
2010-01-12,0.0,0.0
2010-01-13,0.0,0.0
2010-01-14,0.0,0.0
2010-01-15,0.0,0.0
2010-01-16,0.0,0.0
2010-01-17,0.0,0.0
2010-01-18,0.0,0.0
2010-01-19,0.0,0.0
2010-01-20,0.0,0.0
2010-01-21,0.0,0.0
2010-01-22,0.0,0.0
2010-01-23,0.0,0.0
2010-01-24,0.0,0.0
2010-01-25,0.0,0.0
2010-01-26,0.0,0.0
2010-01-27,0.0,0.0
2010-01-28,0.0,0.0
2010-01-29,0.0,0.0
2010-01-30,0.0,0.0
2010-01-31,0.0,0.0
2010-02-01,0.0,0.0
2010-02-02,0.0,0.0
2010-02-03,0.0,0.0
2010-02-04,0.0,0.0
2010-02-05,0.0,0.0
2010-02-06,0.0,0.0
2010-02-07,0.0,0.0
2010-02-08,0.0,0.0
2010-02-09,0.0,0.0
2010-02-10,0.0,0.0
2010-02-11,0.0,0.0
2010-02-12,0.0,0.0
2010-02-13,0.0,0.0
2010-02-14,0.0,0.0
2010-02-15,0.0,0.0
2010-02-16,0.0,0.0
2010-02-17,0.0,0.0
2010-02-18,0.0,0.0
2010-02-19,0.0,0.0
2010-02-20,0.0,0.0
2010-02-21,0.0,0.0
2010-02-22,0.0,0.0
2010-02-23,0.0,0.0
2010-02-24,0.0,0.0
2010-02-25,0.0,0.0
2010-02-26,0.0,0.0
2010-02-27,0.0,0.0
2010-02-28,0.0,0.0
2010-03-01,0.0,0.0
2010-03-02,0.0,0.0
2010-03-03,0.0,0.0
2010-03-04,0.0,0.0
2010-03-05,0.0,0.0
2010-03-06,0.0,0.0
2010-03-07,0.0,0.0
2010-03-08,0.0,0.0
2010-03-09,0.0,0.0
2010-03-10,0.0,0.0
2010-03-11,0.0,0.0
2010-03-12,0.0,0.0
2010-03-13,0.0,0.0
2010-03-14,0.0,0.0
2010-03-15,0.0,0.0
2010-03-16,0.0,0.0
2010-03-17,0.0,0.0
2010-03-18,0.0,0.0
2010-03-19,0.0,0.0
2010-03-20,0.0,0.0
2010-03-21,0.0,0.0
2010-03-22,0.0,0.0
2010-03-23,0.0,0.0
2010-03-24,0.0,0.0
2010-03-25,0.0,0.0
2010-03-26,0.0,0.0
2010-03-27,0.0,0.0
2010-03-28,0.0,0.0
2010-03-29,0.0,0.0
2010-03-30,0.0,0.0
2010-03-31,0.0,0.0
2010-04-01,0.0,0.0
2010-04-02,0.0,0.0
2010-04-03,0.0,0.0
2010-04-04,0.0,0.0
2010-04-05,0.0,0.0
2010-04-06,0.0,0.0
2010-04-07,0.0,0.0
2010-04-08,0.0,0.0
2010-04-09,0.0,0.0
2010-04-10,0.0,0.0
2010-04-11,0.0,0.0
2010-04-12,0.0,0.0
2010-04-13,0.0,0.0
2010-04-14,0.0,0.0
2010-04-15,0.0,0.0
2010-04-16,0.0,0.0
2010-04-17,0.0,0.0
2010-04-18,0.0,0.0
2010-04-19,0.0,0.0
2010-04-20,0.0,0.0
2010-04-21,0.0,0.0
2010-04-22,0.0,0.0
2010-04-23,0.0,0.0
2010-04-24,0.0,0.0
2010-04-25,0.0,0.0
2010-04-26,0.0,0.0
2010-04-27,0.0,0.0
2010-04-28,0.0,0.0
2010-04-29,0.0,0.0
2010-04-30,0.0,0.0
2010-05-01,0.0,0.0
2010-05-02,0.0,0.0
2010-05-03,0.0,0.0
2010-05-04,0.0,0.0
2010-05-05,0.0,0.0
2010-05-06,0.0,0.0
2010-05-07,0.0,0.0
2010-05-08,0.0,0.0
2010-05-09,0.0,0.0
2010-05-10,0.0,0.0
2010-05-11,0.0,0.0
2010-05-12,0.0,0.0
2010-05-13,0.0,0.0
2010-05-14,0.0,0.0
2010-05-15,0.0,0.0
2010-05-16,0.0,0.0
2010-05-17,0.0,0.0
2010-05-18,0.0,0.0
2010-05-19,0.0,0.0
2010-05-20,0.0,0.0
2010-05-21,0.0,0.0
2010-05-22,0.0,0.0
2010-05-23,0.0,0.0
2010-05-24,0.0,0.0
2010-05-25,0.0,0.0
2010-05-26,0.0,0.0
2010-05-27,0.0,0.0
2010-05-28,0.0,0.0
2010-05-29,0.0,0.0
2010-05-30,0.0,0.0
2010-05-31,0.0,0.0
2010-06-01,0.0,0.0
2010-06-02,0.0,0.0
2010-06-03,0.0,0.0
2010-06-04,0.0,0.0
2010-06-05,0.0,0.0
2010-06-06,0.0,0.0
2010-06-07,0.0,0.0
2010-06-08,0.0,0.0
2010-06-09,0.0,0.0
2010-06-10,0.0,0.0
2010-06-11,0.0,0.0
2010-06-12,0.0,0.0
2010-06-13,0.0,0.0
2010-06-14,0.0,0.0
2010-06-15,0.0,0.0
2010-06-16,0.0,0.0
2010-06-17,0.0,0.0
2010-06-18,0.0,0.0
2010-06-19,0.0,0.0
2010-06-20,0.0,0.0
2010-06-21,0.0,0.0
2010-06-22,0.0,0.0
2010-06-23,0.0,0.0
2010-06-24,0.0,0.0
2010-06-25,0.0,0.0
2010-06-26,0.0,0.0
2010-06-27,0.0,0.0
2010-06-28,0.0,0.0
2010-06-29,0.0,0.0
2010-06-30,0.0,0.0
2010-07-01,0.0,0.0
2010-07-02,0.0,0.0
2010-07-03,0.0,0.0
2010-07-04,0.0,0.0
2010-07-05,0.0,0.0
2010-07-06,0.0,0.0
2010-07-07,0.0,0.0
2010-07-08,0.0,0.0
2010-07-09,0.0,0.0
2010-07-10,0.0,0.0
2010-07-11,0.0,0.0
2010-07-12,0.0,0.0
2010-07-13,0.0,0.0
2010-07-14,0.0,0.0
2010-07-15,0.0,0.0
2010-07-16,0.0,0.0
2010-07-17,0.0,0.0
2010-07-18,0.0,0.0
2010-07-19,0.0,0.0
2010-07-20,0.0,0.0
2010-07-21,0.0,0.0
2010-07-22,0.0,0.0
2010-07-23,0.0,0.0
2010-07-24,0.0,0.0
2010-07-25,0.0,0.0
2010-07-26,0.0,0.0
2010-07-27,0.0,0.0
2010-07-28,0.0,0.0
2010-07-29,0.0,0.0
2010-07-30,0.0,0.0
2010-07-31,0.0,0.0
2010-08-01,0.0,0.0
2010-08-02,0.0,0.0
2010-08-03,0.0,0.0
2010-08-04,0.0,0.0
2010-08-05,0.0,0.0
2010-08-06,0.0,0.0
2010-08-07,0.0,0.0
2010-08-08,0.0,0.0
2010-08-09,0.0,0.0
2010-08-10,0.0,0.0
2010-08-11,0.0,0.0
2010-08-12,0.0,0.0
2010-08-13,0.0,0.0
2010-08-14,0.0,0.0
2010-08-15,0.0,0.0
2010-08-16,0.0,0.0
2010-08-17,0.0,0.0
2010-08-18,0.0,0.0
2010-08-19,0.0,0.0
2010-08-20,0.0,0.0
2010-08-21,0.0,0.0
2010-08-22,0.0,0.0
2010-08-23,0.0,0.0
2010-08-24,0.0,0.0
2010-08-25,0.0,0.0
2010-08-26,0.0,0.0
2010-08-27,0.0,0.0
2010-08-28,0.0,0.0
2010-08-29,0.0,0.0
2010-08-30,0.0,0.0
2010-08-31,0.0,0.0
2010-09-01,0.0,0.0
2010-09-02,0.0,0.0
2010-09-03,0.0,0.0
2010-09-04,0.0,0.0
2010-09-05,0.0,0.0
2010-09-06,0.0,0.0
2010-09-07,0.0,0.0
2010-09-08,0.0,0.0
2010-09-09,0.0,0.0
2010-09-10,0.0,0.0
2010-09-11,0.0,0.0
2010-09-12,0.0,0.0
2010-09-13,0.0,0.0
2010-09-14,0.0,0.0
2010-09-15,0.0,0.0
2010-09-16,0.0,0.0
2010-09-17,0.0,0.0
2010-09-18,0.0,0.0
2010-09-19,0.0,0.0
2010-09-20,0.0,0.0
2010-09-21,0.0,0.0
2010-09-22,0.0,0.0
2010-09-23,0.0,0.0
2010-09-24,0.0,0.0
2010-09-25,0.0,0.0
2010-09-26,0.0,0.0
2010-09-27,0.0,0.0
2010-09-28,0.0,0.0
2010-09-29,0.0,0.0
2010-09-30,0.0,0.0
2010-10-01,0.0,0.0
2010-10-02,0.0,0.0
2010-10-03,0.0,0.0
2010-10-04,0.0,0.0
2010-10-05,0.0,0.0
2010-10-06,0.0,0.0
2010-10-07,0.0,0.0
2010-10-08,0.0,0.0
2010-10-09,0.0,0.0
2010-10-10,0.0,0.0
2010-10-11,0.0,0.0
2010-10-12,0.0,0.0
2010-10-13,0.0,0.0
2010-10-14,0.0,0.0
2010-10-15,0.0,0.0
2010-10-16,0.0,0.0
2010-10-17,0.0,0.0
2010-10-18,0.0,0.0
2010-10-19,0.0,0.0
2010-10-20,0.0,0.0
2010-10-21,0.0,0.0
2010-10-22,0.0,0.0
2010-10-23,0.0,0.0
2010-10-24,0.0,0.0
2010-10-25,0.0,0.0
2010-10-26,0.0,0.0
2010-10-27,0.0,0.0
2010-10-28,0.0,0.0
2010-10-29,0.0,0.0
2010-10-30,0.0,0.0
2010-10-31,0.0,0.0
2010-11-01,0.0,0.0
2010-11-02,0.0,0.0
2010-11-03,0.0,0.0
2010-11-04,0.0,0.0
2010-11-05,0.0,0.0
2010-11-06,0.0,0.0
2010-11-07,0.0,0.0
2010-11-08,0.0,0.0
2010-11-09,0.0,0.0
2010-11-10,0.0,0.0
2010-11-11,0.0,0.0
2010-11-12,0.0,0.0
2010-11-13,0.0,0.0
2010-11-14,0.0,0.0
2010-11-15,0.0,0.0
2010-11-16,0.0,0.0
2010-11-17,0.0,0.0
2010-11-18,0.0,0.0
2010-11-19,0.0,0.0
2010-11-20,0.0,0.0
2010-11-21,0.0,0.0
2010-11-22,0.0,0.0
2010-11-23,0.0,0.0
2010-11-24,0.0,0.0
2010-11-25,0.0,0.0
2010-11-26,0.0,0.0
2010-11-27,0.0,0.0
2010-11-28,0.0,0.0
2010-11-29,0.0,0.0
2010-11-30,0.0,0.0
2010-12-01,0.0,0.0
2010-12-02,0.0,0.0
2010-12-03,0.0,0.0
2010-12-04,0.0,0.0
2010-12-05,0.0,0.0
2010-12-06,0.0,0.0
2010-12-07,0.0,0.0
2010-12-08,0.0,0.0
2010-12-09,0.0,0.0
2010-12-10,0.0,0.0
2010-12-11,0.0,0.0
2010-12-12,0.0,0.0
2010-12-13,0.0,0.0
2010-12-14,0.0,0.0
2010-12-15,0.0,0.0
2010-12-16,0.0,0.0
2010-12-17,0.0,0.0
2010-12-18,0.0,0.0
2010-12-19,0.0,0.0
2010-12-20,0.0,0.0
2010-12-21,0.0,0.0
2010-12-22,0.0,0.0
2010-12-23,0.0,0.0
2010-12-24,0.0,0.0
2010-12-25,0.0,0.0
2010-12-26,0.0,0.0
2010-12-27,0.0,0.0
2010-12-28,0.0,0.0
2010-12-29,0.0,0.0
2010-12-30,0.0,0.0
2010-12-31,0.0,0.0
2011-01-01,0.0,0.0
2011-01-02,0.0,0.0
2011-01-03,0.0,0.0
2011-01-04,0.0,0.0
2011-01-05,0.0,0.0
2011-01-06,0.0,0.0
2011-01-07,0.0,0.0
2011-01-08,0.0,0.0
2011-01-09,0.0,0.0
2011-01-10,0.0,0.0
2011-01-11,0.0,0.0
2011-01-12,0.0,0.0
2011-01-13,0.0,0.0
2011-01-14,0.0,0.0
2011-01-15,0.0,0.0
2011-01-16,0.0,0.0
2011-01-17,0.0,0.0
2011-01-18,0.0,0.0
2011-01-19,0.0,0.0
2011-01-20,0.0,0.0
2011-01-21,0.0,0.0
2011-01-22,0.0,0.0
2011-01-23,0.0,0.0
2011-01-24,0.0,0.0
2011-01-25,0.0,0.0
2011-01-26,0.0,0.0
2011-01-27,0.0,0.0
2011-01-28,0.0,0.0
2011-01-29,0.0,0.0
2011-01-30,0.0,0.0
2011-01-31,0.0,0.0
2011-02-01,0.0,0.0
2011-02-02,0.0,0.0
2011-02-03,0.0,0.0
2011-02-04,0.0,0.0
2011-02-05,0.0,0.0
2011-02-06,0.0,0.0
2011-02-07,0.0,0.0
2011-02-08,0.0,0.0
2011-02-09,0.0,0.0
2011-02-10,0.0,0.0
2011-02-11,0.0,0.0
2011-02-12,0.0,0.0
2011-02-13,0.0,0.0
2011-02-14,0.0,0.0
2011-02-15,0.0,0.0
2011-02-16,0.0,0.0
2011-02-17,0.0,0.0
2011-02-18,0.0,0.0
2011-02-19,0.0,0.0
2011-02-20,0.0,0.0
2011-02-21,0.0,0.0
2011-02-22,0.0,0.0
2011-02-23,0.0,0.0
2011-02-24,0.0,0.0
2011-02-25,0.0,0.0
2011-02-26,0.0,0.0
2011-02-27,0.0,0.0
2011-02-28,0.0,0.0
2011-03-01,0.0,0.0
2011-03-02,0.0,0.0
2011-03-03,0.0,0.0
2011-03-04,0.0,0.0
2011-03-05,0.0,0.0
2011-03-06,0.0,0.0
2011-03-07,0.0,0.0
2011-03-08,0.0,0.0
2011-03-09,0.0,0.0
2011-03-10,0.0,0.0
2011-03-11,0.0,0.0
2011-03-12,0.0,0.0
2011-03-13,0.0,0.0
2011-03-14,0.0,0.0
2011-03-15,0.0,0.0
2011-03-16,0.0,0.0
2011-03-17,0.0,0.0
2011-03-18,0.0,0.0
2011-03-19,0.0,0.0
2011-03-20,0.0,0.0
2011-03-21,0.0,0.0
2011-03-22,0.0,0.0
2011-03-23,0.0,0.0
2011-03-24,0.0,0.0
2011-03-25,0.0,0.0
2011-03-26,0.0,0.0
2011-03-27,0.0,0.0
2011-03-28,0.0,0.0
2011-03-29,0.0,0.0
2011-03-30,0.0,0.0
2011-03-31,0.0,0.0
2011-04-01,0.0,0.0
2011-04-02,0.0,0.0
2011-04-03,0.0,0.0
2011-04-04,0.0,0.0
2011-04-05,0.0,0.0
2011-04-06,0.0,0.0
2011-04-07,0.0,0.0
2011-04-08,0.0,0.0
2011-04-09,0.0,0.0
2011-04-10,0.0,0.0
2011-04-11,0.0,0.0
2011-04-12,0.0,0.0
2011-04-13,0.0,0.0
2011-04-14,0.0,0.0
2011-04-15,0.0,0.0
2011-04-16,0.0,0.0
2011-04-17,0.0,0.0
2011-04-18,0.0,0.0
2011-04-19,0.0,0.0
2011-04-20,0.0,0.0
2011-04-21,0.0,0.0
2011-04-22,0.0,0.0
2011-04-23,0.0,0.0
2011-04-24,0.0,0.0
2011-04-25,0.0,0.0
2011-04-26,0.0,0.0
2011-04-27,0.0,0.0
2011-04-28,0.0,0.0
2011-04-29,0.0,0.0
2011-04-30,0.0,0.0
2011-05-01,0.0,0.0
2011-05-02,0.0,0.0
2011-05-03,0.0,0.0
2011-05-04,0.0,0.0
2011-05-05,0.0,0.0
2011-05-06,0.0,0.0
2011-05-07,0.0,0.0
2011-05-08,0.0,0.0
2011-05-09,0.0,0.0
2011-05-10,0.0,0.0
2011-05-11,0.0,0.0
2011-05-12,0.0,0.0
2011-05-13,0.0,0.0
2011-05-14,0.0,0.0
2011-05-15,0.0,0.0
2011-05-16,0.0,0.0
2011-05-17,0.0,0.0
2011-05-18,0.0,0.0
2011-05-19,0.0,0.0
2011-05-20,0.0,0.0
2011-05-21,0.0,0.0
2011-05-22,0.0,0.0
2011-05-23,0.0,0.0
2011-05-24,0.0,0.0
2011-05-25,0.0,0.0
2011-05-26,0.0,0.0
2011-05-27,0.0,0.0
2011-05-28,0.0,0.0
2011-05-29,0.0,0.0
2011-05-30,0.0,0.0
2011-05-31,0.0,0.0
2011-06-01,0.0,0.0
2011-06-02,0.0,0.0
2011-06-03,0.0,0.0
2011-06-04,0.0,0.0
2011-06-05,0.0,0.0
2011-06-06,0.0,0.0
2011-06-07,0.0,0.0
2011-06-08,0.0,0.0
2011-06-09,0.0,0.0
2011-06-10,0.0,0.0
2011-06-11,0.0,0.0
2011-06-12,0.0,0.0
2011-06-13,0.0,0.0
2011-06-14,0.0,0.0
2011-06-15,0.0,0.0
2011-06-16,0.0,0.0
2011-06-17,0.0,0.0
2011-06-18,0.0,0.0
2011-06-19,0.0,0.0
2011-06-20,0.0,0.0
2011-06-21,0.0,0.0
2011-06-22,0.0,0.0
2011-06-23,0.0,0.0
2011-06-24,0.0,0.0
2011-06-25,0.0,0.0
2011-06-26,0.0,0.0
2011-06-27,0.0,0.0
2011-06-28,0.0,0.0
2011-06-29,0.0,0.0
2011-06-30,0.0,0.0
2011-07-01,0.0,0.0
2011-07-02,0.0,0.0
2011-07-03,0.0,0.0
2011-07-04,0.0,0.0
2011-07-05,0.0,0.0
2011-07-06,0.0,0.0
2011-07-07,0.0,0.0
2011-07-08,0.0,0.0
2011-07-09,0.0,0.0
2011-07-10,0.0,0.0
2011-07-11,0.0,0.0
2011-07-12,0.0,0.0
2011-07-13,0.0,0.0
2011-07-14,0.0,0.0
2011-07-15,0.0,0.0
2011-07-16,0.0,0.0
2011-07-17,0.0,0.0
2011-07-18,0.0,0.0
2011-07-19,0.0,0.0
2011-07-20,0.0,0.0
2011-07-21,0.0,0.0
2011-07-22,0.0,0.0
2011-07-23,0.0,0.0
2011-07-24,0.0,0.0
2011-07-25,0.0,0.0
2011-07-26,0.0,0.0
2011-07-27,0.0,0.0
2011-07-28,0.0,0.0
2011-07-29,0.0,0.0
2011-07-30,0.0,0.0
2011-07-31,0.0,0.0
2011-08-01,0.0,0.0
2011-08-02,0.0,0.0
2011-08-03,0.0,0.0
2011-08-04,0.0,0.0
2011-08-05,0.0,0.0
2011-08-06,0.0,0.0
2011-08-07,0.0,0.0
2011-08-08,0.0,0.0
2011-08-09,0.0,0.0
2011-08-10,0.0,0.0
2011-08-11,0.0,0.0
2011-08-12,0.0,0.0
2011-08-13,0.0,0.0
2011-08-14,0.0,0.0
2011-08-15,0.0,0.0
2011-08-16,0.0,0.0
2011-08-17,0.0,0.0
2011-08-18,0.0,0.0
2011-08-19,0.0,0.0
2011-08-20,0.0,0.0
2011-08-21,0.0,0.0
2011-08-22,0.0,0.0
2011-08-23,0.0,0.0
2011-08-24,0.0,0.0
2011-08-25,0.0,0.0
2011-08-26,0.0,0.0
2011-08-27,0.0,0.0
2011-08-28,0.0,0.0
2011-08-29,0.0,0.0
2011-08-30,0.0,0.0
2011-08-31,0.0,0.0
2011-09-01,0.0,0.0
2011-09-02,0.0,0.0
2011-09-03,0.0,0.0
2011-09-04,0.0,0.0
2011-09-05,0.0,0.0
2011-09-06,0.0,0.0
2011-09-07,0.0,0.0
2011-09-08,0.0,0.0
2011-09-09,0.0,0.0
2011-09-10,0.0,0.0
2011-09-11,0.0,0.0
2011-09-12,0.0,0.0
2011-09-13,0.0,0.0
2011-09-14,0.0,0.0
2011-09-15,0.0,0.0
2011-09-16,0.0,0.0
2011-09-17,0.0,0.0
2011-09-18,0.0,0.0
2011-09-19,0.0,0.0
2011-09-20,0.0,0.0
2011-09-21,0.0,0.0
2011-09-22,0.0,0.0
2011-09-23,0.0,0.0
2011-09-24,0.0,0.0
2011-09-25,0.0,0.0
2011-09-26,0.0,0.0
2011-09-27,0.0,0.0
2011-09-28,0.0,0.0
2011-09-29,0.0,0.0
2011-09-30,0.0,0.0
2011-10-01,0.0,0.0
2011-10-02,0.0,0.0
2011-10-03,0.0,0.0
2011-10-04,0.0,0.0
2011-10-05,0.0,0.0
2011-10-06,0.0,0.0
2011-10-07,0.0,0.0
2011-10-08,0.0,0.0
2011-10-09,0.0,0.0
2011-10-10,0.0,0.0
2011-10-11,0.0,0.0
2011-10-12,0.0,0.0
2011-10-13,0.0,0.0
2011-10-14,0.0,0.0
2011-10-15,0.0,0.0
2011-10-16,0.0,0.0
2011-10-17,0.0,0.0
2011-10-18,0.0,0.0
2011-10-19,0.0,0.0
2011-10-20,0.0,0.0
2011-10-21,0.0,0.0
2011-10-22,0.0,0.0
2011-10-23,0.0,0.0
2011-10-24,0.0,0.0
2011-10-25,0.0,0.0
2011-10-26,0.0,0.0
2011-10-27,0.0,0.0
2011-10-28,0.0,0.0
2011-10-29,0.0,0.0
2011-10-30,0.0,0.0
2011-10-31,0.0,0.0
2011-11-01,0.0,0.0
2011-11-02,0.0,0.0
2011-11-03,0.0,0.0
2011-11-04,0.0,0.0
2011-11-05,0.0,0.0
2011-11-06,0.0,0.0
2011-11-07,0.0,0.0
2011-11-08,0.0,0.0
2011-11-09,0.0,0.0
2011-11-10,0.0,0.0
2011-11-11,0.0,0.0
2011-11-12,0.0,0.0
2011-11-13,0.0,0.0
2011-11-14,0.0,0.0
2011-11-15,0.0,0.0
2011-11-16,0.0,0.0
2011-11-17,0.0,0.0
2011-11-18,0.0,0.0
2011-11-19,0.0,0.0
2011-11-20,0.0,0.0
2011-11-21,0.0,0.0
2011-11-22,0.0,0.0
2011-11-23,0.0,0.0
2011-11-24,0.0,0.0
2011-11-25,0.0,0.0
2011-11-26,0.0,0.0
2011-11-27,0.0,0.0
2011-11-28,0.0,0.0
2011-11-29,0.0,0.0
2011-11-30,0.0,0.0
2011-12-01,0.0,0.0
2011-12-02,0.0,0.0
2011-12-03,0.0,0.0
2011-12-04,0.0,0.0
2011-12-05,0.0,0.0
2011-12-06,0.0,0.0
2011-12-07,0.0,0.0
2011-12-08,0.0,0.0
2011-12-09,0.0,0.0
2011-12-10,0.0,0.0
2011-12-11,0.0,0.0
2011-12-12,0.0,0.0
2011-12-13,0.0,0.0
2011-12-14,0.0,0.0
2011-12-15,0.0,0.0
2011-12-16,0.0,0.0
2011-12-17,0.0,0.0
2011-12-18,0.0,0.0
2011-12-19,0.0,0.0
2011-12-20,0.0,0.0
2011-12-21,0.0,0.0
2011-12-22,0.0,0.0
2011-12-23,0.0,0.0
2011-12-24,0.0,0.0
2011-12-25,0.0,0.0
2011-12-26,0.0,0.0
2011-12-27,0.0,0.0
2011-12-28,0.0,0.0
2011-12-29,0.0,0.0
2011-12-30,0.0,0.0
2011-12-31,0.0,0.0
2012-01-01,0.0,0.0
2012-01-02,0.0,0.0
2012-01-03,0.0,0.0
2012-01-04,0.0,0.0
2012-01-05,0.0,0.0
2012-01-06,0.0,0.0
2012-01-07,0.0,0.0
2012-01-08,0.0,0.0
2012-01-09,0.0,0.0
2012-01-10,0.0,0.0
2012-01-11,0.0,0.0
2012-01-12,0.0,0.0
2012-01-13,0.0,0.0
2012-01-14,0.0,0.0
2012-01-15,0.0,0.0
2012-01-16,0.0,0.0
2012-01-17,0.0,0.0
2012-01-18,0.0,0.0
2012-01-19,0.0,0.0
2012-01-20,0.0,0.0
2012-01-21,0.0,0.0
2012-01-22,0.0,0.0
2012-01-23,0.0,0.0
2012-01-24,0.0,0.0
2012-01-25,0.0,0.0
2012-01-26,0.0,0.0
2012-01-27,0.0,0.0
2012-01-28,0.0,0.0
2012-01-29,0.0,0.0
2012-01-30,0.0,0.0
2012-01-31,0.0,0.0
2012-02-01,0.0,0.0
2012-02-02,0.0,0.0
2012-02-03,0.0,0.0
2012-02-04,0.0,0.0
2012-02-05,0.0,0.0
2012-02-06,0.0,0.0
2012-02-07,0.0,0.0
2012-02-08,0.0,0.0
2012-02-09,0.0,0.0
2012-02-10,0.0,0.0
2012-02-11,0.0,0.0
2012-02-12,0.0,0.0
2012-02-13,0.0,0.0
2012-02-14,0.0,0.0
2012-02-15,0.0,0.0
2012-02-16,0.0,0.0
2012-02-17,0.0,0.0
2012-02-18,0.0,0.0
2012-02-19,0.0,0.0
2012-02-20,0.0,0.0
2012-02-21,0.0,0.0
2012-02-22,0.0,0.0
2012-02-23,0.0,0.0
2012-02-24,0.0,0.0
2012-02-25,0.0,0.0
2012-02-26,0.0,0.0
2012-02-27,0.0,0.0
2012-02-28,0.0,0.0
2012-02-29,0.0,0.0
2012-03-01,0.0,0.0
2012-03-02,0.0,0.0
2012-03-03,0.0,0.0
2012-03-04,0.0,0.0
2012-03-05,0.0,0.0
2012-03-06,0.0,0.0
2012-03-07,0.0,0.0
2012-03-08,0.0,0.0
2012-03-09,0.0,0.0
2012-03-10,0.0,0.0
2012-03-11,0.0,0.0
2012-03-12,0.0,0.0
2012-03-13,0.0,0.0
2012-03-14,0.0,0.0
2012-03-15,0.0,0.0
2012-03-16,0.0,0.0
2012-03-17,0.0,0.0
2012-03-18,0.0,0.0
2012-03-19,0.0,0.0
2012-03-20,0.0,0.0
2012-03-21,0.0,0.0
2012-03-22,0.0,0.0
2012-03-23,0.0,0.0
2012-03-24,0.0,0.0
2012-03-25,0.0,0.0
2012-03-26,0.0,0.0
2012-03-27,0.0,0.0
2012-03-28,0.0,0.0
2012-03-29,0.0,0.0
2012-03-30,0.0,0.0
2012-03-31,0.0,0.0
2012-04-01,0.0,0.0
2012-04-02,0.0,0.0
2012-04-03,0.0,0.0
2012-04-04,0.0,0.0
2012-04-05,0.0,0.0
2012-04-06,0.0,0.0
2012-04-07,0.0,0.0
2012-04-08,0.0,0.0
2012-04-09,0.0,0.0
2012-04-10,0.0,0.0
2012-04-11,0.0,0.0
2012-04-12,0.0,0.0
2012-04-13,0.0,0.0
2012-04-14,0.0,0.0
2012-04-15,0.0,0.0
2012-04-16,0.0,0.0
2012-04-17,0.0,0.0
2012-04-18,0.0,0.0
2012-04-19,0.0,0.0
2012-04-20,0.0,0.0
2012-04-21,0.0,0.0
2012-04-22,0.0,0.0
2012-04-23,0.0,0.0
2012-04-24,0.0,0.0
2012-04-25,0.0,0.0
2012-04-26,0.0,0.0
2012-04-27,0.0,0.0
2012-04-28,0.0,0.0
2012-04-29,0.0,0.0
2012-04-30,0.0,0.0
2012-05-01,0.0,0.0
2012-05-02,0.0,0.0
2012-05-03,0.0,0.0
2012-05-04,0.0,0.0
2012-05-05,0.0,0.0
2012-05-06,0.0,0.0
2012-05-07,0.0,0.0
2012-05-08,0.0,0.0
2012-05-09,0.0,0.0
2012-05-10,0.0,0.0
2012-05-11,0.0,0.0
2012-05-12,0.0,0.0
2012-05-13,0.0,0.0
2012-05-14,0.0,0.0
2012-05-15,0.0,0.0
2012-05-16,0.0,0.0
2012-05-17,0.0,0.0
2012-05-18,0.0,0.0
2012-05-19,0.0,0.0
2012-05-20,0.0,0.0
2012-05-21,0.0,0.0
2012-05-22,0.0,0.0
2012-05-23,0.0,0.0
2012-05-24,0.0,0.0
2012-05-25,0.0,0.0
2012-05-26,0.0,0.0
2012-05-27,0.0,0.0
2012-05-28,0.0,0.0
2012-05-29,0.0,0.0
2012-05-30,0.0,0.0
2012-05-31,0.0,0.0
2012-06-01,0.0,0.0
2012-06-02,0.0,0.0
2012-06-03,0.0,0.0
2012-06-04,0.0,0.0
2012-06-05,0.0,0.0
2012-06-06,0.0,0.0
2012-06-07,0.0,0.0
2012-06-08,0.0,0.0
2012-06-09,0.0,0.0
2012-06-10,0.0,0.0
2012-06-11,0.0,0.0
2012-06-12,0.0,0.0
2012-06-13,0.0,0.0
2012-06-14,0.0,0.0
2012-06-15,0.0,0.0
2012-06-16,0.0,0.0
2012-06-17,0.0,0.0
2012-06-18,0.0,0.0
2012-06-19,0.0,0.0
2012-06-20,0.0,0.0
2012-06-21,0.0,0.0
2012-06-22,0.0,0.0
2012-06-23,0.0,0.0
2012-06-24,0.0,0.0
2012-06-25,0.0,0.0
2012-06-26,0.0,0.0
2012-06-27,0.0,0.0
2012-06-28,0.0,0.0
2012-06-29,0.0,0.0
2012-06-30,0.0,0.0
2012-07-01,0.0,0.0
2012-07-02,0.0,0.0
2012-07-03,0.0,0.0
2012-07-04,0.0,0.0
2012-07-05,0.0,0.0
2012-07-06,0.0,0.0
2012-07-07,0.0,0.0
2012-07-08,0.0,0.0
2012-07-09,0.0,0.0
2012-07-10,0.0,0.0
2012-07-11,0.0,0.0
2012-07-12,0.0,0.0
2012-07-13,0.0,0.0
2012-07-14,0.0,0.0
2012-07-15,0.0,0.0
2012-07-16,0.0,0.0
2012-07-17,0.0,0.0
2012-07-18,0.0,0.0
2012-07-19,0.0,0.0
2012-07-20,0.0,0.0
2012-07-21,0.0,0.0
2012-07-22,0.0,0.0
2012-07-23,0.0,0.0
2012-07-24,0.0,0.0
2012-07-25,0.0,0.0
2012-07-26,0.0,0.0
2012-07-27,0.0,0.0
2012-07-28,0.0,0.0
2012-07-29,0.0,0.0
2012-07-30,0.0,0.0
2012-07-31,0.0,0.0
2012-08-01,0.0,0.0
2012-08-02,0.0,0.0
2012-08-03,0.0,0.0
2012-08-04,0.0,0.0
2012-08-05,0.0,0.0
2012-08-06,0.0,0.0
2012-08-07,0.0,0.0
2012-08-08,0.0,0.0
2012-08-09,0.0,0.0
2012-08-10,0.0,0.0
2012-08-11,0.0,0.0
2012-08-12,0.0,0.0
2012-08-13,0.0,0.0
2012-08-14,0.0,0.0
2012-08-15,0.0,0.0
2012-08-16,0.0,0.0
2012-08-17,0.0,0.0
2012-08-18,0.0,0.0
2012-08-19,0.0,0.0
2012-08-20,0.0,0.0
2012-08-21,0.0,0.0
2012-08-22,0.0,0.0
2012-08-23,0.0,0.0
2012-08-24,0.0,0.0
2012-08-25,0.0,0.0
2012-08-26,0.0,0.0
2012-08-27,0.0,0.0
2012-08-28,0.0,0.0
2012-08-29,0.0,0.0
2012-08-30,0.0,0.0
2012-08-31,0.0,0.0
2012-09-01,0.0,0.0
2012-09-02,0.0,0.0
2012-09-03,0.0,0.0
2012-09-04,0.0,0.0
2012-09-05,0.0,0.0
2012-09-06,0.0,0.0
2012-09-07,0.0,0.0
2012-09-08,0.0,0.0
2012-09-09,0.0,0.0
2012-09-10,0.0,0.0
2012-09-11,0.0,0.0
2012-09-12,0.0,0.0
2012-09-13,0.0,0.0
2012-09-14,0.0,0.0
2012-09-15,0.0,0.0
2012-09-16,0.0,0.0
2012-09-17,0.0,0.0
2012-09-18,0.0,0.0
2012-09-19,0.0,0.0
2012-09-20,0.0,0.0
2012-09-21,0.0,0.0
2012-09-22,0.0,0.0
2012-09-23,0.0,0.0
2012-09-24,0.0,0.0
2012-09-25,0.0,0.0
2012-09-26,0.0,0.0
2012-09-27,0.0,0.0
2012-09-28,0.0,0.0
2012-09-29,0.0,0.0
2012-09-30,0.0,0.0
2012-10-01,0.0,0.0
2012-10-02,0.0,0.0
2012-10-03,0.0,0.0
2012-10-04,0.0,0.0
2012-10-05,0.0,0.0
2012-10-06,0.0,0.0
2012-10-07,0.0,0.0
2012-10-08,0.0,0.0
2012-10-09,0.0,0.0
2012-10-10,0.0,0.0
2012-10-11,0.0,0.0
2012-10-12,0.0,0.0
2012-10-13,0.0,0.0
2012-10-14,0.0,0.0
2012-10-15,0.0,0.0
2012-10-16,0.0,0.0
2012-10-17,0.0,0.0
2012-10-18,0.0,0.0
2012-10-19,0.0,0.0
2012-10-20,0.0,0.0
2012-10-21,0.0,0.0
2012-10-22,0.0,0.0
2012-10-23,0.0,0.0
2012-10-24,0.0,0.0
2012-10-25,0.0,0.0
2012-10-26,0.0,0.0
2012-10-27,0.0,0.0
2012-10-28,0.0,0.0
2012-10-29,0.0,0.0
2012-10-30,0.0,0.0
2012-10-31,0.0,0.0
2012-11-01,0.0,0.0
2012-11-02,0.0,0.0
2012-11-03,0.0,0.0
2012-11-04,0.0,0.0
2012-11-05,0.0,0.0
2012-11-06,0.0,0.0
2012-11-07,0.0,0.0
2012-11-08,0.0,0.0
2012-11-09,0.0,0.0
2012-11-10,0.0,0.0
2012-11-11,0.0,0.0
2012-11-12,0.0,0.0
2012-11-13,0.0,0.0
2012-11-14,0.0,0.0
2012-11-15,0.0,0.0
2012-11-16,0.0,0.0
2012-11-17,0.0,0.0
2012-11-18,0.0,0.0
2012-11-19,0.0,0.0
2012-11-20,0.0,0.0
2012-11-21,0.0,0.0
2012-11-22,0.0,0.0
2012-11-23,0.0,0.0
2012-11-24,0.0,0.0
2012-11-25,0.0,0.0
2012-11-26,0.0,0.0
2012-11-27,0.0,0.0
2012-11-28,0.0,0.0
2012-11-29,0.0,0.0
2012-11-30,0.0,0.0
2012-12-01,0.0,0.0
2012-12-02,0.0,0.0
2012-12-03,0.0,0.0
2012-12-04,0.0,0.0
2012-12-05,0.0,0.0
2012-12-06,0.0,0.0
2012-12-07,0.0,0.0
2012-12-08,0.0,0.0
2012-12-09,0.0,0.0
2012-12-10,0.0,0.0
2012-12-11,0.0,0.0
2012-12-12,0.0,0.0
2012-12-13,0.0,0.0
2012-12-14,0.0,0.0
2012-12-15,0.0,0.0
2012-12-16,0.0,0.0
2012-12-17,0.0,0.0
2012-12-18,0.0,0.0
2012-12-19,0.0,0.0
2012-12-20,0.0,0.0
2012-12-21,0.0,0.0
2012-12-22,0.0,0.0
2012-12-23,0.0,0.0
2012-12-24,0.0,0.0
2012-12-25,0.0,0.0
2012-12-26,0.0,0.0
2012-12-27,0.0,0.0
2012-12-28,0.0,0.0
2012-12-29,0.0,0.0
2012-12-30,0.0,0.0
2012-12-31,0.0,0.0
2013-01-01,0.0,0.0
2013-01-02,0.0,0.0
2013-01-03,0.0,0.0
2013-01-04,0.0,0.0
2013-01-05,0.0,0.0
2013-01-06,0.0,0.0
2013-01-07,0.0,0.0
2013-01-08,0.0,0.0
2013-01-09,0.0,0.0
2013-01-10,0.0,0.0
2013-01-11,0.0,0.0
2013-01-12,0.0,0.0
2013-01-13,0.0,0.0
2013-01-14,0.0,0.0
2013-01-15,0.0,0.0
2013-01-16,0.0,0.0
2013-01-17,0.0,0.0
2013-01-18,0.0,0.0
2013-01-19,0.0,0.0
2013-01-20,0.0,0.0
2013-01-21,0.0,0.0
2013-01-22,0.0,0.0
2013-01-23,0.0,0.0
2013-01-24,0.0,0.0
2013-01-25,0.0,0.0
2013-01-26,0.0,0.0
2013-01-27,0.0,0.0
2013-01-28,0.0,0.0
2013-01-29,0.0,0.0
2013-01-30,0.0,0.0
2013-01-31,0.0,0.0
2013-02-01,0.0,0.0
2013-02-02,0.0,0.0
2013-02-03,0.0,0.0
2013-02-04,0.0,0.0
2013-02-05,0.0,0.0
2013-02-06,0.0,0.0
2013-02-07,0.0,0.0
2013-02-08,0.0,0.0
2013-02-09,0.0,0.0
2013-02-10,0.0,0.0
2013-02-11,0.0,0.0
2013-02-12,0.0,0.0
2013-02-13,0.0,0.0
2013-02-14,0.0,0.0
2013-02-15,0.0,0.0
2013-02-16,0.0,0.0
2013-02-17,0.0,0.0
2013-02-18,0.0,0.0
2013-02-19,0.0,0.0
2013-02-20,0.0,0.0
2013-02-21,0.0,0.0
2013-02-22,0.0,0.0
2013-02-23,0.0,0.0
2013-02-24,0.0,0.0
2013-02-25,0.0,0.0
2013-02-26,0.0,0.0
2013-02-27,0.0,0.0
2013-02-28,0.0,0.0
2013-03-01,0.0,0.0
2013-03-02,0.0,0.0
2013-03-03,0.0,0.0
2013-03-04,0.0,0.0
2013-03-05,0.0,0.0
2013-03-06,0.0,0.0
2013-03-07,0.0,0.0
2013-03-08,0.0,0.0
2013-03-09,0.0,0.0
2013-03-10,0.0,0.0
2013-03-11,0.0,0.0
2013-03-12,0.0,0.0
2013-03-13,0.0,0.0
2013-03-14,0.0,0.0
2013-03-15,0.0,0.0
2013-03-16,0.0,0.0
2013-03-17,0.0,0.0
2013-03-18,0.0,0.0
2013-03-19,0.0,0.0
2013-03-20,0.0,0.0
2013-03-21,0.0,0.0
2013-03-22,0.0,0.0
2013-03-23,0.0,0.0
2013-03-24,0.0,0.0
2013-03-25,0.0,0.0
2013-03-26,0.0,0.0
2013-03-27,0.0,0.0
2013-03-28,0.0,0.0
2013-03-29,0.0,0.0
2013-03-30,0.0,0.0
2013-03-31,0.0,0.0
2013-04-01,0.0,0.0
2013-04-02,0.0,0.0
2013-04-03,0.0,0.0
2013-04-04,0.0,0.0
2013-04-05,0.0,0.0
2013-04-06,0.0,0.0
2013-04-07,0.0,0.0
2013-04-08,0.0,0.0
2013-04-09,0.0,0.0
2013-04-10,0.0,0.0
2013-04-11,0.0,0.0
2013-04-12,0.0,0.0
2013-04-13,0.0,0.0
2013-04-14,0.0,0.0
2013-04-15,0.0,0.0
2013-04-16,0.0,0.0
2013-04-17,0.0,0.0
2013-04-18,0.0,0.0
2013-04-19,0.0,0.0
2013-04-20,0.0,0.0
2013-04-21,0.0,0.0
2013-04-22,0.0,0.0
2013-04-23,0.0,0.0
2013-04-24,0.0,0.0
2013-04-25,0.0,0.0
2013-04-26,0.0,0.0
2013-04-27,0.0,0.0
2013-04-28,0.0,0.0
2013-04-29,0.0,0.0
2013-04-30,0.0,0.0
2013-05-01,0.0,0.0
2013-05-02,0.0,0.0
2013-05-03,0.0,0.0
2013-05-04,0.0,0.0
2013-05-05,0.0,0.0
2013-05-06,0.0,0.0
2013-05-07,0.0,0.0
2013-05-08,0.0,0.0
2013-05-09,0.0,0.0
2013-05-10,0.0,0.0
2013-05-11,0.0,0.0
2013-05-12,0.0,0.0
2013-05-13,0.0,0.0
2013-05-14,0.0,0.0
2013-05-15,0.0,0.0
2013-05-16,0.0,0.0
2013-05-17,0.0,0.0
2013-05-18,0.0,0.0
2013-05-19,0.0,0.0
2013-05-20,0.0,0.0
2013-05-21,0.0,0.0
2013-05-22,0.0,0.0
2013-05-23,0.0,0.0
2013-05-24,0.0,0.0
2013-05-25,0.0,0.0
2013-05-26,0.0,0.0
2013-05-27,0.0,0.0
2013-05-28,0.0,0.0
2013-05-29,0.0,0.0
2013-05-30,0.0,0.0
2013-05-31,0.0,0.0
2013-06-01,0.0,0.0
2013-06-02,0.0,0.0
2013-06-03,0.0,0.0
2013-06-04,0.0,0.0
2013-06-05,0.0,0.0
2013-06-06,0.0,0.0
2013-06-07,0.0,0.0
2013-06-08,0.0,0.0
2013-06-09,0.0,0.0
2013-06-10,0.0,0.0
2013-06-11,0.0,0.0
2013-06-12,0.0,0.0
2013-06-13,0.0,0.0
2013-06-14,0.0,0.0
2013-06-15,0.0,0.0
2013-06-16,0.0,0.0
2013-06-17,0.0,0.0
2013-06-18,0.0,0.0
2013-06-19,0.0,0.0
2013-06-20,0.0,0.0
2013-06-21,0.0,0.0
2013-06-22,0.0,0.0
2013-06-23,0.0,0.0
2013-06-24,0.0,0.0
2013-06-25,0.0,0.0
2013-06-26,0.0,0.0
2013-06-27,0.0,0.0
2013-06-28,0.0,0.0
2013-06-29,0.0,0.0
2013-06-30,0.0,0.0
2013-07-01,0.0,0.0
2013-07-02,0.0,0.0
2013-07-03,0.0,0.0
2013-07-04,0.0,0.0
2013-07-05,0.0,0.0
2013-07-06,0.0,0.0
2013-07-07,0.0,0.0
2013-07-08,0.0,0.0
2013-07-09,0.0,0.0
2013-07-10,0.0,0.0
2013-07-11,0.0,0.0
2013-07-12,0.0,0.0
2013-07-13,0.0,0.0
2013-07-14,0.0,0.0
2013-07-15,0.0,0.0
2013-07-16,0.0,0.0
2013-07-17,0.0,0.0
2013-07-18,0.0,0.0
2013-07-19,0.0,0.0
2013-07-20,0.0,0.0
2013-07-21,0.0,0.0
2013-07-22,0.0,0.0
2013-07-23,0.0,0.0
2013-07-24,0.0,0.0
2013-07-25,0.0,0.0
2013-07-26,0.0,0.0
2013-07-27,0.0,0.0
2013-07-28,0.0,0.0
2013-07-29,0.0,0.0
2013-07-30,0.0,0.0
2013-07-31,0.0,0.0
2013-08-01,0.0,0.0
2013-08-02,0.0,0.0
2013-08-03,0.0,0.0
2013-08-04,0.0,0.0
2013-08-05,0.0,0.0
2013-08-06,0.0,0.0
2013-08-07,0.0,0.0
2013-08-08,0.0,0.0
2013-08-09,0.0,0.0
2013-08-10,0.0,0.0
2013-08-11,0.0,0.0
2013-08-12,0.0,0.0
2013-08-13,0.0,0.0
2013-08-14,0.0,0.0
2013-08-15,0.0,0.0
2013-08-16,0.0,0.0
2013-08-17,0.0,0.0
2013-08-18,0.0,0.0
2013-08-19,0.0,0.0
2013-08-20,0.0,0.0
2013-08-21,0.0,0.0
2013-08-22,0.0,0.0
2013-08-23,0.0,0.0
2013-08-24,0.0,0.0
2013-08-25,0.0,0.0
2013-08-26,0.0,0.0
2013-08-27,0.0,0.0
2013-08-28,0.0,0.0
2013-08-29,0.0,0.0
2013-08-30,0.0,0.0
2013-08-31,0.0,0.0
2013-09-01,0.0,0.0
2013-09-02,0.0,0.0
2013-09-03,0.0,0.0
2013-09-04,0.0,0.0
2013-09-05,0.0,0.0
2013-09-06,0.0,0.0
2013-09-07,0.0,0.0
2013-09-08,0.0,0.0
2013-09-09,0.0,0.0
2013-09-10,0.0,0.0
2013-09-11,0.0,0.0
2013-09-12,0.0,0.0
2013-09-13,0.0,0.0
2013-09-14,0.0,0.0
2013-09-15,0.0,0.0
2013-09-16,0.0,0.0
2013-09-17,0.0,0.0
2013-09-18,0.0,0.0
2013-09-19,0.0,0.0
2013-09-20,0.0,0.0
2013-09-21,0.0,0.0
2013-09-22,0.0,0.0
2013-09-23,0.0,0.0
2013-09-24,0.0,0.0
2013-09-25,0.0,0.0
2013-09-26,0.0,0.0
2013-09-27,0.0,0.0
2013-09-28,0.0,0.0
2013-09-29,0.0,0.0
2013-09-30,0.0,0.0
2013-10-01,0.0,0.0
2013-10-02,0.0,0.0
2013-10-03,0.0,0.0
2013-10-04,0.0,0.0
2013-10-05,0.0,0.0
2013-10-06,0.0,0.0
2013-10-07,0.0,0.0
2013-10-08,0.0,0.0
2013-10-09,0.0,0.0
2013-10-10,0.0,0.0
2013-10-11,0.0,0.0
2013-10-12,0.0,0.0
2013-10-13,0.0,0.0
2013-10-14,0.0,0.0
2013-10-15,0.0,0.0
2013-10-16,0.0,0.0
2013-10-17,0.0,0.0
2013-10-18,0.0,0.0
2013-10-19,0.0,0.0
2013-10-20,0.0,0.0
2013-10-21,0.0,0.0
2013-10-22,0.0,0.0
2013-10-23,0.0,0.0
2013-10-24,0.0,0.0
2013-10-25,0.0,0.0
2013-10-26,0.0,0.0
2013-10-27,0.0,0.0
2013-10-28,0.0,0.0
2013-10-29,0.0,0.0
2013-10-30,0.0,0.0
2013-10-31,0.0,0.0
2013-11-01,0.0,0.0
2013-11-02,0.0,0.0
2013-11-03,0.0,0.0
2013-11-04,0.0,0.0
2013-11-05,0.0,0.0
2013-11-06,0.0,0.0
2013-11-07,0.0,0.0
2013-11-08,0.0,0.0
2013-11-09,0.0,0.0
2013-11-10,0.0,0.0
2013-11-11,0.0,0.0
2013-11-12,0.0,0.0
2013-11-13,0.0,0.0
2013-11-14,0.0,0.0
2013-11-15,0.0,0.0
2013-11-16,0.0,0.0
2013-11-17,0.0,0.0
2013-11-18,0.0,0.0
2013-11-19,0.0,0.0
2013-11-20,0.0,0.0
2013-11-21,0.0,0.0
2013-11-22,0.0,0.0
2013-11-23,0.0,0.0
2013-11-24,0.0,0.0
2013-11-25,0.0,0.0
2013-11-26,0.0,0.0
2013-11-27,0.0,0.0
2013-11-28,0.0,0.0
2013-11-29,0.0,0.0
2013-11-30,0.0,0.0
2013-12-01,0.0,0.0
2013-12-02,0.0,0.0
2013-12-03,0.0,0.0
2013-12-04,0.0,0.0
2013-12-05,0.0,0.0
2013-12-06,0.0,0.0
2013-12-07,0.0,0.0
2013-12-08,0.0,0.0
2013-12-09,0.0,0.0
2013-12-10,0.0,0.0
2013-12-11,0.0,0.0
2013-12-12,0.0,0.0
2013-12-13,0.0,0.0
2013-12-14,0.0,0.0
2013-12-15,0.0,0.0
2013-12-16,0.0,0.0
2013-12-17,0.0,0.0
2013-12-18,0.0,0.0
2013-12-19,0.0,0.0
2013-12-20,0.0,0.0
2013-12-21,0.0,0.0
2013-12-22,0.0,0.0
2013-12-23,0.0,0.0
2013-12-24,0.0,0.0
2013-12-25,0.0,0.0
2013-12-26,0.0,0.0
2013-12-27,0.0,0.0
2013-12-28,0.0,0.0
2013-12-29,0.0,0.0
2013-12-30,0.0,0.0
2013-12-31,0.0,0.0
2014-01-01,0.0,0.0
2014-01-02,0.0,0.0
2014-01-03,0.0,0.0
2014-01-04,0.0,0.0
2014-01-05,0.0,0.0
2014-01-06,0.0,0.0
2014-01-07,0.0,0.0
2014-01-08,0.0,0.0
2014-01-09,0.0,0.0
2014-01-10,0.0,0.0
2014-01-11,0.0,0.0
2014-01-12,0.0,0.0
2014-01-13,0.0,0.0
2014-01-14,0.0,0.0
2014-01-15,0.0,0.0
2014-01-16,0.0,0.0
2014-01-17,0.0,0.0
2014-01-18,0.0,0.0
2014-01-19,0.0,0.0
2014-01-20,0.0,0.0
2014-01-21,0.0,0.0
2014-01-22,0.0,0.0
2014-01-23,0.0,0.0
2014-01-24,0.0,0.0
2014-01-25,0.0,0.0
2014-01-26,0.0,0.0
2014-01-27,0.0,0.0
2014-01-28,0.0,0.0
2014-01-29,0.0,0.0
2014-01-30,0.0,0.0
2014-01-31,0.0,0.0
2014-02-01,0.0,0.0
2014-02-02,0.0,0.0
2014-02-03,0.0,0.0
2014-02-04,0.0,0.0
2014-02-05,0.0,0.0
2014-02-06,0.0,0.0
2014-02-07,0.0,0.0
2014-02-08,0.0,0.0
2014-02-09,0.0,0.0
2014-02-10,0.0,0.0
2014-02-11,0.0,0.0
2014-02-12,0.0,0.0
2014-02-13,0.0,0.0
2014-02-14,0.0,0.0
2014-02-15,0.0,0.0
2014-02-16,0.0,0.0
2014-02-17,0.0,0.0
2014-02-18,0.0,0.0
2014-02-19,0.0,0.0
2014-02-20,0.0,0.0
2014-02-21,0.0,0.0
2014-02-22,0.0,0.0
2014-02-23,0.0,0.0
2014-02-24,0.0,0.0
2014-02-25,0.0,0.0
2014-02-26,0.0,0.0
2014-02-27,0.0,0.0
2014-02-28,0.0,0.0
2014-03-01,0.0,0.0
2014-03-02,0.0,0.0
2014-03-03,0.0,0.0
2014-03-04,0.0,0.0
2014-03-05,0.0,0.0
2014-03-06,0.0,0.0
2014-03-07,0.0,0.0
2014-03-08,0.0,0.0
2014-03-09,0.0,0.0
2014-03-10,0.0,0.0
2014-03-11,0.0,0.0
2014-03-12,0.0,0.0
2014-03-13,0.0,0.0
2014-03-14,0.0,0.0
2014-03-15,0.0,0.0
2014-03-16,0.0,0.0
2014-03-17,0.0,0.0
2014-03-18,0.0,0.0
2014-03-19,0.0,0.0
2014-03-20,0.0,0.0
2014-03-21,0.0,0.0
2014-03-22,0.0,0.0
2014-03-23,0.0,0.0
2014-03-24,0.0,0.0
2014-03-25,0.0,0.0
2014-03-26,0.0,0.0
2014-03-27,0.0,0.0
2014-03-28,0.0,0.0
2014-03-29,0.0,0.0
2014-03-30,0.0,0.0
2014-03-31,0.0,0.0
2014-04-01,0.0,0.0
2014-04-02,0.0,0.0
2014-04-03,0.0,0.0
2014-04-04,0.0,0.0
2014-04-05,0.0,0.0
2014-04-06,0.0,0.0
2014-04-07,0.0,0.0
2014-04-08,0.0,0.0
2014-04-09,0.0,0.0
2014-04-10,0.0,0.0
2014-04-11,0.0,0.0
2014-04-12,0.0,0.0
2014-04-13,0.0,0.0
2014-04-14,0.0,0.0
2014-04-15,0.0,0.0
2014-04-16,0.0,0.0
2014-04-17,0.0,0.0
2014-04-18,0.0,0.0
2014-04-19,0.0,0.0
2014-04-20,0.0,0.0
2014-04-21,0.0,0.0
2014-04-22,0.0,0.0
2014-04-23,0.0,0.0
2014-04-24,0.0,0.0
2014-04-25,0.0,0.0
2014-04-26,0.0,0.0
2014-04-27,0.0,0.0
2014-04-28,0.0,0.0
2014-04-29,0.0,0.0
2014-04-30,0.0,0.0
2014-05-01,0.0,0.0
2014-05-02,0.0,0.0
2014-05-03,0.0,0.0
2014-05-04,0.0,0.0
2014-05-05,0.0,0.0
2014-05-06,0.0,0.0
2014-05-07,0.0,0.0
2014-05-08,0.0,0.0
2014-05-09,0.0,0.0
2014-05-10,0.0,0.0
2014-05-11,0.0,0.0
2014-05-12,0.0,0.0
2014-05-13,0.0,0.0
2014-05-14,0.0,0.0
2014-05-15,0.0,0.0
2014-05-16,0.0,0.0
2014-05-17,0.0,0.0
2014-05-18,0.0,0.0
2014-05-19,0.0,0.0
2014-05-20,0.0,0.0
2014-05-21,0.0,0.0
2014-05-22,0.0,0.0
2014-05-23,0.0,0.0
2014-05-24,0.0,0.0
2014-05-25,0.0,0.0
2014-05-26,0.0,0.0
2014-05-27,0.0,0.0
2014-05-28,0.0,0.0
2014-05-29,0.0,0.0
2014-05-30,0.0,0.0
2014-05-31,0.0,0.0
2014-06-01,0.0,0.0
2014-06-02,0.0,0.0
2014-06-03,0.0,0.0
2014-06-04,0.0,0.0
2014-06-05,0.0,0.0
2014-06-06,0.0,0.0
2014-06-07,0.0,0.0
2014-06-08,0.0,0.0
2014-06-09,0.0,0.0
2014-06-10,0.0,0.0
2014-06-11,0.0,0.0
2014-06-12,0.0,0.0
2014-06-13,0.0,0.0
2014-06-14,0.0,0.0
2014-06-15,0.0,0.0
2014-06-16,0.0,0.0
2014-06-17,0.0,0.0
2014-06-18,0.0,0.0
2014-06-19,0.0,0.0
2014-06-20,0.0,0.0
2014-06-21,0.0,0.0
2014-06-22,0.0,0.0
2014-06-23,0.0,0.0
2014-06-24,0.0,0.0
2014-06-25,0.0,0.0
2014-06-26,0.0,0.0
2014-06-27,0.0,0.0
2014-06-28,0.0,0.0
2014-06-29,0.0,0.0
2014-06-30,0.0,0.0
2014-07-01,0.0,0.0
2014-07-02,0.0,0.0
2014-07-03,0.0,0.0
2014-07-04,0.0,0.0
2014-07-05,0.0,0.0
2014-07-06,0.0,0.0
2014-07-07,0.0,0.0
2014-07-08,0.0,0.0
2014-07-09,0.0,0.0
2014-07-10,0.0,0.0
2014-07-11,0.0,0.0
2014-07-12,0.0,0.0
2014-07-13,0.0,0.0
2014-07-14,0.0,0.0
2014-07-15,0.0,0.0
2014-07-16,0.0,0.0
2014-07-17,0.0,0.0
2014-07-18,0.0,0.0
2014-07-19,0.0,0.0
2014-07-20,0.0,0.0
2014-07-21,0.0,0.0
2014-07-22,0.0,0.0
2014-07-23,0.0,0.0
2014-07-24,0.0,0.0
2014-07-25,0.0,0.0
2014-07-26,0.0,0.0
2014-07-27,0.0,0.0
2014-07-28,0.0,0.0
2014-07-29,0.0,0.0
2014-07-30,0.0,0.0
2014-07-31,0.0,0.0
2014-08-01,0.0,0.0
2014-08-02,0.0,0.0
2014-08-03,0.0,0.0
2014-08-04,0.0,0.0
2014-08-05,0.0,0.0
2014-08-06,0.0,0.0
2014-08-07,0.0,0.0
2014-08-08,0.0,0.0
2014-08-09,0.0,0.0
2014-08-10,0.0,0.0
2014-08-11,0.0,0.0
2014-08-12,0.0,0.0
2014-08-13,0.0,0.0
2014-08-14,0.0,0.0
2014-08-15,0.0,0.0
2014-08-16,0.0,0.0
2014-08-17,0.0,0.0
2014-08-18,0.0,0.0
2014-08-19,0.0,0.0
2014-08-20,0.0,0.0
2014-08-21,0.0,0.0
2014-08-22,0.0,0.0
2014-08-23,0.0,0.0
2014-08-24,0.0,0.0
2014-08-25,0.0,0.0
2014-08-26,0.0,0.0
2014-08-27,0.0,0.0
2014-08-28,0.0,0.0
2014-08-29,0.0,0.0
2014-08-30,0.0,0.0
2014-08-31,0.0,0.0
2014-09-01,0.0,0.0
2014-09-02,0.0,0.0
2014-09-03,0.0,0.0
2014-09-04,0.0,0.0
2014-09-05,0.0,0.0
2014-09-06,0.0,0.0
2014-09-07,0.0,0.0
2014-09-08,0.0,0.0
2014-09-09,0.0,0.0
2014-09-10,0.0,0.0
2014-09-11,0.0,0.0
2014-09-12,0.0,0.0
2014-09-13,0.0,0.0
2014-09-14,0.0,0.0
2014-09-15,0.0,0.0
2014-09-16,0.0,0.0
2014-09-17,0.0,0.0
2014-09-18,0.0,0.0
2014-09-19,0.0,0.0
2014-09-20,0.0,0.0
2014-09-21,0.0,0.0
2014-09-22,0.0,0.0
2014-09-23,0.0,0.0
2014-09-24,0.0,0.0
2014-09-25,0.0,0.0
2014-09-26,0.0,0.0
2014-09-27,0.0,0.0
2014-09-28,0.0,0.0
2014-09-29,0.0,0.0
2014-09-30,0.0,0.0
2014-10-01,0.0,0.0
2014-10-02,0.0,0.0
2014-10-03,0.0,0.0
2014-10-04,0.0,0.0
2014-10-05,0.0,0.0
2014-10-06,0.0,0.0
2014-10-07,0.0,0.0
2014-10-08,0.0,0.0
2014-10-09,0.0,0.0
2014-10-10,0.0,0.0
2014-10-11,0.0,0.0
2014-10-12,0.0,0.0
2014-10-13,0.0,0.0
2014-10-14,0.0,0.0
2014-10-15,0.0,0.0
2014-10-16,0.0,0.0
2014-10-17,0.0,0.0
2014-10-18,0.0,0.0
2014-10-19,0.0,0.0
2014-10-20,0.0,0.0
2014-10-21,0.0,0.0
2014-10-22,0.0,0.0
2014-10-23,0.0,0.0
2014-10-24,0.0,0.0
2014-10-25,0.0,0.0
2014-10-26,0.0,0.0
2014-10-27,0.0,0.0
2014-10-28,0.0,0.0
2014-10-29,0.0,0.0
2014-10-30,0.0,0.0
2014-10-31,0.0,0.0
2014-11-01,0.0,0.0
2014-11-02,0.0,0.0
2014-11-03,0.0,0.0
2014-11-04,0.0,0.0
2014-11-05,0.0,0.0
2014-11-06,0.0,0.0
2014-11-07,0.0,0.0
2014-11-08,0.0,0.0
2014-11-09,0.0,0.0
2014-11-10,0.0,0.0
2014-11-11,0.0,0.0
2014-11-12,0.0,0.0
2014-11-13,0.0,0.0
2014-11-14,0.0,0.0
2014-11-15,0.0,0.0
2014-11-16,0.0,0.0
2014-11-17,0.0,0.0
2014-11-18,0.0,0.0
2014-11-19,0.0,0.0
2014-11-20,0.0,0.0
2014-11-21,0.0,0.0
2014-11-22,0.0,0.0
2014-11-23,0.0,0.0
2014-11-24,0.0,0.0
2014-11-25,0.0,0.0
2014-11-26,0.0,0.0
2014-11-27,0.0,0.0
2014-11-28,0.0,0.0
2014-11-29,0.0,0.0
2014-11-30,0.0,0.0
2014-12-01,0.0,0.0
2014-12-02,0.0,0.0
2014-12-03,0.0,0.0
2014-12-04,0.0,0.0
2014-12-05,0.0,0.0
2014-12-06,0.0,0.0
2014-12-07,0.0,0.0
2014-12-08,0.0,0.0
2014-12-09,0.0,0.0
2014-12-10,0.0,0.0
2014-12-11,0.0,0.0
2014-12-12,0.0,0.0
2014-12-13,0.0,0.0
2014-12-14,0.0,0.0
2014-12-15,0.0,0.0
2014-12-16,0.0,0.0
2014-12-17,0.0,0.0
2014-12-18,0.0,0.0
2014-12-19,0.0,0.0
2014-12-20,0.0,0.0
2014-12-21,0.0,0.0
2014-12-22,0.0,0.0
2014-12-23,0.0,0.0
2014-12-24,0.0,0.0
2014-12-25,0.0,0.0
2014-12-26,0.0,0.0
2014-12-27,0.0,0.0
2014-12-28,0.0,0.0
2014-12-29,0.0,0.0
2014-12-30,0.0,0.0
2014-12-31,0.0,0.0
2015-01-01,0.0,0.0
2015-01-02,0.0,0.0
2015-01-03,0.0,0.0
2015-01-04,0.0,0.0
2015-01-05,0.0,0.0
2015-01-06,0.0,0.0
2015-01-07,0.0,0.0
2015-01-08,0.0,0.0
2015-01-09,0.0,0.0
2015-01-10,0.0,0.0
2015-01-11,0.0,0.0
2015-01-12,0.0,0.0
2015-01-13,0.0,0.0
2015-01-14,0.0,0.0
2015-01-15,0.0,0.0
2015-01-16,0.0,0.0
2015-01-17,0.0,0.0
2015-01-18,0.0,0.0
2015-01-19,0.0,0.0
2015-01-20,0.0,0.0
2015-01-21,0.0,0.0
2015-01-22,0.0,0.0
2015-01-23,0.0,0.0
2015-01-24,0.0,0.0
2015-01-25,0.0,0.0
2015-01-26,0.0,0.0
2015-01-27,0.0,0.0
2015-01-28,0.0,0.0
2015-01-29,0.0,0.0
2015-01-30,0.0,0.0
2015-01-31,0.0,0.0
2015-02-01,0.0,0.0
2015-02-02,0.0,0.0
2015-02-03,0.0,0.0
2015-02-04,0.0,0.0
2015-02-05,0.0,0.0
2015-02-06,0.0,0.0
2015-02-07,0.0,0.0
2015-02-08,0.0,0.0
2015-02-09,0.0,0.0
2015-02-10,0.0,0.0
2015-02-11,0.0,0.0
2015-02-12,0.0,0.0
2015-02-13,0.0,0.0
2015-02-14,0.0,0.0
2015-02-15,0.0,0.0
2015-02-16,0.0,0.0
2015-02-17,0.0,0.0
2015-02-18,0.0,0.0
2015-02-19,0.0,0.0
2015-02-20,0.0,0.0
2015-02-21,0.0,0.0
2015-02-22,0.0,0.0
2015-02-23,0.0,0.0
2015-02-24,0.0,0.0
2015-02-25,0.0,0.0
2015-02-26,0.0,0.0
2015-02-27,0.0,0.0
2015-02-28,0.0,0.0
2015-03-01,0.0,0.0
2015-03-02,0.0,0.0
2015-03-03,0.0,0.0
2015-03-04,0.0,0.0
2015-03-05,0.0,0.0
2015-03-06,0.0,0.0
2015-03-07,0.0,0.0
2015-03-08,0.0,0.0
2015-03-09,0.0,0.0
2015-03-10,0.0,0.0
2015-03-11,0.0,0.0
2015-03-12,0.0,0.0
2015-03-13,0.0,0.0
2015-03-14,0.0,0.0
2015-03-15,0.0,0.0
2015-03-16,0.0,0.0
2015-03-17,0.0,0.0
2015-03-18,0.0,0.0
2015-03-19,0.0,0.0
2015-03-20,0.0,0.0
2015-03-21,0.0,0.0
2015-03-22,0.0,0.0
2015-03-23,0.0,0.0
2015-03-24,0.0,0.0
2015-03-25,0.0,0.0
2015-03-26,0.0,0.0
2015-03-27,0.0,0.0
2015-03-28,0.0,0.0
2015-03-29,0.0,0.0
2015-03-30,0.0,0.0
2015-03-31,0.0,0.0
2015-04-01,0.0,0.0
2015-04-02,0.0,0.0
2015-04-03,0.0,0.0
2015-04-04,0.0,0.0
2015-04-05,0.0,0.0
2015-04-06,0.0,0.0
2015-04-07,0.0,0.0
2015-04-08,0.0,0.0
2015-04-09,0.0,0.0
2015-04-10,0.0,0.0
2015-04-11,0.0,0.0
2015-04-12,0.0,0.0
2015-04-13,0.0,0.0
2015-04-14,0.0,0.0
2015-04-15,0.0,0.0
2015-04-16,0.0,0.0
2015-04-17,0.0,0.0
2015-04-18,0.0,0.0
2015-04-19,0.0,0.0
2015-04-20,0.0,0.0
2015-04-21,0.0,0.0
2015-04-22,0.0,0.0
2015-04-23,0.0,0.0
2015-04-24,0.0,0.0
2015-04-25,0.0,0.0
2015-04-26,0.0,0.0
2015-04-27,0.0,0.0
2015-04-28,0.0,0.0
2015-04-29,0.0,0.0
2015-04-30,0.0,0.0
2015-05-01,0.0,0.0
2015-05-02,0.0,0.0
2015-05-03,0.0,0.0
2015-05-04,0.0,0.0
2015-05-05,0.0,0.0
2015-05-06,0.0,0.0
2015-05-07,0.0,0.0
2015-05-08,0.0,0.0
2015-05-09,0.0,0.0
2015-05-10,0.0,0.0
2015-05-11,0.0,0.0
2015-05-12,0.0,0.0
2015-05-13,0.0,0.0
2015-05-14,0.0,0.0
2015-05-15,0.0,0.0
2015-05-16,0.0,0.0
2015-05-17,0.0,0.0
2015-05-18,0.0,0.0
2015-05-19,0.0,0.0
2015-05-20,0.0,0.0
2015-05-21,0.0,0.0
2015-05-22,0.0,0.0
2015-05-23,0.0,0.0
2015-05-24,0.0,0.0
2015-05-25,0.0,0.0
2015-05-26,0.0,0.0
2015-05-27,0.0,0.0
2015-05-28,0.0,0.0
2015-05-29,0.0,0.0
2015-05-30,0.0,0.0
2015-05-31,0.0,0.0
2015-06-01,0.0,0.0
2015-06-02,0.0,0.0
2015-06-03,0.0,0.0
2015-06-04,0.0,0.0
2015-06-05,0.0,0.0
2015-06-06,0.0,0.0
2015-06-07,0.0,0.0
2015-06-08,0.0,0.0
2015-06-09,0.0,0.0
2015-06-10,0.0,0.0
2015-06-11,0.0,0.0
2015-06-12,0.0,0.0
2015-06-13,0.0,0.0
2015-06-14,0.0,0.0
2015-06-15,0.0,0.0
2015-06-16,0.0,0.0
2015-06-17,0.0,0.0
2015-06-18,0.0,0.0
2015-06-19,0.0,0.0
2015-06-20,0.0,0.0
2015-06-21,0.0,0.0
2015-06-22,0.0,0.0
2015-06-23,0.0,0.0
2015-06-24,0.0,0.0
2015-06-25,0.0,0.0
2015-06-26,0.0,0.0
2015-06-27,0.0,0.0
2015-06-28,0.0,0.0
2015-06-29,0.0,0.0
2015-06-30,0.0,0.0
2015-07-01,0.0,0.0
2015-07-02,0.0,0.0
2015-07-03,0.0,0.0
2015-07-04,0.0,0.0
2015-07-05,0.0,0.0
2015-07-06,0.0,0.0
2015-07-07,0.0,0.0
2015-07-08,0.0,0.0
2015-07-09,0.0,0.0
2015-07-10,0.0,0.0
2015-07-11,0.0,0.0
2015-07-12,0.0,0.0
2015-07-13,0.0,0.0
2015-07-14,0.0,0.0
2015-07-15,0.0,0.0
2015-07-16,0.0,0.0
2015-07-17,0.0,0.0
2015-07-18,0.0,0.0
2015-07-19,0.0,0.0
2015-07-20,0.0,0.0
2015-07-21,0.0,0.0
2015-07-22,0.0,0.0
2015-07-23,0.0,0.0
2015-07-24,0.0,0.0
2015-07-25,0.0,0.0
2015-07-26,0.0,0.0
2015-07-27,0.0,0.0
2015-07-28,0.0,0.0
2015-07-29,0.0,0.0
2015-07-30,0.0,0.0
2015-07-31,0.0,0.0
2015-08-01,0.0,0.0
2015-08-02,0.0,0.0
2015-08-03,0.0,0.0
2015-08-04,0.0,0.0
2015-08-05,0.0,0.0
2015-08-06,0.0,0.0
2015-08-07,0.0,0.0
2015-08-08,0.0,0.0
2015-08-09,0.0,0.0
2015-08-10,0.0,0.0
2015-08-11,0.0,0.0
2015-08-12,0.0,0.0
2015-08-13,0.0,0.0
2015-08-14,0.0,0.0
2015-08-15,0.0,0.0
2015-08-16,0.0,0.0
2015-08-17,0.0,0.0
2015-08-18,0.0,0.0
2015-08-19,0.0,0.0
2015-08-20,0.0,0.0
2015-08-21,0.0,0.0
2015-08-22,0.0,0.0
2015-08-23,0.0,0.0
2015-08-24,0.0,0.0
2015-08-25,0.0,0.0
2015-08-26,0.0,0.0
2015-08-27,0.0,0.0
2015-08-28,0.0,0.0
2015-08-29,0.0,0.0
2015-08-30,0.0,0.0
2015-08-31,0.0,0.0
2015-09-01,0.0,0.0
2015-09-02,0.0,0.0
2015-09-03,0.0,0.0
2015-09-04,0.0,0.0
2015-09-05,0.0,0.0
2015-09-06,0.0,0.0
2015-09-07,0.0,0.0
2015-09-08,0.0,0.0
2015-09-09,0.0,0.0
2015-09-10,0.0,0.0
2015-09-11,0.0,0.0
2015-09-12,0.0,0.0
2015-09-13,0.0,0.0
2015-09-14,0.0,0.0
2015-09-15,0.0,0.0
2015-09-16,0.0,0.0
2015-09-17,0.0,0.0
2015-09-18,0.0,0.0
2015-09-19,0.0,0.0
2015-09-20,0.0,0.0
2015-09-21,0.0,0.0
2015-09-22,0.0,0.0
2015-09-23,0.0,0.0
2015-09-24,0.0,0.0
2015-09-25,0.0,0.0
2015-09-26,0.0,0.0
2015-09-27,0.0,0.0
2015-09-28,0.0,0.0
2015-09-29,0.0,0.0
2015-09-30,0.0,0.0
2015-10-01,0.0,0.0
2015-10-02,0.0,0.0
2015-10-03,0.0,0.0
2015-10-04,0.0,0.0
2015-10-05,0.0,0.0
2015-10-06,0.0,0.0
2015-10-07,0.0,0.0
2015-10-08,0.0,0.0
2015-10-09,0.0,0.0
2015-10-10,0.0,0.0
2015-10-11,0.0,0.0
2015-10-12,0.0,0.0
2015-10-13,0.0,0.0
2015-10-14,0.0,0.0
2015-10-15,0.0,0.0
2015-10-16,0.0,0.0
2015-10-17,0.0,0.0
2015-10-18,0.0,0.0
2015-10-19,0.0,0.0
2015-10-20,0.0,0.0
2015-10-21,0.0,0.0
2015-10-22,0.0,0.0
2015-10-23,0.0,0.0
2015-10-24,0.0,0.0
2015-10-25,0.0,0.0
2015-10-26,0.0,0.0
2015-10-27,0.0,0.0
2015-10-28,0.0,0.0
2015-10-29,0.0,0.0
2015-10-30,0.0,0.0
2015-10-31,0.0,0.0
2015-11-01,0.0,0.0
2015-11-02,0.0,0.0
2015-11-03,0.0,0.0
2015-11-04,0.0,0.0
2015-11-05,0.0,0.0
2015-11-06,0.0,0.0
2015-11-07,0.0,0.0
2015-11-08,0.0,0.0
2015-11-09,0.0,0.0
2015-11-10,0.0,0.0
2015-11-11,0.0,0.0
2015-11-12,0.0,0.0
2015-11-13,0.0,0.0
2015-11-14,0.0,0.0
2015-11-15,0.0,0.0
2015-11-16,0.0,0.0
2015-11-17,0.0,0.0
2015-11-18,0.0,0.0
2015-11-19,0.0,0.0
2015-11-20,0.0,0.0
2015-11-21,0.0,0.0
2015-11-22,0.0,0.0
2015-11-23,0.0,0.0
2015-11-24,0.0,0.0
2015-11-25,0.0,0.0
2015-11-26,0.0,0.0
2015-11-27,0.0,0.0
2015-11-28,0.0,0.0
2015-11-29,0.0,0.0
2015-11-30,0.0,0.0
2015-12-01,0.0,0.0
2015-12-02,0.0,0.0
2015-12-03,0.0,0.0
2015-12-04,0.0,0.0
2015-12-05,0.0,0.0
2015-12-06,0.0,0.0
2015-12-07,0.0,0.0
2015-12-08,0.0,0.0
2015-12-09,0.0,0.0
2015-12-10,0.0,0.0
2015-12-11,0.0,0.0
2015-12-12,0.0,0.0
2015-12-13,0.0,0.0
2015-12-14,0.0,0.0
2015-12-15,0.0,0.0
2015-12-16,0.0,0.0
2015-12-17,0.0,0.0
2015-12-18,0.0,0.0
2015-12-19,0.0,0.0
2015-12-20,0.0,0.0
2015-12-21,0.0,0.0
2015-12-22,0.0,0.0
2015-12-23,0.0,0.0
2015-12-24,0.0,0.0
2015-12-25,0.0,0.0
2015-12-26,0.0,0.0
2015-12-27,0.0,0.0
2015-12-28,0.0,0.0
2015-12-29,0.0,0.0
2015-12-30,0.0,0.0
2015-12-31,0.0,0.0
2016-01-01,0.0,0.0
2016-01-02,0.0,0.0
2016-01-03,0.0,0.0
2016-01-04,0.0,0.0
2016-01-05,0.0,0.0
2016-01-06,0.0,0.0
2016-01-07,0.0,0.0
2016-01-08,0.0,0.0
2016-01-09,0.0,0.0
2016-01-10,0.0,0.0
2016-01-11,0.0,0.0
2016-01-12,0.0,0.0
2016-01-13,0.0,0.0
2016-01-14,0.0,0.0
2016-01-15,0.0,0.0
2016-01-16,0.0,0.0
2016-01-17,0.0,0.0
2016-01-18,0.0,0.0
2016-01-19,0.0,0.0
2016-01-20,0.0,0.0
2016-01-21,0.0,0.0
2016-01-22,0.0,0.0
2016-01-23,0.0,0.0
2016-01-24,0.0,0.0
2016-01-25,0.0,0.0
2016-01-26,0.0,0.0
2016-01-27,0.0,0.0
2016-01-28,0.0,0.0
2016-01-29,0.0,0.0
2016-01-30,0.0,0.0
2016-01-31,0.0,0.0
2016-02-01,0.0,0.0
2016-02-02,0.0,0.0
2016-02-03,0.0,0.0
2016-02-04,0.0,0.0
2016-02-05,0.0,0.0
2016-02-06,0.0,0.0
2016-02-07,0.0,0.0
2016-02-08,0.0,0.0
2016-02-09,0.0,0.0
2016-02-10,0.0,0.0
2016-02-11,0.0,0.0
2016-02-12,0.0,0.0
2016-02-13,0.0,0.0
2016-02-14,0.0,0.0
2016-02-15,0.0,0.0
2016-02-16,0.0,0.0
2016-02-17,0.0,0.0
2016-02-18,0.0,0.0
2016-02-19,0.0,0.0
2016-02-20,0.0,0.0
2016-02-21,0.0,0.0
2016-02-22,0.0,0.0
2016-02-23,0.0,0.0
2016-02-24,0.0,0.0
2016-02-25,0.0,0.0
2016-02-26,0.0,0.0
2016-02-27,0.0,0.0
2016-02-28,0.0,0.0
2016-02-29,0.0,0.0
2016-03-01,0.0,0.0
2016-03-02,0.0,0.0
2016-03-03,0.0,0.0
2016-03-04,0.0,0.0
2016-03-05,0.0,0.0
2016-03-06,0.0,0.0
2016-03-07,0.0,0.0
2016-03-08,0.0,0.0
2016-03-09,0.0,0.0
2016-03-10,0.0,0.0
2016-03-11,0.0,0.0
2016-03-12,0.0,0.0
2016-03-13,0.0,0.0
2016-03-14,0.0,0.0
2016-03-15,0.0,0.0
2016-03-16,0.0,0.0
2016-03-17,0.0,0.0
2016-03-18,0.0,0.0
2016-03-19,0.0,0.0
2016-03-20,0.0,0.0
2016-03-21,0.0,0.0
2016-03-22,0.0,0.0
2016-03-23,0.0,0.0
2016-03-24,0.0,0.0
2016-03-25,0.0,0.0
2016-03-26,0.0,0.0
2016-03-27,0.0,0.0
2016-03-28,0.0,0.0
2016-03-29,0.0,0.0
2016-03-30,0.0,0.0
2016-03-31,0.0,0.0
2016-04-01,0.0,0.0
2016-04-02,0.0,0.0
2016-04-03,0.0,0.0
2016-04-04,0.0,0.0
2016-04-05,0.0,0.0
2016-04-06,0.0,0.0
2016-04-07,0.0,0.0
2016-04-08,0.0,0.0
2016-04-09,0.0,0.0
2016-04-10,0.0,0.0
2016-04-11,0.0,0.0
2016-04-12,0.0,0.0
2016-04-13,0.0,0.0
2016-04-14,0.0,0.0
2016-04-15,0.0,0.0
2016-04-16,0.0,0.0
2016-04-17,0.0,0.0
2016-04-18,0.0,0.0
2016-04-19,0.0,0.0
2016-04-20,0.0,0.0
2016-04-21,0.0,0.0
2016-04-22,0.0,0.0
2016-04-23,0.0,0.0
2016-04-24,0.0,0.0
2016-04-25,0.0,0.0
2016-04-26,0.0,0.0
2016-04-27,0.0,0.0
2016-04-28,0.0,0.0
2016-04-29,0.0,0.0
2016-04-30,0.0,0.0
2016-05-01,0.0,0.0
2016-05-02,0.0,0.0
2016-05-03,0.0,0.0
2016-05-04,0.0,0.0
2016-05-05,0.0,0.0
2016-05-06,0.0,0.0
2016-05-07,0.0,0.0
2016-05-08,0.0,0.0
2016-05-09,0.0,0.0
2016-05-10,0.0,0.0
2016-05-11,0.0,0.0
2016-05-12,0.0,0.0
2016-05-13,0.0,0.0
2016-05-14,0.0,0.0
2016-05-15,0.0,0.0
2016-05-16,0.0,0.0
2016-05-17,0.0,0.0
2016-05-18,0.0,0.0
2016-05-19,0.0,0.0
2016-05-20,0.0,0.0
2016-05-21,0.0,0.0
2016-05-22,0.0,0.0
2016-05-23,0.0,0.0
2016-05-24,0.0,0.0
2016-05-25,0.0,0.0
2016-05-26,0.0,0.0
2016-05-27,0.0,0.0
2016-05-28,0.0,0.0
2016-05-29,0.0,0.0
2016-05-30,0.0,0.0
2016-05-31,0.0,0.0
2016-06-01,0.0,0.0
2016-06-02,0.0,0.0
2016-06-03,0.0,0.0
2016-06-04,0.0,0.0
2016-06-05,0.0,0.0
2016-06-06,0.0,0.0
2016-06-07,0.0,0.0
2016-06-08,0.0,0.0
2016-06-09,0.0,0.0
2016-06-10,0.0,0.0
2016-06-11,0.0,0.0
2016-06-12,0.0,0.0
2016-06-13,0.0,0.0
2016-06-14,0.0,0.0
2016-06-15,0.0,0.0
2016-06-16,0.0,0.0
2016-06-17,0.0,0.0
2016-06-18,0.0,0.0
2016-06-19,0.0,0.0
2016-06-20,0.0,0.0
2016-06-21,0.0,0.0
2016-06-22,0.0,0.0
2016-06-23,0.0,0.0
2016-06-24,0.0,0.0
2016-06-25,0.0,0.0
2016-06-26,0.0,0.0
2016-06-27,0.0,0.0
2016-06-28,0.0,0.0
2016-06-29,0.0,0.0
2016-06-30,0.0,0.0
2016-07-01,0.0,0.0
2016-07-02,0.0,0.0
2016-07-03,0.0,0.0
2016-07-04,0.0,0.0
2016-07-05,0.0,0.0
2016-07-06,0.0,0.0
2016-07-07,0.0,0.0
2016-07-08,0.0,0.0
2016-07-09,0.0,0.0
2016-07-10,0.0,0.0
2016-07-11,0.0,0.0
2016-07-12,0.0,0.0
2016-07-13,0.0,0.0
2016-07-14,0.0,0.0
2016-07-15,0.0,0.0
2016-07-16,0.0,0.0
2016-07-17,0.0,0.0
2016-07-18,0.0,0.0
2016-07-19,0.0,0.0
2016-07-20,0.0,0.0
2016-07-21,0.0,0.0
2016-07-22,0.0,0.0
2016-07-23,0.0,0.0
2016-07-24,0.0,0.0
2016-07-25,0.0,0.0
2016-07-26,0.0,0.0
2016-07-27,0.0,0.0
2016-07-28,0.0,0.0
2016-07-29,0.0,0.0
2016-07-30,0.0,0.0
2016-07-31,0.0,0.0
2016-08-01,0.0,0.0
2016-08-02,0.0,0.0
2016-08-03,0.0,0.0
2016-08-04,0.0,0.0
2016-08-05,0.0,0.0
2016-08-06,0.0,0.0
2016-08-07,0.0,0.0
2016-08-08,0.0,0.0
2016-08-09,0.0,0.0
2016-08-10,0.0,0.0
2016-08-11,0.0,0.0
2016-08-12,0.0,0.0
2016-08-13,0.0,0.0
2016-08-14,0.0,0.0
2016-08-15,0.0,0.0
2016-08-16,0.0,0.0
2016-08-17,0.0,0.0
2016-08-18,0.0,0.0
2016-08-19,0.0,0.0
2016-08-20,0.0,0.0
2016-08-21,0.0,0.0
2016-08-22,0.0,0.0
2016-08-23,0.0,0.0
2016-08-24,0.0,0.0
2016-08-25,0.0,0.0
2016-08-26,0.0,0.0
2016-08-27,0.0,0.0
2016-08-28,0.0,0.0
2016-08-29,0.0,0.0
2016-08-30,0.0,0.0
2016-08-31,0.0,0.0
2016-09-01,0.0,0.0
2016-09-02,0.0,0.0
2016-09-03,0.0,0.0
2016-09-04,0.0,0.0
2016-09-05,0.0,0.0
2016-09-06,0.0,0.0
2016-09-07,0.0,0.0
2016-09-08,0.0,0.0
2016-09-09,0.0,0.0
2016-09-10,0.0,0.0
2016-09-11,0.0,0.0
2016-09-12,0.0,0.0
2016-09-13,0.0,0.0
2016-09-14,0.0,0.0
2016-09-15,0.0,0.0
2016-09-16,0.0,0.0
2016-09-17,0.0,0.0
2016-09-18,0.0,0.0
2016-09-19,0.0,0.0
2016-09-20,0.0,0.0
2016-09-21,0.0,0.0
2016-09-22,0.0,0.0
2016-09-23,0.0,0.0
2016-09-24,0.0,0.0
2016-09-25,0.0,0.0
2016-09-26,0.0,0.0
2016-09-27,0.0,0.0
2016-09-28,0.0,0.0
2016-09-29,0.0,0.0
2016-09-30,0.0,0.0
2016-10-01,0.0,0.0
2016-10-02,0.0,0.0
2016-10-03,0.0,0.0
2016-10-04,0.0,0.0
2016-10-05,0.0,0.0
2016-10-06,0.0,0.0
2016-10-07,0.0,0.0
2016-10-08,0.0,0.0
2016-10-09,0.0,0.0
2016-10-10,0.0,0.0
2016-10-11,0.0,0.0
2016-10-12,0.0,0.0
2016-10-13,0.0,0.0
2016-10-14,0.0,0.0
2016-10-15,0.0,0.0
2016-10-16,0.0,0.0
2016-10-17,0.0,0.0
2016-10-18,0.0,0.0
2016-10-19,0.0,0.0
2016-10-20,0.0,0.0
2016-10-21,0.0,0.0
2016-10-22,0.0,0.0
2016-10-23,0.0,0.0
2016-10-24,0.0,0.0
2016-10-25,0.0,0.0
2016-10-26,0.0,0.0
2016-10-27,0.0,0.0
2016-10-28,0.0,0.0
2016-10-29,0.0,0.0
2016-10-30,0.0,0.0
2016-10-31,0.0,0.0
2016-11-01,0.0,0.0
2016-11-02,0.0,0.0
2016-11-03,0.0,0.0
2016-11-04,0.0,0.0
2016-11-05,0.0,0.0
2016-11-06,0.0,0.0
2016-11-07,0.0,0.0
2016-11-08,0.0,0.0
2016-11-09,0.0,0.0
2016-11-10,0.0,0.0
2016-11-11,0.0,0.0
2016-11-12,0.0,0.0
2016-11-13,0.0,0.0
2016-11-14,0.0,0.0
2016-11-15,0.0,0.0
2016-11-16,0.0,0.0
2016-11-17,0.0,0.0
2016-11-18,0.0,0.0
2016-11-19,0.0,0.0
2016-11-20,0.0,0.0
2016-11-21,0.0,0.0
2016-11-22,0.0,0.0
2016-11-23,0.0,0.0
2016-11-24,0.0,0.0
2016-11-25,0.0,0.0
2016-11-26,0.0,0.0
2016-11-27,0.0,0.0
2016-11-28,0.0,0.0
2016-11-29,0.0,0.0
2016-11-30,0.0,0.0
2016-12-01,0.0,0.0
2016-12-02,0.0,0.0
2016-12-03,0.0,0.0
2016-12-04,0.0,0.0
2016-12-05,0.0,0.0
2016-12-06,0.0,0.0
2016-12-07,0.0,0.0
2016-12-08,0.0,0.0
2016-12-09,0.0,0.0
2016-12-10,0.0,0.0
2016-12-11,0.0,0.0
2016-12-12,0.0,0.0
2016-12-13,0.0,0.0
2016-12-14,0.0,0.0
2016-12-15,0.0,0.0
2016-12-16,0.0,0.0
2016-12-17,0.0,0.0
2016-12-18,0.0,0.0
2016-12-19,0.0,0.0
2016-12-20,0.0,0.0
2016-12-21,0.0,0.0
2016-12-22,0.0,0.0
2016-12-23,0.0,0.0
2016-12-24,0.0,0.0
2016-12-25,0.0,0.0
2016-12-26,0.0,0.0
2016-12-27,0.0,0.0
2016-12-28,0.0,0.0
2016-12-29,0.0,0.0
2016-12-30,0.0,0.0
2016-12-31,0.0,0.0
2017-01-01,0.0,0.0
2017-01-02,0.0,0.0
2017-01-03,0.0,0.0
2017-01-04,0.0,0.0
2017-01-05,0.0,0.0
2017-01-06,0.0,0.0
2017-01-07,0.0,0.0
2017-01-08,0.0,0.0
2017-01-09,0.0,0.0
2017-01-10,0.0,0.0
2017-01-11,0.0,0.0
2017-01-12,0.0,0.0
2017-01-13,0.0,0.0
2017-01-14,0.0,0.0
2017-01-15,0.0,0.0
2017-01-16,0.0,0.0
2017-01-17,0.0,0.0
2017-01-18,0.0,0.0
2017-01-19,0.0,0.0
2017-01-20,0.0,0.0
2017-01-21,0.0,0.0
2017-01-22,0.0,0.0
2017-01-23,0.0,0.0
2017-01-24,0.0,0.0
2017-01-25,0.0,0.0
2017-01-26,0.0,0.0
2017-01-27,0.0,0.0
2017-01-28,0.0,0.0
2017-01-29,0.0,0.0
2017-01-30,0.0,0.0
2017-01-31,0.0,0.0
2017-02-01,0.0,0.0
2017-02-02,0.0,0.0
2017-02-03,0.0,0.0
2017-02-04,0.0,0.0
2017-02-05,0.0,0.0
2017-02-06,0.0,0.0
2017-02-07,0.0,0.0
2017-02-08,0.0,0.0
2017-02-09,0.0,0.0
2017-02-10,0.0,0.0
2017-02-11,0.0,0.0
2017-02-12,0.0,0.0
2017-02-13,0.0,0.0
2017-02-14,0.0,0.0
2017-02-15,0.0,0.0
2017-02-16,0.0,0.0
2017-02-17,0.0,0.0
2017-02-18,0.0,0.0
2017-02-19,0.0,0.0
2017-02-20,0.0,0.0
2017-02-21,0.0,0.0
2017-02-22,0.0,0.0
2017-02-23,0.0,0.0
2017-02-24,0.0,0.0
2017-02-25,0.0,0.0
2017-02-26,0.0,0.0
2017-02-27,0.0,0.0
2017-02-28,0.0,0.0
2017-03-01,0.0,0.0
2017-03-02,0.0,0.0
2017-03-03,0.0,0.0
2017-03-04,0.0,0.0
2017-03-05,0.0,0.0
2017-03-06,0.0,0.0
2017-03-07,0.0,0.0
2017-03-08,0.0,0.0
2017-03-09,0.0,0.0
2017-03-10,0.0,0.0
2017-03-11,0.0,0.0
2017-03-12,0.0,0.0
2017-03-13,0.0,0.0
2017-03-14,0.0,0.0
2017-03-15,0.0,0.0
2017-03-16,0.0,0.0
2017-03-17,0.0,0.0
2017-03-18,0.0,0.0
2017-03-19,0.0,0.0
2017-03-20,0.0,0.0
2017-03-21,0.0,0.0
2017-03-22,0.0,0.0
2017-03-23,0.0,0.0
2017-03-24,0.0,0.0
2017-03-25,0.0,0.0
2017-03-26,0.0,0.0
2017-03-27,0.0,0.0
2017-03-28,0.0,0.0
2017-03-29,0.0,0.0
2017-03-30,0.0,0.0
2017-03-31,0.0,0.0
2017-04-01,0.0,0.0
2017-04-02,0.0,0.0
2017-04-03,0.0,0.0
2017-04-04,0.0,0.0
2017-04-05,0.0,0.0
2017-04-06,0.0,0.0
2017-04-07,0.0,0.0
2017-04-08,0.0,0.0
2017-04-09,0.0,0.0
2017-04-10,0.0,0.0
2017-04-11,0.0,0.0
2017-04-12,0.0,0.0
2017-04-13,0.0,0.0
2017-04-14,0.0,0.0
2017-04-15,0.0,0.0
2017-04-16,0.0,0.0
2017-04-17,0.0,0.0
2017-04-18,0.0,0.0
2017-04-19,0.0,0.0
2017-04-20,0.0,0.0
2017-04-21,0.0,0.0
2017-04-22,0.0,0.0
2017-04-23,0.0,0.0
2017-04-24,0.0,0.0
2017-04-25,0.0,0.0
2017-04-26,0.0,0.0
2017-04-27,0.0,0.0
2017-04-28,0.0,0.0
2017-04-29,0.0,0.0
2017-04-30,0.0,0.0
2017-05-01,0.0,0.0
2017-05-02,0.0,0.0
2017-05-03,0.0,0.0
2017-05-04,0.0,0.0
2017-05-05,0.0,0.0
2017-05-06,0.0,0.0
2017-05-07,0.0,0.0
2017-05-08,0.0,0.0
2017-05-09,0.0,0.0
2017-05-10,0.0,0.0
2017-05-11,0.0,0.0
2017-05-12,0.0,0.0
2017-05-13,0.0,0.0
2017-05-14,0.0,0.0
2017-05-15,0.0,0.0
2017-05-16,0.0,0.0
2017-05-17,0.0,0.0
2017-05-18,0.0,0.0
2017-05-19,0.0,0.0
2017-05-20,0.0,0.0
2017-05-21,0.0,0.0
2017-05-22,0.0,0.0
2017-05-23,0.0,0.0
2017-05-24,0.0,0.0
2017-05-25,0.0,0.0
2017-05-26,0.0,0.0
2017-05-27,0.0,0.0
2017-05-28,0.0,0.0
2017-05-29,0.0,0.0
2017-05-30,0.0,0.0
2017-05-31,0.0,0.0
2017-06-01,0.0,0.0
2017-06-02,0.0,0.0
2017-06-03,0.0,0.0
2017-06-04,0.0,0.0
2017-06-05,0.0,0.0
2017-06-06,0.0,0.0
2017-06-07,0.0,0.0
2017-06-08,0.0,0.0
2017-06-09,0.0,0.0
2017-06-10,0.0,0.0
2017-06-11,0.0,0.0
2017-06-12,0.0,0.0
2017-06-13,0.0,0.0
2017-06-14,0.0,0.0
2017-06-15,0.0,0.0
2017-06-16,0.0,0.0
2017-06-17,0.0,0.0
2017-06-18,0.0,0.0
2017-06-19,0.0,0.0
2017-06-20,0.0,0.0
2017-06-21,0.0,0.0
2017-06-22,0.0,0.0
2017-06-23,0.0,0.0
2017-06-24,0.0,0.0
2017-06-25,0.0,0.0
2017-06-26,0.0,0.0
2017-06-27,0.0,0.0
2017-06-28,0.0,0.0
2017-06-29,0.0,0.0
2017-06-30,0.0,0.0
2017-07-01,0.0,0.0
2017-07-02,0.0,0.0
2017-07-03,0.0,0.0
2017-07-04,0.0,0.0
2017-07-05,0.0,0.0
2017-07-06,0.0,0.0
2017-07-07,0.0,0.0
2017-07-08,0.0,0.0
2017-07-09,0.0,0.0
2017-07-10,0.0,0.0
2017-07-11,0.0,0.0
2017-07-12,0.0,0.0
2017-07-13,0.0,0.0
2017-07-14,0.0,0.0
2017-07-15,0.0,0.0
2017-07-16,0.0,0.0
2017-07-17,0.0,0.0
2017-07-18,0.0,0.0
2017-07-19,0.0,0.0
2017-07-20,0.0,0.0
2017-07-21,0.0,0.0
2017-07-22,0.0,0.0
2017-07-23,0.0,0.0
2017-07-24,0.0,0.0
2017-07-25,0.0,0.0
2017-07-26,0.0,0.0
2017-07-27,0.0,0.0
2017-07-28,0.0,0.0
2017-07-29,0.0,0.0
2017-07-30,0.0,0.0
2017-07-31,0.0,0.0
2017-08-01,0.0,0.0
2017-08-02,0.0,0.0
2017-08-03,0.0,0.0
2017-08-04,0.0,0.0
2017-08-05,0.0,0.0
2017-08-06,0.0,0.0
2017-08-07,0.0,0.0
2017-08-08,0.0,0.0
2017-08-09,0.0,0.0
2017-08-10,0.0,0.0
2017-08-11,0.0,0.0
2017-08-12,0.0,0.0
2017-08-13,0.0,0.0
2017-08-14,0.0,0.0
2017-08-15,0.0,0.0
2017-08-16,0.0,0.0
2017-08-17,0.0,0.0
2017-08-18,0.0,0.0
2017-08-19,0.0,0.0
2017-08-20,0.0,0.0
2017-08-21,0.0,0.0
2017-08-22,0.0,0.0
2017-08-23,0.0,0.0
2017-08-24,0.0,0.0
2017-08-25,0.0,0.0
2017-08-26,0.0,0.0
2017-08-27,0.0,0.0
2017-08-28,0.0,0.0
2017-08-29,0.0,0.0
2017-08-30,0.0,0.0
2017-08-31,0.0,0.0
2017-09-01,0.0,0.0
2017-09-02,0.0,0.0
2017-09-03,0.0,0.0
2017-09-04,0.0,0.0
2017-09-05,0.0,0.0
2017-09-06,0.0,0.0
2017-09-07,0.0,0.0
2017-09-08,0.0,0.0
2017-09-09,0.0,0.0
2017-09-10,0.0,0.0
2017-09-11,0.0,0.0
2017-09-12,0.0,0.0
2017-09-13,0.0,0.0
2017-09-14,0.0,0.0
2017-09-15,0.0,0.0
2017-09-16,0.0,0.0
2017-09-17,0.0,0.0
2017-09-18,0.0,0.0
2017-09-19,0.0,0.0
2017-09-20,0.0,0.0
2017-09-21,0.0,0.0
2017-09-22,0.0,0.0
2017-09-23,0.0,0.0
2017-09-24,0.0,0.0
2017-09-25,0.0,0.0
2017-09-26,0.0,0.0
2017-09-27,0.0,0.0
2017-09-28,0.0,0.0
2017-09-29,0.0,0.0
2017-09-30,0.0,0.0
2017-10-01,0.0,0.0
2017-10-02,0.0,0.0
2017-10-03,0.0,0.0
2017-10-04,0.0,0.0
2017-10-05,0.0,0.0
2017-10-06,0.0,0.0
2017-10-07,0.0,0.0
2017-10-08,0.0,0.0
2017-10-09,0.0,0.0
2017-10-10,0.0,0.0
2017-10-11,0.0,0.0
2017-10-12,0.0,0.0
2017-10-13,0.0,0.0
2017-10-14,0.0,0.0
2017-10-15,0.0,0.0
2017-10-16,0.0,0.0
2017-10-17,0.0,0.0
2017-10-18,0.0,0.0
2017-10-19,0.0,0.0
2017-10-20,0.0,0.0
2017-10-21,0.0,0.0
2017-10-22,0.0,0.0
2017-10-23,0.0,0.0
2017-10-24,0.0,0.0
2017-10-25,0.0,0.0
2017-10-26,0.0,0.0
2017-10-27,0.0,0.0
2017-10-28,0.0,0.0
2017-10-29,0.0,0.0
2017-10-30,0.0,0.0
2017-10-31,0.0,0.0
2017-11-01,0.0,0.0
2017-11-02,0.0,0.0
2017-11-03,0.0,0.0
2017-11-04,0.0,0.0
2017-11-05,0.0,0.0
2017-11-06,0.0,0.0
2017-11-07,0.0,0.0
2017-11-08,0.0,0.0
2017-11-09,0.0,0.0
2017-11-10,0.0,0.0
2017-11-11,0.0,0.0
2017-11-12,0.0,0.0
2017-11-13,0.0,0.0
2017-11-14,0.0,0.0
2017-11-15,0.0,0.0
2017-11-16,0.0,0.0
2017-11-17,0.0,0.0
2017-11-18,0.0,0.0
2017-11-19,0.0,0.0
2017-11-20,0.0,0.0
2017-11-21,0.0,0.0
2017-11-22,0.0,0.0
2017-11-23,0.0,0.0
2017-11-24,0.0,0.0
2017-11-25,0.0,0.0
2017-11-26,0.0,0.0
2017-11-27,0.0,0.0
2017-11-28,0.0,0.0
2017-11-29,0.0,0.0
2017-11-30,0.0,0.0
2017-12-01,0.0,0.0
2017-12-02,0.0,0.0
2017-12-03,0.0,0.0
2017-12-04,0.0,0.0
2017-12-05,0.0,0.0
2017-12-06,0.0,0.0
2017-12-07,0.0,0.0
2017-12-08,0.0,0.0
2017-12-09,0.0,0.0
2017-12-10,0.0,0.0
2017-12-11,0.0,0.0
2017-12-12,0.0,0.0
2017-12-13,0.0,0.0
2017-12-14,0.0,0.0
2017-12-15,0.0,0.0
2017-12-16,0.0,0.0
2017-12-17,0.0,0.0
2017-12-18,0.0,0.0
2017-12-19,0.0,0.0
2017-12-20,0.0,0.0
2017-12-21,0.0,0.0
2017-12-22,0.0,0.0
2017-12-23,0.0,0.0
2017-12-24,0.0,0.0
2017-12-25,0.0,0.0
2017-12-26,0.0,0.0
2017-12-27,0.0,0.0
2017-12-28,0.0,0.0
2017-12-29,0.0,0.0
2017-12-30,0.0,0.0
2017-12-31,0.0,0.0
2018-01-01,0.0,0.0
2018-01-02,0.0,0.0
2018-01-03,0.0,0.0
2018-01-04,0.0,0.0
2018-01-05,0.0,0.0
2018-01-06,0.0,0.0
2018-01-07,0.0,0.0
2018-01-08,0.0,0.0
2018-01-09,0.0,0.0
2018-01-10,0.0,0.0
2018-01-11,0.0,0.0
2018-01-12,0.0,0.0
2018-01-13,0.0,0.0
2018-01-14,0.0,0.0
2018-01-15,0.0,0.0
2018-01-16,0.0,0.0
2018-01-17,0.0,0.0
2018-01-18,0.0,0.0
2018-01-19,0.0,0.0
2018-01-20,0.0,0.0
2018-01-21,0.0,0.0
2018-01-22,0.0,0.0
2018-01-23,0.0,0.0
2018-01-24,0.0,0.0
2018-01-25,0.0,0.0
2018-01-26,0.0,0.0
2018-01-27,0.0,0.0
2018-01-28,0.0,0.0
2018-01-29,0.0,0.0
2018-01-30,0.0,0.0
2018-01-31,0.0,0.0
2018-02-01,0.0,0.0
2018-02-02,0.0,0.0
2018-02-03,0.0,0.0
2018-02-04,0.0,0.0
2018-02-05,0.0,0.0
2018-02-06,0.0,0.0
2018-02-07,0.0,0.0
2018-02-08,0.0,0.0
2018-02-09,0.0,0.0
2018-02-10,0.0,0.0
2018-02-11,0.0,0.0
2018-02-12,0.0,0.0
2018-02-13,0.0,0.0
2018-02-14,0.0,0.0
2018-02-15,0.0,0.0
2018-02-16,0.0,0.0
2018-02-17,0.0,0.0
2018-02-18,0.0,0.0
2018-02-19,0.0,0.0
2018-02-20,0.0,0.0
2018-02-21,0.0,0.0
2018-02-22,0.0,0.0
2018-02-23,0.0,0.0
2018-02-24,0.0,0.0
2018-02-25,0.0,0.0
2018-02-26,0.0,0.0
2018-02-27,0.0,0.0
2018-02-28,0.0,0.0
2018-03-01,0.0,0.0
2018-03-02,0.0,0.0
2018-03-03,0.0,0.0
2018-03-04,0.0,0.0
2018-03-05,0.0,0.0
2018-03-06,0.0,0.0
2018-03-07,0.0,0.0
2018-03-08,0.0,0.0
2018-03-09,0.0,0.0
2018-03-10,0.0,0.0
2018-03-11,0.0,0.0
2018-03-12,0.0,0.0
2018-03-13,0.0,0.0
2018-03-14,0.0,0.0
2018-03-15,0.0,0.0
2018-03-16,0.0,0.0
2018-03-17,0.0,0.0
2018-03-18,0.0,0.0
2018-03-19,0.0,0.0
2018-03-20,0.0,0.0
2018-03-21,0.0,0.0
2018-03-22,0.0,0.0
2018-03-23,0.0,0.0
2018-03-24,0.0,0.0
2018-03-25,0.0,0.0
2018-03-26,0.0,0.0
2018-03-27,0.0,0.0
2018-03-28,0.0,0.0
2018-03-29,0.0,0.0
2018-03-30,0.0,0.0
2018-03-31,0.0,0.0
2018-04-01,0.0,0.0
2018-04-02,0.0,0.0
2018-04-03,0.0,0.0
2018-04-04,0.0,0.0
2018-04-05,0.0,0.0
2018-04-06,0.0,0.0
2018-04-07,0.0,0.0
2018-04-08,0.0,0.0
2018-04-09,0.0,0.0
2018-04-10,0.0,0.0
2018-04-11,0.0,0.0
2018-04-12,0.0,0.0
2018-04-13,0.0,0.0
2018-04-14,0.0,0.0
2018-04-15,0.0,0.0
2018-04-16,0.0,0.0
2018-04-17,0.0,0.0
2018-04-18,0.0,0.0
2018-04-19,0.0,0.0
2018-04-20,0.0,0.0
2018-04-21,0.0,0.0
2018-04-22,0.0,0.0
2018-04-23,0.0,0.0
2018-04-24,0.0,0.0
2018-04-25,0.0,0.0
2018-04-26,0.0,0.0
2018-04-27,0.0,0.0
2018-04-28,0.0,0.0
2018-04-29,0.0,0.0
2018-04-30,0.0,0.0
2018-05-01,0.0,0.0
2018-05-02,0.0,0.0
2018-05-03,0.0,0.0
2018-05-04,0.0,0.0
2018-05-05,0.0,0.0
2018-05-06,0.0,0.0
2018-05-07,0.0,0.0
2018-05-08,0.0,0.0
2018-05-09,0.0,0.0
2018-05-10,0.0,0.0
2018-05-11,0.0,0.0
2018-05-12,0.0,0.0
2018-05-13,0.0,0.0
2018-05-14,0.0,0.0
2018-05-15,0.0,0.0
2018-05-16,0.0,0.0
2018-05-17,0.0,0.0
2018-05-18,0.0,0.0
2018-05-19,0.0,0.0
2018-05-20,0.0,0.0
2018-05-21,0.0,0.0
2018-05-22,0.0,0.0
2018-05-23,0.0,0.0
2018-05-24,0.0,0.0
2018-05-25,0.0,0.0
2018-05-26,0.0,0.0
2018-05-27,0.0,0.0
2018-05-28,0.0,0.0
2018-05-29,0.0,0.0
2018-05-30,0.0,0.0
2018-05-31,0.0,0.0
2018-06-01,1.0,1.0
2018-06-02,1.0,1.0
2018-06-03,1.0,1.0
2018-06-04,1.0,1.0
2018-06-05,1.0,1.0
2018-06-06,1.0,1.0
2018-06-07,1.0,1.0
2018-06-08,1.0,1.0
2018-06-09,1.0,1.0
2018-06-10,1.0,1.0
2018-06-11,1.0,1.0
2018-06-12,1.0,1.0
2018-06-13,1.0,1.0
2018-06-14,1.0,1.0
2018-06-15,1.0,1.0
2018-06-16,1.0,1.0
2018-06-17,1.0,1.0
2018-06-18,1.0,1.0
2018-06-19,1.0,1.0
2018-06-20,1.0,1.0
2018-06-21,1.0,1.0
2018-06-22,1.0,1.0
2018-06-23,1.0,1.0
2018-06-24,1.0,1.0
2018-06-25,1.0,1.0
2018-06-26,1.0,1.0
2018-06-27,1.0,1.0
2018-06-28,1.0,1.0
2018-06-29,1.0,1.0
2018-06-30,1.0,1.0
2018-07-01,1.0,1.0
2018-07-02,1.0,1.0
2018-07-03,1.0,1.0
2018-07-04,1.0,1.0
2018-07-05,1.0,1.0
2018-07-06,1.0,1.0
2018-07-07,1.0,1.0
2018-07-08,1.0,1.0
2018-07-09,1.0,1.0
2018-07-10,1.0,1.0
2018-07-11,1.0,1.0
2018-07-12,1.0,1.0
2018-07-13,1.0,1.0
2018-07-14,1.0,1.0
2018-07-15,1.0,1.0
2018-07-16,1.0,1.0
2018-07-17,1.0,1.0
2018-07-18,1.0,1.0
2018-07-19,1.0,1.0
2018-07-20,1.0,1.0
2018-07-21,1.0,1.0
2018-07-22,1.0,1.0
2018-07-23,1.0,1.0
2018-07-24,1.0,1.0
2018-07-25,1.0,1.0
2018-07-26,1.0,1.0
2018-07-27,1.0,1.0
2018-07-28,1.0,1.0
2018-07-29,1.0,1.0
2018-07-30,1.0,1.0
2018-07-31,1.0,1.0
2018-08-01,1.0,1.0
2018-08-02,1.0,1.0
2018-08-03,1.0,1.0
2018-08-04,1.0,1.0
2018-08-05,1.0,1.0
2018-08-06,1.0,1.0
2018-08-07,1.0,1.0
2018-08-08,1.0,1.0
2018-08-09,1.0,1.0
2018-08-10,1.0,1.0
2018-08-11,1.0,1.0
2018-08-12,1.0,1.0
2018-08-13,1.0,1.0
2018-08-14,1.0,1.0
2018-08-15,1.0,1.0
2018-08-16,1.0,1.0
2018-08-17,1.0,1.0
2018-08-18,1.0,1.0
2018-08-19,1.0,1.0
2018-08-20,1.0,1.0
2018-08-21,1.0,1.0
2018-08-22,1.0,1.0
2018-08-23,1.0,1.0
2018-08-24,1.0,1.0
2018-08-25,1.0,1.0
2018-08-26,1.0,1.0
2018-08-27,1.0,1.0
2018-08-28,1.0,1.0
2018-08-29,1.0,1.0
2018-08-30,1.0,1.0
2018-08-31,1.0,1.0
2018-09-01,1.0,1.0
2018-09-02,1.0,1.0
2018-09-03,1.0,1.0
2018-09-04,1.0,1.0
2018-09-05,1.0,1.0
2018-09-06,1.0,1.0
2018-09-07,1.0,1.0
2018-09-08,1.0,1.0
2018-09-09,1.0,1.0
2018-09-10,2.0,2.0
2018-09-11,2.0,2.0
2018-09-12,2.0,2.0
2018-09-13,2.0,2.0
2018-09-14,2.0,2.0
2018-09-15,2.0,2.0
2018-09-16,2.0,2.0
2018-09-17,2.0,2.0
2018-09-18,2.0,2.0
2018-09-19,2.0,2.0
2018-09-20,2.0,2.0
2018-09-21,2.0,2.0
2018-09-22,2.0,2.0
2018-09-23,2.0,2.0
2018-09-24,2.0,2.0
2018-09-25,2.0,2.0
2018-09-26,2.0,2.0
2018-09-27,2.0,2.0
2018-09-28,2.0,2.0
2018-09-29,2.0,2.0
2018-09-30,2.0,2.0
2018-10-01,6.0,6.0
2018-10-02,14.0,14.0
2018-10-03,22.0,23.0
2018-10-04,30.0,31.0
2018-10-05,39.0,40.0
2018-10-06,47.0,48.0
2018-10-07,56.0,57.0
2018-10-08,65.0,66.0
2018-10-09,73.0,75.0
2018-10-10,82.0,84.0
2018-10-11,91.0,93.0
2018-10-12,100.0,102.0
2018-10-13,110.0,112.0
2018-10-14,119.0,121.0
2018-10-15,128.0,130.0
2018-10-16,137.0,140.0
2018-10-17,146.0,149.0
2018-10-18,155.0,158.0
2018-10-19,164.0,168.0
2018-10-20,173.0,177.0
2018-10-21,183.0,187.0
2018-10-22,192.0,196.0
2018-10-23,201.0,206.0
2018-10-24,210.0,215.0
2018-10-25,218.0,224.0
2018-10-26,227.0,233.0
2018-10-27,236.0,242.0
2018-10-28,245.0,251.0
2018-10-29,254.0,260.0
2018-10-30,263.0,270.0
2018-10-31,269.0,275.0
2018-11-01,270.0,276.0
2018-11-02,271.0,277.0
2018-11-03,272.0,278.0
2018-11-04,273.0,279.0
2018-11-05,273.0,280.0
2018-11-06,273.0,280.0
2018-11-07,273.0,280.0
2018-11-08,274.0,280.0
2018-11-09,274.0,281.0
2018-11-10,275.0,281.0
2018-11-11,275.0,281.0
2018-11-12,275.0,281.0
2018-11-13,276.0,281.0
2018-11-14,276.0,282.0
2018-11-15,276.0,282.0
2018-11-16,276.0,283.0
2018-11-17,277.0,282.0
2018-11-18,276.0,282.0
2018-11-19,276.0,282.0
2018-11-20,275.0,281.0
2018-11-21,275.0,281.0
2018-11-22,275.0,281.0
2018-11-23,275.0,280.0
2018-11-24,275.0,280.0
2018-11-25,275.0,280.0
2018-11-26,275.0,280.0
2018-11-27,275.0,280.0
2018-11-28,274.0,280.0
2018-11-29,274.0,279.0
2018-11-30,273.0,279.0
2018-12-01,272.0,278.0
2018-12-02,271.0,277.0
2018-12-03,271.0,276.0
2018-12-04,270.0,275.0
2018-12-05,269.0,274.0
2018-12-06,269.0,274.0
2018-12-07,269.0,274.0
2018-12-08,269.0,274.0
2018-12-09,269.0,273.0
2018-12-10,268.0,273.0
2018-12-11,268.0,273.0
2018-12-12,267.0,272.0
2018-12-13,265.0,271.0
2018-12-14,265.0,270.0
2018-12-15,264.0,269.0
2018-12-16,264.0,268.0
2018-12-17,263.0,268.0
2018-12-18,263.0,268.0
2018-12-19,262.0,267.0
2018-12-20,262.0,267.0
2018-12-21,263.0,267.0
2018-12-22,263.0,267.0
2018-12-23,263.0,268.0
2018-12-24,264.0,268.0
2018-12-25,264.0,268.0
2018-12-26,264.0,268.0
2018-12-27,264.0,268.0
2018-12-28,264.0,269.0
2018-12-29,265.0,269.0
2018-12-30,266.0,269.0
2018-12-31,266.0,270.0
2019-01-01,266.0,271.0
2019-01-02,267.0,271.0
2019-01-03,267.0,271.0
2019-01-04,267.0,272.0
2019-01-05,267.0,272.0
2019-01-06,267.0,271.0
2019-01-07,266.0,271.0
2019-01-08,265.0,270.0
2019-01-09,264.0,270.0
2019-01-10,264.0,269.0
2019-01-11,263.0,268.0
2019-01-12,264.0,269.0
2019-01-13,264.0,269.0
2019-01-14,264.0,270.0
2019-01-15,264.0,270.0
2019-01-16,265.0,270.0
2019-01-17,266.0,271.0
2019-01-18,267.0,272.0
2019-01-19,267.0,273.0
2019-01-20,267.0,273.0
2019-01-21,267.0,273.0
2019-01-22,267.0,273.0
2019-01-23,267.0,273.0
2019-01-24,268.0,274.0
2019-01-25,269.0,275.0
2019-01-26,270.0,276.0
2019-01-27,271.0,276.0
2019-01-28,271.0,277.0
2019-01-29,272.0,278.0
2019-01-30,272.0,279.0
2019-01-31,273.0,280.0
2019-02-01,274.0,280.0
2019-02-02,274.0,281.0
2019-02-03,275.0,281.0
2019-02-04,276.0,282.0
2019-02-05,277.0,283.0
2019-02-06,277.0,283.0
2019-02-07,278.0,284.0
2019-02-08,280.0,285.0
2019-02-09,280.0,286.0
2019-02-10,281.0,287.0
2019-02-11,281.0,287.0
2019-02-12,281.0,287.0
2019-02-13,281.0,287.0
2019-02-14,280.0,286.0
2019-02-15,280.0,285.0
2019-02-16,279.0,285.0
2019-02-17,278.0,284.0
2019-02-18,278.0,283.0
2019-02-19,277.0,283.0
2019-02-20,276.0,282.0
2019-02-21,275.0,281.0
2019-02-22,274.0,280.0
2019-02-23,272.0,278.0
2019-02-24,271.0,276.0
2019-02-25,271.0,277.0
2019-02-26,272.0,278.0
2019-02-27,271.0,278.0
2019-02-28,272.0,278.0
2019-03-01,272.0,278.0
2019-03-02,272.0,278.0
2019-03-03,271.0,278.0
2019-03-04,270.0,278.0
2019-03-05,270.0,277.0
2019-03-06,269.0,276.0
2019-03-07,268.0,276.0
2019-03-08,268.0,275.0
2019-03-09,267.0,275.0
2019-03-10,267.0,273.0
2019-03-11,266.0,273.0
2019-03-12,266.0,273.0
2019-03-13,265.0,272.0
2019-03-14,264.0,271.0
2019-03-15,263.0,270.0
2019-03-16,263.0,270.0
2019-03-17,263.0,270.0
2019-03-18,262.0,269.0
2019-03-19,261.0,269.0
2019-03-20,261.0,269.0
2019-03-21,261.0,268.0
2019-03-22,260.0,268.0
2019-03-23,260.0,267.0
2019-03-24,260.0,266.0
2019-03-25,259.0,266.0
2019-03-26,259.0,266.0
2019-03-27,257.0,263.0
2019-03-28,254.0,261.0
2019-03-29,253.0,259.0
2019-03-30,252.0,258.0
2019-03-31,251.0,256.0
2019-04-01,250.0,255.0
2019-04-02,249.0,254.0
2019-04-03,249.0,254.0
2019-04-04,248.0,253.0
2019-04-05,248.0,253.0
2019-04-06,248.0,252.0
2019-04-07,247.0,252.0
2019-04-08,247.0,252.0
2019-04-09,247.0,251.0
2019-04-10,246.0,251.0
2019-04-11,246.0,251.0
2019-04-12,247.0,251.0
2019-04-13,247.0,251.0
2019-04-14,248.0,251.0
2019-04-15,248.0,252.0
2019-04-16,248.0,252.0
2019-04-17,248.0,252.0
2019-04-18,249.0,252.0
2019-04-19,249.0,253.0
2019-04-20,249.0,253.0
2019-04-21,249.0,253.0
2019-04-22,250.0,254.0
2019-04-23,251.0,256.0
2019-04-24,252.0,257.0
2019-04-25,253.0,258.0
2019-04-26,254.0,259.0
2019-04-27,256.0,260.0
2019-04-28,256.0,261.0
2019-04-29,256.0,262.0
2019-04-30,257.0,262.0
2019-05-01,257.0,263.0
2019-05-02,258.0,263.0
2019-05-03,258.0,264.0
2019-05-04,258.0,264.0
2019-05-05,259.0,264.0
2019-05-06,259.0,265.0
2019-05-07,259.0,265.0
2019-05-08,260.0,266.0
2019-05-09,260.0,266.0
2019-05-10,260.0,266.0
2019-05-11,261.0,267.0
2019-05-12,261.0,268.0
2019-05-13,262.0,268.0
2019-05-14,263.0,270.0
2019-05-15,263.0,270.0
2019-05-16,264.0,271.0
2019-05-17,264.0,271.0
2019-05-18,264.0,272.0
2019-05-19,265.0,272.0
2019-05-20,266.0,273.0
2019-05-21,266.0,273.0
2019-05-22,265.0,272.0
2019-05-23,264.0,271.0
2019-05-24,264.0,271.0
2019-05-25,264.0,271.0
2019-05-26,264.0,270.0
2019-05-27,264.0,270.0
2019-05-28,263.0,270.0
2019-05-29,263.0,270.0
2019-05-30,263.0,269.0
2019-05-31,263.0,270.0
2019-06-01,264.0,270.0
2019-06-02,264.0,270.0
2019-06-03,265.0,271.0
2019-06-04,266.0,272.0
2019-06-05,266.0,273.0
2019-06-06,267.0,273.0
2019-06-07,268.0,274.0
2019-06-08,268.0,275.0
2019-06-09,269.0,275.0
2019-06-10,269.0,275.0
2019-06-11,269.0,275.0
2019-06-12,269.0,275.0
2019-06-13,269.0,275.0
2019-06-14,269.0,275.0
2019-06-15,269.0,275.0
2019-06-16,270.0,275.0
2019-06-17,269.0,275.0
2019-06-18,269.0,275.0
2019-06-19,269.0,275.0
2019-06-20,269.0,275.0
2019-06-21,269.0,275.0
2019-06-22,270.0,275.0
2019-06-23,270.0,275.0
2019-06-24,269.0,275.0
2019-06-25,268.0,274.0
2019-06-26,267.0,274.0
2019-06-27,267.0,273.0
2019-06-28,267.0,273.0
2019-06-29,267.0,273.0
2019-06-30,267.0,272.0
2019-07-01,267.0,272.0
2019-07-02,266.0,272.0
2019-07-03,265.0,271.0
2019-07-04,265.0,271.0
2019-07-05,265.0,271.0
2019-07-06,266.0,271.0
2019-07-07,266.0,271.0
2019-07-08,266.0,271.0
2019-07-09,266.0,271.0
2019-07-10,266.0,272.0
2019-07-11,267.0,272.0
2019-07-12,267.0,273.0
2019-07-13,268.0,273.0
2019-07-14,269.0,273.0
2019-07-15,269.0,274.0
2019-07-16,270.0,275.0
2019-07-17,270.0,276.0
2019-07-18,271.0,277.0
2019-07-19,272.0,278.0
2019-07-20,273.0,279.0
2019-07-21,274.0,280.0
2019-07-22,275.0,281.0
2019-07-23,276.0,282.0
2019-07-24,277.0,282.0
2019-07-25,278.0,284.0
2019-07-26,279.0,285.0
2019-07-27,281.0,286.0
2019-07-28,281.0,287.0
2019-07-29,282.0,287.0
2019-07-30,283.0,288.0
2019-07-31,283.0,289.0
2019-08-01,284.0,290.0
2019-08-02,284.0,289.0
2019-08-03,284.0,289.0
2019-08-04,283.0,289.0
2019-08-05,283.0,289.0
2019-08-06,282.0,288.0
2019-08-07,281.0,288.0
2019-08-08,281.0,288.0
2019-08-09,281.0,288.0
2019-08-10,281.0,288.0
2019-08-11,281.0,288.0
2019-08-12,281.0,288.0
2019-08-13,280.0,288.0
2019-08-14,280.0,287.0
2019-08-15,279.0,287.0
2019-08-16,280.0,287.0
2019-08-17,281.0,287.0
2019-08-18,281.0,288.0
2019-08-19,281.0,288.0
2019-08-20,281.0,288.0
2019-08-21,280.0,288.0
2019-08-22,279.0,287.0
2019-08-23,278.0,286.0
2019-08-24,277.0,285.0
2019-08-25,276.0,284.0
2019-08-26,275.0,284.0
2019-08-27,275.0,284.0
2019-08-28,275.0,284.0
2019-08-29,275.0,284.0
2019-08-30,276.0,284.0
2019-08-31,276.0,285.0
2019-09-01,277.0,285.0
2019-09-02,277.0,285.0
2019-09-03,277.0,286.0
2019-09-04,278.0,286.0
2019-09-05,279.0,286.0
2019-09-06,280.0,287.0
2019-09-07,280.0,287.0
2019-09-08,280.0,287.0
2019-09-09,280.0,287.0
2019-09-10,280.0,286.0
2019-09-11,279.0,286.0
2019-09-12,280.0,286.0
2019-09-13,280.0,286.0
2019-09-14,280.0,286.0
2019-09-15,279.0,285.0
2019-09-16,278.0,284.0
2019-09-17,277.0,284.0
2019-09-18,276.0,283.0
2019-09-19,274.0,282.0
2019-09-20,275.0,281.0
2019-09-21,275.0,281.0
2019-09-22,277.0,283.0
2019-09-23,278.0,284.0
2019-09-24,279.0,286.0
2019-09-25,279.0,287.0
2019-09-26,279.0,286.0
2019-09-27,278.0,286.0
2019-09-28,277.0,285.0
2019-09-29,276.0,284.0
2019-09-30,275.0,283.0
2019-10-01,274.0,282.0
2019-10-02,273.0,282.0
2019-10-03,272.0,280.0
2019-10-04,271.0,280.0
2019-10-05,270.0,278.0
2019-10-06,269.0,277.0
2019-10-07,267.0,276.0
2019-10-08,265.0,275.0
2019-10-09,264.0,273.0
2019-10-10,262.0,272.0
2019-10-11,261.0,271.0
2019-10-12,260.0,270.0
2019-10-13,259.0,269.0
2019-10-14,259.0,268.0
2019-10-15,258.0,268.0
2019-10-16,258.0,267.0
2019-10-17,258.0,267.0
2019-10-18,258.0,267.0
2019-10-19,258.0,267.0
2019-10-20,258.0,267.0
2019-10-21,258.0,267.0
2019-10-22,256.0,266.0
2019-10-23,254.0,264.0
2019-10-24,253.0,262.0
2019-10-25,251.0,261.0
2019-10-26,249.0,259.0
2019-10-27,248.0,256.0
2019-10-28,247.0,255.0
2019-10-29,246.0,254.0
2019-10-30,244.0,253.0
2019-10-31,243.0,252.0
2019-11-01,242.0,251.0
2019-11-02,242.0,250.0
2019-11-03,241.0,249.0
2019-11-04,239.0,248.0
2019-11-05,237.0,247.0
2019-11-06,236.0,245.0
2019-11-07,235.0,244.0
2019-11-08,234.0,243.0
2019-11-09,233.0,242.0
2019-11-10,232.0,240.0
2019-11-11,230.0,239.0
2019-11-12,229.0,237.0
2019-11-13,226.0,235.0
2019-11-14,225.0,233.0
2019-11-15,223.0,232.0
2019-11-16,222.0,229.0
2019-11-17,220.0,227.0
2019-11-18,219.0,226.0
2019-11-19,217.0,225.0
2019-11-20,215.0,223.0
2019-11-21,214.0,221.0
2019-11-22,213.0,220.0
2019-11-23,212.0,219.0
2019-11-24,212.0,218.0
2019-11-25,212.0,218.0
2019-11-26,212.0,218.0
2019-11-27,211.0,218.0
2019-11-28,212.0,218.0
2019-11-29,212.0,218.0
2019-11-30,213.0,218.0
2019-12-01,213.0,218.0
2019-12-02,213.0,218.0
2019-12-03,213.0,219.0
2019-12-04,213.0,219.0
2019-12-05,214.0,219.0
2019-12-06,214.0,220.0
2019-12-07,215.0,220.0
2019-12-08,216.0,220.0
2019-12-09,216.0,221.0
2019-12-10,216.0,221.0
2019-12-11,216.0,222.0
2019-12-12,217.0,222.0
2019-12-13,218.0,223.0
2019-12-14,218.0,224.0
2019-12-15,218.0,224.0
2019-12-16,218.0,224.0
2019-12-17,218.0,224.0
2019-12-18,218.0,224.0
2019-12-19,218.0,224.0
2019-12-20,219.0,226.0
2019-12-21,220.0,226.0
2019-12-22,221.0,227.0
2019-12-23,222.0,228.0
2019-12-24,222.0,228.0
2019-12-25,223.0,229.0
2019-12-26,224.0,230.0
2019-12-27,225.0,230.0
2019-12-28,225.0,231.0
2019-12-29,226.0,232.0
2019-12-30,227.0,233.0
2019-12-31,228.0,234.0
2020-01-01,229.0,234.0
2020-01-02,230.0,236.0
2020-01-03,231.0,237.0
2020-01-04,233.0,238.0
2020-01-05,234.0,239.0
2020-01-06,235.0,241.0
2020-01-07,237.0,242.0
2020-01-08,238.0,244.0
2020-01-09,240.0,246.0
2020-01-10,241.0,247.0
2020-01-11,242.0,248.0
2020-01-12,244.0,249.0
2020-01-13,246.0,251.0
2020-01-14,247.0,253.0
2020-01-15,248.0,254.0
2020-01-16,250.0,256.0
2020-01-17,251.0,257.0
2020-01-18,252.0,258.0
2020-01-19,253.0,258.0
2020-01-20,253.0,259.0
2020-01-21,254.0,260.0
2020-01-22,255.0,260.0
2020-01-23,255.0,261.0
2020-01-24,256.0,262.0
2020-01-25,256.0,262.0
2020-01-26,256.0,262.0
2020-01-27,256.0,263.0
2020-01-28,256.0,263.0
2020-01-29,256.0,262.0
2020-01-30,255.0,262.0
2020-01-31,255.0,262.0
2020-02-01,255.0,261.0
2020-02-02,255.0,261.0
2020-02-03,254.0,261.0
2020-02-04,254.0,261.0
2020-02-05,254.0,260.0
2020-02-06,253.0,260.0
2020-02-07,253.0,260.0
2020-02-08,253.0,259.0
2020-02-09,252.0,258.0
2020-02-10,252.0,258.0
2020-02-11,251.0,257.0
2020-02-12,250.0,256.0
2020-02-13,249.0,256.0
2020-02-14,248.0,255.0
2020-02-15,246.0,253.0
2020-02-16,245.0,251.0
2020-02-17,244.0,250.0
2020-02-18,242.0,249.0
2020-02-19,241.0,248.0
2020-02-20,239.0,246.0
2020-02-21,237.0,245.0
2020-02-22,236.0,243.0
2020-02-23,235.0,241.0
2020-02-24,233.0,240.0
2020-02-25,231.0,238.0
2020-02-26,229.0,236.0
2020-02-27,227.0,235.0
2020-02-28,226.0,233.0
2020-02-29,225.0,232.0
2020-03-01,223.0,230.0
2020-03-02,220.0,228.0
2020-03-03,218.0,226.0
2020-03-04,216.0,223.0
2020-03-05,214.0,221.0
2020-03-06,212.0,219.0
2020-03-07,210.0,217.0
2020-03-08,208.0,215.0
2020-03-09,207.0,214.0
2020-03-10,205.0,212.0
2020-03-11,203.0,211.0
2020-03-12,202.0,209.0
2020-03-13,200.0,207.0
2020-03-14,198.0,205.0
2020-03-15,197.0,203.0
2020-03-16,196.0,203.0
2020-03-17,195.0,202.0
2020-03-18,194.0,201.0
2020-03-19,193.0,200.0
2020-03-20,192.0,199.0
2020-03-21,192.0,198.0
2020-03-22,191.0,197.0
2020-03-23,189.0,196.0
2020-03-24,188.0,195.0
2020-03-25,187.0,194.0
2020-03-26,186.0,193.0
2020-03-27,186.0,193.0
2020-03-28,186.0,192.0
2020-03-29,185.0,191.0
2020-03-30,184.0,190.0
2020-03-31,183.0,189.0
2020-04-01,182.0,188.0
2020-04-02,181.0,187.0
2020-04-03,181.0,187.0
2020-04-04,180.0,186.0
2020-04-05,180.0,186.0
2020-04-06,179.0,185.0
2020-04-07,178.0,184.0
2020-04-08,177.0,183.0
2020-04-09,176.0,182.0
2020-04-10,176.0,181.0
2020-04-11,176.0,181.0
2020-04-12,177.0,181.0
2020-04-13,177.0,181.0
2020-04-14,178.0,182.0
2020-04-15,178.0,182.0
2020-04-16,178.0,182.0
2020-04-17,180.0,184.0
2020-04-18,181.0,185.0
2020-04-19,182.0,186.0
2020-04-20,183.0,187.0
2020-04-21,185.0,188.0
2020-04-22,186.0,190.0
2020-04-23,189.0,192.0
2020-04-24,191.0,194.0
2020-04-25,195.0,197.0
2020-04-26,197.0,200.0
2020-04-27,200.0,203.0
2020-04-28,203.0,206.0
2020-04-29,207.0,209.0
2020-04-30,211.0,212.0
2020-05-01,215.0,217.0
2020-05-02,219.0,221.0
2020-05-03,223.0,224.0
2020-05-04,228.0,229.0
2020-05-05,232.0,233.0
2020-05-06,236.0,238.0
2020-05-07,240.0,242.0
2020-05-08,245.0,247.0
2020-05-09,250.0,251.0
2020-05-10,254.0,255.0
2020-05-11,257.0,260.0
2020-05-12,257.0,264.0
2020-05-13,256.0,264.0
2020-05-14,255.0,263.0
2020-05-15,254.0,262.0
2020-05-16,252.0,260.0
2020-05-17,250.0,258.0
2020-05-18,248.0,256.0
2020-05-19,246.0,254.0
2020-05-20,244.0,253.0
2020-05-21,242.0,251.0
2020-05-22,240.0,249.0
2020-05-23,238.0,247.0
2020-05-24,235.0,244.0
2020-05-25,233.0,241.0
2020-05-26,230.0,238.0
2020-05-27,226.0,235.0
2020-05-28,223.0,232.0
2020-05-29,219.0,229.0
2020-05-30,215.0,225.0
2020-05-31,211.0,221.0
2020-06-01,206.0,216.0
2020-06-02,202.0,212.0
2020-06-03,198.0,208.0
2020-06-04,193.0,204.0
2020-06-05,189.0,199.0
2020-06-06,185.0,195.0
2020-06-07,181.0,190.0
2020-06-08,176.0,186.0
2020-06-09,171.0,181.0
2020-06-10,166.0,176.0
2020-06-11,165.0,170.0
2020-06-12,165.0,169.0
2020-06-13,165.0,169.0
2020-06-14,165.0,169.0
2020-06-15,166.0,169.0
2020-06-16,165.0,170.0
2020-06-17,165.0,169.0
2020-06-18,165.0,169.0
2020-06-19,164.0,168.0
2020-06-20,163.0,167.0
2020-06-21,163.0,166.0
2020-06-22,162.0,166.0
2020-06-23,160.0,165.0
2020-06-24,159.0,163.0
2020-06-25,158.0,162.0
2020-06-26,157.0,161.0
2020-06-27,156.0,160.0
2020-06-28,155.0,158.0
2020-06-29,154.0,157.0
2020-06-30,153.0,156.0
2020-07-01,152.0,155.0
2020-07-02,150.0,153.0
2020-07-03,148.0,152.0
2020-07-04,147.0,150.0
2020-07-05,145.0,148.0
2020-07-06,143.0,146.0
2020-07-07,141.0,144.0
2020-07-08,139.0,142.0
2020-07-09,137.0,140.0
2020-07-10,135.0,138.0
2020-07-11,134.0,137.0
2020-07-12,132.0,135.0
2020-07-13,131.0,133.0
2020-07-14,129.0,132.0
2020-07-15,128.0,131.0
2020-07-16,127.0,129.0
2020-07-17,126.0,128.0
2020-07-18,125.0,127.0
2020-07-19,124.0,126.0
2020-07-20,123.0,126.0
2020-07-21,122.0,124.0
2020-07-22,121.0,123.0
2020-07-23,120.0,122.0
2020-07-24,119.0,121.0
2020-07-25,118.0,120.0
2020-07-26,117.0,120.0
2020-07-27,116.0,119.0
2020-07-28,115.0,118.0
2020-07-29,114.0,117.0
2020-07-30,114.0,116.0
2020-07-31,113.0,116.0
2020-08-01,113.0,115.0
2020-08-02,113.0,115.0
2020-08-03,112.0,115.0
2020-08-04,112.0,115.0
2020-08-05,112.0,114.0
2020-08-06,111.0,114.0
2020-08-07,111.0,114.0
2020-08-08,111.0,114.0
2020-08-09,111.0,114.0
2020-08-10,110.0,114.0
2020-08-11,110.0,113.0
2020-08-12,110.0,113.0
2020-08-13,109.0,113.0
2020-08-14,109.0,113.0
2020-08-15,109.0,112.0
2020-08-16,108.0,112.0
2020-08-17,108.0,111.0
2020-08-18,107.0,111.0
2020-08-19,107.0,111.0
2020-08-20,107.0,111.0
2020-08-21,108.0,111.0
2020-08-22,108.0,111.0
2020-08-23,108.0,111.0
2020-08-24,108.0,111.0
2020-08-25,107.0,111.0
2020-08-26,107.0,111.0
2020-08-27,107.0,111.0
2020-08-28,107.0,111.0
2020-08-29,107.0,111.0
2020-08-30,107.0,111.0
2020-08-31,106.0,110.0
2020-09-01,105.0,110.0
2020-09-02,105.0,109.0
2020-09-03,104.0,109.0
2020-09-04,103.0,108.0
2020-09-05,103.0,108.0
2020-09-06,102.0,107.0
2020-09-07,101.0,106.0
2020-09-08,100.0,105.0
2020-09-09,99.0,104.0
2020-09-10,98.0,103.0
2020-09-11,98.0,103.0
2020-09-12,97.0,102.0
2020-09-13,96.0,101.0
2020-09-14,94.0,100.0
2020-09-15,93.0,98.0
2020-09-16,92.0,97.0
2020-09-17,90.0,96.0
2020-09-18,89.0,95.0
2020-09-19,88.0,94.0
2020-09-20,86.0,92.0
2020-09-21,85.0,90.0
2020-09-22,83.0,89.0
2020-09-23,82.0,88.0
2020-09-24,81.0,86.0
2020-09-25,80.0,86.0
2020-09-26,79.0,84.0
2020-09-27,78.0,83.0
2020-09-28,76.0,82.0
2020-09-29,75.0,81.0
2020-09-30,74.0,80.0
2020-10-01,74.0,79.0
2020-10-02,73.0,78.0
2020-10-03,73.0,78.0
2020-10-04,72.0,77.0
2020-10-05,71.0,76.0
2020-10-06,70.0,75.0
2020-10-07,70.0,75.0
2020-10-08,69.0,74.0
2020-10-09,68.0,74.0
2020-10-10,68.0,73.0
2020-10-11,67.0,72.0
2020-10-12,66.0,71.0
2020-10-13,66.0,70.0
2020-10-14,65.0,70.0
2020-10-15,65.0,70.0
2020-10-16,65.0,69.0
2020-10-17,64.0,69.0
2020-10-18,64.0,68.0
2020-10-19,63.0,67.0
2020-10-20,63.0,67.0
2020-10-21,62.0,66.0
2020-10-22,62.0,65.0
2020-10-23,62.0,65.0
2020-10-24,62.0,65.0
2020-10-25,61.0,64.0
2020-10-26,61.0,64.0
2020-10-27,61.0,64.0
2020-10-28,60.0,64.0
2020-10-29,60.0,63.0
2020-10-30,59.0,63.0
2020-10-31,58.0,62.0
2020-11-01,58.0,61.0
2020-11-02,57.0,60.0
2020-11-03,56.0,60.0
2020-11-04,55.0,59.0
2020-11-05,55.0,58.0
2020-11-06,54.0,58.0
2020-11-07,54.0,57.0
2020-11-08,53.0,56.0
2020-11-09,52.0,56.0
2020-11-10,52.0,56.0
2020-11-11,52.0,55.0
2020-11-12,51.0,55.0
2020-11-13,51.0,54.0
2020-11-14,50.0,54.0
2020-11-15,50.0,53.0
2020-11-16,50.0,53.0
2020-11-17,49.0,53.0
2020-11-18,49.0,52.0
2020-11-19,48.0,52.0
2020-11-20,48.0,52.0
2020-11-21,47.0,51.0
2020-11-22,46.0,50.0
2020-11-23,46.0,49.0
2020-11-24,45.0,49.0
2020-11-25,44.0,48.0
2020-11-26,43.0,47.0
2020-11-27,43.0,46.0
2020-11-28,42.0,45.0
2020-11-29,41.0,44.0
2020-11-30,41.0,44.0
2020-12-01,41.0,44.0
2020-12-02,40.0,44.0
2020-12-03,40.0,43.0
2020-12-04,40.0,43.0
2020-12-05,40.0,43.0
2020-12-06,40.0,43.0
2020-12-07,39.0,43.0
2020-12-08,39.0,42.0
2020-12-09,39.0,42.0
2020-12-10,38.0,41.0
2020-12-11,38.0,41.0
2020-12-12,38.0,41.0
2020-12-13,38.0,40.0
2020-12-14,38.0,40.0
2020-12-15,38.0,41.0
2020-12-16,37.0,41.0
2020-12-17,37.0,40.0
2020-12-18,37.0,40.0
2020-12-19,37.0,40.0
2020-12-20,36.0,40.0
2020-12-21,36.0,40.0
2020-12-22,36.0,39.0
2020-12-23,36.0,39.0
2020-12-24,36.0,39.0
2020-12-25,36.0,39.0
2020-12-26,36.0,40.0
2020-12-27,37.0,40.0
2020-12-28,37.0,40.0
2020-12-29,37.0,40.0
2020-12-30,37.0,40.0
2020-12-31,36.0,39.0
2021-01-01,36.0,39.0
2021-01-02,36.0,39.0
2021-01-03,36.0,38.0
2021-01-04,36.0,38.0
2021-01-05,35.0,38.0
2021-01-06,36.0,38.0
2021-01-07,36.0,38.0
2021-01-08,36.0,38.0
2021-01-09,36.0,38.0
2021-01-10,36.0,38.0
2021-01-11,36.0,38.0
2021-01-12,35.0,38.0
2021-01-13,35.0,38.0
2021-01-14,35.0,37.0
2021-01-15,35.0,37.0
2021-01-16,35.0,37.0
2021-01-17,35.0,36.0
2021-01-18,35.0,36.0
2021-01-19,35.0,36.0
2021-01-20,35.0,37.0
2021-01-21,36.0,38.0
2021-01-22,36.0,38.0
2021-01-23,36.0,38.0
2021-01-24,36.0,38.0
2021-01-25,36.0,38.0
2021-01-26,36.0,38.0
2021-01-27,36.0,39.0
2021-01-28,36.0,39.0
2021-01-29,36.0,39.0
2021-01-30,36.0,39.0
2021-01-31,36.0,39.0
2021-02-01,36.0,39.0
2021-02-02,36.0,39.0
2021-02-03,36.0,39.0
2021-02-04,36.0,39.0
2021-02-05,36.0,38.0
2021-02-06,35.0,38.0
2021-02-07,35.0,38.0
2021-02-08,35.0,38.0
2021-02-09,34.0,37.0
2021-02-10,34.0,37.0
2021-02-11,34.0,37.0
2021-02-12,34.0,36.0
2021-02-13,33.0,36.0
2021-02-14,33.0,35.0
2021-02-15,33.0,35.0
2021-02-16,33.0,35.0
2021-02-17,32.0,34.0
2021-02-18,32.0,34.0
2021-02-19,31.0,33.0
2021-02-20,30.0,32.0
2021-02-21,30.0,31.0
2021-02-22,29.0,30.0
2021-02-23,28.0,30.0
2021-02-24,28.0,29.0
2021-02-25,27.0,28.0
2021-02-26,27.0,28.0
2021-02-27,26.0,27.0
2021-02-28,26.0,26.0
2021-03-01,25.0,26.0
2021-03-02,25.0,26.0
2021-03-03,25.0,25.0
2021-03-04,24.0,25.0
2021-03-05,24.0,24.0
2021-03-06,24.0,24.0
2021-03-07,23.0,24.0
2021-03-08,23.0,24.0
2021-03-09,23.0,23.0
2021-03-10,22.0,23.0
2021-03-11,22.0,23.0
2021-03-12,22.0,22.0
2021-03-13,22.0,22.0
2021-03-14,21.0,22.0
2021-03-15,21.0,21.0
2021-03-16,21.0,21.0
2021-03-17,20.0,21.0
2021-03-18,20.0,20.0
2021-03-19,20.0,20.0
2021-03-20,20.0,20.0
2021-03-21,19.0,20.0
2021-03-22,19.0,20.0
2021-03-23,19.0,19.0
2021-03-24,18.0,19.0
2021-03-25,18.0,18.0
2021-03-26,17.0,18.0
2021-03-27,17.0,17.0
2021-03-28,16.0,17.0
2021-03-29,16.0,16.0
2021-03-30,15.0,16.0
2021-03-31,15.0,15.0
2021-04-01,14.0,15.0
2021-04-02,14.0,14.0
2021-04-03,13.0,14.0
2021-04-04,13.0,13.0
2021-04-05,12.0,13.0
2021-04-06,12.0,12.0
2021-04-07,11.0,12.0
2021-04-08,11.0,11.0
2021-04-09,10.0,11.0
2021-04-10,9.0,10.0
2021-04-11,9.0,10.0
2021-04-12,8.0,9.0
2021-04-13,8.0,9.0
2021-04-14,7.0,8.0
2021-04-15,7.0,7.0
2021-04-16,6.0,7.0
2021-04-17,6.0,6.0
2021-04-18,5.0,6.0
2021-04-19,4.0,5.0
2021-04-20,4.0,5.0
2021-04-21,3.0,4.0
2021-04-22,3.0,3.0
2021-04-23,3.0,3.0
2021-04-24,2.0,3.0
2021-04-25,2.0,2.0
2021-04-26,2.0,2.0
2021-04-27,2.0,2.0
2021-04-28,2.0,2.0
2021-04-29,1.0,2.0
2021-04-30,1.0,1.0
2021-05-01,1.0,1.0
2021-05-02,1.0,1.0
2021-05-03,1.0,1.0
2021-05-04,1.0,1.0
2021-05-05,1.0,1.0
2021-05-06,1.0,1.0
2021-05-07,0.0,1.0
2021-05-08,0.0,1.0
2021-05-09,0.0,0.0
2021-05-10,0.0,0.0
2021-05-11,0.0,1.0
2021-05-12,5.0,5.0
2021-05-13,9.0,9.0
2021-05-14,16.0,16.0
2021-05-15,24.0,24.0
2021-05-16,31.0,31.0
2021-05-17,38.0,38.0
2021-05-18,45.0,45.0
2021-05-19,52.0,52.0
2021-05-20,60.0,60.0
2021-05-21,67.0,67.0
2021-05-22,74.0,74.0
2021-05-23,81.0,81.0
2021-05-24,88.0,88.0
2021-05-25,95.0,95.0
2021-05-26,102.0,103.0
2021-05-27,109.0,110.0
2021-05-28,117.0,117.0
2021-05-29,124.0,124.0
2021-05-30,131.0,131.0
2021-05-31,138.0,138.0
2021-06-01,145.0,145.0
2021-06-02,152.0,152.0
2021-06-03,159.0,159.0
2021-06-04,165.0,166.0
2021-06-05,172.0,172.0
2021-06-06,178.0,179.0
2021-06-07,185.0,186.0
2021-06-08,191.0,192.0
2021-06-09,198.0,199.0
2021-06-10,204.0,205.0
2021-06-11,205.0,207.0
2021-06-12,205.0,208.0
2021-06-13,203.0,205.0
2021-06-14,201.0,203.0
2021-06-15,198.0,201.0
2021-06-16,196.0,198.0
2021-06-17,194.0,196.0
2021-06-18,191.0,194.0
2021-06-19,189.0,191.0
2021-06-20,186.0,189.0
2021-06-21,184.0,186.0
2021-06-22,183.0,186.0
2021-06-23,183.0,185.0
2021-06-24,182.0,185.0
2021-06-25,180.0,184.0
2021-06-26,178.0,183.0
2021-06-27,177.0,181.0
2021-06-28,175.0,179.0
2021-06-29,173.0,178.0
2021-06-30,173.0,177.0
2021-07-01,172.0,177.0
2021-07-02,170.0,176.0
2021-07-03,169.0,175.0
2021-07-04,168.0,174.0
2021-07-05,167.0,172.0
2021-07-06,167.0,172.0
2021-07-07,167.0,172.0
2021-07-08,167.0,172.0
2021-07-09,166.0,172.0
2021-07-10,167.0,172.0
2021-07-11,169.0,173.0
2021-07-12,171.0,175.0
2021-07-13,173.0,177.0
2021-07-14,174.0,179.0
2021-07-15,176.0,181.0
2021-07-16,178.0,182.0
2021-07-17,179.0,184.0
2021-07-18,181.0,186.0
2021-07-19,182.0,187.0
2021-07-20,184.0,189.0
2021-07-21,185.0,190.0
2021-07-22,185.0,190.0
2021-07-23,185.0,190.0
2021-07-24,185.0,189.0
2021-07-25,186.0,189.0
2021-07-26,187.0,190.0
2021-07-27,187.0,191.0
2021-07-28,188.0,192.0
2021-07-29,189.0,193.0
2021-07-30,189.0,193.0
2021-07-31,188.0,192.0
2021-08-01,189.0,192.0
2021-08-02,189.0,192.0
2021-08-03,190.0,193.0
2021-08-04,190.0,194.0
2021-08-05,190.0,194.0
2021-08-06,190.0,194.0
2021-08-07,190.0,193.0
2021-08-08,190.0,193.0
2021-08-09,189.0,193.0
2021-08-10,188.0,193.0
2021-08-11,187.0,192.0
2021-08-12,186.0,191.0
2021-08-13,185.0,189.0
2021-08-14,184.0,188.0
2021-08-15,183.0,187.0
2021-08-16,182.0,187.0
2021-08-17,181.0,186.0
2021-08-18,180.0,184.0
2021-08-19,179.0,184.0
2021-08-20,178.0,183.0
2021-08-21,177.0,182.0
2021-08-22,176.0,181.0
2021-08-23,176.0,181.0
2021-08-24,175.0,180.0
2021-08-25,175.0,180.0
2021-08-26,174.0,179.0
2021-08-27,175.0,180.0
2021-08-28,176.0,180.0
2021-08-29,177.0,181.0
2021-08-30,178.0,182.0
2021-08-31,178.0,182.0
2021-09-01,179.0,183.0
2021-09-02,178.0,183.0
2021-09-03,178.0,182.0
2021-09-04,178.0,182.0
2021-09-05,178.0,182.0
2021-09-06,178.0,182.0
2021-09-07,178.0,182.0
2021-09-08,178.0,182.0
2021-09-09,178.0,182.0
2021-09-10,178.0,182.0
2021-09-11,178.0,182.0
2021-09-12,178.0,182.0
2021-09-13,179.0,182.0
2021-09-14,178.0,182.0
2021-09-15,178.0,182.0
2021-09-16,178.0,182.0
2021-09-17,178.0,182.0
2021-09-18,178.0,182.0
2021-09-19,178.0,182.0
2021-09-20,178.0,181.0
2021-09-21,178.0,181.0
2021-09-22,177.0,180.0
2021-09-23,176.0,180.0
2021-09-24,176.0,180.0
2021-09-25,175.0,179.0
2021-09-26,173.0,177.0
2021-09-27,172.0,175.0
2021-09-28,169.0,174.0
2021-09-29,169.0,173.0
2021-09-30,169.0,174.0
2021-10-01,170.0,174.0
2021-10-02,170.0,174.0
2021-10-03,171.0,175.0
2021-10-04,172.0,176.0
2021-10-05,174.0,178.0
2021-10-06,175.0,180.0
2021-10-07,175.0,180.0
2021-10-08,175.0,180.0
2021-10-09,175.0,180.0
2021-10-10,176.0,181.0
2021-10-11,176.0,181.0
2021-10-12,178.0,183.0
2021-10-13,180.0,185.0
2021-10-14,181.0,186.0
2021-10-15,183.0,189.0
2021-10-16,185.0,190.0
2021-10-17,187.0,192.0
2021-10-18,189.0,195.0
2021-10-19,192.0,198.0
2021-10-20,194.0,200.0
2021-10-21,196.0,203.0
2021-10-22,197.0,205.0
2021-10-23,199.0,206.0
2021-10-24,200.0,207.0
2021-10-25,201.0,208.0
2021-10-26,203.0,210.0
2021-10-27,204.0,212.0
2021-10-28,206.0,213.0
2021-10-29,206.0,214.0
2021-10-30,205.0,213.0
2021-10-31,204.0,212.0
2021-11-01,204.0,212.0
2021-11-02,204.0,213.0
2021-11-03,204.0,213.0
2021-11-04,203.0,212.0
2021-11-05,202.0,211.0
2021-11-06,201.0,210.0
2021-11-07,201.0,209.0
2021-11-08,201.0,210.0
2021-11-09,202.0,211.0
2021-11-10,203.0,212.0
2021-11-11,203.0,211.0
2021-11-12,203.0,211.0
2021-11-13,203.0,211.0
2021-11-14,202.0,210.0
2021-11-15,202.0,210.0
2021-11-16,203.0,211.0
2021-11-17,202.0,211.0
2021-11-18,202.0,210.0
2021-11-19,202.0,210.0
2021-11-20,202.0,209.0
2021-11-21,202.0,209.0
2021-11-22,204.0,211.0
2021-11-23,206.0,213.0
2021-11-24,209.0,215.0
2021-11-25,211.0,216.0
2021-11-26,213.0,218.0
2021-11-27,215.0,220.0
2021-11-28,217.0,222.0
2021-11-29,220.0,225.0
2021-11-30,222.0,227.0
2021-12-01,223.0,228.0
2021-12-02,224.0,229.0
2021-12-03,225.0,230.0
2021-12-04,227.0,231.0
2021-12-05,229.0,233.0
2021-12-06,231.0,235.0
2021-12-07,234.0,237.0
2021-12-08,235.0,239.0
2021-12-09,236.0,239.0
2021-12-10,236.0,240.0
2021-12-11,237.0,240.0
2021-12-12,238.0,241.0
2021-12-13,238.0,242.0
2021-12-14,239.0,243.0
2021-12-15,240.0,243.0
2021-12-16,240.0,243.0
2021-12-17,239.0,243.0
2021-12-18,239.0,242.0
2021-12-19,239.0,242.0
2021-12-20,239.0,242.0
2021-12-21,239.0,243.0
2021-12-22,238.0,242.0
2021-12-23,237.0,241.0
2021-12-24,235.0,239.0
2021-12-25,234.0,238.0
2021-12-26,233.0,237.0
2021-12-27,232.0,236.0
2021-12-28,231.0,235.0
2021-12-29,229.0,233.0
2021-12-30,228.0,232.0
2021-12-31,227.0,231.0
2022-01-01,226.0,230.0
2022-01-02,226.0,229.0
2022-01-03,225.0,228.0
2022-01-04,225.0,228.0
2022-01-05,225.0,228.0
2022-01-06,223.0,228.0
2022-01-07,222.0,227.0
2022-01-08,220.0,225.0
2022-01-09,219.0,223.0
2022-01-10,217.0,222.0
2022-01-11,216.0,221.0
2022-01-12,214.0,219.0
2022-01-13,212.0,217.0
2022-01-14,210.0,215.0
2022-01-15,209.0,213.0
2022-01-16,207.0,211.0
2022-01-17,206.0,210.0
2022-01-18,205.0,209.0
2022-01-19,204.0,208.0
2022-01-20,202.0,206.0
2022-01-21,200.0,204.0
2022-01-22,198.0,202.0
2022-01-23,196.0,200.0
2022-01-24,194.0,198.0
2022-01-25,192.0,195.0
2022-01-26,189.0,193.0
2022-01-27,187.0,190.0
2022-01-28,185.0,188.0
2022-01-29,182.0,186.0
2022-01-30,180.0,184.0
2022-01-31,179.0,183.0
2022-02-01,177.0,182.0
2022-02-02,176.0,180.0
2022-02-03,173.0,178.0
2022-02-04,170.0,175.0
2022-02-05,168.0,172.0
2022-02-06,167.0,170.0
2022-02-07,165.0,168.0
2022-02-08,162.0,166.0
2022-02-09,161.0,165.0
2022-02-10,160.0,164.0
2022-02-11,158.0,162.0
2022-02-12,156.0,160.0
2022-02-13,155.0,159.0
2022-02-14,153.0,158.0
2022-02-15,152.0,156.0
2022-02-16,151.0,155.0
2022-02-17,150.0,155.0
2022-02-18,150.0,154.0
2022-02-19,149.0,154.0
2022-02-20,149.0,153.0
2022-02-21,149.0,153.0
2022-02-22,148.0,152.0
2022-02-23,148.0,152.0
2022-02-24,147.0,151.0
2022-02-25,146.0,150.0
2022-02-26,145.0,149.0
2022-02-27,144.0,148.0
2022-02-28,143.0,147.0
2022-03-01,142.0,146.0
2022-03-02,140.0,144.0
2022-03-03,139.0,143.0
2022-03-04,138.0,142.0
2022-03-05,137.0,141.0
2022-03-06,136.0,140.0
2022-03-07,137.0,140.0
2022-03-08,137.0,141.0
2022-03-09,138.0,142.0
2022-03-10,139.0,143.0
2022-03-11,139.0,143.0
2022-03-12,139.0,143.0
2022-03-13,139.0,143.0
2022-03-14,139.0,143.0
2022-03-15,139.0,143.0
2022-03-16,139.0,143.0
2022-03-17,138.0,143.0
2022-03-18,137.0,142.0
2022-03-19,135.0,140.0
2022-03-20,134.0,139.0
2022-03-21,133.0,138.0
2022-03-22,132.0,137.0
2022-03-23,131.0,136.0
2022-03-24,131.0,136.0
2022-03-25,130.0,136.0
2022-03-26,130.0,135.0
2022-03-27,130.0,135.0
2022-03-28,130.0,135.0
2022-03-29,129.0,135.0
2022-03-30,130.0,136.0
2022-03-31,131.0,137.0
2022-04-01,131.0,138.0
2022-04-02,131.0,137.0
2022-04-03,131.0,136.0
2022-04-04,130.0,137.0
2022-04-05,130.0,136.0
2022-04-06,128.0,135.0
2022-04-07,127.0,133.0
2022-04-08,125.0,131.0
2022-04-09,123.0,129.0
2022-04-10,121.0,127.0
2022-04-11,120.0,126.0
2022-04-12,118.0,124.0
2022-04-13,118.0,124.0
2022-04-14,118.0,124.0
2022-04-15,118.0,124.0
2022-04-16,118.0,123.0
2022-04-17,118.0,123.0
2022-04-18,118.0,124.0
2022-04-19,119.0,124.0
2022-04-20,118.0,124.0
2022-04-21,118.0,123.0
2022-04-22,119.0,123.0
2022-04-23,118.0,122.0
2022-04-24,118.0,122.0
2022-04-25,117.0,121.0
2022-04-26,117.0,121.0
2022-04-27,117.0,121.0
2022-04-28,117.0,121.0
2022-04-29,116.0,120.0
2022-04-30,116.0,119.0
2022-05-01,115.0,118.0
2022-05-02,115.0,118.0
2022-05-03,115.0,119.0
2022-05-04,115.0,119.0
2022-05-05,116.0,119.0
2022-05-06,118.0,121.0
2022-05-07,120.0,123.0
2022-05-08,123.0,125.0
2022-05-09,125.0,128.0
2022-05-10,128.0,131.0
2022-05-11,130.0,133.0
2022-05-12,133.0,136.0
2022-05-13,134.0,137.0
2022-05-14,136.0,139.0
2022-05-15,138.0,140.0
2022-05-16,139.0,142.0
2022-05-17,140.0,143.0
2022-05-18,141.0,144.0
2022-05-19,142.0,145.0
2022-05-20,143.0,146.0
2022-05-21,143.0,147.0
2022-05-22,144.0,147.0
2022-05-23,146.0,149.0
2022-05-24,147.0,151.0
2022-05-25,149.0,153.0
2022-05-26,151.0,155.0
2022-05-27,152.0,156.0
2022-05-28,154.0,158.0
2022-05-29,156.0,160.0
2022-05-30,157.0,161.0
2022-05-31,159.0,163.0
2022-06-01,160.0,164.0
2022-06-02,159.0,165.0
2022-06-03,158.0,164.0
2022-06-04,156.0,163.0
2022-06-05,154.0,160.0
2022-06-06,151.0,158.0
2022-06-07,149.0,156.0
2022-06-08,146.0,152.0
2022-06-09,142.0,149.0
2022-06-10,140.0,147.0
2022-06-11,138.0,144.0
2022-06-12,136.0,142.0
2022-06-13,134.0,140.0
2022-06-14,132.0,138.0
2022-06-15,130.0,136.0
2022-06-16,129.0,135.0
2022-06-17,127.0,133.0
2022-06-18,126.0,132.0
2022-06-19,125.0,130.0
2022-06-20,124.0,129.0
2022-06-21,122.0,128.0
2022-06-22,120.0,126.0
2022-06-23,117.0,123.0
2022-06-24,115.0,121.0
2022-06-25,113.0,118.0
2022-06-26,110.0,116.0
2022-06-27,108.0,114.0
2022-06-28,105.0,111.0
2022-06-29,104.0,110.0
2022-06-30,102.0,108.0
2022-07-01,102.0,108.0
2022-07-02,105.0,108.0
2022-07-03,107.0,110.0
2022-07-04,110.0,113.0
2022-07-05,112.0,115.0
2022-07-06,114.0,118.0
2022-07-07,117.0,120.0
2022-07-08,119.0,123.0
2022-07-09,122.0,125.0
2022-07-10,124.0,127.0
2022-07-11,126.0,129.0
2022-07-12,127.0,131.0
2022-07-13,129.0,132.0
2022-07-14,130.0,134.0
2022-07-15,132.0,136.0
2022-07-16,134.0,138.0
2022-07-17,136.0,140.0
2022-07-18,138.0,142.0
2022-07-19,140.0,145.0
2022-07-20,143.0,147.0
2022-07-21,145.0,149.0
2022-07-22,148.0,152.0
2022-07-23,150.0,154.0
2022-07-24,153.0,157.0
2022-07-25,155.0,159.0
2022-07-26,156.0,161.0
2022-07-27,158.0,162.0
2022-07-28,160.0,164.0
2022-07-29,163.0,167.0
2022-07-30,165.0,169.0
2022-07-31,166.0,170.0
2022-08-01,167.0,171.0
2022-08-02,168.0,172.0
2022-08-03,168.0,173.0
2022-08-04,168.0,173.0
2022-08-05,170.0,174.0
2022-08-06,171.0,176.0
2022-08-07,173.0,177.0
2022-08-08,175.0,179.0
2022-08-09,176.0,181.0
2022-08-10,178.0,183.0
2022-08-11,179.0,184.0
2022-08-12,181.0,186.0
2022-08-13,183.0,188.0
2022-08-14,184.0,188.0
2022-08-15,185.0,190.0
2022-08-16,186.0,191.0
2022-08-17,188.0,192.0
2022-08-18,188.0,193.0
2022-08-19,189.0,194.0
2022-08-20,189.0,194.0
2022-08-21,189.0,194.0
2022-08-22,190.0,195.0
2022-08-23,190.0,195.0
2022-08-24,191.0,196.0
2022-08-25,192.0,196.0
2022-08-26,194.0,199.0
2022-08-27,196.0,201.0
2022-08-28,196.0,201.0
2022-08-29,195.0,202.0
2022-08-30,194.0,200.0
2022-08-31,192.0,199.0
2022-09-01,191.0,198.0
2022-09-02,191.0,198.0
2022-09-03,191.0,198.0
2022-09-04,190.0,197.0
2022-09-05,189.0,196.0
2022-09-06,188.0,195.0
2022-09-07,187.0,194.0
2022-09-08,186.0,193.0
2022-09-09,186.0,192.0
2022-09-10,186.0,192.0
2022-09-11,185.0,192.0
2022-09-12,185.0,192.0
2022-09-13,184.0,191.0
2022-09-14,183.0,191.0
2022-09-15,182.0,189.0
2022-09-16,180.0,188.0
2022-09-17,180.0,187.0
2022-09-18,179.0,186.0
2022-09-19,178.0,186.0
2022-09-20,177.0,185.0
2022-09-21,177.0,184.0
2022-09-22,176.0,183.0
2022-09-23,177.0,185.0
2022-09-24,179.0,186.0
2022-09-25,179.0,186.0
2022-09-26,178.0,186.0
2022-09-27,178.0,186.0
2022-09-28,179.0,185.0
2022-09-29,180.0,186.0
2022-09-30,181.0,187.0
2022-10-01,183.0,188.0
2022-10-02,183.0,189.0
2022-10-03,183.0,189.0
2022-10-04,182.0,189.0
2022-10-05,182.0,189.0
2022-10-06,181.0,188.0
2022-10-07,181.0,188.0
2022-10-08,182.0,188.0
2022-10-09,182.0,188.0
2022-10-10,182.0,188.0
2022-10-11,181.0,187.0
2022-10-12,181.0,187.0
2022-10-13,180.0,186.0
2022-10-14,181.0,186.0
2022-10-15,181.0,187.0
2022-10-16,182.0,187.0
2022-10-17,183.0,188.0
2022-10-18,184.0,189.0
2022-10-19,185.0,190.0
2022-10-20,186.0,192.0
2022-10-21,188.0,193.0
2022-10-22,188.0,194.0
2022-10-23,188.0,193.0
2022-10-24,188.0,193.0
2022-10-25,187.0,193.0
2022-10-26,186.0,191.0
2022-10-27,185.0,191.0
2022-10-28,186.0,191.0
2022-10-29,186.0,192.0
2022-10-30,187.0,192.0
2022-10-31,188.0,193.0
2022-11-01,188.0,194.0
2022-11-02,189.0,194.0
2022-11-03,189.0,195.0
2022-11-04,191.0,196.0
2022-11-05,192.0,197.0
2022-11-06,192.0,197.0
2022-11-07,192.0,198.0
2022-11-08,193.0,198.0
2022-11-09,193.0,198.0
2022-11-10,193.0,199.0
2022-11-11,194.0,200.0
2022-11-12,195.0,200.0
2022-11-13,196.0,201.0
2022-11-14,197.0,202.0
2022-11-15,197.0,203.0
2022-11-16,197.0,203.0
2022-11-17,197.0,203.0
2022-11-18,198.0,204.0
2022-11-19,199.0,205.0
2022-11-20,200.0,206.0
2022-11-21,201.0,207.0
2022-11-22,202.0,208.0
2022-11-23,202.0,208.0
2022-11-24,203.0,208.0
2022-11-25,204.0,209.0
2022-11-26,205.0,209.0
2022-11-27,205.0,209.0
2022-11-28,204.0,209.0
2022-11-29,204.0,208.0
2022-11-30,203.0,208.0
2022-12-01,202.0,207.0
2022-12-02,202.0,207.0
2022-12-03,201.0,206.0
2022-12-04,201.0,206.0
2022-12-05,200.0,205.0
2022-12-06,198.0,204.0
2022-12-07,197.0,203.0
2022-12-08,195.0,201.0
2022-12-09,193.0,200.0
2022-12-10,191.0,198.0
2022-12-11,188.0,195.0
2022-12-12,185.0,192.0
2022-12-13,181.0,189.0
2022-12-14,177.0,185.0
2022-12-15,173.0,181.0
2022-12-16,170.0,178.0
2022-12-17,169.0,176.0
2022-12-18,166.0,174.0
2022-12-19,163.0,172.0
2022-12-20,159.0,168.0
2022-12-21,155.0,165.0
2022-12-22,151.0,160.0
2022-12-23,148.0,157.0
2022-12-24,145.0,154.0
2022-12-25,142.0,151.0
2022-12-26,139.0,148.0
2022-12-27,135.0,145.0
2022-12-28,132.0,142.0
2022-12-29,128.0,139.0
2022-12-30,126.0,136.0
2022-12-31,124.0,133.0
2023-01-01,121.0,130.0
2023-01-02,118.0,128.0
2023-01-03,115.0,125.0
2023-01-04,113.0,122.0
2023-01-05,110.0,119.0
2023-01-06,107.0,117.0
2023-01-07,106.0,114.0
2023-01-08,103.0,111.0
2023-01-09,102.0,109.0
2023-01-10,100.0,107.0
2023-01-11,98.0,106.0
2023-01-12,98.0,104.0
2023-01-13,98.0,104.0
2023-01-14,99.0,104.0
2023-01-15,99.0,104.0
2023-01-16,97.0,102.0
2023-01-17,96.0,101.0
2023-01-18,95.0,100.0
2023-01-19,94.0,99.0
2023-01-20,96.0,100.0
2023-01-21,97.0,101.0
2023-01-22,98.0,102.0
2023-01-23,98.0,103.0
2023-01-24,98.0,103.0
2023-01-25,98.0,103.0
2023-01-26,97.0,102.0
2023-01-27,97.0,102.0
2023-01-28,98.0,103.0
2023-01-29,99.0,103.0
2023-01-30,98.0,103.0
2023-01-31,96.0,102.0
2023-02-01,95.0,101.0
2023-02-02,94.0,100.0
2023-02-03,94.0,100.0
2023-02-04,94.0,100.0
2023-02-05,95.0,100.0
2023-02-06,95.0,101.0
2023-02-07,96.0,101.0
2023-02-08,95.0,102.0
2023-02-09,95.0,101.0
2023-02-10,96.0,102.0
2023-02-11,97.0,103.0
2023-02-12,98.0,104.0
2023-02-13,97.0,104.0
2023-02-14,97.0,103.0
2023-02-15,96.0,103.0
2023-02-16,95.0,101.0
2023-02-17,93.0,100.0
2023-02-18,94.0,100.0
2023-02-19,93.0,99.0
2023-02-20,92.0,99.0
2023-02-21,91.0,98.0
2023-02-22,90.0,97.0
2023-02-23,90.0,96.0
2023-02-24,90.0,96.0
2023-02-25,92.0,97.0
2023-02-26,92.0,97.0
2023-02-27,92.0,97.0
2023-02-28,91.0,97.0
2023-03-01,92.0,96.0
2023-03-02,93.0,97.0
2023-03-03,95.0,99.0
2023-03-04,97.0,101.0
2023-03-05,98.0,102.0
2023-03-06,98.0,103.0
2023-03-07,99.0,104.0
2023-03-08,99.0,104.0
2023-03-09,100.0,105.0
2023-03-10,103.0,107.0
2023-03-11,105.0,109.0
2023-03-12,106.0,110.0
2023-03-13,107.0,112.0
2023-03-14,108.0,112.0
2023-03-15,108.0,113.0
2023-03-16,109.0,114.0
2023-03-17,111.0,116.0
2023-03-18,114.0,118.0
2023-03-19,116.0,120.0
2023-03-20,116.0,121.0
2023-03-21,115.0,122.0
2023-03-22,115.0,121.0
2023-03-23,115.0,120.0
2023-03-24,116.0,121.0
2023-03-25,117.0,122.0
2023-03-26,117.0,122.0
2023-03-27,117.0,122.0
2023-03-28,117.0,122.0
2023-03-29,118.0,123.0
2023-03-30,118.0,123.0
2023-03-31,120.0,125.0
2023-04-01,121.0,126.0
2023-04-02,122.0,127.0
2023-04-03,122.0,128.0
2023-04-04,122.0,128.0
2023-04-05,122.0,127.0
2023-04-06,121.0,127.0
2023-04-07,120.0,126.0
2023-04-08,120.0,126.0
2023-04-09,118.0,124.0
2023-04-10,117.0,122.0
2023-04-11,115.0,121.0
2023-04-12,115.0,120.0
2023-04-13,115.0,120.0
2023-04-14,115.0,120.0
2023-04-15,114.0,120.0
2023-04-16,113.0,119.0
2023-04-17,112.0,118.0
2023-04-18,111.0,117.0
2023-04-19,111.0,116.0
2023-04-20,111.0,116.0
2023-04-21,112.0,117.0
2023-04-22,113.0,118.0
2023-04-23,114.0,119.0
2023-04-24,114.0,119.0
2023-04-25,114.0,120.0
2023-04-26,114.0,119.0
2023-04-27,114.0,119.0
2023-04-28,114.0,120.0
2023-04-29,115.0,121.0
2023-04-30,116.0,121.0
2023-05-01,116.0,122.0
2023-05-02,117.0,122.0
2023-05-03,117.0,123.0
2023-05-04,118.0,123.0
2023-05-05,119.0,124.0
2023-05-06,121.0,125.0
2023-05-07,123.0,127.0
2023-05-08,125.0,129.0
2023-05-09,127.0,131.0
2023-05-10,128.0,133.0
2023-05-11,129.0,134.0
2023-05-12,129.0,134.0
2023-05-13,130.0,135.0
2023-05-14,131.0,135.0
2023-05-15,132.0,136.0
2023-05-16,132.0,137.0
2023-05-17,132.0,137.0
2023-05-18,132.0,137.0
2023-05-19,133.0,138.0
2023-05-20,134.0,139.0
2023-05-21,133.0,139.0
2023-05-22,132.0,138.0
2023-05-23,131.0,137.0
2023-05-24,131.0,136.0
2023-05-25,130.0,135.0
2023-05-26,131.0,136.0
2023-05-27,133.0,138.0
2023-05-28,134.0,139.0
2023-05-29,135.0,140.0
2023-05-30,135.0,140.0
2023-05-31,135.0,140.0
2023-06-01,135.0,140.0
2023-06-02,136.0,141.0
2023-06-03,136.0,141.0
2023-06-04,137.0,141.0
2023-06-05,137.0,142.0
2023-06-06,137.0,142.0
2023-06-07,138.0,142.0
2023-06-08,138.0,143.0
2023-06-09,138.0,143.0
2023-06-10,139.0,143.0
2023-06-11,139.0,143.0
2023-06-12,139.0,143.0
2023-06-13,138.0,143.0
2023-06-14,138.0,142.0
2023-06-15,138.0,142.0
2023-06-16,139.0,143.0
2023-06-17,139.0,144.0
2023-06-18,139.0,144.0
2023-06-19,139.0,143.0
2023-06-20,139.0,143.0
2023-06-21,139.0,144.0
2023-06-22,140.0,144.0
2023-06-23,142.0,146.0
2023-06-24,143.0,148.0
2023-06-25,144.0,148.0
2023-06-26,143.0,148.0
2023-06-27,142.0,147.0
2023-06-28,141.0,147.0
2023-06-29,140.0,145.0
2023-06-30,140.0,146.0
2023-07-01,140.0,146.0
2023-07-02,140.0,146.0
2023-07-03,140.0,146.0
2023-07-04,139.0,145.0
2023-07-05,139.0,145.0
2023-07-06,139.0,145.0
2023-07-07,138.0,144.0
2023-07-08,138.0,144.0
2023-07-09,138.0,144.0
2023-07-10,138.0,144.0
2023-07-11,140.0,146.0
2023-07-12,140.0,147.0
2023-07-13,141.0,147.0
2023-07-14,141.0,148.0
2023-07-15,142.0,149.0
2023-07-16,141.0,148.0
2023-07-17,141.0,147.0
2023-07-18,141.0,147.0
2023-07-19,139.0,147.0
2023-07-20,138.0,145.0
2023-07-21,136.0,144.0
2023-07-22,135.0,142.0
2023-07-23,132.0,139.0
2023-07-24,129.0,136.0
2023-07-25,126.0,133.0
2023-07-26,123.0,130.0
2023-07-27,120.0,126.0
2023-07-28,118.0,124.0
2023-07-29,116.0,121.0
2023-07-30,112.0,118.0
2023-07-31,109.0,114.0
2023-08-01,106.0,111.0
2023-08-02,104.0,108.0
2023-08-03,101.0,106.0
2023-08-04,99.0,104.0
2023-08-05,98.0,103.0
2023-08-06,97.0,102.0
2023-08-07,96.0,100.0
2023-08-08,94.0,99.0
2023-08-09,93.0,98.0
2023-08-10,91.0,96.0
2023-08-11,91.0,94.0
2023-08-12,90.0,94.0
2023-08-13,90.0,94.0
2023-08-14,90.0,94.0
2023-08-15,90.0,94.0
2023-08-16,90.0,94.0
2023-08-17,90.0,94.0
2023-08-18,92.0,94.0
2023-08-19,94.0,96.0
2023-08-20,96.0,98.0
2023-08-21,98.0,100.0
2023-08-22,100.0,102.0
2023-08-23,102.0,104.0
2023-08-24,103.0,106.0
2023-08-25,106.0,109.0
2023-08-26,108.0,112.0
2023-08-27,111.0,114.0
2023-08-28,114.0,117.0
2023-08-29,117.0,120.0
2023-08-30,119.0,123.0
2023-08-31,122.0,125.0
2023-09-01,124.0,128.0
2023-09-02,127.0,130.0
2023-09-03,128.0,131.0
2023-09-04,129.0,132.0
2023-09-05,130.0,134.0
2023-09-06,131.0,134.0
2023-09-07,133.0,136.0
2023-09-08,135.0,138.0
2023-09-09,136.0,140.0
2023-09-10,135.0,140.0
2023-09-11,135.0,140.0
2023-09-12,135.0,140.0
2023-09-13,135.0,140.0
2023-09-14,136.0,141.0
2023-09-15,138.0,142.0
2023-09-16,140.0,144.0
2023-09-17,141.0,145.0
2023-09-18,142.0,146.0
2023-09-19,144.0,147.0
2023-09-20,145.0,149.0
2023-09-21,147.0,150.0
2023-09-22,148.0,152.0
2023-09-23,150.0,153.0
2023-09-24,151.0,154.0
2023-09-25,151.0,154.0
2023-09-26,152.0,155.0
2023-09-27,152.0,155.0
2023-09-28,152.0,156.0
2023-09-29,153.0,157.0
2023-09-30,155.0,159.0
2023-10-01,156.0,160.0
2023-10-02,158.0,162.0
2023-10-03,159.0,163.0
2023-10-04,160.0,165.0
2023-10-05,162.0,166.0
2023-10-06,164.0,168.0
2023-10-07,165.0,169.0
2023-10-08,166.0,170.0
2023-10-09,167.0,171.0
2023-10-10,170.0,176.0
2023-10-11,172.0,178.0
2023-10-12,174.0,181.0
2023-10-13,178.0,184.0
2023-10-14,180.0,186.0
2023-10-15,181.0,188.0
2023-10-16,182.0,189.0
2023-10-17,184.0,190.0
2023-10-18,185.0,192.0
2023-10-19,186.0,193.0
2023-10-20,188.0,195.0
2023-10-21,190.0,197.0
2023-10-22,192.0,199.0
2023-10-23,194.0,201.0
2023-10-24,196.0,203.0
2023-10-25,197.0,205.0
2023-10-26,200.0,207.0
2023-10-27,203.0,210.0
2023-10-28,206.0,213.0
2023-10-29,208.0,215.0
2023-10-30,210.0,217.0
2023-10-31,212.0,219.0
2023-11-01,213.0,220.0
2023-11-02,214.0,222.0
2023-11-03,216.0,223.0
2023-11-04,218.0,225.0
2023-11-05,219.0,225.0
2023-11-06,220.0,226.0
2023-11-07,220.0,228.0
2023-11-08,221.0,228.0
2023-11-09,220.0,225.0
2023-11-10,221.0,226.0
2023-11-11,222.0,227.0
2023-11-12,222.0,227.0
2023-11-13,223.0,227.0
2023-11-14,222.0,227.0
2023-11-15,223.0,227.0
2023-11-16,223.0,227.0
2023-11-17,223.0,227.0
2023-11-18,222.0,227.0
2023-11-19,222.0,226.0
2023-11-20,222.0,226.0
2023-11-21,222.0,227.0
2023-11-22,222.0,227.0
2023-11-23,222.0,227.0
2023-11-24,222.0,227.0
2023-11-25,222.0,227.0
2023-11-26,221.0,226.0
2023-11-27,220.0,225.0
2023-11-28,219.0,224.0
2023-11-29,218.0,222.0
2023-11-30,217.0,221.0
2023-12-01,217.0,222.0
2023-12-02,217.0,222.0
2023-12-03,217.0,222.0
2023-12-04,217.0,222.0
2023-12-05,217.0,222.0
2023-12-06,217.0,222.0
2023-12-07,216.0,222.0
2023-12-08,217.0,222.0
2023-12-09,218.0,223.0
2023-12-10,218.0,222.0
2023-12-11,217.0,222.0
2023-12-12,218.0,224.0
2023-12-13,218.0,224.0
2023-12-14,218.0,225.0
2023-12-15,219.0,225.0
2023-12-16,220.0,226.0
2023-12-17,220.0,226.0
2023-12-18,221.0,227.0
2023-12-19,222.0,228.0
2023-12-20,222.0,227.0
2023-12-21,222.0,227.0
2023-12-22,224.0,230.0
2023-12-23,225.0,231.0
2023-12-24,226.0,232.0
2023-12-25,228.0,234.0
2023-12-26,230.0,235.0
2023-12-27,232.0,237.0
2023-12-28,234.0,239.0
2023-12-29,236.0,241.0
2023-12-30,238.0,243.0
2023-12-31,239.0,244.0
2024-01-01,241.0,245.0
2024-01-02,243.0,247.0
2024-01-03,244.0,249.0
2024-01-04,246.0,251.0
2024-01-05,248.0,254.0
2024-01-06,251.0,256.0
2024-01-07,253.0,258.0
2024-01-08,255.0,260.0
2024-01-09,256.0,262.0
2024-01-10,258.0,263.0
2024-01-11,259.0,263.0
2024-01-12,260.0,263.0
2024-01-13,261.0,264.0
2024-01-14,262.0,265.0
2024-01-15,262.0,266.0
2024-01-16,263.0,267.0
2024-01-17,264.0,268.0
2024-01-18,264.0,268.0
2024-01-19,264.0,268.0
2024-01-20,263.0,268.0
2024-01-21,262.0,266.0
2024-01-22,260.0,264.0
2024-01-23,259.0,263.0
2024-01-24,257.0,261.0
2024-01-25,255.0,259.0
2024-01-26,254.0,259.0
2024-01-27,254.0,258.0
2024-01-28,253.0,258.0
2024-01-29,252.0,257.0
2024-01-30,251.0,256.0
2024-01-31,250.0,255.0
2024-02-01,249.0,254.0
2024-02-02,249.0,254.0
2024-02-03,248.0,254.0
2024-02-04,247.0,252.0
2024-02-05,246.0,251.0
2024-02-06,245.0,250.0
2024-02-07,244.0,249.0
2024-02-08,243.0,248.0
2024-02-09,243.0,247.0
2024-02-10,242.0,246.0
2024-02-11,242.0,246.0
2024-02-12,241.0,245.0
2024-02-13,240.0,245.0
2024-02-14,240.0,244.0
2024-02-15,239.0,243.0
2024-02-16,240.0,245.0
2024-02-17,241.0,245.0
2024-02-18,242.0,247.0
2024-02-19,244.0,248.0
2024-02-20,245.0,249.0
2024-02-21,247.0,251.0
2024-02-22,248.0,252.0
2024-02-23,250.0,254.0
2024-02-24,251.0,255.0
2024-02-25,252.0,255.0
2024-02-26,252.0,255.0
2024-02-27,252.0,256.0
2024-02-28,252.0,256.0
2024-02-29,252.0,256.0
2024-03-01,252.0,256.0
2024-03-02,252.0,256.0
2024-03-03,251.0,255.0
2024-03-04,251.0,254.0
2024-03-05,250.0,253.0
2024-03-06,251.0,253.0
2024-03-07,251.0,254.0
2024-03-08,252.0,255.0
2024-03-09,253.0,257.0
2024-03-10,254.0,258.0
2024-03-11,256.0,259.0
2024-03-12,257.0,260.0
2024-03-13,258.0,261.0
2024-03-14,259.0,262.0
2024-03-15,260.0,263.0
2024-03-16,261.0,264.0
2024-03-17,261.0,264.0
2024-03-18,260.0,264.0
2024-03-19,260.0,263.0
2024-03-20,259.0,263.0
2024-03-21,258.0,262.0
2024-03-22,258.0,262.0
2024-03-23,258.0,262.0
2024-03-24,258.0,262.0
2024-03-25,259.0,263.0
2024-03-26,259.0,263.0
2024-03-27,259.0,264.0
2024-03-28,260.0,264.0
2024-03-29,262.0,266.0
2024-03-30,263.0,268.0
2024-03-31,265.0,270.0
2024-04-01,267.0,272.0
2024-04-02,269.0,274.0
2024-04-03,271.0,276.0
2024-04-04,272.0,277.0
2024-04-05,272.0,278.0
2024-04-06,273.0,278.0
2024-04-07,272.0,277.0
2024-04-08,272.0,277.0
2024-04-09,271.0,276.0
2024-04-10,271.0,276.0
2024-04-11,270.0,275.0
2024-04-12,270.0,275.0
2024-04-13,270.0,275.0
2024-04-14,269.0,274.0
2024-04-15,269.0,274.0
2024-04-16,269.0,274.0
2024-04-17,269.0,274.0
2024-04-18,268.0,274.0
2024-04-19,268.0,274.0
2024-04-20,268.0,273.0
2024-04-21,267.0,272.0
2024-04-22,266.0,271.0
2024-04-23,265.0,270.0
2024-04-24,264.0,269.0
2024-04-25,263.0,268.0
2024-04-26,263.0,268.0
2024-04-27,263.0,268.0
2024-04-28,262.0,266.0
2024-04-29,261.0,266.0
2024-04-30,260.0,265.0
2024-05-01,259.0,264.0
2024-05-02,258.0,263.0
2024-05-03,256.0,262.0
2024-05-04,256.0,261.0
2024-05-05,256.0,260.0
2024-05-06,255.0,260.0
2024-05-07,254.0,259.0
2024-05-08,253.0,258.0
2024-05-09,252.0,257.0
2024-05-10,252.0,258.0
2024-05-11,253.0,258.0
2024-05-12,253.0,258.0
2024-05-13,253.0,258.0
2024-05-14,253.0,258.0
2024-05-15,253.0,258.0
2024-05-16,253.0,258.0
2024-05-17,252.0,258.0
2024-05-18,252.0,257.0
2024-05-19,252.0,257.0
2024-05-20,252.0,257.0
2024-05-21,252.0,257.0
2024-05-22,252.0,256.0
2024-05-23,251.0,256.0
2024-05-24,250.0,255.0
2024-05-25,250.0,254.0
2024-05-26,249.0,253.0
2024-05-27,247.0,251.0
2024-05-28,246.0,250.0
2024-05-29,244.0,248.0
2024-05-30,243.0,246.0
2024-05-31,240.0,245.0
2024-06-01,238.0,243.0
2024-06-02,237.0,241.0
2024-06-03,235.0,239.0
2024-06-04,233.0,237.0
2024-06-05,231.0,235.0
2024-06-06,230.0,234.0
2024-06-07,229.0,233.0
2024-06-08,228.0,232.0
2024-06-09,226.0,230.0
2024-06-10,223.0,228.0
2024-06-11,220.0,225.0
2024-06-12,217.0,222.0
2024-06-13,214.0,219.0
2024-06-14,211.0,217.0
2024-06-15,209.0,214.0
2024-06-16,207.0,212.0
2024-06-17,206.0,211.0
2024-06-18,206.0,211.0
2024-06-19,205.0,210.0
2024-06-20,206.0,210.0
2024-06-21,206.0,211.0
2024-06-22,206.0,211.0
2024-06-23,206.0,211.0
2024-06-24,205.0,211.0
2024-06-25,205.0,211.0
2024-06-26,205.0,210.0
2024-06-27,204.0,210.0
2024-06-28,203.0,210.0
2024-06-29,202.0,208.0
2024-06-30,202.0,208.0
2024-07-01,204.0,209.0
2024-07-02,205.0,211.0
2024-07-03,206.0,212.0
2024-07-04,207.0,213.0
2024-07-05,210.0,215.0
2024-07-06,211.0,217.0
2024-07-07,211.0,218.0
2024-07-08,211.0,218.0
2024-07-09,211.0,219.0
2024-07-10,212.0,219.0
2024-07-11,212.0,219.0
2024-07-12,214.0,221.0
2024-07-13,216.0,222.0
2024-07-14,216.0,223.0
2024-07-15,218.0,225.0
2024-07-16,221.0,227.0
2024-07-17,222.0,228.0
2024-07-18,223.0,230.0
2024-07-19,224.0,231.0
2024-07-20,223.0,230.0
2024-07-21,221.0,229.0
2024-07-22,220.0,227.0
2024-07-23,219.0,226.0
2024-07-24,217.0,225.0
2024-07-25,216.0,224.0
2024-07-26,216.0,223.0
2024-07-27,215.0,222.0
2024-07-28,215.0,222.0
2024-07-29,217.0,224.0
2024-07-30,219.0,226.0
2024-07-31,219.0,226.0
2024-08-01,220.0,226.0
2024-08-02,222.0,228.0
2024-08-03,223.0,230.0
2024-08-04,222.0,230.0
2024-08-05,222.0,229.0
2024-08-06,223.0,229.0
2024-08-07,222.0,230.0
2024-08-08,222.0,229.0
2024-08-09,223.0,231.0
2024-08-10,225.0,232.0
2024-08-11,227.0,233.0
2024-08-12,228.0,234.0
2024-08-13,229.0,236.0
2024-08-14,228.0,235.0
2024-08-15,227.0,234.0
2024-08-16,227.0,234.0
2024-08-17,227.0,234.0
2024-08-18,227.0,234.0
2024-08-19,230.0,236.0
2024-08-20,233.0,239.0
2024-08-21,236.0,242.0
2024-08-22,239.0,245.0
2024-08-23,243.0,249.0
2024-08-24,245.0,252.0
2024-08-25,246.0,254.0
2024-08-26,247.0,255.0
2024-08-27,249.0,256.0
2024-08-28,248.0,256.0
2024-08-29,248.0,255.0
2024-08-30,248.0,256.0
2024-08-31,249.0,256.0
2024-09-01,248.0,256.0
2024-09-02,248.0,255.0
2024-09-03,249.0,255.0
2024-09-04,250.0,256.0
2024-09-05,250.0,257.0
2024-09-06,252.0,258.0
2024-09-07,254.0,260.0
2024-09-08,254.0,260.0
2024-09-09,254.0,260.0
2024-09-10,254.0,260.0
2024-09-11,254.0,260.0
2024-09-12,253.0,259.0
2024-09-13,253.0,260.0
2024-09-14,254.0,260.0
2024-09-15,253.0,259.0
2024-09-16,254.0,260.0
2024-09-17,255.0,260.0
2024-09-18,254.0,260.0
2024-09-19,253.0,259.0
2024-09-20,254.0,260.0
2024-09-21,254.0,260.0
2024-09-22,253.0,259.0
2024-09-23,252.0,258.0
2024-09-24,253.0,258.0
2024-09-25,254.0,259.0
2024-09-26,255.0,260.0
2024-09-27,255.0,260.0
2024-09-28,256.0,261.0
2024-09-29,255.0,260.0
2024-09-30,255.0,260.0
2024-10-01,254.0,259.0
2024-10-02,253.0,258.0
2024-10-03,251.0,257.0
2024-10-04,250.0,256.0
2024-10-05,250.0,254.0
2024-10-06,249.0,254.0
2024-10-07,249.0,254.0
2024-10-08,249.0,254.0
2024-10-09,249.0,254.0
2024-10-10,249.0,254.0
2024-10-11,248.0,254.0
2024-10-12,248.0,254.0
2024-10-13,248.0,253.0
2024-10-14,247.0,252.0
2024-10-15,246.0,252.0
2024-10-16,244.0,250.0
2024-10-17,242.0,248.0
2024-10-18,241.0,247.0
2024-10-19,240.0,247.0
2024-10-20,239.0,244.0
2024-10-21,237.0,243.0
2024-10-22,237.0,241.0
2024-10-23,236.0,241.0
2024-10-24,235.0,240.0
2024-10-25,235.0,240.0
2024-10-26,235.0,240.0
2024-10-27,235.0,240.0
2024-10-28,236.0,242.0
2024-10-29,238.0,244.0
2024-10-30,238.0,245.0
2024-10-31,238.0,245.0
2024-11-01,239.0,246.0
2024-11-02,240.0,247.0
2024-11-03,241.0,248.0
2024-11-04,242.0,249.0
2024-11-05,241.0,250.0
2024-11-06,239.0,248.0
2024-11-07,237.0,246.0
2024-11-08,236.0,245.0
2024-11-09,236.0,244.0
2024-11-10,236.0,243.0
2024-11-11,235.0,243.0
2024-11-12,237.0,245.0
2024-11-13,239.0,246.0
2024-11-14,241.0,248.0
2024-11-15,243.0,250.0
2024-11-16,246.0,253.0
2024-11-17,247.0,254.0
2024-11-18,248.0,255.0
2024-11-19,249.0,257.0
2024-11-20,250.0,257.0
2024-11-21,251.0,258.0
2024-11-22,252.0,260.0
2024-11-23,254.0,262.0
2024-11-24,254.0,262.0
2024-11-25,254.0,263.0
2024-11-26,254.0,264.0
2024-11-27,253.0,263.0
2024-11-28,253.0,262.0
2024-11-29,254.0,262.0
2024-11-30,257.0,264.0
2024-12-01,258.0,265.0
2024-12-02,259.0,266.0
2024-12-03,261.0,267.0
2024-12-04,263.0,269.0
2024-12-05,265.0,271.0
2024-12-06,269.0,275.0
2024-12-07,272.0,278.0
2024-12-08,273.0,280.0
2024-12-09,275.0,282.0
2024-12-10,278.0,285.0
2024-12-11,281.0,288.0
2024-12-12,282.0,290.0
2024-12-13,283.0,291.0
2024-12-14,284.0,292.0
2024-12-15,285.0,293.0
2024-12-16,285.0,293.0
2024-12-17,285.0,293.0
2024-12-18,284.0,293.0
2024-12-19,283.0,292.0
2024-12-20,282.0,292.0
2024-12-21,282.0,291.0
2024-12-22,280.0,290.0
2024-12-23,279.0,289.0
2024-12-24,279.0,288.0
2024-12-25,278.0,287.0
2024-12-26,277.0,286.0
2024-12-27,276.0,285.0
2024-12-28,275.0,284.0
2024-12-29,273.0,282.0
2024-12-30,271.0,280.0
2024-12-31,269.0,278.0
2025-01-01,267.0,276.0
2025-01-02,265.0,275.0
2025-01-03,263.0,273.0
2025-01-04,261.0,271.0
2025-01-05,258.0,268.0
2025-01-06,257.0,267.0
2025-01-07,256.0,265.0
2025-01-08,255.0,264.0
2025-01-09,253.0,262.0
2025-01-10,252.0,261.0
2025-01-11,252.0,260.0
2025-01-12,251.0,259.0
2025-01-13,250.0,258.0
2025-01-14,248.0,257.0
2025-01-15,247.0,255.0
2025-01-16,245.0,254.0
2025-01-17,246.0,253.0
2025-01-18,247.0,253.0
2025-01-19,248.0,254.0
2025-01-20,249.0,255.0
2025-01-21,250.0,256.0
2025-01-22,249.0,255.0
2025-01-23,249.0,255.0
2025-01-24,250.0,257.0
2025-01-25,251.0,258.0
2025-01-26,252.0,258.0
2025-01-27,253.0,259.0
2025-01-28,253.0,260.0
2025-01-29,253.0,261.0
2025-01-30,252.0,260.0
2025-01-31,252.0,260.0
2025-02-01,251.0,258.0
2025-02-02,250.0,257.0
2025-02-03,250.0,257.0
2025-02-04,251.0,257.0
2025-02-05,250.0,256.0
2025-02-06,249.0,255.0
2025-02-07,249.0,256.0
2025-02-08,250.0,256.0
2025-02-09,250.0,256.0
2025-02-10,250.0,256.0
2025-02-11,251.0,257.0
2025-02-12,252.0,257.0
2025-02-13,254.0,259.0
2025-02-14,255.0,260.0
2025-02-15,257.0,262.0
2025-02-16,258.0,263.0
2025-02-17,259.0,263.0
