Date,Midnight population,24-hour population
2008-10-01,220,292
2008-10-02,219,344
2008-10-03,83,294
2008-10-04,240,264
2008-10-05,298,334
2008-10-06,223,356
2008-10-07,209,348
2008-10-08,146,348
2008-10-09,240,420
2008-10-10,127,347
2008-10-11,160,204
2008-10-12,192,200
2008-10-13,249,302
2008-10-14,154,336
2008-10-15,144,266
2008-10-16,243,310
2008-10-17,217,372
2008-10-18,255,317
2008-10-19,238,320
2008-10-20,194,271
2008-10-21,119,282
2008-10-22,174,232
2008-10-23,266,357
2008-10-24,145,370
2008-10-25,173,220
2008-10-26,188,205
2008-10-27,82,220
2008-10-28,101,163
2008-10-29,185,231
2008-10-30,239,350
2008-10-31,155,330
2008-11-01,196,225
2008-11-02,164,240
2008-11-03,153,205
2008-11-04,191,291
2008-11-05,238,321
2008-11-06,155,330
2008-11-07,141,269
2008-11-08,167,201
2008-11-09,140,174
2008-11-10,106,173
2008-11-11,156,212
2008-11-12,116,208
2008-11-13,170,230
2008-11-14,142,274
2008-11-15,140,219
2008-11-16,213,224
2008-11-17,163,268
2008-11-18,156,252
2008-11-19,158,281
2008-11-20,161,257
2008-11-21,136,282
2008-11-22,243,284
2008-11-23,202,327
2008-11-24,126,269
2008-11-25,133,190
2008-11-26,132,244
2008-11-27,205,241
2008-11-28,171,285
2008-11-29,213,255
2008-11-30,199,253
2008-12-01,127,257
2008-12-02,157,196
2008-12-03,252,318
2008-12-04,238,437
2008-12-05,218,384
2008-12-06,251,322
2008-12-07,216,285
2008-12-08,149,263
2008-12-09,145,210
2008-12-10,133,218
2008-12-11,169,232
2008-12-12,142,324
2008-12-13,186,224
2008-12-14,217,239
2008-12-15,192,293
2008-12-16,178,279
2008-12-17,172,230
2008-12-18,176,248
2008-12-19,111,236
2008-12-20,137,215
2008-12-21,102,166
2008-12-22,82,142
2008-12-23,81,112
2008-12-24,89,139
2008-12-25,145,146
2008-12-26,169,183
2008-12-27,184,191
2008-12-28,227,243
2008-12-29,94,261
2008-12-30,91,117
2008-12-31,122,180
2009-01-01,148,159
2009-01-02,126,187
2009-01-03,168,172
2009-01-04,147,203
2009-01-05,97,195
2009-01-06,87,164
2009-01-07,80,171
2009-01-08,149,212
2009-01-09,91,222
2009-01-10,153,179
2009-01-11,126,194
2009-01-12,62,162
2009-01-13,52,95
2009-01-14,165,194
2009-01-15,181,304
2009-01-16,119,300
2009-01-17,217,224
2009-01-18,243,253
2009-01-19,154,272
2009-01-20,90,193
2009-01-21,85,161
2009-01-22,187,254
2009-01-23,165,338
2009-01-24,224,253
2009-01-25,212,308
2009-01-26,151,264
2009-01-27,142,224
2009-01-28,167,241
2009-01-29,159,234
2009-01-30,109,240
2009-01-31,150,187
2009-02-01,139,198
2009-02-02,121,193
2009-02-03,141,224
2009-02-04,105,208
2009-02-05,177,258
2009-02-06,115,279
2009-02-07,168,208
2009-02-08,210,262
2009-02-09,67,252
2009-02-10,107,168
2009-02-11,129,198
2009-02-12,204,291
2009-02-13,130,312
2009-02-14,157,214
2009-02-15,202,228
2009-02-16,184,246
2009-02-17,130,245
2009-02-18,156,263
2009-02-19,184,299
2009-02-20,196,300
2009-02-21,151,280
2009-02-22,128,209
2009-02-23,168,243
2009-02-24,138,264
2009-02-25,76,193
2009-02-26,126,192
2009-02-27,143,252
2009-02-28,189,197
2009-03-01,167,228
2009-03-02,117,234
2009-03-03,198,292
2009-03-04,177,289
2009-03-05,242,344
2009-03-06,154,334
2009-03-07,192,232
2009-03-08,181,240
2009-03-09,156,255
2009-03-10,189,260
2009-03-11,187,296
2009-03-12,242,296
2009-03-13,149,345
2009-03-14,254,273
2009-03-15,158,301
2009-03-16,147,205
2009-03-17,164,204
2009-03-18,185,304
2009-03-19,239,336
2009-03-20,121,323
2009-03-21,206,220
2009-03-22,167,233
2009-03-23,173,208
2009-03-24,121,252
2009-03-25,164,258
2009-03-26,224,307
2009-03-27,214,365
2009-03-28,265,320
2009-03-29,243,305
2009-03-30,281,307
2009-03-31,239,352
2009-04-01,281,382
2009-04-02,293,420
2009-04-03,236,424
2009-04-04,272,288
2009-04-05,295,313
2009-04-06,294,347
2009-04-07,266,350
2009-04-08,306,344
2009-04-09,286,364
2009-04-10,283,363
2009-04-11,322,333
2009-04-12,267,354
2009-04-13,203,364
2009-04-14,229,264
2009-04-15,272,373
2009-04-16,205,368
2009-04-17,239,329
2009-04-18,236,319
2009-04-19,248,263
2009-04-20,219,325
2009-04-21,225,308
2009-04-22,244,320
2009-04-23,302,405
2009-04-24,233,383
2009-04-25,217,275
2009-04-26,240,264
2009-04-27,245,271
2009-04-28,292,343
2009-04-29,200,347
2009-04-30,241,355
2009-05-01,284,370
2009-05-02,302,374
2009-05-03,330,340
2009-05-04,248,396
2009-05-05,260,340
2009-05-06,294,395
2009-05-07,270,377
2009-05-08,261,338
2009-05-09,316,346
2009-05-10,344,367
2009-05-11,310,366
2009-05-12,332,357
2009-05-13,306,447
2009-05-14,276,365
2009-05-15,217,342
2009-05-16,250,277
2009-05-17,287,309
2009-05-18,263,326
2009-05-19,267,345
2009-05-20,194,320
2009-05-21,231,276
2009-05-22,195,321
2009-05-23,199,275
2009-05-24,214,224
2009-05-25,207,256
2009-05-26,236,282
2009-05-27,243,308
2009-05-28,172,341
2009-05-29,140,252
2009-05-30,204,237
2009-05-31,252,290
2009-06-01,235,304
2009-06-02,231,290
2009-06-03,225,294
2009-06-04,271,358
2009-06-05,205,346
2009-06-06,215,257
2009-06-07,245,275
2009-06-08,249,306
2009-06-09,233,301
2009-06-10,243,299
2009-06-11,244,251
2009-06-12,264,291
2009-06-13,279,283
2009-06-14,274,280
2009-06-15,262,277
2009-06-16,259,266
2009-06-17,252,261
2009-06-18,251,256
2009-06-19,250,269
2009-06-20,264,270
2009-06-21,282,284
2009-06-22,300,330
2009-06-23,303,406
2009-06-24,294,379
2009-06-25,271,389
2009-06-26,277,337
2009-06-27,275,278
2009-06-28,275,275
2009-06-29,275,276
2009-06-30,299,300
2009-07-01,300,300
2009-07-02,300,301
2009-07-03,301,301
2009-07-04,292,311
2009-07-05,276,311
2009-07-06,263,287
2009-07-07,263,297
2009-07-08,245,340
2009-07-09,288,331
2009-07-10,320,403
2009-07-11,251,350
2009-07-12,291,358
2009-07-13,263,326
2009-07-14,314,357
2009-07-15,331,346
2009-07-16,326,335
2009-07-17,325,329
2009-07-18,324,325
2009-07-19,324,324
2009-07-20,322,325
2009-07-21,323,325
2009-07-22,343,353
2009-07-23,310,395
2009-07-24,226,392
2009-07-25,228,272
2009-07-26,201,282
2009-07-27,186,261
2009-07-28,128,251
2009-07-29,165,232
2009-07-30,202,289
2009-07-31,145,288
2009-08-01,186,235
2009-08-02,230,233
2009-08-03,254,256
2009-08-04,260,277
2009-08-05,257,286
2009-08-06,254,263
2009-08-07,217,291
2009-08-08,265,269
2009-08-09,274,293
2009-08-10,270,358
2009-08-11,275,309
2009-08-12,201,351
2009-08-13,229,292
2009-08-14,158,276
2009-08-15,242,244
2009-08-16,267,275
2009-08-17,268,308
2009-08-18,224,319
2009-08-19,191,263
2009-08-20,213,312
2009-08-21,206,284
2009-08-22,212,247
2009-08-23,208,219
2009-08-24,226,239
2009-08-25,257,285
2009-08-26,305,342
2009-08-27,275,374
2009-08-28,286,328
2009-08-29,322,353
2009-08-30,274,424
2009-08-31,252,308
2009-09-01,235,292
2009-09-02,303,330
2009-09-03,263,404
2009-09-04,202,370
2009-09-05,280,326
2009-09-06,253,345
2009-09-07,274,365
2009-09-08,282,292
2009-09-09,247,289
2009-09-10,276,347
2009-09-11,304,349
2009-09-12,286,386
2009-09-13,254,301
2009-09-14,257,332
2009-09-15,210,304
2009-09-16,214,276
2009-09-17,207,300
2009-09-18,264,296
2009-09-19,292,330
2009-09-20,308,331
2009-09-21,282,349
2009-09-22,296,313
2009-09-23,247,333
2009-09-24,302,319
2009-09-25,307,393
2009-09-26,307,329
2009-09-27,312,370
2009-09-28,280,327
2009-09-29,289,322
2009-09-30,280,343
2009-10-01,199,310
2009-10-02,228,287
2009-10-03,255,284
2009-10-04,319,321
2009-10-05,338,352
2009-10-06,250,344
2009-10-07,309,345
2009-10-08,301,363
2009-10-09,305,415
2009-10-10,303,395
2009-10-11,316,342
2009-10-12,279,342
2009-10-13,283,352
2009-10-14,327,346
2009-10-15,219,378
2009-10-16,173,288
2009-10-17,207,260
2009-10-18,262,263
2009-10-19,276,302
2009-10-20,265,304
2009-10-21,160,290
2009-10-22,178,226
2009-10-23,183,253
2009-10-24,210,261
2009-10-25,234,270
2009-10-26,243,264
2009-10-27,244,297
2009-10-28,253,300
2009-10-29,178,310
2009-10-30,115,235
2009-10-31,129,140
2009-11-01,198,198
2009-11-02,119,227
2009-11-03,113,153
2009-11-04,132,174
2009-11-05,139,232
2009-11-06,147,207
2009-11-07,162,237
2009-11-08,196,212
2009-11-09,150,244
2009-11-10,191,242
2009-11-11,215,227
2009-11-12,139,267
2009-11-13,142,209
2009-11-14,178,205
2009-11-15,231,233
2009-11-16,158,252
2009-11-17,151,193
2009-11-18,117,180
2009-11-19,176,231
2009-11-20,99,203
2009-11-21,128,133
2009-11-22,147,149
2009-11-23,89,168
2009-11-24,82,108
2009-11-25,89,113
2009-11-26,182,229
2009-11-27,137,244
2009-11-28,181,181
2009-11-29,127,195
2009-11-30,86,156
2009-12-01,60,105
2009-12-02,64,99
2009-12-03,107,139
2009-12-04,75,164
2009-12-05,112,119
2009-12-06,123,124
2009-12-07,94,172
2009-12-08,67,139
2009-12-09,105,139
2009-12-10,112,138
2009-12-11,118,144
2009-12-12,212,229
2009-12-13,238,282
2009-12-14,239,266
2009-12-15,97,295
2009-12-16,99,134
2009-12-17,118,186
2009-12-18,126,222
2009-12-19,183,230
2009-12-20,183,214
2009-12-21,82,230
2009-12-22,110,152
2009-12-23,88,161
2009-12-24,96,116
2009-12-25,128,149
2009-12-26,143,167
2009-12-27,115,145
2009-12-28,101,140
2009-12-29,71,110
2009-12-30,94,100
2009-12-31,174,215
2010-01-01,176,206
2010-01-02,227,227
2010-01-03,193,241
2010-01-04,169,206
2010-01-05,182,196
2010-01-06,140,199
2010-01-07,199,250
2010-01-08,66,245
2010-01-09,164,166
2010-01-10,153,206
2010-01-11,104,164
2010-01-12,107,127
2010-01-13,119,167
2010-01-14,110,220
2010-01-15,106,199
2010-01-16,130,166
2010-01-17,148,171
2010-01-18,110,210
2010-01-19,151,192
2010-01-20,83,202
2010-01-21,59,118
2010-01-22,108,135
2010-01-23,177,185
2010-01-24,150,232
2010-01-25,124,161
2010-01-26,132,170
2010-01-27,155,181
2010-01-28,143,200
2010-01-29,154,223
2010-01-30,193,217
2010-01-31,201,225
2010-02-01,160,251
2010-02-02,167,207
2010-02-03,146,216
2010-02-04,219,279
2010-02-05,138,300
2010-02-06,136,223
2010-02-07,148,168
2010-02-08,122,189
2010-02-09,165,189
2010-02-10,90,202
2010-02-11,153,223
2010-02-12,101,225
2010-02-13,131,156
2010-02-14,197,199
2010-02-15,182,230
2010-02-16,95,235
2010-02-17,148,185
2010-02-18,92,225
2010-02-19,96,161
2010-02-20,178,179
2010-02-21,167,218
2010-02-22,94,190
2010-02-23,61,145
2010-02-24,81,129
2010-02-25,61,127
2010-02-26,54,96
2010-02-27,79,111
2010-02-28,88,108
2010-03-01,92,151
2010-03-02,87,141
2010-03-03,139,183
2010-03-04,105,194
2010-03-05,103,196
2010-03-06,178,197
2010-03-07,192,220
2010-03-08,113,234
2010-03-09,79,164
2010-03-10,105,149
2010-03-11,135,193
2010-03-12,128,217
2010-03-13,194,198
2010-03-14,130,224
2010-03-15,124,179
2010-03-16,157,205
2010-03-17,133,223
2010-03-18,116,199
2010-03-19,157,238
2010-03-20,222,242
2010-03-21,255,291
2010-03-22,217,294
2010-03-23,171,260
2010-03-24,146,237
2010-03-25,195,243
2010-03-26,131,284
2010-03-27,225,228
2010-03-28,225,253
2010-03-29,212,270
2010-03-30,197,220
2010-03-31,196,231
2010-04-01,171,239
2010-04-02,146,247
2010-04-03,193,196
2010-04-04,217,218
2010-04-05,137,244
2010-04-06,102,171
2010-04-07,97,163
2010-04-08,189,248
2010-04-09,190,279
2010-04-10,231,282
2010-04-11,233,266
2010-04-12,201,274
2010-04-13,235,294
2010-04-14,253,355
2010-04-15,307,365
2010-04-16,256,365
2010-04-17,338,372
2010-04-18,292,387
2010-04-19,202,321
2010-04-20,222,260
2010-04-21,203,278
2010-04-22,187,288
2010-04-23,232,262
2010-04-24,244,319
2010-04-25,259,289
2010-04-26,249,323
2010-04-27,192,303
2010-04-28,182,253
2010-04-29,185,249
2010-04-30,224,358
2010-05-01,260,299
2010-05-02,265,316
2010-05-03,195,287
2010-05-04,189,250
2010-05-05,215,306
2010-05-06,232,303
2010-05-07,294,329
2010-05-08,329,369
2010-05-09,299,414
2010-05-10,259,353
2010-05-11,273,318
2010-05-12,293,383
2010-05-13,310,396
2010-05-14,337,462
2010-05-15,385,407
2010-05-16,345,443
2010-05-17,317,384
2010-05-18,224,377
2010-05-19,233,358
2010-05-20,237,278
2010-05-21,144,308
2010-05-22,238,258
2010-05-23,261,275
2010-05-24,220,311
2010-05-25,216,271
2010-05-26,241,289
2010-05-27,280,338
2010-05-28,300,376
2010-05-29,324,365
2010-05-30,345,349
2010-05-31,329,425
2010-06-01,307,372
2010-06-02,261,384
2010-06-03,262,358
2010-06-04,246,289
2010-06-05,331,333
2010-06-06,365,375
2010-06-07,335,373
2010-06-08,277,364
2010-06-09,306,376
2010-06-10,354,484
2010-06-11,310,549
2010-06-12,346,367
2010-06-13,332,455
2010-06-14,260,503
2010-06-15,243,354
2010-06-16,203,328
2010-06-17,163,284
2010-06-18,214,286
2010-06-19,227,305
2010-06-20,267,276
2010-06-21,278,320
2010-06-22,280,380
2010-06-23,335,363
2010-06-24,303,446
2010-06-25,225,393
2010-06-26,222,303
2010-06-27,251,284
2010-06-28,246,334
2010-06-29,205,312
2010-06-30,200,259
2010-07-01,265,308
2010-07-02,172,345
2010-07-03,191,253
2010-07-04,284,297
2010-07-05,289,347
2010-07-06,263,322
2010-07-07,289,357
2010-07-08,328,403
2010-07-09,312,444
2010-07-10,281,370
2010-07-11,247,321
2010-07-12,298,507
2010-07-13,240,373
2010-07-14,306,412
2010-07-15,282,422
2010-07-16,221,357
2010-07-17,197,351
2010-07-18,186,202
2010-07-19,189,241
2010-07-20,159,322
2010-07-21,145,222
2010-07-22,139,272
2010-07-23,160,232
2010-07-24,168,230
2010-07-25,196,197
2010-07-26,137,216
2010-07-27,81,158
2010-07-28,53,105
2010-07-29,77,109
2010-07-30,104,150
2010-07-31,137,182
2010-08-01,116,147
2010-08-02,70,160
2010-08-03,33,83
2010-08-04,46,62
2010-08-05,206,226
2010-08-06,149,310
2010-08-07,186,206
2010-08-08,197,203
2010-08-09,56,210
2010-08-10,141,169
2010-08-11,167,282
2010-08-12,194,275
2010-08-13,106,281
2010-08-14,198,202
2010-08-15,195,230
2010-08-16,57,205
2010-08-17,134,191
2010-08-18,137,238
2010-08-19,211,333
2010-08-20,111,290
2010-08-21,160,162
2010-08-22,204,220
2010-08-23,144,259
2010-08-24,141,176
2010-08-25,159,197
2010-08-26,106,224
2010-08-27,58,134
2010-08-28,108,109
2010-08-29,138,138
2010-08-30,41,154
2010-08-31,52,102
2010-09-01,81,133
2010-09-02,99,156
2010-09-03,186,281
2010-09-04,179,240
2010-09-05,220,250
2010-09-06,231,245
2010-09-07,152,246
2010-09-08,96,183
2010-09-09,59,147
2010-09-10,85,113
2010-09-11,152,153
2010-09-12,220,220
2010-09-13,81,235
2010-09-14,77,156
2010-09-15,164,240
2010-09-16,202,292
2010-09-17,134,312
2010-09-18,233,260
2010-09-19,248,361
2010-09-20,127,276
2010-09-21,120,194
2010-09-22,176,257
2010-09-23,64,231
2010-09-24,125,188
2010-09-25,150,157
2010-09-26,230,313
2010-09-27,166,267
2010-09-28,66,196
2010-09-29,128,179
2010-09-30,173,301
2010-10-01,107,283
2010-10-02,165,165
2010-10-03,167,206
2010-10-04,18,181
2010-10-05,102,139
2010-10-06,149,266
2010-10-07,209,243
2010-10-08,104,309
2010-10-09,186,188
2010-10-10,231,240
2010-10-11,72,265
2010-10-12,88,106
2010-10-13,92,173
2010-10-14,165,197
2010-10-15,58,229
2010-10-16,124,125
2010-10-17,103,137
2010-10-18,28,130
2010-10-19,144,164
2010-10-20,130,212
2010-10-21,187,242
2010-10-22,84,267
2010-10-23,142,144
2010-10-24,100,182
2010-10-25,55,129
2010-10-26,88,121
2010-10-27,122,216
2010-10-28,185,229
2010-10-29,105,285
2010-10-30,148,150
2010-10-31,132,184
2010-11-01,34,154
2010-11-02,130,165
2010-11-03,137,195
2010-11-04,167,214
2010-11-05,50,200
2010-11-06,109,109
2010-11-07,65,129
2010-11-08,32,77
2010-11-09,105,137
2010-11-10,143,179
2010-11-11,226,234
2010-11-12,58,266
2010-11-13,118,118
2010-11-14,123,146
2010-11-15,35,167
2010-11-16,58,134
2010-11-17,103,155
2010-11-18,165,191
2010-11-19,64,210
2010-11-20,125,128
2010-11-21,85,143
2010-11-22,41,122
2010-11-23,81,127
2010-11-24,125,219
2010-11-25,216,217
2010-11-26,139,316
2010-11-27,164,167
2010-11-28,143,180
2010-11-29,103,221
2010-11-30,111,203
2010-12-01,138,158
2010-12-02,101,186
2010-12-03,103,200
2010-12-04,158,158
2010-12-05,165,175
2010-12-06,144,243
2010-12-07,141,291
2010-12-08,119,289
2010-12-09,90,250
2010-12-10,87,234
2010-12-11,158,252
2010-12-12,146,279
2010-12-13,102,291
2010-12-14,96,239
2010-12-15,111,247
2010-12-16,163,360
2010-12-17,111,317
2010-12-18,169,244
2010-12-19,204,299
2010-12-20,92,324
2010-12-21,168,305
2010-12-22,142,330
2010-12-23,171,323
2010-12-24,188,322
2010-12-25,213,306
2010-12-26,197,286
2010-12-27,106,260
2010-12-28,45,181
2010-12-29,109,177
2010-12-30,69,176
2010-12-31,150,212
2011-01-01,151,208
2011-01-02,46,203
2011-01-03,63,107
2011-01-04,95,203
2011-01-05,58,181
2011-01-06,128,219
2011-01-07,83,265
2011-01-08,168,231
2011-01-09,83,257
2011-01-10,72,177
2011-01-11,104,190
2011-01-12,86,220
2011-01-13,157,302
2011-01-14,114,312
2011-01-15,184,268
2011-01-16,98,292
2011-01-17,101,204
2011-01-18,96,239
2011-01-19,58,219
2011-01-20,116,237
2011-01-21,130,310
2011-01-22,159,256
2011-01-23,178,286
2011-01-24,68,294
2011-01-25,106,224
2011-01-26,99,246
2011-01-27,81,219
2011-01-28,98,246
2011-01-29,125,172
2011-01-30,174,287
2011-01-31,133,354
2011-02-01,123,298
2011-02-02,112,265
2011-02-03,103,294
2011-02-04,112,260
2011-02-05,133,181
2011-02-06,108,241
2011-02-07,99,254
2011-02-08,129,260
2011-02-09,164,334
2011-02-10,234,364
2011-02-11,103,380
2011-02-12,161,210
2011-02-13,109,236
2011-02-14,97,242
2011-02-15,91,237
2011-02-16,113,251
2011-02-17,225,379
2011-02-18,138,402
2011-02-19,193,245
2011-02-20,137,321
2011-02-21,124,266
2011-02-22,102,242
2011-02-23,156,306
2011-02-24,91,329
2011-02-25,143,244
2011-02-26,196,234
2011-02-27,83,241
2011-02-28,101,155
2011-03-01,123,273
2011-03-02,164,347
2011-03-03,112,369
2011-03-04,125,271
2011-03-05,138,187
2011-03-06,94,251
2011-03-07,87,232
2011-03-08,116,248
2011-03-09,193,360
2011-03-10,211,355
2011-03-11,144,391
2011-03-12,206,253
2011-03-13,137,346
2011-03-14,152,297
2011-03-15,174,343
2011-03-16,247,461
2011-03-17,141,438
2011-03-18,204,321
2011-03-19,163,276
2011-03-20,203,307
2011-03-21,185,351
2011-03-22,151,322
2011-03-23,220,362
2011-03-24,218,395
2011-03-25,185,447
2011-03-26,185,230
2011-03-27,184,399
2011-03-28,135,342
2011-03-29,203,356
2011-03-30,240,394
2011-03-31,254,410
2011-04-01,106,392
2011-04-02,155,210
2011-04-03,65,237
2011-04-04,77,174
2011-04-05,169,281
2011-04-06,244,363
2011-04-07,242,439
2011-04-08,97,369
2011-04-09,196,202
2011-04-10,141,238
2011-04-11,107,209
2011-04-12,103,223
2011-04-13,237,364
2011-04-14,246,421
2011-04-15,164,436
2011-04-16,177,241
2011-04-17,163,310
2011-04-18,91,273
2011-04-19,107,221
2011-04-20,78,167
2011-04-21,156,241
2011-04-22,201,375
2011-04-23,218,265
2011-04-24,198,329
2011-04-25,116,328
2011-04-26,88,234
2011-04-27,172,289
2011-04-28,207,336
2011-04-29,175,411
2011-04-30,168,215
2011-05-01,267,340
2011-05-02,117,402
2011-05-03,126,261
2011-05-04,206,357
2011-05-05,249,400
2011-05-06,157,409
2011-05-07,164,210
2011-05-08,100,273
2011-05-09,239,379
2011-05-10,104,370
2011-05-11,200,337
2011-05-12,254,401
2011-05-13,201,481
2011-05-14,211,259
2011-05-15,157,326
2011-05-16,113,294
2011-05-17,210,348
2011-05-18,260,415
2011-05-19,279,496
2011-05-20,150,451
2011-05-21,155,210
2011-05-22,217,299
2011-05-23,127,333
2011-05-24,102,288
2011-05-25,231,353
2011-05-26,234,400
2011-05-27,182,457
2011-05-28,201,249
2011-05-29,145,349
2011-05-30,254,358
2011-05-31,276,404
2011-06-01,235,427
2011-06-02,201,381
2011-06-03,115,341
2011-06-04,137,188
2011-06-05,99,213
2011-06-06,161,261
2011-06-07,207,378
2011-06-08,266,449
2011-06-09,261,464
2011-06-10,163,430
2011-06-11,184,230
2011-06-12,175,306
2011-06-13,152,316
2011-06-14,226,390
2011-06-15,262,421
2011-06-16,237,403
2011-06-17,142,435
2011-06-18,165,211
2011-06-19,142,289
2011-06-20,205,318
2011-06-21,254,466
2011-06-22,242,397
2011-06-23,251,427
2011-06-24,157,427
2011-06-25,181,227
2011-06-26,111,274
2011-06-27,250,385
2011-06-28,245,408
2011-06-29,136,396
2011-06-30,98,257
2011-07-01,129,268
2011-07-02,159,207
2011-07-03,120,234
2011-07-04,180,202
2011-07-05,225,332
2011-07-06,182,388
2011-07-07,183,317
2011-07-08,109,302
2011-07-09,149,197
2011-07-10,84,245
2011-07-11,56,144
2011-07-12,75,132
2011-07-13,148,216
2011-07-14,198,269
2011-07-15,125,324
2011-07-16,172,200
2011-07-17,113,221
2011-07-18,71,195
2011-07-19,54,132
2011-07-20,161,219
2011-07-21,170,237
2011-07-22,100,271
2011-07-23,159,205
2011-07-24,90,201
2011-07-25,85,166
2011-07-26,197,277
2011-07-27,216,305
2011-07-28,189,304
2011-07-29,127,283
2011-07-30,218,255
2011-07-31,239,268
2011-08-01,89,293
2011-08-02,177,264
2011-08-03,188,248
2011-08-04,225,272
2011-08-05,85,306
2011-08-06,203,246
2011-08-07,90,238
2011-08-08,52,147
2011-08-09,133,198
2011-08-10,139,192
2011-08-11,190,241
2011-08-12,67,250
2011-08-13,162,183
2011-08-14,68,202
2011-08-15,63,120
2011-08-16,152,190
2011-08-17,118,232
2011-08-18,151,209
2011-08-19,128,285
2011-08-20,194,217
2011-08-21,101,246
2011-08-22,83,171
2011-08-23,156,236
2011-08-24,175,247
2011-08-25,219,272
2011-08-26,135,328
2011-08-27,143,182
2011-08-28,68,163
2011-08-29,86,136
2011-08-30,166,236
2011-08-31,141,219
2011-09-01,157,195
2011-09-02,85,242
2011-09-03,149,162
2011-09-04,128,200
2011-09-05,86,163
2011-09-06,95,184
2011-09-07,246,347
2011-09-08,204,314
2011-09-09,81,276
2011-09-10,176,203
2011-09-11,118,223
2011-09-12,104,179
2011-09-13,120,197
2011-09-14,228,325
2011-09-15,192,301
2011-09-16,135,353
2011-09-17,168,246
2011-09-18,175,217
2011-09-19,78,229
2011-09-20,71,155
2011-09-21,137,223
2011-09-22,168,207
2011-09-23,106,272
2011-09-24,180,205
2011-09-25,74,210
2011-09-26,55,114
2011-09-27,82,150
2011-09-28,198,276
2011-09-29,232,360
2011-09-30,149,396
2011-10-01,254,341
2011-10-02,153,343
2011-10-03,112,270
2011-10-04,183,316
2011-10-05,170,303
2011-10-06,227,342
2011-10-07,126,373
2011-10-08,195,291
2011-10-09,158,306
2011-10-10,155,283
2011-10-11,165,302
2011-10-12,217,371
2011-10-13,258,408
2011-10-14,139,418
2011-10-15,195,290
2011-10-16,121,297
2011-10-17,123,248
2011-10-18,161,331
2011-10-19,160,293
2011-10-20,244,375
2011-10-21,182,445
2011-10-22,228,341
2011-10-23,136,352
2011-10-24,127,287
2011-10-25,183,344
2011-10-26,228,362
2011-10-27,225,401
2011-10-28,133,376
2011-10-29,192,289
2011-10-30,143,302
2011-10-31,164,297
2011-11-01,264,420
2011-11-02,220,407
2011-11-03,243,393
2011-11-04,136,394
2011-11-05,197,287
2011-11-06,109,302
2011-11-07,112,219
2011-11-08,106,240
2011-11-09,110,224
2011-11-10,154,264
2011-11-11,214,355
2011-11-12,249,344
2011-11-13,249,378
2011-11-14,173,391
2011-11-15,124,335
2011-11-16,215,354
2011-11-17,213,361
2011-11-18,153,383
2011-11-19,221,315
2011-11-20,245,344
2011-11-21,144,398
2011-11-22,201,353
2011-11-23,265,413
2011-11-24,288,416
2011-11-25,194,495
2011-11-26,275,371
2011-11-27,194,405
2011-11-28,143,347
2011-11-29,158,296
2011-11-30,182,427
2011-12-01,134,328
2011-12-02,161,341
2011-12-03,185,322
2011-12-04,174,336
2011-12-05,144,343
2011-12-06,126,281
2011-12-07,189,319
2011-12-08,178,404
2011-12-09,144,323
2011-12-10,214,309
2011-12-11,164,322
2011-12-12,204,373
2011-12-13,151,344
2011-12-14,146,304
2011-12-15,159,295
2011-12-16,107,292
2011-12-17,199,275
2011-12-18,180,324
2011-12-19,136,283
2011-12-20,179,315
2011-12-21,179,339
2011-12-22,190,340
2011-12-23,161,350
2011-12-24,256,335
2011-12-25,257,384
2011-12-26,201,361
2011-12-27,181,332
2011-12-28,186,367
2011-12-29,119,313
2011-12-30,124,254
2011-12-31,163,280
2012-01-01,160,298
2012-01-02,115,270
2012-01-03,131,245
2012-01-04,93,206
2012-01-05,127,213
2012-01-06,155,407
2012-01-07,239,247
2012-01-08,101,284
2012-01-09,109,205
2012-01-10,138,242
2012-01-11,144,274
2012-01-12,130,300
2012-01-13,167,319
2012-01-14,229,427
2012-01-15,196,420
2012-01-16,199,414
2012-01-17,163,387
2012-01-18,181,399
2012-01-19,151,363
2012-01-20,180,359
2012-01-21,196,396
2012-01-22,107,340
2012-01-23,169,293
2012-01-24,155,347
2012-01-25,175,348
2012-01-26,156,395
2012-01-27,191,391
2012-01-28,249,476
2012-01-29,226,463
2012-01-30,192,426
2012-01-31,203,429
2012-02-01,146,370
2012-02-02,174,321
2012-02-03,175,409
2012-02-04,230,425
2012-02-05,239,470
2012-02-06,229,439
2012-02-07,190,442
2012-02-08,171,382
2012-02-09,200,354
2012-02-10,166,430
2012-02-11,206,407
2012-02-12,120,361
2012-02-13,167,307
2012-02-14,199,370
2012-02-15,209,393
2012-02-16,168,433
2012-02-17,205,416
2012-02-18,239,462
2012-02-19,265,483
2012-02-20,188,437
2012-02-21,180,331
2012-02-22,170,369
2012-02-23,189,402
2012-02-24,219,417
2012-02-25,275,490
2012-02-26,243,502
2012-02-27,169,446
2012-02-28,247,445
2012-02-29,254,524
2012-03-01,176,481
2012-03-02,147,371
2012-03-03,209,395
2012-03-04,237,369
2012-03-05,159,456
2012-03-06,221,403
2012-03-07,174,421
2012-03-08,189,412
2012-03-09,193,433
2012-03-10,185,371
2012-03-11,203,425
2012-03-12,172,412
2012-03-13,205,424
2012-03-14,187,389
2012-03-15,208,455
2012-03-16,221,480
2012-03-17,238,494
2012-03-18,245,476
2012-03-19,204,475
2012-03-20,174,443
2012-03-21,169,401
2012-03-22,184,392
2012-03-23,197,418
2012-03-24,239,488
2012-03-25,213,487
2012-03-26,192,471
2012-03-27,199,448
2012-03-28,189,447
2012-03-29,162,429
2012-03-30,216,445
2012-03-31,255,534
2012-04-01,253,483
2012-04-02,204,475
2012-04-03,194,464
2012-04-04,246,457
2012-04-05,237,501
2012-04-06,203,477
2012-04-07,211,455
2012-04-08,182,441
2012-04-09,164,396
2012-04-10,215,458
2012-04-11,188,462
2012-04-12,224,456
2012-04-13,214,490
2012-04-14,238,462
2012-04-15,228,481
2012-04-16,246,518
2012-04-17,173,497
2012-04-18,165,439
2012-04-19,185,413
2012-04-20,241,471
2012-04-21,280,496
2012-04-22,230,549
2012-04-23,254,535
2012-04-24,237,506
2012-04-25,209,486
2012-04-26,211,484
2012-04-27,205,460
2012-04-28,221,452
2012-04-29,206,432
2012-04-30,212,473
2012-05-01,198,468
2012-05-02,215,476
2012-05-03,193,468
2012-05-04,190,449
2012-05-05,211,455
2012-05-06,206,455
2012-05-07,182,456
2012-05-08,192,434
2012-05-09,181,428
2012-05-10,170,375
2012-05-11,262,530
2012-05-12,269,331
2012-05-13,208,317
2012-05-14,201,289
2012-05-15,218,304
2012-05-16,253,439
2012-05-17,200,506
2012-05-18,228,492
2012-05-19,229,435
2012-05-20,243,431
2012-05-21,191,438
2012-05-22,135,387
2012-05-23,135,372
2012-05-24,153,301
2012-05-25,225,377
2012-05-26,258,318
2012-05-27,247,318
2012-05-28,191,357
2012-05-29,171,303
2012-05-30,186,430
2012-05-31,214,426
2012-06-01,189,413
2012-06-02,261,442
2012-06-03,189,413
2012-06-04,220,422
2012-06-05,175,450
2012-06-06,190,405
2012-06-07,150,350
2012-06-08,219,435
2012-06-09,244,481
2012-06-10,204,439
2012-06-11,141,291
2012-06-12,180,362
2012-06-13,180,421
2012-06-14,231,406
2012-06-15,172,429
2012-06-16,240,417
2012-06-17,176,396
2012-06-18,153,344
2012-06-19,153,324
2012-06-20,136,342
2012-06-21,175,349
2012-06-22,173,365
2012-06-23,214,395
2012-06-24,172,370
2012-06-25,204,397
2012-06-26,119,360
2012-06-27,99,254
2012-06-28,126,238
2012-06-29,243,397
2012-06-30,183,397
2012-07-01,180,353
2012-07-02,197,402
2012-07-03,185,374
2012-07-04,140,332
2012-07-05,167,293
2012-07-06,108,289
2012-07-07,174,299
2012-07-08,133,315
2012-07-09,194,326
2012-07-10,109,307
2012-07-11,158,270
2012-07-12,198,360
2012-07-13,120,301
2012-07-14,114,244
2012-07-15,115,237
2012-07-16,126,241
2012-07-17,123,269
2012-07-18,213,357
2012-07-19,119,347
2012-07-20,171,316
2012-07-21,166,366
2012-07-22,166,284
2012-07-23,80,263
2012-07-24,140,237
2012-07-25,128,288
2012-07-26,106,242
2012-07-27,185,364
2012-07-28,159,358
2012-07-29,139,288
2012-07-30,149,302
2012-07-31,102,267
2012-08-01,127,249
2012-08-02,159,308
2012-08-03,142,282
2012-08-04,213,316
2012-08-05,145,309
2012-08-06,118,328
2012-08-07,184,374
2012-08-08,121,331
2012-08-09,68,197
2012-08-10,134,202
2012-08-11,179,247
2012-08-12,149,309
2012-08-13,206,336
2012-08-14,142,423
2012-08-15,125,292
2012-08-16,196,335
2012-08-17,133,363
2012-08-18,211,326
2012-08-19,183,317
2012-08-20,125,331
2012-08-21,94,256
2012-08-22,92,225
2012-08-23,131,205
2012-08-24,167,324
2012-08-25,116,289
2012-08-26,153,288
2012-08-27,129,304
2012-08-28,148,320
2012-08-29,122,314
2012-08-30,175,324
2012-08-31,151,345
2012-09-01,205,386
2012-09-02,123,337
2012-09-03,158,268
2012-09-04,101,282
2012-09-05,129,260
2012-09-06,148,299
2012-09-07,183,402
2012-09-08,174,307
2012-09-09,111,298
2012-09-10,83,222
2012-09-11,131,238
2012-09-12,126,268
2012-09-13,113,329
2012-09-14,262,377
2012-09-15,152,433
2012-09-16,119,272
2012-09-17,89,236
2012-09-18,109,272
2012-09-19,110,267
2012-09-20,130,270
2012-09-21,184,318
2012-09-22,200,350
2012-09-23,191,367
2012-09-24,112,335
2012-09-25,126,267
2012-09-26,152,313
2012-09-27,170,345
2012-09-28,122,317
2012-09-29,126,305
2012-09-30,104,236
2012-10-01,92,162
2012-10-02,159,269
2012-10-03,73,267
2012-10-04,94,262
2012-10-05,114,291
2012-10-06,146,263
2012-10-07,123,275
2012-10-08,149,247
2012-10-09,169,286
2012-10-10,125,335
2012-10-11,135,273
2012-10-12,145,309
2012-10-13,145,274
2012-10-14,173,271
2012-10-15,154,307
2012-10-16,203,393
2012-10-17,170,390
2012-10-18,154,414
2012-10-19,178,396
2012-10-20,130,331
2012-10-21,205,331
2012-10-22,190,382
2012-10-23,147,323
2012-10-24,191,365
2012-10-25,134,340
2012-10-26,149,345
2012-10-27,220,386
2012-10-28,153,408
2012-10-29,105,284
2012-10-30,100,254
2012-10-31,123,275
2012-11-01,108,285
2012-11-02,172,343
2012-11-03,161,330
2012-11-04,145,331
2012-11-05,109,328
2012-11-06,92,246
2012-11-07,151,278
2012-11-08,165,365
2012-11-09,145,299
2012-11-10,212,348
2012-11-11,186,372
2012-11-12,121,277
2012-11-13,110,258
2012-11-14,144,273
2012-11-15,118,283
2012-11-16,130,282
2012-11-17,169,330
2012-11-18,89,248
2012-11-19,92,171
2012-11-20,105,231
2012-11-21,210,347
2012-11-22,190,336
2012-11-23,138,334
2012-11-24,187,303
2012-11-25,190,355
2012-11-26,123,309
2012-11-27,103,259
2012-11-28,120,265
2012-11-29,107,268
2012-11-30,147,322
2012-12-01,153,288
2012-12-02,124,292
2012-12-03,73,215
2012-12-04,143,235
2012-12-05,142,302
2012-12-06,112,292
2012-12-07,116,271
2012-12-08,151,272
2012-12-09,160,328
2012-12-10,175,320
2012-12-11,164,364
2012-12-12,131,316
2012-12-13,111,283
2012-12-14,93,260
2012-12-15,125,235
2012-12-16,146,271
2012-12-17,201,306
2012-12-18,119,313
2012-12-19,109,263
2012-12-20,122,250
2012-12-21,147,291
2012-12-22,136,304
2012-12-23,145,285
2012-12-24,222,357
2012-12-25,255,341
2012-12-26,202,337
2012-12-27,187,371
2012-12-28,111,289
2012-12-29,194,296
2012-12-30,184,371
2012-12-31,204,358
2013-01-01,193,352
2013-01-02,197,369
2013-01-03,115,308
2013-01-04,135,289
2013-01-05,101,269
2013-01-06,106,232
2013-01-07,100,189
2013-01-08,138,251
2013-01-09,154,300
2013-01-10,91,277
2013-01-11,134,291
2013-01-12,126,306
2013-01-13,133,292
2013-01-14,102,259
2013-01-15,156,321
2013-01-16,186,394
2013-01-17,211,431
2013-01-18,137,419
2013-01-19,151,295
2013-01-20,188,359
2013-01-21,238,354
2013-01-22,165,429
2013-01-23,246,471
2013-01-24,158,460
2013-01-25,162,400
2013-01-26,202,422
2013-01-27,181,434
2013-01-28,114,235
2013-01-29,106,197
2013-01-30,168,250
2013-01-31,258,407
2013-02-01,103,343
2013-02-02,133,195
2013-02-03,189,205
2013-02-04,230,335
2013-02-05,254,364
2013-02-06,266,368
2013-02-07,247,373
2013-02-08,178,409
2013-02-09,206,238
2013-02-10,262,278
2013-02-11,226,343
2013-02-12,190,329
2013-02-13,184,322
2013-02-14,214,337
2013-02-15,113,337
2013-02-16,131,156
2013-02-17,164,216
2013-02-18,167,210
2013-02-19,100,217
2013-02-20,96,200
2013-02-21,102,166
2013-02-22,109,228
2013-02-23,169,205
2013-02-24,200,257
2013-02-25,206,273
2013-02-26,178,325
2013-02-27,166,292
2013-02-28,192,319
2013-03-01,61,261
2013-03-02,98,114
2013-03-03,81,173
2013-03-04,62,138
2013-03-05,140,176
2013-03-06,106,236
2013-03-07,99,199
2013-03-08,85,176
2013-03-09,171,191
2013-03-10,209,214
2013-03-11,118,290
2013-03-12,113,224
2013-03-13,191,256
2013-03-14,179,258
2013-03-15,58,253
2013-03-16,84,105
2013-03-17,58,141
2013-03-18,75,124
2013-03-19,82,182
2013-03-20,140,238
2013-03-21,164,288
2013-03-22,68,283
2013-03-23,188,202
2013-03-24,115,237
2013-03-25,187,223
2013-03-26,207,271
2013-03-27,174,404
2013-03-28,141,326
2013-03-29,106,228
2013-03-30,260,292
2013-03-31,156,319
2013-04-01,204,303
2013-04-02,265,394
2013-04-03,204,415
2013-04-04,258,366
2013-04-05,134,382
2013-04-06,185,232
2013-04-07,97,230
2013-04-08,131,192
2013-04-09,223,403
2013-04-10,172,361
2013-04-11,265,330
2013-04-12,154,439
2013-04-13,195,302
2013-04-14,141,299
2013-04-15,136,216
2013-04-16,175,289
2013-04-17,92,283
2013-04-18,175,269
2013-04-19,85,277
2013-04-20,155,184
2013-04-21,169,235
2013-04-22,182,271
2013-04-23,188,305
2013-04-24,161,277
2013-04-25,212,310
2013-04-26,135,329
2013-04-27,212,254
2013-04-28,207,264
2013-04-29,293,392
2013-04-30,205,448
2013-05-01,158,275
2013-05-02,139,289
2013-05-03,237,404
2013-05-04,283,334
2013-05-05,251,358
2013-05-06,177,395
2013-05-07,166,342
2013-05-08,170,251
2013-05-09,237,335
2013-05-10,236,432
2013-05-11,268,320
2013-05-12,157,293
2013-05-13,166,303
2013-05-14,202,340
2013-05-15,284,394
2013-05-16,329,437
2013-05-17,150,474
2013-05-18,164,201
2013-05-19,266,341
2013-05-20,204,327
2013-05-21,141,310
2013-05-22,74,197
2013-05-23,103,167
2013-05-24,144,323
2013-05-25,179,222
2013-05-26,224,256
2013-05-27,268,302
2013-05-28,231,393
2013-05-29,204,304
2013-05-30,274,366
2013-05-31,157,437
2013-06-01,238,245
2013-06-02,217,261
2013-06-03,182,280
2013-06-04,178,267
2013-06-05,214,301
2013-06-06,219,350
2013-06-07,110,317
2013-06-08,112,179
2013-06-09,85,164
2013-06-10,134,158
2013-06-11,42,174
2013-06-12,87,130
2013-06-13,115,214
2013-06-14,117,263
2013-06-15,114,157
2013-06-16,175,177
2013-06-17,119,278
2013-06-18,119,226
2013-06-19,91,224
2013-06-20,110,193
2013-06-21,148,265
2013-06-22,126,196
2013-06-23,188,212
2013-06-24,216,296
2013-06-25,154,347
2013-06-26,118,238
2013-06-27,123,206
2013-06-28,178,239
2013-06-29,209,217
2013-06-30,220,249
2013-07-01,159,317
2013-07-02,239,316
2013-07-03,127,384
2013-07-04,113,164
2013-07-05,123,257
2013-07-06,135,163
2013-07-07,117,192
2013-07-08,146,215
2013-07-09,111,229
2013-07-10,100,188
2013-07-11,123,175
2013-07-12,173,228
2013-07-13,204,245
2013-07-14,182,242
2013-07-15,131,298
2013-07-16,137,225
2013-07-17,129,259
2013-07-18,78,177
2013-07-19,109,182
2013-07-20,181,194
2013-07-21,189,203
2013-07-22,80,291
2013-07-23,99,176
2013-07-24,59,189
2013-07-25,72,152
2013-07-26,122,201
2013-07-27,124,187
2013-07-28,145,160
2013-07-29,80,207
2013-07-30,66,163
2013-07-31,108,181
2013-08-01,112,211
2013-08-02,83,231
2013-08-03,121,155
2013-08-04,138,141
2013-08-05,97,224
2013-08-06,148,204
2013-08-07,172,263
2013-08-08,105,288
2013-08-09,109,236
2013-08-10,91,152
2013-08-11,128,132
2013-08-12,181,202
2013-08-13,189,275
2013-08-14,156,330
2013-08-15,159,304
2013-08-16,157,306
2013-08-17,201,250
2013-08-18,240,249
2013-08-19,129,338
2013-08-20,107,213
2013-08-21,48,160
2013-08-22,166,217
2013-08-23,72,277
2013-08-24,91,118
2013-08-25,122,138
2013-08-26,61,164
2013-08-27,62,122
2013-08-28,63,169
2013-08-29,30,116
2013-08-30,61,135
2013-08-31,90,104
2013-09-01,123,128
2013-09-02,152,154
2013-09-03,50,217
2013-09-04,69,129
2013-09-05,66,160
2013-09-06,119,207
2013-09-07,136,167
2013-09-08,162,164
2013-09-09,187,265
2013-09-10,156,288
2013-09-11,66,215
2013-09-12,82,178
2013-09-13,100,216
2013-09-14,174,181
2013-09-15,197,211
2013-09-16,144,262
2013-09-17,85,229
2013-09-18,85,181
2013-09-19,66,207
2013-09-20,146,251
2013-09-21,163,196
2013-09-22,191,202
2013-09-23,114,276
2013-09-24,191,266
2013-09-25,122,308
2013-09-26,198,286
2013-09-27,202,277
2013-09-28,240,253
2013-09-29,260,269
2013-09-30,188,317
2013-10-01,127,293
2013-10-02,48,198
2013-10-03,44,163
2013-10-04,123,173
2013-10-05,102,171
2013-10-06,136,138
2013-10-07,84,224
2013-10-08,136,216
2013-10-09,73,235
2013-10-10,66,172
2013-10-11,60,202
2013-10-12,85,95
2013-10-13,129,147
2013-10-14,110,186
2013-10-15,87,201
2013-10-16,85,191
2013-10-17,58,151
2013-10-18,59,213
2013-10-19,132,145
2013-10-20,179,189
2013-10-21,137,265
2013-10-22,107,242
2013-10-23,70,220
2013-10-24,85,169
2013-10-25,134,299
2013-10-26,144,166
2013-10-27,190,192
2013-10-28,60,257
2013-10-29,98,137
2013-10-30,174,233
2013-10-31,115,303
2013-11-01,138,242
2013-11-02,156,201
2013-11-03,171,179
2013-11-04,113,260
2013-11-05,174,292
2013-11-06,87,267
2013-11-07,139,201
2013-11-08,99,268
2013-11-09,119,151
2013-11-10,172,182
2013-11-11,259,265
2013-11-12,152,349
2013-11-13,173,270
2013-11-14,253,317
2013-11-15,154,443
2013-11-16,162,191
2013-11-17,196,196
2013-11-18,133,289
2013-11-19,144,238
2013-11-20,92,242
2013-11-21,131,233
2013-11-22,192,304
2013-11-23,156,253
2013-11-24,182,186
2013-11-25,102,267
2013-11-26,96,203
2013-11-27,166,336
2013-11-28,181,236
2013-11-29,83,254
2013-11-30,97,107
2013-12-01,109,141
2013-12-02,50,166
2013-12-03,75,168
2013-12-04,55,167
2013-12-05,101,192
2013-12-06,159,256
2013-12-07,89,199
2013-12-08,127,133
2013-12-09,121,247
2013-12-10,176,235
2013-12-11,120,331
2013-12-12,52,217
2013-12-13,110,192
2013-12-14,137,184
2013-12-15,168,173
2013-12-16,93,268
2013-12-17,96,200
2013-12-18,106,230
2013-12-19,106,246
2013-12-20,217,268
2013-12-21,130,236
2013-12-22,121,156
2013-12-23,84,203
2013-12-24,141,250
2013-12-25,178,184
2013-12-26,104,224
2013-12-27,64,238
2013-12-28,96,119
2013-12-29,135,142
2013-12-30,76,219
2013-12-31,140,252
2014-01-01,172,194
2014-01-02,121,271
2014-01-03,101,251
2014-01-04,132,143
2014-01-05,148,151
2014-01-06,212,246
2014-01-07,192,323
2014-01-08,177,313
2014-01-09,101,253
2014-01-10,89,243
2014-01-11,85,98
2014-01-12,98,101
2014-01-13,117,192
2014-01-14,127,250
2014-01-15,98,243
2014-01-16,220,328
2014-01-17,205,286
2014-01-18,255,259
2014-01-19,297,303
2014-01-20,186,337
2014-01-21,37,262
2014-01-22,50,102
2014-01-23,148,175
2014-01-24,166,290
2014-01-25,179,203
2014-01-26,224,224
2014-01-27,94,275
2014-01-28,161,223
2014-01-29,195,325
2014-01-30,155,299
2014-01-31,107,283
2014-02-01,133,172
2014-02-02,163,175
2014-02-03,69,244
2014-02-04,74,175
2014-02-05,141,207
2014-02-06,104,279
2014-02-07,172,243
2014-02-08,139,245
2014-02-09,186,188
2014-02-10,97,266
2014-02-11,102,243
2014-02-12,73,221
2014-02-13,113,192
2014-02-14,186,299
2014-02-15,122,228
2014-02-16,163,173
2014-02-17,114,210
2014-02-18,49,182
2014-02-19,102,175
2014-02-20,100,233
2014-02-21,144,295
2014-02-22,144,196
2014-02-23,183,184
2014-02-24,64,242
2014-02-25,135,190
2014-02-26,124,256
2014-02-27,116,222
2014-02-28,88,239
2014-03-01,92,108
2014-03-02,153,156
2014-03-03,99,250
2014-03-04,167,314
2014-03-05,136,303
2014-03-06,174,242
2014-03-07,124,354
2014-03-08,133,170
2014-03-09,149,187
2014-03-10,97,248
2014-03-11,95,205
2014-03-12,152,249
2014-03-13,147,263
2014-03-14,149,299
2014-03-15,140,189
2014-03-16,179,202
2014-03-17,92,298
2014-03-18,107,275
2014-03-19,190,274
2014-03-20,242,357
2014-03-21,307,431
2014-03-22,228,327
2014-03-23,257,272
2014-03-24,301,380
2014-03-25,160,463
2014-03-26,129,282
2014-03-27,162,258
2014-03-28,146,301
2014-03-29,119,199
2014-03-30,175,196
2014-03-31,121,293
2014-04-01,57,241
2014-04-02,72,152
2014-04-03,101,155
2014-04-04,89,237
2014-04-05,127,149
2014-04-06,165,170
2014-04-07,165,284
2014-04-08,136,261
2014-04-09,119,259
2014-04-10,141,255
2014-04-11,112,286
2014-04-12,136,159
2014-04-13,170,184
2014-04-14,181,341
2014-04-15,125,262
2014-04-16,205,329
2014-04-17,163,334
2014-04-18,208,356
2014-04-19,151,231
2014-04-20,178,212
2014-04-21,149,318
2014-04-22,79,318
2014-04-23,118,225
2014-04-24,118,275
2014-04-25,162,272
2014-04-26,158,244
2014-04-27,182,207
2014-04-28,61,259
2014-04-29,196,277
2014-04-30,77,306
2014-05-01,82,173
2014-05-02,148,274
2014-05-03,125,171
2014-05-04,151,161
2014-05-05,133,242
2014-05-06,66,220
2014-05-07,47,159
2014-05-08,90,181
2014-05-09,114,268
2014-05-10,129,214
2014-05-11,225,256
2014-05-12,137,391
2014-05-13,146,322
2014-05-14,111,270
2014-05-15,69,210
2014-05-16,181,243
2014-05-17,127,220
2014-05-18,216,230
2014-05-19,94,278
2014-05-20,111,195
2014-05-21,128,234
2014-05-22,123,211
2014-05-23,245,428
2014-05-24,293,423
2014-05-25,284,325
2014-05-26,235,366
2014-05-27,250,336
2014-05-28,187,367
2014-05-29,83,280
2014-05-30,108,185
2014-05-31,91,167
2014-06-01,126,136
2014-06-02,86,211
2014-06-03,68,203
2014-06-04,137,208
2014-06-05,272,400
2014-06-06,253,388
2014-06-07,218,333
2014-06-08,201,273
2014-06-09,130,329
2014-06-10,58,236
2014-06-11,232,264
2014-06-12,210,344
2014-06-13,108,355
2014-06-14,117,162
2014-06-15,160,171
2014-06-16,220,299
2014-06-17,192,318
2014-06-18,174,296
2014-06-19,130,271
2014-06-20,147,274
2014-06-21,142,177
2014-06-22,210,211
2014-06-23,197,409
2014-06-24,193,283
2014-06-25,194,333
2014-06-26,136,488
2014-06-27,260,326
2014-06-28,179,317
2014-06-29,217,217
2014-06-30,208,335
2014-07-01,148,444
2014-07-02,90,251
2014-07-03,258,360
2014-07-04,187,313
2014-07-05,209,221
2014-07-06,183,244
2014-07-07,110,259
2014-07-08,177,292
2014-07-09,146,289
2014-07-10,144,306
2014-07-11,247,367
2014-07-12,158,276
2014-07-13,204,208
2014-07-14,179,360
2014-07-15,142,332
2014-07-16,198,307
2014-07-17,114,316
2014-07-18,194,287
2014-07-19,106,225
2014-07-20,148,153
2014-07-21,98,217
2014-07-22,66,174
2014-07-23,50,140
2014-07-24,111,150
2014-07-25,141,259
2014-07-26,94,190
2014-07-27,122,123
2014-07-28,141,240
2014-07-29,127,242
2014-07-30,146,244
2014-07-31,204,390
2014-08-01,191,317
2014-08-02,184,215
2014-08-03,202,205
2014-08-04,179,290
2014-08-05,113,295
2014-08-06,207,248
2014-08-07,108,298
2014-08-08,148,299
2014-08-09,105,171
2014-08-10,122,129
2014-08-11,80,172
2014-08-12,72,149
2014-08-13,87,151
2014-08-14,63,139
2014-08-15,195,253
2014-08-16,144,217
2014-08-17,105,164
2014-08-18,83,181
2014-08-19,157,241
2014-08-20,94,248
2014-08-21,80,173
2014-08-22,124,250
2014-08-23,102,141
2014-08-24,121,126
2014-08-25,112,210
2014-08-26,113,212
2014-08-27,96,178
2014-08-28,90,179
2014-08-29,171,247
2014-08-30,83,184
2014-08-31,98,102
2014-09-01,154,183
2014-09-02,103,217
2014-09-03,61,157
2014-09-04,97,151
2014-09-05,119,206
2014-09-06,102,195
2014-09-07,119,119
2014-09-08,128,216
2014-09-09,153,251
2014-09-10,117,272
2014-09-11,187,253
2014-09-12,238,320
2014-09-13,208,264
2014-09-14,235,237
2014-09-15,211,314
2014-09-16,178,311
2014-09-17,110,282
2014-09-18,180,296
2014-09-19,147,323
2014-09-20,81,170
2014-09-21,102,107
2014-09-22,151,237
2014-09-23,196,317
2014-09-24,85,262
2014-09-25,99,188
2014-09-26,132,216
2014-09-27,121,201
2014-09-28,142,149
2014-09-29,88,217
2014-09-30,103,177
2014-10-01,119,200
2014-10-02,117,218
2014-10-03,119,219
2014-10-04,79,135
2014-10-05,90,100
2014-10-06,113,190
2014-10-07,147,222
2014-10-08,83,235
2014-10-09,111,171
2014-10-10,194,298
2014-10-11,91,225
2014-10-12,118,124
2014-10-13,89,141
2014-10-14,85,157
2014-10-15,84,168
2014-10-16,94,185
2014-10-17,113,194
2014-10-18,59,128
2014-10-19,84,84
2014-10-20,102,172
2014-10-21,105,195
2014-10-22,110,201
2014-10-23,85,200
2014-10-24,157,232
2014-10-25,77,181
2014-10-26,94,97
2014-10-27,79,178
2014-10-28,91,163
2014-10-29,112,190
2014-10-30,82,182
2014-10-31,82,196
2014-11-01,82,111
2014-11-02,119,120
2014-11-03,60,179
2014-11-04,38,137
2014-11-05,80,142
2014-11-06,103,177
2014-11-07,99,229
2014-11-08,98,122
2014-11-09,121,123
2014-11-10,139,246
2014-11-11,105,182
2014-11-12,80,166
2014-11-13,76,150
2014-11-14,101,166
2014-11-15,86,124
2014-11-16,99,110
2014-11-17,85,175
2014-11-18,62,151
2014-11-19,51,125
2014-11-20,59,124
2014-11-21,133,182
2014-11-22,102,164
2014-11-23,135,137
2014-11-24,129,225
2014-11-25,112,229
2014-11-26,247,318
2014-11-27,164,332
2014-11-28,127,214
2014-11-29,118,136
2014-11-30,135,141
2014-12-01,181,220
2014-12-02,121,258
2014-12-03,121,208
2014-12-04,179,240
2014-12-05,118,286
2014-12-06,96,138
2014-12-07,109,113
2014-12-08,121,213
2014-12-09,116,188
2014-12-10,136,192
2014-12-11,144,254
2014-12-12,159,289
2014-12-13,111,201
2014-12-14,151,151
2014-12-15,113,229
2014-12-16,49,190
2014-12-17,100,156
2014-12-18,89,206
2014-12-19,156,235
2014-12-20,100,173
2014-12-21,144,146
2014-12-22,81,194
2014-12-23,55,157
2014-12-24,151,201
2014-12-25,104,212
2014-12-26,149,159
2014-12-27,154,166
2014-12-28,161,186
2014-12-29,129,256
2014-12-30,104,230
2014-12-31,82,203
2015-01-01,106,133
2015-01-02,92,191
2015-01-03,59,104
2015-01-04,92,104
2015-01-05,93,181
2015-01-06,54,167
2015-01-07,73,130
2015-01-08,143,168
2015-01-09,171,301
2015-01-10,103,182
2015-01-11,92,120
2015-01-12,95,184
2015-01-13,113,203
2015-01-14,56,183
2015-01-15,127,175
2015-01-16,217,309
2015-01-17,150,246
2015-01-18,119,173
2015-01-19,143,166
2015-01-20,116,226
2015-01-21,57,153
2015-01-22,113,126
2015-01-23,144,242
2015-01-24,129,169
2015-01-25,142,150
2015-01-26,91,203
2015-01-27,72,148
2015-01-28,74,137
2015-01-29,117,187
2015-01-30,83,206
2015-01-31,102,126
2015-02-01,122,124
2015-02-02,62,188
2015-02-03,57,176
2015-02-04,63,119
2015-02-05,88,134
2015-02-06,116,198
2015-02-07,110,163
2015-02-08,128,133
2015-02-09,86,203
2015-02-10,76,159
2015-02-11,82,176
2015-02-12,115,187
2015-02-13,178,264
2015-02-14,138,211
2015-02-15,138,163
2015-02-16,140,180
2015-02-17,76,208
2015-02-18,79,142
2015-02-19,151,197
2015-02-20,96,255
2015-02-21,103,129
2015-02-22,120,127
2015-02-23,126,207
2015-02-24,74,180
2015-02-25,48,134
2015-02-26,56,134
2015-02-27,107,160
2015-02-28,94,122
2015-03-01,121,123
2015-03-02,103,223
2015-03-03,65,180
2015-03-04,93,143
2015-03-05,92,197
2015-03-06,104,203
2015-03-07,117,138
2015-03-08,138,144
2015-03-09,178,227
2015-03-10,169,285
2015-03-11,142,241
2015-03-12,188,249
2015-03-13,100,288
2015-03-14,99,131
2015-03-15,124,135
2015-03-16,85,188
2015-03-17,53,165
2015-03-18,66,127
2015-03-19,89,175
2015-03-20,83,205
2015-03-21,95,117
2015-03-22,117,133
2015-03-23,121,214
2015-03-24,100,241
2015-03-25,113,200
2015-03-26,153,216
2015-03-27,121,271
2015-03-28,82,146
2015-03-29,103,106
2015-03-30,121,189
2015-03-31,95,200
2015-04-01,99,184
2015-04-02,110,165
2015-04-03,202,248
2015-04-04,148,226
2015-04-05,167,175
2015-04-06,77,239
2015-04-07,100,184
2015-04-08,133,191
2015-04-09,163,232
2015-04-10,166,326
2015-04-11,140,198
2015-04-12,149,158
2015-04-13,105,216
2015-04-14,100,185
2015-04-15,111,233
2015-04-16,74,184
2015-04-17,142,218
2015-04-18,98,165
2015-04-19,117,121
2015-04-20,166,241
2015-04-21,154,261
2015-04-22,133,259
2015-04-23,123,233
2015-04-24,107,257
2015-04-25,89,130
2015-04-26,119,123
2015-04-27,123,200
2015-04-28,60,208
2015-04-29,61,126
2015-04-30,90,166
2015-05-01,165,239
2015-05-02,168,199
2015-05-03,190,203
2015-05-04,159,252
2015-05-05,152,311
2015-05-06,217,286
2015-05-07,126,304
2015-05-08,111,226
2015-05-09,74,138
2015-05-10,115,120
2015-05-11,150,203
2015-05-12,117,249
2015-05-13,98,228
2015-05-14,84,185
2015-05-15,108,233
2015-05-16,111,147
2015-05-17,138,143
2015-05-18,104,236
2015-05-19,131,208
2015-05-20,136,274
2015-05-21,134,234
2015-05-22,234,347
2015-05-23,164,302
2015-05-24,190,210
2015-05-25,212,237
2015-05-26,215,314
2015-05-27,202,332
2015-05-28,180,292
2015-05-29,250,347
2015-05-30,195,282
2015-05-31,177,224
2015-06-01,251,378
2015-06-02,250,347
2015-06-03,166,380
2015-06-04,126,249
2015-06-05,182,259
2015-06-06,138,219
2015-06-07,174,189
2015-06-08,208,322
2015-06-09,197,300
2015-06-10,164,341
2015-06-11,220,284
2015-06-12,252,450
2015-06-13,218,322
2015-06-14,241,253
2015-06-15,178,333
2015-06-16,161,285
2015-06-17,265,359
2015-06-18,145,366
2015-06-19,214,308
2015-06-20,138,226
2015-06-21,154,156
2015-06-22,140,236
2015-06-23,94,237
2015-06-24,103,176
2015-06-25,81,182
2015-06-26,123,201
2015-06-27,85,162
2015-06-28,105,108
2015-06-29,118,227
2015-06-30,127,199
2015-07-01,183,247
2015-07-02,225,340
2015-07-03,61,269
2015-07-04,79,82
2015-07-05,92,106
2015-07-06,132,183
2015-07-07,105,207
2015-07-08,122,196
2015-07-09,124,188
2015-07-10,146,237
2015-07-11,164,237
2015-07-12,204,207
2015-07-13,222,331
2015-07-14,198,316
2015-07-15,181,356
2015-07-16,103,277
2015-07-17,169,253
2015-07-18,87,200
2015-07-19,107,115
2015-07-20,83,185
2015-07-21,79,159
2015-07-22,85,166
2015-07-23,95,162
2015-07-24,139,221
2015-07-25,91,158
2015-07-26,121,121
2015-07-27,102,201
2015-07-28,127,205
2015-07-29,91,226
2015-07-30,70,158
2015-07-31,143,213
2015-08-01,124,184
2015-08-02,138,144
2015-08-03,132,209
2015-08-04,100,196
2015-08-05,77,162
2015-08-06,84,153
2015-08-07,89,173
2015-08-08,82,106
2015-08-09,105,106
2015-08-10,91,188
2015-08-11,63,147
2015-08-12,97,158
2015-08-13,57,155
2015-08-14,112,166
2015-08-15,86,140
2015-08-16,103,103
2015-08-17,92,186
2015-08-18,69,166
2015-08-19,83,178
2015-08-20,75,162
2015-08-21,127,200
2015-08-22,80,148
2015-08-23,95,97
2015-08-24,97,181
2015-08-25,67,161
2015-08-26,104,168
2015-08-27,69,188
2015-08-28,133,212
2015-08-29,117,155
2015-08-30,131,154
2015-08-31,75,196
2015-09-01,55,127
2015-09-02,74,140
2015-09-03,52,127
2015-09-04,97,157
2015-09-05,93,151
2015-09-06,135,147
2015-09-07,132,169
2015-09-08,80,199
2015-09-09,115,189
2015-09-10,75,179
2015-09-11,95,169
2015-09-12,72,126
2015-09-13,98,106
2015-09-14,107,177
2015-09-15,86,181
2015-09-16,84,173
2015-09-17,80,163
2015-09-18,147,228
2015-09-19,96,183
2015-09-20,116,119
2015-09-21,109,196
2015-09-22,63,174
2015-09-23,159,203
2015-09-24,169,234
2015-09-25,146,265
2015-09-26,127,170
2015-09-27,133,189
2015-09-28,112,210
2015-09-29,107,198
2015-09-30,102,218
2015-10-01,56,152
2015-10-02,88,162
2015-10-03,85,125
2015-10-04,85,106
2015-10-05,97,154
2015-10-06,123,174
2015-10-07,133,219
2015-10-08,138,201
2015-10-09,232,299
2015-10-10,179,275
2015-10-11,193,200
2015-10-12,184,253
2015-10-13,155,286
2015-10-14,174,257
2015-10-15,146,252
2015-10-16,195,282
2015-10-17,173,254
2015-10-18,197,202
2015-10-19,236,249
2015-10-20,281,331
2015-10-21,253,379
2015-10-22,251,337
2015-10-23,317,405
2015-10-24,307,350
2015-10-25,274,359
2015-10-26,287,445
2015-10-27,206,367
2015-10-28,177,390
2015-10-29,101,251
2015-10-30,132,217
2015-10-31,94,167
2015-11-01,126,137
2015-11-02,137,216
2015-11-03,121,219
2015-11-04,107,216
2015-11-05,73,199
2015-11-06,88,164
2015-11-07,92,138
2015-11-08,97,120
2015-11-09,176,213
2015-11-10,96,244
2015-11-11,99,188
2015-11-12,95,171
2015-11-13,116,193
2015-11-14,134,183
2015-11-15,153,173
2015-11-16,150,236
2015-11-17,177,246
2015-11-18,118,243
2015-11-19,112,164
2015-11-20,113,190
2015-11-21,98,139
2015-11-22,125,133
2015-11-23,151,220
2015-11-24,100,241
2015-11-25,133,211
2015-11-26,96,182
2015-11-27,54,127
2015-11-28,65,85
2015-11-29,39,80
2015-11-30,55,91
2015-12-01,75,123
2015-12-02,112,185
2015-12-03,92,202
2015-12-04,124,207
2015-12-05,135,184
2015-12-06,193,225
2015-12-07,238,338
2015-12-08,125,302
2015-12-09,112,209
2015-12-10,84,188
2015-12-11,75,200
2015-12-12,120,142
2015-12-13,122,154
2015-12-14,144,204
2015-12-15,107,242
2015-12-16,76,164
2015-12-17,85,159
2015-12-18,176,262
2015-12-19,215,266
2015-12-20,157,260
2015-12-21,197,310
2015-12-22,109,296
2015-12-23,94,181
2015-12-24,117,198
2015-12-25,119,173
2015-12-26,157,174
2015-12-27,173,189
2015-12-28,170,255
2015-12-29,167,267
2015-12-30,159,262
2015-12-31,192,272
2016-01-01,155,253
2016-01-02,214,215
2016-01-03,251,269
2016-01-04,277,323
2016-01-05,196,380
2016-01-06,160,263
2016-01-07,142,201
2016-01-08,157,292
2016-01-09,165,202
2016-01-10,94,193
2016-01-11,76,149
2016-01-12,61,137
2016-01-13,41,98
2016-01-14,32,67
2016-01-15,135,166
2016-01-16,125,169
2016-01-17,141,160
2016-01-18,136,178
2016-01-19,87,214
2016-01-20,87,219
2016-01-21,104,184
2016-01-22,68,172
2016-01-23,81,107
2016-01-24,103,127
2016-01-25,76,166
2016-01-26,92,180
2016-01-27,88,185
2016-01-28,78,189
2016-01-29,97,181
2016-01-30,114,151
2016-01-31,115,139
2016-02-01,106,227
2016-02-02,80,200
2016-02-03,58,135
2016-02-04,101,156
2016-02-05,93,189
2016-02-06,143,168
2016-02-07,135,178
2016-02-08,124,210
2016-02-09,125,220
2016-02-10,128,204
2016-02-11,230,267
2016-02-12,147,352
2016-02-13,137,202
2016-02-14,189,202
2016-02-15,162,217
2016-02-16,127,259
2016-02-17,90,194
2016-02-18,102,178
2016-02-19,94,188
2016-02-20,112,147
2016-02-21,131,155
2016-02-22,95,198
2016-02-23,94,181
2016-02-24,115,179
2016-02-25,83,182
2016-02-26,141,232
2016-02-27,104,194
2016-02-28,109,135
2016-02-29,114,192
2016-03-01,88,187
2016-03-02,101,184
2016-03-03,81,170
2016-03-04,125,198
2016-03-05,125,178
2016-03-06,122,149
2016-03-07,90,179
2016-03-08,103,174
2016-03-09,68,178
2016-03-10,88,150
2016-03-11,121,200
2016-03-12,99,165
2016-03-13,118,139
2016-03-14,102,177
2016-03-15,150,229
2016-03-16,91,226
2016-03-17,131,186
2016-03-18,91,210
2016-03-19,107,148
2016-03-20,104,138
2016-03-21,72,157
2016-03-22,94,162
2016-03-23,82,151
2016-03-24,95,168
2016-03-25,118,209
2016-03-26,158,209
2016-03-27,196,209
2016-03-28,241,299
2016-03-29,156,302
2016-03-30,124,205
2016-03-31,216,269
2016-04-01,198,307
2016-04-02,150,232
2016-04-03,74,158
2016-04-04,112,156
2016-04-05,82,176
2016-04-06,90,170
2016-04-07,100,176
2016-04-08,98,197
2016-04-09,118,154
2016-04-10,134,160
2016-04-11,82,201
2016-04-12,71,149
2016-04-13,102,167
2016-04-14,89,177
2016-04-15,124,207
2016-04-16,130,165
2016-04-17,170,175
2016-04-18,104,231
2016-04-19,100,191
2016-04-20,135,205
2016-04-21,113,210
2016-04-22,184,295
2016-04-23,193,232
2016-04-24,185,216
2016-04-25,138,236
2016-04-26,119,229
2016-04-27,107,200
2016-04-28,90,188
2016-04-29,98,171
2016-04-30,115,176
2016-05-01,139,145
2016-05-02,140,212
2016-05-03,113,226
2016-05-04,163,239
2016-05-05,99,242
2016-05-06,134,223
2016-05-07,160,223
2016-05-08,176,200
2016-05-09,103,235
2016-05-10,111,216
2016-05-11,93,204
2016-05-12,101,176
2016-05-13,181,275
2016-05-14,173,269
2016-05-15,156,204
2016-05-16,153,226
2016-05-17,95,243
2016-05-18,144,231
2016-05-19,97,208
2016-05-20,127,213
2016-05-21,122,197
2016-05-22,122,143
2016-05-23,113,210
2016-05-24,150,235
2016-05-25,136,254
2016-05-26,152,233
2016-05-27,222,375
2016-05-28,206,297
2016-05-29,217,229
2016-05-30,222,227
2016-05-31,242,320
2016-06-01,201,343
2016-06-02,208,303
2016-06-03,268,416
2016-06-04,212,322
2016-06-05,219,221
2016-06-06,205,286
2016-06-07,181,370
2016-06-08,186,339
2016-06-09,212,347
2016-06-10,184,383
2016-06-11,174,247
2016-06-12,222,236
2016-06-13,246,354
2016-06-14,143,316
2016-06-15,241,379
2016-06-16,172,338
2016-06-17,308,373
2016-06-18,188,373
2016-06-19,221,233
2016-06-20,247,319
2016-06-21,226,399
2016-06-22,86,315
2016-06-23,89,196
2016-06-24,141,233
2016-06-25,160,227
2016-06-26,138,195
2016-06-27,118,224
2016-06-28,109,202
2016-06-29,154,211
2016-06-30,155,295
2016-07-01,128,282
2016-07-02,124,192
2016-07-03,133,146
2016-07-04,164,187
2016-07-05,161,293
2016-07-06,91,264
2016-07-07,105,194
2016-07-08,139,253
2016-07-09,128,173
2016-07-10,74,135
2016-07-11,131,193
2016-07-12,141,238
2016-07-13,119,246
2016-07-14,127,241
2016-07-15,222,311
2016-07-16,175,277
2016-07-17,193,220
2016-07-18,217,267
2016-07-19,179,297
2016-07-20,215,353
2016-07-21,195,298
2016-07-22,230,341
2016-07-23,159,262
2016-07-24,184,191
2016-07-25,197,304
2016-07-26,153,316
2016-07-27,98,266
2016-07-28,130,210
2016-07-29,155,264
2016-07-30,137,240
2016-07-31,139,166
2016-08-01,117,225
2016-08-02,84,203
2016-08-03,117,173
2016-08-04,141,212
2016-08-05,139,258
2016-08-06,153,211
2016-08-07,131,171
2016-08-08,146,195
2016-08-09,116,229
2016-08-10,145,236
2016-08-11,93,199
2016-08-12,123,201
2016-08-13,114,165
2016-08-14,146,173
2016-08-15,121,210
2016-08-16,66,177
2016-08-17,90,154
2016-08-18,77,169
2016-08-19,102,173
2016-08-20,94,134
2016-08-21,119,132
2016-08-22,87,170
2016-08-23,53,139
2016-08-24,132,186
2016-08-25,84,226
2016-08-26,117,186
2016-08-27,102,165
2016-08-28,121,134
2016-08-29,107,177
2016-08-30,90,189
2016-08-31,88,165
2016-09-01,91,165
2016-09-02,139,245
2016-09-03,193,249
2016-09-04,225,233
2016-09-05,165,254
2016-09-06,93,245
2016-09-07,100,173
2016-09-08,86,175
2016-09-09,147,204
2016-09-10,142,227
2016-09-11,152,178
2016-09-12,148,240
2016-09-13,126,270
2016-09-14,88,206
2016-09-15,93,195
2016-09-16,150,244
2016-09-17,163,229
2016-09-18,175,205
2016-09-19,144,234
2016-09-20,134,220
2016-09-21,197,281
2016-09-22,89,248
2016-09-23,127,237
2016-09-24,110,175
2016-09-25,130,148
2016-09-26,108,205
2016-09-27,161,272
2016-09-28,128,297
2016-09-29,139,257
2016-09-30,159,292
2016-10-01,189,270
2016-10-02,148,218
2016-10-03,129,244
2016-10-04,90,214
2016-10-05,109,203
2016-10-06,94,197
2016-10-07,192,271
2016-10-08,204,287
2016-10-09,170,250
2016-10-10,199,210
2016-10-11,130,305
2016-10-12,108,225
2016-10-13,89,190
2016-10-14,131,214
2016-10-15,126,189
2016-10-16,137,151
2016-10-17,166,232
2016-10-18,148,286
2016-10-19,120,286
2016-10-20,216,260
2016-10-21,226,394
2016-10-22,166,274
2016-10-23,148,199
2016-10-24,143,190
2016-10-25,117,235
2016-10-26,151,281
2016-10-27,122,265
2016-10-28,147,274
2016-10-29,141,196
2016-10-30,146,161
2016-10-31,165,200
2016-11-01,128,281
2016-11-02,197,295
2016-11-03,174,306
2016-11-04,225,321
2016-11-05,139,253
2016-11-06,203,209
2016-11-07,266,292
2016-11-08,149,400
2016-11-09,245,329
2016-11-10,365,506
2016-11-11,204,467
2016-11-12,281,299
2016-11-13,306,334
2016-11-14,329,431
2016-11-15,135,392
2016-11-16,130,263
2016-11-17,137,222
2016-11-18,169,345
2016-11-19,165,225
2016-11-20,168,234
2016-11-21,219,260
2016-11-22,164,337
2016-11-23,311,416
2016-11-24,200,332
2016-11-25,176,255
2016-11-26,200,221
2016-11-27,132,247
2016-11-28,191,233
2016-11-29,175,311
2016-11-30,219,292
2016-12-01,273,372
2016-12-02,204,443
2016-12-03,180,242
2016-12-04,208,222
2016-12-05,219,302
2016-12-06,113,321
2016-12-07,154,213
2016-12-08,95,249
2016-12-09,147,241
2016-12-10,153,210
2016-12-11,148,203
2016-12-12,181,234
2016-12-13,167,302
2016-12-14,155,283
2016-12-15,159,244
2016-12-16,251,342
2016-12-17,220,274
2016-12-18,205,258
2016-12-19,202,301
2016-12-20,205,288
2016-12-21,134,314
2016-12-22,120,284
2016-12-23,200,301
2016-12-24,173,259
2016-12-25,195,204
2016-12-26,227,246
2016-12-27,227,285
2016-12-28,227,299
2016-12-29,194,303
2016-12-30,176,344
2016-12-31,155,220
2017-01-01,191,198
2017-01-02,202,219
2017-01-03,179,286
2017-01-04,180,256
2017-01-05,194,277
2017-01-06,134,332
2017-01-07,86,176
2017-01-08,77,118
2017-01-09,105,159
2017-01-10,85,196
2017-01-11,85,155
2017-01-12,77,181
2017-01-13,129,221
2017-01-14,117,201
2017-01-15,138,142
2017-01-16,117,175
2017-01-17,123,217
2017-01-18,100,212
2017-01-19,120,182
2017-01-20,105,230
2017-01-21,140,194
2017-01-22,154,170
2017-01-23,149,228
2017-01-24,106,232
2017-01-25,131,198
2017-01-26,115,217
2017-01-27,152,281
2017-01-28,117,184
2017-01-29,142,159
2017-01-30,190,226
2017-01-31,136,282
2017-02-01,145,225
2017-02-02,113,213
2017-02-03,134,243
2017-02-04,110,163
2017-02-05,144,159
2017-02-06,130,209
2017-02-07,73,216
2017-02-08,79,171
2017-02-09,95,223
2017-02-10,151,261
2017-02-11,119,183
2017-02-12,137,147
2017-02-13,137,228
2017-02-14,86,216
2017-02-15,114,204
2017-02-16,83,194
2017-02-17,147,230
2017-02-18,111,192
2017-02-19,141,149
2017-02-20,131,170
2017-02-21,76,187
2017-02-22,77,138
2017-02-23,86,150
2017-02-24,172,248
2017-02-25,114,219
2017-02-26,139,156
2017-02-27,143,213
2017-02-28,150,265
2017-03-01,107,220
2017-03-02,118,208
2017-03-03,253,308
2017-03-04,92,305
2017-03-05,123,128
2017-03-06,124,196
2017-03-07,67,192
2017-03-08,84,159
2017-03-09,73,158
2017-03-10,125,222
2017-03-11,113,170
2017-03-12,123,145
2017-03-13,126,221
2017-03-14,125,241
2017-03-15,69,205
2017-03-16,66,126
2017-03-17,122,174
2017-03-18,94,150
2017-03-19,114,121
2017-03-20,93,168
2017-03-21,131,211
2017-03-22,119,250
2017-03-23,73,178
2017-03-24,116,183
2017-03-25,107,162
2017-03-26,106,133
2017-03-27,125,169
2017-03-28,66,188
2017-03-29,64,123
2017-03-30,149,212
2017-03-31,167,320
2017-04-01,95,201
2017-04-02,97,111
2017-04-03,103,147
2017-04-04,87,181
2017-04-05,81,158
2017-04-06,130,200
2017-04-07,99,272
2017-04-08,79,137
2017-04-09,78,107
2017-04-10,77,132
2017-04-11,104,176
2017-04-12,79,156
2017-04-13,127,183
2017-04-14,173,241
2017-04-15,166,201
2017-04-16,162,188
2017-04-17,167,222
2017-04-18,101,319
2017-04-19,56,178
2017-04-20,63,110
2017-04-21,147,209
2017-04-22,79,175
2017-04-23,80,97
2017-04-24,121,170
2017-04-25,72,192
2017-04-26,46,151
2017-04-27,51,120
2017-04-28,75,140
2017-04-29,93,124
2017-04-30,89,118
2017-05-01,98,150
2017-05-02,81,176
2017-05-03,52,131
2017-05-04,57,115
2017-05-05,95,175
2017-05-06,82,135
2017-05-07,89,111
2017-05-08,92,135
2017-05-09,66,154
2017-05-10,92,142
2017-05-11,60,151
2017-05-12,137,192
2017-05-13,115,180
2017-05-14,118,143
2017-05-15,101,178
2017-05-16,78,171
2017-05-17,41,132
2017-05-18,100,148
2017-05-19,76,196
2017-05-20,80,128
2017-05-21,83,108
2017-05-22,92,149
2017-05-23,77,168
2017-05-24,48,179
2017-05-25,47,95
2017-05-26,117,173
2017-05-27,96,156
2017-05-28,134,139
2017-05-29,142,172
2017-05-30,90,210
2017-05-31,124,185
2017-06-01,134,246
2017-06-02,118,237
2017-06-03,107,168
2017-06-04,99,128
2017-06-05,113,157
2017-06-06,108,208
2017-06-07,105,210
2017-06-08,124,214
2017-06-09,159,229
2017-06-10,123,192
2017-06-11,119,134
2017-06-12,169,214
2017-06-13,81,252
2017-06-14,119,181
2017-06-15,76,189
2017-06-16,146,217
2017-06-17,109,163
2017-06-18,129,129
2017-06-19,95,196
2017-06-20,72,170
2017-06-21,149,261
2017-06-22,76,221
2017-06-23,71,161
2017-06-24,86,128
2017-06-25,108,112
2017-06-26,134,180
2017-06-27,78,210
2017-06-28,47,134
2017-06-29,57,116
2017-06-30,76,132
2017-07-01,94,144
2017-07-02,94,120
2017-07-03,142,203
2017-07-04,50,189
2017-07-05,71,127
2017-07-06,82,163
2017-07-07,132,200
2017-07-08,133,168
2017-07-09,146,147
2017-07-10,145,213
2017-07-11,157,271
2017-07-12,129,236
2017-07-13,159,222
2017-07-14,235,280
2017-07-15,211,271
2017-07-16,150,229
2017-07-17,102,190
2017-07-18,87,196
2017-07-19,59,149
2017-07-20,71,128
2017-07-21,106,165
2017-07-22,109,147
2017-07-23,160,171
2017-07-24,151,254
2017-07-25,105,245
2017-07-26,81,196
2017-07-27,76,157
2017-07-28,112,187
2017-07-29,97,157
2017-07-30,120,127
2017-07-31,79,172
2017-08-01,80,152
2017-08-02,141,208
2017-08-03,60,199
2017-08-04,95,154
2017-08-05,95,142
2017-08-06,114,124
2017-08-07,144,209
2017-08-08,70,226
2017-08-09,98,171
2017-08-10,57,161
2017-08-11,132,188
2017-08-12,98,207
2017-08-13,123,129
2017-08-14,108,205
2017-08-15,113,227
2017-08-16,98,221
2017-08-17,158,245
2017-08-18,159,306
2017-08-19,216,297
2017-08-20,238,239
2017-08-21,131,334
2017-08-22,64,211
2017-08-23,89,151
2017-08-24,102,189
2017-08-25,157,267
2017-08-26,162,222
2017-08-27,182,205
2017-08-28,220,354
2017-08-29,95,310
2017-08-30,97,203
2017-08-31,116,174
2017-09-01,148,267
2017-09-02,98,178
2017-09-03,127,145
2017-09-04,100,165
2017-09-05,72,180
2017-09-06,72,165
2017-09-07,89,160
2017-09-08,109,195
2017-09-09,129,182
2017-09-10,143,154
2017-09-11,88,211
2017-09-12,91,176
2017-09-13,111,172
2017-09-14,76,184
2017-09-15,179,274
2017-09-16,181,255
2017-09-17,154,206
2017-09-18,150,237
2017-09-19,74,234
2017-09-20,50,125
2017-09-21,84,144
2017-09-22,88,180
2017-09-23,102,152
2017-09-24,107,116
2017-09-25,101,187
2017-09-26,89,183
2017-09-27,87,170
2017-09-28,78,163
2017-09-29,94,164
2017-09-30,144,186
2017-10-01,151,171
2017-10-02,133,239
2017-10-03,93,237
2017-10-04,152,231
2017-10-05,66,216
2017-10-06,126,220
2017-10-07,155,210
2017-10-08,190,228
2017-10-09,171,298
2017-10-10,162,246
2017-10-11,86,255
2017-10-12,123,171
2017-10-13,139,299
2017-10-14,123,192
2017-10-15,133,171
2017-10-16,150,232
2017-10-17,108,232
2017-10-18,129,193
2017-10-19,182,238
2017-10-20,273,423
2017-10-21,231,332
2017-10-22,220,293
2017-10-23,163,324
2017-10-24,140,282
2017-10-25,137,233
2017-10-26,132,294
2017-10-27,186,271
2017-10-28,177,257
2017-10-29,225,238
2017-10-30,165,306
2017-10-31,139,248
2017-11-01,187,275
2017-11-02,229,316
2017-11-03,152,371
2017-11-04,152,211
2017-11-05,153,208
2017-11-06,122,227
2017-11-07,166,245
2017-11-08,290,346
2017-11-09,289,441
2017-11-10,173,372
2017-11-11,207,215
2017-11-12,202,237
2017-11-13,218,314
2017-11-14,111,312
2017-11-15,100,210
2017-11-16,199,264
2017-11-17,255,384
2017-11-18,259,317
2017-11-19,282,330
2017-11-20,220,355
2017-11-21,203,356
2017-11-22,253,452
2017-11-23,143,313
2017-11-24,224,276
2017-11-25,237,273
2017-11-26,243,249
2017-11-27,260,300
2017-11-28,309,377
2017-11-29,270,451
2017-11-30,214,404
2017-12-01,251,366
2017-12-02,230,333
2017-12-03,250,301
2017-12-04,245,407
2017-12-05,203,341
2017-12-06,250,343
2017-12-07,134,374
2017-12-08,238,353
2017-12-09,224,307
2017-12-10,243,285
2017-12-11,332,405
2017-12-12,227,428
2017-12-13,187,362
2017-12-14,181,325
2017-12-15,220,380
2017-12-16,217,319
2017-12-17,239,280
2017-12-18,265,331
2017-12-19,256,440
2017-12-20,167,344
2017-12-21,183,276
2017-12-22,281,390
2017-12-23,236,350
2017-12-24,232,378
2017-12-25,289,304
2017-12-26,278,370
2017-12-27,333,426
2017-12-28,201,472
2017-12-29,307,395
2017-12-30,234,326
2017-12-31,278,288
2018-01-01,299,316
2018-01-02,220,387
2018-01-03,190,317
2018-01-04,206,304
2018-01-05,287,412
2018-01-06,324,385
2018-01-07,249,357
2018-01-08,261,347
2018-01-09,169,360
2018-01-10,149,289
2018-01-11,137,273
2018-01-12,207,314
2018-01-13,182,256
2018-01-14,204,247
2018-01-15,196,238
2018-01-16,215,312
2018-01-17,159,290
2018-01-18,137,276
2018-01-19,208,266
2018-01-20,206,264
2018-01-21,215,267
2018-01-22,175,274
2018-01-23,163,292
2018-01-24,152,262
2018-01-25,157,251
2018-01-26,223,305
2018-01-27,192,304
2018-01-28,216,233
2018-01-29,244,295
2018-01-30,249,350
2018-01-31,228,362
2018-02-01,249,393
2018-02-02,205,393
2018-02-03,266,323
2018-02-04,303,346
2018-02-05,314,377
2018-02-06,259,408
2018-02-07,244,392
2018-02-08,191,340
2018-02-09,184,324
2018-02-10,175,277
2018-02-11,189,222
2018-02-12,229,271
2018-02-13,265,354
2018-02-14,276,390
2018-02-15,214,413
2018-02-16,251,400
2018-02-17,223,323
2018-02-18,246,269
2018-02-19,264,295
2018-02-20,254,339
2018-02-21,196,364
2018-02-22,149,315
2018-02-23,201,331
2018-02-24,191,304
2018-02-25,215,234
2018-02-26,242,303
2018-02-27,183,341
2018-02-28,276,371
2018-03-01,231,416
2018-03-02,273,423
2018-03-03,264,379
2018-03-04,313,345
2018-03-05,289,369
2018-03-06,333,423
2018-03-07,280,490
2018-03-08,288,386
2018-03-09,289,473
2018-03-10,257,342
2018-03-11,265,273
2018-03-12,314,398
2018-03-13,217,410
2018-03-14,246,374
2018-03-15,241,385
2018-03-16,313,394
2018-03-17,316,363
2018-03-18,270,350
2018-03-19,229,406
2018-03-20,264,415
2018-03-21,216,436
2018-03-22,255,425
2018-03-23,226,431
2018-03-24,206,300
2018-03-25,237,248
2018-03-26,220,308
2018-03-27,218,433
2018-03-28,191,354
2018-03-29,225,324
2018-03-30,313,433
2018-03-31,272,384
2018-04-01,294,332
2018-04-02,320,407
2018-04-03,248,477
2018-04-04,231,365
2018-04-05,271,395
2018-04-06,223,457
2018-04-07,205,270
2018-04-08,277,297
2018-04-09,263,391
2018-04-10,282,384
2018-04-11,216,449
2018-04-12,212,364
2018-04-13,238,398
2018-04-14,245,330
2018-04-15,293,318
2018-04-16,284,425
2018-04-17,291,443
2018-04-18,290,414
2018-04-19,341,494
2018-04-20,254,494
2018-04-21,287,369
2018-04-22,298,332
2018-04-23,266,406
2018-04-24,237,408
2018-04-25,253,423
2018-04-26,224,388
2018-04-27,235,383
2018-04-28,236,316
2018-04-29,273,312
2018-04-30,344,386
2018-05-01,285,424
2018-05-02,319,443
2018-05-03,221,487
2018-05-04,330,434
2018-05-05,289,364
2018-05-06,285,340
2018-05-07,244,386
2018-05-08,300,397
2018-05-09,313,507
2018-05-10,323,430
2018-05-11,276,535
2018-05-12,264,355
2018-05-13,266,325
2018-05-14,286,363
2018-05-15,258,379
2018-05-16,226,418
2018-05-17,328,435
2018-05-18,305,509
2018-05-19,273,377
2018-05-20,252,382
2018-05-21,223,353
2018-05-22,304,416
2018-05-23,267,456
2018-05-24,256,378
2018-05-25,304,525
2018-05-26,254,354
2018-05-27,172,284
2018-05-28,309,314
2018-05-29,290,428
2018-05-30,350,444
2018-05-31,301,444
2018-06-01,371,467
2018-06-02,286,507
2018-06-03,315,379
2018-06-04,325,431
2018-06-05,284,465
2018-06-06,318,592
2018-06-07,352,478
2018-06-08,310,460
2018-06-09,206,444
2018-06-10,226,242
2018-06-11,262,386
2018-06-12,149,382
2018-06-13,260,367
2018-06-14,290,395
2018-06-15,316,470
2018-06-16,271,398
2018-06-17,269,349
2018-06-18,328,368
2018-06-19,258,473
2018-06-20,306,421
2018-06-21,269,397
2018-06-22,180,347
2018-06-23,255,315
2018-06-24,272,324
2018-06-25,250,376
2018-06-26,297,513
2018-06-27,236,412
2018-06-28,267,413
2018-06-29,318,423
2018-06-30,251,374
2018-07-01,268,298
2018-07-02,286,350
2018-07-03,286,466
2018-07-04,225,343
2018-07-05,273,347
2018-07-06,271,431
2018-07-07,272,382
2018-07-08,261,342
2018-07-09,291,380
2018-07-10,294,399
2018-07-11,314,435
2018-07-12,311,419
2018-07-13,354,486
2018-07-14,286,435
2018-07-15,269,355
2018-07-16,310,336
2018-07-17,290,402
2018-07-18,330,455
2018-07-19,292,398
2018-07-20,286,494
2018-07-21,258,367
2018-07-22,268,304
2018-07-23,246,329
2018-07-24,320,393
2018-07-25,239,469
2018-07-26,254,383
2018-07-27,247,403
2018-07-28,149,337
2018-07-29,142,174
2018-07-30,208,260
2018-07-31,193,313
2018-08-01,220,317
2018-08-02,215,334
2018-08-03,177,335
2018-08-04,174,291
2018-08-05,171,206
2018-08-06,233,288
2018-08-07,265,353
2018-08-08,241,364
2018-08-09,252,374
2018-08-10,220,366
2018-08-11,194,293
2018-08-12,149,209
2018-08-13,240,270
2018-08-14,233,347
2018-08-15,259,480
2018-08-16,269,384
2018-08-17,282,400
2018-08-18,244,350
2018-08-19,249,308
2018-08-20,273,323
2018-08-21,323,405
2018-08-22,353,431
2018-08-23,316,480
2018-08-24,324,503
2018-08-25,280,416
2018-08-26,252,368
2018-08-27,287,367
2018-08-28,241,435
2018-08-29,335,489
2018-08-30,153,459
2018-08-31,270,365
2018-09-01,213,348
2018-09-02,196,270
2018-09-03,167,241
2018-09-04,138,232
2018-09-05,175,283
2018-09-06,289,387
2018-09-07,261,447
2018-09-08,241,368
2018-09-09,176,286
2018-09-10,238,292
2018-09-11,248,352
2018-09-12,176,382
2018-09-13,131,273
2018-09-14,254,315
2018-09-15,221,353
2018-09-16,273,314
2018-09-17,270,398
2018-09-18,249,373
2018-09-19,299,464
2018-09-20,237,448
2018-09-21,262,433
2018-09-22,220,317
2018-09-23,247,277
2018-09-24,248,333
2018-09-25,268,406
2018-09-26,246,385
2018-09-27,252,382
2018-09-28,252,442
2018-09-29,240,325
2018-09-30,264,300
2018-10-01,285,360
2018-10-02,315,394
2018-10-03,269,432
2018-10-04,158,373
2018-10-05,249,346
2018-10-06,232,318
2018-10-07,227,307
2018-10-08,238,305
2018-10-09,291,349
2018-10-10,303,460
2018-10-11,187,391
2018-10-12,247,353
2018-10-13,231,316
2018-10-14,233,275
2018-10-15,266,341
2018-10-16,237,427
2018-10-17,190,381
2018-10-18,172,329
2018-10-19,266,354
2018-10-20,263,337
2018-10-21,275,305
2018-10-22,284,417
2018-10-23,288,417
2018-10-24,230,434
2018-10-25,182,355
2018-10-26,256,361
2018-10-27,239,355
2018-10-28,263,322
2018-10-29,316,373
2018-10-30,342,434
2018-10-31,255,464
2018-11-01,297,442
2018-11-02,367,474
2018-11-03,297,405
2018-11-04,221,312
2018-11-05,276,395
2018-11-06,338,418
2018-11-07,285,457
2018-11-08,339,435
2018-11-09,240,551
2018-11-10,272,391
2018-11-11,223,308
2018-11-12,228,318
2018-11-13,234,324
2018-11-14,266,341
2018-11-15,308,445
2018-11-16,381,528
2018-11-17,241,433
2018-11-18,176,336
2018-11-19,269,365
2018-11-20,241,448
2018-11-21,307,552
2018-11-22,269,450
2018-11-23,274,409
2018-11-24,197,364
2018-11-25,232,275
2018-11-26,334,402
2018-11-27,227,451
2018-11-28,263,398
2018-11-29,320,412
2018-11-30,331,542
2018-12-01,277,423
2018-12-02,259,325
2018-12-03,311,357
2018-12-04,290,463
2018-12-05,250,421
2018-12-06,320,392
2018-12-07,285,427
2018-12-08,280,413
2018-12-09,284,332
2018-12-10,278,468
2018-12-11,219,436
2018-12-12,245,407
2018-12-13,268,386
2018-12-14,322,428
2018-12-15,252,393
2018-12-16,241,312
2018-12-17,287,373
2018-12-18,223,446
2018-12-19,191,376
2018-12-20,197,325
2018-12-21,300,410
2018-12-22,266,377
2018-12-23,263,324
2018-12-24,275,327
2018-12-25,222,302
2018-12-26,298,381
2018-12-27,243,362
2018-12-28,235,418
2018-12-29,169,298
2018-12-30,185,224
2018-12-31,223,281
2019-01-01,141,280
2019-01-02,137,232
2019-01-03,195,293
2019-01-04,272,340
2019-01-05,211,321
2019-01-06,95,224
2019-01-07,147,190
2019-01-08,144,244
2019-01-09,113,238
2019-01-10,110,215
2019-01-11,184,288
2019-01-12,147,234
2019-01-13,150,182
2019-01-14,168,246
2019-01-15,221,313
2019-01-16,238,431
2019-01-17,230,403
2019-01-18,275,414
2019-01-19,227,385
2019-01-20,241,280
2019-01-21,269,301
2019-01-22,246,369
2019-01-23,256,365
2019-01-24,175,386
2019-01-25,284,378
2019-01-26,236,323
2019-01-27,257,298
2019-01-28,245,332
2019-01-29,275,414
2019-01-30,282,416
2019-01-31,191,399
2019-02-01,229,336
2019-02-02,245,347
2019-02-03,206,282
2019-02-04,244,297
2019-02-05,217,353
2019-02-06,205,360
2019-02-07,208,330
2019-02-08,205,384
2019-02-09,191,296
2019-02-10,190,223
2019-02-11,237,293
2019-02-12,284,416
2019-02-13,244,396
2019-02-14,256,378
2019-02-15,225,442
2019-02-16,274,376
2019-02-17,263,293
2019-02-18,262,338
2019-02-19,259,333
2019-02-20,297,408
2019-02-21,212,411
2019-02-22,277,451
2019-02-23,274,388
2019-02-24,226,310
2019-02-25,216,293
2019-02-26,251,380
2019-02-27,262,367
2019-02-28,199,421
2019-03-01,306,410
2019-03-02,267,387
2019-03-03,253,322
2019-03-04,282,326
2019-03-05,288,405
2019-03-06,314,423
2019-03-07,305,421
2019-03-08,320,523
2019-03-09,189,371
2019-03-10,234,291
2019-03-11,277,343
2019-03-12,258,370
2019-03-13,246,422
2019-03-14,268,371
2019-03-15,271,420
2019-03-16,233,385
2019-03-17,281,334
2019-03-18,278,292
2019-03-19,270,279
2019-03-20,254,290
2019-03-21,129,292
2019-03-22,120,240
2019-03-23,177,269
2019-03-24,218,256
2019-03-25,202,369
2019-03-26,261,417
2019-03-27,255,401
2019-03-28,251,397
2019-03-29,312,401
2019-03-30,264,407
2019-03-31,231,297
2019-04-01,250,414
2019-04-02,268,394
2019-04-03,225,385
2019-04-04,216,419
2019-04-05,233,329
2019-04-06,217,354
2019-04-07,223,319
2019-04-08,250,302
2019-04-09,336,382
2019-04-10,296,408
2019-04-11,300,417
2019-04-12,343,443
2019-04-13,267,368
2019-04-14,185,286
2019-04-15,199,279
2019-04-16,220,333
2019-04-17,234,365
2019-04-18,195,323
2019-04-19,292,392
2019-04-20,204,318
2019-04-21,193,222
2019-04-22,193,256
2019-04-23,328,429
2019-04-24,290,461
2019-04-25,259,442
2019-04-26,411,551
2019-04-27,320,537
2019-04-28,284,377
2019-04-29,256,414
2019-04-30,270,396
2019-05-01,345,418
2019-05-02,234,476
2019-05-03,220,347
2019-05-04,211,242
2019-05-05,211,213
2019-05-06,188,262
2019-05-07,163,260
2019-05-08,184,325
2019-05-09,186,368
2019-05-10,243,377
2019-05-11,244,330
2019-05-12,179,410
2019-05-13,227,316
2019-05-14,262,391
2019-05-15,240,439
2019-05-16,278,412
2019-05-17,226,367
2019-05-18,280,350
2019-05-19,282,360
2019-05-20,306,388
2019-05-21,252,448
2019-05-22,267,421
2019-05-23,282,394
2019-05-24,417,523
2019-05-25,223,475
2019-05-26,281,329
2019-05-27,254,352
2019-05-28,259,390
2019-05-29,302,386
2019-05-30,287,469
2019-05-31,230,443
2019-06-01,192,295
2019-06-02,215,283
2019-06-03,258,326
2019-06-04,210,360
2019-06-05,336,450
2019-06-06,298,528
2019-06-07,376,474
2019-06-08,267,395
2019-06-09,243,304
2019-06-10,279,367
2019-06-11,314,397
2019-06-12,204,460
2019-06-13,200,320
2019-06-14,315,446
2019-06-15,198,341
2019-06-16,187,285
2019-06-17,301,327
2019-06-18,325,438
2019-06-19,225,440
2019-06-20,274,373
2019-06-21,333,425
2019-06-22,165,375
2019-06-23,176,221
2019-06-24,195,275
2019-06-25,232,349
2019-06-26,186,407
2019-06-27,198,287
2019-06-28,216,354
2019-06-29,145,245
2019-06-30,139,169
2019-07-01,188,248
2019-07-02,108,275
2019-07-03,189,319
2019-07-04,183,266
2019-07-05,170,300
2019-07-06,149,203
2019-07-07,153,178
2019-07-08,133,260
2019-07-09,175,221
2019-07-10,110,247
2019-07-11,105,181
2019-07-12,150,223
2019-07-13,139,200
2019-07-14,194,232
2019-07-15,232,259
2019-07-16,270,339
2019-07-17,204,381
2019-07-18,208,298
2019-07-19,186,334
2019-07-20,215,317
2019-07-21,189,222
2019-07-22,229,271
2019-07-23,335,378
2019-07-24,297,462
2019-07-25,276,406
2019-07-26,280,396
2019-07-27,177,307
2019-07-28,167,207
2019-07-29,157,238
2019-07-30,133,254
2019-07-31,166,250
2019-08-01,96,250
2019-08-02,107,194
2019-08-03,88,156
2019-08-04,69,114
2019-08-05,121,198
2019-08-06,154,229
2019-08-07,146,284
2019-08-08,117,248
2019-08-09,159,246
2019-08-10,115,201
2019-08-11,134,158
2019-08-12,153,198
2019-08-13,187,334
2019-08-14,184,299
2019-08-15,173,307
2019-08-16,178,296
2019-08-17,141,237
2019-08-18,123,175
2019-08-19,145,206
2019-08-20,242,335
2019-08-21,170,375
2019-08-22,176,275
2019-08-23,219,319
2019-08-24,190,243
2019-08-25,204,236
2019-08-26,235,285
2019-08-27,228,345
2019-08-28,226,356
2019-08-29,117,298
2019-08-30,210,263
2019-08-31,140,230
2019-09-01,150,172
2019-09-02,155,179
2019-09-03,227,269
2019-09-04,205,340
2019-09-05,125,281
2019-09-06,163,243
2019-09-07,117,211
2019-09-08,115,151
2019-09-09,148,185
2019-09-10,138,252
2019-09-11,99,222
2019-09-12,115,197
2019-09-13,176,248
2019-09-14,125,211
2019-09-15,128,141
2019-09-16,147,193
2019-09-17,158,292
2019-09-18,131,268
2019-09-19,135,243
2019-09-20,164,270
2019-09-21,139,208
2019-09-22,126,169
2019-09-23,155,190
2019-09-24,181,272
2019-09-25,190,318
2019-09-26,140,270
2019-09-27,311,371
2019-09-28,229,333
2019-09-29,110,245
2019-09-30,127,192
2019-10-01,237,296
2019-10-02,189,372
2019-10-03,207,311
2019-10-04,220,321
2019-10-05,184,249
2019-10-06,162,221
2019-10-07,219,230
2019-10-08,252,348
2019-10-09,260,372
2019-10-10,157,331
2019-10-11,220,321
2019-10-12,162,255
2019-10-13,165,184
2019-10-14,139,192
2019-10-15,215,265
2019-10-16,222,367
2019-10-17,321,432
2019-10-18,346,439
2019-10-19,271,373
2019-10-20,282,289
2019-10-21,217,376
2019-10-22,286,362
2019-10-23,234,377
2019-10-24,195,409
2019-10-25,192,336
2019-10-26,139,232
2019-10-27,143,159
2019-10-28,167,215
2019-10-29,244,347
2019-10-30,197,383
2019-10-31,164,284
2019-11-01,229,317
2019-11-02,223,301
2019-11-03,179,240
2019-11-04,213,244
2019-11-05,321,393
2019-11-06,211,484
2019-11-07,205,380
2019-11-08,274,370
2019-11-09,200,312
2019-11-10,224,230
2019-11-11,183,260
2019-11-12,334,351
2019-11-13,298,463
2019-11-14,283,487
2019-11-15,325,416
2019-11-16,293,361
2019-11-17,304,317
2019-11-18,190,381
2019-11-19,194,309
2019-11-20,185,356
2019-11-21,242,377
2019-11-22,167,364
2019-11-23,106,203
2019-11-24,87,115
2019-11-25,110,178
2019-11-26,133,214
2019-11-27,280,368
2019-11-28,262,353
2019-11-29,296,341
2019-11-30,305,335
2019-12-01,211,339
2019-12-02,232,321
2019-12-03,187,386
2019-12-04,192,331
2019-12-05,195,348
2019-12-06,229,346
2019-12-07,149,272
2019-12-08,143,180
2019-12-09,198,242
2019-12-10,293,364
2019-12-11,251,393
2019-12-12,190,360
2019-12-13,205,313
2019-12-14,171,259
2019-12-15,122,197
2019-12-16,137,216
2019-12-17,259,377
2019-12-18,211,421
2019-12-19,147,329
2019-12-20,233,313
2019-12-21,213,317
2019-12-22,232,259
2019-12-23,324,392
2019-12-24,278,400
2019-12-25,207,319
2019-12-26,200,327
2019-12-27,226,324
2019-12-28,194,266
2019-12-29,172,219
2019-12-30,267,289
2019-12-31,327,387
2020-01-01,275,389
2020-01-02,225,404
2020-01-03,286,366
2020-01-04,215,319
2020-01-05,175,231
2020-01-06,235,237
2020-01-07,296,392
2020-01-08,314,466
2020-01-09,173,466
2020-01-10,174,285
2020-01-11,146,232
2020-01-12,167,190
2020-01-13,196,258
2020-01-14,173,340
2020-01-15,132,266
2020-01-16,133,222
2020-01-17,177,279
2020-01-18,124,210
2020-01-19,119,176
2020-01-20,94,149
2020-01-21,182,256
2020-01-22,203,276
2020-01-23,131,303
2020-01-24,124,244
2020-01-25,126,182
2020-01-26,107,171
2020-01-27,84,183
2020-01-28,112,174
2020-01-29,125,193
2020-01-30,124,217
2020-01-31,133,242
2020-02-01,96,196
2020-02-02,108,140
2020-02-03,96,204
2020-02-04,174,216
2020-02-05,174,288
2020-02-06,135,287
2020-02-07,227,301
2020-02-08,173,252
2020-02-09,188,228
2020-02-10,192,287
2020-02-11,95,277
2020-02-12,192,306
2020-02-13,117,300
2020-02-14,158,251
2020-02-15,120,215
2020-02-16,79,159
2020-02-17,83,119
2020-02-18,175,256
2020-02-19,118,326
2020-02-20,166,245
2020-02-21,215,337
2020-02-22,166,256
2020-02-23,94,245
2020-02-24,108,171
2020-02-25,134,221
2020-02-26,223,334
2020-02-27,151,350
2020-02-28,208,311
2020-02-29,144,242
2020-03-01,78,196
2020-03-02,127,169
2020-03-03,115,236
2020-03-04,156,253
2020-03-05,182,281
2020-03-06,169,312
2020-03-07,102,202
2020-03-08,85,135
2020-03-09,119,190
2020-03-10,167,249
2020-03-11,157,321
2020-03-12,140,270
2020-03-13,184,294
2020-03-14,81,221
2020-03-15,52,100
2020-03-16,138,174
2020-03-17,191,265
2020-03-18,352,430
2020-03-19,193,430
2020-03-20,166,302
2020-03-21,66,210
2020-03-22,41,93
2020-03-23,110,113
2020-03-24,104,189
2020-03-25,144,239
2020-03-26,78,213
2020-03-27,129,216
2020-03-28,46,146
2020-03-29,13,53
2020-03-30,74,84
2020-03-31,146,223
2020-04-01,146,208
2020-04-02,101,224
2020-04-03,139,196
2020-04-04,54,158
2020-04-05,54,71
2020-04-06,0,56
2020-04-07,0,0
2020-04-08,0,1
2020-04-09,0,0
2020-04-10,1,6
2020-04-11,0,1
2020-04-12,0,0
2020-04-13,30,30
2020-04-14,43,74
2020-04-15,40,85
2020-04-16,36,80
2020-04-17,53,91
2020-04-18,5,60
2020-04-19,4,11
2020-04-20,47,52
2020-04-21,26,75
2020-04-22,47,73
2020-04-23,35,82
2020-04-24,53,89
2020-04-25,3,59
2020-04-26,5,11
2020-04-27,46,51
2020-04-28,26,72
2020-04-29,48,75
2020-04-30,29,86
2020-05-01,50,81
2020-05-02,4,56
2020-05-03,3,11
2020-05-04,23,30
2020-05-05,47,70
2020-05-06,21,70
2020-05-07,26,48
2020-05-08,37,65
2020-05-09,2,44
2020-05-10,2,6
2020-05-11,22,27
2020-05-12,27,59
2020-05-13,37,65
2020-05-14,55,100
2020-05-15,32,91
2020-05-16,3,34
2020-05-17,1,7
2020-05-18,35,39
2020-05-19,51,89
2020-05-20,103,135
2020-05-21,52,143
2020-05-22,58,111
2020-05-23,14,78
2020-05-24,9,30
2020-05-25,16,28
2020-05-26,57,77
2020-05-27,32,103
2020-05-28,28,59
2020-05-29,38,64
2020-05-30,21,67
2020-05-31,15,33
2020-06-01,45,56
2020-06-02,37,89
2020-06-03,127,165
2020-06-04,43,169
2020-06-05,36,75
2020-06-06,25,56
2020-06-07,16,37
2020-06-08,33,49
2020-06-09,95,137
2020-06-10,81,121
2020-06-11,96,187
2020-06-12,105,143
2020-06-13,86,131
2020-06-14,100,103
2020-06-15,85,113
2020-06-16,86,122
2020-06-17,155,185
2020-06-18,106,184
2020-06-19,72,140
2020-06-20,59,92
2020-06-21,51,78
2020-06-22,64,73
2020-06-23,65,110
2020-06-24,76,116
2020-06-25,34,99
2020-06-26,31,52
2020-06-27,26,45
2020-06-28,36,40
2020-06-29,44,57
2020-06-30,28,64
2020-07-01,27,48
2020-07-02,34,51
2020-07-03,30,44
2020-07-04,13,31
2020-07-05,19,21
2020-07-06,47,52
2020-07-07,81,102
2020-07-08,103,124
2020-07-09,98,130
2020-07-10,51,134
2020-07-11,78,123
2020-07-12,83,98
2020-07-13,58,138
2020-07-14,50,77
2020-07-15,23,75
2020-07-16,19,38
2020-07-17,28,42
2020-07-18,24,34
2020-07-19,43,50
2020-07-20,76,110
2020-07-21,72,87
2020-07-22,34,93
2020-07-23,26,45
2020-07-24,40,64
2020-07-25,45,58
2020-07-26,29,59
2020-07-27,95,103
2020-07-28,114,138
2020-07-29,50,143
2020-07-30,54,67
2020-07-31,46,66
2020-08-01,49,57
2020-08-02,58,67
2020-08-03,177,210
2020-08-04,152,209
2020-08-05,115,200
2020-08-06,108,155
2020-08-07,106,134
2020-08-08,93,118
2020-08-09,103,111
2020-08-10,189,267
2020-08-11,146,230
2020-08-12,42,163
2020-08-13,93,118
2020-08-14,99,128
2020-08-15,87,116
2020-08-16,118,124
2020-08-17,123,142
2020-08-18,100,178
2020-08-19,33,123
2020-08-20,53,64
2020-08-21,47,81
2020-08-22,43,60
2020-08-23,38,46
2020-08-24,53,64
2020-08-25,68,100
2020-08-26,71,97
2020-08-27,51,87
2020-08-28,42,78
2020-08-29,33,53
2020-08-30,52,56
2020-08-31,56,83
2020-09-01,57,95
2020-09-02,86,126
2020-09-03,77,115
2020-09-04,45,128
2020-09-05,14,51
2020-09-06,24,24
2020-09-07,32,38
2020-09-08,65,89
2020-09-09,77,107
2020-09-10,107,145
2020-09-11,73,143
2020-09-12,49,76
2020-09-13,19,56
2020-09-14,28,43
2020-09-15,86,95
2020-09-16,52,117
2020-09-17,66,81
2020-09-18,86,134
2020-09-19,34,100
2020-09-20,46,52
2020-09-21,51,64
2020-09-22,66,108
2020-09-23,125,161
2020-09-24,64,158
2020-09-25,68,111
2020-09-26,59,88
2020-09-27,57,68
2020-09-28,56,87
2020-09-29,76,110
2020-09-30,89,126
2020-10-01,96,119
2020-10-02,71,127
2020-10-03,59,79
2020-10-04,68,71
2020-10-05,73,87
2020-10-06,72,131
2020-10-07,64,94
2020-10-08,62,97
2020-10-09,62,85
2020-10-10,42,85
2020-10-11,46,54
2020-10-12,32,64
2020-10-13,88,115
2020-10-14,101,145
2020-10-15,96,140
2020-10-16,117,141
2020-10-17,43,129
2020-10-18,35,68
2020-10-19,24,53
2020-10-20,70,89
2020-10-21,79,121
2020-10-22,34,92
2020-10-23,32,54
2020-10-24,31,42
2020-10-25,49,56
2020-10-26,38,62
2020-10-27,57,86
2020-10-28,90,124
2020-10-29,46,124
2020-10-30,53,76
2020-10-31,44,63
2020-11-01,28,67
2020-11-02,39,52
2020-11-03,30,58
2020-11-04,69,88
2020-11-05,41,98
2020-11-06,49,76
2020-11-07,39,64
2020-11-08,50,56
2020-11-09,51,75
2020-11-10,87,114
2020-11-11,68,103
2020-11-12,59,106
2020-11-13,82,98
2020-11-14,69,94
2020-11-15,77,86
2020-11-16,72,99
2020-11-17,66,102
2020-11-18,62,89
2020-11-19,46,96
2020-11-20,55,80
2020-11-21,35,71
2020-11-22,40,46
2020-11-23,28,68
2020-11-24,34,62
2020-11-25,45,83
2020-11-26,36,53
2020-11-27,41,53
2020-11-28,35,54
2020-11-29,33,42
2020-11-30,35,61
2020-12-01,34,66
2020-12-02,43,74
2020-12-03,38,70
2020-12-04,44,71
2020-12-05,27,48
2020-12-06,33,37
2020-12-07,41,48
2020-12-08,34,76
2020-12-09,38,76
2020-12-10,63,77
2020-12-11,57,100
2020-12-12,24,74
2020-12-13,27,28
2020-12-14,27,39
2020-12-15,37,77
2020-12-16,21,65
2020-12-17,34,48
2020-12-18,35,70
2020-12-19,41,65
2020-12-20,49,51
2020-12-21,21,69
2020-12-22,26,40
2020-12-23,25,50
2020-12-24,32,48
2020-12-25,27,42
2020-12-26,20,34
2020-12-27,25,25
2020-12-28,35,43
2020-12-29,20,45
2020-12-30,20,32
2020-12-31,29,35
2021-01-01,14,36
2021-01-02,10,17
2021-01-03,11,15
2021-01-04,17,22
2021-01-05,26,38
2021-01-06,40,61
2021-01-07,49,71
2021-01-08,54,80
2021-01-09,40,66
2021-01-10,31,44
2021-01-11,32,47
2021-01-12,37,59
2021-01-13,64,91
2021-01-14,79,93
2021-01-15,37,111
2021-01-16,25,47
2021-01-17,21,42
2021-01-18,18,30
2021-01-19,29,45
2021-01-20,43,67
2021-01-21,35,52
2021-01-22,46,66
2021-01-23,36,50
2021-01-24,34,37
2021-01-25,31,48
2021-01-26,35,44
2021-01-27,28,55
2021-01-28,33,55
2021-01-29,46,64
2021-01-30,16,49
2021-01-31,19,21
2021-02-01,25,29
2021-02-02,34,44
2021-02-03,33,56
2021-02-04,30,45
2021-02-05,19,44
2021-02-06,14,20
2021-02-07,20,22
2021-02-08,17,26
2021-02-09,5,19
2021-02-10,62,67
2021-02-11,49,74
2021-02-12,49,66
2021-02-13,39,53
2021-02-14,35,39
2021-02-15,39,39
2021-02-16,46,74
2021-02-17,48,56
2021-02-18,46,61
2021-02-19,26,60
2021-02-20,24,34
2021-02-21,18,24
2021-02-22,27,34
2021-02-23,18,39
2021-02-24,11,25
2021-02-25,21,25
2021-02-26,27,39
2021-02-27,13,28
2021-02-28,8,14
2021-03-01,12,16
2021-03-02,18,30
2021-03-03,13,29
2021-03-04,13,21
2021-03-05,19,25
2021-03-06,10,20
2021-03-07,12,12
2021-03-08,17,17
2021-03-09,10,24
2021-03-10,18,21
2021-03-11,23,24
2021-03-12,23,28
2021-03-13,23,25
2021-03-14,22,23
2021-03-15,26,26
2021-03-16,29,38
2021-03-17,23,36
2021-03-18,22,24
2021-03-19,5,25
2021-03-20,3,5
2021-03-21,7,7
2021-03-22,7,11
2021-03-23,57,69
2021-03-24,12,69
2021-03-25,15,21
2021-03-26,15,22
2021-03-27,8,16
2021-03-28,8,8
2021-03-29,11,15
2021-03-30,9,21
2021-03-31,11,20
2021-04-01,11,19
2021-04-02,23,31
2021-04-03,7,24
2021-04-04,3,7
2021-04-05,7,7
2021-04-06,18,23
2021-04-07,32,39
2021-04-08,22,55
2021-04-09,42,123
2021-04-10,8,94
2021-04-11,19,73
2021-04-12,2,124
2021-04-13,16,30
2021-04-14,20,29
2021-04-15,25,31
2021-04-16,16,34
2021-04-17,11,19
2021-04-18,15,15
2021-04-19,16,24
2021-04-20,15,30
2021-04-21,15,34
2021-04-22,16,29
2021-04-23,26,39
2021-04-24,13,30
2021-04-25,4,18
2021-04-26,6,11
2021-04-27,20,31
2021-04-28,33,50
2021-04-29,14,44
2021-04-30,34,54
2021-05-01,23,38
2021-05-02,28,29
2021-05-03,17,34
2021-05-04,24,48
2021-05-05,18,49
2021-05-06,9,35
2021-05-07,13,26
2021-05-08,11,19
2021-05-09,11,13
2021-05-10,6,20
2021-05-11,26,58
2021-05-12,22,57
2021-05-13,37,59
2021-05-14,33,48
2021-05-15,32,44
2021-05-16,56,66
2021-05-17,38,69
2021-05-18,12,47
2021-05-19,27,45
2021-05-20,24,53
2021-05-21,12,48
2021-05-22,6,22
2021-05-23,21,27
2021-05-24,52,69
2021-05-25,80,130
2021-05-26,45,141
2021-05-27,44,55
2021-05-28,49,61
2021-05-29,50,60
2021-05-30,39,53
2021-05-31,39,47
2021-06-01,21,50
2021-06-02,34,40
2021-06-03,18,53
2021-06-04,21,46
2021-06-05,8,23
2021-06-06,5,12
2021-06-07,17,53
2021-06-08,14,37
2021-06-09,14,33
2021-06-10,15,26
2021-06-11,12,20
2021-06-12,4,36
2021-06-13,8,9
2021-06-14,9,17
2021-06-15,18,33
2021-06-16,14,56
2021-06-17,45,105
2021-06-18,2,61
2021-06-19,1,6
2021-06-20,1,3
2021-06-21,16,21
2021-06-22,112,139
2021-06-23,59,143
2021-06-24,53,81
2021-06-25,53,81
2021-06-26,50,139
2021-06-27,104,203
2021-06-28,29,125
2021-06-29,100,119
2021-06-30,55,109
2021-07-01,80,99
2021-07-02,75,107
2021-07-03,75,91
2021-07-04,77,83
2021-07-05,72,82
2021-07-06,81,107
2021-07-07,77,108
2021-07-08,38,93
2021-07-09,31,84
2021-07-10,32,49
2021-07-11,35,45
2021-07-12,45,56
2021-07-13,84,113
2021-07-14,125,215
2021-07-15,54,155
2021-07-16,95,117
2021-07-17,88,101
2021-07-18,75,97
2021-07-19,80,92
2021-07-20,75,96
2021-07-21,62,89
2021-07-22,13,90
2021-07-23,32,56
2021-07-24,34,79
2021-07-25,13,39
2021-07-26,17,22
2021-07-27,13,30
2021-07-28,25,38
2021-07-29,24,40
2021-07-30,42,65
2021-07-31,74,85
2021-08-01,61,93
2021-08-02,47,74
2021-08-03,41,81
2021-08-04,77,116
2021-08-05,18,90
2021-08-06,26,43
2021-08-07,20,37
2021-08-08,20,21
2021-08-09,27,30
2021-08-10,70,94
2021-08-11,52,92
2021-08-12,29,68
2021-08-13,35,62
2021-08-14,19,41
2021-08-15,17,21
2021-08-16,18,24
2021-08-17,46,62
2021-08-18,47,80
2021-08-19,31,71
2021-08-20,12,46
2021-08-21,90,102
2021-08-22,78,101
2021-08-23,30,109
2021-08-24,54,79
2021-08-25,86,149
2021-08-26,47,144
2021-08-27,22,88
2021-08-28,15,34
2021-08-29,13,18
2021-08-30,15,42
2021-08-31,32,51
2021-09-01,24,61
2021-09-02,11,49
2021-09-03,19,41
2021-09-04,5,27
2021-09-05,3,7
2021-09-06,3,6
2021-09-07,27,33
2021-09-08,29,43
2021-09-09,30,61
2021-09-10,37,56
2021-09-11,35,47
2021-09-12,40,43
2021-09-13,54,62
2021-09-14,57,81
2021-09-15,56,117
2021-09-16,30,87
2021-09-17,23,48
2021-09-18,25,50
2021-09-19,24,31
2021-09-20,20,32
2021-09-21,44,75
2021-09-22,43,108
2021-09-23,47,76
2021-09-24,91,132
2021-09-25,88,177
2021-09-26,86,138
2021-09-27,69,98
2021-09-28,41,106
2021-09-29,44,76
2021-09-30,53,90
2021-10-01,51,75
2021-10-02,46,65
2021-10-03,25,49
2021-10-04,43,48
2021-10-05,71,100
2021-10-06,131,156
2021-10-07,127,209
2021-10-08,41,158
2021-10-09,34,46
2021-10-10,36,37
2021-10-11,26,42
2021-10-12,60,68
2021-10-13,53,73
2021-10-14,24,80
2021-10-15,23,62
2021-10-16,34,76
2021-10-17,58,89
2021-10-18,65,111
2021-10-19,145,198
2021-10-20,45,166
2021-10-21,79,132
2021-10-22,33,106
2021-10-23,17,40
2021-10-24,26,28
2021-10-25,24,57
2021-10-26,38,64
2021-10-27,48,97
2021-10-28,51,85
2021-10-29,38,78
2021-10-30,46,60
2021-10-31,47,54
2021-11-01,27,65
2021-11-02,54,66
2021-11-03,62,88
2021-11-04,29,81
2021-11-05,21,48
2021-11-06,19,35
2021-11-07,13,22
2021-11-08,15,24
2021-11-09,63,67
2021-11-10,76,123
2021-11-11,39,84
2021-11-12,26,62
2021-11-13,10,35
2021-11-14,9,11
2021-11-15,21,24
2021-11-16,86,109
2021-11-17,99,171
2021-11-18,38,127
2021-11-19,37,56
2021-11-20,45,61
2021-11-21,21,57
2021-11-22,29,32
2021-11-23,38,54
2021-11-24,54,78
2021-11-25,42,65
2021-11-26,44,50
2021-11-27,17,50
2021-11-28,21,26
2021-11-29,29,30
2021-11-30,46,70
2021-12-01,65,93
2021-12-02,19,91
2021-12-03,38,56
2021-12-04,22,43
2021-12-05,25,29
2021-12-06,25,35
2021-12-07,32,51
2021-12-08,83,121
2021-12-09,127,219
2021-12-10,69,185
2021-12-11,29,75
2021-12-12,106,123
2021-12-13,20,123
2021-12-14,120,134
2021-12-15,87,143
2021-12-16,40,107
2021-12-17,26,65
2021-12-18,9,42
2021-12-19,9,11
2021-12-20,15,19
2021-12-21,111,123
2021-12-22,112,220
2021-12-23,59,141
2021-12-24,28,85
2021-12-25,138,140
2021-12-26,97,146
2021-12-27,19,104
2021-12-28,112,140
2021-12-29,51,123
2021-12-30,29,79
2021-12-31,19,35
2022-01-01,17,23
2022-01-02,62,62
2022-01-03,12,70
2022-01-04,29,54
2022-01-05,56,68
2022-01-06,25,73
2022-01-07,11,30
2022-01-08,14,37
2022-01-09,13,17
2022-01-10,24,29
2022-01-11,37,56
2022-01-12,39,90
2022-01-13,28,62
2022-01-14,67,101
2022-01-15,67,88
2022-01-16,15,67
2022-01-17,32,34
2022-01-18,49,59
2022-01-19,29,88
2022-01-20,19,48
2022-01-21,24,42
2022-01-22,10,26
2022-01-23,10,11
2022-01-24,5,15
2022-01-25,1,10
2022-01-26,24,42
2022-01-27,15,40
2022-01-28,9,79
2022-01-29,9,18
2022-01-30,1,10
2022-01-31,15,17
2022-02-01,36,43
2022-02-02,77,85
2022-02-03,22,87
2022-02-04,24,33
2022-02-05,18,26
2022-02-06,19,22
2022-02-07,71,75
2022-02-08,16,82
2022-02-09,29,38
2022-02-10,26,43
2022-02-11,21,38
2022-02-12,11,30
2022-02-13,13,15
2022-02-14,18,20
2022-02-15,62,89
2022-02-16,69,82
2022-02-17,21,87
2022-02-18,27,31
2022-02-19,29,38
2022-02-20,27,31
2022-02-21,27,33
2022-02-22,14,41
2022-02-23,25,75
2022-02-24,30,41
2022-02-25,54,74
2022-02-26,37,84
2022-02-27,17,39
2022-02-28,19,31
2022-03-01,34,64
2022-03-02,82,94
2022-03-03,25,90
2022-03-04,78,117
2022-03-05,88,129
2022-03-06,69,117
2022-03-07,41,97
2022-03-08,55,107
2022-03-09,78,105
2022-03-10,19,107
2022-03-11,29,68
2022-03-12,18,30
2022-03-13,15,23
2022-03-14,18,21
2022-03-15,34,48
2022-03-16,35,52
2022-03-17,39,50
2022-03-18,27,60
2022-03-19,21,45
2022-03-20,23,27
2022-03-21,43,98
2022-03-22,24,60
2022-03-23,88,147
2022-03-24,77,158
2022-03-25,77,234
2022-03-26,30,110
2022-03-27,32,36
2022-03-28,39,46
2022-03-29,47,75
2022-03-30,48,64
2022-03-31,43,63
2022-04-01,55,103
2022-04-02,37,65
2022-04-03,41,62
2022-04-04,47,55
2022-04-05,81,106
2022-04-06,103,121
2022-04-07,90,121
2022-04-08,52,120
2022-04-09,29,75
2022-04-10,28,50
2022-04-11,35,52
2022-04-12,29,109
2022-04-13,25,37
2022-04-14,41,153
2022-04-15,37,146
2022-04-16,20,46
2022-04-17,19,21
2022-04-18,11,77
2022-04-19,15,77
2022-04-20,24,40
2022-04-21,19,37
2022-04-22,53,58
2022-04-23,42,64
2022-04-24,42,51
2022-04-25,32,111
2022-04-26,19,50
2022-04-27,15,37
2022-04-28,24,41
2022-04-29,42,67
2022-04-30,20,57
2022-05-01,20,27
2022-05-02,59,80
2022-05-03,36,111
2022-05-04,57,97
2022-05-05,48,104
2022-05-06,28,76
2022-05-07,12,70
2022-05-08,13,15
2022-05-09,15,26
2022-05-10,49,66
2022-05-11,28,76
2022-05-12,20,95
2022-05-13,14,89
2022-05-14,67,88
2022-05-15,17,69
2022-05-16,39,90
2022-05-17,12,57
2022-05-18,38,50
2022-05-19,7,49
2022-05-20,91,121
2022-05-21,97,147
2022-05-22,40,116
2022-05-23,28,66
2022-05-24,97,155
2022-05-25,147,166
2022-05-26,104,170
2022-05-27,91,112
2022-05-28,150,168
2022-05-29,104,156
2022-05-30,96,107
2022-05-31,180,186
2022-06-01,127,270
2022-06-02,88,143
2022-06-03,98,130
2022-06-04,78,123
2022-06-05,77,79
2022-06-06,34,86
2022-06-07,66,79
2022-06-08,63,88
2022-06-09,42,81
2022-06-10,44,64
2022-06-11,42,63
2022-06-12,42,94
2022-06-13,43,92
2022-06-14,26,104
2022-06-15,40,60
2022-06-16,72,98
2022-06-17,34,91
2022-06-18,38,90
2022-06-19,30,39
2022-06-20,32,40
2022-06-21,49,80
2022-06-22,51,103
2022-06-23,52,97
2022-06-24,62,111
2022-06-25,59,94
2022-06-26,63,63
2022-06-27,15,78
2022-06-28,50,60
2022-06-29,32,87
2022-06-30,49,84
2022-07-01,60,101
2022-07-02,25,106
2022-07-03,26,31
2022-07-04,22,49
2022-07-05,56,76
2022-07-06,23,78
2022-07-07,16,85
2022-07-08,25,34
2022-07-09,22,64
2022-07-10,28,29
2022-07-11,16,41
2022-07-12,69,89
2022-07-13,53,110
2022-07-14,57,102
2022-07-15,61,86
2022-07-16,65,96
2022-07-17,66,75
2022-07-18,77,124
2022-07-19,120,226
2022-07-20,79,146
2022-07-21,24,91
2022-07-22,47,56
2022-07-23,75,108
2022-07-24,32,82
2022-07-25,71,99
2022-07-26,115,198
2022-07-27,25,139
2022-07-28,16,84
2022-07-29,9,26
2022-07-30,19,56
2022-07-31,15,23
2022-08-01,18,35
2022-08-02,8,45
2022-08-03,15,34
2022-08-04,17,36
2022-08-05,25,41
2022-08-06,18,82
2022-08-07,27,34
2022-08-08,27,48
2022-08-09,32,68
2022-08-10,22,116
2022-08-11,12,53
2022-08-12,74,130
2022-08-13,18,101
2022-08-14,48,68
2022-08-15,40,121
2022-08-16,71,126
2022-08-17,61,129
2022-08-18,81,122
2022-08-19,67,173
2022-08-20,54,111
2022-08-21,16,60
2022-08-22,50,65
2022-08-23,25,95
2022-08-24,18,118
2022-08-25,6,55
2022-08-26,17,33
2022-08-27,57,114
2022-08-28,37,123
2022-08-29,92,140
2022-08-30,71,185
2022-08-31,75,88
2022-09-01,9,96
2022-09-02,20,83
2022-09-03,41,73
2022-09-04,30,76
2022-09-05,26,77
2022-09-06,23,60
2022-09-07,69,101
2022-09-08,22,93
2022-09-09,55,98
2022-09-10,83,116
2022-09-11,47,97
2022-09-12,96,175
2022-09-13,56,198
2022-09-14,56,86
2022-09-15,53,99
2022-09-16,65,133
2022-09-17,176,206
2022-09-18,252,264
2022-09-19,125,264
2022-09-20,129,249
2022-09-21,135,163
2022-09-22,74,155
2022-09-23,13,92
2022-09-24,14,82
2022-09-25,16,19
2022-09-26,58,66
2022-09-27,24,93
2022-09-28,34,82
2022-09-29,33,102
2022-09-30,9,68
2022-10-01,11,39
2022-10-02,78,78
2022-10-03,65,122
2022-10-04,82,156
2022-10-05,144,189
2022-10-06,69,161
2022-10-07,15,89
2022-10-08,9,73
2022-10-09,9,11
2022-10-10,17,19
2022-10-11,15,83
2022-10-12,62,94
2022-10-13,90,106
2022-10-14,16,152
2022-10-15,9,78
2022-10-16,16,16
2022-10-17,70,80
2022-10-18,47,112
2022-10-19,130,182
2022-10-20,14,149
2022-10-21,5,35
2022-10-22,28,59
2022-10-23,13,36
2022-10-24,13,23
2022-10-25,64,108
2022-10-26,31,120
2022-10-27,30,60
2022-10-28,19,58
2022-10-29,16,53
2022-10-30,11,23
2022-10-31,10,17
2022-11-01,78,87
2022-11-02,93,166
2022-11-03,33,125
2022-11-04,32,77
2022-11-05,6,48
2022-11-06,5,9
2022-11-07,60,64
2022-11-08,93,152
2022-11-09,71,177
2022-11-10,17,96
2022-11-11,7,74
2022-11-12,10,14
2022-11-13,16,17
2022-11-14,14,27
2022-11-15,87,122
2022-11-16,92,125
2022-11-17,66,175
2022-11-18,17,105
2022-11-19,24,58
2022-11-20,30,31
2022-11-21,15,42
2022-11-22,18,42
2022-11-23,48,89
2022-11-24,27,87
2022-11-25,12,53
2022-11-26,20,25
2022-11-27,9,20
2022-11-28,7,16
2022-11-29,61,79
2022-11-30,42,115
2022-12-01,35,59
2022-12-02,70,118
2022-12-03,6,128
2022-12-04,12,14
2022-12-05,18,23
2022-12-06,17,37
2022-12-07,9,57
2022-12-08,44,70
2022-12-09,32,60
2022-12-10,20,72
2022-12-11,16,26
2022-12-12,56,71
2022-12-13,61,136
2022-12-14,112,200
2022-12-15,32,148
2022-12-16,21,85
2022-12-17,29,60
2022-12-18,6,35
2022-12-19,59,65
2022-12-20,103,132
2022-12-21,20,196
2022-12-22,105,139
2022-12-23,89,164
2022-12-24,48,110
2022-12-25,90,93
2022-12-26,70,132
2022-12-27,141,150
2022-12-28,93,216
2022-12-29,70,146
2022-12-30,105,169
2022-12-31,59,170
2023-01-01,85,88
2023-01-02,106,155
2023-01-03,127,205
2023-01-04,165,181
2023-01-05,58,213
2023-01-06,31,98
2023-01-07,33,122
2023-01-08,13,43
2023-01-09,49,54
2023-01-10,68,145
2023-01-11,55,134
2023-01-12,76,150
2023-01-13,86,161
2023-01-14,67,173
2023-01-15,35,128
2023-01-16,78,86
2023-01-17,66,138
2023-01-18,94,128
2023-01-19,63,144
2023-01-20,69,152
2023-01-21,39,151
2023-01-22,70,105
2023-01-23,116,190
2023-01-24,57,194
2023-01-25,98,170
2023-01-26,37,154
2023-01-27,41,94
2023-01-28,100,156
2023-01-29,117,157
2023-01-30,74,168
2023-01-31,106,202
2023-02-01,123,190
2023-02-02,61,173
2023-02-03,87,146
2023-02-04,113,255
2023-02-05,102,170
2023-02-06,100,150
2023-02-07,85,189
2023-02-08,57,132
2023-02-09,14,155
2023-02-10,77,113
2023-02-11,119,140
2023-02-12,130,139
2023-02-13,137,158
2023-02-14,64,173
2023-02-15,76,130
2023-02-16,19,93
2023-02-17,115,130
2023-02-18,50,187
2023-02-19,44,61
2023-02-20,89,98
2023-02-21,21,107
2023-02-22,22,65
2023-02-23,83,108
2023-02-24,77,107
2023-02-25,54,125
2023-02-26,57,61
2023-02-27,49,67
2023-02-28,49,76
2023-03-01,96,144
2023-03-02,93,133
2023-03-03,66,174
2023-03-04,74,155
2023-03-05,74,79
2023-03-06,19,86
2023-03-07,137,162
2023-03-08,166,183
2023-03-09,89,193
2023-03-10,127,227
2023-03-11,134,155
2023-03-12,130,138
2023-03-13,185,188
2023-03-14,214,269
2023-03-15,147,302
2023-03-16,72,164
2023-03-17,146,206
2023-03-18,235,294
2023-03-19,241,246
2023-03-20,232,251
2023-03-21,68,265
2023-03-22,131,193
2023-03-23,32,149
2023-03-24,112,165
2023-03-25,122,164
2023-03-26,125,135
2023-03-27,65,146
2023-03-28,20,82
2023-03-29,35,70
2023-03-30,37,160
2023-03-31,14,64
2023-04-01,17,54
2023-04-02,19,26
2023-04-03,10,29
2023-04-04,8,27
2023-04-05,35,52
2023-04-06,11,49
2023-04-07,16,30
2023-04-08,15,46
2023-04-09,20,25
2023-04-10,15,31
2023-04-11,43,74
2023-04-12,75,114
2023-04-13,25,94
2023-04-14,19,49
2023-04-15,25,71
2023-04-16,29,35
2023-04-17,8,37
2023-04-18,13,35
2023-04-19,25,54
2023-04-20,13,43
2023-04-21,11,32
2023-04-22,15,55
2023-04-23,18,18
2023-04-24,9,31
2023-04-25,19,47
2023-04-26,31,62
2023-04-27,45,84
2023-04-28,80,129
2023-04-29,82,186
2023-04-30,127,166
2023-05-01,67,170
2023-05-02,26,105
2023-05-03,26,61
2023-05-04,32,61
2023-05-05,26,60
2023-05-06,15,40
2023-05-07,11,21
2023-05-08,35,43
2023-05-09,22,74
2023-05-10,23,66
2023-05-11,75,105
2023-05-12,26,137
2023-05-13,65,161
2023-05-14,169,176
2023-05-15,180,249
2023-05-16,181,272
2023-05-17,199,273
2023-05-18,121,314
2023-05-19,224,320
2023-05-20,156,308
2023-05-21,236,264
2023-05-22,243,258
2023-05-23,307,333
2023-05-24,252,412
2023-05-25,216,293
2023-05-26,219,259
2023-05-27,118,262
2023-05-28,157,224
2023-05-29,156,169
2023-05-30,242,317
2023-05-31,236,285
2023-06-01,200,365
2023-06-02,247,330
2023-06-03,234,298
2023-06-04,241,249
2023-06-05,216,268
2023-06-06,160,330
2023-06-07,196,260
2023-06-08,190,277
2023-06-09,198,330
2023-06-10,235,296
2023-06-11,235,253
2023-06-12,248,259
2023-06-13,200,353
2023-06-14,164,250
2023-06-15,121,214
2023-06-16,285,393
2023-06-17,226,318
2023-06-18,175,248
2023-06-19,174,200
2023-06-20,198,226
2023-06-21,140,264
2023-06-22,58,176
2023-06-23,226,260
2023-06-24,264,379
2023-06-25,248,326
2023-06-26,294,324
2023-06-27,276,322
2023-06-28,250,334
2023-06-29,118,285
2023-06-30,235,248
2023-07-01,249,283
2023-07-02,247,270
2023-07-03,265,269
2023-07-04,259,288
2023-07-05,257,280
2023-07-06,265,286
2023-07-07,159,298
2023-07-08,254,302
2023-07-09,232,270
2023-07-10,227,249
2023-07-11,209,385
2023-07-12,210,260
2023-07-13,291,319
2023-07-14,300,362
2023-07-15,154,333
2023-07-16,230,251
2023-07-17,197,256
2023-07-18,183,254
2023-07-19,284,379
2023-07-20,152,333
2023-07-21,146,237
2023-07-22,273,331
2023-07-23,273,283
2023-07-24,286,301
2023-07-25,289,315
2023-07-26,295,338
2023-07-27,208,342
2023-07-28,191,283
2023-07-29,159,221
2023-07-30,168,177
2023-07-31,191,196
2023-08-01,203,234
2023-08-02,267,349
2023-08-03,138,308
2023-08-04,197,253
2023-08-05,209,261
2023-08-06,234,237
2023-08-07,174,242
2023-08-08,200,228
2023-08-09,226,267
2023-08-10,177,314
2023-08-11,163,323
2023-08-12,174,231
2023-08-13,180,184
2023-08-14,223,235
2023-08-15,192,283
2023-08-16,99,274
2023-08-17,85,162
2023-08-18,161,190
2023-08-19,235,287
2023-08-20,273,276
2023-08-21,292,306
2023-08-22,258,348
2023-08-23,320,362
2023-08-24,172,388
2023-08-25,165,298
2023-08-26,193,277
2023-08-27,207,209
2023-08-28,219,278
2023-08-29,215,272
2023-08-30,138,267
2023-08-31,234,262
2023-09-01,142,304
2023-09-02,194,233
2023-09-03,250,253
2023-09-04,224,257
2023-09-05,225,261
2023-09-06,276,366
2023-09-07,173,311
2023-09-08,268,317
2023-09-09,300,320
2023-09-10,272,319
2023-09-11,294,300
2023-09-12,229,347
2023-09-13,204,275
2023-09-14,86,322
2023-09-15,163,191
2023-09-16,209,250
2023-09-17,185,222
2023-09-18,195,204
2023-09-19,212,259
2023-09-20,228,268
2023-09-21,115,275
2023-09-22,93,242
2023-09-23,174,216
2023-09-24,233,242
2023-09-25,246,253
2023-09-26,222,304
2023-09-27,240,290
2023-09-28,185,341
2023-09-29,213,318
2023-09-30,68,248
2023-10-01,82,90
2023-10-02,52,97
2023-10-03,41,110
2023-10-04,126,189
2023-10-05,197,222
2023-10-06,261,301
2023-10-07,173,315
2023-10-08,176,190
2023-10-09,193,246
2023-10-10,267,277
2023-10-11,199,334
2023-10-12,141,223
2023-10-13,83,205
2023-10-14,160,200
2023-10-15,172,183
2023-10-16,187,193
2023-10-17,197,278
2023-10-18,263,318
2023-10-19,93,293
2023-10-20,104,212
2023-10-21,189,223
2023-10-22,190,214
2023-10-23,172,220
2023-10-24,238,300
2023-10-25,208,314
2023-10-26,163,364
2023-10-27,276,317
2023-10-28,257,311
2023-10-29,263,268
2023-10-30,264,269
2023-10-31,272,324
2023-11-01,240,365
2023-11-02,248,286
2023-11-03,221,354
2023-11-04,234,264
2023-11-05,271,277
2023-11-06,245,290
2023-11-07,173,293
2023-11-08,177,208
2023-11-09,200,295
2023-11-10,200,243
2023-11-11,176,206
2023-11-12,198,208
2023-11-13,193,242
2023-11-14,172,225
2023-11-15,118,212
2023-11-16,120,158
2023-11-17,114,162
2023-11-18,153,195
2023-11-19,111,181
2023-11-20,75,150
2023-11-21,73,143
2023-11-22,54,125
2023-11-23,43,106
2023-11-24,61,64
2023-11-25,83,112
2023-11-26,104,111
2023-11-27,153,163
2023-11-28,88,195
2023-11-29,110,158
2023-11-30,97,181
2023-12-01,130,162
2023-12-02,105,183
2023-12-03,157,172
2023-12-04,84,192
2023-12-05,87,157
2023-12-06,76,138
2023-12-07,110,169
2023-12-08,126,225
2023-12-09,104,169
2023-12-10,119,125
2023-12-11,73,137
2023-12-12,132,225
2023-12-13,56,193
2023-12-14,36,114
2023-12-15,126,160
2023-12-16,157,214
2023-12-17,149,166
2023-12-18,116,164
2023-12-19,132,160
2023-12-20,94,243
2023-12-21,173,220
2023-12-22,155,256
2023-12-23,179,278
2023-12-24,199,233
2023-12-25,204,209
2023-12-26,251,263
2023-12-27,208,279
2023-12-28,155,265
2023-12-29,83,199
2023-12-30,96,135
2023-12-31,93,102
2024-01-01,95,97
2024-01-02,98,107
2024-01-03,77,152
2024-01-04,50,119
2024-01-05,51,125
2024-01-06,24,110
2024-01-07,24,31
2024-01-08,38,42
2024-01-09,30,90
2024-01-10,20,79
2024-01-11,24,72
2024-01-12,83,148
2024-01-13,47,115
2024-01-14,134,138
2024-01-15,116,147
2024-01-16,95,182
2024-01-17,67,151
2024-01-18,148,228
2024-01-19,248,289
2024-01-20,256,306
2024-01-21,195,273
2024-01-22,235,276
2024-01-23,278,333
2024-01-24,254,368
2024-01-25,221,300
2024-01-26,243,294
2024-01-27,279,360
2024-01-28,265,284
2024-01-29,269,277
2024-01-30,231,313
2024-01-31,211,303
2024-02-01,128,249
2024-02-02,212,267
2024-02-03,251,303
2024-02-04,243,257
2024-02-05,266,281
2024-02-06,268,309
2024-02-07,214,305
2024-02-08,243,302
2024-02-09,232,330
2024-02-10,200,262
2024-02-11,223,258
2024-02-12,243,249
2024-02-13,240,288
2024-02-14,213,295
2024-02-15,199,311
2024-02-16,172,284
2024-02-17,215,315
2024-02-18,221,260
2024-02-19,258,268
2024-02-20,258,270
2024-02-21,286,338
2024-02-22,205,343
2024-02-23,229,268
2024-02-24,270,325
2024-02-25,273,275
2024-02-26,229,293
2024-02-27,241,302
2024-02-28,171,297
2024-02-29,226,257
2024-03-01,238,305
2024-03-02,240,300
2024-03-03,210,263
2024-03-04,261,270
2024-03-05,235,317
2024-03-06,230,315
2024-03-07,166,294
2024-03-08,197,264
2024-03-09,184,288
2024-03-10,167,198
2024-03-11,222,228
2024-03-12,215,272
2024-03-13,200,326
2024-03-14,207,288
2024-03-15,191,259
2024-03-16,224,267
2024-03-17,209,236
2024-03-18,191,249
2024-03-19,196,236
2024-03-20,235,267
2024-03-21,166,334
2024-03-22,199,296
2024-03-23,217,269
2024-03-24,219,252
2024-03-25,222,234
2024-03-26,249,306
2024-03-27,248,337
2024-03-28,188,315
2024-03-29,257,326
2024-03-30,194,344
2024-03-31,200,205
2024-04-01,196,252
2024-04-02,274,321
2024-04-03,213,332
2024-04-04,152,297
2024-04-05,176,247
2024-04-06,249,336
2024-04-07,246,254
2024-04-08,156,267
2024-04-09,245,315
2024-04-10,214,321
2024-04-11,209,312
2024-04-12,285,391
2024-04-13,289,348
2024-04-14,225,309
2024-04-15,195,245
2024-04-16,196,262
2024-04-17,200,297
2024-04-18,177,306
2024-04-19,240,315
2024-04-20,200,344
2024-04-21,283,291
2024-04-22,192,324
2024-04-23,254,329
2024-04-24,235,334
2024-04-25,262,351
2024-04-26,303,357
2024-04-27,298,390
2024-04-28,293,325
2024-04-29,208,328
2024-04-30,232,299
2024-05-01,320,409
2024-05-02,301,387
2024-05-03,298,392
2024-05-04,200,386
2024-05-05,270,310
2024-05-06,196,289
2024-05-07,255,320
2024-05-08,289,366
2024-05-09,237,385
2024-05-10,284,379
2024-05-11,236,402
2024-05-12,255,261
2024-05-13,282,296
2024-05-14,285,315
2024-05-15,251,344
2024-05-16,249,323
2024-05-17,285,347
2024-05-18,291,350
2024-05-19,319,327
2024-05-20,296,365
2024-05-21,302,369
2024-05-22,257,420
2024-05-23,278,350
2024-05-24,256,336
2024-05-25,267,381
2024-05-26,212,297
2024-05-27,222,287
2024-05-28,265,300
2024-05-29,301,383
2024-05-30,259,374
2024-05-31,327,394
2024-06-01,300,456
2024-06-02,203,356
2024-06-03,213,281
2024-06-04,244,335
2024-06-05,172,349
2024-06-06,242,293
2024-06-07,250,337
2024-06-08,298,357
2024-06-09,253,300
2024-06-10,193,324
2024-06-11,254,336
2024-06-12,228,345
2024-06-13,233,351
2024-06-14,226,344
2024-06-15,258,355
2024-06-16,289,306
2024-06-17,272,296
2024-06-18,275,355
2024-06-19,204,363
2024-06-20,215,289
2024-06-21,177,266
2024-06-22,243,304
2024-06-23,287,293
2024-06-24,278,302
2024-06-25,233,360
2024-06-26,263,329
2024-06-27,224,320
2024-06-28,276,334
2024-06-29,263,370
2024-06-30,288,294
2024-07-01,291,302
2024-07-02,260,341
2024-07-03,306,400
2024-07-04,243,377
2024-07-05,262,281
2024-07-06,294,363
2024-07-07,299,319
2024-07-08,293,334
2024-07-09,282,373
2024-07-10,217,358
2024-07-11,259,351
2024-07-12,272,366
2024-07-13,305,447
2024-07-14,288,328
2024-07-15,178,310
2024-07-16,232,323
2024-07-17,254,312
2024-07-18,212,354
2024-07-19,230,295
2024-07-20,219,387
2024-07-21,279,285
2024-07-22,281,305
2024-07-23,190,331
2024-07-24,225,308
2024-07-25,254,321
2024-07-26,300,389
2024-07-27,238,427
2024-07-28,250,282
2024-07-29,202,287
2024-07-30,234,325
2024-07-31,285,363
2024-08-01,283,384
2024-08-02,273,342
2024-08-03,215,345
2024-08-04,279,289
2024-08-05,206,303
2024-08-06,240,354
2024-08-07,244,370
2024-08-08,244,352
2024-08-09,265,362
2024-08-10,206,361
2024-08-11,210,214
2024-08-12,199,227
2024-08-13,228,304
2024-08-14,193,275
2024-08-15,188,269
2024-08-16,239,312
2024-08-17,249,347
2024-08-18,147,283
2024-08-19,154,193
2024-08-20,167,285
2024-08-21,123,313
2024-08-22,103,187
2024-08-23,176,216
2024-08-24,83,258
2024-08-25,135,135
2024-08-26,72,229
2024-08-27,104,206
2024-08-28,145,240
2024-08-29,147,250
2024-08-30,231,302
2024-08-31,246,409
2024-09-01,255,256
2024-09-02,264,284
2024-09-03,211,313
2024-09-04,178,356
2024-09-05,210,348
2024-09-06,233,312
2024-09-07,149,316
2024-09-08,165,180
2024-09-09,103,186
2024-09-10,275,363
2024-09-11,281,324
2024-09-12,294,342
2024-09-13,213,388
2024-09-14,166,343
2024-09-15,105,174
2024-09-16,82,128
2024-09-17,135,187
2024-09-18,172,269
2024-09-19,101,257
2024-09-20,124,210
2024-09-21,125,235
2024-09-22,134,142
2024-09-23,126,180
2024-09-24,133,184
2024-09-25,148,335
2024-09-26,177,241
2024-09-27,187,269
2024-09-28,213,294
2024-09-29,222,231
2024-09-30,89,254
2024-10-01,106,166
2024-10-02,98,171
2024-10-03,104,164
2024-10-04,122,183
2024-10-05,153,229
2024-10-06,220,225
2024-10-07,225,260
2024-10-08,128,298
2024-10-09,135,214
2024-10-10,126,200
2024-10-11,206,263
2024-10-12,194,334
2024-10-13,211,221
2024-10-14,176,228
2024-10-15,155,201
2024-10-16,144,228
2024-10-17,186,230
2024-10-18,235,294
2024-10-19,208,343
2024-10-20,185,220
2024-10-21,250,289
2024-10-22,247,309
2024-10-23,226,343
2024-10-24,190,370
2024-10-25,236,284
2024-10-26,279,409
2024-10-27,288,303
2024-10-28,214,312
2024-10-29,188,277
2024-10-30,199,332
2024-10-31,165,262
2024-11-01,182,244
2024-11-02,167,278
2024-11-03,222,232
2024-11-04,179,239
2024-11-05,176,244
2024-11-06,175,287
2024-11-07,150,266
2024-11-08,185,222
2024-11-09,171,289
2024-11-10,178,181
2024-11-11,208,245
2024-11-12,149,237
2024-11-13,53,213
2024-11-14,129,196
2024-11-15,197,245
2024-11-16,126,343
2024-11-17,204,217
2024-11-18,208,220
2024-11-19,195,272
2024-11-20,177,291
2024-11-21,146,240
2024-11-22,169,227
2024-11-23,193,340
2024-11-24,208,244
2024-11-25,253,304
2024-11-26,253,328
2024-11-27,278,373
2024-11-28,222,424
2024-11-29,204,250
2024-11-30,207,229
2024-12-01,224,225
2024-12-02,270,320
2024-12-03,227,325
2024-12-04,245,340
2024-12-05,215,332
2024-12-06,195,288
2024-12-07,205,316
2024-12-08,211,221
2024-12-09,165,220
2024-12-10,153,261
2024-12-11,132,219
2024-12-12,87,183
2024-12-13,140,191
2024-12-14,150,250
2024-12-15,115,163
2024-12-16,97,138
2024-12-17,69,182
2024-12-18,80,109
2024-12-19,91,161
2024-12-20,138,190
2024-12-21,172,356
2024-12-22,125,220
2024-12-23,75,149
2024-12-24,205,275
2024-12-25,122,277
2024-12-26,83,145
2024-12-27,96,159
2024-12-28,117,178
2024-12-29,106,166
2024-12-30,103,130
2024-12-31,305,339
2025-01-01,284,374
2025-01-02,257,306
2025-01-03,270,325
2025-01-04,277,376
2025-01-05,282,288
2025-01-06,254,295
2025-01-07,271,310
2025-01-08,284,351
2025-01-09,197,374
2025-01-10,197,234
2025-01-11,164,297
2025-01-12,165,176
2025-01-13,153,193
2025-01-14,113,217
2025-01-15,104,187
2025-01-16,89,176
2025-01-17,153,211
2025-01-18,223,305
2025-01-19,212,242
2025-01-20,221,232
2025-01-21,175,248
2025-01-22,185,228
2025-01-23,142,233
2025-01-24,155,199
2025-01-25,164,222
2025-01-26,159,183
2025-01-27,135,190
2025-01-28,144,194
2025-01-29,123,233
2025-01-30,131,185
2025-01-31,138,205
2025-02-01,149,219
2025-02-02,164,170
2025-02-03,175,205
2025-02-04,137,255
2025-02-05,150,206
2025-02-06,74,234
2025-02-07,80,127
2025-02-08,94,179
2025-02-09,137,290
2025-02-10,78,165
2025-02-11,93,159
2025-02-12,119,168
2025-02-13,124,200
2025-02-14,147,226
2025-02-15,130,245
2025-02-16,140,144
2025-02-17,117,154
