Date,Midnight population,24-hour population,N
2008-10-01,,,925
2008-10-02,,,959
2008-10-03,,,978
2008-10-04,,,907
2008-10-05,,,935
2008-10-06,,,1005
2008-10-07,,,1010
2008-10-08,,,1012
2008-10-09,,,998
2008-10-10,,,978
2008-10-11,,,891
2008-10-12,,,922
2008-10-13,,,942
2008-10-14,,,1015
2008-10-15,,,1015
2008-10-16,,,1045
2008-10-17,,,1035
2008-10-18,,,970
2008-10-19,,,952
2008-10-20,,,974
2008-10-21,,,968
2008-10-22,,,947
2008-10-23,,,911
2008-10-24,,,938
2008-10-25,,,925
2008-10-26,,,950
2008-10-27,,,945
2008-10-28,,,960
2008-10-29,,,989
2008-10-30,903.0,966.0,964
2008-10-31,902.0,965.0,918
2008-11-01,900.0,962.0,863
2008-11-02,899.0,958.0,851
2008-11-03,898.0,958.0,910
2008-11-04,897.0,958.0,941
2008-11-05,895.0,957.0,972
2008-11-06,895.0,955.0,940
2008-11-07,890.0,953.0,949
2008-11-08,888.0,948.0,847
2008-11-09,888.0,944.0,863
2008-11-10,888.0,945.0,925
2008-11-11,890.0,946.0,945
2008-11-12,888.0,948.0,1003
2008-11-13,887.0,946.0,965
2008-11-14,881.0,944.0,959
2008-11-15,876.0,936.0,813
2008-11-16,873.0,930.0,844
2008-11-17,870.0,927.0,892
2008-11-18,867.0,925.0,882
2008-11-19,864.0,923.0,905
2008-11-20,864.0,920.0,891
2008-11-21,862.0,919.0,903
2008-11-22,861.0,916.0,833
2008-11-23,861.0,914.0,864
2008-11-24,858.0,914.0,925
2008-11-25,859.0,913.0,922
2008-11-26,857.0,913.0,957
2008-11-27,855.0,910.0,862
2008-11-28,851.0,907.0,915
2008-11-29,850.0,903.0,829
2008-11-30,850.0,901.0,849
2008-12-01,851.0,902.0,915
2008-12-02,853.0,906.0,959
2008-12-03,855.0,909.0,1010
2008-12-04,857.0,911.0,980
2008-12-05,858.0,914.0,1067
2008-12-06,859.0,914.0,939
2008-12-07,865.0,914.0,968
2008-12-08,867.0,920.0,1022
2008-12-09,869.0,925.0,998
2008-12-10,866.0,926.0,965
2008-12-11,861.0,923.0,842
2008-12-12,857.0,918.0,856
2008-12-13,854.0,913.0,813
2008-12-14,855.0,909.0,844
2008-12-15,857.0,911.0,889
2008-12-16,855.0,913.0,905
2008-12-17,855.0,912.0,851
2008-12-18,856.0,912.0,874
2008-12-19,856.0,912.0,920
2008-12-20,856.0,911.0,868
2008-12-21,858.0,910.0,861
2008-12-22,860.0,913.0,922
2008-12-23,860.0,916.0,963
2008-12-24,858.0,917.0,934
2008-12-25,855.0,913.0,809
2008-12-26,855.0,909.0,832
2008-12-27,855.0,908.0,847
2008-12-28,857.0,906.0,860
2008-12-29,858.0,909.0,900
2008-12-30,859.0,912.0,945
2008-12-31,862.0,914.0,973
2009-01-01,862.0,914.0,965
2009-01-02,861.0,914.0,995
2009-01-03,857.0,912.0,927
2009-01-04,858.0,906.0,903
2009-01-05,857.0,908.0,996
2009-01-06,856.0,910.0,1009
2009-01-07,854.0,910.0,1022
2009-01-08,853.0,908.0,947
2009-01-09,856.0,907.0,948
2009-01-10,857.0,910.0,927
2009-01-11,860.0,910.0,847
2009-01-12,862.0,913.0,905
2009-01-13,863.0,916.0,944
2009-01-14,864.0,919.0,972
2009-01-15,865.0,920.0,933
2009-01-16,866.0,922.0,920
2009-01-17,866.0,923.0,888
2009-01-18,868.0,921.0,875
2009-01-19,869.0,922.0,905
2009-01-20,870.0,925.0,942
2009-01-21,870.0,925.0,929
2009-01-22,871.0,925.0,951
2009-01-23,875.0,926.0,977
2009-01-24,876.0,931.0,954
2009-01-25,877.0,932.0,858
2009-01-26,878.0,935.0,946
2009-01-27,877.0,939.0,970
2009-01-28,876.0,940.0,913
2009-01-29,874.0,937.0,879
2009-01-30,868.0,935.0,900
2009-01-31,863.0,928.0,770
2009-02-01,860.0,922.0,788
2009-02-02,857.0,919.0,839
2009-02-03,855.0,918.0,886
2009-02-04,854.0,916.0,946
2009-02-05,852.0,914.0,946
2009-02-06,851.0,913.0,999
2009-02-07,852.0,911.0,884
2009-02-08,852.0,910.0,900
2009-02-09,855.0,911.0,972
2009-02-10,856.0,915.0,957
2009-02-11,852.0,915.0,911
2009-02-12,848.0,911.0,808
2009-02-13,845.0,906.0,842
2009-02-14,843.0,901.0,784
2009-02-15,841.0,897.0,794
2009-02-16,840.0,895.0,823
2009-02-17,839.0,895.0,880
2009-02-18,837.0,894.0,873
2009-02-19,834.0,891.0,859
2009-02-20,831.0,890.0,879
2009-02-21,829.0,886.0,835
2009-02-22,827.0,882.0,852
2009-02-23,828.0,881.0,926
2009-02-24,824.0,882.0,901
2009-02-25,821.0,879.0,864
2009-02-26,820.0,875.0,847
2009-02-27,819.0,875.0,901
2009-02-28,818.0,873.0,820
2009-03-01,822.0,871.0,841
2009-03-02,825.0,876.0,911
2009-03-03,827.0,880.0,924
2009-03-04,829.0,883.0,914
2009-03-05,829.0,884.0,920
2009-03-06,827.0,883.0,914
2009-03-07,825.0,879.0,839
2009-03-08,825.0,875.0,863
2009-03-09,825.0,876.0,913
2009-03-10,825.0,877.0,941
2009-03-11,823.0,875.0,915
2009-03-12,822.0,873.0,893
2009-03-13,824.0,872.0,895
2009-03-14,827.0,875.0,876
2009-03-15,832.0,876.0,894
2009-03-16,836.0,882.0,956
2009-03-17,837.0,887.0,929
2009-03-18,839.0,890.0,922
2009-03-19,840.0,891.0,926
2009-03-20,840.0,894.0,939
2009-03-21,839.0,892.0,825
2009-03-22,840.0,890.0,805
2009-03-23,838.0,891.0,853
2009-03-24,837.0,892.0,881
2009-03-25,836.0,891.0,896
2009-03-26,838.0,890.0,888
2009-03-27,839.0,891.0,878
2009-03-28,841.0,891.0,858
2009-03-29,844.0,890.0,884
2009-03-30,846.0,895.0,950
2009-03-31,847.0,898.0,942
2009-04-01,848.0,899.0,947
2009-04-02,849.0,900.0,953
2009-04-03,850.0,901.0,943
2009-04-04,852.0,901.0,926
2009-04-05,856.0,902.0,934
2009-04-06,859.0,907.0,973
2009-04-07,861.0,910.0,979
2009-04-08,861.0,912.0,957
2009-04-09,860.0,912.0,934
2009-04-10,861.0,912.0,924
2009-04-11,862.0,911.0,869
2009-04-12,863.0,911.0,884
2009-04-13,864.0,913.0,947
2009-04-14,864.0,916.0,964
2009-04-15,863.0,916.0,974
2009-04-16,864.0,916.0,932
2009-04-17,863.0,916.0,925
2009-04-18,862.0,914.0,843
2009-04-19,864.0,911.0,866
2009-04-20,867.0,914.0,926
2009-04-21,868.0,918.0,925
2009-04-22,869.0,921.0,923
2009-04-23,870.0,921.0,896
2009-04-24,871.0,922.0,918
2009-04-25,872.0,922.0,873
2009-04-26,875.0,922.0,900
2009-04-27,876.0,925.0,944
2009-04-28,876.0,927.0,947
2009-04-29,877.0,928.0,970
2009-04-30,877.0,929.0,965
2009-05-01,876.0,929.0,960
2009-05-02,878.0,928.0,922
2009-05-03,879.0,928.0,947
2009-05-04,879.0,930.0,985
2009-05-05,878.0,931.0,963
2009-05-06,877.0,931.0,962
2009-05-07,877.0,930.0,958
2009-05-08,876.0,931.0,979
2009-05-09,877.0,930.0,903
2009-05-10,880.0,930.0,929
2009-05-11,881.0,934.0,991
2009-05-12,880.0,937.0,976
2009-05-13,879.0,937.0,934
2009-05-14,877.0,935.0,900
2009-05-15,875.0,933.0,927
2009-05-16,873.0,930.0,836
2009-05-17,874.0,927.0,851
2009-05-18,875.0,930.0,917
2009-05-19,874.0,932.0,934
2009-05-20,873.0,932.0,940
2009-05-21,871.0,932.0,914
2009-05-22,871.0,931.0,892
2009-05-23,871.0,930.0,856
2009-05-24,873.0,928.0,877
2009-05-25,873.0,929.0,900
2009-05-26,872.0,932.0,975
2009-05-27,871.0,931.0,928
2009-05-28,871.0,931.0,929
2009-05-29,872.0,930.0,962
2009-05-30,875.0,931.0,971
2009-05-31,879.0,932.0,1001
2009-06-01,882.0,937.0,1069
2009-06-02,883.0,941.0,1076
2009-06-03,885.0,944.0,1071
2009-06-04,888.0,947.0,1059
2009-06-05,888.0,951.0,1064
2009-06-06,889.0,950.0,925
2009-06-07,892.0,948.0,944
2009-06-08,894.0,952.0,1007
2009-06-09,893.0,955.0,1038
2009-06-10,891.0,955.0,972
2009-06-11,889.0,953.0,909
2009-06-12,889.0,951.0,894
2009-06-13,888.0,949.0,840
2009-06-14,890.0,947.0,868
2009-06-15,892.0,951.0,953
2009-06-16,893.0,954.0,950
2009-06-17,893.0,955.0,945
2009-06-18,892.0,954.0,898
2009-06-19,890.0,952.0,881
2009-06-20,892.0,950.0,835
2009-06-21,893.0,949.0,859
2009-06-22,892.0,951.0,929
2009-06-23,891.0,952.0,921
2009-06-24,889.0,953.0,907
2009-06-25,888.0,951.0,922
2009-06-26,889.0,951.0,942
2009-06-27,889.0,950.0,891
2009-06-28,888.0,949.0,915
2009-06-29,886.0,949.0,999
2009-06-30,881.0,949.0,974
2009-07-01,876.0,944.0,928
2009-07-02,870.0,938.0,915
2009-07-03,867.0,932.0,884
2009-07-04,864.0,927.0,913
2009-07-05,866.0,924.0,950
2009-07-06,865.0,926.0,1003
2009-07-07,862.0,927.0,958
2009-07-08,858.0,924.0,915
2009-07-09,856.0,919.0,906
2009-07-10,855.0,918.0,931
2009-07-11,856.0,916.0,846
2009-07-12,858.0,915.0,867
2009-07-13,859.0,918.0,946
2009-07-14,860.0,921.0,949
2009-07-15,858.0,921.0,938
2009-07-16,856.0,919.0,898
2009-07-17,854.0,917.0,899
2009-07-18,855.0,915.0,835
2009-07-19,857.0,914.0,858
2009-07-20,858.0,917.0,919
2009-07-21,858.0,919.0,915
2009-07-22,859.0,919.0,926
2009-07-23,860.0,919.0,935
2009-07-24,860.0,921.0,943
2009-07-25,861.0,919.0,870
2009-07-26,862.0,917.0,889
2009-07-27,864.0,920.0,978
2009-07-28,864.0,924.0,1028
2009-07-29,864.0,923.0,988
2009-07-30,865.0,924.0,990
2009-07-31,866.0,925.0,965
2009-08-01,867.0,924.0,888
2009-08-02,867.0,924.0,887
2009-08-03,866.0,926.0,961
2009-08-04,862.0,926.0,939
2009-08-05,859.0,922.0,887
2009-08-06,857.0,919.0,881
2009-08-07,857.0,919.0,902
2009-08-08,858.0,918.0,877
2009-08-09,861.0,917.0,896
2009-08-10,865.0,921.0,972
2009-08-11,868.0,926.0,1015
2009-08-12,871.0,929.0,1052
2009-08-13,872.0,931.0,1010
2009-08-14,871.0,933.0,1001
2009-08-15,872.0,932.0,846
2009-08-16,875.0,931.0,880
2009-08-17,877.0,935.0,954
2009-08-18,878.0,938.0,960
2009-08-19,880.0,940.0,957
2009-08-20,882.0,941.0,949
2009-08-21,880.0,943.0,991
2009-08-22,880.0,940.0,854
2009-08-23,881.0,939.0,890
2009-08-24,883.0,941.0,954
2009-08-25,884.0,945.0,988
2009-08-26,882.0,945.0,985
2009-08-27,880.0,942.0,949
2009-08-28,877.0,941.0,948
2009-08-29,877.0,937.0,874
2009-08-30,879.0,935.0,908
2009-08-31,880.0,938.0,958
2009-09-01,879.0,939.0,935
2009-09-02,880.0,939.0,951
2009-09-03,882.0,940.0,967
2009-09-04,883.0,944.0,1007
2009-09-05,886.0,943.0,872
2009-09-06,888.0,944.0,908
2009-09-07,890.0,946.0,943
2009-09-08,892.0,950.0,1014
2009-09-09,891.0,951.0,1015
2009-09-10,889.0,951.0,1024
2009-09-11,887.0,950.0,1021
2009-09-12,888.0,948.0,937
2009-09-13,893.0,947.0,971
2009-09-14,897.0,954.0,1044
2009-09-15,901.0,959.0,1045
2009-09-16,904.0,962.0,1050
2009-09-17,906.0,966.0,1062
2009-09-18,907.0,969.0,1063
2009-09-19,909.0,970.0,964
2009-09-20,915.0,970.0,984
2009-09-21,920.0,977.0,1065
2009-09-22,923.0,982.0,1067
2009-09-23,924.0,986.0,1068
2009-09-24,926.0,988.0,1029
2009-09-25,927.0,990.0,1049
2009-09-26,931.0,990.0,961
2009-09-27,936.0,991.0,980
2009-09-28,940.0,997.0,1045
2009-09-29,943.0,1002.0,1071
2009-09-30,945.0,1006.0,1078
2009-10-01,947.0,1009.0,1009
2009-10-02,948.0,1011.0,1016
2009-10-03,948.0,1010.0,924
2009-10-04,952.0,1008.0,948
2009-10-05,955.0,1012.0,1011
2009-10-06,956.0,1016.0,1028
2009-10-07,955.0,1018.0,1010
2009-10-08,954.0,1018.0,994
2009-10-09,951.0,1017.0,986
2009-10-10,950.0,1012.0,888
2009-10-11,950.0,1008.0,906
2009-10-12,951.0,1009.0,958
2009-10-13,950.0,1011.0,1025
2009-10-14,949.0,1010.0,1002
2009-10-15,946.0,1009.0,1015
2009-10-16,942.0,1006.0,974
2009-10-17,939.0,1000.0,895
2009-10-18,939.0,996.0,927
2009-10-19,938.0,996.0,978
2009-10-20,935.0,996.0,982
2009-10-21,929.0,993.0,955
2009-10-22,922.0,986.0,881
2009-10-23,918.0,980.0,888
2009-10-24,915.0,975.0,871
2009-10-25,914.0,970.0,897
2009-10-26,911.0,970.0,951
2009-10-27,906.0,968.0,930
2009-10-28,899.0,963.0,888
2009-10-29,893.0,957.0,898
2009-10-30,890.0,952.0,915
2009-10-31,888.0,947.0,873
2009-11-01,888.0,943.0,898
2009-11-02,888.0,944.0,957
2009-11-03,887.0,945.0,977
2009-11-04,885.0,944.0,988
2009-11-05,883.0,942.0,962
2009-11-06,881.0,940.0,952
2009-11-07,882.0,938.0,930
2009-11-08,885.0,937.0,949
2009-11-09,886.0,941.0,998
2009-11-10,888.0,945.0,1025
2009-11-11,889.0,946.0,1001
2009-11-12,891.0,947.0,1065
2009-11-13,890.0,949.0,1038
2009-11-14,891.0,946.0,941
2009-11-15,894.0,946.0,957
2009-11-16,896.0,950.0,1029
2009-11-17,896.0,953.0,1016
2009-11-18,895.0,954.0,996
2009-11-19,896.0,954.0,987
2009-11-20,899.0,955.0,988
2009-11-21,905.0,957.0,958
2009-11-22,910.0,961.0,985
2009-11-23,910.0,966.0,1032
2009-11-24,908.0,968.0,948
2009-11-25,906.0,967.0,920
2009-11-26,906.0,963.0,810
2009-11-27,907.0,963.0,884
2009-11-28,908.0,962.0,885
2009-11-29,910.0,962.0,904
2009-11-30,911.0,965.0,958
2009-12-01,910.0,967.0,959
2009-12-02,908.0,966.0,931
2009-12-03,906.0,964.0,933
2009-12-04,904.0,962.0,924
2009-12-05,904.0,960.0,885
2009-12-06,905.0,958.0,900
2009-12-07,905.0,959.0,956
2009-12-08,903.0,960.0,987
2009-12-09,902.0,960.0,983
2009-12-10,898.0,957.0,948
2009-12-11,891.0,954.0,920
2009-12-12,885.0,946.0,805
2009-12-13,883.0,938.0,826
2009-12-14,881.0,937.0,889
2009-12-15,878.0,937.0,952
2009-12-16,872.0,934.0,937
2009-12-17,867.0,928.0,838
2009-12-18,864.0,924.0,880
2009-12-19,861.0,919.0,837
2009-12-20,859.0,915.0,862
2009-12-21,856.0,914.0,942
2009-12-22,850.0,912.0,921
2009-12-23,849.0,907.0,896
2009-12-24,849.0,905.0,866
2009-12-25,851.0,903.0,858
2009-12-26,854.0,905.0,898
2009-12-27,856.0,906.0,914
2009-12-28,855.0,909.0,951
2009-12-29,854.0,910.0,938
2009-12-30,854.0,909.0,926
2009-12-31,855.0,909.0,960
2010-01-01,858.0,908.0,918
2010-01-02,861.0,909.0,959
2010-01-03,865.0,911.0,983
2010-01-04,869.0,916.0,1034
2010-01-05,870.0,921.0,1040
2010-01-06,871.0,923.0,1016
2010-01-07,869.0,924.0,1021
2010-01-08,866.0,922.0,925
2010-01-09,865.0,918.0,829
2010-01-10,868.0,916.0,850
2010-01-11,868.0,919.0,895
2010-01-12,866.0,919.0,846
2010-01-13,862.0,918.0,845
2010-01-14,858.0,913.0,814
2010-01-15,858.0,910.0,842
2010-01-16,858.0,909.0,798
2010-01-17,859.0,906.0,809
2010-01-18,859.0,906.0,830
2010-01-19,856.0,906.0,868
2010-01-20,854.0,903.0,851
2010-01-21,853.0,901.0,849
2010-01-22,850.0,899.0,848
2010-01-23,849.0,898.0,810
2010-01-24,848.0,897.0,829
2010-01-25,845.0,896.0,887
2010-01-26,842.0,895.0,886
2010-01-27,841.0,893.0,871
2010-01-28,840.0,891.0,893
2010-01-29,836.0,891.0,914
2010-01-30,833.0,886.0,805
2010-01-31,830.0,883.0,830
2010-02-01,825.0,880.0,880
2010-02-02,818.0,877.0,881
2010-02-03,812.0,872.0,894
2010-02-04,808.0,866.0,866
2010-02-05,803.0,861.0,865
2010-02-06,802.0,854.0,821
2010-02-07,803.0,851.0,836
2010-02-08,803.0,854.0,898
2010-02-09,800.0,854.0,857
2010-02-10,799.0,852.0,827
2010-02-11,799.0,851.0,821
2010-02-12,799.0,851.0,850
2010-02-13,801.0,851.0,818
2010-02-14,803.0,851.0,840
2010-02-15,805.0,853.0,855
2010-02-16,805.0,856.0,899
2010-02-17,803.0,857.0,851
2010-02-18,802.0,855.0,823
2010-02-19,802.0,855.0,852
2010-02-20,803.0,854.0,814
2010-02-21,806.0,854.0,836
2010-02-22,806.0,856.0,879
2010-02-23,806.0,858.0,895
2010-02-24,806.0,859.0,920
2010-02-25,807.0,860.0,900
2010-02-26,808.0,861.0,908
2010-02-27,810.0,861.0,896
2010-02-28,815.0,861.0,925
2010-03-01,818.0,868.0,988
2010-03-02,820.0,872.0,980
2010-03-03,823.0,875.0,955
2010-03-04,825.0,877.0,946
2010-03-05,825.0,878.0,925
2010-03-06,826.0,877.0,843
2010-03-07,828.0,878.0,867
2010-03-08,830.0,881.0,932
2010-03-09,832.0,885.0,938
2010-03-10,833.0,886.0,933
2010-03-11,835.0,888.0,914
2010-03-12,837.0,890.0,899
2010-03-13,839.0,891.0,854
2010-03-14,843.0,892.0,890
2010-03-15,845.0,897.0,943
2010-03-16,845.0,900.0,934
2010-03-17,845.0,902.0,919
2010-03-18,847.0,902.0,902
2010-03-19,850.0,904.0,903
2010-03-20,853.0,906.0,879
2010-03-21,857.0,907.0,897
2010-03-22,860.0,912.0,956
2010-03-23,861.0,916.0,953
2010-03-24,863.0,918.0,958
2010-03-25,865.0,920.0,939
2010-03-26,865.0,920.0,931
2010-03-27,867.0,920.0,886
2010-03-28,869.0,920.0,915
2010-03-29,870.0,923.0,980
2010-03-30,869.0,925.0,986
2010-03-31,868.0,924.0,970
2010-04-01,867.0,923.0,940
2010-04-02,865.0,922.0,925
2010-04-03,864.0,918.0,839
2010-04-04,866.0,916.0,862
2010-04-05,867.0,919.0,918
2010-04-06,866.0,921.0,933
2010-04-07,865.0,920.0,899
2010-04-08,862.0,919.0,903
2010-04-09,859.0,916.0,866
2010-04-10,858.0,912.0,790
2010-04-11,858.0,909.0,809
2010-04-12,856.0,910.0,879
2010-04-13,853.0,909.0,865
2010-04-14,850.0,907.0,879
2010-04-15,848.0,904.0,845
2010-04-16,846.0,902.0,848
2010-04-17,845.0,899.0,830
2010-04-18,846.0,898.0,860
2010-04-19,844.0,899.0,898
2010-04-20,842.0,898.0,883
2010-04-21,839.0,897.0,909
2010-04-22,836.0,894.0,883
2010-04-23,833.0,891.0,857
2010-04-24,831.0,887.0,814
2010-04-25,831.0,883.0,832
2010-04-26,830.0,884.0,890
2010-04-27,829.0,884.0,937
2010-04-28,828.0,884.0,975
2010-04-29,827.0,882.0,926
2010-04-30,827.0,882.0,951
2010-05-01,829.0,880.0,909
2010-05-02,832.0,881.0,930
2010-05-03,835.0,885.0,979
2010-05-04,837.0,889.0,974
2010-05-05,839.0,891.0,985
2010-05-06,840.0,893.0,971
2010-05-07,839.0,895.0,963
2010-05-08,841.0,893.0,840
2010-05-09,844.0,893.0,868
2010-05-10,846.0,897.0,924
2010-05-11,848.0,901.0,922
2010-05-12,851.0,903.0,940
2010-05-13,853.0,906.0,949
2010-05-14,854.0,907.0,931
2010-05-15,857.0,908.0,851
2010-05-16,859.0,908.0,863
2010-05-17,861.0,912.0,940
2010-05-18,863.0,915.0,965
2010-05-19,866.0,918.0,992
2010-05-20,867.0,922.0,987
2010-05-21,868.0,923.0,945
2010-05-22,870.0,923.0,867
2010-05-23,873.0,924.0,892
2010-05-24,876.0,929.0,962
2010-05-25,880.0,934.0,999
2010-05-26,881.0,937.0,987
2010-05-27,882.0,939.0,983
2010-05-28,881.0,940.0,1005
2010-05-29,882.0,939.0,892
2010-05-30,884.0,938.0,914
2010-05-31,884.0,938.0,923
2010-06-01,885.0,941.0,1005
2010-06-02,886.0,942.0,1032
2010-06-03,887.0,944.0,1011
2010-06-04,886.0,945.0,1028
2010-06-05,887.0,943.0,911
2010-06-06,891.0,942.0,928
2010-06-07,893.0,947.0,987
2010-06-08,896.0,951.0,998
2010-06-09,898.0,954.0,1002
2010-06-10,899.0,956.0,978
2010-06-11,897.0,956.0,952
2010-06-12,898.0,954.0,876
2010-06-13,900.0,952.0,897
2010-06-14,901.0,955.0,937
2010-06-15,902.0,959.0,964
2010-06-16,901.0,959.0,956
2010-06-17,901.0,960.0,989
2010-06-18,901.0,959.0,966
2010-06-19,903.0,957.0,937
2010-06-20,907.0,958.0,959
2010-06-21,910.0,963.0,1026
2010-06-22,910.0,967.0,997
2010-06-23,910.0,968.0,992
2010-06-24,908.0,966.0,959
2010-06-25,906.0,965.0,953
2010-06-26,904.0,961.0,854
2010-06-27,904.0,957.0,877
2010-06-28,904.0,958.0,924
2010-06-29,902.0,959.0,943
2010-06-30,897.0,958.0,898
2010-07-01,892.0,952.0,840
2010-07-02,889.0,947.0,871
2010-07-03,886.0,942.0,870
2010-07-04,887.0,937.0,883
2010-07-05,887.0,938.0,925
2010-07-06,884.0,939.0,959
2010-07-07,881.0,936.0,892
2010-07-08,876.0,932.0,875
2010-07-09,874.0,928.0,876
2010-07-10,874.0,924.0,884
2010-07-11,876.0,922.0,893
2010-07-12,876.0,925.0,944
2010-07-13,875.0,926.0,926
2010-07-14,873.0,925.0,906
2010-07-15,870.0,923.0,913
2010-07-16,868.0,920.0,880
2010-07-17,866.0,915.0,830
2010-07-18,864.0,911.0,848
2010-07-19,860.0,910.0,897
2010-07-20,854.0,907.0,862
2010-07-21,850.0,900.0,843
2010-07-22,847.0,896.0,850
2010-07-23,846.0,893.0,902
2010-07-24,847.0,891.0,899
2010-07-25,849.0,889.0,911
2010-07-26,852.0,893.0,963
2010-07-27,851.0,896.0,969
2010-07-28,850.0,896.0,913
2010-07-29,849.0,893.0,878
2010-07-30,850.0,893.0,877
2010-07-31,851.0,893.0,852
2010-08-01,852.0,893.0,863
2010-08-02,851.0,894.0,916
2010-08-03,851.0,896.0,921
2010-08-04,848.0,896.0,932
2010-08-05,848.0,893.0,888
2010-08-06,849.0,893.0,888
2010-08-07,850.0,893.0,859
2010-08-08,851.0,893.0,872
2010-08-09,851.0,894.0,918
2010-08-10,849.0,895.0,921
2010-08-11,848.0,893.0,883
2010-08-12,847.0,891.0,890
2010-08-13,847.0,891.0,894
2010-08-14,848.0,889.0,842
2010-08-15,849.0,888.0,853
2010-08-16,850.0,890.0,896
2010-08-17,848.0,892.0,906
2010-08-18,849.0,891.0,874
2010-08-19,850.0,892.0,896
2010-08-20,852.0,895.0,918
2010-08-21,853.0,895.0,867
2010-08-22,853.0,895.0,878
2010-08-23,854.0,896.0,931
2010-08-24,854.0,898.0,984
2010-08-25,853.0,898.0,946
2010-08-26,854.0,897.0,946
2010-08-27,855.0,899.0,977
2010-08-28,859.0,900.0,923
2010-08-29,863.0,903.0,943
2010-08-30,866.0,908.0,1012
2010-08-31,869.0,913.0,1016
2010-09-01,871.0,916.0,1021
2010-09-02,874.0,920.0,1013
2010-09-03,876.0,924.0,1052
2010-09-04,879.0,925.0,936
2010-09-05,882.0,927.0,953
2010-09-06,886.0,931.0,972
2010-09-07,889.0,936.0,1016
2010-09-08,890.0,939.0,1006
2010-09-09,893.0,941.0,985
2010-09-10,897.0,946.0,1028
2010-09-11,901.0,949.0,979
2010-09-12,907.0,952.0,992
2010-09-13,910.0,959.0,1037
2010-09-14,913.0,964.0,1005
2010-09-15,916.0,967.0,999
2010-09-16,920.0,970.0,1009
2010-09-17,922.0,975.0,1007
2010-09-18,925.0,976.0,933
2010-09-19,929.0,977.0,954
2010-09-20,932.0,982.0,1022
2010-09-21,933.0,987.0,1018
2010-09-22,933.0,989.0,993
2010-09-23,934.0,989.0,991
2010-09-24,935.0,991.0,979
2010-09-25,934.0,990.0,937
2010-09-26,934.0,988.0,895
2010-09-27,934.0,989.0,964
2010-09-28,931.0,990.0,977
2010-09-29,927.0,987.0,910
2010-09-30,924.0,983.0,898
2010-10-01,922.0,979.0,905
2010-10-02,919.0,975.0,895
2010-10-03,920.0,970.0,913
2010-10-04,920.0,971.0,965
2010-10-05,918.0,972.0,976
2010-10-06,916.0,972.0,960
2010-10-07,914.0,969.0,946
2010-10-08,913.0,969.0,986
2010-10-09,913.0,966.0,922
2010-10-10,913.0,964.0,944
2010-10-11,913.0,964.0,983
2010-10-12,912.0,966.0,1046
2010-10-13,913.0,966.0,1052
2010-10-14,912.0,967.0,1020
2010-10-15,911.0,966.0,989
2010-10-16,911.0,964.0,946
2010-10-17,914.0,963.0,966
2010-10-18,914.0,966.0,1019
2010-10-19,912.0,968.0,1012
2010-10-20,909.0,965.0,945
2010-10-21,908.0,962.0,936
2010-10-22,906.0,961.0,956
2010-10-23,907.0,959.0,933
2010-10-24,908.0,958.0,941
2010-10-25,910.0,960.0,1006
2010-10-26,910.0,963.0,973
2010-10-27,910.0,963.0,979
2010-10-28,912.0,963.0,976
2010-10-29,914.0,966.0,983
2010-10-30,917.0,967.0,935
2010-10-31,920.0,968.0,947
2010-11-01,921.0,972.0,1000
2010-11-02,922.0,975.0,1005
2010-11-03,922.0,976.0,991
2010-11-04,921.0,976.0,980
2010-11-05,920.0,975.0,946
2010-11-06,921.0,974.0,906
2010-11-07,922.0,972.0,932
2010-11-08,922.0,974.0,986
2010-11-09,920.0,976.0,980
2010-11-10,916.0,975.0,953
2010-11-11,914.0,970.0,906
2010-11-12,911.0,968.0,990
2010-11-13,911.0,964.0,912
2010-11-14,912.0,962.0,933
2010-11-15,912.0,964.0,990
2010-11-16,910.0,965.0,1004
2010-11-17,907.0,963.0,951
2010-11-18,906.0,960.0,931
2010-11-19,906.0,960.0,930
2010-11-20,907.0,958.0,897
2010-11-21,908.0,957.0,920
2010-11-22,908.0,958.0,968
2010-11-23,907.0,960.0,991
2010-11-24,907.0,960.0,1008
2010-11-25,907.0,958.0,917
2010-11-26,907.0,958.0,976
2010-11-27,908.0,957.0,931
2010-11-28,909.0,955.0,943
2010-11-29,909.0,957.0,980
2010-11-30,909.0,959.0,1000
2010-12-01,909.0,959.0,1006
2010-12-02,909.0,959.0,1009
2010-12-03,909.0,960.0,1039
2010-12-04,911.0,960.0,962
2010-12-05,914.0,961.0,981
2010-12-06,916.0,964.0,998
2010-12-07,916.0,968.0,1034
2010-12-08,916.0,968.0,995
2010-12-09,915.0,966.0,935
2010-12-10,914.0,965.0,915
2010-12-11,911.0,964.0,860
2010-12-12,909.0,958.0,832
2010-12-13,906.0,957.0,872
2010-12-14,902.0,955.0,867
2010-12-15,898.0,951.0,871
2010-12-16,896.0,946.0,869
2010-12-17,895.0,945.0,908
2010-12-18,895.0,943.0,884
2010-12-19,897.0,942.0,907
2010-12-20,897.0,944.0,955
2010-12-21,895.0,945.0,942
2010-12-22,893.0,944.0,940
2010-12-23,891.0,941.0,907
2010-12-24,890.0,938.0,892
2010-12-25,890.0,937.0,899
2010-12-26,890.0,935.0,920
2010-12-27,889.0,936.0,961
2010-12-28,884.0,935.0,914
2010-12-29,878.0,930.0,824
2010-12-30,874.0,925.0,849
2010-12-31,870.0,920.0,847
2011-01-01,868.0,914.0,855
2011-01-02,867.0,909.0,877
2011-01-03,865.0,908.0,942
2011-01-04,864.0,909.0,988
2011-01-05,861.0,907.0,958
2011-01-06,859.0,904.0,936
2011-01-07,859.0,903.0,970
2011-01-08,861.0,903.0,922
2011-01-09,864.0,903.0,932
2011-01-10,868.0,907.0,972
2011-01-11,870.0,912.0,989
2011-01-12,873.0,915.0,954
2011-01-13,875.0,918.0,964
2011-01-14,876.0,920.0,938
2011-01-15,878.0,921.0,882
2011-01-16,879.0,921.0,897
2011-01-17,880.0,922.0,916
2011-01-18,880.0,924.0,966
2011-01-19,880.0,923.0,949
2011-01-20,881.0,924.0,963
2011-01-21,882.0,925.0,964
2011-01-22,884.0,926.0,934
2011-01-23,886.0,928.0,951
2011-01-24,888.0,932.0,1024
2011-01-25,889.0,935.0,1020
2011-01-26,891.0,936.0,993
2011-01-27,897.0,939.0,1000
2011-01-28,902.0,946.0,1035
2011-01-29,906.0,949.0,942
2011-01-30,910.0,953.0,961
2011-01-31,913.0,958.0,1012
2011-02-01,916.0,964.0,1055
2011-02-02,916.0,966.0,1003
2011-02-03,915.0,966.0,980
2011-02-04,915.0,964.0,906
2011-02-05,917.0,964.0,929
2011-02-06,918.0,963.0,936
2011-02-07,918.0,966.0,1003
2011-02-08,917.0,967.0,971
2011-02-09,916.0,966.0,953
2011-02-10,915.0,964.0,919
2011-02-11,912.0,963.0,929
2011-02-12,912.0,960.0,870
2011-02-13,913.0,958.0,883
2011-02-14,913.0,960.0,941
2011-02-15,912.0,962.0,941
2011-02-16,910.0,962.0,913
2011-02-17,910.0,960.0,922
2011-02-18,910.0,961.0,975
2011-02-19,911.0,959.0,916
2011-02-20,912.0,958.0,934
2011-02-21,912.0,959.0,953
2011-02-22,913.0,962.0,1037
2011-02-23,914.0,963.0,1048
2011-02-24,915.0,964.0,1051
2011-02-25,914.0,966.0,1055
2011-02-26,914.0,965.0,969
2011-02-27,917.0,963.0,997
2011-02-28,917.0,967.0,1059
2011-03-01,917.0,970.0,1033
2011-03-02,915.0,969.0,1000
2011-03-03,915.0,967.0,988
2011-03-04,913.0,967.0,998
2011-03-05,914.0,964.0,903
2011-03-06,914.0,965.0,915
2011-03-07,914.0,966.0,981
2011-03-08,914.0,968.0,995
2011-03-09,913.0,968.0,979
2011-03-10,914.0,968.0,995
2011-03-11,915.0,970.0,1003
2011-03-12,919.0,971.0,961
2011-03-13,924.0,973.0,983
2011-03-14,927.0,979.0,1040
2011-03-15,929.0,984.0,1037
2011-03-16,930.0,987.0,1017
2011-03-17,931.0,988.0,989
2011-03-18,933.0,990.0,977
2011-03-19,933.0,990.0,923
2011-03-20,935.0,989.0,944
2011-03-21,935.0,992.0,1007
2011-03-22,936.0,995.0,1003
2011-03-23,935.0,996.0,1008
2011-03-24,933.0,996.0,1009
2011-03-25,931.0,994.0,1004
2011-03-26,930.0,991.0,954
2011-03-27,932.0,988.0,967
2011-03-28,931.0,990.0,1022
2011-03-29,928.0,990.0,996
2011-03-30,927.0,987.0,978
2011-03-31,926.0,985.0,981
2011-04-01,926.0,985.0,1002
2011-04-02,928.0,984.0,964
2011-04-03,931.0,984.0,980
2011-04-04,933.0,989.0,1055
2011-04-05,935.0,994.0,1056
2011-04-06,934.0,994.0,998
2011-04-07,934.0,994.0,987
2011-04-08,933.0,994.0,987
2011-04-09,934.0,992.0,932
2011-04-10,935.0,991.0,959
2011-04-11,935.0,992.0,1013
2011-04-12,933.0,994.0,1037
2011-04-13,931.0,992.0,967
2011-04-14,929.0,989.0,950
2011-04-15,928.0,988.0,990
2011-04-16,929.0,986.0,924
2011-04-17,931.0,985.0,942
2011-04-18,932.0,987.0,996
2011-04-19,930.0,989.0,1000
2011-04-20,930.0,987.0,961
2011-04-21,929.0,987.0,990
2011-04-22,928.0,986.0,972
2011-04-23,929.0,984.0,944
2011-04-24,931.0,982.0,958
2011-04-25,931.0,984.0,1013
2011-04-26,930.0,986.0,1031
2011-04-27,930.0,985.0,988
2011-04-28,930.0,985.0,994
2011-04-29,930.0,985.0,988
2011-04-30,931.0,984.0,931
2011-05-01,932.0,982.0,946
2011-05-02,933.0,984.0,1016
2011-05-03,931.0,986.0,1061
2011-05-04,929.0,984.0,979
2011-05-05,926.0,981.0,979
2011-05-06,927.0,981.0,986
2011-05-07,928.0,979.0,950
2011-05-08,930.0,979.0,964
2011-05-09,931.0,982.0,1024
2011-05-10,930.0,984.0,1024
2011-05-11,927.0,983.0,981
2011-05-12,924.0,980.0,948
2011-05-13,922.0,979.0,931
2011-05-14,921.0,976.0,877
2011-05-15,922.0,973.0,904
2011-05-16,922.0,975.0,974
2011-05-17,920.0,977.0,997
2011-05-18,917.0,976.0,956
2011-05-19,916.0,973.0,922
2011-05-20,912.0,972.0,924
2011-05-21,910.0,967.0,844
2011-05-22,908.0,963.0,860
2011-05-23,906.0,962.0,923
2011-05-24,903.0,962.0,951
2011-05-25,900.0,960.0,936
2011-05-26,897.0,956.0,930
2011-05-27,893.0,954.0,923
2011-05-28,890.0,949.0,849
2011-05-29,889.0,945.0,860
2011-05-30,886.0,943.0,862
2011-05-31,885.0,942.0,929
2011-06-01,881.0,941.0,969
2011-06-02,879.0,937.0,957
2011-06-03,877.0,936.0,940
2011-06-04,877.0,933.0,881
2011-06-05,876.0,930.0,896
2011-06-06,874.0,930.0,953
2011-06-07,872.0,931.0,991
2011-06-08,868.0,928.0,934
2011-06-09,865.0,924.0,903
2011-06-10,862.0,921.0,899
2011-06-11,862.0,917.0,833
2011-06-12,863.0,914.0,856
2011-06-13,862.0,915.0,900
2011-06-14,860.0,916.0,925
2011-06-15,857.0,915.0,941
2011-06-16,854.0,911.0,894
2011-06-17,852.0,908.0,856
2011-06-18,852.0,906.0,847
2011-06-19,854.0,904.0,868
2011-06-20,854.0,907.0,930
2011-06-21,854.0,908.0,919
2011-06-22,852.0,908.0,908
2011-06-23,850.0,905.0,872
2011-06-24,849.0,904.0,893
2011-06-25,850.0,902.0,887
2011-06-26,853.0,902.0,908
2011-06-27,856.0,906.0,980
2011-06-28,858.0,911.0,1013
2011-06-29,857.0,916.0,984
2011-06-30,854.0,914.0,887
2011-07-01,852.0,911.0,884
2011-07-02,851.0,908.0,857
2011-07-03,852.0,906.0,875
2011-07-04,852.0,906.0,881
2011-07-05,852.0,908.0,957
2011-07-06,851.0,908.0,950
2011-07-07,848.0,906.0,932
2011-07-08,847.0,905.0,923
2011-07-09,848.0,904.0,862
2011-07-10,851.0,903.0,866
2011-07-11,853.0,906.0,938
2011-07-12,854.0,911.0,981
2011-07-13,853.0,912.0,944
2011-07-14,853.0,911.0,879
2011-07-15,854.0,910.0,921
2011-07-16,856.0,909.0,861
2011-07-17,858.0,909.0,864
2011-07-18,860.0,913.0,955
2011-07-19,861.0,916.0,983
2011-07-20,861.0,917.0,950
2011-07-21,860.0,917.0,922
2011-07-22,860.0,916.0,870
2011-07-23,861.0,914.0,816
2011-07-24,859.0,912.0,821
2011-07-25,857.0,912.0,906
2011-07-26,854.0,911.0,864
2011-07-27,851.0,908.0,900
2011-07-28,850.0,905.0,903
2011-07-29,850.0,903.0,951
2011-07-30,852.0,902.0,840
2011-07-31,852.0,901.0,850
2011-08-01,853.0,903.0,938
2011-08-02,854.0,906.0,951
2011-08-03,856.0,909.0,976
2011-08-04,857.0,910.0,985
2011-08-05,859.0,911.0,980
2011-08-06,864.0,912.0,945
2011-08-07,868.0,912.0,946
2011-08-08,870.0,918.0,1030
2011-08-09,872.0,922.0,983
2011-08-10,873.0,923.0,975
2011-08-11,873.0,924.0,1010
2011-08-12,873.0,924.0,945
2011-08-13,874.0,923.0,854
2011-08-14,874.0,921.0,858
2011-08-15,875.0,924.0,949
2011-08-16,875.0,928.0,969
2011-08-17,875.0,927.0,948
2011-08-18,874.0,927.0,968
2011-08-19,874.0,926.0,936
2011-08-20,875.0,924.0,858
2011-08-21,876.0,924.0,864
2011-08-22,880.0,929.0,954
2011-08-23,883.0,934.0,995
2011-08-24,886.0,937.0,974
2011-08-25,887.0,939.0,947
2011-08-26,887.0,940.0,921
2011-08-27,885.0,938.0,838
2011-08-28,885.0,934.0,840
2011-08-29,886.0,937.0,920
2011-08-30,888.0,940.0,951
2011-08-31,886.0,941.0,948
2011-09-01,884.0,939.0,908
2011-09-02,881.0,937.0,918
2011-09-03,878.0,932.0,834
2011-09-04,875.0,927.0,837
2011-09-05,871.0,924.0,840
2011-09-06,868.0,923.0,926
2011-09-07,867.0,920.0,920
2011-09-08,865.0,918.0,943
2011-09-09,864.0,918.0,962
2011-09-10,865.0,915.0,919
2011-09-11,868.0,914.0,922
2011-09-12,871.0,919.0,996
2011-09-13,872.0,924.0,1012
2011-09-14,870.0,924.0,944
2011-09-15,869.0,922.0,928
2011-09-16,867.0,922.0,922
2011-09-17,868.0,919.0,884
2011-09-18,870.0,918.0,905
2011-09-19,873.0,922.0,1003
2011-09-20,875.0,929.0,1056
2011-09-21,873.0,930.0,991
2011-09-22,871.0,928.0,929
2011-09-23,869.0,927.0,935
2011-09-24,868.0,923.0,837
2011-09-25,868.0,920.0,844
2011-09-26,870.0,923.0,924
2011-09-27,870.0,926.0,935
2011-09-28,868.0,925.0,886
2011-09-29,868.0,924.0,914
2011-09-30,868.0,924.0,949
2011-10-01,869.0,923.0,862
2011-10-02,870.0,921.0,867
2011-10-03,873.0,925.0,951
2011-10-04,874.0,930.0,979
2011-10-05,874.0,932.0,918
2011-10-06,875.0,932.0,914
2011-10-07,875.0,933.0,959
2011-10-08,876.0,931.0,887
2011-10-09,875.0,929.0,898
2011-10-10,875.0,929.0,917
2011-10-11,876.0,932.0,1012
2011-10-12,876.0,933.0,1027
2011-10-13,877.0,933.0,1019
2011-10-14,877.0,934.0,968
2011-10-15,878.0,932.0,868
2011-10-16,879.0,930.0,872
2011-10-17,880.0,933.0,961
2011-10-18,880.0,936.0,998
2011-10-19,875.0,934.0,940
2011-10-20,871.0,929.0,904
2011-10-21,871.0,925.0,888
2011-10-22,871.0,923.0,869
2011-10-23,873.0,921.0,873
2011-10-24,873.0,925.0,952
2011-10-25,873.0,927.0,907
2011-10-26,870.0,927.0,925
2011-10-27,870.0,925.0,858
2011-10-28,870.0,925.0,896
2011-10-29,869.0,923.0,858
2011-10-30,870.0,920.0,857
2011-10-31,872.0,923.0,960
2011-11-01,873.0,928.0,1015
2011-11-02,873.0,930.0,990
2011-11-03,873.0,929.0,966
2011-11-04,875.0,930.0,947
2011-11-05,875.0,929.0,889
2011-11-06,876.0,927.0,894
2011-11-07,877.0,931.0,988
2011-11-08,877.0,934.0,993
2011-11-09,874.0,935.0,964
2011-11-10,870.0,933.0,941
2011-11-11,868.0,928.0,875
2011-11-12,867.0,923.0,877
2011-11-13,867.0,920.0,881
2011-11-14,870.0,924.0,979
2011-11-15,870.0,929.0,1011
2011-11-16,868.0,929.0,975
2011-11-17,867.0,927.0,931
2011-11-18,867.0,926.0,930
2011-11-19,868.0,925.0,848
2011-11-20,868.0,923.0,855
2011-11-21,869.0,926.0,954
2011-11-22,867.0,929.0,948
2011-11-23,866.0,927.0,906
2011-11-24,865.0,924.0,810
2011-11-25,865.0,922.0,853
2011-11-26,866.0,920.0,823
2011-11-27,865.0,918.0,829
2011-11-28,865.0,919.0,892
2011-11-29,863.0,921.0,902
2011-11-30,859.0,917.0,858
2011-12-01,857.0,913.0,888
2011-12-02,856.0,911.0,925
2011-12-03,857.0,908.0,889
2011-12-04,857.0,907.0,888
2011-12-05,858.0,909.0,974
2011-12-06,858.0,912.0,981
2011-12-07,854.0,910.0,926
2011-12-08,851.0,907.0,892
2011-12-09,851.0,904.0,870
2011-12-10,849.0,899.0,804
2011-12-11,847.0,897.0,808
2011-12-12,846.0,897.0,888
2011-12-13,843.0,898.0,906
2011-12-14,838.0,894.0,847
2011-12-15,834.0,888.0,845
2011-12-16,833.0,884.0,858
2011-12-17,832.0,881.0,828
2011-12-18,832.0,878.0,833
2011-12-19,832.0,879.0,889
2011-12-20,832.0,880.0,897
2011-12-21,830.0,879.0,900
2011-12-22,831.0,877.0,889
2011-12-23,831.0,876.0,889
2011-12-24,832.0,877.0,826
2011-12-25,832.0,876.0,826
2011-12-26,832.0,876.0,829
2011-12-27,833.0,878.0,905
2011-12-28,834.0,879.0,910
2011-12-29,837.0,880.0,932
2011-12-30,839.0,883.0,940
2011-12-31,841.0,883.0,896
2012-01-01,841.0,882.0,899
2012-01-02,842.0,883.0,910
2012-01-03,845.0,887.0,999
2012-01-04,846.0,889.0,1055
2012-01-05,849.0,891.0,1038
2012-01-06,850.0,895.0,1036
2012-01-07,853.0,895.0,891
2012-01-08,856.0,895.0,891
2012-01-09,860.0,901.0,971
2012-01-10,864.0,907.0,995
2012-01-11,864.0,910.0,972
2012-01-12,866.0,911.0,932
2012-01-13,867.0,913.0,905
2012-01-14,868.0,912.0,804
2012-01-15,867.0,910.0,804
2012-01-16,866.0,909.0,808
2012-01-17,865.0,911.0,891
2012-01-18,863.0,909.0,838
2012-01-19,861.0,907.0,831
2012-01-20,860.0,906.0,876
2012-01-21,859.0,903.0,794
2012-01-22,858.0,900.0,796
2012-01-23,859.0,902.0,887
2012-01-24,859.0,905.0,908
2012-01-25,859.0,907.0,891
2012-01-26,858.0,906.0,871
2012-01-27,855.0,905.0,876
2012-01-28,853.0,901.0,818
2012-01-29,851.0,897.0,821
2012-01-30,851.0,898.0,921
2012-01-31,850.0,899.0,939
2012-02-01,846.0,900.0,936
2012-02-02,840.0,895.0,853
2012-02-03,836.0,890.0,899
2012-02-04,833.0,884.0,852
2012-02-05,832.0,878.0,856
2012-02-06,830.0,880.0,965
2012-02-07,827.0,880.0,892
2012-02-08,824.0,877.0,882
2012-02-09,820.0,873.0,881
2012-02-10,817.0,871.0,892
2012-02-11,816.0,867.0,810
2012-02-12,817.0,864.0,825
2012-02-13,819.0,867.0,901
2012-02-14,820.0,871.0,929
2012-02-15,820.0,874.0,903
2012-02-16,821.0,873.0,841
2012-02-17,823.0,875.0,905
2012-02-18,826.0,877.0,877
2012-02-19,829.0,877.0,880
2012-02-20,832.0,880.0,892
2012-02-21,837.0,887.0,995
2012-02-22,838.0,891.0,1027
2012-02-23,839.0,893.0,949
2012-02-24,843.0,895.0,966
2012-02-25,847.0,897.0,940
2012-02-26,851.0,899.0,937
2012-02-27,855.0,906.0,1005
2012-02-28,858.0,911.0,982
2012-02-29,860.0,914.0,1001
2012-03-01,862.0,916.0,1007
2012-03-02,868.0,919.0,1037
2012-03-03,873.0,923.0,966
2012-03-04,878.0,926.0,970
2012-03-05,881.0,932.0,1035
2012-03-06,883.0,937.0,1006
2012-03-07,885.0,938.0,994
2012-03-08,887.0,940.0,950
2012-03-09,888.0,942.0,957
2012-03-10,892.0,942.0,887
2012-03-11,894.0,942.0,890
2012-03-12,898.0,947.0,953
2012-03-13,901.0,952.0,992
2012-03-14,902.0,955.0,965
2012-03-15,903.0,956.0,956
2012-03-16,904.0,956.0,928
2012-03-17,906.0,957.0,861
2012-03-18,906.0,956.0,862
2012-03-19,907.0,957.0,925
2012-03-20,906.0,959.0,948
2012-03-21,905.0,960.0,915
2012-03-22,903.0,958.0,925
2012-03-23,903.0,955.0,941
2012-03-24,905.0,955.0,950
2012-03-25,907.0,955.0,968
2012-03-26,909.0,959.0,1064
2012-03-27,910.0,964.0,1077
2012-03-28,912.0,967.0,1087
2012-03-29,911.0,969.0,1046
2012-03-30,910.0,968.0,986
2012-03-31,909.0,965.0,909
2012-04-01,908.0,961.0,913
2012-04-02,908.0,962.0,985
2012-04-03,906.0,963.0,1023
2012-04-04,905.0,962.0,992
2012-04-05,904.0,961.0,992
2012-04-06,903.0,960.0,948
2012-04-07,903.0,958.0,881
2012-04-08,904.0,955.0,883
2012-04-09,905.0,957.0,951
2012-04-10,907.0,960.0,982
2012-04-11,907.0,962.0,1017
2012-04-12,907.0,962.0,965
2012-04-13,907.0,963.0,996
2012-04-14,908.0,961.0,907
2012-04-15,912.0,962.0,964
2012-04-16,916.0,968.0,1035
2012-04-17,918.0,974.0,1039
2012-04-18,917.0,976.0,994
2012-04-19,918.0,976.0,954
2012-04-20,918.0,978.0,979
2012-04-21,918.0,977.0,887
2012-04-22,918.0,975.0,890
2012-04-23,917.0,976.0,972
2012-04-24,916.0,978.0,1012
2012-04-25,912.0,975.0,991
2012-04-26,909.0,971.0,955
2012-04-27,907.0,968.0,978
2012-04-28,907.0,963.0,916
2012-04-29,907.0,961.0,917
2012-04-30,909.0,964.0,987
2012-05-01,908.0,966.0,998
2012-05-02,903.0,964.0,925
2012-05-03,902.0,961.0,922
2012-05-04,900.0,960.0,965
2012-05-05,901.0,957.0,902
2012-05-06,902.0,956.0,905
2012-05-07,904.0,959.0,988
2012-05-08,906.0,964.0,1018
2012-05-09,906.0,965.0,1000
2012-05-10,904.0,965.0,977
2012-05-11,904.0,964.0,972
2012-05-12,902.0,961.0,887
2012-05-13,903.0,958.0,892
2012-05-14,904.0,960.0,967
2012-05-15,901.0,960.0,991
2012-05-16,897.0,958.0,962
2012-05-17,895.0,954.0,924
2012-05-18,895.0,953.0,951
2012-05-19,895.0,950.0,872
2012-05-20,895.0,947.0,878
2012-05-21,897.0,949.0,953
2012-05-22,897.0,953.0,1004
2012-05-23,896.0,953.0,975
2012-05-24,897.0,952.0,988
2012-05-25,899.0,954.0,1046
2012-05-26,900.0,953.0,923
2012-05-27,901.0,951.0,924
2012-05-28,901.0,951.0,927
2012-05-29,903.0,954.0,993
2012-05-30,902.0,955.0,1031
2012-05-31,902.0,956.0,1011
2012-06-01,905.0,958.0,981
2012-06-02,908.0,959.0,958
2012-06-03,910.0,959.0,963
2012-06-04,912.0,964.0,1055
2012-06-05,914.0,968.0,1025
2012-06-06,913.0,969.0,1019
2012-06-07,912.0,967.0,968
2012-06-08,911.0,966.0,978
2012-06-09,911.0,964.0,912
2012-06-10,912.0,962.0,914
2012-06-11,915.0,966.0,1002
2012-06-12,916.0,971.0,1039
2012-06-13,915.0,972.0,993
2012-06-14,915.0,971.0,963
2012-06-15,918.0,973.0,1013
2012-06-16,921.0,974.0,958
2012-06-17,924.0,974.0,967
2012-06-18,926.0,980.0,1039
2012-06-19,929.0,984.0,1007
2012-06-20,929.0,987.0,1021
2012-06-21,930.0,986.0,985
2012-06-22,930.0,987.0,1014
2012-06-23,928.0,985.0,914
2012-06-24,928.0,980.0,915
2012-06-25,927.0,983.0,995
2012-06-26,928.0,985.0,994
2012-06-27,928.0,988.0,1015
2012-06-28,926.0,987.0,967
2012-06-29,924.0,985.0,974
2012-06-30,925.0,981.0,894
2012-07-01,924.0,979.0,899
2012-07-02,924.0,980.0,989
2012-07-03,925.0,982.0,1039
2012-07-04,926.0,980.0,994
2012-07-05,926.0,982.0,1065
2012-07-06,926.0,982.0,1030
2012-07-07,928.0,981.0,930
2012-07-08,929.0,979.0,939
2012-07-09,930.0,983.0,1017
2012-07-10,931.0,986.0,1000
2012-07-11,929.0,986.0,1000
2012-07-12,930.0,984.0,998
2012-07-13,932.0,986.0,1047
2012-07-14,934.0,985.0,937
2012-07-15,933.0,983.0,940
2012-07-16,934.0,985.0,1020
2012-07-17,934.0,988.0,1047
2012-07-18,932.0,987.0,1012
2012-07-19,932.0,985.0,953
2012-07-20,930.0,984.0,995
2012-07-21,929.0,981.0,893
2012-07-22,928.0,977.0,901
2012-07-23,929.0,979.0,972
2012-07-24,929.0,982.0,1006
2012-07-25,929.0,982.0,978
2012-07-26,928.0,981.0,984
2012-07-27,930.0,980.0,994
2012-07-28,932.0,981.0,977
2012-07-29,936.0,981.0,980
2012-07-30,938.0,987.0,1065
2012-07-31,942.0,991.0,1021
2012-08-01,941.0,993.0,1054
2012-08-02,940.0,992.0,999
2012-08-03,939.0,993.0,1037
2012-08-04,939.0,990.0,973
2012-08-05,941.0,988.0,978
2012-08-06,942.0,992.0,1046
2012-08-07,942.0,995.0,1016
2012-08-08,940.0,993.0,959
2012-08-09,940.0,992.0,988
2012-08-10,941.0,993.0,1008
2012-08-11,941.0,992.0,966
2012-08-12,942.0,989.0,969
2012-08-13,943.0,993.0,1048
2012-08-14,944.0,995.0,1017
2012-08-15,941.0,995.0,1022
2012-08-16,940.0,992.0,948
2012-08-17,940.0,991.0,989
2012-08-18,940.0,990.0,923
2012-08-19,941.0,988.0,928
2012-08-20,944.0,992.0,1022
2012-08-21,945.0,996.0,1005
2012-08-22,943.0,997.0,1005
2012-08-23,943.0,995.0,950
2012-08-24,944.0,997.0,1026
2012-08-25,943.0,994.0,911
2012-08-26,941.0,991.0,914
2012-08-27,941.0,992.0,992
2012-08-28,939.0,994.0,1027
2012-08-29,936.0,992.0,1005
2012-08-30,933.0,990.0,961
2012-08-31,933.0,987.0,966
2012-09-01,932.0,984.0,934
2012-09-02,931.0,981.0,938
2012-09-03,930.0,980.0,944
2012-09-04,927.0,982.0,1034
2012-09-05,926.0,979.0,964
2012-09-06,927.0,980.0,1041
2012-09-07,928.0,982.0,1012
2012-09-08,928.0,981.0,950
2012-09-09,928.0,979.0,954
2012-09-10,928.0,981.0,1039
2012-09-11,927.0,983.0,1014
2012-09-12,926.0,982.0,1011
2012-09-13,926.0,981.0,988
2012-09-14,929.0,981.0,1022
2012-09-15,932.0,983.0,1018
2012-09-16,936.0,985.0,1040
2012-09-17,938.0,991.0,1108
2012-09-18,939.0,994.0,1033
2012-09-19,936.0,994.0,1022
2012-09-20,936.0,994.0,996
2012-09-21,937.0,994.0,1012
2012-09-22,937.0,993.0,914
2012-09-23,938.0,989.0,920
2012-09-24,939.0,993.0,1008
2012-09-25,939.0,995.0,988
2012-09-26,936.0,994.0,966
2012-09-27,936.0,991.0,941
2012-09-28,934.0,990.0,966
2012-09-29,933.0,987.0,859
2012-09-30,931.0,983.0,858
2012-10-01,929.0,983.0,925
2012-10-02,927.0,983.0,940
2012-10-03,924.0,982.0,916
2012-10-04,924.0,979.0,943
2012-10-05,922.0,978.0,941
2012-10-06,920.0,972.0,869
2012-10-07,918.0,968.0,874
2012-10-08,917.0,966.0,903
2012-10-09,916.0,968.0,1005
2012-10-10,914.0,967.0,1012
2012-10-11,914.0,965.0,954
2012-10-12,912.0,964.0,981
2012-10-13,910.0,961.0,895
2012-10-14,907.0,957.0,900
2012-10-15,904.0,955.0,966
2012-10-16,900.0,952.0,960
2012-10-17,896.0,948.0,968
2012-10-18,892.0,944.0,925
2012-10-19,891.0,941.0,925
2012-10-20,888.0,936.0,857
2012-10-21,886.0,931.0,855
2012-10-22,884.0,932.0,940
2012-10-23,883.0,932.0,913
2012-10-24,878.0,929.0,926
2012-10-25,875.0,924.0,851
2012-10-26,872.0,922.0,884
2012-10-27,868.0,917.0,805
2012-10-28,867.0,912.0,804
2012-10-29,866.0,912.0,860
2012-10-30,863.0,913.0,889
2012-10-31,860.0,910.0,838
2012-11-01,858.0,907.0,852
2012-11-02,856.0,905.0,865
2012-11-03,853.0,901.0,821
2012-11-04,852.0,898.0,828
2012-11-05,852.0,899.0,913
2012-11-06,852.0,901.0,931
2012-11-07,849.0,901.0,909
2012-11-08,846.0,897.0,873
2012-11-09,841.0,893.0,896
2012-11-10,836.0,887.0,771
2012-11-11,832.0,880.0,777
2012-11-12,829.0,877.0,807
2012-11-13,828.0,877.0,899
2012-11-14,827.0,875.0,915
2012-11-15,824.0,875.0,939
2012-11-16,822.0,871.0,866
2012-11-17,820.0,867.0,810
2012-11-18,819.0,864.0,813
2012-11-19,818.0,864.0,880
2012-11-20,815.0,864.0,850
2012-11-21,811.0,860.0,828
2012-11-22,807.0,855.0,753
2012-11-23,807.0,851.0,800
2012-11-24,806.0,849.0,804
2012-11-25,807.0,847.0,805
2012-11-26,809.0,850.0,889
2012-11-27,809.0,853.0,915
2012-11-28,808.0,853.0,866
2012-11-29,809.0,852.0,839
2012-11-30,810.0,853.0,885
2012-12-01,816.0,857.0,953
2012-12-02,823.0,862.0,1019
2012-12-03,827.0,871.0,1107
2012-12-04,830.0,877.0,991
2012-12-05,832.0,880.0,1002
2012-12-06,837.0,882.0,1007
2012-12-07,841.0,887.0,1063
2012-12-08,844.0,890.0,953
2012-12-09,851.0,892.0,954
2012-12-10,857.0,900.0,1016
2012-12-11,861.0,908.0,1013
2012-12-12,864.0,914.0,977
2012-12-13,866.0,915.0,945
2012-12-14,866.0,917.0,981
2012-12-15,869.0,916.0,896
2012-12-16,872.0,917.0,901
2012-12-17,875.0,922.0,959
2012-12-18,879.0,928.0,990
2012-12-19,881.0,931.0,969
2012-12-20,883.0,933.0,913
2012-12-21,886.0,936.0,910
2012-12-22,889.0,939.0,838
2012-12-23,890.0,940.0,844
2012-12-24,892.0,943.0,876
2012-12-25,893.0,944.0,840
2012-12-26,892.0,943.0,864
2012-12-27,894.0,942.0,895
2012-12-28,896.0,944.0,931
2012-12-29,897.0,945.0,847
2012-12-30,897.0,943.0,850
2012-12-31,895.0,942.0,910
2013-01-01,891.0,938.0,897
2013-01-02,888.0,933.0,962
2013-01-03,887.0,931.0,933
2013-01-04,886.0,930.0,971
2013-01-05,883.0,926.0,891
2013-01-06,881.0,921.0,893
2013-01-07,880.0,921.0,953
2013-01-08,879.0,921.0,959
2013-01-09,879.0,921.0,1027
2013-01-10,880.0,921.0,1014
2013-01-11,881.0,922.0,996
2013-01-12,881.0,921.0,926
2013-01-13,883.0,919.0,928
2013-01-14,881.0,923.0,993
2013-01-15,878.0,922.0,891
2013-01-16,875.0,919.0,863
2013-01-17,874.0,915.0,880
2013-01-18,874.0,915.0,944
2013-01-19,876.0,914.0,894
2013-01-20,878.0,914.0,896
2013-01-21,880.0,916.0,897
2013-01-22,882.0,920.0,972
2013-01-23,883.0,922.0,945
2013-01-24,885.0,925.0,937
2013-01-25,885.0,929.0,974
2013-01-26,884.0,928.0,852
2013-01-27,885.0,925.0,850
2013-01-28,884.0,927.0,926
2013-01-29,884.0,929.0,893
2013-01-30,883.0,928.0,895
2013-01-31,880.0,928.0,898
2013-02-01,879.0,926.0,883
2013-02-02,878.0,923.0,855
2013-02-03,877.0,919.0,857
2013-02-04,875.0,921.0,952
2013-02-05,874.0,921.0,892
2013-02-06,873.0,920.0,926
2013-02-07,868.0,918.0,889
2013-02-08,863.0,913.0,883
2013-02-09,859.0,907.0,822
2013-02-10,856.0,901.0,824
2013-02-11,854.0,900.0,891
2013-02-12,850.0,899.0,895
2013-02-13,850.0,895.0,877
2013-02-14,852.0,896.0,924
2013-02-15,854.0,899.0,939
2013-02-16,854.0,899.0,876
2013-02-17,854.0,896.0,877
2013-02-18,854.0,896.0,882
2013-02-19,854.0,898.0,968
2013-02-20,852.0,900.0,945
2013-02-21,851.0,898.0,928
2013-02-22,850.0,897.0,904
2013-02-23,848.0,894.0,849
2013-02-24,846.0,890.0,848
2013-02-25,843.0,890.0,842
2013-02-26,840.0,889.0,828
2013-02-27,838.0,886.0,824
2013-02-28,836.0,884.0,851
2013-03-01,833.0,883.0,866
2013-03-02,834.0,881.0,819
2013-03-03,833.0,878.0,820
2013-03-04,833.0,880.0,896
2013-03-05,832.0,882.0,912
2013-03-06,831.0,879.0,867
2013-03-07,829.0,879.0,889
2013-03-08,831.0,879.0,937
2013-03-09,834.0,879.0,900
2013-03-10,837.0,880.0,900
2013-03-11,841.0,885.0,970
2013-03-12,846.0,891.0,1018
2013-03-13,850.0,896.0,1019
2013-03-14,855.0,900.0,1034
2013-03-15,859.0,907.0,1065
2013-03-16,862.0,908.0,965
2013-03-17,865.0,909.0,966
2013-03-18,868.0,914.0,1043
2013-03-19,872.0,919.0,1017
2013-03-20,875.0,925.0,1058
2013-03-21,878.0,927.0,1027
2013-03-22,881.0,930.0,1050
2013-03-23,885.0,932.0,969
2013-03-24,889.0,934.0,970
2013-03-25,895.0,940.0,1033
2013-03-26,900.0,947.0,1051
2013-03-27,908.0,953.0,1012
2013-03-28,915.0,960.0,1038
2013-03-29,921.0,967.0,1034
2013-03-30,927.0,970.0,965
2013-03-31,933.0,974.0,966
2013-04-01,938.0,981.0,1032
2013-04-02,943.0,988.0,1040
2013-04-03,945.0,991.0,994
2013-04-04,949.0,993.0,975
2013-04-05,955.0,1000.0,1068
2013-04-06,961.0,1005.0,1036
2013-04-07,967.0,1009.0,1054
2013-04-08,971.0,1016.0,1110
2013-04-09,974.0,1022.0,1079
2013-04-10,974.0,1024.0,1040
2013-04-11,976.0,1025.0,1041
2013-04-12,977.0,1027.0,1076
2013-04-13,977.0,1026.0,993
2013-04-14,978.0,1023.0,997
2013-04-15,979.0,1026.0,1061
2013-04-16,978.0,1028.0,1010
2013-04-17,976.0,1027.0,1008
2013-04-18,975.0,1025.0,973
2013-04-19,974.0,1025.0,1038
2013-04-20,973.0,1022.0,949
2013-04-21,973.0,1019.0,950
2013-04-22,973.0,1020.0,1014
2013-04-23,972.0,1022.0,1029
2013-04-24,969.0,1021.0,1000
2013-04-25,968.0,1018.0,960
2013-04-26,965.0,1017.0,980
2013-04-27,963.0,1013.0,910
2013-04-28,962.0,1009.0,911
2013-04-29,961.0,1009.0,972
2013-04-30,961.0,1011.0,1020
2013-05-01,961.0,1013.0,1091
2013-05-02,962.0,1012.0,1036
2013-05-03,964.0,1015.0,1067
2013-05-04,965.0,1015.0,988
2013-05-05,965.0,1013.0,986
2013-05-06,964.0,1013.0,1044
2013-05-07,961.0,1013.0,1050
2013-05-08,959.0,1010.0,1031
2013-05-09,957.0,1008.0,1014
2013-05-10,957.0,1006.0,994
2013-05-11,955.0,1004.0,954
2013-05-12,954.0,1000.0,956
2013-05-13,953.0,1000.0,1011
2013-05-14,952.0,1001.0,1037
2013-05-15,952.0,1000.0,1008
2013-05-16,952.0,1000.0,1030
2013-05-17,955.0,1002.0,1069
2013-05-18,957.0,1004.0,1018
2013-05-19,960.0,1004.0,1031
2013-05-20,962.0,1009.0,1105
2013-05-21,961.0,1012.0,1042
2013-05-22,960.0,1011.0,974
2013-05-23,959.0,1010.0,1001
2013-05-24,962.0,1011.0,1040
2013-05-25,964.0,1012.0,993
2013-05-26,967.0,1013.0,1000
2013-05-27,970.0,1016.0,999
2013-05-28,972.0,1021.0,1074
2013-05-29,972.0,1023.0,1017
2013-05-30,970.0,1023.0,1034
2013-05-31,970.0,1021.0,1039
2013-06-01,971.0,1019.0,972
2013-06-02,971.0,1016.0,974
2013-06-03,972.0,1019.0,1062
2013-06-04,972.0,1022.0,1102
2013-06-05,970.0,1022.0,1029
2013-06-06,969.0,1022.0,1043
2013-06-07,969.0,1021.0,1022
2013-06-08,969.0,1019.0,943
2013-06-09,969.0,1018.0,949
2013-06-10,968.0,1020.0,1022
2013-06-11,965.0,1020.0,971
2013-06-12,960.0,1017.0,923
2013-06-13,956.0,1013.0,914
2013-06-14,952.0,1010.0,895
2013-06-15,948.0,1004.0,853
2013-06-16,943.0,997.0,855
2013-06-17,937.0,993.0,908
2013-06-18,929.0,988.0,896
2013-06-19,923.0,980.0,847
2013-06-20,919.0,974.0,863
2013-06-21,916.0,971.0,888
2013-06-22,913.0,966.0,850
2013-06-23,909.0,959.0,846
2013-06-24,904.0,957.0,915
2013-06-25,899.0,954.0,918
2013-06-26,893.0,951.0,902
2013-06-27,889.0,944.0,871
2013-06-28,886.0,940.0,902
2013-06-29,883.0,934.0,856
2013-06-30,879.0,928.0,855
2013-07-01,875.0,927.0,932
2013-07-02,872.0,925.0,918
2013-07-03,865.0,920.0,917
2013-07-04,860.0,911.0,830
2013-07-05,858.0,906.0,891
2013-07-06,856.0,901.0,891
2013-07-07,855.0,898.0,906
2013-07-08,854.0,898.0,967
2013-07-09,852.0,898.0,931
2013-07-10,849.0,895.0,928
2013-07-11,847.0,892.0,881
2013-07-12,846.0,891.0,892
2013-07-13,846.0,888.0,827
2013-07-14,846.0,886.0,838
2013-07-15,846.0,888.0,913
2013-07-16,846.0,890.0,915
2013-07-17,845.0,889.0,887
2013-07-18,845.0,888.0,856
2013-07-19,846.0,889.0,892
2013-07-20,849.0,890.0,881
2013-07-21,850.0,890.0,882
2013-07-22,852.0,894.0,969
2013-07-23,853.0,897.0,953
2013-07-24,854.0,898.0,928
2013-07-25,855.0,898.0,930
2013-07-26,859.0,900.0,974
2013-07-27,863.0,903.0,948
2013-07-28,867.0,905.0,958
2013-07-29,870.0,910.0,1022
2013-07-30,872.0,915.0,986
2013-07-31,872.0,916.0,962
2013-08-01,872.0,916.0,927
2013-08-02,874.0,917.0,952
2013-08-03,878.0,921.0,930
2013-08-04,879.0,922.0,933
2013-08-05,882.0,926.0,1003
2013-08-06,883.0,930.0,1020
2013-08-07,884.0,931.0,998
2013-08-08,886.0,933.0,1000
2013-08-09,890.0,935.0,1000
2013-08-10,895.0,938.0,970
2013-08-11,900.0,941.0,970
2013-08-12,906.0,948.0,1040
2013-08-13,912.0,956.0,1068
2013-08-14,918.0,962.0,1095
2013-08-15,922.0,967.0,1074
2013-08-16,927.0,972.0,1042
2013-08-17,933.0,976.0,983
2013-08-18,938.0,980.0,988
2013-08-19,942.0,985.0,1052
2013-08-20,946.0,991.0,1054
2013-08-21,947.0,993.0,1032
2013-08-22,951.0,996.0,1029
2013-08-23,955.0,999.0,1040
2013-08-24,957.0,1002.0,998
2013-08-25,958.0,1002.0,975
2013-08-26,959.0,1005.0,1037
2013-08-27,958.0,1006.0,1007
2013-08-28,956.0,1006.0,1001
2013-08-29,956.0,1004.0,945
2013-08-30,959.0,1005.0,980
2013-08-31,962.0,1006.0,966
2013-09-01,964.0,1007.0,966
2013-09-02,966.0,1008.0,984
2013-09-03,969.0,1013.0,1075
2013-09-04,969.0,1015.0,1070
2013-09-05,970.0,1016.0,1028
2013-09-06,971.0,1018.0,1059
2013-09-07,974.0,1018.0,998
2013-09-08,975.0,1017.0,998
2013-09-09,975.0,1021.0,1073
2013-09-10,974.0,1023.0,1043
2013-09-11,970.0,1022.0,985
2013-09-12,965.0,1017.0,933
2013-09-13,960.0,1012.0,959
2013-09-14,957.0,1006.0,865
2013-09-15,953.0,1000.0,865
2013-09-16,950.0,998.0,927
2013-09-17,945.0,995.0,915
2013-09-18,939.0,990.0,903
2013-09-19,932.0,985.0,891
2013-09-20,929.0,980.0,892
2013-09-21,926.0,975.0,874
2013-09-22,922.0,970.0,876
2013-09-23,919.0,967.0,933
2013-09-24,915.0,966.0,944
2013-09-25,912.0,962.0,898
2013-09-26,909.0,959.0,920
2013-09-27,909.0,957.0,945
2013-09-28,909.0,956.0,923
2013-09-29,909.0,955.0,928
2013-09-30,908.0,956.0,1008
2013-10-01,908.0,958.0,1025
2013-10-02,907.0,960.0,1035
2013-10-03,905.0,958.0,1032
2013-10-04,904.0,957.0,1041
2013-10-05,903.0,954.0,943
2013-10-06,902.0,951.0,953
2013-10-07,901.0,951.0,1011
2013-10-08,898.0,951.0,999
2013-10-09,894.0,947.0,955
2013-10-10,890.0,943.0,912
2013-10-11,890.0,941.0,920
2013-10-12,891.0,940.0,914
2013-10-13,893.0,939.0,921
2013-10-14,896.0,942.0,945
2013-10-15,900.0,948.0,1059
2013-10-16,903.0,952.0,1049
2013-10-17,906.0,956.0,1030
2013-10-18,910.0,960.0,1030
2013-10-19,915.0,963.0,961
2013-10-20,919.0,965.0,961
2013-10-21,921.0,969.0,1012
2013-10-22,922.0,973.0,988
2013-10-23,920.0,974.0,958
2013-10-24,920.0,972.0,875
2013-10-25,919.0,971.0,879
2013-10-26,919.0,969.0,850
2013-10-27,917.0,966.0,854
2013-10-28,915.0,965.0,910
2013-10-29,913.0,965.0,907
2013-10-30,909.0,961.0,887
2013-10-31,905.0,956.0,881
2013-11-01,902.0,951.0,901
2013-11-02,899.0,946.0,884
2013-11-03,897.0,941.0,884
2013-11-04,896.0,941.0,934
2013-11-05,893.0,940.0,936
2013-11-06,891.0,937.0,927
2013-11-07,889.0,935.0,925
2013-11-08,889.0,935.0,945
2013-11-09,892.0,934.0,905
2013-11-10,893.0,934.0,911
2013-11-11,893.0,934.0,923
2013-11-12,894.0,937.0,992
2013-11-13,893.0,938.0,990
2013-11-14,889.0,935.0,972
2013-11-15,889.0,934.0,1007
2013-11-16,889.0,931.0,950
2013-11-17,889.0,929.0,955
2013-11-18,889.0,931.0,1022
2013-11-19,889.0,933.0,1014
2013-11-20,889.0,933.0,1010
2013-11-21,890.0,933.0,998
2013-11-22,892.0,934.0,977
2013-11-23,895.0,935.0,911
2013-11-24,897.0,936.0,914
2013-11-25,901.0,940.0,977
2013-11-26,904.0,945.0,1001
2013-11-27,905.0,948.0,995
2013-11-28,906.0,948.0,897
2013-11-29,909.0,949.0,935
2013-11-30,912.0,951.0,932
2013-12-01,915.0,952.0,932
2013-12-02,916.0,955.0,992
2013-12-03,918.0,960.0,1007
2013-12-04,920.0,962.0,1009
2013-12-05,921.0,964.0,1001
2013-12-06,924.0,967.0,998
2013-12-07,927.0,967.0,952
2013-12-08,929.0,968.0,953
2013-12-09,931.0,972.0,1026
2013-12-10,931.0,975.0,997
2013-12-11,929.0,976.0,973
2013-12-12,926.0,974.0,933
2013-12-13,924.0,972.0,917
2013-12-14,923.0,969.0,872
2013-12-15,920.0,964.0,869
2013-12-16,918.0,963.0,929
2013-12-17,914.0,962.0,931
2013-12-18,909.0,958.0,896
2013-12-19,904.0,954.0,881
2013-12-20,901.0,950.0,906
2013-12-21,899.0,946.0,853
2013-12-22,897.0,941.0,854
2013-12-23,895.0,942.0,929
2013-12-24,894.0,942.0,913
2013-12-25,891.0,939.0,880
2013-12-26,890.0,936.0,914
2013-12-27,890.0,935.0,960
2013-12-28,890.0,935.0,897
2013-12-29,889.0,934.0,901
2013-12-30,888.0,934.0,950
2013-12-31,886.0,934.0,923
2014-01-01,885.0,931.0,895
2014-01-02,885.0,930.0,982
2014-01-03,887.0,931.0,1059
2014-01-04,889.0,931.0,994
2014-01-05,891.0,931.0,995
2014-01-06,893.0,934.0,1051
2014-01-07,893.0,937.0,1043
2014-01-08,891.0,936.0,994
2014-01-09,888.0,934.0,915
2014-01-10,888.0,932.0,930
2014-01-11,889.0,930.0,870
2014-01-12,890.0,929.0,870
2014-01-13,890.0,930.0,924
2014-01-14,889.0,932.0,927
2014-01-15,888.0,932.0,918
2014-01-16,888.0,931.0,903
2014-01-17,889.0,932.0,927
2014-01-18,890.0,931.0,852
2014-01-19,890.0,929.0,851
2014-01-20,892.0,931.0,900
2014-01-21,895.0,935.0,988
2014-01-22,895.0,938.0,1000
2014-01-23,894.0,938.0,924
2014-01-24,895.0,939.0,902
2014-01-25,895.0,938.0,910
2014-01-26,896.0,937.0,915
2014-01-27,895.0,939.0,965
2014-01-28,894.0,939.0,885
2014-01-29,893.0,938.0,927
2014-01-30,891.0,937.0,908
2014-01-31,888.0,937.0,888
2014-02-01,884.0,932.0,817
2014-02-02,879.0,924.0,820
2014-02-03,874.0,921.0,910
2014-02-04,869.0,918.0,918
2014-02-05,862.0,914.0,921
2014-02-06,856.0,908.0,857
2014-02-07,854.0,903.0,844
2014-02-08,853.0,900.0,833
2014-02-09,852.0,897.0,838
2014-02-10,853.0,898.0,907
2014-02-11,853.0,900.0,930
2014-02-12,854.0,901.0,940
2014-02-13,856.0,902.0,973
2014-02-14,860.0,906.0,1018
2014-02-15,865.0,908.0,985
2014-02-16,870.0,910.0,985
2014-02-17,875.0,915.0,1002
2014-02-18,880.0,923.0,1088
2014-02-19,881.0,928.0,1040
2014-02-20,880.0,929.0,1012
2014-02-21,882.0,929.0,997
2014-02-22,886.0,930.0,959
2014-02-23,888.0,932.0,957
2014-02-24,890.0,936.0,1028
2014-02-25,890.0,939.0,1012
2014-02-26,892.0,939.0,970
2014-02-27,893.0,942.0,973
2014-02-28,895.0,944.0,993
2014-03-01,898.0,945.0,927
2014-03-02,902.0,946.0,927
2014-03-03,906.0,952.0,1000
2014-03-04,910.0,957.0,972
2014-03-05,912.0,961.0,1014
2014-03-06,912.0,962.0,943
2014-03-07,915.0,963.0,956
2014-03-08,920.0,965.0,916
2014-03-09,924.0,967.0,916
2014-03-10,927.0,972.0,985
2014-03-11,931.0,977.0,997
2014-03-12,931.0,980.0,980
2014-03-13,931.0,980.0,940
2014-03-14,930.0,981.0,958
2014-03-15,930.0,978.0,895
2014-03-16,928.0,974.0,896
2014-03-17,925.0,973.0,961
2014-03-18,922.0,973.0,975
2014-03-19,918.0,971.0,936
2014-03-20,916.0,967.0,973
2014-03-21,915.0,966.0,999
2014-03-22,917.0,964.0,953
2014-03-23,917.0,962.0,959
2014-03-24,917.0,964.0,1016
2014-03-25,916.0,966.0,1008
2014-03-26,913.0,964.0,981
2014-03-27,912.0,962.0,953
2014-03-28,912.0,962.0,972
2014-03-29,913.0,961.0,933
2014-03-30,914.0,959.0,941
2014-03-31,914.0,963.0,1032
2014-04-01,914.0,966.0,1008
2014-04-02,911.0,965.0,982
2014-04-03,908.0,963.0,922
2014-04-04,908.0,962.0,983
2014-04-05,911.0,962.0,929
2014-04-06,911.0,961.0,931
2014-04-07,912.0,964.0,1001
2014-04-08,912.0,967.0,1007
2014-04-09,911.0,967.0,992
2014-04-10,908.0,966.0,975
2014-04-11,910.0,966.0,983
2014-04-12,913.0,967.0,953
2014-04-13,915.0,967.0,955
2014-04-14,917.0,971.0,1035
2014-04-15,919.0,976.0,1017
2014-04-16,920.0,977.0,992
2014-04-17,921.0,978.0,1011
2014-04-18,926.0,983.0,1090
2014-04-19,928.0,985.0,1046
2014-04-20,931.0,985.0,997
2014-04-21,933.0,989.0,1053
2014-04-22,932.0,992.0,1050
2014-04-23,933.0,993.0,1044
2014-04-24,934.0,995.0,1070
2014-04-25,937.0,999.0,1106
2014-04-26,939.0,1000.0,981
2014-04-27,940.0,999.0,941
2014-04-28,941.0,1002.0,1022
2014-04-29,941.0,1004.0,1018
2014-04-30,941.0,1004.0,1023
2014-05-01,942.0,1004.0,1011
2014-05-02,947.0,1008.0,1097
2014-05-03,952.0,1011.0,1004
2014-05-04,955.0,1011.0,1005
2014-05-05,957.0,1016.0,1082
2014-05-06,959.0,1021.0,1070
2014-05-07,960.0,1024.0,1087
2014-05-08,959.0,1025.0,1027
2014-05-09,958.0,1025.0,992
2014-05-10,962.0,1028.0,1066
2014-05-11,963.0,1027.0,978
2014-05-12,963.0,1030.0,1024
2014-05-13,961.0,1031.0,985
2014-05-14,958.0,1030.0,1010
2014-05-15,956.0,1029.0,975
2014-05-16,955.0,1028.0,974
2014-05-17,954.0,1025.0,919
2014-05-18,951.0,1019.0,922
2014-05-19,949.0,1018.0,1000
2014-05-20,947.0,1019.0,1027
2014-05-21,945.0,1018.0,1032
2014-05-22,942.0,1016.0,990
2014-05-23,940.0,1013.0,965
2014-05-24,939.0,1008.0,920
2014-05-25,937.0,1002.0,922
2014-05-26,936.0,1001.0,928
2014-05-27,936.0,1002.0,987
2014-05-28,932.0,1001.0,988
2014-05-29,930.0,998.0,919
2014-05-30,929.0,997.0,1007
2014-05-31,927.0,994.0,927
2014-06-01,924.0,988.0,904
2014-06-02,922.0,988.0,1006
2014-06-03,918.0,988.0,993
2014-06-04,916.0,986.0,1035
2014-06-05,913.0,984.0,1009
2014-06-06,913.0,981.0,1007
2014-06-07,916.0,979.0,968
2014-06-08,919.0,978.0,966
2014-06-09,918.0,978.0,1044
2014-06-10,916.0,979.0,1008
2014-06-11,914.0,977.0,975
2014-06-12,914.0,976.0,950
2014-06-13,917.0,977.0,1040
2014-06-14,919.0,977.0,984
2014-06-15,920.0,976.0,948
2014-06-16,920.0,979.0,1010
2014-06-17,920.0,982.0,988
2014-06-18,919.0,981.0,985
2014-06-19,918.0,981.0,1024
2014-06-20,919.0,981.0,1028
2014-06-21,923.0,980.0,978
2014-06-22,925.0,981.0,979
2014-06-23,926.0,985.0,1056
2014-06-24,926.0,988.0,1005
2014-06-25,926.0,992.0,1028
2014-06-26,926.0,992.0,1010
2014-06-27,930.0,995.0,1071
2014-06-28,932.0,997.0,977
2014-06-29,932.0,994.0,930
2014-06-30,934.0,997.0,996
2014-07-01,934.0,1000.0,1011
2014-07-02,933.0,1000.0,1009
2014-07-03,935.0,1002.0,1027
2014-07-04,935.0,999.0,955
2014-07-05,937.0,997.0,953
2014-07-06,937.0,995.0,953
2014-07-07,936.0,997.0,1019
2014-07-08,933.0,998.0,992
2014-07-09,931.0,996.0,986
2014-07-10,931.0,995.0,978
2014-07-11,931.0,996.0,999
2014-07-12,933.0,996.0,967
2014-07-13,933.0,994.0,969
2014-07-14,934.0,995.0,1025
2014-07-15,933.0,997.0,1016
2014-07-16,933.0,998.0,1015
2014-07-17,932.0,997.0,976
2014-07-18,933.0,997.0,977
2014-07-19,933.0,994.0,946
2014-07-20,933.0,992.0,953
2014-07-21,933.0,994.0,1037
2014-07-22,930.0,995.0,1021
2014-07-23,929.0,994.0,1027
2014-07-24,927.0,993.0,975
2014-07-25,927.0,992.0,993
2014-07-26,927.0,989.0,918
2014-07-27,925.0,984.0,921
2014-07-28,926.0,986.0,1029
2014-07-29,926.0,989.0,1017
2014-07-30,927.0,990.0,1033
2014-07-31,927.0,990.0,1020
2014-08-01,930.0,991.0,1032
2014-08-02,931.0,990.0,984
2014-08-03,932.0,990.0,984
2014-08-04,933.0,994.0,1047
2014-08-05,933.0,996.0,1027
2014-08-06,933.0,997.0,1047
2014-08-07,932.0,997.0,988
2014-08-08,932.0,995.0,943
2014-08-09,932.0,992.0,882
2014-08-10,931.0,989.0,887
2014-08-11,929.0,988.0,938
2014-08-12,925.0,986.0,926
2014-08-13,923.0,984.0,974
2014-08-14,920.0,982.0,957
2014-08-15,918.0,979.0,918
2014-08-16,917.0,975.0,863
2014-08-17,915.0,972.0,865
2014-08-18,911.0,970.0,909
2014-08-19,907.0,969.0,903
2014-08-20,904.0,966.0,938
2014-08-21,902.0,963.0,954
2014-08-22,902.0,960.0,939
2014-08-23,904.0,959.0,921
2014-08-24,904.0,956.0,924
2014-08-25,905.0,959.0,1005
2014-08-26,905.0,962.0,996
2014-08-27,903.0,961.0,1020
2014-08-28,902.0,961.0,1008
2014-08-29,901.0,960.0,1002
2014-08-30,901.0,957.0,939
2014-08-31,901.0,955.0,948
2014-09-01,900.0,954.0,960
2014-09-02,902.0,957.0,1078
2014-09-03,902.0,959.0,1118
2014-09-04,901.0,960.0,1050
2014-09-05,901.0,959.0,1015
2014-09-06,903.0,957.0,935
2014-09-07,904.0,957.0,944
2014-09-08,904.0,960.0,966
2014-09-09,904.0,962.0,950
2014-09-10,900.0,961.0,908
2014-09-11,900.0,960.0,890
2014-09-12,900.0,959.0,951
2014-09-13,902.0,957.0,899
2014-09-14,903.0,957.0,899
2014-09-15,905.0,960.0,968
2014-09-16,906.0,964.0,968
2014-09-17,910.0,968.0,1037
2014-09-18,912.0,971.0,996
2014-09-19,914.0,974.0,1019
2014-09-20,917.0,973.0,944
2014-09-21,916.0,972.0,902
2014-09-22,916.0,973.0,958
2014-09-23,913.0,974.0,951
2014-09-24,909.0,971.0,913
2014-09-25,905.0,968.0,897
2014-09-26,905.0,965.0,932
2014-09-27,906.0,962.0,914
2014-09-28,905.0,959.0,916
2014-09-29,903.0,960.0,972
2014-09-30,902.0,960.0,954
2014-10-01,900.0,960.0,970
2014-10-02,895.0,957.0,967
2014-10-03,893.0,952.0,988
2014-10-04,892.0,948.0,914
2014-10-05,891.0,945.0,915
2014-10-06,891.0,946.0,986
2014-10-07,891.0,947.0,976
2014-10-08,888.0,947.0,950
2014-10-09,886.0,944.0,862
2014-10-10,889.0,944.0,919
2014-10-11,891.0,944.0,891
2014-10-12,891.0,942.0,892
2014-10-13,891.0,943.0,907
2014-10-14,889.0,944.0,947
2014-10-15,887.0,941.0,882
2014-10-16,885.0,939.0,896
2014-10-17,883.0,936.0,959
2014-10-18,882.0,932.0,880
2014-10-19,879.0,927.0,863
2014-10-20,879.0,927.0,926
2014-10-21,877.0,928.0,934
2014-10-22,875.0,926.0,910
2014-10-23,876.0,924.0,898
2014-10-24,879.0,926.0,950
2014-10-25,884.0,928.0,961
2014-10-26,885.0,929.0,967
2014-10-27,884.0,932.0,993
2014-10-28,883.0,932.0,940
2014-10-29,882.0,931.0,941
2014-10-30,882.0,931.0,932
2014-10-31,881.0,931.0,990
2014-11-01,880.0,928.0,862
2014-11-02,878.0,924.0,863
2014-11-03,877.0,924.0,942
2014-11-04,876.0,925.0,945
2014-11-05,875.0,926.0,1006
2014-11-06,874.0,926.0,969
2014-11-07,878.0,927.0,990
2014-11-08,881.0,930.0,945
2014-11-09,881.0,929.0,899
2014-11-10,882.0,932.0,976
2014-11-11,883.0,934.0,957
2014-11-12,886.0,938.0,1027
2014-11-13,888.0,941.0,1030
2014-11-14,890.0,944.0,979
2014-11-15,891.0,945.0,909
2014-11-16,893.0,943.0,911
2014-11-17,893.0,946.0,957
2014-11-18,892.0,948.0,937
2014-11-19,890.0,947.0,893
2014-11-20,889.0,945.0,879
2014-11-21,888.0,944.0,887
2014-11-22,887.0,942.0,825
2014-11-23,884.0,938.0,827
2014-11-24,879.0,935.0,877
2014-11-25,875.0,932.0,882
2014-11-26,873.0,930.0,922
2014-11-27,870.0,927.0,843
2014-11-28,869.0,924.0,853
2014-11-29,867.0,921.0,834
2014-11-30,866.0,915.0,838
2014-12-01,866.0,917.0,916
2014-12-02,866.0,919.0,921
2014-12-03,864.0,918.0,908
2014-12-04,862.0,916.0,882
2014-12-05,859.0,913.0,905
2014-12-06,858.0,908.0,830
2014-12-07,855.0,903.0,831
2014-12-08,853.0,901.0,900
2014-12-09,851.0,901.0,896
2014-12-10,850.0,900.0,933
2014-12-11,848.0,899.0,952
2014-12-12,843.0,896.0,932
2014-12-13,841.0,890.0,849
2014-12-14,839.0,886.0,849
2014-12-15,837.0,886.0,898
2014-12-16,833.0,885.0,892
2014-12-17,829.0,881.0,835
2014-12-18,826.0,877.0,813
2014-12-19,826.0,875.0,848
2014-12-20,826.0,873.0,810
2014-12-21,825.0,870.0,811
2014-12-22,824.0,871.0,854
2014-12-23,821.0,871.0,823
2014-12-24,821.0,871.0,859
2014-12-25,821.0,868.0,807
2014-12-26,820.0,865.0,823
2014-12-27,821.0,864.0,824
2014-12-28,821.0,863.0,823
2014-12-29,820.0,864.0,859
2014-12-30,819.0,865.0,864
2014-12-31,815.0,862.0,842
2015-01-01,812.0,857.0,748
2015-01-02,810.0,854.0,835
2015-01-03,808.0,851.0,778
2015-01-04,807.0,847.0,779
2015-01-05,805.0,847.0,841
2015-01-06,804.0,847.0,847
2015-01-07,802.0,846.0,848
2015-01-08,799.0,844.0,839
2015-01-09,796.0,840.0,824
2015-01-10,793.0,834.0,774
2015-01-11,791.0,829.0,773
2015-01-12,788.0,828.0,823
2015-01-13,786.0,827.0,830
2015-01-14,783.0,825.0,824
2015-01-15,781.0,821.0,768
2015-01-16,782.0,822.0,870
2015-01-17,784.0,822.0,819
2015-01-18,784.0,821.0,819
2015-01-19,785.0,822.0,828
2015-01-20,785.0,824.0,862
2015-01-21,786.0,824.0,872
2015-01-22,788.0,825.0,850
2015-01-23,788.0,826.0,884
2015-01-24,789.0,826.0,821
2015-01-25,789.0,826.0,824
2015-01-26,788.0,828.0,857
2015-01-27,787.0,829.0,872
2015-01-28,787.0,828.0,832
2015-01-29,786.0,827.0,826
2015-01-30,788.0,828.0,862
2015-01-31,790.0,830.0,804
2015-02-01,791.0,828.0,805
2015-02-02,794.0,832.0,880
2015-02-03,796.0,836.0,902
2015-02-04,797.0,838.0,890
2015-02-05,798.0,838.0,869
2015-02-06,800.0,840.0,894
2015-02-07,803.0,840.0,836
2015-02-08,805.0,840.0,836
2015-02-09,807.0,844.0,886
2015-02-10,808.0,846.0,848
2015-02-11,807.0,847.0,837
2015-02-12,808.0,847.0,844
2015-02-13,813.0,850.0,890
2015-02-14,817.0,853.0,871
2015-02-15,820.0,853.0,874
2015-02-16,822.0,855.0,883
2015-02-17,823.0,859.0,932
2015-02-18,824.0,863.0,936
2015-02-19,825.0,864.0,916
2015-02-20,828.0,866.0,933
2015-02-21,830.0,867.0,869
2015-02-22,832.0,867.0,874
2015-02-23,832.0,869.0,895
2015-02-24,830.0,870.0,849
2015-02-25,829.0,869.0,830
2015-02-26,828.0,867.0,810
2015-02-27,829.0,868.0,867
2015-02-28,830.0,869.0,836
2015-03-01,832.0,868.0,852
2015-03-02,834.0,872.0,910
2015-03-03,836.0,876.0,946
2015-03-04,837.0,878.0,934
2015-03-05,838.0,879.0,918
2015-03-06,838.0,882.0,978
2015-03-07,838.0,881.0,837
2015-03-08,838.0,879.0,843
2015-03-09,838.0,880.0,879
2015-03-10,836.0,882.0,878
2015-03-11,834.0,879.0,811
2015-03-12,832.0,878.0,809
2015-03-13,833.0,878.0,836
2015-03-14,832.0,876.0,794
2015-03-15,830.0,873.0,795
2015-03-16,827.0,872.0,827
2015-03-17,824.0,871.0,841
2015-03-18,820.0,869.0,837
2015-03-19,818.0,866.0,840
2015-03-20,816.0,864.0,865
2015-03-21,814.0,860.0,816
2015-03-22,813.0,856.0,817
2015-03-23,810.0,856.0,842
2015-03-24,806.0,854.0,826
2015-03-25,802.0,850.0,785
2015-03-26,801.0,848.0,787
2015-03-27,801.0,848.0,830
2015-03-28,802.0,848.0,794
2015-03-29,801.0,845.0,797
2015-03-30,800.0,845.0,838
2015-03-31,798.0,845.0,842
2015-04-01,794.0,843.0,845
2015-04-02,790.0,839.0,817
2015-04-03,787.0,835.0,819
2015-04-04,784.0,830.0,785
2015-04-05,783.0,824.0,789
2015-04-06,781.0,824.0,841
2015-04-07,778.0,823.0,811
2015-04-08,776.0,821.0,819
2015-04-09,776.0,819.0,823
2015-04-10,777.0,821.0,856
2015-04-11,778.0,821.0,812
2015-04-12,780.0,820.0,821
2015-04-13,780.0,822.0,852
2015-04-14,780.0,824.0,848
2015-04-15,779.0,825.0,847
2015-04-16,778.0,824.0,814
2015-04-17,779.0,824.0,834
2015-04-18,779.0,822.0,792
2015-04-19,779.0,820.0,802
2015-04-20,779.0,821.0,846
2015-04-21,778.0,823.0,866
2015-04-22,777.0,822.0,835
2015-04-23,778.0,823.0,830
2015-04-24,781.0,825.0,865
2015-04-25,784.0,826.0,806
2015-04-26,785.0,826.0,819
2015-04-27,785.0,828.0,860
2015-04-28,785.0,830.0,851
2015-04-29,783.0,829.0,827
2015-04-30,782.0,828.0,799
2015-05-01,783.0,829.0,875
2015-05-02,785.0,829.0,812
2015-05-03,786.0,828.0,814
2015-05-04,787.0,831.0,860
2015-05-05,785.0,833.0,851
2015-05-06,784.0,831.0,789
2015-05-07,783.0,830.0,786
2015-05-08,781.0,830.0,808
2015-05-09,779.0,827.0,725
2015-05-10,777.0,822.0,727
2015-05-11,775.0,821.0,776
2015-05-12,773.0,822.0,846
2015-05-13,771.0,821.0,827
2015-05-14,769.0,819.0,785
2015-05-15,770.0,819.0,837
2015-05-16,772.0,818.0,804
2015-05-17,773.0,818.0,814
2015-05-18,773.0,820.0,843
2015-05-19,771.0,820.0,832
2015-05-20,768.0,819.0,795
2015-05-21,767.0,817.0,800
2015-05-22,768.0,817.0,852
2015-05-23,769.0,816.0,803
2015-05-24,770.0,815.0,817
2015-05-25,770.0,815.0,822
2015-05-26,771.0,816.0,855
2015-05-27,772.0,818.0,895
2015-05-28,773.0,818.0,872
2015-05-29,777.0,822.0,935
2015-05-30,780.0,826.0,911
2015-05-31,783.0,826.0,872
2015-06-01,784.0,830.0,945
2015-06-02,785.0,833.0,919
2015-06-03,787.0,836.0,934
2015-06-04,791.0,838.0,923
2015-06-05,798.0,845.0,984
2015-06-06,805.0,850.0,956
2015-06-07,812.0,855.0,934
2015-06-08,819.0,863.0,979
2015-06-09,825.0,871.0,977
2015-06-10,828.0,877.0,947
2015-06-11,830.0,878.0,883
2015-06-12,833.0,881.0,908
2015-06-13,839.0,885.0,895
2015-06-14,842.0,887.0,908
2015-06-15,846.0,892.0,946
2015-06-16,850.0,896.0,952
2015-06-17,854.0,901.0,977
2015-06-18,860.0,905.0,967
2015-06-19,865.0,912.0,993
2015-06-20,870.0,916.0,923
2015-06-21,874.0,918.0,922
2015-06-22,877.0,923.0,949
2015-06-23,878.0,927.0,915
2015-06-24,879.0,929.0,891
2015-06-25,878.0,930.0,897
2015-06-26,879.0,930.0,894
2015-06-27,880.0,930.0,856
2015-06-28,881.0,927.0,862
2015-06-29,880.0,927.0,895
2015-06-30,878.0,927.0,892
2015-07-01,877.0,925.0,877
2015-07-02,876.0,925.0,905
2015-07-03,875.0,922.0,844
2015-07-04,874.0,918.0,819
2015-07-05,870.0,913.0,830
2015-07-06,867.0,911.0,895
2015-07-07,864.0,910.0,909
2015-07-08,861.0,907.0,887
2015-07-09,859.0,904.0,880
2015-07-10,857.0,902.0,902
2015-07-11,857.0,900.0,811
2015-07-12,856.0,897.0,816
2015-07-13,854.0,896.0,859
2015-07-14,851.0,894.0,870
2015-07-15,848.0,892.0,884
2015-07-16,843.0,890.0,875
2015-07-17,840.0,887.0,886
2015-07-18,838.0,883.0,840
2015-07-19,836.0,878.0,851
2015-07-20,833.0,877.0,891
2015-07-21,830.0,875.0,860
2015-07-22,828.0,873.0,886
2015-07-23,828.0,871.0,877
2015-07-24,828.0,871.0,894
2015-07-25,828.0,870.0,852
2015-07-26,829.0,869.0,856
2015-07-27,828.0,870.0,895
2015-07-28,828.0,871.0,889
2015-07-29,827.0,871.0,909
2015-07-30,827.0,871.0,867
2015-07-31,827.0,871.0,899
2015-08-01,827.0,869.0,828
2015-08-02,828.0,868.0,832
2015-08-03,830.0,872.0,933
2015-08-04,832.0,876.0,944
2015-08-05,831.0,877.0,940
2015-08-06,830.0,877.0,883
2015-08-07,833.0,878.0,931
2015-08-08,835.0,879.0,906
2015-08-09,838.0,879.0,908
2015-08-10,842.0,884.0,947
2015-08-11,843.0,888.0,945
2015-08-12,843.0,889.0,893
2015-08-13,845.0,890.0,910
2015-08-14,846.0,893.0,956
2015-08-15,848.0,892.0,866
2015-08-16,850.0,892.0,869
2015-08-17,851.0,895.0,919
2015-08-18,851.0,897.0,929
2015-08-19,851.0,897.0,898
2015-08-20,852.0,898.0,894
2015-08-21,853.0,899.0,903
2015-08-22,854.0,899.0,863
2015-08-23,855.0,898.0,872
2015-08-24,854.0,900.0,902
2015-08-25,851.0,899.0,845
2015-08-26,849.0,897.0,821
2015-08-27,848.0,895.0,845
2015-08-28,848.0,894.0,867
2015-08-29,849.0,893.0,841
2015-08-30,850.0,892.0,856
2015-08-31,850.0,894.0,890
2015-09-01,850.0,896.0,894
2015-09-02,848.0,894.0,887
2015-09-03,846.0,892.0,895
2015-09-04,848.0,893.0,948
2015-09-05,851.0,893.0,904
2015-09-06,851.0,893.0,907
2015-09-07,850.0,893.0,917
2015-09-08,848.0,893.0,909
2015-09-09,846.0,891.0,892
2015-09-10,845.0,889.0,891
2015-09-11,846.0,891.0,941
2015-09-12,846.0,890.0,876
2015-09-13,846.0,888.0,884
2015-09-14,846.0,889.0,909
2015-09-15,847.0,891.0,935
2015-09-16,845.0,891.0,916
2015-09-17,845.0,890.0,886
2015-09-18,847.0,891.0,931
2015-09-19,848.0,890.0,882
2015-09-20,849.0,890.0,893
2015-09-21,850.0,892.0,924
2015-09-22,848.0,894.0,932
2015-09-23,848.0,893.0,860
2015-09-24,848.0,893.0,847
2015-09-25,850.0,895.0,890
2015-09-26,853.0,895.0,859
2015-09-27,854.0,895.0,863
2015-09-28,854.0,897.0,897
2015-09-29,854.0,898.0,887
2015-09-30,852.0,898.0,883
2015-10-01,850.0,896.0,833
2015-10-02,849.0,895.0,858
2015-10-03,848.0,892.0,814
2015-10-04,846.0,888.0,822
2015-10-05,843.0,886.0,857
2015-10-06,840.0,886.0,881
2015-10-07,837.0,883.0,832
2015-10-08,834.0,880.0,830
2015-10-09,833.0,879.0,864
2015-10-10,833.0,877.0,828
2015-10-11,832.0,874.0,835
2015-10-12,830.0,873.0,850
2015-10-13,828.0,872.0,863
2015-10-14,826.0,870.0,848
2015-10-15,823.0,867.0,846
2015-10-16,824.0,866.0,891
2015-10-17,824.0,866.0,869
2015-10-18,824.0,864.0,869
2015-10-19,823.0,864.0,902
2015-10-20,821.0,865.0,918
2015-10-21,819.0,864.0,881
2015-10-22,819.0,861.0,857
2015-10-23,820.0,862.0,891
2015-10-24,821.0,862.0,840
2015-10-25,821.0,861.0,848
2015-10-26,819.0,861.0,886
2015-10-27,817.0,861.0,864
2015-10-28,815.0,860.0,847
2015-10-29,813.0,859.0,858
2015-10-30,816.0,860.0,917
2015-10-31,819.0,861.0,874
2015-11-01,822.0,862.0,882
2015-11-02,825.0,866.0,937
2015-11-03,827.0,871.0,972
2015-11-04,830.0,874.0,954
2015-11-05,833.0,877.0,955
2015-11-06,838.0,883.0,1001
2015-11-07,843.0,886.0,929
2015-11-08,847.0,888.0,936
2015-11-09,850.0,893.0,977
2015-11-10,853.0,898.0,991
2015-11-11,856.0,902.0,955
2015-11-12,859.0,906.0,972
2015-11-13,861.0,909.0,939
2015-11-14,862.0,909.0,849
2015-11-15,862.0,908.0,856
2015-11-16,862.0,908.0,888
2015-11-17,861.0,910.0,939
2015-11-18,861.0,910.0,901
2015-11-19,862.0,910.0,895
2015-11-20,865.0,912.0,943
2015-11-21,867.0,913.0,887
2015-11-22,869.0,913.0,886
2015-11-23,870.0,915.0,926
2015-11-24,870.0,917.0,903
2015-11-25,870.0,917.0,885
2015-11-26,871.0,916.0,835
2015-11-27,873.0,917.0,860
2015-11-28,874.0,916.0,846
2015-11-29,874.0,914.0,849
2015-11-30,872.0,914.0,880
2015-12-01,870.0,914.0,865
2015-12-02,868.0,913.0,902
2015-12-03,868.0,911.0,922
2015-12-04,869.0,911.0,970
2015-12-05,870.0,910.0,927
2015-12-06,871.0,908.0,928
2015-12-07,870.0,909.0,961
2015-12-08,869.0,910.0,952
2015-12-09,867.0,908.0,934
2015-12-10,865.0,906.0,918
2015-12-11,863.0,905.0,941
2015-12-12,863.0,902.0,885
2015-12-13,865.0,901.0,890
2015-12-14,867.0,903.0,921
2015-12-15,866.0,905.0,917
2015-12-16,864.0,905.0,894
2015-12-17,861.0,902.0,836
2015-12-18,860.0,900.0,856
2015-12-19,858.0,898.0,816
2015-12-20,856.0,894.0,826
2015-12-21,854.0,893.0,850
2015-12-22,849.0,891.0,839
2015-12-23,846.0,887.0,796
2015-12-24,846.0,885.0,850
2015-12-25,846.0,883.0,833
2015-12-26,847.0,884.0,844
2015-12-27,847.0,883.0,845
2015-12-28,846.0,883.0,854
2015-12-29,845.0,883.0,851
2015-12-30,846.0,883.0,870
2015-12-31,849.0,886.0,952
2016-01-01,852.0,887.0,930
2016-01-02,853.0,887.0,933
2016-01-03,854.0,886.0,936
2016-01-04,854.0,888.0,974
2016-01-05,854.0,889.0,976
2016-01-06,853.0,891.0,997
2016-01-07,852.0,890.0,934
2016-01-08,853.0,890.0,944
2016-01-09,855.0,890.0,920
2016-01-10,857.0,890.0,934
2016-01-11,859.0,893.0,962
2016-01-12,860.0,896.0,978
2016-01-13,861.0,897.0,957
2016-01-14,863.0,898.0,953
2016-01-15,869.0,902.0,1006
2016-01-16,876.0,907.0,980
2016-01-17,882.0,911.0,985
2016-01-18,888.0,917.0,1006
2016-01-19,890.0,923.0,1015
2016-01-20,892.0,927.0,945
2016-01-21,895.0,928.0,892
2016-01-22,898.0,933.0,923
2016-01-23,900.0,934.0,878
2016-01-24,900.0,935.0,880
2016-01-25,900.0,936.0,884
2016-01-26,901.0,938.0,879
2016-01-27,902.0,938.0,877
2016-01-28,902.0,939.0,880
2016-01-29,904.0,941.0,909
2016-01-30,902.0,939.0,891
2016-01-31,901.0,937.0,888
2016-02-01,899.0,938.0,942
2016-02-02,898.0,938.0,951
2016-02-03,896.0,937.0,937
2016-02-04,895.0,936.0,949
2016-02-05,897.0,936.0,1008
2016-02-06,901.0,937.0,955
2016-02-07,902.0,937.0,958
2016-02-08,903.0,940.0,999
2016-02-09,901.0,942.0,988
2016-02-10,899.0,940.0,918
2016-02-11,896.0,938.0,908
2016-02-12,894.0,937.0,921
2016-02-13,892.0,934.0,857
2016-02-14,888.0,929.0,863
2016-02-15,884.0,925.0,872
2016-02-16,879.0,922.0,875
2016-02-17,874.0,918.0,883
2016-02-18,873.0,914.0,899
2016-02-19,873.0,913.0,922
2016-02-20,874.0,912.0,873
2016-02-21,874.0,911.0,882
2016-02-22,872.0,912.0,902
2016-02-23,870.0,911.0,848
2016-02-24,867.0,908.0,807
2016-02-25,865.0,906.0,817
2016-02-26,864.0,906.0,870
2016-02-27,863.0,904.0,815
2016-02-28,861.0,901.0,822
2016-02-29,859.0,899.0,846
2016-03-01,857.0,899.0,879
2016-03-02,854.0,896.0,869
2016-03-03,851.0,893.0,850
2016-03-04,850.0,892.0,909
2016-03-05,849.0,890.0,878
2016-03-06,847.0,886.0,886
2016-03-07,845.0,885.0,931
2016-03-08,842.0,884.0,942
2016-03-09,838.0,881.0,901
2016-03-10,836.0,878.0,882
2016-03-11,836.0,877.0,895
2016-03-12,836.0,875.0,852
2016-03-13,836.0,873.0,854
2016-03-14,836.0,874.0,883
2016-03-15,835.0,874.0,881
2016-03-16,834.0,875.0,897
2016-03-17,834.0,874.0,852
2016-03-18,833.0,875.0,896
2016-03-19,832.0,873.0,837
2016-03-20,832.0,870.0,842
2016-03-21,831.0,870.0,889
2016-03-22,830.0,871.0,901
2016-03-23,832.0,871.0,890
2016-03-24,834.0,873.0,909
2016-03-25,838.0,877.0,929
2016-03-26,842.0,879.0,889
2016-03-27,845.0,880.0,891
2016-03-28,846.0,883.0,919
2016-03-29,845.0,886.0,895
2016-03-30,845.0,886.0,856
2016-03-31,845.0,885.0,854
2016-04-01,847.0,887.0,922
2016-04-02,848.0,887.0,855
2016-04-03,848.0,886.0,863
2016-04-04,847.0,887.0,908
2016-04-05,846.0,886.0,872
2016-04-06,845.0,885.0,906
2016-04-07,847.0,886.0,954
2016-04-08,850.0,889.0,1008
2016-04-09,851.0,891.0,938
2016-04-10,851.0,890.0,851
2016-04-11,850.0,891.0,883
2016-04-12,850.0,892.0,880
2016-04-13,851.0,892.0,900
2016-04-14,851.0,893.0,901
2016-04-15,853.0,894.0,940
2016-04-16,856.0,896.0,889
2016-04-17,858.0,896.0,895
2016-04-18,860.0,898.0,907
2016-04-19,862.0,901.0,950
2016-04-20,864.0,904.0,958
2016-04-21,863.0,906.0,953
2016-04-22,862.0,905.0,885
2016-04-23,861.0,903.0,843
2016-04-24,860.0,901.0,855
2016-04-25,859.0,901.0,886
2016-04-26,856.0,900.0,877
2016-04-27,854.0,897.0,840
2016-04-28,854.0,896.0,839
2016-04-29,855.0,897.0,885
2016-04-30,855.0,896.0,828
2016-05-01,854.0,893.0,835
2016-05-02,853.0,894.0,902
2016-05-03,853.0,896.0,903
2016-05-04,853.0,895.0,898
2016-05-05,853.0,896.0,905
2016-05-06,855.0,899.0,984
2016-05-07,856.0,899.0,955
2016-05-08,858.0,898.0,963
2016-05-09,861.0,900.0,1014
2016-05-10,863.0,905.0,990
2016-05-11,863.0,907.0,937
2016-05-12,860.0,907.0,881
2016-05-13,861.0,908.0,930
2016-05-14,863.0,909.0,931
2016-05-15,865.0,908.0,933
2016-05-16,865.0,911.0,972
2016-05-17,867.0,913.0,951
2016-05-18,868.0,915.0,978
2016-05-19,870.0,917.0,992
2016-05-20,872.0,920.0,1069
2016-05-21,879.0,922.0,995
2016-05-22,885.0,926.0,1009
2016-05-23,889.0,933.0,1050
2016-05-24,891.0,938.0,997
2016-05-25,894.0,940.0,966
2016-05-26,896.0,943.0,954
2016-05-27,903.0,948.0,1000
2016-05-28,908.0,953.0,984
2016-05-29,914.0,957.0,993
2016-05-30,919.0,962.0,1000
2016-05-31,924.0,969.0,1027
2016-06-01,928.0,973.0,1026
2016-06-02,933.0,976.0,1007
2016-06-03,939.0,982.0,1063
2016-06-04,944.0,986.0,1034
2016-06-05,946.0,987.0,1004
2016-06-06,947.0,990.0,1035
2016-06-07,947.0,991.0,1022
2016-06-08,946.0,992.0,1017
2016-06-09,946.0,991.0,964
2016-06-10,951.0,993.0,1016
2016-06-11,957.0,997.0,997
2016-06-12,961.0,999.0,978
2016-06-13,962.0,1001.0,1004
2016-06-14,964.0,1004.0,1016
2016-06-15,967.0,1006.0,1044
2016-06-16,968.0,1009.0,1015
2016-06-17,970.0,1011.0,1057
2016-06-18,972.0,1012.0,1025
2016-06-19,973.0,1011.0,1029
2016-06-20,973.0,1014.0,1078
2016-06-21,970.0,1014.0,1033
2016-06-22,969.0,1012.0,967
2016-06-23,969.0,1011.0,964
2016-06-24,970.0,1011.0,976
2016-06-25,972.0,1011.0,952
2016-06-26,972.0,1010.0,963
2016-06-27,970.0,1010.0,989
2016-06-28,966.0,1009.0,955
2016-06-29,963.0,1006.0,938
2016-06-30,961.0,1004.0,941
2016-07-01,960.0,1003.0,1013
2016-07-02,960.0,1002.0,972
2016-07-03,958.0,999.0,979
2016-07-04,957.0,998.0,987
2016-07-05,955.0,998.0,1012
2016-07-06,953.0,996.0,975
2016-07-07,951.0,994.0,956
2016-07-08,952.0,993.0,1008
2016-07-09,953.0,993.0,946
2016-07-10,952.0,990.0,946
2016-07-11,951.0,990.0,989
2016-07-12,949.0,990.0,964
2016-07-13,946.0,988.0,953
2016-07-14,943.0,985.0,927
2016-07-15,939.0,982.0,936
2016-07-16,936.0,977.0,880
2016-07-17,932.0,971.0,888
2016-07-18,928.0,968.0,920
2016-07-19,922.0,964.0,925
2016-07-20,917.0,959.0,919
2016-07-21,915.0,954.0,892
2016-07-22,914.0,953.0,934
2016-07-23,912.0,951.0,888
2016-07-24,911.0,948.0,895
2016-07-25,909.0,947.0,920
2016-07-26,906.0,946.0,932
2016-07-27,905.0,944.0,938
2016-07-28,906.0,944.0,940
2016-07-29,906.0,945.0,979
2016-07-30,907.0,945.0,924
2016-07-31,906.0,942.0,933
2016-08-01,906.0,943.0,998
2016-08-02,903.0,943.0,992
2016-08-03,901.0,942.0,947
2016-08-04,899.0,940.0,969
2016-08-05,900.0,941.0,1000
2016-08-06,901.0,941.0,946
2016-08-07,901.0,939.0,951
2016-08-08,900.0,940.0,976
2016-08-09,899.0,940.0,945
2016-08-10,898.0,939.0,949
2016-08-11,898.0,939.0,969
2016-08-12,899.0,939.0,969
2016-08-13,900.0,939.0,922
2016-08-14,902.0,939.0,929
2016-08-15,903.0,942.0,973
2016-08-16,903.0,944.0,959
2016-08-17,902.0,944.0,917
2016-08-18,902.0,944.0,906
2016-08-19,904.0,944.0,924
2016-08-20,906.0,946.0,942
2016-08-21,908.0,946.0,945
2016-08-22,910.0,949.0,985
2016-08-23,911.0,952.0,970
2016-08-24,910.0,953.0,947
2016-08-25,910.0,952.0,912
2016-08-26,910.0,952.0,944
2016-08-27,910.0,951.0,904
2016-08-28,910.0,949.0,909
2016-08-29,910.0,949.0,948
2016-08-30,909.0,950.0,960
2016-08-31,908.0,949.0,948
2016-09-01,909.0,948.0,975
2016-09-02,912.0,951.0,1025
2016-09-03,915.0,952.0,1001
2016-09-04,918.0,952.0,1005
2016-09-05,919.0,954.0,1015
2016-09-06,920.0,957.0,1027
2016-09-07,923.0,958.0,1025
2016-09-08,925.0,961.0,1028
2016-09-09,927.0,964.0,1047
2016-09-10,928.0,964.0,969
2016-09-11,931.0,965.0,979
2016-09-12,932.0,968.0,1012
2016-09-13,932.0,969.0,983
2016-09-14,932.0,969.0,948
2016-09-15,932.0,968.0,945
2016-09-16,934.0,970.0,973
2016-09-17,936.0,970.0,916
2016-09-18,937.0,971.0,931
2016-09-19,937.0,972.0,981
2016-09-20,937.0,973.0,975
2016-09-21,936.0,973.0,978
2016-09-22,937.0,973.0,978
2016-09-23,939.0,975.0,997
2016-09-24,942.0,976.0,960
2016-09-25,944.0,977.0,967
2016-09-26,945.0,981.0,1011
2016-09-27,946.0,983.0,981
2016-09-28,947.0,984.0,987
2016-09-29,947.0,985.0,974
2016-09-30,949.0,986.0,998
2016-10-01,951.0,987.0,986
2016-10-02,952.0,986.0,997
2016-10-03,951.0,987.0,1037
2016-10-04,950.0,988.0,1043
2016-10-05,949.0,988.0,1015
2016-10-06,950.0,988.0,1018
2016-10-07,950.0,989.0,1066
2016-10-08,952.0,990.0,1034
2016-10-09,955.0,989.0,1037
2016-10-10,956.0,992.0,1054
2016-10-11,956.0,994.0,1029
2016-10-12,956.0,994.0,1007
2016-10-13,956.0,994.0,1004
2016-10-14,957.0,996.0,991
2016-10-15,960.0,996.0,966
2016-10-16,962.0,996.0,976
2016-10-17,962.0,1000.0,1007
2016-10-18,962.0,1000.0,960
2016-10-19,962.0,1000.0,961
2016-10-20,962.0,1000.0,981
2016-10-21,963.0,1001.0,1018
2016-10-22,964.0,1001.0,960
2016-10-23,964.0,1000.0,967
2016-10-24,965.0,1001.0,1012
2016-10-25,963.0,1003.0,1006
2016-10-26,962.0,1001.0,950
2016-10-27,960.0,999.0,937
2016-10-28,961.0,999.0,972
2016-10-29,962.0,998.0,952
2016-10-30,961.0,997.0,961
2016-10-31,961.0,997.0,993
2016-11-01,959.0,998.0,1026
2016-11-02,959.0,997.0,1015
2016-11-03,960.0,997.0,1034
2016-11-04,960.0,998.0,1061
2016-11-05,959.0,998.0,998
2016-11-06,956.0,994.0,956
2016-11-07,953.0,992.0,960
2016-11-08,949.0,990.0,974
2016-11-09,947.0,988.0,1000
2016-11-10,948.0,988.0,1020
2016-11-11,947.0,987.0,994
2016-11-12,948.0,985.0,950
2016-11-13,948.0,984.0,955
2016-11-14,946.0,985.0,981
2016-11-15,944.0,984.0,946
2016-11-16,943.0,982.0,950
2016-11-17,942.0,981.0,937
2016-11-18,941.0,981.0,954
2016-11-19,940.0,979.0,922
2016-11-20,940.0,976.0,927
2016-11-21,939.0,977.0,987
2016-11-22,937.0,977.0,975
2016-11-23,935.0,976.0,977
2016-11-24,935.0,973.0,927
2016-11-25,936.0,973.0,952
2016-11-26,938.0,973.0,936
2016-11-27,937.0,972.0,938
2016-11-28,937.0,972.0,967
2016-11-29,936.0,973.0,978
2016-11-30,934.0,972.0,971
2016-12-01,934.0,971.0,994
2016-12-02,934.0,972.0,1025
2016-12-03,934.0,970.0,997
2016-12-04,934.0,968.0,996
2016-12-05,936.0,970.0,1042
2016-12-06,938.0,973.0,1044
2016-12-07,938.0,976.0,1051
2016-12-08,939.0,976.0,999
2016-12-09,940.0,977.0,1027
2016-12-10,940.0,976.0,976
2016-12-11,942.0,976.0,986
2016-12-12,944.0,978.0,1024
2016-12-13,945.0,981.0,1040
2016-12-14,946.0,983.0,1031
2016-12-15,950.0,986.0,1065
2016-12-16,955.0,991.0,1085
2016-12-17,960.0,994.0,1039
2016-12-18,964.0,997.0,1045
2016-12-19,968.0,1003.0,1089
2016-12-20,971.0,1008.0,1074
2016-12-21,972.0,1010.0,1045
2016-12-22,973.0,1011.0,999
2016-12-23,973.0,1010.0,973
2016-12-24,974.0,1011.0,934
2016-12-25,974.0,1010.0,939
2016-12-26,974.0,1011.0,944
2016-12-27,975.0,1012.0,973
2016-12-28,975.0,1012.0,965
2016-12-29,976.0,1011.0,970
2016-12-30,978.0,1013.0,1009
2016-12-31,980.0,1013.0,998
2017-01-01,981.0,1012.0,1009
2017-01-02,982.0,1013.0,1010
2017-01-03,983.0,1015.0,1075
2017-01-04,986.0,1018.0,1128
2017-01-05,989.0,1021.0,1133
2017-01-06,993.0,1024.0,1143
2017-01-07,997.0,1027.0,1094
2017-01-08,1002.0,1030.0,1102
2017-01-09,1006.0,1035.0,1130
2017-01-10,1007.0,1040.0,1134
2017-01-11,1007.0,1041.0,1055
2017-01-12,1007.0,1041.0,1030
2017-01-13,1008.0,1042.0,1060
2017-01-14,1008.0,1040.0,1005
2017-01-15,1007.0,1037.0,1012
2017-01-16,1006.0,1037.0,1027
2017-01-17,1005.0,1038.0,1067
2017-01-18,1003.0,1036.0,1042
2017-01-19,1003.0,1035.0,1033
2017-01-20,1004.0,1035.0,1066
2017-01-21,1006.0,1036.0,1011
2017-01-22,1009.0,1037.0,1017
2017-01-23,1010.0,1041.0,1043
2017-01-24,1011.0,1044.0,1024
2017-01-25,1012.0,1046.0,1006
2017-01-26,1012.0,1047.0,1015
2017-01-27,1013.0,1048.0,1005
2017-01-28,1013.0,1048.0,966
2017-01-29,1012.0,1047.0,978
2017-01-30,1012.0,1048.0,1007
2017-01-31,1011.0,1048.0,1029
2017-02-01,1011.0,1049.0,1045
2017-02-02,1010.0,1049.0,1073
2017-02-03,1008.0,1048.0,1083
2017-02-04,1006.0,1045.0,1034
2017-02-05,1005.0,1041.0,1045
2017-02-06,1003.0,1041.0,1074
2017-02-07,998.0,1039.0,1058
2017-02-08,995.0,1036.0,1021
2017-02-09,994.0,1032.0,1018
2017-02-10,992.0,1031.0,1023
2017-02-11,992.0,1029.0,970
2017-02-12,992.0,1026.0,984
2017-02-13,991.0,1026.0,1018
2017-02-14,990.0,1027.0,1018
2017-02-15,989.0,1027.0,1032
2017-02-16,990.0,1026.0,1043
2017-02-17,992.0,1028.0,1102
2017-02-18,993.0,1029.0,1070
2017-02-19,995.0,1028.0,1042
2017-02-20,996.0,1030.0,1045
2017-02-21,997.0,1032.0,1089
2017-02-22,998.0,1033.0,1085
2017-02-23,1000.0,1035.0,1075
2017-02-24,1001.0,1038.0,1092
2017-02-25,1002.0,1037.0,998
2017-02-26,1003.0,1037.0,983
2017-02-27,1004.0,1039.0,1022
2017-02-28,1006.0,1041.0,1058
2017-03-01,1006.0,1043.0,1066
2017-03-02,1006.0,1044.0,1061
2017-03-03,1004.0,1044.0,1049
2017-03-04,1003.0,1041.0,967
2017-03-05,1001.0,1037.0,980
2017-03-06,1000.0,1037.0,1025
2017-03-07,996.0,1037.0,1029
2017-03-08,993.0,1034.0,990
2017-03-09,990.0,1031.0,979
2017-03-10,986.0,1029.0,950
2017-03-11,983.0,1025.0,896
2017-03-12,981.0,1020.0,895
2017-03-13,979.0,1019.0,937
2017-03-14,977.0,1018.0,945
2017-03-15,975.0,1017.0,974
2017-03-16,970.0,1015.0,976
2017-03-17,964.0,1010.0,870
2017-03-18,958.0,1003.0,853
2017-03-19,952.0,995.0,862
2017-03-20,946.0,990.0,902
2017-03-21,939.0,985.0,897
2017-03-22,931.0,980.0,908
2017-03-23,924.0,972.0,851
2017-03-24,917.0,966.0,889
2017-03-25,911.0,959.0,853
2017-03-26,907.0,950.0,847
2017-03-27,903.0,946.0,878
2017-03-28,899.0,944.0,911
2017-03-29,894.0,941.0,928
2017-03-30,892.0,937.0,950
2017-03-31,889.0,935.0,999
2017-04-01,887.0,931.0,941
2017-04-02,887.0,928.0,952
2017-04-03,887.0,929.0,1001
2017-04-04,885.0,930.0,1022
2017-04-05,880.0,928.0,950
2017-04-06,879.0,925.0,931
2017-04-07,877.0,924.0,963
2017-04-08,876.0,920.0,875
2017-04-09,877.0,918.0,879
2017-04-10,876.0,918.0,912
2017-04-11,875.0,919.0,909
2017-04-12,873.0,918.0,913
2017-04-13,871.0,917.0,902
2017-04-14,869.0,914.0,907
2017-04-15,872.0,911.0,889
2017-04-16,874.0,912.0,897
2017-04-17,876.0,915.0,945
2017-04-18,876.0,919.0,976
2017-04-19,877.0,920.0,928
2017-04-20,878.0,922.0,940
2017-04-21,880.0,924.0,986
2017-04-22,881.0,925.0,871
2017-04-23,883.0,924.0,877
2017-04-24,884.0,927.0,923
2017-04-25,885.0,929.0,920
2017-04-26,885.0,931.0,924
2017-04-27,885.0,931.0,912
2017-04-28,883.0,930.0,910
2017-04-29,880.0,927.0,845
2017-04-30,878.0,922.0,856
2017-05-01,876.0,920.0,894
2017-05-02,872.0,920.0,929
2017-05-03,868.0,916.0,889
2017-05-04,866.0,912.0,893
2017-05-05,865.0,910.0,915
2017-05-06,863.0,908.0,851
2017-05-07,864.0,904.0,864
2017-05-08,862.0,905.0,889
2017-05-09,860.0,904.0,867
2017-05-10,859.0,903.0,865
2017-05-11,859.0,903.0,904
2017-05-12,859.0,903.0,929
2017-05-13,860.0,902.0,876
2017-05-14,860.0,902.0,887
2017-05-15,859.0,903.0,915
2017-05-16,857.0,903.0,904
2017-05-17,852.0,900.0,871
2017-05-18,850.0,895.0,830
2017-05-19,850.0,894.0,881
2017-05-20,850.0,892.0,889
2017-05-21,852.0,889.0,897
2017-05-22,852.0,891.0,934
2017-05-23,851.0,893.0,935
2017-05-24,851.0,893.0,913
2017-05-25,848.0,893.0,909
2017-05-26,848.0,892.0,892
2017-05-27,849.0,890.0,874
2017-05-28,851.0,889.0,884
2017-05-29,853.0,891.0,905
2017-05-30,853.0,894.0,947
2017-05-31,852.0,896.0,931
2017-06-01,853.0,895.0,913
2017-06-02,853.0,896.0,911
2017-06-03,853.0,895.0,857
2017-06-04,854.0,893.0,868
2017-06-05,855.0,895.0,920
2017-06-06,854.0,897.0,918
2017-06-07,854.0,897.0,881
2017-06-08,855.0,898.0,914
2017-06-09,856.0,899.0,886
2017-06-10,857.0,899.0,895
2017-06-11,859.0,898.0,903
2017-06-12,858.0,900.0,934
2017-06-13,856.0,900.0,892
2017-06-14,854.0,899.0,869
2017-06-15,855.0,897.0,867
2017-06-16,858.0,899.0,917
2017-06-17,860.0,900.0,868
2017-06-18,860.0,900.0,883
2017-06-19,861.0,902.0,928
2017-06-20,861.0,903.0,952
2017-06-21,861.0,904.0,959
2017-06-22,860.0,903.0,913
2017-06-23,860.0,904.0,918
2017-06-24,862.0,902.0,875
2017-06-25,863.0,902.0,885
2017-06-26,864.0,904.0,932
2017-06-27,864.0,906.0,946
2017-06-28,862.0,908.0,951
2017-06-29,862.0,906.0,908
2017-06-30,863.0,906.0,923
2017-07-01,865.0,906.0,896
2017-07-02,867.0,905.0,901
2017-07-03,869.0,909.0,976
2017-07-04,872.0,912.0,950
2017-07-05,874.0,914.0,979
2017-07-06,875.0,916.0,967
2017-07-07,876.0,918.0,948
2017-07-08,878.0,917.0,898
2017-07-09,879.0,918.0,908
2017-07-10,880.0,920.0,963
2017-07-11,880.0,922.0,969
2017-07-12,880.0,923.0,950
2017-07-13,881.0,924.0,920
2017-07-14,880.0,925.0,913
2017-07-15,880.0,924.0,829
2017-07-16,880.0,922.0,846
2017-07-17,878.0,922.0,888
2017-07-18,876.0,922.0,865
2017-07-19,872.0,919.0,854
2017-07-20,868.0,916.0,855
2017-07-21,866.0,912.0,844
2017-07-22,866.0,910.0,839
2017-07-23,866.0,908.0,854
2017-07-24,866.0,909.0,901
2017-07-25,863.0,910.0,925
2017-07-26,860.0,907.0,854
2017-07-27,856.0,904.0,855
2017-07-28,852.0,900.0,807
2017-07-29,850.0,895.0,767
2017-07-30,847.0,890.0,780
2017-07-31,842.0,888.0,827
2017-08-01,838.0,886.0,837
2017-08-02,834.0,881.0,828
2017-08-03,828.0,878.0,856
2017-08-04,822.0,872.0,827
2017-08-05,819.0,866.0,780
2017-08-06,816.0,861.0,786
2017-08-07,812.0,859.0,833
2017-08-08,809.0,857.0,853
2017-08-09,804.0,853.0,844
2017-08-10,799.0,847.0,806
2017-08-11,795.0,842.0,794
2017-08-12,792.0,837.0,768
2017-08-13,791.0,833.0,776
2017-08-14,789.0,832.0,815
2017-08-15,787.0,832.0,833
2017-08-16,787.0,830.0,845
2017-08-17,785.0,829.0,837
2017-08-18,783.0,828.0,806
2017-08-19,782.0,824.0,745
2017-08-20,780.0,821.0,759
2017-08-21,777.0,820.0,803
2017-08-22,774.0,819.0,813
2017-08-23,771.0,816.0,815
2017-08-24,769.0,812.0,807
2017-08-25,770.0,811.0,822
2017-08-26,771.0,810.0,818
2017-08-27,774.0,810.0,818
2017-08-28,775.0,812.0,818
2017-08-29,777.0,813.0,818
2017-08-30,778.0,813.0,818
2017-08-31,780.0,812.0,818
2017-09-01,780.0,812.0,839
2017-09-02,781.0,811.0,804
2017-09-03,783.0,810.0,804
2017-09-04,784.0,811.0,811
2017-09-05,785.0,814.0,876
2017-09-06,786.0,815.0,867
2017-09-07,785.0,815.0,865
2017-09-08,785.0,814.0,813
2017-09-09,786.0,813.0,764
2017-09-10,786.0,812.0,766
2017-09-11,787.0,813.0,809
2017-09-12,788.0,816.0,852
2017-09-13,788.0,817.0,857
2017-09-14,789.0,818.0,846
2017-09-15,787.0,818.0,853
2017-09-16,787.0,815.0,760
2017-09-17,788.0,814.0,767
2017-09-18,790.0,816.0,803
2017-09-19,791.0,818.0,830
2017-09-20,793.0,820.0,856
2017-09-21,796.0,822.0,869
2017-09-22,801.0,827.0,970
2017-09-23,808.0,832.0,937
2017-09-24,812.0,836.0,943
2017-09-25,813.0,841.0,977
2017-09-26,815.0,844.0,914
2017-09-27,817.0,848.0,920
2017-09-28,819.0,850.0,897
2017-09-29,821.0,854.0,947
2017-09-30,823.0,857.0,899
2017-10-01,827.0,860.0,914
2017-10-02,830.0,865.0,961
2017-10-03,832.0,870.0,950
2017-10-04,835.0,875.0,962
2017-10-05,837.0,877.0,929
2017-10-06,840.0,880.0,970
2017-10-07,845.0,882.0,923
2017-10-08,851.0,886.0,933
2017-10-09,856.0,892.0,945
2017-10-10,861.0,899.0,971
2017-10-11,865.0,903.0,947
2017-10-12,870.0,907.0,966
2017-10-13,873.0,912.0,999
2017-10-14,876.0,914.0,908
2017-10-15,882.0,916.0,916
2017-10-16,887.0,922.0,951
2017-10-17,893.0,930.0,987
2017-10-18,899.0,936.0,991
2017-10-19,903.0,942.0,1010
2017-10-20,904.0,947.0,995
2017-10-21,905.0,947.0,881
2017-10-22,904.0,944.0,887
2017-10-23,903.0,944.0,925
2017-10-24,902.0,944.0,957
2017-10-25,903.0,944.0,970
2017-10-26,904.0,945.0,932
2017-10-27,905.0,946.0,966
2017-10-28,906.0,947.0,919
2017-10-29,908.0,946.0,926
2017-10-30,910.0,948.0,964
2017-10-31,909.0,951.0,986
2017-11-01,908.0,951.0,950
2017-11-02,908.0,949.0,906
2017-11-03,908.0,949.0,954
2017-11-04,908.0,948.0,909
2017-11-05,909.0,947.0,924
2017-11-06,909.0,948.0,960
2017-11-07,907.0,949.0,982
2017-11-08,906.0,948.0,916
2017-11-09,904.0,947.0,936
2017-11-10,902.0,946.0,898
2017-11-11,901.0,943.0,883
2017-11-12,901.0,939.0,891
2017-11-13,899.0,940.0,924
2017-11-14,896.0,939.0,901
2017-11-15,894.0,937.0,889
2017-11-16,891.0,934.0,893
2017-11-17,888.0,931.0,907
2017-11-18,885.0,926.0,864
2017-11-19,886.0,922.0,875
2017-11-20,884.0,923.0,898
2017-11-21,880.0,922.0,865
2017-11-22,876.0,919.0,831
2017-11-23,873.0,914.0,814
2017-11-24,871.0,910.0,834
2017-11-25,869.0,907.0,843
2017-11-26,868.0,903.0,856
2017-11-27,869.0,905.0,973
2017-11-28,869.0,907.0,985
2017-11-29,868.0,908.0,995
2017-11-30,868.0,907.0,962
2017-12-01,870.0,908.0,978
2017-12-02,873.0,909.0,943
2017-12-03,874.0,909.0,946
2017-12-04,874.0,912.0,983
2017-12-05,873.0,913.0,973
2017-12-06,873.0,913.0,949
2017-12-07,874.0,913.0,983
2017-12-08,875.0,914.0,955
2017-12-09,877.0,913.0,908
2017-12-10,878.0,914.0,920
2017-12-11,881.0,917.0,973
2017-12-12,882.0,921.0,997
2017-12-13,883.0,923.0,983
2017-12-14,885.0,924.0,933
2017-12-15,885.0,925.0,918
2017-12-16,885.0,924.0,871
2017-12-17,886.0,923.0,875
2017-12-18,886.0,924.0,913
2017-12-19,886.0,926.0,911
2017-12-20,888.0,926.0,900
2017-12-21,890.0,928.0,927
2017-12-22,893.0,931.0,928
2017-12-23,896.0,934.0,908
2017-12-24,899.0,937.0,915
2017-12-25,902.0,940.0,932
2017-12-26,903.0,943.0,957
2017-12-27,901.0,941.0,917
2017-12-28,900.0,939.0,920
2017-12-29,899.0,938.0,962
2017-12-30,899.0,936.0,898
2017-12-31,899.0,933.0,904
2018-01-01,898.0,933.0,918
2018-01-02,897.0,934.0,983
2018-01-03,897.0,934.0,981
2018-01-04,897.0,933.0,952
2018-01-05,895.0,933.0,944
2018-01-06,894.0,930.0,882
2018-01-07,894.0,927.0,890
2018-01-08,894.0,928.0,939
2018-01-09,893.0,930.0,968
2018-01-10,891.0,929.0,936
2018-01-11,888.0,926.0,920
2018-01-12,889.0,925.0,946
2018-01-13,890.0,924.0,911
2018-01-14,891.0,924.0,915
2018-01-15,894.0,927.0,948
2018-01-16,896.0,929.0,944
2018-01-17,899.0,930.0,948
2018-01-18,901.0,933.0,1008
2018-01-19,902.0,936.0,975
2018-01-20,904.0,936.0,927
2018-01-21,906.0,936.0,935
2018-01-22,907.0,938.0,972
2018-01-23,907.0,941.0,1001
2018-01-24,908.0,943.0,993
2018-01-25,910.0,945.0,1002
2018-01-26,910.0,947.0,991
2018-01-27,910.0,947.0,923
2018-01-28,912.0,946.0,933
2018-01-29,912.0,949.0,973
2018-01-30,913.0,951.0,961
2018-01-31,913.0,953.0,985
2018-02-01,914.0,953.0,978
2018-02-02,912.0,953.0,992
2018-02-03,912.0,951.0,893
2018-02-04,914.0,950.0,909
2018-02-05,915.0,952.0,952
2018-02-06,915.0,955.0,966
2018-02-07,914.0,955.0,936
2018-02-08,913.0,954.0,962
2018-02-09,914.0,955.0,938
2018-02-10,915.0,954.0,904
2018-02-11,916.0,953.0,912
2018-02-12,917.0,954.0,955
2018-02-13,915.0,957.0,983
2018-02-14,913.0,955.0,913
2018-02-15,909.0,955.0,929
2018-02-16,907.0,953.0,902
2018-02-17,906.0,950.0,896
2018-02-18,906.0,947.0,904
2018-02-19,905.0,947.0,928
2018-02-20,905.0,948.0,958
2018-02-21,904.0,948.0,961
2018-02-22,903.0,946.0,941
2018-02-23,901.0,946.0,988
2018-02-24,901.0,943.0,920
2018-02-25,902.0,941.0,934
2018-02-26,903.0,943.0,995
2018-02-27,904.0,946.0,1008
2018-02-28,904.0,947.0,1012
2018-03-01,905.0,948.0,991
2018-03-02,904.0,950.0,1037
2018-03-03,903.0,948.0,919
2018-03-04,905.0,946.0,924
2018-03-05,907.0,948.0,968
2018-03-06,908.0,952.0,1015
2018-03-07,908.0,953.0,994
2018-03-08,908.0,952.0,934
2018-03-09,907.0,953.0,958
2018-03-10,908.0,951.0,909
2018-03-11,909.0,950.0,916
2018-03-12,910.0,952.0,964
2018-03-13,909.0,954.0,973
2018-03-14,907.0,954.0,938
2018-03-15,908.0,951.0,915
2018-03-16,907.0,952.0,931
2018-03-17,909.0,951.0,884
2018-03-18,910.0,950.0,893
2018-03-19,910.0,951.0,928
2018-03-20,910.0,953.0,940
2018-03-21,909.0,954.0,968
2018-03-22,907.0,952.0,912
2018-03-23,906.0,952.0,936
2018-03-24,905.0,949.0,878
2018-03-25,904.0,946.0,884
2018-03-26,903.0,946.0,919
2018-03-27,902.0,947.0,958
2018-03-28,900.0,946.0,969
2018-03-29,897.0,942.0,899
2018-03-30,895.0,939.0,919
2018-03-31,892.0,935.0,872
2018-04-01,892.0,930.0,883
2018-04-02,890.0,931.0,938
2018-04-03,890.0,930.0,920
2018-04-04,887.0,930.0,962
2018-04-05,886.0,928.0,960
2018-04-06,887.0,928.0,995
2018-04-07,888.0,929.0,942
2018-04-08,891.0,928.0,949
2018-04-09,891.0,932.0,1003
2018-04-10,891.0,933.0,967
2018-04-11,890.0,933.0,963
2018-04-12,891.0,933.0,960
2018-04-13,892.0,934.0,976
2018-04-14,893.0,934.0,908
2018-04-15,894.0,933.0,916
2018-04-16,895.0,936.0,957
2018-04-17,895.0,938.0,971
2018-04-18,896.0,939.0,945
2018-04-19,896.0,940.0,980
2018-04-20,896.0,940.0,967
2018-04-21,897.0,940.0,902
2018-04-22,899.0,939.0,916
2018-04-23,900.0,942.0,951
2018-04-24,900.0,945.0,980
2018-04-25,900.0,945.0,933
2018-04-26,898.0,945.0,950
2018-04-27,898.0,943.0,913
2018-04-28,898.0,942.0,866
2018-04-29,898.0,941.0,878
2018-04-30,900.0,943.0,930
2018-05-01,902.0,946.0,995
2018-05-02,902.0,949.0,1020
2018-05-03,902.0,949.0,914
2018-05-04,902.0,949.0,965
2018-05-05,902.0,947.0,900
2018-05-06,901.0,944.0,913
2018-05-07,901.0,945.0,967
2018-05-08,900.0,947.0,1011
2018-05-09,899.0,947.0,990
2018-05-10,899.0,946.0,936
2018-05-11,899.0,948.0,1045
2018-05-12,900.0,948.0,960
2018-05-13,902.0,947.0,945
2018-05-14,903.0,950.0,990
2018-05-15,903.0,954.0,1040
2018-05-16,902.0,954.0,960
2018-05-17,902.0,953.0,923
2018-05-18,899.0,952.0,928
2018-05-19,899.0,950.0,901
2018-05-20,901.0,948.0,919
2018-05-21,901.0,950.0,955
2018-05-22,901.0,951.0,966
2018-05-23,899.0,952.0,958
2018-05-24,898.0,950.0,934
2018-05-25,895.0,949.0,898
2018-05-26,895.0,947.0,878
2018-05-27,896.0,945.0,878
2018-05-28,897.0,947.0,903
2018-05-29,899.0,949.0,938
2018-05-30,900.0,951.0,992
2018-05-31,898.0,951.0,1017
2018-06-01,898.0,950.0,965
2018-06-02,899.0,949.0,907
2018-06-03,900.0,948.0,920
2018-06-04,901.0,951.0,981
2018-06-05,900.0,953.0,996
2018-06-06,898.0,953.0,942
2018-06-07,897.0,952.0,983
2018-06-08,897.0,950.0,943
2018-06-09,897.0,950.0,932
2018-06-10,898.0,946.0,940
2018-06-11,897.0,947.0,973
2018-06-12,896.0,947.0,941
2018-06-13,895.0,946.0,971
2018-06-14,896.0,944.0,982
2018-06-15,896.0,945.0,973
2018-06-16,898.0,944.0,920
2018-06-17,901.0,945.0,947
2018-06-18,902.0,948.0,986
2018-06-19,903.0,951.0,1000
2018-06-20,906.0,953.0,1022
2018-06-21,907.0,955.0,1029
2018-06-22,907.0,956.0,990
2018-06-23,910.0,956.0,920
2018-06-24,914.0,956.0,924
2018-06-25,916.0,961.0,1001
2018-06-26,918.0,963.0,961
2018-06-27,919.0,966.0,996
2018-06-28,921.0,969.0,1012
2018-06-29,921.0,970.0,1026
2018-06-30,924.0,969.0,991
2018-07-01,928.0,970.0,1002
2018-07-02,931.0,975.0,1048
2018-07-03,932.0,979.0,1038
2018-07-04,932.0,978.0,955
2018-07-05,935.0,978.0,1000
2018-07-06,937.0,981.0,1016
2018-07-07,939.0,980.0,967
2018-07-08,943.0,981.0,972
2018-07-09,944.0,984.0,1010
2018-07-10,945.0,986.0,1018
2018-07-11,947.0,988.0,1025
2018-07-12,946.0,989.0,969
2018-07-13,945.0,989.0,957
2018-07-14,945.0,987.0,921
2018-07-15,946.0,985.0,927
2018-07-16,946.0,987.0,982
2018-07-17,946.0,988.0,986
2018-07-18,945.0,989.0,995
2018-07-19,944.0,988.0,975
2018-07-20,941.0,986.0,966
2018-07-21,941.0,983.0,935
2018-07-22,943.0,981.0,944
2018-07-23,943.0,983.0,974
2018-07-24,943.0,985.0,975
2018-07-25,943.0,984.0,975
2018-07-26,941.0,983.0,947
2018-07-27,939.0,982.0,962
2018-07-28,938.0,980.0,931
2018-07-29,937.0,977.0,937
2018-07-30,936.0,976.0,984
2018-07-31,932.0,976.0,983
2018-08-01,928.0,972.0,939
2018-08-02,927.0,970.0,960
2018-08-03,925.0,970.0,957
2018-08-04,924.0,967.0,923
2018-08-05,924.0,964.0,931
2018-08-06,922.0,964.0,969
2018-08-07,920.0,964.0,965
2018-08-08,917.0,963.0,975
2018-08-09,914.0,960.0,937
2018-08-10,913.0,958.0,958
2018-08-11,914.0,956.0,921
2018-08-12,915.0,955.0,924
2018-08-13,915.0,957.0,970
2018-08-14,914.0,958.0,973
2018-08-15,913.0,957.0,933
2018-08-16,911.0,956.0,954
2018-08-17,911.0,954.0,947
2018-08-18,911.0,952.0,926
2018-08-19,911.0,951.0,913
2018-08-20,911.0,951.0,940
2018-08-21,909.0,952.0,990
2018-08-22,908.0,952.0,973
2018-08-23,906.0,951.0,931
2018-08-24,905.0,950.0,949
2018-08-25,906.0,949.0,906
2018-08-26,906.0,947.0,918
2018-08-27,906.0,949.0,988
2018-08-28,905.0,950.0,951
2018-08-29,904.0,950.0,983
2018-08-30,906.0,950.0,993
2018-08-31,906.0,952.0,992
2018-09-01,907.0,951.0,927
2018-09-02,908.0,950.0,931
2018-09-03,909.0,951.0,963
2018-09-04,910.0,954.0,1016
2018-09-05,912.0,955.0,1005
2018-09-06,912.0,957.0,1010
2018-09-07,913.0,958.0,1030
2018-09-08,915.0,958.0,938
2018-09-09,916.0,958.0,938
2018-09-10,917.0,960.0,977
2018-09-11,917.0,962.0,998
2018-09-12,917.0,963.0,997
2018-09-13,918.0,963.0,968
2018-09-14,919.0,965.0,991
2018-09-15,922.0,965.0,973
2018-09-16,924.0,967.0,981
2018-09-17,926.0,970.0,1027
2018-09-18,928.0,973.0,1016
2018-09-19,930.0,976.0,1014
2018-09-20,934.0,979.0,1073
2018-09-21,935.0,981.0,1058
2018-09-22,937.0,982.0,945
2018-09-23,940.0,982.0,955
2018-09-24,942.0,985.0,990
2018-09-25,942.0,988.0,1012
2018-09-26,943.0,988.0,992
2018-09-27,944.0,990.0,995
2018-09-28,943.0,991.0,1015
2018-09-29,944.0,988.0,926
2018-09-30,945.0,986.0,930
2018-10-01,946.0,988.0,983
2018-10-02,947.0,991.0,1006
2018-10-03,946.0,993.0,1044
2018-10-04,943.0,993.0,989
2018-10-05,937.0,991.0,945
2018-10-06,932.0,983.0,796
2018-10-07,929.0,976.0,804
2018-10-08,925.0,972.0,837
2018-10-09,922.0,970.0,854
2018-10-10,917.0,965.0,834
2018-10-11,913.0,959.0,818
2018-10-12,910.0,954.0,834
2018-10-13,907.0,949.0,830
2018-10-14,903.0,944.0,830
2018-10-15,897.0,940.0,860
2018-10-16,890.0,934.0,793
2018-10-17,886.0,928.0,852
2018-10-18,881.0,923.0,889
2018-10-19,874.0,918.0,859
2018-10-20,868.0,909.0,804
2018-10-21,864.0,901.0,803
2018-10-22,859.0,896.0,804
2018-10-23,852.0,891.0,807
2018-10-24,844.0,883.0,753
2018-10-25,843.0,880.0,903
2018-10-26,840.0,876.0,892
2018-10-27,837.0,871.0,849
2018-10-28,835.0,866.0,849
2018-10-29,832.0,863.0,851
2018-10-30,829.0,861.0,872
2018-10-31,824.0,857.0,845
2018-11-01,819.0,851.0,832
2018-11-02,815.0,844.0,820
2018-11-03,813.0,837.0,802
2018-11-04,813.0,833.0,802
2018-11-05,813.0,833.0,804
2018-11-06,813.0,833.0,815
2018-11-07,812.0,832.0,808
2018-11-08,812.0,832.0,832
2018-11-09,815.0,835.0,927
2018-11-10,819.0,838.0,915
2018-11-11,822.0,841.0,915
2018-11-12,825.0,843.0,914
2018-11-13,827.0,846.0,915
2018-11-14,831.0,848.0,926
2018-11-15,835.0,853.0,928
2018-11-16,836.0,855.0,914
2018-11-17,838.0,855.0,878
2018-11-18,841.0,855.0,877
2018-11-19,842.0,858.0,877
2018-11-20,847.0,863.0,966
2018-11-21,851.0,868.0,942
2018-11-22,858.0,872.0,933
2018-11-23,864.0,878.0,934
2018-11-24,864.0,878.0,913
2018-11-25,867.0,879.0,913
2018-11-26,868.0,881.0,914
2018-11-27,870.0,884.0,931
2018-11-28,873.0,887.0,942
2018-11-29,876.0,889.0,926
2018-11-30,880.0,893.0,973
2018-12-01,885.0,897.0,957
2018-12-02,890.0,902.0,957
2018-12-03,895.0,907.0,976
2018-12-04,899.0,914.0,990
2018-12-05,904.0,918.0,933
2018-12-06,908.0,923.0,952
2018-12-07,914.0,929.0,991
2018-12-08,919.0,934.0,977
2018-12-09,921.0,936.0,992
2018-12-10,924.0,939.0,1006
2018-12-11,925.0,941.0,984
2018-12-12,927.0,944.0,1002
2018-12-13,930.0,946.0,977
2018-12-14,932.0,949.0,1029
2018-12-15,935.0,951.0,977
2018-12-16,938.0,953.0,975
2018-12-17,942.0,957.0,995
2018-12-18,946.0,961.0,994
2018-12-19,949.0,967.0,1055
2018-12-20,949.0,967.0,962
2018-12-21,949.0,969.0,998
2018-12-22,950.0,969.0,942
2018-12-23,951.0,969.0,942
2018-12-24,951.0,973.0,1015
2018-12-25,952.0,973.0,929
2018-12-26,954.0,976.0,986
2018-12-27,956.0,977.0,988
2018-12-28,957.0,979.0,982
2018-12-29,957.0,978.0,918
2018-12-30,956.0,977.0,918
2018-12-31,954.0,978.0,986
2019-01-01,953.0,976.0,917
2019-01-02,952.0,974.0,917
2019-01-03,951.0,972.0,935
2019-01-04,952.0,973.0,943
2019-01-05,952.0,972.0,943
2019-01-06,951.0,971.0,943
2019-01-07,950.0,971.0,994
2019-01-08,947.0,969.0,928
2019-01-09,945.0,966.0,913
2019-01-10,942.0,966.0,963
2019-01-11,939.0,964.0,959
2019-01-12,937.0,961.0,892
2019-01-13,934.0,957.0,891
2019-01-14,931.0,956.0,963
2019-01-15,927.0,953.0,878
2019-01-16,924.0,950.0,898
2019-01-17,919.0,948.0,934
2019-01-18,915.0,941.0,845
2019-01-19,911.0,937.0,838
2019-01-20,908.0,932.0,845
2019-01-21,904.0,928.0,850
2019-01-22,900.0,925.0,841
2019-01-23,897.0,919.0,837
2019-01-24,891.0,917.0,873
2019-01-25,885.0,912.0,817
2019-01-26,880.0,906.0,806
2019-01-27,876.0,900.0,805
2019-01-28,872.0,896.0,806
2019-01-29,868.0,895.0,903
2019-01-30,865.0,890.0,817
2019-01-31,862.0,888.0,859
2019-02-01,861.0,888.0,908
2019-02-02,860.0,886.0,893
2019-02-03,858.0,884.0,892
2019-02-04,856.0,884.0,932
2019-02-05,854.0,882.0,890
2019-02-06,849.0,879.0,884
2019-02-07,847.0,876.0,854
2019-02-08,845.0,876.0,919
2019-02-09,845.0,873.0,858
2019-02-10,844.0,870.0,858
2019-02-11,842.0,869.0,881
2019-02-12,841.0,868.0,864
2019-02-13,841.0,868.0,942
2019-02-14,841.0,869.0,925
2019-02-15,841.0,869.0,892
2019-02-16,842.0,867.0,885
2019-02-17,844.0,869.0,885
2019-02-18,846.0,870.0,885
2019-02-19,846.0,873.0,923
2019-02-20,850.0,875.0,911
2019-02-21,851.0,878.0,936
2019-02-22,853.0,881.0,933
2019-02-23,858.0,882.0,900
2019-02-24,861.0,885.0,900
2019-02-25,864.0,888.0,900
2019-02-26,867.0,893.0,949
2019-02-27,870.0,896.0,912
2019-02-28,872.0,898.0,938
2019-03-01,874.0,902.0,943
2019-03-02,875.0,902.0,864
2019-03-03,874.0,900.0,864
2019-03-04,874.0,900.0,882
2019-03-05,873.0,902.0,952
2019-03-06,873.0,901.0,896
2019-03-07,872.0,902.0,939
2019-03-08,875.0,905.0,952
2019-03-09,877.0,906.0,884
2019-03-10,879.0,906.0,932
2019-03-11,881.0,909.0,933
2019-03-12,882.0,912.0,971
2019-03-13,884.0,914.0,942
2019-03-14,883.0,917.0,950
2019-03-15,882.0,915.0,867
2019-03-16,880.0,912.0,846
2019-03-17,879.0,911.0,846
2019-03-18,877.0,911.0,888
2019-03-19,876.0,911.0,887
2019-03-20,877.0,911.0,895
2019-03-21,877.0,912.0,953
2019-03-22,877.0,914.0,951
2019-03-23,879.0,913.0,924
2019-03-24,880.0,913.0,923
2019-03-25,881.0,915.0,965
2019-03-26,882.0,918.0,997
2019-03-27,885.0,921.0,977
2019-03-28,888.0,925.0,1066
2019-03-29,890.0,927.0,987
2019-03-30,892.0,928.0,964
2019-03-31,896.0,929.0,962
2019-04-01,899.0,932.0,966
2019-04-02,901.0,936.0,990
2019-04-03,904.0,939.0,960
2019-04-04,907.0,941.0,1029
2019-04-05,910.0,945.0,1007
2019-04-06,914.0,946.0,969
2019-04-07,916.0,947.0,966
2019-04-08,919.0,950.0,977
2019-04-09,920.0,953.0,1042
2019-04-10,921.0,955.0,980
2019-04-11,922.0,956.0,990
2019-04-12,924.0,957.0,984
2019-04-13,929.0,957.0,962
2019-04-14,933.0,960.0,961
2019-04-15,937.0,966.0,1027
2019-04-16,941.0,971.0,987
2019-04-17,946.0,974.0,984
2019-04-18,949.0,977.0,970
2019-04-19,952.0,980.0,975
2019-04-20,955.0,980.0,973
2019-04-21,957.0,981.0,973
2019-04-22,958.0,985.0,1034
2019-04-23,960.0,986.0,967
2019-04-24,961.0,987.0,974
2019-04-25,962.0,990.0,1096
2019-04-26,962.0,990.0,976
2019-04-27,963.0,987.0,972
2019-04-28,963.0,986.0,971
2019-04-29,962.0,987.0,999
2019-04-30,962.0,987.0,950
2019-05-01,961.0,986.0,940
2019-05-02,962.0,986.0,976
2019-05-03,962.0,988.0,1016
2019-05-04,962.0,985.0,957
2019-05-05,961.0,983.0,954
2019-05-06,960.0,985.0,1009
2019-05-07,959.0,988.0,1070
2019-05-08,958.0,987.0,949
2019-05-09,956.0,985.0,965
2019-05-10,956.0,983.0,928
2019-05-11,956.0,981.0,922
2019-05-12,955.0,979.0,921
2019-05-13,953.0,979.0,983
2019-05-14,952.0,979.0,950
2019-05-15,952.0,976.0,948
2019-05-16,950.0,978.0,1023
2019-05-17,948.0,977.0,977
2019-05-18,946.0,975.0,907
2019-05-19,944.0,973.0,903
2019-05-20,941.0,972.0,953
2019-05-21,937.0,969.0,878
2019-05-22,936.0,966.0,937
2019-05-23,933.0,966.0,975
2019-05-24,930.0,965.0,933
2019-05-25,926.0,957.0,865
2019-05-26,923.0,953.0,864
2019-05-27,917.0,950.0,865
2019-05-28,913.0,946.0,852
2019-05-29,911.0,942.0,897
2019-05-30,908.0,942.0,936
2019-05-31,905.0,940.0,875
2019-06-01,901.0,935.0,852
2019-06-02,899.0,931.0,892
2019-06-03,896.0,931.0,940
2019-06-04,895.0,930.0,924
2019-06-05,895.0,928.0,944
2019-06-06,894.0,925.0,994
2019-06-07,894.0,925.0,961
2019-06-08,893.0,924.0,913
2019-06-09,893.0,923.0,913
2019-06-10,890.0,923.0,913
2019-06-11,889.0,922.0,885
2019-06-12,890.0,921.0,966
2019-06-13,887.0,922.0,973
2019-06-14,886.0,921.0,914
2019-06-15,885.0,917.0,906
2019-06-16,886.0,916.0,943
2019-06-17,886.0,918.0,966
2019-06-18,887.0,920.0,960
2019-06-19,890.0,920.0,968
2019-06-20,892.0,923.0,974
2019-06-21,891.0,925.0,975
2019-06-22,892.0,923.0,916
2019-06-23,894.0,922.0,913
2019-06-24,897.0,925.0,951
2019-06-25,899.0,928.0,952
2019-06-26,905.0,931.0,956
2019-06-27,906.0,936.0,1023
2019-06-28,906.0,937.0,923
2019-06-29,907.0,936.0,900
2019-06-30,909.0,937.0,899
2019-07-01,909.0,939.0,912
2019-07-02,908.0,938.0,867
2019-07-03,909.0,938.0,944
2019-07-04,907.0,937.0,882
2019-07-05,906.0,937.0,938
2019-07-06,906.0,934.0,903
2019-07-07,906.0,932.0,908
2019-07-08,905.0,933.0,954
2019-07-09,904.0,933.0,907
2019-07-10,907.0,933.0,915
2019-07-11,908.0,936.0,962
2019-07-12,906.0,936.0,963
2019-07-13,907.0,933.0,890
2019-07-14,907.0,932.0,890
2019-07-15,905.0,932.0,909
2019-07-16,904.0,931.0,908
2019-07-17,904.0,929.0,907
2019-07-18,903.0,927.0,904
2019-07-19,901.0,929.0,1011
2019-07-20,901.0,926.0,911
2019-07-21,900.0,924.0,911
2019-07-22,900.0,925.0,943
2019-07-23,900.0,925.0,921
2019-07-24,899.0,924.0,917
2019-07-25,898.0,923.0,920
2019-07-26,896.0,924.0,987
2019-07-27,897.0,920.0,900
2019-07-28,897.0,919.0,900
2019-07-29,896.0,920.0,924
2019-07-30,896.0,920.0,898
2019-07-31,897.0,921.0,949
2019-08-01,898.0,923.0,901
2019-08-02,899.0,924.0,975
2019-08-03,899.0,924.0,903
2019-08-04,899.0,923.0,903
2019-08-05,899.0,924.0,934
2019-08-06,897.0,924.0,904
2019-08-07,898.0,924.0,940
2019-08-08,898.0,925.0,951
2019-08-09,897.0,926.0,947
2019-08-10,895.0,923.0,873
2019-08-11,897.0,923.0,947
2019-08-12,898.0,925.0,974
2019-08-13,900.0,927.0,946
2019-08-14,903.0,929.0,965
2019-08-15,904.0,933.0,1015
2019-08-16,906.0,935.0,965
2019-08-17,908.0,936.0,956
2019-08-18,909.0,935.0,956
2019-08-19,911.0,938.0,1015
2019-08-20,912.0,939.0,955
2019-08-21,913.0,941.0,995
2019-08-22,914.0,943.0,963
2019-08-23,916.0,944.0,950
2019-08-24,917.0,945.0,947
2019-08-25,918.0,943.0,946
2019-08-26,920.0,945.0,948
2019-08-27,921.0,946.0,950
2019-08-28,923.0,950.0,1030
2019-08-29,924.0,952.0,961
2019-08-30,925.0,952.0,951
2019-08-31,926.0,953.0,914
2019-09-01,926.0,951.0,914
2019-09-02,924.0,951.0,914
2019-09-03,922.0,950.0,880
2019-09-04,923.0,949.0,909
2019-09-05,925.0,950.0,924
2019-09-06,926.0,951.0,981
2019-09-07,928.0,951.0,943
2019-09-08,930.0,951.0,940
2019-09-09,930.0,954.0,974
2019-09-10,926.0,953.0,917
2019-09-11,925.0,950.0,873
2019-09-12,922.0,948.0,883
2019-09-13,918.0,945.0,889
2019-09-14,914.0,939.0,836
2019-09-15,910.0,935.0,836
2019-09-16,908.0,933.0,884
2019-09-17,903.0,932.0,930
2019-09-18,899.0,925.0,827
2019-09-19,895.0,921.0,827
2019-09-20,891.0,916.0,827
2019-09-21,887.0,911.0,828
2019-09-22,884.0,908.0,843
2019-09-23,879.0,905.0,884
2019-09-24,875.0,903.0,867
2019-09-25,872.0,900.0,863
2019-09-26,866.0,898.0,896
2019-09-27,860.0,890.0,778
2019-09-28,854.0,883.0,749
2019-09-29,848.0,876.0,750
2019-09-30,841.0,871.0,770
2019-10-01,835.0,866.0,752
2019-10-02,832.0,863.0,817
2019-10-03,829.0,860.0,795
2019-10-04,826.0,856.0,811
2019-10-05,823.0,853.0,808
2019-10-06,818.0,847.0,808
2019-10-07,813.0,844.0,850
2019-10-08,808.0,840.0,823
2019-10-09,806.0,835.0,831
2019-10-10,806.0,833.0,858
2019-10-11,806.0,833.0,863
2019-10-12,805.0,832.0,857
2019-10-13,806.0,831.0,860
2019-10-14,805.0,832.0,860
2019-10-15,805.0,833.0,875
2019-10-16,802.0,833.0,886
2019-10-17,802.0,829.0,806
2019-10-18,802.0,830.0,844
2019-10-19,803.0,830.0,855
2019-10-20,804.0,831.0,855
2019-10-21,806.0,833.0,882
2019-10-22,806.0,835.0,903
2019-10-23,808.0,835.0,892
2019-10-24,809.0,837.0,915
2019-10-25,806.0,837.0,847
2019-10-26,806.0,832.0,757
2019-10-27,806.0,831.0,753
2019-10-28,805.0,831.0,754
2019-10-29,806.0,832.0,779
2019-10-30,809.0,834.0,825
2019-10-31,810.0,836.0,804
2019-11-01,812.0,835.0,799
2019-11-02,812.0,835.0,791
2019-11-03,811.0,834.0,792
2019-11-04,810.0,835.0,814
2019-11-05,809.0,835.0,824
2019-11-06,805.0,833.0,797
2019-11-07,800.0,829.0,699
2019-11-08,794.0,824.0,679
2019-11-09,788.0,818.0,658
2019-11-10,782.0,811.0,658
2019-11-11,774.0,804.0,669
2019-11-12,765.0,799.0,707
2019-11-13,759.0,792.0,642
2019-11-14,753.0,785.0,652
2019-11-15,749.0,778.0,683
2019-11-16,745.0,774.0,681
2019-11-17,740.0,768.0,681
2019-11-18,732.0,764.0,723
2019-11-19,725.0,757.0,663
2019-11-20,719.0,751.0,701
2019-11-21,713.0,746.0,728
2019-11-22,707.0,739.0,698
2019-11-23,701.0,731.0,685
2019-11-24,699.0,726.0,686
2019-11-25,694.0,725.0,724
2019-11-26,691.0,722.0,660
2019-11-27,691.0,720.0,707
2019-11-28,688.0,718.0,701
2019-11-29,686.0,714.0,717
2019-11-30,684.0,712.0,732
2019-12-01,682.0,709.0,732
2019-12-02,678.0,708.0,751
2019-12-03,674.0,705.0,705
2019-12-04,671.0,702.0,707
2019-12-05,667.0,698.0,700
2019-12-06,670.0,696.0,739
2019-12-07,672.0,696.0,725
2019-12-08,674.0,698.0,725
2019-12-09,675.0,701.0,760
2019-12-10,676.0,704.0,745
2019-12-11,679.0,705.0,702
2019-12-12,683.0,706.0,727
2019-12-13,687.0,710.0,772
2019-12-14,691.0,714.0,760
2019-12-15,693.0,717.0,760
2019-12-16,694.0,720.0,776
2019-12-17,694.0,722.0,736
2019-12-18,697.0,722.0,721
2019-12-19,698.0,724.0,737
2019-12-20,698.0,724.0,707
2019-12-21,699.0,723.0,700
2019-12-22,700.0,723.0,700
2019-12-23,698.0,724.0,721
2019-12-24,697.0,723.0,646
2019-12-25,698.0,721.0,646
2019-12-26,698.0,721.0,659
2019-12-27,697.0,719.0,674
2019-12-28,696.0,718.0,671
2019-12-29,695.0,717.0,671
2019-12-30,693.0,715.0,684
2019-12-31,691.0,715.0,710
2020-01-01,692.0,713.0,699
2020-01-02,694.0,713.0,721
2020-01-03,696.0,715.0,745
2020-01-04,699.0,716.0,741
2020-01-05,699.0,716.0,741
2020-01-06,701.0,718.0,782
2020-01-07,701.0,722.0,838
2020-01-08,704.0,722.0,782
2020-01-09,708.0,725.0,820
2020-01-10,712.0,729.0,830
2020-01-11,715.0,732.0,811
2020-01-12,717.0,733.0,811
2020-01-13,718.0,737.0,857
2020-01-14,721.0,739.0,840
2020-01-15,725.0,742.0,856
2020-01-16,730.0,745.0,838
2020-01-17,734.0,750.0,851
2020-01-18,739.0,753.0,837
2020-01-19,743.0,757.0,835
2020-01-20,745.0,762.0,834
2020-01-21,749.0,766.0,815
2020-01-22,754.0,770.0,850
2020-01-23,760.0,776.0,843
2020-01-24,767.0,783.0,846
2020-01-25,772.0,789.0,832
2020-01-26,777.0,794.0,826
2020-01-27,781.0,800.0,846
2020-01-28,786.0,805.0,825
2020-01-29,790.0,810.0,837
2020-01-30,794.0,813.0,811
2020-01-31,797.0,817.0,815
2020-02-01,800.0,820.0,803
2020-02-02,802.0,822.0,803
2020-02-03,802.0,825.0,824
2020-02-04,803.0,826.0,768
2020-02-05,802.0,826.0,798
2020-02-06,804.0,824.0,782
2020-02-07,805.0,826.0,821
2020-02-08,805.0,825.0,807
2020-02-09,805.0,824.0,807
2020-02-10,803.0,825.0,829
2020-02-11,802.0,824.0,796
2020-02-12,801.0,822.0,791
2020-02-13,800.0,821.0,805
2020-02-14,800.0,820.0,817
2020-02-15,799.0,819.0,802
2020-02-16,798.0,817.0,803
2020-02-17,795.0,816.0,802
2020-02-18,793.0,814.0,784
2020-02-19,792.0,815.0,861
2020-02-20,791.0,814.0,784
2020-02-21,791.0,813.0,812
2020-02-22,790.0,811.0,797
2020-02-23,789.0,810.0,797
2020-02-24,787.0,811.0,868
2020-02-25,786.0,810.0,800
2020-02-26,786.0,810.0,843
2020-02-27,785.0,809.0,813
2020-02-28,786.0,809.0,820
2020-02-29,786.0,809.0,807
2020-03-01,786.0,808.0,807
2020-03-02,783.0,809.0,831
2020-03-03,781.0,807.0,747
2020-03-04,782.0,807.0,805
2020-03-05,784.0,808.0,805
2020-03-06,787.0,810.0,859
2020-03-07,789.0,812.0,843
2020-03-08,790.0,813.0,844
2020-03-09,790.0,814.0,853
2020-03-10,790.0,815.0,820
2020-03-11,788.0,815.0,834
2020-03-12,785.0,812.0,715
2020-03-13,784.0,810.0,727
2020-03-14,781.0,807.0,721
2020-03-15,778.0,804.0,721
2020-03-16,774.0,802.0,738
2020-03-17,771.0,799.0,714
2020-03-18,770.0,797.0,752
2020-03-19,770.0,798.0,800
2020-03-20,773.0,797.0,821
2020-03-21,774.0,798.0,813
2020-03-22,774.0,798.0,813
2020-03-23,773.0,797.0,786
2020-03-24,773.0,798.0,814
2020-03-25,773.0,796.0,821
2020-03-26,774.0,797.0,816
2020-03-27,774.0,796.0,823
2020-03-28,774.0,796.0,802
2020-03-29,774.0,795.0,802
2020-03-30,772.0,795.0,806
2020-03-31,771.0,794.0,771
2020-04-01,773.0,792.0,781
2020-04-02,774.0,793.0,780
2020-04-03,774.0,792.0,778
2020-04-04,773.0,791.0,774
2020-04-05,771.0,789.0,774
2020-04-06,766.0,787.0,782
2020-04-07,763.0,783.0,739
2020-04-08,761.0,779.0,740
2020-04-09,758.0,777.0,739
2020-04-10,759.0,773.0,741
2020-04-11,760.0,774.0,734
2020-04-12,761.0,774.0,733
2020-04-13,760.0,775.0,754
2020-04-14,757.0,775.0,712
2020-04-15,756.0,772.0,642
2020-04-16,753.0,769.0,641
2020-04-17,751.0,767.0,675
2020-04-18,747.0,762.0,668
2020-04-19,742.0,757.0,668
2020-04-20,737.0,754.0,698
2020-04-21,733.0,749.0,675
2020-04-22,730.0,745.0,678
2020-04-23,726.0,741.0,685
2020-04-24,722.0,736.0,677
2020-04-25,716.0,730.0,635
2020-04-26,710.0,724.0,635
2020-04-27,704.0,718.0,638
2020-04-28,698.0,714.0,661
2020-04-29,695.0,709.0,661
2020-04-30,691.0,705.0,666
2020-05-01,686.0,701.0,649
2020-05-02,682.0,696.0,643
2020-05-03,678.0,692.0,643
2020-05-04,669.0,688.0,645
2020-05-05,661.0,680.0,542
2020-05-06,656.0,673.0,559
2020-05-07,651.0,667.0,576
2020-05-08,645.0,662.0,573
2020-05-09,639.0,656.0,566
2020-05-10,634.0,650.0,565
2020-05-11,625.0,644.0,567
2020-05-12,616.0,636.0,476
2020-05-13,607.0,626.0,460
2020-05-14,601.0,617.0,446
2020-05-15,595.0,611.0,445
2020-05-16,588.0,604.0,442
2020-05-17,581.0,596.0,442
2020-05-18,573.0,589.0,443
2020-05-19,565.0,581.0,432
2020-05-20,556.0,571.0,416
2020-05-21,547.0,563.0,411
2020-05-22,538.0,553.0,404
2020-05-23,529.0,544.0,398
2020-05-24,521.0,535.0,398
2020-05-25,513.0,527.0,398
2020-05-26,504.0,518.0,384
2020-05-27,496.0,510.0,379
2020-05-28,488.0,500.0,378
2020-05-29,478.0,491.0,375
2020-05-30,469.0,481.0,373
2020-05-31,460.0,472.0,372
2020-06-01,451.0,463.0,372
2020-06-02,442.0,454.0,369
2020-06-03,437.0,444.0,366
2020-06-04,431.0,438.0,363
2020-06-05,424.0,432.0,361
2020-06-06,417.0,424.0,354
2020-06-07,410.0,417.0,354
2020-06-08,402.0,410.0,354
2020-06-09,395.0,403.0,346
2020-06-10,390.0,395.0,336
2020-06-11,386.0,390.0,335
2020-06-12,382.0,386.0,332
2020-06-13,378.0,382.0,331
2020-06-14,375.0,378.0,331
2020-06-15,371.0,375.0,331
2020-06-16,367.0,371.0,328
2020-06-17,363.0,367.0,328
2020-06-18,360.0,363.0,327
2020-06-19,358.0,360.0,325
2020-06-20,355.0,358.0,325
2020-06-21,352.0,355.0,324
2020-06-22,350.0,352.0,324
2020-06-23,347.0,350.0,324
2020-06-24,345.0,348.0,324
2020-06-25,344.0,345.0,323
2020-06-26,341.0,344.0,322
2020-06-27,339.0,341.0,311
2020-06-28,337.0,339.0,311
2020-06-29,335.0,337.0,312
2020-06-30,333.0,335.0,310
2020-07-01,330.0,333.0,302
2020-07-02,328.0,330.0,300
2020-07-03,325.0,328.0,298
2020-07-04,322.0,325.0,275
2020-07-05,320.0,322.0,274
2020-07-06,317.0,320.0,274
2020-07-07,314.0,317.0,273
2020-07-08,312.0,314.0,270
2020-07-09,309.0,312.0,266
2020-07-10,307.0,309.0,266
2020-07-11,305.0,307.0,265
2020-07-12,302.0,305.0,265
2020-07-13,300.0,302.0,265
2020-07-14,298.0,300.0,265
2020-07-15,296.0,298.0,262
2020-07-16,293.0,296.0,256
2020-07-17,291.0,294.0,267
2020-07-18,289.0,292.0,269
2020-07-19,287.0,290.0,270
2020-07-20,285.0,288.0,276
2020-07-21,282.0,286.0,251
2020-07-22,280.0,283.0,254
2020-07-23,277.0,281.0,256
2020-07-24,276.0,279.0,269
2020-07-25,274.0,278.0,271
2020-07-26,273.0,276.0,274
2020-07-27,271.0,275.0,276
2020-07-28,270.0,274.0,281
2020-07-29,269.0,273.0,281
2020-07-30,267.0,272.0,275
2020-07-31,264.0,269.0,231
2020-08-01,262.0,267.0,227
2020-08-02,260.0,264.0,227
2020-08-03,259.0,263.0,226
2020-08-04,257.0,261.0,225
2020-08-05,254.0,259.0,215
2020-08-06,252.0,257.0,197
2020-08-07,249.0,254.0,193
2020-08-08,247.0,252.0,206
2020-08-09,245.0,250.0,205
2020-08-10,243.0,248.0,205
2020-08-11,241.0,246.0,205
2020-08-12,239.0,244.0,203
2020-08-13,237.0,242.0,199
2020-08-14,235.0,240.0,198
2020-08-15,233.0,238.0,195
2020-08-16,230.0,235.0,195
2020-08-17,228.0,233.0,195
2020-08-18,225.0,230.0,195
2020-08-19,223.0,227.0,190
2020-08-20,221.0,225.0,190
2020-08-21,219.0,223.0,190
2020-08-22,217.0,221.0,186
2020-08-23,214.0,218.0,186
2020-08-24,211.0,215.0,186
2020-08-25,206.0,213.0,203
2020-08-26,201.0,208.0,136
2020-08-27,196.0,203.0,135
2020-08-28,192.0,200.0,170
2020-08-29,190.0,196.0,170
2020-08-30,189.0,195.0,186
2020-08-31,188.0,194.0,201
2020-09-01,188.0,194.0,227
2020-09-02,188.0,195.0,253
2020-09-03,190.0,196.0,264
2020-09-04,193.0,198.0,288
2020-09-05,196.0,201.0,288
2020-09-06,200.0,205.0,305
2020-09-07,204.0,209.0,318
2020-09-08,210.0,215.0,385
2020-09-09,216.0,222.0,407
2020-09-10,225.0,230.0,466
2020-09-11,234.0,239.0,469
2020-09-12,242.0,248.0,462
2020-09-13,251.0,257.0,462
2020-09-14,260.0,266.0,462
2020-09-15,268.0,274.0,454
2020-09-16,277.0,283.0,450
2020-09-17,285.0,291.0,439
2020-09-18,292.0,299.0,432
2020-09-19,300.0,307.0,423
2020-09-20,308.0,315.0,423
2020-09-21,316.0,322.0,423
2020-09-22,323.0,330.0,416
2020-09-23,329.0,337.0,397
2020-09-24,338.0,343.0,385
2020-09-25,346.0,351.0,372
2020-09-26,354.0,359.0,369
2020-09-27,361.0,366.0,369
2020-09-28,368.0,372.0,369
2020-09-29,374.0,378.0,371
2020-09-30,379.0,384.0,376
2020-10-01,383.0,388.0,350
2020-10-02,385.0,391.0,340
2020-10-03,387.0,393.0,316
2020-10-04,388.0,394.0,316
2020-10-05,389.0,395.0,316
2020-10-06,388.0,395.0,316
2020-10-07,385.0,393.0,266
2020-10-08,381.0,389.0,252
2020-10-09,375.0,383.0,243
2020-10-10,368.0,376.0,240
2020-10-11,360.0,368.0,240
2020-10-12,351.0,361.0,239
2020-10-13,341.0,351.0,168
2020-10-14,331.0,341.0,167
2020-10-15,322.0,332.0,165
2020-10-16,312.0,322.0,165
2020-10-17,303.0,313.0,159
2020-10-18,294.0,304.0,159
2020-10-19,285.0,295.0,159
2020-10-20,276.0,286.0,149
2020-10-21,266.0,276.0,142
2020-10-22,258.0,267.0,133
2020-10-23,249.0,258.0,132
2020-10-24,241.0,250.0,129
2020-10-25,233.0,241.0,129
2020-10-26,225.0,233.0,127
2020-10-27,216.0,225.0,123
2020-10-28,209.0,217.0,134
2020-10-29,200.0,209.0,132
2020-10-30,192.0,201.0,130
2020-10-31,185.0,193.0,117
2020-11-01,178.0,186.0,117
2020-11-02,172.0,179.0,117
2020-11-03,165.0,173.0,111
2020-11-04,158.0,166.0,110
2020-11-05,152.0,159.0,109
2020-11-06,147.0,153.0,106
2020-11-07,142.0,148.0,99
2020-11-08,138.0,144.0,99
2020-11-09,134.0,139.0,112
2020-11-10,130.0,136.0,141
2020-11-11,129.0,133.0,141
2020-11-12,129.0,133.0,168
2020-11-13,129.0,133.0,184
2020-11-14,130.0,134.0,191
2020-11-15,132.0,135.0,201
2020-11-16,133.0,137.0,221
2020-11-17,136.0,140.0,244
2020-11-18,138.0,143.0,245
2020-11-19,142.0,147.0,253
2020-11-20,146.0,151.0,264
2020-11-21,150.0,155.0,268
2020-11-22,155.0,160.0,266
2020-11-23,160.0,165.0,285
2020-11-24,165.0,171.0,302
2020-11-25,171.0,177.0,315
2020-11-26,178.0,183.0,319
2020-11-27,184.0,190.0,332
2020-11-28,190.0,196.0,327
2020-11-29,198.0,203.0,337
2020-11-30,205.0,211.0,345
2020-12-01,212.0,218.0,339
2020-12-02,218.0,225.0,320
2020-12-03,224.0,231.0,301
2020-12-04,230.0,237.0,288
2020-12-05,236.0,243.0,287
2020-12-06,243.0,249.0,287
2020-12-07,249.0,256.0,287
2020-12-08,255.0,262.0,287
2020-12-09,260.0,267.0,279
2020-12-10,264.0,272.0,263
2020-12-11,267.0,275.0,244
2020-12-12,269.0,277.0,232
2020-12-13,271.0,279.0,232
2020-12-14,272.0,280.0,232
2020-12-15,272.0,281.0,227
2020-12-16,271.0,280.0,198
2020-12-17,270.0,278.0,192
2020-12-18,268.0,276.0,186
2020-12-19,266.0,274.0,181
2020-12-20,264.0,271.0,180
2020-12-21,261.0,268.0,180
2020-12-22,257.0,265.0,176
2020-12-23,254.0,261.0,165
2020-12-24,249.0,257.0,164
2020-12-25,245.0,252.0,162
2020-12-26,239.0,246.0,162
2020-12-27,234.0,241.0,162
2020-12-28,229.0,235.0,162
2020-12-29,223.0,229.0,161
2020-12-30,215.0,223.0,158
2020-12-31,208.0,215.0,108
2021-01-01,202.0,208.0,103
2021-01-02,195.0,202.0,103
2021-01-03,189.0,195.0,103
2021-01-04,183.0,189.0,103
2021-01-05,177.0,183.0,100
2021-01-06,170.0,177.0,96
2021-01-07,165.0,171.0,118
2021-01-08,161.0,167.0,145
2021-01-09,158.0,163.0,160
2021-01-10,156.0,160.0,164
2021-01-11,154.0,159.0,179
2021-01-12,152.0,158.0,200
2021-01-13,152.0,157.0,216
2021-01-14,152.0,157.0,223
2021-01-15,154.0,159.0,256
2021-01-16,157.0,162.0,276
2021-01-17,160.0,165.0,281
2021-01-18,164.0,168.0,287
2021-01-19,167.0,172.0,294
2021-01-20,171.0,176.0,299
2021-01-21,176.0,181.0,326
2021-01-22,181.0,187.0,331
2021-01-23,187.0,192.0,322
2021-01-24,192.0,197.0,322
2021-01-25,197.0,203.0,322
2021-01-26,201.0,208.0,309
2021-01-27,206.0,212.0,291
2021-01-28,209.0,216.0,291
2021-01-29,213.0,219.0,249
2021-01-30,218.0,224.0,246
2021-01-31,223.0,229.0,246
2021-02-01,227.0,233.0,246
2021-02-02,231.0,238.0,233
2021-02-03,234.0,242.0,227
2021-02-04,237.0,245.0,199
2021-02-05,240.0,248.0,184
2021-02-06,242.0,250.0,173
2021-02-07,243.0,251.0,173
2021-02-08,244.0,251.0,173
2021-02-09,244.0,252.0,173
2021-02-10,243.0,251.0,173
2021-02-11,242.0,250.0,162
2021-02-12,240.0,248.0,153
2021-02-13,238.0,246.0,149
2021-02-14,235.0,242.0,148
2021-02-15,230.0,238.0,148
2021-02-16,226.0,233.0,148
2021-02-17,221.0,229.0,148
2021-02-18,217.0,224.0,148
2021-02-19,212.0,219.0,148
2021-02-20,206.0,213.0,146
2021-02-21,201.0,207.0,146
2021-02-22,195.0,201.0,145
2021-02-23,189.0,195.0,144
2021-02-24,183.0,189.0,142
2021-02-25,177.0,183.0,135
2021-02-26,171.0,177.0,126
2021-02-27,167.0,172.0,116
2021-02-28,163.0,167.0,116
2021-03-01,158.0,163.0,116
2021-03-02,154.0,158.0,114
2021-03-03,150.0,154.0,113
2021-03-04,145.0,150.0,102
2021-03-05,141.0,145.0,91
2021-03-06,138.0,141.0,86
2021-03-07,135.0,138.0,86
2021-03-08,132.0,135.0,86
2021-03-09,130.0,133.0,122
2021-03-10,128.0,132.0,119
2021-03-11,126.0,130.0,131
2021-03-12,125.0,129.0,136
2021-03-13,123.0,127.0,107
2021-03-14,122.0,126.0,107
2021-03-15,120.0,124.0,107
2021-03-16,119.0,123.0,122
2021-03-17,118.0,122.0,119
2021-03-18,117.0,121.0,116
2021-03-19,117.0,121.0,151
2021-03-20,117.0,121.0,141
2021-03-21,116.0,121.0,141
2021-03-22,116.0,121.0,141
2021-03-23,117.0,121.0,161
2021-03-24,117.0,122.0,158
2021-03-25,117.0,122.0,148
2021-03-26,118.0,123.0,177
2021-03-27,120.0,124.0,173
2021-03-28,122.0,126.0,173
2021-03-29,123.0,128.0,173
2021-03-30,125.0,129.0,163
2021-03-31,128.0,133.0,220
2021-04-01,132.0,137.0,235
2021-04-02,136.0,140.0,219
2021-04-03,140.0,144.0,216
2021-04-04,144.0,148.0,216
2021-04-05,148.0,153.0,216
2021-04-06,153.0,158.0,231
2021-04-07,157.0,162.0,227
2021-04-08,160.0,165.0,210
2021-04-09,164.0,169.0,236
2021-04-10,168.0,172.0,229
2021-04-11,172.0,175.0,225
2021-04-12,180.0,183.0,353
2021-04-13,187.0,191.0,347
2021-04-14,195.0,199.0,339
2021-04-15,202.0,206.0,332
2021-04-16,208.0,213.0,319
2021-04-17,214.0,219.0,302
2021-04-18,219.0,224.0,302
2021-04-19,224.0,229.0,302
2021-04-20,229.0,234.0,284
2021-04-21,233.0,239.0,279
2021-04-22,236.0,242.0,265
2021-04-23,240.0,246.0,259
2021-04-24,243.0,249.0,248
2021-04-25,245.0,251.0,245
2021-04-26,247.0,254.0,244
2021-04-27,249.0,256.0,233
2021-04-28,251.0,258.0,232
2021-04-29,252.0,259.0,215
2021-04-30,252.0,259.0,219
2021-05-01,252.0,258.0,207
2021-05-02,251.0,258.0,207
2021-05-03,251.0,258.0,207
2021-05-04,250.0,257.0,203
2021-05-05,249.0,256.0,190
2021-05-06,249.0,257.0,244
2021-05-07,252.0,259.0,288
2021-05-08,254.0,261.0,280
2021-05-09,256.0,263.0,279
2021-05-10,257.0,264.0,279
2021-05-11,259.0,266.0,276
2021-05-12,258.0,265.0,327
2021-05-13,256.0,264.0,317
2021-05-14,255.0,263.0,318
2021-05-15,254.0,262.0,303
2021-05-16,254.0,262.0,293
2021-05-17,254.0,261.0,293
2021-05-18,253.0,261.0,295
2021-05-19,252.0,260.0,277
2021-05-20,252.0,260.0,291
2021-05-21,252.0,261.0,290
2021-05-22,253.0,261.0,274
2021-05-23,254.0,262.0,274
2021-05-24,255.0,262.0,274
2021-05-25,255.0,263.0,272
2021-05-26,256.0,264.0,270
2021-05-27,256.0,265.0,253
2021-05-28,257.0,266.0,263
2021-05-29,259.0,267.0,250
2021-05-30,260.0,268.0,250
2021-05-31,262.0,270.0,250
2021-06-01,263.0,271.0,250
2021-06-02,265.0,272.0,250
2021-06-03,266.0,274.0,245
2021-06-04,270.0,277.0,291
2021-06-05,271.0,279.0,284
2021-06-06,271.0,278.0,284
2021-06-07,271.0,278.0,281
2021-06-08,271.0,278.0,277
2021-06-09,270.0,278.0,276
2021-06-10,269.0,277.0,248
2021-06-11,266.0,274.0,237
2021-06-12,264.0,271.0,224
2021-06-13,261.0,268.0,224
2021-06-14,263.0,270.0,353
2021-06-15,265.0,272.0,353
2021-06-16,270.0,277.0,446
2021-06-17,274.0,281.0,423
2021-06-18,277.0,286.0,420
2021-06-19,279.0,287.0,334
2021-06-20,277.0,289.0,334
2021-06-21,276.0,287.0,231
2021-06-22,276.0,288.0,297
2021-06-23,278.0,290.0,337
2021-06-24,279.0,292.0,332
2021-06-25,282.0,295.0,343
2021-06-26,285.0,298.0,340
2021-06-27,288.0,300.0,339
2021-06-28,294.0,306.0,428
2021-06-29,299.0,312.0,425
2021-06-30,305.0,317.0,417
2021-07-01,310.0,325.0,463
2021-07-02,317.0,332.0,486
2021-07-03,325.0,340.0,465
2021-07-04,331.0,346.0,465
2021-07-05,337.0,352.0,465
2021-07-06,342.0,358.0,465
2021-07-07,348.0,363.0,451
2021-07-08,352.0,368.0,432
2021-07-09,357.0,373.0,412
2021-07-10,362.0,378.0,392
2021-07-11,368.0,383.0,392
2021-07-12,373.0,389.0,392
2021-07-13,378.0,394.0,385
2021-07-14,379.0,395.0,380
2021-07-15,379.0,395.0,365
2021-07-16,376.0,392.0,354
2021-07-17,376.0,392.0,409
2021-07-18,378.0,391.0,409
2021-07-19,381.0,394.0,409
2021-07-20,386.0,396.0,406
2021-07-21,392.0,402.0,394
2021-07-22,394.0,405.0,403
2021-07-23,396.0,407.0,384
2021-07-24,398.0,408.0,364
2021-07-25,399.0,408.0,364
2021-07-26,400.0,409.0,364
2021-07-27,400.0,410.0,359
2021-07-28,397.0,407.0,347
2021-07-29,393.0,404.0,313
2021-07-30,389.0,401.0,331
2021-07-31,385.0,395.0,286
2021-08-01,379.0,388.0,286
2021-08-02,379.0,389.0,478
2021-08-03,378.0,389.0,478
2021-08-04,375.0,388.0,441
2021-08-05,370.0,385.0,381
2021-08-06,367.0,383.0,378
2021-08-07,366.0,382.0,403
2021-08-08,364.0,380.0,357
2021-08-09,363.0,379.0,357
2021-08-10,361.0,377.0,343
2021-08-11,358.0,376.0,354
2021-08-12,354.0,373.0,288
2021-08-13,351.0,369.0,273
2021-08-14,350.0,369.0,358
2021-08-15,349.0,368.0,320
2021-08-16,346.0,365.0,320
2021-08-17,342.0,362.0,319
2021-08-18,338.0,360.0,337
2021-08-19,337.0,358.0,353
2021-08-20,333.0,356.0,341
2021-08-21,329.0,351.0,267
2021-08-22,325.0,347.0,260
2021-08-23,324.0,346.0,327
2021-08-24,325.0,348.0,423
2021-08-25,328.0,351.0,449
2021-08-26,331.0,355.0,494
2021-08-27,333.0,358.0,438
2021-08-28,336.0,361.0,381
2021-08-29,339.0,362.0,381
2021-08-30,343.0,367.0,418
2021-08-31,347.0,371.0,410
2021-09-01,344.0,368.0,401
2021-09-02,340.0,365.0,387
2021-09-03,338.0,361.0,324
2021-09-04,341.0,363.0,423
2021-09-05,341.0,363.0,377
2021-09-06,342.0,362.0,377
2021-09-07,343.0,363.0,377
2021-09-08,343.0,363.0,377
2021-09-09,343.0,364.0,364
2021-09-10,342.0,363.0,339
2021-09-11,342.0,363.0,265
2021-09-12,346.0,366.0,377
2021-09-13,348.0,367.0,380
2021-09-14,349.0,368.0,369
2021-09-15,351.0,370.0,366
2021-09-16,348.0,371.0,354
2021-09-17,344.0,367.0,211
2021-09-18,340.0,363.0,227
2021-09-19,339.0,359.0,226
2021-09-20,340.0,361.0,326
2021-09-21,342.0,363.0,317
2021-09-22,343.0,364.0,365
2021-09-23,340.0,364.0,411
2021-09-24,336.0,360.0,325
2021-09-25,332.0,354.0,312
2021-09-26,330.0,349.0,312
2021-09-27,327.0,347.0,312
2021-09-28,324.0,344.0,298
2021-09-29,319.0,340.0,284
2021-09-30,315.0,338.0,368
2021-10-01,311.0,334.0,284
2021-10-02,310.0,331.0,279
2021-10-03,309.0,329.0,279
2021-10-04,305.0,325.0,278
2021-10-05,302.0,321.0,278
2021-10-06,298.0,318.0,272
2021-10-07,293.0,314.0,278
2021-10-08,288.0,309.0,227
2021-10-09,283.0,304.0,208
2021-10-10,281.0,300.0,207
2021-10-11,279.0,298.0,207
2021-10-12,276.0,294.0,264
2021-10-13,274.0,293.0,332
2021-10-14,270.0,291.0,314
2021-10-15,267.0,287.0,260
2021-10-16,269.0,285.0,285
2021-10-17,272.0,287.0,277
2021-10-18,272.0,289.0,279
2021-10-19,271.0,289.0,218
2021-10-20,267.0,285.0,210
2021-10-21,262.0,281.0,193
2021-10-22,260.0,278.0,281
2021-10-23,258.0,273.0,279
2021-10-24,257.0,272.0,280
2021-10-25,258.0,273.0,350
2021-10-26,260.0,275.0,379
2021-10-27,262.0,277.0,365
2021-10-28,261.0,279.0,352
2021-10-29,262.0,279.0,301
2021-10-30,262.0,277.0,299
2021-10-31,263.0,278.0,299
2021-11-01,263.0,278.0,299
2021-11-02,267.0,282.0,397
2021-11-03,270.0,285.0,374
2021-11-04,270.0,289.0,372
2021-11-05,271.0,289.0,293
2021-11-06,277.0,293.0,380
2021-11-07,282.0,298.0,380
2021-11-08,286.0,304.0,380
2021-11-09,290.0,308.0,333
2021-11-10,291.0,312.0,327
2021-11-11,290.0,311.0,232
2021-11-12,286.0,307.0,214
2021-11-13,284.0,303.0,210
2021-11-14,285.0,304.0,277
2021-11-15,289.0,307.0,374
2021-11-16,295.0,313.0,470
2021-11-17,298.0,319.0,457
2021-11-18,300.0,322.0,309
2021-11-19,304.0,325.0,292
2021-11-20,308.0,328.0,287
2021-11-21,308.0,328.0,283
2021-11-22,304.0,328.0,283
2021-11-23,300.0,324.0,160
2021-11-24,293.0,318.0,154
2021-11-25,286.0,310.0,150
2021-11-26,279.0,303.0,150
2021-11-27,276.0,296.0,150
2021-11-28,271.0,291.0,150
2021-11-29,266.0,286.0,150
2021-11-30,261.0,281.0,149
2021-12-01,255.0,276.0,139
2021-12-02,248.0,269.0,199
2021-12-03,244.0,264.0,230
2021-12-04,241.0,260.0,226
2021-12-05,242.0,260.0,310
2021-12-06,240.0,258.0,310
2021-12-07,233.0,257.0,343
2021-12-08,228.0,252.0,231
2021-12-09,223.0,247.0,189
2021-12-10,223.0,244.0,251
2021-12-11,224.0,245.0,248
2021-12-12,225.0,246.0,248
2021-12-13,225.0,247.0,229
2021-12-14,223.0,245.0,219
2021-12-15,213.0,239.0,197
2021-12-16,200.0,226.0,80
2021-12-17,196.0,218.0,209
2021-12-18,192.0,213.0,176
2021-12-19,188.0,209.0,176
2021-12-20,184.0,206.0,176
2021-12-21,180.0,202.0,166
2021-12-22,179.0,198.0,161
2021-12-23,180.0,199.0,205
2021-12-24,182.0,200.0,197
2021-12-25,184.0,202.0,197
2021-12-26,185.0,204.0,197
2021-12-27,187.0,208.0,279
2021-12-28,189.0,210.0,210
2021-12-29,191.0,215.0,304
2021-12-30,191.0,217.0,220
2021-12-31,196.0,221.0,246
2022-01-01,198.0,223.0,246
2022-01-02,198.0,223.0,246
2022-01-03,199.0,224.0,246
2022-01-04,197.0,222.0,245
2022-01-05,192.0,219.0,241
2022-01-06,189.0,214.0,180
2022-01-07,184.0,208.0,70
2022-01-08,180.0,204.0,49
2022-01-09,178.0,201.0,167
2022-01-10,178.0,201.0,258
2022-01-11,179.0,202.0,256
2022-01-12,180.0,202.0,253
2022-01-13,182.0,203.0,251
2022-01-14,187.0,205.0,251
2022-01-15,196.0,214.0,345
2022-01-16,201.0,219.0,342
2022-01-17,206.0,224.0,340
2022-01-18,211.0,229.0,323
2022-01-19,215.0,234.0,318
2022-01-20,219.0,238.0,286
2022-01-21,223.0,242.0,277
2022-01-22,228.0,246.0,343
2022-01-23,233.0,251.0,341
2022-01-24,237.0,256.0,341
2022-01-25,241.0,260.0,337
2022-01-26,246.0,263.0,366
2022-01-27,249.0,268.0,341
2022-01-28,251.0,268.0,303
2022-01-29,258.0,272.0,346
2022-01-30,260.0,275.0,346
2022-01-31,262.0,278.0,317
2022-02-01,263.0,279.0,285
2022-02-02,263.0,280.0,284
2022-02-03,264.0,282.0,308
2022-02-04,268.0,283.0,278
2022-02-05,275.0,287.0,277
2022-02-06,282.0,294.0,277
2022-02-07,292.0,303.0,340
2022-02-08,296.0,309.0,330
2022-02-09,300.0,312.0,371
2022-02-10,304.0,316.0,363
2022-02-11,306.0,320.0,361
2022-02-12,309.0,322.0,331
2022-02-13,311.0,324.0,318
2022-02-14,310.0,324.0,318
2022-02-15,309.0,323.0,317
2022-02-16,308.0,322.0,307
2022-02-17,307.0,321.0,304
2022-02-18,306.0,319.0,271
2022-02-19,305.0,318.0,256
2022-02-20,309.0,321.0,352
2022-02-21,309.0,321.0,350
2022-02-22,309.0,322.0,350
2022-02-23,308.0,321.0,328
2022-02-24,310.0,323.0,405
2022-02-25,312.0,324.0,387
2022-02-26,314.0,326.0,385
2022-02-27,317.0,328.0,370
2022-02-28,318.0,329.0,389
2022-03-01,319.0,330.0,379
2022-03-02,322.0,333.0,395
2022-03-03,325.0,336.0,368
2022-03-04,327.0,338.0,357
2022-03-05,328.0,339.0,325
2022-03-06,329.0,340.0,309
2022-03-07,331.0,341.0,330
2022-03-08,332.0,343.0,329
2022-03-09,330.0,342.0,309
2022-03-10,331.0,342.0,330
2022-03-11,328.0,340.0,317
2022-03-12,328.0,339.0,336
2022-03-13,329.0,340.0,374
2022-03-14,331.0,342.0,388
2022-03-15,333.0,344.0,386
2022-03-16,335.0,346.0,374
2022-03-17,340.0,351.0,478
2022-03-18,345.0,356.0,461
2022-03-19,350.0,361.0,455
2022-03-20,356.0,367.0,443
2022-03-21,364.0,374.0,475
2022-03-22,369.0,380.0,520
2022-03-23,373.0,386.0,513
2022-03-24,380.0,391.0,523
2022-03-25,386.0,398.0,516
2022-03-26,390.0,401.0,515
2022-03-27,394.0,405.0,503
2022-03-28,397.0,409.0,500
2022-03-29,401.0,413.0,501
2022-03-30,403.0,417.0,489
2022-03-31,407.0,419.0,465
2022-04-01,409.0,421.0,454
2022-04-02,413.0,425.0,483
2022-04-03,418.0,429.0,477
2022-04-04,423.0,434.0,477
2022-04-05,428.0,439.0,455
2022-04-06,433.0,445.0,495
2022-04-07,442.0,453.0,588
2022-04-08,451.0,462.0,579
2022-04-09,459.0,470.0,566
2022-04-10,468.0,478.0,564
2022-04-11,476.0,486.0,565
2022-04-12,482.0,492.0,564
2022-04-13,488.0,498.0,560
2022-04-14,495.0,505.0,595
2022-04-15,500.0,512.0,590
2022-04-16,502.0,514.0,517
2022-04-17,504.0,515.0,505
2022-04-18,505.0,517.0,505
2022-04-19,506.0,518.0,481
2022-04-20,506.0,519.0,508
2022-04-21,506.0,518.0,496
2022-04-22,505.0,518.0,490
2022-04-23,503.0,516.0,464
2022-04-24,500.0,513.0,450
2022-04-25,499.0,511.0,450
2022-04-26,496.0,509.0,445
2022-04-27,499.0,511.0,539
2022-04-28,502.0,513.0,584
2022-04-29,506.0,516.0,579
2022-04-30,510.0,520.0,575
2022-05-01,514.0,524.0,574
2022-05-02,517.0,527.0,574
2022-05-03,520.0,530.0,566
2022-05-04,523.0,533.0,555
2022-05-05,526.0,536.0,552
2022-05-06,528.0,537.0,544
2022-05-07,526.0,536.0,534
2022-05-08,525.0,534.0,534
2022-05-09,524.0,533.0,534
2022-05-10,523.0,532.0,531
2022-05-11,521.0,531.0,527
2022-05-12,521.0,530.0,551
2022-05-13,520.0,530.0,544
2022-05-14,518.0,528.0,533
2022-05-15,519.0,526.0,533
2022-05-16,518.0,526.0,533
2022-05-17,518.0,526.0,498
2022-05-18,518.0,526.0,492
2022-05-19,519.0,526.0,484
2022-05-20,521.0,529.0,601
2022-05-21,524.0,532.0,578
2022-05-22,528.0,535.0,578
2022-05-23,532.0,538.0,578
2022-05-24,536.0,542.0,572
2022-05-25,539.0,546.0,569
2022-05-26,543.0,551.0,570
2022-05-27,544.0,551.0,555
2022-05-28,543.0,550.0,552
2022-05-29,542.0,549.0,551
2022-05-30,541.0,548.0,551
2022-05-31,540.0,547.0,550
2022-06-01,540.0,547.0,547
2022-06-02,539.0,546.0,545
2022-06-03,538.0,545.0,538
2022-06-04,539.0,546.0,572
2022-06-05,540.0,547.0,570
2022-06-06,541.0,548.0,570
2022-06-07,542.0,549.0,563
2022-06-08,543.0,550.0,572
2022-06-09,544.0,551.0,563
2022-06-10,545.0,552.0,559
2022-06-11,547.0,554.0,595
2022-06-12,549.0,556.0,595
2022-06-13,550.0,558.0,595
2022-06-14,551.0,559.0,574
2022-06-15,553.0,560.0,562
2022-06-16,553.0,562.0,546
2022-06-17,554.0,562.0,515
2022-06-18,554.0,563.0,493
2022-06-19,550.0,558.0,474
2022-06-20,547.0,555.0,472
2022-06-21,543.0,552.0,483
2022-06-22,540.0,548.0,479
2022-06-23,537.0,546.0,489
2022-06-24,534.0,543.0,481
2022-06-25,530.0,539.0,450
2022-06-26,524.0,535.0,452
2022-06-27,520.0,531.0,431
2022-06-28,516.0,527.0,429
2022-06-29,512.0,523.0,427
2022-06-30,506.0,519.0,424
2022-07-01,502.0,514.0,417
2022-07-02,498.0,510.0,421
2022-07-03,494.0,506.0,421
2022-07-04,489.0,501.0,421
2022-07-05,484.0,496.0,421
2022-07-06,478.0,491.0,415
2022-07-07,473.0,486.0,412
2022-07-08,468.0,481.0,402
2022-07-09,462.0,475.0,393
2022-07-10,456.0,469.0,377
2022-07-11,448.0,462.0,377
2022-07-12,440.0,454.0,363
2022-07-13,432.0,446.0,355
2022-07-14,425.0,439.0,355
2022-07-15,418.0,431.0,345
2022-07-16,414.0,426.0,391
2022-07-17,411.0,422.0,386
2022-07-18,407.0,418.0,386
2022-07-19,404.0,415.0,380
2022-07-20,401.0,412.0,372
2022-07-21,398.0,409.0,410
2022-07-22,395.0,407.0,402
2022-07-23,391.0,403.0,379
2022-07-24,389.0,400.0,371
2022-07-25,386.0,397.0,366
2022-07-26,385.0,394.0,364
2022-07-27,383.0,392.0,371
2022-07-28,382.0,390.0,387
2022-07-29,381.0,390.0,429
2022-07-30,382.0,390.0,411
2022-07-31,381.0,390.0,405
2022-08-01,380.0,388.0,381
2022-08-02,378.0,387.0,377
2022-08-03,376.0,385.0,373
2022-08-04,375.0,385.0,413
2022-08-05,375.0,384.0,388
2022-08-06,374.0,383.0,385
2022-08-07,374.0,382.0,381
2022-08-08,374.0,382.0,376
2022-08-09,373.0,382.0,373
2022-08-10,374.0,382.0,371
2022-08-11,376.0,384.0,430
2022-08-12,378.0,386.0,418
2022-08-13,382.0,389.0,456
2022-08-14,386.0,394.0,486
2022-08-15,390.0,397.0,486
2022-08-16,394.0,402.0,535
2022-08-17,400.0,408.0,549
2022-08-18,406.0,414.0,560
2022-08-19,412.0,420.0,557
2022-08-20,416.0,424.0,538
2022-08-21,421.0,428.0,536
2022-08-22,425.0,434.0,535
2022-08-23,429.0,437.0,487
2022-08-24,433.0,441.0,482
2022-08-25,437.0,446.0,503
2022-08-26,440.0,449.0,475
2022-08-27,443.0,453.0,485
2022-08-28,445.0,454.0,471
2022-08-29,447.0,456.0,471
2022-08-30,450.0,459.0,488
2022-08-31,454.0,462.0,485
2022-09-01,457.0,467.0,503
2022-09-02,461.0,471.0,494
2022-09-03,464.0,473.0,488
2022-09-04,467.0,476.0,468
2022-09-05,469.0,478.0,468
2022-09-06,472.0,481.0,468
2022-09-07,475.0,484.0,464
2022-09-08,478.0,488.0,475
2022-09-09,480.0,490.0,435
2022-09-10,480.0,490.0,432
2022-09-11,480.0,490.0,431
2022-09-12,479.0,490.0,430
2022-09-13,477.0,488.0,430
2022-09-14,475.0,486.0,430
2022-09-15,471.0,482.0,421
2022-09-16,466.0,478.0,418
2022-09-17,461.0,472.0,392
2022-09-18,454.0,466.0,392
2022-09-19,448.0,460.0,348
2022-09-20,442.0,454.0,347
2022-09-21,436.0,448.0,356
2022-09-22,431.0,443.0,336
2022-09-23,426.0,438.0,326
2022-09-24,420.0,432.0,320
2022-09-25,415.0,426.0,312
2022-09-26,411.0,422.0,356
2022-09-27,408.0,418.0,364
2022-09-28,405.0,416.0,389
2022-09-29,401.0,412.0,380
2022-09-30,397.0,408.0,368
2022-10-01,393.0,403.0,359
2022-10-02,388.0,399.0,353
2022-10-03,384.0,394.0,347
2022-10-04,380.0,390.0,347
2022-10-05,376.0,386.0,365
2022-10-06,374.0,384.0,396
2022-10-07,371.0,382.0,394
2022-10-08,369.0,379.0,385
2022-10-09,367.0,377.0,380
2022-10-10,364.0,375.0,366
2022-10-11,365.0,374.0,412
2022-10-12,364.0,373.0,409
2022-10-13,362.0,372.0,393
2022-10-14,360.0,371.0,403
2022-10-15,360.0,371.0,416
2022-10-16,364.0,373.0,492
2022-10-17,367.0,377.0,491
2022-10-18,372.0,381.0,523
2022-10-19,378.0,387.0,517
2022-10-20,384.0,393.0,538
2022-10-21,391.0,401.0,583
2022-10-22,399.0,408.0,544
2022-10-23,406.0,415.0,544
2022-10-24,413.0,422.0,541
2022-10-25,423.0,432.0,597
2022-10-26,430.0,440.0,595
2022-10-27,437.0,447.0,582
2022-10-28,444.0,453.0,570
2022-10-29,450.0,459.0,568
2022-10-30,457.0,466.0,568
2022-10-31,464.0,473.0,562
2022-11-01,470.0,479.0,553
2022-11-02,477.0,486.0,547
2022-11-03,485.0,494.0,601
2022-11-04,493.0,502.0,600
2022-11-05,498.0,508.0,567
2022-11-06,505.0,514.0,588
2022-11-07,512.0,521.0,584
2022-11-08,520.0,529.0,619
2022-11-09,527.0,537.0,609
2022-11-10,532.0,543.0,583
2022-11-11,537.0,548.0,548
2022-11-12,542.0,552.0,540
2022-11-13,548.0,557.0,539
2022-11-14,551.0,561.0,540
2022-11-15,553.0,562.0,534
2022-11-16,551.0,564.0,523
2022-11-17,547.0,560.0,422
2022-11-18,543.0,557.0,415
2022-11-19,538.0,552.0,383
2022-11-20,533.0,545.0,390
2022-11-21,528.0,541.0,405
2022-11-22,522.0,536.0,401
2022-11-23,517.0,531.0,398
2022-11-24,510.0,524.0,377
2022-11-25,503.0,516.0,377
2022-11-26,496.0,509.0,370
2022-11-27,489.0,503.0,369
2022-11-28,482.0,495.0,352
2022-11-29,475.0,489.0,367
2022-11-30,468.0,482.0,364
2022-12-01,462.0,476.0,354
2022-12-02,456.0,469.0,363
2022-12-03,447.0,461.0,354
2022-12-04,440.0,453.0,353
2022-12-05,432.0,446.0,353
2022-12-06,423.0,437.0,322
2022-12-07,412.0,427.0,291
2022-12-08,401.0,416.0,285
2022-12-09,391.0,405.0,272
2022-12-10,383.0,396.0,328
2022-12-11,376.0,389.0,328
2022-12-12,369.0,382.0,328
2022-12-13,364.0,377.0,394
2022-12-14,361.0,374.0,444
2022-12-15,356.0,371.0,440
2022-12-16,351.0,365.0,363
2022-12-17,347.0,361.0,291
2022-12-18,344.0,357.0,289
2022-12-19,341.0,354.0,303
2022-12-20,338.0,351.0,301
2022-12-21,334.0,348.0,296
2022-12-22,330.0,343.0,273
2022-12-23,329.0,342.0,351
2022-12-24,331.0,343.0,416
2022-12-25,334.0,346.0,459
2022-12-26,338.0,350.0,501
2022-12-27,341.0,356.0,547
2022-12-28,345.0,360.0,484
2022-12-29,349.0,364.0,466
2022-12-30,350.0,367.0,462
2022-12-31,353.0,370.0,443
2023-01-01,357.0,374.0,486
2023-01-02,363.0,380.0,529
2023-01-03,368.0,385.0,519
2023-01-04,375.0,392.0,554
2023-01-05,382.0,399.0,536
2023-01-06,390.0,406.0,507
2023-01-07,396.0,413.0,486
2023-01-08,403.0,420.0,481
2023-01-09,409.0,427.0,529
2023-01-10,416.0,435.0,559
2023-01-11,422.0,441.0,535
2023-01-12,427.0,447.0,574
2023-01-13,430.0,451.0,545
2023-01-14,435.0,454.0,533
2023-01-15,442.0,459.0,506
2023-01-16,449.0,466.0,504
2023-01-17,456.0,473.0,503
2023-01-18,461.0,479.0,477
2023-01-19,468.0,486.0,513
2023-01-20,475.0,492.0,496
2023-01-21,482.0,499.0,483
2023-01-22,489.0,506.0,548
2023-01-23,496.0,514.0,642
2023-01-24,501.0,519.0,626
2023-01-25,504.0,523.0,610
2023-01-26,508.0,524.0,599
2023-01-27,511.0,528.0,575
2023-01-28,513.0,530.0,539
2023-01-29,519.0,533.0,559
2023-01-30,522.0,537.0,558
2023-01-31,522.0,539.0,536
2023-02-01,520.0,538.0,498
2023-02-02,518.0,536.0,460
2023-02-03,513.0,532.0,448
2023-02-04,510.0,528.0,408
2023-02-05,508.0,525.0,426
2023-02-06,507.0,524.0,449
2023-02-07,507.0,524.0,492
2023-02-08,509.0,526.0,581
2023-02-09,511.0,529.0,649
2023-02-10,515.0,533.0,648
2023-02-11,519.0,536.0,658
2023-02-12,524.0,541.0,699
2023-02-13,530.0,546.0,696
2023-02-14,536.0,552.0,693
2023-02-15,541.0,558.0,678
2023-02-16,548.0,564.0,665
2023-02-17,554.0,571.0,696
2023-02-18,561.0,578.0,718
2023-02-19,568.0,585.0,706
2023-02-20,575.0,592.0,693
2023-02-21,578.0,596.0,689
2023-02-22,580.0,598.0,688
2023-02-23,583.0,601.0,717
2023-02-24,586.0,606.0,752
2023-02-25,592.0,611.0,746
2023-02-26,600.0,618.0,786
2023-02-27,607.0,626.0,774
2023-02-28,614.0,632.0,767
2023-03-01,621.0,639.0,760
2023-03-02,630.0,647.0,784
2023-03-03,640.0,656.0,759
2023-03-04,649.0,666.0,751
2023-03-05,659.0,674.0,707
2023-03-06,671.0,687.0,784
2023-03-07,681.0,698.0,761
2023-03-08,690.0,707.0,715
2023-03-09,700.0,717.0,792
2023-03-10,705.0,724.0,775
2023-03-11,710.0,727.0,753
2023-03-12,714.0,731.0,754
2023-03-13,716.0,733.0,746
2023-03-14,717.0,734.0,728
2023-03-15,718.0,735.0,725
2023-03-16,719.0,737.0,744
2023-03-17,721.0,740.0,765
2023-03-18,723.0,743.0,745
2023-03-19,726.0,744.0,749
2023-03-20,726.0,745.0,749
2023-03-21,727.0,746.0,723
2023-03-22,727.0,747.0,733
2023-03-23,730.0,749.0,745
2023-03-24,732.0,751.0,749
2023-03-25,733.0,753.0,755
2023-03-26,735.0,753.0,763
2023-03-27,735.0,754.0,773
2023-03-28,733.0,752.0,729
2023-03-29,732.0,751.0,757
2023-03-30,730.0,751.0,750
2023-03-31,726.0,748.0,678
2023-04-01,722.0,743.0,644
2023-04-02,718.0,739.0,640
2023-04-03,715.0,736.0,640
2023-04-04,712.0,734.0,651
2023-04-05,708.0,730.0,671
2023-04-06,706.0,728.0,696
2023-04-07,704.0,726.0,672
2023-04-08,700.0,723.0,676
2023-04-09,698.0,719.0,671
2023-04-10,696.0,717.0,694
2023-04-11,693.0,714.0,668
2023-04-12,690.0,711.0,649
2023-04-13,686.0,708.0,643
2023-04-14,681.0,704.0,592
2023-04-15,675.0,698.0,580
2023-04-16,669.0,691.0,544
2023-04-17,663.0,685.0,577
2023-04-18,655.0,679.0,552
2023-04-19,648.0,671.0,514
2023-04-20,640.0,664.0,500
2023-04-21,631.0,655.0,472
2023-04-22,623.0,646.0,479
2023-04-23,614.0,637.0,468
2023-04-24,605.0,627.0,468
2023-04-25,596.0,620.0,556
2023-04-26,589.0,612.0,542
2023-04-27,581.0,607.0,554
2023-04-28,569.0,598.0,490
2023-04-29,558.0,585.0,370
2023-04-30,548.0,574.0,349
2023-05-01,537.0,564.0,346
2023-05-02,523.0,553.0,306
2023-05-03,509.0,539.0,218
2023-05-04,493.0,524.0,198
2023-05-05,475.0,506.0,137
2023-05-06,456.0,486.0,99
2023-05-07,439.0,468.0,140
2023-05-08,422.0,451.0,140
2023-05-09,404.0,433.0,136
2023-05-10,386.0,415.0,165
2023-05-11,371.0,400.0,212
2023-05-12,357.0,386.0,231
2023-05-13,346.0,373.0,256
2023-05-14,335.0,362.0,249
2023-05-15,324.0,350.0,243
2023-05-16,317.0,342.0,303
2023-05-17,308.0,333.0,303
2023-05-18,303.0,328.0,403
2023-05-19,298.0,323.0,367
2023-05-20,293.0,318.0,340
2023-05-21,292.0,316.0,417
2023-05-22,290.0,314.0,404
2023-05-23,289.0,313.0,451
2023-05-24,290.0,314.0,510
2023-05-25,290.0,314.0,533
2023-05-26,292.0,317.0,633
2023-05-27,294.0,317.0,574
2023-05-28,302.0,322.0,634
2023-05-29,314.0,333.0,687
2023-05-30,324.0,344.0,680
2023-05-31,340.0,358.0,768
2023-06-01,359.0,374.0,795
2023-06-02,381.0,396.0,860
2023-06-03,404.0,418.0,860
2023-06-04,428.0,441.0,827
2023-06-05,452.0,465.0,827
2023-06-06,474.0,487.0,800
2023-06-07,495.0,509.0,798
2023-06-08,517.0,530.0,780
2023-06-09,537.0,551.0,774
2023-06-10,554.0,569.0,750
2023-06-11,571.0,585.0,722
2023-06-12,586.0,600.0,722
2023-06-13,602.0,616.0,712
2023-06-14,616.0,632.0,711
2023-06-15,631.0,646.0,752
2023-06-16,644.0,661.0,731
2023-06-17,654.0,671.0,709
2023-06-18,664.0,681.0,657
2023-06-19,675.0,691.0,657
2023-06-20,684.0,701.0,700
2023-06-21,690.0,710.0,671
2023-06-22,695.0,714.0,582
2023-06-23,700.0,719.0,669
2023-06-24,704.0,724.0,664
2023-06-25,707.0,725.0,691
2023-06-26,710.0,730.0,706
2023-06-27,711.0,731.0,682
2023-06-28,714.0,734.0,759
2023-06-29,718.0,740.0,851
2023-06-30,718.0,740.0,796
2023-07-01,719.0,741.0,823
2023-07-02,719.0,742.0,883
2023-07-03,719.0,743.0,883
2023-07-04,722.0,746.0,922
2023-07-05,728.0,752.0,994
2023-07-06,732.0,758.0,982
2023-07-07,737.0,762.0,939
2023-07-08,742.0,767.0,922
2023-07-09,746.0,773.0,952
2023-07-10,752.0,778.0,898
2023-07-11,759.0,785.0,941
2023-07-12,766.0,792.0,929
2023-07-13,773.0,800.0,954
2023-07-14,780.0,807.0,920
2023-07-15,786.0,812.0,901
2023-07-16,791.0,818.0,901
2023-07-17,797.0,823.0,866
2023-07-18,802.0,829.0,818
2023-07-19,806.0,834.0,810
2023-07-20,812.0,840.0,877
2023-07-21,821.0,846.0,866
2023-07-22,830.0,855.0,855
2023-07-23,835.0,861.0,833
2023-07-24,840.0,866.0,820
2023-07-25,842.0,868.0,755
2023-07-26,845.0,869.0,737
2023-07-27,848.0,873.0,795
2023-07-28,848.0,873.0,769
2023-07-29,847.0,871.0,793
2023-07-30,846.0,871.0,779
2023-07-31,844.0,868.0,757
2023-08-01,839.0,864.0,755
2023-08-02,834.0,858.0,703
2023-08-03,824.0,850.0,667
2023-08-04,812.0,838.0,633
2023-08-05,801.0,825.0,613
2023-08-06,789.0,814.0,594
2023-08-07,775.0,801.0,552
2023-08-08,762.0,787.0,509
2023-08-09,748.0,773.0,491
2023-08-10,734.0,761.0,568
2023-08-11,724.0,751.0,630
2023-08-12,713.0,740.0,621
2023-08-13,707.0,733.0,709
2023-08-14,699.0,726.0,709
2023-08-15,692.0,718.0,655
2023-08-16,686.0,712.0,683
2023-08-17,680.0,710.0,760
2023-08-18,675.0,704.0,631
2023-08-19,667.0,695.0,616
2023-08-20,658.0,687.0,607
2023-08-21,648.0,678.0,597
2023-08-22,638.0,668.0,541
2023-08-23,630.0,658.0,524
2023-08-24,625.0,654.0,615
2023-08-25,622.0,650.0,637
2023-08-26,616.0,644.0,596
2023-08-27,610.0,638.0,596
2023-08-28,604.0,633.0,646
2023-08-29,597.0,627.0,583
2023-08-30,591.0,620.0,566
2023-08-31,589.0,618.0,673
2023-09-01,591.0,619.0,755
2023-09-02,595.0,622.0,763
2023-09-03,603.0,630.0,852
2023-09-04,612.0,639.0,898
2023-09-05,625.0,651.0,938
2023-09-06,640.0,665.0,982
2023-09-07,655.0,680.0,957
2023-09-08,669.0,695.0,930
2023-09-09,682.0,706.0,921
2023-09-10,692.0,717.0,950
2023-09-11,704.0,727.0,930
2023-09-12,712.0,736.0,966
2023-09-13,721.0,744.0,952
2023-09-14,728.0,753.0,929
2023-09-15,735.0,759.0,873
2023-09-16,744.0,765.0,913
2023-09-17,754.0,774.0,912
2023-09-18,764.0,784.0,912
2023-09-19,773.0,793.0,887
2023-09-20,783.0,802.0,867
2023-09-21,795.0,814.0,896
2023-09-22,807.0,826.0,881
2023-09-23,815.0,834.0,855
2023-09-24,821.0,840.0,825
2023-09-25,828.0,847.0,801
2023-09-26,835.0,854.0,806
2023-09-27,841.0,859.0,786
2023-09-28,851.0,868.0,877
2023-09-29,864.0,882.0,962
2023-09-30,874.0,891.0,952
2023-10-01,881.0,898.0,958
2023-10-02,887.0,904.0,938
2023-10-03,889.0,906.0,930
2023-10-04,892.0,908.0,964
2023-10-05,892.0,909.0,961
2023-10-06,890.0,908.0,946
2023-10-07,888.0,906.0,889
2023-10-08,887.0,904.0,875
2023-10-09,884.0,902.0,874
2023-10-10,884.0,902.0,929
2023-10-11,884.0,902.0,929
2023-10-12,882.0,900.0,923
2023-10-13,882.0,900.0,949
2023-10-14,884.0,900.0,934
2023-10-15,886.0,903.0,956
2023-10-16,886.0,904.0,933
2023-10-17,887.0,905.0,959
2023-10-18,889.0,906.0,947
2023-10-19,890.0,908.0,929
2023-10-20,891.0,909.0,907
2023-10-21,893.0,911.0,963
2023-10-22,894.0,913.0,942
2023-10-23,896.0,915.0,893
2023-10-24,900.0,917.0,899
2023-10-25,903.0,920.0,899
2023-10-26,908.0,926.0,974
2023-10-27,914.0,931.0,953
2023-10-28,918.0,934.0,952
2023-10-29,918.0,934.0,962
2023-10-30,917.0,934.0,963
2023-10-31,917.0,934.0,939
2023-11-01,918.0,935.0,964
2023-11-02,919.0,936.0,982
2023-11-03,917.0,936.0,943
2023-11-04,917.0,934.0,926
2023-11-05,918.0,934.0,926
2023-11-06,920.0,936.0,951
2023-11-07,923.0,938.0,950
2023-11-08,927.0,941.0,946
2023-11-09,925.0,941.0,946
2023-11-10,924.0,940.0,883
2023-11-11,924.0,939.0,890
2023-11-12,922.0,937.0,889
2023-11-13,919.0,935.0,887
2023-11-14,914.0,932.0,855
2023-11-15,909.0,927.0,787
2023-11-16,903.0,920.0,767
2023-11-17,897.0,914.0,760
2023-11-18,892.0,908.0,754
2023-11-19,887.0,903.0,754
2023-11-20,880.0,896.0,754
2023-11-21,874.0,890.0,748
2023-11-22,868.0,885.0,736
2023-11-23,860.0,877.0,678
2023-11-24,851.0,870.0,668
2023-11-25,839.0,858.0,613
2023-11-26,828.0,846.0,613
2023-11-27,817.0,835.0,614
2023-11-28,805.0,823.0,613
2023-11-29,795.0,812.0,609
2023-11-30,784.0,800.0,604
2023-12-01,777.0,796.0,824
2023-12-02,771.0,788.0,767
2023-12-03,768.0,785.0,847
2023-12-04,764.0,782.0,829
2023-12-05,760.0,781.0,886
2023-12-06,755.0,777.0,825
2023-12-07,749.0,772.0,802
2023-12-08,741.0,765.0,762
2023-12-09,736.0,759.0,750
2023-12-10,734.0,756.0,798
2023-12-11,728.0,753.0,798
2023-12-12,722.0,748.0,736
2023-12-13,714.0,740.0,663
2023-12-14,710.0,735.0,696
2023-12-15,706.0,732.0,678
2023-12-16,702.0,728.0,647
2023-12-17,697.0,723.0,637
2023-12-18,694.0,721.0,680
2023-12-19,690.0,718.0,653
2023-12-20,686.0,714.0,632
2023-12-21,682.0,711.0,670
2023-12-22,682.0,710.0,717
2023-12-23,682.0,711.0,697
2023-12-24,683.0,710.0,650
2023-12-25,685.0,713.0,695
2023-12-26,693.0,721.0,850
2023-12-27,701.0,729.0,855
2023-12-28,710.0,738.0,895
2023-12-29,721.0,750.0,950
2023-12-30,732.0,761.0,934
2023-12-31,737.0,764.0,925
2024-01-01,742.0,769.0,925
2024-01-02,745.0,772.0,927
2024-01-03,749.0,775.0,915
2024-01-04,751.0,776.0,914
2024-01-05,755.0,779.0,925
2024-01-06,760.0,783.0,910
2024-01-07,768.0,789.0,935
2024-01-08,774.0,795.0,935
2024-01-09,778.0,800.0,958
2024-01-10,784.0,805.0,934
2024-01-11,792.0,811.0,922
2024-01-12,804.0,821.0,980
2024-01-13,812.0,830.0,952
2024-01-14,822.0,839.0,954
2024-01-15,833.0,850.0,974
2024-01-16,845.0,861.0,968
2024-01-17,856.0,872.0,1009
2024-01-18,867.0,883.0,985
2024-01-19,879.0,895.0,976
2024-01-20,890.0,905.0,983
2024-01-21,898.0,913.0,958
2024-01-22,909.0,923.0,999
2024-01-23,920.0,935.0,996
2024-01-24,926.0,943.0,952
2024-01-25,925.0,944.0,879
2024-01-26,925.0,944.0,852
2024-01-27,923.0,943.0,852
2024-01-28,919.0,938.0,824
2024-01-29,914.0,934.0,804
2024-01-30,909.0,930.0,792
2024-01-31,904.0,925.0,782
2024-02-01,898.0,920.0,776
2024-02-02,893.0,915.0,774
2024-02-03,888.0,910.0,752
2024-02-04,882.0,904.0,738
2024-02-05,875.0,897.0,728
2024-02-06,868.0,891.0,752
2024-02-07,863.0,886.0,771
2024-02-08,856.0,879.0,766
2024-02-09,852.0,876.0,816
2024-02-10,849.0,874.0,863
2024-02-11,844.0,868.0,810
2024-02-12,843.0,865.0,873
2024-02-13,841.0,864.0,901
2024-02-14,838.0,861.0,907
2024-02-15,835.0,858.0,883
2024-02-16,833.0,858.0,992
2024-02-17,831.0,856.0,944
2024-02-18,831.0,856.0,973
2024-02-19,832.0,856.0,978
2024-02-20,831.0,856.0,947
2024-02-21,828.0,854.0,934
2024-02-22,827.0,852.0,930
2024-02-23,828.0,852.0,971
2024-02-24,831.0,854.0,928
2024-02-25,832.0,855.0,901
2024-02-26,834.0,857.0,898
2024-02-27,837.0,859.0,899
2024-02-28,838.0,862.0,881
2024-02-29,839.0,863.0,829
2024-03-01,843.0,871.0,1029
2024-03-02,847.0,875.0,886
2024-03-03,849.0,878.0,873
2024-03-04,854.0,882.0,866
2024-03-05,858.0,887.0,884
2024-03-06,862.0,892.0,872
2024-03-07,866.0,895.0,848
2024-03-08,869.0,900.0,933
2024-03-09,870.0,903.0,852
2024-03-10,869.0,902.0,773
2024-03-11,869.0,900.0,797
2024-03-12,868.0,900.0,809
2024-03-13,866.0,897.0,791
2024-03-14,862.0,893.0,794
2024-03-15,858.0,890.0,793
2024-03-16,854.0,888.0,827
2024-03-17,849.0,880.0,765
2024-03-18,844.0,874.0,756
2024-03-19,837.0,867.0,773
2024-03-20,831.0,860.0,764
2024-03-21,824.0,854.0,764
2024-03-22,816.0,849.0,797
2024-03-23,808.0,841.0,687
2024-03-24,799.0,831.0,666
2024-03-25,790.0,822.0,649
2024-03-26,782.0,813.0,643
2024-03-27,773.0,804.0,631
2024-03-28,762.0,794.0,595
2024-03-29,753.0,785.0,601
2024-03-30,744.0,776.0,557
2024-03-31,732.0,759.0,527
2024-04-01,721.0,747.0,537
2024-04-02,710.0,736.0,529
2024-04-03,697.0,724.0,506
2024-04-04,683.0,710.0,470
2024-04-05,669.0,698.0,516
2024-04-06,654.0,684.0,416
2024-04-07,638.0,666.0,389
2024-04-08,625.0,650.0,380
2024-04-09,613.0,638.0,421
2024-04-10,599.0,625.0,393
2024-04-11,585.0,612.0,413
2024-04-12,572.0,600.0,442
2024-04-13,559.0,587.0,403
2024-04-14,546.0,573.0,377
2024-04-15,532.0,558.0,367
2024-04-16,519.0,544.0,366
2024-04-17,504.0,531.0,353
2024-04-18,491.0,517.0,355
2024-04-19,476.0,505.0,396
2024-04-20,463.0,490.0,328
2024-04-21,451.0,476.0,353
2024-04-22,440.0,464.0,337
2024-04-23,430.0,453.0,337
2024-04-24,420.0,443.0,354
2024-04-25,414.0,437.0,458
2024-04-26,410.0,433.0,507
2024-04-27,405.0,428.0,452
2024-04-28,403.0,425.0,497
2024-04-29,401.0,422.0,470
2024-04-30,398.0,420.0,470
2024-05-01,400.0,422.0,613
2024-05-02,407.0,428.0,713
2024-05-03,417.0,439.0,817
2024-05-04,429.0,451.0,829
2024-05-05,443.0,462.0,846
2024-05-06,458.0,476.0,841
2024-05-07,473.0,491.0,841
2024-05-08,488.0,506.0,839
2024-05-09,503.0,521.0,865
2024-05-10,519.0,538.0,895
2024-05-11,534.0,554.0,896
2024-05-12,550.0,568.0,867
2024-05-13,566.0,583.0,865
2024-05-14,585.0,602.0,940
2024-05-15,603.0,621.0,938
2024-05-16,621.0,640.0,915
2024-05-17,638.0,657.0,870
2024-05-18,650.0,674.0,856
2024-05-19,662.0,684.0,712
2024-05-20,675.0,697.0,728
2024-05-21,687.0,710.0,720
2024-05-22,703.0,726.0,828
2024-05-23,717.0,742.0,828
2024-05-24,732.0,758.0,823
2024-05-25,745.0,771.0,840
2024-05-26,761.0,785.0,943
2024-05-27,778.0,802.0,943
2024-05-28,795.0,818.0,979
2024-05-29,812.0,835.0,977
2024-05-30,827.0,852.0,993
2024-05-31,838.0,863.0,947
2024-06-01,845.0,870.0,921
2024-06-02,849.0,873.0,910
2024-06-03,853.0,876.0,910
2024-06-04,855.0,878.0,911
2024-06-05,856.0,880.0,907
2024-06-06,855.0,881.0,871
2024-06-07,854.0,881.0,819
2024-06-08,852.0,878.0,788
2024-06-09,850.0,875.0,816
2024-06-10,847.0,872.0,785
2024-06-11,844.0,869.0,783
2024-06-12,840.0,866.0,775
2024-06-13,833.0,861.0,797
2024-06-14,829.0,857.0,819
2024-06-15,828.0,854.0,827
2024-06-16,827.0,853.0,824
2024-06-17,831.0,851.0,819
2024-06-18,833.0,856.0,840
2024-06-19,836.0,859.0,818
2024-06-20,839.0,862.0,826
2024-06-21,837.0,862.0,830
2024-06-22,837.0,860.0,761
2024-06-23,836.0,858.0,771
2024-06-24,833.0,856.0,773
2024-06-25,830.0,854.0,881
2024-06-26,827.0,852.0,869
2024-06-27,818.0,849.0,913
2024-06-28,810.0,841.0,730
2024-06-29,802.0,832.0,721
2024-06-30,798.0,828.0,813
2024-07-01,795.0,825.0,843
2024-07-02,792.0,822.0,808
2024-07-03,789.0,820.0,859
2024-07-04,787.0,818.0,840
2024-07-05,785.0,815.0,829
2024-07-06,789.0,817.0,930
2024-07-07,793.0,821.0,929
2024-07-08,799.0,825.0,929
2024-07-09,803.0,829.0,929
2024-07-10,808.0,834.0,929
2024-07-11,809.0,839.0,929
2024-07-12,808.0,840.0,812
2024-07-13,807.0,837.0,704
2024-07-14,803.0,832.0,689
2024-07-15,798.0,828.0,690
2024-07-16,794.0,823.0,688
2024-07-17,790.0,819.0,700
2024-07-18,786.0,814.0,691
2024-07-19,783.0,813.0,764
2024-07-20,783.0,812.0,812
2024-07-21,783.0,811.0,786
2024-07-22,785.0,814.0,858
2024-07-23,788.0,817.0,870
2024-07-24,792.0,820.0,863
2024-07-25,793.0,823.0,953
2024-07-26,795.0,824.0,914
2024-07-27,801.0,825.0,927
2024-07-28,809.0,832.0,938
2024-07-29,817.0,839.0,940
2024-07-30,820.0,844.0,953
2024-07-31,823.0,846.0,912
2024-08-01,824.0,849.0,902
2024-08-02,823.0,848.0,837
2024-08-03,822.0,848.0,840
2024-08-04,824.0,849.0,865
2024-08-05,823.0,848.0,888
2024-08-06,822.0,848.0,921
2024-08-07,822.0,847.0,920
2024-08-08,820.0,848.0,942
2024-08-09,817.0,847.0,893
2024-08-10,818.0,844.0,846
2024-08-11,822.0,845.0,832
2024-08-12,828.0,850.0,870
2024-08-13,834.0,856.0,869
2024-08-14,840.0,862.0,859
2024-08-15,845.0,867.0,849
2024-08-16,850.0,873.0,872
2024-08-17,855.0,878.0,844
2024-08-18,859.0,880.0,835
2024-08-19,864.0,883.0,902
2024-08-20,867.0,887.0,902
2024-08-21,868.0,888.0,870
2024-08-22,868.0,887.0,848
2024-08-23,865.0,886.0,848
2024-08-24,861.0,880.0,772
2024-08-25,855.0,875.0,759
2024-08-26,848.0,869.0,736
2024-08-27,841.0,861.0,713
2024-08-28,833.0,854.0,727
2024-08-29,826.0,846.0,707
2024-08-30,822.0,844.0,838
2024-08-31,819.0,839.0,772
2024-09-01,816.0,836.0,747
2024-09-02,815.0,833.0,756
2024-09-03,811.0,830.0,772
2024-09-04,806.0,827.0,780
2024-09-05,800.0,821.0,756
2024-09-06,793.0,815.0,733
2024-09-07,791.0,811.0,830
2024-09-08,790.0,809.0,818
2024-09-09,791.0,810.0,880
2024-09-10,793.0,812.0,901
2024-09-11,793.0,813.0,885
2024-09-12,793.0,813.0,866
2024-09-13,795.0,814.0,913
2024-09-14,796.0,816.0,887
2024-09-15,797.0,816.0,886
2024-09-16,800.0,819.0,918
2024-09-17,802.0,822.0,923
2024-09-18,803.0,822.0,911
2024-09-19,804.0,822.0,920
2024-09-20,804.0,824.0,914
2024-09-21,803.0,823.0,836
2024-09-22,805.0,823.0,836
2024-09-23,808.0,826.0,855
2024-09-24,811.0,829.0,850
2024-09-25,816.0,833.0,860
2024-09-26,822.0,839.0,901
2024-09-27,827.0,845.0,891
2024-09-28,831.0,849.0,847
2024-09-29,834.0,849.0,840
2024-09-30,839.0,854.0,905
2024-10-01,843.0,859.0,892
2024-10-02,846.0,862.0,863
2024-10-03,848.0,865.0,850
2024-10-04,852.0,867.0,855
2024-10-05,856.0,871.0,874
2024-10-06,861.0,876.0,858
2024-10-07,863.0,877.0,881
2024-10-08,864.0,879.0,880
2024-10-09,863.0,878.0,853
2024-10-10,861.0,876.0,842
2024-10-11,858.0,875.0,834
2024-10-12,855.0,872.0,775
2024-10-13,851.0,867.0,767
2024-10-14,850.0,866.0,860
2024-10-15,849.0,864.0,844
2024-10-16,846.0,862.0,848
2024-10-17,842.0,859.0,835
2024-10-18,839.0,856.0,819
2024-10-19,834.0,852.0,795
2024-10-20,833.0,848.0,807
2024-10-21,832.0,848.0,808
2024-10-22,830.0,847.0,814
2024-10-23,827.0,844.0,775
2024-10-24,826.0,842.0,799
2024-10-25,823.0,840.0,803
2024-10-26,820.0,837.0,789
2024-10-27,820.0,836.0,862
2024-10-28,822.0,838.0,898
2024-10-29,825.0,841.0,934
2024-10-30,824.0,841.0,928
2024-10-31,824.0,841.0,884
2024-11-01,824.0,842.0,883
2024-11-02,825.0,842.0,848
2024-11-03,825.0,842.0,863
2024-11-04,825.0,842.0,860
2024-11-05,825.0,842.0,882
2024-11-06,824.0,842.0,862
2024-11-07,826.0,843.0,930
2024-11-08,829.0,846.0,946
2024-11-09,831.0,849.0,912
2024-11-10,836.0,853.0,946
2024-11-11,842.0,858.0,945
2024-11-12,848.0,864.0,937
2024-11-13,851.0,867.0,957
2024-11-14,854.0,871.0,973
2024-11-15,857.0,874.0,927
2024-11-16,860.0,877.0,933
2024-11-17,864.0,880.0,904
2024-11-18,868.0,885.0,928
2024-11-19,871.0,888.0,909
2024-11-20,874.0,890.0,880
2024-11-21,878.0,895.0,961
2024-11-22,884.0,900.0,929
2024-11-23,888.0,905.0,926
2024-11-24,892.0,909.0,921
2024-11-25,896.0,913.0,933
2024-11-26,897.0,915.0,901
2024-11-27,896.0,914.0,881
2024-11-28,894.0,913.0,891
2024-11-29,893.0,911.0,875
2024-11-30,892.0,910.0,847
2024-12-01,893.0,909.0,876
2024-12-02,894.0,912.0,912
2024-12-03,895.0,912.0,885
2024-12-04,894.0,913.0,882
2024-12-05,893.0,912.0,850
2024-12-06,893.0,911.0,841
2024-12-07,891.0,909.0,876
2024-12-08,889.0,907.0,863
2024-12-09,888.0,905.0,862
2024-12-10,883.0,902.0,845
2024-12-11,879.0,898.0,824
2024-12-12,878.0,896.0,899
2024-12-13,874.0,894.0,885
2024-12-14,871.0,890.0,841
2024-12-15,867.0,886.0,820
2024-12-16,864.0,882.0,821
2024-12-17,860.0,879.0,799
2024-12-18,857.0,876.0,837
2024-12-19,855.0,874.0,849
2024-12-20,853.0,873.0,852
2024-12-21,851.0,870.0,864
2024-12-22,847.0,867.0,849
2024-12-23,844.0,864.0,851
2024-12-24,840.0,861.0,819
2024-12-25,837.0,857.0,799
2024-12-26,832.0,852.0,778
2024-12-27,829.0,850.0,810
2024-12-28,826.0,847.0,798
2024-12-29,825.0,845.0,808
2024-12-30,824.0,843.0,809
2024-12-31,821.0,841.0,812
2025-01-01,817.0,837.0,777
2025-01-02,814.0,834.0,815
2025-01-03,815.0,835.0,911
2025-01-04,816.0,836.0,876
2025-01-05,818.0,837.0,870
2025-01-06,818.0,837.0,871
2025-01-07,818.0,837.0,858
2025-01-08,819.0,839.0,914
2025-01-09,823.0,842.0,938
2025-01-10,825.0,845.0,933
2025-01-11,825.0,845.0,900
2025-01-12,827.0,846.0,892
2025-01-13,829.0,847.0,892
2025-01-14,830.0,849.0,879
2025-01-15,832.0,851.0,861
2025-01-16,834.0,853.0,874
2025-01-17,835.0,854.0,854
2025-01-18,835.0,853.0,824
2025-01-19,834.0,852.0,813
2025-01-20,833.0,850.0,813
2025-01-21,832.0,849.0,807
2025-01-22,832.0,847.0,808
2025-01-23,831.0,847.0,803
2025-01-24,830.0,846.0,785
2025-01-25,830.0,845.0,740
2025-01-26,829.0,844.0,798
2025-01-27,829.0,844.0,775
2025-01-28,828.0,842.0,772
2025-01-29,825.0,841.0,775
2025-01-30,823.0,840.0,758
2025-01-31,822.0,838.0,738
2025-02-01,820.0,835.0,723
2025-02-02,815.0,829.0,722
2025-02-03,813.0,827.0,821
2025-02-04,809.0,825.0,817
2025-02-05,804.0,823.0,798
2025-02-06,798.0,819.0,731
2025-02-07,792.0,812.0,702
2025-02-08,784.0,804.0,701
2025-02-09,783.0,800.0,831
2025-02-10,781.0,798.0,831
2025-02-11,779.0,796.0,832
2025-02-12,776.0,794.0,828
2025-02-13,773.0,791.0,789
2025-02-14,771.0,788.0,788
2025-02-15,768.0,785.0,775
2025-02-16,766.0,782.0,775
2025-02-17,765.0,781.0,775
