Date,Midnight population,24-hour population
2008-10-01,0,0
2008-10-02,0,0
2008-10-03,0,0
2008-10-04,0,0
2008-10-05,0,0
2008-10-06,0,0
2008-10-07,0,0
2008-10-08,0,0
2008-10-09,0,0
2008-10-10,0,0
2008-10-11,0,0
2008-10-12,0,0
2008-10-13,0,0
2008-10-14,0,0
2008-10-15,0,0
2008-10-16,0,0
2008-10-17,0,0
2008-10-18,0,0
2008-10-19,0,0
2008-10-20,0,0
2008-10-21,0,0
2008-10-22,0,0
2008-10-23,0,0
2008-10-24,0,0
2008-10-25,0,0
2008-10-26,0,0
2008-10-27,0,0
2008-10-28,0,0
2008-10-29,0,0
2008-10-30,0,0
2008-10-31,0,0
2008-11-01,0,0
2008-11-02,0,0
2008-11-03,0,0
2008-11-04,0,0
2008-11-05,0,0
2008-11-06,0,0
2008-11-07,0,0
2008-11-08,0,0
2008-11-09,0,0
2008-11-10,0,0
2008-11-11,0,0
2008-11-12,0,0
2008-11-13,0,0
2008-11-14,0,0
2008-11-15,0,0
2008-11-16,0,0
2008-11-17,0,0
2008-11-18,0,0
2008-11-19,0,0
2008-11-20,0,0
2008-11-21,0,0
2008-11-22,0,0
2008-11-23,0,0
2008-11-24,0,0
2008-11-25,0,0
2008-11-26,0,0
2008-11-27,0,0
2008-11-28,0,0
2008-11-29,0,0
2008-11-30,0,0
2008-12-01,0,0
2008-12-02,0,0
2008-12-03,0,0
2008-12-04,0,0
2008-12-05,0,0
2008-12-06,0,0
2008-12-07,0,0
2008-12-08,0,0
2008-12-09,0,0
2008-12-10,0,0
2008-12-11,0,0
2008-12-12,0,0
2008-12-13,0,0
2008-12-14,0,0
2008-12-15,0,0
2008-12-16,0,0
2008-12-17,0,0
2008-12-18,0,0
2008-12-19,0,0
2008-12-20,0,0
2008-12-21,0,0
2008-12-22,0,0
2008-12-23,0,0
2008-12-24,0,0
2008-12-25,0,0
2008-12-26,0,0
2008-12-27,0,0
2008-12-28,0,0
2008-12-29,0,0
2008-12-30,0,0
2008-12-31,0,0
2009-01-01,0,0
2009-01-02,0,0
2009-01-03,0,0
2009-01-04,0,0
2009-01-05,0,0
2009-01-06,0,0
2009-01-07,0,0
2009-01-08,0,0
2009-01-09,0,0
2009-01-10,0,0
2009-01-11,0,0
2009-01-12,0,0
2009-01-13,0,0
2009-01-14,0,0
2009-01-15,0,0
2009-01-16,0,0
2009-01-17,0,0
2009-01-18,0,0
2009-01-19,0,0
2009-01-20,0,0
2009-01-21,0,0
2009-01-22,0,0
2009-01-23,0,0
2009-01-24,0,0
2009-01-25,0,0
2009-01-26,0,0
2009-01-27,0,0
2009-01-28,0,0
2009-01-29,0,0
2009-01-30,0,0
2009-01-31,0,0
2009-02-01,0,0
2009-02-02,0,0
2009-02-03,0,0
2009-02-04,0,0
2009-02-05,0,0
2009-02-06,0,0
2009-02-07,0,0
2009-02-08,0,0
2009-02-09,0,0
2009-02-10,0,0
2009-02-11,0,0
2009-02-12,0,0
2009-02-13,0,0
2009-02-14,0,0
2009-02-15,0,0
2009-02-16,0,0
2009-02-17,0,0
2009-02-18,0,0
2009-02-19,0,0
2009-02-20,0,0
2009-02-21,0,0
2009-02-22,0,0
2009-02-23,0,0
2009-02-24,0,0
2009-02-25,0,0
2009-02-26,0,0
2009-02-27,0,0
2009-02-28,0,0
2009-03-01,0,0
2009-03-02,0,0
2009-03-03,0,0
2009-03-04,0,0
2009-03-05,0,0
2009-03-06,0,0
2009-03-07,0,0
2009-03-08,0,0
2009-03-09,0,0
2009-03-10,0,0
2009-03-11,0,0
2009-03-12,0,0
2009-03-13,0,0
2009-03-14,0,0
2009-03-15,0,0
2009-03-16,0,0
2009-03-17,0,0
2009-03-18,0,0
2009-03-19,0,0
2009-03-20,0,0
2009-03-21,0,0
2009-03-22,0,0
2009-03-23,0,0
2009-03-24,0,0
2009-03-25,0,0
2009-03-26,0,0
2009-03-27,0,0
2009-03-28,0,0
2009-03-29,0,0
2009-03-30,0,0
2009-03-31,0,0
2009-04-01,0,0
2009-04-02,0,0
2009-04-03,0,0
2009-04-04,0,0
2009-04-05,0,0
2009-04-06,0,0
2009-04-07,0,0
2009-04-08,0,0
2009-04-09,0,0
2009-04-10,0,0
2009-04-11,0,0
2009-04-12,0,0
2009-04-13,0,0
2009-04-14,0,0
2009-04-15,0,0
2009-04-16,0,0
2009-04-17,0,0
2009-04-18,0,0
2009-04-19,0,0
2009-04-20,0,0
2009-04-21,0,0
2009-04-22,0,0
2009-04-23,0,0
2009-04-24,0,0
2009-04-25,0,0
2009-04-26,0,0
2009-04-27,0,0
2009-04-28,0,0
2009-04-29,0,0
2009-04-30,0,0
2009-05-01,0,0
2009-05-02,0,0
2009-05-03,0,0
2009-05-04,0,0
2009-05-05,0,0
2009-05-06,0,0
2009-05-07,0,0
2009-05-08,0,0
2009-05-09,0,0
2009-05-10,0,0
2009-05-11,0,0
2009-05-12,0,0
2009-05-13,0,0
2009-05-14,0,0
2009-05-15,0,0
2009-05-16,0,0
2009-05-17,0,0
2009-05-18,0,0
2009-05-19,0,0
2009-05-20,0,0
2009-05-21,0,0
2009-05-22,0,0
2009-05-23,0,0
2009-05-24,0,0
2009-05-25,0,0
2009-05-26,0,0
2009-05-27,0,0
2009-05-28,0,0
2009-05-29,0,0
2009-05-30,0,0
2009-05-31,0,0
2009-06-01,0,0
2009-06-02,0,0
2009-06-03,0,0
2009-06-04,0,0
2009-06-05,0,0
2009-06-06,0,0
2009-06-07,0,0
2009-06-08,0,0
2009-06-09,0,0
2009-06-10,0,0
2009-06-11,0,0
2009-06-12,0,0
2009-06-13,0,0
2009-06-14,0,0
2009-06-15,0,0
2009-06-16,0,0
2009-06-17,0,0
2009-06-18,0,0
2009-06-19,0,0
2009-06-20,0,0
2009-06-21,0,0
2009-06-22,0,0
2009-06-23,0,0
2009-06-24,0,0
2009-06-25,0,0
2009-06-26,0,0
2009-06-27,0,0
2009-06-28,0,0
2009-06-29,0,0
2009-06-30,0,0
2009-07-01,0,0
2009-07-02,0,0
2009-07-03,0,0
2009-07-04,0,0
2009-07-05,0,0
2009-07-06,0,0
2009-07-07,0,0
2009-07-08,0,0
2009-07-09,0,0
2009-07-10,0,0
2009-07-11,0,0
2009-07-12,0,0
2009-07-13,0,0
2009-07-14,0,0
2009-07-15,0,0
2009-07-16,0,0
2009-07-17,0,0
2009-07-18,0,0
2009-07-19,0,0
2009-07-20,0,0
2009-07-21,0,0
2009-07-22,0,0
2009-07-23,0,0
2009-07-24,0,0
2009-07-25,0,0
2009-07-26,0,0
2009-07-27,0,0
2009-07-28,0,0
2009-07-29,0,0
2009-07-30,0,0
2009-07-31,0,0
2009-08-01,0,0
2009-08-02,0,0
2009-08-03,0,0
2009-08-04,0,0
2009-08-05,0,0
2009-08-06,0,0
2009-08-07,0,0
2009-08-08,0,0
2009-08-09,0,0
2009-08-10,0,0
2009-08-11,0,0
2009-08-12,0,0
2009-08-13,0,0
2009-08-14,0,0
2009-08-15,0,0
2009-08-16,0,0
2009-08-17,0,0
2009-08-18,0,0
2009-08-19,0,0
2009-08-20,0,0
2009-08-21,0,0
2009-08-22,0,0
2009-08-23,0,0
2009-08-24,0,0
2009-08-25,0,0
2009-08-26,0,0
2009-08-27,0,0
2009-08-28,0,0
2009-08-29,0,0
2009-08-30,0,0
2009-08-31,0,0
2009-09-01,0,0
2009-09-02,0,0
2009-09-03,0,0
2009-09-04,0,0
2009-09-05,0,0
2009-09-06,0,0
2009-09-07,0,0
2009-09-08,0,0
2009-09-09,0,0
2009-09-10,0,0
2009-09-11,0,0
2009-09-12,0,0
2009-09-13,0,0
2009-09-14,0,0
2009-09-15,0,0
2009-09-16,0,0
2009-09-17,0,0
2009-09-18,0,0
2009-09-19,0,0
2009-09-20,0,0
2009-09-21,0,0
2009-09-22,0,0
2009-09-23,0,0
2009-09-24,0,0
2009-09-25,0,0
2009-09-26,0,0
2009-09-27,0,0
2009-09-28,0,0
2009-09-29,0,0
2009-09-30,0,0
2009-10-01,0,0
2009-10-02,0,0
2009-10-03,0,0
2009-10-04,0,0
2009-10-05,0,0
2009-10-06,0,0
2009-10-07,0,0
2009-10-08,0,0
2009-10-09,0,0
2009-10-10,0,0
2009-10-11,0,0
2009-10-12,0,0
2009-10-13,0,0
2009-10-14,0,0
2009-10-15,0,0
2009-10-16,0,0
2009-10-17,0,0
2009-10-18,0,0
2009-10-19,0,0
2009-10-20,0,0
2009-10-21,0,0
2009-10-22,0,0
2009-10-23,0,0
2009-10-24,0,0
2009-10-25,0,0
2009-10-26,0,0
2009-10-27,0,0
2009-10-28,0,0
2009-10-29,0,0
2009-10-30,0,0
2009-10-31,0,0
2009-11-01,0,0
2009-11-02,0,0
2009-11-03,0,0
2009-11-04,0,0
2009-11-05,0,0
2009-11-06,0,0
2009-11-07,0,0
2009-11-08,0,0
2009-11-09,0,0
2009-11-10,0,0
2009-11-11,0,0
2009-11-12,0,0
2009-11-13,0,0
2009-11-14,0,0
2009-11-15,0,0
2009-11-16,0,0
2009-11-17,0,0
2009-11-18,0,0
2009-11-19,0,0
2009-11-20,0,0
2009-11-21,0,0
2009-11-22,0,0
2009-11-23,0,0
2009-11-24,0,0
2009-11-25,0,0
2009-11-26,0,0
2009-11-27,0,0
2009-11-28,0,0
2009-11-29,0,0
2009-11-30,0,0
2009-12-01,0,0
2009-12-02,0,0
2009-12-03,0,0
2009-12-04,0,0
2009-12-05,0,0
2009-12-06,0,0
2009-12-07,0,0
2009-12-08,0,0
2009-12-09,0,0
2009-12-10,0,0
2009-12-11,0,0
2009-12-12,0,0
2009-12-13,0,0
2009-12-14,0,0
2009-12-15,0,0
2009-12-16,0,0
2009-12-17,0,0
2009-12-18,0,0
2009-12-19,0,0
2009-12-20,0,0
2009-12-21,0,0
2009-12-22,0,0
2009-12-23,0,0
2009-12-24,0,0
2009-12-25,0,0
2009-12-26,0,0
2009-12-27,0,0
2009-12-28,0,0
2009-12-29,0,0
2009-12-30,0,0
2009-12-31,0,0
2010-01-01,0,0
2010-01-02,0,0
2010-01-03,0,0
2010-01-04,0,0
2010-01-05,0,0
2010-01-06,0,0
2010-01-07,0,0
2010-01-08,0,0
2010-01-09,0,0
2010-01-10,0,0
2010-01-11,0,0
2010-01-12,0,0
2010-01-13,0,0
2010-01-14,0,0
2010-01-15,0,0
2010-01-16,0,0
2010-01-17,0,0
2010-01-18,0,0
2010-01-19,0,0
2010-01-20,0,0
2010-01-21,0,0
2010-01-22,0,0
2010-01-23,0,0
2010-01-24,0,0
2010-01-25,0,0
2010-01-26,0,0
2010-01-27,0,0
2010-01-28,0,0
2010-01-29,0,0
2010-01-30,0,0
2010-01-31,0,0
2010-02-01,0,0
2010-02-02,0,0
2010-02-03,0,0
2010-02-04,0,0
2010-02-05,0,0
2010-02-06,0,0
2010-02-07,0,0
2010-02-08,0,0
2010-02-09,0,0
2010-02-10,0,0
2010-02-11,0,0
2010-02-12,0,0
2010-02-13,0,0
2010-02-14,0,0
2010-02-15,0,0
2010-02-16,0,0
2010-02-17,0,0
2010-02-18,0,0
2010-02-19,0,0
2010-02-20,0,0
2010-02-21,0,0
2010-02-22,0,0
2010-02-23,0,0
2010-02-24,0,0
2010-02-25,0,0
2010-02-26,0,0
2010-02-27,0,0
2010-02-28,0,0
2010-03-01,0,0
2010-03-02,0,0
2010-03-03,0,0
2010-03-04,0,0
2010-03-05,0,0
2010-03-06,0,0
2010-03-07,0,0
2010-03-08,0,0
2010-03-09,0,0
2010-03-10,0,0
2010-03-11,0,0
2010-03-12,0,0
2010-03-13,0,0
2010-03-14,0,0
2010-03-15,0,0
2010-03-16,0,0
2010-03-17,0,0
2010-03-18,0,0
2010-03-19,0,0
2010-03-20,0,0
2010-03-21,0,0
2010-03-22,0,0
2010-03-23,0,0
2010-03-24,0,0
2010-03-25,0,0
2010-03-26,0,0
2010-03-27,0,0
2010-03-28,0,0
2010-03-29,0,0
2010-03-30,0,0
2010-03-31,0,0
2010-04-01,0,0
2010-04-02,0,0
2010-04-03,0,0
2010-04-04,0,0
2010-04-05,0,0
2010-04-06,0,0
2010-04-07,0,0
2010-04-08,0,0
2010-04-09,0,0
2010-04-10,0,0
2010-04-11,0,0
2010-04-12,0,0
2010-04-13,0,0
2010-04-14,0,0
2010-04-15,0,0
2010-04-16,0,0
2010-04-17,0,0
2010-04-18,0,0
2010-04-19,0,0
2010-04-20,0,0
2010-04-21,0,0
2010-04-22,0,0
2010-04-23,0,0
2010-04-24,0,0
2010-04-25,0,0
2010-04-26,0,0
2010-04-27,0,0
2010-04-28,0,0
2010-04-29,0,0
2010-04-30,0,0
2010-05-01,0,0
2010-05-02,0,0
2010-05-03,0,0
2010-05-04,0,0
2010-05-05,0,0
2010-05-06,0,0
2010-05-07,0,0
2010-05-08,0,0
2010-05-09,0,0
2010-05-10,0,0
2010-05-11,0,0
2010-05-12,0,0
2010-05-13,0,0
2010-05-14,0,0
2010-05-15,0,0
2010-05-16,0,0
2010-05-17,0,0
2010-05-18,0,0
2010-05-19,0,0
2010-05-20,0,0
2010-05-21,0,0
2010-05-22,0,0
2010-05-23,0,0
2010-05-24,0,0
2010-05-25,0,0
2010-05-26,0,0
2010-05-27,0,0
2010-05-28,0,0
2010-05-29,0,0
2010-05-30,0,0
2010-05-31,0,0
2010-06-01,0,0
2010-06-02,0,0
2010-06-03,0,0
2010-06-04,0,0
2010-06-05,0,0
2010-06-06,0,0
2010-06-07,0,0
2010-06-08,0,0
2010-06-09,0,0
2010-06-10,0,0
2010-06-11,0,0
2010-06-12,0,0
2010-06-13,0,0
2010-06-14,0,0
2010-06-15,0,0
2010-06-16,0,0
2010-06-17,0,0
2010-06-18,0,0
2010-06-19,0,0
2010-06-20,0,0
2010-06-21,0,0
2010-06-22,0,0
2010-06-23,0,0
2010-06-24,0,0
2010-06-25,0,0
2010-06-26,0,0
2010-06-27,0,0
2010-06-28,0,0
2010-06-29,0,0
2010-06-30,0,0
2010-07-01,0,0
2010-07-02,0,0
2010-07-03,0,0
2010-07-04,0,0
2010-07-05,0,0
2010-07-06,0,0
2010-07-07,0,0
2010-07-08,0,0
2010-07-09,0,0
2010-07-10,0,0
2010-07-11,0,0
2010-07-12,0,0
2010-07-13,0,0
2010-07-14,0,0
2010-07-15,0,0
2010-07-16,0,0
2010-07-17,0,0
2010-07-18,0,0
2010-07-19,0,0
2010-07-20,0,0
2010-07-21,0,0
2010-07-22,0,0
2010-07-23,0,0
2010-07-24,0,0
2010-07-25,0,0
2010-07-26,0,0
2010-07-27,0,0
2010-07-28,0,0
2010-07-29,0,0
2010-07-30,0,0
2010-07-31,0,0
2010-08-01,0,0
2010-08-02,0,0
2010-08-03,0,0
2010-08-04,0,0
2010-08-05,0,0
2010-08-06,0,0
2010-08-07,0,0
2010-08-08,0,0
2010-08-09,0,0
2010-08-10,0,0
2010-08-11,0,0
2010-08-12,0,0
2010-08-13,0,0
2010-08-14,0,0
2010-08-15,0,0
2010-08-16,0,0
2010-08-17,0,0
2010-08-18,0,0
2010-08-19,0,0
2010-08-20,0,0
2010-08-21,0,0
2010-08-22,0,0
2010-08-23,0,0
2010-08-24,0,0
2010-08-25,0,0
2010-08-26,0,0
2010-08-27,0,0
2010-08-28,0,0
2010-08-29,0,0
2010-08-30,0,0
2010-08-31,0,0
2010-09-01,0,0
2010-09-02,0,0
2010-09-03,0,0
2010-09-04,0,0
2010-09-05,0,0
2010-09-06,0,0
2010-09-07,0,0
2010-09-08,0,0
2010-09-09,0,0
2010-09-10,0,0
2010-09-11,0,0
2010-09-12,0,0
2010-09-13,0,0
2010-09-14,0,0
2010-09-15,0,0
2010-09-16,0,0
2010-09-17,0,0
2010-09-18,0,0
2010-09-19,0,0
2010-09-20,0,0
2010-09-21,0,0
2010-09-22,0,0
2010-09-23,0,0
2010-09-24,0,0
2010-09-25,0,0
2010-09-26,0,0
2010-09-27,0,0
2010-09-28,0,0
2010-09-29,0,0
2010-09-30,0,0
2010-10-01,0,0
2010-10-02,0,0
2010-10-03,0,0
2010-10-04,0,0
2010-10-05,0,0
2010-10-06,0,0
2010-10-07,0,0
2010-10-08,0,0
2010-10-09,0,0
2010-10-10,0,0
2010-10-11,0,0
2010-10-12,0,0
2010-10-13,0,0
2010-10-14,0,0
2010-10-15,0,0
2010-10-16,0,0
2010-10-17,0,0
2010-10-18,0,0
2010-10-19,0,0
2010-10-20,0,0
2010-10-21,0,0
2010-10-22,0,0
2010-10-23,0,0
2010-10-24,0,0
2010-10-25,0,0
2010-10-26,0,0
2010-10-27,0,0
2010-10-28,0,0
2010-10-29,0,0
2010-10-30,0,0
2010-10-31,0,0
2010-11-01,0,0
2010-11-02,0,0
2010-11-03,0,0
2010-11-04,0,0
2010-11-05,0,0
2010-11-06,0,0
2010-11-07,0,0
2010-11-08,0,0
2010-11-09,0,0
2010-11-10,0,0
2010-11-11,0,0
2010-11-12,0,0
2010-11-13,0,0
2010-11-14,0,0
2010-11-15,0,0
2010-11-16,0,0
2010-11-17,0,0
2010-11-18,0,0
2010-11-19,0,0
2010-11-20,0,0
2010-11-21,0,0
2010-11-22,0,0
2010-11-23,0,0
2010-11-24,0,0
2010-11-25,0,0
2010-11-26,0,0
2010-11-27,0,0
2010-11-28,0,0
2010-11-29,0,0
2010-11-30,0,0
2010-12-01,0,0
2010-12-02,0,0
2010-12-03,0,0
2010-12-04,0,0
2010-12-05,0,0
2010-12-06,0,0
2010-12-07,0,0
2010-12-08,0,0
2010-12-09,0,0
2010-12-10,0,0
2010-12-11,0,0
2010-12-12,0,0
2010-12-13,0,0
2010-12-14,0,0
2010-12-15,0,0
2010-12-16,0,0
2010-12-17,0,0
2010-12-18,0,0
2010-12-19,0,0
2010-12-20,0,0
2010-12-21,0,0
2010-12-22,0,0
2010-12-23,0,0
2010-12-24,0,0
2010-12-25,0,0
2010-12-26,0,0
2010-12-27,0,0
2010-12-28,0,0
2010-12-29,0,0
2010-12-30,0,0
2010-12-31,0,0
2011-01-01,0,0
2011-01-02,0,0
2011-01-03,0,0
2011-01-04,0,0
2011-01-05,0,0
2011-01-06,0,0
2011-01-07,0,0
2011-01-08,0,0
2011-01-09,0,0
2011-01-10,0,0
2011-01-11,0,0
2011-01-12,0,0
2011-01-13,0,0
2011-01-14,0,0
2011-01-15,0,0
2011-01-16,0,0
2011-01-17,0,0
2011-01-18,0,0
2011-01-19,0,0
2011-01-20,0,0
2011-01-21,0,0
2011-01-22,0,0
2011-01-23,0,0
2011-01-24,0,0
2011-01-25,0,0
2011-01-26,0,0
2011-01-27,0,0
2011-01-28,0,0
2011-01-29,0,0
2011-01-30,0,0
2011-01-31,0,0
2011-02-01,0,0
2011-02-02,0,0
2011-02-03,0,0
2011-02-04,0,0
2011-02-05,0,0
2011-02-06,0,0
2011-02-07,0,0
2011-02-08,0,0
2011-02-09,0,0
2011-02-10,0,0
2011-02-11,0,0
2011-02-12,0,0
2011-02-13,0,0
2011-02-14,0,0
2011-02-15,0,0
2011-02-16,0,0
2011-02-17,0,0
2011-02-18,0,0
2011-02-19,0,0
2011-02-20,0,0
2011-02-21,0,0
2011-02-22,0,0
2011-02-23,0,0
2011-02-24,0,0
2011-02-25,0,0
2011-02-26,0,0
2011-02-27,0,0
2011-02-28,0,0
2011-03-01,0,0
2011-03-02,0,0
2011-03-03,0,0
2011-03-04,0,0
2011-03-05,0,0
2011-03-06,0,0
2011-03-07,0,0
2011-03-08,0,0
2011-03-09,0,0
2011-03-10,0,0
2011-03-11,0,0
2011-03-12,0,0
2011-03-13,0,0
2011-03-14,0,0
2011-03-15,0,0
2011-03-16,0,0
2011-03-17,0,0
2011-03-18,0,0
2011-03-19,0,0
2011-03-20,0,0
2011-03-21,0,0
2011-03-22,0,0
2011-03-23,0,0
2011-03-24,0,0
2011-03-25,0,0
2011-03-26,0,0
2011-03-27,0,0
2011-03-28,0,0
2011-03-29,0,0
2011-03-30,0,0
2011-03-31,0,0
2011-04-01,0,0
2011-04-02,0,0
2011-04-03,0,0
2011-04-04,0,0
2011-04-05,0,0
2011-04-06,0,0
2011-04-07,0,0
2011-04-08,0,0
2011-04-09,0,0
2011-04-10,0,0
2011-04-11,0,0
2011-04-12,0,0
2011-04-13,0,0
2011-04-14,0,0
2011-04-15,0,0
2011-04-16,0,0
2011-04-17,0,0
2011-04-18,0,0
2011-04-19,0,0
2011-04-20,0,0
2011-04-21,0,0
2011-04-22,0,0
2011-04-23,0,0
2011-04-24,0,0
2011-04-25,0,0
2011-04-26,0,0
2011-04-27,0,0
2011-04-28,0,0
2011-04-29,0,0
2011-04-30,0,0
2011-05-01,0,0
2011-05-02,0,0
2011-05-03,0,0
2011-05-04,0,0
2011-05-05,0,0
2011-05-06,0,0
2011-05-07,0,0
2011-05-08,0,0
2011-05-09,0,0
2011-05-10,0,0
2011-05-11,0,0
2011-05-12,0,0
2011-05-13,0,0
2011-05-14,0,0
2011-05-15,0,0
2011-05-16,0,0
2011-05-17,0,0
2011-05-18,0,0
2011-05-19,0,0
2011-05-20,0,0
2011-05-21,0,0
2011-05-22,0,0
2011-05-23,0,0
2011-05-24,0,0
2011-05-25,0,0
2011-05-26,0,0
2011-05-27,0,0
2011-05-28,0,0
2011-05-29,0,0
2011-05-30,0,0
2011-05-31,0,0
2011-06-01,0,0
2011-06-02,0,0
2011-06-03,0,0
2011-06-04,0,0
2011-06-05,0,0
2011-06-06,0,0
2011-06-07,0,0
2011-06-08,0,0
2011-06-09,0,0
2011-06-10,0,0
2011-06-11,0,0
2011-06-12,0,0
2011-06-13,0,0
2011-06-14,0,0
2011-06-15,0,0
2011-06-16,0,0
2011-06-17,0,0
2011-06-18,0,0
2011-06-19,0,0
2011-06-20,0,0
2011-06-21,0,0
2011-06-22,0,0
2011-06-23,0,0
2011-06-24,0,0
2011-06-25,0,0
2011-06-26,0,0
2011-06-27,0,0
2011-06-28,0,0
2011-06-29,0,0
2011-06-30,0,0
2011-07-01,0,0
2011-07-02,0,0
2011-07-03,0,0
2011-07-04,0,0
2011-07-05,0,0
2011-07-06,0,0
2011-07-07,0,0
2011-07-08,0,0
2011-07-09,0,0
2011-07-10,0,0
2011-07-11,0,0
2011-07-12,0,0
2011-07-13,0,0
2011-07-14,0,0
2011-07-15,0,0
2011-07-16,0,0
2011-07-17,0,0
2011-07-18,0,0
2011-07-19,0,0
2011-07-20,0,0
2011-07-21,0,0
2011-07-22,0,0
2011-07-23,0,0
2011-07-24,0,0
2011-07-25,0,0
2011-07-26,0,0
2011-07-27,0,0
2011-07-28,0,0
2011-07-29,0,0
2011-07-30,0,0
2011-07-31,0,0
2011-08-01,0,0
2011-08-02,0,0
2011-08-03,0,0
2011-08-04,0,0
2011-08-05,0,0
2011-08-06,0,0
2011-08-07,0,0
2011-08-08,0,0
2011-08-09,0,0
2011-08-10,0,0
2011-08-11,0,0
2011-08-12,0,0
2011-08-13,0,0
2011-08-14,0,0
2011-08-15,0,0
2011-08-16,0,0
2011-08-17,0,0
2011-08-18,0,0
2011-08-19,0,0
2011-08-20,0,0
2011-08-21,0,0
2011-08-22,0,0
2011-08-23,0,0
2011-08-24,0,0
2011-08-25,0,0
2011-08-26,0,0
2011-08-27,0,0
2011-08-28,0,0
2011-08-29,0,0
2011-08-30,0,0
2011-08-31,0,0
2011-09-01,0,0
2011-09-02,0,0
2011-09-03,0,0
2011-09-04,0,0
2011-09-05,0,0
2011-09-06,0,0
2011-09-07,0,0
2011-09-08,0,0
2011-09-09,0,0
2011-09-10,0,0
2011-09-11,0,0
2011-09-12,0,0
2011-09-13,0,0
2011-09-14,0,0
2011-09-15,0,0
2011-09-16,0,0
2011-09-17,0,0
2011-09-18,0,0
2011-09-19,0,0
2011-09-20,0,0
2011-09-21,0,0
2011-09-22,0,0
2011-09-23,0,0
2011-09-24,0,0
2011-09-25,0,0
2011-09-26,0,0
2011-09-27,0,0
2011-09-28,0,0
2011-09-29,0,0
2011-09-30,0,0
2011-10-01,0,0
2011-10-02,0,0
2011-10-03,0,0
2011-10-04,0,0
2011-10-05,0,0
2011-10-06,0,0
2011-10-07,0,0
2011-10-08,0,0
2011-10-09,0,0
2011-10-10,0,0
2011-10-11,0,0
2011-10-12,0,0
2011-10-13,0,0
2011-10-14,0,0
2011-10-15,0,0
2011-10-16,0,0
2011-10-17,0,0
2011-10-18,0,0
2011-10-19,0,0
2011-10-20,0,0
2011-10-21,0,0
2011-10-22,0,0
2011-10-23,0,0
2011-10-24,0,0
2011-10-25,0,0
2011-10-26,0,0
2011-10-27,0,0
2011-10-28,0,0
2011-10-29,0,0
2011-10-30,0,0
2011-10-31,0,0
2011-11-01,0,0
2011-11-02,0,0
2011-11-03,0,0
2011-11-04,0,0
2011-11-05,0,0
2011-11-06,0,0
2011-11-07,0,0
2011-11-08,0,0
2011-11-09,0,0
2011-11-10,0,0
2011-11-11,0,0
2011-11-12,0,0
2011-11-13,0,0
2011-11-14,0,0
2011-11-15,0,0
2011-11-16,0,0
2011-11-17,0,0
2011-11-18,0,0
2011-11-19,0,0
2011-11-20,0,0
2011-11-21,0,0
2011-11-22,0,0
2011-11-23,0,0
2011-11-24,0,0
2011-11-25,0,0
2011-11-26,0,0
2011-11-27,0,0
2011-11-28,0,0
2011-11-29,0,0
2011-11-30,0,0
2011-12-01,0,0
2011-12-02,0,0
2011-12-03,0,0
2011-12-04,0,0
2011-12-05,0,0
2011-12-06,0,0
2011-12-07,0,0
2011-12-08,0,0
2011-12-09,0,0
2011-12-10,0,0
2011-12-11,0,0
2011-12-12,0,0
2011-12-13,0,0
2011-12-14,0,0
2011-12-15,0,0
2011-12-16,0,0
2011-12-17,0,0
2011-12-18,0,0
2011-12-19,0,0
2011-12-20,0,0
2011-12-21,0,0
2011-12-22,0,0
2011-12-23,0,0
2011-12-24,0,0
2011-12-25,0,0
2011-12-26,0,0
2011-12-27,0,0
2011-12-28,0,0
2011-12-29,0,0
2011-12-30,0,0
2011-12-31,0,0
2012-01-01,0,0
2012-01-02,0,0
2012-01-03,0,0
2012-01-04,0,0
2012-01-05,0,0
2012-01-06,0,0
2012-01-07,0,0
2012-01-08,0,0
2012-01-09,0,0
2012-01-10,0,0
2012-01-11,0,0
2012-01-12,0,0
2012-01-13,0,0
2012-01-14,0,0
2012-01-15,0,0
2012-01-16,0,0
2012-01-17,0,0
2012-01-18,0,0
2012-01-19,0,0
2012-01-20,0,0
2012-01-21,0,0
2012-01-22,0,0
2012-01-23,0,0
2012-01-24,0,0
2012-01-25,0,0
2012-01-26,0,0
2012-01-27,0,0
2012-01-28,0,0
2012-01-29,0,0
2012-01-30,0,0
2012-01-31,0,0
2012-02-01,0,0
2012-02-02,0,0
2012-02-03,0,0
2012-02-04,0,0
2012-02-05,0,0
2012-02-06,0,0
2012-02-07,0,0
2012-02-08,0,0
2012-02-09,0,0
2012-02-10,0,0
2012-02-11,0,0
2012-02-12,0,0
2012-02-13,0,0
2012-02-14,0,0
2012-02-15,0,0
2012-02-16,0,0
2012-02-17,0,0
2012-02-18,0,0
2012-02-19,0,0
2012-02-20,0,0
2012-02-21,0,0
2012-02-22,0,0
2012-02-23,0,0
2012-02-24,0,0
2012-02-25,0,0
2012-02-26,0,0
2012-02-27,0,0
2012-02-28,0,0
2012-02-29,0,0
2012-03-01,0,0
2012-03-02,0,0
2012-03-03,0,0
2012-03-04,0,0
2012-03-05,0,0
2012-03-06,0,0
2012-03-07,0,0
2012-03-08,0,0
2012-03-09,0,0
2012-03-10,0,0
2012-03-11,0,0
2012-03-12,0,0
2012-03-13,0,0
2012-03-14,0,0
2012-03-15,0,0
2012-03-16,0,0
2012-03-17,0,0
2012-03-18,0,0
2012-03-19,0,0
2012-03-20,0,0
2012-03-21,0,0
2012-03-22,0,0
2012-03-23,0,0
2012-03-24,0,0
2012-03-25,0,0
2012-03-26,0,0
2012-03-27,0,0
2012-03-28,0,0
2012-03-29,0,0
2012-03-30,0,0
2012-03-31,0,0
2012-04-01,0,0
2012-04-02,0,0
2012-04-03,0,0
2012-04-04,0,0
2012-04-05,0,0
2012-04-06,0,0
2012-04-07,0,0
2012-04-08,0,0
2012-04-09,0,0
2012-04-10,0,0
2012-04-11,0,0
2012-04-12,0,0
2012-04-13,0,0
2012-04-14,0,0
2012-04-15,0,0
2012-04-16,0,0
2012-04-17,0,0
2012-04-18,0,0
2012-04-19,0,0
2012-04-20,0,0
2012-04-21,0,0
2012-04-22,0,0
2012-04-23,0,0
2012-04-24,0,0
2012-04-25,0,0
2012-04-26,0,0
2012-04-27,0,0
2012-04-28,0,0
2012-04-29,0,0
2012-04-30,0,0
2012-05-01,0,0
2012-05-02,0,0
2012-05-03,0,0
2012-05-04,0,0
2012-05-05,0,0
2012-05-06,0,0
2012-05-07,0,0
2012-05-08,0,0
2012-05-09,0,0
2012-05-10,0,0
2012-05-11,0,0
2012-05-12,0,0
2012-05-13,0,0
2012-05-14,0,0
2012-05-15,0,0
2012-05-16,0,0
2012-05-17,0,0
2012-05-18,0,0
2012-05-19,0,0
2012-05-20,0,0
2012-05-21,0,0
2012-05-22,0,0
2012-05-23,0,0
2012-05-24,0,0
2012-05-25,0,0
2012-05-26,0,0
2012-05-27,0,0
2012-05-28,0,0
2012-05-29,0,0
2012-05-30,0,0
2012-05-31,0,0
2012-06-01,0,0
2012-06-02,0,0
2012-06-03,0,0
2012-06-04,0,0
2012-06-05,0,0
2012-06-06,0,0
2012-06-07,0,0
2012-06-08,0,0
2012-06-09,0,0
2012-06-10,0,0
2012-06-11,0,0
2012-06-12,0,0
2012-06-13,0,0
2012-06-14,0,0
2012-06-15,0,0
2012-06-16,0,0
2012-06-17,0,0
2012-06-18,0,0
2012-06-19,0,0
2012-06-20,0,0
2012-06-21,0,0
2012-06-22,0,0
2012-06-23,0,0
2012-06-24,0,0
2012-06-25,0,0
2012-06-26,0,0
2012-06-27,0,0
2012-06-28,0,0
2012-06-29,0,0
2012-06-30,0,0
2012-07-01,0,0
2012-07-02,0,0
2012-07-03,0,0
2012-07-04,0,0
2012-07-05,0,0
2012-07-06,0,0
2012-07-07,0,0
2012-07-08,0,0
2012-07-09,0,0
2012-07-10,0,0
2012-07-11,0,0
2012-07-12,0,0
2012-07-13,0,0
2012-07-14,0,0
2012-07-15,0,0
2012-07-16,0,0
2012-07-17,0,0
2012-07-18,0,0
2012-07-19,0,0
2012-07-20,0,0
2012-07-21,0,0
2012-07-22,0,0
2012-07-23,0,0
2012-07-24,0,0
2012-07-25,0,0
2012-07-26,0,0
2012-07-27,0,0
2012-07-28,0,0
2012-07-29,0,0
2012-07-30,0,0
2012-07-31,0,0
2012-08-01,0,0
2012-08-02,0,0
2012-08-03,0,0
2012-08-04,0,0
2012-08-05,0,0
2012-08-06,0,0
2012-08-07,0,0
2012-08-08,0,0
2012-08-09,0,0
2012-08-10,0,0
2012-08-11,0,0
2012-08-12,0,0
2012-08-13,0,0
2012-08-14,0,0
2012-08-15,0,0
2012-08-16,0,0
2012-08-17,0,0
2012-08-18,0,0
2012-08-19,0,0
2012-08-20,0,0
2012-08-21,0,0
2012-08-22,0,0
2012-08-23,0,0
2012-08-24,0,0
2012-08-25,0,0
2012-08-26,0,0
2012-08-27,0,0
2012-08-28,0,0
2012-08-29,0,0
2012-08-30,0,0
2012-08-31,0,0
2012-09-01,0,0
2012-09-02,0,0
2012-09-03,0,0
2012-09-04,0,0
2012-09-05,0,0
2012-09-06,0,0
2012-09-07,0,0
2012-09-08,0,0
2012-09-09,0,0
2012-09-10,0,0
2012-09-11,0,0
2012-09-12,0,0
2012-09-13,0,0
2012-09-14,0,0
2012-09-15,0,0
2012-09-16,0,0
2012-09-17,0,0
2012-09-18,0,0
2012-09-19,0,0
2012-09-20,0,0
2012-09-21,0,0
2012-09-22,0,0
2012-09-23,0,0
2012-09-24,0,0
2012-09-25,0,0
2012-09-26,0,0
2012-09-27,0,0
2012-09-28,0,0
2012-09-29,0,0
2012-09-30,0,0
2012-10-01,0,0
2012-10-02,0,0
2012-10-03,0,0
2012-10-04,0,0
2012-10-05,0,0
2012-10-06,0,0
2012-10-07,0,0
2012-10-08,0,0
2012-10-09,0,0
2012-10-10,0,0
2012-10-11,0,0
2012-10-12,0,0
2012-10-13,0,0
2012-10-14,0,0
2012-10-15,0,0
2012-10-16,0,0
2012-10-17,0,0
2012-10-18,0,0
2012-10-19,0,0
2012-10-20,0,0
2012-10-21,0,0
2012-10-22,0,0
2012-10-23,0,0
2012-10-24,0,0
2012-10-25,0,0
2012-10-26,0,0
2012-10-27,0,0
2012-10-28,0,0
2012-10-29,0,0
2012-10-30,0,0
2012-10-31,0,0
2012-11-01,0,0
2012-11-02,0,0
2012-11-03,0,0
2012-11-04,0,0
2012-11-05,0,0
2012-11-06,0,0
2012-11-07,0,0
2012-11-08,0,0
2012-11-09,0,0
2012-11-10,0,0
2012-11-11,0,0
2012-11-12,0,0
2012-11-13,0,0
2012-11-14,0,0
2012-11-15,0,0
2012-11-16,0,0
2012-11-17,0,0
2012-11-18,0,0
2012-11-19,0,0
2012-11-20,0,0
2012-11-21,0,0
2012-11-22,0,0
2012-11-23,0,0
2012-11-24,0,0
2012-11-25,0,0
2012-11-26,0,0
2012-11-27,0,0
2012-11-28,0,0
2012-11-29,0,0
2012-11-30,0,0
2012-12-01,0,0
2012-12-02,0,0
2012-12-03,0,0
2012-12-04,0,0
2012-12-05,0,0
2012-12-06,0,0
2012-12-07,0,0
2012-12-08,0,0
2012-12-09,0,0
2012-12-10,0,0
2012-12-11,0,0
2012-12-12,0,0
2012-12-13,0,0
2012-12-14,0,0
2012-12-15,0,0
2012-12-16,0,0
2012-12-17,0,0
2012-12-18,0,0
2012-12-19,0,0
2012-12-20,0,0
2012-12-21,0,0
2012-12-22,0,0
2012-12-23,0,0
2012-12-24,0,0
2012-12-25,0,0
2012-12-26,0,0
2012-12-27,0,0
2012-12-28,0,0
2012-12-29,0,0
2012-12-30,0,0
2012-12-31,0,0
2013-01-01,0,0
2013-01-02,0,0
2013-01-03,0,0
2013-01-04,0,0
2013-01-05,0,0
2013-01-06,0,0
2013-01-07,0,0
2013-01-08,0,0
2013-01-09,0,0
2013-01-10,0,0
2013-01-11,0,0
2013-01-12,0,0
2013-01-13,0,0
2013-01-14,0,0
2013-01-15,0,0
2013-01-16,0,0
2013-01-17,0,0
2013-01-18,0,0
2013-01-19,0,0
2013-01-20,0,0
2013-01-21,0,0
2013-01-22,0,0
2013-01-23,0,0
2013-01-24,0,0
2013-01-25,0,0
2013-01-26,0,0
2013-01-27,0,0
2013-01-28,0,0
2013-01-29,0,0
2013-01-30,0,0
2013-01-31,0,0
2013-02-01,0,0
2013-02-02,0,0
2013-02-03,0,0
2013-02-04,0,0
2013-02-05,0,0
2013-02-06,0,0
2013-02-07,0,0
2013-02-08,0,0
2013-02-09,0,0
2013-02-10,0,0
2013-02-11,0,0
2013-02-12,0,0
2013-02-13,0,0
2013-02-14,0,0
2013-02-15,0,0
2013-02-16,0,0
2013-02-17,0,0
2013-02-18,0,0
2013-02-19,0,0
2013-02-20,0,0
2013-02-21,0,0
2013-02-22,0,0
2013-02-23,0,0
2013-02-24,0,0
2013-02-25,0,0
2013-02-26,0,0
2013-02-27,0,0
2013-02-28,0,0
2013-03-01,0,0
2013-03-02,0,0
2013-03-03,0,0
2013-03-04,0,0
2013-03-05,0,0
2013-03-06,0,0
2013-03-07,0,0
2013-03-08,0,0
2013-03-09,0,0
2013-03-10,0,0
2013-03-11,0,0
2013-03-12,0,0
2013-03-13,0,0
2013-03-14,0,0
2013-03-15,0,0
2013-03-16,0,0
2013-03-17,0,0
2013-03-18,0,0
2013-03-19,0,0
2013-03-20,0,0
2013-03-21,0,0
2013-03-22,0,0
2013-03-23,0,0
2013-03-24,0,0
2013-03-25,0,0
2013-03-26,0,0
2013-03-27,0,0
2013-03-28,0,0
2013-03-29,0,0
2013-03-30,0,0
2013-03-31,0,0
2013-04-01,0,0
2013-04-02,0,0
2013-04-03,0,0
2013-04-04,0,0
2013-04-05,0,0
2013-04-06,0,0
2013-04-07,0,0
2013-04-08,0,0
2013-04-09,0,0
2013-04-10,0,0
2013-04-11,0,0
2013-04-12,0,0
2013-04-13,0,0
2013-04-14,0,0
2013-04-15,0,0
2013-04-16,0,0
2013-04-17,0,0
2013-04-18,0,0
2013-04-19,0,0
2013-04-20,0,0
2013-04-21,0,0
2013-04-22,0,0
2013-04-23,0,0
2013-04-24,0,0
2013-04-25,0,0
2013-04-26,0,0
2013-04-27,0,0
2013-04-28,0,0
2013-04-29,0,0
2013-04-30,0,0
2013-05-01,0,0
2013-05-02,0,0
2013-05-03,0,0
2013-05-04,0,0
2013-05-05,0,0
2013-05-06,0,0
2013-05-07,0,0
2013-05-08,0,0
2013-05-09,0,0
2013-05-10,0,0
2013-05-11,0,0
2013-05-12,0,0
2013-05-13,0,0
2013-05-14,0,0
2013-05-15,0,0
2013-05-16,0,0
2013-05-17,0,0
2013-05-18,0,0
2013-05-19,0,0
2013-05-20,0,0
2013-05-21,0,0
2013-05-22,0,0
2013-05-23,0,0
2013-05-24,0,0
2013-05-25,0,0
2013-05-26,0,0
2013-05-27,0,0
2013-05-28,0,0
2013-05-29,0,0
2013-05-30,0,0
2013-05-31,0,0
2013-06-01,0,0
2013-06-02,0,0
2013-06-03,0,0
2013-06-04,0,0
2013-06-05,0,0
2013-06-06,0,0
2013-06-07,0,0
2013-06-08,0,0
2013-06-09,0,0
2013-06-10,0,0
2013-06-11,0,0
2013-06-12,0,0
2013-06-13,0,0
2013-06-14,0,0
2013-06-15,0,0
2013-06-16,0,0
2013-06-17,0,0
2013-06-18,0,0
2013-06-19,0,0
2013-06-20,0,0
2013-06-21,0,0
2013-06-22,0,0
2013-06-23,0,0
2013-06-24,0,0
2013-06-25,0,0
2013-06-26,0,0
2013-06-27,0,0
2013-06-28,0,0
2013-06-29,0,0
2013-06-30,0,0
2013-07-01,0,0
2013-07-02,0,0
2013-07-03,0,0
2013-07-04,0,0
2013-07-05,0,0
2013-07-06,0,0
2013-07-07,0,0
2013-07-08,0,0
2013-07-09,0,0
2013-07-10,0,0
2013-07-11,0,0
2013-07-12,0,0
2013-07-13,0,0
2013-07-14,0,0
2013-07-15,0,0
2013-07-16,0,0
2013-07-17,0,0
2013-07-18,0,0
2013-07-19,0,0
2013-07-20,0,0
2013-07-21,0,0
2013-07-22,0,0
2013-07-23,0,0
2013-07-24,0,0
2013-07-25,0,0
2013-07-26,0,0
2013-07-27,0,0
2013-07-28,0,0
2013-07-29,0,0
2013-07-30,0,0
2013-07-31,0,0
2013-08-01,0,0
2013-08-02,0,0
2013-08-03,0,0
2013-08-04,0,0
2013-08-05,0,0
2013-08-06,0,0
2013-08-07,0,0
2013-08-08,0,0
2013-08-09,0,0
2013-08-10,0,0
2013-08-11,0,0
2013-08-12,0,0
2013-08-13,0,0
2013-08-14,0,0
2013-08-15,0,0
2013-08-16,0,0
2013-08-17,0,0
2013-08-18,0,0
2013-08-19,0,0
2013-08-20,0,0
2013-08-21,0,0
2013-08-22,0,0
2013-08-23,0,0
2013-08-24,0,0
2013-08-25,0,0
2013-08-26,0,0
2013-08-27,0,0
2013-08-28,0,0
2013-08-29,0,0
2013-08-30,0,0
2013-08-31,0,0
2013-09-01,0,0
2013-09-02,0,0
2013-09-03,0,0
2013-09-04,0,0
2013-09-05,0,0
2013-09-06,0,0
2013-09-07,0,0
2013-09-08,0,0
2013-09-09,0,0
2013-09-10,0,0
2013-09-11,0,0
2013-09-12,0,0
2013-09-13,0,0
2013-09-14,0,0
2013-09-15,0,0
2013-09-16,0,0
2013-09-17,0,0
2013-09-18,0,0
2013-09-19,0,0
2013-09-20,0,0
2013-09-21,0,0
2013-09-22,0,0
2013-09-23,0,0
2013-09-24,0,0
2013-09-25,0,0
2013-09-26,0,0
2013-09-27,0,0
2013-09-28,0,0
2013-09-29,0,0
2013-09-30,0,0
2013-10-01,0,0
2013-10-02,0,0
2013-10-03,0,0
2013-10-04,0,0
2013-10-05,0,0
2013-10-06,0,0
2013-10-07,0,0
2013-10-08,0,0
2013-10-09,0,0
2013-10-10,0,0
2013-10-11,0,0
2013-10-12,0,0
2013-10-13,0,0
2013-10-14,0,0
2013-10-15,0,0
2013-10-16,0,0
2013-10-17,0,0
2013-10-18,0,0
2013-10-19,0,0
2013-10-20,0,0
2013-10-21,0,0
2013-10-22,0,0
2013-10-23,0,0
2013-10-24,0,0
2013-10-25,0,0
2013-10-26,0,0
2013-10-27,0,0
2013-10-28,0,0
2013-10-29,0,0
2013-10-30,0,0
2013-10-31,0,0
2013-11-01,0,0
2013-11-02,0,0
2013-11-03,0,0
2013-11-04,0,0
2013-11-05,0,0
2013-11-06,0,0
2013-11-07,0,0
2013-11-08,0,0
2013-11-09,0,0
2013-11-10,0,0
2013-11-11,0,0
2013-11-12,0,0
2013-11-13,0,0
2013-11-14,0,0
2013-11-15,0,0
2013-11-16,0,0
2013-11-17,0,0
2013-11-18,0,0
2013-11-19,0,0
2013-11-20,0,0
2013-11-21,0,0
2013-11-22,0,0
2013-11-23,0,0
2013-11-24,0,0
2013-11-25,0,0
2013-11-26,0,0
2013-11-27,0,0
2013-11-28,0,0
2013-11-29,0,0
2013-11-30,0,0
2013-12-01,0,0
2013-12-02,0,0
2013-12-03,0,0
2013-12-04,0,0
2013-12-05,0,0
2013-12-06,0,0
2013-12-07,0,0
2013-12-08,0,0
2013-12-09,0,0
2013-12-10,0,0
2013-12-11,0,0
2013-12-12,0,0
2013-12-13,0,0
2013-12-14,0,0
2013-12-15,0,0
2013-12-16,0,0
2013-12-17,0,0
2013-12-18,0,0
2013-12-19,0,0
2013-12-20,0,0
2013-12-21,0,0
2013-12-22,0,0
2013-12-23,0,0
2013-12-24,0,0
2013-12-25,0,0
2013-12-26,0,0
2013-12-27,0,0
2013-12-28,0,0
2013-12-29,0,0
2013-12-30,0,0
2013-12-31,0,0
2014-01-01,0,0
2014-01-02,0,0
2014-01-03,0,0
2014-01-04,0,0
2014-01-05,0,0
2014-01-06,0,0
2014-01-07,0,0
2014-01-08,0,0
2014-01-09,0,0
2014-01-10,0,0
2014-01-11,0,0
2014-01-12,0,0
2014-01-13,0,0
2014-01-14,0,0
2014-01-15,0,0
2014-01-16,0,0
2014-01-17,0,0
2014-01-18,0,0
2014-01-19,0,0
2014-01-20,0,0
2014-01-21,0,0
2014-01-22,0,0
2014-01-23,0,0
2014-01-24,0,0
2014-01-25,0,0
2014-01-26,0,0
2014-01-27,0,0
2014-01-28,0,0
2014-01-29,0,0
2014-01-30,0,0
2014-01-31,0,0
2014-02-01,0,0
2014-02-02,0,0
2014-02-03,0,0
2014-02-04,0,0
2014-02-05,0,0
2014-02-06,0,0
2014-02-07,0,0
2014-02-08,0,0
2014-02-09,0,0
2014-02-10,0,0
2014-02-11,0,0
2014-02-12,0,0
2014-02-13,0,0
2014-02-14,0,0
2014-02-15,0,0
2014-02-16,0,0
2014-02-17,0,0
2014-02-18,0,0
2014-02-19,0,0
2014-02-20,0,0
2014-02-21,0,0
2014-02-22,0,0
2014-02-23,0,0
2014-02-24,0,0
2014-02-25,0,0
2014-02-26,0,0
2014-02-27,0,0
2014-02-28,0,0
2014-03-01,0,0
2014-03-02,0,0
2014-03-03,0,0
2014-03-04,0,0
2014-03-05,0,0
2014-03-06,0,0
2014-03-07,0,0
2014-03-08,0,0
2014-03-09,0,0
2014-03-10,0,0
2014-03-11,0,0
2014-03-12,0,0
2014-03-13,0,0
2014-03-14,0,0
2014-03-15,0,0
2014-03-16,0,0
2014-03-17,0,0
2014-03-18,0,0
2014-03-19,0,0
2014-03-20,0,0
2014-03-21,0,0
2014-03-22,0,0
2014-03-23,0,0
2014-03-24,0,0
2014-03-25,0,0
2014-03-26,0,0
2014-03-27,0,0
2014-03-28,0,0
2014-03-29,0,0
2014-03-30,0,0
2014-03-31,0,0
2014-04-01,0,0
2014-04-02,0,0
2014-04-03,0,0
2014-04-04,0,0
2014-04-05,0,0
2014-04-06,0,0
2014-04-07,0,0
2014-04-08,0,0
2014-04-09,0,0
2014-04-10,0,0
2014-04-11,0,0
2014-04-12,0,0
2014-04-13,0,0
2014-04-14,0,0
2014-04-15,0,0
2014-04-16,0,0
2014-04-17,0,0
2014-04-18,0,0
2014-04-19,0,0
2014-04-20,0,0
2014-04-21,0,0
2014-04-22,0,0
2014-04-23,0,0
2014-04-24,0,0
2014-04-25,0,0
2014-04-26,0,0
2014-04-27,0,0
2014-04-28,0,0
2014-04-29,0,0
2014-04-30,0,0
2014-05-01,0,0
2014-05-02,0,0
2014-05-03,0,0
2014-05-04,0,0
2014-05-05,0,0
2014-05-06,0,0
2014-05-07,0,0
2014-05-08,0,0
2014-05-09,0,0
2014-05-10,0,0
2014-05-11,0,0
2014-05-12,0,0
2014-05-13,0,0
2014-05-14,0,0
2014-05-15,0,0
2014-05-16,0,0
2014-05-17,0,0
2014-05-18,0,0
2014-05-19,0,0
2014-05-20,0,0
2014-05-21,0,0
2014-05-22,0,0
2014-05-23,0,0
2014-05-24,0,0
2014-05-25,0,0
2014-05-26,0,0
2014-05-27,0,0
2014-05-28,0,0
2014-05-29,0,0
2014-05-30,0,0
2014-05-31,0,0
2014-06-01,0,0
2014-06-02,0,0
2014-06-03,0,0
2014-06-04,0,0
2014-06-05,0,0
2014-06-06,0,0
2014-06-07,0,0
2014-06-08,0,0
2014-06-09,0,0
2014-06-10,0,0
2014-06-11,0,0
2014-06-12,0,0
2014-06-13,0,0
2014-06-14,0,0
2014-06-15,0,0
2014-06-16,0,0
2014-06-17,0,0
2014-06-18,0,0
2014-06-19,0,0
2014-06-20,0,0
2014-06-21,0,0
2014-06-22,0,0
2014-06-23,0,0
2014-06-24,0,0
2014-06-25,0,0
2014-06-26,0,0
2014-06-27,0,0
2014-06-28,0,0
2014-06-29,0,0
2014-06-30,0,0
2014-07-01,0,0
2014-07-02,0,0
2014-07-03,0,0
2014-07-04,0,0
2014-07-05,0,0
2014-07-06,0,0
2014-07-07,0,0
2014-07-08,0,0
2014-07-09,0,0
2014-07-10,0,0
2014-07-11,0,0
2014-07-12,0,0
2014-07-13,0,0
2014-07-14,0,0
2014-07-15,0,0
2014-07-16,0,0
2014-07-17,0,0
2014-07-18,0,0
2014-07-19,0,0
2014-07-20,0,0
2014-07-21,0,0
2014-07-22,0,0
2014-07-23,0,0
2014-07-24,0,0
2014-07-25,0,0
2014-07-26,0,0
2014-07-27,0,0
2014-07-28,0,0
2014-07-29,0,0
2014-07-30,0,0
2014-07-31,0,0
2014-08-01,0,0
2014-08-02,0,0
2014-08-03,0,0
2014-08-04,0,0
2014-08-05,0,0
2014-08-06,0,0
2014-08-07,0,0
2014-08-08,0,0
2014-08-09,0,0
2014-08-10,0,0
2014-08-11,0,0
2014-08-12,0,0
2014-08-13,0,0
2014-08-14,0,0
2014-08-15,0,0
2014-08-16,0,0
2014-08-17,0,0
2014-08-18,0,0
2014-08-19,0,0
2014-08-20,0,0
2014-08-21,0,0
2014-08-22,0,0
2014-08-23,0,0
2014-08-24,0,0
2014-08-25,0,0
2014-08-26,0,0
2014-08-27,0,0
2014-08-28,0,0
2014-08-29,0,0
2014-08-30,0,0
2014-08-31,0,0
2014-09-01,0,0
2014-09-02,0,0
2014-09-03,0,0
2014-09-04,0,0
2014-09-05,0,0
2014-09-06,0,0
2014-09-07,0,0
2014-09-08,0,0
2014-09-09,0,0
2014-09-10,0,0
2014-09-11,0,0
2014-09-12,0,0
2014-09-13,0,0
2014-09-14,0,0
2014-09-15,0,0
2014-09-16,0,0
2014-09-17,0,0
2014-09-18,0,0
2014-09-19,0,0
2014-09-20,0,0
2014-09-21,0,0
2014-09-22,0,0
2014-09-23,0,0
2014-09-24,0,0
2014-09-25,0,0
2014-09-26,0,0
2014-09-27,0,0
2014-09-28,0,0
2014-09-29,0,0
2014-09-30,0,0
2014-10-01,0,0
2014-10-02,0,0
2014-10-03,0,0
2014-10-04,0,0
2014-10-05,0,0
2014-10-06,0,0
2014-10-07,0,0
2014-10-08,0,0
2014-10-09,0,0
2014-10-10,0,0
2014-10-11,0,0
2014-10-12,0,0
2014-10-13,0,0
2014-10-14,0,0
2014-10-15,0,0
2014-10-16,0,0
2014-10-17,0,0
2014-10-18,0,0
2014-10-19,0,0
2014-10-20,0,0
2014-10-21,0,0
2014-10-22,0,0
2014-10-23,0,0
2014-10-24,0,0
2014-10-25,0,0
2014-10-26,0,0
2014-10-27,0,0
2014-10-28,0,0
2014-10-29,0,0
2014-10-30,0,0
2014-10-31,0,0
2014-11-01,0,0
2014-11-02,0,0
2014-11-03,0,0
2014-11-04,0,0
2014-11-05,0,0
2014-11-06,0,0
2014-11-07,0,0
2014-11-08,0,0
2014-11-09,0,0
2014-11-10,252,252
2014-11-11,252,252
2014-11-12,259,293
2014-11-13,198,337
2014-11-14,177,294
2014-11-15,177,177
2014-11-16,174,177
2014-11-17,257,263
2014-11-18,379,389
2014-11-19,229,431
2014-11-20,127,245
2014-11-21,108,192
2014-11-22,108,108
2014-11-23,108,108
2014-11-24,214,263
2014-11-25,276,302
2014-11-26,142,298
2014-11-27,142,142
2014-11-28,133,225
2014-11-29,133,133
2014-11-30,133,133
2014-12-01,241,250
2014-12-02,242,329
2014-12-03,172,258
2014-12-04,143,202
2014-12-05,119,249
2014-12-06,119,119
2014-12-07,119,119
2014-12-08,251,264
2014-12-09,260,263
2014-12-10,201,262
2014-12-11,79,227
2014-12-12,141,189
2014-12-13,141,141
2014-12-14,141,141
2014-12-15,268,278
2014-12-16,357,439
2014-12-17,241,368
2014-12-18,153,294
2014-12-19,153,261
2014-12-20,153,153
2014-12-21,151,153
2014-12-22,253,300
2014-12-23,133,362
2014-12-24,178,197
2014-12-25,178,178
2014-12-26,178,178
2014-12-27,178,178
2014-12-28,178,178
2014-12-29,89,246
2014-12-30,96,183
2014-12-31,42,120
2015-01-01,42,42
2015-01-02,134,143
2015-01-03,134,134
2015-01-04,134,134
2015-01-05,256,270
2015-01-06,252,308
2015-01-07,95,253
2015-01-08,109,162
2015-01-09,115,209
2015-01-10,115,115
2015-01-11,115,115
2015-01-12,204,220
2015-01-13,303,316
2015-01-14,309,373
2015-01-15,176,348
2015-01-16,292,299
2015-01-17,292,292
2015-01-18,292,292
2015-01-19,206,340
2015-01-20,216,318
2015-01-21,216,304
2015-01-22,209,283
2015-01-23,144,300
2015-01-24,144,144
2015-01-25,144,144
2015-01-26,71,151
2015-01-27,223,233
2015-01-28,236,261
2015-01-29,124,268
2015-01-30,164,249
2015-01-31,164,164
2015-02-01,164,164
2015-02-02,262,263
2015-02-03,250,317
2015-02-04,123,250
2015-02-05,91,163
2015-02-06,115,184
2015-02-07,114,115
2015-02-08,114,114
2015-02-09,106,193
2015-02-10,201,208
2015-02-11,167,216
2015-02-12,149,234
2015-02-13,169,172
2015-02-14,169,169
2015-02-15,169,169
2015-02-16,169,169
2015-02-17,229,367
2015-02-18,238,326
2015-02-19,163,297
2015-02-20,106,180
2015-02-21,106,106
2015-02-22,106,106
2015-02-23,201,292
2015-02-24,294,300
2015-02-25,218,297
2015-02-26,205,269
2015-02-27,81,229
2015-02-28,81,81
2015-03-01,81,81
2015-03-02,140,197
2015-03-03,165,167
2015-03-04,265,265
2015-03-05,157,272
2015-03-06,108,249
2015-03-07,108,108
2015-03-08,108,108
2015-03-09,242,255
2015-03-10,347,352
2015-03-11,259,350
2015-03-12,184,311
2015-03-13,183,276
2015-03-14,73,183
2015-03-15,73,73
2015-03-16,123,150
2015-03-17,238,239
2015-03-18,127,250
2015-03-19,110,163
2015-03-20,138,219
2015-03-21,138,138
2015-03-22,138,138
2015-03-23,368,381
2015-03-24,380,386
2015-03-25,370,414
2015-03-26,362,505
2015-03-27,163,456
2015-03-28,163,163
2015-03-29,163,163
2015-03-30,140,234
2015-03-31,138,214
2015-04-01,25,142
2015-04-02,58,80
2015-04-03,178,178
2015-04-04,178,178
2015-04-05,177,178
2015-04-06,362,365
2015-04-07,347,442
2015-04-08,261,441
2015-04-09,144,279
2015-04-10,35,166
2015-04-11,35,35
2015-04-12,35,35
2015-04-13,137,163
2015-04-14,275,279
2015-04-15,270,304
2015-04-16,79,280
2015-04-17,63,130
2015-04-18,63,63
2015-04-19,63,63
2015-04-20,219,231
2015-04-21,272,369
2015-04-22,193,275
2015-04-23,210,255
2015-04-24,143,300
2015-04-25,143,143
2015-04-26,143,143
2015-04-27,162,242
2015-04-28,256,265
2015-04-29,115,294
2015-04-30,86,197
2015-05-01,185,187
2015-05-02,185,185
2015-05-03,185,185
2015-05-04,282,335
2015-05-05,311,374
2015-05-06,92,312
2015-05-07,103,138
2015-05-08,153,254
2015-05-09,153,153
2015-05-10,153,153
2015-05-11,282,285
2015-05-12,344,351
2015-05-13,195,374
2015-05-14,92,274
2015-05-15,124,200
2015-05-16,124,124
2015-05-17,126,126
2015-05-18,330,373
2015-05-19,375,380
2015-05-20,218,407
2015-05-21,269,295
2015-05-22,270,459
2015-05-23,270,270
2015-05-24,270,270
2015-05-25,270,270
2015-05-26,295,416
2015-05-27,273,395
2015-05-28,177,307
2015-05-29,99,252
2015-05-30,99,99
2015-05-31,99,99
2015-06-01,254,278
2015-06-02,291,351
2015-06-03,84,302
2015-06-04,135,165
2015-06-05,61,179
2015-06-06,61,61
2015-06-07,61,61
2015-06-08,279,302
2015-06-09,311,313
2015-06-10,208,326
2015-06-11,147,283
2015-06-12,99,236
2015-06-13,99,99
2015-06-14,99,99
2015-06-15,233,245
2015-06-16,347,350
2015-06-17,201,377
2015-06-18,207,252
2015-06-19,151,340
2015-06-20,151,151
2015-06-21,151,151
2015-06-22,245,258
2015-06-23,295,299
2015-06-24,190,354
2015-06-25,179,312
2015-06-26,123,270
2015-06-27,123,123
2015-06-28,123,123
2015-06-29,270,276
2015-06-30,246,312
2015-07-01,101,312
2015-07-02,174,205
2015-07-03,107,176
2015-07-04,107,107
2015-07-05,107,107
2015-07-06,189,195
2015-07-07,253,337
2015-07-08,251,253
2015-07-09,172,327
2015-07-10,131,257
2015-07-11,131,131
2015-07-12,131,131
2015-07-13,162,288
2015-07-14,278,286
2015-07-15,179,292
2015-07-16,161,234
2015-07-17,130,268
2015-07-18,130,130
2015-07-19,130,130
2015-07-20,216,248
2015-07-21,240,248
2015-07-22,194,313
2015-07-23,262,291
2015-07-24,262,433
2015-07-25,262,262
2015-07-26,262,262
2015-07-27,335,412
2015-07-28,283,400
2015-07-29,178,285
2015-07-30,149,256
2015-07-31,128,259
2015-08-01,128,128
2015-08-02,128,128
2015-08-03,298,345
2015-08-04,273,342
2015-08-05,170,275
2015-08-06,155,260
2015-08-07,80,206
2015-08-08,160,160
2015-08-09,160,160
2015-08-10,318,322
2015-08-11,343,348
2015-08-12,158,404
2015-08-13,141,216
2015-08-14,142,273
2015-08-15,142,142
2015-08-16,142,142
2015-08-17,238,250
2015-08-18,276,279
2015-08-19,199,301
2015-08-20,260,292
2015-08-21,113,325
2015-08-22,113,113
2015-08-23,113,113
2015-08-24,230,257
2015-08-25,313,317
2015-08-26,245,373
2015-08-27,207,292
2015-08-28,242,387
2015-08-29,242,242
2015-08-30,242,242
2015-08-31,169,253
2015-09-01,296,303
2015-09-02,227,344
2015-09-03,228,319
2015-09-04,166,373
2015-09-05,166,166
2015-09-06,166,166
2015-09-07,166,166
2015-09-08,308,313
2015-09-09,120,356
2015-09-10,131,195
2015-09-11,154,284
2015-09-12,154,154
2015-09-13,162,162
2015-09-14,204,213
2015-09-15,270,270
2015-09-16,166,278
2015-09-17,133,249
2015-09-18,223,285
2015-09-19,223,223
2015-09-20,223,223
2015-09-21,319,326
2015-09-22,354,360
2015-09-23,184,405
2015-09-24,221,298
2015-09-25,261,404
2015-09-26,261,261
2015-09-27,260,261
2015-09-28,256,352
2015-09-29,280,284
2015-09-30,206,338
2015-10-01,181,293
2015-10-02,150,294
2015-10-03,150,150
2015-10-04,150,150
2015-10-05,288,302
2015-10-06,286,366
2015-10-07,100,287
2015-10-08,73,111
2015-10-09,217,281
2015-10-10,217,217
2015-10-11,217,217
2015-10-12,217,217
2015-10-13,362,363
2015-10-14,241,384
2015-10-15,158,293
2015-10-16,139,281
2015-10-17,139,139
2015-10-18,139,139
2015-10-19,229,237
2015-10-20,325,325
2015-10-21,199,343
2015-10-22,255,255
2015-10-23,254,411
2015-10-24,223,279
2015-10-25,223,223
2015-10-26,261,328
2015-10-27,264,264
2015-10-28,227,360
2015-10-29,175,311
2015-10-30,186,330
2015-10-31,189,189
2015-11-01,189,189
2015-11-02,277,280
2015-11-03,141,287
2015-11-04,96,163
2015-11-05,182,208
2015-11-06,242,395
2015-11-07,242,242
2015-11-08,242,242
2015-11-09,293,311
2015-11-10,282,383
2015-11-11,282,282
2015-11-12,168,298
2015-11-13,184,291
2015-11-14,184,184
2015-11-15,184,184
2015-11-16,202,285
2015-11-17,215,219
2015-11-18,224,321
2015-11-19,149,290
2015-11-20,174,257
2015-11-21,173,174
2015-11-22,173,173
2015-11-23,214,313
2015-11-24,224,277
2015-11-25,192,300
2015-11-26,192,192
2015-11-27,164,239
2015-11-28,164,164
2015-11-29,178,180
2015-11-30,312,431
2015-12-01,311,392
2015-12-02,133,326
2015-12-03,222,241
2015-12-04,260,438
2015-12-05,260,260
2015-12-06,260,260
2015-12-07,326,334
2015-12-08,355,355
2015-12-09,234,398
2015-12-10,214,277
2015-12-11,192,394
2015-12-12,192,192
2015-12-13,192,192
2015-12-14,277,286
2015-12-15,319,326
2015-12-16,189,378
2015-12-17,221,291
2015-12-18,104,311
2015-12-19,104,104
2015-12-20,104,104
2015-12-21,179,182
2015-12-22,153,251
2015-12-23,176,295
2015-12-24,175,176
2015-12-25,175,175
2015-12-26,175,175
2015-12-27,175,175
2015-12-28,180,269
2015-12-29,144,254
2015-12-30,109,236
2015-12-31,108,109
2016-01-01,108,108
2016-01-02,108,108
2016-01-03,108,108
2016-01-04,254,271
2016-01-05,168,277
2016-01-06,154,180
2016-01-07,183,275
2016-01-08,206,371
2016-01-09,206,206
2016-01-10,206,206
2016-01-11,272,280
2016-01-12,321,322
2016-01-13,173,371
2016-01-14,151,216
2016-01-15,168,303
2016-01-16,169,169
2016-01-17,169,169
2016-01-18,169,169
2016-01-19,274,292
2016-01-20,219,310
2016-01-21,142,318
2016-01-22,256,341
2016-01-23,256,256
2016-01-24,256,256
2016-01-25,198,256
2016-01-26,262,271
2016-01-27,248,419
2016-01-28,207,287
2016-01-29,211,380
2016-01-30,211,211
2016-01-31,211,211
2016-02-01,331,343
2016-02-02,285,361
2016-02-03,250,371
2016-02-04,186,304
2016-02-05,148,313
2016-02-06,148,148
2016-02-07,148,148
2016-02-08,239,240
2016-02-09,286,288
2016-02-10,129,304
2016-02-11,104,154
2016-02-12,141,245
2016-02-13,141,141
2016-02-14,141,141
2016-02-15,141,141
2016-02-16,232,241
2016-02-17,157,280
2016-02-18,105,213
2016-02-19,122,207
2016-02-20,122,122
2016-02-21,122,122
2016-02-22,122,122
2016-02-23,282,288
2016-02-24,146,349
2016-02-25,205,219
2016-02-26,276,374
2016-02-27,276,276
2016-02-28,276,276
2016-02-29,286,375
2016-03-01,234,318
2016-03-02,182,264
2016-03-03,154,235
2016-03-04,173,305
2016-03-05,173,173
2016-03-06,173,173
2016-03-07,242,247
2016-03-08,267,267
2016-03-09,244,405
2016-03-10,171,277
2016-03-11,146,313
2016-03-12,146,146
2016-03-13,146,146
2016-03-14,252,257
2016-03-15,275,277
2016-03-16,233,340
2016-03-17,158,276
2016-03-18,135,290
2016-03-19,135,135
2016-03-20,135,135
2016-03-21,138,177
2016-03-22,170,173
2016-03-23,105,197
2016-03-24,136,182
2016-03-25,312,313
2016-03-26,312,312
2016-03-27,312,312
2016-03-28,341,402
2016-03-29,356,358
2016-03-30,243,451
2016-03-31,214,293
2016-04-01,185,350
2016-04-02,185,185
2016-04-03,185,185
2016-04-04,278,292
2016-04-05,270,366
2016-04-06,137,271
2016-04-07,106,195
2016-04-08,122,186
2016-04-09,122,122
2016-04-10,122,122
2016-04-11,256,267
2016-04-12,310,313
2016-04-13,126,331
2016-04-14,143,191
2016-04-15,82,202
2016-04-16,82,82
2016-04-17,82,82
2016-04-18,238,242
2016-04-19,250,252
2016-04-20,160,269
2016-04-21,156,229
2016-04-22,229,334
2016-04-23,229,229
2016-04-24,229,229
2016-04-25,292,342
2016-04-26,310,315
2016-04-27,180,389
2016-04-28,134,203
2016-04-29,181,306
2016-04-30,181,181
2016-05-01,181,181
2016-05-02,239,286
2016-05-03,211,294
2016-05-04,87,220
2016-05-05,94,108
2016-05-06,137,222
2016-05-07,137,137
2016-05-08,137,137
2016-05-09,293,297
2016-05-10,336,338
2016-05-11,164,349
2016-05-12,181,227
2016-05-13,107,284
2016-05-14,107,107
2016-05-15,107,107
2016-05-16,150,156
2016-05-17,172,174
2016-05-18,133,195
2016-05-19,101,166
2016-05-20,181,248
2016-05-21,181,181
2016-05-22,181,181
2016-05-23,259,264
2016-05-24,298,298
2016-05-25,174,343
2016-05-26,173,258
2016-05-27,163,283
2016-05-28,163,163
2016-05-29,163,163
2016-05-30,108,163
2016-05-31,208,211
2016-06-01,174,304
2016-06-02,179,232
2016-06-03,247,335
2016-06-04,247,247
2016-06-05,247,247
2016-06-06,277,322
2016-06-07,256,318
2016-06-08,145,311
2016-06-09,211,240
2016-06-10,156,288
2016-06-11,156,156
2016-06-12,156,156
2016-06-13,292,295
2016-06-14,322,323
2016-06-15,249,342
2016-06-16,149,348
2016-06-17,200,273
2016-06-18,200,200
2016-06-19,200,200
2016-06-20,242,307
2016-06-21,288,290
2016-06-22,120,296
2016-06-23,208,227
2016-06-24,161,307
2016-06-25,161,161
2016-06-26,161,161
2016-06-27,227,293
2016-06-28,236,238
2016-06-29,189,280
2016-06-30,232,317
2016-07-01,182,325
2016-07-02,182,182
2016-07-03,182,182
2016-07-04,182,182
2016-07-05,169,237
2016-07-06,200,279
2016-07-07,170,300
2016-07-08,184,251
2016-07-09,184,184
2016-07-10,184,184
2016-07-11,278,281
2016-07-12,244,331
2016-07-13,92,276
2016-07-14,129,165
2016-07-15,159,217
2016-07-16,159,159
2016-07-17,159,159
2016-07-18,264,270
2016-07-19,320,320
2016-07-20,233,381
2016-07-21,275,369
2016-07-22,192,398
2016-07-23,193,193
2016-07-24,192,193
2016-07-25,176,286
2016-07-26,324,324
2016-07-27,272,507
2016-07-28,129,340
2016-07-29,147,236
2016-07-30,147,147
2016-07-31,147,147
2016-08-01,262,266
2016-08-02,263,349
2016-08-03,126,295
2016-08-04,188,204
2016-08-05,162,270
2016-08-06,162,162
2016-08-07,162,162
2016-08-08,235,286
2016-08-09,300,301
2016-08-10,217,329
2016-08-11,180,287
2016-08-12,148,258
2016-08-13,148,148
2016-08-14,148,148
2016-08-15,225,231
2016-08-16,293,294
2016-08-17,134,298
2016-08-18,291,321
2016-08-19,148,370
2016-08-20,148,148
2016-08-21,148,148
2016-08-22,274,279
2016-08-23,313,317
2016-08-24,257,373
2016-08-25,225,400
2016-08-26,213,348
2016-08-27,213,213
2016-08-28,215,215
2016-08-29,168,273
2016-08-30,241,243
2016-08-31,102,241
2016-09-01,245,263
2016-09-02,161,326
2016-09-03,161,161
2016-09-04,161,161
2016-09-05,161,161
2016-09-06,249,286
2016-09-07,171,315
2016-09-08,230,339
2016-09-09,119,277
2016-09-10,119,119
2016-09-11,119,119
2016-09-12,232,238
2016-09-13,294,294
2016-09-14,212,294
2016-09-15,219,329
2016-09-16,167,316
2016-09-17,167,167
2016-09-18,167,167
2016-09-19,204,266
2016-09-20,261,262
2016-09-21,154,332
2016-09-22,212,281
2016-09-23,191,291
2016-09-24,192,192
2016-09-25,198,198
2016-09-26,205,280
2016-09-27,290,321
2016-09-28,239,386
2016-09-29,194,354
2016-09-30,190,349
2016-10-01,189,190
2016-10-02,188,189
2016-10-03,298,300
2016-10-04,354,364
2016-10-05,172,386
2016-10-06,180,258
2016-10-07,230,326
2016-10-08,230,230
2016-10-09,230,230
2016-10-10,230,230
2016-10-11,317,327
2016-10-12,278,450
2016-10-13,165,344
2016-10-14,183,329
2016-10-15,183,183
2016-10-16,183,183
2016-10-17,261,274
2016-10-18,306,313
2016-10-19,124,366
2016-10-20,133,170
2016-10-21,114,235
2016-10-22,114,114
2016-10-23,114,114
2016-10-24,235,238
2016-10-25,327,349
2016-10-26,293,385
2016-10-27,296,444
2016-10-28,174,396
2016-10-29,174,174
2016-10-30,174,174
2016-10-31,302,367
2016-11-01,315,449
2016-11-02,198,442
2016-11-03,176,332
2016-11-04,89,263
2016-11-05,89,89
2016-11-06,89,89
2016-11-07,273,275
2016-11-08,256,290
2016-11-09,216,315
2016-11-10,183,341
2016-11-11,200,204
2016-11-12,200,200
2016-11-13,200,200
2016-11-14,230,313
2016-11-15,265,277
2016-11-16,201,336
2016-11-17,166,241
2016-11-18,168,250
2016-11-19,168,168
2016-11-20,168,168
2016-11-21,317,335
2016-11-22,324,391
2016-11-23,243,404
2016-11-24,243,243
2016-11-25,224,329
2016-11-26,224,224
2016-11-27,224,224
2016-11-28,273,404
2016-11-29,347,409
2016-11-30,196,389
2016-12-01,121,237
2016-12-02,107,202
2016-12-03,107,107
2016-12-04,206,206
2016-12-05,310,419
2016-12-06,333,469
2016-12-07,204,411
2016-12-08,196,250
2016-12-09,272,378
2016-12-10,272,272
2016-12-11,273,273
2016-12-12,176,366
2016-12-13,364,386
2016-12-14,220,406
2016-12-15,248,353
2016-12-16,270,474
2016-12-17,270,270
2016-12-18,270,270
2016-12-19,297,460
2016-12-20,328,328
2016-12-21,281,383
2016-12-22,268,400
2016-12-23,236,412
2016-12-24,236,236
2016-12-25,234,236
2016-12-26,234,234
2016-12-27,295,413
2016-12-28,273,358
2016-12-29,222,440
2016-12-30,197,267
2016-12-31,196,197
2017-01-01,196,196
2017-01-02,196,196
2017-01-03,166,321
2017-01-04,313,316
2017-01-05,286,391
2017-01-06,281,464
2017-01-07,281,281
2017-01-08,281,281
2017-01-09,244,428
2017-01-10,328,372
2017-01-11,174,389
2017-01-12,265,345
2017-01-13,292,443
2017-01-14,292,292
2017-01-15,292,292
2017-01-16,294,397
2017-01-17,302,314
2017-01-18,292,528
2017-01-19,334,474
2017-01-20,309,603
2017-01-21,309,309
2017-01-22,309,309
2017-01-23,305,440
2017-01-24,345,441
2017-01-25,223,425
2017-01-26,330,396
2017-01-27,238,480
2017-01-28,238,238
2017-01-29,362,370
2017-01-30,205,481
2017-01-31,313,314
2017-02-01,262,382
2017-02-02,313,432
2017-02-03,210,482
2017-02-04,259,259
2017-02-05,259,259
2017-02-06,300,413
2017-02-07,351,404
2017-02-08,198,423
2017-02-09,259,334
2017-02-10,165,416
2017-02-11,165,165
2017-02-12,165,165
2017-02-13,162,321
2017-02-14,260,270
2017-02-15,252,291
2017-02-16,229,360
2017-02-17,243,432
2017-02-18,243,243
2017-02-19,243,243
2017-02-20,123,251
2017-02-21,272,302
2017-02-22,177,352
2017-02-23,293,432
2017-02-24,232,462
2017-02-25,232,232
2017-02-26,232,232
2017-02-27,149,360
2017-02-28,187,189
2017-03-01,264,264
2017-03-02,250,357
2017-03-03,207,407
2017-03-04,207,207
2017-03-05,207,207
2017-03-06,285,418
2017-03-07,298,405
2017-03-08,168,317
2017-03-09,228,311
2017-03-10,182,395
2017-03-11,182,182
2017-03-12,182,182
2017-03-13,224,366
2017-03-14,306,309
2017-03-15,308,308
2017-03-16,332,498
2017-03-17,183,501
2017-03-18,183,183
2017-03-19,183,183
2017-03-20,183,322
2017-03-21,275,276
2017-03-22,209,318
2017-03-23,363,406
2017-03-24,279,476
2017-03-25,228,281
2017-03-26,228,228
2017-03-27,161,336
2017-03-28,353,353
2017-03-29,302,474
2017-03-30,238,419
2017-03-31,103,291
2017-04-01,103,103
2017-04-02,103,103
2017-04-03,248,287
2017-04-04,333,445
2017-04-05,239,497
2017-04-06,270,351
2017-04-07,202,414
2017-04-08,202,202
2017-04-09,202,202
2017-04-10,274,300
2017-04-11,325,379
2017-04-12,149,375
2017-04-13,151,230
2017-04-14,150,235
2017-04-15,150,150
2017-04-16,150,150
2017-04-17,293,309
2017-04-18,382,448
2017-04-19,293,524
2017-04-20,336,474
2017-04-21,300,465
2017-04-22,300,300
2017-04-23,300,300
2017-04-24,305,453
2017-04-25,376,383
2017-04-26,295,558
2017-04-27,327,493
2017-04-28,211,469
2017-04-29,211,211
2017-04-30,211,211
2017-05-01,331,356
2017-05-02,355,460
2017-05-03,172,440
2017-05-04,335,369
2017-05-05,154,459
2017-05-06,154,154
2017-05-07,154,154
2017-05-08,332,346
2017-05-09,369,382
2017-05-10,338,480
2017-05-11,276,531
2017-05-12,192,437
2017-05-13,192,192
2017-05-14,192,192
2017-05-15,299,314
2017-05-16,369,375
2017-05-17,196,448
2017-05-18,240,314
2017-05-19,220,360
2017-05-20,220,220
2017-05-21,220,220
2017-05-22,332,353
2017-05-23,300,388
2017-05-24,329,455
2017-05-25,243,404
2017-05-26,225,427
2017-05-27,225,225
2017-05-28,225,225
2017-05-29,225,226
2017-05-30,330,444
2017-05-31,188,398
2017-06-01,187,277
2017-06-02,111,286
2017-06-03,111,111
2017-06-04,111,111
2017-06-05,319,337
2017-06-06,348,458
2017-06-07,290,448
2017-06-08,310,447
2017-06-09,173,430
2017-06-10,172,173
2017-06-11,172,172
2017-06-12,324,340
2017-06-13,365,369
2017-06-14,186,461
2017-06-15,217,285
2017-06-16,144,345
2017-06-17,144,144
2017-06-18,144,144
2017-06-19,245,270
2017-06-20,357,367
2017-06-21,351,534
2017-06-22,357,478
2017-06-23,165,464
2017-06-24,165,165
2017-06-25,165,165
2017-06-26,235,303
2017-06-27,354,361
2017-06-28,196,483
2017-06-29,169,282
2017-06-30,115,251
2017-07-01,115,115
2017-07-02,115,115
2017-07-03,252,267
2017-07-04,252,252
2017-07-05,325,398
2017-07-06,252,440
2017-07-07,152,393
2017-07-08,152,152
2017-07-09,152,152
2017-07-10,313,328
2017-07-11,322,397
2017-07-12,172,418
2017-07-13,194,250
2017-07-14,164,345
2017-07-15,164,164
2017-07-16,164,164
2017-07-17,295,314
2017-07-18,333,334
2017-07-19,284,414
2017-07-20,212,366
2017-07-21,203,388
2017-07-22,203,203
2017-07-23,203,203
2017-07-24,239,250
2017-07-25,348,351
2017-07-26,263,515
2017-07-27,238,388
2017-07-28,246,426
2017-07-29,246,246
2017-07-30,246,246
2017-07-31,335,409
2017-08-01,335,418
2017-08-02,286,428
2017-08-03,265,449
2017-08-04,238,374
2017-08-05,238,238
2017-08-06,238,238
2017-08-07,334,373
2017-08-08,379,416
2017-08-09,270,540
2017-08-10,223,336
2017-08-11,141,358
2017-08-12,141,141
2017-08-13,141,141
2017-08-14,309,315
2017-08-15,347,361
2017-08-16,336,457
2017-08-17,305,468
2017-08-18,272,471
2017-08-19,196,272
2017-08-20,196,196
2017-08-21,301,332
2017-08-22,346,390
2017-08-23,264,580
2017-08-24,190,309
2017-08-25,163,321
2017-08-26,163,163
2017-08-27,163,163
2017-08-28,264,321
2017-08-29,274,295
2017-08-30,327,457
2017-08-31,229,416
2017-09-01,298,447
2017-09-02,298,298
2017-09-03,298,298
2017-09-04,298,298
2017-09-05,370,482
2017-09-06,194,492
2017-09-07,275,327
2017-09-08,258,354
2017-09-09,283,288
2017-09-10,283,283
2017-09-11,285,367
2017-09-12,319,322
2017-09-13,317,450
2017-09-14,215,355
2017-09-15,266,352
2017-09-16,266,266
2017-09-17,265,266
2017-09-18,345,363
2017-09-19,388,471
2017-09-20,229,555
2017-09-21,248,307
2017-09-22,264,399
2017-09-23,264,264
2017-09-24,264,264
2017-09-25,370,487
2017-09-26,382,434
2017-09-27,340,465
2017-09-28,269,453
2017-09-29,125,363
2017-09-30,125,125
2017-10-01,124,125
2017-10-02,335,344
2017-10-03,342,485
2017-10-04,91,380
2017-10-05,50,125
2017-10-06,188,225
2017-10-07,188,188
2017-10-08,188,188
2017-10-09,188,188
2017-10-10,324,336
2017-10-11,237,450
2017-10-12,247,395
2017-10-13,217,378
2017-10-14,218,218
2017-10-15,217,218
2017-10-16,340,353
2017-10-17,364,390
2017-10-18,194,536
2017-10-19,301,372
2017-10-20,172,342
2017-10-21,172,172
2017-10-22,172,172
2017-10-23,357,373
2017-10-24,349,385
2017-10-25,276,503
2017-10-26,313,396
2017-10-27,279,429
2017-10-28,279,279
2017-10-29,279,279
2017-10-30,345,409
2017-10-31,321,400
2017-11-01,276,430
2017-11-02,177,399
2017-11-03,285,358
2017-11-04,285,285
2017-11-05,285,285
2017-11-06,368,460
2017-11-07,328,461
2017-11-08,283,480
2017-11-09,229,404
2017-11-10,225,304
2017-11-11,225,225
2017-11-12,225,225
2017-11-13,327,355
2017-11-14,347,379
2017-11-15,302,520
2017-11-16,253,416
2017-11-17,180,353
2017-11-18,180,180
2017-11-19,180,180
2017-11-20,302,353
2017-11-21,354,461
2017-11-22,266,495
2017-11-23,266,266
2017-11-24,128,326
2017-11-25,138,138
2017-11-26,138,138
2017-11-27,290,353
2017-11-28,351,378
2017-11-29,243,491
2017-11-30,234,317
2017-12-01,182,339
2017-12-02,181,182
2017-12-03,181,181
2017-12-04,325,338
2017-12-05,329,431
2017-12-06,317,447
2017-12-07,238,456
2017-12-08,215,345
2017-12-09,257,258
2017-12-10,257,257
2017-12-11,351,459
2017-12-12,362,375
2017-12-13,255,499
2017-12-14,166,371
2017-12-15,87,195
2017-12-16,87,87
2017-12-17,87,87
2017-12-18,345,360
2017-12-19,377,395
2017-12-20,374,503
2017-12-21,275,519
2017-12-22,251,406
2017-12-23,251,251
2017-12-24,251,251
2017-12-25,251,251
2017-12-26,304,391
2017-12-27,191,417
2017-12-28,225,258
2017-12-29,157,268
2017-12-30,157,157
2017-12-31,157,157
2018-01-01,157,157
2018-01-02,332,365
2018-01-03,269,391
2018-01-04,244,400
2018-01-05,133,313
2018-01-06,133,133
2018-01-07,133,133
2018-01-08,291,306
2018-01-09,308,342
2018-01-10,140,363
2018-01-11,195,302
2018-01-12,71,255
2018-01-13,71,78
2018-01-14,71,71
2018-01-15,71,71
2018-01-16,182,191
2018-01-17,254,260
2018-01-18,244,391
2018-01-19,227,412
2018-01-20,227,227
2018-01-21,227,227
2018-01-22,334,350
2018-01-23,371,412
2018-01-24,157,431
2018-01-25,175,247
2018-01-26,188,223
2018-01-27,188,188
2018-01-28,189,189
2018-01-29,310,383
2018-01-30,352,381
2018-01-31,277,478
2018-02-01,293,437
2018-02-02,244,446
2018-02-03,244,244
2018-02-04,244,244
2018-02-05,375,408
2018-02-06,350,488
2018-02-07,276,542
2018-02-08,183,331
2018-02-09,146,277
2018-02-10,146,146
2018-02-11,146,146
2018-02-12,255,270
2018-02-13,311,374
2018-02-14,313,447
2018-02-15,235,424
2018-02-16,176,307
2018-02-17,176,176
2018-02-18,175,176
2018-02-19,176,176
2018-02-20,343,431
2018-02-21,279,484
2018-02-22,247,392
2018-02-23,194,377
2018-02-24,193,194
2018-02-25,193,193
2018-02-26,238,319
2018-02-27,313,338
2018-02-28,315,442
2018-03-01,264,440
2018-03-02,158,361
2018-03-03,158,158
2018-03-04,158,158
2018-03-05,364,380
2018-03-06,341,471
2018-03-07,165,405
2018-03-08,269,291
2018-03-09,241,385
2018-03-10,241,241
2018-03-11,241,241
2018-03-12,236,357
2018-03-13,286,313
2018-03-14,246,375
2018-03-15,314,408
2018-03-16,192,399
2018-03-17,191,192
2018-03-18,190,191
2018-03-19,355,386
2018-03-20,326,438
2018-03-21,217,455
2018-03-22,259,379
2018-03-23,158,273
2018-03-24,158,158
2018-03-25,158,158
2018-03-26,198,274
2018-03-27,240,242
2018-03-28,209,332
2018-03-29,182,269
2018-03-30,151,238
2018-03-31,151,151
2018-04-01,151,151
2018-04-02,323,336
2018-04-03,331,447
2018-04-04,233,468
2018-04-05,257,348
2018-04-06,148,386
2018-04-07,148,148
2018-04-08,148,148
2018-04-09,310,322
2018-04-10,346,446
2018-04-11,240,435
2018-04-12,225,335
2018-04-13,236,368
2018-04-14,236,236
2018-04-15,236,236
2018-04-16,365,413
2018-04-17,355,526
2018-04-18,229,504
2018-04-19,218,288
2018-04-20,194,362
2018-04-21,193,194
2018-04-22,193,193
2018-04-23,304,361
2018-04-24,318,351
2018-04-25,316,465
2018-04-26,262,426
2018-04-27,283,457
2018-04-28,283,283
2018-04-29,283,283
2018-04-30,349,436
2018-05-01,369,397
2018-05-02,357,530
2018-05-03,293,383
2018-05-04,232,414
2018-05-05,232,232
2018-05-06,232,232
2018-05-07,208,314
2018-05-08,329,352
2018-05-09,336,478
2018-05-10,315,490
2018-05-11,160,390
2018-05-12,160,160
2018-05-13,160,160
2018-05-14,309,335
2018-05-15,323,411
2018-05-16,220,456
2018-05-17,196,292
2018-05-18,158,315
2018-05-19,158,158
2018-05-20,158,158
2018-05-21,293,324
2018-05-22,336,388
2018-05-23,239,408
2018-05-24,225,331
2018-05-25,210,369
2018-05-26,122,210
2018-05-27,122,122
2018-05-28,122,122
2018-05-29,325,329
2018-05-30,257,455
2018-05-31,246,356
2018-06-01,167,379
2018-06-02,168,168
2018-06-03,168,168
2018-06-04,359,381
2018-06-05,318,442
2018-06-06,345,426
2018-06-07,339,477
2018-06-08,254,407
2018-06-09,257,293
2018-06-10,256,257
2018-06-11,210,338
2018-06-12,348,392
2018-06-13,323,419
2018-06-14,362,484
2018-06-15,229,490
2018-06-16,229,229
2018-06-17,229,229
2018-06-18,290,419
2018-06-19,248,355
2018-06-20,193,249
2018-06-21,299,397
2018-06-22,261,434
2018-06-23,261,261
2018-06-24,261,261
2018-06-25,257,410
2018-06-26,317,403
2018-06-27,248,356
2018-06-28,165,330
2018-06-29,121,230
2018-06-30,121,121
2018-07-01,121,121
2018-07-02,308,387
2018-07-03,282,453
2018-07-04,174,282
2018-07-05,143,294
2018-07-06,198,292
2018-07-07,198,198
2018-07-08,198,198
2018-07-09,315,368
2018-07-10,327,380
2018-07-11,316,438
2018-07-12,315,399
2018-07-13,208,443
2018-07-14,208,208
2018-07-15,208,208
2018-07-16,334,393
2018-07-17,384,467
2018-07-18,380,514
2018-07-19,178,400
2018-07-20,202,313
2018-07-21,202,202
2018-07-22,201,202
2018-07-23,325,435
2018-07-24,343,414
2018-07-25,342,484
2018-07-26,333,525
2018-07-27,207,449
2018-07-28,207,207
2018-07-29,207,207
2018-07-30,146,291
2018-07-31,203,243
2018-08-01,235,236
2018-08-02,221,363
2018-08-03,193,310
2018-08-04,193,193
2018-08-05,193,193
2018-08-06,278,280
2018-08-07,328,405
2018-08-08,290,390
2018-08-09,255,392
2018-08-10,157,365
2018-08-11,157,157
2018-08-12,157,157
2018-08-13,247,250
2018-08-14,344,365
2018-08-15,342,453
2018-08-16,313,472
2018-08-17,229,374
2018-08-18,229,229
2018-08-19,229,229
2018-08-20,291,370
2018-08-21,339,436
2018-08-22,233,368
2018-08-23,263,386
2018-08-24,271,439
2018-08-25,271,271
2018-08-26,271,271
2018-08-27,270,386
2018-08-28,307,347
2018-08-29,342,355
2018-08-30,350,535
2018-08-31,337,520
2018-09-01,337,337
2018-09-02,337,337
2018-09-03,336,337
2018-09-04,317,522
2018-09-05,231,361
2018-09-06,178,302
2018-09-07,178,324
2018-09-08,178,178
2018-09-09,178,178
2018-09-10,219,223
2018-09-11,285,333
2018-09-12,337,390
2018-09-13,350,487
2018-09-14,161,443
2018-09-15,161,161
2018-09-16,162,162
2018-09-17,247,269
2018-09-18,304,398
2018-09-19,275,401
2018-09-20,286,402
2018-09-21,190,377
2018-09-22,190,190
2018-09-23,190,190
2018-09-24,178,242
2018-09-25,251,304
2018-09-26,313,355
2018-09-27,307,485
2018-09-28,229,451
2018-09-29,229,229
2018-09-30,229,229
2018-10-01,313,357
2018-10-02,320,429
2018-10-03,274,407
2018-10-04,319,410
2018-10-05,171,399
2018-10-06,171,171
2018-10-07,171,171
2018-10-08,171,171
2018-10-09,374,440
2018-10-10,301,468
2018-10-11,174,391
2018-10-12,229,309
2018-10-13,229,229
2018-10-14,229,229
2018-10-15,322,323
2018-10-16,336,427
2018-10-17,239,384
2018-10-18,318,411
2018-10-19,200,386
2018-10-20,200,200
2018-10-21,151,217
2018-10-22,209,217
2018-10-23,317,351
2018-10-24,377,435
2018-10-25,339,515
2018-10-26,276,505
2018-10-27,276,276
2018-10-28,276,276
2018-10-29,219,338
2018-10-30,364,416
2018-10-31,280,532
2018-11-01,232,335
2018-11-02,253,401
2018-11-03,253,253
2018-11-04,253,253
2018-11-05,275,351
2018-11-06,297,391
2018-11-07,305,364
2018-11-08,293,449
2018-11-09,59,312
2018-11-10,59,59
2018-11-11,140,140
2018-11-12,93,170
2018-11-13,236,294
2018-11-14,273,413
2018-11-15,261,290
2018-11-16,304,451
2018-11-17,304,304
2018-11-18,304,304
2018-11-19,349,379
2018-11-20,333,556
2018-11-21,336,561
2018-11-22,336,336
2018-11-23,271,493
2018-11-24,271,271
2018-11-25,253,296
2018-11-26,227,344
2018-11-27,324,361
2018-11-28,254,391
2018-11-29,189,352
2018-11-30,223,318
2018-12-01,223,223
2018-12-02,223,223
2018-12-03,229,284
2018-12-04,261,339
2018-12-05,333,383
2018-12-06,339,471
2018-12-07,171,465
2018-12-08,171,171
2018-12-09,171,171
2018-12-10,260,260
2018-12-11,341,393
2018-12-12,280,443
2018-12-13,280,430
2018-12-14,251,442
2018-12-15,251,251
2018-12-16,251,251
2018-12-17,304,396
2018-12-18,326,404
2018-12-19,340,474
2018-12-20,309,529
2018-12-21,209,473
2018-12-22,209,209
2018-12-23,208,209
2018-12-24,208,208
2018-12-25,208,208
2018-12-26,262,424
2018-12-27,114,281
2018-12-28,158,251
2018-12-29,158,158
2018-12-30,158,158
2018-12-31,239,282
2019-01-01,239,239
2019-01-02,303,332
2019-01-03,268,456
2019-01-04,211,321
2019-01-05,211,211
2019-01-06,211,211
2019-01-07,253,312
2019-01-08,180,297
2019-01-09,137,271
2019-01-10,165,235
2019-01-11,198,312
2019-01-12,198,198
2019-01-13,198,198
2019-01-14,193,223
2019-01-15,314,327
2019-01-16,284,389
2019-01-17,345,404
2019-01-18,288,549
2019-01-19,288,288
2019-01-20,288,288
2019-01-21,340,344
2019-01-22,318,467
2019-01-23,246,462
2019-01-24,328,456
2019-01-25,253,498
2019-01-26,253,253
2019-01-27,253,253
2019-01-28,202,324
2019-01-29,294,310
2019-01-30,305,353
2019-01-31,279,456
2019-02-01,224,440
2019-02-02,223,224
2019-02-03,223,223
2019-02-04,229,276
2019-02-05,268,366
2019-02-06,280,432
2019-02-07,165,341
2019-02-08,119,270
2019-02-09,119,119
2019-02-10,119,119
2019-02-11,149,188
2019-02-12,220,224
2019-02-13,350,362
2019-02-14,318,533
2019-02-15,258,432
2019-02-16,258,258
2019-02-17,283,283
2019-02-18,283,283
2019-02-19,222,379
2019-02-20,115,247
2019-02-21,231,287
2019-02-22,229,368
2019-02-23,228,229
2019-02-24,228,228
2019-02-25,176,290
2019-02-26,316,352
2019-02-27,360,415
2019-02-28,281,506
2019-03-01,219,376
2019-03-02,219,219
2019-03-03,219,219
2019-03-04,250,285
2019-03-05,364,424
2019-03-06,359,500
2019-03-07,319,471
2019-03-08,140,384
2019-03-09,140,140
2019-03-10,140,140
2019-03-11,163,180
2019-03-12,324,338
2019-03-13,314,379
2019-03-14,275,430
2019-03-15,166,386
2019-03-16,166,166
2019-03-17,166,166
2019-03-18,263,300
2019-03-19,348,463
2019-03-20,382,429
2019-03-21,322,541
2019-03-22,202,435
2019-03-23,202,202
2019-03-24,202,202
2019-03-25,134,267
2019-03-26,316,330
2019-03-27,362,398
2019-03-28,319,524
2019-03-29,219,476
2019-03-30,219,219
2019-03-31,219,219
2019-04-01,273,328
2019-04-02,324,432
2019-04-03,309,417
2019-04-04,293,434
2019-04-05,176,436
2019-04-06,176,176
2019-04-07,176,176
2019-04-08,164,235
2019-04-09,337,343
2019-04-10,296,438
2019-04-11,321,554
2019-04-12,282,509
2019-04-13,282,282
2019-04-14,282,282
2019-04-15,177,311
2019-04-16,79,188
2019-04-17,80,147
2019-04-18,112,149
2019-04-19,219,241
2019-04-20,219,219
2019-04-21,219,219
2019-04-22,331,377
2019-04-23,384,417
2019-04-24,372,476
2019-04-25,328,586
2019-04-26,206,435
2019-04-27,195,223
2019-04-28,163,195
2019-04-29,115,207
2019-04-30,300,358
2019-05-01,386,388
2019-05-02,281,545
2019-05-03,230,384
2019-05-04,229,300
2019-05-05,229,229
2019-05-06,277,296
2019-05-07,355,455
2019-05-08,352,483
2019-05-09,220,447
2019-05-10,124,308
2019-05-11,124,124
2019-05-12,124,124
2019-05-13,223,228
2019-05-14,317,387
2019-05-15,284,408
2019-05-16,267,445
2019-05-17,182,340
2019-05-18,182,182
2019-05-19,182,182
2019-05-20,211,264
2019-05-21,243,345
2019-05-22,292,293
2019-05-23,338,475
2019-05-24,252,400
2019-05-25,242,273
2019-05-26,242,242
2019-05-27,286,287
2019-05-28,309,381
2019-05-29,322,474
2019-05-30,274,407
2019-05-31,205,428
2019-06-01,205,205
2019-06-02,205,205
2019-06-03,289,335
2019-06-04,280,431
2019-06-05,326,331
2019-06-06,256,457
2019-06-07,175,367
2019-06-08,175,175
2019-06-09,175,175
2019-06-10,265,318
2019-06-11,315,390
2019-06-12,321,472
2019-06-13,323,477
2019-06-14,179,477
2019-06-15,179,179
2019-06-16,179,179
2019-06-17,218,253
2019-06-18,197,341
2019-06-19,295,359
2019-06-20,303,462
2019-06-21,223,391
2019-06-22,223,223
2019-06-23,223,223
2019-06-24,351,385
2019-06-25,359,453
2019-06-26,347,519
2019-06-27,238,479
2019-06-28,153,366
2019-06-29,153,153
2019-06-30,153,153
2019-07-01,304,306
2019-07-02,256,408
2019-07-03,280,420
2019-07-04,280,280
2019-07-05,184,333
2019-07-06,184,184
2019-07-07,184,184
2019-07-08,225,258
2019-07-09,330,391
2019-07-10,357,545
2019-07-11,308,496
2019-07-12,191,431
2019-07-13,191,191
2019-07-14,191,191
2019-07-15,321,323
2019-07-16,225,430
2019-07-17,308,361
2019-07-18,288,391
2019-07-19,241,438
2019-07-20,241,241
2019-07-21,241,241
2019-07-22,336,342
2019-07-23,341,431
2019-07-24,323,528
2019-07-25,269,499
2019-07-26,222,423
2019-07-27,222,222
2019-07-28,225,225
2019-07-29,239,353
2019-07-30,220,366
2019-07-31,283,333
2019-08-01,291,384
2019-08-02,336,465
2019-08-03,336,336
2019-08-04,336,336
2019-08-05,364,411
2019-08-06,327,486
2019-08-07,368,496
2019-08-08,228,463
2019-08-09,260,396
2019-08-10,260,260
2019-08-11,260,260
2019-08-12,348,355
2019-08-13,300,489
2019-08-14,328,418
2019-08-15,361,474
2019-08-16,269,501
2019-08-17,269,269
2019-08-18,269,269
2019-08-19,361,381
2019-08-20,321,468
2019-08-21,292,491
2019-08-22,359,526
2019-08-23,282,496
2019-08-24,282,282
2019-08-25,286,286
2019-08-26,187,366
2019-08-27,354,396
2019-08-28,394,529
2019-08-29,355,598
2019-08-30,281,555
2019-08-31,281,281
2019-09-01,283,283
2019-09-02,336,355
2019-09-03,308,429
2019-09-04,305,416
2019-09-05,275,434
2019-09-06,206,425
2019-09-07,206,206
2019-09-08,206,206
2019-09-09,256,266
2019-09-10,358,401
2019-09-11,365,420
2019-09-12,298,516
2019-09-13,282,462
2019-09-14,282,282
2019-09-15,282,282
2019-09-16,335,408
2019-09-17,384,532
2019-09-18,316,549
2019-09-19,256,450
2019-09-20,167,369
2019-09-21,167,167
2019-09-22,222,223
2019-09-23,200,281
2019-09-24,363,387
2019-09-25,293,449
2019-09-26,319,484
2019-09-27,243,405
2019-09-28,242,243
2019-09-29,298,299
2019-09-30,200,385
2019-10-01,253,333
2019-10-02,259,362
2019-10-03,218,352
2019-10-04,218,372
2019-10-05,218,218
2019-10-06,218,218
2019-10-07,217,308
2019-10-08,384,441
2019-10-09,387,472
2019-10-10,336,482
2019-10-11,303,492
2019-10-12,303,303
2019-10-13,303,303
2019-10-14,255,373
2019-10-15,294,404
2019-10-16,340,425
2019-10-17,323,520
2019-10-18,229,501
2019-10-19,229,229
2019-10-20,228,229
2019-10-21,255,270
2019-10-22,258,370
2019-10-23,320,320
2019-10-24,289,540
2019-10-25,327,372
2019-10-26,327,327
2019-10-27,327,327
2019-10-28,297,483
2019-10-29,344,469
2019-10-30,381,519
2019-10-31,240,477
2019-11-01,289,388
2019-11-02,289,289
2019-11-03,289,289
2019-11-04,314,411
2019-11-05,331,521
2019-11-06,301,509
2019-11-07,218,358
2019-11-08,339,398
2019-11-09,339,339
2019-11-10,339,339
2019-11-11,364,464
2019-11-12,385,522
2019-11-13,335,540
2019-11-14,314,551
2019-11-15,325,537
2019-11-16,325,325
2019-11-17,325,325
2019-11-18,353,419
2019-11-19,330,469
2019-11-20,301,425
2019-11-21,227,383
2019-11-22,164,309
2019-11-23,164,164
2019-11-24,164,164
2019-11-25,254,314
2019-11-26,330,444
2019-11-27,254,458
2019-11-28,253,254
2019-11-29,267,460
2019-11-30,267,267
2019-12-01,267,267
2019-12-02,311,384
2019-12-03,334,471
2019-12-04,186,441
2019-12-05,323,448
2019-12-06,346,500
2019-12-07,346,346
2019-12-08,346,346
2019-12-09,300,374
2019-12-10,331,442
2019-12-11,338,562
2019-12-12,254,503
2019-12-13,236,357
2019-12-14,236,236
2019-12-15,236,236
2019-12-16,304,356
2019-12-17,321,441
2019-12-18,257,452
2019-12-19,265,474
2019-12-20,197,362
2019-12-21,197,197
2019-12-22,197,197
2019-12-23,276,324
2019-12-24,355,389
2019-12-25,355,355
2019-12-26,336,538
2019-12-27,168,404
2019-12-28,167,168
2019-12-29,167,167
2019-12-30,105,237
2019-12-31,160,222
2020-01-01,160,160
2020-01-02,291,314
2020-01-03,291,425
2020-01-04,291,291
2020-01-05,291,291
2020-01-06,283,393
2020-01-07,298,400
2020-01-08,216,367
2020-01-09,323,384
2020-01-10,284,504
2020-01-11,284,284
2020-01-12,284,284
2020-01-13,260,370
2020-01-14,350,405
2020-01-15,355,459
2020-01-16,274,445
2020-01-17,235,406
2020-01-18,235,235
2020-01-19,235,235
2020-01-20,248,312
2020-01-21,356,432
2020-01-22,392,548
2020-01-23,341,600
2020-01-24,278,404
2020-01-25,278,278
2020-01-26,278,278
2020-01-27,248,387
2020-01-28,303,451
2020-01-29,287,380
2020-01-30,250,403
2020-01-31,207,319
2020-02-01,207,207
2020-02-02,207,207
2020-02-03,318,403
2020-02-04,346,510
2020-02-05,269,448
2020-02-06,242,372
2020-02-07,140,333
2020-02-08,140,140
2020-02-09,139,140
2020-02-10,132,193
2020-02-11,290,332
2020-02-12,295,399
2020-02-13,270,398
2020-02-14,218,368
2020-02-15,218,218
2020-02-16,218,218
2020-02-17,393,440
2020-02-18,257,521
2020-02-19,308,383
2020-02-20,306,471
2020-02-21,261,440
2020-02-22,261,261
2020-02-23,261,261
2020-02-24,246,370
2020-02-25,355,406
2020-02-26,290,417
2020-02-27,252,386
2020-02-28,186,353
2020-02-29,186,186
2020-03-01,186,186
2020-03-02,264,299
2020-03-03,292,404
2020-03-04,257,394
2020-03-05,331,427
2020-03-06,184,425
2020-03-07,184,184
2020-03-08,184,184
2020-03-09,168,274
2020-03-10,226,288
2020-03-11,167,259
2020-03-12,322,355
2020-03-13,167,365
2020-03-14,167,167
2020-03-15,167,167
2020-03-16,272,321
2020-03-17,278,409
2020-03-18,199,370
2020-03-19,281,367
2020-03-20,245,357
2020-03-21,245,245
2020-03-22,189,245
2020-03-23,184,278
2020-03-24,165,298
2020-03-25,264,276
2020-03-26,340,474
2020-03-27,275,490
2020-03-28,275,275
2020-03-29,275,275
2020-03-30,327,378
2020-03-31,321,463
2020-04-01,159,339
2020-04-02,253,330
2020-04-03,115,258
2020-04-04,115,115
2020-04-05,115,115
2020-04-06,130,146
2020-04-07,27,130
2020-04-08,1,27
2020-04-09,1,1
2020-04-10,1,37
2020-04-11,1,1
2020-04-12,1,1
2020-04-13,1,1
2020-04-14,1,1
2020-04-15,1,1
2020-04-16,1,1
2020-04-17,1,2
2020-04-18,1,1
2020-04-19,1,1
2020-04-20,1,1
2020-04-21,1,1
2020-04-22,1,1
2020-04-23,1,1
2020-04-24,1,1
2020-04-25,1,1
2020-04-26,1,1
2020-04-27,22,22
2020-04-28,100,106
2020-04-29,137,138
2020-04-30,155,164
2020-05-01,142,185
2020-05-02,139,142
2020-05-03,147,147
2020-05-04,99,195
2020-05-05,61,127
2020-05-06,80,88
2020-05-07,81,105
2020-05-08,64,95
2020-05-09,64,64
2020-05-10,79,79
2020-05-11,58,118
2020-05-12,200,249
2020-05-13,144,206
2020-05-14,193,222
2020-05-15,269,315
2020-05-16,269,270
2020-05-17,281,281
2020-05-18,117,360
2020-05-19,85,166
2020-05-20,108,112
2020-05-21,196,197
2020-05-22,182,220
2020-05-23,182,182
2020-05-24,182,182
2020-05-25,184,249
2020-05-26,127,231
2020-05-27,136,145
2020-05-28,136,198
2020-05-29,136,207
2020-05-30,136,136
2020-05-31,183,183
2020-06-01,176,294
2020-06-02,66,208
2020-06-03,81,82
2020-06-04,124,130
2020-06-05,139,181
2020-06-06,139,139
2020-06-07,139,139
2020-06-08,214,215
2020-06-09,151,313
2020-06-10,176,230
2020-06-11,244,252
2020-06-12,49,248
2020-06-13,49,49
2020-06-14,49,49
2020-06-15,76,77
2020-06-16,83,146
2020-06-17,58,88
2020-06-18,220,231
2020-06-19,146,283
2020-06-20,146,146
2020-06-21,223,223
2020-06-22,110,252
2020-06-23,140,164
2020-06-24,137,173
2020-06-25,146,204
2020-06-26,59,159
2020-06-27,59,59
2020-06-28,59,59
2020-06-29,112,123
2020-06-30,77,170
2020-07-01,189,203
2020-07-02,213,265
2020-07-03,77,223
2020-07-04,77,77
2020-07-05,77,77
2020-07-06,107,108
2020-07-07,61,127
2020-07-08,188,216
2020-07-09,188,199
2020-07-10,50,198
2020-07-11,50,50
2020-07-12,50,50
2020-07-13,59,61
2020-07-14,100,114
2020-07-15,176,186
2020-07-16,146,193
2020-07-17,158,245
2020-07-18,158,158
2020-07-19,164,164
2020-07-20,132,226
2020-07-21,123,180
2020-07-22,286,353
2020-07-23,172,289
2020-07-24,136,216
2020-07-25,135,136
2020-07-26,135,135
2020-07-27,82,177
2020-07-28,139,157
2020-07-29,304,321
2020-07-30,276,376
2020-07-31,97,278
2020-08-01,97,97
2020-08-02,97,97
2020-08-03,131,135
2020-08-04,76,170
2020-08-05,144,157
2020-08-06,191,218
2020-08-07,112,277
2020-08-08,112,112
2020-08-09,135,135
2020-08-10,61,150
2020-08-11,104,126
2020-08-12,259,267
2020-08-13,209,260
2020-08-14,117,242
2020-08-15,117,117
2020-08-16,117,117
2020-08-17,151,159
2020-08-18,67,192
2020-08-19,120,148
2020-08-20,153,154
2020-08-21,58,163
2020-08-22,58,58
2020-08-23,55,58
2020-08-24,128,130
2020-08-25,212,272
2020-08-26,214,340
2020-08-27,214,214
2020-08-28,1,214
2020-08-29,1,1
2020-08-30,214,214
2020-08-31,274,276
2020-09-01,217,339
2020-09-02,198,291
2020-09-03,201,201
2020-09-04,114,228
2020-09-05,158,160
2020-09-06,158,158
2020-09-07,182,185
2020-09-08,144,237
2020-09-09,256,299
2020-09-10,273,276
2020-09-11,170,317
2020-09-12,170,170
2020-09-13,170,170
2020-09-14,154,227
2020-09-15,125,203
2020-09-16,266,273
2020-09-17,195,284
2020-09-18,80,204
2020-09-19,80,80
2020-09-20,80,80
2020-09-21,199,207
2020-09-22,157,267
2020-09-23,254,323
2020-09-24,239,294
2020-09-25,95,250
2020-09-26,95,95
2020-09-27,95,95
2020-09-28,84,118
2020-09-29,70,112
2020-09-30,202,210
2020-10-01,173,228
2020-10-02,126,232
2020-10-03,126,126
2020-10-04,126,126
2020-10-05,156,203
2020-10-06,123,200
2020-10-07,145,197
2020-10-08,161,192
2020-10-09,66,164
2020-10-10,66,66
2020-10-11,66,66
2020-10-12,68,71
2020-10-13,74,131
2020-10-14,196,203
2020-10-15,216,219
2020-10-16,126,231
2020-10-17,126,126
2020-10-18,126,126
2020-10-19,165,166
2020-10-20,140,191
2020-10-21,241,260
2020-10-22,301,384
2020-10-23,164,403
2020-10-24,164,164
2020-10-25,164,164
2020-10-26,108,233
2020-10-27,176,200
2020-10-28,198,243
2020-10-29,194,312
2020-10-30,64,194
2020-10-31,64,64
2020-11-01,64,64
2020-11-02,112,113
2020-11-03,121,176
2020-11-04,176,239
2020-11-05,72,182
2020-11-06,35,95
2020-11-07,35,35
2020-11-08,35,35
2020-11-09,50,53
2020-11-10,131,142
2020-11-11,224,280
2020-11-12,202,250
2020-11-13,164,253
2020-11-14,164,164
2020-11-15,164,164
2020-11-16,173,198
2020-11-17,165,229
2020-11-18,170,296
2020-11-19,57,173
2020-11-20,36,78
2020-11-21,36,36
2020-11-22,36,36
2020-11-23,57,68
2020-11-24,83,124
2020-11-25,214,234
2020-11-26,214,214
2020-11-27,78,216
2020-11-28,78,78
2020-11-29,78,78
2020-11-30,111,145
2020-12-01,107,172
2020-12-02,116,186
2020-12-03,108,132
2020-12-04,39,125
2020-12-05,39,39
2020-12-06,39,39
2020-12-07,78,82
2020-12-08,58,117
2020-12-09,164,173
2020-12-10,137,192
2020-12-11,102,154
2020-12-12,102,102
2020-12-13,102,102
2020-12-14,136,140
2020-12-15,81,184
2020-12-16,221,238
2020-12-17,173,249
2020-12-18,63,188
2020-12-19,63,63
2020-12-20,63,63
2020-12-21,64,67
2020-12-22,36,89
2020-12-23,113,118
2020-12-24,106,113
2020-12-25,106,106
2020-12-26,106,106
2020-12-27,106,106
2020-12-28,98,120
2020-12-29,49,114
2020-12-30,189,197
2020-12-31,167,189
2021-01-01,167,167
2021-01-02,167,167
2021-01-03,167,167
2021-01-04,247,260
2021-01-05,236,310
2021-01-06,321,435
2021-01-07,344,346
2021-01-08,271,405
2021-01-09,271,271
2021-01-10,271,271
2021-01-11,207,314
2021-01-12,174,269
2021-01-13,330,348
2021-01-14,269,363
2021-01-15,127,322
2021-01-16,127,130
2021-01-17,164,164
2021-01-18,178,222
2021-01-19,125,227
2021-01-20,279,290
2021-01-21,277,279
2021-01-22,242,277
2021-01-23,242,242
2021-01-24,242,242
2021-01-25,247,252
2021-01-26,218,248
2021-01-27,228,258
2021-01-28,252,281
2021-01-29,153,348
2021-01-30,155,155
2021-01-31,156,156
2021-02-01,120,156
2021-02-02,196,218
2021-02-03,302,369
2021-02-04,180,302
2021-02-05,106,189
2021-02-06,99,106
2021-02-07,99,99
2021-02-08,97,107
2021-02-09,109,138
2021-02-10,120,177
2021-02-11,123,127
2021-02-12,52,124
2021-02-13,52,52
2021-02-14,52,52
2021-02-15,52,52
2021-02-16,52,52
2021-02-17,52,52
2021-02-18,51,52
2021-02-19,34,63
2021-02-20,94,124
2021-02-21,94,94
2021-02-22,122,162
2021-02-23,69,156
2021-02-24,175,186
2021-02-25,136,176
2021-02-26,106,174
2021-02-27,106,106
2021-02-28,106,106
2021-03-01,144,144
2021-03-02,136,179
2021-03-03,177,243
2021-03-04,174,177
2021-03-05,55,174
2021-03-06,55,55
2021-03-07,55,55
2021-03-08,78,81
2021-03-09,121,121
2021-03-10,140,197
2021-03-11,77,140
2021-03-12,60,83
2021-03-13,60,60
2021-03-14,60,60
2021-03-15,66,68
2021-03-16,50,81
2021-03-17,68,97
2021-03-18,63,76
2021-03-19,27,74
2021-03-20,27,27
2021-03-21,26,27
2021-03-22,45,47
2021-03-23,69,69
2021-03-24,132,158
2021-03-25,105,132
2021-03-26,46,117
2021-03-27,46,46
2021-03-28,46,46
2021-03-29,6,46
2021-03-30,16,16
2021-03-31,55,56
2021-04-01,53,55
2021-04-02,72,78
2021-04-03,72,72
2021-04-04,72,72
2021-04-05,116,117
2021-04-06,115,155
2021-04-07,159,193
2021-04-08,156,159
2021-04-09,30,161
2021-04-10,30,30
2021-04-11,30,30
2021-04-12,50,51
2021-04-13,82,83
2021-04-14,162,194
2021-04-15,161,163
2021-04-16,70,175
2021-04-17,70,70
2021-04-18,70,70
2021-04-19,104,104
2021-04-20,114,146
2021-04-21,139,191
2021-04-22,137,140
2021-04-23,57,156
2021-04-24,57,57
2021-04-25,57,57
2021-04-26,73,75
2021-04-27,111,113
2021-04-28,140,178
2021-04-29,112,141
2021-04-30,119,132
2021-05-01,119,119
2021-05-02,119,119
2021-05-03,147,147
2021-05-04,137,169
2021-05-05,124,200
2021-05-06,121,125
2021-05-07,29,128
2021-05-08,29,29
2021-05-09,29,29
2021-05-10,50,51
2021-05-11,94,105
2021-05-12,158,186
2021-05-13,158,158
2021-05-14,62,158
2021-05-15,62,62
2021-05-16,62,62
2021-05-17,100,103
2021-05-18,117,148
2021-05-19,211,250
2021-05-20,188,213
2021-05-21,70,210
2021-05-22,70,70
2021-05-23,70,70
2021-05-24,89,90
2021-05-25,109,112
2021-05-26,193,224
2021-05-27,152,201
2021-05-28,109,195
2021-05-29,109,109
2021-05-30,109,109
2021-05-31,135,135
2021-06-01,89,147
2021-06-02,84,125
2021-06-03,47,84
2021-06-04,43,61
2021-06-05,43,43
2021-06-06,43,43
2021-06-07,51,51
2021-06-08,103,103
2021-06-09,151,191
2021-06-10,151,153
2021-06-11,105,181
2021-06-12,105,105
2021-06-13,105,105
2021-06-14,124,132
2021-06-15,127,169
2021-06-16,156,212
2021-06-17,160,163
2021-06-18,74,176
2021-06-19,74,74
2021-06-20,75,75
2021-06-21,96,101
2021-06-22,125,130
2021-06-23,155,179
2021-06-24,119,156
2021-06-25,50,137
2021-06-26,50,50
2021-06-27,50,50
2021-06-28,85,89
2021-06-29,131,148
2021-06-30,186,227
2021-07-01,193,198
2021-07-02,95,209
2021-07-03,95,95
2021-07-04,95,95
2021-07-05,128,128
2021-07-06,124,184
2021-07-07,126,170
2021-07-08,145,148
2021-07-09,116,203
2021-07-10,116,116
2021-07-11,116,116
2021-07-12,133,133
2021-07-13,176,176
2021-07-14,206,254
2021-07-15,205,206
2021-07-16,61,216
2021-07-17,61,61
2021-07-18,61,61
2021-07-19,93,94
2021-07-20,95,134
2021-07-21,157,197
2021-07-22,139,157
2021-07-23,78,157
2021-07-24,77,79
2021-07-25,77,77
2021-07-26,92,92
2021-07-27,123,127
2021-07-28,173,214
2021-07-29,139,173
2021-07-30,80,154
2021-07-31,80,80
2021-08-01,80,80
2021-08-02,110,111
2021-08-03,63,137
2021-08-04,116,147
2021-08-05,105,116
2021-08-06,67,117
2021-08-07,67,67
2021-08-08,67,67
2021-08-09,80,80
2021-08-10,104,105
2021-08-11,176,209
2021-08-12,171,176
2021-08-13,85,187
2021-08-14,85,85
2021-08-15,85,85
2021-08-16,109,109
2021-08-17,127,166
2021-08-18,196,207
2021-08-19,196,196
2021-08-20,78,213
2021-08-21,78,78
2021-08-22,84,84
2021-08-23,100,100
2021-08-24,117,118
2021-08-25,213,216
2021-08-26,118,213
2021-08-27,76,146
2021-08-28,76,76
2021-08-29,76,76
2021-08-30,76,76
2021-08-31,115,118
2021-09-01,185,201
2021-09-02,143,185
2021-09-03,59,158
2021-09-04,58,59
2021-09-05,58,58
2021-09-06,111,113
2021-09-07,81,133
2021-09-08,94,128
2021-09-09,79,94
2021-09-10,29,96
2021-09-11,29,29
2021-09-12,29,29
2021-09-13,44,44
2021-09-14,67,78
2021-09-15,124,129
2021-09-16,119,131
2021-09-17,66,133
2021-09-18,66,66
2021-09-19,66,66
2021-09-20,65,66
2021-09-21,85,106
2021-09-22,262,263
2021-09-23,162,262
2021-09-24,77,178
2021-09-25,77,77
2021-09-26,77,77
2021-09-27,95,118
2021-09-28,148,151
2021-09-29,267,268
2021-09-30,168,269
2021-10-01,63,203
2021-10-02,44,63
2021-10-03,44,44
2021-10-04,82,83
2021-10-05,55,103
2021-10-06,83,90
2021-10-07,89,97
2021-10-08,50,116
2021-10-09,50,50
2021-10-10,50,50
2021-10-11,58,58
2021-10-12,95,95
2021-10-13,187,189
2021-10-14,151,188
2021-10-15,55,163
2021-10-16,55,55
2021-10-17,55,55
2021-10-18,75,77
2021-10-19,72,122
2021-10-20,155,158
2021-10-21,151,155
2021-10-22,70,167
2021-10-23,70,70
2021-10-24,70,70
2021-10-25,81,93
2021-10-26,112,122
2021-10-27,204,206
2021-10-28,219,248
2021-10-29,205,231
2021-10-30,205,205
2021-10-31,205,205
2021-11-01,221,226
2021-11-02,233,249
2021-11-03,254,357
2021-11-04,170,254
2021-11-05,23,188
2021-11-06,23,23
2021-11-07,23,23
2021-11-08,23,23
2021-11-09,85,86
2021-11-10,197,212
2021-11-11,228,232
2021-11-12,124,234
2021-11-13,133,141
2021-11-14,133,133
2021-11-15,160,161
2021-11-16,125,190
2021-11-17,252,257
2021-11-18,172,252
2021-11-19,51,172
2021-11-20,51,51
2021-11-21,52,52
2021-11-22,39,83
2021-11-23,79,79
2021-11-24,139,150
2021-11-25,139,139
2021-11-26,41,140
2021-11-27,41,41
2021-11-28,41,41
2021-11-29,60,60
2021-11-30,123,126
2021-12-01,176,180
2021-12-02,134,177
2021-12-03,124,176
2021-12-04,124,124
2021-12-05,124,124
2021-12-06,148,149
2021-12-07,232,291
2021-12-08,239,294
2021-12-09,238,239
2021-12-10,107,253
2021-12-11,107,107
2021-12-12,107,107
2021-12-13,105,116
2021-12-14,125,129
2021-12-15,259,273
2021-12-16,161,259
2021-12-17,114,191
2021-12-18,114,114
2021-12-19,114,114
2021-12-20,138,138
2021-12-21,124,208
2021-12-22,124,212
2021-12-23,124,124
2021-12-24,124,124
2021-12-25,124,124
2021-12-26,124,124
2021-12-27,137,137
2021-12-28,178,198
2021-12-29,231,300
2021-12-30,139,231
2021-12-31,139,139
2022-01-01,139,139
2022-01-02,139,139
2022-01-03,168,168
2022-01-04,191,237
2022-01-05,236,258
2022-01-06,202,236
2022-01-07,146,215
2022-01-08,146,146
2022-01-09,145,146
2022-01-10,159,159
2022-01-11,205,254
2022-01-12,156,256
2022-01-13,139,158
2022-01-14,51,149
2022-01-15,51,51
2022-01-16,51,51
2022-01-17,51,51
2022-01-18,58,87
2022-01-19,145,178
2022-01-20,138,146
2022-01-21,102,145
2022-01-22,102,102
2022-01-23,102,102
2022-01-24,109,109
2022-01-25,182,184
2022-01-26,181,221
2022-01-27,87,183
2022-01-28,53,108
2022-01-29,53,53
2022-01-30,53,53
2022-01-31,94,94
2022-02-01,159,184
2022-02-02,252,288
2022-02-03,243,252
2022-02-04,148,255
2022-02-05,147,148
2022-02-06,147,147
2022-02-07,178,179
2022-02-08,203,213
2022-02-09,245,267
2022-02-10,146,258
2022-02-11,67,148
2022-02-12,67,67
2022-02-13,67,67
2022-02-14,113,113
2022-02-15,99,167
2022-02-16,187,215
2022-02-17,170,187
2022-02-18,132,181
2022-02-19,132,132
2022-02-20,132,132
2022-02-21,161,162
2022-02-22,265,266
2022-02-23,262,312
2022-02-24,213,262
2022-02-25,124,233
2022-02-26,124,124
2022-02-27,124,124
2022-02-28,104,169
2022-03-01,171,196
2022-03-02,235,285
2022-03-03,209,235
2022-03-04,59,209
2022-03-05,59,59
2022-03-06,59,59
2022-03-07,67,67
2022-03-08,125,128
2022-03-09,211,237
2022-03-10,166,211
2022-03-11,105,196
2022-03-12,104,105
2022-03-13,104,104
2022-03-14,103,104
2022-03-15,183,238
2022-03-16,267,348
2022-03-17,262,267
2022-03-18,116,303
2022-03-19,116,116
2022-03-20,116,116
2022-03-21,117,118
2022-03-22,200,202
2022-03-23,221,274
2022-03-24,152,221
2022-03-25,33,160
2022-03-26,33,33
2022-03-27,33,33
2022-03-28,33,33
2022-03-29,217,218
2022-03-30,247,319
2022-03-31,196,247
2022-04-01,52,196
2022-04-02,105,109
2022-04-03,105,105
2022-04-04,105,105
2022-04-05,172,219
2022-04-06,195,245
2022-04-07,146,195
2022-04-08,62,150
2022-04-09,61,62
2022-04-10,61,61
2022-04-11,59,61
2022-04-12,100,152
2022-04-13,136,164
2022-04-14,126,136
2022-04-15,177,183
2022-04-16,177,177
2022-04-17,177,177
2022-04-18,179,179
2022-04-19,210,299
2022-04-20,186,283
2022-04-21,154,186
2022-04-22,54,169
2022-04-23,54,54
2022-04-24,54,54
2022-04-25,54,54
2022-04-26,235,238
2022-04-27,280,354
2022-04-28,212,280
2022-04-29,123,255
2022-04-30,123,123
2022-05-01,123,123
2022-05-02,125,125
2022-05-03,214,265
2022-05-04,306,326
2022-05-05,233,313
2022-05-06,22,241
2022-05-07,22,22
2022-05-08,22,22
2022-05-09,22,22
2022-05-10,191,193
2022-05-11,287,323
2022-05-12,269,288
2022-05-13,137,305
2022-05-14,137,137
2022-05-15,137,137
2022-05-16,138,138
2022-05-17,177,221
2022-05-18,181,268
2022-05-19,176,182
2022-05-20,46,199
2022-05-21,46,46
2022-05-22,46,46
2022-05-23,46,46
2022-05-24,154,155
2022-05-25,180,253
2022-05-26,116,181
2022-05-27,67,141
2022-05-28,67,67
2022-05-29,67,67
2022-05-30,126,126
2022-05-31,237,270
2022-06-01,343,361
2022-06-02,251,348
2022-06-03,141,274
2022-06-04,141,141
2022-06-05,141,141
2022-06-06,141,141
2022-06-07,193,271
2022-06-08,222,310
2022-06-09,184,222
2022-06-10,63,184
2022-06-11,63,63
2022-06-12,63,63
2022-06-13,83,83
2022-06-14,184,184
2022-06-15,181,233
2022-06-16,114,182
2022-06-17,112,149
2022-06-18,112,112
2022-06-19,112,112
2022-06-20,112,112
2022-06-21,197,273
2022-06-22,253,358
2022-06-23,198,253
2022-06-24,154,226
2022-06-25,154,154
2022-06-26,154,154
2022-06-27,150,154
2022-06-28,201,252
2022-06-29,225,244
2022-06-30,139,274
2022-07-01,92,171
2022-07-02,92,92
2022-07-03,92,92
2022-07-04,92,92
2022-07-05,191,238
2022-07-06,275,359
2022-07-07,153,284
2022-07-08,121,169
2022-07-09,121,121
2022-07-10,121,121
2022-07-11,157,158
2022-07-12,205,264
2022-07-13,177,259
2022-07-14,170,177
2022-07-15,67,185
2022-07-16,67,67
2022-07-17,67,67
2022-07-18,67,67
2022-07-19,154,201
2022-07-20,237,297
2022-07-21,186,239
2022-07-22,109,220
2022-07-23,108,109
2022-07-24,108,108
2022-07-25,108,108
2022-07-26,165,166
2022-07-27,153,223
2022-07-28,250,274
2022-07-29,105,276
2022-07-30,105,105
2022-07-31,105,105
2022-08-01,105,105
2022-08-02,179,247
2022-08-03,284,376
2022-08-04,248,307
2022-08-05,116,284
2022-08-06,116,116
2022-08-07,116,116
2022-08-08,113,116
2022-08-09,241,250
2022-08-10,372,402
2022-08-11,226,372
2022-08-12,193,268
2022-08-13,193,193
2022-08-14,193,193
2022-08-15,193,193
2022-08-16,298,357
2022-08-17,283,452
2022-08-18,214,283
2022-08-19,145,294
2022-08-20,145,145
2022-08-21,145,145
2022-08-22,145,145
2022-08-23,263,265
2022-08-24,320,372
2022-08-25,153,320
2022-08-26,320,373
2022-08-27,318,320
2022-08-28,318,318
2022-08-29,81,318
2022-08-30,225,260
2022-08-31,348,433
2022-09-01,329,380
2022-09-02,213,386
2022-09-03,212,213
2022-09-04,212,212
2022-09-05,212,212
2022-09-06,264,352
2022-09-07,281,400
2022-09-08,223,281
2022-09-09,177,337
2022-09-10,177,177
2022-09-11,177,177
2022-09-12,177,177
2022-09-13,279,373
2022-09-14,328,433
2022-09-15,197,328
2022-09-16,208,297
2022-09-17,207,208
2022-09-18,205,207
2022-09-19,271,271
2022-09-20,275,400
2022-09-21,385,447
2022-09-22,331,385
2022-09-23,237,350
2022-09-24,237,237
2022-09-25,237,237
2022-09-26,112,237
2022-09-27,303,310
2022-09-28,344,402
2022-09-29,198,353
2022-09-30,91,247
2022-10-01,91,91
2022-10-02,91,91
2022-10-03,135,151
2022-10-04,234,273
2022-10-05,270,377
2022-10-06,178,270
2022-10-07,221,307
2022-10-08,221,221
2022-10-09,221,221
2022-10-10,218,221
2022-10-11,242,393
2022-10-12,273,377
2022-10-13,184,273
2022-10-14,162,245
2022-10-15,162,162
2022-10-16,162,162
2022-10-17,162,162
2022-10-18,239,290
2022-10-19,224,328
2022-10-20,178,235
2022-10-21,208,289
2022-10-22,208,208
2022-10-23,208,208
2022-10-24,78,208
2022-10-25,275,276
2022-10-26,325,422
2022-10-27,234,325
2022-10-28,209,340
2022-10-29,209,209
2022-10-30,209,209
2022-10-31,209,209
2022-11-01,273,333
2022-11-02,307,425
2022-11-03,216,307
2022-11-04,318,415
2022-11-05,318,318
2022-11-06,318,318
2022-11-07,159,318
2022-11-08,302,312
2022-11-09,396,479
2022-11-10,364,496
2022-11-11,166,364
2022-11-12,166,166
2022-11-13,166,166
2022-11-14,167,168
2022-11-15,257,327
2022-11-16,305,408
2022-11-17,218,314
2022-11-18,224,385
2022-11-19,224,224
2022-11-20,224,224
2022-11-21,224,225
2022-11-22,360,403
2022-11-23,276,522
2022-11-24,276,276
2022-11-25,190,300
2022-11-26,190,190
2022-11-27,190,190
2022-11-28,112,207
2022-11-29,290,310
2022-11-30,322,410
2022-12-01,277,322
2022-12-02,270,402
2022-12-03,170,270
2022-12-04,170,170
2022-12-05,170,174
2022-12-06,182,272
2022-12-07,204,285
2022-12-08,160,226
2022-12-09,56,184
2022-12-10,56,56
2022-12-11,56,56
2022-12-12,53,59
2022-12-13,145,162
2022-12-14,241,280
2022-12-15,266,310
2022-12-16,100,305
2022-12-17,100,100
2022-12-18,100,100
2022-12-19,74,101
2022-12-20,54,83
2022-12-21,141,183
2022-12-22,176,178
2022-12-23,144,290
2022-12-24,144,144
2022-12-25,144,144
2022-12-26,144,144
2022-12-27,84,174
2022-12-28,264,294
2022-12-29,216,265
2022-12-30,196,249
2022-12-31,196,196
2023-01-01,196,196
2023-01-02,196,196
2023-01-03,224,328
2023-01-04,290,384
2023-01-05,182,290
2023-01-06,98,207
2023-01-07,98,98
2023-01-08,98,98
2023-01-09,98,98
2023-01-10,230,236
2023-01-11,337,412
2023-01-12,273,346
2023-01-13,165,292
2023-01-14,165,165
2023-01-15,165,165
2023-01-16,165,165
2023-01-17,194,294
2023-01-18,269,350
2023-01-19,202,269
2023-01-20,90,227
2023-01-21,90,90
2023-01-22,90,90
2023-01-23,90,90
2023-01-24,185,206
2023-01-25,284,366
2023-01-26,193,284
2023-01-27,81,235
2023-01-28,81,81
2023-01-29,81,81
2023-01-30,80,83
2023-01-31,124,133
2023-02-01,245,334
2023-02-02,229,314
2023-02-03,244,349
2023-02-04,307,311
2023-02-05,308,308
2023-02-06,204,308
2023-02-07,266,333
2023-02-08,341,418
2023-02-09,232,394
2023-02-10,262,339
2023-02-11,261,262
2023-02-12,261,261
2023-02-13,79,262
2023-02-14,289,295
2023-02-15,388,453
2023-02-16,256,389
2023-02-17,173,299
2023-02-18,173,173
2023-02-19,186,187
2023-02-20,151,186
2023-02-21,209,282
2023-02-22,339,381
2023-02-23,197,340
2023-02-24,240,306
2023-02-25,240,240
2023-02-26,240,240
2023-02-27,90,241
2023-02-28,156,178
2023-03-01,310,345
2023-03-02,262,311
2023-03-03,166,311
2023-03-04,166,166
2023-03-05,168,168
2023-03-06,119,168
2023-03-07,248,318
2023-03-08,283,419
2023-03-09,262,284
2023-03-10,176,313
2023-03-11,159,209
2023-03-12,159,159
2023-03-13,105,159
2023-03-14,254,306
2023-03-15,304,418
2023-03-16,240,310
2023-03-17,223,251
2023-03-18,215,223
2023-03-19,222,222
2023-03-20,128,247
2023-03-21,219,241
2023-03-22,239,339
2023-03-23,205,241
2023-03-24,192,229
2023-03-25,192,192
2023-03-26,192,192
2023-03-27,148,259
2023-03-28,330,376
2023-03-29,380,531
2023-03-30,273,381
2023-03-31,169,304
2023-04-01,169,169
2023-04-02,169,169
2023-04-03,48,169
2023-04-04,90,138
2023-04-05,173,205
2023-04-06,173,173
2023-04-07,270,271
2023-04-08,270,270
2023-04-09,270,270
2023-04-10,228,336
2023-04-11,289,405
2023-04-12,383,478
2023-04-13,255,389
2023-04-14,73,257
2023-04-15,73,73
2023-04-16,73,73
2023-04-17,106,134
2023-04-18,181,278
2023-04-19,319,351
2023-04-20,317,320
2023-04-21,375,478
2023-04-22,279,379
2023-04-23,279,279
2023-04-24,226,280
2023-04-25,386,486
2023-04-26,392,509
2023-04-27,200,392
2023-04-28,121,241
2023-04-29,91,121
2023-04-30,91,91
2023-05-01,91,91
2023-05-02,203,248
2023-05-03,326,398
2023-05-04,231,326
2023-05-05,176,282
2023-05-06,105,176
2023-05-07,105,105
2023-05-08,83,105
2023-05-09,255,270
2023-05-10,312,375
2023-05-11,239,314
2023-05-12,197,290
2023-05-13,125,197
2023-05-14,125,125
2023-05-15,92,168
2023-05-16,232,243
2023-05-17,361,446
2023-05-18,275,387
2023-05-19,244,346
2023-05-20,231,244
2023-05-21,231,231
2023-05-22,165,250
2023-05-23,261,333
2023-05-24,375,532
2023-05-25,379,482
2023-05-26,141,402
2023-05-27,141,141
2023-05-28,141,141
2023-05-29,204,205
2023-05-30,332,405
2023-05-31,294,406
2023-06-01,199,294
2023-06-02,109,250
2023-06-03,109,109
2023-06-04,109,109
2023-06-05,129,144
2023-06-06,243,307
2023-06-07,363,400
2023-06-08,113,364
2023-06-09,116,188
2023-06-10,116,116
2023-06-11,116,116
2023-06-12,168,190
2023-06-13,304,315
2023-06-14,305,393
2023-06-15,197,333
2023-06-16,160,201
2023-06-17,160,160
2023-06-18,160,160
2023-06-19,226,255
2023-06-20,266,349
2023-06-21,316,404
2023-06-22,293,410
2023-06-23,228,391
2023-06-24,228,228
2023-06-25,228,228
2023-06-26,260,286
2023-06-27,261,376
2023-06-28,380,490
2023-06-29,266,469
2023-06-30,151,295
2023-07-01,151,151
2023-07-02,151,151
2023-07-03,41,154
2023-07-04,41,41
2023-07-05,36,44
2023-07-06,24,37
2023-07-07,6,25
2023-07-08,80,85
2023-07-09,269,278
2023-07-10,268,269
2023-07-11,353,354
2023-07-12,313,354
2023-07-13,217,314
2023-07-14,92,260
2023-07-15,92,92
2023-07-16,92,92
2023-07-17,117,149
2023-07-18,307,308
2023-07-19,316,382
2023-07-20,307,395
2023-07-21,178,330
2023-07-22,164,178
2023-07-23,164,164
2023-07-24,298,325
2023-07-25,324,378
2023-07-26,297,444
2023-07-27,264,358
2023-07-28,256,295
2023-07-29,255,256
2023-07-30,258,258
2023-07-31,279,384
2023-08-01,348,422
2023-08-02,330,449
2023-08-03,212,330
2023-08-04,188,256
2023-08-05,167,188
2023-08-06,167,167
2023-08-07,166,197
2023-08-08,366,470
2023-08-09,373,672
2023-08-10,141,378
2023-08-11,307,370
2023-08-12,307,307
2023-08-13,290,307
2023-08-14,152,379
2023-08-15,245,270
2023-08-16,341,436
2023-08-17,137,396
2023-08-18,127,230
2023-08-19,233,234
2023-08-20,233,233
2023-08-21,310,313
2023-08-22,333,448
2023-08-23,303,401
2023-08-24,136,303
2023-08-25,95,191
2023-08-26,95,95
2023-08-27,95,95
2023-08-28,123,172
2023-08-29,257,311
2023-08-30,366,469
2023-08-31,71,367
2023-09-01,112,141
2023-09-02,112,112
2023-09-03,112,112
2023-09-04,121,172
2023-09-05,293,344
2023-09-06,305,488
2023-09-07,49,305
2023-09-08,143,182
2023-09-09,143,143
2023-09-10,143,143
2023-09-11,159,287
2023-09-12,275,314
2023-09-13,319,448
2023-09-14,105,325
2023-09-15,239,287
2023-09-16,239,239
2023-09-17,239,239
2023-09-18,293,314
2023-09-19,229,410
2023-09-20,361,456
2023-09-21,102,362
2023-09-22,119,180
2023-09-23,119,119
2023-09-24,119,119
2023-09-25,113,197
2023-09-26,334,359
2023-09-27,379,470
2023-09-28,112,380
2023-09-29,185,206
2023-09-30,181,185
2023-10-01,180,181
2023-10-02,169,237
2023-10-03,183,300
2023-10-04,366,452
2023-10-05,315,428
2023-10-06,246,462
2023-10-07,246,246
2023-10-08,246,246
2023-10-09,54,290
2023-10-10,273,275
2023-10-11,342,494
2023-10-12,171,342
2023-10-13,231,277
2023-10-14,230,231
2023-10-15,216,276
2023-10-16,308,311
2023-10-17,317,538
2023-10-18,338,512
2023-10-19,247,397
2023-10-20,148,339
2023-10-21,148,148
2023-10-22,148,148
2023-10-23,226,239
2023-10-24,290,422
2023-10-25,353,533
2023-10-26,225,489
2023-10-27,245,439
2023-10-28,245,245
2023-10-29,245,245
2023-10-30,148,350
2023-10-31,264,332
2023-11-01,355,482
2023-11-02,281,444
2023-11-03,399,520
2023-11-04,399,399
2023-11-05,399,399
2023-11-06,313,503
2023-11-07,314,495
2023-11-08,396,556
2023-11-09,259,459
2023-11-10,265,372
2023-11-11,265,265
2023-11-12,265,265
2023-11-13,221,360
2023-11-14,306,383
2023-11-15,383,548
2023-11-16,162,395
2023-11-17,143,248
2023-11-18,143,143
2023-11-19,161,161
2023-11-20,301,410
2023-11-21,326,399
2023-11-22,330,545
2023-11-23,331,331
2023-11-24,305,395
2023-11-25,305,305
2023-11-26,305,305
2023-11-27,301,406
2023-11-28,348,414
2023-11-29,295,517
2023-11-30,243,295
2023-12-01,215,283
2023-12-02,301,303
2023-12-03,301,301
2023-12-04,344,438
2023-12-05,380,442
2023-12-06,366,538
2023-12-07,312,411
2023-12-08,329,347
2023-12-09,329,329
2023-12-10,329,329
2023-12-11,178,358
2023-12-12,354,412
2023-12-13,322,548
2023-12-14,317,350
2023-12-15,337,398
2023-12-16,336,337
2023-12-17,336,336
2023-12-18,352,378
2023-12-19,346,407
2023-12-20,401,583
2023-12-21,220,402
2023-12-22,247,280
2023-12-23,246,247
2023-12-24,246,246
2023-12-25,246,246
2023-12-26,300,348
2023-12-27,354,420
2023-12-28,157,364
2023-12-29,197,203
2023-12-30,197,197
2023-12-31,197,197
2024-01-01,197,197
2024-01-02,324,411
2024-01-03,365,563
2024-01-04,296,370
2024-01-05,325,347
2024-01-06,324,325
2024-01-07,372,372
2024-01-08,319,456
2024-01-09,353,432
2024-01-10,279,424
2024-01-11,184,280
2024-01-12,216,288
2024-01-13,216,216
2024-01-14,216,216
2024-01-15,367,369
2024-01-16,186,368
2024-01-17,283,285
2024-01-18,238,355
2024-01-19,255,364
2024-01-20,255,255
2024-01-21,255,255
2024-01-22,141,333
2024-01-23,336,401
2024-01-24,303,515
2024-01-25,249,388
2024-01-26,209,409
2024-01-27,208,209
2024-01-28,208,209
2024-01-29,261,377
2024-01-30,233,400
2024-01-31,274,426
2024-02-01,149,277
2024-02-02,302,383
2024-02-03,302,302
2024-02-04,302,302
2024-02-05,244,388
2024-02-06,284,393
2024-02-07,364,491
2024-02-08,298,465
2024-02-09,330,460
2024-02-10,330,330
2024-02-11,330,330
2024-02-12,286,404
2024-02-13,274,409
2024-02-14,328,551
2024-02-15,274,475
2024-02-16,184,377
2024-02-17,184,184
2024-02-18,184,184
2024-02-19,280,290
2024-02-20,359,455
2024-02-21,334,579
2024-02-22,310,431
2024-02-23,331,481
2024-02-24,331,331
2024-02-25,348,349
2024-02-26,335,480
2024-02-27,331,490
2024-02-28,304,520
2024-02-29,359,499
2024-03-01,324,520
2024-03-02,324,324
2024-03-03,324,324
2024-03-04,217,369
2024-03-05,238,301
2024-03-06,354,438
2024-03-07,359,425
2024-03-08,347,449
2024-03-09,347,347
2024-03-10,347,347
2024-03-11,247,423
2024-03-12,346,444
2024-03-13,373,491
2024-03-14,372,467
2024-03-15,356,479
2024-03-16,356,356
2024-03-17,356,356
2024-03-18,131,405
2024-03-19,321,386
2024-03-20,379,465
2024-03-21,266,484
2024-03-22,236,364
2024-03-23,236,236
2024-03-24,236,236
2024-03-25,142,263
2024-03-26,301,357
2024-03-27,288,465
2024-03-28,239,317
2024-03-29,358,374
2024-03-30,358,358
2024-03-31,358,358
2024-04-01,184,388
2024-04-02,266,301
2024-04-03,277,391
2024-04-04,282,299
2024-04-05,351,419
2024-04-06,351,351
2024-04-07,350,351
2024-04-08,316,399
2024-04-09,339,365
2024-04-10,349,424
2024-04-11,269,407
2024-04-12,237,356
2024-04-13,237,237
2024-04-14,237,237
2024-04-15,202,288
2024-04-16,253,297
2024-04-17,311,442
2024-04-18,276,354
2024-04-19,365,482
2024-04-20,366,366
2024-04-21,365,366
2024-04-22,229,433
2024-04-23,276,334
2024-04-24,364,469
2024-04-25,382,422
2024-04-26,333,432
2024-04-27,333,333
2024-04-28,332,333
2024-04-29,265,424
2024-04-30,260,382
2024-05-01,368,477
2024-05-02,365,368
2024-05-03,347,410
2024-05-04,348,349
2024-05-05,348,348
2024-05-06,349,430
2024-05-07,341,429
2024-05-08,378,454
2024-05-09,240,398
2024-05-10,308,337
2024-05-11,372,387
2024-05-12,371,372
2024-05-13,363,522
2024-05-14,369,391
2024-05-15,385,427
2024-05-16,345,386
2024-05-17,323,457
2024-05-18,361,372
2024-05-19,361,361
2024-05-20,293,423
2024-05-21,248,299
2024-05-22,332,416
2024-05-23,332,445
2024-05-24,305,346
2024-05-25,380,385
2024-05-26,380,380
2024-05-27,335,445
2024-05-28,304,376
2024-05-29,309,345
2024-05-30,326,385
2024-05-31,212,376
2024-06-01,306,340
2024-06-02,370,375
2024-06-03,331,424
2024-06-04,271,366
2024-06-05,261,331
2024-06-06,360,363
2024-06-07,319,387
2024-06-08,358,368
2024-06-09,386,389
2024-06-10,290,486
2024-06-11,294,338
2024-06-12,294,424
2024-06-13,268,325
2024-06-14,257,306
2024-06-15,328,363
2024-06-16,328,328
2024-06-17,215,414
2024-06-18,258,265
2024-06-19,280,377
2024-06-20,299,299
2024-06-21,295,413
2024-06-22,379,388
2024-06-23,379,379
2024-06-24,285,456
2024-06-25,291,336
2024-06-26,358,406
2024-06-27,335,417
2024-06-28,269,364
2024-06-29,269,339
2024-06-30,269,269
2024-07-01,161,299
2024-07-02,210,253
2024-07-03,196,283
2024-07-04,210,230
2024-07-05,258,278
2024-07-06,353,357
2024-07-07,353,353
2024-07-08,275,368
2024-07-09,299,312
2024-07-10,297,439
2024-07-11,244,347
2024-07-12,280,293
2024-07-13,334,372
2024-07-14,346,346
2024-07-15,282,408
2024-07-16,306,313
2024-07-17,328,438
2024-07-18,341,345
2024-07-19,315,403
2024-07-20,323,403
2024-07-21,322,323
2024-07-22,287,343
2024-07-23,278,307
2024-07-24,320,336
2024-07-25,328,447
2024-07-26,242,375
2024-07-27,337,345
2024-07-28,336,345
2024-07-29,323,400
2024-07-30,273,346
2024-07-31,235,366
2024-08-01,290,348
2024-08-02,322,417
2024-08-03,310,420
2024-08-04,310,310
2024-08-05,268,408
2024-08-06,274,325
2024-08-07,367,424
2024-08-08,367,486
2024-08-09,341,369
2024-08-10,386,391
2024-08-11,366,386
2024-08-12,343,494
2024-08-13,350,397
2024-08-14,328,472
2024-08-15,334,404
2024-08-16,347,434
2024-08-17,366,449
2024-08-18,366,367
2024-08-19,223,440
2024-08-20,211,238
2024-08-21,300,354
2024-08-22,260,379
2024-08-23,297,411
2024-08-24,346,351
2024-08-25,327,355
2024-08-26,267,411
2024-08-27,240,296
2024-08-28,314,404
2024-08-29,330,445
2024-08-30,284,483
2024-08-31,377,400
2024-09-01,375,377
2024-09-02,361,450
2024-09-03,327,405
2024-09-04,374,448
2024-09-05,322,374
2024-09-06,310,417
2024-09-07,335,389
2024-09-08,335,335
2024-09-09,162,377
2024-09-10,161,216
2024-09-11,161,161
2024-09-12,154,161
2024-09-13,325,386
2024-09-14,414,463
2024-09-15,391,414
2024-09-16,341,547
2024-09-17,343,573
2024-09-18,396,404
2024-09-19,353,608
2024-09-20,373,608
2024-09-21,369,428
2024-09-22,355,369
2024-09-23,289,570
2024-09-24,264,418
2024-09-25,269,377
2024-09-26,333,376
2024-09-27,336,607
2024-09-28,305,399
2024-09-29,305,305
2024-09-30,106,384
2024-10-01,229,299
2024-10-02,270,402
2024-10-03,311,420
2024-10-04,348,500
2024-10-05,341,349
2024-10-06,341,341
2024-10-07,269,538
2024-10-08,313,402
2024-10-09,285,436
2024-10-10,345,352
2024-10-11,313,465
2024-10-12,367,376
2024-10-13,367,367
2024-10-14,160,413
2024-10-15,287,338
2024-10-16,343,434
2024-10-17,227,343
2024-10-18,285,433
2024-10-19,260,348
2024-10-20,258,260
2024-10-21,275,439
2024-10-22,258,475
2024-10-23,385,454
2024-10-24,385,385
2024-10-25,313,452
2024-10-26,356,364
2024-10-27,359,363
2024-10-28,341,541
2024-10-29,306,365
2024-10-30,360,475
2024-10-31,322,471
2024-11-01,378,595
2024-11-02,350,415
2024-11-03,350,350
2024-11-04,216,489
2024-11-05,274,327
2024-11-06,284,450
2024-11-07,346,364
2024-11-08,280,498
2024-11-09,321,324
2024-11-10,321,321
2024-11-11,194,429
2024-11-12,257,305
2024-11-13,376,451
2024-11-14,385,406
2024-11-15,383,616
2024-11-16,350,439
2024-11-17,350,350
2024-11-18,220,502
2024-11-19,311,400
2024-11-20,290,465
2024-11-21,321,344
2024-11-22,352,617
2024-11-23,354,426
2024-11-24,354,354
2024-11-25,268,503
2024-11-26,334,469
2024-11-27,320,501
2024-11-28,321,321
2024-11-29,277,479
2024-11-30,297,395
2024-12-01,297,297
2024-12-02,187,381
2024-12-03,213,297
2024-12-04,279,383
2024-12-05,333,334
2024-12-06,363,545
2024-12-07,299,421
2024-12-08,256,299
2024-12-09,121,348
2024-12-10,218,303
2024-12-11,247,335
2024-12-12,350,431
2024-12-13,366,631
2024-12-14,258,392
2024-12-15,258,258
2024-12-16,115,343
2024-12-17,243,300
2024-12-18,347,424
2024-12-19,305,439
2024-12-20,212,444
2024-12-21,255,303
2024-12-22,216,255
2024-12-23,373,527
2024-12-24,302,489
2024-12-25,302,302
2024-12-26,189,384
2024-12-27,155,331
2024-12-28,149,165
2024-12-29,102,149
2024-12-30,110,195
2024-12-31,299,393
2025-01-01,299,299
2025-01-02,243,402
2025-01-03,294,441
2025-01-04,297,356
2025-01-05,239,297
2025-01-06,123,272
2025-01-07,258,345
2025-01-08,329,416
2025-01-09,356,394
2025-01-10,340,581
2025-01-11,330,383
2025-01-12,276,330
2025-01-13,303,537
2025-01-14,311,383
2025-01-15,314,387
2025-01-16,378,473
2025-01-17,323,576
2025-01-18,350,384
2025-01-19,270,350
2025-01-20,375,575
2025-01-21,396,397
2025-01-22,297,421
2025-01-23,338,462
2025-01-24,359,569
2025-01-25,333,395
2025-01-26,329,334
2025-01-27,182,445
2025-01-28,330,379
2025-01-29,353,453
2025-01-30,365,412
2025-01-31,324,593
2025-02-01,389,404
2025-02-02,390,390
2025-02-03,317,595
2025-02-04,378,581
2025-02-05,387,602
2025-02-06,335,587
2025-02-07,268,507
2025-02-08,369,379
2025-02-09,367,369
2025-02-10,281,539
2025-02-11,340,523
2025-02-12,327,449
2025-02-13,361,415
2025-02-14,367,529
2025-02-15,379,403
2025-02-16,379,379
2025-02-17,341,582
