Date,Midnight population,24-hour population
2008-10-01,0,0
2008-10-02,0,0
2008-10-03,0,0
2008-10-04,0,0
2008-10-05,0,0
2008-10-06,0,0
2008-10-07,0,0
2008-10-08,0,0
2008-10-09,0,0
2008-10-10,0,0
2008-10-11,0,0
2008-10-12,0,0
2008-10-13,0,0
2008-10-14,0,0
2008-10-15,0,0
2008-10-16,0,0
2008-10-17,0,0
2008-10-18,0,0
2008-10-19,0,0
2008-10-20,0,0
2008-10-21,0,0
2008-10-22,0,0
2008-10-23,0,0
2008-10-24,0,0
2008-10-25,0,0
2008-10-26,0,0
2008-10-27,0,0
2008-10-28,0,0
2008-10-29,0,0
2008-10-30,0,0
2008-10-31,0,0
2008-11-01,0,0
2008-11-02,0,0
2008-11-03,0,0
2008-11-04,0,0
2008-11-05,0,0
2008-11-06,0,0
2008-11-07,0,0
2008-11-08,0,0
2008-11-09,0,0
2008-11-10,0,0
2008-11-11,0,0
2008-11-12,0,0
2008-11-13,0,0
2008-11-14,0,0
2008-11-15,0,0
2008-11-16,0,0
2008-11-17,0,0
2008-11-18,0,0
2008-11-19,0,0
2008-11-20,0,0
2008-11-21,0,0
2008-11-22,0,0
2008-11-23,0,0
2008-11-24,0,0
2008-11-25,0,0
2008-11-26,0,0
2008-11-27,0,0
2008-11-28,0,0
2008-11-29,0,0
2008-11-30,0,0
2008-12-01,0,0
2008-12-02,0,0
2008-12-03,0,0
2008-12-04,0,0
2008-12-05,0,0
2008-12-06,0,0
2008-12-07,0,0
2008-12-08,0,0
2008-12-09,0,0
2008-12-10,0,0
2008-12-11,0,0
2008-12-12,0,0
2008-12-13,0,0
2008-12-14,0,0
2008-12-15,0,0
2008-12-16,0,0
2008-12-17,0,0
2008-12-18,0,0
2008-12-19,0,0
2008-12-20,0,0
2008-12-21,0,0
2008-12-22,0,0
2008-12-23,0,0
2008-12-24,0,0
2008-12-25,0,0
2008-12-26,0,0
2008-12-27,0,0
2008-12-28,0,0
2008-12-29,0,0
2008-12-30,0,0
2008-12-31,0,0
2009-01-01,0,0
2009-01-02,0,0
2009-01-03,0,0
2009-01-04,0,0
2009-01-05,0,0
2009-01-06,0,0
2009-01-07,0,0
2009-01-08,0,0
2009-01-09,0,0
2009-01-10,0,0
2009-01-11,0,0
2009-01-12,0,0
2009-01-13,0,0
2009-01-14,0,0
2009-01-15,0,0
2009-01-16,0,0
2009-01-17,0,0
2009-01-18,0,0
2009-01-19,0,0
2009-01-20,0,0
2009-01-21,0,0
2009-01-22,0,0
2009-01-23,0,0
2009-01-24,0,0
2009-01-25,0,0
2009-01-26,0,0
2009-01-27,0,0
2009-01-28,0,0
2009-01-29,0,0
2009-01-30,0,0
2009-01-31,0,0
2009-02-01,0,0
2009-02-02,0,0
2009-02-03,0,0
2009-02-04,0,0
2009-02-05,0,0
2009-02-06,0,0
2009-02-07,0,0
2009-02-08,0,0
2009-02-09,3,3
2009-02-10,13,14
2009-02-11,38,38
2009-02-12,33,38
2009-02-13,35,35
2009-02-14,35,35
2009-02-15,35,35
2009-02-16,35,35
2009-02-17,47,49
2009-02-18,121,128
2009-02-19,132,134
2009-02-20,146,164
2009-02-21,146,146
2009-02-22,146,146
2009-02-23,158,163
2009-02-24,164,164
2009-02-25,175,177
2009-02-26,174,175
2009-02-27,172,174
2009-02-28,172,172
2009-03-01,172,172
2009-03-02,152,172
2009-03-03,107,152
2009-03-04,142,142
2009-03-05,97,142
2009-03-06,97,97
2009-03-07,97,97
2009-03-08,97,97
2009-03-09,97,97
2009-03-10,97,97
2009-03-11,83,97
2009-03-12,48,83
2009-03-13,46,48
2009-03-14,46,46
2009-03-15,46,46
2009-03-16,46,46
2009-03-17,45,56
2009-03-18,43,45
2009-03-19,43,43
2009-03-20,47,50
2009-03-21,47,47
2009-03-22,47,47
2009-03-23,47,47
2009-03-24,60,67
2009-03-25,100,100
2009-03-26,81,101
2009-03-27,82,82
2009-03-28,82,82
2009-03-29,82,82
2009-03-30,103,104
2009-03-31,104,106
2009-04-01,104,104
2009-04-02,123,124
2009-04-03,110,127
2009-04-04,110,110
2009-04-05,110,110
2009-04-06,147,151
2009-04-07,146,147
2009-04-08,151,153
2009-04-09,135,169
2009-04-10,148,148
2009-04-11,147,148
2009-04-12,147,147
2009-04-13,147,147
2009-04-14,156,159
2009-04-15,155,157
2009-04-16,49,155
2009-04-17,42,49
2009-04-18,42,42
2009-04-19,42,42
2009-04-20,41,42
2009-04-21,55,58
2009-04-22,84,85
2009-04-23,84,84
2009-04-24,84,84
2009-04-25,84,84
2009-04-26,84,84
2009-04-27,84,84
2009-04-28,125,126
2009-04-29,143,143
2009-04-30,139,143
2009-05-01,143,143
2009-05-02,143,143
2009-05-03,143,143
2009-05-04,72,143
2009-05-05,74,83
2009-05-06,74,74
2009-05-07,74,74
2009-05-08,73,74
2009-05-09,73,73
2009-05-10,73,73
2009-05-11,48,73
2009-05-12,85,86
2009-05-13,110,110
2009-05-14,107,110
2009-05-15,105,107
2009-05-16,105,105
2009-05-17,105,105
2009-05-18,105,105
2009-05-19,22,105
2009-05-20,35,35
2009-05-21,67,70
2009-05-22,94,94
2009-05-23,94,94
2009-05-24,94,94
2009-05-25,94,94
2009-05-26,94,94
2009-05-27,94,94
2009-05-28,101,103
2009-05-29,100,101
2009-05-30,122,122
2009-05-31,122,122
2009-06-01,92,123
2009-06-02,119,119
2009-06-03,92,120
2009-06-04,109,110
2009-06-05,112,112
2009-06-06,175,175
2009-06-07,175,175
2009-06-08,175,175
2009-06-09,175,175
2009-06-10,175,175
2009-06-11,175,175
2009-06-12,165,175
2009-06-13,165,165
2009-06-14,165,165
2009-06-15,146,179
2009-06-16,146,176
2009-06-17,134,181
2009-06-18,143,143
2009-06-19,150,150
2009-06-20,150,150
2009-06-21,150,150
2009-06-22,150,150
2009-06-23,151,151
2009-06-24,169,172
2009-06-25,175,175
2009-06-26,175,176
2009-06-27,180,180
2009-06-28,182,182
2009-06-29,139,204
2009-06-30,139,139
2009-07-01,134,155
2009-07-02,145,180
2009-07-03,145,145
2009-07-04,145,145
2009-07-05,145,145
2009-07-06,156,157
2009-07-07,146,157
2009-07-08,165,166
2009-07-09,165,165
2009-07-10,165,165
2009-07-11,165,165
2009-07-12,165,165
2009-07-13,130,166
2009-07-14,130,130
2009-07-15,113,148
2009-07-16,103,113
2009-07-17,106,111
2009-07-18,106,106
2009-07-19,106,106
2009-07-20,106,106
2009-07-21,118,118
2009-07-22,150,165
2009-07-23,152,154
2009-07-24,146,152
2009-07-25,146,146
2009-07-26,146,146
2009-07-27,121,150
2009-07-28,124,124
2009-07-29,89,127
2009-07-30,88,89
2009-07-31,88,89
2009-08-01,88,88
2009-08-02,88,88
2009-08-03,89,89
2009-08-04,121,121
2009-08-05,122,122
2009-08-06,121,122
2009-08-07,121,121
2009-08-08,121,121
2009-08-09,121,121
2009-08-10,76,121
2009-08-11,80,80
2009-08-12,70,93
2009-08-13,103,103
2009-08-14,104,105
2009-08-15,104,104
2009-08-16,104,104
2009-08-17,100,105
2009-08-18,88,102
2009-08-19,89,90
2009-08-20,89,89
2009-08-21,117,119
2009-08-22,117,117
2009-08-23,117,117
2009-08-24,108,118
2009-08-25,108,108
2009-08-26,66,109
2009-08-27,68,69
2009-08-28,77,79
2009-08-29,77,77
2009-08-30,77,77
2009-08-31,79,79
2009-09-01,100,100
2009-09-02,158,159
2009-09-03,161,161
2009-09-04,167,167
2009-09-05,167,167
2009-09-06,167,167
2009-09-07,167,167
2009-09-08,117,169
2009-09-09,70,119
2009-09-10,121,122
2009-09-11,140,140
2009-09-12,140,140
2009-09-13,140,140
2009-09-14,148,149
2009-09-15,150,150
2009-09-16,145,151
2009-09-17,144,145
2009-09-18,167,167
2009-09-19,163,167
2009-09-20,163,163
2009-09-21,165,165
2009-09-22,170,171
2009-09-23,167,184
2009-09-24,165,202
2009-09-25,166,166
2009-09-26,166,166
2009-09-27,166,166
2009-09-28,107,172
2009-09-29,144,144
2009-09-30,155,156
2009-10-01,167,167
2009-10-02,171,171
2009-10-03,171,171
2009-10-04,171,171
2009-10-05,107,186
2009-10-06,110,111
2009-10-07,87,118
2009-10-08,111,113
2009-10-09,117,117
2009-10-10,117,117
2009-10-11,117,117
2009-10-12,89,117
2009-10-13,88,89
2009-10-14,92,92
2009-10-15,129,129
2009-10-16,155,156
2009-10-17,155,155
2009-10-18,155,155
2009-10-19,142,162
2009-10-20,142,149
2009-10-21,113,143
2009-10-22,137,140
2009-10-23,133,137
2009-10-24,133,133
2009-10-25,133,133
2009-10-26,113,135
2009-10-27,116,116
2009-10-28,162,162
2009-10-29,163,164
2009-10-30,166,168
2009-10-31,166,166
2009-11-01,166,166
2009-11-02,170,170
2009-11-03,169,170
2009-11-04,144,170
2009-11-05,151,151
2009-11-06,151,154
2009-11-07,151,151
2009-11-08,151,151
2009-11-09,146,155
2009-11-10,145,146
2009-11-11,145,145
2009-11-12,168,168
2009-11-13,156,171
2009-11-14,156,156
2009-11-15,156,156
2009-11-16,90,161
2009-11-17,91,94
2009-11-18,77,97
2009-11-19,77,78
2009-11-20,78,78
2009-11-21,78,78
2009-11-22,78,78
2009-11-23,84,89
2009-11-24,105,108
2009-11-25,109,109
2009-11-26,109,109
2009-11-27,112,112
2009-11-28,112,112
2009-11-29,112,112
2009-11-30,86,116
2009-12-01,88,88
2009-12-02,57,90
2009-12-03,55,57
2009-12-04,69,70
2009-12-05,69,69
2009-12-06,69,69
2009-12-07,70,70
2009-12-08,71,71
2009-12-09,73,73
2009-12-10,72,73
2009-12-11,75,75
2009-12-12,75,75
2009-12-13,75,75
2009-12-14,61,77
2009-12-15,60,61
2009-12-16,46,60
2009-12-17,45,46
2009-12-18,46,46
2009-12-19,47,47
2009-12-20,47,47
2009-12-21,53,59
2009-12-22,46,58
2009-12-23,56,56
2009-12-24,59,60
2009-12-25,59,59
2009-12-26,59,59
2009-12-27,57,59
2009-12-28,38,57
2009-12-29,38,38
2009-12-30,38,39
2009-12-31,40,40
2010-01-01,40,40
2010-01-02,40,40
2010-01-03,40,40
2010-01-04,40,40
2010-01-05,37,42
2010-01-06,67,67
2010-01-07,69,69
2010-01-08,75,75
2010-01-09,75,75
2010-01-10,75,75
2010-01-11,72,76
2010-01-12,72,72
2010-01-13,23,73
2010-01-14,37,37
2010-01-15,39,39
2010-01-16,39,39
2010-01-17,39,39
2010-01-18,39,39
2010-01-19,42,42
2010-01-20,39,53
2010-01-21,40,44
2010-01-22,67,67
2010-01-23,67,67
2010-01-24,67,67
2010-01-25,43,76
2010-01-26,55,55
2010-01-27,122,123
2010-01-28,165,166
2010-01-29,165,165
2010-01-30,165,165
2010-01-31,165,165
2010-02-01,164,165
2010-02-02,162,164
2010-02-03,154,165
2010-02-04,146,154
2010-02-05,145,147
2010-02-06,145,145
2010-02-07,145,145
2010-02-08,99,145
2010-02-09,102,103
2010-02-10,113,116
2010-02-11,123,124
2010-02-12,123,123
2010-02-13,123,123
2010-02-14,123,123
2010-02-15,123,123
2010-02-16,113,129
2010-02-17,124,132
2010-02-18,159,168
2010-02-19,164,166
2010-02-20,166,166
2010-02-21,166,166
2010-02-22,130,177
2010-02-23,153,158
2010-02-24,165,173
2010-02-25,150,186
2010-02-26,163,167
2010-02-27,163,163
2010-02-28,163,163
2010-03-01,173,173
2010-03-02,172,179
2010-03-03,167,173
2010-03-04,158,170
2010-03-05,158,158
2010-03-06,158,158
2010-03-07,158,158
2010-03-08,152,170
2010-03-09,160,161
2010-03-10,138,169
2010-03-11,132,140
2010-03-12,138,147
2010-03-13,138,138
2010-03-14,138,138
2010-03-15,149,149
2010-03-16,150,151
2010-03-17,150,155
2010-03-18,155,157
2010-03-19,157,158
2010-03-20,157,157
2010-03-21,157,157
2010-03-22,135,167
2010-03-23,140,142
2010-03-24,145,156
2010-03-25,138,147
2010-03-26,136,139
2010-03-27,136,136
2010-03-28,136,136
2010-03-29,148,154
2010-03-30,139,155
2010-03-31,144,147
2010-04-01,148,152
2010-04-02,140,151
2010-04-03,144,145
2010-04-04,144,144
2010-04-05,133,147
2010-04-06,135,136
2010-04-07,140,140
2010-04-08,151,151
2010-04-09,157,160
2010-04-10,158,158
2010-04-11,158,158
2010-04-12,190,191
2010-04-13,194,196
2010-04-14,191,196
2010-04-15,186,192
2010-04-16,170,194
2010-04-17,170,170
2010-04-18,170,170
2010-04-19,169,179
2010-04-20,170,170
2010-04-21,139,178
2010-04-22,135,144
2010-04-23,136,140
2010-04-24,136,136
2010-04-25,136,136
2010-04-26,147,153
2010-04-27,154,156
2010-04-28,152,157
2010-04-29,152,154
2010-04-30,153,155
2010-05-01,153,153
2010-05-02,153,153
2010-05-03,126,157
2010-05-04,130,133
2010-05-05,149,150
2010-05-06,160,164
2010-05-07,170,172
2010-05-08,170,170
2010-05-09,170,170
2010-05-10,172,179
2010-05-11,172,178
2010-05-12,173,174
2010-05-13,174,175
2010-05-14,173,180
2010-05-15,173,173
2010-05-16,173,173
2010-05-17,174,188
2010-05-18,174,176
2010-05-19,167,190
2010-05-20,167,174
2010-05-21,169,173
2010-05-22,169,169
2010-05-23,169,169
2010-05-24,170,173
2010-05-25,174,175
2010-05-26,174,177
2010-05-27,177,178
2010-05-28,175,177
2010-05-29,175,175
2010-05-30,175,175
2010-05-31,175,175
2010-06-01,139,177
2010-06-02,127,147
2010-06-03,133,133
2010-06-04,136,137
2010-06-05,136,136
2010-06-06,136,136
2010-06-07,139,144
2010-06-08,141,145
2010-06-09,170,170
2010-06-10,165,173
2010-06-11,173,173
2010-06-12,173,173
2010-06-13,173,173
2010-06-14,141,189
2010-06-15,138,143
2010-06-16,122,142
2010-06-17,134,138
2010-06-18,131,135
2010-06-19,131,131
2010-06-20,131,131
2010-06-21,133,135
2010-06-22,133,139
2010-06-23,134,137
2010-06-24,137,138
2010-06-25,138,141
2010-06-26,138,138
2010-06-27,138,138
2010-06-28,126,140
2010-06-29,130,133
2010-06-30,132,134
2010-07-01,136,136
2010-07-02,115,136
2010-07-03,115,115
2010-07-04,115,115
2010-07-05,115,115
2010-07-06,116,117
2010-07-07,112,118
2010-07-08,108,116
2010-07-09,123,123
2010-07-10,123,123
2010-07-11,123,123
2010-07-12,159,193
2010-07-13,158,159
2010-07-14,147,163
2010-07-15,145,148
2010-07-16,144,145
2010-07-17,144,144
2010-07-18,144,144
2010-07-19,142,144
2010-07-20,134,143
2010-07-21,154,180
2010-07-22,173,176
2010-07-23,176,177
2010-07-24,176,176
2010-07-25,176,176
2010-07-26,166,176
2010-07-27,172,173
2010-07-28,110,182
2010-07-29,107,111
2010-07-30,108,109
2010-07-31,108,108
2010-08-01,109,109
2010-08-02,113,114
2010-08-03,114,115
2010-08-04,113,118
2010-08-05,102,116
2010-08-06,104,106
2010-08-07,104,104
2010-08-08,104,104
2010-08-09,99,109
2010-08-10,98,105
2010-08-11,85,102
2010-08-12,87,89
2010-08-13,91,91
2010-08-14,91,91
2010-08-15,91,91
2010-08-16,89,96
2010-08-17,89,91
2010-08-18,91,95
2010-08-19,92,96
2010-08-20,80,94
2010-08-21,80,80
2010-08-22,80,80
2010-08-23,116,117
2010-08-24,118,118
2010-08-25,117,121
2010-08-26,110,123
2010-08-27,104,111
2010-08-28,104,104
2010-08-29,104,104
2010-08-30,111,113
2010-08-31,127,127
2010-09-01,141,152
2010-09-02,160,168
2010-09-03,161,176
2010-09-04,161,161
2010-09-05,161,161
2010-09-06,161,161
2010-09-07,164,166
2010-09-08,174,204
2010-09-09,142,182
2010-09-10,156,168
2010-09-11,156,156
2010-09-12,156,156
2010-09-13,154,166
2010-09-14,168,171
2010-09-15,168,172
2010-09-16,163,176
2010-09-17,163,166
2010-09-18,163,163
2010-09-19,163,163
2010-09-20,158,193
2010-09-21,176,177
2010-09-22,167,186
2010-09-23,172,173
2010-09-24,171,177
2010-09-25,171,171
2010-09-26,171,171
2010-09-27,175,176
2010-09-28,177,180
2010-09-29,177,179
2010-09-30,162,186
2010-10-01,164,165
2010-10-02,164,164
2010-10-03,164,164
2010-10-04,160,168
2010-10-05,164,166
2010-10-06,161,176
2010-10-07,159,174
2010-10-08,160,166
2010-10-09,160,160
2010-10-10,160,160
2010-10-11,160,160
2010-10-12,165,168
2010-10-13,166,168
2010-10-14,165,173
2010-10-15,170,174
2010-10-16,170,170
2010-10-17,170,170
2010-10-18,174,176
2010-10-19,162,179
2010-10-20,159,174
2010-10-21,158,161
2010-10-22,160,165
2010-10-23,160,160
2010-10-24,160,160
2010-10-25,152,169
2010-10-26,162,168
2010-10-27,166,169
2010-10-28,168,174
2010-10-29,169,174
2010-10-30,169,169
2010-10-31,169,169
2010-11-01,159,174
2010-11-02,157,167
2010-11-03,147,161
2010-11-04,157,165
2010-11-05,150,161
2010-11-06,150,150
2010-11-07,150,150
2010-11-08,165,166
2010-11-09,172,177
2010-11-10,176,181
2010-11-11,176,176
2010-11-12,173,183
2010-11-13,173,173
2010-11-14,173,173
2010-11-15,172,191
2010-11-16,175,179
2010-11-17,157,179
2010-11-18,169,177
2010-11-19,155,171
2010-11-20,155,155
2010-11-21,155,155
2010-11-22,157,160
2010-11-23,155,161
2010-11-24,157,172
2010-11-25,157,157
2010-11-26,137,160
2010-11-27,137,137
2010-11-28,137,137
2010-11-29,154,159
2010-11-30,176,177
2010-12-01,171,186
2010-12-02,189,199
2010-12-03,196,203
2010-12-04,196,196
2010-12-05,196,196
2010-12-06,204,222
2010-12-07,210,216
2010-12-08,198,211
2010-12-09,184,198
2010-12-10,175,187
2010-12-11,174,175
2010-12-12,174,174
2010-12-13,165,199
2010-12-14,173,179
2010-12-15,167,179
2010-12-16,169,174
2010-12-17,166,179
2010-12-18,166,166
2010-12-19,166,166
2010-12-20,175,175
2010-12-21,176,180
2010-12-22,172,179
2010-12-23,159,175
2010-12-24,159,159
2010-12-25,159,159
2010-12-26,159,159
2010-12-27,163,167
2010-12-28,150,169
2010-12-29,160,162
2010-12-30,150,162
2010-12-31,150,150
2011-01-01,150,150
2011-01-02,150,150
2011-01-03,148,152
2011-01-04,159,159
2011-01-05,152,160
2011-01-06,173,178
2011-01-07,171,184
2011-01-08,171,171
2011-01-09,172,172
2011-01-10,176,178
2011-01-11,174,177
2011-01-12,169,187
2011-01-13,174,177
2011-01-14,182,195
2011-01-15,182,182
2011-01-16,182,182
2011-01-17,182,182
2011-01-18,173,182
2011-01-19,198,202
2011-01-20,194,209
2011-01-21,203,229
2011-01-22,194,203
2011-01-23,194,194
2011-01-24,179,195
2011-01-25,170,183
2011-01-26,163,173
2011-01-27,160,172
2011-01-28,158,179
2011-01-29,158,158
2011-01-30,158,158
2011-01-31,153,168
2011-02-01,153,153
2011-02-02,154,154
2011-02-03,161,169
2011-02-04,161,161
2011-02-05,160,161
2011-02-06,148,161
2011-02-07,151,160
2011-02-08,145,154
2011-02-09,159,159
2011-02-10,120,160
2011-02-11,126,127
2011-02-12,126,126
2011-02-13,126,126
2011-02-14,138,139
2011-02-15,137,148
2011-02-16,126,141
2011-02-17,135,144
2011-02-18,142,152
2011-02-19,142,142
2011-02-20,142,142
2011-02-21,142,142
2011-02-22,151,158
2011-02-23,177,183
2011-02-24,168,188
2011-02-25,162,176
2011-02-26,162,162
2011-02-27,162,162
2011-02-28,164,168
2011-03-01,160,169
2011-03-02,162,165
2011-03-03,163,176
2011-03-04,152,167
2011-03-05,152,152
2011-03-06,152,152
2011-03-07,123,158
2011-03-08,137,144
2011-03-09,137,157
2011-03-10,121,143
2011-03-11,138,142
2011-03-12,138,138
2011-03-13,138,138
2011-03-14,134,142
2011-03-15,136,143
2011-03-16,167,183
2011-03-17,188,205
2011-03-18,188,195
2011-03-19,188,188
2011-03-20,188,188
2011-03-21,196,200
2011-03-22,197,202
2011-03-23,200,212
2011-03-24,200,214
2011-03-25,208,216
2011-03-26,208,208
2011-03-27,208,208
2011-03-28,211,220
2011-03-29,212,222
2011-03-30,206,220
2011-03-31,205,212
2011-04-01,197,206
2011-04-02,197,197
2011-04-03,197,197
2011-04-04,171,199
2011-04-05,179,182
2011-04-06,178,182
2011-04-07,151,178
2011-04-08,148,155
2011-04-09,148,148
2011-04-10,148,148
2011-04-11,161,165
2011-04-12,154,168
2011-04-13,149,157
2011-04-14,133,149
2011-04-15,140,140
2011-04-16,140,140
2011-04-17,140,140
2011-04-18,140,150
2011-04-19,133,149
2011-04-20,121,135
2011-04-21,132,137
2011-04-22,138,140
2011-04-23,138,138
2011-04-24,138,138
2011-04-25,135,138
2011-04-26,145,153
2011-04-27,157,167
2011-04-28,155,163
2011-04-29,150,160
2011-04-30,150,150
2011-05-01,151,151
2011-05-02,161,169
2011-05-03,186,195
2011-05-04,182,191
2011-05-05,169,183
2011-05-06,175,180
2011-05-07,175,175
2011-05-08,175,175
2011-05-09,173,180
2011-05-10,184,194
2011-05-11,183,190
2011-05-12,183,187
2011-05-13,185,187
2011-05-14,186,186
2011-05-15,186,186
2011-05-16,175,190
2011-05-17,199,203
2011-05-18,193,210
2011-05-19,220,226
2011-05-20,237,240
2011-05-21,237,237
2011-05-22,237,237
2011-05-23,231,237
2011-05-24,232,236
2011-05-25,218,232
2011-05-26,224,232
2011-05-27,224,226
2011-05-28,224,224
2011-05-29,224,224
2011-05-30,224,224
2011-05-31,223,227
2011-06-01,223,232
2011-06-02,224,225
2011-06-03,219,231
2011-06-04,219,219
2011-06-05,219,219
2011-06-06,221,234
2011-06-07,225,227
2011-06-08,225,228
2011-06-09,224,225
2011-06-10,197,229
2011-06-11,197,197
2011-06-12,197,197
2011-06-13,192,202
2011-06-14,185,193
2011-06-15,180,186
2011-06-16,179,181
2011-06-17,165,196
2011-06-18,165,165
2011-06-19,165,165
2011-06-20,160,173
2011-06-21,178,180
2011-06-22,186,191
2011-06-23,188,191
2011-06-24,177,193
2011-06-25,177,177
2011-06-26,177,177
2011-06-27,172,179
2011-06-28,172,172
2011-06-29,169,173
2011-06-30,159,171
2011-07-01,154,159
2011-07-02,154,154
2011-07-03,154,154
2011-07-04,154,154
2011-07-05,157,158
2011-07-06,157,159
2011-07-07,159,166
2011-07-08,203,205
2011-07-09,209,209
2011-07-10,209,209
2011-07-11,200,215
2011-07-12,188,201
2011-07-13,168,188
2011-07-14,164,168
2011-07-15,171,173
2011-07-16,171,171
2011-07-17,171,171
2011-07-18,180,182
2011-07-19,187,193
2011-07-20,188,196
2011-07-21,201,203
2011-07-22,205,209
2011-07-23,205,205
2011-07-24,205,205
2011-07-25,204,208
2011-07-26,197,207
2011-07-27,212,220
2011-07-28,210,218
2011-07-29,211,212
2011-07-30,211,211
2011-07-31,211,211
2011-08-01,184,211
2011-08-02,184,189
2011-08-03,193,196
2011-08-04,203,208
2011-08-05,191,213
2011-08-06,191,191
2011-08-07,191,191
2011-08-08,170,197
2011-08-09,175,179
2011-08-10,177,179
2011-08-11,178,183
2011-08-12,178,179
2011-08-13,178,178
2011-08-14,178,178
2011-08-15,181,181
2011-08-16,188,191
2011-08-17,186,195
2011-08-18,198,202
2011-08-19,201,202
2011-08-20,201,201
2011-08-21,201,201
2011-08-22,184,207
2011-08-23,185,185
2011-08-24,206,215
2011-08-25,209,212
2011-08-26,206,210
2011-08-27,206,206
2011-08-28,206,206
2011-08-29,206,210
2011-08-30,208,215
2011-08-31,217,221
2011-09-01,224,226
2011-09-02,221,235
2011-09-03,221,221
2011-09-04,221,221
2011-09-05,221,221
2011-09-06,223,226
2011-09-07,203,224
2011-09-08,194,205
2011-09-09,188,196
2011-09-10,188,188
2011-09-11,188,188
2011-09-12,190,193
2011-09-13,194,202
2011-09-14,195,197
2011-09-15,191,198
2011-09-16,191,196
2011-09-17,191,191
2011-09-18,191,191
2011-09-19,203,212
2011-09-20,212,215
2011-09-21,210,221
2011-09-22,197,212
2011-09-23,196,199
2011-09-24,196,196
2011-09-25,232,232
2011-09-26,237,238
2011-09-27,238,242
2011-09-28,232,250
2011-09-29,241,245
2011-09-30,231,244
2011-10-01,231,231
2011-10-02,231,231
2011-10-03,224,237
2011-10-04,201,233
2011-10-05,217,218
2011-10-06,219,224
2011-10-07,223,227
2011-10-08,223,223
2011-10-09,223,223
2011-10-10,223,223
2011-10-11,228,233
2011-10-12,233,235
2011-10-13,234,242
2011-10-14,239,241
2011-10-15,239,239
2011-10-16,239,239
2011-10-17,213,241
2011-10-18,208,218
2011-10-19,211,215
2011-10-20,205,215
2011-10-21,206,209
2011-10-22,206,206
2011-10-23,206,206
2011-10-24,227,228
2011-10-25,214,229
2011-10-26,212,215
2011-10-27,217,217
2011-10-28,180,222
2011-10-29,180,180
2011-10-30,180,180
2011-10-31,180,182
2011-11-01,182,182
2011-11-02,181,184
2011-11-03,180,183
2011-11-04,173,184
2011-11-05,173,173
2011-11-06,173,173
2011-11-07,171,175
2011-11-08,175,176
2011-11-09,184,186
2011-11-10,175,188
2011-11-11,175,175
2011-11-12,175,175
2011-11-13,175,175
2011-11-14,180,183
2011-11-15,182,186
2011-11-16,189,192
2011-11-17,167,195
2011-11-18,165,171
2011-11-19,165,165
2011-11-20,165,165
2011-11-21,168,169
2011-11-22,174,177
2011-11-23,174,176
2011-11-24,174,174
2011-11-25,175,176
2011-11-26,175,175
2011-11-27,175,175
2011-11-28,182,182
2011-11-29,179,186
2011-11-30,186,186
2011-12-01,196,210
2011-12-02,202,206
2011-12-03,202,202
2011-12-04,202,202
2011-12-05,204,207
2011-12-06,204,207
2011-12-07,210,213
2011-12-08,192,213
2011-12-09,193,196
2011-12-10,193,193
2011-12-11,193,193
2011-12-12,171,197
2011-12-13,179,191
2011-12-14,182,186
2011-12-15,178,187
2011-12-16,171,185
2011-12-17,171,171
2011-12-18,171,171
2011-12-19,170,174
2011-12-20,176,177
2011-12-21,177,180
2011-12-22,177,180
2011-12-23,178,179
2011-12-24,178,178
2011-12-25,178,178
2011-12-26,178,178
2011-12-27,173,182
2011-12-28,161,177
2011-12-29,158,162
2011-12-30,158,158
2011-12-31,158,158
2012-01-01,158,158
2012-01-02,158,158
2012-01-03,146,158
2012-01-04,146,149
2012-01-05,136,151
2012-01-06,125,136
2012-01-07,126,126
2012-01-08,126,126
2012-01-09,126,127
2012-01-10,124,127
2012-01-11,118,124
2012-01-12,117,120
2012-01-13,124,127
2012-01-14,124,124
2012-01-15,124,124
2012-01-16,124,124
2012-01-17,130,139
2012-01-18,143,145
2012-01-19,145,159
2012-01-20,160,162
2012-01-21,160,160
2012-01-22,160,160
2012-01-23,159,161
2012-01-24,158,159
2012-01-25,150,158
2012-01-26,144,150
2012-01-27,137,144
2012-01-28,137,137
2012-01-29,137,137
2012-01-30,135,137
2012-01-31,134,135
2012-02-01,146,148
2012-02-02,155,163
2012-02-03,149,156
2012-02-04,149,149
2012-02-05,149,149
2012-02-06,160,160
2012-02-07,184,184
2012-02-08,169,184
2012-02-09,159,170
2012-02-10,156,161
2012-02-11,156,156
2012-02-12,156,156
2012-02-13,164,170
2012-02-14,179,183
2012-02-15,176,193
2012-02-16,167,176
2012-02-17,156,167
2012-02-18,156,156
2012-02-19,156,156
2012-02-20,156,156
2012-02-21,152,156
2012-02-22,151,152
2012-02-23,148,151
2012-02-24,141,148
2012-02-25,141,141
2012-02-26,141,141
2012-02-27,140,141
2012-02-28,137,140
2012-02-29,151,155
2012-03-01,162,171
2012-03-02,183,202
2012-03-03,183,183
2012-03-04,183,183
2012-03-05,211,212
2012-03-06,219,223
2012-03-07,234,236
2012-03-08,226,236
2012-03-09,235,237
2012-03-10,235,235
2012-03-11,235,235
2012-03-12,233,235
2012-03-13,228,234
2012-03-14,229,230
2012-03-15,230,232
2012-03-16,214,240
2012-03-17,214,214
2012-03-18,214,214
2012-03-19,227,228
2012-03-20,226,230
2012-03-21,242,246
2012-03-22,226,242
2012-03-23,217,237
2012-03-24,217,217
2012-03-25,217,217
2012-03-26,227,233
2012-03-27,226,229
2012-03-28,227,233
2012-03-29,197,233
2012-03-30,199,209
2012-03-31,199,199
2012-04-01,199,199
2012-04-02,200,203
2012-04-03,212,215
2012-04-04,212,218
2012-04-05,205,218
2012-04-06,214,216
2012-04-07,214,214
2012-04-08,214,214
2012-04-09,218,221
2012-04-10,205,221
2012-04-11,180,208
2012-04-12,158,180
2012-04-13,142,158
2012-04-14,142,142
2012-04-15,142,142
2012-04-16,141,143
2012-04-17,189,195
2012-04-18,201,205
2012-04-19,206,212
2012-04-20,206,217
2012-04-21,206,206
2012-04-22,206,206
2012-04-23,202,206
2012-04-24,210,217
2012-04-25,194,210
2012-04-26,187,194
2012-04-27,186,188
2012-04-28,186,186
2012-04-29,186,186
2012-04-30,134,187
2012-05-01,126,134
2012-05-02,126,127
2012-05-03,123,126
2012-05-04,118,123
2012-05-05,118,118
2012-05-06,118,118
2012-05-07,183,199
2012-05-08,203,204
2012-05-09,210,212
2012-05-10,206,218
2012-05-11,203,208
2012-05-12,203,203
2012-05-13,203,203
2012-05-14,194,205
2012-05-15,189,194
2012-05-16,189,189
2012-05-17,183,191
2012-05-18,179,184
2012-05-19,179,179
2012-05-20,179,179
2012-05-21,178,182
2012-05-22,171,178
2012-05-23,173,173
2012-05-24,178,184
2012-05-25,188,188
2012-05-26,188,188
2012-05-27,188,188
2012-05-28,188,188
2012-05-29,186,189
2012-05-30,188,188
2012-05-31,186,189
2012-06-01,154,186
2012-06-02,154,154
2012-06-03,154,154
2012-06-04,155,155
2012-06-05,167,175
2012-06-06,182,183
2012-06-07,180,184
2012-06-08,265,269
2012-06-09,265,265
2012-06-10,266,266
2012-06-11,254,267
2012-06-12,243,254
2012-06-13,237,244
2012-06-14,223,237
2012-06-15,210,223
2012-06-16,210,210
2012-06-17,209,210
2012-06-18,215,216
2012-06-19,233,235
2012-06-20,229,233
2012-06-21,288,299
2012-06-22,260,292
2012-06-23,260,260
2012-06-24,260,260
2012-06-25,273,275
2012-06-26,287,297
2012-06-27,287,287
2012-06-28,278,288
2012-06-29,280,280
2012-06-30,280,280
2012-07-01,280,280
2012-07-02,277,281
2012-07-03,271,277
2012-07-04,271,271
2012-07-05,273,277
2012-07-06,288,290
2012-07-07,288,288
2012-07-08,288,288
2012-07-09,272,298
2012-07-10,273,274
2012-07-11,249,284
2012-07-12,253,261
2012-07-13,258,271
2012-07-14,258,258
2012-07-15,258,258
2012-07-16,265,268
2012-07-17,265,272
2012-07-18,245,277
2012-07-19,235,255
2012-07-20,237,241
2012-07-21,237,237
2012-07-22,237,237
2012-07-23,246,251
2012-07-24,240,250
2012-07-25,271,293
2012-07-26,284,286
2012-07-27,279,295
2012-07-28,279,279
2012-07-29,279,279
2012-07-30,287,290
2012-07-31,291,304
2012-08-01,300,303
2012-08-02,308,311
2012-08-03,307,310
2012-08-04,307,307
2012-08-05,307,307
2012-08-06,305,320
2012-08-07,300,312
2012-08-08,298,312
2012-08-09,304,311
2012-08-10,301,305
2012-08-11,301,301
2012-08-12,301,301
2012-08-13,254,310
2012-08-14,253,270
2012-08-15,264,267
2012-08-16,272,281
2012-08-17,281,285
2012-08-18,281,281
2012-08-19,281,281
2012-08-20,279,293
2012-08-21,291,306
2012-08-22,290,299
2012-08-23,301,304
2012-08-24,276,310
2012-08-25,276,276
2012-08-26,275,276
2012-08-27,282,290
2012-08-28,279,294
2012-08-29,272,279
2012-08-30,279,285
2012-08-31,297,300
2012-09-01,297,297
2012-09-02,297,297
2012-09-03,297,297
2012-09-04,294,300
2012-09-05,280,313
2012-09-06,281,303
2012-09-07,287,295
2012-09-08,289,289
2012-09-09,290,290
2012-09-10,300,308
2012-09-11,296,317
2012-09-12,304,308
2012-09-13,309,313
2012-09-14,311,315
2012-09-15,311,311
2012-09-16,311,311
2012-09-17,309,320
2012-09-18,288,328
2012-09-19,287,305
2012-09-20,292,297
2012-09-21,291,300
2012-09-22,291,291
2012-09-23,291,291
2012-09-24,298,305
2012-09-25,310,318
2012-09-26,306,311
2012-09-27,289,320
2012-09-28,295,297
2012-09-29,295,295
2012-09-30,295,295
2012-10-01,282,303
2012-10-02,290,302
2012-10-03,290,299
2012-10-04,266,295
2012-10-05,268,269
2012-10-06,268,268
2012-10-07,268,268
2012-10-08,268,268
2012-10-09,283,285
2012-10-10,307,309
2012-10-11,300,321
2012-10-12,301,309
2012-10-13,301,301
2012-10-14,301,301
2012-10-15,310,313
2012-10-16,297,324
2012-10-17,277,302
2012-10-18,275,279
2012-10-19,276,279
2012-10-20,276,276
2012-10-21,276,276
2012-10-22,275,281
2012-10-23,273,286
2012-10-24,284,287
2012-10-25,266,294
2012-10-26,252,275
2012-10-27,252,252
2012-10-28,252,252
2012-10-29,267,269
2012-10-30,263,277
2012-10-31,270,273
2012-11-01,269,283
2012-11-02,279,282
2012-11-03,279,279
2012-11-04,279,279
2012-11-05,279,284
2012-11-06,265,291
2012-11-07,269,273
2012-11-08,261,279
2012-11-09,260,269
2012-11-10,260,260
2012-11-11,260,260
2012-11-12,260,260
2012-11-13,273,277
2012-11-14,289,293
2012-11-15,274,298
2012-11-16,289,290
2012-11-17,289,289
2012-11-18,289,289
2012-11-19,299,301
2012-11-20,288,321
2012-11-21,294,299
2012-11-22,294,294
2012-11-23,292,300
2012-11-24,292,292
2012-11-25,292,292
2012-11-26,289,292
2012-11-27,287,296
2012-11-28,293,298
2012-11-29,297,299
2012-11-30,278,306
2012-12-01,278,278
2012-12-02,278,278
2012-12-03,276,281
2012-12-04,281,294
2012-12-05,289,295
2012-12-06,282,300
2012-12-07,269,292
2012-12-08,269,269
2012-12-09,269,269
2012-12-10,260,275
2012-12-11,261,273
2012-12-12,252,274
2012-12-13,256,260
2012-12-14,269,270
2012-12-15,269,269
2012-12-16,269,269
2012-12-17,265,280
2012-12-18,270,275
2012-12-19,268,281
2012-12-20,262,281
2012-12-21,286,293
2012-12-22,286,286
2012-12-23,286,286
2012-12-24,286,286
2012-12-25,286,286
2012-12-26,292,303
2012-12-27,290,304
2012-12-28,290,296
2012-12-29,290,290
2012-12-30,290,290
2012-12-31,288,291
2013-01-01,288,288
2013-01-02,290,293
2013-01-03,300,304
2013-01-04,258,304
2013-01-05,258,258
2013-01-06,258,258
2013-01-07,249,265
2013-01-08,247,257
2013-01-09,248,254
2013-01-10,239,252
2013-01-11,246,249
2013-01-12,246,246
2013-01-13,247,247
2013-01-14,248,254
2013-01-15,245,255
2013-01-16,226,254
2013-01-17,229,229
2013-01-18,221,234
2013-01-19,221,221
2013-01-20,221,221
2013-01-21,221,221
2013-01-22,222,232
2013-01-23,224,232
2013-01-24,232,236
2013-01-25,215,235
2013-01-26,215,215
2013-01-27,215,215
2013-01-28,226,229
2013-01-29,218,234
2013-01-30,213,227
2013-01-31,208,215
2013-02-01,206,209
2013-02-02,206,206
2013-02-03,206,206
2013-02-04,203,207
2013-02-05,194,210
2013-02-06,188,198
2013-02-07,173,188
2013-02-08,171,175
2013-02-09,171,171
2013-02-10,171,171
2013-02-11,164,171
2013-02-12,161,164
2013-02-13,160,165
2013-02-14,164,168
2013-02-15,163,164
2013-02-16,163,163
2013-02-17,163,163
2013-02-18,163,163
2013-02-19,160,170
2013-02-20,155,171
2013-02-21,151,164
2013-02-22,150,152
2013-02-23,150,150
2013-02-24,150,150
2013-02-25,143,150
2013-02-26,135,143
2013-02-27,132,135
2013-02-28,129,138
2013-03-01,123,130
2013-03-02,123,123
2013-03-03,123,123
2013-03-04,124,124
2013-03-05,114,124
2013-03-06,160,162
2013-03-07,199,203
2013-03-08,273,274
2013-03-09,273,273
2013-03-10,273,273
2013-03-11,273,273
2013-03-12,264,276
2013-03-13,261,266
2013-03-14,256,261
2013-03-15,246,256
2013-03-16,246,246
2013-03-17,246,246
2013-03-18,291,292
2013-03-19,287,293
2013-03-20,282,287
2013-03-21,252,282
2013-03-22,251,252
2013-03-23,251,251
2013-03-24,251,251
2013-03-25,250,251
2013-03-26,248,250
2013-03-27,244,248
2013-03-28,228,244
2013-03-29,226,229
2013-03-30,226,226
2013-03-31,226,226
2013-04-01,225,226
2013-04-02,208,226
2013-04-03,208,208
2013-04-04,177,209
2013-04-05,176,177
2013-04-06,177,177
2013-04-07,177,177
2013-04-08,228,229
2013-04-09,265,267
2013-04-10,273,278
2013-04-11,280,288
2013-04-12,283,284
2013-04-13,283,283
2013-04-14,283,283
2013-04-15,216,301
2013-04-16,213,218
2013-04-17,187,224
2013-04-18,181,200
2013-04-19,184,184
2013-04-20,184,184
2013-04-21,184,184
2013-04-22,179,184
2013-04-23,176,183
2013-04-24,176,181
2013-04-25,210,212
2013-04-26,226,232
2013-04-27,226,226
2013-04-28,227,227
2013-04-29,205,227
2013-04-30,244,250
2013-05-01,294,294
2013-05-02,262,295
2013-05-03,261,263
2013-05-04,261,261
2013-05-05,261,261
2013-05-06,291,293
2013-05-07,288,291
2013-05-08,291,294
2013-05-09,295,296
2013-05-10,291,297
2013-05-11,291,291
2013-05-12,291,291
2013-05-13,297,301
2013-05-14,303,304
2013-05-15,237,307
2013-05-16,295,306
2013-05-17,300,300
2013-05-18,300,300
2013-05-19,300,300
2013-05-20,259,301
2013-05-21,294,295
2013-05-22,287,297
2013-05-23,271,287
2013-05-24,268,271
2013-05-25,268,268
2013-05-26,268,268
2013-05-27,268,268
2013-05-28,261,269
2013-05-29,261,265
2013-05-30,258,261
2013-05-31,286,289
2013-06-01,286,286
2013-06-02,286,286
2013-06-03,299,300
2013-06-04,295,301
2013-06-05,293,295
2013-06-06,292,293
2013-06-07,293,301
2013-06-08,293,293
2013-06-09,293,293
2013-06-10,300,303
2013-06-11,182,306
2013-06-12,180,183
2013-06-13,177,181
2013-06-14,176,177
2013-06-15,176,176
2013-06-16,176,176
2013-06-17,175,177
2013-06-18,171,176
2013-06-19,166,172
2013-06-20,165,167
2013-06-21,165,167
2013-06-22,165,165
2013-06-23,165,165
2013-06-24,112,175
2013-06-25,111,113
2013-06-26,112,114
2013-06-27,111,113
2013-06-28,107,111
2013-06-29,107,107
2013-06-30,107,107
2013-07-01,102,107
2013-07-02,101,104
2013-07-03,87,103
2013-07-04,87,87
2013-07-05,86,89
2013-07-06,86,86
2013-07-07,86,86
2013-07-08,132,139
2013-07-09,130,134
2013-07-10,128,132
2013-07-11,124,131
2013-07-12,117,125
2013-07-13,117,117
2013-07-14,164,164
2013-07-15,180,181
2013-07-16,179,180
2013-07-17,183,183
2013-07-18,229,230
2013-07-19,228,229
2013-07-20,228,228
2013-07-21,228,228
2013-07-22,207,229
2013-07-23,205,207
2013-07-24,217,224
2013-07-25,225,230
2013-07-26,218,228
2013-07-27,218,218
2013-07-28,218,218
2013-07-29,225,226
2013-07-30,185,233
2013-07-31,188,190
2013-08-01,189,189
2013-08-02,186,191
2013-08-03,186,186
2013-08-04,186,186
2013-08-05,185,186
2013-08-06,192,194
2013-08-07,194,197
2013-08-08,177,209
2013-08-09,185,186
2013-08-10,185,185
2013-08-11,185,185
2013-08-12,179,185
2013-08-13,130,188
2013-08-14,173,174
2013-08-15,174,178
2013-08-16,180,183
2013-08-17,180,180
2013-08-18,180,180
2013-08-19,183,187
2013-08-20,179,193
2013-08-21,178,181
2013-08-22,177,179
2013-08-23,179,184
2013-08-24,179,179
2013-08-25,179,179
2013-08-26,158,186
2013-08-27,162,172
2013-08-28,158,166
2013-08-29,154,158
2013-08-30,150,156
2013-08-31,150,150
2013-09-01,150,150
2013-09-02,141,150
2013-09-03,136,141
2013-09-04,131,137
2013-09-05,129,131
2013-09-06,163,173
2013-09-07,163,163
2013-09-08,163,163
2013-09-09,163,164
2013-09-10,148,169
2013-09-11,148,149
2013-09-12,141,148
2013-09-13,178,184
2013-09-14,178,178
2013-09-15,178,178
2013-09-16,156,180
2013-09-17,156,157
2013-09-18,161,162
2013-09-19,169,172
2013-09-20,177,182
2013-09-21,177,177
2013-09-22,177,177
2013-09-23,182,183
2013-09-24,195,197
2013-09-25,206,207
2013-09-26,213,214
2013-09-27,213,217
2013-09-28,213,213
2013-09-29,213,213
2013-09-30,218,221
2013-10-01,204,216
2013-10-02,203,206
2013-10-03,156,216
2013-10-04,163,164
2013-10-05,163,163
2013-10-06,163,163
2013-10-07,162,163
2013-10-08,153,172
2013-10-09,153,155
2013-10-10,148,154
2013-10-11,179,191
2013-10-12,179,179
2013-10-13,179,179
2013-10-14,179,179
2013-10-15,167,181
2013-10-16,176,186
2013-10-17,164,176
2013-10-18,164,166
2013-10-19,164,164
2013-10-20,164,164
2013-10-21,161,166
2013-10-22,161,161
2013-10-23,149,169
2013-10-24,137,149
2013-10-25,132,138
2013-10-26,132,132
2013-10-27,132,132
2013-10-28,134,134
2013-10-29,167,171
2013-10-30,157,167
2013-10-31,166,167
2013-11-01,168,170
2013-11-02,168,168
2013-11-03,168,168
2013-11-04,171,171
2013-11-05,218,222
2013-11-06,215,230
2013-11-07,217,223
2013-11-08,222,227
2013-11-09,221,222
2013-11-10,221,221
2013-11-11,221,221
2013-11-12,193,229
2013-11-13,196,198
2013-11-14,190,196
2013-11-15,189,191
2013-11-16,189,189
2013-11-17,189,189
2013-11-18,197,199
2013-11-19,193,197
2013-11-20,195,204
2013-11-21,193,200
2013-11-22,188,194
2013-11-23,188,188
2013-11-24,188,188
2013-11-25,188,193
2013-11-26,186,195
2013-11-27,189,193
2013-11-28,189,189
2013-11-29,190,191
2013-11-30,190,190
2013-12-01,190,190
2013-12-02,162,192
2013-12-03,162,164
2013-12-04,160,163
2013-12-05,181,193
2013-12-06,181,181
2013-12-07,181,181
2013-12-08,181,181
2013-12-09,155,187
2013-12-10,146,157
2013-12-11,144,147
2013-12-12,138,145
2013-12-13,113,147
2013-12-14,113,113
2013-12-15,113,113
2013-12-16,110,113
2013-12-17,110,113
2013-12-18,106,113
2013-12-19,152,153
2013-12-20,162,164
2013-12-21,162,162
2013-12-22,162,162
2013-12-23,183,189
2013-12-24,190,193
2013-12-25,190,190
2013-12-26,196,198
2013-12-27,200,202
2013-12-28,200,200
2013-12-29,200,200
2013-12-30,228,235
2013-12-31,237,237
2014-01-01,237,237
2014-01-02,244,245
2014-01-03,237,245
2014-01-04,237,237
2014-01-05,237,237
2014-01-06,248,249
2014-01-07,248,251
2014-01-08,218,260
2014-01-09,219,224
2014-01-10,226,232
2014-01-11,226,226
2014-01-12,226,226
2014-01-13,216,237
2014-01-14,213,217
2014-01-15,205,213
2014-01-16,189,205
2014-01-17,187,190
2014-01-18,187,187
2014-01-19,187,187
2014-01-20,187,187
2014-01-21,180,188
2014-01-22,179,182
2014-01-23,175,181
2014-01-24,124,181
2014-01-25,124,124
2014-01-26,124,124
2014-01-27,125,127
2014-01-28,125,127
2014-01-29,114,126
2014-01-30,112,114
2014-01-31,107,112
2014-02-01,107,107
2014-02-02,107,107
2014-02-03,118,121
2014-02-04,148,150
2014-02-05,146,148
2014-02-06,144,146
2014-02-07,173,190
2014-02-08,173,173
2014-02-09,173,173
2014-02-10,173,173
2014-02-11,137,174
2014-02-12,127,138
2014-02-13,180,181
2014-02-14,178,180
2014-02-15,178,178
2014-02-16,178,178
2014-02-17,178,178
2014-02-18,206,212
2014-02-19,241,255
2014-02-20,234,242
2014-02-21,234,234
2014-02-22,234,234
2014-02-23,234,234
2014-02-24,238,241
2014-02-25,237,238
2014-02-26,244,246
2014-02-27,244,248
2014-02-28,249,255
2014-03-01,249,249
2014-03-02,249,249
2014-03-03,249,250
2014-03-04,253,254
2014-03-05,238,273
2014-03-06,226,245
2014-03-07,225,231
2014-03-08,225,225
2014-03-09,225,225
2014-03-10,237,241
2014-03-11,217,241
2014-03-12,220,221
2014-03-13,220,222
2014-03-14,209,222
2014-03-15,209,209
2014-03-16,209,209
2014-03-17,205,211
2014-03-18,204,209
2014-03-19,185,216
2014-03-20,183,187
2014-03-21,171,184
2014-03-22,171,171
2014-03-23,171,171
2014-03-24,169,173
2014-03-25,195,215
2014-03-26,189,195
2014-03-27,198,202
2014-03-28,193,200
2014-03-29,193,193
2014-03-30,193,193
2014-03-31,193,193
2014-04-01,191,193
2014-04-02,190,191
2014-04-03,191,208
2014-04-04,244,247
2014-04-05,244,244
2014-04-06,244,244
2014-04-07,249,255
2014-04-08,270,273
2014-04-09,268,273
2014-04-10,234,272
2014-04-11,233,236
2014-04-12,233,233
2014-04-13,233,233
2014-04-14,249,251
2014-04-15,258,265
2014-04-16,266,266
2014-04-17,299,310
2014-04-18,303,313
2014-04-19,303,306
2014-04-20,303,303
2014-04-21,295,319
2014-04-22,273,301
2014-04-23,277,278
2014-04-24,276,282
2014-04-25,271,287
2014-04-26,271,271
2014-04-27,271,271
2014-04-28,299,301
2014-04-29,291,307
2014-04-30,228,296
2014-05-01,270,277
2014-05-02,269,282
2014-05-03,269,269
2014-05-04,269,269
2014-05-05,283,284
2014-05-06,282,303
2014-05-07,283,291
2014-05-08,276,299
2014-05-09,291,313
2014-05-10,291,291
2014-05-11,291,291
2014-05-12,275,292
2014-05-13,281,313
2014-05-14,274,281
2014-05-15,261,274
2014-05-16,258,261
2014-05-17,258,258
2014-05-18,258,258
2014-05-19,264,265
2014-05-20,269,274
2014-05-21,274,278
2014-05-22,284,285
2014-05-23,291,299
2014-05-24,291,291
2014-05-25,291,291
2014-05-26,291,291
2014-05-27,280,291
2014-05-28,296,324
2014-05-29,299,314
2014-05-30,307,315
2014-05-31,307,307
2014-06-01,307,307
2014-06-02,301,307
2014-06-03,285,308
2014-06-04,282,286
2014-06-05,291,294
2014-06-06,277,299
2014-06-07,277,277
2014-06-08,277,277
2014-06-09,276,278
2014-06-10,263,278
2014-06-11,276,278
2014-06-12,272,286
2014-06-13,269,279
2014-06-14,269,269
2014-06-15,269,269
2014-06-16,267,270
2014-06-17,261,271
2014-06-18,241,279
2014-06-19,287,291
2014-06-20,268,289
2014-06-21,268,268
2014-06-22,268,268
2014-06-23,264,268
2014-06-24,256,266
2014-06-25,261,263
2014-06-26,261,268
2014-06-27,293,295
2014-06-28,293,293
2014-06-29,293,293
2014-06-30,303,303
2014-07-01,294,305
2014-07-02,273,306
2014-07-03,261,284
2014-07-04,261,261
2014-07-05,261,261
2014-07-06,261,261
2014-07-07,265,269
2014-07-08,256,265
2014-07-09,287,291
2014-07-10,279,287
2014-07-11,274,286
2014-07-12,274,274
2014-07-13,274,274
2014-07-14,275,277
2014-07-15,273,276
2014-07-16,254,282
2014-07-17,254,256
2014-07-18,242,260
2014-07-19,281,281
2014-07-20,281,281
2014-07-21,285,288
2014-07-22,284,293
2014-07-23,294,299
2014-07-24,299,304
2014-07-25,298,312
2014-07-26,298,298
2014-07-27,298,298
2014-07-28,302,306
2014-07-29,295,303
2014-07-30,256,304
2014-07-31,256,267
2014-08-01,256,275
2014-08-02,294,294
2014-08-03,294,294
2014-08-04,304,306
2014-08-05,296,316
2014-08-06,294,310
2014-08-07,290,295
2014-08-08,295,301
2014-08-09,295,295
2014-08-10,295,295
2014-08-11,297,301
2014-08-12,297,309
2014-08-13,302,305
2014-08-14,305,323
2014-08-15,302,315
2014-08-16,302,302
2014-08-17,302,302
2014-08-18,311,313
2014-08-19,299,311
2014-08-20,267,304
2014-08-21,254,277
2014-08-22,244,260
2014-08-23,244,244
2014-08-24,244,244
2014-08-25,251,255
2014-08-26,252,264
2014-08-27,274,276
2014-08-28,258,275
2014-08-29,279,281
2014-08-30,279,279
2014-08-31,279,279
2014-09-01,279,279
2014-09-02,263,280
2014-09-03,233,274
2014-09-04,227,245
2014-09-05,235,239
2014-09-06,290,290
2014-09-07,290,290
2014-09-08,292,298
2014-09-09,287,302
2014-09-10,297,300
2014-09-11,299,306
2014-09-12,298,311
2014-09-13,298,298
2014-09-14,298,298
2014-09-15,293,305
2014-09-16,278,296
2014-09-17,257,279
2014-09-18,252,266
2014-09-19,250,259
2014-09-20,250,250
2014-09-21,250,250
2014-09-22,255,257
2014-09-23,260,266
2014-09-24,255,261
2014-09-25,259,265
2014-09-26,247,267
2014-09-27,247,247
2014-09-28,247,247
2014-09-29,238,250
2014-09-30,273,275
2014-10-01,239,312
2014-10-02,228,240
2014-10-03,229,233
2014-10-04,229,229
2014-10-05,229,229
2014-10-06,236,238
2014-10-07,240,253
2014-10-08,240,246
2014-10-09,242,251
2014-10-10,244,251
2014-10-11,244,244
2014-10-12,244,244
2014-10-13,243,244
2014-10-14,243,248
2014-10-15,214,251
2014-10-16,212,219
2014-10-17,204,218
2014-10-18,204,204
2014-10-19,204,204
2014-10-20,204,205
2014-10-21,185,204
2014-10-22,185,191
2014-10-23,186,191
2014-10-24,175,188
2014-10-25,175,175
2014-10-26,176,176
2014-10-27,172,177
2014-10-28,171,174
2014-10-29,152,173
2014-10-30,152,153
2014-10-31,145,153
2014-11-01,145,145
2014-11-02,145,145
2014-11-03,143,146
2014-11-04,133,143
2014-11-05,134,136
2014-11-06,138,138
2014-11-07,130,138
2014-11-08,130,130
2014-11-09,130,130
2014-11-10,124,133
2014-11-11,124,124
2014-11-12,105,124
2014-11-13,101,109
2014-11-14,109,115
2014-11-15,109,109
2014-11-16,109,109
2014-11-17,106,110
2014-11-18,103,107
2014-11-19,109,111
2014-11-20,108,111
2014-11-21,97,109
2014-11-22,97,97
2014-11-23,97,97
2014-11-24,98,100
2014-11-25,97,103
2014-11-26,88,97
2014-11-27,88,88
2014-11-28,88,88
2014-11-29,88,88
2014-11-30,88,88
2014-12-01,86,89
2014-12-02,86,87
2014-12-03,85,90
2014-12-04,82,86
2014-12-05,79,83
2014-12-06,79,79
2014-12-07,79,79
2014-12-08,76,79
2014-12-09,77,77
2014-12-10,63,78
2014-12-11,67,69
2014-12-12,62,67
2014-12-13,62,62
2014-12-14,62,62
2014-12-15,96,100
2014-12-16,108,135
2014-12-17,112,138
2014-12-18,118,139
2014-12-19,123,144
2014-12-20,123,123
2014-12-21,123,123
2014-12-22,124,145
2014-12-23,114,135
2014-12-24,113,123
2014-12-25,113,113
2014-12-26,113,113
2014-12-27,113,113
2014-12-28,113,113
2014-12-29,122,130
2014-12-30,111,125
2014-12-31,123,126
2015-01-01,123,123
2015-01-02,115,129
2015-01-03,115,115
2015-01-04,115,115
2015-01-05,121,127
2015-01-06,110,130
2015-01-07,107,126
2015-01-08,111,122
2015-01-09,111,134
2015-01-10,111,111
2015-01-11,111,111
2015-01-12,122,140
2015-01-13,104,136
2015-01-14,113,131
2015-01-15,121,147
2015-01-16,103,137
2015-01-17,103,103
2015-01-18,103,103
2015-01-19,103,103
2015-01-20,108,117
2015-01-21,120,131
2015-01-22,112,138
2015-01-23,103,129
2015-01-24,103,103
2015-01-25,103,103
2015-01-26,111,126
2015-01-27,111,138
2015-01-28,114,131
2015-01-29,130,145
2015-01-30,121,139
2015-01-31,121,121
2015-02-01,121,121
2015-02-02,134,143
2015-02-03,121,147
2015-02-04,124,137
2015-02-05,124,142
2015-02-06,113,139
2015-02-07,113,113
2015-02-08,113,113
2015-02-09,118,129
2015-02-10,129,150
2015-02-11,124,163
2015-02-12,130,147
2015-02-13,126,148
2015-02-14,126,126
2015-02-15,126,126
2015-02-16,126,126
2015-02-17,127,141
2015-02-18,135,156
2015-02-19,141,163
2015-02-20,126,151
2015-02-21,126,126
2015-02-22,126,126
2015-02-23,126,126
2015-02-24,126,126
2015-02-25,136,146
2015-02-26,156,166
2015-02-27,128,156
2015-02-28,128,128
2015-03-01,128,128
2015-03-02,167,175
2015-03-03,187,199
2015-03-04,190,216
2015-03-05,190,190
2015-03-06,184,204
2015-03-07,184,184
2015-03-08,184,184
2015-03-09,207,218
2015-03-10,196,234
2015-03-11,197,213
2015-03-12,203,213
2015-03-13,200,213
2015-03-14,200,200
2015-03-15,200,200
2015-03-16,215,221
2015-03-17,199,221
2015-03-18,207,215
2015-03-19,216,224
2015-03-20,204,226
2015-03-21,204,204
2015-03-22,204,204
2015-03-23,217,222
2015-03-24,204,244
2015-03-25,211,228
2015-03-26,203,227
2015-03-27,201,221
2015-03-28,201,201
2015-03-29,200,201
2015-03-30,212,218
2015-03-31,202,230
2015-04-01,223,226
2015-04-02,206,234
2015-04-03,209,220
2015-04-04,209,209
2015-04-05,209,209
2015-04-06,217,222
2015-04-07,213,246
2015-04-08,216,228
2015-04-09,218,229
2015-04-10,212,229
2015-04-11,242,242
2015-04-12,242,242
2015-04-13,245,262
2015-04-14,243,271
2015-04-15,252,263
2015-04-16,242,268
2015-04-17,225,255
2015-04-18,225,225
2015-04-19,225,225
2015-04-20,247,259
2015-04-21,227,261
2015-04-22,234,248
2015-04-23,236,255
2015-04-24,205,245
2015-04-25,205,205
2015-04-26,205,205
2015-04-27,211,220
2015-04-28,201,230
2015-04-29,198,216
2015-04-30,250,263
2015-05-01,239,261
2015-05-02,239,239
2015-05-03,238,239
2015-05-04,251,258
2015-05-05,247,273
2015-05-06,254,269
2015-05-07,268,292
2015-05-08,251,283
2015-05-09,251,251
2015-05-10,251,251
2015-05-11,274,277
2015-05-12,278,297
2015-05-13,294,313
2015-05-14,286,317
2015-05-15,293,304
2015-05-16,293,293
2015-05-17,293,293
2015-05-18,303,317
2015-05-19,297,326
2015-05-20,296,301
2015-05-21,292,296
2015-05-22,292,300
2015-05-23,292,292
2015-05-24,292,292
2015-05-25,292,292
2015-05-26,288,302
2015-05-27,274,291
2015-05-28,260,279
2015-05-29,256,263
2015-05-30,256,256
2015-05-31,256,256
2015-06-01,255,257
2015-06-02,250,259
2015-06-03,255,259
2015-06-04,253,256
2015-06-05,226,262
2015-06-06,226,226
2015-06-07,226,226
2015-06-08,238,239
2015-06-09,201,240
2015-06-10,215,218
2015-06-11,221,226
2015-06-12,207,235
2015-06-13,207,207
2015-06-14,207,207
2015-06-15,213,213
2015-06-16,207,217
2015-06-17,213,215
2015-06-18,223,224
2015-06-19,269,278
2015-06-20,269,269
2015-06-21,269,269
2015-06-22,269,275
2015-06-23,266,274
2015-06-24,266,270
2015-06-25,254,268
2015-06-26,232,255
2015-06-27,232,232
2015-06-28,232,232
2015-06-29,237,238
2015-06-30,211,239
2015-07-01,218,219
2015-07-02,215,222
2015-07-03,215,215
2015-07-04,215,215
2015-07-05,215,215
2015-07-06,215,215
2015-07-07,229,229
2015-07-08,235,235
2015-07-09,209,238
2015-07-10,199,214
2015-07-11,200,200
2015-07-12,242,242
2015-07-13,243,244
2015-07-14,247,253
2015-07-15,232,250
2015-07-16,237,241
2015-07-17,278,293
2015-07-18,278,278
2015-07-19,278,278
2015-07-20,279,284
2015-07-21,269,283
2015-07-22,272,274
2015-07-23,286,292
2015-07-24,248,291
2015-07-25,248,248
2015-07-26,249,249
2015-07-27,250,263
2015-07-28,257,263
2015-07-29,259,260
2015-07-30,261,263
2015-07-31,263,270
2015-08-01,263,263
2015-08-02,264,264
2015-08-03,263,273
2015-08-04,251,272
2015-08-05,251,257
2015-08-06,259,262
2015-08-07,243,267
2015-08-08,243,243
2015-08-09,243,243
2015-08-10,247,249
2015-08-11,239,251
2015-08-12,239,239
2015-08-13,240,241
2015-08-14,248,254
2015-08-15,248,248
2015-08-16,248,248
2015-08-17,253,258
2015-08-18,255,259
2015-08-19,250,261
2015-08-20,251,254
2015-08-21,229,262
2015-08-22,229,229
2015-08-23,229,229
2015-08-24,230,233
2015-08-25,231,240
2015-08-26,234,238
2015-08-27,235,242
2015-08-28,291,299
2015-08-29,291,291
2015-08-30,291,291
2015-08-31,294,303
2015-09-01,279,298
2015-09-02,287,292
2015-09-03,286,292
2015-09-04,259,298
2015-09-05,259,259
2015-09-06,259,259
2015-09-07,259,259
2015-09-08,259,263
2015-09-09,267,280
2015-09-10,277,277
2015-09-11,275,280
2015-09-12,275,275
2015-09-13,275,275
2015-09-14,280,281
2015-09-15,263,287
2015-09-16,268,271
2015-09-17,259,275
2015-09-18,232,260
2015-09-19,232,232
2015-09-20,233,233
2015-09-21,235,237
2015-09-22,233,237
2015-09-23,295,296
2015-09-24,301,301
2015-09-25,277,304
2015-09-26,277,277
2015-09-27,277,277
2015-09-28,289,294
2015-09-29,289,300
2015-09-30,292,296
2015-10-01,292,296
2015-10-02,265,294
2015-10-03,265,265
2015-10-04,265,265
2015-10-05,267,273
2015-10-06,243,274
2015-10-07,241,246
2015-10-08,248,258
2015-10-09,256,259
2015-10-10,256,256
2015-10-11,256,256
2015-10-12,256,256
2015-10-13,263,265
2015-10-14,261,271
2015-10-15,267,268
2015-10-16,271,300
2015-10-17,271,271
2015-10-18,271,271
2015-10-19,272,279
2015-10-20,230,278
2015-10-21,227,236
2015-10-22,227,229
2015-10-23,236,246
2015-10-24,236,236
2015-10-25,236,236
2015-10-26,236,243
2015-10-27,241,246
2015-10-28,279,291
2015-10-29,287,288
2015-10-30,253,296
2015-10-31,253,253
2015-11-01,253,253
2015-11-02,256,260
2015-11-03,267,267
2015-11-04,269,280
2015-11-05,274,279
2015-11-06,268,293
2015-11-07,268,268
2015-11-08,268,268
2015-11-09,285,287
2015-11-10,278,289
2015-11-11,280,280
2015-11-12,270,284
2015-11-13,268,290
2015-11-14,268,268
2015-11-15,268,268
2015-11-16,277,281
2015-11-17,262,299
2015-11-18,269,272
2015-11-19,268,283
2015-11-20,259,272
2015-11-21,259,259
2015-11-22,259,259
2015-11-23,255,262
2015-11-24,243,259
2015-11-25,248,249
2015-11-26,248,248
2015-11-27,198,250
2015-11-28,198,198
2015-11-29,198,198
2015-11-30,204,206
2015-12-01,202,211
2015-12-02,214,220
2015-12-03,216,219
2015-12-04,216,221
2015-12-05,216,216
2015-12-06,216,216
2015-12-07,217,219
2015-12-08,251,257
2015-12-09,244,260
2015-12-10,235,245
2015-12-11,220,238
2015-12-12,220,220
2015-12-13,220,220
2015-12-14,212,224
2015-12-15,202,215
2015-12-16,197,209
2015-12-17,205,207
2015-12-18,207,210
2015-12-19,207,207
2015-12-20,207,207
2015-12-21,213,218
2015-12-22,240,241
2015-12-23,309,316
2015-12-24,308,309
2015-12-25,308,308
2015-12-26,308,308
2015-12-27,308,308
2015-12-28,305,328
2015-12-29,308,310
2015-12-30,310,322
2015-12-31,309,310
2016-01-01,309,309
2016-01-02,309,309
2016-01-03,309,309
2016-01-04,308,309
2016-01-05,307,317
2016-01-06,307,311
2016-01-07,285,308
2016-01-08,282,297
2016-01-09,282,282
2016-01-10,282,282
2016-01-11,283,290
2016-01-12,290,290
2016-01-13,282,303
2016-01-14,282,288
2016-01-15,282,289
2016-01-16,282,282
2016-01-17,282,282
2016-01-18,282,282
2016-01-19,254,288
2016-01-20,245,269
2016-01-21,250,255
2016-01-22,255,263
2016-01-23,255,255
2016-01-24,255,255
2016-01-25,277,281
2016-01-26,276,282
2016-01-27,280,282
2016-01-28,281,282
2016-01-29,252,283
2016-01-30,252,252
2016-01-31,252,252
2016-02-01,254,257
2016-02-02,225,260
2016-02-03,243,248
2016-02-04,242,246
2016-02-05,227,249
2016-02-06,227,227
2016-02-07,227,227
2016-02-08,234,236
2016-02-09,245,247
2016-02-10,242,247
2016-02-11,245,247
2016-02-12,219,255
2016-02-13,219,219
2016-02-14,219,219
2016-02-15,219,219
2016-02-16,220,223
2016-02-17,222,238
2016-02-18,218,225
2016-02-19,208,229
2016-02-20,208,208
2016-02-21,208,208
2016-02-22,209,216
2016-02-23,217,221
2016-02-24,221,222
2016-02-25,223,226
2016-02-26,201,230
2016-02-27,201,201
2016-02-28,202,202
2016-02-29,206,209
2016-03-01,196,215
2016-03-02,210,211
2016-03-03,220,224
2016-03-04,220,232
2016-03-05,220,220
2016-03-06,220,220
2016-03-07,218,224
2016-03-08,213,220
2016-03-09,197,216
2016-03-10,200,200
2016-03-11,184,204
2016-03-12,184,184
2016-03-13,184,184
2016-03-14,180,184
2016-03-15,179,182
2016-03-16,165,179
2016-03-17,161,166
2016-03-18,147,166
2016-03-19,147,147
2016-03-20,147,147
2016-03-21,142,148
2016-03-22,145,151
2016-03-23,146,150
2016-03-24,149,151
2016-03-25,147,151
2016-03-26,147,147
2016-03-27,147,147
2016-03-28,144,150
2016-03-29,131,147
2016-03-30,132,133
2016-03-31,133,134
2016-04-01,107,138
2016-04-02,107,107
2016-04-03,107,107
2016-04-04,107,111
2016-04-05,103,111
2016-04-06,103,107
2016-04-07,104,108
2016-04-08,113,119
2016-04-09,113,113
2016-04-10,113,113
2016-04-11,119,122
2016-04-12,111,123
2016-04-13,114,115
2016-04-14,116,118
2016-04-15,126,130
2016-04-16,126,126
2016-04-17,129,129
2016-04-18,145,152
2016-04-19,192,207
2016-04-20,202,205
2016-04-21,210,210
2016-04-22,200,222
2016-04-23,200,200
2016-04-24,200,200
2016-04-25,209,212
2016-04-26,197,214
2016-04-27,199,202
2016-04-28,200,203
2016-04-29,185,202
2016-04-30,185,185
2016-05-01,185,185
2016-05-02,185,188
2016-05-03,193,194
2016-05-04,215,228
2016-05-05,202,221
2016-05-06,220,227
2016-05-07,220,220
2016-05-08,220,220
2016-05-09,243,244
2016-05-10,256,267
2016-05-11,265,271
2016-05-12,272,276
2016-05-13,258,280
2016-05-14,258,258
2016-05-15,258,258
2016-05-16,256,258
2016-05-17,253,264
2016-05-18,255,260
2016-05-19,243,280
2016-05-20,257,264
2016-05-21,258,258
2016-05-22,258,258
2016-05-23,255,258
2016-05-24,251,257
2016-05-25,244,268
2016-05-26,251,253
2016-05-27,245,260
2016-05-28,246,246
2016-05-29,246,246
2016-05-30,246,246
2016-05-31,255,260
2016-06-01,243,256
2016-06-02,236,245
2016-06-03,256,263
2016-06-04,257,257
2016-06-05,257,257
2016-06-06,252,258
2016-06-07,243,257
2016-06-08,240,246
2016-06-09,206,246
2016-06-10,214,216
2016-06-11,214,214
2016-06-12,214,214
2016-06-13,211,221
2016-06-14,215,218
2016-06-15,218,225
2016-06-16,229,230
2016-06-17,231,240
2016-06-18,231,231
2016-06-19,231,231
2016-06-20,233,240
2016-06-21,243,251
2016-06-22,255,256
2016-06-23,236,261
2016-06-24,253,272
2016-06-25,253,253
2016-06-26,253,253
2016-06-27,254,259
2016-06-28,248,263
2016-06-29,253,256
2016-06-30,241,265
2016-07-01,240,252
2016-07-02,240,240
2016-07-03,240,240
2016-07-04,240,240
2016-07-05,230,241
2016-07-06,240,241
2016-07-07,253,255
2016-07-08,230,254
2016-07-09,230,230
2016-07-10,230,230
2016-07-11,236,241
2016-07-12,238,239
2016-07-13,220,242
2016-07-14,228,234
2016-07-15,239,241
2016-07-16,239,239
2016-07-17,239,239
2016-07-18,241,248
2016-07-19,240,253
2016-07-20,237,246
2016-07-21,215,243
2016-07-22,219,222
2016-07-23,219,219
2016-07-24,219,219
2016-07-25,223,227
2016-07-26,213,231
2016-07-27,218,220
2016-07-28,216,225
2016-07-29,220,225
2016-07-30,220,220
2016-07-31,220,220
2016-08-01,213,227
2016-08-02,219,233
2016-08-03,218,225
2016-08-04,198,220
2016-08-05,197,200
2016-08-06,197,197
2016-08-07,197,197
2016-08-08,174,198
2016-08-09,136,175
2016-08-10,126,136
2016-08-11,119,126
2016-08-12,117,119
2016-08-13,117,117
2016-08-14,117,117
2016-08-15,79,117
2016-08-16,79,79
2016-08-17,79,79
2016-08-18,78,79
2016-08-19,49,78
2016-08-20,49,49
2016-08-21,49,49
2016-08-22,47,49
2016-08-23,47,47
2016-08-24,47,48
2016-08-25,45,47
2016-08-26,45,45
2016-08-27,45,45
2016-08-28,46,46
2016-08-29,48,49
2016-08-30,53,53
2016-08-31,58,58
2016-09-01,60,60
2016-09-02,68,71
2016-09-03,68,68
2016-09-04,68,68
2016-09-05,68,68
2016-09-06,74,75
2016-09-07,90,90
2016-09-08,101,105
2016-09-09,123,128
2016-09-10,123,123
2016-09-11,123,123
2016-09-12,125,126
2016-09-13,135,135
2016-09-14,124,140
2016-09-15,118,127
2016-09-16,128,136
2016-09-17,128,128
2016-09-18,128,128
2016-09-19,148,152
2016-09-20,158,159
2016-09-21,158,162
2016-09-22,165,173
2016-09-23,207,209
2016-09-24,207,207
2016-09-25,207,207
2016-09-26,195,225
2016-09-27,199,207
2016-09-28,209,210
2016-09-29,184,219
2016-09-30,172,199
2016-10-01,172,172
2016-10-02,172,172
2016-10-03,157,186
2016-10-04,177,186
2016-10-05,201,206
2016-10-06,205,206
2016-10-07,175,215
2016-10-08,175,175
2016-10-09,175,175
2016-10-10,187,187
2016-10-11,198,202
2016-10-12,228,279
2016-10-13,316,317
2016-10-14,280,327
2016-10-15,280,280
2016-10-16,280,280
2016-10-17,276,296
2016-10-18,269,293
2016-10-19,279,283
2016-10-20,276,287
2016-10-21,270,293
2016-10-22,271,271
2016-10-23,271,271
2016-10-24,292,294
2016-10-25,277,311
2016-10-26,272,284
2016-10-27,286,288
2016-10-28,288,297
2016-10-29,288,288
2016-10-30,288,288
2016-10-31,297,318
2016-11-01,279,308
2016-11-02,262,288
2016-11-03,271,276
2016-11-04,269,286
2016-11-05,269,269
2016-11-06,275,275
2016-11-07,290,294
2016-11-08,268,298
2016-11-09,274,277
2016-11-10,264,282
2016-11-11,264,264
2016-11-12,265,265
2016-11-13,265,265
2016-11-14,269,275
2016-11-15,256,279
2016-11-16,259,269
2016-11-17,252,271
2016-11-18,253,266
2016-11-19,253,253
2016-11-20,253,253
2016-11-21,271,274
2016-11-22,262,286
2016-11-23,239,262
2016-11-24,239,239
2016-11-25,263,265
2016-11-26,263,263
2016-11-27,262,263
2016-11-28,239,268
2016-11-29,244,247
2016-11-30,234,251
2016-12-01,238,241
2016-12-02,233,244
2016-12-03,233,233
2016-12-04,233,233
2016-12-05,254,256
2016-12-06,241,265
2016-12-07,249,251
2016-12-08,243,261
2016-12-09,263,263
2016-12-10,269,269
2016-12-11,269,269
2016-12-12,270,278
2016-12-13,296,296
2016-12-14,301,318
2016-12-15,269,317
2016-12-16,274,295
2016-12-17,274,274
2016-12-18,274,274
2016-12-19,256,282
2016-12-20,267,274
2016-12-21,289,293
2016-12-22,273,306
2016-12-23,279,283
2016-12-24,280,280
2016-12-25,280,280
2016-12-26,281,281
2016-12-27,275,288
2016-12-28,277,285
2016-12-29,277,280
2016-12-30,280,282
2016-12-31,280,280
2017-01-01,280,280
2017-01-02,280,280
2017-01-03,248,313
2017-01-04,249,256
2017-01-05,244,264
2017-01-06,241,251
2017-01-07,241,241
2017-01-08,243,243
2017-01-09,277,292
2017-01-10,274,286
2017-01-11,256,293
2017-01-12,269,270
2017-01-13,290,291
2017-01-14,290,290
2017-01-15,290,290
2017-01-16,290,290
2017-01-17,279,306
2017-01-18,279,302
2017-01-19,270,296
2017-01-20,261,279
2017-01-21,261,261
2017-01-22,261,261
2017-01-23,262,279
2017-01-24,278,282
2017-01-25,289,300
2017-01-26,284,310
2017-01-27,283,284
2017-01-28,283,283
2017-01-29,284,284
2017-01-30,280,298
2017-01-31,280,305
2017-02-01,281,300
2017-02-02,283,295
2017-02-03,282,286
2017-02-04,282,282
2017-02-05,282,282
2017-02-06,269,282
2017-02-07,265,304
2017-02-08,262,275
2017-02-09,269,278
2017-02-10,275,278
2017-02-11,275,275
2017-02-12,275,275
2017-02-13,266,275
2017-02-14,257,268
2017-02-15,252,258
2017-02-16,249,254
2017-02-17,223,251
2017-02-18,225,225
2017-02-19,225,226
2017-02-20,225,225
2017-02-21,216,227
2017-02-22,205,221
2017-02-23,214,219
2017-02-24,212,223
2017-02-25,214,214
2017-02-26,220,220
2017-02-27,214,220
2017-02-28,213,224
2017-03-01,227,239
2017-03-02,219,230
2017-03-03,199,225
2017-03-04,228,228
2017-03-05,240,240
2017-03-06,252,264
2017-03-07,231,262
2017-03-08,255,264
2017-03-09,239,269
2017-03-10,244,262
2017-03-11,244,244
2017-03-12,251,251
2017-03-13,260,278
2017-03-14,262,283
2017-03-15,263,288
2017-03-16,258,284
2017-03-17,254,268
2017-03-18,272,272
2017-03-19,288,288
2017-03-20,267,288
2017-03-21,271,280
2017-03-22,267,306
2017-03-23,258,291
2017-03-24,280,298
2017-03-25,284,284
2017-03-26,284,284
2017-03-27,273,296
2017-03-28,269,297
2017-03-29,264,296
2017-03-30,262,281
2017-03-31,244,276
2017-04-01,244,244
2017-04-02,248,248
2017-04-03,267,280
2017-04-04,257,282
2017-04-05,276,300
2017-04-06,269,302
2017-04-07,247,270
2017-04-08,248,248
2017-04-09,249,249
2017-04-10,255,266
2017-04-11,277,293
2017-04-12,267,298
2017-04-13,274,319
2017-04-14,250,319
2017-04-15,270,270
2017-04-16,275,275
2017-04-17,257,298
2017-04-18,259,285
2017-04-19,269,290
2017-04-20,270,315
2017-04-21,247,285
2017-04-22,250,250
2017-04-23,259,259
2017-04-24,248,263
2017-04-25,238,261
2017-04-26,255,275
2017-04-27,226,270
2017-04-28,215,235
2017-04-29,222,222
2017-04-30,231,231
2017-05-01,231,247
2017-05-02,235,254
2017-05-03,247,261
2017-05-04,246,283
2017-05-05,224,253
2017-05-06,224,224
2017-05-07,234,234
2017-05-08,240,242
2017-05-09,229,245
2017-05-10,253,259
2017-05-11,254,278
2017-05-12,243,266
2017-05-13,249,249
2017-05-14,255,255
2017-05-15,246,268
2017-05-16,242,266
2017-05-17,236,261
2017-05-18,239,251
2017-05-19,227,249
2017-05-20,227,231
2017-05-21,240,240
2017-05-22,240,251
2017-05-23,251,265
2017-05-24,251,276
2017-05-25,259,283
2017-05-26,238,273
2017-05-27,241,241
2017-05-28,241,241
2017-05-29,256,256
2017-05-30,265,273
2017-05-31,264,280
2017-06-01,265,306
2017-06-02,253,277
2017-06-03,263,263
2017-06-04,275,276
2017-06-05,274,310
2017-06-06,257,285
2017-06-07,255,275
2017-06-08,281,291
2017-06-09,248,286
2017-06-10,248,248
2017-06-11,259,259
2017-06-12,260,272
2017-06-13,280,289
2017-06-14,274,299
2017-06-15,281,285
2017-06-16,260,290
2017-06-17,260,260
2017-06-18,272,272
2017-06-19,270,278
2017-06-20,264,280
2017-06-21,266,281
2017-06-22,260,278
2017-06-23,233,271
2017-06-24,233,233
2017-06-25,233,233
2017-06-26,245,253
2017-06-27,268,282
2017-06-28,243,291
2017-06-29,262,279
2017-06-30,246,276
2017-07-01,246,246
2017-07-02,253,253
2017-07-03,260,264
2017-07-04,266,266
2017-07-05,264,267
2017-07-06,253,267
2017-07-07,247,258
2017-07-08,255,255
2017-07-09,263,263
2017-07-10,261,265
2017-07-11,243,263
2017-07-12,189,247
2017-07-13,239,243
2017-07-14,225,244
2017-07-15,226,226
2017-07-16,226,226
2017-07-17,224,227
2017-07-18,226,241
2017-07-19,229,240
2017-07-20,236,249
2017-07-21,226,253
2017-07-22,219,226
2017-07-23,265,265
2017-07-24,275,289
2017-07-25,267,284
2017-07-26,271,284
2017-07-27,271,273
2017-07-28,247,271
2017-07-29,247,247
2017-07-30,267,267
2017-07-31,277,281
2017-08-01,280,297
2017-08-02,272,284
2017-08-03,279,284
2017-08-04,270,280
2017-08-05,268,270
2017-08-06,274,274
2017-08-07,265,275
2017-08-08,271,287
2017-08-09,278,285
2017-08-10,275,281
2017-08-11,271,289
2017-08-12,271,271
2017-08-13,271,271
2017-08-14,271,275
2017-08-15,275,284
2017-08-16,271,288
2017-08-17,255,280
2017-08-18,254,268
2017-08-19,257,267
2017-08-20,266,266
2017-08-21,274,280
2017-08-22,266,280
2017-08-23,271,289
2017-08-24,269,289
2017-08-25,262,281
2017-08-26,262,262
2017-08-27,278,278
2017-08-28,277,287
2017-08-29,272,284
2017-08-30,274,282
2017-08-31,273,284
2017-09-01,274,285
2017-09-02,278,293
2017-09-03,278,278
2017-09-04,278,278
2017-09-05,271,281
2017-09-06,263,273
2017-09-07,275,281
2017-09-08,268,279
2017-09-09,264,268
2017-09-10,275,275
2017-09-11,268,277
2017-09-12,264,281
2017-09-13,263,274
2017-09-14,255,269
2017-09-15,257,263
2017-09-16,261,264
2017-09-17,266,266
2017-09-18,264,270
2017-09-19,254,269
2017-09-20,254,264
2017-09-21,255,258
2017-09-22,250,258
2017-09-23,257,257
2017-09-24,257,257
2017-09-25,257,260
2017-09-26,234,264
2017-09-27,261,267
2017-09-28,234,263
2017-09-29,240,248
2017-09-30,237,240
2017-10-01,254,254
2017-10-02,252,260
2017-10-03,248,259
2017-10-04,253,256
2017-10-05,258,265
2017-10-06,261,268
2017-10-07,259,269
2017-10-08,270,270
2017-10-09,276,276
2017-10-10,279,285
2017-10-11,280,298
2017-10-12,280,291
2017-10-13,268,295
2017-10-14,264,277
2017-10-15,269,270
2017-10-16,266,277
2017-10-17,251,270
2017-10-18,255,260
2017-10-19,244,259
2017-10-20,256,259
2017-10-21,263,263
2017-10-22,267,267
2017-10-23,269,273
2017-10-24,261,275
2017-10-25,256,264
2017-10-26,260,268
2017-10-27,262,269
2017-10-28,252,262
2017-10-29,277,277
2017-10-30,273,278
2017-10-31,269,277
2017-11-01,267,276
2017-11-02,274,276
2017-11-03,270,281
2017-11-04,267,270
2017-11-05,267,267
2017-11-06,268,271
2017-11-07,269,277
2017-11-08,262,274
2017-11-09,269,273
2017-11-10,269,269
2017-11-11,249,269
2017-11-12,249,249
2017-11-13,258,259
2017-11-14,251,266
2017-11-15,246,258
2017-11-16,259,263
2017-11-17,258,279
2017-11-18,261,266
2017-11-19,266,266
2017-11-20,267,273
2017-11-21,255,275
2017-11-22,262,267
2017-11-23,262,262
2017-11-24,269,271
2017-11-25,261,269
2017-11-26,268,268
2017-11-27,265,270
2017-11-28,256,269
2017-11-29,254,265
2017-11-30,251,257
2017-12-01,249,253
2017-12-02,246,249
2017-12-03,253,253
2017-12-04,270,273
2017-12-05,278,291
2017-12-06,271,292
2017-12-07,244,273
2017-12-08,276,276
2017-12-09,274,276
2017-12-10,273,274
2017-12-11,276,276
2017-12-12,253,289
2017-12-13,255,264
2017-12-14,261,265
2017-12-15,272,277
2017-12-16,272,272
2017-12-17,282,282
2017-12-18,269,285
2017-12-19,269,273
2017-12-20,259,273
2017-12-21,266,273
2017-12-22,264,290
2017-12-23,264,264
2017-12-24,278,278
2017-12-25,278,278
2017-12-26,279,284
2017-12-27,277,280
2017-12-28,271,280
2017-12-29,260,274
2017-12-30,257,260
2017-12-31,265,265
2018-01-01,265,265
2018-01-02,263,269
2018-01-03,253,270
2018-01-04,254,268
2018-01-05,263,273
2018-01-06,263,263
2018-01-07,274,274
2018-01-08,270,284
2018-01-09,259,281
2018-01-10,271,289
2018-01-11,259,283
2018-01-12,268,274
2018-01-13,268,268
2018-01-14,269,269
2018-01-15,284,284
2018-01-16,283,284
2018-01-17,274,288
2018-01-18,269,278
2018-01-19,274,282
2018-01-20,266,274
2018-01-21,273,273
2018-01-22,277,286
2018-01-23,275,294
2018-01-24,283,292
2018-01-25,277,302
2018-01-26,283,295
2018-01-27,270,283
2018-01-28,272,273
2018-01-29,269,275
2018-01-30,279,284
2018-01-31,282,284
2018-02-01,274,283
2018-02-02,284,286
2018-02-03,271,284
2018-02-04,279,279
2018-02-05,281,291
2018-02-06,281,284
2018-02-07,271,290
2018-02-08,264,282
2018-02-09,271,276
2018-02-10,272,277
2018-02-11,277,277
2018-02-12,280,284
2018-02-13,272,281
2018-02-14,265,281
2018-02-15,263,277
2018-02-16,276,281
2018-02-17,269,276
2018-02-18,269,269
2018-02-19,269,269
2018-02-20,271,281
2018-02-21,272,289
2018-02-22,272,276
2018-02-23,276,289
2018-02-24,272,276
2018-02-25,272,272
2018-02-26,273,281
2018-02-27,274,278
2018-02-28,274,290
2018-03-01,272,282
2018-03-02,275,288
2018-03-03,275,275
2018-03-04,275,275
2018-03-05,281,284
2018-03-06,268,286
2018-03-07,264,277
2018-03-08,269,276
2018-03-09,268,276
2018-03-10,260,269
2018-03-11,260,260
2018-03-12,264,268
2018-03-13,247,268
2018-03-14,250,257
2018-03-15,244,262
2018-03-16,249,258
2018-03-17,249,249
2018-03-18,249,249
2018-03-19,245,254
2018-03-20,245,254
2018-03-21,242,258
2018-03-22,245,253
2018-03-23,233,252
2018-03-24,221,233
2018-03-25,220,221
2018-03-26,220,225
2018-03-27,212,223
2018-03-28,221,227
2018-03-29,218,229
2018-03-30,223,236
2018-03-31,219,223
2018-04-01,219,219
2018-04-02,233,241
2018-04-03,239,244
2018-04-04,239,245
2018-04-05,239,247
2018-04-06,273,287
2018-04-07,273,273
2018-04-08,273,273
2018-04-09,268,279
2018-04-10,232,276
2018-04-11,230,240
2018-04-12,227,239
2018-04-13,224,235
2018-04-14,213,224
2018-04-15,213,213
2018-04-16,212,219
2018-04-17,216,219
2018-04-18,220,226
2018-04-19,208,226
2018-04-20,259,266
2018-04-21,259,259
2018-04-22,259,259
2018-04-23,261,266
2018-04-24,248,267
2018-04-25,249,258
2018-04-26,252,259
2018-04-27,262,271
2018-04-28,255,262
2018-04-29,255,255
2018-04-30,269,273
2018-05-01,261,275
2018-05-02,269,272
2018-05-03,267,274
2018-05-04,279,286
2018-05-05,273,279
2018-05-06,273,273
2018-05-07,279,284
2018-05-08,269,279
2018-05-09,265,272
2018-05-10,258,265
2018-05-11,261,262
2018-05-12,247,261
2018-05-13,247,247
2018-05-14,250,259
2018-05-15,252,269
2018-05-16,258,265
2018-05-17,269,279
2018-05-18,274,282
2018-05-19,263,274
2018-05-20,263,263
2018-05-21,275,284
2018-05-22,273,281
2018-05-23,272,278
2018-05-24,278,285
2018-05-25,277,280
2018-05-26,272,277
2018-05-27,272,272
2018-05-28,272,272
2018-05-29,277,278
2018-05-30,272,284
2018-05-31,268,280
2018-06-01,267,281
2018-06-02,267,267
2018-06-03,267,267
2018-06-04,281,284
2018-06-05,274,285
2018-06-06,273,285
2018-06-07,268,285
2018-06-08,275,279
2018-06-09,275,275
2018-06-10,270,275
2018-06-11,271,273
2018-06-12,273,278
2018-06-13,278,281
2018-06-14,273,279
2018-06-15,273,274
2018-06-16,272,273
2018-06-17,272,272
2018-06-18,276,278
2018-06-19,274,281
2018-06-20,268,278
2018-06-21,265,283
2018-06-22,266,274
2018-06-23,262,266
2018-06-24,262,262
2018-06-25,271,278
2018-06-26,259,276
2018-06-27,253,266
2018-06-28,254,266
2018-06-29,256,264
2018-06-30,256,256
2018-07-01,265,265
2018-07-02,268,281
2018-07-03,260,275
2018-07-04,259,260
2018-07-05,264,273
2018-07-06,272,277
2018-07-07,260,272
2018-07-08,260,260
2018-07-09,266,271
2018-07-10,269,269
2018-07-11,253,274
2018-07-12,248,259
2018-07-13,259,268
2018-07-14,251,259
2018-07-15,250,251
2018-07-16,261,264
2018-07-17,265,273
2018-07-18,268,281
2018-07-19,272,282
2018-07-20,277,280
2018-07-21,277,277
2018-07-22,275,277
2018-07-23,274,280
2018-07-24,275,281
2018-07-25,273,289
2018-07-26,271,277
2018-07-27,277,285
2018-07-28,268,277
2018-07-29,269,269
2018-07-30,279,283
2018-07-31,272,281
2018-08-01,278,281
2018-08-02,277,285
2018-08-03,278,289
2018-08-04,278,278
2018-08-05,278,278
2018-08-06,278,292
2018-08-07,269,278
2018-08-08,271,283
2018-08-09,267,281
2018-08-10,273,283
2018-08-11,273,273
2018-08-12,273,273
2018-08-13,267,275
2018-08-14,254,270
2018-08-15,256,267
2018-08-16,276,286
2018-08-17,276,282
2018-08-18,276,276
2018-08-19,276,276
2018-08-20,275,290
2018-08-21,263,287
2018-08-22,278,280
2018-08-23,282,292
2018-08-24,260,294
2018-08-25,262,267
2018-08-26,260,262
2018-08-27,270,278
2018-08-28,271,281
2018-08-29,281,300
2018-08-30,273,291
2018-08-31,277,295
2018-09-01,277,277
2018-09-02,277,277
2018-09-03,277,277
2018-09-04,279,284
2018-09-05,278,288
2018-09-06,274,282
2018-09-07,283,289
2018-09-08,283,283
2018-09-09,283,283
2018-09-10,281,283
2018-09-11,271,285
2018-09-12,272,279
2018-09-13,264,279
2018-09-14,258,272
2018-09-15,251,258
2018-09-16,253,254
2018-09-17,260,269
2018-09-18,258,272
2018-09-19,261,272
2018-09-20,270,279
2018-09-21,264,279
2018-09-22,264,264
2018-09-23,276,276
2018-09-24,279,289
2018-09-25,269,279
2018-09-26,260,269
2018-09-27,259,273
2018-09-28,259,268
2018-09-29,246,259
2018-09-30,246,246
2018-10-01,255,270
2018-10-02,258,266
2018-10-03,265,278
2018-10-04,264,278
2018-10-05,276,283
2018-10-06,269,276
2018-10-07,269,269
2018-10-08,267,269
2018-10-09,268,278
2018-10-10,274,279
2018-10-11,252,275
2018-10-12,262,278
2018-10-13,258,262
2018-10-14,260,260
2018-10-15,247,262
2018-10-16,241,257
2018-10-17,246,250
2018-10-18,248,256
2018-10-19,254,261
2018-10-20,250,254
2018-10-21,269,269
2018-10-22,272,278
2018-10-23,267,277
2018-10-24,261,274
2018-10-25,265,273
2018-10-26,258,278
2018-10-27,258,258
2018-10-28,260,260
2018-10-29,263,270
2018-10-30,246,268
2018-10-31,248,259
2018-11-01,252,260
2018-11-02,248,266
2018-11-03,241,248
2018-11-04,242,245
2018-11-05,248,255
2018-11-06,248,256
2018-11-07,236,250
2018-11-08,232,247
2018-11-09,247,251
2018-11-10,244,247
2018-11-11,244,244
2018-11-12,273,275
2018-11-13,273,283
2018-11-14,281,283
2018-11-15,279,294
2018-11-16,276,290
2018-11-17,271,276
2018-11-18,271,271
2018-11-19,278,285
2018-11-20,274,287
2018-11-21,279,289
2018-11-22,279,279
2018-11-23,275,281
2018-11-24,275,275
2018-11-25,275,275
2018-11-26,282,284
2018-11-27,280,292
2018-11-28,312,324
2018-11-29,370,372
2018-11-30,373,388
2018-12-01,366,373
2018-12-02,366,366
2018-12-03,373,376
2018-12-04,367,375
2018-12-05,374,374
2018-12-06,366,388
2018-12-07,367,382
2018-12-08,356,367
2018-12-09,356,356
2018-12-10,353,359
2018-12-11,354,362
2018-12-12,326,376
2018-12-13,325,348
2018-12-14,359,375
2018-12-15,358,359
2018-12-16,357,358
2018-12-17,373,379
2018-12-18,364,374
2018-12-19,353,371
2018-12-20,348,361
2018-12-21,358,370
2018-12-22,356,358
2018-12-23,356,356
2018-12-24,356,356
2018-12-25,356,356
2018-12-26,373,378
2018-12-27,370,374
2018-12-28,370,372
2018-12-29,367,370
2018-12-30,367,367
2018-12-31,369,370
2019-01-01,374,374
2019-01-02,374,374
2019-01-03,373,389
2019-01-04,371,390
2019-01-05,371,371
2019-01-06,371,371
2019-01-07,371,383
2019-01-08,366,375
2019-01-09,364,370
2019-01-10,369,374
2019-01-11,374,377
2019-01-12,350,374
2019-01-13,369,369
2019-01-14,374,379
2019-01-15,371,390
2019-01-16,375,386
2019-01-17,376,388
2019-01-18,377,384
2019-01-19,372,377
2019-01-20,372,372
2019-01-21,372,372
2019-01-22,378,382
2019-01-23,363,385
2019-01-24,362,380
2019-01-25,359,377
2019-01-26,348,359
2019-01-27,348,348
2019-01-28,372,375
2019-01-29,319,374
2019-01-30,305,319
2019-01-31,294,310
2019-02-01,267,298
2019-02-02,264,267
2019-02-03,264,264
2019-02-04,264,264
2019-02-05,261,264
2019-02-06,291,297
2019-02-07,278,294
2019-02-08,300,303
2019-02-09,290,300
2019-02-10,290,290
2019-02-11,286,297
2019-02-12,281,287
2019-02-13,268,281
2019-02-14,276,284
2019-02-15,276,286
2019-02-16,274,276
2019-02-17,274,274
2019-02-18,274,274
2019-02-19,281,291
2019-02-20,285,297
2019-02-21,285,305
2019-02-22,306,318
2019-02-23,300,306
2019-02-24,300,300
2019-02-25,311,313
2019-02-26,309,319
2019-02-27,304,316
2019-02-28,300,309
2019-03-01,298,300
2019-03-02,294,298
2019-03-03,307,307
2019-03-04,300,307
2019-03-05,292,303
2019-03-06,279,294
2019-03-07,276,293
2019-03-08,283,291
2019-03-09,279,283
2019-03-10,279,279
2019-03-11,270,279
2019-03-12,265,283
2019-03-13,272,278
2019-03-14,242,272
2019-03-15,237,243
2019-03-16,235,237
2019-03-17,235,235
2019-03-18,248,249
2019-03-19,247,251
2019-03-20,250,264
2019-03-21,254,264
2019-03-22,261,263
2019-03-23,260,261
2019-03-24,260,260
2019-03-25,256,262
2019-03-26,244,257
2019-03-27,248,253
2019-03-28,254,269
2019-03-29,263,274
2019-03-30,263,263
2019-03-31,277,277
2019-04-01,283,290
2019-04-02,278,283
2019-04-03,302,309
2019-04-04,309,339
2019-04-05,313,326
2019-04-06,308,313
2019-04-07,330,330
2019-04-08,335,352
2019-04-09,319,351
2019-04-10,325,340
2019-04-11,315,337
2019-04-12,322,336
2019-04-13,316,322
2019-04-14,316,316
2019-04-15,351,358
2019-04-16,358,368
2019-04-17,357,368
2019-04-18,367,371
2019-04-19,361,372
2019-04-20,361,361
2019-04-21,361,361
2019-04-22,375,380
2019-04-23,373,379
2019-04-24,360,382
2019-04-25,372,385
2019-04-26,362,373
2019-04-27,354,362
2019-04-28,354,354
2019-04-29,372,374
2019-04-30,376,379
2019-05-01,380,389
2019-05-02,365,381
2019-05-03,360,367
2019-05-04,359,360
2019-05-05,359,359
2019-05-06,379,381
2019-05-07,375,379
2019-05-08,372,376
2019-05-09,363,398
2019-05-10,370,388
2019-05-11,367,372
2019-05-12,382,382
2019-05-13,374,384
2019-05-14,374,380
2019-05-15,382,403
2019-05-16,379,393
2019-05-17,372,387
2019-05-18,372,372
2019-05-19,371,372
2019-05-20,370,373
2019-05-21,367,379
2019-05-22,350,382
2019-05-23,368,386
2019-05-24,358,374
2019-05-25,354,358
2019-05-26,354,354
2019-05-27,352,354
2019-05-28,354,357
2019-05-29,356,366
2019-05-30,350,360
2019-05-31,360,364
2019-06-01,360,360
2019-06-02,376,376
2019-06-03,388,396
2019-06-04,375,388
2019-06-05,366,379
2019-06-06,356,381
2019-06-07,371,391
2019-06-08,368,371
2019-06-09,378,378
2019-06-10,367,378
2019-06-11,378,381
2019-06-12,374,385
2019-06-13,374,381
2019-06-14,361,380
2019-06-15,361,361
2019-06-16,361,361
2019-06-17,373,377
2019-06-18,375,393
2019-06-19,367,377
2019-06-20,367,374
2019-06-21,364,376
2019-06-22,363,364
2019-06-23,363,363
2019-06-24,370,372
2019-06-25,378,382
2019-06-26,374,381
2019-06-27,377,392
2019-06-28,376,388
2019-06-29,372,376
2019-06-30,372,372
2019-07-01,374,379
2019-07-02,360,378
2019-07-03,378,382
2019-07-04,378,378
2019-07-05,375,397
2019-07-06,375,375
2019-07-07,383,383
2019-07-08,379,383
2019-07-09,374,382
2019-07-10,374,393
2019-07-11,369,380
2019-07-12,374,380
2019-07-13,368,374
2019-07-14,368,368
2019-07-15,366,378
2019-07-16,367,374
2019-07-17,377,385
2019-07-18,363,402
2019-07-19,360,377
2019-07-20,357,360
2019-07-21,357,357
2019-07-22,374,379
2019-07-23,383,389
2019-07-24,372,385
2019-07-25,386,395
2019-07-26,377,386
2019-07-27,370,377
2019-07-28,369,370
2019-07-29,366,375
2019-07-30,380,384
2019-07-31,369,395
2019-08-01,372,395
2019-08-02,366,383
2019-08-03,360,366
2019-08-04,360,360
2019-08-05,363,366
2019-08-06,373,378
2019-08-07,367,390
2019-08-08,387,397
2019-08-09,376,387
2019-08-10,372,376
2019-08-11,371,372
2019-08-12,385,388
2019-08-13,373,389
2019-08-14,374,394
2019-08-15,372,387
2019-08-16,381,395
2019-08-17,381,381
2019-08-18,381,381
2019-08-19,382,386
2019-08-20,379,387
2019-08-21,369,380
2019-08-22,376,387
2019-08-23,374,382
2019-08-24,373,374
2019-08-25,373,373
2019-08-26,375,379
2019-08-27,351,376
2019-08-28,338,351
2019-08-29,297,338
2019-08-30,292,297
2019-08-31,292,292
2019-09-01,289,292
2019-09-02,300,300
2019-09-03,299,303
2019-09-04,303,309
2019-09-05,306,320
2019-09-06,294,306
2019-09-07,315,316
2019-09-08,315,315
2019-09-09,331,334
2019-09-10,324,344
2019-09-11,317,340
2019-09-12,316,321
2019-09-13,299,318
2019-09-14,298,299
2019-09-15,316,316
2019-09-16,313,317
2019-09-17,307,313
2019-09-18,304,308
2019-09-19,294,304
2019-09-20,287,294
2019-09-21,288,288
2019-09-22,288,288
2019-09-23,291,291
2019-09-24,302,311
2019-09-25,310,322
2019-09-26,307,313
2019-09-27,298,307
2019-09-28,298,298
2019-09-29,289,298
2019-09-30,283,290
2019-10-01,276,284
2019-10-02,265,276
2019-10-03,246,266
2019-10-04,241,246
2019-10-05,241,241
2019-10-06,257,262
2019-10-07,257,261
2019-10-08,258,259
2019-10-09,254,265
2019-10-10,245,256
2019-10-11,232,245
2019-10-12,232,232
2019-10-13,242,242
2019-10-14,241,242
2019-10-15,237,241
2019-10-16,248,255
2019-10-17,250,253
2019-10-18,249,267
2019-10-19,249,249
2019-10-20,269,269
2019-10-21,266,270
2019-10-22,262,266
2019-10-23,244,263
2019-10-24,235,245
2019-10-25,240,245
2019-10-26,240,240
2019-10-27,241,241
2019-10-28,238,241
2019-10-29,232,239
2019-10-30,226,232
2019-10-31,224,226
2019-11-01,213,224
2019-11-02,213,213
2019-11-03,223,223
2019-11-04,219,223
2019-11-05,203,219
2019-11-06,197,205
2019-11-07,193,197
2019-11-08,192,208
2019-11-09,190,192
2019-11-10,207,207
2019-11-11,211,211
2019-11-12,205,211
2019-11-13,198,205
2019-11-14,194,198
2019-11-15,188,194
2019-11-16,187,188
2019-11-17,187,187
2019-11-18,184,188
2019-11-19,181,184
2019-11-20,176,181
2019-11-21,173,176
2019-11-22,161,173
2019-11-23,161,161
2019-11-24,161,161
2019-11-25,159,161
2019-11-26,156,159
2019-11-27,130,156
2019-11-28,131,131
2019-11-29,131,131
2019-11-30,131,131
2019-12-01,131,131
2019-12-02,130,131
2019-12-03,125,130
2019-12-04,124,126
2019-12-05,116,124
2019-12-06,113,116
2019-12-07,106,113
2019-12-08,106,106
2019-12-09,105,106
2019-12-10,101,105
2019-12-11,141,144
2019-12-12,214,219
2019-12-13,191,223
2019-12-14,191,191
2019-12-15,204,205
2019-12-16,196,204
2019-12-17,187,196
2019-12-18,167,188
2019-12-19,86,167
2019-12-20,85,87
2019-12-21,85,85
2019-12-22,85,85
2019-12-23,83,86
2019-12-24,83,83
2019-12-25,83,83
2019-12-26,78,84
2019-12-27,74,78
2019-12-28,74,74
2019-12-29,73,74
2019-12-30,26,73
2019-12-31,26,26
2020-01-01,26,26
2020-01-02,43,43
2020-01-03,57,61
2020-01-04,57,57
2020-01-05,75,75
2020-01-06,76,78
2020-01-07,83,110
2020-01-08,122,125
2020-01-09,195,196
2020-01-10,161,195
2020-01-11,161,161
2020-01-12,182,182
2020-01-13,48,182
2020-01-14,47,48
2020-01-15,44,47
2020-01-16,65,65
2020-01-17,75,95
2020-01-18,47,75
2020-01-19,64,64
2020-01-20,71,71
2020-01-21,164,165
2020-01-22,168,198
2020-01-23,228,249
2020-01-24,208,239
2020-01-25,207,209
2020-01-26,219,219
2020-01-27,224,227
2020-01-28,221,225
2020-01-29,196,221
2020-01-30,163,196
2020-01-31,140,163
2020-02-01,137,140
2020-02-02,137,137
2020-02-03,136,137
2020-02-04,131,136
2020-02-05,131,133
2020-02-06,129,131
2020-02-07,123,129
2020-02-08,121,123
2020-02-09,149,149
2020-02-10,162,163
2020-02-11,217,235
2020-02-12,204,247
2020-02-13,203,224
2020-02-14,223,246
2020-02-15,225,225
2020-02-16,223,225
2020-02-17,190,232
2020-02-18,231,236
2020-02-19,199,261
2020-02-20,252,262
2020-02-21,197,281
2020-02-22,170,199
2020-02-23,180,181
2020-02-24,169,186
2020-02-25,160,170
2020-02-26,150,160
2020-02-27,149,150
2020-02-28,127,149
2020-02-29,127,127
2020-03-01,127,127
2020-03-02,127,127
2020-03-03,126,127
2020-03-04,124,126
2020-03-05,123,126
2020-03-06,118,123
2020-03-07,118,118
2020-03-08,118,118
2020-03-09,117,118
2020-03-10,110,117
2020-03-11,122,123
2020-03-12,122,128
2020-03-13,123,135
2020-03-14,123,123
2020-03-15,123,123
2020-03-16,146,148
2020-03-17,137,159
2020-03-18,145,169
2020-03-19,154,170
2020-03-20,148,167
2020-03-21,140,148
2020-03-22,155,156
2020-03-23,151,175
2020-03-24,149,165
2020-03-25,153,164
2020-03-26,166,184
2020-03-27,150,196
2020-03-28,136,150
2020-03-29,143,143
2020-03-30,164,172
2020-03-31,134,170
2020-04-01,136,148
2020-04-02,153,205
2020-04-03,113,167
2020-04-04,96,113
2020-04-05,109,109
2020-04-06,115,128
2020-04-07,114,134
2020-04-08,102,123
2020-04-09,104,115
2020-04-10,105,120
2020-04-11,89,107
2020-04-12,98,98
2020-04-13,105,114
2020-04-14,112,123
2020-04-15,101,123
2020-04-16,96,112
2020-04-17,92,109
2020-04-18,79,92
2020-04-19,97,97
2020-04-20,88,107
2020-04-21,91,99
2020-04-22,97,110
2020-04-23,90,104
2020-04-24,84,99
2020-04-25,76,84
2020-04-26,79,79
2020-04-27,92,93
2020-04-28,90,107
2020-04-29,83,98
2020-04-30,94,105
2020-05-01,126,150
2020-05-02,126,126
2020-05-03,133,133
2020-05-04,122,133
2020-05-05,121,122
2020-05-06,119,121
2020-05-07,119,119
2020-05-08,118,120
2020-05-09,118,119
2020-05-10,124,124
2020-05-11,107,134
2020-05-12,107,107
2020-05-13,118,118
2020-05-14,113,118
2020-05-15,105,113
2020-05-16,105,105
2020-05-17,105,105
2020-05-18,103,105
2020-05-19,102,103
2020-05-20,102,102
2020-05-21,101,102
2020-05-22,101,101
2020-05-23,101,101
2020-05-24,101,101
2020-05-25,101,101
2020-05-26,101,101
2020-05-27,100,101
2020-05-28,98,100
2020-05-29,95,98
2020-05-30,95,95
2020-05-31,95,95
2020-06-01,95,95
2020-06-02,95,95
2020-06-03,94,95
2020-06-04,93,94
2020-06-05,93,93
2020-06-06,93,93
2020-06-07,93,93
2020-06-08,92,93
2020-06-09,89,92
2020-06-10,86,89
2020-06-11,84,86
2020-06-12,83,84
2020-06-13,83,83
2020-06-14,83,83
2020-06-15,83,83
2020-06-16,82,83
2020-06-17,80,82
2020-06-18,78,80
2020-06-19,77,78
2020-06-20,77,77
2020-06-21,77,77
2020-06-22,77,77
2020-06-23,77,77
2020-06-24,77,77
2020-06-25,76,77
2020-06-26,71,76
2020-06-27,71,71
2020-06-28,71,71
2020-06-29,71,71
2020-06-30,70,71
2020-07-01,68,70
2020-07-02,67,68
2020-07-03,67,67
2020-07-04,67,67
2020-07-05,67,67
2020-07-06,67,67
2020-07-07,66,67
2020-07-08,62,66
2020-07-09,62,62
2020-07-10,61,62
2020-07-11,61,61
2020-07-12,61,61
2020-07-13,61,61
2020-07-14,60,61
2020-07-15,60,60
2020-07-16,58,60
2020-07-17,56,58
2020-07-18,56,56
2020-07-19,56,56
2020-07-20,56,56
2020-07-21,54,56
2020-07-22,54,54
2020-07-23,54,54
2020-07-24,53,54
2020-07-25,53,53
2020-07-26,53,53
2020-07-27,53,53
2020-07-28,53,53
2020-07-29,51,53
2020-07-30,51,51
2020-07-31,50,51
2020-08-01,50,50
2020-08-02,50,50
2020-08-03,50,50
2020-08-04,49,50
2020-08-05,48,49
2020-08-06,48,48
2020-08-07,48,48
2020-08-08,48,48
2020-08-09,48,48
2020-08-10,48,48
2020-08-11,48,48
2020-08-12,47,48
2020-08-13,31,47
2020-08-14,29,31
2020-08-15,29,29
2020-08-16,29,29
2020-08-17,28,29
2020-08-18,28,28
2020-08-19,28,28
2020-08-20,27,28
2020-08-21,27,27
2020-08-22,27,27
2020-08-23,27,27
2020-08-24,27,27
2020-08-25,26,27
2020-08-26,25,26
2020-08-27,24,25
2020-08-28,24,24
2020-08-29,23,24
2020-08-30,23,23
2020-08-31,23,23
2020-09-01,23,23
2020-09-02,23,23
2020-09-03,23,23
2020-09-04,23,23
2020-09-05,23,23
2020-09-06,23,23
2020-09-07,23,23
2020-09-08,23,23
2020-09-09,23,23
2020-09-10,23,23
2020-09-11,23,23
2020-09-12,23,23
2020-09-13,23,23
2020-09-14,22,23
2020-09-15,22,22
2020-09-16,22,22
2020-09-17,22,22
2020-09-18,22,22
2020-09-19,22,22
2020-09-20,22,22
2020-09-21,21,22
2020-09-22,20,21
2020-09-23,17,20
2020-09-24,17,17
2020-09-25,17,17
2020-09-26,17,17
2020-09-27,17,17
2020-09-28,17,17
2020-09-29,17,17
2020-09-30,17,17
2020-10-01,17,17
2020-10-02,17,17
2020-10-03,17,17
2020-10-04,17,17
2020-10-05,17,17
2020-10-06,15,17
2020-10-07,15,15
2020-10-08,15,15
2020-10-09,14,15
2020-10-10,14,14
2020-10-11,14,14
2020-10-12,14,14
2020-10-13,14,14
2020-10-14,14,14
2020-10-15,14,14
2020-10-16,14,14
2020-10-17,14,14
2020-10-18,14,14
2020-10-19,14,14
2020-10-20,14,14
2020-10-21,14,14
2020-10-22,14,14
2020-10-23,14,14
2020-10-24,14,14
2020-10-25,14,14
2020-10-26,13,14
2020-10-27,13,13
2020-10-28,13,13
2020-10-29,13,13
2020-10-30,13,13
2020-10-31,13,13
2020-11-01,13,13
2020-11-02,13,13
2020-11-03,13,13
2020-11-04,13,13
2020-11-05,13,13
2020-11-06,13,13
2020-11-07,13,13
2020-11-08,13,13
2020-11-09,13,13
2020-11-10,13,13
2020-11-11,13,13
2020-11-12,13,13
2020-11-13,13,13
2020-11-14,13,13
2020-11-15,13,13
2020-11-16,13,13
2020-11-17,13,13
2020-11-18,13,13
2020-11-19,13,13
2020-11-20,13,13
2020-11-21,13,13
2020-11-22,13,13
2020-11-23,13,13
2020-11-24,13,13
2020-11-25,13,13
2020-11-26,13,13
2020-11-27,13,13
2020-11-28,13,13
2020-11-29,13,13
2020-11-30,13,13
2020-12-01,13,13
2020-12-02,13,13
2020-12-03,13,13
2020-12-04,17,17
2020-12-05,17,17
2020-12-06,17,17
2020-12-07,17,17
2020-12-08,17,17
2020-12-09,36,37
2020-12-10,51,52
2020-12-11,51,51
2020-12-12,51,51
2020-12-13,51,51
2020-12-14,51,51
2020-12-15,62,62
2020-12-16,73,74
2020-12-17,73,73
2020-12-18,69,73
2020-12-19,69,69
2020-12-20,69,69
2020-12-21,65,69
2020-12-22,81,81
2020-12-23,79,81
2020-12-24,79,79
2020-12-25,79,79
2020-12-26,79,79
2020-12-27,79,79
2020-12-28,78,79
2020-12-29,78,78
2020-12-30,76,78
2020-12-31,72,76
2021-01-01,72,72
2021-01-02,72,72
2021-01-03,72,72
2021-01-04,69,72
2021-01-05,69,69
2021-01-06,69,69
2021-01-07,67,69
2021-01-08,66,67
2021-01-09,66,66
2021-01-10,66,66
2021-01-11,64,66
2021-01-12,62,64
2021-01-13,61,62
2021-01-14,58,61
2021-01-15,51,58
2021-01-16,51,51
2021-01-17,51,51
2021-01-18,51,51
2021-01-19,50,51
2021-01-20,47,50
2021-01-21,44,47
2021-01-22,44,44
2021-01-23,44,44
2021-01-24,44,44
2021-01-25,44,44
2021-01-26,44,44
2021-01-27,43,44
2021-01-28,42,43
2021-01-29,38,42
2021-01-30,38,38
2021-01-31,38,38
2021-02-01,35,38
2021-02-02,35,35
2021-02-03,35,35
2021-02-04,30,35
2021-02-05,30,30
2021-02-06,30,30
2021-02-07,30,30
2021-02-08,42,42
2021-02-09,42,42
2021-02-10,42,42
2021-02-11,42,42
2021-02-12,41,42
2021-02-13,41,41
2021-02-14,41,41
2021-02-15,41,41
2021-02-16,41,41
2021-02-17,41,41
2021-02-18,41,41
2021-02-19,38,41
2021-02-20,38,38
2021-02-21,38,38
2021-02-22,37,38
2021-02-23,35,37
2021-02-24,34,35
2021-02-25,30,34
2021-02-26,26,30
2021-02-27,26,26
2021-02-28,26,26
2021-03-01,26,26
2021-03-02,26,26
2021-03-03,26,26
2021-03-04,23,26
2021-03-05,23,23
2021-03-06,23,23
2021-03-07,23,23
2021-03-08,23,23
2021-03-09,21,23
2021-03-10,21,21
2021-03-11,20,21
2021-03-12,20,20
2021-03-13,20,20
2021-03-14,20,20
2021-03-15,17,20
2021-03-16,15,17
2021-03-17,15,15
2021-03-18,14,15
2021-03-19,12,14
2021-03-20,12,12
2021-03-21,12,12
2021-03-22,10,12
2021-03-23,9,10
2021-03-24,8,9
2021-03-25,7,8
2021-03-26,7,7
2021-03-27,7,7
2021-03-28,7,7
2021-03-29,7,7
2021-03-30,6,7
2021-03-31,0,6
2021-04-01,0,0
2021-04-02,0,0
2021-04-03,0,0
2021-04-04,0,0
2021-04-05,0,0
2021-04-06,0,0
2021-04-07,0,0
2021-04-08,0,0
2021-04-09,0,0
2021-04-10,0,0
2021-04-11,0,0
2021-04-12,0,0
2021-04-13,0,0
2021-04-14,0,0
2021-04-15,0,0
2021-04-16,0,0
2021-04-17,0,0
2021-04-18,0,0
2021-04-19,0,0
2021-04-20,0,0
2021-04-21,0,0
2021-04-22,0,0
2021-04-23,0,0
2021-04-24,0,0
2021-04-25,0,0
2021-04-26,0,0
2021-04-27,0,0
2021-04-28,0,0
2021-04-29,0,0
2021-04-30,0,0
2021-05-01,0,0
2021-05-02,0,0
2021-05-03,0,0
2021-05-04,0,0
2021-05-05,0,0
2021-05-06,0,0
2021-05-07,0,0
2021-05-08,0,0
2021-05-09,0,0
2021-05-10,0,0
2021-05-11,0,0
2021-05-12,0,0
2021-05-13,0,0
2021-05-14,0,0
2021-05-15,0,0
2021-05-16,0,0
2021-05-17,0,0
2021-05-18,0,0
2021-05-19,0,0
2021-05-20,0,0
2021-05-21,0,0
2021-05-22,0,0
2021-05-23,0,0
2021-05-24,0,0
2021-05-25,0,0
2021-05-26,0,0
2021-05-27,0,0
2021-05-28,0,0
2021-05-29,0,0
2021-05-30,0,0
2021-05-31,0,0
2021-06-01,0,0
2021-06-02,0,0
2021-06-03,0,0
2021-06-04,0,0
2021-06-05,0,0
2021-06-06,0,0
2021-06-07,0,0
2021-06-08,0,0
2021-06-09,0,0
2021-06-10,0,0
2021-06-11,0,0
2021-06-12,0,0
2021-06-13,0,0
2021-06-14,0,0
2021-06-15,0,0
2021-06-16,0,0
2021-06-17,0,0
2021-06-18,0,0
2021-06-19,0,0
2021-06-20,0,0
2021-06-21,0,0
2021-06-22,0,0
2021-06-23,0,0
2021-06-24,0,0
2021-06-25,0,0
2021-06-26,0,0
2021-06-27,0,0
2021-06-28,0,0
2021-06-29,0,0
2021-06-30,0,0
2021-07-01,0,0
2021-07-02,0,0
2021-07-03,0,0
2021-07-04,0,0
2021-07-05,0,0
2021-07-06,0,0
2021-07-07,0,0
2021-07-08,0,0
2021-07-09,0,0
2021-07-10,0,0
2021-07-11,0,0
2021-07-12,0,0
2021-07-13,0,0
2021-07-14,0,0
2021-07-15,0,0
2021-07-16,0,0
2021-07-17,0,0
2021-07-18,0,0
2021-07-19,0,0
2021-07-20,0,0
2021-07-21,0,0
2021-07-22,0,0
2021-07-23,0,0
2021-07-24,0,0
2021-07-25,0,0
2021-07-26,0,0
2021-07-27,0,0
2021-07-28,0,0
2021-07-29,0,0
2021-07-30,0,0
2021-07-31,0,0
2021-08-01,0,0
2021-08-02,0,0
2021-08-03,0,0
2021-08-04,0,0
2021-08-05,0,0
2021-08-06,0,0
2021-08-07,0,0
2021-08-08,0,0
2021-08-09,0,0
2021-08-10,0,0
2021-08-11,0,0
2021-08-12,0,0
2021-08-13,0,0
2021-08-14,0,0
2021-08-15,0,0
2021-08-16,0,0
2021-08-17,0,0
2021-08-18,0,0
2021-08-19,0,0
2021-08-20,0,0
2021-08-21,0,0
2021-08-22,0,0
2021-08-23,0,0
2021-08-24,0,0
2021-08-25,0,0
2021-08-26,0,0
2021-08-27,0,0
2021-08-28,0,0
2021-08-29,0,0
2021-08-30,0,0
2021-08-31,0,0
2021-09-01,0,0
2021-09-02,0,0
2021-09-03,0,0
2021-09-04,0,0
2021-09-05,0,0
2021-09-06,0,0
2021-09-07,0,0
2021-09-08,0,0
2021-09-09,0,0
2021-09-10,0,0
2021-09-11,0,0
2021-09-12,0,0
2021-09-13,0,0
2021-09-14,0,0
2021-09-15,0,0
2021-09-16,0,0
2021-09-17,0,0
2021-09-18,0,0
2021-09-19,0,0
2021-09-20,0,0
2021-09-21,0,0
2021-09-22,0,0
2021-09-23,0,0
2021-09-24,0,0
2021-09-25,0,0
2021-09-26,0,0
2021-09-27,0,0
2021-09-28,0,0
2021-09-29,0,0
2021-09-30,0,0
2021-10-01,0,0
2021-10-02,0,0
2021-10-03,0,0
2021-10-04,0,0
2021-10-05,0,0
2021-10-06,0,0
2021-10-07,0,0
2021-10-08,0,0
2021-10-09,0,0
2021-10-10,0,0
2021-10-11,0,0
2021-10-12,0,0
2021-10-13,0,0
2021-10-14,0,0
2021-10-15,0,0
2021-10-16,0,0
2021-10-17,0,0
2021-10-18,0,0
2021-10-19,0,0
2021-10-20,0,0
2021-10-21,0,0
2021-10-22,0,0
2021-10-23,0,0
2021-10-24,0,0
2021-10-25,0,0
2021-10-26,0,0
2021-10-27,0,0
2021-10-28,0,0
2021-10-29,0,0
2021-10-30,0,0
2021-10-31,0,0
2021-11-01,0,0
2021-11-02,0,0
2021-11-03,0,0
2021-11-04,0,0
2021-11-05,0,0
2021-11-06,0,0
2021-11-07,0,0
2021-11-08,0,0
2021-11-09,0,0
2021-11-10,0,0
2021-11-11,0,0
2021-11-12,0,0
2021-11-13,0,0
2021-11-14,0,0
2021-11-15,0,0
2021-11-16,0,0
2021-11-17,0,0
2021-11-18,0,0
2021-11-19,0,0
2021-11-20,0,0
2021-11-21,0,0
2021-11-22,0,0
2021-11-23,0,0
2021-11-24,0,0
2021-11-25,0,0
2021-11-26,0,0
2021-11-27,0,0
2021-11-28,0,0
2021-11-29,0,0
2021-11-30,0,0
2021-12-01,0,0
2021-12-02,0,0
2021-12-03,0,0
2021-12-04,0,0
2021-12-05,0,0
2021-12-06,0,0
2021-12-07,0,0
2021-12-08,0,0
2021-12-09,0,0
2021-12-10,0,0
2021-12-11,0,0
2021-12-12,0,0
2021-12-13,0,0
2021-12-14,0,0
2021-12-15,0,0
2021-12-16,0,0
2021-12-17,0,0
2021-12-18,0,0
2021-12-19,0,0
2021-12-20,0,0
2021-12-21,0,0
2021-12-22,0,0
2021-12-23,0,0
2021-12-24,0,0
2021-12-25,0,0
2021-12-26,0,0
2021-12-27,0,0
2021-12-28,0,0
2021-12-29,0,0
2021-12-30,0,0
2021-12-31,0,0
2022-01-01,0,0
2022-01-02,0,0
2022-01-03,0,0
2022-01-04,0,0
2022-01-05,0,0
2022-01-06,0,0
2022-01-07,0,0
2022-01-08,0,0
2022-01-09,0,0
2022-01-10,0,0
2022-01-11,0,0
2022-01-12,0,0
2022-01-13,0,0
2022-01-14,0,0
2022-01-15,0,0
2022-01-16,0,0
2022-01-17,0,0
2022-01-18,0,0
2022-01-19,0,0
2022-01-20,0,0
2022-01-21,0,0
2022-01-22,0,0
2022-01-23,0,0
2022-01-24,0,0
2022-01-25,0,0
2022-01-26,0,0
2022-01-27,0,0
2022-01-28,0,0
2022-01-29,0,0
2022-01-30,0,0
2022-01-31,0,0
2022-02-01,0,0
2022-02-02,0,0
2022-02-03,0,0
2022-02-04,0,0
2022-02-05,0,0
2022-02-06,0,0
2022-02-07,0,0
2022-02-08,0,0
2022-02-09,0,0
2022-02-10,0,0
2022-02-11,0,0
2022-02-12,0,0
2022-02-13,0,0
2022-02-14,0,0
2022-02-15,0,0
2022-02-16,0,0
2022-02-17,0,0
2022-02-18,0,0
2022-02-19,0,0
2022-02-20,0,0
2022-02-21,0,0
2022-02-22,0,0
2022-02-23,0,0
2022-02-24,0,0
2022-02-25,0,0
2022-02-26,0,0
2022-02-27,0,0
2022-02-28,0,0
2022-03-01,0,0
2022-03-02,0,0
2022-03-03,0,0
2022-03-04,0,0
2022-03-05,0,0
2022-03-06,0,0
2022-03-07,0,0
2022-03-08,0,0
2022-03-09,0,0
2022-03-10,0,0
2022-03-11,0,0
2022-03-12,0,0
2022-03-13,0,0
2022-03-14,0,0
2022-03-15,0,0
2022-03-16,0,0
2022-03-17,0,0
2022-03-18,0,0
2022-03-19,0,0
2022-03-20,0,0
2022-03-21,0,0
2022-03-22,0,0
2022-03-23,0,0
2022-03-24,0,0
2022-03-25,0,0
2022-03-26,0,0
2022-03-27,0,0
2022-03-28,0,0
2022-03-29,0,0
2022-03-30,0,0
2022-03-31,0,0
2022-04-01,0,0
2022-04-02,0,0
2022-04-03,0,0
2022-04-04,0,0
2022-04-05,0,0
2022-04-06,0,0
2022-04-07,0,0
2022-04-08,0,0
2022-04-09,0,0
2022-04-10,0,0
2022-04-11,0,0
2022-04-12,0,0
2022-04-13,0,0
2022-04-14,0,0
2022-04-15,0,0
2022-04-16,0,0
2022-04-17,0,0
2022-04-18,0,0
2022-04-19,0,0
2022-04-20,0,0
2022-04-21,0,0
2022-04-22,0,0
2022-04-23,0,0
2022-04-24,0,0
2022-04-25,0,0
2022-04-26,0,0
2022-04-27,0,0
2022-04-28,0,0
2022-04-29,0,0
2022-04-30,0,0
2022-05-01,0,0
2022-05-02,0,0
2022-05-03,0,0
2022-05-04,0,0
2022-05-05,0,0
2022-05-06,0,0
2022-05-07,0,0
2022-05-08,0,0
2022-05-09,0,0
2022-05-10,0,0
2022-05-11,0,0
2022-05-12,0,0
2022-05-13,0,0
2022-05-14,0,0
2022-05-15,0,0
2022-05-16,0,0
2022-05-17,0,0
2022-05-18,0,0
2022-05-19,0,0
2022-05-20,0,0
2022-05-21,0,0
2022-05-22,0,0
2022-05-23,0,0
2022-05-24,0,0
2022-05-25,0,0
2022-05-26,0,0
2022-05-27,0,0
2022-05-28,0,0
2022-05-29,0,0
2022-05-30,0,0
2022-05-31,0,0
2022-06-01,0,0
2022-06-02,0,0
2022-06-03,0,0
2022-06-04,0,0
2022-06-05,0,0
2022-06-06,0,0
2022-06-07,0,0
2022-06-08,0,0
2022-06-09,0,0
2022-06-10,0,0
2022-06-11,0,0
2022-06-12,0,0
2022-06-13,0,0
2022-06-14,0,0
2022-06-15,0,0
2022-06-16,0,0
2022-06-17,0,0
2022-06-18,0,0
2022-06-19,0,0
2022-06-20,0,0
2022-06-21,0,0
2022-06-22,0,0
2022-06-23,0,0
2022-06-24,0,0
2022-06-25,0,0
2022-06-26,0,0
2022-06-27,0,0
2022-06-28,0,0
2022-06-29,0,0
2022-06-30,0,0
2022-07-01,0,0
2022-07-02,0,0
2022-07-03,0,0
2022-07-04,0,0
2022-07-05,0,0
2022-07-06,0,0
2022-07-07,0,0
2022-07-08,0,0
2022-07-09,0,0
2022-07-10,0,0
2022-07-11,0,0
2022-07-12,0,0
2022-07-13,0,0
2022-07-14,0,0
2022-07-15,0,0
2022-07-16,0,0
2022-07-17,0,0
2022-07-18,0,0
2022-07-19,0,0
2022-07-20,0,0
2022-07-21,0,0
2022-07-22,0,0
2022-07-23,0,0
2022-07-24,0,0
2022-07-25,0,0
2022-07-26,0,0
2022-07-27,0,0
2022-07-28,0,0
2022-07-29,0,0
2022-07-30,0,0
2022-07-31,0,0
2022-08-01,0,0
2022-08-02,0,0
2022-08-03,0,0
2022-08-04,0,0
2022-08-05,0,0
2022-08-06,0,0
2022-08-07,0,0
2022-08-08,0,0
2022-08-09,0,0
2022-08-10,0,0
2022-08-11,0,0
2022-08-12,0,0
2022-08-13,0,0
2022-08-14,0,0
2022-08-15,0,0
2022-08-16,0,0
2022-08-17,0,0
2022-08-18,0,0
2022-08-19,0,0
2022-08-20,0,0
2022-08-21,0,0
2022-08-22,0,0
2022-08-23,0,0
2022-08-24,0,0
2022-08-25,0,0
2022-08-26,0,0
2022-08-27,0,0
2022-08-28,0,0
2022-08-29,0,0
2022-08-30,0,0
2022-08-31,0,0
2022-09-01,0,0
2022-09-02,0,0
2022-09-03,0,0
2022-09-04,0,0
2022-09-05,0,0
2022-09-06,0,0
2022-09-07,0,0
2022-09-08,0,0
2022-09-09,0,0
2022-09-10,0,0
2022-09-11,0,0
2022-09-12,0,0
2022-09-13,0,0
2022-09-14,0,0
2022-09-15,0,0
2022-09-16,0,0
2022-09-17,0,0
2022-09-18,0,0
2022-09-19,0,0
2022-09-20,0,0
2022-09-21,0,0
2022-09-22,0,0
2022-09-23,0,0
2022-09-24,0,0
2022-09-25,0,0
2022-09-26,0,0
2022-09-27,0,0
2022-09-28,0,0
2022-09-29,0,0
2022-09-30,0,0
2022-10-01,0,0
2022-10-02,0,0
2022-10-03,0,0
2022-10-04,0,0
2022-10-05,0,0
2022-10-06,0,0
2022-10-07,0,0
2022-10-08,0,0
2022-10-09,0,0
2022-10-10,0,0
2022-10-11,0,0
2022-10-12,0,0
2022-10-13,0,0
2022-10-14,0,0
2022-10-15,0,0
2022-10-16,0,0
2022-10-17,0,0
2022-10-18,0,0
2022-10-19,0,0
2022-10-20,0,0
2022-10-21,0,0
2022-10-22,0,0
2022-10-23,0,0
2022-10-24,0,0
2022-10-25,0,0
2022-10-26,0,0
2022-10-27,0,0
2022-10-28,0,0
2022-10-29,0,0
2022-10-30,0,0
2022-10-31,0,0
2022-11-01,0,0
2022-11-02,0,0
2022-11-03,0,0
2022-11-04,0,0
2022-11-05,0,0
2022-11-06,0,0
2022-11-07,0,0
2022-11-08,0,0
2022-11-09,0,0
2022-11-10,0,0
2022-11-11,0,0
2022-11-12,0,0
2022-11-13,0,0
2022-11-14,0,0
2022-11-15,0,0
2022-11-16,0,0
2022-11-17,0,0
2022-11-18,0,0
2022-11-19,0,0
2022-11-20,0,0
2022-11-21,0,0
2022-11-22,0,0
2022-11-23,0,0
2022-11-24,0,0
2022-11-25,0,0
2022-11-26,0,0
2022-11-27,0,0
2022-11-28,0,0
2022-11-29,0,0
2022-11-30,0,0
2022-12-01,0,0
2022-12-02,0,0
2022-12-03,0,0
2022-12-04,0,0
2022-12-05,0,0
2022-12-06,0,0
2022-12-07,0,0
2022-12-08,0,0
2022-12-09,0,0
2022-12-10,0,0
2022-12-11,0,0
2022-12-12,0,0
2022-12-13,0,0
2022-12-14,0,0
2022-12-15,0,0
2022-12-16,0,0
2022-12-17,0,0
2022-12-18,0,0
2022-12-19,0,0
2022-12-20,0,0
2022-12-21,0,0
2022-12-22,0,0
2022-12-23,0,0
2022-12-24,0,0
2022-12-25,0,0
2022-12-26,0,0
2022-12-27,0,0
2022-12-28,0,0
2022-12-29,0,0
2022-12-30,0,0
2022-12-31,0,0
2023-01-01,0,0
2023-01-02,0,0
2023-01-03,0,0
2023-01-04,0,0
2023-01-05,0,0
2023-01-06,0,0
2023-01-07,0,0
2023-01-08,0,0
2023-01-09,0,0
2023-01-10,0,0
2023-01-11,0,0
2023-01-12,0,0
2023-01-13,0,0
2023-01-14,0,0
2023-01-15,0,0
2023-01-16,0,0
2023-01-17,0,0
2023-01-18,0,0
2023-01-19,0,0
2023-01-20,0,0
2023-01-21,0,0
2023-01-22,0,0
2023-01-23,0,0
2023-01-24,0,0
2023-01-25,0,0
2023-01-26,0,0
2023-01-27,0,0
2023-01-28,0,0
2023-01-29,0,0
2023-01-30,0,0
2023-01-31,0,0
2023-02-01,0,0
2023-02-02,0,0
2023-02-03,0,0
2023-02-04,0,0
2023-02-05,0,0
2023-02-06,0,0
2023-02-07,0,0
2023-02-08,0,0
2023-02-09,0,0
2023-02-10,0,0
2023-02-11,0,0
2023-02-12,0,0
2023-02-13,0,0
2023-02-14,0,0
2023-02-15,0,0
2023-02-16,0,0
2023-02-17,0,0
2023-02-18,0,0
2023-02-19,0,0
2023-02-20,0,0
2023-02-21,0,0
2023-02-22,0,0
2023-02-23,0,0
2023-02-24,0,0
2023-02-25,0,0
2023-02-26,0,0
2023-02-27,0,0
2023-02-28,0,0
2023-03-01,0,0
2023-03-02,0,0
2023-03-03,0,0
2023-03-04,0,0
2023-03-05,0,0
2023-03-06,0,0
2023-03-07,0,0
2023-03-08,0,0
2023-03-09,0,0
2023-03-10,0,0
2023-03-11,0,0
2023-03-12,0,0
2023-03-13,0,0
2023-03-14,0,0
2023-03-15,0,0
2023-03-16,0,0
2023-03-17,0,0
2023-03-18,0,0
2023-03-19,0,0
2023-03-20,0,0
2023-03-21,0,0
2023-03-22,0,0
2023-03-23,0,0
2023-03-24,0,0
2023-03-25,0,0
2023-03-26,0,0
2023-03-27,0,0
2023-03-28,0,0
2023-03-29,0,0
2023-03-30,0,0
2023-03-31,0,0
2023-04-01,0,0
2023-04-02,0,0
2023-04-03,0,0
2023-04-04,0,0
2023-04-05,0,0
2023-04-06,0,0
2023-04-07,0,0
2023-04-08,0,0
2023-04-09,0,0
2023-04-10,0,0
2023-04-11,0,0
2023-04-12,0,0
2023-04-13,0,0
2023-04-14,0,0
2023-04-15,0,0
2023-04-16,0,0
2023-04-17,0,0
2023-04-18,0,0
2023-04-19,0,0
2023-04-20,0,0
2023-04-21,0,0
2023-04-22,0,0
2023-04-23,0,0
2023-04-24,0,0
2023-04-25,0,0
2023-04-26,0,0
2023-04-27,0,0
2023-04-28,0,0
2023-04-29,0,0
2023-04-30,0,0
2023-05-01,0,0
2023-05-02,0,0
2023-05-03,0,0
2023-05-04,0,0
2023-05-05,0,0
2023-05-06,0,0
2023-05-07,0,0
2023-05-08,0,0
2023-05-09,0,0
2023-05-10,0,0
2023-05-11,0,0
2023-05-12,0,0
2023-05-13,0,0
2023-05-14,0,0
2023-05-15,0,0
2023-05-16,0,0
2023-05-17,0,0
2023-05-18,0,0
2023-05-19,0,0
2023-05-20,0,0
2023-05-21,0,0
2023-05-22,0,0
2023-05-23,0,0
2023-05-24,0,0
2023-05-25,0,0
2023-05-26,0,0
2023-05-27,0,0
2023-05-28,0,0
2023-05-29,0,0
2023-05-30,0,0
2023-05-31,0,0
2023-06-01,0,0
2023-06-02,0,0
2023-06-03,0,0
2023-06-04,0,0
2023-06-05,0,0
2023-06-06,0,0
2023-06-07,0,0
2023-06-08,0,0
2023-06-09,0,0
2023-06-10,0,0
2023-06-11,0,0
2023-06-12,0,0
2023-06-13,0,0
2023-06-14,0,0
2023-06-15,0,0
2023-06-16,0,0
2023-06-17,0,0
2023-06-18,0,0
2023-06-19,0,0
2023-06-20,0,0
2023-06-21,0,0
2023-06-22,0,0
2023-06-23,0,0
2023-06-24,0,0
2023-06-25,0,0
2023-06-26,0,0
2023-06-27,0,0
2023-06-28,0,0
2023-06-29,0,0
2023-06-30,0,0
2023-07-01,0,0
2023-07-02,0,0
2023-07-03,0,0
2023-07-04,0,0
2023-07-05,0,0
2023-07-06,0,0
2023-07-07,0,0
2023-07-08,0,0
2023-07-09,0,0
2023-07-10,0,0
2023-07-11,0,0
2023-07-12,0,0
2023-07-13,0,0
2023-07-14,0,0
2023-07-15,0,0
2023-07-16,0,0
2023-07-17,0,0
2023-07-18,0,0
2023-07-19,0,0
2023-07-20,0,0
2023-07-21,0,0
2023-07-22,0,0
2023-07-23,0,0
2023-07-24,0,0
2023-07-25,0,0
2023-07-26,0,0
2023-07-27,0,0
2023-07-28,0,0
2023-07-29,0,0
2023-07-30,0,0
2023-07-31,0,0
2023-08-01,0,0
2023-08-02,0,0
2023-08-03,0,0
2023-08-04,0,0
2023-08-05,0,0
2023-08-06,0,0
2023-08-07,0,0
2023-08-08,0,0
2023-08-09,0,0
2023-08-10,0,0
2023-08-11,0,0
2023-08-12,0,0
2023-08-13,0,0
2023-08-14,0,0
2023-08-15,0,0
2023-08-16,0,0
2023-08-17,0,0
2023-08-18,0,0
2023-08-19,0,0
2023-08-20,0,0
2023-08-21,0,0
2023-08-22,0,0
2023-08-23,0,0
2023-08-24,0,0
2023-08-25,0,0
2023-08-26,0,0
2023-08-27,0,0
2023-08-28,0,0
2023-08-29,0,0
2023-08-30,0,0
2023-08-31,0,0
2023-09-01,0,0
2023-09-02,0,0
2023-09-03,0,0
2023-09-04,0,0
2023-09-05,0,0
2023-09-06,0,0
2023-09-07,0,0
2023-09-08,0,0
2023-09-09,0,0
2023-09-10,0,0
2023-09-11,0,0
2023-09-12,0,0
2023-09-13,0,0
2023-09-14,0,0
2023-09-15,0,0
2023-09-16,0,0
2023-09-17,0,0
2023-09-18,0,0
2023-09-19,0,0
2023-09-20,0,0
2023-09-21,0,0
2023-09-22,0,0
2023-09-23,0,0
2023-09-24,0,0
2023-09-25,0,0
2023-09-26,0,0
2023-09-27,0,0
2023-09-28,0,0
2023-09-29,0,0
2023-09-30,0,0
2023-10-01,0,0
2023-10-02,0,0
2023-10-03,0,0
2023-10-04,0,0
2023-10-05,0,0
2023-10-06,0,0
2023-10-07,0,0
2023-10-08,0,0
2023-10-09,0,0
2023-10-10,0,0
2023-10-11,0,0
2023-10-12,0,0
2023-10-13,0,0
2023-10-14,0,0
2023-10-15,0,0
2023-10-16,0,0
2023-10-17,0,0
2023-10-18,0,0
2023-10-19,0,0
2023-10-20,0,0
2023-10-21,0,0
2023-10-22,0,0
2023-10-23,0,0
2023-10-24,0,0
2023-10-25,0,0
2023-10-26,0,0
2023-10-27,0,0
2023-10-28,0,0
2023-10-29,0,0
2023-10-30,0,0
2023-10-31,0,0
2023-11-01,0,0
2023-11-02,0,0
2023-11-03,0,0
2023-11-04,0,0
2023-11-05,0,0
2023-11-06,0,0
2023-11-07,0,0
2023-11-08,0,0
2023-11-09,0,0
2023-11-10,0,0
2023-11-11,0,0
2023-11-12,0,0
2023-11-13,0,0
2023-11-14,0,0
2023-11-15,0,0
2023-11-16,0,0
2023-11-17,0,0
2023-11-18,0,0
2023-11-19,0,0
2023-11-20,0,0
2023-11-21,0,0
2023-11-22,0,0
2023-11-23,0,0
2023-11-24,0,0
2023-11-25,0,0
2023-11-26,0,0
2023-11-27,0,0
2023-11-28,0,0
2023-11-29,0,0
2023-11-30,0,0
2023-12-01,0,0
2023-12-02,0,0
2023-12-03,0,0
2023-12-04,0,0
2023-12-05,0,0
2023-12-06,0,0
2023-12-07,0,0
2023-12-08,0,0
2023-12-09,0,0
2023-12-10,0,0
2023-12-11,0,0
2023-12-12,0,0
2023-12-13,0,0
2023-12-14,0,0
2023-12-15,0,0
2023-12-16,0,0
2023-12-17,0,0
2023-12-18,0,0
2023-12-19,0,0
2023-12-20,0,0
2023-12-21,0,0
2023-12-22,0,0
2023-12-23,0,0
2023-12-24,0,0
2023-12-25,0,0
2023-12-26,0,0
2023-12-27,0,0
2023-12-28,0,0
2023-12-29,0,0
2023-12-30,0,0
2023-12-31,0,0
2024-01-01,0,0
2024-01-02,0,0
2024-01-03,0,0
2024-01-04,0,0
2024-01-05,0,0
2024-01-06,0,0
2024-01-07,0,0
2024-01-08,0,0
2024-01-09,0,0
2024-01-10,0,0
2024-01-11,0,0
2024-01-12,0,0
2024-01-13,0,0
2024-01-14,0,0
2024-01-15,0,0
2024-01-16,0,0
2024-01-17,0,0
2024-01-18,0,0
2024-01-19,0,0
2024-01-20,0,0
2024-01-21,0,0
2024-01-22,0,0
2024-01-23,0,0
2024-01-24,0,0
2024-01-25,0,0
2024-01-26,0,0
2024-01-27,0,0
2024-01-28,0,0
2024-01-29,0,0
2024-01-30,0,0
2024-01-31,0,0
2024-02-01,0,0
2024-02-02,0,0
2024-02-03,0,0
2024-02-04,0,0
2024-02-05,0,0
2024-02-06,0,0
2024-02-07,0,0
2024-02-08,0,0
2024-02-09,0,0
2024-02-10,0,0
2024-02-11,0,0
2024-02-12,0,0
2024-02-13,0,0
2024-02-14,0,0
2024-02-15,0,0
2024-02-16,0,0
2024-02-17,0,0
2024-02-18,0,0
2024-02-19,0,0
2024-02-20,0,0
2024-02-21,0,0
2024-02-22,0,0
2024-02-23,0,0
2024-02-24,0,0
2024-02-25,0,0
2024-02-26,0,0
2024-02-27,0,0
2024-02-28,0,0
2024-02-29,0,0
2024-03-01,0,0
2024-03-02,0,0
2024-03-03,0,0
2024-03-04,0,0
2024-03-05,0,0
2024-03-06,0,0
2024-03-07,0,0
2024-03-08,0,0
2024-03-09,0,0
2024-03-10,0,0
2024-03-11,0,0
2024-03-12,0,0
2024-03-13,0,0
2024-03-14,0,0
2024-03-15,0,0
2024-03-16,0,0
2024-03-17,0,0
2024-03-18,0,0
2024-03-19,0,0
2024-03-20,0,0
2024-03-21,0,0
2024-03-22,0,0
2024-03-23,0,0
2024-03-24,0,0
2024-03-25,0,0
2024-03-26,0,0
2024-03-27,0,0
2024-03-28,0,0
2024-03-29,0,0
2024-03-30,0,0
2024-03-31,0,0
2024-04-01,0,0
2024-04-02,0,0
2024-04-03,0,0
2024-04-04,0,0
2024-04-05,0,0
2024-04-06,0,0
2024-04-07,0,0
2024-04-08,0,0
2024-04-09,0,0
2024-04-10,0,0
2024-04-11,0,0
2024-04-12,0,0
2024-04-13,0,0
2024-04-14,0,0
2024-04-15,0,0
2024-04-16,0,0
2024-04-17,0,0
2024-04-18,0,0
2024-04-19,0,0
2024-04-20,0,0
2024-04-21,0,0
2024-04-22,0,0
2024-04-23,0,0
2024-04-24,0,0
2024-04-25,0,0
2024-04-26,0,0
2024-04-27,0,0
2024-04-28,0,0
2024-04-29,0,0
2024-04-30,0,0
2024-05-01,0,0
2024-05-02,0,0
2024-05-03,0,0
2024-05-04,0,0
2024-05-05,0,0
2024-05-06,0,0
2024-05-07,0,0
2024-05-08,0,0
2024-05-09,0,0
2024-05-10,0,0
2024-05-11,0,0
2024-05-12,0,0
2024-05-13,0,0
2024-05-14,0,0
2024-05-15,0,0
2024-05-16,0,0
2024-05-17,0,0
2024-05-18,0,0
2024-05-19,0,0
2024-05-20,0,0
2024-05-21,0,0
2024-05-22,0,0
2024-05-23,0,0
2024-05-24,0,0
2024-05-25,0,0
2024-05-26,0,0
2024-05-27,0,0
2024-05-28,0,0
2024-05-29,0,0
2024-05-30,0,0
2024-05-31,0,0
2024-06-01,0,0
2024-06-02,0,0
2024-06-03,0,0
2024-06-04,0,0
2024-06-05,0,0
2024-06-06,0,0
2024-06-07,0,0
2024-06-08,0,0
2024-06-09,0,0
2024-06-10,0,0
2024-06-11,0,0
2024-06-12,0,0
2024-06-13,0,0
2024-06-14,0,0
2024-06-15,0,0
2024-06-16,0,0
2024-06-17,0,0
2024-06-18,0,0
2024-06-19,0,0
2024-06-20,0,0
2024-06-21,0,0
2024-06-22,0,0
2024-06-23,0,0
2024-06-24,0,0
2024-06-25,0,0
2024-06-26,0,0
2024-06-27,0,0
2024-06-28,0,0
2024-06-29,0,0
2024-06-30,0,0
2024-07-01,0,0
2024-07-02,0,0
2024-07-03,0,0
2024-07-04,0,0
2024-07-05,0,0
2024-07-06,0,0
2024-07-07,0,0
2024-07-08,0,0
2024-07-09,0,0
2024-07-10,0,0
2024-07-11,0,0
2024-07-12,0,0
2024-07-13,0,0
2024-07-14,0,0
2024-07-15,0,0
2024-07-16,0,0
2024-07-17,0,0
2024-07-18,0,0
2024-07-19,0,0
2024-07-20,0,0
2024-07-21,0,0
2024-07-22,0,0
2024-07-23,0,0
2024-07-24,0,0
2024-07-25,0,0
2024-07-26,0,0
2024-07-27,0,0
2024-07-28,0,0
2024-07-29,0,0
2024-07-30,0,0
2024-07-31,0,0
2024-08-01,0,0
2024-08-02,0,0
2024-08-03,0,0
2024-08-04,0,0
2024-08-05,0,0
2024-08-06,0,0
2024-08-07,0,0
2024-08-08,0,0
2024-08-09,0,0
2024-08-10,0,0
2024-08-11,0,0
2024-08-12,0,0
2024-08-13,0,0
2024-08-14,0,0
2024-08-15,0,0
2024-08-16,0,0
2024-08-17,0,0
2024-08-18,0,0
2024-08-19,0,0
2024-08-20,0,0
2024-08-21,0,0
2024-08-22,0,0
2024-08-23,0,0
2024-08-24,0,0
2024-08-25,0,0
2024-08-26,0,0
2024-08-27,0,0
2024-08-28,0,0
2024-08-29,0,0
2024-08-30,0,0
2024-08-31,0,0
2024-09-01,0,0
2024-09-02,0,0
2024-09-03,0,0
2024-09-04,0,0
2024-09-05,0,0
2024-09-06,0,0
2024-09-07,0,0
2024-09-08,0,0
2024-09-09,0,0
2024-09-10,0,0
2024-09-11,0,0
2024-09-12,0,0
2024-09-13,0,0
2024-09-14,0,0
2024-09-15,0,0
2024-09-16,0,0
2024-09-17,0,0
2024-09-18,0,0
2024-09-19,0,0
2024-09-20,0,0
2024-09-21,0,0
2024-09-22,0,0
2024-09-23,0,0
2024-09-24,0,0
2024-09-25,0,0
2024-09-26,0,0
2024-09-27,0,0
2024-09-28,0,0
2024-09-29,0,0
2024-09-30,0,0
2024-10-01,0,0
2024-10-02,0,0
2024-10-03,0,0
2024-10-04,0,0
2024-10-05,0,0
2024-10-06,0,0
2024-10-07,0,0
2024-10-08,0,0
2024-10-09,0,0
2024-10-10,0,0
2024-10-11,0,0
2024-10-12,0,0
2024-10-13,0,0
2024-10-14,0,0
2024-10-15,0,0
2024-10-16,0,0
2024-10-17,0,0
2024-10-18,0,0
2024-10-19,0,0
2024-10-20,0,0
2024-10-21,0,0
2024-10-22,0,0
2024-10-23,0,0
2024-10-24,0,0
2024-10-25,0,0
2024-10-26,0,0
2024-10-27,0,0
2024-10-28,0,0
2024-10-29,0,0
2024-10-30,0,0
2024-10-31,0,0
2024-11-01,0,0
2024-11-02,0,0
2024-11-03,0,0
2024-11-04,0,0
2024-11-05,0,0
2024-11-06,0,0
2024-11-07,0,0
2024-11-08,0,0
2024-11-09,0,0
2024-11-10,0,0
2024-11-11,0,0
2024-11-12,0,0
2024-11-13,0,0
2024-11-14,0,0
2024-11-15,0,0
2024-11-16,0,0
2024-11-17,0,0
2024-11-18,0,0
2024-11-19,0,0
2024-11-20,0,0
2024-11-21,0,0
2024-11-22,0,0
2024-11-23,0,0
2024-11-24,0,0
2024-11-25,0,0
2024-11-26,0,0
2024-11-27,0,0
2024-11-28,0,0
2024-11-29,0,0
2024-11-30,0,0
2024-12-01,0,0
2024-12-02,0,0
2024-12-03,0,0
2024-12-04,0,0
2024-12-05,0,0
2024-12-06,0,0
2024-12-07,0,0
2024-12-08,0,0
2024-12-09,0,0
2024-12-10,0,0
2024-12-11,0,0
2024-12-12,0,0
2024-12-13,0,0
2024-12-14,0,0
2024-12-15,0,0
2024-12-16,0,0
2024-12-17,0,0
2024-12-18,0,0
2024-12-19,0,0
2024-12-20,0,0
2024-12-21,0,0
2024-12-22,0,0
2024-12-23,0,0
2024-12-24,0,0
2024-12-25,0,0
2024-12-26,0,0
2024-12-27,0,0
2024-12-28,0,0
2024-12-29,0,0
2024-12-30,0,0
2024-12-31,0,0
2025-01-01,0,0
2025-01-02,0,0
2025-01-03,0,0
2025-01-04,0,0
2025-01-05,0,0
2025-01-06,0,0
2025-01-07,0,0
2025-01-08,0,0
2025-01-09,0,0
2025-01-10,0,0
2025-01-11,0,0
2025-01-12,0,0
2025-01-13,0,0
2025-01-14,0,0
2025-01-15,0,0
2025-01-16,0,0
2025-01-17,0,0
2025-01-18,0,0
2025-01-19,0,0
2025-01-20,0,0
2025-01-21,0,0
2025-01-22,0,0
2025-01-23,0,0
2025-01-24,0,0
2025-01-25,0,0
2025-01-26,0,0
2025-01-27,0,0
2025-01-28,0,0
2025-01-29,0,0
2025-01-30,0,0
2025-01-31,0,0
2025-02-01,0,0
2025-02-02,0,0
2025-02-03,0,0
2025-02-04,0,0
2025-02-05,0,0
2025-02-06,0,0
2025-02-07,0,0
2025-02-08,0,0
2025-02-09,0,0
2025-02-10,0,0
2025-02-11,0,0
2025-02-12,0,0
2025-02-13,0,0
2025-02-14,0,0
2025-02-15,0,0
2025-02-16,0,0
2025-02-17,0,0
