Date,Midnight population,24-hour population
2008-10-01,0.0,0.0
2008-10-02,0.0,0.0
2008-10-03,0.0,0.0
2008-10-04,0.0,0.0
2008-10-05,0.0,0.0
2008-10-06,0.0,0.0
2008-10-07,0.0,0.0
2008-10-08,0.0,0.0
2008-10-09,0.0,0.0
2008-10-10,0.0,0.0
2008-10-11,0.0,0.0
2008-10-12,0.0,0.0
2008-10-13,0.0,0.0
2008-10-14,0.0,0.0
2008-10-15,0.0,0.0
2008-10-16,0.0,0.0
2008-10-17,0.0,0.0
2008-10-18,0.0,0.0
2008-10-19,0.0,0.0
2008-10-20,0.0,0.0
2008-10-21,0.0,0.0
2008-10-22,0.0,0.0
2008-10-23,0.0,0.0
2008-10-24,0.0,0.0
2008-10-25,0.0,0.0
2008-10-26,0.0,0.0
2008-10-27,0.0,0.0
2008-10-28,0.0,0.0
2008-10-29,0.0,0.0
2008-10-30,0.0,0.0
2008-10-31,0.0,0.0
2008-11-01,0.0,0.0
2008-11-02,0.0,0.0
2008-11-03,0.0,0.0
2008-11-04,0.0,0.0
2008-11-05,0.0,0.0
2008-11-06,0.0,0.0
2008-11-07,0.0,0.0
2008-11-08,0.0,0.0
2008-11-09,0.0,0.0
2008-11-10,0.0,0.0
2008-11-11,0.0,0.0
2008-11-12,0.0,0.0
2008-11-13,0.0,0.0
2008-11-14,0.0,0.0
2008-11-15,0.0,0.0
2008-11-16,0.0,0.0
2008-11-17,0.0,0.0
2008-11-18,0.0,0.0
2008-11-19,0.0,0.0
2008-11-20,0.0,0.0
2008-11-21,0.0,0.0
2008-11-22,0.0,0.0
2008-11-23,0.0,0.0
2008-11-24,0.0,0.0
2008-11-25,0.0,0.0
2008-11-26,0.0,0.0
2008-11-27,0.0,0.0
2008-11-28,0.0,0.0
2008-11-29,0.0,0.0
2008-11-30,0.0,0.0
2008-12-01,0.0,0.0
2008-12-02,0.0,0.0
2008-12-03,0.0,0.0
2008-12-04,0.0,0.0
2008-12-05,0.0,0.0
2008-12-06,0.0,0.0
2008-12-07,0.0,0.0
2008-12-08,0.0,0.0
2008-12-09,0.0,0.0
2008-12-10,0.0,0.0
2008-12-11,0.0,0.0
2008-12-12,0.0,0.0
2008-12-13,0.0,0.0
2008-12-14,0.0,0.0
2008-12-15,0.0,0.0
2008-12-16,0.0,0.0
2008-12-17,0.0,0.0
2008-12-18,0.0,0.0
2008-12-19,0.0,0.0
2008-12-20,0.0,0.0
2008-12-21,0.0,0.0
2008-12-22,0.0,0.0
2008-12-23,0.0,0.0
2008-12-24,0.0,0.0
2008-12-25,0.0,0.0
2008-12-26,0.0,0.0
2008-12-27,0.0,0.0
2008-12-28,0.0,0.0
2008-12-29,0.0,0.0
2008-12-30,0.0,0.0
2008-12-31,0.0,0.0
2009-01-01,0.0,0.0
2009-01-02,0.0,0.0
2009-01-03,0.0,0.0
2009-01-04,0.0,0.0
2009-01-05,0.0,0.0
2009-01-06,0.0,0.0
2009-01-07,0.0,0.0
2009-01-08,0.0,0.0
2009-01-09,0.0,0.0
2009-01-10,0.0,0.0
2009-01-11,0.0,0.0
2009-01-12,0.0,0.0
2009-01-13,0.0,0.0
2009-01-14,0.0,0.0
2009-01-15,0.0,0.0
2009-01-16,0.0,0.0
2009-01-17,0.0,0.0
2009-01-18,0.0,0.0
2009-01-19,0.0,0.0
2009-01-20,0.0,0.0
2009-01-21,0.0,0.0
2009-01-22,0.0,0.0
2009-01-23,0.0,0.0
2009-01-24,0.0,0.0
2009-01-25,0.0,0.0
2009-01-26,0.0,0.0
2009-01-27,0.0,0.0
2009-01-28,0.0,0.0
2009-01-29,0.0,0.0
2009-01-30,0.0,0.0
2009-01-31,0.0,0.0
2009-02-01,0.0,0.0
2009-02-02,0.0,0.0
2009-02-03,0.0,0.0
2009-02-04,0.0,0.0
2009-02-05,0.0,0.0
2009-02-06,0.0,0.0
2009-02-07,0.0,0.0
2009-02-08,0.0,0.0
2009-02-09,0.0,0.0
2009-02-10,0.0,0.0
2009-02-11,0.0,0.0
2009-02-12,0.0,0.0
2009-02-13,0.0,0.0
2009-02-14,0.0,0.0
2009-02-15,0.0,0.0
2009-02-16,0.0,0.0
2009-02-17,0.0,0.0
2009-02-18,0.0,0.0
2009-02-19,0.0,0.0
2009-02-20,0.0,0.0
2009-02-21,0.0,0.0
2009-02-22,0.0,0.0
2009-02-23,0.0,0.0
2009-02-24,0.0,0.0
2009-02-25,0.0,0.0
2009-02-26,0.0,0.0
2009-02-27,0.0,0.0
2009-02-28,0.0,0.0
2009-03-01,0.0,0.0
2009-03-02,0.0,0.0
2009-03-03,0.0,0.0
2009-03-04,0.0,0.0
2009-03-05,0.0,0.0
2009-03-06,0.0,0.0
2009-03-07,0.0,0.0
2009-03-08,0.0,0.0
2009-03-09,0.0,0.0
2009-03-10,104.0,110.0
2009-03-11,107.0,113.0
2009-03-12,108.0,115.0
2009-03-13,109.0,115.0
2009-03-14,109.0,116.0
2009-03-15,109.0,116.0
2009-03-16,110.0,116.0
2009-03-17,110.0,117.0
2009-03-18,110.0,117.0
2009-03-19,110.0,117.0
2009-03-20,108.0,115.0
2009-03-21,105.0,112.0
2009-03-22,102.0,108.0
2009-03-23,98.0,105.0
2009-03-24,95.0,102.0
2009-03-25,94.0,100.0
2009-03-26,91.0,98.0
2009-03-27,88.0,95.0
2009-03-28,85.0,91.0
2009-03-29,82.0,88.0
2009-03-30,79.0,86.0
2009-03-31,77.0,84.0
2009-04-01,75.0,82.0
2009-04-02,76.0,81.0
2009-04-03,75.0,80.0
2009-04-04,75.0,79.0
2009-04-05,76.0,80.0
2009-04-06,77.0,81.0
2009-04-07,79.0,83.0
2009-04-08,81.0,85.0
2009-04-09,82.0,87.0
2009-04-10,84.0,89.0
2009-04-11,88.0,91.0
2009-04-12,91.0,94.0
2009-04-13,94.0,98.0
2009-04-14,98.0,102.0
2009-04-15,102.0,105.0
2009-04-16,102.0,109.0
2009-04-17,102.0,109.0
2009-04-18,102.0,109.0
2009-04-19,102.0,108.0
2009-04-20,101.0,108.0
2009-04-21,102.0,109.0
2009-04-22,103.0,110.0
2009-04-23,104.0,110.0
2009-04-24,103.0,110.0
2009-04-25,103.0,109.0
2009-04-26,103.0,109.0
2009-04-27,103.0,110.0
2009-04-28,105.0,111.0
2009-04-29,106.0,112.0
2009-04-30,107.0,114.0
2009-05-01,109.0,115.0
2009-05-02,109.0,115.0
2009-05-03,110.0,116.0
2009-05-04,109.0,117.0
2009-05-05,108.0,116.0
2009-05-06,105.0,114.0
2009-05-07,103.0,111.0
2009-05-08,100.0,109.0
2009-05-09,98.0,105.0
2009-05-10,96.0,103.0
2009-05-11,93.0,100.0
2009-05-12,90.0,98.0
2009-05-13,89.0,97.0
2009-05-14,88.0,95.0
2009-05-15,86.0,94.0
2009-05-16,88.0,92.0
2009-05-17,90.0,94.0
2009-05-18,92.0,96.0
2009-05-19,91.0,98.0
2009-05-20,91.0,98.0
2009-05-21,92.0,98.0
2009-05-22,92.0,99.0
2009-05-23,92.0,99.0
2009-05-24,93.0,99.0
2009-05-25,93.0,100.0
2009-05-26,93.0,100.0
2009-05-27,94.0,100.0
2009-05-28,93.0,100.0
2009-05-29,91.0,98.0
2009-05-30,91.0,97.0
2009-05-31,90.0,97.0
2009-06-01,88.0,96.0
2009-06-02,88.0,95.0
2009-06-03,88.0,95.0
2009-06-04,89.0,95.0
2009-06-05,91.0,97.0
2009-06-06,94.0,100.0
2009-06-07,97.0,103.0
2009-06-08,101.0,107.0
2009-06-09,104.0,110.0
2009-06-10,108.0,114.0
2009-06-11,111.0,117.0
2009-06-12,113.0,119.0
2009-06-13,115.0,121.0
2009-06-14,117.0,123.0
2009-06-15,119.0,125.0
2009-06-16,120.0,127.0
2009-06-17,121.0,130.0
2009-06-18,125.0,131.0
2009-06-19,129.0,135.0
2009-06-20,132.0,138.0
2009-06-21,133.0,140.0
2009-06-22,135.0,141.0
2009-06-23,137.0,143.0
2009-06-24,140.0,146.0
2009-06-25,142.0,149.0
2009-06-26,145.0,151.0
2009-06-27,148.0,154.0
2009-06-28,150.0,157.0
2009-06-29,151.0,159.0
2009-06-30,152.0,160.0
2009-07-01,153.0,161.0
2009-07-02,154.0,163.0
2009-07-03,156.0,164.0
2009-07-04,157.0,165.0
2009-07-05,158.0,166.0
2009-07-06,157.0,166.0
2009-07-07,156.0,165.0
2009-07-08,156.0,165.0
2009-07-09,156.0,164.0
2009-07-10,155.0,164.0
2009-07-11,155.0,164.0
2009-07-12,155.0,163.0
2009-07-13,154.0,163.0
2009-07-14,153.0,162.0
2009-07-15,152.0,161.0
2009-07-16,150.0,159.0
2009-07-17,149.0,157.0
2009-07-18,148.0,155.0
2009-07-19,146.0,154.0
2009-07-20,145.0,152.0
2009-07-21,144.0,151.0
2009-07-22,144.0,152.0
2009-07-23,144.0,152.0
2009-07-24,143.0,151.0
2009-07-25,142.0,150.0
2009-07-26,141.0,149.0
2009-07-27,139.0,148.0
2009-07-28,137.0,146.0
2009-07-29,136.0,144.0
2009-07-30,134.0,142.0
2009-07-31,132.0,140.0
2009-08-01,131.0,137.0
2009-08-02,129.0,135.0
2009-08-03,127.0,133.0
2009-08-04,126.0,132.0
2009-08-05,125.0,131.0
2009-08-06,124.0,130.0
2009-08-07,123.0,129.0
2009-08-08,121.0,127.0
2009-08-09,120.0,126.0
2009-08-10,117.0,124.0
2009-08-11,114.0,121.0
2009-08-12,112.0,119.0
2009-08-13,111.0,118.0
2009-08-14,111.0,117.0
2009-08-15,111.0,116.0
2009-08-16,111.0,116.0
2009-08-17,110.0,116.0
2009-08-18,110.0,116.0
2009-08-19,109.0,115.0
2009-08-20,108.0,114.0
2009-08-21,107.0,113.0
2009-08-22,106.0,112.0
2009-08-23,105.0,110.0
2009-08-24,104.0,110.0
2009-08-25,103.0,108.0
2009-08-26,101.0,107.0
2009-08-27,99.0,105.0
2009-08-28,98.0,103.0
2009-08-29,98.0,103.0
2009-08-30,98.0,103.0
2009-08-31,97.0,102.0
2009-09-01,98.0,103.0
2009-09-02,100.0,105.0
2009-09-03,101.0,106.0
2009-09-04,103.0,108.0
2009-09-05,104.0,109.0
2009-09-06,106.0,111.0
2009-09-07,108.0,112.0
2009-09-08,107.0,114.0
2009-09-09,107.0,114.0
2009-09-10,109.0,115.0
2009-09-11,111.0,117.0
2009-09-12,112.0,118.0
2009-09-13,113.0,119.0
2009-09-14,115.0,121.0
2009-09-15,116.0,122.0
2009-09-16,118.0,124.0
2009-09-17,120.0,125.0
2009-09-18,122.0,128.0
2009-09-19,125.0,131.0
2009-09-20,126.0,132.0
2009-09-21,128.0,134.0
2009-09-22,130.0,135.0
2009-09-23,132.0,138.0
2009-09-24,134.0,141.0
2009-09-25,137.0,143.0
2009-09-26,140.0,146.0
2009-09-27,143.0,149.0
2009-09-28,144.0,152.0
2009-09-29,146.0,154.0
2009-09-30,149.0,157.0
2009-10-01,151.0,159.0
2009-10-02,152.0,159.0
2009-10-03,152.0,160.0
2009-10-04,152.0,160.0
2009-10-05,150.0,160.0
2009-10-06,148.0,159.0
2009-10-07,145.0,157.0
2009-10-08,145.0,155.0
2009-10-09,147.0,155.0
2009-10-10,147.0,155.0
2009-10-11,146.0,154.0
2009-10-12,144.0,153.0
2009-10-13,142.0,152.0
2009-10-14,141.0,150.0
2009-10-15,140.0,149.0
2009-10-16,140.0,149.0
2009-10-17,141.0,150.0
2009-10-18,140.0,149.0
2009-10-19,140.0,149.0
2009-10-20,139.0,148.0
2009-10-21,137.0,148.0
2009-10-22,136.0,147.0
2009-10-23,135.0,145.0
2009-10-24,134.0,143.0
2009-10-25,133.0,142.0
2009-10-26,131.0,141.0
2009-10-27,129.0,139.0
2009-10-28,131.0,139.0
2009-10-29,132.0,139.0
2009-10-30,132.0,140.0
2009-10-31,132.0,140.0
2009-11-01,132.0,140.0
2009-11-02,132.0,140.0
2009-11-03,132.0,140.0
2009-11-04,133.0,139.0
2009-11-05,134.0,140.0
2009-11-06,136.0,142.0
2009-11-07,138.0,143.0
2009-11-08,139.0,144.0
2009-11-09,140.0,145.0
2009-11-10,141.0,146.0
2009-11-11,143.0,147.0
2009-11-12,145.0,150.0
2009-11-13,148.0,152.0
2009-11-14,148.0,153.0
2009-11-15,148.0,153.0
2009-11-16,146.0,153.0
2009-11-17,144.0,151.0
2009-11-18,142.0,149.0
2009-11-19,140.0,147.0
2009-11-20,139.0,145.0
2009-11-21,137.0,143.0
2009-11-22,135.0,141.0
2009-11-23,133.0,139.0
2009-11-24,132.0,138.0
2009-11-25,132.0,138.0
2009-11-26,132.0,137.0
2009-11-27,130.0,136.0
2009-11-28,129.0,134.0
2009-11-29,127.0,132.0
2009-11-30,124.0,130.0
2009-12-01,122.0,128.0
2009-12-02,118.0,125.0
2009-12-03,114.0,121.0
2009-12-04,111.0,118.0
2009-12-05,109.0,115.0
2009-12-06,106.0,112.0
2009-12-07,103.0,110.0
2009-12-08,101.0,107.0
2009-12-09,98.0,104.0
2009-12-10,96.0,102.0
2009-12-11,93.0,100.0
2009-12-12,90.0,96.0
2009-12-13,88.0,93.0
2009-12-14,84.0,91.0
2009-12-15,81.0,87.0
2009-12-16,80.0,84.0
2009-12-17,78.0,82.0
2009-12-18,77.0,81.0
2009-12-19,76.0,80.0
2009-12-20,75.0,79.0
2009-12-21,74.0,78.0
2009-12-22,73.0,77.0
2009-12-23,72.0,76.0
2009-12-24,71.0,75.0
2009-12-25,69.0,73.0
2009-12-26,67.0,71.0
2009-12-27,66.0,70.0
2009-12-28,63.0,68.0
2009-12-29,61.0,65.0
2009-12-30,59.0,63.0
2009-12-31,58.0,61.0
2010-01-01,57.0,60.0
2010-01-02,56.0,59.0
2010-01-03,55.0,58.0
2010-01-04,54.0,57.0
2010-01-05,53.0,56.0
2010-01-06,53.0,56.0
2010-01-07,53.0,56.0
2010-01-08,53.0,56.0
2010-01-09,53.0,56.0
2010-01-10,53.0,56.0
2010-01-11,53.0,56.0
2010-01-12,53.0,56.0
2010-01-13,52.0,56.0
2010-01-14,51.0,55.0
2010-01-15,51.0,54.0
2010-01-16,51.0,54.0
2010-01-17,51.0,54.0
2010-01-18,50.0,54.0
2010-01-19,50.0,53.0
2010-01-20,50.0,53.0
2010-01-21,49.0,53.0
2010-01-22,50.0,53.0
2010-01-23,50.0,53.0
2010-01-24,50.0,54.0
2010-01-25,50.0,54.0
2010-01-26,50.0,54.0
2010-01-27,53.0,56.0
2010-01-28,57.0,61.0
2010-01-29,61.0,65.0
2010-01-30,65.0,69.0
2010-01-31,69.0,73.0
2010-02-01,73.0,77.0
2010-02-02,78.0,81.0
2010-02-03,81.0,86.0
2010-02-04,85.0,89.0
2010-02-05,88.0,92.0
2010-02-06,90.0,94.0
2010-02-07,92.0,97.0
2010-02-08,93.0,99.0
2010-02-09,94.0,100.0
2010-02-10,96.0,101.0
2010-02-11,97.0,103.0
2010-02-12,101.0,105.0
2010-02-13,103.0,108.0
2010-02-14,106.0,110.0
2010-02-15,109.0,113.0
2010-02-16,111.0,116.0
2010-02-17,114.0,119.0
2010-02-18,118.0,124.0
2010-02-19,122.0,127.0
2010-02-20,127.0,131.0
2010-02-21,130.0,135.0
2010-02-22,132.0,138.0
2010-02-23,135.0,141.0
2010-02-24,139.0,145.0
2010-02-25,142.0,149.0
2010-02-26,143.0,150.0
2010-02-27,143.0,150.0
2010-02-28,143.0,150.0
2010-03-01,144.0,151.0
2010-03-02,144.0,151.0
2010-03-03,144.0,151.0
2010-03-04,144.0,152.0
2010-03-05,144.0,151.0
2010-03-06,144.0,151.0
2010-03-07,145.0,152.0
2010-03-08,145.0,153.0
2010-03-09,145.0,153.0
2010-03-10,147.0,154.0
2010-03-11,148.0,155.0
2010-03-12,149.0,156.0
2010-03-13,149.0,157.0
2010-03-14,150.0,157.0
2010-03-15,150.0,158.0
2010-03-16,151.0,159.0
2010-03-17,152.0,160.0
2010-03-18,154.0,161.0
2010-03-19,155.0,162.0
2010-03-20,155.0,161.0
2010-03-21,154.0,161.0
2010-03-22,153.0,161.0
2010-03-23,153.0,160.0
2010-03-24,153.0,160.0
2010-03-25,153.0,159.0
2010-03-26,152.0,158.0
2010-03-27,151.0,157.0
2010-03-28,150.0,156.0
2010-03-29,150.0,155.0
2010-03-30,149.0,155.0
2010-03-31,148.0,154.0
2010-04-01,147.0,153.0
2010-04-02,146.0,152.0
2010-04-03,146.0,152.0
2010-04-04,145.0,151.0
2010-04-05,144.0,151.0
2010-04-06,144.0,150.0
2010-04-07,143.0,149.0
2010-04-08,143.0,149.0
2010-04-09,144.0,148.0
2010-04-10,145.0,149.0
2010-04-11,145.0,149.0
2010-04-12,147.0,151.0
2010-04-13,149.0,153.0
2010-04-14,150.0,155.0
2010-04-15,151.0,156.0
2010-04-16,152.0,157.0
2010-04-17,153.0,158.0
2010-04-18,153.0,158.0
2010-04-19,153.0,159.0
2010-04-20,154.0,159.0
2010-04-21,154.0,160.0
2010-04-22,154.0,160.0
2010-04-23,154.0,159.0
2010-04-24,153.0,159.0
2010-04-25,153.0,159.0
2010-04-26,154.0,159.0
2010-04-27,154.0,160.0
2010-04-28,155.0,160.0
2010-04-29,155.0,160.0
2010-04-30,155.0,160.0
2010-05-01,155.0,160.0
2010-05-02,156.0,160.0
2010-05-03,155.0,161.0
2010-05-04,155.0,160.0
2010-05-05,155.0,161.0
2010-05-06,156.0,161.0
2010-05-07,157.0,163.0
2010-05-08,158.0,163.0
2010-05-09,158.0,164.0
2010-05-10,159.0,164.0
2010-05-11,159.0,165.0
2010-05-12,159.0,164.0
2010-05-13,158.0,164.0
2010-05-14,157.0,163.0
2010-05-15,157.0,162.0
2010-05-16,157.0,162.0
2010-05-17,157.0,162.0
2010-05-18,157.0,163.0
2010-05-19,157.0,163.0
2010-05-20,157.0,163.0
2010-05-21,158.0,163.0
2010-05-22,159.0,164.0
2010-05-23,160.0,165.0
2010-05-24,161.0,166.0
2010-05-25,163.0,167.0
2010-05-26,164.0,168.0
2010-05-27,164.0,169.0
2010-05-28,165.0,169.0
2010-05-29,166.0,170.0
2010-05-30,167.0,171.0
2010-05-31,167.0,172.0
2010-06-01,167.0,172.0
2010-06-02,167.0,172.0
2010-06-03,167.0,172.0
2010-06-04,167.0,172.0
2010-06-05,166.0,171.0
2010-06-06,165.0,169.0
2010-06-07,164.0,169.0
2010-06-08,163.0,168.0
2010-06-09,163.0,167.0
2010-06-10,162.0,167.0
2010-06-11,162.0,167.0
2010-06-12,162.0,167.0
2010-06-13,162.0,167.0
2010-06-14,161.0,167.0
2010-06-15,160.0,166.0
2010-06-16,158.0,165.0
2010-06-17,157.0,164.0
2010-06-18,156.0,162.0
2010-06-19,155.0,160.0
2010-06-20,153.0,159.0
2010-06-21,152.0,158.0
2010-06-22,151.0,157.0
2010-06-23,150.0,156.0
2010-06-24,149.0,154.0
2010-06-25,147.0,153.0
2010-06-26,146.0,152.0
2010-06-27,145.0,151.0
2010-06-28,143.0,149.0
2010-06-29,142.0,148.0
2010-06-30,140.0,147.0
2010-07-01,140.0,145.0
2010-07-02,140.0,145.0
2010-07-03,139.0,144.0
2010-07-04,138.0,144.0
2010-07-05,138.0,143.0
2010-07-06,137.0,142.0
2010-07-07,136.0,141.0
2010-07-08,135.0,140.0
2010-07-09,134.0,139.0
2010-07-10,132.0,137.0
2010-07-11,130.0,136.0
2010-07-12,130.0,136.0
2010-07-13,130.0,136.0
2010-07-14,130.0,135.0
2010-07-15,130.0,135.0
2010-07-16,131.0,135.0
2010-07-17,131.0,135.0
2010-07-18,131.0,136.0
2010-07-19,132.0,136.0
2010-07-20,132.0,136.0
2010-07-21,133.0,138.0
2010-07-22,134.0,139.0
2010-07-23,135.0,140.0
2010-07-24,137.0,142.0
2010-07-25,138.0,143.0
2010-07-26,139.0,144.0
2010-07-27,140.0,145.0
2010-07-28,139.0,147.0
2010-07-29,139.0,146.0
2010-07-30,138.0,145.0
2010-07-31,137.0,144.0
2010-08-01,137.0,143.0
2010-08-02,137.0,143.0
2010-08-03,137.0,143.0
2010-08-04,137.0,143.0
2010-08-05,136.0,143.0
2010-08-06,136.0,143.0
2010-08-07,136.0,143.0
2010-08-08,135.0,142.0
2010-08-09,134.0,142.0
2010-08-10,133.0,141.0
2010-08-11,131.0,138.0
2010-08-12,129.0,136.0
2010-08-13,127.0,133.0
2010-08-14,125.0,131.0
2010-08-15,123.0,129.0
2010-08-16,121.0,128.0
2010-08-17,120.0,126.0
2010-08-18,118.0,124.0
2010-08-19,116.0,123.0
2010-08-20,114.0,120.0
2010-08-21,111.0,117.0
2010-08-22,108.0,114.0
2010-08-23,106.0,112.0
2010-08-24,104.0,110.0
2010-08-25,102.0,108.0
2010-08-26,100.0,106.0
2010-08-27,100.0,104.0
2010-08-28,100.0,104.0
2010-08-29,100.0,103.0
2010-08-30,100.0,104.0
2010-08-31,100.0,104.0
2010-09-01,101.0,105.0
2010-09-02,103.0,107.0
2010-09-03,104.0,109.0
2010-09-04,106.0,111.0
2010-09-05,108.0,112.0
2010-09-06,110.0,114.0
2010-09-07,112.0,116.0
2010-09-08,115.0,120.0
2010-09-09,116.0,122.0
2010-09-10,118.0,124.0
2010-09-11,121.0,127.0
2010-09-12,123.0,129.0
2010-09-13,125.0,131.0
2010-09-14,128.0,134.0
2010-09-15,130.0,136.0
2010-09-16,133.0,139.0
2010-09-17,135.0,142.0
2010-09-18,137.0,144.0
2010-09-19,140.0,146.0
2010-09-20,143.0,150.0
2010-09-21,146.0,153.0
2010-09-22,148.0,156.0
2010-09-23,150.0,157.0
2010-09-24,151.0,159.0
2010-09-25,153.0,161.0
2010-09-26,156.0,163.0
2010-09-27,158.0,165.0
2010-09-28,160.0,168.0
2010-09-29,163.0,170.0
2010-09-30,164.0,172.0
2010-10-01,164.0,172.0
2010-10-02,165.0,172.0
2010-10-03,165.0,172.0
2010-10-04,165.0,172.0
2010-10-05,165.0,172.0
2010-10-06,165.0,173.0
2010-10-07,165.0,173.0
2010-10-08,164.0,172.0
2010-10-09,165.0,171.0
2010-10-10,165.0,171.0
2010-10-11,165.0,171.0
2010-10-12,165.0,171.0
2010-10-13,166.0,171.0
2010-10-14,166.0,171.0
2010-10-15,166.0,171.0
2010-10-16,166.0,171.0
2010-10-17,166.0,171.0
2010-10-18,167.0,172.0
2010-10-19,166.0,172.0
2010-10-20,167.0,172.0
2010-10-21,166.0,171.0
2010-10-22,166.0,170.0
2010-10-23,165.0,170.0
2010-10-24,165.0,169.0
2010-10-25,164.0,169.0
2010-10-26,164.0,169.0
2010-10-27,164.0,169.0
2010-10-28,163.0,169.0
2010-10-29,163.0,169.0
2010-10-30,163.0,168.0
2010-10-31,164.0,168.0
2010-11-01,163.0,169.0
2010-11-02,163.0,169.0
2010-11-03,163.0,168.0
2010-11-04,162.0,168.0
2010-11-05,162.0,168.0
2010-11-06,162.0,167.0
2010-11-07,161.0,167.0
2010-11-08,162.0,167.0
2010-11-09,162.0,167.0
2010-11-10,163.0,168.0
2010-11-11,163.0,168.0
2010-11-12,163.0,169.0
2010-11-13,163.0,169.0
2010-11-14,164.0,169.0
2010-11-15,164.0,170.0
2010-11-16,164.0,170.0
2010-11-17,163.0,170.0
2010-11-18,163.0,170.0
2010-11-19,163.0,170.0
2010-11-20,163.0,170.0
2010-11-21,163.0,169.0
2010-11-22,163.0,169.0
2010-11-23,163.0,169.0
2010-11-24,163.0,169.0
2010-11-25,163.0,169.0
2010-11-26,162.0,169.0
2010-11-27,161.0,167.0
2010-11-28,160.0,166.0
2010-11-29,159.0,166.0
2010-11-30,159.0,166.0
2010-12-01,160.0,167.0
2010-12-02,161.0,168.0
2010-12-03,163.0,169.0
2010-12-04,164.0,170.0
2010-12-05,165.0,171.0
2010-12-06,167.0,174.0
2010-12-07,169.0,176.0
2010-12-08,170.0,177.0
2010-12-09,171.0,178.0
2010-12-10,171.0,178.0
2010-12-11,171.0,178.0
2010-12-12,171.0,178.0
2010-12-13,170.0,179.0
2010-12-14,170.0,179.0
2010-12-15,170.0,179.0
2010-12-16,170.0,178.0
2010-12-17,170.0,178.0
2010-12-18,170.0,178.0
2010-12-19,171.0,178.0
2010-12-20,171.0,178.0
2010-12-21,172.0,179.0
2010-12-22,172.0,180.0
2010-12-23,173.0,180.0
2010-12-24,173.0,180.0
2010-12-25,173.0,180.0
2010-12-26,173.0,180.0
2010-12-27,174.0,181.0
2010-12-28,175.0,182.0
2010-12-29,175.0,182.0
2010-12-30,174.0,182.0
2010-12-31,173.0,180.0
2011-01-01,172.0,179.0
2011-01-02,170.0,177.0
2011-01-03,169.0,176.0
2011-01-04,168.0,174.0
2011-01-05,166.0,172.0
2011-01-06,165.0,171.0
2011-01-07,164.0,170.0
2011-01-08,163.0,169.0
2011-01-09,163.0,169.0
2011-01-10,163.0,169.0
2011-01-11,163.0,169.0
2011-01-12,163.0,169.0
2011-01-13,164.0,168.0
2011-01-14,164.0,169.0
2011-01-15,164.0,169.0
2011-01-16,165.0,169.0
2011-01-17,166.0,170.0
2011-01-18,166.0,170.0
2011-01-19,166.0,171.0
2011-01-20,167.0,172.0
2011-01-21,168.0,174.0
2011-01-22,169.0,175.0
2011-01-23,170.0,176.0
2011-01-24,171.0,177.0
2011-01-25,172.0,178.0
2011-01-26,172.0,178.0
2011-01-27,172.0,178.0
2011-01-28,172.0,179.0
2011-01-29,172.0,179.0
2011-01-30,172.0,179.0
2011-01-31,172.0,180.0
2011-02-01,172.0,180.0
2011-02-02,173.0,180.0
2011-02-03,173.0,180.0
2011-02-04,173.0,180.0
2011-02-05,173.0,180.0
2011-02-06,172.0,179.0
2011-02-07,171.0,179.0
2011-02-08,170.0,178.0
2011-02-09,170.0,177.0
2011-02-10,168.0,177.0
2011-02-11,166.0,175.0
2011-02-12,165.0,173.0
2011-02-13,163.0,171.0
2011-02-14,162.0,169.0
2011-02-15,160.0,168.0
2011-02-16,158.0,167.0
2011-02-17,157.0,166.0
2011-02-18,155.0,164.0
2011-02-19,153.0,162.0
2011-02-20,151.0,159.0
2011-02-21,150.0,157.0
2011-02-22,148.0,156.0
2011-02-23,148.0,155.0
2011-02-24,148.0,155.0
2011-02-25,148.0,155.0
2011-02-26,148.0,155.0
2011-02-27,148.0,154.0
2011-02-28,148.0,155.0
2011-03-01,148.0,155.0
2011-03-02,149.0,155.0
2011-03-03,149.0,156.0
2011-03-04,149.0,156.0
2011-03-05,149.0,156.0
2011-03-06,148.0,155.0
2011-03-07,147.0,155.0
2011-03-08,147.0,155.0
2011-03-09,146.0,155.0
2011-03-10,146.0,154.0
2011-03-11,145.0,154.0
2011-03-12,145.0,153.0
2011-03-13,146.0,153.0
2011-03-14,146.0,154.0
2011-03-15,146.0,154.0
2011-03-16,147.0,156.0
2011-03-17,149.0,158.0
2011-03-18,151.0,160.0
2011-03-19,153.0,161.0
2011-03-20,154.0,162.0
2011-03-21,156.0,164.0
2011-03-22,158.0,166.0
2011-03-23,160.0,169.0
2011-03-24,162.0,170.0
2011-03-25,163.0,172.0
2011-03-26,164.0,172.0
2011-03-27,166.0,173.0
2011-03-28,167.0,175.0
2011-03-29,169.0,177.0
2011-03-30,170.0,179.0
2011-03-31,172.0,180.0
2011-04-01,173.0,182.0
2011-04-02,174.0,182.0
2011-04-03,176.0,183.0
2011-04-04,176.0,185.0
2011-04-05,177.0,186.0
2011-04-06,179.0,187.0
2011-04-07,179.0,188.0
2011-04-08,180.0,188.0
2011-04-09,181.0,188.0
2011-04-10,181.0,188.0
2011-04-11,182.0,189.0
2011-04-12,182.0,190.0
2011-04-13,183.0,191.0
2011-04-14,183.0,191.0
2011-04-15,182.0,189.0
2011-04-16,180.0,187.0
2011-04-17,179.0,185.0
2011-04-18,177.0,184.0
2011-04-19,175.0,183.0
2011-04-20,173.0,181.0
2011-04-21,170.0,178.0
2011-04-22,168.0,176.0
2011-04-23,166.0,174.0
2011-04-24,164.0,171.0
2011-04-25,162.0,169.0
2011-04-26,160.0,167.0
2011-04-27,158.0,165.0
2011-04-28,156.0,163.0
2011-04-29,154.0,161.0
2011-04-30,152.0,159.0
2011-05-01,151.0,157.0
2011-05-02,149.0,156.0
2011-05-03,149.0,156.0
2011-05-04,149.0,156.0
2011-05-05,149.0,156.0
2011-05-06,149.0,156.0
2011-05-07,150.0,156.0
2011-05-08,151.0,156.0
2011-05-09,151.0,157.0
2011-05-10,153.0,159.0
2011-05-11,153.0,160.0
2011-05-12,154.0,160.0
2011-05-13,156.0,161.0
2011-05-14,157.0,163.0
2011-05-15,159.0,164.0
2011-05-16,160.0,166.0
2011-05-17,162.0,168.0
2011-05-18,164.0,170.0
2011-05-19,167.0,173.0
2011-05-20,171.0,176.0
2011-05-21,174.0,179.0
2011-05-22,177.0,183.0
2011-05-23,180.0,186.0
2011-05-24,184.0,189.0
2011-05-25,186.0,192.0
2011-05-26,189.0,195.0
2011-05-27,191.0,197.0
2011-05-28,194.0,199.0
2011-05-29,196.0,201.0
2011-05-30,198.0,204.0
2011-05-31,201.0,206.0
2011-06-01,203.0,208.0
2011-06-02,204.0,209.0
2011-06-03,205.0,211.0
2011-06-04,207.0,212.0
2011-06-05,209.0,213.0
2011-06-06,210.0,215.0
2011-06-07,212.0,217.0
2011-06-08,213.0,218.0
2011-06-09,215.0,219.0
2011-06-10,215.0,221.0
2011-06-11,216.0,221.0
2011-06-12,216.0,221.0
2011-06-13,216.0,222.0
2011-06-14,216.0,222.0
2011-06-15,216.0,222.0
2011-06-16,216.0,221.0
2011-06-17,215.0,221.0
2011-06-18,213.0,219.0
2011-06-19,211.0,216.0
2011-06-20,208.0,214.0
2011-06-21,206.0,212.0
2011-06-22,205.0,211.0
2011-06-23,203.0,209.0
2011-06-24,202.0,208.0
2011-06-25,200.0,206.0
2011-06-26,199.0,204.0
2011-06-27,197.0,203.0
2011-06-28,195.0,201.0
2011-06-29,193.0,199.0
2011-06-30,191.0,198.0
2011-07-01,189.0,195.0
2011-07-02,187.0,193.0
2011-07-03,184.0,190.0
2011-07-04,182.0,188.0
2011-07-05,180.0,186.0
2011-07-06,178.0,184.0
2011-07-07,176.0,182.0
2011-07-08,175.0,181.0
2011-07-09,175.0,180.0
2011-07-10,175.0,180.0
2011-07-11,175.0,180.0
2011-07-12,175.0,180.0
2011-07-13,174.0,180.0
2011-07-14,173.0,179.0
2011-07-15,173.0,179.0
2011-07-16,173.0,178.0
2011-07-17,173.0,177.0
2011-07-18,173.0,178.0
2011-07-19,174.0,179.0
2011-07-20,175.0,180.0
2011-07-21,176.0,180.0
2011-07-22,176.0,181.0
2011-07-23,177.0,181.0
2011-07-24,178.0,182.0
2011-07-25,179.0,183.0
2011-07-26,180.0,184.0
2011-07-27,181.0,185.0
2011-07-28,182.0,187.0
2011-07-29,184.0,188.0
2011-07-30,185.0,189.0
2011-07-31,187.0,191.0
2011-08-01,188.0,193.0
2011-08-02,189.0,194.0
2011-08-03,190.0,196.0
2011-08-04,192.0,197.0
2011-08-05,193.0,199.0
2011-08-06,194.0,200.0
2011-08-07,194.0,199.0
2011-08-08,193.0,199.0
2011-08-09,191.0,198.0
2011-08-10,191.0,197.0
2011-08-11,190.0,196.0
2011-08-12,191.0,196.0
2011-08-13,191.0,196.0
2011-08-14,191.0,196.0
2011-08-15,192.0,197.0
2011-08-16,192.0,197.0
2011-08-17,192.0,198.0
2011-08-18,193.0,198.0
2011-08-19,193.0,198.0
2011-08-20,193.0,198.0
2011-08-21,193.0,198.0
2011-08-22,192.0,198.0
2011-08-23,192.0,197.0
2011-08-24,192.0,198.0
2011-08-25,192.0,198.0
2011-08-26,192.0,198.0
2011-08-27,192.0,197.0
2011-08-28,192.0,197.0
2011-08-29,192.0,197.0
2011-08-30,191.0,197.0
2011-08-31,193.0,197.0
2011-09-01,194.0,199.0
2011-09-02,195.0,200.0
2011-09-03,195.0,200.0
2011-09-04,196.0,201.0
2011-09-05,197.0,202.0
2011-09-06,198.0,203.0
2011-09-07,200.0,204.0
2011-09-08,200.0,205.0
2011-09-09,201.0,205.0
2011-09-10,201.0,205.0
2011-09-11,201.0,206.0
2011-09-12,202.0,206.0
2011-09-13,202.0,207.0
2011-09-14,203.0,207.0
2011-09-15,203.0,208.0
2011-09-16,203.0,208.0
2011-09-17,203.0,207.0
2011-09-18,202.0,207.0
2011-09-19,202.0,207.0
2011-09-20,203.0,208.0
2011-09-21,204.0,208.0
2011-09-22,204.0,209.0
2011-09-23,204.0,209.0
2011-09-24,203.0,208.0
2011-09-25,204.0,209.0
2011-09-26,205.0,210.0
2011-09-27,206.0,211.0
2011-09-28,207.0,212.0
2011-09-29,208.0,213.0
2011-09-30,209.0,214.0
2011-10-01,209.0,214.0
2011-10-02,209.0,214.0
2011-10-03,209.0,215.0
2011-10-04,209.0,215.0
2011-10-05,209.0,215.0
2011-10-06,208.0,215.0
2011-10-07,209.0,215.0
2011-10-08,210.0,216.0
2011-10-09,211.0,217.0
2011-10-10,212.0,218.0
2011-10-11,214.0,219.0
2011-10-12,215.0,221.0
2011-10-13,216.0,222.0
2011-10-14,218.0,223.0
2011-10-15,220.0,225.0
2011-10-16,221.0,226.0
2011-10-17,222.0,228.0
2011-10-18,222.0,229.0
2011-10-19,223.0,229.0
2011-10-20,222.0,229.0
2011-10-21,222.0,228.0
2011-10-22,223.0,228.0
2011-10-23,223.0,229.0
2011-10-24,224.0,230.0
2011-10-25,223.0,230.0
2011-10-26,223.0,229.0
2011-10-27,222.0,228.0
2011-10-28,220.0,227.0
2011-10-29,218.0,225.0
2011-10-30,216.0,223.0
2011-10-31,215.0,221.0
2011-11-01,213.0,219.0
2011-11-02,212.0,218.0
2011-11-03,211.0,216.0
2011-11-04,209.0,215.0
2011-11-05,208.0,213.0
2011-11-06,206.0,211.0
2011-11-07,205.0,210.0
2011-11-08,203.0,208.0
2011-11-09,202.0,207.0
2011-11-10,200.0,205.0
2011-11-11,198.0,203.0
2011-11-12,196.0,201.0
2011-11-13,194.0,199.0
2011-11-14,192.0,197.0
2011-11-15,190.0,195.0
2011-11-16,189.0,194.0
2011-11-17,188.0,193.0
2011-11-18,186.0,192.0
2011-11-19,185.0,190.0
2011-11-20,184.0,188.0
2011-11-21,182.0,187.0
2011-11-22,181.0,186.0
2011-11-23,179.0,184.0
2011-11-24,178.0,183.0
2011-11-25,177.0,181.0
2011-11-26,176.0,180.0
2011-11-27,175.0,178.0
2011-11-28,175.0,178.0
2011-11-29,175.0,179.0
2011-11-30,176.0,179.0
2011-12-01,176.0,180.0
2011-12-02,177.0,180.0
2011-12-03,177.0,181.0
2011-12-04,178.0,182.0
2011-12-05,179.0,183.0
2011-12-06,180.0,184.0
2011-12-07,182.0,185.0
2011-12-08,182.0,186.0
2011-12-09,183.0,187.0
2011-12-10,183.0,187.0
2011-12-11,184.0,188.0
2011-12-12,184.0,188.0
2011-12-13,184.0,189.0
2011-12-14,184.0,189.0
2011-12-15,184.0,189.0
2011-12-16,183.0,189.0
2011-12-17,183.0,188.0
2011-12-18,184.0,188.0
2011-12-19,184.0,188.0
2011-12-20,184.0,189.0
2011-12-21,184.0,189.0
2011-12-22,184.0,189.0
2011-12-23,185.0,189.0
2011-12-24,185.0,189.0
2011-12-25,185.0,189.0
2011-12-26,185.0,189.0
2011-12-27,185.0,190.0
2011-12-28,184.0,190.0
2011-12-29,183.0,189.0
2011-12-30,183.0,188.0
2011-12-31,181.0,186.0
2012-01-01,180.0,184.0
2012-01-02,178.0,183.0
2012-01-03,176.0,182.0
2012-01-04,175.0,180.0
2012-01-05,172.0,178.0
2012-01-06,169.0,175.0
2012-01-07,167.0,172.0
2012-01-08,165.0,170.0
2012-01-09,163.0,168.0
2012-01-10,160.0,166.0
2012-01-11,159.0,163.0
2012-01-12,157.0,161.0
2012-01-13,155.0,159.0
2012-01-14,153.0,157.0
2012-01-15,151.0,155.0
2012-01-16,150.0,153.0
2012-01-17,148.0,152.0
2012-01-18,148.0,151.0
2012-01-19,146.0,150.0
2012-01-20,146.0,150.0
2012-01-21,145.0,149.0
2012-01-22,145.0,148.0
2012-01-23,144.0,148.0
2012-01-24,143.0,147.0
2012-01-25,142.0,147.0
2012-01-26,142.0,146.0
2012-01-27,141.0,144.0
2012-01-28,140.0,144.0
2012-01-29,139.0,143.0
2012-01-30,139.0,142.0
2012-01-31,138.0,141.0
2012-02-01,137.0,141.0
2012-02-02,138.0,141.0
2012-02-03,138.0,142.0
2012-02-04,138.0,141.0
2012-02-05,139.0,142.0
2012-02-06,140.0,143.0
2012-02-07,142.0,145.0
2012-02-08,144.0,147.0
2012-02-09,145.0,148.0
2012-02-10,146.0,150.0
2012-02-11,147.0,151.0
2012-02-12,148.0,152.0
2012-02-13,150.0,153.0
2012-02-14,151.0,155.0
2012-02-15,153.0,158.0
2012-02-16,154.0,159.0
2012-02-17,155.0,159.0
2012-02-18,155.0,159.0
2012-02-19,155.0,159.0
2012-02-20,155.0,159.0
2012-02-21,155.0,159.0
2012-02-22,154.0,159.0
2012-02-23,154.0,158.0
2012-02-24,154.0,158.0
2012-02-25,154.0,158.0
2012-02-26,154.0,158.0
2012-02-27,154.0,158.0
2012-02-28,154.0,158.0
2012-02-29,154.0,158.0
2012-03-01,155.0,160.0
2012-03-02,157.0,161.0
2012-03-03,158.0,162.0
2012-03-04,159.0,163.0
2012-03-05,161.0,165.0
2012-03-06,163.0,168.0
2012-03-07,166.0,170.0
2012-03-08,167.0,172.0
2012-03-09,169.0,174.0
2012-03-10,172.0,176.0
2012-03-11,174.0,178.0
2012-03-12,177.0,181.0
2012-03-13,179.0,183.0
2012-03-14,181.0,185.0
2012-03-15,183.0,187.0
2012-03-16,184.0,189.0
2012-03-17,186.0,190.0
2012-03-18,188.0,192.0
2012-03-19,190.0,194.0
2012-03-20,193.0,196.0
2012-03-21,196.0,199.0
2012-03-22,198.0,202.0
2012-03-23,200.0,205.0
2012-03-24,202.0,207.0
2012-03-25,205.0,210.0
2012-03-26,208.0,213.0
2012-03-27,211.0,216.0
2012-03-28,214.0,219.0
2012-03-29,216.0,222.0
2012-03-30,217.0,224.0
2012-03-31,218.0,224.0
2012-04-01,219.0,224.0
2012-04-02,220.0,225.0
2012-04-03,220.0,226.0
2012-04-04,221.0,226.0
2012-04-05,220.0,226.0
2012-04-06,219.0,225.0
2012-04-07,219.0,225.0
2012-04-08,218.0,224.0
2012-04-09,218.0,224.0
2012-04-10,217.0,223.0
2012-04-11,215.0,222.0
2012-04-12,213.0,220.0
2012-04-13,210.0,218.0
2012-04-14,207.0,215.0
2012-04-15,204.0,212.0
2012-04-16,202.0,209.0
2012-04-17,201.0,209.0
2012-04-18,200.0,208.0
2012-04-19,200.0,207.0
2012-04-20,198.0,206.0
2012-04-21,198.0,205.0
2012-04-22,197.0,204.0
2012-04-23,197.0,204.0
2012-04-24,197.0,204.0
2012-04-25,196.0,203.0
2012-04-26,194.0,202.0
2012-04-27,193.0,200.0
2012-04-28,192.0,199.0
2012-04-29,192.0,198.0
2012-04-30,190.0,198.0
2012-05-01,187.0,195.0
2012-05-02,185.0,193.0
2012-05-03,182.0,190.0
2012-05-04,179.0,187.0
2012-05-05,176.0,183.0
2012-05-06,173.0,180.0
2012-05-07,172.0,180.0
2012-05-08,171.0,179.0
2012-05-09,171.0,179.0
2012-05-10,171.0,179.0
2012-05-11,172.0,179.0
2012-05-12,173.0,180.0
2012-05-13,175.0,181.0
2012-05-14,177.0,183.0
2012-05-15,179.0,185.0
2012-05-16,180.0,187.0
2012-05-17,180.0,186.0
2012-05-18,179.0,186.0
2012-05-19,179.0,185.0
2012-05-20,178.0,183.0
2012-05-21,177.0,183.0
2012-05-22,176.0,182.0
2012-05-23,175.0,180.0
2012-05-24,174.0,179.0
2012-05-25,173.0,179.0
2012-05-26,173.0,178.0
2012-05-27,173.0,178.0
2012-05-28,173.0,179.0
2012-05-29,173.0,179.0
2012-05-30,175.0,179.0
2012-05-31,177.0,180.0
2012-06-01,178.0,182.0
2012-06-02,179.0,183.0
2012-06-03,180.0,184.0
2012-06-04,182.0,186.0
2012-06-05,183.0,188.0
2012-06-06,183.0,187.0
2012-06-07,182.0,186.0
2012-06-08,184.0,188.0
2012-06-09,186.0,190.0
2012-06-10,188.0,192.0
2012-06-11,190.0,194.0
2012-06-12,191.0,196.0
2012-06-13,193.0,197.0
2012-06-14,194.0,198.0
2012-06-15,195.0,199.0
2012-06-16,196.0,200.0
2012-06-17,197.0,201.0
2012-06-18,198.0,202.0
2012-06-19,200.0,204.0
2012-06-20,201.0,206.0
2012-06-21,205.0,210.0
2012-06-22,208.0,214.0
2012-06-23,211.0,216.0
2012-06-24,213.0,219.0
2012-06-25,216.0,222.0
2012-06-26,219.0,225.0
2012-06-27,223.0,229.0
2012-06-28,226.0,232.0
2012-06-29,229.0,235.0
2012-06-30,232.0,238.0
2012-07-01,236.0,241.0
2012-07-02,240.0,245.0
2012-07-03,244.0,249.0
2012-07-04,248.0,253.0
2012-07-05,252.0,257.0
2012-07-06,255.0,260.0
2012-07-07,259.0,264.0
2012-07-08,259.0,264.0
2012-07-09,260.0,265.0
2012-07-10,260.0,266.0
2012-07-11,260.0,266.0
2012-07-12,260.0,266.0
2012-07-13,261.0,267.0
2012-07-14,262.0,268.0
2012-07-15,264.0,269.0
2012-07-16,265.0,271.0
2012-07-17,267.0,273.0
2012-07-18,268.0,275.0
2012-07-19,268.0,276.0
2012-07-20,269.0,276.0
2012-07-21,267.0,274.0
2012-07-22,266.0,272.0
2012-07-23,266.0,272.0
2012-07-24,265.0,272.0
2012-07-25,265.0,272.0
2012-07-26,265.0,272.0
2012-07-27,265.0,272.0
2012-07-28,265.0,272.0
2012-07-29,265.0,272.0
2012-07-30,265.0,272.0
2012-07-31,265.0,273.0
2012-08-01,266.0,274.0
2012-08-02,267.0,275.0
2012-08-03,268.0,276.0
2012-08-04,269.0,277.0
2012-08-05,270.0,278.0
2012-08-06,271.0,279.0
2012-08-07,271.0,280.0
2012-08-08,272.0,280.0
2012-08-09,273.0,281.0
2012-08-10,275.0,282.0
2012-08-11,276.0,283.0
2012-08-12,278.0,284.0
2012-08-13,278.0,286.0
2012-08-14,277.0,286.0
2012-08-15,277.0,286.0
2012-08-16,278.0,287.0
2012-08-17,279.0,287.0
2012-08-18,280.0,288.0
2012-08-19,282.0,289.0
2012-08-20,283.0,291.0
2012-08-21,285.0,293.0
2012-08-22,286.0,295.0
2012-08-23,289.0,297.0
2012-08-24,289.0,297.0
2012-08-25,288.0,297.0
2012-08-26,288.0,296.0
2012-08-27,288.0,297.0
2012-08-28,288.0,297.0
2012-08-29,288.0,297.0
2012-08-30,288.0,296.0
2012-08-31,287.0,296.0
2012-09-01,287.0,296.0
2012-09-02,287.0,295.0
2012-09-03,286.0,295.0
2012-09-04,286.0,295.0
2012-09-05,285.0,294.0
2012-09-06,284.0,294.0
2012-09-07,284.0,294.0
2012-09-08,284.0,293.0
2012-09-09,283.0,292.0
2012-09-10,283.0,293.0
2012-09-11,283.0,293.0
2012-09-12,285.0,293.0
2012-09-13,287.0,294.0
2012-09-14,288.0,296.0
2012-09-15,289.0,297.0
2012-09-16,290.0,298.0
2012-09-17,291.0,299.0
2012-09-18,292.0,301.0
2012-09-19,292.0,301.0
2012-09-20,292.0,301.0
2012-09-21,292.0,301.0
2012-09-22,292.0,300.0
2012-09-23,292.0,300.0
2012-09-24,293.0,301.0
2012-09-25,294.0,302.0
2012-09-26,295.0,303.0
2012-09-27,295.0,304.0
2012-09-28,296.0,304.0
2012-09-29,296.0,305.0
2012-09-30,296.0,305.0
2012-10-01,296.0,305.0
2012-10-02,296.0,305.0
2012-10-03,295.0,305.0
2012-10-04,294.0,305.0
2012-10-05,294.0,303.0
2012-10-06,294.0,302.0
2012-10-07,293.0,301.0
2012-10-08,292.0,301.0
2012-10-09,292.0,300.0
2012-10-10,292.0,300.0
2012-10-11,292.0,301.0
2012-10-12,292.0,301.0
2012-10-13,292.0,300.0
2012-10-14,292.0,300.0
2012-10-15,292.0,300.0
2012-10-16,291.0,300.0
2012-10-17,290.0,300.0
2012-10-18,290.0,298.0
2012-10-19,289.0,297.0
2012-10-20,289.0,296.0
2012-10-21,288.0,296.0
2012-10-22,288.0,295.0
2012-10-23,287.0,295.0
2012-10-24,287.0,295.0
2012-10-25,285.0,294.0
2012-10-26,283.0,293.0
2012-10-27,282.0,290.0
2012-10-28,281.0,289.0
2012-10-29,280.0,288.0
2012-10-30,279.0,287.0
2012-10-31,278.0,286.0
2012-11-01,278.0,286.0
2012-11-02,277.0,285.0
2012-11-03,278.0,285.0
2012-11-04,278.0,285.0
2012-11-05,278.0,285.0
2012-11-06,278.0,286.0
2012-11-07,278.0,286.0
2012-11-08,278.0,286.0
2012-11-09,276.0,285.0
2012-11-10,275.0,283.0
2012-11-11,273.0,281.0
2012-11-12,272.0,280.0
2012-11-13,271.0,279.0
2012-11-14,270.0,278.0
2012-11-15,270.0,278.0
2012-11-16,270.0,277.0
2012-11-17,271.0,277.0
2012-11-18,271.0,278.0
2012-11-19,272.0,279.0
2012-11-20,272.0,280.0
2012-11-21,273.0,281.0
2012-11-22,273.0,281.0
2012-11-23,274.0,281.0
2012-11-24,275.0,281.0
2012-11-25,276.0,282.0
2012-11-26,277.0,283.0
2012-11-27,278.0,285.0
2012-11-28,279.0,286.0
2012-11-29,280.0,286.0
2012-11-30,281.0,288.0
2012-12-01,281.0,287.0
2012-12-02,281.0,287.0
2012-12-03,281.0,287.0
2012-12-04,281.0,288.0
2012-12-05,281.0,288.0
2012-12-06,282.0,288.0
2012-12-07,282.0,289.0
2012-12-08,282.0,289.0
2012-12-09,282.0,289.0
2012-12-10,282.0,289.0
2012-12-11,282.0,290.0
2012-12-12,282.0,290.0
2012-12-13,282.0,290.0
2012-12-14,281.0,289.0
2012-12-15,281.0,288.0
2012-12-16,280.0,287.0
2012-12-17,279.0,287.0
2012-12-18,279.0,286.0
2012-12-19,278.0,286.0
2012-12-20,277.0,284.0
2012-12-21,276.0,284.0
2012-12-22,276.0,284.0
2012-12-23,276.0,283.0
2012-12-24,276.0,283.0
2012-12-25,276.0,283.0
2012-12-26,276.0,283.0
2012-12-27,276.0,284.0
2012-12-28,276.0,284.0
2012-12-29,275.0,283.0
2012-12-30,276.0,283.0
2012-12-31,276.0,283.0
2013-01-01,276.0,284.0
2013-01-02,277.0,284.0
2013-01-03,278.0,284.0
2013-01-04,277.0,285.0
2013-01-05,276.0,283.0
2013-01-06,275.0,282.0
2013-01-07,275.0,282.0
2013-01-08,274.0,282.0
2013-01-09,274.0,281.0
2013-01-10,273.0,280.0
2013-01-11,273.0,279.0
2013-01-12,272.0,279.0
2013-01-13,272.0,278.0
2013-01-14,271.0,278.0
2013-01-15,270.0,277.0
2013-01-16,269.0,276.0
2013-01-17,267.0,275.0
2013-01-18,266.0,273.0
2013-01-19,264.0,271.0
2013-01-20,262.0,269.0
2013-01-21,260.0,267.0
2013-01-22,258.0,265.0
2013-01-23,256.0,263.0
2013-01-24,254.0,261.0
2013-01-25,252.0,259.0
2013-01-26,249.0,256.0
2013-01-27,247.0,253.0
2013-01-28,244.0,251.0
2013-01-29,242.0,249.0
2013-01-30,240.0,247.0
2013-01-31,237.0,245.0
2013-02-01,234.0,242.0
2013-02-02,231.0,239.0
2013-02-03,229.0,236.0
2013-02-04,227.0,234.0
2013-02-05,225.0,232.0
2013-02-06,223.0,230.0
2013-02-07,221.0,228.0
2013-02-08,218.0,225.0
2013-02-09,216.0,222.0
2013-02-10,213.0,220.0
2013-02-11,211.0,217.0
2013-02-12,208.0,214.0
2013-02-13,205.0,212.0
2013-02-14,202.0,209.0
2013-02-15,200.0,206.0
2013-02-16,198.0,203.0
2013-02-17,196.0,201.0
2013-02-18,194.0,199.0
2013-02-19,192.0,197.0
2013-02-20,190.0,196.0
2013-02-21,187.0,194.0
2013-02-22,185.0,191.0
2013-02-23,182.0,188.0
2013-02-24,180.0,185.0
2013-02-25,178.0,183.0
2013-02-26,175.0,181.0
2013-02-27,172.0,177.0
2013-02-28,169.0,174.0
2013-03-01,166.0,171.0
2013-03-02,163.0,168.0
2013-03-03,160.0,165.0
2013-03-04,158.0,162.0
2013-03-05,154.0,160.0
2013-03-06,153.0,158.0
2013-03-07,153.0,158.0
2013-03-08,156.0,160.0
2013-03-09,159.0,163.0
2013-03-10,163.0,166.0
2013-03-11,166.0,170.0
2013-03-12,169.0,173.0
2013-03-13,172.0,177.0
2013-03-14,176.0,180.0
2013-03-15,179.0,183.0
2013-03-16,181.0,185.0
2013-03-17,184.0,188.0
2013-03-18,188.0,192.0
2013-03-19,192.0,197.0
2013-03-20,196.0,201.0
2013-03-21,199.0,205.0
2013-03-22,203.0,207.0
2013-03-23,206.0,210.0
2013-03-24,209.0,214.0
2013-03-25,213.0,217.0
2013-03-26,216.0,220.0
2013-03-27,219.0,224.0
2013-03-28,222.0,227.0
2013-03-29,226.0,230.0
2013-03-30,229.0,233.0
2013-03-31,232.0,236.0
2013-04-01,236.0,240.0
2013-04-02,238.0,243.0
2013-04-03,241.0,246.0
2013-04-04,243.0,249.0
2013-04-05,244.0,249.0
2013-04-06,243.0,248.0
2013-04-07,240.0,245.0
2013-04-08,238.0,244.0
2013-04-09,238.0,243.0
2013-04-10,238.0,244.0
2013-04-11,239.0,244.0
2013-04-12,239.0,245.0
2013-04-13,240.0,245.0
2013-04-14,242.0,246.0
2013-04-15,241.0,248.0
2013-04-16,240.0,247.0
2013-04-17,236.0,245.0
2013-04-18,232.0,242.0
2013-04-19,229.0,238.0
2013-04-20,227.0,235.0
2013-04-21,225.0,233.0
2013-04-22,222.0,231.0
2013-04-23,220.0,228.0
2013-04-24,217.0,226.0
2013-04-25,216.0,225.0
2013-04-26,216.0,224.0
2013-04-27,215.0,224.0
2013-04-28,215.0,223.0
2013-04-29,215.0,224.0
2013-04-30,215.0,224.0
2013-05-01,218.0,227.0
2013-05-02,219.0,229.0
2013-05-03,221.0,231.0
2013-05-04,224.0,232.0
2013-05-05,227.0,235.0
2013-05-06,231.0,239.0
2013-05-07,234.0,243.0
2013-05-08,236.0,245.0
2013-05-09,237.0,246.0
2013-05-10,238.0,247.0
2013-05-11,238.0,247.0
2013-05-12,239.0,247.0
2013-05-13,239.0,248.0
2013-05-14,240.0,248.0
2013-05-15,241.0,248.0
2013-05-16,243.0,251.0
2013-05-17,247.0,254.0
2013-05-18,251.0,257.0
2013-05-19,255.0,261.0
2013-05-20,257.0,265.0
2013-05-21,261.0,269.0
2013-05-22,265.0,273.0
2013-05-23,268.0,276.0
2013-05-24,271.0,279.0
2013-05-25,273.0,281.0
2013-05-26,274.0,282.0
2013-05-27,276.0,283.0
2013-05-28,277.0,285.0
2013-05-29,279.0,286.0
2013-05-30,279.0,286.0
2013-05-31,279.0,286.0
2013-06-01,280.0,286.0
2013-06-02,280.0,287.0
2013-06-03,282.0,288.0
2013-06-04,283.0,289.0
2013-06-05,283.0,290.0
2013-06-06,283.0,290.0
2013-06-07,283.0,290.0
2013-06-08,283.0,290.0
2013-06-09,283.0,290.0
2013-06-10,283.0,290.0
2013-06-11,280.0,290.0
2013-06-12,276.0,287.0
2013-06-13,272.0,282.0
2013-06-14,270.0,278.0
2013-06-15,266.0,274.0
2013-06-16,262.0,270.0
2013-06-17,257.0,266.0
2013-06-18,253.0,261.0
2013-06-19,250.0,257.0
2013-06-20,246.0,253.0
2013-06-21,242.0,248.0
2013-06-22,238.0,244.0
2013-06-23,235.0,241.0
2013-06-24,229.0,238.0
2013-06-25,224.0,233.0
2013-06-26,219.0,228.0
2013-06-27,214.0,222.0
2013-06-28,209.0,217.0
2013-06-29,204.0,212.0
2013-06-30,198.0,206.0
2013-07-01,192.0,200.0
2013-07-02,186.0,194.0
2013-07-03,178.0,187.0
2013-07-04,172.0,180.0
2013-07-05,165.0,173.0
2013-07-06,158.0,166.0
2013-07-07,151.0,159.0
2013-07-08,146.0,154.0
2013-07-09,140.0,149.0
2013-07-10,134.0,143.0
2013-07-11,132.0,137.0
2013-07-12,130.0,135.0
2013-07-13,128.0,133.0
2013-07-14,128.0,133.0
2013-07-15,128.0,133.0
2013-07-16,128.0,133.0
2013-07-17,128.0,133.0
2013-07-18,130.0,135.0
2013-07-19,132.0,137.0
2013-07-20,135.0,139.0
2013-07-21,137.0,141.0
2013-07-22,138.0,143.0
2013-07-23,139.0,145.0
2013-07-24,143.0,146.0
2013-07-25,147.0,150.0
2013-07-26,150.0,154.0
2013-07-27,154.0,157.0
2013-07-28,157.0,161.0
2013-07-29,161.0,165.0
2013-07-30,164.0,169.0
2013-07-31,167.0,172.0
2013-08-01,170.0,175.0
2013-08-02,173.0,178.0
2013-08-03,176.0,181.0
2013-08-04,180.0,184.0
2013-08-05,183.0,188.0
2013-08-06,187.0,191.0
2013-08-07,189.0,193.0
2013-08-08,190.0,196.0
2013-08-09,192.0,197.0
2013-08-10,194.0,199.0
2013-08-11,196.0,201.0
2013-08-12,198.0,204.0
2013-08-13,197.0,204.0
2013-08-14,197.0,204.0
2013-08-15,197.0,204.0
2013-08-16,197.0,204.0
2013-08-17,195.0,202.0
2013-08-18,194.0,201.0
2013-08-19,192.0,199.0
2013-08-20,190.0,198.0
2013-08-21,190.0,197.0
2013-08-22,189.0,196.0
2013-08-23,187.0,194.0
2013-08-24,186.0,193.0
2013-08-25,184.0,191.0
2013-08-26,182.0,190.0
2013-08-27,181.0,188.0
2013-08-28,178.0,186.0
2013-08-29,177.0,184.0
2013-08-30,176.0,183.0
2013-08-31,175.0,181.0
2013-09-01,174.0,180.0
2013-09-02,172.0,179.0
2013-09-03,170.0,177.0
2013-09-04,169.0,176.0
2013-09-05,166.0,174.0
2013-09-06,165.0,173.0
2013-09-07,165.0,171.0
2013-09-08,164.0,171.0
2013-09-09,164.0,170.0
2013-09-10,162.0,169.0
2013-09-11,161.0,168.0
2013-09-12,162.0,167.0
2013-09-13,162.0,167.0
2013-09-14,162.0,167.0
2013-09-15,162.0,167.0
2013-09-16,161.0,167.0
2013-09-17,160.0,166.0
2013-09-18,160.0,165.0
2013-09-19,159.0,165.0
2013-09-20,159.0,165.0
2013-09-21,159.0,165.0
2013-09-22,159.0,164.0
2013-09-23,159.0,164.0
2013-09-24,160.0,165.0
2013-09-25,161.0,166.0
2013-09-26,163.0,167.0
2013-09-27,165.0,169.0
2013-09-28,167.0,171.0
2013-09-29,169.0,173.0
2013-09-30,171.0,175.0
2013-10-01,173.0,177.0
2013-10-02,175.0,179.0
2013-10-03,176.0,182.0
2013-10-04,177.0,182.0
2013-10-05,178.0,184.0
2013-10-06,178.0,183.0
2013-10-07,178.0,183.0
2013-10-08,178.0,184.0
2013-10-09,177.0,183.0
2013-10-10,177.0,183.0
2013-10-11,178.0,184.0
2013-10-12,180.0,185.0
2013-10-13,180.0,185.0
2013-10-14,180.0,185.0
2013-10-15,179.0,185.0
2013-10-16,180.0,185.0
2013-10-17,180.0,186.0
2013-10-18,180.0,186.0
2013-10-19,180.0,186.0
2013-10-20,180.0,185.0
2013-10-21,179.0,185.0
2013-10-22,179.0,184.0
2013-10-23,178.0,184.0
2013-10-24,176.0,182.0
2013-10-25,173.0,180.0
2013-10-26,170.0,177.0
2013-10-27,168.0,174.0
2013-10-28,165.0,172.0
2013-10-29,164.0,170.0
2013-10-30,162.0,169.0
2013-10-31,160.0,167.0
2013-11-01,159.0,166.0
2013-11-02,159.0,164.0
2013-11-03,160.0,164.0
2013-11-04,160.0,164.0
2013-11-05,162.0,166.0
2013-11-06,164.0,169.0
2013-11-07,166.0,170.0
2013-11-08,168.0,173.0
2013-11-09,170.0,175.0
2013-11-10,172.0,176.0
2013-11-11,173.0,177.0
2013-11-12,174.0,179.0
2013-11-13,174.0,180.0
2013-11-14,175.0,180.0
2013-11-15,175.0,180.0
2013-11-16,176.0,181.0
2013-11-17,177.0,182.0
2013-11-18,178.0,183.0
2013-11-19,179.0,184.0
2013-11-20,180.0,185.0
2013-11-21,181.0,186.0
2013-11-22,183.0,187.0
2013-11-23,184.0,189.0
2013-11-24,186.0,190.0
2013-11-25,188.0,192.0
2013-11-26,190.0,194.0
2013-11-27,192.0,196.0
2013-11-28,192.0,197.0
2013-11-29,194.0,198.0
2013-11-30,194.0,199.0
2013-12-01,195.0,199.0
2013-12-02,195.0,200.0
2013-12-03,195.0,200.0
2013-12-04,194.0,200.0
2013-12-05,193.0,199.0
2013-12-06,192.0,197.0
2013-12-07,191.0,196.0
2013-12-08,189.0,194.0
2013-12-09,187.0,193.0
2013-12-10,185.0,191.0
2013-12-11,182.0,188.0
2013-12-12,180.0,186.0
2013-12-13,178.0,184.0
2013-12-14,175.0,181.0
2013-12-15,172.0,178.0
2013-12-16,170.0,176.0
2013-12-17,167.0,173.0
2013-12-18,164.0,170.0
2013-12-19,163.0,169.0
2013-12-20,162.0,168.0
2013-12-21,161.0,166.0
2013-12-22,160.0,165.0
2013-12-23,160.0,165.0
2013-12-24,160.0,166.0
2013-12-25,160.0,165.0
2013-12-26,160.0,166.0
2013-12-27,160.0,166.0
2013-12-28,161.0,166.0
2013-12-29,161.0,167.0
2013-12-30,162.0,168.0
2013-12-31,164.0,170.0
2014-01-01,166.0,171.0
2014-01-02,169.0,174.0
2014-01-03,172.0,177.0
2014-01-04,174.0,178.0
2014-01-05,175.0,180.0
2014-01-06,178.0,182.0
2014-01-07,180.0,184.0
2014-01-08,182.0,187.0
2014-01-09,184.0,189.0
2014-01-10,187.0,192.0
2014-01-11,190.0,195.0
2014-01-12,194.0,197.0
2014-01-13,197.0,201.0
2014-01-14,201.0,205.0
2014-01-15,204.0,208.0
2014-01-16,206.0,211.0
2014-01-17,209.0,214.0
2014-01-18,210.0,215.0
2014-01-19,211.0,216.0
2014-01-20,212.0,217.0
2014-01-21,213.0,217.0
2014-01-22,212.0,217.0
2014-01-23,212.0,217.0
2014-01-24,210.0,217.0
2014-01-25,207.0,214.0
2014-01-26,205.0,211.0
2014-01-27,202.0,209.0
2014-01-28,200.0,207.0
2014-01-29,196.0,203.0
2014-01-30,192.0,199.0
2014-01-31,188.0,195.0
2014-02-01,183.0,190.0
2014-02-02,179.0,186.0
2014-02-03,175.0,182.0
2014-02-04,172.0,179.0
2014-02-05,168.0,175.0
2014-02-06,165.0,172.0
2014-02-07,163.0,170.0
2014-02-08,162.0,168.0
2014-02-09,160.0,166.0
2014-02-10,158.0,164.0
2014-02-11,155.0,162.0
2014-02-12,152.0,159.0
2014-02-13,151.0,158.0
2014-02-14,150.0,157.0
2014-02-15,150.0,156.0
2014-02-16,150.0,155.0
2014-02-17,149.0,155.0
2014-02-18,150.0,156.0
2014-02-19,152.0,158.0
2014-02-20,154.0,160.0
2014-02-21,155.0,162.0
2014-02-22,157.0,164.0
2014-02-23,161.0,165.0
2014-02-24,165.0,169.0
2014-02-25,169.0,173.0
2014-02-26,173.0,177.0
2014-02-27,177.0,181.0
2014-02-28,181.0,185.0
2014-03-01,186.0,190.0
2014-03-02,190.0,194.0
2014-03-03,195.0,199.0
2014-03-04,200.0,204.0
2014-03-05,204.0,209.0
2014-03-06,207.0,212.0
2014-03-07,209.0,215.0
2014-03-08,212.0,218.0
2014-03-09,214.0,219.0
2014-03-10,216.0,221.0
2014-03-11,217.0,223.0
2014-03-12,219.0,225.0
2014-03-13,222.0,227.0
2014-03-14,224.0,229.0
2014-03-15,225.0,230.0
2014-03-16,226.0,231.0
2014-03-17,227.0,232.0
2014-03-18,228.0,233.0
2014-03-19,228.0,235.0
2014-03-20,228.0,234.0
2014-03-21,225.0,232.0
2014-03-22,223.0,229.0
2014-03-23,221.0,227.0
2014-03-24,219.0,225.0
2014-03-25,218.0,224.0
2014-03-26,216.0,223.0
2014-03-27,215.0,222.0
2014-03-28,213.0,220.0
2014-03-29,211.0,218.0
2014-03-30,209.0,216.0
2014-03-31,207.0,214.0
2014-04-01,206.0,212.0
2014-04-02,204.0,210.0
2014-04-03,202.0,209.0
2014-04-04,202.0,208.0
2014-04-05,202.0,208.0
2014-04-06,203.0,208.0
2014-04-07,204.0,210.0
2014-04-08,205.0,211.0
2014-04-09,206.0,212.0
2014-04-10,207.0,213.0
2014-04-11,207.0,214.0
2014-04-12,208.0,214.0
2014-04-13,208.0,214.0
2014-04-14,210.0,216.0
2014-04-15,211.0,218.0
2014-04-16,214.0,220.0
2014-04-17,217.0,223.0
2014-04-18,221.0,226.0
2014-04-19,225.0,230.0
2014-04-20,229.0,234.0
2014-04-21,233.0,239.0
2014-04-22,237.0,243.0
2014-04-23,240.0,247.0
2014-04-24,243.0,249.0
2014-04-25,246.0,252.0
2014-04-26,248.0,254.0
2014-04-27,251.0,257.0
2014-04-28,254.0,260.0
2014-04-29,257.0,264.0
2014-04-30,259.0,268.0
2014-05-01,261.0,270.0
2014-05-02,264.0,273.0
2014-05-03,266.0,276.0
2014-05-04,267.0,276.0
2014-05-05,269.0,278.0
2014-05-06,270.0,280.0
2014-05-07,271.0,281.0
2014-05-08,271.0,282.0
2014-05-09,272.0,283.0
2014-05-10,274.0,284.0
2014-05-11,276.0,285.0
2014-05-12,277.0,287.0
2014-05-13,279.0,290.0
2014-05-14,280.0,291.0
2014-05-15,280.0,291.0
2014-05-16,279.0,291.0
2014-05-17,278.0,289.0
2014-05-18,277.0,288.0
2014-05-19,275.0,286.0
2014-05-20,274.0,285.0
2014-05-21,273.0,284.0
2014-05-22,274.0,283.0
2014-05-23,274.0,284.0
2014-05-24,275.0,284.0
2014-05-25,275.0,284.0
2014-05-26,276.0,285.0
2014-05-27,276.0,286.0
2014-05-28,276.0,287.0
2014-05-29,277.0,287.0
2014-05-30,279.0,287.0
2014-05-31,280.0,288.0
2014-06-01,282.0,289.0
2014-06-02,283.0,291.0
2014-06-03,283.0,292.0
2014-06-04,283.0,292.0
2014-06-05,284.0,292.0
2014-06-06,283.0,292.0
2014-06-07,283.0,291.0
2014-06-08,283.0,290.0
2014-06-09,282.0,290.0
2014-06-10,282.0,289.0
2014-06-11,282.0,289.0
2014-06-12,281.0,288.0
2014-06-13,281.0,288.0
2014-06-14,281.0,288.0
2014-06-15,282.0,288.0
2014-06-16,282.0,288.0
2014-06-17,282.0,289.0
2014-06-18,281.0,289.0
2014-06-19,282.0,290.0
2014-06-20,282.0,290.0
2014-06-21,281.0,289.0
2014-06-22,280.0,288.0
2014-06-23,280.0,288.0
2014-06-24,278.0,287.0
2014-06-25,277.0,286.0
2014-06-26,277.0,285.0
2014-06-27,277.0,284.0
2014-06-28,276.0,283.0
2014-06-29,276.0,283.0
2014-06-30,276.0,283.0
2014-07-01,275.0,282.0
2014-07-02,274.0,282.0
2014-07-03,274.0,282.0
2014-07-04,273.0,281.0
2014-07-05,272.0,280.0
2014-07-06,271.0,278.0
2014-07-07,271.0,278.0
2014-07-08,270.0,278.0
2014-07-09,271.0,278.0
2014-07-10,271.0,279.0
2014-07-11,271.0,279.0
2014-07-12,271.0,278.0
2014-07-13,271.0,278.0
2014-07-14,272.0,278.0
2014-07-15,272.0,279.0
2014-07-16,271.0,279.0
2014-07-17,271.0,279.0
2014-07-18,271.0,278.0
2014-07-19,271.0,278.0
2014-07-20,271.0,277.0
2014-07-21,272.0,278.0
2014-07-22,272.0,279.0
2014-07-23,273.0,280.0
2014-07-24,275.0,281.0
2014-07-25,276.0,283.0
2014-07-26,277.0,284.0
2014-07-27,278.0,284.0
2014-07-28,278.0,284.0
2014-07-29,278.0,285.0
2014-07-30,276.0,285.0
2014-07-31,275.0,283.0
2014-08-01,274.0,282.0
2014-08-02,276.0,283.0
2014-08-03,277.0,284.0
2014-08-04,278.0,285.0
2014-08-05,279.0,287.0
2014-08-06,280.0,289.0
2014-08-07,281.0,290.0
2014-08-08,282.0,290.0
2014-08-09,282.0,290.0
2014-08-10,283.0,290.0
2014-08-11,284.0,291.0
2014-08-12,284.0,293.0
2014-08-13,285.0,293.0
2014-08-14,286.0,295.0
2014-08-15,288.0,296.0
2014-08-16,290.0,298.0
2014-08-17,292.0,299.0
2014-08-18,293.0,300.0
2014-08-19,293.0,301.0
2014-08-20,293.0,302.0
2014-08-21,292.0,301.0
2014-08-22,290.0,300.0
2014-08-23,288.0,298.0
2014-08-24,286.0,296.0
2014-08-25,285.0,294.0
2014-08-26,283.0,293.0
2014-08-27,282.0,292.0
2014-08-28,281.0,291.0
2014-08-29,282.0,290.0
2014-08-30,283.0,291.0
2014-08-31,283.0,291.0
2014-09-01,283.0,290.0
2014-09-02,282.0,290.0
2014-09-03,279.0,289.0
2014-09-04,277.0,286.0
2014-09-05,275.0,284.0
2014-09-06,275.0,284.0
2014-09-07,275.0,284.0
2014-09-08,275.0,284.0
2014-09-09,275.0,284.0
2014-09-10,275.0,284.0
2014-09-11,275.0,284.0
2014-09-12,275.0,284.0
2014-09-13,274.0,283.0
2014-09-14,274.0,283.0
2014-09-15,274.0,283.0
2014-09-16,273.0,282.0
2014-09-17,271.0,281.0
2014-09-18,270.0,280.0
2014-09-19,269.0,278.0
2014-09-20,269.0,277.0
2014-09-21,269.0,277.0
2014-09-22,270.0,278.0
2014-09-23,270.0,278.0
2014-09-24,270.0,278.0
2014-09-25,270.0,278.0
2014-09-26,270.0,278.0
2014-09-27,269.0,277.0
2014-09-28,268.0,276.0
2014-09-29,267.0,275.0
2014-09-30,267.0,275.0
2014-10-01,265.0,276.0
2014-10-02,264.0,275.0
2014-10-03,264.0,273.0
2014-10-04,264.0,273.0
2014-10-05,264.0,273.0
2014-10-06,262.0,271.0
2014-10-07,260.0,270.0
2014-10-08,259.0,268.0
2014-10-09,257.0,266.0
2014-10-10,255.0,264.0
2014-10-11,254.0,262.0
2014-10-12,252.0,260.0
2014-10-13,250.0,258.0
2014-10-14,248.0,257.0
2014-10-15,245.0,255.0
2014-10-16,243.0,252.0
2014-10-17,241.0,250.0
2014-10-18,240.0,248.0
2014-10-19,238.0,246.0
2014-10-20,237.0,245.0
2014-10-21,235.0,243.0
2014-10-22,232.0,241.0
2014-10-23,230.0,239.0
2014-10-24,227.0,236.0
2014-10-25,224.0,233.0
2014-10-26,222.0,230.0
2014-10-27,219.0,228.0
2014-10-28,217.0,225.0
2014-10-29,214.0,223.0
2014-10-30,210.0,219.0
2014-10-31,207.0,214.0
2014-11-01,204.0,210.0
2014-11-02,201.0,207.0
2014-11-03,198.0,205.0
2014-11-04,195.0,202.0
2014-11-05,192.0,198.0
2014-11-06,188.0,195.0
2014-11-07,185.0,191.0
2014-11-08,181.0,187.0
2014-11-09,177.0,183.0
2014-11-10,173.0,179.0
2014-11-11,169.0,175.0
2014-11-12,165.0,171.0
2014-11-13,160.0,167.0
2014-11-14,156.0,162.0
2014-11-15,153.0,158.0
2014-11-16,150.0,155.0
2014-11-17,147.0,152.0
2014-11-18,143.0,148.0
2014-11-19,140.0,145.0
2014-11-20,137.0,142.0
2014-11-21,135.0,139.0
2014-11-22,132.0,136.0
2014-11-23,129.0,133.0
2014-11-24,126.0,131.0
2014-11-25,124.0,128.0
2014-11-26,121.0,126.0
2014-11-27,118.0,123.0
2014-11-28,116.0,120.0
2014-11-29,114.0,118.0
2014-11-30,112.0,116.0
2014-12-01,110.0,114.0
2014-12-02,108.0,112.0
2014-12-03,106.0,110.0
2014-12-04,104.0,108.0
2014-12-05,103.0,106.0
2014-12-06,101.0,104.0
2014-12-07,99.0,102.0
2014-12-08,97.0,101.0
2014-12-09,95.0,99.0
2014-12-10,93.0,97.0
2014-12-11,91.0,95.0
2014-12-12,90.0,93.0
2014-12-13,89.0,92.0
2014-12-14,87.0,90.0
2014-12-15,87.0,90.0
2014-12-16,87.0,91.0
2014-12-17,87.0,91.0
2014-12-18,87.0,93.0
2014-12-19,88.0,94.0
2014-12-20,88.0,94.0
2014-12-21,89.0,94.0
2014-12-22,90.0,96.0
2014-12-23,91.0,97.0
2014-12-24,91.0,98.0
2014-12-25,92.0,98.0
2014-12-26,93.0,99.0
2014-12-27,93.0,100.0
2014-12-28,94.0,101.0
2014-12-29,95.0,102.0
2014-12-30,96.0,103.0
2014-12-31,97.0,105.0
2015-01-01,99.0,106.0
2015-01-02,100.0,107.0
2015-01-03,101.0,108.0
2015-01-04,102.0,109.0
2015-01-05,103.0,111.0
2015-01-06,104.0,112.0
2015-01-07,105.0,114.0
2015-01-08,106.0,115.0
2015-01-09,108.0,117.0
2015-01-10,110.0,119.0
2015-01-11,111.0,120.0
2015-01-12,113.0,123.0
2015-01-13,115.0,125.0
2015-01-14,115.0,126.0
2015-01-15,116.0,127.0
2015-01-16,115.0,127.0
2015-01-17,115.0,125.0
2015-01-18,114.0,124.0
2015-01-19,113.0,123.0
2015-01-20,113.0,123.0
2015-01-21,113.0,123.0
2015-01-22,113.0,123.0
2015-01-23,112.0,123.0
2015-01-24,112.0,123.0
2015-01-25,112.0,122.0
2015-01-26,112.0,123.0
2015-01-27,112.0,124.0
2015-01-28,111.0,124.0
2015-01-29,112.0,124.0
2015-01-30,112.0,125.0
2015-01-31,112.0,125.0
2015-02-01,112.0,124.0
2015-02-02,113.0,125.0
2015-02-03,113.0,126.0
2015-02-04,113.0,127.0
2015-02-05,113.0,127.0
2015-02-06,114.0,128.0
2015-02-07,114.0,127.0
2015-02-08,114.0,127.0
2015-02-09,114.0,127.0
2015-02-10,115.0,128.0
2015-02-11,115.0,129.0
2015-02-12,116.0,130.0
2015-02-13,116.0,130.0
2015-02-14,116.0,130.0
2015-02-15,117.0,129.0
2015-02-16,118.0,130.0
2015-02-17,118.0,131.0
2015-02-18,120.0,133.0
2015-02-19,121.0,134.0
2015-02-20,121.0,135.0
2015-02-21,121.0,135.0
2015-02-22,122.0,135.0
2015-02-23,123.0,135.0
2015-02-24,124.0,136.0
2015-02-25,124.0,137.0
2015-02-26,126.0,138.0
2015-02-27,126.0,139.0
2015-02-28,126.0,138.0
2015-03-01,127.0,138.0
2015-03-02,128.0,139.0
2015-03-03,130.0,142.0
2015-03-04,132.0,144.0
2015-03-05,134.0,146.0
2015-03-06,136.0,148.0
2015-03-07,138.0,150.0
2015-03-08,141.0,151.0
2015-03-09,144.0,155.0
2015-03-10,147.0,159.0
2015-03-11,149.0,161.0
2015-03-12,152.0,164.0
2015-03-13,154.0,165.0
2015-03-14,157.0,167.0
2015-03-15,159.0,169.0
2015-03-16,162.0,172.0
2015-03-17,165.0,175.0
2015-03-18,167.0,178.0
2015-03-19,170.0,181.0
2015-03-20,173.0,183.0
2015-03-21,175.0,184.0
2015-03-22,177.0,186.0
2015-03-23,180.0,189.0
2015-03-24,183.0,193.0
2015-03-25,186.0,197.0
2015-03-26,188.0,200.0
2015-03-27,190.0,203.0
2015-03-28,192.0,204.0
2015-03-29,194.0,205.0
2015-03-30,197.0,208.0
2015-03-31,200.0,212.0
2015-04-01,202.0,213.0
2015-04-02,202.0,215.0
2015-04-03,203.0,215.0
2015-04-04,203.0,215.0
2015-04-05,204.0,215.0
2015-04-06,205.0,217.0
2015-04-07,206.0,219.0
2015-04-08,207.0,219.0
2015-04-09,207.0,219.0
2015-04-10,208.0,220.0
2015-04-11,209.0,220.0
2015-04-12,211.0,221.0
2015-04-13,212.0,224.0
2015-04-14,213.0,226.0
2015-04-15,215.0,227.0
2015-04-16,216.0,229.0
2015-04-17,217.0,230.0
2015-04-18,217.0,230.0
2015-04-19,218.0,230.0
2015-04-20,219.0,232.0
2015-04-21,220.0,234.0
2015-04-22,220.0,235.0
2015-04-23,222.0,235.0
2015-04-24,221.0,236.0
2015-04-25,221.0,235.0
2015-04-26,222.0,234.0
2015-04-27,222.0,235.0
2015-04-28,222.0,236.0
2015-04-29,221.0,236.0
2015-04-30,223.0,237.0
2015-05-01,224.0,238.0
2015-05-02,225.0,238.0
2015-05-03,226.0,239.0
2015-05-04,227.0,241.0
2015-05-05,228.0,243.0
2015-05-06,230.0,244.0
2015-05-07,231.0,246.0
2015-05-08,233.0,248.0
2015-05-09,234.0,248.0
2015-05-10,235.0,249.0
2015-05-11,236.0,250.0
2015-05-12,237.0,252.0
2015-05-13,239.0,254.0
2015-05-14,240.0,255.0
2015-05-15,242.0,257.0
2015-05-16,243.0,258.0
2015-05-17,246.0,259.0
2015-05-18,248.0,262.0
2015-05-19,251.0,265.0
2015-05-20,252.0,267.0
2015-05-21,254.0,268.0
2015-05-22,256.0,270.0
2015-05-23,258.0,271.0
2015-05-24,261.0,272.0
2015-05-25,264.0,275.0
2015-05-26,267.0,279.0
2015-05-27,269.0,281.0
2015-05-28,271.0,283.0
2015-05-29,273.0,284.0
2015-05-30,273.0,284.0
2015-05-31,274.0,284.0
2015-06-01,274.0,284.0
2015-06-02,274.0,285.0
2015-06-03,275.0,285.0
2015-06-04,275.0,284.0
2015-06-05,274.0,284.0
2015-06-06,272.0,282.0
2015-06-07,272.0,280.0
2015-06-08,271.0,280.0
2015-06-09,270.0,279.0
2015-06-10,268.0,277.0
2015-06-11,266.0,275.0
2015-06-12,263.0,272.0
2015-06-13,260.0,269.0
2015-06-14,257.0,266.0
2015-06-15,255.0,263.0
2015-06-16,252.0,260.0
2015-06-17,249.0,257.0
2015-06-18,246.0,254.0
2015-06-19,245.0,253.0
2015-06-20,245.0,252.0
2015-06-21,244.0,251.0
2015-06-22,243.0,250.0
2015-06-23,242.0,250.0
2015-06-24,241.0,249.0
2015-06-25,240.0,248.0
2015-06-26,239.0,247.0
2015-06-27,238.0,245.0
2015-06-28,237.0,244.0
2015-06-29,236.0,243.0
2015-06-30,235.0,243.0
2015-07-01,234.0,242.0
2015-07-02,233.0,240.0
2015-07-03,231.0,239.0
2015-07-04,230.0,238.0
2015-07-05,230.0,236.0
2015-07-06,229.0,236.0
2015-07-07,229.0,236.0
2015-07-08,229.0,236.0
2015-07-09,230.0,235.0
2015-07-10,229.0,235.0
2015-07-11,228.0,234.0
2015-07-12,229.0,235.0
2015-07-13,231.0,236.0
2015-07-14,232.0,237.0
2015-07-15,233.0,239.0
2015-07-16,234.0,240.0
2015-07-17,236.0,242.0
2015-07-18,238.0,244.0
2015-07-19,238.0,244.0
2015-07-20,238.0,244.0
2015-07-21,238.0,245.0
2015-07-22,238.0,245.0
2015-07-23,239.0,245.0
2015-07-24,238.0,246.0
2015-07-25,238.0,245.0
2015-07-26,239.0,245.0
2015-07-27,239.0,246.0
2015-07-28,240.0,247.0
2015-07-29,241.0,248.0
2015-07-30,243.0,249.0
2015-07-31,244.0,251.0
2015-08-01,246.0,252.0
2015-08-02,247.0,254.0
2015-08-03,249.0,256.0
2015-08-04,250.0,257.0
2015-08-05,251.0,259.0
2015-08-06,252.0,260.0
2015-08-07,253.0,261.0
2015-08-08,254.0,261.0
2015-08-09,255.0,262.0
2015-08-10,257.0,264.0
2015-08-11,257.0,264.0
2015-08-12,257.0,264.0
2015-08-13,256.0,263.0
2015-08-14,257.0,264.0
2015-08-15,257.0,264.0
2015-08-16,256.0,262.0
2015-08-17,255.0,262.0
2015-08-18,255.0,261.0
2015-08-19,254.0,260.0
2015-08-20,253.0,259.0
2015-08-21,252.0,259.0
2015-08-22,250.0,257.0
2015-08-23,249.0,255.0
2015-08-24,248.0,254.0
2015-08-25,248.0,254.0
2015-08-26,247.0,253.0
2015-08-27,247.0,252.0
2015-08-28,248.0,254.0
2015-08-29,249.0,255.0
2015-08-30,250.0,255.0
2015-08-31,251.0,257.0
2015-09-01,251.0,258.0
2015-09-02,252.0,258.0
2015-09-03,253.0,259.0
2015-09-04,253.0,260.0
2015-09-05,253.0,260.0
2015-09-06,254.0,260.0
2015-09-07,254.0,261.0
2015-09-08,255.0,261.0
2015-09-09,256.0,262.0
2015-09-10,257.0,263.0
2015-09-11,258.0,265.0
2015-09-12,259.0,266.0
2015-09-13,260.0,266.0
2015-09-14,261.0,268.0
2015-09-15,262.0,269.0
2015-09-16,262.0,269.0
2015-09-17,262.0,270.0
2015-09-18,262.0,270.0
2015-09-19,261.0,269.0
2015-09-20,261.0,268.0
2015-09-21,261.0,268.0
2015-09-22,262.0,269.0
2015-09-23,264.0,271.0
2015-09-24,266.0,273.0
2015-09-25,268.0,275.0
2015-09-26,269.0,276.0
2015-09-27,268.0,275.0
2015-09-28,268.0,275.0
2015-09-29,268.0,276.0
2015-09-30,268.0,276.0
2015-10-01,269.0,275.0
2015-10-02,268.0,276.0
2015-10-03,267.0,275.0
2015-10-04,267.0,274.0
2015-10-05,268.0,274.0
2015-10-06,267.0,274.0
2015-10-07,267.0,274.0
2015-10-08,266.0,274.0
2015-10-09,266.0,273.0
2015-10-10,265.0,272.0
2015-10-11,265.0,272.0
2015-10-12,264.0,271.0
2015-10-13,264.0,271.0
2015-10-14,263.0,270.0
2015-10-15,263.0,270.0
2015-10-16,263.0,271.0
2015-10-17,264.0,271.0
2015-10-18,265.0,271.0
2015-10-19,266.0,272.0
2015-10-20,266.0,274.0
2015-10-21,266.0,274.0
2015-10-22,266.0,274.0
2015-10-23,264.0,272.0
2015-10-24,261.0,270.0
2015-10-25,260.0,268.0
2015-10-26,259.0,266.0
2015-10-27,258.0,265.0
2015-10-28,257.0,265.0
2015-10-29,257.0,265.0
2015-10-30,256.0,265.0
2015-10-31,254.0,264.0
2015-11-01,254.0,262.0
2015-11-02,254.0,262.0
2015-11-03,254.0,262.0
2015-11-04,254.0,262.0
2015-11-05,255.0,262.0
2015-11-06,256.0,264.0
2015-11-07,257.0,264.0
2015-11-08,257.0,265.0
2015-11-09,258.0,266.0
2015-11-10,259.0,267.0
2015-11-11,259.0,268.0
2015-11-12,260.0,268.0
2015-11-13,260.0,269.0
2015-11-14,260.0,269.0
2015-11-15,260.0,268.0
2015-11-16,260.0,268.0
2015-11-17,260.0,269.0
2015-11-18,260.0,269.0
2015-11-19,261.0,269.0
2015-11-20,262.0,270.0
2015-11-21,263.0,271.0
2015-11-22,264.0,272.0
2015-11-23,264.0,272.0
2015-11-24,265.0,273.0
2015-11-25,265.0,273.0
2015-11-26,265.0,274.0
2015-11-27,263.0,272.0
2015-11-28,260.0,269.0
2015-11-29,258.0,266.0
2015-11-30,256.0,264.0
2015-12-01,254.0,263.0
2015-12-02,253.0,262.0
2015-12-03,251.0,260.0
2015-12-04,250.0,258.0
2015-12-05,248.0,256.0
2015-12-06,246.0,253.0
2015-12-07,244.0,252.0
2015-12-08,244.0,251.0
2015-12-09,242.0,250.0
2015-12-10,241.0,249.0
2015-12-11,239.0,248.0
2015-12-12,237.0,245.0
2015-12-13,236.0,243.0
2015-12-14,234.0,242.0
2015-12-15,232.0,240.0
2015-12-16,229.0,237.0
2015-12-17,227.0,234.0
2015-12-18,225.0,232.0
2015-12-19,223.0,230.0
2015-12-20,221.0,228.0
2015-12-21,220.0,226.0
2015-12-22,219.0,226.0
2015-12-23,221.0,227.0
2015-12-24,223.0,229.0
2015-12-25,225.0,231.0
2015-12-26,227.0,233.0
2015-12-27,231.0,235.0
2015-12-28,234.0,239.0
2015-12-29,238.0,243.0
2015-12-30,241.0,247.0
2015-12-31,245.0,250.0
2016-01-01,248.0,253.0
2016-01-02,251.0,256.0
2016-01-03,254.0,259.0
2016-01-04,257.0,262.0
2016-01-05,260.0,266.0
2016-01-06,263.0,269.0
2016-01-07,265.0,270.0
2016-01-08,266.0,272.0
2016-01-09,267.0,273.0
2016-01-10,269.0,274.0
2016-01-11,272.0,277.0
2016-01-12,274.0,279.0
2016-01-13,276.0,282.0
2016-01-14,279.0,284.0
2016-01-15,282.0,287.0
2016-01-16,284.0,289.0
2016-01-17,287.0,292.0
2016-01-18,289.0,294.0
2016-01-19,291.0,297.0
2016-01-20,292.0,299.0
2016-01-21,292.0,299.0
2016-01-22,290.0,297.0
2016-01-23,289.0,295.0
2016-01-24,287.0,294.0
2016-01-25,286.0,293.0
2016-01-26,285.0,292.0
2016-01-27,284.0,290.0
2016-01-28,283.0,289.0
2016-01-29,281.0,288.0
2016-01-30,279.0,286.0
2016-01-31,277.0,284.0
2016-02-01,276.0,283.0
2016-02-02,273.0,281.0
2016-02-03,271.0,279.0
2016-02-04,268.0,277.0
2016-02-05,266.0,274.0
2016-02-06,264.0,272.0
2016-02-07,262.0,269.0
2016-02-08,260.0,268.0
2016-02-09,259.0,267.0
2016-02-10,258.0,265.0
2016-02-11,256.0,264.0
2016-02-12,254.0,262.0
2016-02-13,252.0,260.0
2016-02-14,250.0,258.0
2016-02-15,248.0,256.0
2016-02-16,246.0,254.0
2016-02-17,244.0,252.0
2016-02-18,243.0,250.0
2016-02-19,241.0,249.0
2016-02-20,240.0,247.0
2016-02-21,238.0,245.0
2016-02-22,237.0,244.0
2016-02-23,236.0,243.0
2016-02-24,234.0,241.0
2016-02-25,232.0,239.0
2016-02-26,229.0,237.0
2016-02-27,227.0,235.0
2016-02-28,225.0,232.0
2016-02-29,223.0,230.0
2016-03-01,222.0,229.0
2016-03-02,220.0,228.0
2016-03-03,220.0,226.0
2016-03-04,219.0,226.0
2016-03-05,218.0,225.0
2016-03-06,218.0,224.0
2016-03-07,218.0,224.0
2016-03-08,217.0,224.0
2016-03-09,216.0,223.0
2016-03-10,215.0,222.0
2016-03-11,213.0,220.0
2016-03-12,211.0,218.0
2016-03-13,210.0,216.0
2016-03-14,208.0,214.0
2016-03-15,207.0,213.0
2016-03-16,205.0,212.0
2016-03-17,203.0,210.0
2016-03-18,201.0,208.0
2016-03-19,198.0,205.0
2016-03-20,196.0,202.0
2016-03-21,194.0,200.0
2016-03-22,192.0,198.0
2016-03-23,190.0,196.0
2016-03-24,188.0,194.0
2016-03-25,185.0,191.0
2016-03-26,183.0,189.0
2016-03-27,181.0,186.0
2016-03-28,179.0,184.0
2016-03-29,177.0,183.0
2016-03-30,174.0,180.0
2016-03-31,172.0,177.0
2016-04-01,169.0,175.0
2016-04-02,165.0,171.0
2016-04-03,161.0,167.0
2016-04-04,157.0,163.0
2016-04-05,153.0,160.0
2016-04-06,150.0,156.0
2016-04-07,146.0,152.0
2016-04-08,143.0,149.0
2016-04-09,140.0,146.0
2016-04-10,138.0,143.0
2016-04-11,136.0,141.0
2016-04-12,133.0,139.0
2016-04-13,131.0,136.0
2016-04-14,129.0,134.0
2016-04-15,128.0,133.0
2016-04-16,126.0,131.0
2016-04-17,126.0,130.0
2016-04-18,126.0,130.0
2016-04-19,127.0,132.0
2016-04-20,129.0,134.0
2016-04-21,131.0,136.0
2016-04-22,133.0,138.0
2016-04-23,135.0,140.0
2016-04-24,137.0,142.0
2016-04-25,139.0,144.0
2016-04-26,140.0,146.0
2016-04-27,142.0,148.0
2016-04-28,145.0,150.0
2016-04-29,146.0,152.0
2016-04-30,148.0,154.0
2016-05-01,151.0,155.0
2016-05-02,153.0,158.0
2016-05-03,156.0,161.0
2016-05-04,160.0,165.0
2016-05-05,163.0,168.0
2016-05-06,167.0,172.0
2016-05-07,171.0,176.0
2016-05-08,174.0,180.0
2016-05-09,179.0,184.0
2016-05-10,183.0,189.0
2016-05-11,188.0,194.0
2016-05-12,194.0,199.0
2016-05-13,198.0,205.0
2016-05-14,203.0,209.0
2016-05-15,208.0,214.0
2016-05-16,212.0,218.0
2016-05-17,216.0,222.0
2016-05-18,220.0,226.0
2016-05-19,221.0,228.0
2016-05-20,223.0,230.0
2016-05-21,225.0,232.0
2016-05-22,227.0,233.0
2016-05-23,229.0,235.0
2016-05-24,230.0,237.0
2016-05-25,232.0,239.0
2016-05-26,233.0,240.0
2016-05-27,235.0,242.0
2016-05-28,236.0,244.0
2016-05-29,238.0,245.0
2016-05-30,240.0,247.0
2016-05-31,243.0,250.0
2016-06-01,245.0,252.0
2016-06-02,246.0,254.0
2016-06-03,248.0,255.0
2016-06-04,249.0,256.0
2016-06-05,251.0,257.0
2016-06-06,252.0,258.0
2016-06-07,252.0,259.0
2016-06-08,252.0,260.0
2016-06-09,251.0,259.0
2016-06-10,249.0,257.0
2016-06-11,247.0,255.0
2016-06-12,246.0,253.0
2016-06-13,244.0,251.0
2016-06-14,243.0,250.0
2016-06-15,241.0,249.0
2016-06-16,240.0,248.0
2016-06-17,240.0,247.0
2016-06-18,239.0,246.0
2016-06-19,238.0,244.0
2016-06-20,238.0,244.0
2016-06-21,237.0,244.0
2016-06-22,237.0,244.0
2016-06-23,237.0,244.0
2016-06-24,237.0,244.0
2016-06-25,237.0,244.0
2016-06-26,237.0,244.0
2016-06-27,238.0,244.0
2016-06-28,238.0,245.0
2016-06-29,238.0,245.0
2016-06-30,237.0,245.0
2016-07-01,237.0,245.0
2016-07-02,237.0,245.0
2016-07-03,237.0,244.0
2016-07-04,236.0,244.0
2016-07-05,235.0,243.0
2016-07-06,235.0,242.0
2016-07-07,235.0,242.0
2016-07-08,235.0,243.0
2016-07-09,236.0,242.0
2016-07-10,236.0,243.0
2016-07-11,237.0,243.0
2016-07-12,238.0,244.0
2016-07-13,238.0,245.0
2016-07-14,239.0,246.0
2016-07-15,239.0,246.0
2016-07-16,240.0,246.0
2016-07-17,240.0,246.0
2016-07-18,240.0,247.0
2016-07-19,240.0,248.0
2016-07-20,241.0,248.0
2016-07-21,240.0,248.0
2016-07-22,238.0,246.0
2016-07-23,238.0,245.0
2016-07-24,237.0,243.0
2016-07-25,236.0,242.0
2016-07-26,234.0,242.0
2016-07-27,233.0,240.0
2016-07-28,232.0,239.0
2016-07-29,231.0,238.0
2016-07-30,230.0,237.0
2016-07-31,230.0,235.0
2016-08-01,229.0,235.0
2016-08-02,228.0,235.0
2016-08-03,227.0,234.0
2016-08-04,226.0,234.0
2016-08-05,225.0,232.0
2016-08-06,223.0,230.0
2016-08-07,222.0,228.0
2016-08-08,220.0,227.0
2016-08-09,217.0,226.0
2016-08-10,213.0,222.0
2016-08-11,209.0,218.0
2016-08-12,206.0,214.0
2016-08-13,202.0,210.0
2016-08-14,198.0,206.0
2016-08-15,193.0,202.0
2016-08-16,187.0,197.0
2016-08-17,182.0,191.0
2016-08-18,177.0,185.0
2016-08-19,170.0,180.0
2016-08-20,165.0,173.0
2016-08-21,159.0,167.0
2016-08-22,153.0,162.0
2016-08-23,148.0,156.0
2016-08-24,142.0,150.0
2016-08-25,136.0,144.0
2016-08-26,130.0,138.0
2016-08-27,125.0,132.0
2016-08-28,119.0,126.0
2016-08-29,113.0,120.0
2016-08-30,108.0,115.0
2016-08-31,102.0,109.0
2016-09-01,97.0,103.0
2016-09-02,92.0,98.0
2016-09-03,88.0,93.0
2016-09-04,84.0,89.0
2016-09-05,79.0,85.0
2016-09-06,75.0,80.0
2016-09-07,72.0,77.0
2016-09-08,71.0,75.0
2016-09-09,71.0,74.0
2016-09-10,71.0,74.0
2016-09-11,71.0,74.0
2016-09-12,72.0,75.0
2016-09-13,72.0,75.0
2016-09-14,74.0,76.0
2016-09-15,75.0,78.0
2016-09-16,77.0,80.0
2016-09-17,78.0,81.0
2016-09-18,81.0,83.0
2016-09-19,84.0,86.0
2016-09-20,88.0,90.0
2016-09-21,92.0,94.0
2016-09-22,96.0,98.0
2016-09-23,101.0,103.0
2016-09-24,106.0,109.0
2016-09-25,112.0,114.0
2016-09-26,117.0,120.0
2016-09-27,122.0,125.0
2016-09-28,127.0,131.0
2016-09-29,132.0,136.0
2016-09-30,135.0,141.0
2016-10-01,139.0,145.0
2016-10-02,143.0,148.0
2016-10-03,146.0,152.0
2016-10-04,149.0,156.0
2016-10-05,154.0,160.0
2016-10-06,158.0,165.0
2016-10-07,161.0,169.0
2016-10-08,163.0,171.0
2016-10-09,165.0,173.0
2016-10-10,167.0,175.0
2016-10-11,170.0,178.0
2016-10-12,173.0,183.0
2016-10-13,179.0,189.0
2016-10-14,184.0,195.0
2016-10-15,190.0,200.0
2016-10-16,195.0,205.0
2016-10-17,200.0,211.0
2016-10-18,204.0,216.0
2016-10-19,209.0,220.0
2016-10-20,213.0,225.0
2016-10-21,216.0,229.0
2016-10-22,220.0,232.0
2016-10-23,222.0,234.0
2016-10-24,225.0,237.0
2016-10-25,227.0,241.0
2016-10-26,230.0,243.0
2016-10-27,233.0,245.0
2016-10-28,235.0,248.0
2016-10-29,239.0,251.0
2016-10-30,243.0,254.0
2016-10-31,247.0,258.0
2016-11-01,250.0,263.0
2016-11-02,254.0,266.0
2016-11-03,257.0,269.0
2016-11-04,259.0,272.0
2016-11-05,261.0,274.0
2016-11-06,265.0,276.0
2016-11-07,269.0,280.0
2016-11-08,272.0,284.0
2016-11-09,275.0,287.0
2016-11-10,277.0,290.0
2016-11-11,278.0,289.0
2016-11-12,276.0,288.0
2016-11-13,276.0,286.0
2016-11-14,275.0,285.0
2016-11-15,275.0,285.0
2016-11-16,274.0,285.0
2016-11-17,274.0,284.0
2016-11-18,273.0,283.0
2016-11-19,272.0,282.0
2016-11-20,271.0,281.0
2016-11-21,271.0,281.0
2016-11-22,271.0,281.0
2016-11-23,269.0,280.0
2016-11-24,268.0,278.0
2016-11-25,268.0,277.0
2016-11-26,267.0,276.0
2016-11-27,266.0,275.0
2016-11-28,264.0,275.0
2016-11-29,263.0,273.0
2016-11-30,261.0,271.0
2016-12-01,260.0,269.0
2016-12-02,259.0,267.0
2016-12-03,257.0,266.0
2016-12-04,256.0,264.0
2016-12-05,256.0,264.0
2016-12-06,254.0,263.0
2016-12-07,253.0,262.0
2016-12-08,252.0,261.0
2016-12-09,252.0,260.0
2016-12-10,252.0,260.0
2016-12-11,252.0,260.0
2016-12-12,252.0,260.0
2016-12-13,253.0,261.0
2016-12-14,254.0,263.0
2016-12-15,255.0,264.0
2016-12-16,255.0,265.0
2016-12-17,256.0,265.0
2016-12-18,257.0,265.0
2016-12-19,257.0,266.0
2016-12-20,257.0,267.0
2016-12-21,258.0,268.0
2016-12-22,258.0,268.0
2016-12-23,260.0,269.0
2016-12-24,261.0,270.0
2016-12-25,262.0,271.0
2016-12-26,262.0,272.0
2016-12-27,263.0,272.0
2016-12-28,264.0,273.0
2016-12-29,265.0,274.0
2016-12-30,267.0,275.0
2016-12-31,268.0,276.0
2017-01-01,270.0,278.0
2017-01-02,271.0,279.0
2017-01-03,272.0,282.0
2017-01-04,271.0,282.0
2017-01-05,272.0,282.0
2017-01-06,271.0,282.0
2017-01-07,271.0,281.0
2017-01-08,271.0,280.0
2017-01-09,271.0,281.0
2017-01-10,271.0,282.0
2017-01-11,270.0,282.0
2017-01-12,270.0,281.0
2017-01-13,269.0,280.0
2017-01-14,270.0,280.0
2017-01-15,270.0,279.0
2017-01-16,271.0,280.0
2017-01-17,271.0,281.0
2017-01-18,272.0,282.0
2017-01-19,272.0,282.0
2017-01-20,271.0,282.0
2017-01-21,271.0,280.0
2017-01-22,270.0,280.0
2017-01-23,270.0,280.0
2017-01-24,269.0,280.0
2017-01-25,270.0,280.0
2017-01-26,270.0,281.0
2017-01-27,270.0,281.0
2017-01-28,270.0,281.0
2017-01-29,271.0,281.0
2017-01-30,271.0,282.0
2017-01-31,271.0,283.0
2017-02-01,271.0,283.0
2017-02-02,272.0,283.0
2017-02-03,273.0,284.0
2017-02-04,274.0,284.0
2017-02-05,275.0,285.0
2017-02-06,276.0,287.0
2017-02-07,277.0,289.0
2017-02-08,277.0,288.0
2017-02-09,276.0,288.0
2017-02-10,277.0,287.0
2017-02-11,277.0,288.0
2017-02-12,277.0,287.0
2017-02-13,276.0,287.0
2017-02-14,275.0,286.0
2017-02-15,274.0,285.0
2017-02-16,273.0,283.0
2017-02-17,271.0,281.0
2017-02-18,269.0,279.0
2017-02-19,268.0,277.0
2017-02-20,267.0,276.0
2017-02-21,265.0,275.0
2017-02-22,263.0,273.0
2017-02-23,261.0,271.0
2017-02-24,259.0,268.0
2017-02-25,256.0,265.0
2017-02-26,254.0,263.0
2017-02-27,252.0,261.0
2017-02-28,250.0,259.0
2017-03-01,248.0,257.0
2017-03-02,246.0,254.0
2017-03-03,243.0,252.0
2017-03-04,241.0,250.0
2017-03-05,240.0,248.0
2017-03-06,239.0,248.0
2017-03-07,237.0,247.0
2017-03-08,237.0,246.0
2017-03-09,236.0,245.0
2017-03-10,235.0,245.0
2017-03-11,234.0,244.0
2017-03-12,234.0,243.0
2017-03-13,233.0,243.0
2017-03-14,233.0,243.0
2017-03-15,233.0,243.0
2017-03-16,233.0,244.0
2017-03-17,233.0,244.0
2017-03-18,233.0,245.0
2017-03-19,236.0,246.0
2017-03-20,237.0,248.0
2017-03-21,239.0,250.0
2017-03-22,240.0,253.0
2017-03-23,241.0,255.0
2017-03-24,244.0,257.0
2017-03-25,246.0,260.0
2017-03-26,249.0,262.0
2017-03-27,251.0,264.0
2017-03-28,252.0,267.0
2017-03-29,254.0,269.0
2017-03-30,256.0,271.0
2017-03-31,256.0,273.0
2017-04-01,257.0,273.0
2017-04-02,259.0,274.0
2017-04-03,260.0,276.0
2017-04-04,260.0,277.0
2017-04-05,261.0,278.0
2017-04-06,262.0,279.0
2017-04-07,262.0,280.0
2017-04-08,262.0,279.0
2017-04-09,263.0,279.0
2017-04-10,263.0,279.0
2017-04-11,264.0,281.0
2017-04-12,264.0,281.0
2017-04-13,265.0,283.0
2017-04-14,264.0,284.0
2017-04-15,264.0,283.0
2017-04-16,265.0,283.0
2017-04-17,265.0,284.0
2017-04-18,264.0,284.0
2017-04-19,264.0,284.0
2017-04-20,264.0,285.0
2017-04-21,263.0,285.0
2017-04-22,263.0,283.0
2017-04-23,262.0,282.0
2017-04-24,261.0,281.0
2017-04-25,259.0,280.0
2017-04-26,259.0,280.0
2017-04-27,257.0,279.0
2017-04-28,256.0,277.0
2017-04-29,254.0,275.0
2017-04-30,254.0,273.0
2017-05-01,254.0,274.0
2017-05-02,253.0,274.0
2017-05-03,252.0,273.0
2017-05-04,252.0,273.0
2017-05-05,250.0,272.0
2017-05-06,249.0,269.0
2017-05-07,248.0,268.0
2017-05-08,248.0,268.0
2017-05-09,247.0,267.0
2017-05-10,247.0,267.0
2017-05-11,247.0,267.0
2017-05-12,246.0,266.0
2017-05-13,245.0,263.0
2017-05-14,245.0,261.0
2017-05-15,244.0,261.0
2017-05-16,243.0,261.0
2017-05-17,243.0,260.0
2017-05-18,242.0,258.0
2017-05-19,240.0,257.0
2017-05-20,239.0,254.0
2017-05-21,239.0,253.0
2017-05-22,238.0,253.0
2017-05-23,238.0,253.0
2017-05-24,238.0,253.0
2017-05-25,239.0,254.0
2017-05-26,238.0,254.0
2017-05-27,239.0,253.0
2017-05-28,240.0,253.0
2017-05-29,241.0,254.0
2017-05-30,242.0,256.0
2017-05-31,243.0,257.0
2017-06-01,244.0,259.0
2017-06-02,244.0,259.0
2017-06-03,245.0,259.0
2017-06-04,247.0,259.0
2017-06-05,248.0,262.0
2017-06-06,249.0,264.0
2017-06-07,250.0,265.0
2017-06-08,251.0,266.0
2017-06-09,251.0,267.0
2017-06-10,251.0,266.0
2017-06-11,252.0,266.0
2017-06-12,252.0,267.0
2017-06-13,253.0,268.0
2017-06-14,254.0,269.0
2017-06-15,255.0,270.0
2017-06-16,256.0,271.0
2017-06-17,256.0,271.0
2017-06-18,258.0,272.0
2017-06-19,259.0,273.0
2017-06-20,260.0,275.0
2017-06-21,261.0,276.0
2017-06-22,261.0,276.0
2017-06-23,261.0,276.0
2017-06-24,260.0,274.0
2017-06-25,260.0,273.0
2017-06-26,260.0,273.0
2017-06-27,261.0,275.0
2017-06-28,260.0,276.0
2017-06-29,260.0,276.0
2017-06-30,260.0,276.0
2017-07-01,259.0,274.0
2017-07-02,259.0,273.0
2017-07-03,259.0,273.0
2017-07-04,259.0,273.0
2017-07-05,258.0,271.0
2017-07-06,258.0,271.0
2017-07-07,258.0,270.0
2017-07-08,257.0,269.0
2017-07-09,257.0,268.0
2017-07-10,258.0,269.0
2017-07-11,257.0,269.0
2017-07-12,255.0,268.0
2017-07-13,254.0,267.0
2017-07-14,252.0,265.0
2017-07-15,250.0,263.0
2017-07-16,249.0,261.0
2017-07-17,248.0,260.0
2017-07-18,246.0,259.0
2017-07-19,245.0,257.0
2017-07-20,244.0,256.0
2017-07-21,243.0,255.0
2017-07-22,241.0,254.0
2017-07-23,242.0,253.0
2017-07-24,244.0,255.0
2017-07-25,245.0,257.0
2017-07-26,246.0,258.0
2017-07-27,246.0,258.0
2017-07-28,246.0,257.0
2017-07-29,246.0,256.0
2017-07-30,246.0,256.0
2017-07-31,247.0,257.0
2017-08-01,248.0,258.0
2017-08-02,249.0,259.0
2017-08-03,249.0,260.0
2017-08-04,249.0,260.0
2017-08-05,250.0,260.0
2017-08-06,251.0,261.0
2017-08-07,251.0,261.0
2017-08-08,251.0,262.0
2017-08-09,252.0,263.0
2017-08-10,253.0,263.0
2017-08-11,256.0,265.0
2017-08-12,257.0,266.0
2017-08-13,258.0,267.0
2017-08-14,260.0,268.0
2017-08-15,261.0,270.0
2017-08-16,263.0,272.0
2017-08-17,264.0,273.0
2017-08-18,265.0,274.0
2017-08-19,265.0,275.0
2017-08-20,267.0,275.0
2017-08-21,268.0,277.0
2017-08-22,269.0,278.0
2017-08-23,268.0,278.0
2017-08-24,268.0,278.0
2017-08-25,268.0,278.0
2017-08-26,268.0,277.0
2017-08-27,269.0,278.0
2017-08-28,270.0,279.0
2017-08-29,270.0,280.0
2017-08-30,270.0,280.0
2017-08-31,270.0,279.0
2017-09-01,270.0,279.0
2017-09-02,270.0,280.0
2017-09-03,270.0,279.0
2017-09-04,270.0,280.0
2017-09-05,270.0,280.0
2017-09-06,270.0,280.0
2017-09-07,270.0,280.0
2017-09-08,270.0,279.0
2017-09-09,270.0,279.0
2017-09-10,270.0,279.0
2017-09-11,270.0,279.0
2017-09-12,269.0,279.0
2017-09-13,269.0,279.0
2017-09-14,268.0,279.0
2017-09-15,268.0,278.0
2017-09-16,268.0,277.0
2017-09-17,269.0,277.0
2017-09-18,269.0,277.0
2017-09-19,268.0,277.0
2017-09-20,268.0,277.0
2017-09-21,267.0,276.0
2017-09-22,267.0,275.0
2017-09-23,266.0,274.0
2017-09-24,266.0,273.0
2017-09-25,266.0,273.0
2017-09-26,265.0,273.0
2017-09-27,264.0,272.0
2017-09-28,263.0,271.0
2017-09-29,262.0,270.0
2017-09-30,260.0,269.0
2017-10-01,260.0,268.0
2017-10-02,259.0,267.0
2017-10-03,258.0,266.0
2017-10-04,257.0,265.0
2017-10-05,257.0,265.0
2017-10-06,257.0,264.0
2017-10-07,256.0,264.0
2017-10-08,256.0,264.0
2017-10-09,256.0,264.0
2017-10-10,257.0,264.0
2017-10-11,257.0,265.0
2017-10-12,258.0,265.0
2017-10-13,258.0,266.0
2017-10-14,258.0,266.0
2017-10-15,258.0,267.0
2017-10-16,259.0,267.0
2017-10-17,258.0,267.0
2017-10-18,258.0,267.0
2017-10-19,257.0,266.0
2017-10-20,258.0,266.0
2017-10-21,258.0,266.0
2017-10-22,258.0,267.0
2017-10-23,259.0,267.0
2017-10-24,259.0,268.0
2017-10-25,259.0,268.0
2017-10-26,260.0,268.0
2017-10-27,260.0,268.0
2017-10-28,260.0,268.0
2017-10-29,262.0,269.0
2017-10-30,263.0,270.0
2017-10-31,263.0,271.0
2017-11-01,264.0,272.0
2017-11-02,265.0,272.0
2017-11-03,265.0,273.0
2017-11-04,266.0,273.0
2017-11-05,266.0,273.0
2017-11-06,266.0,273.0
2017-11-07,266.0,274.0
2017-11-08,266.0,274.0
2017-11-09,265.0,273.0
2017-11-10,265.0,272.0
2017-11-11,264.0,271.0
2017-11-12,263.0,270.0
2017-11-13,263.0,269.0
2017-11-14,262.0,269.0
2017-11-15,262.0,269.0
2017-11-16,262.0,268.0
2017-11-17,262.0,269.0
2017-11-18,263.0,269.0
2017-11-19,263.0,269.0
2017-11-20,263.0,270.0
2017-11-21,263.0,270.0
2017-11-22,262.0,270.0
2017-11-23,262.0,269.0
2017-11-24,263.0,270.0
2017-11-25,263.0,270.0
2017-11-26,263.0,270.0
2017-11-27,264.0,270.0
2017-11-28,263.0,270.0
2017-11-29,262.0,269.0
2017-11-30,262.0,268.0
2017-12-01,261.0,268.0
2017-12-02,260.0,267.0
2017-12-03,260.0,266.0
2017-12-04,260.0,266.0
2017-12-05,260.0,267.0
2017-12-06,260.0,268.0
2017-12-07,259.0,267.0
2017-12-08,260.0,267.0
2017-12-09,260.0,268.0
2017-12-10,260.0,268.0
2017-12-11,261.0,268.0
2017-12-12,261.0,269.0
2017-12-13,261.0,269.0
2017-12-14,261.0,269.0
2017-12-15,262.0,270.0
2017-12-16,263.0,270.0
2017-12-17,263.0,270.0
2017-12-18,264.0,271.0
2017-12-19,264.0,271.0
2017-12-20,264.0,271.0
2017-12-21,264.0,271.0
2017-12-22,264.0,272.0
2017-12-23,264.0,272.0
2017-12-24,264.0,272.0
2017-12-25,265.0,273.0
2017-12-26,265.0,273.0
2017-12-27,266.0,273.0
2017-12-28,266.0,274.0
2017-12-29,266.0,274.0
2017-12-30,267.0,274.0
2017-12-31,267.0,275.0
2018-01-01,268.0,275.0
2018-01-02,268.0,276.0
2018-01-03,267.0,276.0
2018-01-04,267.0,275.0
2018-01-05,266.0,274.0
2018-01-06,267.0,274.0
2018-01-07,267.0,274.0
2018-01-08,267.0,274.0
2018-01-09,266.0,274.0
2018-01-10,266.0,275.0
2018-01-11,266.0,275.0
2018-01-12,267.0,275.0
2018-01-13,267.0,275.0
2018-01-14,267.0,275.0
2018-01-15,267.0,275.0
2018-01-16,267.0,275.0
2018-01-17,268.0,275.0
2018-01-18,268.0,275.0
2018-01-19,268.0,276.0
2018-01-20,268.0,276.0
2018-01-21,268.0,275.0
2018-01-22,269.0,276.0
2018-01-23,269.0,276.0
2018-01-24,269.0,277.0
2018-01-25,269.0,278.0
2018-01-26,269.0,278.0
2018-01-27,269.0,278.0
2018-01-28,269.0,278.0
2018-01-29,270.0,279.0
2018-01-30,270.0,279.0
2018-01-31,271.0,280.0
2018-02-01,271.0,280.0
2018-02-02,272.0,281.0
2018-02-03,273.0,281.0
2018-02-04,273.0,282.0
2018-02-05,274.0,283.0
2018-02-06,274.0,283.0
2018-02-07,274.0,283.0
2018-02-08,274.0,283.0
2018-02-09,274.0,283.0
2018-02-10,275.0,282.0
2018-02-11,275.0,283.0
2018-02-12,275.0,283.0
2018-02-13,276.0,284.0
2018-02-14,275.0,283.0
2018-02-15,274.0,283.0
2018-02-16,274.0,283.0
2018-02-17,274.0,283.0
2018-02-18,274.0,282.0
2018-02-19,274.0,282.0
2018-02-20,274.0,283.0
2018-02-21,274.0,283.0
2018-02-22,274.0,282.0
2018-02-23,274.0,282.0
2018-02-24,274.0,281.0
2018-02-25,273.0,280.0
2018-02-26,273.0,280.0
2018-02-27,273.0,280.0
2018-02-28,274.0,281.0
2018-03-01,273.0,281.0
2018-03-02,273.0,281.0
2018-03-03,273.0,281.0
2018-03-04,273.0,280.0
2018-03-05,273.0,280.0
2018-03-06,273.0,281.0
2018-03-07,272.0,280.0
2018-03-08,272.0,280.0
2018-03-09,272.0,279.0
2018-03-10,272.0,279.0
2018-03-11,271.0,278.0
2018-03-12,271.0,278.0
2018-03-13,270.0,278.0
2018-03-14,269.0,277.0
2018-03-15,268.0,276.0
2018-03-16,267.0,276.0
2018-03-17,267.0,275.0
2018-03-18,266.0,274.0
2018-03-19,265.0,273.0
2018-03-20,264.0,272.0
2018-03-21,264.0,272.0
2018-03-22,263.0,271.0
2018-03-23,261.0,270.0
2018-03-24,260.0,268.0
2018-03-25,258.0,266.0
2018-03-26,256.0,264.0
2018-03-27,254.0,263.0
2018-03-28,252.0,261.0
2018-03-29,250.0,259.0
2018-03-30,249.0,257.0
2018-03-31,247.0,256.0
2018-04-01,245.0,253.0
2018-04-02,244.0,252.0
2018-04-03,243.0,251.0
2018-04-04,241.0,250.0
2018-04-05,240.0,248.0
2018-04-06,240.0,249.0
2018-04-07,241.0,249.0
2018-04-08,241.0,249.0
2018-04-09,241.0,249.0
2018-04-10,240.0,249.0
2018-04-11,239.0,248.0
2018-04-12,238.0,248.0
2018-04-13,237.0,247.0
2018-04-14,236.0,246.0
2018-04-15,235.0,244.0
2018-04-16,234.0,243.0
2018-04-17,233.0,242.0
2018-04-18,232.0,241.0
2018-04-19,231.0,240.0
2018-04-20,231.0,240.0
2018-04-21,232.0,241.0
2018-04-22,233.0,241.0
2018-04-23,234.0,242.0
2018-04-24,235.0,244.0
2018-04-25,236.0,245.0
2018-04-26,237.0,246.0
2018-04-27,239.0,247.0
2018-04-28,240.0,248.0
2018-04-29,241.0,249.0
2018-04-30,243.0,251.0
2018-05-01,244.0,253.0
2018-05-02,245.0,254.0
2018-05-03,246.0,255.0
2018-05-04,248.0,256.0
2018-05-05,249.0,257.0
2018-05-06,249.0,257.0
2018-05-07,249.0,257.0
2018-05-08,249.0,257.0
2018-05-09,249.0,257.0
2018-05-10,249.0,256.0
2018-05-11,250.0,257.0
2018-05-12,251.0,258.0
2018-05-13,252.0,258.0
2018-05-14,253.0,260.0
2018-05-15,254.0,261.0
2018-05-16,256.0,263.0
2018-05-17,258.0,265.0
2018-05-18,260.0,267.0
2018-05-19,261.0,268.0
2018-05-20,262.0,268.0
2018-05-21,262.0,269.0
2018-05-22,263.0,270.0
2018-05-23,263.0,270.0
2018-05-24,264.0,271.0
2018-05-25,265.0,272.0
2018-05-26,266.0,272.0
2018-05-27,266.0,272.0
2018-05-28,266.0,273.0
2018-05-29,267.0,273.0
2018-05-30,267.0,274.0
2018-05-31,267.0,274.0
2018-06-01,267.0,274.0
2018-06-02,267.0,274.0
2018-06-03,267.0,273.0
2018-06-04,267.0,273.0
2018-06-05,267.0,274.0
2018-06-06,267.0,274.0
2018-06-07,267.0,274.0
2018-06-08,267.0,274.0
2018-06-09,268.0,275.0
2018-06-10,268.0,275.0
2018-06-11,269.0,276.0
2018-06-12,270.0,277.0
2018-06-13,271.0,277.0
2018-06-14,272.0,278.0
2018-06-15,272.0,278.0
2018-06-16,272.0,278.0
2018-06-17,272.0,277.0
2018-06-18,273.0,278.0
2018-06-19,273.0,278.0
2018-06-20,273.0,278.0
2018-06-21,272.0,278.0
2018-06-22,272.0,278.0
2018-06-23,272.0,277.0
2018-06-24,271.0,277.0
2018-06-25,271.0,277.0
2018-06-26,271.0,277.0
2018-06-27,270.0,277.0
2018-06-28,269.0,276.0
2018-06-29,269.0,276.0
2018-06-30,268.0,275.0
2018-07-01,268.0,274.0
2018-07-02,268.0,275.0
2018-07-03,268.0,275.0
2018-07-04,267.0,274.0
2018-07-05,267.0,274.0
2018-07-06,267.0,273.0
2018-07-07,267.0,273.0
2018-07-08,266.0,272.0
2018-07-09,266.0,272.0
2018-07-10,266.0,272.0
2018-07-11,265.0,272.0
2018-07-12,264.0,271.0
2018-07-13,264.0,271.0
2018-07-14,263.0,270.0
2018-07-15,262.0,270.0
2018-07-16,262.0,269.0
2018-07-17,262.0,269.0
2018-07-18,261.0,269.0
2018-07-19,261.0,269.0
2018-07-20,262.0,270.0
2018-07-21,262.0,269.0
2018-07-22,262.0,269.0
2018-07-23,263.0,270.0
2018-07-24,263.0,270.0
2018-07-25,263.0,271.0
2018-07-26,264.0,271.0
2018-07-27,264.0,272.0
2018-07-28,265.0,272.0
2018-07-29,265.0,272.0
2018-07-30,266.0,273.0
2018-07-31,266.0,274.0
2018-08-01,267.0,274.0
2018-08-02,267.0,274.0
2018-08-03,268.0,275.0
2018-08-04,268.0,275.0
2018-08-05,269.0,275.0
2018-08-06,269.0,276.0
2018-08-07,270.0,276.0
2018-08-08,270.0,277.0
2018-08-09,270.0,277.0
2018-08-10,270.0,277.0
2018-08-11,271.0,278.0
2018-08-12,272.0,278.0
2018-08-13,272.0,279.0
2018-08-14,272.0,279.0
2018-08-15,272.0,279.0
2018-08-16,272.0,280.0
2018-08-17,273.0,280.0
2018-08-18,273.0,280.0
2018-08-19,273.0,279.0
2018-08-20,273.0,280.0
2018-08-21,272.0,280.0
2018-08-22,272.0,280.0
2018-08-23,273.0,281.0
2018-08-24,272.0,281.0
2018-08-25,272.0,280.0
2018-08-26,271.0,280.0
2018-08-27,271.0,280.0
2018-08-28,272.0,280.0
2018-08-29,272.0,281.0
2018-08-30,272.0,281.0
2018-08-31,272.0,281.0
2018-09-01,272.0,281.0
2018-09-02,272.0,281.0
2018-09-03,272.0,281.0
2018-09-04,272.0,281.0
2018-09-05,272.0,281.0
2018-09-06,272.0,281.0
2018-09-07,272.0,281.0
2018-09-08,273.0,281.0
2018-09-09,273.0,281.0
2018-09-10,273.0,282.0
2018-09-11,273.0,282.0
2018-09-12,273.0,282.0
2018-09-13,274.0,282.0
2018-09-14,274.0,282.0
2018-09-15,273.0,282.0
2018-09-16,272.0,281.0
2018-09-17,272.0,280.0
2018-09-18,271.0,280.0
2018-09-19,271.0,280.0
2018-09-20,271.0,279.0
2018-09-21,270.0,279.0
2018-09-22,270.0,278.0
2018-09-23,270.0,278.0
2018-09-24,271.0,279.0
2018-09-25,271.0,279.0
2018-09-26,271.0,279.0
2018-09-27,270.0,279.0
2018-09-28,270.0,278.0
2018-09-29,269.0,276.0
2018-09-30,268.0,275.0
2018-10-01,267.0,275.0
2018-10-02,266.0,274.0
2018-10-03,266.0,274.0
2018-10-04,265.0,274.0
2018-10-05,265.0,274.0
2018-10-06,265.0,274.0
2018-10-07,265.0,273.0
2018-10-08,264.0,273.0
2018-10-09,264.0,272.0
2018-10-10,264.0,272.0
2018-10-11,263.0,272.0
2018-10-12,263.0,272.0
2018-10-13,262.0,271.0
2018-10-14,262.0,271.0
2018-10-15,262.0,271.0
2018-10-16,262.0,271.0
2018-10-17,261.0,270.0
2018-10-18,261.0,270.0
2018-10-19,261.0,270.0
2018-10-20,260.0,269.0
2018-10-21,260.0,268.0
2018-10-22,261.0,269.0
2018-10-23,260.0,269.0
2018-10-24,260.0,268.0
2018-10-25,260.0,268.0
2018-10-26,260.0,269.0
2018-10-27,259.0,268.0
2018-10-28,260.0,268.0
2018-10-29,260.0,268.0
2018-10-30,260.0,269.0
2018-10-31,260.0,268.0
2018-11-01,260.0,268.0
2018-11-02,259.0,268.0
2018-11-03,258.0,267.0
2018-11-04,257.0,266.0
2018-11-05,256.0,265.0
2018-11-06,256.0,264.0
2018-11-07,255.0,264.0
2018-11-08,254.0,263.0
2018-11-09,253.0,262.0
2018-11-10,252.0,261.0
2018-11-11,252.0,260.0
2018-11-12,252.0,260.0
2018-11-13,253.0,261.0
2018-11-14,254.0,262.0
2018-11-15,255.0,263.0
2018-11-16,256.0,264.0
2018-11-17,257.0,265.0
2018-11-18,257.0,265.0
2018-11-19,258.0,266.0
2018-11-20,259.0,267.0
2018-11-21,259.0,267.0
2018-11-22,259.0,267.0
2018-11-23,260.0,268.0
2018-11-24,260.0,268.0
2018-11-25,261.0,268.0
2018-11-26,261.0,268.0
2018-11-27,262.0,270.0
2018-11-28,264.0,271.0
2018-11-29,268.0,275.0
2018-11-30,272.0,279.0
2018-12-01,276.0,283.0
2018-12-02,280.0,286.0
2018-12-03,284.0,290.0
2018-12-04,288.0,295.0
2018-12-05,292.0,299.0
2018-12-06,296.0,303.0
2018-12-07,301.0,308.0
2018-12-08,305.0,312.0
2018-12-09,308.0,315.0
2018-12-10,312.0,319.0
2018-12-11,316.0,323.0
2018-12-12,318.0,326.0
2018-12-13,319.0,328.0
2018-12-14,322.0,331.0
2018-12-15,325.0,333.0
2018-12-16,327.0,336.0
2018-12-17,331.0,339.0
2018-12-18,334.0,343.0
2018-12-19,336.0,345.0
2018-12-20,339.0,348.0
2018-12-21,341.0,351.0
2018-12-22,344.0,353.0
2018-12-23,347.0,356.0
2018-12-24,349.0,358.0
2018-12-25,352.0,361.0
2018-12-26,355.0,364.0
2018-12-27,358.0,367.0
2018-12-28,360.0,369.0
2018-12-29,360.0,369.0
2018-12-30,360.0,368.0
2018-12-31,360.0,368.0
2019-01-01,360.0,368.0
2019-01-02,360.0,368.0
2019-01-03,360.0,368.0
2019-01-04,360.0,369.0
2019-01-05,360.0,368.0
2019-01-06,360.0,368.0
2019-01-07,361.0,369.0
2019-01-08,361.0,369.0
2019-01-09,362.0,370.0
2019-01-10,362.0,370.0
2019-01-11,364.0,370.0
2019-01-12,365.0,371.0
2019-01-13,365.0,371.0
2019-01-14,365.0,371.0
2019-01-15,366.0,372.0
2019-01-16,366.0,373.0
2019-01-17,366.0,373.0
2019-01-18,367.0,374.0
2019-01-19,368.0,374.0
2019-01-20,368.0,374.0
2019-01-21,369.0,375.0
2019-01-22,370.0,375.0
2019-01-23,370.0,376.0
2019-01-24,370.0,377.0
2019-01-25,370.0,377.0
2019-01-26,369.0,377.0
2019-01-27,368.0,376.0
2019-01-28,368.0,376.0
2019-01-29,367.0,376.0
2019-01-30,365.0,375.0
2019-01-31,362.0,372.0
2019-02-01,358.0,370.0
2019-02-02,355.0,366.0
2019-02-03,351.0,362.0
2019-02-04,348.0,358.0
2019-02-05,344.0,355.0
2019-02-06,341.0,352.0
2019-02-07,338.0,349.0
2019-02-08,336.0,347.0
2019-02-09,334.0,344.0
2019-02-10,331.0,341.0
2019-02-11,329.0,339.0
2019-02-12,326.0,336.0
2019-02-13,322.0,333.0
2019-02-14,319.0,329.0
2019-02-15,316.0,326.0
2019-02-16,312.0,322.0
2019-02-17,309.0,319.0
2019-02-18,306.0,315.0
2019-02-19,303.0,312.0
2019-02-20,300.0,310.0
2019-02-21,297.0,307.0
2019-02-22,295.0,305.0
2019-02-23,293.0,303.0
2019-02-24,291.0,300.0
2019-02-25,289.0,299.0
2019-02-26,288.0,298.0
2019-02-27,286.0,296.0
2019-02-28,285.0,293.0
2019-03-01,285.0,293.0
2019-03-02,285.0,292.0
2019-03-03,286.0,293.0
2019-03-04,288.0,294.0
2019-03-05,288.0,295.0
2019-03-06,289.0,296.0
2019-03-07,290.0,297.0
2019-03-08,289.0,297.0
2019-03-09,289.0,297.0
2019-03-10,289.0,296.0
2019-03-11,288.0,295.0
2019-03-12,287.0,295.0
2019-03-13,287.0,294.0
2019-03-14,285.0,294.0
2019-03-15,284.0,293.0
2019-03-16,283.0,291.0
2019-03-17,282.0,289.0
2019-03-18,281.0,288.0
2019-03-19,280.0,288.0
2019-03-20,279.0,287.0
2019-03-21,278.0,286.0
2019-03-22,277.0,285.0
2019-03-23,276.0,284.0
2019-03-24,275.0,282.0
2019-03-25,273.0,280.0
2019-03-26,272.0,279.0
2019-03-27,269.0,277.0
2019-03-28,268.0,275.0
2019-03-29,266.0,274.0
2019-03-30,265.0,272.0
2019-03-31,264.0,272.0
2019-04-01,264.0,271.0
2019-04-02,263.0,271.0
2019-04-03,263.0,271.0
2019-04-04,264.0,272.0
2019-04-05,265.0,273.0
2019-04-06,266.0,274.0
2019-04-07,267.0,275.0
2019-04-08,269.0,277.0
2019-04-09,271.0,280.0
2019-04-10,272.0,282.0
2019-04-11,274.0,283.0
2019-04-12,276.0,285.0
2019-04-13,278.0,287.0
2019-04-14,281.0,289.0
2019-04-15,285.0,293.0
2019-04-16,289.0,298.0
2019-04-17,292.0,302.0
2019-04-18,296.0,306.0
2019-04-19,300.0,309.0
2019-04-20,304.0,313.0
2019-04-21,307.0,316.0
2019-04-22,311.0,320.0
2019-04-23,315.0,324.0
2019-04-24,318.0,328.0
2019-04-25,322.0,332.0
2019-04-26,326.0,336.0
2019-04-27,330.0,339.0
2019-04-28,333.0,342.0
2019-04-29,336.0,346.0
2019-04-30,340.0,349.0
2019-05-01,343.0,352.0
2019-05-02,346.0,356.0
2019-05-03,348.0,358.0
2019-05-04,349.0,358.0
2019-05-05,351.0,359.0
2019-05-06,353.0,362.0
2019-05-07,355.0,363.0
2019-05-08,356.0,364.0
2019-05-09,357.0,366.0
2019-05-10,359.0,367.0
2019-05-11,361.0,368.0
2019-05-12,363.0,370.0
2019-05-13,364.0,372.0
2019-05-14,366.0,374.0
2019-05-15,367.0,376.0
2019-05-16,368.0,376.0
2019-05-17,369.0,377.0
2019-05-18,369.0,377.0
2019-05-19,369.0,377.0
2019-05-20,369.0,378.0
2019-05-21,370.0,378.0
2019-05-22,369.0,378.0
2019-05-23,369.0,378.0
2019-05-24,369.0,378.0
2019-05-25,368.0,377.0
2019-05-26,368.0,377.0
2019-05-27,368.0,376.0
2019-05-28,368.0,376.0
2019-05-29,367.0,376.0
2019-05-30,366.0,376.0
2019-05-31,366.0,375.0
2019-06-01,365.0,374.0
2019-06-02,366.0,374.0
2019-06-03,367.0,376.0
2019-06-04,367.0,376.0
2019-06-05,367.0,376.0
2019-06-06,366.0,376.0
2019-06-07,366.0,377.0
2019-06-08,367.0,376.0
2019-06-09,367.0,376.0
2019-06-10,367.0,376.0
2019-06-11,367.0,376.0
2019-06-12,367.0,376.0
2019-06-13,367.0,376.0
2019-06-14,366.0,375.0
2019-06-15,365.0,374.0
2019-06-16,365.0,373.0
2019-06-17,365.0,373.0
2019-06-18,365.0,374.0
2019-06-19,365.0,374.0
2019-06-20,365.0,374.0
2019-06-21,366.0,374.0
2019-06-22,365.0,373.0
2019-06-23,366.0,373.0
2019-06-24,366.0,373.0
2019-06-25,367.0,374.0
2019-06-26,368.0,375.0
2019-06-27,368.0,376.0
2019-06-28,369.0,377.0
2019-06-29,370.0,378.0
2019-06-30,370.0,378.0
2019-07-01,371.0,378.0
2019-07-02,370.0,378.0
2019-07-03,370.0,378.0
2019-07-04,370.0,378.0
2019-07-05,370.0,378.0
2019-07-06,371.0,378.0
2019-07-07,371.0,378.0
2019-07-08,372.0,378.0
2019-07-09,371.0,378.0
2019-07-10,372.0,379.0
2019-07-11,371.0,379.0
2019-07-12,371.0,379.0
2019-07-13,371.0,378.0
2019-07-14,371.0,378.0
2019-07-15,372.0,379.0
2019-07-16,372.0,379.0
2019-07-17,372.0,379.0
2019-07-18,372.0,380.0
2019-07-19,371.0,380.0
2019-07-20,371.0,379.0
2019-07-21,371.0,378.0
2019-07-22,371.0,379.0
2019-07-23,372.0,380.0
2019-07-24,372.0,380.0
2019-07-25,372.0,381.0
2019-07-26,372.0,381.0
2019-07-27,372.0,380.0
2019-07-28,372.0,380.0
2019-07-29,372.0,380.0
2019-07-30,372.0,380.0
2019-07-31,372.0,381.0
2019-08-01,372.0,381.0
2019-08-02,372.0,381.0
2019-08-03,371.0,381.0
2019-08-04,370.0,380.0
2019-08-05,370.0,379.0
2019-08-06,370.0,379.0
2019-08-07,369.0,379.0
2019-08-08,370.0,380.0
2019-08-09,370.0,380.0
2019-08-10,370.0,380.0
2019-08-11,370.0,379.0
2019-08-12,370.0,380.0
2019-08-13,371.0,380.0
2019-08-14,371.0,381.0
2019-08-15,371.0,381.0
2019-08-16,371.0,382.0
2019-08-17,372.0,381.0
2019-08-18,372.0,381.0
2019-08-19,373.0,382.0
2019-08-20,374.0,383.0
2019-08-21,374.0,383.0
2019-08-22,374.0,383.0
2019-08-23,374.0,383.0
2019-08-24,373.0,382.0
2019-08-25,373.0,382.0
2019-08-26,373.0,382.0
2019-08-27,373.0,382.0
2019-08-28,372.0,381.0
2019-08-29,369.0,380.0
2019-08-30,366.0,376.0
2019-08-31,364.0,373.0
2019-09-01,361.0,370.0
2019-09-02,359.0,368.0
2019-09-03,357.0,366.0
2019-09-04,355.0,364.0
2019-09-05,353.0,362.0
2019-09-06,350.0,359.0
2019-09-07,348.0,357.0
2019-09-08,346.0,354.0
2019-09-09,345.0,353.0
2019-09-10,343.0,352.0
2019-09-11,341.0,350.0
2019-09-12,339.0,348.0
2019-09-13,336.0,345.0
2019-09-14,334.0,343.0
2019-09-15,332.0,340.0
2019-09-16,330.0,338.0
2019-09-17,327.0,336.0
2019-09-18,324.0,333.0
2019-09-19,322.0,330.0
2019-09-20,319.0,327.0
2019-09-21,316.0,324.0
2019-09-22,313.0,321.0
2019-09-23,310.0,318.0
2019-09-24,308.0,316.0
2019-09-25,306.0,314.0
2019-09-26,304.0,312.0
2019-09-27,303.0,311.0
2019-09-28,303.0,309.0
2019-09-29,303.0,309.0
2019-09-30,303.0,309.0
2019-10-01,302.0,309.0
2019-10-02,301.0,308.0
2019-10-03,299.0,307.0
2019-10-04,297.0,305.0
2019-10-05,295.0,302.0
2019-10-06,294.0,301.0
2019-10-07,292.0,299.0
2019-10-08,290.0,297.0
2019-10-09,287.0,295.0
2019-10-10,285.0,292.0
2019-10-11,282.0,289.0
2019-10-12,279.0,286.0
2019-10-13,277.0,283.0
2019-10-14,275.0,281.0
2019-10-15,273.0,279.0
2019-10-16,271.0,277.0
2019-10-17,269.0,275.0
2019-10-18,267.0,273.0
2019-10-19,265.0,271.0
2019-10-20,265.0,271.0
2019-10-21,264.0,270.0
2019-10-22,263.0,269.0
2019-10-23,262.0,268.0
2019-10-24,259.0,266.0
2019-10-25,257.0,264.0
2019-10-26,255.0,261.0
2019-10-27,253.0,259.0
2019-10-28,251.0,257.0
2019-10-29,249.0,255.0
2019-10-30,247.0,253.0
2019-10-31,245.0,251.0
2019-11-01,244.0,249.0
2019-11-02,243.0,248.0
2019-11-03,242.0,247.0
2019-11-04,241.0,246.0
2019-11-05,239.0,245.0
2019-11-06,237.0,243.0
2019-11-07,235.0,241.0
2019-11-08,233.0,239.0
2019-11-09,231.0,237.0
2019-11-10,230.0,236.0
2019-11-11,230.0,235.0
2019-11-12,229.0,234.0
2019-11-13,227.0,233.0
2019-11-14,226.0,231.0
2019-11-15,224.0,229.0
2019-11-16,222.0,227.0
2019-11-17,220.0,224.0
2019-11-18,217.0,222.0
2019-11-19,214.0,220.0
2019-11-20,211.0,217.0
2019-11-21,208.0,214.0
2019-11-22,206.0,211.0
2019-11-23,203.0,208.0
2019-11-24,201.0,205.0
2019-11-25,198.0,202.0
2019-11-26,195.0,200.0
2019-11-27,191.0,197.0
2019-11-28,188.0,193.0
2019-11-29,185.0,190.0
2019-11-30,182.0,187.0
2019-12-01,179.0,184.0
2019-12-02,176.0,181.0
2019-12-03,173.0,178.0
2019-12-04,170.0,174.0
2019-12-05,167.0,171.0
2019-12-06,164.0,168.0
2019-12-07,161.0,166.0
2019-12-08,158.0,162.0
2019-12-09,156.0,159.0
2019-12-10,152.0,156.0
2019-12-11,150.0,154.0
2019-12-12,150.0,154.0
2019-12-13,150.0,154.0
2019-12-14,150.0,154.0
2019-12-15,150.0,155.0
2019-12-16,151.0,155.0
2019-12-17,151.0,155.0
2019-12-18,150.0,155.0
2019-12-19,147.0,155.0
2019-12-20,144.0,152.0
2019-12-21,141.0,149.0
2019-12-22,138.0,146.0
2019-12-23,136.0,143.0
2019-12-24,133.0,141.0
2019-12-25,131.0,138.0
2019-12-26,128.0,136.0
2019-12-27,126.0,133.0
2019-12-28,124.0,131.0
2019-12-29,122.0,129.0
2019-12-30,119.0,127.0
2019-12-31,115.0,124.0
2020-01-01,112.0,120.0
2020-01-02,109.0,117.0
2020-01-03,107.0,115.0
2020-01-04,105.0,113.0
2020-01-05,104.0,112.0
2020-01-06,103.0,110.0
2020-01-07,102.0,111.0
2020-01-08,102.0,111.0
2020-01-09,106.0,114.0
2020-01-10,106.0,116.0
2020-01-11,104.0,114.0
2020-01-12,104.0,113.0
2020-01-13,99.0,112.0
2020-01-14,94.0,107.0
2020-01-15,89.0,102.0
2020-01-16,85.0,97.0
2020-01-17,82.0,94.0
2020-01-18,81.0,91.0
2020-01-19,80.0,91.0
2020-01-20,79.0,90.0
2020-01-21,82.0,93.0
2020-01-22,85.0,96.0
2020-01-23,90.0,102.0
2020-01-24,94.0,107.0
2020-01-25,98.0,111.0
2020-01-26,103.0,116.0
2020-01-27,108.0,121.0
2020-01-28,113.0,126.0
2020-01-29,119.0,131.0
2020-01-30,123.0,137.0
2020-01-31,127.0,141.0
2020-02-01,130.0,145.0
2020-02-02,133.0,147.0
2020-02-03,135.0,150.0
2020-02-04,137.0,152.0
2020-02-05,139.0,154.0
2020-02-06,141.0,154.0
2020-02-07,141.0,154.0
2020-02-08,138.0,152.0
2020-02-09,138.0,151.0
2020-02-10,138.0,151.0
2020-02-11,139.0,152.0
2020-02-12,144.0,155.0
2020-02-13,149.0,160.0
2020-02-14,155.0,167.0
2020-02-15,161.0,172.0
2020-02-16,166.0,177.0
2020-02-17,170.0,182.0
2020-02-18,176.0,188.0
2020-02-19,180.0,194.0
2020-02-20,183.0,197.0
2020-02-21,184.0,200.0
2020-02-22,182.0,198.0
2020-02-23,181.0,196.0
2020-02-24,180.0,196.0
2020-02-25,178.0,194.0
2020-02-26,176.0,192.0
2020-02-27,173.0,189.0
2020-02-28,171.0,187.0
2020-02-29,170.0,185.0
2020-03-01,169.0,183.0
2020-03-02,169.0,183.0
2020-03-03,169.0,183.0
2020-03-04,168.0,182.0
2020-03-05,168.0,182.0
2020-03-06,168.0,182.0
2020-03-07,167.0,181.0
2020-03-08,167.0,181.0
2020-03-09,167.0,181.0
2020-03-10,166.0,180.0
2020-03-11,164.0,178.0
2020-03-12,161.0,175.0
2020-03-13,158.0,171.0
2020-03-14,156.0,168.0
2020-03-15,152.0,163.0
2020-03-16,150.0,161.0
2020-03-17,147.0,159.0
2020-03-18,145.0,157.0
2020-03-19,143.0,154.0
2020-03-20,141.0,151.0
2020-03-21,137.0,147.0
2020-03-22,136.0,143.0
2020-03-23,135.0,142.0
2020-03-24,134.0,142.0
2020-03-25,134.0,141.0
2020-03-26,134.0,142.0
2020-03-27,134.0,143.0
2020-03-28,134.0,143.0
2020-03-29,134.0,143.0
2020-03-30,135.0,144.0
2020-03-31,136.0,146.0
2020-04-01,136.0,146.0
2020-04-02,137.0,149.0
2020-04-03,136.0,150.0
2020-04-04,135.0,150.0
2020-04-05,135.0,149.0
2020-04-06,135.0,150.0
2020-04-07,135.0,150.0
2020-04-08,134.0,150.0
2020-04-09,134.0,150.0
2020-04-10,134.0,150.0
2020-04-11,133.0,150.0
2020-04-12,132.0,148.0
2020-04-13,131.0,148.0
2020-04-14,131.0,148.0
2020-04-15,129.0,147.0
2020-04-16,128.0,146.0
2020-04-17,126.0,144.0
2020-04-18,124.0,141.0
2020-04-19,122.0,139.0
2020-04-20,120.0,137.0
2020-04-21,118.0,135.0
2020-04-22,116.0,133.0
2020-04-23,114.0,131.0
2020-04-24,112.0,129.0
2020-04-25,109.0,126.0
2020-04-26,107.0,122.0
2020-04-27,105.0,120.0
2020-04-28,103.0,119.0
2020-04-29,101.0,116.0
2020-04-30,99.0,114.0
2020-05-01,99.0,114.0
2020-05-02,98.0,112.0
2020-05-03,99.0,110.0
2020-05-04,100.0,111.0
2020-05-05,100.0,111.0
2020-05-06,100.0,111.0
2020-05-07,100.0,111.0
2020-05-08,101.0,111.0
2020-05-09,101.0,111.0
2020-05-10,102.0,111.0
2020-05-11,103.0,112.0
2020-05-12,103.0,112.0
2020-05-13,103.0,112.0
2020-05-14,103.0,112.0
2020-05-15,103.0,112.0
2020-05-16,104.0,112.0
2020-05-17,104.0,111.0
2020-05-18,105.0,112.0
2020-05-19,105.0,112.0
2020-05-20,106.0,112.0
2020-05-21,106.0,112.0
2020-05-22,106.0,112.0
2020-05-23,106.0,112.0
2020-05-24,107.0,112.0
2020-05-25,108.0,112.0
2020-05-26,109.0,113.0
2020-05-27,109.0,113.0
2020-05-28,109.0,113.0
2020-05-29,110.0,113.0
2020-05-30,110.0,113.0
2020-05-31,109.0,111.0
2020-06-01,108.0,110.0
2020-06-02,106.0,108.0
2020-06-03,105.0,107.0
2020-06-04,104.0,106.0
2020-06-05,104.0,105.0
2020-06-06,103.0,104.0
2020-06-07,102.0,104.0
2020-06-08,101.0,103.0
2020-06-09,100.0,102.0
2020-06-10,99.0,100.0
2020-06-11,98.0,99.0
2020-06-12,97.0,98.0
2020-06-13,96.0,97.0
2020-06-14,95.0,96.0
2020-06-15,95.0,95.0
2020-06-16,94.0,95.0
2020-06-17,93.0,94.0
2020-06-18,92.0,93.0
2020-06-19,92.0,92.0
2020-06-20,91.0,92.0
2020-06-21,90.0,91.0
2020-06-22,89.0,90.0
2020-06-23,88.0,89.0
2020-06-24,88.0,88.0
2020-06-25,87.0,88.0
2020-06-26,86.0,87.0
2020-06-27,85.0,86.0
2020-06-28,84.0,85.0
2020-06-29,83.0,84.0
2020-06-30,82.0,83.0
2020-07-01,81.0,82.0
2020-07-02,81.0,81.0
2020-07-03,80.0,81.0
2020-07-04,79.0,80.0
2020-07-05,78.0,79.0
2020-07-06,77.0,78.0
2020-07-07,76.0,77.0
2020-07-08,75.0,76.0
2020-07-09,74.0,75.0
2020-07-10,73.0,74.0
2020-07-11,73.0,73.0
2020-07-12,72.0,73.0
2020-07-13,71.0,72.0
2020-07-14,70.0,71.0
2020-07-15,70.0,70.0
2020-07-16,69.0,70.0
2020-07-17,68.0,69.0
2020-07-18,67.0,68.0
2020-07-19,67.0,67.0
2020-07-20,66.0,67.0
2020-07-21,65.0,66.0
2020-07-22,64.0,65.0
2020-07-23,64.0,64.0
2020-07-24,63.0,64.0
2020-07-25,62.0,63.0
2020-07-26,61.0,62.0
2020-07-27,61.0,61.0
2020-07-28,60.0,61.0
2020-07-29,60.0,60.0
2020-07-30,59.0,60.0
2020-07-31,58.0,59.0
2020-08-01,58.0,58.0
2020-08-02,57.0,58.0
2020-08-03,57.0,57.0
2020-08-04,56.0,57.0
2020-08-05,55.0,56.0
2020-08-06,55.0,55.0
2020-08-07,54.0,55.0
2020-08-08,54.0,54.0
2020-08-09,53.0,54.0
2020-08-10,53.0,53.0
2020-08-11,53.0,53.0
2020-08-12,52.0,53.0
2020-08-13,51.0,52.0
2020-08-14,50.0,51.0
2020-08-15,49.0,50.0
2020-08-16,48.0,49.0
2020-08-17,47.0,48.0
2020-08-18,46.0,47.0
2020-08-19,45.0,46.0
2020-08-20,45.0,45.0
2020-08-21,44.0,45.0
2020-08-22,43.0,44.0
2020-08-23,42.0,43.0
2020-08-24,41.0,42.0
2020-08-25,40.0,41.0
2020-08-26,39.0,40.0
2020-08-27,38.0,39.0
2020-08-28,37.0,38.0
2020-08-29,36.0,37.0
2020-08-30,35.0,36.0
2020-08-31,35.0,35.0
2020-09-01,34.0,35.0
2020-09-02,33.0,34.0
2020-09-03,32.0,33.0
2020-09-04,31.0,32.0
2020-09-05,30.0,31.0
2020-09-06,29.0,30.0
2020-09-07,29.0,29.0
2020-09-08,28.0,29.0
2020-09-09,27.0,28.0
2020-09-10,26.0,27.0
2020-09-11,25.0,26.0
2020-09-12,25.0,25.0
2020-09-13,25.0,25.0
2020-09-14,25.0,25.0
2020-09-15,24.0,25.0
2020-09-16,24.0,24.0
2020-09-17,24.0,24.0
2020-09-18,24.0,24.0
2020-09-19,24.0,24.0
2020-09-20,23.0,24.0
2020-09-21,23.0,23.0
2020-09-22,23.0,23.0
2020-09-23,23.0,23.0
2020-09-24,22.0,23.0
2020-09-25,22.0,22.0
2020-09-26,22.0,22.0
2020-09-27,22.0,22.0
2020-09-28,21.0,22.0
2020-09-29,21.0,21.0
2020-09-30,21.0,21.0
2020-10-01,21.0,21.0
2020-10-02,21.0,21.0
2020-10-03,20.0,21.0
2020-10-04,20.0,20.0
2020-10-05,20.0,20.0
2020-10-06,20.0,20.0
2020-10-07,19.0,20.0
2020-10-08,19.0,19.0
2020-10-09,19.0,19.0
2020-10-10,19.0,19.0
2020-10-11,18.0,19.0
2020-10-12,18.0,18.0
2020-10-13,18.0,18.0
2020-10-14,17.0,18.0
2020-10-15,17.0,17.0
2020-10-16,17.0,17.0
2020-10-17,17.0,17.0
2020-10-18,16.0,17.0
2020-10-19,16.0,16.0
2020-10-20,16.0,16.0
2020-10-21,16.0,16.0
2020-10-22,15.0,16.0
2020-10-23,15.0,15.0
2020-10-24,15.0,15.0
2020-10-25,15.0,15.0
2020-10-26,15.0,15.0
2020-10-27,15.0,15.0
2020-10-28,15.0,15.0
2020-10-29,15.0,15.0
2020-10-30,14.0,15.0
2020-10-31,14.0,14.0
2020-11-01,14.0,14.0
2020-11-02,14.0,14.0
2020-11-03,14.0,14.0
2020-11-04,14.0,14.0
2020-11-05,14.0,14.0
2020-11-06,14.0,14.0
2020-11-07,14.0,14.0
2020-11-08,14.0,14.0
2020-11-09,14.0,14.0
2020-11-10,13.0,14.0
2020-11-11,13.0,13.0
2020-11-12,13.0,13.0
2020-11-13,13.0,13.0
2020-11-14,13.0,13.0
2020-11-15,13.0,13.0
2020-11-16,13.0,13.0
2020-11-17,13.0,13.0
2020-11-18,13.0,13.0
2020-11-19,13.0,13.0
2020-11-20,13.0,13.0
2020-11-21,13.0,13.0
2020-11-22,13.0,13.0
2020-11-23,13.0,13.0
2020-11-24,13.0,13.0
2020-11-25,13.0,13.0
2020-11-26,13.0,13.0
2020-11-27,13.0,13.0
2020-11-28,13.0,13.0
2020-11-29,13.0,13.0
2020-11-30,13.0,13.0
2020-12-01,13.0,13.0
2020-12-02,13.0,13.0
2020-12-03,13.0,13.0
2020-12-04,13.0,13.0
2020-12-05,13.0,13.0
2020-12-06,13.0,13.0
2020-12-07,14.0,14.0
2020-12-08,14.0,14.0
2020-12-09,14.0,14.0
2020-12-10,16.0,16.0
2020-12-11,17.0,17.0
2020-12-12,18.0,18.0
2020-12-13,20.0,20.0
2020-12-14,21.0,21.0
2020-12-15,22.0,22.0
2020-12-16,24.0,24.0
2020-12-17,26.0,26.0
2020-12-18,28.0,28.0
2020-12-19,30.0,30.0
2020-12-20,32.0,32.0
2020-12-21,34.0,34.0
2020-12-22,36.0,36.0
2020-12-23,38.0,39.0
2020-12-24,40.0,41.0
2020-12-25,43.0,43.0
2020-12-26,45.0,45.0
2020-12-27,47.0,47.0
2020-12-28,49.0,50.0
2020-12-29,51.0,52.0
2020-12-30,53.0,54.0
2020-12-31,55.0,56.0
2021-01-01,57.0,58.0
2021-01-02,59.0,60.0
2021-01-03,61.0,62.0
2021-01-04,63.0,64.0
2021-01-05,65.0,65.0
2021-01-06,66.0,67.0
2021-01-07,68.0,69.0
2021-01-08,69.0,70.0
2021-01-09,70.0,70.0
2021-01-10,70.0,71.0
2021-01-11,70.0,71.0
2021-01-12,71.0,72.0
2021-01-13,71.0,72.0
2021-01-14,71.0,72.0
2021-01-15,70.0,72.0
2021-01-16,70.0,71.0
2021-01-17,69.0,70.0
2021-01-18,68.0,70.0
2021-01-19,68.0,69.0
2021-01-20,67.0,68.0
2021-01-21,66.0,67.0
2021-01-22,65.0,66.0
2021-01-23,64.0,65.0
2021-01-24,62.0,64.0
2021-01-25,61.0,62.0
2021-01-26,60.0,61.0
2021-01-27,59.0,60.0
2021-01-28,58.0,59.0
2021-01-29,56.0,58.0
2021-01-30,55.0,56.0
2021-01-31,54.0,55.0
2021-02-01,53.0,54.0
2021-02-02,52.0,53.0
2021-02-03,51.0,52.0
2021-02-04,49.0,51.0
2021-02-05,48.0,49.0
2021-02-06,47.0,48.0
2021-02-07,46.0,47.0
2021-02-08,45.0,46.0
2021-02-09,44.0,45.0
2021-02-10,43.0,44.0
2021-02-11,43.0,44.0
2021-02-12,42.0,43.0
2021-02-13,41.0,42.0
2021-02-14,41.0,42.0
2021-02-15,41.0,41.0
2021-02-16,40.0,41.0
2021-02-17,40.0,41.0
2021-02-18,40.0,40.0
2021-02-19,39.0,40.0
2021-02-20,39.0,40.0
2021-02-21,39.0,40.0
2021-02-22,39.0,39.0
2021-02-23,38.0,39.0
2021-02-24,38.0,39.0
2021-02-25,38.0,38.0
2021-02-26,37.0,38.0
2021-02-27,37.0,37.0
2021-02-28,36.0,37.0
2021-03-01,36.0,37.0
2021-03-02,35.0,36.0
2021-03-03,35.0,36.0
2021-03-04,35.0,35.0
2021-03-05,34.0,35.0
2021-03-06,34.0,35.0
2021-03-07,34.0,34.0
2021-03-08,34.0,34.0
2021-03-09,33.0,34.0
2021-03-10,33.0,33.0
2021-03-11,32.0,33.0
2021-03-12,31.0,32.0
2021-03-13,30.0,31.0
2021-03-14,30.0,30.0
2021-03-15,29.0,30.0
2021-03-16,28.0,29.0
2021-03-17,27.0,28.0
2021-03-18,26.0,27.0
2021-03-19,25.0,26.0
2021-03-20,24.0,25.0
2021-03-21,23.0,24.0
2021-03-22,22.0,23.0
2021-03-23,22.0,22.0
2021-03-24,21.0,22.0
2021-03-25,20.0,21.0
2021-03-26,19.0,20.0
2021-03-27,18.0,19.0
2021-03-28,17.0,18.0
2021-03-29,17.0,17.0
2021-03-30,16.0,17.0
2021-03-31,15.0,16.0
2021-04-01,14.0,15.0
2021-04-02,13.0,14.0
2021-04-03,13.0,13.0
2021-04-04,12.0,13.0
2021-04-05,11.0,12.0
2021-04-06,10.0,11.0
2021-04-07,10.0,10.0
2021-04-08,9.0,10.0
2021-04-09,8.0,9.0
2021-04-10,8.0,8.0
2021-04-11,7.0,8.0
2021-04-12,6.0,7.0
2021-04-13,6.0,6.0
2021-04-14,5.0,6.0
2021-04-15,4.0,5.0
2021-04-16,4.0,4.0
2021-04-17,3.0,4.0
2021-04-18,3.0,3.0
2021-04-19,3.0,3.0
2021-04-20,2.0,3.0
2021-04-21,2.0,2.0
2021-04-22,2.0,2.0
2021-04-23,1.0,2.0
2021-04-24,1.0,1.0
2021-04-25,1.0,1.0
2021-04-26,1.0,1.0
2021-04-27,0.0,1.0
2021-04-28,0.0,0.0
2021-04-29,0.0,0.0
2021-04-30,0.0,0.0
2021-05-01,0.0,0.0
2021-05-02,0.0,0.0
2021-05-03,0.0,0.0
2021-05-04,0.0,0.0
2021-05-05,0.0,0.0
2021-05-06,0.0,0.0
2021-05-07,0.0,0.0
2021-05-08,0.0,0.0
2021-05-09,0.0,0.0
2021-05-10,0.0,0.0
2021-05-11,0.0,0.0
2021-05-12,0.0,0.0
2021-05-13,0.0,0.0
2021-05-14,0.0,0.0
2021-05-15,0.0,0.0
2021-05-16,0.0,0.0
2021-05-17,0.0,0.0
2021-05-18,0.0,0.0
2021-05-19,0.0,0.0
2021-05-20,0.0,0.0
2021-05-21,0.0,0.0
2021-05-22,0.0,0.0
2021-05-23,0.0,0.0
2021-05-24,0.0,0.0
2021-05-25,0.0,0.0
2021-05-26,0.0,0.0
2021-05-27,0.0,0.0
2021-05-28,0.0,0.0
2021-05-29,0.0,0.0
2021-05-30,0.0,0.0
2021-05-31,0.0,0.0
2021-06-01,0.0,0.0
2021-06-02,0.0,0.0
2021-06-03,0.0,0.0
2021-06-04,0.0,0.0
2021-06-05,0.0,0.0
2021-06-06,0.0,0.0
2021-06-07,0.0,0.0
2021-06-08,0.0,0.0
2021-06-09,0.0,0.0
2021-06-10,0.0,0.0
2021-06-11,0.0,0.0
2021-06-12,0.0,0.0
2021-06-13,0.0,0.0
2021-06-14,0.0,0.0
2021-06-15,0.0,0.0
2021-06-16,0.0,0.0
2021-06-17,0.0,0.0
2021-06-18,0.0,0.0
2021-06-19,0.0,0.0
2021-06-20,0.0,0.0
2021-06-21,0.0,0.0
2021-06-22,0.0,0.0
2021-06-23,0.0,0.0
2021-06-24,0.0,0.0
2021-06-25,0.0,0.0
2021-06-26,0.0,0.0
2021-06-27,0.0,0.0
2021-06-28,0.0,0.0
2021-06-29,0.0,0.0
2021-06-30,0.0,0.0
2021-07-01,0.0,0.0
2021-07-02,0.0,0.0
2021-07-03,0.0,0.0
2021-07-04,0.0,0.0
2021-07-05,0.0,0.0
2021-07-06,0.0,0.0
2021-07-07,0.0,0.0
2021-07-08,0.0,0.0
2021-07-09,0.0,0.0
2021-07-10,0.0,0.0
2021-07-11,0.0,0.0
2021-07-12,0.0,0.0
2021-07-13,0.0,0.0
2021-07-14,0.0,0.0
2021-07-15,0.0,0.0
2021-07-16,0.0,0.0
2021-07-17,0.0,0.0
2021-07-18,0.0,0.0
2021-07-19,0.0,0.0
2021-07-20,0.0,0.0
2021-07-21,0.0,0.0
2021-07-22,0.0,0.0
2021-07-23,0.0,0.0
2021-07-24,0.0,0.0
2021-07-25,0.0,0.0
2021-07-26,0.0,0.0
2021-07-27,0.0,0.0
2021-07-28,0.0,0.0
2021-07-29,0.0,0.0
2021-07-30,0.0,0.0
2021-07-31,0.0,0.0
2021-08-01,0.0,0.0
2021-08-02,0.0,0.0
2021-08-03,0.0,0.0
2021-08-04,0.0,0.0
2021-08-05,0.0,0.0
2021-08-06,0.0,0.0
2021-08-07,0.0,0.0
2021-08-08,0.0,0.0
2021-08-09,0.0,0.0
2021-08-10,0.0,0.0
2021-08-11,0.0,0.0
2021-08-12,0.0,0.0
2021-08-13,0.0,0.0
2021-08-14,0.0,0.0
2021-08-15,0.0,0.0
2021-08-16,0.0,0.0
2021-08-17,0.0,0.0
2021-08-18,0.0,0.0
2021-08-19,0.0,0.0
2021-08-20,0.0,0.0
2021-08-21,0.0,0.0
2021-08-22,0.0,0.0
2021-08-23,0.0,0.0
2021-08-24,0.0,0.0
2021-08-25,0.0,0.0
2021-08-26,0.0,0.0
2021-08-27,0.0,0.0
2021-08-28,0.0,0.0
2021-08-29,0.0,0.0
2021-08-30,0.0,0.0
2021-08-31,0.0,0.0
2021-09-01,0.0,0.0
2021-09-02,0.0,0.0
2021-09-03,0.0,0.0
2021-09-04,0.0,0.0
2021-09-05,0.0,0.0
2021-09-06,0.0,0.0
2021-09-07,0.0,0.0
2021-09-08,0.0,0.0
2021-09-09,0.0,0.0
2021-09-10,0.0,0.0
2021-09-11,0.0,0.0
2021-09-12,0.0,0.0
2021-09-13,0.0,0.0
2021-09-14,0.0,0.0
2021-09-15,0.0,0.0
2021-09-16,0.0,0.0
2021-09-17,0.0,0.0
2021-09-18,0.0,0.0
2021-09-19,0.0,0.0
2021-09-20,0.0,0.0
2021-09-21,0.0,0.0
2021-09-22,0.0,0.0
2021-09-23,0.0,0.0
2021-09-24,0.0,0.0
2021-09-25,0.0,0.0
2021-09-26,0.0,0.0
2021-09-27,0.0,0.0
2021-09-28,0.0,0.0
2021-09-29,0.0,0.0
2021-09-30,0.0,0.0
2021-10-01,0.0,0.0
2021-10-02,0.0,0.0
2021-10-03,0.0,0.0
2021-10-04,0.0,0.0
2021-10-05,0.0,0.0
2021-10-06,0.0,0.0
2021-10-07,0.0,0.0
2021-10-08,0.0,0.0
2021-10-09,0.0,0.0
2021-10-10,0.0,0.0
2021-10-11,0.0,0.0
2021-10-12,0.0,0.0
2021-10-13,0.0,0.0
2021-10-14,0.0,0.0
2021-10-15,0.0,0.0
2021-10-16,0.0,0.0
2021-10-17,0.0,0.0
2021-10-18,0.0,0.0
2021-10-19,0.0,0.0
2021-10-20,0.0,0.0
2021-10-21,0.0,0.0
2021-10-22,0.0,0.0
2021-10-23,0.0,0.0
2021-10-24,0.0,0.0
2021-10-25,0.0,0.0
2021-10-26,0.0,0.0
2021-10-27,0.0,0.0
2021-10-28,0.0,0.0
2021-10-29,0.0,0.0
2021-10-30,0.0,0.0
2021-10-31,0.0,0.0
2021-11-01,0.0,0.0
2021-11-02,0.0,0.0
2021-11-03,0.0,0.0
2021-11-04,0.0,0.0
2021-11-05,0.0,0.0
2021-11-06,0.0,0.0
2021-11-07,0.0,0.0
2021-11-08,0.0,0.0
2021-11-09,0.0,0.0
2021-11-10,0.0,0.0
2021-11-11,0.0,0.0
2021-11-12,0.0,0.0
2021-11-13,0.0,0.0
2021-11-14,0.0,0.0
2021-11-15,0.0,0.0
2021-11-16,0.0,0.0
2021-11-17,0.0,0.0
2021-11-18,0.0,0.0
2021-11-19,0.0,0.0
2021-11-20,0.0,0.0
2021-11-21,0.0,0.0
2021-11-22,0.0,0.0
2021-11-23,0.0,0.0
2021-11-24,0.0,0.0
2021-11-25,0.0,0.0
2021-11-26,0.0,0.0
2021-11-27,0.0,0.0
2021-11-28,0.0,0.0
2021-11-29,0.0,0.0
2021-11-30,0.0,0.0
2021-12-01,0.0,0.0
2021-12-02,0.0,0.0
2021-12-03,0.0,0.0
2021-12-04,0.0,0.0
2021-12-05,0.0,0.0
2021-12-06,0.0,0.0
2021-12-07,0.0,0.0
2021-12-08,0.0,0.0
2021-12-09,0.0,0.0
2021-12-10,0.0,0.0
2021-12-11,0.0,0.0
2021-12-12,0.0,0.0
2021-12-13,0.0,0.0
2021-12-14,0.0,0.0
2021-12-15,0.0,0.0
2021-12-16,0.0,0.0
2021-12-17,0.0,0.0
2021-12-18,0.0,0.0
2021-12-19,0.0,0.0
2021-12-20,0.0,0.0
2021-12-21,0.0,0.0
2021-12-22,0.0,0.0
2021-12-23,0.0,0.0
2021-12-24,0.0,0.0
2021-12-25,0.0,0.0
2021-12-26,0.0,0.0
2021-12-27,0.0,0.0
2021-12-28,0.0,0.0
2021-12-29,0.0,0.0
2021-12-30,0.0,0.0
2021-12-31,0.0,0.0
2022-01-01,0.0,0.0
2022-01-02,0.0,0.0
2022-01-03,0.0,0.0
2022-01-04,0.0,0.0
2022-01-05,0.0,0.0
2022-01-06,0.0,0.0
2022-01-07,0.0,0.0
2022-01-08,0.0,0.0
2022-01-09,0.0,0.0
2022-01-10,0.0,0.0
2022-01-11,0.0,0.0
2022-01-12,0.0,0.0
2022-01-13,0.0,0.0
2022-01-14,0.0,0.0
2022-01-15,0.0,0.0
2022-01-16,0.0,0.0
2022-01-17,0.0,0.0
2022-01-18,0.0,0.0
2022-01-19,0.0,0.0
2022-01-20,0.0,0.0
2022-01-21,0.0,0.0
2022-01-22,0.0,0.0
2022-01-23,0.0,0.0
2022-01-24,0.0,0.0
2022-01-25,0.0,0.0
2022-01-26,0.0,0.0
2022-01-27,0.0,0.0
2022-01-28,0.0,0.0
2022-01-29,0.0,0.0
2022-01-30,0.0,0.0
2022-01-31,0.0,0.0
2022-02-01,0.0,0.0
2022-02-02,0.0,0.0
2022-02-03,0.0,0.0
2022-02-04,0.0,0.0
2022-02-05,0.0,0.0
2022-02-06,0.0,0.0
2022-02-07,0.0,0.0
2022-02-08,0.0,0.0
2022-02-09,0.0,0.0
2022-02-10,0.0,0.0
2022-02-11,0.0,0.0
2022-02-12,0.0,0.0
2022-02-13,0.0,0.0
2022-02-14,0.0,0.0
2022-02-15,0.0,0.0
2022-02-16,0.0,0.0
2022-02-17,0.0,0.0
2022-02-18,0.0,0.0
2022-02-19,0.0,0.0
2022-02-20,0.0,0.0
2022-02-21,0.0,0.0
2022-02-22,0.0,0.0
2022-02-23,0.0,0.0
2022-02-24,0.0,0.0
2022-02-25,0.0,0.0
2022-02-26,0.0,0.0
2022-02-27,0.0,0.0
2022-02-28,0.0,0.0
2022-03-01,0.0,0.0
2022-03-02,0.0,0.0
2022-03-03,0.0,0.0
2022-03-04,0.0,0.0
2022-03-05,0.0,0.0
2022-03-06,0.0,0.0
2022-03-07,0.0,0.0
2022-03-08,0.0,0.0
2022-03-09,0.0,0.0
2022-03-10,0.0,0.0
2022-03-11,0.0,0.0
2022-03-12,0.0,0.0
2022-03-13,0.0,0.0
2022-03-14,0.0,0.0
2022-03-15,0.0,0.0
2022-03-16,0.0,0.0
2022-03-17,0.0,0.0
2022-03-18,0.0,0.0
2022-03-19,0.0,0.0
2022-03-20,0.0,0.0
2022-03-21,0.0,0.0
2022-03-22,0.0,0.0
2022-03-23,0.0,0.0
2022-03-24,0.0,0.0
2022-03-25,0.0,0.0
2022-03-26,0.0,0.0
2022-03-27,0.0,0.0
2022-03-28,0.0,0.0
2022-03-29,0.0,0.0
2022-03-30,0.0,0.0
2022-03-31,0.0,0.0
2022-04-01,0.0,0.0
2022-04-02,0.0,0.0
2022-04-03,0.0,0.0
2022-04-04,0.0,0.0
2022-04-05,0.0,0.0
2022-04-06,0.0,0.0
2022-04-07,0.0,0.0
2022-04-08,0.0,0.0
2022-04-09,0.0,0.0
2022-04-10,0.0,0.0
2022-04-11,0.0,0.0
2022-04-12,0.0,0.0
2022-04-13,0.0,0.0
2022-04-14,0.0,0.0
2022-04-15,0.0,0.0
2022-04-16,0.0,0.0
2022-04-17,0.0,0.0
2022-04-18,0.0,0.0
2022-04-19,0.0,0.0
2022-04-20,0.0,0.0
2022-04-21,0.0,0.0
2022-04-22,0.0,0.0
2022-04-23,0.0,0.0
2022-04-24,0.0,0.0
2022-04-25,0.0,0.0
2022-04-26,0.0,0.0
2022-04-27,0.0,0.0
2022-04-28,0.0,0.0
2022-04-29,0.0,0.0
2022-04-30,0.0,0.0
2022-05-01,0.0,0.0
2022-05-02,0.0,0.0
2022-05-03,0.0,0.0
2022-05-04,0.0,0.0
2022-05-05,0.0,0.0
2022-05-06,0.0,0.0
2022-05-07,0.0,0.0
2022-05-08,0.0,0.0
2022-05-09,0.0,0.0
2022-05-10,0.0,0.0
2022-05-11,0.0,0.0
2022-05-12,0.0,0.0
2022-05-13,0.0,0.0
2022-05-14,0.0,0.0
2022-05-15,0.0,0.0
2022-05-16,0.0,0.0
2022-05-17,0.0,0.0
2022-05-18,0.0,0.0
2022-05-19,0.0,0.0
2022-05-20,0.0,0.0
2022-05-21,0.0,0.0
2022-05-22,0.0,0.0
2022-05-23,0.0,0.0
2022-05-24,0.0,0.0
2022-05-25,0.0,0.0
2022-05-26,0.0,0.0
2022-05-27,0.0,0.0
2022-05-28,0.0,0.0
2022-05-29,0.0,0.0
2022-05-30,0.0,0.0
2022-05-31,0.0,0.0
2022-06-01,0.0,0.0
2022-06-02,0.0,0.0
2022-06-03,0.0,0.0
2022-06-04,0.0,0.0
2022-06-05,0.0,0.0
2022-06-06,0.0,0.0
2022-06-07,0.0,0.0
2022-06-08,0.0,0.0
2022-06-09,0.0,0.0
2022-06-10,0.0,0.0
2022-06-11,0.0,0.0
2022-06-12,0.0,0.0
2022-06-13,0.0,0.0
2022-06-14,0.0,0.0
2022-06-15,0.0,0.0
2022-06-16,0.0,0.0
2022-06-17,0.0,0.0
2022-06-18,0.0,0.0
2022-06-19,0.0,0.0
2022-06-20,0.0,0.0
2022-06-21,0.0,0.0
2022-06-22,0.0,0.0
2022-06-23,0.0,0.0
2022-06-24,0.0,0.0
2022-06-25,0.0,0.0
2022-06-26,0.0,0.0
2022-06-27,0.0,0.0
2022-06-28,0.0,0.0
2022-06-29,0.0,0.0
2022-06-30,0.0,0.0
2022-07-01,0.0,0.0
2022-07-02,0.0,0.0
2022-07-03,0.0,0.0
2022-07-04,0.0,0.0
2022-07-05,0.0,0.0
2022-07-06,0.0,0.0
2022-07-07,0.0,0.0
2022-07-08,0.0,0.0
2022-07-09,0.0,0.0
2022-07-10,0.0,0.0
2022-07-11,0.0,0.0
2022-07-12,0.0,0.0
2022-07-13,0.0,0.0
2022-07-14,0.0,0.0
2022-07-15,0.0,0.0
2022-07-16,0.0,0.0
2022-07-17,0.0,0.0
2022-07-18,0.0,0.0
2022-07-19,0.0,0.0
2022-07-20,0.0,0.0
2022-07-21,0.0,0.0
2022-07-22,0.0,0.0
2022-07-23,0.0,0.0
2022-07-24,0.0,0.0
2022-07-25,0.0,0.0
2022-07-26,0.0,0.0
2022-07-27,0.0,0.0
2022-07-28,0.0,0.0
2022-07-29,0.0,0.0
2022-07-30,0.0,0.0
2022-07-31,0.0,0.0
2022-08-01,0.0,0.0
2022-08-02,0.0,0.0
2022-08-03,0.0,0.0
2022-08-04,0.0,0.0
2022-08-05,0.0,0.0
2022-08-06,0.0,0.0
2022-08-07,0.0,0.0
2022-08-08,0.0,0.0
2022-08-09,0.0,0.0
2022-08-10,0.0,0.0
2022-08-11,0.0,0.0
2022-08-12,0.0,0.0
2022-08-13,0.0,0.0
2022-08-14,0.0,0.0
2022-08-15,0.0,0.0
2022-08-16,0.0,0.0
2022-08-17,0.0,0.0
2022-08-18,0.0,0.0
2022-08-19,0.0,0.0
2022-08-20,0.0,0.0
2022-08-21,0.0,0.0
2022-08-22,0.0,0.0
2022-08-23,0.0,0.0
2022-08-24,0.0,0.0
2022-08-25,0.0,0.0
2022-08-26,0.0,0.0
2022-08-27,0.0,0.0
2022-08-28,0.0,0.0
2022-08-29,0.0,0.0
2022-08-30,0.0,0.0
2022-08-31,0.0,0.0
2022-09-01,0.0,0.0
2022-09-02,0.0,0.0
2022-09-03,0.0,0.0
2022-09-04,0.0,0.0
2022-09-05,0.0,0.0
2022-09-06,0.0,0.0
2022-09-07,0.0,0.0
2022-09-08,0.0,0.0
2022-09-09,0.0,0.0
2022-09-10,0.0,0.0
2022-09-11,0.0,0.0
2022-09-12,0.0,0.0
2022-09-13,0.0,0.0
2022-09-14,0.0,0.0
2022-09-15,0.0,0.0
2022-09-16,0.0,0.0
2022-09-17,0.0,0.0
2022-09-18,0.0,0.0
2022-09-19,0.0,0.0
2022-09-20,0.0,0.0
2022-09-21,0.0,0.0
2022-09-22,0.0,0.0
2022-09-23,0.0,0.0
2022-09-24,0.0,0.0
2022-09-25,0.0,0.0
2022-09-26,0.0,0.0
2022-09-27,0.0,0.0
2022-09-28,0.0,0.0
2022-09-29,0.0,0.0
2022-09-30,0.0,0.0
2022-10-01,0.0,0.0
2022-10-02,0.0,0.0
2022-10-03,0.0,0.0
2022-10-04,0.0,0.0
2022-10-05,0.0,0.0
2022-10-06,0.0,0.0
2022-10-07,0.0,0.0
2022-10-08,0.0,0.0
2022-10-09,0.0,0.0
2022-10-10,0.0,0.0
2022-10-11,0.0,0.0
2022-10-12,0.0,0.0
2022-10-13,0.0,0.0
2022-10-14,0.0,0.0
2022-10-15,0.0,0.0
2022-10-16,0.0,0.0
2022-10-17,0.0,0.0
2022-10-18,0.0,0.0
2022-10-19,0.0,0.0
2022-10-20,0.0,0.0
2022-10-21,0.0,0.0
2022-10-22,0.0,0.0
2022-10-23,0.0,0.0
2022-10-24,0.0,0.0
2022-10-25,0.0,0.0
2022-10-26,0.0,0.0
2022-10-27,0.0,0.0
2022-10-28,0.0,0.0
2022-10-29,0.0,0.0
2022-10-30,0.0,0.0
2022-10-31,0.0,0.0
2022-11-01,0.0,0.0
2022-11-02,0.0,0.0
2022-11-03,0.0,0.0
2022-11-04,0.0,0.0
2022-11-05,0.0,0.0
2022-11-06,0.0,0.0
2022-11-07,0.0,0.0
2022-11-08,0.0,0.0
2022-11-09,0.0,0.0
2022-11-10,0.0,0.0
2022-11-11,0.0,0.0
2022-11-12,0.0,0.0
2022-11-13,0.0,0.0
2022-11-14,0.0,0.0
2022-11-15,0.0,0.0
2022-11-16,0.0,0.0
2022-11-17,0.0,0.0
2022-11-18,0.0,0.0
2022-11-19,0.0,0.0
2022-11-20,0.0,0.0
2022-11-21,0.0,0.0
2022-11-22,0.0,0.0
2022-11-23,0.0,0.0
2022-11-24,0.0,0.0
2022-11-25,0.0,0.0
2022-11-26,0.0,0.0
2022-11-27,0.0,0.0
2022-11-28,0.0,0.0
2022-11-29,0.0,0.0
2022-11-30,0.0,0.0
2022-12-01,0.0,0.0
2022-12-02,0.0,0.0
2022-12-03,0.0,0.0
2022-12-04,0.0,0.0
2022-12-05,0.0,0.0
2022-12-06,0.0,0.0
2022-12-07,0.0,0.0
2022-12-08,0.0,0.0
2022-12-09,0.0,0.0
2022-12-10,0.0,0.0
2022-12-11,0.0,0.0
2022-12-12,0.0,0.0
2022-12-13,0.0,0.0
2022-12-14,0.0,0.0
2022-12-15,0.0,0.0
2022-12-16,0.0,0.0
2022-12-17,0.0,0.0
2022-12-18,0.0,0.0
2022-12-19,0.0,0.0
2022-12-20,0.0,0.0
2022-12-21,0.0,0.0
2022-12-22,0.0,0.0
2022-12-23,0.0,0.0
2022-12-24,0.0,0.0
2022-12-25,0.0,0.0
2022-12-26,0.0,0.0
2022-12-27,0.0,0.0
2022-12-28,0.0,0.0
2022-12-29,0.0,0.0
2022-12-30,0.0,0.0
2022-12-31,0.0,0.0
2023-01-01,0.0,0.0
2023-01-02,0.0,0.0
2023-01-03,0.0,0.0
2023-01-04,0.0,0.0
2023-01-05,0.0,0.0
2023-01-06,0.0,0.0
2023-01-07,0.0,0.0
2023-01-08,0.0,0.0
2023-01-09,0.0,0.0
2023-01-10,0.0,0.0
2023-01-11,0.0,0.0
2023-01-12,0.0,0.0
2023-01-13,0.0,0.0
2023-01-14,0.0,0.0
2023-01-15,0.0,0.0
2023-01-16,0.0,0.0
2023-01-17,0.0,0.0
2023-01-18,0.0,0.0
2023-01-19,0.0,0.0
2023-01-20,0.0,0.0
2023-01-21,0.0,0.0
2023-01-22,0.0,0.0
2023-01-23,0.0,0.0
2023-01-24,0.0,0.0
2023-01-25,0.0,0.0
2023-01-26,0.0,0.0
2023-01-27,0.0,0.0
2023-01-28,0.0,0.0
2023-01-29,0.0,0.0
2023-01-30,0.0,0.0
2023-01-31,0.0,0.0
2023-02-01,0.0,0.0
2023-02-02,0.0,0.0
2023-02-03,0.0,0.0
2023-02-04,0.0,0.0
2023-02-05,0.0,0.0
2023-02-06,0.0,0.0
2023-02-07,0.0,0.0
2023-02-08,0.0,0.0
2023-02-09,0.0,0.0
2023-02-10,0.0,0.0
2023-02-11,0.0,0.0
2023-02-12,0.0,0.0
2023-02-13,0.0,0.0
2023-02-14,0.0,0.0
2023-02-15,0.0,0.0
2023-02-16,0.0,0.0
2023-02-17,0.0,0.0
2023-02-18,0.0,0.0
2023-02-19,0.0,0.0
2023-02-20,0.0,0.0
2023-02-21,0.0,0.0
2023-02-22,0.0,0.0
2023-02-23,0.0,0.0
2023-02-24,0.0,0.0
2023-02-25,0.0,0.0
2023-02-26,0.0,0.0
2023-02-27,0.0,0.0
2023-02-28,0.0,0.0
2023-03-01,0.0,0.0
2023-03-02,0.0,0.0
2023-03-03,0.0,0.0
2023-03-04,0.0,0.0
2023-03-05,0.0,0.0
2023-03-06,0.0,0.0
2023-03-07,0.0,0.0
2023-03-08,0.0,0.0
2023-03-09,0.0,0.0
2023-03-10,0.0,0.0
2023-03-11,0.0,0.0
2023-03-12,0.0,0.0
2023-03-13,0.0,0.0
2023-03-14,0.0,0.0
2023-03-15,0.0,0.0
2023-03-16,0.0,0.0
2023-03-17,0.0,0.0
2023-03-18,0.0,0.0
2023-03-19,0.0,0.0
2023-03-20,0.0,0.0
2023-03-21,0.0,0.0
2023-03-22,0.0,0.0
2023-03-23,0.0,0.0
2023-03-24,0.0,0.0
2023-03-25,0.0,0.0
2023-03-26,0.0,0.0
2023-03-27,0.0,0.0
2023-03-28,0.0,0.0
2023-03-29,0.0,0.0
2023-03-30,0.0,0.0
2023-03-31,0.0,0.0
2023-04-01,0.0,0.0
2023-04-02,0.0,0.0
2023-04-03,0.0,0.0
2023-04-04,0.0,0.0
2023-04-05,0.0,0.0
2023-04-06,0.0,0.0
2023-04-07,0.0,0.0
2023-04-08,0.0,0.0
2023-04-09,0.0,0.0
2023-04-10,0.0,0.0
2023-04-11,0.0,0.0
2023-04-12,0.0,0.0
2023-04-13,0.0,0.0
2023-04-14,0.0,0.0
2023-04-15,0.0,0.0
2023-04-16,0.0,0.0
2023-04-17,0.0,0.0
2023-04-18,0.0,0.0
2023-04-19,0.0,0.0
2023-04-20,0.0,0.0
2023-04-21,0.0,0.0
2023-04-22,0.0,0.0
2023-04-23,0.0,0.0
2023-04-24,0.0,0.0
2023-04-25,0.0,0.0
2023-04-26,0.0,0.0
2023-04-27,0.0,0.0
2023-04-28,0.0,0.0
2023-04-29,0.0,0.0
2023-04-30,0.0,0.0
2023-05-01,0.0,0.0
2023-05-02,0.0,0.0
2023-05-03,0.0,0.0
2023-05-04,0.0,0.0
2023-05-05,0.0,0.0
2023-05-06,0.0,0.0
2023-05-07,0.0,0.0
2023-05-08,0.0,0.0
2023-05-09,0.0,0.0
2023-05-10,0.0,0.0
2023-05-11,0.0,0.0
2023-05-12,0.0,0.0
2023-05-13,0.0,0.0
2023-05-14,0.0,0.0
2023-05-15,0.0,0.0
2023-05-16,0.0,0.0
2023-05-17,0.0,0.0
2023-05-18,0.0,0.0
2023-05-19,0.0,0.0
2023-05-20,0.0,0.0
2023-05-21,0.0,0.0
2023-05-22,0.0,0.0
2023-05-23,0.0,0.0
2023-05-24,0.0,0.0
2023-05-25,0.0,0.0
2023-05-26,0.0,0.0
2023-05-27,0.0,0.0
2023-05-28,0.0,0.0
2023-05-29,0.0,0.0
2023-05-30,0.0,0.0
2023-05-31,0.0,0.0
2023-06-01,0.0,0.0
2023-06-02,0.0,0.0
2023-06-03,0.0,0.0
2023-06-04,0.0,0.0
2023-06-05,0.0,0.0
2023-06-06,0.0,0.0
2023-06-07,0.0,0.0
2023-06-08,0.0,0.0
2023-06-09,0.0,0.0
2023-06-10,0.0,0.0
2023-06-11,0.0,0.0
2023-06-12,0.0,0.0
2023-06-13,0.0,0.0
2023-06-14,0.0,0.0
2023-06-15,0.0,0.0
2023-06-16,0.0,0.0
2023-06-17,0.0,0.0
2023-06-18,0.0,0.0
2023-06-19,0.0,0.0
2023-06-20,0.0,0.0
2023-06-21,0.0,0.0
2023-06-22,0.0,0.0
2023-06-23,0.0,0.0
2023-06-24,0.0,0.0
2023-06-25,0.0,0.0
2023-06-26,0.0,0.0
2023-06-27,0.0,0.0
2023-06-28,0.0,0.0
2023-06-29,0.0,0.0
2023-06-30,0.0,0.0
2023-07-01,0.0,0.0
2023-07-02,0.0,0.0
2023-07-03,0.0,0.0
2023-07-04,0.0,0.0
2023-07-05,0.0,0.0
2023-07-06,0.0,0.0
2023-07-07,0.0,0.0
2023-07-08,0.0,0.0
2023-07-09,0.0,0.0
2023-07-10,0.0,0.0
2023-07-11,0.0,0.0
2023-07-12,0.0,0.0
2023-07-13,0.0,0.0
2023-07-14,0.0,0.0
2023-07-15,0.0,0.0
2023-07-16,0.0,0.0
2023-07-17,0.0,0.0
2023-07-18,0.0,0.0
2023-07-19,0.0,0.0
2023-07-20,0.0,0.0
2023-07-21,0.0,0.0
2023-07-22,0.0,0.0
2023-07-23,0.0,0.0
2023-07-24,0.0,0.0
2023-07-25,0.0,0.0
2023-07-26,0.0,0.0
2023-07-27,0.0,0.0
2023-07-28,0.0,0.0
2023-07-29,0.0,0.0
2023-07-30,0.0,0.0
2023-07-31,0.0,0.0
2023-08-01,0.0,0.0
2023-08-02,0.0,0.0
2023-08-03,0.0,0.0
2023-08-04,0.0,0.0
2023-08-05,0.0,0.0
2023-08-06,0.0,0.0
2023-08-07,0.0,0.0
2023-08-08,0.0,0.0
2023-08-09,0.0,0.0
2023-08-10,0.0,0.0
2023-08-11,0.0,0.0
2023-08-12,0.0,0.0
2023-08-13,0.0,0.0
2023-08-14,0.0,0.0
2023-08-15,0.0,0.0
2023-08-16,0.0,0.0
2023-08-17,0.0,0.0
2023-08-18,0.0,0.0
2023-08-19,0.0,0.0
2023-08-20,0.0,0.0
2023-08-21,0.0,0.0
2023-08-22,0.0,0.0
2023-08-23,0.0,0.0
2023-08-24,0.0,0.0
2023-08-25,0.0,0.0
2023-08-26,0.0,0.0
2023-08-27,0.0,0.0
2023-08-28,0.0,0.0
2023-08-29,0.0,0.0
2023-08-30,0.0,0.0
2023-08-31,0.0,0.0
2023-09-01,0.0,0.0
2023-09-02,0.0,0.0
2023-09-03,0.0,0.0
2023-09-04,0.0,0.0
2023-09-05,0.0,0.0
2023-09-06,0.0,0.0
2023-09-07,0.0,0.0
2023-09-08,0.0,0.0
2023-09-09,0.0,0.0
2023-09-10,0.0,0.0
2023-09-11,0.0,0.0
2023-09-12,0.0,0.0
2023-09-13,0.0,0.0
2023-09-14,0.0,0.0
2023-09-15,0.0,0.0
2023-09-16,0.0,0.0
2023-09-17,0.0,0.0
2023-09-18,0.0,0.0
2023-09-19,0.0,0.0
2023-09-20,0.0,0.0
2023-09-21,0.0,0.0
2023-09-22,0.0,0.0
2023-09-23,0.0,0.0
2023-09-24,0.0,0.0
2023-09-25,0.0,0.0
2023-09-26,0.0,0.0
2023-09-27,0.0,0.0
2023-09-28,0.0,0.0
2023-09-29,0.0,0.0
2023-09-30,0.0,0.0
2023-10-01,0.0,0.0
2023-10-02,0.0,0.0
2023-10-03,0.0,0.0
2023-10-04,0.0,0.0
2023-10-05,0.0,0.0
2023-10-06,0.0,0.0
2023-10-07,0.0,0.0
2023-10-08,0.0,0.0
2023-10-09,0.0,0.0
2023-10-10,0.0,0.0
2023-10-11,0.0,0.0
2023-10-12,0.0,0.0
2023-10-13,0.0,0.0
2023-10-14,0.0,0.0
2023-10-15,0.0,0.0
2023-10-16,0.0,0.0
2023-10-17,0.0,0.0
2023-10-18,0.0,0.0
2023-10-19,0.0,0.0
2023-10-20,0.0,0.0
2023-10-21,0.0,0.0
2023-10-22,0.0,0.0
2023-10-23,0.0,0.0
2023-10-24,0.0,0.0
2023-10-25,0.0,0.0
2023-10-26,0.0,0.0
2023-10-27,0.0,0.0
2023-10-28,0.0,0.0
2023-10-29,0.0,0.0
2023-10-30,0.0,0.0
2023-10-31,0.0,0.0
2023-11-01,0.0,0.0
2023-11-02,0.0,0.0
2023-11-03,0.0,0.0
2023-11-04,0.0,0.0
2023-11-05,0.0,0.0
2023-11-06,0.0,0.0
2023-11-07,0.0,0.0
2023-11-08,0.0,0.0
2023-11-09,0.0,0.0
2023-11-10,0.0,0.0
2023-11-11,0.0,0.0
2023-11-12,0.0,0.0
2023-11-13,0.0,0.0
2023-11-14,0.0,0.0
2023-11-15,0.0,0.0
2023-11-16,0.0,0.0
2023-11-17,0.0,0.0
2023-11-18,0.0,0.0
2023-11-19,0.0,0.0
2023-11-20,0.0,0.0
2023-11-21,0.0,0.0
2023-11-22,0.0,0.0
2023-11-23,0.0,0.0
2023-11-24,0.0,0.0
2023-11-25,0.0,0.0
2023-11-26,0.0,0.0
2023-11-27,0.0,0.0
2023-11-28,0.0,0.0
2023-11-29,0.0,0.0
2023-11-30,0.0,0.0
2023-12-01,0.0,0.0
2023-12-02,0.0,0.0
2023-12-03,0.0,0.0
2023-12-04,0.0,0.0
2023-12-05,0.0,0.0
2023-12-06,0.0,0.0
2023-12-07,0.0,0.0
2023-12-08,0.0,0.0
2023-12-09,0.0,0.0
2023-12-10,0.0,0.0
2023-12-11,0.0,0.0
2023-12-12,0.0,0.0
2023-12-13,0.0,0.0
2023-12-14,0.0,0.0
2023-12-15,0.0,0.0
2023-12-16,0.0,0.0
2023-12-17,0.0,0.0
2023-12-18,0.0,0.0
2023-12-19,0.0,0.0
2023-12-20,0.0,0.0
2023-12-21,0.0,0.0
2023-12-22,0.0,0.0
2023-12-23,0.0,0.0
2023-12-24,0.0,0.0
2023-12-25,0.0,0.0
2023-12-26,0.0,0.0
2023-12-27,0.0,0.0
2023-12-28,0.0,0.0
2023-12-29,0.0,0.0
2023-12-30,0.0,0.0
2023-12-31,0.0,0.0
2024-01-01,0.0,0.0
2024-01-02,0.0,0.0
2024-01-03,0.0,0.0
2024-01-04,0.0,0.0
2024-01-05,0.0,0.0
2024-01-06,0.0,0.0
2024-01-07,0.0,0.0
2024-01-08,0.0,0.0
2024-01-09,0.0,0.0
2024-01-10,0.0,0.0
2024-01-11,0.0,0.0
2024-01-12,0.0,0.0
2024-01-13,0.0,0.0
2024-01-14,0.0,0.0
2024-01-15,0.0,0.0
2024-01-16,0.0,0.0
2024-01-17,0.0,0.0
2024-01-18,0.0,0.0
2024-01-19,0.0,0.0
2024-01-20,0.0,0.0
2024-01-21,0.0,0.0
2024-01-22,0.0,0.0
2024-01-23,0.0,0.0
2024-01-24,0.0,0.0
2024-01-25,0.0,0.0
2024-01-26,0.0,0.0
2024-01-27,0.0,0.0
2024-01-28,0.0,0.0
2024-01-29,0.0,0.0
2024-01-30,0.0,0.0
2024-01-31,0.0,0.0
2024-02-01,0.0,0.0
2024-02-02,0.0,0.0
2024-02-03,0.0,0.0
2024-02-04,0.0,0.0
2024-02-05,0.0,0.0
2024-02-06,0.0,0.0
2024-02-07,0.0,0.0
2024-02-08,0.0,0.0
2024-02-09,0.0,0.0
2024-02-10,0.0,0.0
2024-02-11,0.0,0.0
2024-02-12,0.0,0.0
2024-02-13,0.0,0.0
2024-02-14,0.0,0.0
2024-02-15,0.0,0.0
2024-02-16,0.0,0.0
2024-02-17,0.0,0.0
2024-02-18,0.0,0.0
2024-02-19,0.0,0.0
2024-02-20,0.0,0.0
2024-02-21,0.0,0.0
2024-02-22,0.0,0.0
2024-02-23,0.0,0.0
2024-02-24,0.0,0.0
2024-02-25,0.0,0.0
2024-02-26,0.0,0.0
2024-02-27,0.0,0.0
2024-02-28,0.0,0.0
2024-02-29,0.0,0.0
2024-03-01,0.0,0.0
2024-03-02,0.0,0.0
2024-03-03,0.0,0.0
2024-03-04,0.0,0.0
2024-03-05,0.0,0.0
2024-03-06,0.0,0.0
2024-03-07,0.0,0.0
2024-03-08,0.0,0.0
2024-03-09,0.0,0.0
2024-03-10,0.0,0.0
2024-03-11,0.0,0.0
2024-03-12,0.0,0.0
2024-03-13,0.0,0.0
2024-03-14,0.0,0.0
2024-03-15,0.0,0.0
2024-03-16,0.0,0.0
2024-03-17,0.0,0.0
2024-03-18,0.0,0.0
2024-03-19,0.0,0.0
2024-03-20,0.0,0.0
2024-03-21,0.0,0.0
2024-03-22,0.0,0.0
2024-03-23,0.0,0.0
2024-03-24,0.0,0.0
2024-03-25,0.0,0.0
2024-03-26,0.0,0.0
2024-03-27,0.0,0.0
2024-03-28,0.0,0.0
2024-03-29,0.0,0.0
2024-03-30,0.0,0.0
2024-03-31,0.0,0.0
2024-04-01,0.0,0.0
2024-04-02,0.0,0.0
2024-04-03,0.0,0.0
2024-04-04,0.0,0.0
2024-04-05,0.0,0.0
2024-04-06,0.0,0.0
2024-04-07,0.0,0.0
2024-04-08,0.0,0.0
2024-04-09,0.0,0.0
2024-04-10,0.0,0.0
2024-04-11,0.0,0.0
2024-04-12,0.0,0.0
2024-04-13,0.0,0.0
2024-04-14,0.0,0.0
2024-04-15,0.0,0.0
2024-04-16,0.0,0.0
2024-04-17,0.0,0.0
2024-04-18,0.0,0.0
2024-04-19,0.0,0.0
2024-04-20,0.0,0.0
2024-04-21,0.0,0.0
2024-04-22,0.0,0.0
2024-04-23,0.0,0.0
2024-04-24,0.0,0.0
2024-04-25,0.0,0.0
2024-04-26,0.0,0.0
2024-04-27,0.0,0.0
2024-04-28,0.0,0.0
2024-04-29,0.0,0.0
2024-04-30,0.0,0.0
2024-05-01,0.0,0.0
2024-05-02,0.0,0.0
2024-05-03,0.0,0.0
2024-05-04,0.0,0.0
2024-05-05,0.0,0.0
2024-05-06,0.0,0.0
2024-05-07,0.0,0.0
2024-05-08,0.0,0.0
2024-05-09,0.0,0.0
2024-05-10,0.0,0.0
2024-05-11,0.0,0.0
2024-05-12,0.0,0.0
2024-05-13,0.0,0.0
2024-05-14,0.0,0.0
2024-05-15,0.0,0.0
2024-05-16,0.0,0.0
2024-05-17,0.0,0.0
2024-05-18,0.0,0.0
2024-05-19,0.0,0.0
2024-05-20,0.0,0.0
2024-05-21,0.0,0.0
2024-05-22,0.0,0.0
2024-05-23,0.0,0.0
2024-05-24,0.0,0.0
2024-05-25,0.0,0.0
2024-05-26,0.0,0.0
2024-05-27,0.0,0.0
2024-05-28,0.0,0.0
2024-05-29,0.0,0.0
2024-05-30,0.0,0.0
2024-05-31,0.0,0.0
2024-06-01,0.0,0.0
2024-06-02,0.0,0.0
2024-06-03,0.0,0.0
2024-06-04,0.0,0.0
2024-06-05,0.0,0.0
2024-06-06,0.0,0.0
2024-06-07,0.0,0.0
2024-06-08,0.0,0.0
2024-06-09,0.0,0.0
2024-06-10,0.0,0.0
2024-06-11,0.0,0.0
2024-06-12,0.0,0.0
2024-06-13,0.0,0.0
2024-06-14,0.0,0.0
2024-06-15,0.0,0.0
2024-06-16,0.0,0.0
2024-06-17,0.0,0.0
2024-06-18,0.0,0.0
2024-06-19,0.0,0.0
2024-06-20,0.0,0.0
2024-06-21,0.0,0.0
2024-06-22,0.0,0.0
2024-06-23,0.0,0.0
2024-06-24,0.0,0.0
2024-06-25,0.0,0.0
2024-06-26,0.0,0.0
2024-06-27,0.0,0.0
2024-06-28,0.0,0.0
2024-06-29,0.0,0.0
2024-06-30,0.0,0.0
2024-07-01,0.0,0.0
2024-07-02,0.0,0.0
2024-07-03,0.0,0.0
2024-07-04,0.0,0.0
2024-07-05,0.0,0.0
2024-07-06,0.0,0.0
2024-07-07,0.0,0.0
2024-07-08,0.0,0.0
2024-07-09,0.0,0.0
2024-07-10,0.0,0.0
2024-07-11,0.0,0.0
2024-07-12,0.0,0.0
2024-07-13,0.0,0.0
2024-07-14,0.0,0.0
2024-07-15,0.0,0.0
2024-07-16,0.0,0.0
2024-07-17,0.0,0.0
2024-07-18,0.0,0.0
2024-07-19,0.0,0.0
2024-07-20,0.0,0.0
2024-07-21,0.0,0.0
2024-07-22,0.0,0.0
2024-07-23,0.0,0.0
2024-07-24,0.0,0.0
2024-07-25,0.0,0.0
2024-07-26,0.0,0.0
2024-07-27,0.0,0.0
2024-07-28,0.0,0.0
2024-07-29,0.0,0.0
2024-07-30,0.0,0.0
2024-07-31,0.0,0.0
2024-08-01,0.0,0.0
2024-08-02,0.0,0.0
2024-08-03,0.0,0.0
2024-08-04,0.0,0.0
2024-08-05,0.0,0.0
2024-08-06,0.0,0.0
2024-08-07,0.0,0.0
2024-08-08,0.0,0.0
2024-08-09,0.0,0.0
2024-08-10,0.0,0.0
2024-08-11,0.0,0.0
2024-08-12,0.0,0.0
2024-08-13,0.0,0.0
2024-08-14,0.0,0.0
2024-08-15,0.0,0.0
2024-08-16,0.0,0.0
2024-08-17,0.0,0.0
2024-08-18,0.0,0.0
2024-08-19,0.0,0.0
2024-08-20,0.0,0.0
2024-08-21,0.0,0.0
2024-08-22,0.0,0.0
2024-08-23,0.0,0.0
2024-08-24,0.0,0.0
2024-08-25,0.0,0.0
2024-08-26,0.0,0.0
2024-08-27,0.0,0.0
2024-08-28,0.0,0.0
2024-08-29,0.0,0.0
2024-08-30,0.0,0.0
2024-08-31,0.0,0.0
2024-09-01,0.0,0.0
2024-09-02,0.0,0.0
2024-09-03,0.0,0.0
2024-09-04,0.0,0.0
2024-09-05,0.0,0.0
2024-09-06,0.0,0.0
2024-09-07,0.0,0.0
2024-09-08,0.0,0.0
2024-09-09,0.0,0.0
2024-09-10,0.0,0.0
2024-09-11,0.0,0.0
2024-09-12,0.0,0.0
2024-09-13,0.0,0.0
2024-09-14,0.0,0.0
2024-09-15,0.0,0.0
2024-09-16,0.0,0.0
2024-09-17,0.0,0.0
2024-09-18,0.0,0.0
2024-09-19,0.0,0.0
2024-09-20,0.0,0.0
2024-09-21,0.0,0.0
2024-09-22,0.0,0.0
2024-09-23,0.0,0.0
2024-09-24,0.0,0.0
2024-09-25,0.0,0.0
2024-09-26,0.0,0.0
2024-09-27,0.0,0.0
2024-09-28,0.0,0.0
2024-09-29,0.0,0.0
2024-09-30,0.0,0.0
2024-10-01,0.0,0.0
2024-10-02,0.0,0.0
2024-10-03,0.0,0.0
2024-10-04,0.0,0.0
2024-10-05,0.0,0.0
2024-10-06,0.0,0.0
2024-10-07,0.0,0.0
2024-10-08,0.0,0.0
2024-10-09,0.0,0.0
2024-10-10,0.0,0.0
2024-10-11,0.0,0.0
2024-10-12,0.0,0.0
2024-10-13,0.0,0.0
2024-10-14,0.0,0.0
2024-10-15,0.0,0.0
2024-10-16,0.0,0.0
2024-10-17,0.0,0.0
2024-10-18,0.0,0.0
2024-10-19,0.0,0.0
2024-10-20,0.0,0.0
2024-10-21,0.0,0.0
2024-10-22,0.0,0.0
2024-10-23,0.0,0.0
2024-10-24,0.0,0.0
2024-10-25,0.0,0.0
2024-10-26,0.0,0.0
2024-10-27,0.0,0.0
2024-10-28,0.0,0.0
2024-10-29,0.0,0.0
2024-10-30,0.0,0.0
2024-10-31,0.0,0.0
2024-11-01,0.0,0.0
2024-11-02,0.0,0.0
2024-11-03,0.0,0.0
2024-11-04,0.0,0.0
2024-11-05,0.0,0.0
2024-11-06,0.0,0.0
2024-11-07,0.0,0.0
2024-11-08,0.0,0.0
2024-11-09,0.0,0.0
2024-11-10,0.0,0.0
2024-11-11,0.0,0.0
2024-11-12,0.0,0.0
2024-11-13,0.0,0.0
2024-11-14,0.0,0.0
2024-11-15,0.0,0.0
2024-11-16,0.0,0.0
2024-11-17,0.0,0.0
2024-11-18,0.0,0.0
2024-11-19,0.0,0.0
2024-11-20,0.0,0.0
2024-11-21,0.0,0.0
2024-11-22,0.0,0.0
2024-11-23,0.0,0.0
2024-11-24,0.0,0.0
2024-11-25,0.0,0.0
2024-11-26,0.0,0.0
2024-11-27,0.0,0.0
2024-11-28,0.0,0.0
2024-11-29,0.0,0.0
2024-11-30,0.0,0.0
2024-12-01,0.0,0.0
2024-12-02,0.0,0.0
2024-12-03,0.0,0.0
2024-12-04,0.0,0.0
2024-12-05,0.0,0.0
2024-12-06,0.0,0.0
2024-12-07,0.0,0.0
2024-12-08,0.0,0.0
2024-12-09,0.0,0.0
2024-12-10,0.0,0.0
2024-12-11,0.0,0.0
2024-12-12,0.0,0.0
2024-12-13,0.0,0.0
2024-12-14,0.0,0.0
2024-12-15,0.0,0.0
2024-12-16,0.0,0.0
2024-12-17,0.0,0.0
2024-12-18,0.0,0.0
2024-12-19,0.0,0.0
2024-12-20,0.0,0.0
2024-12-21,0.0,0.0
2024-12-22,0.0,0.0
2024-12-23,0.0,0.0
2024-12-24,0.0,0.0
2024-12-25,0.0,0.0
2024-12-26,0.0,0.0
2024-12-27,0.0,0.0
2024-12-28,0.0,0.0
2024-12-29,0.0,0.0
2024-12-30,0.0,0.0
2024-12-31,0.0,0.0
2025-01-01,0.0,0.0
2025-01-02,0.0,0.0
2025-01-03,0.0,0.0
2025-01-04,0.0,0.0
2025-01-05,0.0,0.0
2025-01-06,0.0,0.0
2025-01-07,0.0,0.0
2025-01-08,0.0,0.0
2025-01-09,0.0,0.0
2025-01-10,0.0,0.0
2025-01-11,0.0,0.0
2025-01-12,0.0,0.0
2025-01-13,0.0,0.0
2025-01-14,0.0,0.0
2025-01-15,0.0,0.0
2025-01-16,0.0,0.0
2025-01-17,0.0,0.0
2025-01-18,0.0,0.0
2025-01-19,0.0,0.0
2025-01-20,0.0,0.0
2025-01-21,0.0,0.0
2025-01-22,0.0,0.0
2025-01-23,0.0,0.0
2025-01-24,0.0,0.0
2025-01-25,0.0,0.0
2025-01-26,0.0,0.0
2025-01-27,0.0,0.0
2025-01-28,0.0,0.0
2025-01-29,0.0,0.0
2025-01-30,0.0,0.0
2025-01-31,0.0,0.0
2025-02-01,0.0,0.0
2025-02-02,0.0,0.0
2025-02-03,0.0,0.0
2025-02-04,0.0,0.0
2025-02-05,0.0,0.0
2025-02-06,0.0,0.0
2025-02-07,0.0,0.0
2025-02-08,0.0,0.0
2025-02-09,0.0,0.0
2025-02-10,0.0,0.0
2025-02-11,0.0,0.0
2025-02-12,0.0,0.0
2025-02-13,0.0,0.0
2025-02-14,0.0,0.0
2025-02-15,0.0,0.0
2025-02-16,0.0,0.0
2025-02-17,0.0,0.0
