Date,Midnight population,24-hour population
2008-10-01,0.0,0.0
2008-10-02,0.0,0.0
2008-10-03,0.0,0.0
2008-10-04,0.0,0.0
2008-10-05,0.0,0.0
2008-10-06,0.0,0.0
2008-10-07,0.0,0.0
2008-10-08,0.0,0.0
2008-10-09,0.0,0.0
2008-10-10,0.0,0.0
2008-10-11,0.0,0.0
2008-10-12,0.0,0.0
2008-10-13,0.0,0.0
2008-10-14,0.0,0.0
2008-10-15,0.0,0.0
2008-10-16,0.0,0.0
2008-10-17,0.0,0.0
2008-10-18,0.0,0.0
2008-10-19,0.0,0.0
2008-10-20,0.0,0.0
2008-10-21,0.0,0.0
2008-10-22,0.0,0.0
2008-10-23,0.0,0.0
2008-10-24,0.0,0.0
2008-10-25,0.0,0.0
2008-10-26,0.0,0.0
2008-10-27,0.0,0.0
2008-10-28,0.0,0.0
2008-10-29,0.0,0.0
2008-10-30,688.0,731.0
2008-10-31,689.0,733.0
2008-11-01,689.0,734.0
2008-11-02,689.0,731.0
2008-11-03,690.0,733.0
2008-11-04,690.0,735.0
2008-11-05,689.0,736.0
2008-11-06,686.0,733.0
2008-11-07,680.0,729.0
2008-11-08,676.0,722.0
2008-11-09,666.0,712.0
2008-11-10,663.0,704.0
2008-11-11,660.0,701.0
2008-11-12,659.0,699.0
2008-11-13,657.0,697.0
2008-11-14,656.0,696.0
2008-11-15,654.0,694.0
2008-11-16,652.0,691.0
2008-11-17,652.0,689.0
2008-11-18,650.0,691.0
2008-11-19,648.0,689.0
2008-11-20,646.0,686.0
2008-11-21,642.0,684.0
2008-11-22,639.0,680.0
2008-11-23,637.0,675.0
2008-11-24,636.0,674.0
2008-11-25,634.0,674.0
2008-11-26,635.0,673.0
2008-11-27,635.0,672.0
2008-11-28,633.0,671.0
2008-11-29,631.0,668.0
2008-11-30,628.0,663.0
2008-12-01,627.0,660.0
2008-12-02,627.0,662.0
2008-12-03,625.0,662.0
2008-12-04,624.0,660.0
2008-12-05,624.0,660.0
2008-12-06,624.0,659.0
2008-12-07,626.0,658.0
2008-12-08,629.0,660.0
2008-12-09,632.0,666.0
2008-12-10,635.0,670.0
2008-12-11,638.0,675.0
2008-12-12,641.0,679.0
2008-12-13,640.0,681.0
2008-12-14,637.0,678.0
2008-12-15,634.0,674.0
2008-12-16,631.0,673.0
2008-12-17,630.0,671.0
2008-12-18,632.0,671.0
2008-12-19,634.0,674.0
2008-12-20,634.0,675.0
2008-12-21,634.0,671.0
2008-12-22,632.0,672.0
2008-12-23,631.0,672.0
2008-12-24,635.0,674.0
2008-12-25,638.0,676.0
2008-12-26,639.0,677.0
2008-12-27,639.0,677.0
2008-12-28,641.0,677.0
2008-12-29,640.0,679.0
2008-12-30,639.0,679.0
2008-12-31,639.0,679.0
2009-01-01,638.0,677.0
2009-01-02,637.0,675.0
2009-01-03,635.0,672.0
2009-01-04,633.0,668.0
2009-01-05,631.0,665.0
2009-01-06,630.0,665.0
2009-01-07,630.0,665.0
2009-01-08,630.0,665.0
2009-01-09,631.0,667.0
2009-01-10,631.0,666.0
2009-01-11,630.0,664.0
2009-01-12,634.0,664.0
2009-01-13,638.0,670.0
2009-01-14,641.0,674.0
2009-01-15,645.0,679.0
2009-01-16,647.0,682.0
2009-01-17,644.0,680.0
2009-01-18,642.0,675.0
2009-01-19,641.0,672.0
2009-01-20,642.0,673.0
2009-01-21,645.0,675.0
2009-01-22,644.0,676.0
2009-01-23,642.0,675.0
2009-01-24,637.0,673.0
2009-01-25,631.0,667.0
2009-01-26,625.0,662.0
2009-01-27,622.0,660.0
2009-01-28,624.0,659.0
2009-01-29,626.0,662.0
2009-01-30,628.0,666.0
2009-01-31,627.0,669.0
2009-02-01,627.0,666.0
2009-02-02,628.0,668.0
2009-02-03,628.0,672.0
2009-02-04,631.0,676.0
2009-02-05,631.0,680.0
2009-02-06,629.0,680.0
2009-02-07,626.0,676.0
2009-02-08,623.0,671.0
2009-02-09,620.0,670.0
2009-02-10,619.0,669.0
2009-02-11,617.0,669.0
2009-02-12,617.0,667.0
2009-02-13,616.0,669.0
2009-02-14,612.0,666.0
2009-02-15,608.0,660.0
2009-02-16,606.0,656.0
2009-02-17,606.0,657.0
2009-02-18,605.0,658.0
2009-02-19,603.0,657.0
2009-02-20,603.0,658.0
2009-02-21,601.0,657.0
2009-02-22,599.0,653.0
2009-02-23,602.0,653.0
2009-02-24,605.0,659.0
2009-02-25,609.0,663.0
2009-02-26,611.0,666.0
2009-02-27,613.0,671.0
2009-02-28,608.0,668.0
2009-03-01,604.0,661.0
2009-03-02,605.0,659.0
2009-03-03,606.0,663.0
2009-03-04,606.0,664.0
2009-03-05,606.0,663.0
2009-03-06,605.0,661.0
2009-03-07,603.0,656.0
2009-03-08,602.0,653.0
2009-03-09,601.0,654.0
2009-03-10,600.0,655.0
2009-03-11,600.0,653.0
2009-03-12,599.0,652.0
2009-03-13,596.0,650.0
2009-03-14,594.0,646.0
2009-03-15,591.0,641.0
2009-03-16,593.0,640.0
2009-03-17,596.0,645.0
2009-03-18,599.0,650.0
2009-03-19,600.0,653.0
2009-03-20,600.0,654.0
2009-03-21,598.0,652.0
2009-03-22,596.0,646.0
2009-03-23,597.0,645.0
2009-03-24,598.0,648.0
2009-03-25,599.0,649.0
2009-03-26,601.0,651.0
2009-03-27,604.0,656.0
2009-03-28,601.0,655.0
2009-03-29,598.0,649.0
2009-03-30,600.0,647.0
2009-03-31,601.0,651.0
2009-04-01,600.0,651.0
2009-04-02,600.0,650.0
2009-04-03,599.0,649.0
2009-04-04,598.0,647.0
2009-04-05,598.0,645.0
2009-04-06,599.0,646.0
2009-04-07,599.0,649.0
2009-04-08,599.0,648.0
2009-04-09,598.0,647.0
2009-04-10,600.0,647.0
2009-04-11,599.0,648.0
2009-04-12,599.0,645.0
2009-04-13,599.0,646.0
2009-04-14,599.0,648.0
2009-04-15,599.0,649.0
2009-04-16,598.0,648.0
2009-04-17,597.0,648.0
2009-04-18,594.0,645.0
2009-04-19,592.0,639.0
2009-04-20,591.0,638.0
2009-04-21,592.0,640.0
2009-04-22,592.0,641.0
2009-04-23,592.0,642.0
2009-04-24,592.0,642.0
2009-04-25,587.0,639.0
2009-04-26,583.0,631.0
2009-04-27,583.0,628.0
2009-04-28,584.0,630.0
2009-04-29,582.0,630.0
2009-04-30,581.0,628.0
2009-05-01,581.0,628.0
2009-05-02,578.0,626.0
2009-05-03,576.0,622.0
2009-05-04,576.0,622.0
2009-05-05,575.0,622.0
2009-05-06,575.0,623.0
2009-05-07,577.0,623.0
2009-05-08,578.0,626.0
2009-05-09,578.0,627.0
2009-05-10,576.0,624.0
2009-05-11,577.0,624.0
2009-05-12,579.0,627.0
2009-05-13,579.0,629.0
2009-05-14,579.0,629.0
2009-05-15,580.0,629.0
2009-05-16,576.0,628.0
2009-05-17,574.0,623.0
2009-05-18,576.0,621.0
2009-05-19,578.0,625.0
2009-05-20,581.0,629.0
2009-05-21,582.0,634.0
2009-05-22,583.0,635.0
2009-05-23,583.0,634.0
2009-05-24,582.0,631.0
2009-05-25,584.0,629.0
2009-05-26,587.0,633.0
2009-05-27,587.0,635.0
2009-05-28,587.0,636.0
2009-05-29,589.0,637.0
2009-05-30,589.0,638.0
2009-05-31,587.0,635.0
2009-06-01,588.0,633.0
2009-06-02,589.0,635.0
2009-06-03,588.0,636.0
2009-06-04,588.0,637.0
2009-06-05,588.0,638.0
2009-06-06,586.0,636.0
2009-06-07,583.0,631.0
2009-06-08,583.0,628.0
2009-06-09,584.0,630.0
2009-06-10,583.0,630.0
2009-06-11,580.0,626.0
2009-06-12,579.0,623.0
2009-06-13,577.0,618.0
2009-06-14,575.0,614.0
2009-06-15,575.0,611.0
2009-06-16,575.0,611.0
2009-06-17,574.0,610.0
2009-06-18,572.0,607.0
2009-06-19,568.0,601.0
2009-06-20,565.0,594.0
2009-06-21,563.0,589.0
2009-06-22,561.0,587.0
2009-06-23,559.0,585.0
2009-06-24,557.0,583.0
2009-06-25,553.0,578.0
2009-06-26,551.0,574.0
2009-06-27,548.0,568.0
2009-06-28,544.0,563.0
2009-06-29,544.0,560.0
2009-06-30,545.0,561.0
2009-07-01,547.0,565.0
2009-07-02,547.0,566.0
2009-07-03,547.0,566.0
2009-07-04,546.0,563.0
2009-07-05,543.0,558.0
2009-07-06,545.0,556.0
2009-07-07,547.0,559.0
2009-07-08,548.0,561.0
2009-07-09,550.0,562.0
2009-07-10,552.0,565.0
2009-07-11,555.0,567.0
2009-07-12,557.0,570.0
2009-07-13,559.0,574.0
2009-07-14,561.0,577.0
2009-07-15,564.0,581.0
2009-07-16,566.0,585.0
2009-07-17,568.0,588.0
2009-07-18,569.0,591.0
2009-07-19,570.0,592.0
2009-07-20,573.0,594.0
2009-07-21,574.0,598.0
2009-07-22,576.0,601.0
2009-07-23,578.0,604.0
2009-07-24,581.0,608.0
2009-07-25,581.0,611.0
2009-07-26,581.0,611.0
2009-07-27,584.0,614.0
2009-07-28,587.0,618.0
2009-07-29,589.0,622.0
2009-07-30,591.0,624.0
2009-07-31,590.0,624.0
2009-08-01,589.0,622.0
2009-08-02,589.0,620.0
2009-08-03,588.0,621.0
2009-08-04,588.0,622.0
2009-08-05,589.0,623.0
2009-08-06,590.0,624.0
2009-08-07,591.0,626.0
2009-08-08,591.0,626.0
2009-08-09,592.0,625.0
2009-08-10,592.0,627.0
2009-08-11,592.0,629.0
2009-08-12,593.0,629.0
2009-08-13,595.0,630.0
2009-08-14,597.0,632.0
2009-08-15,598.0,634.0
2009-08-16,598.0,632.0
2009-08-17,601.0,634.0
2009-08-18,603.0,639.0
2009-08-19,604.0,641.0
2009-08-20,606.0,642.0
2009-08-21,609.0,645.0
2009-08-22,610.0,647.0
2009-08-23,610.0,645.0
2009-08-24,613.0,647.0
2009-08-25,616.0,651.0
2009-08-26,619.0,654.0
2009-08-27,621.0,656.0
2009-08-28,624.0,658.0
2009-08-29,623.0,659.0
2009-08-30,623.0,657.0
2009-08-31,625.0,658.0
2009-09-01,628.0,663.0
2009-09-02,634.0,667.0
2009-09-03,636.0,673.0
2009-09-04,636.0,674.0
2009-09-05,636.0,674.0
2009-09-06,636.0,671.0
2009-09-07,635.0,670.0
2009-09-08,636.0,671.0
2009-09-09,635.0,672.0
2009-09-10,635.0,671.0
2009-09-11,635.0,672.0
2009-09-12,631.0,671.0
2009-09-13,626.0,665.0
2009-09-14,624.0,661.0
2009-09-15,626.0,663.0
2009-09-16,625.0,663.0
2009-09-17,627.0,664.0
2009-09-18,629.0,666.0
2009-09-19,629.0,668.0
2009-09-20,628.0,667.0
2009-09-21,629.0,666.0
2009-09-22,630.0,669.0
2009-09-23,631.0,669.0
2009-09-24,632.0,671.0
2009-09-25,629.0,672.0
2009-09-26,626.0,668.0
2009-09-27,623.0,663.0
2009-09-28,623.0,661.0
2009-09-29,625.0,663.0
2009-09-30,627.0,666.0
2009-10-01,624.0,666.0
2009-10-02,620.0,663.0
2009-10-03,619.0,657.0
2009-10-04,618.0,655.0
2009-10-05,615.0,655.0
2009-10-06,614.0,654.0
2009-10-07,613.0,653.0
2009-10-08,610.0,652.0
2009-10-09,610.0,650.0
2009-10-10,609.0,647.0
2009-10-11,608.0,644.0
2009-10-12,610.0,643.0
2009-10-13,613.0,646.0
2009-10-14,616.0,649.0
2009-10-15,613.0,651.0
2009-10-16,611.0,649.0
2009-10-17,607.0,644.0
2009-10-18,603.0,639.0
2009-10-19,600.0,634.0
2009-10-20,599.0,633.0
2009-10-21,598.0,632.0
2009-10-22,597.0,630.0
2009-10-23,595.0,628.0
2009-10-24,593.0,624.0
2009-10-25,595.0,622.0
2009-10-26,594.0,625.0
2009-10-27,594.0,625.0
2009-10-28,594.0,626.0
2009-10-29,591.0,625.0
2009-10-30,588.0,621.0
2009-10-31,589.0,617.0
2009-11-01,589.0,616.0
2009-11-02,588.0,617.0
2009-11-03,588.0,618.0
2009-11-04,590.0,619.0
2009-11-05,591.0,622.0
2009-11-06,591.0,622.0
2009-11-07,591.0,621.0
2009-11-08,591.0,620.0
2009-11-09,591.0,620.0
2009-11-10,592.0,622.0
2009-11-11,593.0,624.0
2009-11-12,590.0,625.0
2009-11-13,587.0,623.0
2009-11-14,587.0,618.0
2009-11-15,586.0,616.0
2009-11-16,586.0,617.0
2009-11-17,586.0,619.0
2009-11-18,588.0,619.0
2009-11-19,585.0,619.0
2009-11-20,582.0,616.0
2009-11-21,580.0,612.0
2009-11-22,577.0,609.0
2009-11-23,575.0,608.0
2009-11-24,572.0,606.0
2009-11-25,569.0,603.0
2009-11-26,565.0,599.0
2009-11-27,562.0,595.0
2009-11-28,560.0,590.0
2009-11-29,557.0,587.0
2009-11-30,556.0,586.0
2009-12-01,556.0,586.0
2009-12-02,557.0,587.0
2009-12-03,556.0,588.0
2009-12-04,553.0,585.0
2009-12-05,551.0,581.0
2009-12-06,550.0,578.0
2009-12-07,548.0,577.0
2009-12-08,547.0,577.0
2009-12-09,547.0,577.0
2009-12-10,544.0,577.0
2009-12-11,541.0,574.0
2009-12-12,540.0,570.0
2009-12-13,539.0,567.0
2009-12-14,539.0,568.0
2009-12-15,538.0,568.0
2009-12-16,538.0,568.0
2009-12-17,537.0,567.0
2009-12-18,534.0,566.0
2009-12-19,535.0,563.0
2009-12-20,535.0,562.0
2009-12-21,536.0,563.0
2009-12-22,537.0,566.0
2009-12-23,535.0,567.0
2009-12-24,533.0,564.0
2009-12-25,535.0,562.0
2009-12-26,536.0,563.0
2009-12-27,536.0,563.0
2009-12-28,536.0,564.0
2009-12-29,537.0,566.0
2009-12-30,536.0,566.0
2009-12-31,533.0,563.0
2010-01-01,531.0,560.0
2010-01-02,530.0,556.0
2010-01-03,530.0,554.0
2010-01-04,530.0,555.0
2010-01-05,529.0,555.0
2010-01-06,529.0,556.0
2010-01-07,527.0,554.0
2010-01-08,525.0,553.0
2010-01-09,525.0,549.0
2010-01-10,525.0,547.0
2010-01-11,526.0,548.0
2010-01-12,524.0,550.0
2010-01-13,523.0,549.0
2010-01-14,522.0,548.0
2010-01-15,519.0,545.0
2010-01-16,516.0,541.0
2010-01-17,507.0,537.0
2010-01-18,498.0,528.0
2010-01-19,490.0,520.0
2010-01-20,482.0,514.0
2010-01-21,473.0,506.0
2010-01-22,467.0,497.0
2010-01-23,460.0,490.0
2010-01-24,452.0,483.0
2010-01-25,444.0,476.0
2010-01-26,438.0,471.0
2010-01-27,430.0,465.0
2010-01-28,423.0,457.0
2010-01-29,416.0,450.0
2010-01-30,409.0,443.0
2010-01-31,402.0,436.0
2010-02-01,395.0,430.0
2010-02-02,388.0,424.0
2010-02-03,380.0,418.0
2010-02-04,371.0,410.0
2010-02-05,363.0,401.0
2010-02-06,355.0,392.0
2010-02-07,346.0,383.0
2010-02-08,339.0,375.0
2010-02-09,332.0,369.0
2010-02-10,326.0,363.0
2010-02-11,323.0,358.0
2010-02-12,319.0,354.0
2010-02-13,316.0,350.0
2010-02-14,313.0,346.0
2010-02-15,311.0,343.0
2010-02-16,317.0,342.0
2010-02-17,323.0,349.0
2010-02-18,329.0,356.0
2010-02-19,334.0,360.0
2010-02-20,338.0,362.0
2010-02-21,344.0,366.0
2010-02-22,351.0,372.0
2010-02-23,360.0,382.0
2010-02-24,368.0,391.0
2010-02-25,376.0,398.0
2010-02-26,384.0,405.0
2010-02-27,393.0,413.0
2010-02-28,401.0,419.0
2010-03-01,409.0,429.0
2010-03-02,418.0,439.0
2010-03-03,426.0,448.0
2010-03-04,433.0,456.0
2010-03-05,440.0,462.0
2010-03-06,448.0,468.0
2010-03-07,456.0,475.0
2010-03-08,465.0,484.0
2010-03-09,472.0,493.0
2010-03-10,479.0,501.0
2010-03-11,484.0,507.0
2010-03-12,487.0,511.0
2010-03-13,489.0,512.0
2010-03-14,492.0,514.0
2010-03-15,495.0,518.0
2010-03-16,500.0,523.0
2010-03-17,503.0,528.0
2010-03-18,504.0,532.0
2010-03-19,506.0,534.0
2010-03-20,508.0,535.0
2010-03-21,510.0,536.0
2010-03-22,513.0,538.0
2010-03-23,516.0,542.0
2010-03-24,518.0,545.0
2010-03-25,517.0,546.0
2010-03-26,517.0,545.0
2010-03-27,517.0,543.0
2010-03-28,517.0,543.0
2010-03-29,517.0,543.0
2010-03-30,518.0,545.0
2010-03-31,519.0,545.0
2010-04-01,519.0,546.0
2010-04-02,521.0,545.0
2010-04-03,523.0,546.0
2010-04-04,525.0,547.0
2010-04-05,528.0,550.0
2010-04-06,530.0,554.0
2010-04-07,532.0,557.0
2010-04-08,534.0,559.0
2010-04-09,537.0,560.0
2010-04-10,540.0,562.0
2010-04-11,543.0,564.0
2010-04-12,546.0,568.0
2010-04-13,550.0,572.0
2010-04-14,554.0,576.0
2010-04-15,555.0,580.0
2010-04-16,558.0,581.0
2010-04-17,562.0,582.0
2010-04-18,565.0,584.0
2010-04-19,566.0,588.0
2010-04-20,568.0,591.0
2010-04-21,570.0,593.0
2010-04-22,571.0,595.0
2010-04-23,572.0,596.0
2010-04-24,572.0,596.0
2010-04-25,574.0,597.0
2010-04-26,574.0,600.0
2010-04-27,576.0,602.0
2010-04-28,581.0,607.0
2010-04-29,585.0,613.0
2010-04-30,588.0,617.0
2010-05-01,589.0,619.0
2010-05-02,590.0,619.0
2010-05-03,590.0,621.0
2010-05-04,591.0,623.0
2010-05-05,593.0,625.0
2010-05-06,593.0,626.0
2010-05-07,594.0,627.0
2010-05-08,594.0,627.0
2010-05-09,594.0,626.0
2010-05-10,592.0,626.0
2010-05-11,592.0,626.0
2010-05-12,592.0,626.0
2010-05-13,591.0,626.0
2010-05-14,589.0,625.0
2010-05-15,587.0,621.0
2010-05-16,586.0,619.0
2010-05-17,582.0,618.0
2010-05-18,579.0,615.0
2010-05-19,578.0,613.0
2010-05-20,576.0,611.0
2010-05-21,573.0,608.0
2010-05-22,571.0,605.0
2010-05-23,568.0,602.0
2010-05-24,568.0,600.0
2010-05-25,567.0,600.0
2010-05-26,565.0,599.0
2010-05-27,562.0,595.0
2010-05-28,556.0,590.0
2010-05-29,550.0,582.0
2010-05-30,545.0,575.0
2010-05-31,543.0,569.0
2010-06-01,541.0,568.0
2010-06-02,541.0,567.0
2010-06-03,538.0,567.0
2010-06-04,535.0,564.0
2010-06-05,532.0,559.0
2010-06-06,530.0,555.0
2010-06-07,531.0,555.0
2010-06-08,534.0,559.0
2010-06-09,536.0,562.0
2010-06-10,537.0,565.0
2010-06-11,538.0,566.0
2010-06-12,539.0,566.0
2010-06-13,541.0,566.0
2010-06-14,542.0,569.0
2010-06-15,543.0,571.0
2010-06-16,546.0,572.0
2010-06-17,547.0,575.0
2010-06-18,548.0,577.0
2010-06-19,549.0,577.0
2010-06-20,550.0,577.0
2010-06-21,552.0,579.0
2010-06-22,555.0,582.0
2010-06-23,556.0,586.0
2010-06-24,557.0,587.0
2010-06-25,559.0,588.0
2010-06-26,561.0,589.0
2010-06-27,563.0,589.0
2010-06-28,564.0,591.0
2010-06-29,567.0,594.0
2010-06-30,567.0,598.0
2010-07-01,568.0,599.0
2010-07-02,567.0,599.0
2010-07-03,567.0,597.0
2010-07-04,568.0,596.0
2010-07-05,569.0,597.0
2010-07-06,571.0,599.0
2010-07-07,570.0,601.0
2010-07-08,568.0,599.0
2010-07-09,568.0,597.0
2010-07-10,568.0,595.0
2010-07-11,568.0,594.0
2010-07-12,567.0,595.0
2010-07-13,567.0,595.0
2010-07-14,566.0,595.0
2010-07-15,566.0,594.0
2010-07-16,565.0,593.0
2010-07-17,566.0,591.0
2010-07-18,566.0,590.0
2010-07-19,564.0,592.0
2010-07-20,563.0,591.0
2010-07-21,561.0,590.0
2010-07-22,557.0,588.0
2010-07-23,555.0,583.0
2010-07-24,552.0,580.0
2010-07-25,550.0,576.0
2010-07-26,548.0,575.0
2010-07-27,547.0,574.0
2010-07-28,545.0,573.0
2010-07-29,544.0,571.0
2010-07-30,543.0,569.0
2010-07-31,542.0,567.0
2010-08-01,541.0,564.0
2010-08-02,541.0,564.0
2010-08-03,541.0,565.0
2010-08-04,539.0,565.0
2010-08-05,537.0,563.0
2010-08-06,536.0,560.0
2010-08-07,535.0,558.0
2010-08-08,533.0,556.0
2010-08-09,531.0,556.0
2010-08-10,529.0,554.0
2010-08-11,527.0,553.0
2010-08-12,525.0,551.0
2010-08-13,524.0,548.0
2010-08-14,524.0,547.0
2010-08-15,523.0,545.0
2010-08-16,522.0,545.0
2010-08-17,523.0,547.0
2010-08-18,525.0,549.0
2010-08-19,525.0,550.0
2010-08-20,526.0,550.0
2010-08-21,528.0,550.0
2010-08-22,530.0,551.0
2010-08-23,532.0,555.0
2010-08-24,535.0,560.0
2010-08-25,535.0,564.0
2010-08-26,535.0,564.0
2010-08-27,535.0,564.0
2010-08-28,536.0,564.0
2010-08-29,537.0,564.0
2010-08-30,538.0,567.0
2010-08-31,540.0,571.0
2010-09-01,541.0,574.0
2010-09-02,543.0,575.0
2010-09-03,546.0,577.0
2010-09-04,549.0,580.0
2010-09-05,552.0,582.0
2010-09-06,554.0,584.0
2010-09-07,557.0,587.0
2010-09-08,559.0,590.0
2010-09-09,561.0,593.0
2010-09-10,563.0,595.0
2010-09-11,565.0,596.0
2010-09-12,567.0,597.0
2010-09-13,569.0,600.0
2010-09-14,573.0,605.0
2010-09-15,574.0,610.0
2010-09-16,574.0,610.0
2010-09-17,577.0,609.0
2010-09-18,581.0,612.0
2010-09-19,583.0,614.0
2010-09-20,586.0,618.0
2010-09-21,588.0,622.0
2010-09-22,591.0,625.0
2010-09-23,593.0,626.0
2010-09-24,597.0,626.0
2010-09-25,602.0,630.0
2010-09-26,605.0,633.0
2010-09-27,608.0,637.0
2010-09-28,611.0,641.0
2010-09-29,611.0,643.0
2010-09-30,611.0,642.0
2010-10-01,613.0,642.0
2010-10-02,614.0,643.0
2010-10-03,613.0,641.0
2010-10-04,612.0,642.0
2010-10-05,611.0,642.0
2010-10-06,611.0,642.0
2010-10-07,609.0,643.0
2010-10-08,610.0,642.0
2010-10-09,611.0,641.0
2010-10-10,612.0,640.0
2010-10-11,613.0,641.0
2010-10-12,614.0,643.0
2010-10-13,614.0,646.0
2010-10-14,612.0,644.0
2010-10-15,610.0,642.0
2010-10-16,609.0,639.0
2010-10-17,607.0,637.0
2010-10-18,607.0,637.0
2010-10-19,606.0,638.0
2010-10-20,604.0,638.0
2010-10-21,604.0,637.0
2010-10-22,603.0,636.0
2010-10-23,601.0,634.0
2010-10-24,600.0,631.0
2010-10-25,597.0,630.0
2010-10-26,593.0,630.0
2010-10-27,590.0,628.0
2010-10-28,587.0,624.0
2010-10-29,587.0,621.0
2010-10-30,586.0,620.0
2010-10-31,585.0,617.0
2010-11-01,584.0,617.0
2010-11-02,584.0,618.0
2010-11-03,582.0,618.0
2010-11-04,581.0,616.0
2010-11-05,580.0,616.0
2010-11-06,581.0,614.0
2010-11-07,580.0,612.0
2010-11-08,578.0,612.0
2010-11-09,578.0,612.0
2010-11-10,577.0,613.0
2010-11-11,575.0,611.0
2010-11-12,573.0,608.0
2010-11-13,572.0,605.0
2010-11-14,572.0,602.0
2010-11-15,573.0,604.0
2010-11-16,575.0,608.0
2010-11-17,573.0,611.0
2010-11-18,574.0,610.0
2010-11-19,577.0,611.0
2010-11-20,577.0,611.0
2010-11-21,578.0,610.0
2010-11-22,576.0,612.0
2010-11-23,577.0,614.0
2010-11-24,580.0,617.0
2010-11-25,583.0,618.0
2010-11-26,586.0,619.0
2010-11-27,589.0,621.0
2010-11-28,591.0,623.0
2010-11-29,594.0,626.0
2010-11-30,596.0,631.0
2010-12-01,598.0,634.0
2010-12-02,599.0,636.0
2010-12-03,604.0,639.0
2010-12-04,606.0,643.0
2010-12-05,607.0,643.0
2010-12-06,609.0,646.0
2010-12-07,610.0,651.0
2010-12-08,612.0,653.0
2010-12-09,615.0,657.0
2010-12-10,620.0,662.0
2010-12-11,622.0,668.0
2010-12-12,625.0,668.0
2010-12-13,629.0,673.0
2010-12-14,631.0,680.0
2010-12-15,634.0,685.0
2010-12-16,637.0,688.0
2010-12-17,643.0,692.0
2010-12-18,646.0,695.0
2010-12-19,648.0,696.0
2010-12-20,649.0,699.0
2010-12-21,647.0,701.0
2010-12-22,647.0,701.0
2010-12-23,644.0,698.0
2010-12-24,641.0,693.0
2010-12-25,638.0,689.0
2010-12-26,636.0,686.0
2010-12-27,636.0,687.0
2010-12-28,635.0,688.0
2010-12-29,632.0,688.0
2010-12-30,630.0,684.0
2010-12-31,628.0,680.0
2011-01-01,625.0,676.0
2011-01-02,622.0,672.0
2011-01-03,622.0,670.0
2011-01-04,621.0,671.0
2011-01-05,619.0,670.0
2011-01-06,618.0,667.0
2011-01-07,618.0,667.0
2011-01-08,614.0,663.0
2011-01-09,609.0,656.0
2011-01-10,607.0,652.0
2011-01-11,605.0,651.0
2011-01-12,604.0,650.0
2011-01-13,604.0,646.0
2011-01-14,603.0,645.0
2011-01-15,600.0,640.0
2011-01-16,596.0,634.0
2011-01-17,592.0,630.0
2011-01-18,587.0,627.0
2011-01-19,585.0,623.0
2011-01-20,588.0,625.0
2011-01-21,591.0,627.0
2011-01-22,594.0,628.0
2011-01-23,597.0,631.0
2011-01-24,600.0,636.0
2011-01-25,602.0,643.0
2011-01-26,600.0,643.0
2011-01-27,599.0,641.0
2011-01-28,603.0,642.0
2011-01-29,604.0,645.0
2011-01-30,604.0,645.0
2011-01-31,605.0,648.0
2011-02-01,605.0,651.0
2011-02-02,605.0,653.0
2011-02-03,607.0,654.0
2011-02-04,607.0,656.0
2011-02-05,608.0,657.0
2011-02-06,609.0,656.0
2011-02-07,611.0,659.0
2011-02-08,617.0,666.0
2011-02-09,619.0,673.0
2011-02-10,621.0,676.0
2011-02-11,625.0,681.0
2011-02-12,628.0,685.0
2011-02-13,630.0,685.0
2011-02-14,629.0,689.0
2011-02-15,629.0,691.0
2011-02-16,635.0,696.0
2011-02-17,641.0,703.0
2011-02-18,646.0,708.0
2011-02-19,647.0,709.0
2011-02-20,648.0,709.0
2011-02-21,649.0,711.0
2011-02-22,650.0,713.0
2011-02-23,651.0,717.0
2011-02-24,655.0,718.0
2011-02-25,659.0,721.0
2011-02-26,661.0,724.0
2011-02-27,661.0,723.0
2011-02-28,663.0,724.0
2011-03-01,665.0,729.0
2011-03-02,668.0,731.0
2011-03-03,672.0,734.0
2011-03-04,674.0,738.0
2011-03-05,675.0,737.0
2011-03-06,677.0,736.0
2011-03-07,678.0,737.0
2011-03-08,678.0,741.0
2011-03-09,680.0,743.0
2011-03-10,676.0,741.0
2011-03-11,677.0,737.0
2011-03-12,677.0,737.0
2011-03-13,672.0,731.0
2011-03-14,669.0,728.0
2011-03-15,664.0,726.0
2011-03-16,663.0,721.0
2011-03-17,662.0,719.0
2011-03-18,658.0,715.0
2011-03-19,655.0,709.0
2011-03-20,651.0,704.0
2011-03-21,650.0,701.0
2011-03-22,648.0,702.0
2011-03-23,648.0,704.0
2011-03-24,646.0,704.0
2011-03-25,644.0,700.0
2011-03-26,639.0,695.0
2011-03-27,635.0,688.0
2011-03-28,632.0,686.0
2011-03-29,630.0,684.0
2011-03-30,628.0,682.0
2011-03-31,627.0,679.0
2011-04-01,626.0,677.0
2011-04-02,623.0,674.0
2011-04-03,622.0,669.0
2011-04-04,622.0,669.0
2011-04-05,619.0,671.0
2011-04-06,618.0,670.0
2011-04-07,617.0,668.0
2011-04-08,614.0,664.0
2011-04-09,611.0,660.0
2011-04-10,606.0,653.0
2011-04-11,604.0,649.0
2011-04-12,602.0,649.0
2011-04-13,601.0,647.0
2011-04-14,602.0,646.0
2011-04-15,604.0,648.0
2011-04-16,604.0,648.0
2011-04-17,604.0,646.0
2011-04-18,604.0,648.0
2011-04-19,601.0,649.0
2011-04-20,599.0,647.0
2011-04-21,599.0,644.0
2011-04-22,597.0,641.0
2011-04-23,597.0,638.0
2011-04-24,598.0,636.0
2011-04-25,600.0,639.0
2011-04-26,604.0,644.0
2011-04-27,607.0,646.0
2011-04-28,610.0,647.0
2011-04-29,611.0,648.0
2011-04-30,612.0,648.0
2011-05-01,613.0,648.0
2011-05-02,613.0,648.0
2011-05-03,613.0,652.0
2011-05-04,610.0,651.0
2011-05-05,611.0,649.0
2011-05-06,611.0,648.0
2011-05-07,613.0,648.0
2011-05-08,615.0,649.0
2011-05-09,618.0,653.0
2011-05-10,619.0,658.0
2011-05-11,620.0,658.0
2011-05-12,619.0,659.0
2011-05-13,618.0,658.0
2011-05-14,617.0,656.0
2011-05-15,617.0,654.0
2011-05-16,616.0,655.0
2011-05-17,615.0,657.0
2011-05-18,615.0,657.0
2011-05-19,618.0,657.0
2011-05-20,619.0,660.0
2011-05-21,619.0,659.0
2011-05-22,619.0,659.0
2011-05-23,618.0,660.0
2011-05-24,617.0,661.0
2011-05-25,616.0,659.0
2011-05-26,614.0,656.0
2011-05-27,611.0,656.0
2011-05-28,609.0,654.0
2011-05-29,608.0,652.0
2011-05-30,607.0,651.0
2011-05-31,605.0,651.0
2011-06-01,603.0,651.0
2011-06-02,602.0,648.0
2011-06-03,602.0,648.0
2011-06-04,601.0,646.0
2011-06-05,601.0,643.0
2011-06-06,598.0,642.0
2011-06-07,594.0,642.0
2011-06-08,592.0,637.0
2011-06-09,592.0,634.0
2011-06-10,593.0,635.0
2011-06-11,596.0,635.0
2011-06-12,597.0,636.0
2011-06-13,598.0,638.0
2011-06-14,598.0,640.0
2011-06-15,598.0,640.0
2011-06-16,597.0,638.0
2011-06-17,597.0,637.0
2011-06-18,596.0,635.0
2011-06-19,595.0,631.0
2011-06-20,594.0,631.0
2011-06-21,592.0,631.0
2011-06-22,591.0,630.0
2011-06-23,591.0,629.0
2011-06-24,590.0,628.0
2011-06-25,589.0,626.0
2011-06-26,589.0,624.0
2011-06-27,588.0,624.0
2011-06-28,586.0,625.0
2011-06-29,583.0,624.0
2011-06-30,582.0,622.0
2011-07-01,582.0,620.0
2011-07-02,581.0,618.0
2011-07-03,582.0,615.0
2011-07-04,581.0,615.0
2011-07-05,580.0,616.0
2011-07-06,580.0,615.0
2011-07-07,582.0,614.0
2011-07-08,583.0,617.0
2011-07-09,584.0,617.0
2011-07-10,585.0,616.0
2011-07-11,585.0,617.0
2011-07-12,584.0,619.0
2011-07-13,582.0,618.0
2011-07-14,580.0,615.0
2011-07-15,580.0,613.0
2011-07-16,580.0,611.0
2011-07-17,579.0,610.0
2011-07-18,579.0,610.0
2011-07-19,580.0,614.0
2011-07-20,582.0,616.0
2011-07-21,585.0,617.0
2011-07-22,589.0,621.0
2011-07-23,593.0,624.0
2011-07-24,596.0,626.0
2011-07-25,600.0,630.0
2011-07-26,602.0,635.0
2011-07-27,604.0,638.0
2011-07-28,608.0,639.0
2011-07-29,611.0,642.0
2011-07-30,614.0,645.0
2011-07-31,616.0,646.0
2011-08-01,619.0,650.0
2011-08-02,621.0,654.0
2011-08-03,623.0,658.0
2011-08-04,625.0,660.0
2011-08-05,627.0,662.0
2011-08-06,628.0,662.0
2011-08-07,630.0,662.0
2011-08-08,631.0,664.0
2011-08-09,632.0,667.0
2011-08-10,632.0,669.0
2011-08-11,632.0,668.0
2011-08-12,634.0,668.0
2011-08-13,635.0,669.0
2011-08-14,636.0,669.0
2011-08-15,636.0,671.0
2011-08-16,636.0,673.0
2011-08-17,636.0,673.0
2011-08-18,633.0,670.0
2011-08-19,630.0,667.0
2011-08-20,627.0,663.0
2011-08-21,624.0,658.0
2011-08-22,621.0,656.0
2011-08-23,615.0,655.0
2011-08-24,607.0,648.0
2011-08-25,602.0,640.0
2011-08-26,599.0,636.0
2011-08-27,596.0,632.0
2011-08-28,592.0,628.0
2011-08-29,590.0,626.0
2011-08-30,588.0,627.0
2011-08-31,587.0,625.0
2011-09-01,584.0,624.0
2011-09-02,583.0,622.0
2011-09-03,581.0,620.0
2011-09-04,580.0,617.0
2011-09-05,579.0,616.0
2011-09-06,579.0,616.0
2011-09-07,577.0,616.0
2011-09-08,576.0,614.0
2011-09-09,577.0,614.0
2011-09-10,576.0,615.0
2011-09-11,575.0,612.0
2011-09-12,575.0,612.0
2011-09-13,575.0,614.0
2011-09-14,575.0,614.0
2011-09-15,576.0,615.0
2011-09-16,576.0,616.0
2011-09-17,577.0,616.0
2011-09-18,579.0,616.0
2011-09-19,583.0,621.0
2011-09-20,586.0,628.0
2011-09-21,589.0,631.0
2011-09-22,594.0,636.0
2011-09-23,601.0,642.0
2011-09-24,608.0,649.0
2011-09-25,612.0,652.0
2011-09-26,614.0,658.0
2011-09-27,615.0,662.0
2011-09-28,616.0,662.0
2011-09-29,616.0,662.0
2011-09-30,616.0,662.0
2011-10-01,618.0,660.0
2011-10-02,618.0,660.0
2011-10-03,621.0,663.0
2011-10-04,623.0,668.0
2011-10-05,623.0,670.0
2011-10-06,623.0,671.0
2011-10-07,625.0,670.0
2011-10-08,626.0,671.0
2011-10-09,626.0,669.0
2011-10-10,630.0,670.0
2011-10-11,632.0,674.0
2011-10-12,634.0,677.0
2011-10-13,635.0,678.0
2011-10-14,634.0,679.0
2011-10-15,635.0,678.0
2011-10-16,636.0,676.0
2011-10-17,638.0,679.0
2011-10-18,639.0,682.0
2011-10-19,636.0,681.0
2011-10-20,635.0,678.0
2011-10-21,633.0,676.0
2011-10-22,633.0,672.0
2011-10-23,631.0,670.0
2011-10-24,631.0,670.0
2011-10-25,628.0,671.0
2011-10-26,628.0,668.0
2011-10-27,628.0,667.0
2011-10-28,629.0,669.0
2011-10-29,630.0,668.0
2011-10-30,631.0,668.0
2011-10-31,634.0,671.0
2011-11-01,634.0,676.0
2011-11-02,632.0,676.0
2011-11-03,632.0,675.0
2011-11-04,633.0,676.0
2011-11-05,634.0,676.0
2011-11-06,634.0,675.0
2011-11-07,636.0,678.0
2011-11-08,636.0,682.0
2011-11-09,637.0,685.0
2011-11-10,639.0,686.0
2011-11-11,641.0,687.0
2011-11-12,644.0,688.0
2011-11-13,647.0,689.0
2011-11-14,650.0,695.0
2011-11-15,651.0,700.0
2011-11-16,650.0,701.0
2011-11-17,651.0,700.0
2011-11-18,653.0,701.0
2011-11-19,654.0,700.0
2011-11-20,655.0,700.0
2011-11-21,655.0,702.0
2011-11-22,655.0,704.0
2011-11-23,654.0,704.0
2011-11-24,655.0,701.0
2011-11-25,654.0,701.0
2011-11-26,654.0,699.0
2011-11-27,653.0,696.0
2011-11-28,652.0,696.0
2011-11-29,650.0,697.0
2011-11-30,646.0,693.0
2011-12-01,645.0,689.0
2011-12-02,645.0,688.0
2011-12-03,647.0,687.0
2011-12-04,647.0,686.0
2011-12-05,647.0,687.0
2011-12-06,646.0,689.0
2011-12-07,642.0,687.0
2011-12-08,641.0,682.0
2011-12-09,639.0,680.0
2011-12-10,638.0,677.0
2011-12-11,636.0,675.0
2011-12-12,634.0,674.0
2011-12-13,631.0,674.0
2011-12-14,627.0,671.0
2011-12-15,625.0,665.0
2011-12-16,622.0,662.0
2011-12-17,620.0,658.0
2011-12-18,617.0,654.0
2011-12-19,614.0,653.0
2011-12-20,611.0,652.0
2011-12-21,608.0,650.0
2011-12-22,607.0,647.0
2011-12-23,606.0,646.0
2011-12-24,606.0,645.0
2011-12-25,606.0,644.0
2011-12-26,606.0,644.0
2011-12-27,605.0,646.0
2011-12-28,603.0,645.0
2011-12-29,601.0,642.0
2011-12-30,599.0,639.0
2011-12-31,597.0,636.0
2012-01-01,594.0,631.0
2012-01-02,591.0,628.0
2012-01-03,586.0,625.0
2012-01-04,583.0,621.0
2012-01-05,580.0,617.0
2012-01-06,578.0,615.0
2012-01-07,575.0,611.0
2012-01-08,572.0,606.0
2012-01-09,569.0,604.0
2012-01-10,565.0,603.0
2012-01-11,561.0,600.0
2012-01-12,559.0,596.0
2012-01-13,560.0,594.0
2012-01-14,561.0,594.0
2012-01-15,563.0,594.0
2012-01-16,565.0,595.0
2012-01-17,564.0,599.0
2012-01-18,565.0,599.0
2012-01-19,565.0,599.0
2012-01-20,565.0,599.0
2012-01-21,563.0,596.0
2012-01-22,561.0,593.0
2012-01-23,559.0,593.0
2012-01-24,557.0,593.0
2012-01-25,555.0,593.0
2012-01-26,555.0,590.0
2012-01-27,555.0,590.0
2012-01-28,558.0,591.0
2012-01-29,560.0,593.0
2012-01-30,561.0,596.0
2012-01-31,561.0,599.0
2012-02-01,561.0,602.0
2012-02-02,561.0,602.0
2012-02-03,562.0,603.0
2012-02-04,562.0,602.0
2012-02-05,564.0,601.0
2012-02-06,564.0,604.0
2012-02-07,564.0,606.0
2012-02-08,563.0,606.0
2012-02-09,563.0,604.0
2012-02-10,564.0,604.0
2012-02-11,565.0,603.0
2012-02-12,563.0,601.0
2012-02-13,561.0,600.0
2012-02-14,558.0,600.0
2012-02-15,555.0,598.0
2012-02-16,555.0,595.0
2012-02-17,553.0,594.0
2012-02-18,552.0,591.0
2012-02-19,552.0,589.0
2012-02-20,552.0,589.0
2012-02-21,552.0,590.0
2012-02-22,552.0,590.0
2012-02-23,552.0,589.0
2012-02-24,553.0,590.0
2012-02-25,554.0,590.0
2012-02-26,554.0,589.0
2012-02-27,552.0,590.0
2012-02-28,550.0,592.0
2012-02-29,550.0,590.0
2012-03-01,551.0,589.0
2012-03-02,552.0,589.0
2012-03-03,554.0,589.0
2012-03-04,555.0,589.0
2012-03-05,556.0,591.0
2012-03-06,555.0,594.0
2012-03-07,556.0,594.0
2012-03-08,557.0,593.0
2012-03-09,559.0,595.0
2012-03-10,560.0,596.0
2012-03-11,561.0,595.0
2012-03-12,561.0,597.0
2012-03-13,562.0,600.0
2012-03-14,563.0,600.0
2012-03-15,564.0,600.0
2012-03-16,564.0,602.0
2012-03-17,563.0,601.0
2012-03-18,563.0,599.0
2012-03-19,562.0,599.0
2012-03-20,561.0,600.0
2012-03-21,560.0,600.0
2012-03-22,560.0,600.0
2012-03-23,558.0,598.0
2012-03-24,556.0,595.0
2012-03-25,554.0,592.0
2012-03-26,551.0,590.0
2012-03-27,551.0,593.0
2012-03-28,550.0,592.0
2012-03-29,552.0,591.0
2012-03-30,551.0,592.0
2012-03-31,551.0,590.0
2012-04-01,551.0,589.0
2012-04-02,550.0,590.0
2012-04-03,550.0,592.0
2012-04-04,548.0,590.0
2012-04-05,548.0,588.0
2012-04-06,548.0,588.0
2012-04-07,548.0,587.0
2012-04-08,547.0,584.0
2012-04-09,548.0,585.0
2012-04-10,547.0,586.0
2012-04-11,545.0,586.0
2012-04-12,545.0,584.0
2012-04-13,543.0,584.0
2012-04-14,542.0,581.0
2012-04-15,542.0,578.0
2012-04-16,542.0,579.0
2012-04-17,541.0,581.0
2012-04-18,541.0,581.0
2012-04-19,542.0,580.0
2012-04-20,543.0,581.0
2012-04-21,544.0,581.0
2012-04-22,546.0,581.0
2012-04-23,547.0,584.0
2012-04-24,548.0,586.0
2012-04-25,549.0,587.0
2012-04-26,548.0,584.0
2012-04-27,550.0,584.0
2012-04-28,549.0,582.0
2012-04-29,549.0,580.0
2012-04-30,549.0,581.0
2012-05-01,548.0,583.0
2012-05-02,547.0,582.0
2012-05-03,547.0,581.0
2012-05-04,549.0,582.0
2012-05-05,550.0,583.0
2012-05-06,552.0,584.0
2012-05-07,554.0,587.0
2012-05-08,554.0,590.0
2012-05-09,554.0,590.0
2012-05-10,555.0,590.0
2012-05-11,555.0,590.0
2012-05-12,554.0,588.0
2012-05-13,554.0,586.0
2012-05-14,555.0,588.0
2012-05-15,555.0,591.0
2012-05-16,555.0,591.0
2012-05-17,555.0,591.0
2012-05-18,556.0,592.0
2012-05-19,557.0,592.0
2012-05-20,556.0,590.0
2012-05-21,556.0,591.0
2012-05-22,555.0,593.0
2012-05-23,555.0,592.0
2012-05-24,556.0,592.0
2012-05-25,557.0,594.0
2012-05-26,557.0,594.0
2012-05-27,557.0,592.0
2012-05-28,555.0,592.0
2012-05-29,554.0,592.0
2012-05-30,554.0,590.0
2012-05-31,553.0,588.0
2012-06-01,555.0,589.0
2012-06-02,556.0,589.0
2012-06-03,555.0,588.0
2012-06-04,555.0,588.0
2012-06-05,553.0,589.0
2012-06-06,553.0,588.0
2012-06-07,552.0,587.0
2012-06-08,552.0,586.0
2012-06-09,552.0,585.0
2012-06-10,552.0,583.0
2012-06-11,553.0,585.0
2012-06-12,554.0,588.0
2012-06-13,554.0,589.0
2012-06-14,555.0,588.0
2012-06-15,557.0,589.0
2012-06-16,559.0,590.0
2012-06-17,560.0,590.0
2012-06-18,561.0,592.0
2012-06-19,561.0,594.0
2012-06-20,561.0,594.0
2012-06-21,563.0,594.0
2012-06-22,563.0,595.0
2012-06-23,564.0,594.0
2012-06-24,565.0,593.0
2012-06-25,565.0,594.0
2012-06-26,564.0,596.0
2012-06-27,565.0,596.0
2012-06-28,565.0,598.0
2012-06-29,565.0,598.0
2012-06-30,565.0,598.0
2012-07-01,564.0,596.0
2012-07-02,564.0,596.0
2012-07-03,564.0,597.0
2012-07-04,564.0,596.0
2012-07-05,563.0,595.0
2012-07-06,563.0,595.0
2012-07-07,564.0,595.0
2012-07-08,564.0,595.0
2012-07-09,566.0,598.0
2012-07-10,569.0,602.0
2012-07-11,571.0,605.0
2012-07-12,576.0,609.0
2012-07-13,579.0,615.0
2012-07-14,583.0,617.0
2012-07-15,586.0,620.0
2012-07-16,588.0,624.0
2012-07-17,590.0,628.0
2012-07-18,591.0,630.0
2012-07-19,594.0,631.0
2012-07-20,596.0,633.0
2012-07-21,597.0,634.0
2012-07-22,599.0,634.0
2012-07-23,600.0,636.0
2012-07-24,602.0,640.0
2012-07-25,605.0,643.0
2012-07-26,609.0,645.0
2012-07-27,611.0,650.0
2012-07-28,615.0,652.0
2012-07-29,618.0,654.0
2012-07-30,621.0,657.0
2012-07-31,623.0,661.0
2012-08-01,626.0,664.0
2012-08-02,630.0,667.0
2012-08-03,633.0,673.0
2012-08-04,637.0,674.0
2012-08-05,641.0,677.0
2012-08-06,645.0,682.0
2012-08-07,647.0,687.0
2012-08-08,646.0,688.0
2012-08-09,645.0,686.0
2012-08-10,644.0,684.0
2012-08-11,640.0,679.0
2012-08-12,637.0,672.0
2012-08-13,635.0,671.0
2012-08-14,633.0,670.0
2012-08-15,630.0,668.0
2012-08-16,628.0,664.0
2012-08-17,627.0,663.0
2012-08-18,626.0,661.0
2012-08-19,626.0,659.0
2012-08-20,625.0,660.0
2012-08-21,624.0,661.0
2012-08-22,622.0,659.0
2012-08-23,620.0,657.0
2012-08-24,617.0,654.0
2012-08-25,613.0,648.0
2012-08-26,609.0,642.0
2012-08-27,606.0,639.0
2012-08-28,602.0,638.0
2012-08-29,598.0,635.0
2012-08-30,594.0,629.0
2012-08-31,590.0,626.0
2012-09-01,585.0,620.0
2012-09-02,581.0,614.0
2012-09-03,577.0,610.0
2012-09-04,571.0,607.0
2012-09-05,566.0,602.0
2012-09-06,564.0,596.0
2012-09-07,563.0,595.0
2012-09-08,563.0,594.0
2012-09-09,563.0,592.0
2012-09-10,563.0,593.0
2012-09-11,562.0,595.0
2012-09-12,561.0,593.0
2012-09-13,560.0,593.0
2012-09-14,560.0,593.0
2012-09-15,561.0,593.0
2012-09-16,560.0,591.0
2012-09-17,560.0,591.0
2012-09-18,559.0,592.0
2012-09-19,556.0,590.0
2012-09-20,556.0,587.0
2012-09-21,555.0,587.0
2012-09-22,554.0,585.0
2012-09-23,554.0,584.0
2012-09-24,554.0,585.0
2012-09-25,554.0,586.0
2012-09-26,553.0,587.0
2012-09-27,555.0,586.0
2012-09-28,556.0,587.0
2012-09-29,557.0,588.0
2012-09-30,557.0,587.0
2012-10-01,558.0,588.0
2012-10-02,558.0,590.0
2012-10-03,558.0,592.0
2012-10-04,561.0,592.0
2012-10-05,562.0,594.0
2012-10-06,563.0,594.0
2012-10-07,563.0,592.0
2012-10-08,562.0,592.0
2012-10-09,562.0,593.0
2012-10-10,561.0,593.0
2012-10-11,562.0,592.0
2012-10-12,563.0,594.0
2012-10-13,563.0,593.0
2012-10-14,564.0,591.0
2012-10-15,563.0,593.0
2012-10-16,562.0,593.0
2012-10-17,560.0,593.0
2012-10-18,560.0,591.0
2012-10-19,561.0,592.0
2012-10-20,562.0,591.0
2012-10-21,562.0,590.0
2012-10-22,563.0,592.0
2012-10-23,562.0,594.0
2012-10-24,563.0,594.0
2012-10-25,565.0,594.0
2012-10-26,565.0,595.0
2012-10-27,564.0,594.0
2012-10-28,564.0,592.0
2012-10-29,564.0,593.0
2012-10-30,563.0,594.0
2012-10-31,562.0,593.0
2012-11-01,560.0,591.0
2012-11-02,559.0,589.0
2012-11-03,557.0,586.0
2012-11-04,555.0,583.0
2012-11-05,554.0,582.0
2012-11-06,552.0,582.0
2012-11-07,551.0,583.0
2012-11-08,551.0,582.0
2012-11-09,550.0,581.0
2012-11-10,549.0,579.0
2012-11-11,547.0,576.0
2012-11-12,546.0,574.0
2012-11-13,544.0,573.0
2012-11-14,544.0,572.0
2012-11-15,545.0,572.0
2012-11-16,546.0,572.0
2012-11-17,547.0,573.0
2012-11-18,549.0,573.0
2012-11-19,550.0,576.0
2012-11-20,551.0,578.0
2012-11-21,552.0,581.0
2012-11-22,554.0,580.0
2012-11-23,554.0,581.0
2012-11-24,553.0,580.0
2012-11-25,553.0,578.0
2012-11-26,554.0,580.0
2012-11-27,555.0,582.0
2012-11-28,556.0,583.0
2012-11-29,557.0,584.0
2012-11-30,559.0,586.0
2012-12-01,561.0,586.0
2012-12-02,562.0,587.0
2012-12-03,564.0,589.0
2012-12-04,565.0,593.0
2012-12-05,566.0,594.0
2012-12-06,567.0,594.0
2012-12-07,568.0,595.0
2012-12-08,568.0,596.0
2012-12-09,570.0,595.0
2012-12-10,571.0,597.0
2012-12-11,571.0,601.0
2012-12-12,573.0,603.0
2012-12-13,574.0,605.0
2012-12-14,574.0,606.0
2012-12-15,574.0,605.0
2012-12-16,573.0,603.0
2012-12-17,572.0,604.0
2012-12-18,571.0,604.0
2012-12-19,570.0,602.0
2012-12-20,569.0,601.0
2012-12-21,569.0,600.0
2012-12-22,568.0,600.0
2012-12-23,569.0,599.0
2012-12-24,570.0,600.0
2012-12-25,571.0,601.0
2012-12-26,571.0,602.0
2012-12-27,572.0,603.0
2012-12-28,572.0,603.0
2012-12-29,572.0,602.0
2012-12-30,572.0,600.0
2012-12-31,572.0,602.0
2013-01-01,572.0,602.0
2013-01-02,573.0,602.0
2013-01-03,573.0,602.0
2013-01-04,574.0,603.0
2013-01-05,574.0,602.0
2013-01-06,574.0,601.0
2013-01-07,575.0,601.0
2013-01-08,574.0,604.0
2013-01-09,573.0,604.0
2013-01-10,574.0,602.0
2013-01-11,574.0,602.0
2013-01-12,574.0,601.0
2013-01-13,575.0,600.0
2013-01-14,576.0,601.0
2013-01-15,576.0,603.0
2013-01-16,577.0,603.0
2013-01-17,578.0,603.0
2013-01-18,580.0,605.0
2013-01-19,581.0,606.0
2013-01-20,582.0,606.0
2013-01-21,583.0,606.0
2013-01-22,583.0,608.0
2013-01-23,583.0,610.0
2013-01-24,584.0,611.0
2013-01-25,583.0,612.0
2013-01-26,584.0,610.0
2013-01-27,584.0,610.0
2013-01-28,583.0,611.0
2013-01-29,582.0,612.0
2013-01-30,583.0,612.0
2013-01-31,583.0,613.0
2013-02-01,584.0,614.0
2013-02-02,584.0,613.0
2013-02-03,585.0,613.0
2013-02-04,586.0,615.0
2013-02-05,586.0,617.0
2013-02-06,586.0,617.0
2013-02-07,586.0,615.0
2013-02-08,587.0,616.0
2013-02-09,588.0,616.0
2013-02-10,588.0,615.0
2013-02-11,589.0,616.0
2013-02-12,588.0,618.0
2013-02-13,588.0,618.0
2013-02-14,588.0,617.0
2013-02-15,588.0,617.0
2013-02-16,588.0,616.0
2013-02-17,587.0,614.0
2013-02-18,585.0,612.0
2013-02-19,583.0,612.0
2013-02-20,582.0,611.0
2013-02-21,582.0,610.0
2013-02-22,582.0,610.0
2013-02-23,580.0,608.0
2013-02-24,579.0,605.0
2013-02-25,577.0,604.0
2013-02-26,574.0,605.0
2013-02-27,574.0,604.0
2013-02-28,573.0,601.0
2013-03-01,572.0,601.0
2013-03-02,572.0,599.0
2013-03-03,571.0,597.0
2013-03-04,570.0,597.0
2013-03-05,568.0,596.0
2013-03-06,566.0,594.0
2013-03-07,566.0,593.0
2013-03-08,565.0,592.0
2013-03-09,564.0,591.0
2013-03-10,563.0,588.0
2013-03-11,562.0,588.0
2013-03-12,560.0,588.0
2013-03-13,559.0,586.0
2013-03-14,560.0,585.0
2013-03-15,560.0,586.0
2013-03-16,560.0,585.0
2013-03-17,560.0,584.0
2013-03-18,560.0,585.0
2013-03-19,561.0,587.0
2013-03-20,560.0,588.0
2013-03-21,560.0,588.0
2013-03-22,560.0,588.0
2013-03-23,560.0,586.0
2013-03-24,561.0,585.0
2013-03-25,561.0,586.0
2013-03-26,561.0,587.0
2013-03-27,563.0,588.0
2013-03-28,565.0,587.0
2013-03-29,566.0,588.0
2013-03-30,567.0,588.0
2013-03-31,567.0,588.0
2013-04-01,567.0,589.0
2013-04-02,566.0,591.0
2013-04-03,565.0,590.0
2013-04-04,566.0,589.0
2013-04-05,564.0,590.0
2013-04-06,563.0,588.0
2013-04-07,563.0,587.0
2013-04-08,564.0,588.0
2013-04-09,566.0,594.0
2013-04-10,567.0,597.0
2013-04-11,568.0,598.0
2013-04-12,568.0,599.0
2013-04-13,567.0,598.0
2013-04-14,567.0,597.0
2013-04-15,567.0,597.0
2013-04-16,566.0,599.0
2013-04-17,566.0,599.0
2013-04-18,567.0,599.0
2013-04-19,568.0,600.0
2013-04-20,569.0,600.0
2013-04-21,570.0,600.0
2013-04-22,570.0,602.0
2013-04-23,570.0,604.0
2013-04-24,571.0,605.0
2013-04-25,571.0,604.0
2013-04-26,572.0,605.0
2013-04-27,572.0,605.0
2013-04-28,573.0,605.0
2013-04-29,573.0,607.0
2013-04-30,573.0,609.0
2013-05-01,574.0,609.0
2013-05-02,575.0,609.0
2013-05-03,577.0,611.0
2013-05-04,578.0,612.0
2013-05-05,581.0,612.0
2013-05-06,583.0,615.0
2013-05-07,583.0,618.0
2013-05-08,583.0,618.0
2013-05-09,581.0,614.0
2013-05-10,580.0,612.0
2013-05-11,580.0,609.0
2013-05-12,579.0,607.0
2013-05-13,579.0,608.0
2013-05-14,579.0,609.0
2013-05-15,579.0,608.0
2013-05-16,578.0,607.0
2013-05-17,578.0,607.0
2013-05-18,577.0,606.0
2013-05-19,577.0,603.0
2013-05-20,577.0,604.0
2013-05-21,576.0,605.0
2013-05-22,576.0,604.0
2013-05-23,576.0,603.0
2013-05-24,576.0,603.0
2013-05-25,576.0,602.0
2013-05-26,576.0,601.0
2013-05-27,576.0,601.0
2013-05-28,575.0,601.0
2013-05-29,575.0,601.0
2013-05-30,575.0,600.0
2013-05-31,573.0,598.0
2013-06-01,574.0,598.0
2013-06-02,573.0,596.0
2013-06-03,573.0,597.0
2013-06-04,574.0,599.0
2013-06-05,572.0,599.0
2013-06-06,572.0,597.0
2013-06-07,572.0,596.0
2013-06-08,572.0,595.0
2013-06-09,573.0,594.0
2013-06-10,573.0,596.0
2013-06-11,573.0,598.0
2013-06-12,573.0,597.0
2013-06-13,572.0,596.0
2013-06-14,573.0,596.0
2013-06-15,573.0,596.0
2013-06-16,574.0,595.0
2013-06-17,574.0,596.0
2013-06-18,574.0,598.0
2013-06-19,574.0,598.0
2013-06-20,574.0,597.0
2013-06-21,573.0,597.0
2013-06-22,572.0,595.0
2013-06-23,571.0,594.0
2013-06-24,570.0,593.0
2013-06-25,567.0,594.0
2013-06-26,566.0,592.0
2013-06-27,565.0,591.0
2013-06-28,564.0,591.0
2013-06-29,564.0,589.0
2013-06-30,564.0,588.0
2013-07-01,564.0,588.0
2013-07-02,563.0,589.0
2013-07-03,562.0,589.0
2013-07-04,561.0,586.0
2013-07-05,561.0,584.0
2013-07-06,562.0,584.0
2013-07-07,562.0,584.0
2013-07-08,563.0,585.0
2013-07-09,563.0,586.0
2013-07-10,562.0,586.0
2013-07-11,563.0,585.0
2013-07-12,563.0,586.0
2013-07-13,564.0,586.0
2013-07-14,563.0,585.0
2013-07-15,563.0,585.0
2013-07-16,563.0,586.0
2013-07-17,563.0,586.0
2013-07-18,562.0,586.0
2013-07-19,562.0,584.0
2013-07-20,562.0,584.0
2013-07-21,564.0,584.0
2013-07-22,564.0,585.0
2013-07-23,565.0,587.0
2013-07-24,566.0,588.0
2013-07-25,567.0,588.0
2013-07-26,568.0,589.0
2013-07-27,569.0,589.0
2013-07-28,568.0,587.0
2013-07-29,569.0,588.0
2013-07-30,569.0,589.0
2013-07-31,568.0,589.0
2013-08-01,568.0,588.0
2013-08-02,568.0,587.0
2013-08-03,568.0,587.0
2013-08-04,568.0,586.0
2013-08-05,568.0,587.0
2013-08-06,568.0,588.0
2013-08-07,567.0,587.0
2013-08-08,567.0,587.0
2013-08-09,566.0,587.0
2013-08-10,566.0,586.0
2013-08-11,566.0,585.0
2013-08-12,566.0,585.0
2013-08-13,565.0,587.0
2013-08-14,564.0,587.0
2013-08-15,564.0,586.0
2013-08-16,564.0,586.0
2013-08-17,564.0,585.0
2013-08-18,565.0,585.0
2013-08-19,565.0,587.0
2013-08-20,565.0,588.0
2013-08-21,565.0,588.0
2013-08-22,565.0,588.0
2013-08-23,564.0,588.0
2013-08-24,564.0,587.0
2013-08-25,565.0,586.0
2013-08-26,565.0,587.0
2013-08-27,566.0,589.0
2013-08-28,566.0,589.0
2013-08-29,566.0,589.0
2013-08-30,567.0,590.0
2013-08-31,568.0,591.0
2013-09-01,568.0,590.0
2013-09-02,567.0,591.0
2013-09-03,566.0,590.0
2013-09-04,565.0,590.0
2013-09-05,565.0,590.0
2013-09-06,565.0,590.0
2013-09-07,565.0,590.0
2013-09-08,567.0,589.0
2013-09-09,568.0,590.0
2013-09-10,567.0,592.0
2013-09-11,567.0,593.0
2013-09-12,568.0,592.0
2013-09-13,569.0,593.0
2013-09-14,569.0,593.0
2013-09-15,569.0,591.0
2013-09-16,569.0,592.0
2013-09-17,569.0,592.0
2013-09-18,567.0,592.0
2013-09-19,566.0,590.0
2013-09-20,565.0,590.0
2013-09-21,564.0,588.0
2013-09-22,563.0,586.0
2013-09-23,563.0,587.0
2013-09-24,563.0,588.0
2013-09-25,563.0,588.0
2013-09-26,564.0,588.0
2013-09-27,564.0,589.0
2013-09-28,564.0,588.0
2013-09-29,563.0,587.0
2013-09-30,563.0,587.0
2013-10-01,562.0,587.0
2013-10-02,561.0,587.0
2013-10-03,562.0,586.0
2013-10-04,562.0,587.0
2013-10-05,563.0,586.0
2013-10-06,562.0,585.0
2013-10-07,562.0,585.0
2013-10-08,561.0,586.0
2013-10-09,560.0,585.0
2013-10-10,559.0,583.0
2013-10-11,559.0,583.0
2013-10-12,559.0,582.0
2013-10-13,558.0,580.0
2013-10-14,558.0,580.0
2013-10-15,557.0,580.0
2013-10-16,557.0,580.0
2013-10-17,556.0,580.0
2013-10-18,556.0,579.0
2013-10-19,557.0,578.0
2013-10-20,558.0,578.0
2013-10-21,559.0,580.0
2013-10-22,559.0,581.0
2013-10-23,558.0,580.0
2013-10-24,557.0,579.0
2013-10-25,556.0,578.0
2013-10-26,554.0,575.0
2013-10-27,552.0,572.0
2013-10-28,551.0,572.0
2013-10-29,550.0,572.0
2013-10-30,548.0,571.0
2013-10-31,547.0,569.0
2013-11-01,547.0,568.0
2013-11-02,547.0,567.0
2013-11-03,546.0,566.0
2013-11-04,545.0,566.0
2013-11-05,543.0,566.0
2013-11-06,542.0,565.0
2013-11-07,542.0,563.0
2013-11-08,542.0,563.0
2013-11-09,542.0,563.0
2013-11-10,542.0,562.0
2013-11-11,543.0,562.0
2013-11-12,542.0,563.0
2013-11-13,541.0,564.0
2013-11-14,540.0,562.0
2013-11-15,539.0,561.0
2013-11-16,538.0,559.0
2013-11-17,538.0,557.0
2013-11-18,536.0,557.0
2013-11-19,535.0,558.0
2013-11-20,533.0,556.0
2013-11-21,532.0,555.0
2013-11-22,533.0,556.0
2013-11-23,534.0,556.0
2013-11-24,535.0,556.0
2013-11-25,536.0,558.0
2013-11-26,537.0,560.0
2013-11-27,537.0,560.0
2013-11-28,537.0,560.0
2013-11-29,539.0,560.0
2013-11-30,539.0,560.0
2013-12-01,540.0,560.0
2013-12-02,540.0,561.0
2013-12-03,540.0,562.0
2013-12-04,538.0,562.0
2013-12-05,539.0,560.0
2013-12-06,539.0,561.0
2013-12-07,540.0,561.0
2013-12-08,540.0,560.0
2013-12-09,540.0,561.0
2013-12-10,538.0,562.0
2013-12-11,537.0,561.0
2013-12-12,537.0,560.0
2013-12-13,537.0,560.0
2013-12-14,538.0,560.0
2013-12-15,538.0,559.0
2013-12-16,539.0,560.0
2013-12-17,540.0,563.0
2013-12-18,540.0,564.0
2013-12-19,540.0,563.0
2013-12-20,541.0,564.0
2013-12-21,542.0,564.0
2013-12-22,541.0,563.0
2013-12-23,541.0,563.0
2013-12-24,540.0,564.0
2013-12-25,539.0,562.0
2013-12-26,539.0,560.0
2013-12-27,539.0,560.0
2013-12-28,539.0,560.0
2013-12-29,539.0,559.0
2013-12-30,539.0,560.0
2013-12-31,538.0,561.0
2014-01-01,538.0,560.0
2014-01-02,538.0,558.0
2014-01-03,539.0,559.0
2014-01-04,539.0,559.0
2014-01-05,539.0,558.0
2014-01-06,539.0,558.0
2014-01-07,540.0,559.0
2014-01-08,539.0,559.0
2014-01-09,539.0,558.0
2014-01-10,540.0,559.0
2014-01-11,541.0,559.0
2014-01-12,541.0,558.0
2014-01-13,542.0,560.0
2014-01-14,542.0,561.0
2014-01-15,542.0,562.0
2014-01-16,541.0,560.0
2014-01-17,541.0,559.0
2014-01-18,542.0,559.0
2014-01-19,542.0,558.0
2014-01-20,542.0,558.0
2014-01-21,542.0,559.0
2014-01-22,541.0,560.0
2014-01-23,541.0,559.0
2014-01-24,541.0,560.0
2014-01-25,542.0,560.0
2014-01-26,542.0,560.0
2014-01-27,541.0,560.0
2014-01-28,541.0,561.0
2014-01-29,541.0,561.0
2014-01-30,542.0,562.0
2014-01-31,543.0,563.0
2014-02-01,543.0,564.0
2014-02-02,543.0,563.0
2014-02-03,543.0,564.0
2014-02-04,542.0,565.0
2014-02-05,540.0,564.0
2014-02-06,538.0,562.0
2014-02-07,537.0,560.0
2014-02-08,537.0,559.0
2014-02-09,536.0,557.0
2014-02-10,535.0,557.0
2014-02-11,533.0,557.0
2014-02-12,531.0,554.0
2014-02-13,528.0,551.0
2014-02-14,526.0,549.0
2014-02-15,523.0,546.0
2014-02-16,521.0,543.0
2014-02-17,518.0,540.0
2014-02-18,516.0,539.0
2014-02-19,513.0,537.0
2014-02-20,510.0,534.0
2014-02-21,509.0,532.0
2014-02-22,508.0,529.0
2014-02-23,506.0,527.0
2014-02-24,504.0,525.0
2014-02-25,502.0,524.0
2014-02-26,500.0,523.0
2014-02-27,497.0,520.0
2014-02-28,495.0,518.0
2014-03-01,493.0,514.0
2014-03-02,491.0,511.0
2014-03-03,489.0,510.0
2014-03-04,487.0,509.0
2014-03-05,485.0,507.0
2014-03-06,484.0,505.0
2014-03-07,484.0,504.0
2014-03-08,484.0,503.0
2014-03-09,484.0,502.0
2014-03-10,483.0,502.0
2014-03-11,482.0,503.0
2014-03-12,480.0,501.0
2014-03-13,479.0,500.0
2014-03-14,480.0,499.0
2014-03-15,480.0,499.0
2014-03-16,482.0,499.0
2014-03-17,483.0,501.0
2014-03-18,483.0,503.0
2014-03-19,483.0,503.0
2014-03-20,483.0,502.0
2014-03-21,483.0,502.0
2014-03-22,483.0,502.0
2014-03-23,483.0,501.0
2014-03-24,482.0,501.0
2014-03-25,480.0,501.0
2014-03-26,477.0,499.0
2014-03-27,475.0,496.0
2014-03-28,473.0,494.0
2014-03-29,471.0,491.0
2014-03-30,468.0,488.0
2014-03-31,466.0,486.0
2014-04-01,463.0,484.0
2014-04-02,459.0,481.0
2014-04-03,457.0,477.0
2014-04-04,454.0,475.0
2014-04-05,451.0,471.0
2014-04-06,448.0,467.0
2014-04-07,445.0,465.0
2014-04-08,440.0,462.0
2014-04-09,437.0,458.0
2014-04-10,434.0,454.0
2014-04-11,432.0,452.0
2014-04-12,430.0,449.0
2014-04-13,428.0,446.0
2014-04-14,425.0,445.0
2014-04-15,421.0,443.0
2014-04-16,419.0,440.0
2014-04-17,417.0,438.0
2014-04-18,420.0,442.0
2014-04-19,423.0,444.0
2014-04-20,426.0,447.0
2014-04-21,428.0,450.0
2014-04-22,432.0,455.0
2014-04-23,435.0,458.0
2014-04-24,440.0,462.0
2014-04-25,445.0,468.0
2014-04-26,450.0,473.0
2014-04-27,456.0,477.0
2014-04-28,461.0,483.0
2014-04-29,467.0,489.0
2014-04-30,472.0,495.0
2014-05-01,476.0,499.0
2014-05-02,482.0,506.0
2014-05-03,488.0,513.0
2014-05-04,493.0,518.0
2014-05-05,498.0,524.0
2014-05-06,502.0,530.0
2014-05-07,506.0,535.0
2014-05-08,511.0,539.0
2014-05-09,515.0,545.0
2014-05-10,519.0,549.0
2014-05-11,522.0,552.0
2014-05-12,527.0,558.0
2014-05-13,534.0,567.0
2014-05-14,540.0,575.0
2014-05-15,546.0,581.0
2014-05-16,548.0,588.0
2014-05-17,551.0,590.0
2014-05-18,550.0,587.0
2014-05-19,548.0,587.0
2014-05-20,546.0,586.0
2014-05-21,545.0,586.0
2014-05-22,545.0,584.0
2014-05-23,542.0,582.0
2014-05-24,540.0,580.0
2014-05-25,538.0,577.0
2014-05-26,536.0,576.0
2014-05-27,534.0,575.0
2014-05-28,532.0,574.0
2014-05-29,530.0,572.0
2014-05-30,529.0,572.0
2014-05-31,530.0,571.0
2014-06-01,529.0,569.0
2014-06-02,530.0,568.0
2014-06-03,530.0,570.0
2014-06-04,531.0,571.0
2014-06-05,532.0,571.0
2014-06-06,533.0,571.0
2014-06-07,535.0,572.0
2014-06-08,537.0,572.0
2014-06-09,538.0,575.0
2014-06-10,541.0,577.0
2014-06-11,540.0,576.0
2014-06-12,536.0,573.0
2014-06-13,535.0,569.0
2014-06-14,534.0,566.0
2014-06-15,537.0,563.0
2014-06-16,538.0,566.0
2014-06-17,540.0,569.0
2014-06-18,542.0,572.0
2014-06-19,544.0,573.0
2014-06-20,546.0,574.0
2014-06-21,547.0,575.0
2014-06-22,550.0,576.0
2014-06-23,552.0,579.0
2014-06-24,554.0,581.0
2014-06-25,555.0,583.0
2014-06-26,555.0,584.0
2014-06-27,557.0,584.0
2014-06-28,558.0,585.0
2014-06-29,558.0,583.0
2014-06-30,558.0,584.0
2014-07-01,558.0,584.0
2014-07-02,559.0,586.0
2014-07-03,558.0,586.0
2014-07-04,558.0,585.0
2014-07-05,558.0,585.0
2014-07-06,559.0,584.0
2014-07-07,559.0,585.0
2014-07-08,559.0,586.0
2014-07-09,559.0,586.0
2014-07-10,558.0,585.0
2014-07-11,560.0,586.0
2014-07-12,561.0,586.0
2014-07-13,562.0,586.0
2014-07-14,562.0,587.0
2014-07-15,562.0,588.0
2014-07-16,562.0,588.0
2014-07-17,560.0,587.0
2014-07-18,558.0,585.0
2014-07-19,556.0,583.0
2014-07-20,554.0,579.0
2014-07-21,550.0,577.0
2014-07-22,546.0,574.0
2014-07-23,543.0,571.0
2014-07-24,540.0,567.0
2014-07-25,535.0,563.0
2014-07-26,531.0,557.0
2014-07-27,526.0,552.0
2014-07-28,521.0,548.0
2014-07-29,516.0,544.0
2014-07-30,511.0,539.0
2014-07-31,505.0,532.0
2014-08-01,499.0,526.0
2014-08-02,494.0,519.0
2014-08-03,489.0,514.0
2014-08-04,483.0,509.0
2014-08-05,477.0,504.0
2014-08-06,470.0,498.0
2014-08-07,463.0,491.0
2014-08-08,457.0,484.0
2014-08-09,452.0,477.0
2014-08-10,446.0,470.0
2014-08-11,440.0,465.0
2014-08-12,432.0,459.0
2014-08-13,426.0,453.0
2014-08-14,418.0,445.0
2014-08-15,411.0,437.0
2014-08-16,405.0,430.0
2014-08-17,401.0,424.0
2014-08-18,398.0,421.0
2014-08-19,394.0,418.0
2014-08-20,390.0,414.0
2014-08-21,388.0,411.0
2014-08-22,387.0,410.0
2014-08-23,385.0,407.0
2014-08-24,386.0,406.0
2014-08-25,386.0,406.0
2014-08-26,386.0,408.0
2014-08-27,386.0,408.0
2014-08-28,386.0,408.0
2014-08-29,387.0,408.0
2014-08-30,388.0,409.0
2014-08-31,388.0,409.0
2014-09-01,389.0,409.0
2014-09-02,389.0,410.0
2014-09-03,389.0,411.0
2014-09-04,390.0,411.0
2014-09-05,391.0,411.0
2014-09-06,392.0,411.0
2014-09-07,392.0,411.0
2014-09-08,393.0,412.0
2014-09-09,392.0,414.0
2014-09-10,392.0,414.0
2014-09-11,393.0,413.0
2014-09-12,394.0,415.0
2014-09-13,396.0,416.0
2014-09-14,398.0,417.0
2014-09-15,399.0,419.0
2014-09-16,400.0,420.0
2014-09-17,400.0,420.0
2014-09-18,400.0,420.0
2014-09-19,400.0,420.0
2014-09-20,399.0,418.0
2014-09-21,397.0,416.0
2014-09-22,395.0,415.0
2014-09-23,393.0,414.0
2014-09-24,392.0,412.0
2014-09-25,390.0,411.0
2014-09-26,389.0,410.0
2014-09-27,388.0,408.0
2014-09-28,388.0,406.0
2014-09-29,387.0,406.0
2014-09-30,385.0,405.0
2014-10-01,383.0,404.0
2014-10-02,382.0,402.0
2014-10-03,382.0,401.0
2014-10-04,381.0,400.0
2014-10-05,381.0,399.0
2014-10-06,381.0,399.0
2014-10-07,379.0,400.0
2014-10-08,378.0,399.0
2014-10-09,378.0,398.0
2014-10-10,378.0,398.0
2014-10-11,378.0,398.0
2014-10-12,378.0,396.0
2014-10-13,378.0,396.0
2014-10-14,377.0,396.0
2014-10-15,376.0,396.0
2014-10-16,375.0,395.0
2014-10-17,375.0,395.0
2014-10-18,376.0,394.0
2014-10-19,377.0,394.0
2014-10-20,378.0,396.0
2014-10-21,379.0,397.0
2014-10-22,380.0,398.0
2014-10-23,381.0,399.0
2014-10-24,380.0,400.0
2014-10-25,379.0,398.0
2014-10-26,379.0,396.0
2014-10-27,378.0,396.0
2014-10-28,376.0,395.0
2014-10-29,375.0,394.0
2014-10-30,374.0,392.0
2014-10-31,373.0,391.0
2014-11-01,372.0,390.0
2014-11-02,371.0,388.0
2014-11-03,369.0,387.0
2014-11-04,368.0,387.0
2014-11-05,366.0,385.0
2014-11-06,367.0,383.0
2014-11-07,367.0,384.0
2014-11-08,367.0,383.0
2014-11-09,367.0,382.0
2014-11-10,367.0,383.0
2014-11-11,366.0,382.0
2014-11-12,365.0,382.0
2014-11-13,365.0,381.0
2014-11-14,365.0,381.0
2014-11-15,365.0,380.0
2014-11-16,364.0,379.0
2014-11-17,363.0,379.0
2014-11-18,362.0,379.0
2014-11-19,361.0,378.0
2014-11-20,360.0,377.0
2014-11-21,358.0,376.0
2014-11-22,358.0,374.0
2014-11-23,358.0,372.0
2014-11-24,358.0,373.0
2014-11-25,358.0,374.0
2014-11-26,358.0,374.0
2014-11-27,358.0,373.0
2014-11-28,358.0,373.0
2014-11-29,359.0,373.0
2014-11-30,358.0,372.0
2014-12-01,358.0,373.0
2014-12-02,359.0,374.0
2014-12-03,359.0,374.0
2014-12-04,359.0,374.0
2014-12-05,359.0,374.0
2014-12-06,358.0,373.0
2014-12-07,358.0,371.0
2014-12-08,357.0,371.0
2014-12-09,355.0,371.0
2014-12-10,354.0,369.0
2014-12-11,353.0,368.0
2014-12-12,352.0,367.0
2014-12-13,351.0,366.0
2014-12-14,350.0,364.0
2014-12-15,349.0,363.0
2014-12-16,348.0,363.0
2014-12-17,347.0,362.0
2014-12-18,346.0,360.0
2014-12-19,346.0,360.0
2014-12-20,346.0,359.0
2014-12-21,346.0,358.0
2014-12-22,345.0,359.0
2014-12-23,344.0,359.0
2014-12-24,343.0,358.0
2014-12-25,343.0,356.0
2014-12-26,342.0,356.0
2014-12-27,342.0,356.0
2014-12-28,342.0,355.0
2014-12-29,342.0,355.0
2014-12-30,342.0,356.0
2014-12-31,342.0,355.0
2015-01-01,341.0,355.0
2015-01-02,341.0,354.0
2015-01-03,342.0,354.0
2015-01-04,343.0,354.0
2015-01-05,344.0,355.0
2015-01-06,344.0,357.0
2015-01-07,345.0,358.0
2015-01-08,347.0,358.0
2015-01-09,348.0,360.0
2015-01-10,350.0,362.0
2015-01-11,352.0,363.0
2015-01-12,354.0,365.0
2015-01-13,355.0,368.0
2015-01-14,355.0,369.0
2015-01-15,356.0,369.0
2015-01-16,358.0,370.0
2015-01-17,359.0,371.0
2015-01-18,360.0,371.0
2015-01-19,360.0,372.0
2015-01-20,359.0,373.0
2015-01-21,359.0,372.0
2015-01-22,359.0,372.0
2015-01-23,359.0,372.0
2015-01-24,359.0,372.0
2015-01-25,359.0,372.0
2015-01-26,360.0,372.0
2015-01-27,360.0,374.0
2015-01-28,360.0,374.0
2015-01-29,360.0,374.0
2015-01-30,361.0,375.0
2015-01-31,361.0,375.0
2015-02-01,360.0,374.0
2015-02-02,360.0,374.0
2015-02-03,359.0,374.0
2015-02-04,359.0,374.0
2015-02-05,359.0,373.0
2015-02-06,359.0,373.0
2015-02-07,360.0,373.0
2015-02-08,359.0,372.0
2015-02-09,359.0,373.0
2015-02-10,358.0,373.0
2015-02-11,357.0,371.0
2015-02-12,356.0,370.0
2015-02-13,357.0,370.0
2015-02-14,358.0,370.0
2015-02-15,358.0,370.0
2015-02-16,359.0,370.0
2015-02-17,359.0,371.0
2015-02-18,360.0,372.0
2015-02-19,362.0,373.0
2015-02-20,368.0,379.0
2015-02-21,374.0,384.0
2015-02-22,379.0,389.0
2015-02-23,384.0,394.0
2015-02-24,386.0,400.0
2015-02-25,388.0,402.0
2015-02-26,390.0,404.0
2015-02-27,391.0,405.0
2015-02-28,393.0,406.0
2015-03-01,395.0,408.0
2015-03-02,398.0,413.0
2015-03-03,402.0,417.0
2015-03-04,407.0,423.0
2015-03-05,410.0,427.0
2015-03-06,414.0,432.0
2015-03-07,418.0,435.0
2015-03-08,421.0,438.0
2015-03-09,424.0,442.0
2015-03-10,428.0,446.0
2015-03-11,432.0,450.0
2015-03-12,435.0,453.0
2015-03-13,441.0,459.0
2015-03-14,447.0,465.0
2015-03-15,452.0,470.0
2015-03-16,457.0,476.0
2015-03-17,460.0,482.0
2015-03-18,463.0,485.0
2015-03-19,465.0,488.0
2015-03-20,466.0,490.0
2015-03-21,467.0,491.0
2015-03-22,465.0,489.0
2015-03-23,463.0,487.0
2015-03-24,462.0,485.0
2015-03-25,460.0,484.0
2015-03-26,461.0,482.0
2015-03-27,461.0,483.0
2015-03-28,462.0,483.0
2015-03-29,462.0,483.0
2015-03-30,463.0,484.0
2015-03-31,463.0,484.0
2015-04-01,462.0,483.0
2015-04-02,460.0,481.0
2015-04-03,457.0,478.0
2015-04-04,456.0,475.0
2015-04-05,454.0,472.0
2015-04-06,452.0,471.0
2015-04-07,450.0,469.0
2015-04-08,449.0,468.0
2015-04-09,446.0,467.0
2015-04-10,444.0,464.0
2015-04-11,444.0,462.0
2015-04-12,440.0,458.0
2015-04-13,437.0,455.0
2015-04-14,434.0,452.0
2015-04-15,430.0,449.0
2015-04-16,429.0,445.0
2015-04-17,430.0,446.0
2015-04-18,432.0,447.0
2015-04-19,435.0,448.0
2015-04-20,438.0,451.0
2015-04-21,438.0,454.0
2015-04-22,438.0,456.0
2015-04-23,437.0,456.0
2015-04-24,438.0,457.0
2015-04-25,439.0,457.0
2015-04-26,441.0,458.0
2015-04-27,443.0,460.0
2015-04-28,444.0,463.0
2015-04-29,445.0,464.0
2015-04-30,444.0,465.0
2015-05-01,444.0,464.0
2015-05-02,444.0,462.0
2015-05-03,444.0,462.0
2015-05-04,444.0,463.0
2015-05-05,445.0,464.0
2015-05-06,446.0,465.0
2015-05-07,446.0,466.0
2015-05-08,446.0,466.0
2015-05-09,447.0,465.0
2015-05-10,447.0,465.0
2015-05-11,448.0,465.0
2015-05-12,448.0,466.0
2015-05-13,449.0,468.0
2015-05-14,450.0,470.0
2015-05-15,453.0,472.0
2015-05-16,455.0,474.0
2015-05-17,455.0,474.0
2015-05-18,455.0,474.0
2015-05-19,453.0,475.0
2015-05-20,450.0,472.0
2015-05-21,448.0,469.0
2015-05-22,446.0,467.0
2015-05-23,446.0,465.0
2015-05-24,443.0,462.0
2015-05-25,441.0,460.0
2015-05-26,439.0,458.0
2015-05-27,438.0,456.0
2015-05-28,437.0,454.0
2015-05-29,437.0,454.0
2015-05-30,438.0,454.0
2015-05-31,438.0,454.0
2015-06-01,439.0,455.0
2015-06-02,441.0,458.0
2015-06-03,444.0,460.0
2015-06-04,446.0,464.0
2015-06-05,449.0,467.0
2015-06-06,453.0,469.0
2015-06-07,456.0,472.0
2015-06-08,460.0,476.0
2015-06-09,464.0,480.0
2015-06-10,466.0,484.0
2015-06-11,468.0,487.0
2015-06-12,471.0,490.0
2015-06-13,472.0,490.0
2015-06-14,473.0,491.0
2015-06-15,474.0,492.0
2015-06-16,473.0,494.0
2015-06-17,472.0,492.0
2015-06-18,471.0,491.0
2015-06-19,471.0,490.0
2015-06-20,472.0,490.0
2015-06-21,473.0,490.0
2015-06-22,474.0,491.0
2015-06-23,475.0,493.0
2015-06-24,477.0,495.0
2015-06-25,477.0,496.0
2015-06-26,478.0,496.0
2015-06-27,479.0,497.0
2015-06-28,480.0,498.0
2015-06-29,482.0,499.0
2015-06-30,484.0,502.0
2015-07-01,485.0,504.0
2015-07-02,483.0,503.0
2015-07-03,483.0,503.0
2015-07-04,483.0,501.0
2015-07-05,482.0,500.0
2015-07-06,481.0,499.0
2015-07-07,481.0,499.0
2015-07-08,481.0,499.0
2015-07-09,479.0,499.0
2015-07-10,480.0,498.0
2015-07-11,481.0,498.0
2015-07-12,481.0,498.0
2015-07-13,482.0,498.0
2015-07-14,482.0,500.0
2015-07-15,482.0,500.0
2015-07-16,486.0,502.0
2015-07-17,490.0,506.0
2015-07-18,495.0,509.0
2015-07-19,500.0,514.0
2015-07-20,506.0,521.0
2015-07-21,510.0,527.0
2015-07-22,512.0,530.0
2015-07-23,515.0,534.0
2015-07-24,517.0,536.0
2015-07-25,519.0,537.0
2015-07-26,521.0,539.0
2015-07-27,523.0,541.0
2015-07-28,525.0,544.0
2015-07-29,527.0,546.0
2015-07-30,528.0,548.0
2015-07-31,530.0,549.0
2015-08-01,533.0,550.0
2015-08-02,533.0,550.0
2015-08-03,533.0,551.0
2015-08-04,534.0,552.0
2015-08-05,534.0,552.0
2015-08-06,532.0,553.0
2015-08-07,530.0,551.0
2015-08-08,529.0,549.0
2015-08-09,528.0,547.0
2015-08-10,527.0,546.0
2015-08-11,526.0,546.0
2015-08-12,525.0,545.0
2015-08-13,524.0,546.0
2015-08-14,525.0,545.0
2015-08-15,524.0,543.0
2015-08-16,523.0,541.0
2015-08-17,522.0,540.0
2015-08-18,519.0,540.0
2015-08-19,516.0,537.0
2015-08-20,513.0,534.0
2015-08-21,512.0,532.0
2015-08-22,511.0,530.0
2015-08-23,510.0,528.0
2015-08-24,510.0,528.0
2015-08-25,509.0,528.0
2015-08-26,508.0,527.0
2015-08-27,506.0,525.0
2015-08-28,505.0,524.0
2015-08-29,506.0,524.0
2015-08-30,507.0,524.0
2015-08-31,504.0,525.0
2015-09-01,502.0,523.0
2015-09-02,501.0,522.0
2015-09-03,498.0,520.0
2015-09-04,498.0,519.0
2015-09-05,499.0,518.0
2015-09-06,499.0,518.0
2015-09-07,498.0,518.0
2015-09-08,499.0,519.0
2015-09-09,499.0,519.0
2015-09-10,500.0,522.0
2015-09-11,502.0,525.0
2015-09-12,503.0,524.0
2015-09-13,503.0,524.0
2015-09-14,504.0,526.0
2015-09-15,503.0,528.0
2015-09-16,502.0,528.0
2015-09-17,502.0,527.0
2015-09-18,503.0,527.0
2015-09-19,506.0,528.0
2015-09-20,508.0,530.0
2015-09-21,511.0,534.0
2015-09-22,514.0,539.0
2015-09-23,517.0,542.0
2015-09-24,518.0,544.0
2015-09-25,519.0,546.0
2015-09-26,522.0,547.0
2015-09-27,523.0,548.0
2015-09-28,523.0,548.0
2015-09-29,523.0,549.0
2015-09-30,526.0,550.0
2015-10-01,527.0,552.0
2015-10-02,528.0,553.0
2015-10-03,531.0,554.0
2015-10-04,531.0,554.0
2015-10-05,532.0,555.0
2015-10-06,533.0,556.0
2015-10-07,534.0,558.0
2015-10-08,535.0,560.0
2015-10-09,537.0,562.0
2015-10-10,536.0,559.0
2015-10-11,535.0,556.0
2015-10-12,535.0,556.0
2015-10-13,535.0,556.0
2015-10-14,535.0,556.0
2015-10-15,537.0,557.0
2015-10-16,538.0,558.0
2015-10-17,539.0,558.0
2015-10-18,540.0,558.0
2015-10-19,541.0,560.0
2015-10-20,539.0,561.0
2015-10-21,537.0,559.0
2015-10-22,535.0,555.0
2015-10-23,532.0,553.0
2015-10-24,531.0,551.0
2015-10-25,532.0,551.0
2015-10-26,533.0,552.0
2015-10-27,534.0,554.0
2015-10-28,534.0,554.0
2015-10-29,533.0,554.0
2015-10-30,532.0,553.0
2015-10-31,534.0,552.0
2015-11-01,535.0,553.0
2015-11-02,536.0,555.0
2015-11-03,537.0,557.0
2015-11-04,539.0,558.0
2015-11-05,540.0,561.0
2015-11-06,540.0,561.0
2015-11-07,541.0,561.0
2015-11-08,542.0,560.0
2015-11-09,542.0,562.0
2015-11-10,542.0,563.0
2015-11-11,540.0,563.0
2015-11-12,537.0,561.0
2015-11-13,535.0,560.0
2015-11-14,533.0,556.0
2015-11-15,531.0,553.0
2015-11-16,530.0,552.0
2015-11-17,526.0,552.0
2015-11-18,524.0,550.0
2015-11-19,524.0,548.0
2015-11-20,525.0,547.0
2015-11-21,525.0,547.0
2015-11-22,526.0,547.0
2015-11-23,527.0,548.0
2015-11-24,525.0,547.0
2015-11-25,523.0,545.0
2015-11-26,520.0,543.0
2015-11-27,519.0,541.0
2015-11-28,518.0,539.0
2015-11-29,517.0,538.0
2015-11-30,515.0,536.0
2015-12-01,514.0,535.0
2015-12-02,512.0,534.0
2015-12-03,511.0,533.0
2015-12-04,510.0,532.0
2015-12-05,510.0,530.0
2015-12-06,510.0,529.0
2015-12-07,509.0,530.0
2015-12-08,509.0,530.0
2015-12-09,509.0,529.0
2015-12-10,510.0,532.0
2015-12-11,513.0,534.0
2015-12-12,516.0,536.0
2015-12-13,519.0,536.0
2015-12-14,521.0,539.0
2015-12-15,520.0,542.0
2015-12-16,520.0,542.0
2015-12-17,522.0,542.0
2015-12-18,522.0,542.0
2015-12-19,523.0,543.0
2015-12-20,523.0,543.0
2015-12-21,524.0,543.0
2015-12-22,525.0,544.0
2015-12-23,524.0,545.0
2015-12-24,524.0,544.0
2015-12-25,524.0,544.0
2015-12-26,525.0,544.0
2015-12-27,525.0,543.0
2015-12-28,525.0,544.0
2015-12-29,527.0,544.0
2015-12-30,528.0,546.0
2015-12-31,529.0,547.0
2016-01-01,530.0,547.0
2016-01-02,531.0,547.0
2016-01-03,530.0,546.0
2016-01-04,530.0,546.0
2016-01-05,530.0,546.0
2016-01-06,529.0,547.0
2016-01-07,528.0,546.0
2016-01-08,528.0,545.0
2016-01-09,526.0,542.0
2016-01-10,525.0,539.0
2016-01-11,525.0,539.0
2016-01-12,524.0,539.0
2016-01-13,523.0,539.0
2016-01-14,525.0,540.0
2016-01-15,527.0,542.0
2016-01-16,529.0,542.0
2016-01-17,530.0,543.0
2016-01-18,531.0,544.0
2016-01-19,530.0,546.0
2016-01-20,530.0,545.0
2016-01-21,528.0,546.0
2016-01-22,528.0,544.0
2016-01-23,528.0,544.0
2016-01-24,528.0,544.0
2016-01-25,529.0,545.0
2016-01-26,529.0,546.0
2016-01-27,530.0,547.0
2016-01-28,530.0,547.0
2016-01-29,530.0,547.0
2016-01-30,530.0,547.0
2016-01-31,530.0,547.0
2016-02-01,530.0,548.0
2016-02-02,530.0,549.0
2016-02-03,531.0,551.0
2016-02-04,532.0,552.0
2016-02-05,532.0,552.0
2016-02-06,532.0,551.0
2016-02-07,531.0,550.0
2016-02-08,530.0,550.0
2016-02-09,530.0,549.0
2016-02-10,530.0,549.0
2016-02-11,530.0,550.0
2016-02-12,530.0,551.0
2016-02-13,531.0,549.0
2016-02-14,531.0,549.0
2016-02-15,531.0,548.0
2016-02-16,529.0,549.0
2016-02-17,527.0,547.0
2016-02-18,526.0,545.0
2016-02-19,525.0,544.0
2016-02-20,525.0,542.0
2016-02-21,525.0,541.0
2016-02-22,524.0,541.0
2016-02-23,523.0,541.0
2016-02-24,522.0,540.0
2016-02-25,521.0,540.0
2016-02-26,519.0,538.0
2016-02-27,518.0,536.0
2016-02-28,517.0,534.0
2016-02-29,516.0,533.0
2016-03-01,515.0,533.0
2016-03-02,514.0,532.0
2016-03-03,511.0,531.0
2016-03-04,508.0,528.0
2016-03-05,505.0,523.0
2016-03-06,504.0,520.0
2016-03-07,503.0,519.0
2016-03-08,502.0,519.0
2016-03-09,501.0,518.0
2016-03-10,499.0,517.0
2016-03-11,499.0,518.0
2016-03-12,498.0,515.0
2016-03-13,498.0,513.0
2016-03-14,497.0,513.0
2016-03-15,496.0,513.0
2016-03-16,494.0,512.0
2016-03-17,493.0,510.0
2016-03-18,493.0,510.0
2016-03-19,494.0,510.0
2016-03-20,494.0,510.0
2016-03-21,495.0,511.0
2016-03-22,495.0,512.0
2016-03-23,496.0,512.0
2016-03-24,496.0,513.0
2016-03-25,496.0,513.0
2016-03-26,496.0,512.0
2016-03-27,497.0,512.0
2016-03-28,497.0,513.0
2016-03-29,498.0,514.0
2016-03-30,498.0,514.0
2016-03-31,498.0,516.0
2016-04-01,500.0,517.0
2016-04-02,502.0,517.0
2016-04-03,504.0,519.0
2016-04-04,506.0,522.0
2016-04-05,509.0,524.0
2016-04-06,512.0,528.0
2016-04-07,514.0,531.0
2016-04-08,517.0,534.0
2016-04-09,520.0,536.0
2016-04-10,521.0,536.0
2016-04-11,522.0,537.0
2016-04-12,523.0,539.0
2016-04-13,523.0,540.0
2016-04-14,525.0,544.0
2016-04-15,528.0,546.0
2016-04-16,533.0,549.0
2016-04-17,536.0,552.0
2016-04-18,540.0,557.0
2016-04-19,543.0,561.0
2016-04-20,546.0,565.0
2016-04-21,547.0,568.0
2016-04-22,548.0,569.0
2016-04-23,550.0,569.0
2016-04-24,551.0,570.0
2016-04-25,553.0,573.0
2016-04-26,555.0,575.0
2016-04-27,556.0,577.0
2016-04-28,556.0,578.0
2016-04-29,556.0,578.0
2016-04-30,556.0,576.0
2016-05-01,555.0,575.0
2016-05-02,554.0,574.0
2016-05-03,554.0,574.0
2016-05-04,553.0,574.0
2016-05-05,552.0,573.0
2016-05-06,550.0,572.0
2016-05-07,550.0,570.0
2016-05-08,548.0,568.0
2016-05-09,547.0,567.0
2016-05-10,546.0,567.0
2016-05-11,544.0,566.0
2016-05-12,542.0,565.0
2016-05-13,542.0,564.0
2016-05-14,540.0,559.0
2016-05-15,538.0,556.0
2016-05-16,535.0,554.0
2016-05-17,532.0,552.0
2016-05-18,529.0,549.0
2016-05-19,527.0,547.0
2016-05-20,525.0,544.0
2016-05-21,524.0,541.0
2016-05-22,524.0,541.0
2016-05-23,526.0,544.0
2016-05-24,529.0,547.0
2016-05-25,530.0,550.0
2016-05-26,531.0,553.0
2016-05-27,532.0,553.0
2016-05-28,535.0,554.0
2016-05-29,536.0,555.0
2016-05-30,538.0,557.0
2016-05-31,540.0,559.0
2016-06-01,543.0,562.0
2016-06-02,545.0,565.0
2016-06-03,546.0,567.0
2016-06-04,548.0,567.0
2016-06-05,549.0,568.0
2016-06-06,551.0,570.0
2016-06-07,552.0,572.0
2016-06-08,554.0,575.0
2016-06-09,555.0,577.0
2016-06-10,557.0,578.0
2016-06-11,559.0,578.0
2016-06-12,560.0,579.0
2016-06-13,562.0,581.0
2016-06-14,563.0,582.0
2016-06-15,565.0,589.0
2016-06-16,568.0,593.0
2016-06-17,571.0,596.0
2016-06-18,574.0,597.0
2016-06-19,577.0,600.0
2016-06-20,580.0,604.0
2016-06-21,579.0,608.0
2016-06-22,578.0,607.0
2016-06-23,575.0,605.0
2016-06-24,573.0,602.0
2016-06-25,572.0,598.0
2016-06-26,570.0,596.0
2016-06-27,570.0,596.0
2016-06-28,570.0,596.0
2016-06-29,570.0,597.0
2016-06-30,570.0,598.0
2016-07-01,569.0,598.0
2016-07-02,569.0,597.0
2016-07-03,570.0,596.0
2016-07-04,570.0,597.0
2016-07-05,570.0,597.0
2016-07-06,569.0,597.0
2016-07-07,568.0,597.0
2016-07-08,567.0,595.0
2016-07-09,566.0,593.0
2016-07-10,565.0,591.0
2016-07-11,565.0,591.0
2016-07-12,565.0,591.0
2016-07-13,565.0,592.0
2016-07-14,566.0,594.0
2016-07-15,566.0,590.0
2016-07-16,566.0,588.0
2016-07-17,566.0,587.0
2016-07-18,566.0,587.0
2016-07-19,564.0,587.0
2016-07-20,562.0,585.0
2016-07-21,563.0,583.0
2016-07-22,563.0,582.0
2016-07-23,565.0,582.0
2016-07-24,566.0,583.0
2016-07-25,568.0,584.0
2016-07-26,570.0,587.0
2016-07-27,571.0,589.0
2016-07-28,570.0,589.0
2016-07-29,570.0,589.0
2016-07-30,570.0,586.0
2016-07-31,568.0,585.0
2016-08-01,567.0,585.0
2016-08-02,567.0,584.0
2016-08-03,567.0,585.0
2016-08-04,567.0,586.0
2016-08-05,568.0,586.0
2016-08-06,569.0,586.0
2016-08-07,570.0,586.0
2016-08-08,571.0,588.0
2016-08-09,572.0,590.0
2016-08-10,572.0,590.0
2016-08-11,573.0,593.0
2016-08-12,573.0,593.0
2016-08-13,572.0,591.0
2016-08-14,572.0,590.0
2016-08-15,572.0,590.0
2016-08-16,571.0,590.0
2016-08-17,569.0,590.0
2016-08-18,566.0,588.0
2016-08-19,565.0,586.0
2016-08-20,563.0,583.0
2016-08-21,561.0,580.0
2016-08-22,562.0,581.0
2016-08-23,563.0,583.0
2016-08-24,564.0,584.0
2016-08-25,563.0,585.0
2016-08-26,563.0,585.0
2016-08-27,565.0,585.0
2016-08-28,565.0,586.0
2016-08-29,566.0,587.0
2016-08-30,567.0,588.0
2016-08-31,568.0,589.0
2016-09-01,568.0,591.0
2016-09-02,568.0,590.0
2016-09-03,568.0,589.0
2016-09-04,568.0,588.0
2016-09-05,568.0,588.0
2016-09-06,568.0,588.0
2016-09-07,567.0,588.0
2016-09-08,568.0,591.0
2016-09-09,569.0,592.0
2016-09-10,569.0,590.0
2016-09-11,570.0,590.0
2016-09-12,570.0,590.0
2016-09-13,571.0,592.0
2016-09-14,571.0,593.0
2016-09-15,573.0,595.0
2016-09-16,576.0,596.0
2016-09-17,580.0,598.0
2016-09-18,583.0,602.0
2016-09-19,586.0,605.0
2016-09-20,588.0,609.0
2016-09-21,588.0,608.0
2016-09-22,587.0,609.0
2016-09-23,586.0,608.0
2016-09-24,587.0,607.0
2016-09-25,588.0,607.0
2016-09-26,588.0,608.0
2016-09-27,589.0,610.0
2016-09-28,590.0,611.0
2016-09-29,589.0,612.0
2016-09-30,588.0,611.0
2016-10-01,587.0,609.0
2016-10-02,587.0,608.0
2016-10-03,587.0,608.0
2016-10-04,582.0,608.0
2016-10-05,593.0,623.0
2016-10-06,608.0,637.0
2016-10-07,612.0,651.0
2016-10-08,611.0,652.0
2016-10-09,602.0,650.0
2016-10-10,598.0,646.0
2016-10-11,598.0,645.0
2016-10-12,598.0,645.0
2016-10-13,598.0,647.0
2016-10-14,599.0,648.0
2016-10-15,599.0,646.0
2016-10-16,599.0,645.0
2016-10-17,600.0,646.0
2016-10-18,599.0,648.0
2016-10-19,599.0,647.0
2016-10-20,599.0,647.0
2016-10-21,599.0,647.0
2016-10-22,598.0,645.0
2016-10-23,597.0,643.0
2016-10-24,596.0,643.0
2016-10-25,596.0,643.0
2016-10-26,594.0,643.0
2016-10-27,590.0,641.0
2016-10-28,589.0,640.0
2016-10-29,590.0,638.0
2016-10-30,590.0,638.0
2016-10-31,590.0,639.0
2016-11-01,591.0,640.0
2016-11-02,592.0,641.0
2016-11-03,595.0,642.0
2016-11-04,583.0,628.0
2016-11-05,571.0,615.0
2016-11-06,569.0,603.0
2016-11-07,571.0,601.0
2016-11-08,581.0,604.0
2016-11-09,586.0,610.0
2016-11-10,590.0,615.0
2016-11-11,593.0,618.0
2016-11-12,595.0,619.0
2016-11-13,597.0,619.0
2016-11-14,599.0,622.0
2016-11-15,600.0,626.0
2016-11-16,600.0,626.0
2016-11-17,601.0,626.0
2016-11-18,602.0,628.0
2016-11-19,605.0,629.0
2016-11-20,608.0,631.0
2016-11-21,611.0,635.0
2016-11-22,614.0,639.0
2016-11-23,614.0,641.0
2016-11-24,615.0,640.0
2016-11-25,616.0,640.0
2016-11-26,618.0,640.0
2016-11-27,619.0,639.0
2016-11-28,619.0,640.0
2016-11-29,620.0,641.0
2016-11-30,622.0,643.0
2016-12-01,623.0,645.0
2016-12-02,623.0,646.0
2016-12-03,625.0,646.0
2016-12-04,627.0,647.0
2016-12-05,627.0,647.0
2016-12-06,626.0,647.0
2016-12-07,624.0,646.0
2016-12-08,620.0,644.0
2016-12-09,618.0,641.0
2016-12-10,614.0,636.0
2016-12-11,610.0,632.0
2016-12-12,607.0,628.0
2016-12-13,603.0,626.0
2016-12-14,600.0,622.0
2016-12-15,598.0,619.0
2016-12-16,595.0,617.0
2016-12-17,594.0,616.0
2016-12-18,593.0,614.0
2016-12-19,591.0,613.0
2016-12-20,587.0,611.0
2016-12-21,582.0,607.0
2016-12-22,576.0,602.0
2016-12-23,573.0,596.0
2016-12-24,570.0,593.0
2016-12-25,568.0,590.0
2016-12-26,565.0,588.0
2016-12-27,563.0,586.0
2016-12-28,560.0,583.0
2016-12-29,556.0,580.0
2016-12-30,553.0,578.0
2016-12-31,552.0,575.0
2017-01-01,551.0,573.0
2017-01-02,549.0,572.0
2017-01-03,548.0,571.0
2017-01-04,545.0,569.0
2017-01-05,544.0,567.0
2017-01-06,543.0,565.0
2017-01-07,545.0,564.0
2017-01-08,545.0,565.0
2017-01-09,546.0,566.0
2017-01-10,546.0,567.0
2017-01-11,546.0,567.0
2017-01-12,548.0,569.0
2017-01-13,548.0,570.0
2017-01-14,550.0,571.0
2017-01-15,553.0,573.0
2017-01-16,554.0,573.0
2017-01-17,554.0,576.0
2017-01-18,552.0,575.0
2017-01-19,553.0,575.0
2017-01-20,555.0,577.0
2017-01-21,559.0,579.0
2017-01-22,561.0,581.0
2017-01-23,565.0,586.0
2017-01-24,568.0,591.0
2017-01-25,572.0,595.0
2017-01-26,575.0,599.0
2017-01-27,578.0,602.0
2017-01-28,583.0,606.0
2017-01-29,585.0,607.0
2017-01-30,586.0,609.0
2017-01-31,588.0,611.0
2017-02-01,590.0,615.0
2017-02-02,591.0,618.0
2017-02-03,595.0,622.0
2017-02-04,600.0,625.0
2017-02-05,604.0,630.0
2017-02-06,607.0,634.0
2017-02-07,609.0,639.0
2017-02-08,610.0,642.0
2017-02-09,612.0,644.0
2017-02-10,613.0,646.0
2017-02-11,614.0,645.0
2017-02-12,616.0,646.0
2017-02-13,618.0,648.0
2017-02-14,617.0,651.0
2017-02-15,618.0,653.0
2017-02-16,618.0,653.0
2017-02-17,622.0,657.0
2017-02-18,626.0,659.0
2017-02-19,629.0,662.0
2017-02-20,633.0,666.0
2017-02-21,634.0,670.0
2017-02-22,633.0,670.0
2017-02-23,632.0,670.0
2017-02-24,632.0,670.0
2017-02-25,633.0,669.0
2017-02-26,634.0,669.0
2017-02-27,634.0,671.0
2017-02-28,635.0,673.0
2017-03-01,636.0,674.0
2017-03-02,634.0,675.0
2017-03-03,632.0,673.0
2017-03-04,631.0,671.0
2017-03-05,628.0,666.0
2017-03-06,625.0,664.0
2017-03-07,622.0,662.0
2017-03-08,620.0,660.0
2017-03-09,618.0,658.0
2017-03-10,618.0,657.0
2017-03-11,618.0,655.0
2017-03-12,619.0,654.0
2017-03-13,619.0,655.0
2017-03-14,620.0,657.0
2017-03-15,619.0,658.0
2017-03-16,620.0,658.0
2017-03-17,621.0,659.0
2017-03-18,624.0,659.0
2017-03-19,624.0,658.0
2017-03-20,623.0,659.0
2017-03-21,621.0,659.0
2017-03-22,618.0,658.0
2017-03-23,615.0,655.0
2017-03-24,614.0,653.0
2017-03-25,614.0,650.0
2017-03-26,612.0,649.0
2017-03-27,610.0,648.0
2017-03-28,608.0,647.0
2017-03-29,605.0,646.0
2017-03-30,601.0,643.0
2017-03-31,597.0,639.0
2017-04-01,597.0,635.0
2017-04-02,596.0,633.0
2017-04-03,596.0,633.0
2017-04-04,597.0,635.0
2017-04-05,595.0,635.0
2017-04-06,592.0,633.0
2017-04-07,588.0,630.0
2017-04-08,586.0,625.0
2017-04-09,583.0,621.0
2017-04-10,580.0,619.0
2017-04-11,578.0,617.0
2017-04-12,575.0,614.0
2017-04-13,570.0,612.0
2017-04-14,568.0,607.0
2017-04-15,566.0,603.0
2017-04-16,564.0,599.0
2017-04-17,562.0,598.0
2017-04-18,557.0,598.0
2017-04-19,554.0,594.0
2017-04-20,550.0,590.0
2017-04-21,548.0,587.0
2017-04-22,548.0,584.0
2017-04-23,548.0,582.0
2017-04-24,547.0,582.0
2017-04-25,545.0,582.0
2017-04-26,546.0,581.0
2017-04-27,544.0,581.0
2017-04-28,544.0,579.0
2017-04-29,546.0,578.0
2017-04-30,547.0,578.0
2017-05-01,547.0,579.0
2017-05-02,547.0,580.0
2017-05-03,547.0,580.0
2017-05-04,544.0,579.0
2017-05-05,543.0,576.0
2017-05-06,543.0,574.0
2017-05-07,544.0,573.0
2017-05-08,544.0,574.0
2017-05-09,545.0,575.0
2017-05-10,545.0,576.0
2017-05-11,546.0,578.0
2017-05-12,548.0,579.0
2017-05-13,550.0,579.0
2017-05-14,551.0,580.0
2017-05-15,553.0,581.0
2017-05-16,550.0,584.0
2017-05-17,547.0,581.0
2017-05-18,544.0,577.0
2017-05-19,542.0,573.0
2017-05-20,541.0,570.0
2017-05-21,540.0,568.0
2017-05-22,538.0,566.0
2017-05-23,536.0,565.0
2017-05-24,535.0,563.0
2017-05-25,534.0,562.0
2017-05-26,531.0,560.0
2017-05-27,530.0,557.0
2017-05-28,528.0,555.0
2017-05-29,526.0,552.0
2017-05-30,524.0,552.0
2017-05-31,522.0,549.0
2017-06-01,519.0,548.0
2017-06-02,518.0,545.0
2017-06-03,518.0,543.0
2017-06-04,518.0,543.0
2017-06-05,518.0,543.0
2017-06-06,519.0,545.0
2017-06-07,521.0,546.0
2017-06-08,519.0,547.0
2017-06-09,519.0,547.0
2017-06-10,517.0,544.0
2017-06-11,515.0,541.0
2017-06-12,513.0,539.0
2017-06-13,510.0,538.0
2017-06-14,508.0,536.0
2017-06-15,510.0,536.0
2017-06-16,514.0,538.0
2017-06-17,518.0,541.0
2017-06-18,523.0,545.0
2017-06-19,527.0,550.0
2017-06-20,528.0,555.0
2017-06-21,530.0,557.0
2017-06-22,531.0,560.0
2017-06-23,532.0,562.0
2017-06-24,534.0,563.0
2017-06-25,537.0,563.0
2017-06-26,538.0,566.0
2017-06-27,540.0,569.0
2017-06-28,542.0,572.0
2017-06-29,542.0,574.0
2017-06-30,543.0,574.0
2017-07-01,544.0,572.0
2017-07-02,544.0,573.0
2017-07-03,546.0,574.0
2017-07-04,547.0,575.0
2017-07-05,548.0,577.0
2017-07-06,546.0,577.0
2017-07-07,545.0,576.0
2017-07-08,546.0,574.0
2017-07-09,547.0,573.0
2017-07-10,547.0,574.0
2017-07-11,549.0,578.0
2017-07-12,552.0,581.0
2017-07-13,553.0,584.0
2017-07-14,554.0,586.0
2017-07-15,553.0,583.0
2017-07-16,552.0,582.0
2017-07-17,553.0,582.0
2017-07-18,551.0,583.0
2017-07-19,550.0,582.0
2017-07-20,551.0,582.0
2017-07-21,552.0,584.0
2017-07-22,554.0,583.0
2017-07-23,555.0,584.0
2017-07-24,556.0,586.0
2017-07-25,558.0,590.0
2017-07-26,561.0,593.0
2017-07-27,560.0,596.0
2017-07-28,559.0,595.0
2017-07-29,561.0,593.0
2017-07-30,562.0,594.0
2017-07-31,563.0,595.0
2017-08-01,564.0,598.0
2017-08-02,566.0,599.0
2017-08-03,565.0,601.0
2017-08-04,565.0,601.0
2017-08-05,567.0,600.0
2017-08-06,569.0,601.0
2017-08-07,570.0,604.0
2017-08-08,571.0,607.0
2017-08-09,572.0,608.0
2017-08-10,572.0,610.0
2017-08-11,572.0,610.0
2017-08-12,573.0,608.0
2017-08-13,575.0,609.0
2017-08-14,577.0,611.0
2017-08-15,578.0,613.0
2017-08-16,580.0,614.0
2017-08-17,579.0,616.0
2017-08-18,578.0,615.0
2017-08-19,579.0,613.0
2017-08-20,580.0,612.0
2017-08-21,580.0,613.0
2017-08-22,581.0,615.0
2017-08-23,581.0,616.0
2017-08-24,579.0,614.0
2017-08-25,577.0,611.0
2017-08-26,579.0,609.0
2017-08-27,580.0,610.0
2017-08-28,581.0,612.0
2017-08-29,583.0,614.0
2017-08-30,584.0,616.0
2017-08-31,583.0,617.0
2017-09-01,582.0,615.0
2017-09-02,583.0,614.0
2017-09-03,584.0,615.0
2017-09-04,585.0,616.0
2017-09-05,586.0,617.0
2017-09-06,579.0,617.0
2017-09-07,560.0,610.0
2017-09-08,540.0,589.0
2017-09-09,520.0,565.0
2017-09-10,500.0,543.0
2017-09-11,479.0,522.0
2017-09-12,458.0,501.0
2017-09-13,437.0,479.0
2017-09-14,415.0,457.0
2017-09-15,394.0,434.0
2017-09-16,376.0,412.0
2017-09-17,358.0,393.0
2017-09-18,339.0,374.0
2017-09-19,320.0,355.0
2017-09-20,301.0,335.0
2017-09-21,280.0,314.0
2017-09-22,261.0,293.0
2017-09-23,243.0,272.0
2017-09-24,225.0,253.0
2017-09-25,206.0,234.0
2017-09-26,186.0,214.0
2017-09-27,168.0,195.0
2017-09-28,148.0,175.0
2017-09-29,129.0,154.0
2017-09-30,111.0,133.0
2017-10-01,93.0,115.0
2017-10-02,74.0,95.0
2017-10-03,54.0,76.0
2017-10-04,34.0,56.0
2017-10-05,14.0,35.0
2017-10-06,1.0,15.0
2017-10-07,1.0,1.0
2017-10-08,1.0,1.0
2017-10-09,1.0,1.0
2017-10-10,1.0,1.0
2017-10-11,1.0,1.0
2017-10-12,1.0,1.0
2017-10-13,1.0,1.0
2017-10-14,1.0,1.0
2017-10-15,1.0,1.0
2017-10-16,1.0,1.0
2017-10-17,1.0,1.0
2017-10-18,1.0,1.0
2017-10-19,1.0,1.0
2017-10-20,1.0,1.0
2017-10-21,1.0,1.0
2017-10-22,1.0,1.0
2017-10-23,1.0,1.0
2017-10-24,1.0,1.0
2017-10-25,1.0,1.0
2017-10-26,1.0,1.0
2017-10-27,1.0,1.0
2017-10-28,1.0,1.0
2017-10-29,1.0,1.0
2017-10-30,1.0,1.0
2017-10-31,1.0,1.0
2017-11-01,1.0,1.0
2017-11-02,1.0,1.0
2017-11-03,1.0,1.0
2017-11-04,1.0,1.0
2017-11-05,1.0,1.0
2017-11-06,1.0,1.0
2017-11-07,1.0,1.0
2017-11-08,1.0,1.0
2017-11-09,1.0,1.0
2017-11-10,6.0,6.0
2017-11-11,14.0,15.0
2017-11-12,23.0,24.0
2017-11-13,32.0,33.0
2017-11-14,43.0,45.0
2017-11-15,56.0,58.0
2017-11-16,70.0,73.0
2017-11-17,86.0,90.0
2017-11-18,102.0,107.0
2017-11-19,119.0,124.0
2017-11-20,136.0,141.0
2017-11-21,152.0,159.0
2017-11-22,167.0,177.0
2017-11-23,182.0,192.0
2017-11-24,197.0,207.0
2017-11-25,212.0,222.0
2017-11-26,227.0,237.0
2017-11-27,242.0,253.0
2017-11-28,256.0,269.0
2017-11-29,270.0,284.0
2017-11-30,283.0,299.0
2017-12-01,297.0,313.0
2017-12-02,312.0,328.0
2017-12-03,327.0,343.0
2017-12-04,342.0,359.0
2017-12-05,356.0,375.0
2017-12-06,369.0,389.0
2017-12-07,383.0,405.0
2017-12-08,397.0,419.0
2017-12-09,414.0,436.0
2017-12-10,425.0,447.0
2017-12-11,432.0,456.0
2017-12-12,440.0,464.0
2017-12-13,449.0,473.0
2017-12-14,455.0,483.0
2017-12-15,460.0,488.0
2017-12-16,465.0,492.0
2017-12-17,467.0,494.0
2017-12-18,470.0,497.0
2017-12-19,472.0,501.0
2017-12-20,473.0,504.0
2017-12-21,472.0,505.0
2017-12-22,473.0,504.0
2017-12-23,474.0,506.0
2017-12-24,476.0,507.0
2017-12-25,477.0,508.0
2017-12-26,477.0,510.0
2017-12-27,478.0,510.0
2017-12-28,479.0,511.0
2017-12-29,479.0,512.0
2017-12-30,480.0,512.0
2017-12-31,481.0,512.0
2018-01-01,480.0,512.0
2018-01-02,480.0,512.0
2018-01-03,480.0,512.0
2018-01-04,481.0,512.0
2018-01-05,483.0,513.0
2018-01-06,486.0,514.0
2018-01-07,488.0,516.0
2018-01-08,488.0,517.0
2018-01-09,488.0,517.0
2018-01-10,488.0,517.0
2018-01-11,488.0,518.0
2018-01-12,489.0,518.0
2018-01-13,490.0,515.0
2018-01-14,491.0,515.0
2018-01-15,491.0,516.0
2018-01-16,489.0,516.0
2018-01-17,487.0,516.0
2018-01-18,485.0,513.0
2018-01-19,485.0,510.0
2018-01-20,487.0,509.0
2018-01-21,489.0,510.0
2018-01-22,492.0,512.0
2018-01-23,492.0,516.0
2018-01-24,494.0,518.0
2018-01-25,493.0,520.0
2018-01-26,494.0,519.0
2018-01-27,495.0,520.0
2018-01-28,499.0,521.0
2018-01-29,502.0,524.0
2018-01-30,505.0,528.0
2018-01-31,506.0,532.0
2018-02-01,507.0,534.0
2018-02-02,508.0,535.0
2018-02-03,509.0,536.0
2018-02-04,510.0,537.0
2018-02-05,510.0,538.0
2018-02-06,511.0,539.0
2018-02-07,513.0,540.0
2018-02-08,514.0,543.0
2018-02-09,515.0,545.0
2018-02-10,516.0,544.0
2018-02-11,516.0,545.0
2018-02-12,514.0,545.0
2018-02-13,513.0,545.0
2018-02-14,509.0,543.0
2018-02-15,508.0,542.0
2018-02-16,507.0,539.0
2018-02-17,508.0,537.0
2018-02-18,508.0,538.0
2018-02-19,508.0,537.0
2018-02-20,506.0,537.0
2018-02-21,503.0,536.0
2018-02-22,501.0,533.0
2018-02-23,499.0,531.0
2018-02-24,500.0,529.0
2018-02-25,501.0,530.0
2018-02-26,501.0,530.0
2018-02-27,501.0,532.0
2018-02-28,500.0,532.0
2018-03-01,499.0,531.0
2018-03-02,499.0,530.0
2018-03-03,500.0,530.0
2018-03-04,503.0,531.0
2018-03-05,505.0,533.0
2018-03-06,507.0,536.0
2018-03-07,511.0,540.0
2018-03-08,513.0,544.0
2018-03-09,515.0,547.0
2018-03-10,517.0,547.0
2018-03-11,519.0,548.0
2018-03-12,520.0,550.0
2018-03-13,521.0,552.0
2018-03-14,520.0,552.0
2018-03-15,520.0,552.0
2018-03-16,519.0,552.0
2018-03-17,519.0,550.0
2018-03-18,518.0,549.0
2018-03-19,518.0,549.0
2018-03-20,518.0,551.0
2018-03-21,519.0,552.0
2018-03-22,520.0,555.0
2018-03-23,522.0,556.0
2018-03-24,527.0,558.0
2018-03-25,530.0,561.0
2018-03-26,533.0,564.0
2018-03-27,536.0,569.0
2018-03-28,538.0,572.0
2018-03-29,538.0,574.0
2018-03-30,539.0,574.0
2018-03-31,541.0,574.0
2018-04-01,542.0,575.0
2018-04-02,543.0,576.0
2018-04-03,543.0,577.0
2018-04-04,542.0,578.0
2018-04-05,540.0,577.0
2018-04-06,537.0,573.0
2018-04-07,536.0,570.0
2018-04-08,534.0,567.0
2018-04-09,532.0,566.0
2018-04-10,531.0,565.0
2018-04-11,531.0,564.0
2018-04-12,531.0,564.0
2018-04-13,532.0,565.0
2018-04-14,534.0,564.0
2018-04-15,537.0,565.0
2018-04-16,540.0,569.0
2018-04-17,544.0,573.0
2018-04-18,543.0,575.0
2018-04-19,542.0,574.0
2018-04-20,541.0,573.0
2018-04-21,541.0,570.0
2018-04-22,541.0,570.0
2018-04-23,539.0,569.0
2018-04-24,538.0,568.0
2018-04-25,536.0,567.0
2018-04-26,532.0,565.0
2018-04-27,529.0,561.0
2018-04-28,528.0,558.0
2018-04-29,527.0,556.0
2018-04-30,527.0,556.0
2018-05-01,527.0,557.0
2018-05-02,528.0,558.0
2018-05-03,528.0,559.0
2018-05-04,528.0,558.0
2018-05-05,530.0,558.0
2018-05-06,532.0,560.0
2018-05-07,531.0,561.0
2018-05-08,531.0,562.0
2018-05-09,533.0,563.0
2018-05-10,532.0,564.0
2018-05-11,532.0,564.0
2018-05-12,532.0,563.0
2018-05-13,534.0,563.0
2018-05-14,534.0,564.0
2018-05-15,534.0,567.0
2018-05-16,535.0,567.0
2018-05-17,534.0,568.0
2018-05-18,534.0,567.0
2018-05-19,535.0,566.0
2018-05-20,535.0,566.0
2018-05-21,534.0,566.0
2018-05-22,533.0,565.0
2018-05-23,532.0,564.0
2018-05-24,530.0,563.0
2018-05-25,529.0,562.0
2018-05-26,530.0,561.0
2018-05-27,532.0,561.0
2018-05-28,533.0,562.0
2018-05-29,534.0,564.0
2018-05-30,534.0,565.0
2018-05-31,532.0,565.0
2018-06-01,530.0,563.0
2018-06-02,529.0,561.0
2018-06-03,529.0,559.0
2018-06-04,527.0,558.0
2018-06-05,527.0,558.0
2018-06-06,528.0,559.0
2018-06-07,529.0,560.0
2018-06-08,531.0,561.0
2018-06-09,533.0,562.0
2018-06-10,535.0,564.0
2018-06-11,536.0,566.0
2018-06-12,538.0,568.0
2018-06-13,539.0,570.0
2018-06-14,540.0,570.0
2018-06-15,540.0,570.0
2018-06-16,542.0,569.0
2018-06-17,545.0,571.0
2018-06-18,546.0,574.0
2018-06-19,548.0,577.0
2018-06-20,551.0,579.0
2018-06-21,554.0,583.0
2018-06-22,556.0,586.0
2018-06-23,558.0,587.0
2018-06-24,560.0,588.0
2018-06-25,561.0,591.0
2018-06-26,563.0,593.0
2018-06-27,564.0,595.0
2018-06-28,564.0,596.0
2018-06-29,565.0,596.0
2018-06-30,568.0,597.0
2018-07-01,571.0,599.0
2018-07-02,572.0,601.0
2018-07-03,574.0,603.0
2018-07-04,577.0,605.0
2018-07-05,578.0,607.0
2018-07-06,579.0,607.0
2018-07-07,580.0,607.0
2018-07-08,580.0,607.0
2018-07-09,581.0,608.0
2018-07-10,583.0,611.0
2018-07-11,584.0,612.0
2018-07-12,585.0,614.0
2018-07-13,586.0,616.0
2018-07-14,587.0,616.0
2018-07-15,589.0,617.0
2018-07-16,591.0,621.0
2018-07-17,592.0,624.0
2018-07-18,592.0,625.0
2018-07-19,591.0,624.0
2018-07-20,590.0,623.0
2018-07-21,590.0,621.0
2018-07-22,591.0,620.0
2018-07-23,592.0,621.0
2018-07-24,594.0,624.0
2018-07-25,596.0,627.0
2018-07-26,596.0,628.0
2018-07-27,596.0,628.0
2018-07-28,599.0,629.0
2018-07-29,602.0,631.0
2018-07-30,604.0,634.0
2018-07-31,607.0,638.0
2018-08-01,610.0,641.0
2018-08-02,612.0,645.0
2018-08-03,613.0,647.0
2018-08-04,614.0,647.0
2018-08-05,616.0,648.0
2018-08-06,618.0,651.0
2018-08-07,620.0,653.0
2018-08-08,621.0,656.0
2018-08-09,619.0,656.0
2018-08-10,618.0,655.0
2018-08-11,617.0,652.0
2018-08-12,616.0,649.0
2018-08-13,617.0,649.0
2018-08-14,618.0,651.0
2018-08-15,619.0,651.0
2018-08-16,621.0,652.0
2018-08-17,622.0,655.0
2018-08-18,623.0,655.0
2018-08-19,625.0,655.0
2018-08-20,625.0,657.0
2018-08-21,626.0,658.0
2018-08-22,624.0,660.0
2018-08-23,621.0,658.0
2018-08-24,619.0,655.0
2018-08-25,619.0,652.0
2018-08-26,619.0,651.0
2018-08-27,617.0,650.0
2018-08-28,616.0,649.0
2018-08-29,613.0,647.0
2018-08-30,610.0,644.0
2018-08-31,605.0,640.0
2018-09-01,602.0,635.0
2018-09-02,600.0,631.0
2018-09-03,597.0,628.0
2018-09-04,594.0,627.0
2018-09-05,591.0,624.0
2018-09-06,586.0,622.0
2018-09-07,581.0,616.0
2018-09-08,578.0,611.0
2018-09-09,575.0,606.0
2018-09-10,572.0,604.0
2018-09-11,570.0,601.0
2018-09-12,568.0,599.0
2018-09-13,564.0,597.0
2018-09-14,560.0,593.0
2018-09-15,557.0,588.0
2018-09-16,557.0,584.0
2018-09-17,557.0,585.0
2018-09-18,558.0,587.0
2018-09-19,558.0,588.0
2018-09-20,560.0,590.0
2018-09-21,563.0,592.0
2018-09-22,568.0,594.0
2018-09-23,572.0,597.0
2018-09-24,575.0,602.0
2018-09-25,579.0,606.0
2018-09-26,582.0,609.0
2018-09-27,584.0,613.0
2018-09-28,586.0,615.0
2018-09-29,589.0,616.0
2018-09-30,593.0,619.0
2018-10-01,597.0,622.0
2018-10-02,600.0,627.0
2018-10-03,603.0,630.0
2018-10-04,604.0,632.0
2018-10-05,603.0,632.0
2018-10-06,605.0,630.0
2018-10-07,607.0,631.0
2018-10-08,610.0,634.0
2018-10-09,613.0,638.0
2018-10-10,617.0,642.0
2018-10-11,621.0,646.0
2018-10-12,622.0,649.0
2018-10-13,623.0,649.0
2018-10-14,624.0,649.0
2018-10-15,625.0,650.0
2018-10-16,625.0,651.0
2018-10-17,624.0,652.0
2018-10-18,622.0,650.0
2018-10-19,622.0,647.0
2018-10-20,619.0,644.0
2018-10-21,616.0,640.0
2018-10-22,613.0,637.0
2018-10-23,611.0,635.0
2018-10-24,608.0,633.0
2018-10-25,603.0,630.0
2018-10-26,599.0,626.0
2018-10-27,597.0,620.0
2018-10-28,594.0,616.0
2018-10-29,592.0,614.0
2018-10-30,589.0,613.0
2018-10-31,587.0,612.0
2018-11-01,584.0,609.0
2018-11-02,581.0,607.0
2018-11-03,581.0,604.0
2018-11-04,581.0,604.0
2018-11-05,581.0,604.0
2018-11-06,581.0,606.0
2018-11-07,580.0,606.0
2018-11-08,577.0,605.0
2018-11-09,574.0,602.0
2018-11-10,571.0,599.0
2018-11-11,570.0,595.0
2018-11-12,569.0,594.0
2018-11-13,568.0,594.0
2018-11-14,567.0,595.0
2018-11-15,567.0,595.0
2018-11-16,568.0,595.0
2018-11-17,569.0,594.0
2018-11-18,570.0,595.0
2018-11-19,570.0,597.0
2018-11-20,570.0,598.0
2018-11-21,568.0,598.0
2018-11-22,567.0,596.0
2018-11-23,566.0,594.0
2018-11-24,567.0,593.0
2018-11-25,568.0,593.0
2018-11-26,569.0,594.0
2018-11-27,571.0,597.0
2018-11-28,574.0,600.0
2018-11-29,574.0,601.0
2018-11-30,575.0,602.0
2018-12-01,577.0,602.0
2018-12-02,579.0,603.0
2018-12-03,581.0,606.0
2018-12-04,583.0,609.0
2018-12-05,584.0,611.0
2018-12-06,584.0,612.0
2018-12-07,587.0,615.0
2018-12-08,592.0,618.0
2018-12-09,597.0,622.0
2018-12-10,602.0,628.0
2018-12-11,606.0,635.0
2018-12-12,611.0,639.0
2018-12-13,616.0,646.0
2018-12-14,621.0,650.0
2018-12-15,625.0,653.0
2018-12-16,630.0,657.0
2018-12-17,637.0,663.0
2018-12-18,641.0,671.0
2018-12-19,646.0,674.0
2018-12-20,650.0,680.0
2018-12-21,655.0,686.0
2018-12-22,659.0,690.0
2018-12-23,663.0,694.0
2018-12-24,666.0,698.0
2018-12-25,669.0,701.0
2018-12-26,672.0,704.0
2018-12-27,674.0,707.0
2018-12-28,675.0,708.0
2018-12-29,678.0,708.0
2018-12-30,681.0,710.0
2018-12-31,684.0,714.0
2019-01-01,688.0,717.0
2019-01-02,691.0,720.0
2019-01-03,695.0,723.0
2019-01-04,698.0,726.0
2019-01-05,704.0,728.0
2019-01-06,707.0,731.0
2019-01-07,708.0,733.0
2019-01-08,708.0,735.0
2019-01-09,708.0,735.0
2019-01-10,710.0,735.0
2019-01-11,712.0,738.0
2019-01-12,713.0,736.0
2019-01-13,714.0,736.0
2019-01-14,715.0,738.0
2019-01-15,716.0,739.0
2019-01-16,717.0,741.0
2019-01-17,718.0,741.0
2019-01-18,721.0,744.0
2019-01-19,725.0,746.0
2019-01-20,730.0,748.0
2019-01-21,734.0,754.0
2019-01-22,738.0,758.0
2019-01-23,743.0,762.0
2019-01-24,745.0,767.0
2019-01-25,747.0,771.0
2019-01-26,750.0,771.0
2019-01-27,751.0,773.0
2019-01-28,752.0,775.0
2019-01-29,753.0,777.0
2019-01-30,754.0,778.0
2019-01-31,754.0,780.0
2019-02-01,754.0,780.0
2019-02-02,753.0,779.0
2019-02-03,753.0,778.0
2019-02-04,756.0,782.0
2019-02-05,759.0,786.0
2019-02-06,760.0,790.0
2019-02-07,763.0,793.0
2019-02-08,764.0,795.0
2019-02-09,765.0,795.0
2019-02-10,765.0,794.0
2019-02-11,765.0,795.0
2019-02-12,765.0,796.0
2019-02-13,766.0,797.0
2019-02-14,764.0,798.0
2019-02-15,764.0,797.0
2019-02-16,765.0,795.0
2019-02-17,763.0,793.0
2019-02-18,762.0,792.0
2019-02-19,759.0,790.0
2019-02-20,757.0,788.0
2019-02-21,755.0,788.0
2019-02-22,752.0,786.0
2019-02-23,751.0,782.0
2019-02-24,751.0,780.0
2019-02-25,751.0,781.0
2019-02-26,751.0,783.0
2019-02-27,753.0,784.0
2019-02-28,755.0,787.0
2019-03-01,757.0,789.0
2019-03-02,760.0,790.0
2019-03-03,763.0,791.0
2019-03-04,765.0,794.0
2019-03-05,767.0,797.0
2019-03-06,765.0,796.0
2019-03-07,762.0,794.0
2019-03-08,763.0,792.0
2019-03-09,764.0,791.0
2019-03-10,765.0,791.0
2019-03-11,767.0,794.0
2019-03-12,768.0,796.0
2019-03-13,771.0,797.0
2019-03-14,771.0,800.0
2019-03-15,771.0,800.0
2019-03-16,772.0,799.0
2019-03-17,772.0,799.0
2019-03-18,772.0,800.0
2019-03-19,771.0,800.0
2019-03-20,771.0,801.0
2019-03-21,769.0,802.0
2019-03-22,767.0,800.0
2019-03-23,767.0,796.0
2019-03-24,767.0,794.0
2019-03-25,766.0,795.0
2019-03-26,765.0,795.0
2019-03-27,762.0,792.0
2019-03-28,760.0,790.0
2019-03-29,755.0,786.0
2019-03-30,751.0,781.0
2019-03-31,747.0,775.0
2019-04-01,742.0,771.0
2019-04-02,736.0,768.0
2019-04-03,730.0,761.0
2019-04-04,726.0,758.0
2019-04-05,722.0,754.0
2019-04-06,720.0,749.0
2019-04-07,716.0,745.0
2019-04-08,712.0,741.0
2019-04-09,706.0,737.0
2019-04-10,702.0,732.0
2019-04-11,696.0,728.0
2019-04-12,690.0,721.0
2019-04-13,688.0,717.0
2019-04-14,686.0,713.0
2019-04-15,684.0,712.0
2019-04-16,682.0,711.0
2019-04-17,680.0,708.0
2019-04-18,680.0,708.0
2019-04-19,680.0,708.0
2019-04-20,683.0,707.0
2019-04-21,686.0,709.0
2019-04-22,689.0,713.0
2019-04-23,691.0,716.0
2019-04-24,691.0,718.0
2019-04-25,694.0,721.0
2019-04-26,697.0,724.0
2019-04-27,701.0,726.0
2019-04-28,705.0,728.0
2019-04-29,709.0,733.0
2019-04-30,714.0,739.0
2019-05-01,718.0,744.0
2019-05-02,723.0,748.0
2019-05-03,727.0,753.0
2019-05-04,732.0,755.0
2019-05-05,734.0,757.0
2019-05-06,738.0,761.0
2019-05-07,740.0,765.0
2019-05-08,743.0,768.0
2019-05-09,744.0,771.0
2019-05-10,746.0,772.0
2019-05-11,749.0,773.0
2019-05-12,752.0,776.0
2019-05-13,754.0,778.0
2019-05-14,756.0,781.0
2019-05-15,759.0,784.0
2019-05-16,762.0,788.0
2019-05-17,764.0,792.0
2019-05-18,764.0,791.0
2019-05-19,765.0,791.0
2019-05-20,765.0,793.0
2019-05-21,765.0,794.0
2019-05-22,764.0,793.0
2019-05-23,764.0,793.0
2019-05-24,766.0,794.0
2019-05-25,766.0,793.0
2019-05-26,766.0,791.0
2019-05-27,766.0,791.0
2019-05-28,766.0,792.0
2019-05-29,766.0,793.0
2019-05-30,765.0,792.0
2019-05-31,765.0,793.0
2019-06-01,766.0,793.0
2019-06-02,767.0,793.0
2019-06-03,768.0,794.0
2019-06-04,769.0,796.0
2019-06-05,771.0,797.0
2019-06-06,773.0,799.0
2019-06-07,774.0,801.0
2019-06-08,778.0,802.0
2019-06-09,781.0,805.0
2019-06-10,784.0,808.0
2019-06-11,788.0,813.0
2019-06-12,791.0,818.0
2019-06-13,792.0,820.0
2019-06-14,790.0,820.0
2019-06-15,790.0,817.0
2019-06-16,791.0,816.0
2019-06-17,790.0,817.0
2019-06-18,789.0,817.0
2019-06-19,788.0,815.0
2019-06-20,787.0,816.0
2019-06-21,787.0,816.0
2019-06-22,788.0,815.0
2019-06-23,789.0,815.0
2019-06-24,790.0,817.0
2019-06-25,790.0,818.0
2019-06-26,790.0,819.0
2019-06-27,788.0,818.0
2019-06-28,784.0,815.0
2019-06-29,781.0,810.0
2019-06-30,778.0,805.0
2019-07-01,775.0,803.0
2019-07-02,770.0,801.0
2019-07-03,765.0,797.0
2019-07-04,760.0,791.0
2019-07-05,754.0,785.0
2019-07-06,750.0,779.0
2019-07-07,745.0,773.0
2019-07-08,740.0,769.0
2019-07-09,736.0,765.0
2019-07-10,732.0,761.0
2019-07-11,726.0,756.0
2019-07-12,722.0,750.0
2019-07-13,718.0,745.0
2019-07-14,716.0,741.0
2019-07-15,714.0,739.0
2019-07-16,709.0,737.0
2019-07-17,707.0,733.0
2019-07-18,705.0,732.0
2019-07-19,703.0,730.0
2019-07-20,702.0,727.0
2019-07-21,700.0,725.0
2019-07-22,698.0,724.0
2019-07-23,696.0,722.0
2019-07-24,693.0,719.0
2019-07-25,689.0,716.0
2019-07-26,685.0,713.0
2019-07-27,683.0,708.0
2019-07-28,682.0,706.0
2019-07-29,680.0,704.0
2019-07-30,679.0,704.0
2019-07-31,676.0,702.0
2019-08-01,674.0,699.0
2019-08-02,674.0,698.0
2019-08-03,673.0,697.0
2019-08-04,672.0,696.0
2019-08-05,672.0,696.0
2019-08-06,670.0,696.0
2019-08-07,668.0,695.0
2019-08-08,665.0,692.0
2019-08-09,662.0,690.0
2019-08-10,660.0,687.0
2019-08-11,658.0,684.0
2019-08-12,655.0,682.0
2019-08-13,653.0,680.0
2019-08-14,651.0,678.0
2019-08-15,650.0,677.0
2019-08-16,649.0,676.0
2019-08-17,648.0,673.0
2019-08-18,647.0,671.0
2019-08-19,646.0,670.0
2019-08-20,643.0,670.0
2019-08-21,644.0,670.0
2019-08-22,645.0,672.0
2019-08-23,646.0,674.0
2019-08-24,649.0,674.0
2019-08-25,653.0,676.0
2019-08-26,657.0,681.0
2019-08-27,657.0,686.0
2019-08-28,658.0,688.0
2019-08-29,658.0,689.0
2019-08-30,660.0,692.0
2019-08-31,676.0,709.0
2019-09-01,692.0,724.0
2019-09-02,708.0,740.0
2019-09-03,723.0,755.0
2019-09-04,738.0,771.0
2019-09-05,752.0,785.0
2019-09-06,762.0,799.0
2019-09-07,766.0,808.0
2019-09-08,764.0,811.0
2019-09-09,761.0,809.0
2019-09-10,758.0,808.0
2019-09-11,756.0,806.0
2019-09-12,755.0,805.0
2019-09-13,754.0,804.0
2019-09-14,754.0,802.0
2019-09-15,752.0,800.0
2019-09-16,749.0,798.0
2019-09-17,745.0,795.0
2019-09-18,741.0,792.0
2019-09-19,739.0,788.0
2019-09-20,734.0,784.0
2019-09-21,730.0,778.0
2019-09-22,726.0,773.0
2019-09-23,723.0,770.0
2019-09-24,720.0,767.0
2019-09-25,716.0,764.0
2019-09-26,716.0,761.0
2019-09-27,717.0,761.0
2019-09-28,718.0,760.0
2019-09-29,717.0,757.0
2019-09-30,705.0,743.0
2019-10-01,690.0,731.0
2019-10-02,675.0,717.0
2019-10-03,659.0,703.0
2019-10-04,644.0,686.0
2019-10-05,631.0,671.0
2019-10-06,621.0,657.0
2019-10-07,618.0,648.0
2019-10-08,623.0,646.0
2019-10-09,627.0,651.0
2019-10-10,630.0,655.0
2019-10-11,633.0,657.0
2019-10-12,635.0,657.0
2019-10-13,636.0,658.0
2019-10-14,636.0,660.0
2019-10-15,636.0,661.0
2019-10-16,638.0,661.0
2019-10-17,641.0,666.0
2019-10-18,644.0,669.0
2019-10-19,648.0,671.0
2019-10-20,650.0,673.0
2019-10-21,653.0,676.0
2019-10-22,654.0,679.0
2019-10-23,656.0,681.0
2019-10-24,657.0,683.0
2019-10-25,654.0,684.0
2019-10-26,653.0,680.0
2019-10-27,650.0,677.0
2019-10-28,648.0,675.0
2019-10-29,646.0,673.0
2019-10-30,643.0,670.0
2019-10-31,640.0,667.0
2019-11-01,638.0,665.0
2019-11-02,638.0,663.0
2019-11-03,637.0,662.0
2019-11-04,637.0,662.0
2019-11-05,636.0,663.0
2019-11-06,635.0,662.0
2019-11-07,632.0,660.0
2019-11-08,629.0,657.0
2019-11-09,629.0,655.0
2019-11-10,628.0,654.0
2019-11-11,627.0,653.0
2019-11-12,625.0,653.0
2019-11-13,624.0,652.0
2019-11-14,624.0,652.0
2019-11-15,623.0,652.0
2019-11-16,622.0,648.0
2019-11-17,619.0,645.0
2019-11-18,616.0,643.0
2019-11-19,613.0,641.0
2019-11-20,609.0,637.0
2019-11-21,604.0,633.0
2019-11-22,599.0,629.0
2019-11-23,594.0,623.0
2019-11-24,593.0,617.0
2019-11-25,592.0,617.0
2019-11-26,590.0,616.0
2019-11-27,587.0,613.0
2019-11-28,585.0,610.0
2019-11-29,582.0,608.0
2019-11-30,580.0,604.0
2019-12-01,578.0,601.0
2019-12-02,576.0,599.0
2019-12-03,572.0,598.0
2019-12-04,569.0,594.0
2019-12-05,566.0,591.0
2019-12-06,563.0,588.0
2019-12-07,562.0,584.0
2019-12-08,560.0,582.0
2019-12-09,559.0,582.0
2019-12-10,557.0,581.0
2019-12-11,556.0,580.0
2019-12-12,552.0,578.0
2019-12-13,550.0,576.0
2019-12-14,548.0,571.0
2019-12-15,546.0,568.0
2019-12-16,545.0,568.0
2019-12-17,543.0,568.0
2019-12-18,542.0,566.0
2019-12-19,539.0,564.0
2019-12-20,539.0,565.0
2019-12-21,541.0,564.0
2019-12-22,542.0,564.0
2019-12-23,544.0,566.0
2019-12-24,546.0,569.0
2019-12-25,548.0,570.0
2019-12-26,550.0,572.0
2019-12-27,550.0,575.0
2019-12-28,549.0,575.0
2019-12-29,550.0,573.0
2019-12-30,550.0,574.0
2019-12-31,551.0,575.0
2020-01-01,552.0,575.0
2020-01-02,552.0,575.0
2020-01-03,552.0,576.0
2020-01-04,552.0,575.0
2020-01-05,552.0,574.0
2020-01-06,552.0,574.0
2020-01-07,551.0,574.0
2020-01-08,549.0,572.0
2020-01-09,547.0,570.0
2020-01-10,545.0,568.0
2020-01-11,545.0,566.0
2020-01-12,545.0,565.0
2020-01-13,545.0,566.0
2020-01-14,546.0,568.0
2020-01-15,548.0,568.0
2020-01-16,550.0,570.0
2020-01-17,553.0,574.0
2020-01-18,559.0,576.0
2020-01-19,561.0,578.0
2020-01-20,563.0,580.0
2020-01-21,563.0,583.0
2020-01-22,564.0,584.0
2020-01-23,566.0,587.0
2020-01-24,568.0,591.0
2020-01-25,570.0,592.0
2020-01-26,575.0,593.0
2020-01-27,579.0,598.0
2020-01-28,582.0,603.0
2020-01-29,585.0,606.0
2020-01-30,586.0,609.0
2020-01-31,585.0,612.0
2020-02-01,585.0,610.0
2020-02-02,586.0,610.0
2020-02-03,586.0,611.0
2020-02-04,587.0,614.0
2020-02-05,587.0,614.0
2020-02-06,586.0,614.0
2020-02-07,585.0,613.0
2020-02-08,586.0,612.0
2020-02-09,585.0,611.0
2020-02-10,585.0,612.0
2020-02-11,585.0,613.0
2020-02-12,584.0,611.0
2020-02-13,581.0,610.0
2020-02-14,578.0,607.0
2020-02-15,576.0,603.0
2020-02-16,573.0,599.0
2020-02-17,569.0,596.0
2020-02-18,564.0,593.0
2020-02-19,559.0,589.0
2020-02-20,559.0,588.0
2020-02-21,558.0,587.0
2020-02-22,556.0,584.0
2020-02-23,555.0,580.0
2020-02-24,554.0,580.0
2020-02-25,555.0,582.0
2020-02-26,555.0,583.0
2020-02-27,555.0,583.0
2020-02-28,552.0,583.0
2020-02-29,550.0,580.0
2020-03-01,551.0,577.0
2020-03-02,552.0,579.0
2020-03-03,552.0,582.0
2020-03-04,552.0,582.0
2020-03-05,552.0,581.0
2020-03-06,552.0,581.0
2020-03-07,553.0,580.0
2020-03-08,555.0,581.0
2020-03-09,557.0,584.0
2020-03-10,558.0,586.0
2020-03-11,559.0,588.0
2020-03-12,560.0,589.0
2020-03-13,561.0,590.0
2020-03-14,564.0,592.0
2020-03-15,567.0,595.0
2020-03-16,571.0,600.0
2020-03-17,574.0,606.0
2020-03-18,579.0,610.0
2020-03-19,582.0,614.0
2020-03-20,586.0,619.0
2020-03-21,588.0,619.0
2020-03-22,590.0,620.0
2020-03-23,592.0,622.0
2020-03-24,592.0,624.0
2020-03-25,593.0,625.0
2020-03-26,591.0,624.0
2020-03-27,590.0,622.0
2020-03-28,591.0,620.0
2020-03-29,594.0,620.0
2020-03-30,598.0,624.0
2020-03-31,601.0,628.0
2020-04-01,603.0,630.0
2020-04-02,604.0,631.0
2020-04-03,605.0,633.0
2020-04-04,607.0,633.0
2020-04-05,609.0,635.0
2020-04-06,611.0,637.0
2020-04-07,613.0,639.0
2020-04-08,615.0,641.0
2020-04-09,615.0,642.0
2020-04-10,614.0,642.0
2020-04-11,613.0,639.0
2020-04-12,612.0,637.0
2020-04-13,609.0,635.0
2020-04-14,608.0,634.0
2020-04-15,605.0,631.0
2020-04-16,602.0,626.0
2020-04-17,598.0,623.0
2020-04-18,597.0,619.0
2020-04-19,595.0,616.0
2020-04-20,593.0,614.0
2020-04-21,589.0,611.0
2020-04-22,586.0,608.0
2020-04-23,582.0,604.0
2020-04-24,578.0,599.0
2020-04-25,575.0,594.0
2020-04-26,572.0,591.0
2020-04-27,568.0,588.0
2020-04-28,565.0,585.0
2020-04-29,562.0,581.0
2020-04-30,558.0,577.0
2020-05-01,556.0,573.0
2020-05-02,556.0,571.0
2020-05-03,554.0,569.0
2020-05-04,552.0,567.0
2020-05-05,548.0,565.0
2020-05-06,543.0,560.0
2020-05-07,538.0,556.0
2020-05-08,532.0,550.0
2020-05-09,528.0,544.0
2020-05-10,526.0,540.0
2020-05-11,523.0,537.0
2020-05-12,520.0,535.0
2020-05-13,517.0,532.0
2020-05-14,511.0,528.0
2020-05-15,505.0,521.0
2020-05-16,500.0,515.0
2020-05-17,495.0,509.0
2020-05-18,489.0,503.0
2020-05-19,482.0,497.0
2020-05-20,477.0,491.0
2020-05-21,471.0,486.0
2020-05-22,466.0,480.0
2020-05-23,463.0,476.0
2020-05-24,459.0,471.0
2020-05-25,455.0,468.0
2020-05-26,452.0,464.0
2020-05-27,448.0,461.0
2020-05-28,445.0,458.0
2020-05-29,441.0,454.0
2020-05-30,437.0,450.0
2020-05-31,433.0,446.0
2020-06-01,428.0,442.0
2020-06-02,425.0,438.0
2020-06-03,422.0,435.0
2020-06-04,420.0,432.0
2020-06-05,419.0,431.0
2020-06-06,417.0,429.0
2020-06-07,417.0,427.0
2020-06-08,416.0,427.0
2020-06-09,416.0,426.0
2020-06-10,416.0,426.0
2020-06-11,416.0,426.0
2020-06-12,417.0,427.0
2020-06-13,420.0,428.0
2020-06-14,423.0,430.0
2020-06-15,425.0,433.0
2020-06-16,427.0,436.0
2020-06-17,429.0,438.0
2020-06-18,431.0,441.0
2020-06-19,430.0,443.0
2020-06-20,430.0,442.0
2020-06-21,429.0,441.0
2020-06-22,427.0,441.0
2020-06-23,425.0,440.0
2020-06-24,423.0,438.0
2020-06-25,421.0,436.0
2020-06-26,419.0,435.0
2020-06-27,418.0,433.0
2020-06-28,416.0,431.0
2020-06-29,415.0,429.0
2020-06-30,414.0,429.0
2020-07-01,413.0,429.0
2020-07-02,413.0,428.0
2020-07-03,412.0,427.0
2020-07-04,413.0,427.0
2020-07-05,413.0,426.0
2020-07-06,413.0,426.0
2020-07-07,414.0,428.0
2020-07-08,414.0,429.0
2020-07-09,413.0,428.0
2020-07-10,412.0,427.0
2020-07-11,410.0,426.0
2020-07-12,409.0,424.0
2020-07-13,407.0,422.0
2020-07-14,406.0,421.0
2020-07-15,404.0,419.0
2020-07-16,403.0,418.0
2020-07-17,403.0,417.0
2020-07-18,403.0,416.0
2020-07-19,405.0,416.0
2020-07-20,407.0,418.0
2020-07-21,410.0,420.0
2020-07-22,411.0,422.0
2020-07-23,412.0,424.0
2020-07-24,413.0,425.0
2020-07-25,415.0,426.0
2020-07-26,415.0,426.0
2020-07-27,415.0,426.0
2020-07-28,416.0,427.0
2020-07-29,416.0,428.0
2020-07-30,416.0,429.0
2020-07-31,416.0,428.0
2020-08-01,417.0,428.0
2020-08-02,417.0,428.0
2020-08-03,417.0,429.0
2020-08-04,418.0,430.0
2020-08-05,416.0,430.0
2020-08-06,415.0,429.0
2020-08-07,415.0,427.0
2020-08-08,416.0,428.0
2020-08-09,417.0,428.0
2020-08-10,418.0,430.0
2020-08-11,419.0,431.0
2020-08-12,419.0,432.0
2020-08-13,419.0,432.0
2020-08-14,420.0,433.0
2020-08-15,421.0,434.0
2020-08-16,421.0,434.0
2020-08-17,422.0,435.0
2020-08-18,423.0,436.0
2020-08-19,423.0,437.0
2020-08-20,423.0,437.0
2020-08-21,424.0,438.0
2020-08-22,426.0,439.0
2020-08-23,428.0,440.0
2020-08-24,429.0,442.0
2020-08-25,431.0,443.0
2020-08-26,432.0,445.0
2020-08-27,433.0,446.0
2020-08-28,434.0,447.0
2020-08-29,435.0,447.0
2020-08-30,436.0,448.0
2020-08-31,435.0,449.0
2020-09-01,433.0,448.0
2020-09-02,432.0,447.0
2020-09-03,430.0,445.0
2020-09-04,430.0,443.0
2020-09-05,429.0,443.0
2020-09-06,428.0,442.0
2020-09-07,428.0,441.0
2020-09-08,427.0,440.0
2020-09-09,425.0,440.0
2020-09-10,423.0,438.0
2020-09-11,422.0,436.0
2020-09-12,421.0,435.0
2020-09-13,419.0,432.0
2020-09-14,417.0,431.0
2020-09-15,415.0,429.0
2020-09-16,413.0,428.0
2020-09-17,410.0,426.0
2020-09-18,408.0,423.0
2020-09-19,406.0,420.0
2020-09-20,406.0,419.0
2020-09-21,405.0,418.0
2020-09-22,405.0,418.0
2020-09-23,405.0,418.0
2020-09-24,403.0,418.0
2020-09-25,401.0,417.0
2020-09-26,399.0,415.0
2020-09-27,397.0,412.0
2020-09-28,395.0,410.0
2020-09-29,392.0,408.0
2020-09-30,390.0,406.0
2020-10-01,388.0,403.0
2020-10-02,386.0,400.0
2020-10-03,384.0,398.0
2020-10-04,382.0,396.0
2020-10-05,380.0,394.0
2020-10-06,378.0,393.0
2020-10-07,375.0,391.0
2020-10-08,373.0,389.0
2020-10-09,371.0,386.0
2020-10-10,368.0,384.0
2020-10-11,366.0,381.0
2020-10-12,364.0,379.0
2020-10-13,363.0,378.0
2020-10-14,361.0,376.0
2020-10-15,360.0,375.0
2020-10-16,359.0,374.0
2020-10-17,359.0,372.0
2020-10-18,358.0,372.0
2020-10-19,357.0,371.0
2020-10-20,356.0,370.0
2020-10-21,354.0,369.0
2020-10-22,350.0,366.0
2020-10-23,347.0,363.0
2020-10-24,345.0,359.0
2020-10-25,344.0,357.0
2020-10-26,343.0,356.0
2020-10-27,343.0,356.0
2020-10-28,343.0,356.0
2020-10-29,344.0,356.0
2020-10-30,345.0,357.0
2020-10-31,348.0,359.0
2020-11-01,350.0,361.0
2020-11-02,352.0,363.0
2020-11-03,354.0,365.0
2020-11-04,355.0,368.0
2020-11-05,357.0,369.0
2020-11-06,359.0,370.0
2020-11-07,360.0,372.0
2020-11-08,363.0,374.0
2020-11-09,365.0,376.0
2020-11-10,368.0,379.0
2020-11-11,370.0,382.0
2020-11-12,371.0,384.0
2020-11-13,372.0,384.0
2020-11-14,373.0,385.0
2020-11-15,373.0,385.0
2020-11-16,373.0,386.0
2020-11-17,373.0,386.0
2020-11-18,372.0,387.0
2020-11-19,372.0,386.0
2020-11-20,372.0,385.0
2020-11-21,373.0,385.0
2020-11-22,375.0,386.0
2020-11-23,376.0,388.0
2020-11-24,377.0,389.0
2020-11-25,378.0,391.0
2020-11-26,379.0,391.0
2020-11-27,379.0,392.0
2020-11-28,379.0,392.0
2020-11-29,378.0,390.0
2020-11-30,377.0,390.0
2020-12-01,376.0,389.0
2020-12-02,374.0,388.0
2020-12-03,372.0,386.0
2020-12-04,371.0,383.0
2020-12-05,370.0,382.0
2020-12-06,368.0,380.0
2020-12-07,366.0,379.0
2020-12-08,365.0,377.0
2020-12-09,363.0,377.0
2020-12-10,361.0,375.0
2020-12-11,359.0,373.0
2020-12-12,357.0,370.0
2020-12-13,356.0,368.0
2020-12-14,354.0,367.0
2020-12-15,352.0,366.0
2020-12-16,351.0,364.0
2020-12-17,350.0,363.0
2020-12-18,349.0,361.0
2020-12-19,348.0,360.0
2020-12-20,347.0,358.0
2020-12-21,345.0,357.0
2020-12-22,342.0,356.0
2020-12-23,340.0,355.0
2020-12-24,338.0,352.0
2020-12-25,337.0,350.0
2020-12-26,335.0,348.0
2020-12-27,333.0,345.0
2020-12-28,332.0,344.0
2020-12-29,331.0,344.0
2020-12-30,329.0,342.0
2020-12-31,328.0,340.0
2021-01-01,327.0,339.0
2021-01-02,326.0,338.0
2021-01-03,325.0,337.0
2021-01-04,325.0,336.0
2021-01-05,325.0,337.0
2021-01-06,324.0,337.0
2021-01-07,322.0,335.0
2021-01-08,320.0,334.0
2021-01-09,320.0,332.0
2021-01-10,320.0,331.0
2021-01-11,320.0,331.0
2021-01-12,320.0,332.0
2021-01-13,320.0,333.0
2021-01-14,319.0,333.0
2021-01-15,318.0,332.0
2021-01-16,317.0,330.0
2021-01-17,316.0,329.0
2021-01-18,315.0,329.0
2021-01-19,315.0,328.0
2021-01-20,314.0,328.0
2021-01-21,313.0,328.0
2021-01-22,313.0,326.0
2021-01-23,312.0,325.0
2021-01-24,311.0,324.0
2021-01-25,310.0,323.0
2021-01-26,309.0,322.0
2021-01-27,307.0,321.0
2021-01-28,306.0,320.0
2021-01-29,304.0,318.0
2021-01-30,302.0,316.0
2021-01-31,300.0,314.0
2021-02-01,299.0,313.0
2021-02-02,297.0,311.0
2021-02-03,295.0,310.0
2021-02-04,291.0,307.0
2021-02-05,289.0,303.0
2021-02-06,288.0,301.0
2021-02-07,286.0,298.0
2021-02-08,284.0,296.0
2021-02-09,282.0,294.0
2021-02-10,280.0,294.0
2021-02-11,277.0,291.0
2021-02-12,275.0,288.0
2021-02-13,274.0,286.0
2021-02-14,273.0,284.0
2021-02-15,272.0,283.0
2021-02-16,271.0,281.0
2021-02-17,269.0,280.0
2021-02-18,267.0,278.0
2021-02-19,265.0,276.0
2021-02-20,264.0,274.0
2021-02-21,263.0,272.0
2021-02-22,262.0,271.0
2021-02-23,261.0,271.0
2021-02-24,257.0,270.0
2021-02-25,254.0,266.0
2021-02-26,250.0,262.0
2021-02-27,248.0,259.0
2021-02-28,246.0,256.0
2021-03-01,244.0,254.0
2021-03-02,242.0,252.0
2021-03-03,240.0,250.0
2021-03-04,237.0,247.0
2021-03-05,235.0,244.0
2021-03-06,233.0,242.0
2021-03-07,231.0,240.0
2021-03-08,229.0,238.0
2021-03-09,228.0,237.0
2021-03-10,226.0,235.0
2021-03-11,225.0,234.0
2021-03-12,222.0,230.0
2021-03-13,220.0,228.0
2021-03-14,218.0,225.0
2021-03-15,216.0,223.0
2021-03-16,213.0,221.0
2021-03-17,210.0,218.0
2021-03-18,207.0,215.0
2021-03-19,204.0,212.0
2021-03-20,201.0,209.0
2021-03-21,199.0,207.0
2021-03-22,198.0,205.0
2021-03-23,196.0,204.0
2021-03-24,194.0,202.0
2021-03-25,192.0,200.0
2021-03-26,192.0,198.0
2021-03-27,192.0,198.0
2021-03-28,193.0,198.0
2021-03-29,193.0,198.0
2021-03-30,194.0,199.0
2021-03-31,194.0,200.0
2021-04-01,194.0,200.0
2021-04-02,194.0,200.0
2021-04-03,194.0,200.0
2021-04-04,194.0,200.0
2021-04-05,195.0,200.0
2021-04-06,195.0,201.0
2021-04-07,195.0,201.0
2021-04-08,195.0,201.0
2021-04-09,195.0,201.0
2021-04-10,195.0,201.0
2021-04-11,195.0,201.0
2021-04-12,195.0,200.0
2021-04-13,195.0,201.0
2021-04-14,194.0,200.0
2021-04-15,194.0,200.0
2021-04-16,195.0,200.0
2021-04-17,195.0,200.0
2021-04-18,196.0,200.0
2021-04-19,196.0,201.0
2021-04-20,196.0,200.0
2021-04-21,196.0,201.0
2021-04-22,196.0,201.0
2021-04-23,196.0,200.0
2021-04-24,196.0,201.0
2021-04-25,196.0,201.0
2021-04-26,197.0,201.0
2021-04-27,197.0,201.0
2021-04-28,197.0,202.0
2021-04-29,196.0,202.0
2021-04-30,197.0,201.0
2021-05-01,197.0,201.0
2021-05-02,197.0,202.0
2021-05-03,198.0,202.0
2021-05-04,199.0,203.0
2021-05-05,199.0,204.0
2021-05-06,199.0,204.0
2021-05-07,199.0,204.0
2021-05-08,200.0,204.0
2021-05-09,200.0,205.0
2021-05-10,201.0,206.0
2021-05-11,202.0,206.0
2021-05-12,202.0,207.0
2021-05-13,201.0,207.0
2021-05-14,202.0,207.0
2021-05-15,202.0,207.0
2021-05-16,203.0,208.0
2021-05-17,203.0,208.0
2021-05-18,204.0,209.0
2021-05-19,205.0,210.0
2021-05-20,205.0,211.0
2021-05-21,205.0,211.0
2021-05-22,206.0,211.0
2021-05-23,206.0,211.0
2021-05-24,206.0,211.0
2021-05-25,206.0,211.0
2021-05-26,206.0,212.0
2021-05-27,206.0,212.0
2021-05-28,206.0,212.0
2021-05-29,207.0,212.0
2021-05-30,207.0,213.0
2021-05-31,208.0,213.0
2021-06-01,208.0,214.0
2021-06-02,208.0,214.0
2021-06-03,208.0,214.0
2021-06-04,209.0,214.0
2021-06-05,209.0,215.0
2021-06-06,209.0,215.0
2021-06-07,210.0,215.0
2021-06-08,210.0,216.0
2021-06-09,210.0,217.0
2021-06-10,210.0,217.0
2021-06-11,212.0,218.0
2021-06-12,215.0,220.0
2021-06-13,217.0,222.0
2021-06-14,219.0,224.0
2021-06-15,221.0,226.0
2021-06-16,222.0,229.0
2021-06-17,224.0,230.0
2021-06-18,226.0,232.0
2021-06-19,228.0,234.0
2021-06-20,230.0,236.0
2021-06-21,231.0,238.0
2021-06-22,234.0,241.0
2021-06-23,237.0,244.0
2021-06-24,239.0,246.0
2021-06-25,243.0,249.0
2021-06-26,246.0,253.0
2021-06-27,249.0,256.0
2021-06-28,252.0,259.0
2021-06-29,255.0,262.0
2021-06-30,257.0,265.0
2021-07-01,260.0,267.0
2021-07-02,263.0,270.0
2021-07-03,266.0,273.0
2021-07-04,268.0,275.0
2021-07-05,271.0,278.0
2021-07-06,276.0,283.0
2021-07-07,280.0,288.0
2021-07-08,284.0,292.0
2021-07-09,288.0,296.0
2021-07-10,293.0,300.0
2021-07-11,295.0,303.0
2021-07-12,298.0,306.0
2021-07-13,301.0,309.0
2021-07-14,304.0,312.0
2021-07-15,306.0,315.0
2021-07-16,309.0,317.0
2021-07-17,311.0,319.0
2021-07-18,314.0,321.0
2021-07-19,316.0,323.0
2021-07-20,319.0,326.0
2021-07-21,321.0,329.0
2021-07-22,322.0,330.0
2021-07-23,324.0,331.0
2021-07-24,325.0,332.0
2021-07-25,326.0,333.0
2021-07-26,327.0,334.0
2021-07-27,329.0,336.0
2021-07-28,329.0,337.0
2021-07-29,330.0,338.0
2021-07-30,332.0,338.0
2021-07-31,333.0,340.0
2021-08-01,334.0,341.0
2021-08-02,335.0,342.0
2021-08-03,336.0,343.0
2021-08-04,337.0,345.0
2021-08-05,336.0,344.0
2021-08-06,335.0,342.0
2021-08-07,335.0,341.0
2021-08-08,334.0,341.0
2021-08-09,334.0,340.0
2021-08-10,333.0,340.0
2021-08-11,332.0,339.0
2021-08-12,331.0,338.0
2021-08-13,330.0,337.0
2021-08-14,330.0,336.0
2021-08-15,330.0,336.0
2021-08-16,329.0,336.0
2021-08-17,329.0,336.0
2021-08-18,329.0,336.0
2021-08-19,328.0,335.0
2021-08-20,329.0,335.0
2021-08-21,329.0,335.0
2021-08-22,329.0,335.0
2021-08-23,330.0,335.0
2021-08-24,329.0,336.0
2021-08-25,328.0,335.0
2021-08-26,326.0,334.0
2021-08-27,325.0,332.0
2021-08-28,324.0,331.0
2021-08-29,322.0,329.0
2021-08-30,321.0,328.0
2021-08-31,319.0,327.0
2021-09-01,318.0,326.0
2021-09-02,316.0,324.0
2021-09-03,315.0,322.0
2021-09-04,314.0,321.0
2021-09-05,313.0,320.0
2021-09-06,312.0,319.0
2021-09-07,311.0,318.0
2021-09-08,308.0,317.0
2021-09-09,306.0,314.0
2021-09-10,304.0,312.0
2021-09-11,302.0,309.0
2021-09-12,300.0,307.0
2021-09-13,298.0,305.0
2021-09-14,296.0,303.0
2021-09-15,294.0,301.0
2021-09-16,291.0,298.0
2021-09-17,288.0,296.0
2021-09-18,285.0,292.0
2021-09-19,282.0,289.0
2021-09-20,278.0,285.0
2021-09-21,275.0,282.0
2021-09-22,271.0,279.0
2021-09-23,267.0,275.0
2021-09-24,264.0,271.0
2021-09-25,261.0,267.0
2021-09-26,259.0,265.0
2021-09-27,257.0,263.0
2021-09-28,255.0,261.0
2021-09-29,252.0,259.0
2021-09-30,249.0,256.0
2021-10-01,247.0,253.0
2021-10-02,244.0,250.0
2021-10-03,242.0,248.0
2021-10-04,239.0,245.0
2021-10-05,237.0,243.0
2021-10-06,235.0,242.0
2021-10-07,233.0,240.0
2021-10-08,232.0,238.0
2021-10-09,231.0,237.0
2021-10-10,230.0,235.0
2021-10-11,229.0,234.0
2021-10-12,228.0,234.0
2021-10-13,227.0,234.0
2021-10-14,226.0,233.0
2021-10-15,226.0,232.0
2021-10-16,225.0,232.0
2021-10-17,226.0,231.0
2021-10-18,226.0,232.0
2021-10-19,227.0,232.0
2021-10-20,227.0,233.0
2021-10-21,227.0,233.0
2021-10-22,229.0,234.0
2021-10-23,230.0,235.0
2021-10-24,232.0,237.0
2021-10-25,233.0,239.0
2021-10-26,235.0,241.0
2021-10-27,236.0,243.0
2021-10-28,238.0,245.0
2021-10-29,241.0,247.0
2021-10-30,245.0,251.0
2021-10-31,249.0,255.0
2021-11-01,253.0,259.0
2021-11-02,256.0,263.0
2021-11-03,259.0,267.0
2021-11-04,262.0,270.0
2021-11-05,264.0,272.0
2021-11-06,267.0,274.0
2021-11-07,269.0,277.0
2021-11-08,272.0,279.0
2021-11-09,275.0,282.0
2021-11-10,277.0,285.0
2021-11-11,278.0,286.0
2021-11-12,280.0,287.0
2021-11-13,281.0,289.0
2021-11-14,282.0,290.0
2021-11-15,284.0,292.0
2021-11-16,286.0,293.0
2021-11-17,286.0,295.0
2021-11-18,286.0,296.0
2021-11-19,288.0,297.0
2021-11-20,289.0,298.0
2021-11-21,291.0,299.0
2021-11-22,292.0,301.0
2021-11-23,293.0,302.0
2021-11-24,295.0,304.0
2021-11-25,297.0,306.0
2021-11-26,299.0,307.0
2021-11-27,300.0,308.0
2021-11-28,302.0,309.0
2021-11-29,302.0,309.0
2021-11-30,302.0,310.0
2021-12-01,302.0,310.0
2021-12-02,303.0,311.0
2021-12-03,305.0,311.0
2021-12-04,306.0,313.0
2021-12-05,308.0,314.0
2021-12-06,310.0,316.0
2021-12-07,312.0,319.0
2021-12-08,314.0,321.0
2021-12-09,316.0,324.0
2021-12-10,320.0,326.0
2021-12-11,323.0,329.0
2021-12-12,327.0,333.0
2021-12-13,331.0,337.0
2021-12-14,334.0,340.0
2021-12-15,337.0,344.0
2021-12-16,340.0,347.0
2021-12-17,345.0,350.0
2021-12-18,349.0,354.0
2021-12-19,352.0,358.0
2021-12-20,356.0,362.0
2021-12-21,360.0,366.0
2021-12-22,362.0,369.0
2021-12-23,364.0,371.0
2021-12-24,365.0,372.0
2021-12-25,367.0,374.0
2021-12-26,368.0,375.0
2021-12-27,370.0,377.0
2021-12-28,371.0,378.0
2021-12-29,373.0,380.0
2021-12-30,374.0,381.0
2021-12-31,375.0,382.0
2022-01-01,376.0,383.0
2022-01-02,376.0,383.0
2022-01-03,376.0,383.0
2022-01-04,375.0,383.0
2022-01-05,375.0,382.0
2022-01-06,374.0,381.0
2022-01-07,373.0,380.0
2022-01-08,372.0,379.0
2022-01-09,370.0,377.0
2022-01-10,368.0,375.0
2022-01-11,366.0,374.0
2022-01-12,363.0,371.0
2022-01-13,359.0,368.0
2022-01-14,357.0,364.0
2022-01-15,354.0,361.0
2022-01-16,351.0,358.0
2022-01-17,348.0,356.0
2022-01-18,346.0,353.0
2022-01-19,342.0,350.0
2022-01-20,339.0,347.0
2022-01-21,338.0,343.0
2022-01-22,336.0,341.0
2022-01-23,334.0,340.0
2022-01-24,332.0,338.0
2022-01-25,331.0,336.0
2022-01-26,328.0,335.0
2022-01-27,326.0,333.0
2022-01-28,324.0,331.0
2022-01-29,322.0,329.0
2022-01-30,320.0,326.0
2022-01-31,317.0,324.0
2022-02-01,316.0,322.0
2022-02-02,315.0,321.0
2022-02-03,314.0,320.0
2022-02-04,313.0,319.0
2022-02-05,312.0,319.0
2022-02-06,311.0,318.0
2022-02-07,310.0,317.0
2022-02-08,310.0,317.0
2022-02-09,310.0,316.0
2022-02-10,309.0,316.0
2022-02-11,310.0,316.0
2022-02-12,311.0,317.0
2022-02-13,312.0,317.0
2022-02-14,313.0,318.0
2022-02-15,314.0,319.0
2022-02-16,313.0,320.0
2022-02-17,313.0,320.0
2022-02-18,313.0,320.0
2022-02-19,314.0,320.0
2022-02-20,314.0,320.0
2022-02-21,314.0,320.0
2022-02-22,314.0,321.0
2022-02-23,314.0,321.0
2022-02-24,313.0,321.0
2022-02-25,314.0,320.0
2022-02-26,314.0,320.0
2022-02-27,314.0,320.0
2022-02-28,314.0,320.0
2022-03-01,315.0,321.0
2022-03-02,316.0,322.0
2022-03-03,317.0,323.0
2022-03-04,318.0,324.0
2022-03-05,319.0,325.0
2022-03-06,320.0,326.0
2022-03-07,322.0,327.0
2022-03-08,323.0,328.0
2022-03-09,324.0,330.0
2022-03-10,325.0,331.0
2022-03-11,326.0,332.0
2022-03-12,328.0,333.0
2022-03-13,329.0,334.0
2022-03-14,331.0,336.0
2022-03-15,332.0,338.0
2022-03-16,332.0,339.0
2022-03-17,333.0,340.0
2022-03-18,335.0,341.0
2022-03-19,337.0,342.0
2022-03-20,338.0,344.0
2022-03-21,340.0,345.0
2022-03-22,341.0,347.0
2022-03-23,342.0,349.0
2022-03-24,343.0,349.0
2022-03-25,345.0,350.0
2022-03-26,347.0,352.0
2022-03-27,349.0,354.0
2022-03-28,351.0,356.0
2022-03-29,353.0,359.0
2022-03-30,354.0,361.0
2022-03-31,355.0,362.0
2022-04-01,356.0,363.0
2022-04-02,357.0,364.0
2022-04-03,358.0,365.0
2022-04-04,360.0,366.0
2022-04-05,360.0,367.0
2022-04-06,361.0,368.0
2022-04-07,361.0,369.0
2022-04-08,362.0,369.0
2022-04-09,362.0,369.0
2022-04-10,363.0,370.0
2022-04-11,364.0,370.0
2022-04-12,364.0,371.0
2022-04-13,364.0,372.0
2022-04-14,363.0,371.0
2022-04-15,364.0,370.0
2022-04-16,363.0,370.0
2022-04-17,363.0,370.0
2022-04-18,363.0,370.0
2022-04-19,364.0,371.0
2022-04-20,364.0,371.0
2022-04-21,363.0,371.0
2022-04-22,364.0,371.0
2022-04-23,365.0,372.0
2022-04-24,365.0,372.0
2022-04-25,365.0,372.0
2022-04-26,365.0,372.0
2022-04-27,364.0,373.0
2022-04-28,362.0,371.0
2022-04-29,362.0,370.0
2022-04-30,361.0,369.0
2022-05-01,360.0,368.0
2022-05-02,359.0,367.0
2022-05-03,359.0,366.0
2022-05-04,357.0,366.0
2022-05-05,356.0,364.0
2022-05-06,355.0,363.0
2022-05-07,354.0,362.0
2022-05-08,353.0,361.0
2022-05-09,352.0,360.0
2022-05-10,352.0,360.0
2022-05-11,350.0,359.0
2022-05-12,348.0,357.0
2022-05-13,347.0,355.0
2022-05-14,347.0,354.0
2022-05-15,346.0,354.0
2022-05-16,345.0,353.0
2022-05-17,344.0,352.0
2022-05-18,342.0,351.0
2022-05-19,341.0,349.0
2022-05-20,340.0,347.0
2022-05-21,339.0,346.0
2022-05-22,338.0,345.0
2022-05-23,337.0,344.0
2022-05-24,336.0,344.0
2022-05-25,335.0,343.0
2022-05-26,333.0,342.0
2022-05-27,333.0,340.0
2022-05-28,334.0,340.0
2022-05-29,334.0,340.0
2022-05-30,334.0,340.0
2022-05-31,334.0,341.0
2022-06-01,334.0,341.0
2022-06-02,333.0,341.0
2022-06-03,333.0,340.0
2022-06-04,334.0,340.0
2022-06-05,334.0,340.0
2022-06-06,333.0,340.0
2022-06-07,334.0,340.0
2022-06-08,334.0,340.0
2022-06-09,333.0,340.0
2022-06-10,334.0,340.0
2022-06-11,335.0,340.0
2022-06-12,336.0,341.0
2022-06-13,337.0,342.0
2022-06-14,338.0,343.0
2022-06-15,338.0,345.0
2022-06-16,339.0,345.0
2022-06-17,340.0,346.0
2022-06-18,341.0,347.0
2022-06-19,342.0,348.0
2022-06-20,344.0,349.0
2022-06-21,344.0,350.0
2022-06-22,344.0,351.0
2022-06-23,344.0,351.0
2022-06-24,344.0,350.0
2022-06-25,344.0,350.0
2022-06-26,344.0,349.0
2022-06-27,344.0,349.0
2022-06-28,343.0,349.0
2022-06-29,342.0,348.0
2022-06-30,341.0,347.0
2022-07-01,340.0,346.0
2022-07-02,340.0,345.0
2022-07-03,339.0,344.0
2022-07-04,338.0,343.0
2022-07-05,337.0,342.0
2022-07-06,336.0,341.0
2022-07-07,334.0,340.0
2022-07-08,334.0,339.0
2022-07-09,333.0,338.0
2022-07-10,332.0,337.0
2022-07-11,332.0,337.0
2022-07-12,331.0,336.0
2022-07-13,330.0,336.0
2022-07-14,329.0,335.0
2022-07-15,329.0,333.0
2022-07-16,328.0,333.0
2022-07-17,328.0,332.0
2022-07-18,327.0,332.0
2022-07-19,327.0,331.0
2022-07-20,325.0,331.0
2022-07-21,323.0,329.0
2022-07-22,322.0,328.0
2022-07-23,322.0,327.0
2022-07-24,321.0,326.0
2022-07-25,321.0,326.0
2022-07-26,321.0,327.0
2022-07-27,321.0,327.0
2022-07-28,321.0,327.0
2022-07-29,322.0,328.0
2022-07-30,322.0,328.0
2022-07-31,323.0,329.0
2022-08-01,324.0,330.0
2022-08-02,325.0,331.0
2022-08-03,326.0,333.0
2022-08-04,327.0,334.0
2022-08-05,329.0,335.0
2022-08-06,330.0,336.0
2022-08-07,331.0,338.0
2022-08-08,333.0,339.0
2022-08-09,335.0,341.0
2022-08-10,336.0,343.0
2022-08-11,338.0,345.0
2022-08-12,339.0,346.0
2022-08-13,340.0,347.0
2022-08-14,342.0,348.0
2022-08-15,344.0,350.0
2022-08-16,346.0,352.0
2022-08-17,347.0,354.0
2022-08-18,348.0,355.0
2022-08-19,351.0,357.0
2022-08-20,354.0,360.0
2022-08-21,357.0,363.0
2022-08-22,360.0,366.0
2022-08-23,363.0,369.0
2022-08-24,365.0,371.0
2022-08-25,366.0,373.0
2022-08-26,368.0,374.0
2022-08-27,370.0,376.0
2022-08-28,372.0,377.0
2022-08-29,374.0,379.0
2022-08-30,375.0,381.0
2022-08-31,376.0,383.0
2022-09-01,377.0,384.0
2022-09-02,378.0,385.0
2022-09-03,379.0,385.0
2022-09-04,380.0,386.0
2022-09-05,381.0,387.0
2022-09-06,382.0,388.0
2022-09-07,381.0,389.0
2022-09-08,380.0,388.0
2022-09-09,380.0,388.0
2022-09-10,380.0,388.0
2022-09-11,380.0,387.0
2022-09-12,380.0,387.0
2022-09-13,380.0,387.0
2022-09-14,378.0,387.0
2022-09-15,377.0,386.0
2022-09-16,377.0,385.0
2022-09-17,376.0,384.0
2022-09-18,376.0,383.0
2022-09-19,375.0,382.0
2022-09-20,374.0,382.0
2022-09-21,374.0,382.0
2022-09-22,373.0,381.0
2022-09-23,373.0,381.0
2022-09-24,374.0,381.0
2022-09-25,374.0,382.0
2022-09-26,374.0,382.0
2022-09-27,374.0,382.0
2022-09-28,374.0,383.0
2022-09-29,374.0,383.0
2022-09-30,375.0,382.0
2022-10-01,375.0,383.0
2022-10-02,375.0,382.0
2022-10-03,374.0,383.0
2022-10-04,373.0,382.0
2022-10-05,372.0,381.0
2022-10-06,371.0,380.0
2022-10-07,372.0,379.0
2022-10-08,372.0,379.0
2022-10-09,372.0,379.0
2022-10-10,372.0,379.0
2022-10-11,372.0,380.0
2022-10-12,372.0,380.0
2022-10-13,372.0,380.0
2022-10-14,372.0,379.0
2022-10-15,372.0,379.0
2022-10-16,372.0,379.0
2022-10-17,372.0,379.0
2022-10-18,371.0,379.0
2022-10-19,369.0,379.0
2022-10-20,367.0,376.0
2022-10-21,365.0,374.0
2022-10-22,363.0,371.0
2022-10-23,360.0,369.0
2022-10-24,358.0,366.0
2022-10-25,356.0,364.0
2022-10-26,354.0,362.0
2022-10-27,352.0,361.0
2022-10-28,350.0,359.0
2022-10-29,349.0,358.0
2022-10-30,348.0,356.0
2022-10-31,347.0,355.0
2022-11-01,346.0,355.0
2022-11-02,346.0,355.0
2022-11-03,347.0,355.0
2022-11-04,348.0,356.0
2022-11-05,349.0,357.0
2022-11-06,350.0,358.0
2022-11-07,351.0,359.0
2022-11-08,352.0,360.0
2022-11-09,352.0,361.0
2022-11-10,352.0,361.0
2022-11-11,353.0,361.0
2022-11-12,353.0,361.0
2022-11-13,354.0,362.0
2022-11-14,354.0,362.0
2022-11-15,355.0,363.0
2022-11-16,356.0,364.0
2022-11-17,357.0,365.0
2022-11-18,360.0,367.0
2022-11-19,363.0,369.0
2022-11-20,365.0,372.0
2022-11-21,369.0,375.0
2022-11-22,372.0,378.0
2022-11-23,374.0,382.0
2022-11-24,376.0,384.0
2022-11-25,379.0,386.0
2022-11-26,381.0,388.0
2022-11-27,383.0,390.0
2022-11-28,385.0,392.0
2022-11-29,387.0,394.0
2022-11-30,389.0,396.0
2022-12-01,390.0,397.0
2022-12-02,391.0,398.0
2022-12-03,392.0,400.0
2022-12-04,393.0,401.0
2022-12-05,394.0,401.0
2022-12-06,395.0,402.0
2022-12-07,395.0,403.0
2022-12-08,396.0,404.0
2022-12-09,398.0,405.0
2022-12-10,399.0,407.0
2022-12-11,401.0,408.0
2022-12-12,403.0,410.0
2022-12-13,404.0,412.0
2022-12-14,405.0,413.0
2022-12-15,405.0,414.0
2022-12-16,406.0,414.0
2022-12-17,406.0,415.0
2022-12-18,407.0,415.0
2022-12-19,407.0,415.0
2022-12-20,408.0,416.0
2022-12-21,408.0,417.0
2022-12-22,408.0,417.0
2022-12-23,409.0,417.0
2022-12-24,410.0,418.0
2022-12-25,411.0,419.0
2022-12-26,412.0,420.0
2022-12-27,412.0,421.0
2022-12-28,412.0,421.0
2022-12-29,412.0,421.0
2022-12-30,412.0,420.0
2022-12-31,412.0,420.0
2023-01-01,412.0,420.0
2023-01-02,412.0,420.0
2023-01-03,412.0,420.0
2023-01-04,412.0,421.0
2023-01-05,411.0,421.0
2023-01-06,411.0,420.0
2023-01-07,410.0,419.0
2023-01-08,410.0,418.0
2023-01-09,410.0,418.0
2023-01-10,410.0,419.0
2023-01-11,410.0,419.0
2023-01-12,410.0,419.0
2023-01-13,410.0,419.0
2023-01-14,411.0,419.0
2023-01-15,412.0,420.0
2023-01-16,412.0,420.0
2023-01-17,413.0,421.0
2023-01-18,413.0,421.0
2023-01-19,412.0,421.0
2023-01-20,412.0,420.0
2023-01-21,412.0,420.0
2023-01-22,411.0,419.0
2023-01-23,411.0,419.0
2023-01-24,411.0,419.0
2023-01-25,410.0,419.0
2023-01-26,409.0,418.0
2023-01-27,410.0,418.0
2023-01-28,410.0,419.0
2023-01-29,411.0,419.0
2023-01-30,412.0,420.0
2023-01-31,413.0,421.0
2023-02-01,413.0,423.0
2023-02-02,413.0,423.0
2023-02-03,414.0,423.0
2023-02-04,416.0,424.0
2023-02-05,416.0,425.0
2023-02-06,418.0,426.0
2023-02-07,419.0,428.0
2023-02-08,421.0,431.0
2023-02-09,422.0,432.0
2023-02-10,424.0,433.0
2023-02-11,425.0,434.0
2023-02-12,427.0,436.0
2023-02-13,428.0,438.0
2023-02-14,430.0,440.0
2023-02-15,431.0,442.0
2023-02-16,433.0,444.0
2023-02-17,435.0,446.0
2023-02-18,438.0,448.0
2023-02-19,441.0,451.0
2023-02-20,444.0,454.0
2023-02-21,448.0,457.0
2023-02-22,450.0,461.0
2023-02-23,452.0,463.0
2023-02-24,455.0,466.0
2023-02-25,459.0,469.0
2023-02-26,462.0,472.0
2023-02-27,465.0,475.0
2023-02-28,468.0,479.0
2023-03-01,471.0,482.0
2023-03-02,474.0,485.0
2023-03-03,479.0,489.0
2023-03-04,483.0,493.0
2023-03-05,487.0,497.0
2023-03-06,490.0,501.0
2023-03-07,494.0,505.0
2023-03-08,496.0,509.0
2023-03-09,501.0,514.0
2023-03-10,504.0,517.0
2023-03-11,508.0,521.0
2023-03-12,512.0,525.0
2023-03-13,516.0,529.0
2023-03-14,520.0,532.0
2023-03-15,523.0,536.0
2023-03-16,526.0,538.0
2023-03-17,529.0,541.0
2023-03-18,532.0,544.0
2023-03-19,535.0,546.0
2023-03-20,538.0,549.0
2023-03-21,541.0,553.0
2023-03-22,543.0,556.0
2023-03-23,546.0,558.0
2023-03-24,550.0,561.0
2023-03-25,553.0,564.0
2023-03-26,556.0,566.0
2023-03-27,559.0,569.0
2023-03-28,561.0,572.0
2023-03-29,563.0,574.0
2023-03-30,565.0,576.0
2023-03-31,568.0,579.0
2023-04-01,570.0,581.0
2023-04-02,571.0,582.0
2023-04-03,573.0,583.0
2023-04-04,575.0,585.0
2023-04-05,576.0,587.0
2023-04-06,577.0,588.0
2023-04-07,580.0,589.0
2023-04-08,581.0,590.0
2023-04-09,582.0,590.0
2023-04-10,582.0,591.0
2023-04-11,583.0,592.0
2023-04-12,583.0,593.0
2023-04-13,584.0,593.0
2023-04-14,585.0,594.0
2023-04-15,587.0,596.0
2023-04-16,589.0,597.0
2023-04-17,590.0,599.0
2023-04-18,592.0,601.0
2023-04-19,593.0,603.0
2023-04-20,594.0,604.0
2023-04-21,596.0,605.0
2023-04-22,598.0,607.0
2023-04-23,600.0,608.0
2023-04-24,597.0,610.0
2023-04-25,595.0,609.0
2023-04-26,593.0,607.0
2023-04-27,590.0,605.0
2023-04-28,588.0,603.0
2023-04-29,586.0,600.0
2023-04-30,583.0,598.0
2023-05-01,581.0,596.0
2023-05-02,579.0,594.0
2023-05-03,578.0,593.0
2023-05-04,576.0,592.0
2023-05-05,576.0,591.0
2023-05-06,575.0,590.0
2023-05-07,574.0,589.0
2023-05-08,573.0,587.0
2023-05-09,571.0,587.0
2023-05-10,568.0,586.0
2023-05-11,565.0,583.0
2023-05-12,563.0,581.0
2023-05-13,561.0,578.0
2023-05-14,559.0,576.0
2023-05-15,557.0,574.0
2023-05-16,555.0,572.0
2023-05-17,552.0,571.0
2023-05-18,548.0,567.0
2023-05-19,546.0,564.0
2023-05-20,544.0,562.0
2023-05-21,541.0,558.0
2023-05-22,538.0,556.0
2023-05-23,535.0,553.0
2023-05-24,535.0,551.0
2023-05-25,534.0,550.0
2023-05-26,534.0,549.0
2023-05-27,534.0,549.0
2023-05-28,534.0,548.0
2023-05-29,534.0,548.0
2023-05-30,534.0,548.0
2023-05-31,533.0,548.0
2023-06-01,532.0,547.0
2023-06-02,529.0,544.0
2023-06-03,527.0,542.0
2023-06-04,525.0,539.0
2023-06-05,524.0,538.0
2023-06-06,523.0,537.0
2023-06-07,522.0,537.0
2023-06-08,522.0,536.0
2023-06-09,524.0,537.0
2023-06-10,526.0,538.0
2023-06-11,528.0,540.0
2023-06-12,530.0,542.0
2023-06-13,533.0,545.0
2023-06-14,534.0,547.0
2023-06-15,536.0,550.0
2023-06-16,540.0,552.0
2023-06-17,543.0,555.0
2023-06-18,545.0,557.0
2023-06-19,548.0,560.0
2023-06-20,550.0,562.0
2023-06-21,552.0,566.0
2023-06-22,552.0,567.0
2023-06-23,554.0,567.0
2023-06-24,556.0,569.0
2023-06-25,559.0,571.0
2023-06-26,562.0,574.0
2023-06-27,564.0,577.0
2023-06-28,566.0,580.0
2023-06-29,568.0,582.0
2023-06-30,571.0,584.0
2023-07-01,574.0,587.0
2023-07-02,577.0,589.0
2023-07-03,580.0,592.0
2023-07-04,583.0,595.0
2023-07-05,585.0,597.0
2023-07-06,587.0,599.0
2023-07-07,588.0,600.0
2023-07-08,588.0,600.0
2023-07-09,588.0,599.0
2023-07-10,587.0,599.0
2023-07-11,586.0,599.0
2023-07-12,585.0,598.0
2023-07-13,582.0,596.0
2023-07-14,581.0,593.0
2023-07-15,579.0,591.0
2023-07-16,577.0,588.0
2023-07-17,575.0,587.0
2023-07-18,574.0,586.0
2023-07-19,572.0,585.0
2023-07-20,570.0,583.0
2023-07-21,568.0,580.0
2023-07-22,568.0,579.0
2023-07-23,567.0,578.0
2023-07-24,566.0,578.0
2023-07-25,566.0,577.0
2023-07-26,564.0,577.0
2023-07-27,563.0,575.0
2023-07-28,562.0,574.0
2023-07-29,562.0,573.0
2023-07-30,562.0,572.0
2023-07-31,561.0,572.0
2023-08-01,561.0,572.0
2023-08-02,560.0,572.0
2023-08-03,559.0,572.0
2023-08-04,558.0,571.0
2023-08-05,558.0,570.0
2023-08-06,558.0,569.0
2023-08-07,558.0,570.0
2023-08-08,559.0,571.0
2023-08-09,558.0,571.0
2023-08-10,558.0,570.0
2023-08-11,558.0,570.0
2023-08-12,559.0,570.0
2023-08-13,559.0,570.0
2023-08-14,560.0,571.0
2023-08-15,560.0,571.0
2023-08-16,560.0,572.0
2023-08-17,558.0,571.0
2023-08-18,558.0,570.0
2023-08-19,559.0,570.0
2023-08-20,559.0,570.0
2023-08-21,560.0,570.0
2023-08-22,560.0,571.0
2023-08-23,560.0,571.0
2023-08-24,559.0,571.0
2023-08-25,559.0,570.0
2023-08-26,559.0,570.0
2023-08-27,559.0,569.0
2023-08-28,559.0,569.0
2023-08-29,559.0,570.0
2023-08-30,557.0,570.0
2023-08-31,555.0,567.0
2023-09-01,554.0,565.0
2023-09-02,553.0,564.0
2023-09-03,552.0,562.0
2023-09-04,550.0,561.0
2023-09-05,549.0,560.0
2023-09-06,548.0,559.0
2023-09-07,546.0,557.0
2023-09-08,545.0,556.0
2023-09-09,544.0,555.0
2023-09-10,545.0,555.0
2023-09-11,545.0,555.0
2023-09-12,545.0,556.0
2023-09-13,545.0,556.0
2023-09-14,544.0,556.0
2023-09-15,544.0,554.0
2023-09-16,544.0,554.0
2023-09-17,544.0,554.0
2023-09-18,544.0,554.0
2023-09-19,544.0,554.0
2023-09-20,544.0,555.0
2023-09-21,543.0,554.0
2023-09-22,543.0,553.0
2023-09-23,543.0,553.0
2023-09-24,543.0,552.0
2023-09-25,543.0,552.0
2023-09-26,543.0,553.0
2023-09-27,542.0,553.0
2023-09-28,541.0,552.0
2023-09-29,542.0,551.0
2023-09-30,543.0,552.0
2023-10-01,543.0,553.0
2023-10-02,544.0,554.0
2023-10-03,545.0,555.0
2023-10-04,546.0,557.0
2023-10-05,546.0,557.0
2023-10-06,548.0,558.0
2023-10-07,549.0,559.0
2023-10-08,550.0,560.0
2023-10-09,552.0,561.0
2023-10-10,552.0,562.0
2023-10-11,552.0,564.0
2023-10-12,552.0,563.0
2023-10-13,552.0,563.0
2023-10-14,553.0,563.0
2023-10-15,554.0,564.0
2023-10-16,554.0,565.0
2023-10-17,555.0,566.0
2023-10-18,555.0,567.0
2023-10-19,554.0,566.0
2023-10-20,555.0,566.0
2023-10-21,556.0,566.0
2023-10-22,556.0,567.0
2023-10-23,557.0,568.0
2023-10-24,558.0,569.0
2023-10-25,558.0,570.0
2023-10-26,558.0,571.0
2023-10-27,560.0,572.0
2023-10-28,562.0,574.0
2023-10-29,564.0,575.0
2023-10-30,566.0,577.0
2023-10-31,568.0,580.0
2023-11-01,569.0,582.0
2023-11-02,570.0,583.0
2023-11-03,572.0,584.0
2023-11-04,574.0,586.0
2023-11-05,575.0,587.0
2023-11-06,576.0,588.0
2023-11-07,577.0,590.0
2023-11-08,578.0,591.0
2023-11-09,578.0,592.0
2023-11-10,580.0,592.0
2023-11-11,581.0,593.0
2023-11-12,583.0,594.0
2023-11-13,584.0,595.0
2023-11-14,585.0,597.0
2023-11-15,583.0,597.0
2023-11-16,583.0,596.0
2023-11-17,584.0,597.0
2023-11-18,585.0,598.0
2023-11-19,586.0,598.0
2023-11-20,587.0,599.0
2023-11-21,586.0,601.0
2023-11-22,584.0,600.0
2023-11-23,582.0,598.0
2023-11-24,582.0,595.0
2023-11-25,580.0,593.0
2023-11-26,578.0,591.0
2023-11-27,575.0,588.0
2023-11-28,573.0,586.0
2023-11-29,570.0,584.0
2023-11-30,568.0,582.0
2023-12-01,567.0,580.0
2023-12-02,565.0,578.0
2023-12-03,564.0,576.0
2023-12-04,563.0,575.0
2023-12-05,560.0,574.0
2023-12-06,558.0,573.0
2023-12-07,556.0,570.0
2023-12-08,555.0,568.0
2023-12-09,553.0,567.0
2023-12-10,552.0,565.0
2023-12-11,551.0,564.0
2023-12-12,549.0,563.0
2023-12-13,547.0,562.0
2023-12-14,546.0,562.0
2023-12-15,547.0,561.0
2023-12-16,548.0,561.0
2023-12-17,548.0,560.0
2023-12-18,547.0,560.0
2023-12-19,546.0,561.0
2023-12-20,543.0,560.0
2023-12-21,543.0,558.0
2023-12-22,544.0,558.0
2023-12-23,545.0,559.0
2023-12-24,546.0,560.0
2023-12-25,548.0,562.0
2023-12-26,549.0,563.0
2023-12-27,550.0,565.0
2023-12-28,549.0,565.0
2023-12-29,550.0,565.0
2023-12-30,550.0,564.0
2023-12-31,549.0,564.0
2024-01-01,548.0,563.0
2024-01-02,548.0,563.0
2024-01-03,547.0,562.0
2024-01-04,548.0,562.0
2024-01-05,549.0,562.0
2024-01-06,549.0,562.0
2024-01-07,550.0,562.0
2024-01-08,550.0,562.0
2024-01-09,548.0,562.0
2024-01-10,545.0,561.0
2024-01-11,543.0,558.0
2024-01-12,542.0,556.0
2024-01-13,540.0,554.0
2024-01-14,539.0,552.0
2024-01-15,537.0,550.0
2024-01-16,535.0,549.0
2024-01-17,532.0,547.0
2024-01-18,531.0,544.0
2024-01-19,531.0,543.0
2024-01-20,531.0,542.0
2024-01-21,529.0,540.0
2024-01-22,529.0,540.0
2024-01-23,528.0,539.0
2024-01-24,526.0,539.0
2024-01-25,524.0,537.0
2024-01-26,523.0,536.0
2024-01-27,522.0,534.0
2024-01-28,521.0,534.0
2024-01-29,521.0,533.0
2024-01-30,520.0,532.0
2024-01-31,518.0,531.0
2024-02-01,517.0,531.0
2024-02-02,517.0,530.0
2024-02-03,517.0,530.0
2024-02-04,517.0,530.0
2024-02-05,516.0,530.0
2024-02-06,517.0,533.0
2024-02-07,518.0,534.0
2024-02-08,519.0,535.0
2024-02-09,521.0,535.0
2024-02-10,523.0,538.0
2024-02-11,525.0,539.0
2024-02-12,526.0,541.0
2024-02-13,526.0,543.0
2024-02-14,528.0,545.0
2024-02-15,529.0,546.0
2024-02-16,532.0,548.0
2024-02-17,535.0,551.0
2024-02-18,537.0,553.0
2024-02-19,540.0,556.0
2024-02-20,541.0,559.0
2024-02-21,542.0,561.0
2024-02-22,542.0,561.0
2024-02-23,544.0,562.0
2024-02-24,546.0,563.0
2024-02-25,548.0,565.0
2024-02-26,550.0,567.0
2024-02-27,552.0,570.0
2024-02-28,554.0,572.0
2024-02-29,556.0,575.0
2024-03-01,559.0,577.0
2024-03-02,561.0,579.0
2024-03-03,562.0,579.0
2024-03-04,563.0,580.0
2024-03-05,563.0,582.0
2024-03-06,562.0,582.0
2024-03-07,560.0,578.0
2024-03-08,559.0,577.0
2024-03-09,560.0,576.0
2024-03-10,560.0,576.0
2024-03-11,560.0,576.0
2024-03-12,560.0,576.0
2024-03-13,559.0,577.0
2024-03-14,561.0,577.0
2024-03-15,561.0,576.0
2024-03-16,561.0,576.0
2024-03-17,561.0,576.0
2024-03-18,561.0,576.0
2024-03-19,559.0,576.0
2024-03-20,557.0,575.0
2024-03-21,557.0,573.0
2024-03-22,557.0,572.0
2024-03-23,558.0,573.0
2024-03-24,557.0,572.0
2024-03-25,557.0,572.0
2024-03-26,558.0,572.0
2024-03-27,558.0,574.0
2024-03-28,558.0,574.0
2024-03-29,559.0,574.0
2024-03-30,559.0,573.0
2024-03-31,559.0,573.0
2024-04-01,558.0,573.0
2024-04-02,557.0,573.0
2024-04-03,556.0,573.0
2024-04-04,557.0,572.0
2024-04-05,558.0,572.0
2024-04-06,559.0,573.0
2024-04-07,559.0,573.0
2024-04-08,559.0,573.0
2024-04-09,559.0,574.0
2024-04-10,560.0,574.0
2024-04-11,559.0,574.0
2024-04-12,559.0,573.0
2024-04-13,559.0,573.0
2024-04-14,559.0,572.0
2024-04-15,558.0,572.0
2024-04-16,558.0,573.0
2024-04-17,556.0,572.0
2024-04-18,556.0,570.0
2024-04-19,556.0,569.0
2024-04-20,556.0,569.0
2024-04-21,555.0,568.0
2024-04-22,555.0,568.0
2024-04-23,555.0,569.0
2024-04-24,554.0,569.0
2024-04-25,553.0,568.0
2024-04-26,552.0,565.0
2024-04-27,550.0,564.0
2024-04-28,549.0,562.0
2024-04-29,548.0,561.0
2024-04-30,547.0,560.0
2024-05-01,546.0,560.0
2024-05-02,546.0,559.0
2024-05-03,547.0,558.0
2024-05-04,547.0,558.0
2024-05-05,547.0,558.0
2024-05-06,547.0,558.0
2024-05-07,546.0,558.0
2024-05-08,545.0,559.0
2024-05-09,545.0,559.0
2024-05-10,545.0,559.0
2024-05-11,545.0,559.0
2024-05-12,545.0,559.0
2024-05-13,545.0,559.0
2024-05-14,544.0,559.0
2024-05-15,543.0,558.0
2024-05-16,541.0,557.0
2024-05-17,541.0,556.0
2024-05-18,541.0,556.0
2024-05-19,541.0,556.0
2024-05-20,541.0,556.0
2024-05-21,541.0,557.0
2024-05-22,542.0,558.0
2024-05-23,543.0,560.0
2024-05-24,545.0,561.0
2024-05-25,547.0,563.0
2024-05-26,548.0,564.0
2024-05-27,550.0,565.0
2024-05-28,551.0,567.0
2024-05-29,553.0,569.0
2024-05-30,555.0,571.0
2024-05-31,557.0,572.0
2024-06-01,558.0,574.0
2024-06-02,560.0,575.0
2024-06-03,561.0,577.0
2024-06-04,561.0,579.0
2024-06-05,562.0,580.0
2024-06-06,563.0,580.0
2024-06-07,565.0,580.0
2024-06-08,565.0,582.0
2024-06-09,566.0,582.0
2024-06-10,567.0,582.0
2024-06-11,568.0,584.0
2024-06-12,570.0,585.0
2024-06-13,572.0,586.0
2024-06-14,575.0,589.0
2024-06-15,578.0,593.0
2024-06-16,581.0,595.0
2024-06-17,584.0,598.0
2024-06-18,585.0,601.0
2024-06-19,587.0,602.0
2024-06-20,587.0,603.0
2024-06-21,587.0,603.0
2024-06-22,586.0,602.0
2024-06-23,585.0,600.0
2024-06-24,584.0,599.0
2024-06-25,584.0,599.0
2024-06-26,584.0,599.0
2024-06-27,584.0,599.0
2024-06-28,584.0,599.0
2024-06-29,584.0,600.0
2024-06-30,583.0,599.0
2024-07-01,583.0,598.0
2024-07-02,583.0,598.0
2024-07-03,583.0,598.0
2024-07-04,584.0,597.0
2024-07-05,585.0,598.0
2024-07-06,585.0,599.0
2024-07-07,585.0,598.0
2024-07-08,585.0,598.0
2024-07-09,585.0,599.0
2024-07-10,584.0,599.0
2024-07-11,584.0,598.0
2024-07-12,584.0,598.0
2024-07-13,583.0,599.0
2024-07-14,582.0,598.0
2024-07-15,581.0,595.0
2024-07-16,580.0,595.0
2024-07-17,578.0,594.0
2024-07-18,579.0,592.0
2024-07-19,579.0,593.0
2024-07-20,579.0,594.0
2024-07-21,578.0,593.0
2024-07-22,579.0,592.0
2024-07-23,580.0,593.0
2024-07-24,580.0,594.0
2024-07-25,580.0,594.0
2024-07-26,580.0,594.0
2024-07-27,579.0,594.0
2024-07-28,578.0,593.0
2024-07-29,577.0,591.0
2024-07-30,577.0,591.0
2024-07-31,576.0,591.0
2024-08-01,576.0,591.0
2024-08-02,576.0,591.0
2024-08-03,576.0,592.0
2024-08-04,575.0,591.0
2024-08-05,576.0,591.0
2024-08-06,575.0,592.0
2024-08-07,575.0,592.0
2024-08-08,576.0,591.0
2024-08-09,577.0,592.0
2024-08-10,576.0,593.0
2024-08-11,576.0,592.0
2024-08-12,576.0,591.0
2024-08-13,576.0,591.0
2024-08-14,576.0,590.0
2024-08-15,576.0,590.0
2024-08-16,576.0,590.0
2024-08-17,575.0,591.0
2024-08-18,575.0,591.0
2024-08-19,575.0,590.0
2024-08-20,574.0,592.0
2024-08-21,574.0,591.0
2024-08-22,574.0,591.0
2024-08-23,574.0,591.0
2024-08-24,574.0,591.0
2024-08-25,574.0,591.0
2024-08-26,574.0,590.0
2024-08-27,574.0,591.0
2024-08-28,574.0,591.0
2024-08-29,574.0,590.0
2024-08-30,573.0,590.0
2024-08-31,572.0,591.0
2024-09-01,570.0,589.0
2024-09-02,569.0,586.0
2024-09-03,566.0,585.0
2024-09-04,562.0,582.0
2024-09-05,560.0,579.0
2024-09-06,557.0,577.0
2024-09-07,555.0,575.0
2024-09-08,552.0,572.0
2024-09-09,550.0,569.0
2024-09-10,547.0,568.0
2024-09-11,544.0,565.0
2024-09-12,541.0,562.0
2024-09-13,539.0,560.0
2024-09-14,536.0,557.0
2024-09-15,534.0,555.0
2024-09-16,532.0,551.0
2024-09-17,530.0,550.0
2024-09-18,529.0,548.0
2024-09-19,528.0,545.0
2024-09-20,528.0,544.0
2024-09-21,527.0,544.0
2024-09-22,526.0,543.0
2024-09-23,525.0,542.0
2024-09-24,525.0,541.0
2024-09-25,525.0,541.0
2024-09-26,523.0,541.0
2024-09-27,522.0,540.0
2024-09-28,521.0,539.0
2024-09-29,520.0,538.0
2024-09-30,519.0,535.0
2024-10-01,520.0,537.0
2024-10-02,521.0,538.0
2024-10-03,523.0,538.0
2024-10-04,526.0,541.0
2024-10-05,528.0,543.0
2024-10-06,530.0,545.0
2024-10-07,532.0,546.0
2024-10-08,534.0,548.0
2024-10-09,535.0,550.0
2024-10-10,539.0,551.0
2024-10-11,541.0,554.0
2024-10-12,544.0,557.0
2024-10-13,546.0,558.0
2024-10-14,548.0,560.0
2024-10-15,548.0,563.0
2024-10-16,548.0,563.0
2024-10-17,548.0,563.0
2024-10-18,548.0,563.0
2024-10-19,549.0,564.0
2024-10-20,549.0,564.0
2024-10-21,549.0,563.0
2024-10-22,549.0,564.0
2024-10-23,550.0,564.0
2024-10-24,550.0,565.0
2024-10-25,551.0,565.0
2024-10-26,553.0,566.0
2024-10-27,555.0,567.0
2024-10-28,557.0,570.0
2024-10-29,558.0,573.0
2024-10-30,559.0,575.0
2024-10-31,559.0,574.0
2024-11-01,559.0,574.0
2024-11-02,560.0,575.0
2024-11-03,560.0,575.0
2024-11-04,561.0,575.0
2024-11-05,560.0,576.0
2024-11-06,560.0,576.0
2024-11-07,560.0,576.0
2024-11-08,561.0,577.0
2024-11-09,560.0,578.0
2024-11-10,559.0,576.0
2024-11-11,559.0,576.0
2024-11-12,560.0,576.0
2024-11-13,560.0,577.0
2024-11-14,563.0,578.0
2024-11-15,566.0,580.0
2024-11-16,568.0,583.0
2024-11-17,570.0,585.0
2024-11-18,573.0,586.0
2024-11-19,574.0,589.0
2024-11-20,574.0,590.0
2024-11-21,575.0,591.0
2024-11-22,576.0,592.0
2024-11-23,577.0,594.0
2024-11-24,577.0,595.0
2024-11-25,577.0,595.0
2024-11-26,577.0,596.0
2024-11-27,577.0,595.0
2024-11-28,578.0,594.0
2024-11-29,577.0,593.0
2024-11-30,579.0,594.0
2024-12-01,580.0,595.0
2024-12-02,579.0,595.0
2024-12-03,577.0,595.0
2024-12-04,575.0,593.0
2024-12-05,573.0,590.0
2024-12-06,572.0,589.0
2024-12-07,570.0,588.0
2024-12-08,568.0,586.0
2024-12-09,567.0,583.0
2024-12-10,566.0,582.0
2024-12-11,565.0,581.0
2024-12-12,563.0,580.0
2024-12-13,562.0,578.0
2024-12-14,560.0,578.0
2024-12-15,559.0,577.0
2024-12-16,557.0,574.0
2024-12-17,555.0,573.0
2024-12-18,552.0,571.0
2024-12-19,549.0,567.0
2024-12-20,546.0,564.0
2024-12-21,543.0,561.0
2024-12-22,538.0,557.0
2024-12-23,534.0,552.0
2024-12-24,531.0,548.0
2024-12-25,527.0,544.0
2024-12-26,524.0,540.0
2024-12-27,521.0,537.0
2024-12-28,519.0,534.0
2024-12-29,516.0,531.0
2024-12-30,513.0,527.0
2024-12-31,510.0,524.0
2025-01-01,508.0,521.0
2025-01-02,507.0,518.0
2025-01-03,507.0,517.0
2025-01-04,506.0,517.0
2025-01-05,505.0,516.0
2025-01-06,505.0,515.0
2025-01-07,505.0,515.0
2025-01-08,504.0,515.0
2025-01-09,503.0,514.0
2025-01-10,503.0,514.0
2025-01-11,502.0,514.0
2025-01-12,500.0,512.0
2025-01-13,499.0,509.0
2025-01-14,498.0,508.0
2025-01-15,496.0,507.0
2025-01-16,495.0,505.0
2025-01-17,495.0,504.0
2025-01-18,495.0,505.0
2025-01-19,494.0,504.0
2025-01-20,495.0,504.0
2025-01-21,496.0,505.0
2025-01-22,498.0,507.0
2025-01-23,499.0,508.0
2025-01-24,499.0,509.0
2025-01-25,500.0,510.0
2025-01-26,500.0,510.0
2025-01-27,500.0,513.0
2025-01-28,499.0,512.0
2025-01-29,498.0,512.0
2025-01-30,498.0,511.0
2025-01-31,497.0,510.0
2025-02-01,495.0,509.0
2025-02-02,495.0,509.0
2025-02-03,494.0,509.0
2025-02-04,493.0,509.0
2025-02-05,492.0,508.0
2025-02-06,491.0,507.0
2025-02-07,490.0,507.0
2025-02-08,489.0,506.0
2025-02-09,487.0,504.0
2025-02-10,485.0,501.0
2025-02-11,483.0,499.0
2025-02-12,480.0,497.0
2025-02-13,478.0,495.0
2025-02-14,475.0,492.0
2025-02-15,471.0,488.0
2025-02-16,467.0,484.0
2025-02-17,464.0,480.0
