Date,Midnight population,24-hour population
2008-10-01,0,0
2008-10-02,0,0
2008-10-03,0,0
2008-10-04,0,0
2008-10-05,0,0
2008-10-06,0,0
2008-10-07,0,0
2008-10-08,0,0
2008-10-09,0,0
2008-10-10,0,0
2008-10-11,0,0
2008-10-12,0,0
2008-10-13,0,0
2008-10-14,0,0
2008-10-15,0,0
2008-10-16,0,0
2008-10-17,0,0
2008-10-18,0,0
2008-10-19,0,0
2008-10-20,0,0
2008-10-21,0,0
2008-10-22,0,0
2008-10-23,0,0
2008-10-24,0,0
2008-10-25,0,0
2008-10-26,0,0
2008-10-27,0,0
2008-10-28,0,0
2008-10-29,0,0
2008-10-30,0,0
2008-10-31,0,0
2008-11-01,0,0
2008-11-02,0,0
2008-11-03,0,0
2008-11-04,0,0
2008-11-05,0,0
2008-11-06,0,0
2008-11-07,0,0
2008-11-08,0,0
2008-11-09,0,0
2008-11-10,0,0
2008-11-11,0,0
2008-11-12,0,0
2008-11-13,0,0
2008-11-14,0,0
2008-11-15,0,0
2008-11-16,0,0
2008-11-17,0,0
2008-11-18,0,0
2008-11-19,0,0
2008-11-20,0,0
2008-11-21,0,0
2008-11-22,0,0
2008-11-23,0,0
2008-11-24,0,0
2008-11-25,0,0
2008-11-26,0,0
2008-11-27,0,0
2008-11-28,0,0
2008-11-29,0,0
2008-11-30,0,0
2008-12-01,0,0
2008-12-02,0,0
2008-12-03,0,0
2008-12-04,0,0
2008-12-05,0,0
2008-12-06,0,0
2008-12-07,0,0
2008-12-08,0,0
2008-12-09,0,0
2008-12-10,0,0
2008-12-11,0,0
2008-12-12,0,0
2008-12-13,0,0
2008-12-14,0,0
2008-12-15,0,0
2008-12-16,0,0
2008-12-17,0,0
2008-12-18,0,0
2008-12-19,0,0
2008-12-20,0,0
2008-12-21,0,0
2008-12-22,0,0
2008-12-23,0,0
2008-12-24,0,0
2008-12-25,0,0
2008-12-26,0,0
2008-12-27,0,0
2008-12-28,0,0
2008-12-29,0,0
2008-12-30,0,0
2008-12-31,0,0
2009-01-01,0,0
2009-01-02,0,0
2009-01-03,0,0
2009-01-04,0,0
2009-01-05,0,0
2009-01-06,0,0
2009-01-07,0,0
2009-01-08,0,0
2009-01-09,0,0
2009-01-10,0,0
2009-01-11,0,0
2009-01-12,0,0
2009-01-13,0,0
2009-01-14,0,0
2009-01-15,0,0
2009-01-16,0,0
2009-01-17,0,0
2009-01-18,0,0
2009-01-19,0,0
2009-01-20,0,0
2009-01-21,0,0
2009-01-22,0,0
2009-01-23,0,0
2009-01-24,0,0
2009-01-25,0,0
2009-01-26,0,0
2009-01-27,0,0
2009-01-28,0,0
2009-01-29,0,0
2009-01-30,0,0
2009-01-31,0,0
2009-02-01,0,0
2009-02-02,0,0
2009-02-03,0,0
2009-02-04,0,0
2009-02-05,0,0
2009-02-06,0,0
2009-02-07,0,0
2009-02-08,0,0
2009-02-09,0,0
2009-02-10,0,0
2009-02-11,0,0
2009-02-12,0,0
2009-02-13,0,0
2009-02-14,0,0
2009-02-15,0,0
2009-02-16,0,0
2009-02-17,0,0
2009-02-18,0,0
2009-02-19,0,0
2009-02-20,0,0
2009-02-21,0,0
2009-02-22,0,0
2009-02-23,0,0
2009-02-24,0,0
2009-02-25,0,0
2009-02-26,0,0
2009-02-27,0,0
2009-02-28,0,0
2009-03-01,0,0
2009-03-02,0,0
2009-03-03,0,0
2009-03-04,0,0
2009-03-05,0,0
2009-03-06,0,0
2009-03-07,0,0
2009-03-08,0,0
2009-03-09,0,0
2009-03-10,0,0
2009-03-11,0,0
2009-03-12,0,0
2009-03-13,0,0
2009-03-14,0,0
2009-03-15,0,0
2009-03-16,0,0
2009-03-17,0,0
2009-03-18,0,0
2009-03-19,0,0
2009-03-20,0,0
2009-03-21,0,0
2009-03-22,0,0
2009-03-23,0,0
2009-03-24,0,0
2009-03-25,0,0
2009-03-26,0,0
2009-03-27,0,0
2009-03-28,0,0
2009-03-29,0,0
2009-03-30,0,0
2009-03-31,0,0
2009-04-01,0,0
2009-04-02,0,0
2009-04-03,0,0
2009-04-04,0,0
2009-04-05,0,0
2009-04-06,0,0
2009-04-07,0,0
2009-04-08,0,0
2009-04-09,0,0
2009-04-10,0,0
2009-04-11,0,0
2009-04-12,0,0
2009-04-13,0,0
2009-04-14,0,0
2009-04-15,0,0
2009-04-16,0,0
2009-04-17,0,0
2009-04-18,0,0
2009-04-19,0,0
2009-04-20,0,0
2009-04-21,0,0
2009-04-22,0,0
2009-04-23,0,0
2009-04-24,0,0
2009-04-25,0,0
2009-04-26,0,0
2009-04-27,0,0
2009-04-28,0,0
2009-04-29,0,0
2009-04-30,0,0
2009-05-01,0,0
2009-05-02,0,0
2009-05-03,0,0
2009-05-04,0,0
2009-05-05,0,0
2009-05-06,0,0
2009-05-07,0,0
2009-05-08,0,0
2009-05-09,0,0
2009-05-10,0,0
2009-05-11,0,0
2009-05-12,0,0
2009-05-13,0,0
2009-05-14,0,0
2009-05-15,0,0
2009-05-16,0,0
2009-05-17,0,0
2009-05-18,0,0
2009-05-19,0,0
2009-05-20,0,0
2009-05-21,0,0
2009-05-22,0,0
2009-05-23,0,0
2009-05-24,0,0
2009-05-25,0,0
2009-05-26,0,0
2009-05-27,0,0
2009-05-28,0,0
2009-05-29,0,0
2009-05-30,0,0
2009-05-31,0,0
2009-06-01,0,0
2009-06-02,0,0
2009-06-03,0,0
2009-06-04,0,0
2009-06-05,0,0
2009-06-06,0,0
2009-06-07,0,0
2009-06-08,0,0
2009-06-09,0,0
2009-06-10,0,0
2009-06-11,0,0
2009-06-12,0,0
2009-06-13,0,0
2009-06-14,0,0
2009-06-15,0,0
2009-06-16,0,0
2009-06-17,0,0
2009-06-18,0,0
2009-06-19,0,0
2009-06-20,0,0
2009-06-21,0,0
2009-06-22,0,0
2009-06-23,0,0
2009-06-24,0,0
2009-06-25,0,0
2009-06-26,0,0
2009-06-27,0,0
2009-06-28,0,0
2009-06-29,0,0
2009-06-30,0,0
2009-07-01,0,0
2009-07-02,0,0
2009-07-03,0,0
2009-07-04,0,0
2009-07-05,0,0
2009-07-06,0,0
2009-07-07,0,0
2009-07-08,0,0
2009-07-09,0,0
2009-07-10,0,0
2009-07-11,0,0
2009-07-12,0,0
2009-07-13,0,0
2009-07-14,0,0
2009-07-15,0,0
2009-07-16,0,0
2009-07-17,0,0
2009-07-18,0,0
2009-07-19,0,0
2009-07-20,0,0
2009-07-21,0,0
2009-07-22,0,0
2009-07-23,0,0
2009-07-24,0,0
2009-07-25,0,0
2009-07-26,0,0
2009-07-27,0,0
2009-07-28,0,0
2009-07-29,0,0
2009-07-30,0,0
2009-07-31,0,0
2009-08-01,0,0
2009-08-02,0,0
2009-08-03,0,0
2009-08-04,0,0
2009-08-05,0,0
2009-08-06,0,0
2009-08-07,0,0
2009-08-08,0,0
2009-08-09,0,0
2009-08-10,0,0
2009-08-11,0,0
2009-08-12,0,0
2009-08-13,0,0
2009-08-14,0,0
2009-08-15,0,0
2009-08-16,0,0
2009-08-17,0,0
2009-08-18,0,0
2009-08-19,0,0
2009-08-20,0,0
2009-08-21,0,0
2009-08-22,0,0
2009-08-23,0,0
2009-08-24,0,0
2009-08-25,0,0
2009-08-26,0,0
2009-08-27,0,0
2009-08-28,0,0
2009-08-29,0,0
2009-08-30,0,0
2009-08-31,0,0
2009-09-01,0,0
2009-09-02,0,0
2009-09-03,0,0
2009-09-04,0,0
2009-09-05,0,0
2009-09-06,0,0
2009-09-07,0,0
2009-09-08,0,0
2009-09-09,0,0
2009-09-10,0,0
2009-09-11,0,0
2009-09-12,0,0
2009-09-13,0,0
2009-09-14,0,0
2009-09-15,0,0
2009-09-16,0,0
2009-09-17,0,0
2009-09-18,0,0
2009-09-19,0,0
2009-09-20,0,0
2009-09-21,0,0
2009-09-22,0,0
2009-09-23,0,0
2009-09-24,0,0
2009-09-25,0,0
2009-09-26,0,0
2009-09-27,0,0
2009-09-28,0,0
2009-09-29,0,0
2009-09-30,0,0
2009-10-01,0,0
2009-10-02,0,0
2009-10-03,0,0
2009-10-04,0,0
2009-10-05,0,0
2009-10-06,0,0
2009-10-07,0,0
2009-10-08,0,0
2009-10-09,0,0
2009-10-10,0,0
2009-10-11,0,0
2009-10-12,0,0
2009-10-13,0,0
2009-10-14,0,0
2009-10-15,0,0
2009-10-16,0,0
2009-10-17,0,0
2009-10-18,0,0
2009-10-19,0,0
2009-10-20,0,0
2009-10-21,0,0
2009-10-22,0,0
2009-10-23,0,0
2009-10-24,0,0
2009-10-25,0,0
2009-10-26,0,0
2009-10-27,0,0
2009-10-28,0,0
2009-10-29,0,0
2009-10-30,0,0
2009-10-31,0,0
2009-11-01,0,0
2009-11-02,0,0
2009-11-03,0,0
2009-11-04,0,0
2009-11-05,0,0
2009-11-06,0,0
2009-11-07,0,0
2009-11-08,0,0
2009-11-09,0,0
2009-11-10,0,0
2009-11-11,0,0
2009-11-12,0,0
2009-11-13,0,0
2009-11-14,0,0
2009-11-15,0,0
2009-11-16,0,0
2009-11-17,0,0
2009-11-18,0,0
2009-11-19,0,0
2009-11-20,0,0
2009-11-21,0,0
2009-11-22,0,0
2009-11-23,0,0
2009-11-24,0,0
2009-11-25,0,0
2009-11-26,0,0
2009-11-27,0,0
2009-11-28,0,0
2009-11-29,0,0
2009-11-30,0,0
2009-12-01,0,0
2009-12-02,0,0
2009-12-03,0,0
2009-12-04,0,0
2009-12-05,0,0
2009-12-06,0,0
2009-12-07,0,0
2009-12-08,0,0
2009-12-09,0,0
2009-12-10,0,0
2009-12-11,0,0
2009-12-12,0,0
2009-12-13,0,0
2009-12-14,0,0
2009-12-15,0,0
2009-12-16,0,0
2009-12-17,0,0
2009-12-18,0,0
2009-12-19,0,0
2009-12-20,0,0
2009-12-21,0,0
2009-12-22,0,0
2009-12-23,0,0
2009-12-24,0,0
2009-12-25,0,0
2009-12-26,0,0
2009-12-27,0,0
2009-12-28,0,0
2009-12-29,0,0
2009-12-30,0,0
2009-12-31,0,0
2010-01-01,0,0
2010-01-02,0,0
2010-01-03,0,0
2010-01-04,0,0
2010-01-05,0,0
2010-01-06,0,0
2010-01-07,0,0
2010-01-08,0,0
2010-01-09,0,0
2010-01-10,0,0
2010-01-11,0,0
2010-01-12,0,0
2010-01-13,0,0
2010-01-14,0,0
2010-01-15,0,0
2010-01-16,0,0
2010-01-17,0,0
2010-01-18,0,0
2010-01-19,0,0
2010-01-20,0,0
2010-01-21,0,0
2010-01-22,0,0
2010-01-23,0,0
2010-01-24,0,0
2010-01-25,0,0
2010-01-26,0,0
2010-01-27,0,0
2010-01-28,0,0
2010-01-29,0,0
2010-01-30,0,0
2010-01-31,0,0
2010-02-01,0,0
2010-02-02,0,0
2010-02-03,0,0
2010-02-04,0,0
2010-02-05,0,0
2010-02-06,0,0
2010-02-07,0,0
2010-02-08,0,0
2010-02-09,0,0
2010-02-10,0,0
2010-02-11,0,0
2010-02-12,0,0
2010-02-13,0,0
2010-02-14,0,0
2010-02-15,0,0
2010-02-16,0,0
2010-02-17,0,0
2010-02-18,0,0
2010-02-19,0,0
2010-02-20,0,0
2010-02-21,0,0
2010-02-22,0,0
2010-02-23,0,0
2010-02-24,0,0
2010-02-25,0,0
2010-02-26,0,0
2010-02-27,0,0
2010-02-28,0,0
2010-03-01,0,0
2010-03-02,0,0
2010-03-03,0,0
2010-03-04,0,0
2010-03-05,0,0
2010-03-06,0,0
2010-03-07,0,0
2010-03-08,0,0
2010-03-09,0,0
2010-03-10,0,0
2010-03-11,0,0
2010-03-12,0,0
2010-03-13,0,0
2010-03-14,0,0
2010-03-15,0,0
2010-03-16,0,0
2010-03-17,0,0
2010-03-18,0,0
2010-03-19,0,0
2010-03-20,0,0
2010-03-21,0,0
2010-03-22,0,0
2010-03-23,0,0
2010-03-24,0,0
2010-03-25,0,0
2010-03-26,0,0
2010-03-27,0,0
2010-03-28,0,0
2010-03-29,0,0
2010-03-30,0,0
2010-03-31,0,0
2010-04-01,0,0
2010-04-02,0,0
2010-04-03,0,0
2010-04-04,0,0
2010-04-05,0,0
2010-04-06,0,0
2010-04-07,0,0
2010-04-08,0,0
2010-04-09,0,0
2010-04-10,0,0
2010-04-11,0,0
2010-04-12,0,0
2010-04-13,0,0
2010-04-14,0,0
2010-04-15,0,0
2010-04-16,0,0
2010-04-17,0,0
2010-04-18,0,0
2010-04-19,0,0
2010-04-20,0,0
2010-04-21,0,0
2010-04-22,0,0
2010-04-23,0,0
2010-04-24,0,0
2010-04-25,0,0
2010-04-26,0,0
2010-04-27,0,0
2010-04-28,0,0
2010-04-29,0,0
2010-04-30,0,0
2010-05-01,0,0
2010-05-02,0,0
2010-05-03,0,0
2010-05-04,0,0
2010-05-05,0,0
2010-05-06,0,0
2010-05-07,0,0
2010-05-08,0,0
2010-05-09,0,0
2010-05-10,0,0
2010-05-11,0,0
2010-05-12,0,0
2010-05-13,0,0
2010-05-14,0,0
2010-05-15,0,0
2010-05-16,0,0
2010-05-17,0,0
2010-05-18,0,0
2010-05-19,0,0
2010-05-20,0,0
2010-05-21,0,0
2010-05-22,0,0
2010-05-23,0,0
2010-05-24,0,0
2010-05-25,0,0
2010-05-26,0,0
2010-05-27,0,0
2010-05-28,0,0
2010-05-29,0,0
2010-05-30,0,0
2010-05-31,0,0
2010-06-01,0,0
2010-06-02,0,0
2010-06-03,0,0
2010-06-04,0,0
2010-06-05,0,0
2010-06-06,0,0
2010-06-07,0,0
2010-06-08,0,0
2010-06-09,0,0
2010-06-10,0,0
2010-06-11,0,0
2010-06-12,0,0
2010-06-13,0,0
2010-06-14,0,0
2010-06-15,0,0
2010-06-16,0,0
2010-06-17,0,0
2010-06-18,0,0
2010-06-19,0,0
2010-06-20,0,0
2010-06-21,0,0
2010-06-22,0,0
2010-06-23,0,0
2010-06-24,0,0
2010-06-25,0,0
2010-06-26,0,0
2010-06-27,0,0
2010-06-28,0,0
2010-06-29,0,0
2010-06-30,0,0
2010-07-01,0,0
2010-07-02,0,0
2010-07-03,0,0
2010-07-04,0,0
2010-07-05,0,0
2010-07-06,0,0
2010-07-07,0,0
2010-07-08,0,0
2010-07-09,0,0
2010-07-10,0,0
2010-07-11,0,0
2010-07-12,0,0
2010-07-13,0,0
2010-07-14,0,0
2010-07-15,0,0
2010-07-16,0,0
2010-07-17,0,0
2010-07-18,0,0
2010-07-19,0,0
2010-07-20,0,0
2010-07-21,0,0
2010-07-22,0,0
2010-07-23,0,0
2010-07-24,0,0
2010-07-25,0,0
2010-07-26,0,0
2010-07-27,0,0
2010-07-28,0,0
2010-07-29,0,0
2010-07-30,0,0
2010-07-31,0,0
2010-08-01,0,0
2010-08-02,0,0
2010-08-03,0,0
2010-08-04,0,0
2010-08-05,0,0
2010-08-06,0,0
2010-08-07,0,0
2010-08-08,0,0
2010-08-09,0,0
2010-08-10,0,0
2010-08-11,0,0
2010-08-12,0,0
2010-08-13,0,0
2010-08-14,0,0
2010-08-15,0,0
2010-08-16,0,0
2010-08-17,0,0
2010-08-18,0,0
2010-08-19,0,0
2010-08-20,0,0
2010-08-21,0,0
2010-08-22,0,0
2010-08-23,0,0
2010-08-24,0,0
2010-08-25,0,0
2010-08-26,0,0
2010-08-27,0,0
2010-08-28,0,0
2010-08-29,0,0
2010-08-30,0,0
2010-08-31,0,0
2010-09-01,0,0
2010-09-02,0,0
2010-09-03,0,0
2010-09-04,0,0
2010-09-05,0,0
2010-09-06,0,0
2010-09-07,0,0
2010-09-08,0,0
2010-09-09,0,0
2010-09-10,0,0
2010-09-11,0,0
2010-09-12,0,0
2010-09-13,0,0
2010-09-14,0,0
2010-09-15,0,0
2010-09-16,0,0
2010-09-17,0,0
2010-09-18,0,0
2010-09-19,0,0
2010-09-20,0,0
2010-09-21,0,0
2010-09-22,0,0
2010-09-23,0,0
2010-09-24,0,0
2010-09-25,0,0
2010-09-26,0,0
2010-09-27,0,0
2010-09-28,0,0
2010-09-29,0,0
2010-09-30,0,0
2010-10-01,0,0
2010-10-02,0,0
2010-10-03,0,0
2010-10-04,0,0
2010-10-05,0,0
2010-10-06,0,0
2010-10-07,0,0
2010-10-08,0,0
2010-10-09,0,0
2010-10-10,0,0
2010-10-11,0,0
2010-10-12,0,0
2010-10-13,0,0
2010-10-14,0,0
2010-10-15,0,0
2010-10-16,0,0
2010-10-17,0,0
2010-10-18,0,0
2010-10-19,0,0
2010-10-20,0,0
2010-10-21,0,0
2010-10-22,0,0
2010-10-23,0,0
2010-10-24,0,0
2010-10-25,0,0
2010-10-26,0,0
2010-10-27,0,0
2010-10-28,0,0
2010-10-29,0,0
2010-10-30,0,0
2010-10-31,0,0
2010-11-01,0,0
2010-11-02,0,0
2010-11-03,0,0
2010-11-04,0,0
2010-11-05,0,0
2010-11-06,0,0
2010-11-07,0,0
2010-11-08,0,0
2010-11-09,0,0
2010-11-10,0,0
2010-11-11,0,0
2010-11-12,0,0
2010-11-13,0,0
2010-11-14,0,0
2010-11-15,0,0
2010-11-16,0,0
2010-11-17,0,0
2010-11-18,0,0
2010-11-19,0,0
2010-11-20,0,0
2010-11-21,0,0
2010-11-22,0,0
2010-11-23,0,0
2010-11-24,0,0
2010-11-25,0,0
2010-11-26,0,0
2010-11-27,0,0
2010-11-28,0,0
2010-11-29,0,0
2010-11-30,0,0
2010-12-01,0,0
2010-12-02,0,0
2010-12-03,0,0
2010-12-04,0,0
2010-12-05,0,0
2010-12-06,0,0
2010-12-07,0,0
2010-12-08,0,0
2010-12-09,0,0
2010-12-10,0,0
2010-12-11,0,0
2010-12-12,0,0
2010-12-13,0,0
2010-12-14,0,0
2010-12-15,0,0
2010-12-16,0,0
2010-12-17,0,0
2010-12-18,0,0
2010-12-19,0,0
2010-12-20,0,0
2010-12-21,0,0
2010-12-22,0,0
2010-12-23,0,0
2010-12-24,0,0
2010-12-25,0,0
2010-12-26,0,0
2010-12-27,0,0
2010-12-28,0,0
2010-12-29,0,0
2010-12-30,0,0
2010-12-31,0,0
2011-01-01,0,0
2011-01-02,0,0
2011-01-03,0,0
2011-01-04,0,0
2011-01-05,0,0
2011-01-06,0,0
2011-01-07,0,0
2011-01-08,0,0
2011-01-09,0,0
2011-01-10,0,0
2011-01-11,0,0
2011-01-12,0,0
2011-01-13,0,0
2011-01-14,0,0
2011-01-15,0,0
2011-01-16,0,0
2011-01-17,0,0
2011-01-18,0,0
2011-01-19,0,0
2011-01-20,0,0
2011-01-21,0,0
2011-01-22,0,0
2011-01-23,0,0
2011-01-24,0,0
2011-01-25,0,0
2011-01-26,0,0
2011-01-27,0,0
2011-01-28,0,0
2011-01-29,0,0
2011-01-30,0,0
2011-01-31,0,0
2011-02-01,0,0
2011-02-02,0,0
2011-02-03,0,0
2011-02-04,0,0
2011-02-05,0,0
2011-02-06,0,0
2011-02-07,0,0
2011-02-08,0,0
2011-02-09,0,0
2011-02-10,0,0
2011-02-11,0,0
2011-02-12,0,0
2011-02-13,0,0
2011-02-14,0,0
2011-02-15,0,0
2011-02-16,0,0
2011-02-17,0,0
2011-02-18,0,0
2011-02-19,0,0
2011-02-20,0,0
2011-02-21,0,0
2011-02-22,0,0
2011-02-23,0,0
2011-02-24,0,0
2011-02-25,0,0
2011-02-26,0,0
2011-02-27,0,0
2011-02-28,0,0
2011-03-01,0,0
2011-03-02,0,0
2011-03-03,0,0
2011-03-04,0,0
2011-03-05,0,0
2011-03-06,0,0
2011-03-07,0,0
2011-03-08,0,0
2011-03-09,0,0
2011-03-10,0,0
2011-03-11,0,0
2011-03-12,0,0
2011-03-13,0,0
2011-03-14,0,0
2011-03-15,0,0
2011-03-16,0,0
2011-03-17,0,0
2011-03-18,0,0
2011-03-19,0,0
2011-03-20,0,0
2011-03-21,0,0
2011-03-22,0,0
2011-03-23,0,0
2011-03-24,0,0
2011-03-25,0,0
2011-03-26,0,0
2011-03-27,0,0
2011-03-28,0,0
2011-03-29,0,0
2011-03-30,0,0
2011-03-31,0,0
2011-04-01,0,0
2011-04-02,0,0
2011-04-03,0,0
2011-04-04,0,0
2011-04-05,0,0
2011-04-06,0,0
2011-04-07,0,0
2011-04-08,0,0
2011-04-09,0,0
2011-04-10,0,0
2011-04-11,0,0
2011-04-12,0,0
2011-04-13,0,0
2011-04-14,0,0
2011-04-15,0,0
2011-04-16,0,0
2011-04-17,0,0
2011-04-18,0,0
2011-04-19,0,0
2011-04-20,0,0
2011-04-21,0,0
2011-04-22,0,0
2011-04-23,0,0
2011-04-24,0,0
2011-04-25,0,0
2011-04-26,0,0
2011-04-27,0,0
2011-04-28,0,0
2011-04-29,0,0
2011-04-30,0,0
2011-05-01,0,0
2011-05-02,0,0
2011-05-03,0,0
2011-05-04,0,0
2011-05-05,0,0
2011-05-06,0,0
2011-05-07,0,0
2011-05-08,0,0
2011-05-09,0,0
2011-05-10,0,0
2011-05-11,0,0
2011-05-12,0,0
2011-05-13,0,0
2011-05-14,0,0
2011-05-15,0,0
2011-05-16,0,0
2011-05-17,0,0
2011-05-18,0,0
2011-05-19,0,0
2011-05-20,0,0
2011-05-21,0,0
2011-05-22,0,0
2011-05-23,0,0
2011-05-24,0,0
2011-05-25,0,0
2011-05-26,0,0
2011-05-27,0,0
2011-05-28,0,0
2011-05-29,0,0
2011-05-30,0,0
2011-05-31,0,0
2011-06-01,0,0
2011-06-02,0,0
2011-06-03,0,0
2011-06-04,0,0
2011-06-05,0,0
2011-06-06,0,0
2011-06-07,0,0
2011-06-08,0,0
2011-06-09,0,0
2011-06-10,0,0
2011-06-11,0,0
2011-06-12,0,0
2011-06-13,0,0
2011-06-14,0,0
2011-06-15,0,0
2011-06-16,0,0
2011-06-17,0,0
2011-06-18,0,0
2011-06-19,0,0
2011-06-20,0,0
2011-06-21,0,0
2011-06-22,0,0
2011-06-23,0,0
2011-06-24,0,0
2011-06-25,0,0
2011-06-26,0,0
2011-06-27,0,0
2011-06-28,0,0
2011-06-29,0,0
2011-06-30,0,0
2011-07-01,0,0
2011-07-02,0,0
2011-07-03,0,0
2011-07-04,0,0
2011-07-05,0,0
2011-07-06,0,0
2011-07-07,0,0
2011-07-08,0,0
2011-07-09,0,0
2011-07-10,0,0
2011-07-11,0,0
2011-07-12,0,0
2011-07-13,0,0
2011-07-14,0,0
2011-07-15,0,0
2011-07-16,0,0
2011-07-17,0,0
2011-07-18,0,0
2011-07-19,0,0
2011-07-20,0,0
2011-07-21,0,0
2011-07-22,0,0
2011-07-23,0,0
2011-07-24,0,0
2011-07-25,0,0
2011-07-26,0,0
2011-07-27,0,0
2011-07-28,0,0
2011-07-29,0,0
2011-07-30,0,0
2011-07-31,0,0
2011-08-01,0,0
2011-08-02,0,0
2011-08-03,0,0
2011-08-04,0,0
2011-08-05,0,0
2011-08-06,0,0
2011-08-07,0,0
2011-08-08,0,0
2011-08-09,0,0
2011-08-10,0,0
2011-08-11,0,0
2011-08-12,0,0
2011-08-13,0,0
2011-08-14,0,0
2011-08-15,0,0
2011-08-16,0,0
2011-08-17,0,0
2011-08-18,0,0
2011-08-19,0,0
2011-08-20,0,0
2011-08-21,0,0
2011-08-22,0,0
2011-08-23,0,0
2011-08-24,0,0
2011-08-25,0,0
2011-08-26,0,0
2011-08-27,0,0
2011-08-28,0,0
2011-08-29,0,0
2011-08-30,0,0
2011-08-31,0,0
2011-09-01,0,0
2011-09-02,0,0
2011-09-03,0,0
2011-09-04,0,0
2011-09-05,0,0
2011-09-06,0,0
2011-09-07,0,0
2011-09-08,0,0
2011-09-09,0,0
2011-09-10,0,0
2011-09-11,0,0
2011-09-12,0,0
2011-09-13,0,0
2011-09-14,0,0
2011-09-15,0,0
2011-09-16,0,0
2011-09-17,0,0
2011-09-18,0,0
2011-09-19,0,0
2011-09-20,0,0
2011-09-21,0,0
2011-09-22,0,0
2011-09-23,0,0
2011-09-24,0,0
2011-09-25,0,0
2011-09-26,0,0
2011-09-27,0,0
2011-09-28,0,0
2011-09-29,0,0
2011-09-30,0,0
2011-10-01,0,0
2011-10-02,0,0
2011-10-03,0,0
2011-10-04,0,0
2011-10-05,0,0
2011-10-06,0,0
2011-10-07,0,0
2011-10-08,0,0
2011-10-09,0,0
2011-10-10,0,0
2011-10-11,0,0
2011-10-12,0,0
2011-10-13,0,0
2011-10-14,0,0
2011-10-15,0,0
2011-10-16,0,0
2011-10-17,0,0
2011-10-18,0,0
2011-10-19,0,0
2011-10-20,0,0
2011-10-21,0,0
2011-10-22,0,0
2011-10-23,0,0
2011-10-24,0,0
2011-10-25,0,0
2011-10-26,0,0
2011-10-27,0,0
2011-10-28,0,0
2011-10-29,0,0
2011-10-30,0,0
2011-10-31,0,0
2011-11-01,0,0
2011-11-02,0,0
2011-11-03,0,0
2011-11-04,0,0
2011-11-05,0,0
2011-11-06,0,0
2011-11-07,0,0
2011-11-08,0,0
2011-11-09,0,0
2011-11-10,0,0
2011-11-11,0,0
2011-11-12,0,0
2011-11-13,0,0
2011-11-14,0,0
2011-11-15,0,0
2011-11-16,0,0
2011-11-17,0,0
2011-11-18,0,0
2011-11-19,0,0
2011-11-20,0,0
2011-11-21,0,0
2011-11-22,0,0
2011-11-23,0,0
2011-11-24,0,0
2011-11-25,0,0
2011-11-26,0,0
2011-11-27,0,0
2011-11-28,0,0
2011-11-29,0,0
2011-11-30,0,0
2011-12-01,0,0
2011-12-02,0,0
2011-12-03,0,0
2011-12-04,0,0
2011-12-05,0,0
2011-12-06,0,0
2011-12-07,0,0
2011-12-08,0,0
2011-12-09,0,0
2011-12-10,0,0
2011-12-11,0,0
2011-12-12,0,0
2011-12-13,0,0
2011-12-14,0,0
2011-12-15,0,0
2011-12-16,0,0
2011-12-17,0,0
2011-12-18,0,0
2011-12-19,0,0
2011-12-20,0,0
2011-12-21,0,0
2011-12-22,0,0
2011-12-23,0,0
2011-12-24,0,0
2011-12-25,0,0
2011-12-26,0,0
2011-12-27,0,0
2011-12-28,0,0
2011-12-29,0,0
2011-12-30,0,0
2011-12-31,0,0
2012-01-01,0,0
2012-01-02,0,0
2012-01-03,0,0
2012-01-04,0,0
2012-01-05,0,0
2012-01-06,0,0
2012-01-07,0,0
2012-01-08,0,0
2012-01-09,0,0
2012-01-10,0,0
2012-01-11,0,0
2012-01-12,0,0
2012-01-13,0,0
2012-01-14,0,0
2012-01-15,0,0
2012-01-16,0,0
2012-01-17,0,0
2012-01-18,0,0
2012-01-19,0,0
2012-01-20,0,0
2012-01-21,0,0
2012-01-22,0,0
2012-01-23,0,0
2012-01-24,0,0
2012-01-25,0,0
2012-01-26,0,0
2012-01-27,0,0
2012-01-28,0,0
2012-01-29,0,0
2012-01-30,0,0
2012-01-31,0,0
2012-02-01,0,0
2012-02-02,0,0
2012-02-03,0,0
2012-02-04,0,0
2012-02-05,0,0
2012-02-06,0,0
2012-02-07,0,0
2012-02-08,0,0
2012-02-09,0,0
2012-02-10,0,0
2012-02-11,0,0
2012-02-12,0,0
2012-02-13,0,0
2012-02-14,0,0
2012-02-15,0,0
2012-02-16,0,0
2012-02-17,0,0
2012-02-18,0,0
2012-02-19,0,0
2012-02-20,0,0
2012-02-21,0,0
2012-02-22,0,0
2012-02-23,0,0
2012-02-24,0,0
2012-02-25,0,0
2012-02-26,0,0
2012-02-27,0,0
2012-02-28,0,0
2012-02-29,0,0
2012-03-01,0,0
2012-03-02,0,0
2012-03-03,0,0
2012-03-04,0,0
2012-03-05,0,0
2012-03-06,0,0
2012-03-07,0,0
2012-03-08,0,0
2012-03-09,0,0
2012-03-10,0,0
2012-03-11,0,0
2012-03-12,0,0
2012-03-13,0,0
2012-03-14,0,0
2012-03-15,0,0
2012-03-16,0,0
2012-03-17,0,0
2012-03-18,0,0
2012-03-19,0,0
2012-03-20,0,0
2012-03-21,0,0
2012-03-22,0,0
2012-03-23,0,0
2012-03-24,0,0
2012-03-25,0,0
2012-03-26,0,0
2012-03-27,0,0
2012-03-28,0,0
2012-03-29,0,0
2012-03-30,0,0
2012-03-31,0,0
2012-04-01,0,0
2012-04-02,0,0
2012-04-03,0,0
2012-04-04,0,0
2012-04-05,0,0
2012-04-06,0,0
2012-04-07,0,0
2012-04-08,0,0
2012-04-09,0,0
2012-04-10,0,0
2012-04-11,0,0
2012-04-12,0,0
2012-04-13,0,0
2012-04-14,0,0
2012-04-15,0,0
2012-04-16,0,0
2012-04-17,0,0
2012-04-18,0,0
2012-04-19,0,0
2012-04-20,0,0
2012-04-21,0,0
2012-04-22,0,0
2012-04-23,0,0
2012-04-24,0,0
2012-04-25,0,0
2012-04-26,0,0
2012-04-27,0,0
2012-04-28,0,0
2012-04-29,0,0
2012-04-30,0,0
2012-05-01,0,0
2012-05-02,0,0
2012-05-03,0,0
2012-05-04,0,0
2012-05-05,0,0
2012-05-06,0,0
2012-05-07,0,0
2012-05-08,0,0
2012-05-09,0,0
2012-05-10,0,0
2012-05-11,0,0
2012-05-12,0,0
2012-05-13,0,0
2012-05-14,0,0
2012-05-15,0,0
2012-05-16,0,0
2012-05-17,0,0
2012-05-18,0,0
2012-05-19,0,0
2012-05-20,0,0
2012-05-21,0,0
2012-05-22,0,0
2012-05-23,0,0
2012-05-24,0,0
2012-05-25,0,0
2012-05-26,0,0
2012-05-27,0,0
2012-05-28,0,0
2012-05-29,0,0
2012-05-30,0,0
2012-05-31,0,0
2012-06-01,0,0
2012-06-02,0,0
2012-06-03,0,0
2012-06-04,0,0
2012-06-05,0,0
2012-06-06,0,0
2012-06-07,0,0
2012-06-08,0,0
2012-06-09,0,0
2012-06-10,0,0
2012-06-11,0,0
2012-06-12,0,0
2012-06-13,0,0
2012-06-14,0,0
2012-06-15,0,0
2012-06-16,0,0
2012-06-17,0,0
2012-06-18,0,0
2012-06-19,0,0
2012-06-20,0,0
2012-06-21,0,0
2012-06-22,0,0
2012-06-23,0,0
2012-06-24,0,0
2012-06-25,0,0
2012-06-26,0,0
2012-06-27,0,0
2012-06-28,0,0
2012-06-29,0,0
2012-06-30,0,0
2012-07-01,0,0
2012-07-02,0,0
2012-07-03,0,0
2012-07-04,0,0
2012-07-05,0,0
2012-07-06,0,0
2012-07-07,0,0
2012-07-08,0,0
2012-07-09,0,0
2012-07-10,0,0
2012-07-11,0,0
2012-07-12,0,0
2012-07-13,0,0
2012-07-14,0,0
2012-07-15,0,0
2012-07-16,0,0
2012-07-17,0,0
2012-07-18,0,0
2012-07-19,0,0
2012-07-20,0,0
2012-07-21,0,0
2012-07-22,0,0
2012-07-23,0,0
2012-07-24,0,0
2012-07-25,0,0
2012-07-26,0,0
2012-07-27,0,0
2012-07-28,0,0
2012-07-29,0,0
2012-07-30,0,0
2012-07-31,0,0
2012-08-01,0,0
2012-08-02,0,0
2012-08-03,0,0
2012-08-04,0,0
2012-08-05,0,0
2012-08-06,0,0
2012-08-07,0,0
2012-08-08,0,0
2012-08-09,0,0
2012-08-10,0,0
2012-08-11,0,0
2012-08-12,0,0
2012-08-13,0,0
2012-08-14,0,0
2012-08-15,0,0
2012-08-16,0,0
2012-08-17,0,0
2012-08-18,0,0
2012-08-19,0,0
2012-08-20,0,0
2012-08-21,0,0
2012-08-22,0,0
2012-08-23,0,0
2012-08-24,0,0
2012-08-25,0,0
2012-08-26,0,0
2012-08-27,0,0
2012-08-28,0,0
2012-08-29,0,0
2012-08-30,0,0
2012-08-31,0,0
2012-09-01,0,0
2012-09-02,0,0
2012-09-03,0,0
2012-09-04,0,0
2012-09-05,0,0
2012-09-06,0,0
2012-09-07,0,0
2012-09-08,0,0
2012-09-09,0,0
2012-09-10,0,0
2012-09-11,0,0
2012-09-12,0,0
2012-09-13,0,0
2012-09-14,0,0
2012-09-15,0,0
2012-09-16,0,0
2012-09-17,0,0
2012-09-18,0,0
2012-09-19,0,0
2012-09-20,0,0
2012-09-21,0,0
2012-09-22,0,0
2012-09-23,0,0
2012-09-24,0,0
2012-09-25,0,0
2012-09-26,0,0
2012-09-27,0,0
2012-09-28,0,0
2012-09-29,0,0
2012-09-30,0,0
2012-10-01,0,0
2012-10-02,0,0
2012-10-03,0,0
2012-10-04,0,0
2012-10-05,0,0
2012-10-06,0,0
2012-10-07,0,0
2012-10-08,0,0
2012-10-09,0,0
2012-10-10,0,0
2012-10-11,0,0
2012-10-12,0,0
2012-10-13,0,0
2012-10-14,0,0
2012-10-15,0,0
2012-10-16,0,0
2012-10-17,0,0
2012-10-18,0,0
2012-10-19,0,0
2012-10-20,0,0
2012-10-21,0,0
2012-10-22,0,0
2012-10-23,0,0
2012-10-24,0,0
2012-10-25,0,0
2012-10-26,0,0
2012-10-27,0,0
2012-10-28,0,0
2012-10-29,0,0
2012-10-30,0,0
2012-10-31,0,0
2012-11-01,0,0
2012-11-02,0,0
2012-11-03,0,0
2012-11-04,0,0
2012-11-05,0,0
2012-11-06,0,0
2012-11-07,0,0
2012-11-08,0,0
2012-11-09,0,0
2012-11-10,0,0
2012-11-11,0,0
2012-11-12,0,0
2012-11-13,0,0
2012-11-14,0,0
2012-11-15,0,0
2012-11-16,0,0
2012-11-17,0,0
2012-11-18,0,0
2012-11-19,0,0
2012-11-20,0,0
2012-11-21,0,0
2012-11-22,0,0
2012-11-23,0,0
2012-11-24,0,0
2012-11-25,0,0
2012-11-26,0,0
2012-11-27,0,0
2012-11-28,0,0
2012-11-29,0,0
2012-11-30,0,0
2012-12-01,0,0
2012-12-02,0,0
2012-12-03,0,0
2012-12-04,0,0
2012-12-05,0,0
2012-12-06,0,0
2012-12-07,0,0
2012-12-08,0,0
2012-12-09,0,0
2012-12-10,0,0
2012-12-11,0,0
2012-12-12,0,0
2012-12-13,0,0
2012-12-14,0,0
2012-12-15,0,0
2012-12-16,0,0
2012-12-17,0,0
2012-12-18,0,0
2012-12-19,0,0
2012-12-20,0,0
2012-12-21,0,0
2012-12-22,0,0
2012-12-23,0,0
2012-12-24,0,0
2012-12-25,0,0
2012-12-26,0,0
2012-12-27,0,0
2012-12-28,0,0
2012-12-29,0,0
2012-12-30,0,0
2012-12-31,0,0
2013-01-01,0,0
2013-01-02,0,0
2013-01-03,0,0
2013-01-04,0,0
2013-01-05,0,0
2013-01-06,0,0
2013-01-07,0,0
2013-01-08,0,0
2013-01-09,0,0
2013-01-10,0,0
2013-01-11,0,0
2013-01-12,0,0
2013-01-13,0,0
2013-01-14,0,0
2013-01-15,0,0
2013-01-16,0,0
2013-01-17,0,0
2013-01-18,0,0
2013-01-19,0,0
2013-01-20,0,0
2013-01-21,0,0
2013-01-22,0,0
2013-01-23,0,0
2013-01-24,0,0
2013-01-25,0,0
2013-01-26,0,0
2013-01-27,0,0
2013-01-28,0,0
2013-01-29,0,0
2013-01-30,0,0
2013-01-31,0,0
2013-02-01,0,0
2013-02-02,0,0
2013-02-03,0,0
2013-02-04,0,0
2013-02-05,0,0
2013-02-06,0,0
2013-02-07,0,0
2013-02-08,0,0
2013-02-09,0,0
2013-02-10,0,0
2013-02-11,0,0
2013-02-12,0,0
2013-02-13,0,0
2013-02-14,0,0
2013-02-15,0,0
2013-02-16,0,0
2013-02-17,0,0
2013-02-18,0,0
2013-02-19,0,0
2013-02-20,0,0
2013-02-21,0,0
2013-02-22,0,0
2013-02-23,0,0
2013-02-24,0,0
2013-02-25,0,0
2013-02-26,0,0
2013-02-27,0,0
2013-02-28,0,0
2013-03-01,0,0
2013-03-02,0,0
2013-03-03,0,0
2013-03-04,0,0
2013-03-05,0,0
2013-03-06,0,0
2013-03-07,0,0
2013-03-08,0,0
2013-03-09,0,0
2013-03-10,0,0
2013-03-11,0,0
2013-03-12,0,0
2013-03-13,0,0
2013-03-14,0,0
2013-03-15,0,0
2013-03-16,0,0
2013-03-17,0,0
2013-03-18,0,0
2013-03-19,0,0
2013-03-20,0,0
2013-03-21,0,0
2013-03-22,0,0
2013-03-23,0,0
2013-03-24,0,0
2013-03-25,0,0
2013-03-26,0,0
2013-03-27,0,0
2013-03-28,0,0
2013-03-29,0,0
2013-03-30,0,0
2013-03-31,0,0
2013-04-01,0,0
2013-04-02,0,0
2013-04-03,0,0
2013-04-04,0,0
2013-04-05,0,0
2013-04-06,0,0
2013-04-07,0,0
2013-04-08,0,0
2013-04-09,0,0
2013-04-10,0,0
2013-04-11,0,0
2013-04-12,0,0
2013-04-13,0,0
2013-04-14,0,0
2013-04-15,0,0
2013-04-16,0,0
2013-04-17,0,0
2013-04-18,0,0
2013-04-19,0,0
2013-04-20,0,0
2013-04-21,0,0
2013-04-22,0,0
2013-04-23,0,0
2013-04-24,0,0
2013-04-25,0,0
2013-04-26,0,0
2013-04-27,0,0
2013-04-28,0,0
2013-04-29,0,0
2013-04-30,0,0
2013-05-01,0,0
2013-05-02,0,0
2013-05-03,0,0
2013-05-04,0,0
2013-05-05,0,0
2013-05-06,0,0
2013-05-07,0,0
2013-05-08,0,0
2013-05-09,0,0
2013-05-10,0,0
2013-05-11,0,0
2013-05-12,0,0
2013-05-13,0,0
2013-05-14,0,0
2013-05-15,0,0
2013-05-16,0,0
2013-05-17,0,0
2013-05-18,0,0
2013-05-19,0,0
2013-05-20,0,0
2013-05-21,0,0
2013-05-22,0,0
2013-05-23,0,0
2013-05-24,0,0
2013-05-25,0,0
2013-05-26,0,0
2013-05-27,0,0
2013-05-28,0,0
2013-05-29,0,0
2013-05-30,0,0
2013-05-31,0,0
2013-06-01,0,0
2013-06-02,0,0
2013-06-03,0,0
2013-06-04,0,0
2013-06-05,0,0
2013-06-06,0,0
2013-06-07,0,0
2013-06-08,0,0
2013-06-09,0,0
2013-06-10,0,0
2013-06-11,0,0
2013-06-12,0,0
2013-06-13,0,0
2013-06-14,0,0
2013-06-15,0,0
2013-06-16,0,0
2013-06-17,0,0
2013-06-18,0,0
2013-06-19,0,0
2013-06-20,0,0
2013-06-21,0,0
2013-06-22,0,0
2013-06-23,0,0
2013-06-24,0,0
2013-06-25,0,0
2013-06-26,0,0
2013-06-27,0,0
2013-06-28,0,0
2013-06-29,0,0
2013-06-30,0,0
2013-07-01,0,0
2013-07-02,0,0
2013-07-03,0,0
2013-07-04,0,0
2013-07-05,0,0
2013-07-06,0,0
2013-07-07,0,0
2013-07-08,0,0
2013-07-09,0,0
2013-07-10,0,0
2013-07-11,0,0
2013-07-12,0,0
2013-07-13,0,0
2013-07-14,0,0
2013-07-15,0,0
2013-07-16,0,0
2013-07-17,0,0
2013-07-18,0,0
2013-07-19,0,0
2013-07-20,0,0
2013-07-21,0,0
2013-07-22,0,0
2013-07-23,0,0
2013-07-24,0,0
2013-07-25,0,0
2013-07-26,0,0
2013-07-27,0,0
2013-07-28,0,0
2013-07-29,0,0
2013-07-30,0,0
2013-07-31,0,0
2013-08-01,0,0
2013-08-02,0,0
2013-08-03,0,0
2013-08-04,0,0
2013-08-05,0,0
2013-08-06,0,0
2013-08-07,0,0
2013-08-08,0,0
2013-08-09,0,0
2013-08-10,0,0
2013-08-11,0,0
2013-08-12,0,0
2013-08-13,0,0
2013-08-14,0,0
2013-08-15,0,0
2013-08-16,0,0
2013-08-17,0,0
2013-08-18,0,0
2013-08-19,0,0
2013-08-20,0,0
2013-08-21,0,0
2013-08-22,0,0
2013-08-23,0,0
2013-08-24,0,0
2013-08-25,0,0
2013-08-26,0,0
2013-08-27,0,0
2013-08-28,0,0
2013-08-29,0,0
2013-08-30,0,0
2013-08-31,0,0
2013-09-01,0,0
2013-09-02,0,0
2013-09-03,0,0
2013-09-04,0,0
2013-09-05,0,0
2013-09-06,0,0
2013-09-07,0,0
2013-09-08,0,0
2013-09-09,0,0
2013-09-10,0,0
2013-09-11,0,0
2013-09-12,0,0
2013-09-13,0,0
2013-09-14,0,0
2013-09-15,0,0
2013-09-16,0,0
2013-09-17,0,0
2013-09-18,0,0
2013-09-19,0,0
2013-09-20,0,0
2013-09-21,0,0
2013-09-22,0,0
2013-09-23,0,0
2013-09-24,0,0
2013-09-25,0,0
2013-09-26,0,0
2013-09-27,0,0
2013-09-28,0,0
2013-09-29,0,0
2013-09-30,0,0
2013-10-01,0,0
2013-10-02,0,0
2013-10-03,0,0
2013-10-04,0,0
2013-10-05,0,0
2013-10-06,0,0
2013-10-07,0,0
2013-10-08,0,0
2013-10-09,0,0
2013-10-10,0,0
2013-10-11,0,0
2013-10-12,0,0
2013-10-13,0,0
2013-10-14,0,0
2013-10-15,0,0
2013-10-16,0,0
2013-10-17,0,0
2013-10-18,0,0
2013-10-19,0,0
2013-10-20,0,0
2013-10-21,0,0
2013-10-22,0,0
2013-10-23,0,0
2013-10-24,0,0
2013-10-25,0,0
2013-10-26,0,0
2013-10-27,0,0
2013-10-28,0,0
2013-10-29,0,0
2013-10-30,0,0
2013-10-31,0,0
2013-11-01,0,0
2013-11-02,0,0
2013-11-03,0,0
2013-11-04,0,0
2013-11-05,0,0
2013-11-06,0,0
2013-11-07,0,0
2013-11-08,0,0
2013-11-09,0,0
2013-11-10,0,0
2013-11-11,0,0
2013-11-12,0,0
2013-11-13,0,0
2013-11-14,0,0
2013-11-15,0,0
2013-11-16,0,0
2013-11-17,0,0
2013-11-18,0,0
2013-11-19,0,0
2013-11-20,0,0
2013-11-21,0,0
2013-11-22,0,0
2013-11-23,0,0
2013-11-24,0,0
2013-11-25,0,0
2013-11-26,0,0
2013-11-27,0,0
2013-11-28,0,0
2013-11-29,0,0
2013-11-30,0,0
2013-12-01,0,0
2013-12-02,0,0
2013-12-03,0,0
2013-12-04,0,0
2013-12-05,0,0
2013-12-06,0,0
2013-12-07,0,0
2013-12-08,0,0
2013-12-09,0,0
2013-12-10,0,0
2013-12-11,0,0
2013-12-12,0,0
2013-12-13,0,0
2013-12-14,0,0
2013-12-15,0,0
2013-12-16,0,0
2013-12-17,0,0
2013-12-18,0,0
2013-12-19,0,0
2013-12-20,0,0
2013-12-21,0,0
2013-12-22,0,0
2013-12-23,0,0
2013-12-24,0,0
2013-12-25,0,0
2013-12-26,0,0
2013-12-27,0,0
2013-12-28,0,0
2013-12-29,0,0
2013-12-30,0,0
2013-12-31,0,0
2014-01-01,0,0
2014-01-02,0,0
2014-01-03,0,0
2014-01-04,0,0
2014-01-05,0,0
2014-01-06,0,0
2014-01-07,0,0
2014-01-08,0,0
2014-01-09,0,0
2014-01-10,0,0
2014-01-11,0,0
2014-01-12,0,0
2014-01-13,0,0
2014-01-14,0,0
2014-01-15,0,0
2014-01-16,0,0
2014-01-17,0,0
2014-01-18,0,0
2014-01-19,0,0
2014-01-20,0,0
2014-01-21,0,0
2014-01-22,0,0
2014-01-23,0,0
2014-01-24,0,0
2014-01-25,0,0
2014-01-26,0,0
2014-01-27,0,0
2014-01-28,0,0
2014-01-29,0,0
2014-01-30,0,0
2014-01-31,0,0
2014-02-01,0,0
2014-02-02,0,0
2014-02-03,0,0
2014-02-04,0,0
2014-02-05,0,0
2014-02-06,0,0
2014-02-07,0,0
2014-02-08,0,0
2014-02-09,0,0
2014-02-10,0,0
2014-02-11,0,0
2014-02-12,0,0
2014-02-13,0,0
2014-02-14,0,0
2014-02-15,0,0
2014-02-16,0,0
2014-02-17,0,0
2014-02-18,0,0
2014-02-19,0,0
2014-02-20,0,0
2014-02-21,0,0
2014-02-22,0,0
2014-02-23,0,0
2014-02-24,0,0
2014-02-25,0,0
2014-02-26,0,0
2014-02-27,0,0
2014-02-28,0,0
2014-03-01,0,0
2014-03-02,0,0
2014-03-03,0,0
2014-03-04,0,0
2014-03-05,0,0
2014-03-06,0,0
2014-03-07,0,0
2014-03-08,0,0
2014-03-09,0,0
2014-03-10,0,0
2014-03-11,0,0
2014-03-12,0,0
2014-03-13,0,0
2014-03-14,0,0
2014-03-15,0,0
2014-03-16,0,0
2014-03-17,0,0
2014-03-18,0,0
2014-03-19,0,0
2014-03-20,0,0
2014-03-21,0,0
2014-03-22,0,0
2014-03-23,0,0
2014-03-24,0,0
2014-03-25,0,0
2014-03-26,0,0
2014-03-27,0,0
2014-03-28,0,0
2014-03-29,0,0
2014-03-30,0,0
2014-03-31,0,0
2014-04-01,0,0
2014-04-02,0,0
2014-04-03,0,0
2014-04-04,0,0
2014-04-05,0,0
2014-04-06,0,0
2014-04-07,0,0
2014-04-08,0,0
2014-04-09,0,0
2014-04-10,0,0
2014-04-11,0,0
2014-04-12,0,0
2014-04-13,0,0
2014-04-14,0,0
2014-04-15,0,0
2014-04-16,0,0
2014-04-17,0,0
2014-04-18,0,0
2014-04-19,0,0
2014-04-20,0,0
2014-04-21,0,0
2014-04-22,0,0
2014-04-23,0,0
2014-04-24,0,0
2014-04-25,0,0
2014-04-26,0,0
2014-04-27,0,0
2014-04-28,0,0
2014-04-29,0,0
2014-04-30,0,0
2014-05-01,0,0
2014-05-02,0,0
2014-05-03,0,0
2014-05-04,0,0
2014-05-05,0,0
2014-05-06,0,0
2014-05-07,0,0
2014-05-08,0,0
2014-05-09,0,0
2014-05-10,0,0
2014-05-11,0,0
2014-05-12,0,0
2014-05-13,0,0
2014-05-14,0,0
2014-05-15,0,0
2014-05-16,0,0
2014-05-17,0,0
2014-05-18,0,0
2014-05-19,0,0
2014-05-20,0,0
2014-05-21,0,0
2014-05-22,0,0
2014-05-23,0,0
2014-05-24,0,0
2014-05-25,0,0
2014-05-26,0,0
2014-05-27,0,0
2014-05-28,0,0
2014-05-29,0,0
2014-05-30,0,0
2014-05-31,0,0
2014-06-01,0,0
2014-06-02,0,0
2014-06-03,0,0
2014-06-04,0,0
2014-06-05,0,0
2014-06-06,0,0
2014-06-07,0,0
2014-06-08,0,0
2014-06-09,0,0
2014-06-10,0,0
2014-06-11,0,0
2014-06-12,0,0
2014-06-13,0,0
2014-06-14,0,0
2014-06-15,0,0
2014-06-16,0,0
2014-06-17,0,0
2014-06-18,0,0
2014-06-19,0,0
2014-06-20,0,0
2014-06-21,0,0
2014-06-22,0,0
2014-06-23,0,0
2014-06-24,0,0
2014-06-25,0,0
2014-06-26,0,0
2014-06-27,0,0
2014-06-28,0,0
2014-06-29,0,0
2014-06-30,0,0
2014-07-01,0,0
2014-07-02,0,0
2014-07-03,0,0
2014-07-04,0,0
2014-07-05,0,0
2014-07-06,0,0
2014-07-07,0,0
2014-07-08,0,0
2014-07-09,0,0
2014-07-10,0,0
2014-07-11,0,0
2014-07-12,0,0
2014-07-13,0,0
2014-07-14,0,0
2014-07-15,0,0
2014-07-16,0,0
2014-07-17,0,0
2014-07-18,0,0
2014-07-19,0,0
2014-07-20,0,0
2014-07-21,0,0
2014-07-22,0,0
2014-07-23,0,0
2014-07-24,0,0
2014-07-25,0,0
2014-07-26,0,0
2014-07-27,0,0
2014-07-28,0,0
2014-07-29,0,0
2014-07-30,0,0
2014-07-31,0,0
2014-08-01,0,0
2014-08-02,0,0
2014-08-03,0,0
2014-08-04,0,0
2014-08-05,0,0
2014-08-06,0,0
2014-08-07,0,0
2014-08-08,0,0
2014-08-09,0,0
2014-08-10,0,0
2014-08-11,0,0
2014-08-12,0,0
2014-08-13,0,0
2014-08-14,0,0
2014-08-15,0,0
2014-08-16,0,0
2014-08-17,0,0
2014-08-18,0,0
2014-08-19,0,0
2014-08-20,0,0
2014-08-21,0,0
2014-08-22,0,0
2014-08-23,0,0
2014-08-24,0,0
2014-08-25,0,0
2014-08-26,0,0
2014-08-27,0,0
2014-08-28,0,0
2014-08-29,0,0
2014-08-30,0,0
2014-08-31,0,0
2014-09-01,0,0
2014-09-02,0,0
2014-09-03,0,0
2014-09-04,0,0
2014-09-05,0,0
2014-09-06,0,0
2014-09-07,0,0
2014-09-08,0,0
2014-09-09,0,0
2014-09-10,0,0
2014-09-11,0,0
2014-09-12,0,0
2014-09-13,0,0
2014-09-14,0,0
2014-09-15,0,0
2014-09-16,0,0
2014-09-17,0,0
2014-09-18,0,0
2014-09-19,0,0
2014-09-20,0,0
2014-09-21,0,0
2014-09-22,0,0
2014-09-23,0,0
2014-09-24,0,0
2014-09-25,0,0
2014-09-26,0,0
2014-09-27,0,0
2014-09-28,0,0
2014-09-29,0,0
2014-09-30,0,0
2014-10-01,0,0
2014-10-02,0,0
2014-10-03,0,0
2014-10-04,0,0
2014-10-05,0,0
2014-10-06,0,0
2014-10-07,0,0
2014-10-08,0,0
2014-10-09,0,0
2014-10-10,0,0
2014-10-11,0,0
2014-10-12,0,0
2014-10-13,0,0
2014-10-14,0,0
2014-10-15,0,0
2014-10-16,0,0
2014-10-17,0,0
2014-10-18,0,0
2014-10-19,0,0
2014-10-20,0,0
2014-10-21,0,0
2014-10-22,0,0
2014-10-23,0,0
2014-10-24,0,0
2014-10-25,0,0
2014-10-26,0,0
2014-10-27,0,0
2014-10-28,0,0
2014-10-29,0,0
2014-10-30,0,0
2014-10-31,0,0
2014-11-01,0,0
2014-11-02,0,0
2014-11-03,0,0
2014-11-04,0,0
2014-11-05,0,0
2014-11-06,0,0
2014-11-07,0,0
2014-11-08,0,0
2014-11-09,0,0
2014-11-10,0,0
2014-11-11,0,0
2014-11-12,0,0
2014-11-13,0,0
2014-11-14,0,0
2014-11-15,0,0
2014-11-16,0,0
2014-11-17,0,0
2014-11-18,0,0
2014-11-19,0,0
2014-11-20,0,0
2014-11-21,0,0
2014-11-22,0,0
2014-11-23,0,0
2014-11-24,0,0
2014-11-25,0,0
2014-11-26,0,0
2014-11-27,0,0
2014-11-28,0,0
2014-11-29,0,0
2014-11-30,0,0
2014-12-01,0,0
2014-12-02,0,0
2014-12-03,0,0
2014-12-04,0,0
2014-12-05,0,0
2014-12-06,0,0
2014-12-07,0,0
2014-12-08,0,0
2014-12-09,0,0
2014-12-10,0,0
2014-12-11,0,0
2014-12-12,0,0
2014-12-13,0,0
2014-12-14,0,0
2014-12-15,0,0
2014-12-16,0,0
2014-12-17,0,0
2014-12-18,0,0
2014-12-19,0,0
2014-12-20,0,0
2014-12-21,0,0
2014-12-22,0,0
2014-12-23,0,0
2014-12-24,0,0
2014-12-25,0,0
2014-12-26,0,0
2014-12-27,0,0
2014-12-28,0,0
2014-12-29,0,0
2014-12-30,0,0
2014-12-31,0,0
2015-01-01,0,0
2015-01-02,0,0
2015-01-03,0,0
2015-01-04,0,0
2015-01-05,0,0
2015-01-06,0,0
2015-01-07,0,0
2015-01-08,0,0
2015-01-09,0,0
2015-01-10,0,0
2015-01-11,0,0
2015-01-12,0,0
2015-01-13,0,0
2015-01-14,0,0
2015-01-15,0,0
2015-01-16,0,0
2015-01-17,0,0
2015-01-18,0,0
2015-01-19,0,0
2015-01-20,0,0
2015-01-21,0,0
2015-01-22,0,0
2015-01-23,0,0
2015-01-24,0,0
2015-01-25,0,0
2015-01-26,0,0
2015-01-27,0,0
2015-01-28,0,0
2015-01-29,0,0
2015-01-30,0,0
2015-01-31,0,0
2015-02-01,0,0
2015-02-02,0,0
2015-02-03,0,0
2015-02-04,0,0
2015-02-05,0,0
2015-02-06,0,0
2015-02-07,0,0
2015-02-08,0,0
2015-02-09,0,0
2015-02-10,0,0
2015-02-11,0,0
2015-02-12,0,0
2015-02-13,0,0
2015-02-14,0,0
2015-02-15,0,0
2015-02-16,0,0
2015-02-17,0,0
2015-02-18,0,0
2015-02-19,0,0
2015-02-20,0,0
2015-02-21,0,0
2015-02-22,0,0
2015-02-23,0,0
2015-02-24,0,0
2015-02-25,0,0
2015-02-26,0,0
2015-02-27,0,0
2015-02-28,0,0
2015-03-01,0,0
2015-03-02,0,0
2015-03-03,0,0
2015-03-04,0,0
2015-03-05,0,0
2015-03-06,0,0
2015-03-07,0,0
2015-03-08,0,0
2015-03-09,0,0
2015-03-10,0,0
2015-03-11,0,0
2015-03-12,0,0
2015-03-13,0,0
2015-03-14,0,0
2015-03-15,0,0
2015-03-16,0,0
2015-03-17,0,0
2015-03-18,0,0
2015-03-19,0,0
2015-03-20,0,0
2015-03-21,0,0
2015-03-22,0,0
2015-03-23,0,0
2015-03-24,0,0
2015-03-25,0,0
2015-03-26,0,0
2015-03-27,0,0
2015-03-28,0,0
2015-03-29,0,0
2015-03-30,0,0
2015-03-31,0,0
2015-04-01,0,0
2015-04-02,0,0
2015-04-03,0,0
2015-04-04,0,0
2015-04-05,0,0
2015-04-06,0,0
2015-04-07,0,0
2015-04-08,0,0
2015-04-09,0,0
2015-04-10,0,0
2015-04-11,0,0
2015-04-12,0,0
2015-04-13,0,0
2015-04-14,0,0
2015-04-15,0,0
2015-04-16,0,0
2015-04-17,0,0
2015-04-18,0,0
2015-04-19,0,0
2015-04-20,0,0
2015-04-21,0,0
2015-04-22,0,0
2015-04-23,0,0
2015-04-24,0,0
2015-04-25,0,0
2015-04-26,0,0
2015-04-27,0,0
2015-04-28,0,0
2015-04-29,0,0
2015-04-30,0,0
2015-05-01,0,0
2015-05-02,0,0
2015-05-03,0,0
2015-05-04,0,0
2015-05-05,0,0
2015-05-06,0,0
2015-05-07,0,0
2015-05-08,0,0
2015-05-09,0,0
2015-05-10,0,0
2015-05-11,0,0
2015-05-12,0,0
2015-05-13,0,0
2015-05-14,0,0
2015-05-15,0,0
2015-05-16,0,0
2015-05-17,0,0
2015-05-18,0,0
2015-05-19,0,0
2015-05-20,0,0
2015-05-21,0,0
2015-05-22,0,0
2015-05-23,0,0
2015-05-24,0,0
2015-05-25,0,0
2015-05-26,0,0
2015-05-27,0,0
2015-05-28,0,0
2015-05-29,0,0
2015-05-30,0,0
2015-05-31,0,0
2015-06-01,0,0
2015-06-02,0,0
2015-06-03,0,0
2015-06-04,0,0
2015-06-05,0,0
2015-06-06,0,0
2015-06-07,0,0
2015-06-08,0,0
2015-06-09,0,0
2015-06-10,0,0
2015-06-11,0,0
2015-06-12,0,0
2015-06-13,0,0
2015-06-14,0,0
2015-06-15,0,0
2015-06-16,0,0
2015-06-17,0,0
2015-06-18,0,0
2015-06-19,0,0
2015-06-20,0,0
2015-06-21,0,0
2015-06-22,0,0
2015-06-23,0,0
2015-06-24,0,0
2015-06-25,0,0
2015-06-26,0,0
2015-06-27,0,0
2015-06-28,0,0
2015-06-29,0,0
2015-06-30,0,0
2015-07-01,0,0
2015-07-02,0,0
2015-07-03,0,0
2015-07-04,0,0
2015-07-05,0,0
2015-07-06,0,0
2015-07-07,0,0
2015-07-08,0,0
2015-07-09,0,0
2015-07-10,0,0
2015-07-11,0,0
2015-07-12,0,0
2015-07-13,0,0
2015-07-14,0,0
2015-07-15,0,0
2015-07-16,0,0
2015-07-17,0,0
2015-07-18,0,0
2015-07-19,0,0
2015-07-20,0,0
2015-07-21,0,0
2015-07-22,0,0
2015-07-23,0,0
2015-07-24,0,0
2015-07-25,0,0
2015-07-26,0,0
2015-07-27,0,0
2015-07-28,0,0
2015-07-29,0,0
2015-07-30,0,0
2015-07-31,0,0
2015-08-01,0,0
2015-08-02,0,0
2015-08-03,0,0
2015-08-04,0,0
2015-08-05,0,0
2015-08-06,0,0
2015-08-07,0,0
2015-08-08,0,0
2015-08-09,0,0
2015-08-10,0,0
2015-08-11,0,0
2015-08-12,0,0
2015-08-13,0,0
2015-08-14,0,0
2015-08-15,0,0
2015-08-16,0,0
2015-08-17,0,0
2015-08-18,0,0
2015-08-19,0,0
2015-08-20,0,0
2015-08-21,0,0
2015-08-22,0,0
2015-08-23,0,0
2015-08-24,0,0
2015-08-25,0,0
2015-08-26,0,0
2015-08-27,0,0
2015-08-28,0,0
2015-08-29,0,0
2015-08-30,0,0
2015-08-31,0,0
2015-09-01,0,0
2015-09-02,0,0
2015-09-03,0,0
2015-09-04,0,0
2015-09-05,0,0
2015-09-06,0,0
2015-09-07,0,0
2015-09-08,0,0
2015-09-09,0,0
2015-09-10,0,0
2015-09-11,0,0
2015-09-12,0,0
2015-09-13,0,0
2015-09-14,0,0
2015-09-15,0,0
2015-09-16,0,0
2015-09-17,0,0
2015-09-18,0,0
2015-09-19,0,0
2015-09-20,0,0
2015-09-21,0,0
2015-09-22,0,0
2015-09-23,0,0
2015-09-24,0,0
2015-09-25,0,0
2015-09-26,0,0
2015-09-27,0,0
2015-09-28,0,0
2015-09-29,0,0
2015-09-30,0,0
2015-10-01,0,0
2015-10-02,0,0
2015-10-03,0,0
2015-10-04,0,0
2015-10-05,0,0
2015-10-06,0,0
2015-10-07,0,0
2015-10-08,0,0
2015-10-09,0,0
2015-10-10,0,0
2015-10-11,0,0
2015-10-12,0,0
2015-10-13,0,0
2015-10-14,0,0
2015-10-15,0,0
2015-10-16,0,0
2015-10-17,0,0
2015-10-18,0,0
2015-10-19,0,0
2015-10-20,0,0
2015-10-21,0,0
2015-10-22,0,0
2015-10-23,0,0
2015-10-24,0,0
2015-10-25,0,0
2015-10-26,0,0
2015-10-27,0,0
2015-10-28,0,0
2015-10-29,0,0
2015-10-30,0,0
2015-10-31,0,0
2015-11-01,0,0
2015-11-02,0,0
2015-11-03,0,0
2015-11-04,0,0
2015-11-05,0,0
2015-11-06,0,0
2015-11-07,0,0
2015-11-08,0,0
2015-11-09,0,0
2015-11-10,0,0
2015-11-11,0,0
2015-11-12,0,0
2015-11-13,0,0
2015-11-14,0,0
2015-11-15,0,0
2015-11-16,0,0
2015-11-17,0,0
2015-11-18,0,0
2015-11-19,0,0
2015-11-20,0,0
2015-11-21,0,0
2015-11-22,0,0
2015-11-23,0,0
2015-11-24,0,0
2015-11-25,0,0
2015-11-26,0,0
2015-11-27,0,0
2015-11-28,0,0
2015-11-29,0,0
2015-11-30,0,0
2015-12-01,0,0
2015-12-02,0,0
2015-12-03,0,0
2015-12-04,0,0
2015-12-05,0,0
2015-12-06,0,0
2015-12-07,0,0
2015-12-08,0,0
2015-12-09,0,0
2015-12-10,0,0
2015-12-11,0,0
2015-12-12,0,0
2015-12-13,0,0
2015-12-14,0,0
2015-12-15,0,0
2015-12-16,0,0
2015-12-17,0,0
2015-12-18,0,0
2015-12-19,0,0
2015-12-20,0,0
2015-12-21,0,0
2015-12-22,0,0
2015-12-23,0,0
2015-12-24,0,0
2015-12-25,0,0
2015-12-26,0,0
2015-12-27,0,0
2015-12-28,0,0
2015-12-29,0,0
2015-12-30,0,0
2015-12-31,0,0
2016-01-01,0,0
2016-01-02,0,0
2016-01-03,0,0
2016-01-04,0,0
2016-01-05,0,0
2016-01-06,0,0
2016-01-07,0,0
2016-01-08,0,0
2016-01-09,0,0
2016-01-10,0,0
2016-01-11,0,0
2016-01-12,0,0
2016-01-13,0,0
2016-01-14,0,0
2016-01-15,0,0
2016-01-16,0,0
2016-01-17,0,0
2016-01-18,0,0
2016-01-19,0,0
2016-01-20,0,0
2016-01-21,0,0
2016-01-22,0,0
2016-01-23,0,0
2016-01-24,0,0
2016-01-25,0,0
2016-01-26,0,0
2016-01-27,0,0
2016-01-28,0,0
2016-01-29,0,0
2016-01-30,0,0
2016-01-31,0,0
2016-02-01,0,0
2016-02-02,0,0
2016-02-03,0,0
2016-02-04,0,0
2016-02-05,0,0
2016-02-06,0,0
2016-02-07,0,0
2016-02-08,0,0
2016-02-09,0,0
2016-02-10,0,0
2016-02-11,0,0
2016-02-12,0,0
2016-02-13,0,0
2016-02-14,0,0
2016-02-15,0,0
2016-02-16,0,0
2016-02-17,0,0
2016-02-18,0,0
2016-02-19,0,0
2016-02-20,0,0
2016-02-21,0,0
2016-02-22,0,0
2016-02-23,0,0
2016-02-24,0,0
2016-02-25,0,0
2016-02-26,0,0
2016-02-27,0,0
2016-02-28,0,0
2016-02-29,0,0
2016-03-01,0,0
2016-03-02,0,0
2016-03-03,0,0
2016-03-04,0,0
2016-03-05,0,0
2016-03-06,0,0
2016-03-07,0,0
2016-03-08,0,0
2016-03-09,0,0
2016-03-10,0,0
2016-03-11,0,0
2016-03-12,0,0
2016-03-13,0,0
2016-03-14,0,0
2016-03-15,0,0
2016-03-16,0,0
2016-03-17,0,0
2016-03-18,0,0
2016-03-19,0,0
2016-03-20,0,0
2016-03-21,0,0
2016-03-22,0,0
2016-03-23,0,0
2016-03-24,0,0
2016-03-25,0,0
2016-03-26,0,0
2016-03-27,0,0
2016-03-28,0,0
2016-03-29,0,0
2016-03-30,0,0
2016-03-31,0,0
2016-04-01,0,0
2016-04-02,0,0
2016-04-03,0,0
2016-04-04,0,0
2016-04-05,0,0
2016-04-06,0,0
2016-04-07,0,0
2016-04-08,0,0
2016-04-09,0,0
2016-04-10,0,0
2016-04-11,0,0
2016-04-12,0,0
2016-04-13,0,0
2016-04-14,0,0
2016-04-15,0,0
2016-04-16,0,0
2016-04-17,0,0
2016-04-18,0,0
2016-04-19,0,0
2016-04-20,0,0
2016-04-21,0,0
2016-04-22,0,0
2016-04-23,0,0
2016-04-24,0,0
2016-04-25,0,0
2016-04-26,0,0
2016-04-27,0,0
2016-04-28,0,0
2016-04-29,0,0
2016-04-30,0,0
2016-05-01,0,0
2016-05-02,0,0
2016-05-03,0,0
2016-05-04,0,0
2016-05-05,0,0
2016-05-06,0,0
2016-05-07,0,0
2016-05-08,0,0
2016-05-09,0,0
2016-05-10,0,0
2016-05-11,0,0
2016-05-12,0,0
2016-05-13,0,0
2016-05-14,0,0
2016-05-15,0,0
2016-05-16,0,0
2016-05-17,0,0
2016-05-18,0,0
2016-05-19,0,0
2016-05-20,0,0
2016-05-21,0,0
2016-05-22,0,0
2016-05-23,0,0
2016-05-24,0,0
2016-05-25,0,0
2016-05-26,0,0
2016-05-27,0,0
2016-05-28,0,0
2016-05-29,0,0
2016-05-30,0,0
2016-05-31,0,0
2016-06-01,0,0
2016-06-02,0,0
2016-06-03,0,0
2016-06-04,0,0
2016-06-05,0,0
2016-06-06,0,0
2016-06-07,0,0
2016-06-08,0,0
2016-06-09,0,0
2016-06-10,0,0
2016-06-11,0,0
2016-06-12,0,0
2016-06-13,0,0
2016-06-14,0,0
2016-06-15,0,0
2016-06-16,0,0
2016-06-17,0,0
2016-06-18,0,0
2016-06-19,0,0
2016-06-20,0,0
2016-06-21,0,0
2016-06-22,0,0
2016-06-23,0,0
2016-06-24,0,0
2016-06-25,0,0
2016-06-26,0,0
2016-06-27,0,0
2016-06-28,0,0
2016-06-29,0,0
2016-06-30,0,0
2016-07-01,0,0
2016-07-02,0,0
2016-07-03,0,0
2016-07-04,0,0
2016-07-05,0,0
2016-07-06,0,0
2016-07-07,0,0
2016-07-08,0,0
2016-07-09,0,0
2016-07-10,0,0
2016-07-11,0,0
2016-07-12,0,0
2016-07-13,0,0
2016-07-14,0,0
2016-07-15,0,0
2016-07-16,0,0
2016-07-17,0,0
2016-07-18,0,0
2016-07-19,0,0
2016-07-20,0,0
2016-07-21,0,0
2016-07-22,0,0
2016-07-23,0,0
2016-07-24,0,0
2016-07-25,0,0
2016-07-26,0,0
2016-07-27,0,0
2016-07-28,0,0
2016-07-29,0,0
2016-07-30,0,0
2016-07-31,0,0
2016-08-01,0,0
2016-08-02,0,0
2016-08-03,0,0
2016-08-04,0,0
2016-08-05,0,0
2016-08-06,0,0
2016-08-07,0,0
2016-08-08,0,0
2016-08-09,0,0
2016-08-10,0,0
2016-08-11,0,0
2016-08-12,0,0
2016-08-13,0,0
2016-08-14,0,0
2016-08-15,0,0
2016-08-16,0,0
2016-08-17,0,0
2016-08-18,0,0
2016-08-19,0,0
2016-08-20,0,0
2016-08-21,0,0
2016-08-22,0,0
2016-08-23,0,0
2016-08-24,0,0
2016-08-25,0,0
2016-08-26,0,0
2016-08-27,0,0
2016-08-28,0,0
2016-08-29,0,0
2016-08-30,0,0
2016-08-31,0,0
2016-09-01,0,0
2016-09-02,0,0
2016-09-03,0,0
2016-09-04,0,0
2016-09-05,0,0
2016-09-06,0,0
2016-09-07,0,0
2016-09-08,0,0
2016-09-09,0,0
2016-09-10,0,0
2016-09-11,0,0
2016-09-12,0,0
2016-09-13,0,0
2016-09-14,0,0
2016-09-15,0,0
2016-09-16,0,0
2016-09-17,0,0
2016-09-18,0,0
2016-09-19,0,0
2016-09-20,0,0
2016-09-21,0,0
2016-09-22,0,0
2016-09-23,0,0
2016-09-24,0,0
2016-09-25,0,0
2016-09-26,0,0
2016-09-27,0,0
2016-09-28,0,0
2016-09-29,0,0
2016-09-30,0,0
2016-10-01,0,0
2016-10-02,0,0
2016-10-03,0,0
2016-10-04,0,0
2016-10-05,0,0
2016-10-06,0,0
2016-10-07,0,0
2016-10-08,0,0
2016-10-09,0,0
2016-10-10,0,0
2016-10-11,0,0
2016-10-12,0,0
2016-10-13,0,0
2016-10-14,0,0
2016-10-15,0,0
2016-10-16,0,0
2016-10-17,0,0
2016-10-18,0,0
2016-10-19,0,0
2016-10-20,0,0
2016-10-21,0,0
2016-10-22,0,0
2016-10-23,0,0
2016-10-24,0,0
2016-10-25,0,0
2016-10-26,0,0
2016-10-27,0,0
2016-10-28,0,0
2016-10-29,0,0
2016-10-30,0,0
2016-10-31,0,0
2016-11-01,0,0
2016-11-02,0,0
2016-11-03,0,0
2016-11-04,0,0
2016-11-05,0,0
2016-11-06,0,0
2016-11-07,0,0
2016-11-08,0,0
2016-11-09,0,0
2016-11-10,0,0
2016-11-11,0,0
2016-11-12,0,0
2016-11-13,0,0
2016-11-14,0,0
2016-11-15,0,0
2016-11-16,0,0
2016-11-17,0,0
2016-11-18,0,0
2016-11-19,0,0
2016-11-20,0,0
2016-11-21,0,0
2016-11-22,0,0
2016-11-23,0,0
2016-11-24,0,0
2016-11-25,0,0
2016-11-26,0,0
2016-11-27,0,0
2016-11-28,0,0
2016-11-29,0,0
2016-11-30,0,0
2016-12-01,0,0
2016-12-02,0,0
2016-12-03,0,0
2016-12-04,0,0
2016-12-05,0,0
2016-12-06,0,0
2016-12-07,0,0
2016-12-08,0,0
2016-12-09,0,0
2016-12-10,0,0
2016-12-11,0,0
2016-12-12,0,0
2016-12-13,0,0
2016-12-14,0,0
2016-12-15,0,0
2016-12-16,0,0
2016-12-17,0,0
2016-12-18,0,0
2016-12-19,0,0
2016-12-20,0,0
2016-12-21,0,0
2016-12-22,0,0
2016-12-23,0,0
2016-12-24,0,0
2016-12-25,0,0
2016-12-26,0,0
2016-12-27,0,0
2016-12-28,0,0
2016-12-29,0,0
2016-12-30,0,0
2016-12-31,0,0
2017-01-01,0,0
2017-01-02,0,0
2017-01-03,0,0
2017-01-04,0,0
2017-01-05,0,0
2017-01-06,0,0
2017-01-07,0,0
2017-01-08,0,0
2017-01-09,0,0
2017-01-10,0,0
2017-01-11,0,0
2017-01-12,0,0
2017-01-13,0,0
2017-01-14,0,0
2017-01-15,0,0
2017-01-16,0,0
2017-01-17,0,0
2017-01-18,0,0
2017-01-19,0,0
2017-01-20,0,0
2017-01-21,0,0
2017-01-22,0,0
2017-01-23,0,0
2017-01-24,0,0
2017-01-25,0,0
2017-01-26,0,0
2017-01-27,0,0
2017-01-28,0,0
2017-01-29,0,0
2017-01-30,0,0
2017-01-31,0,0
2017-02-01,0,0
2017-02-02,0,0
2017-02-03,0,0
2017-02-04,0,0
2017-02-05,0,0
2017-02-06,0,0
2017-02-07,0,0
2017-02-08,0,0
2017-02-09,0,0
2017-02-10,0,0
2017-02-11,0,0
2017-02-12,0,0
2017-02-13,0,0
2017-02-14,0,0
2017-02-15,0,0
2017-02-16,0,0
2017-02-17,0,0
2017-02-18,0,0
2017-02-19,0,0
2017-02-20,0,0
2017-02-21,0,0
2017-02-22,0,0
2017-02-23,0,0
2017-02-24,0,0
2017-02-25,0,0
2017-02-26,0,0
2017-02-27,0,0
2017-02-28,0,0
2017-03-01,0,0
2017-03-02,0,0
2017-03-03,0,0
2017-03-04,0,0
2017-03-05,0,0
2017-03-06,0,0
2017-03-07,0,0
2017-03-08,0,0
2017-03-09,0,0
2017-03-10,0,0
2017-03-11,0,0
2017-03-12,0,0
2017-03-13,0,0
2017-03-14,0,0
2017-03-15,0,0
2017-03-16,0,0
2017-03-17,0,0
2017-03-18,0,0
2017-03-19,0,0
2017-03-20,0,0
2017-03-21,0,0
2017-03-22,0,0
2017-03-23,0,0
2017-03-24,0,0
2017-03-25,0,0
2017-03-26,0,0
2017-03-27,0,0
2017-03-28,0,0
2017-03-29,0,0
2017-03-30,0,0
2017-03-31,0,0
2017-04-01,0,0
2017-04-02,0,0
2017-04-03,0,0
2017-04-04,0,0
2017-04-05,0,0
2017-04-06,0,0
2017-04-07,0,0
2017-04-08,0,0
2017-04-09,0,0
2017-04-10,0,0
2017-04-11,0,0
2017-04-12,0,0
2017-04-13,0,0
2017-04-14,0,0
2017-04-15,0,0
2017-04-16,0,0
2017-04-17,0,0
2017-04-18,0,0
2017-04-19,0,0
2017-04-20,0,0
2017-04-21,0,0
2017-04-22,0,0
2017-04-23,0,0
2017-04-24,0,0
2017-04-25,0,0
2017-04-26,0,0
2017-04-27,0,0
2017-04-28,0,0
2017-04-29,0,0
2017-04-30,0,0
2017-05-01,0,0
2017-05-02,0,0
2017-05-03,0,0
2017-05-04,0,0
2017-05-05,0,0
2017-05-06,0,0
2017-05-07,0,0
2017-05-08,0,0
2017-05-09,0,0
2017-05-10,0,0
2017-05-11,0,0
2017-05-12,0,0
2017-05-13,0,0
2017-05-14,0,0
2017-05-15,0,0
2017-05-16,0,0
2017-05-17,0,0
2017-05-18,0,0
2017-05-19,0,0
2017-05-20,0,0
2017-05-21,0,0
2017-05-22,0,0
2017-05-23,0,0
2017-05-24,0,0
2017-05-25,0,0
2017-05-26,0,0
2017-05-27,0,0
2017-05-28,0,0
2017-05-29,0,0
2017-05-30,0,0
2017-05-31,0,0
2017-06-01,0,0
2017-06-02,0,0
2017-06-03,0,0
2017-06-04,0,0
2017-06-05,0,0
2017-06-06,0,0
2017-06-07,0,0
2017-06-08,0,0
2017-06-09,0,0
2017-06-10,0,0
2017-06-11,0,0
2017-06-12,0,0
2017-06-13,0,0
2017-06-14,0,0
2017-06-15,0,0
2017-06-16,0,0
2017-06-17,0,0
2017-06-18,0,0
2017-06-19,0,0
2017-06-20,0,0
2017-06-21,0,0
2017-06-22,0,0
2017-06-23,0,0
2017-06-24,0,0
2017-06-25,0,0
2017-06-26,0,0
2017-06-27,0,0
2017-06-28,0,0
2017-06-29,0,0
2017-06-30,0,0
2017-07-01,0,0
2017-07-02,0,0
2017-07-03,0,0
2017-07-04,0,0
2017-07-05,0,0
2017-07-06,0,0
2017-07-07,0,0
2017-07-08,0,0
2017-07-09,0,0
2017-07-10,0,0
2017-07-11,0,0
2017-07-12,0,0
2017-07-13,0,0
2017-07-14,0,0
2017-07-15,0,0
2017-07-16,0,0
2017-07-17,0,0
2017-07-18,0,0
2017-07-19,0,0
2017-07-20,0,0
2017-07-21,0,0
2017-07-22,0,0
2017-07-23,0,0
2017-07-24,0,0
2017-07-25,0,0
2017-07-26,0,0
2017-07-27,0,0
2017-07-28,0,0
2017-07-29,0,0
2017-07-30,0,0
2017-07-31,0,0
2017-08-01,0,0
2017-08-02,0,0
2017-08-03,0,0
2017-08-04,0,0
2017-08-05,0,0
2017-08-06,0,0
2017-08-07,0,0
2017-08-08,0,0
2017-08-09,0,0
2017-08-10,0,0
2017-08-11,0,0
2017-08-12,0,0
2017-08-13,0,0
2017-08-14,0,0
2017-08-15,0,0
2017-08-16,0,0
2017-08-17,0,0
2017-08-18,0,0
2017-08-19,0,0
2017-08-20,0,0
2017-08-21,0,0
2017-08-22,0,0
2017-08-23,0,0
2017-08-24,0,0
2017-08-25,0,0
2017-08-26,0,0
2017-08-27,0,0
2017-08-28,0,0
2017-08-29,0,0
2017-08-30,0,0
2017-08-31,0,0
2017-09-01,0,0
2017-09-02,0,0
2017-09-03,0,0
2017-09-04,0,0
2017-09-05,0,0
2017-09-06,0,0
2017-09-07,0,0
2017-09-08,0,0
2017-09-09,0,0
2017-09-10,0,0
2017-09-11,0,0
2017-09-12,0,0
2017-09-13,0,0
2017-09-14,0,0
2017-09-15,0,0
2017-09-16,0,0
2017-09-17,0,0
2017-09-18,0,0
2017-09-19,0,0
2017-09-20,0,0
2017-09-21,0,0
2017-09-22,0,0
2017-09-23,0,0
2017-09-24,0,0
2017-09-25,0,0
2017-09-26,0,0
2017-09-27,0,0
2017-09-28,0,0
2017-09-29,0,0
2017-09-30,0,0
2017-10-01,0,0
2017-10-02,0,0
2017-10-03,0,0
2017-10-04,0,0
2017-10-05,0,0
2017-10-06,0,0
2017-10-07,0,0
2017-10-08,0,0
2017-10-09,0,0
2017-10-10,0,0
2017-10-11,0,0
2017-10-12,0,0
2017-10-13,0,0
2017-10-14,0,0
2017-10-15,0,0
2017-10-16,0,0
2017-10-17,0,0
2017-10-18,0,0
2017-10-19,0,0
2017-10-20,0,0
2017-10-21,0,0
2017-10-22,0,0
2017-10-23,0,0
2017-10-24,0,0
2017-10-25,0,0
2017-10-26,0,0
2017-10-27,0,0
2017-10-28,0,0
2017-10-29,0,0
2017-10-30,0,0
2017-10-31,0,0
2017-11-01,0,0
2017-11-02,0,0
2017-11-03,0,0
2017-11-04,0,0
2017-11-05,0,0
2017-11-06,0,0
2017-11-07,0,0
2017-11-08,0,0
2017-11-09,0,0
2017-11-10,0,0
2017-11-11,0,0
2017-11-12,0,0
2017-11-13,0,0
2017-11-14,0,0
2017-11-15,0,0
2017-11-16,0,0
2017-11-17,0,0
2017-11-18,0,0
2017-11-19,0,0
2017-11-20,0,0
2017-11-21,0,0
2017-11-22,0,0
2017-11-23,0,0
2017-11-24,0,0
2017-11-25,0,0
2017-11-26,0,0
2017-11-27,0,0
2017-11-28,0,0
2017-11-29,0,0
2017-11-30,0,0
2017-12-01,0,0
2017-12-02,0,0
2017-12-03,0,0
2017-12-04,0,0
2017-12-05,0,0
2017-12-06,0,0
2017-12-07,0,0
2017-12-08,0,0
2017-12-09,0,0
2017-12-10,0,0
2017-12-11,0,0
2017-12-12,0,0
2017-12-13,0,0
2017-12-14,0,0
2017-12-15,0,0
2017-12-16,0,0
2017-12-17,0,0
2017-12-18,0,0
2017-12-19,0,0
2017-12-20,0,0
2017-12-21,0,0
2017-12-22,0,0
2017-12-23,0,0
2017-12-24,0,0
2017-12-25,0,0
2017-12-26,0,0
2017-12-27,0,0
2017-12-28,0,0
2017-12-29,0,0
2017-12-30,0,0
2017-12-31,0,0
2018-01-01,0,0
2018-01-02,0,0
2018-01-03,0,0
2018-01-04,0,0
2018-01-05,0,0
2018-01-06,0,0
2018-01-07,0,0
2018-01-08,0,0
2018-01-09,0,0
2018-01-10,0,0
2018-01-11,0,0
2018-01-12,0,0
2018-01-13,0,0
2018-01-14,0,0
2018-01-15,0,0
2018-01-16,0,0
2018-01-17,0,0
2018-01-18,0,0
2018-01-19,0,0
2018-01-20,0,0
2018-01-21,0,0
2018-01-22,0,0
2018-01-23,0,0
2018-01-24,0,0
2018-01-25,0,0
2018-01-26,0,0
2018-01-27,0,0
2018-01-28,0,0
2018-01-29,0,0
2018-01-30,0,0
2018-01-31,0,0
2018-02-01,0,0
2018-02-02,0,0
2018-02-03,0,0
2018-02-04,0,0
2018-02-05,0,0
2018-02-06,0,0
2018-02-07,0,0
2018-02-08,0,0
2018-02-09,0,0
2018-02-10,0,0
2018-02-11,0,0
2018-02-12,0,0
2018-02-13,0,0
2018-02-14,0,0
2018-02-15,0,0
2018-02-16,0,0
2018-02-17,0,0
2018-02-18,0,0
2018-02-19,0,0
2018-02-20,0,0
2018-02-21,0,0
2018-02-22,0,0
2018-02-23,0,0
2018-02-24,0,0
2018-02-25,0,0
2018-02-26,0,0
2018-02-27,0,0
2018-02-28,0,0
2018-03-01,0,0
2018-03-02,0,0
2018-03-03,0,0
2018-03-04,0,0
2018-03-05,0,0
2018-03-06,0,0
2018-03-07,0,0
2018-03-08,0,0
2018-03-09,0,0
2018-03-10,0,0
2018-03-11,0,0
2018-03-12,0,0
2018-03-13,0,0
2018-03-14,0,0
2018-03-15,0,0
2018-03-16,0,0
2018-03-17,0,0
2018-03-18,0,0
2018-03-19,0,0
2018-03-20,0,0
2018-03-21,0,0
2018-03-22,0,0
2018-03-23,0,0
2018-03-24,0,0
2018-03-25,0,0
2018-03-26,0,0
2018-03-27,0,0
2018-03-28,0,0
2018-03-29,0,0
2018-03-30,0,0
2018-03-31,0,0
2018-04-01,0,0
2018-04-02,0,0
2018-04-03,0,0
2018-04-04,0,0
2018-04-05,0,0
2018-04-06,0,0
2018-04-07,0,0
2018-04-08,0,0
2018-04-09,0,0
2018-04-10,0,0
2018-04-11,0,0
2018-04-12,0,0
2018-04-13,0,0
2018-04-14,0,0
2018-04-15,0,0
2018-04-16,0,0
2018-04-17,0,0
2018-04-18,0,0
2018-04-19,0,0
2018-04-20,0,0
2018-04-21,0,0
2018-04-22,0,0
2018-04-23,0,0
2018-04-24,0,0
2018-04-25,0,0
2018-04-26,0,0
2018-04-27,0,0
2018-04-28,0,0
2018-04-29,0,0
2018-04-30,0,0
2018-05-01,0,0
2018-05-02,0,0
2018-05-03,0,0
2018-05-04,0,0
2018-05-05,0,0
2018-05-06,0,0
2018-05-07,0,0
2018-05-08,0,0
2018-05-09,0,0
2018-05-10,0,0
2018-05-11,0,0
2018-05-12,0,0
2018-05-13,0,0
2018-05-14,0,0
2018-05-15,0,0
2018-05-16,0,0
2018-05-17,0,0
2018-05-18,0,0
2018-05-19,0,0
2018-05-20,0,0
2018-05-21,0,0
2018-05-22,0,0
2018-05-23,0,0
2018-05-24,0,0
2018-05-25,0,0
2018-05-26,0,0
2018-05-27,0,0
2018-05-28,0,0
2018-05-29,0,0
2018-05-30,0,0
2018-05-31,0,0
2018-06-01,0,0
2018-06-02,0,0
2018-06-03,0,0
2018-06-04,0,0
2018-06-05,0,0
2018-06-06,0,0
2018-06-07,0,0
2018-06-08,0,0
2018-06-09,0,0
2018-06-10,0,0
2018-06-11,0,0
2018-06-12,0,0
2018-06-13,0,0
2018-06-14,0,0
2018-06-15,0,0
2018-06-16,0,0
2018-06-17,0,0
2018-06-18,0,0
2018-06-19,0,0
2018-06-20,0,0
2018-06-21,0,0
2018-06-22,0,0
2018-06-23,0,0
2018-06-24,0,0
2018-06-25,0,0
2018-06-26,0,0
2018-06-27,0,0
2018-06-28,0,0
2018-06-29,0,0
2018-06-30,0,0
2018-07-01,0,0
2018-07-02,0,0
2018-07-03,0,0
2018-07-04,0,0
2018-07-05,0,0
2018-07-06,0,0
2018-07-07,0,0
2018-07-08,0,0
2018-07-09,0,0
2018-07-10,0,0
2018-07-11,0,0
2018-07-12,0,0
2018-07-13,0,0
2018-07-14,0,0
2018-07-15,0,0
2018-07-16,0,0
2018-07-17,0,0
2018-07-18,0,0
2018-07-19,0,0
2018-07-20,0,0
2018-07-21,0,0
2018-07-22,0,0
2018-07-23,0,0
2018-07-24,0,0
2018-07-25,0,0
2018-07-26,0,0
2018-07-27,0,0
2018-07-28,0,0
2018-07-29,0,0
2018-07-30,0,0
2018-07-31,0,0
2018-08-01,0,0
2018-08-02,0,0
2018-08-03,0,0
2018-08-04,0,0
2018-08-05,0,0
2018-08-06,0,0
2018-08-07,0,0
2018-08-08,0,0
2018-08-09,0,0
2018-08-10,0,0
2018-08-11,0,0
2018-08-12,0,0
2018-08-13,0,0
2018-08-14,0,0
2018-08-15,0,0
2018-08-16,0,0
2018-08-17,0,0
2018-08-18,0,0
2018-08-19,0,0
2018-08-20,0,0
2018-08-21,0,0
2018-08-22,0,0
2018-08-23,0,0
2018-08-24,0,0
2018-08-25,0,0
2018-08-26,0,0
2018-08-27,0,0
2018-08-28,0,0
2018-08-29,0,0
2018-08-30,0,0
2018-08-31,0,0
2018-09-01,0,0
2018-09-02,0,0
2018-09-03,0,0
2018-09-04,0,0
2018-09-05,0,0
2018-09-06,0,0
2018-09-07,0,0
2018-09-08,0,0
2018-09-09,0,0
2018-09-10,0,0
2018-09-11,0,0
2018-09-12,0,0
2018-09-13,0,0
2018-09-14,0,0
2018-09-15,0,0
2018-09-16,0,0
2018-09-17,0,0
2018-09-18,0,0
2018-09-19,0,0
2018-09-20,0,0
2018-09-21,0,0
2018-09-22,0,0
2018-09-23,0,0
2018-09-24,0,0
2018-09-25,0,0
2018-09-26,0,0
2018-09-27,0,0
2018-09-28,0,0
2018-09-29,0,0
2018-09-30,0,0
2018-10-01,0,0
2018-10-02,0,0
2018-10-03,0,0
2018-10-04,0,0
2018-10-05,0,0
2018-10-06,0,0
2018-10-07,0,0
2018-10-08,0,0
2018-10-09,0,0
2018-10-10,0,0
2018-10-11,0,0
2018-10-12,0,0
2018-10-13,0,0
2018-10-14,0,0
2018-10-15,0,0
2018-10-16,0,0
2018-10-17,0,0
2018-10-18,0,0
2018-10-19,0,0
2018-10-20,0,0
2018-10-21,0,0
2018-10-22,0,0
2018-10-23,0,0
2018-10-24,0,0
2018-10-25,0,0
2018-10-26,0,0
2018-10-27,0,0
2018-10-28,0,0
2018-10-29,0,0
2018-10-30,0,0
2018-10-31,0,0
2018-11-01,0,0
2018-11-02,0,0
2018-11-03,0,0
2018-11-04,0,0
2018-11-05,0,0
2018-11-06,0,0
2018-11-07,0,0
2018-11-08,0,0
2018-11-09,0,0
2018-11-10,0,0
2018-11-11,0,0
2018-11-12,0,0
2018-11-13,0,0
2018-11-14,0,0
2018-11-15,0,0
2018-11-16,0,0
2018-11-17,0,0
2018-11-18,0,0
2018-11-19,0,0
2018-11-20,0,0
2018-11-21,0,0
2018-11-22,0,0
2018-11-23,0,0
2018-11-24,0,0
2018-11-25,0,0
2018-11-26,0,0
2018-11-27,0,0
2018-11-28,0,0
2018-11-29,0,0
2018-11-30,0,0
2018-12-01,0,0
2018-12-02,0,0
2018-12-03,0,0
2018-12-04,0,0
2018-12-05,0,0
2018-12-06,0,0
2018-12-07,0,0
2018-12-08,0,0
2018-12-09,0,0
2018-12-10,0,0
2018-12-11,0,0
2018-12-12,0,0
2018-12-13,0,0
2018-12-14,0,0
2018-12-15,0,0
2018-12-16,0,0
2018-12-17,0,0
2018-12-18,0,0
2018-12-19,0,0
2018-12-20,0,0
2018-12-21,0,0
2018-12-22,0,0
2018-12-23,0,0
2018-12-24,0,0
2018-12-25,0,0
2018-12-26,0,0
2018-12-27,0,0
2018-12-28,0,0
2018-12-29,0,0
2018-12-30,0,0
2018-12-31,0,0
2019-01-01,0,0
2019-01-02,0,0
2019-01-03,0,0
2019-01-04,0,0
2019-01-05,0,0
2019-01-06,0,0
2019-01-07,0,0
2019-01-08,0,0
2019-01-09,0,0
2019-01-10,0,0
2019-01-11,0,0
2019-01-12,0,0
2019-01-13,0,0
2019-01-14,0,0
2019-01-15,0,0
2019-01-16,0,0
2019-01-17,0,0
2019-01-18,0,0
2019-01-19,0,0
2019-01-20,0,0
2019-01-21,0,0
2019-01-22,0,0
2019-01-23,0,0
2019-01-24,0,0
2019-01-25,0,0
2019-01-26,0,0
2019-01-27,0,0
2019-01-28,0,0
2019-01-29,0,0
2019-01-30,0,0
2019-01-31,0,0
2019-02-01,0,0
2019-02-02,0,0
2019-02-03,0,0
2019-02-04,0,0
2019-02-05,0,0
2019-02-06,0,0
2019-02-07,0,0
2019-02-08,0,0
2019-02-09,0,0
2019-02-10,0,0
2019-02-11,0,0
2019-02-12,0,0
2019-02-13,0,0
2019-02-14,0,0
2019-02-15,0,0
2019-02-16,0,0
2019-02-17,0,0
2019-02-18,0,0
2019-02-19,0,0
2019-02-20,0,0
2019-02-21,0,0
2019-02-22,0,0
2019-02-23,0,0
2019-02-24,0,0
2019-02-25,0,0
2019-02-26,0,0
2019-02-27,0,0
2019-02-28,0,0
2019-03-01,0,0
2019-03-02,0,0
2019-03-03,0,0
2019-03-04,0,0
2019-03-05,0,0
2019-03-06,0,0
2019-03-07,0,0
2019-03-08,0,0
2019-03-09,0,0
2019-03-10,0,0
2019-03-11,0,0
2019-03-12,0,0
2019-03-13,0,0
2019-03-14,0,0
2019-03-15,0,0
2019-03-16,0,0
2019-03-17,0,0
2019-03-18,0,0
2019-03-19,0,0
2019-03-20,0,0
2019-03-21,0,0
2019-03-22,0,0
2019-03-23,0,0
2019-03-24,0,0
2019-03-25,0,0
2019-03-26,0,0
2019-03-27,0,0
2019-03-28,0,0
2019-03-29,0,0
2019-03-30,0,0
2019-03-31,0,0
2019-04-01,0,0
2019-04-02,0,0
2019-04-03,0,0
2019-04-04,0,0
2019-04-05,0,0
2019-04-06,0,0
2019-04-07,0,0
2019-04-08,0,0
2019-04-09,0,0
2019-04-10,0,0
2019-04-11,0,0
2019-04-12,0,0
2019-04-13,0,0
2019-04-14,0,0
2019-04-15,0,0
2019-04-16,0,0
2019-04-17,0,0
2019-04-18,0,0
2019-04-19,0,0
2019-04-20,0,0
2019-04-21,0,0
2019-04-22,0,0
2019-04-23,0,0
2019-04-24,0,0
2019-04-25,0,0
2019-04-26,0,0
2019-04-27,0,0
2019-04-28,0,0
2019-04-29,0,0
2019-04-30,0,0
2019-05-01,0,0
2019-05-02,0,0
2019-05-03,0,0
2019-05-04,0,0
2019-05-05,0,0
2019-05-06,0,0
2019-05-07,0,0
2019-05-08,0,0
2019-05-09,0,0
2019-05-10,0,0
2019-05-11,0,0
2019-05-12,0,0
2019-05-13,0,0
2019-05-14,0,0
2019-05-15,0,0
2019-05-16,0,0
2019-05-17,0,0
2019-05-18,0,0
2019-05-19,0,0
2019-05-20,0,0
2019-05-21,0,0
2019-05-22,0,0
2019-05-23,0,0
2019-05-24,0,0
2019-05-25,0,0
2019-05-26,0,0
2019-05-27,0,0
2019-05-28,0,0
2019-05-29,0,0
2019-05-30,119,119
2019-05-31,233,233
2019-06-01,233,233
2019-06-02,364,364
2019-06-03,364,364
2019-06-04,480,480
2019-06-05,612,612
2019-06-06,739,739
2019-06-07,869,869
2019-06-08,956,956
2019-06-09,"1,000","1,000"
2019-06-10,"1,083","1,083"
2019-06-11,"1,083","1,083"
2019-06-12,"1,083","1,083"
2019-06-13,"1,083","1,083"
2019-06-14,"1,083","1,083"
2019-06-15,"1,173","1,245"
2019-06-16,"1,173","1,173"
2019-06-17,"1,173","1,173"
2019-06-18,"1,173","1,173"
2019-06-19,"1,206","1,206"
2019-06-20,"1,206","1,206"
2019-06-21,"1,211","1,211"
2019-06-22,"1,211","1,211"
2019-06-23,"1,211","1,211"
2019-06-24,"1,211","1,211"
2019-06-25,"1,211","1,211"
2019-06-26,"1,210","1,211"
2019-06-27,"1,254","1,254"
2019-06-28,"1,245","1,254"
2019-06-29,"1,289","1,289"
2019-06-30,"1,289","1,289"
2019-07-01,"1,269","1,289"
2019-07-02,"1,257","1,269"
2019-07-03,"1,252","1,257"
2019-07-04,"1,252","1,252"
2019-07-05,"1,246","1,252"
2019-07-06,"1,246","1,246"
2019-07-07,"1,316","1,316"
2019-07-08,"1,316","1,317"
2019-07-09,"1,316","1,316"
2019-07-10,"1,301","1,316"
2019-07-11,"1,302","1,302"
2019-07-12,"1,370","1,370"
2019-07-13,"1,370","1,370"
2019-07-14,"1,370","1,370"
2019-07-15,"1,370","1,370"
2019-07-16,"1,371","1,371"
2019-07-17,"1,370","1,371"
2019-07-18,"1,370","1,370"
2019-07-19,"1,367","1,370"
2019-07-20,"1,367","1,367"
2019-07-21,"1,364","1,367"
2019-07-22,"1,364","1,364"
2019-07-23,"1,365","1,365"
2019-07-24,"1,365","1,365"
2019-07-25,"1,365","1,365"
2019-07-26,"1,408","1,409"
2019-07-27,"1,408","1,408"
2019-07-28,"1,408","1,408"
2019-07-29,"1,407","1,408"
2019-07-30,"1,411","1,412"
2019-07-31,"1,411","1,411"
2019-08-01,"1,409","1,411"
2019-08-02,"1,427","1,431"
2019-08-03,"1,427","1,427"
2019-08-04,"1,427","1,427"
2019-08-05,"1,426","1,427"
2019-08-06,"1,433","1,434"
2019-08-07,"1,428","1,433"
2019-08-08,"1,422","1,428"
2019-08-09,"1,435","1,436"
2019-08-10,"1,435","1,435"
2019-08-11,"1,435","1,435"
2019-08-12,"1,433","1,435"
2019-08-13,"1,437","1,438"
2019-08-14,"1,485","1,487"
2019-08-15,"1,450","1,485"
2019-08-16,"1,430","1,466"
2019-08-17,"1,430","1,430"
2019-08-18,"1,430","1,430"
2019-08-19,"1,426","1,430"
2019-08-20,"1,500","1,503"
2019-08-21,"1,499","1,500"
2019-08-22,"1,495","1,499"
2019-08-23,"1,503","1,508"
2019-08-24,"1,503","1,503"
2019-08-25,"1,503","1,503"
2019-08-26,"1,502","1,503"
2019-08-27,"1,545","1,553"
2019-08-28,"1,545","1,545"
2019-08-29,"1,541","1,545"
2019-08-30,"1,549","1,554"
2019-08-31,"1,549","1,549"
2019-09-01,"1,549","1,549"
2019-09-02,"1,547","1,549"
2019-09-03,"1,547","1,550"
2019-09-04,"1,546","1,547"
2019-09-05,"1,508","1,547"
2019-09-06,"1,436","1,529"
2019-09-07,"1,436","1,436"
2019-09-08,"1,436","1,436"
2019-09-09,"1,453","1,456"
2019-09-10,"1,455","1,456"
2019-09-11,"1,502","1,548"
2019-09-12,"1,496","1,502"
2019-09-13,"1,544","1,551"
2019-09-14,"1,544","1,544"
2019-09-15,"1,544","1,544"
2019-09-16,"1,564","1,570"
2019-09-17,"1,570","1,571"
2019-09-18,"1,541","1,570"
2019-09-19,"1,540","1,541"
2019-09-20,"1,557","1,558"
2019-09-21,"1,557","1,557"
2019-09-22,"1,557","1,557"
2019-09-23,"1,550","1,557"
2019-09-24,"1,557","1,557"
2019-09-25,"1,457","1,557"
2019-09-26,"1,454","1,457"
2019-09-27,"1,509","1,513"
2019-09-28,"1,509","1,509"
2019-09-29,"1,515","1,515"
2019-09-30,"1,561","1,562"
2019-10-01,"1,565","1,567"
2019-10-02,"1,551","1,565"
2019-10-03,"1,549","1,551"
2019-10-04,"1,558","1,559"
2019-10-05,"1,559","1,559"
2019-10-06,"1,559","1,559"
2019-10-07,"1,553","1,559"
2019-10-08,"1,555","1,558"
2019-10-09,"1,553","1,555"
2019-10-10,"1,552","1,553"
2019-10-11,"1,486","1,563"
2019-10-12,"1,488","1,488"
2019-10-13,"1,487","1,488"
2019-10-14,"1,487","1,487"
2019-10-15,"1,568","1,574"
2019-10-16,"1,541","1,570"
2019-10-17,"1,540","1,542"
2019-10-18,"1,541","1,547"
2019-10-19,"1,541","1,541"
2019-10-20,"1,541","1,541"
2019-10-21,"1,533","1,541"
2019-10-22,"1,533","1,534"
2019-10-23,"1,495","1,533"
2019-10-24,"1,490","1,495"
2019-10-25,"1,476","1,543"
2019-10-26,"1,476","1,476"
2019-10-27,"1,476","1,476"
2019-10-28,"1,473","1,476"
2019-10-29,"1,472","1,475"
2019-10-30,"1,497","1,542"
2019-10-31,"1,494","1,497"
2019-11-01,"1,504","1,505"
2019-11-02,"1,504","1,504"
2019-11-03,"1,504","1,504"
2019-11-04,"1,502","1,504"
2019-11-05,"1,508","1,508"
2019-11-06,"1,492","1,508"
2019-11-07,"1,491","1,492"
2019-11-08,"1,502","1,502"
2019-11-09,"1,501","1,502"
2019-11-10,"1,501","1,501"
2019-11-11,"1,498","1,501"
2019-11-12,"1,503","1,506"
2019-11-13,"1,438","1,503"
2019-11-14,"1,436","1,438"
2019-11-15,"1,438","1,445"
2019-11-16,"1,437","1,438"
2019-11-17,"1,437","1,437"
2019-11-18,"1,458","1,462"
2019-11-19,"1,462","1,464"
2019-11-20,"1,448","1,462"
2019-11-21,"1,439","1,448"
2019-11-22,"1,445","1,448"
2019-11-23,"1,444","1,445"
2019-11-24,"1,444","1,444"
2019-11-25,"1,421","1,444"
2019-11-26,"1,424","1,426"
2019-11-27,"1,381","1,424"
2019-11-28,"1,381","1,381"
2019-11-29,"1,380","1,386"
2019-11-30,"1,380","1,380"
2019-12-01,"1,380","1,380"
2019-12-02,"1,374","1,380"
2019-12-03,"1,372","1,379"
2019-12-04,"1,309","1,372"
2019-12-05,"1,308","1,309"
2019-12-06,"1,317","1,320"
2019-12-07,"1,317","1,317"
2019-12-08,"1,317","1,317"
2019-12-09,"1,316","1,318"
2019-12-10,"1,308","1,324"
2019-12-11,"1,274","1,308"
2019-12-12,"1,259","1,274"
2019-12-13,"1,259","1,268"
2019-12-14,"1,259","1,259"
2019-12-15,"1,259","1,259"
2019-12-16,"1,247","1,259"
2019-12-17,"1,243","1,252"
2019-12-18,"1,183","1,243"
2019-12-19,"1,167","1,183"
2019-12-20,"1,166","1,171"
2019-12-21,"1,178","1,179"
2019-12-22,"1,188","1,188"
2019-12-23,"1,170","1,189"
2019-12-24,"1,190","1,190"
2019-12-25,"1,198","1,198"
2019-12-26,"1,184","1,198"
2019-12-27,"1,215","1,221"
2019-12-28,"1,214","1,215"
2019-12-29,"1,214","1,214"
2019-12-30,"1,199","1,214"
2019-12-31,"1,198","1,204"
2020-01-01,"1,199","1,199"
2020-01-02,"1,198","1,201"
2020-01-03,"1,225","1,230"
2020-01-04,"1,225","1,225"
2020-01-05,"1,225","1,225"
2020-01-06,"1,222","1,226"
2020-01-07,"1,224","1,225"
2020-01-08,"1,195","1,229"
2020-01-09,"1,189","1,196"
2020-01-10,"1,193","1,195"
2020-01-11,"1,204","1,204"
2020-01-12,"1,203","1,204"
2020-01-13,"1,200","1,203"
2020-01-14,"1,198","1,200"
2020-01-15,"1,172","1,204"
2020-01-16,"1,168","1,172"
2020-01-17,"1,141","1,172"
2020-01-18,"1,142","1,144"
2020-01-19,"1,142","1,142"
2020-01-20,"1,142","1,142"
2020-01-21,"1,139","1,142"
2020-01-22,"1,105","1,143"
2020-01-23,"1,064","1,105"
2020-01-24,"1,059","1,064"
2020-01-25,"1,059","1,067"
2020-01-26,"1,059","1,059"
2020-01-27,"1,056","1,059"
2020-01-28,"1,056","1,063"
2020-01-29,"1,032","1,056"
2020-01-30,"1,027","1,032"
2020-01-31,"1,020","1,029"
2020-02-01,"1,031","1,033"
2020-02-02,"1,031","1,031"
2020-02-03,"1,054","1,056"
2020-02-04,"1,075","1,077"
2020-02-05,"1,052","1,075"
2020-02-06,"1,044","1,053"
2020-02-07,"1,100","1,115"
2020-02-08,"1,099","1,100"
2020-02-09,"1,099","1,099"
2020-02-10,"1,077","1,099"
2020-02-11,"1,080","1,103"
2020-02-12,"1,076","1,081"
2020-02-13,"1,059","1,087"
2020-02-14,"1,066","1,100"
2020-02-15,"1,079","1,082"
2020-02-16,"1,079","1,079"
2020-02-17,"1,075","1,080"
2020-02-18,"1,072","1,092"
2020-02-19,"1,098","1,133"
2020-02-20,"1,077","1,099"
2020-02-21,"1,082","1,092"
2020-02-22,"1,079","1,082"
2020-02-23,"1,079","1,079"
2020-02-24,"1,067","1,079"
2020-02-25,"1,101","1,115"
2020-02-26,"1,066","1,107"
2020-02-27,"1,056","1,066"
2020-02-28,"1,022","1,075"
2020-02-29,"1,062","1,064"
2020-03-01,"1,062","1,062"
2020-03-02,"1,057","1,062"
2020-03-03,"1,096","1,105"
2020-03-04,"1,052","1,098"
2020-03-05,"1,047","1,053"
2020-03-06,"1,057","1,073"
2020-03-07,"1,063","1,069"
2020-03-08,"1,064","1,064"
2020-03-09,"1,055","1,064"
2020-03-10,"1,079","1,102"
2020-03-11,"1,030","1,083"
2020-03-12,"1,029","1,032"
2020-03-13,"1,041","1,044"
2020-03-14,"1,041","1,041"
2020-03-15,"1,041","1,041"
2020-03-16,"1,036","1,041"
2020-03-17,"1,042","1,046"
2020-03-18,"1,006","1,043"
2020-03-19,"1,005","1,006"
2020-03-20,"1,017","1,024"
2020-03-21,"1,017","1,017"
2020-03-22,"1,017","1,017"
2020-03-23,"1,013","1,017"
2020-03-24,"1,016","1,027"
2020-03-25,962,"1,017"
2020-03-26,998,"1,002"
2020-03-27,"1,029","1,052"
2020-03-28,"1,028","1,029"
2020-03-29,"1,028","1,028"
2020-03-30,"1,016","1,029"
2020-03-31,"1,007","1,018"
2020-04-01,942,"1,007"
2020-04-02,935,942
2020-04-03,925,944
2020-04-04,925,925
2020-04-05,927,927
2020-04-06,915,927
2020-04-07,899,916
2020-04-08,890,899
2020-04-09,882,891
2020-04-10,876,885
2020-04-11,876,876
2020-04-12,876,876
2020-04-13,874,876
2020-04-14,892,895
2020-04-15,815,892
2020-04-16,807,815
2020-04-17,803,811
2020-04-18,803,803
2020-04-19,803,803
2020-04-20,828,869
2020-04-21,784,833
2020-04-22,787,812
2020-04-23,775,789
2020-04-24,757,775
2020-04-25,757,757
2020-04-26,755,757
2020-04-27,746,755
2020-04-28,743,749
2020-04-29,736,745
2020-04-30,725,736
2020-05-01,722,725
2020-05-02,722,722
2020-05-03,722,722
2020-05-04,710,724
2020-05-05,705,712
2020-05-06,694,706
2020-05-07,691,697
2020-05-08,685,692
2020-05-09,685,685
2020-05-10,685,685
2020-05-11,678,686
2020-05-12,668,678
2020-05-13,659,668
2020-05-14,671,676
2020-05-15,668,674
2020-05-16,668,668
2020-05-17,668,668
2020-05-18,645,668
2020-05-19,638,645
2020-05-20,635,638
2020-05-21,634,635
2020-05-22,631,638
2020-05-23,631,631
2020-05-24,631,631
2020-05-25,627,631
2020-05-26,624,627
2020-05-27,620,624
2020-05-28,614,620
2020-05-29,609,614
2020-05-30,609,609
2020-05-31,609,609
2020-06-01,608,610
2020-06-02,607,608
2020-06-03,603,607
2020-06-04,647,651
2020-06-05,638,647
2020-06-06,638,638
2020-06-07,638,638
2020-06-08,637,638
2020-06-09,635,640
2020-06-10,623,636
2020-06-11,620,624
2020-06-12,621,629
2020-06-13,621,621
2020-06-14,621,621
2020-06-15,621,622
2020-06-16,622,622
2020-06-17,633,635
2020-06-18,658,662
2020-06-19,688,697
2020-06-20,688,688
2020-06-21,681,688
2020-06-22,697,697
2020-06-23,692,700
2020-06-24,725,726
2020-06-25,718,725
2020-06-26,775,785
2020-06-27,775,775
2020-06-28,775,775
2020-06-29,760,794
2020-06-30,759,765
2020-07-01,771,773
2020-07-02,759,779
2020-07-03,794,795
2020-07-04,794,794
2020-07-05,794,794
2020-07-06,802,802
2020-07-07,803,806
2020-07-08,807,809
2020-07-09,882,882
2020-07-10,883,897
2020-07-11,883,883
2020-07-12,884,884
2020-07-13,897,900
2020-07-14,901,915
2020-07-15,916,917
2020-07-16,916,919
2020-07-17,889,932
2020-07-18,889,889
2020-07-19,889,889
2020-07-20,904,915
2020-07-21,906,914
2020-07-22,909,915
2020-07-23,909,910
2020-07-24,902,916
2020-07-25,902,902
2020-07-26,902,902
2020-07-27,896,903
2020-07-28,896,901
2020-07-29,889,896
2020-07-30,893,934
2020-07-31,893,898
2020-08-01,893,893
2020-08-02,893,893
2020-08-03,893,898
2020-08-04,886,893
2020-08-05,890,893
2020-08-06,925,956
2020-08-07,851,926
2020-08-08,851,851
2020-08-09,851,851
2020-08-10,846,851
2020-08-11,859,861
2020-08-12,855,860
2020-08-13,858,860
2020-08-14,837,858
2020-08-15,837,837
2020-08-16,837,837
2020-08-17,836,839
2020-08-18,851,859
2020-08-19,836,856
2020-08-20,795,836
2020-08-21,831,852
2020-08-22,831,831
2020-08-23,831,831
2020-08-24,850,850
2020-08-25,830,854
2020-08-26,826,857
2020-08-27,826,826
2020-08-28,826,826
2020-08-29,963,963
2020-08-30,963,963
2020-08-31,964,965
2020-09-01,940,973
2020-09-02,978,989
2020-09-03,973,990
2020-09-04,992,"1,009"
2020-09-05,992,992
2020-09-06,991,992
2020-09-07,962,"1,001"
2020-09-08,967,969
2020-09-09,965,986
2020-09-10,950,968
2020-09-11,972,984
2020-09-12,972,972
2020-09-13,972,972
2020-09-14,"1,004","1,008"
2020-09-15,"1,013","1,013"
2020-09-16,"1,002","1,029"
2020-09-17,991,"1,004"
2020-09-18,"1,022","1,038"
2020-09-19,"1,022","1,022"
2020-09-20,"1,022","1,022"
2020-09-21,"1,017","1,033"
2020-09-22,993,"1,018"
2020-09-23,992,995
2020-09-24,908,997
2020-09-25,871,915
2020-09-26,870,871
2020-09-27,870,870
2020-09-28,868,874
2020-09-29,845,871
2020-09-30,776,846
2020-10-01,776,778
2020-10-02,742,781
2020-10-03,742,742
2020-10-04,742,742
2020-10-05,731,745
2020-10-06,712,732
2020-10-07,690,713
2020-10-08,640,691
2020-10-09,585,642
2020-10-10,585,585
2020-10-11,585,585
2020-10-12,577,585
2020-10-13,545,581
2020-10-14,547,547
2020-10-15,495,547
2020-10-16,480,499
2020-10-17,480,480
2020-10-18,480,480
2020-10-19,476,480
2020-10-20,495,508
2020-10-21,519,520
2020-10-22,482,521
2020-10-23,479,486
2020-10-24,479,479
2020-10-25,479,479
2020-10-26,465,495
2020-10-27,449,469
2020-10-28,432,463
2020-10-29,422,434
2020-10-30,421,432
2020-10-31,421,421
2020-11-01,420,421
2020-11-02,419,420
2020-11-03,408,423
2020-11-04,404,409
2020-11-05,404,405
2020-11-06,401,409
2020-11-07,401,401
2020-11-08,401,401
2020-11-09,401,402
2020-11-10,385,403
2020-11-11,361,386
2020-11-12,357,361
2020-11-13,358,361
2020-11-14,358,358
2020-11-15,358,358
2020-11-16,363,366
2020-11-17,358,367
2020-11-18,408,412
2020-11-19,435,437
2020-11-20,430,438
2020-11-21,430,430
2020-11-22,430,430
2020-11-23,421,431
2020-11-24,419,425
2020-11-25,425,425
2020-11-26,425,425
2020-11-27,431,431
2020-11-28,431,431
2020-11-29,431,431
2020-11-30,426,432
2020-12-01,432,433
2020-12-02,418,433
2020-12-03,420,420
2020-12-04,411,423
2020-12-05,411,411
2020-12-06,411,411
2020-12-07,410,413
2020-12-08,410,415
2020-12-09,406,410
2020-12-10,404,406
2020-12-11,408,415
2020-12-12,408,408
2020-12-13,408,408
2020-12-14,409,410
2020-12-15,413,414
2020-12-16,414,415
2020-12-17,413,414
2020-12-18,404,417
2020-12-19,404,404
2020-12-20,404,404
2020-12-21,404,404
2020-12-22,400,406
2020-12-23,400,400
2020-12-24,401,401
2020-12-25,401,401
2020-12-26,401,401
2020-12-27,401,401
2020-12-28,404,405
2020-12-29,402,410
2020-12-30,402,402
2020-12-31,407,407
2021-01-01,407,407
2021-01-02,407,407
2021-01-03,407,407
2021-01-04,360,410
2021-01-05,356,362
2021-01-06,357,360
2021-01-07,358,359
2021-01-08,328,369
2021-01-09,328,328
2021-01-10,328,328
2021-01-11,329,330
2021-01-12,325,330
2021-01-13,340,343
2021-01-14,342,349
2021-01-15,327,357
2021-01-16,327,327
2021-01-17,327,327
2021-01-18,306,328
2021-01-19,304,312
2021-01-20,327,333
2021-01-21,303,331
2021-01-22,294,313
2021-01-23,294,294
2021-01-24,294,294
2021-01-25,305,307
2021-01-26,304,311
2021-01-27,303,304
2021-01-28,295,303
2021-01-29,269,297
2021-01-30,269,269
2021-01-31,269,269
2021-02-01,259,269
2021-02-02,254,261
2021-02-03,252,254
2021-02-04,253,260
2021-02-05,247,258
2021-02-06,247,247
2021-02-07,247,247
2021-02-08,239,247
2021-02-09,238,241
2021-02-10,264,270
2021-02-11,0,264
2021-02-12,0,0
2021-02-13,227,227
2021-02-14,228,228
2021-02-15,228,228
2021-02-16,228,228
2021-02-17,228,228
2021-02-18,228,228
2021-02-19,228,228
2021-02-20,333,333
2021-02-21,335,335
2021-02-22,334,336
2021-02-23,329,335
2021-02-24,325,329
2021-02-25,323,325
2021-02-26,309,325
2021-02-27,211,309
2021-02-28,211,211
2021-03-01,209,211
2021-03-02,201,210
2021-03-03,201,201
2021-03-04,204,204
2021-03-05,196,205
2021-03-06,196,196
2021-03-07,196,196
2021-03-08,202,202
2021-03-09,199,203
2021-03-10,207,212
2021-03-11,220,221
2021-03-12,216,221
2021-03-13,216,216
2021-03-14,215,216
2021-03-15,215,215
2021-03-16,212,215
2021-03-17,227,230
2021-03-18,220,227
2021-03-19,217,223
2021-03-20,217,217
2021-03-21,217,217
2021-03-22,249,258
2021-03-23,246,250
2021-03-24,240,246
2021-03-25,277,289
2021-03-26,267,280
2021-03-27,267,267
2021-03-28,267,267
2021-03-29,267,276
2021-03-30,244,268
2021-03-31,258,260
2021-04-01,254,258
2021-04-02,255,257
2021-04-03,255,255
2021-04-04,255,255
2021-04-05,258,260
2021-04-06,278,282
2021-04-07,262,280
2021-04-08,259,262
2021-04-09,258,263
2021-04-10,258,258
2021-04-11,258,258
2021-04-12,275,276
2021-04-13,273,275
2021-04-14,268,281
2021-04-15,307,311
2021-04-16,333,340
2021-04-17,333,333
2021-04-18,333,333
2021-04-19,364,364
2021-04-20,365,372
2021-04-21,415,421
2021-04-22,418,418
2021-04-23,432,442
2021-04-24,432,432
2021-04-25,432,432
2021-04-26,479,480
2021-04-27,531,532
2021-04-28,522,531
2021-04-29,530,562
2021-04-30,527,533
2021-05-01,527,527
2021-05-02,527,527
2021-05-03,577,580
2021-05-04,575,580
2021-05-05,625,635
2021-05-06,617,626
2021-05-07,715,719
2021-05-08,714,715
2021-05-09,714,714
2021-05-10,704,714
2021-05-11,764,779
2021-05-12,755,764
2021-05-13,775,779
2021-05-14,788,811
2021-05-15,788,788
2021-05-16,788,788
2021-05-17,812,821
2021-05-18,848,856
2021-05-19,880,898
2021-05-20,873,881
2021-05-21,882,893
2021-05-22,882,882
2021-05-23,882,882
2021-05-24,875,882
2021-05-25,906,911
2021-05-26,960,969
2021-05-27,981,985
2021-05-28,994,"1,007"
2021-05-29,994,994
2021-05-30,994,994
2021-05-31,994,994
2021-06-01,"1,027","1,038"
2021-06-02,"1,100","1,113"
2021-06-03,"1,072","1,100"
2021-06-04,"1,101","1,124"
2021-06-05,"1,101","1,101"
2021-06-06,"1,101","1,101"
2021-06-07,"1,090","1,102"
2021-06-08,"1,094","1,114"
2021-06-09,"1,104","1,133"
2021-06-10,"1,133","1,140"
2021-06-11,"1,119","1,183"
2021-06-12,"1,118","1,119"
2021-06-13,"1,118","1,118"
2021-06-14,"1,157","1,174"
2021-06-15,"1,185","1,193"
2021-06-16,"1,220","1,258"
2021-06-17,"1,219","1,223"
2021-06-18,"1,184","1,220"
2021-06-19,"1,165","1,184"
2021-06-20,"1,165","1,165"
2021-06-21,"1,148","1,165"
2021-06-22,"1,136","1,151"
2021-06-23,"1,147","1,171"
2021-06-24,"1,166","1,188"
2021-06-25,"1,148","1,170"
2021-06-26,"1,148","1,148"
2021-06-27,"1,148","1,148"
2021-06-28,"1,173","1,200"
2021-06-29,"1,145","1,174"
2021-06-30,"1,153","1,172"
2021-07-01,"1,127","1,184"
2021-07-02,"1,145","1,153"
2021-07-03,"1,145","1,145"
2021-07-04,"1,145","1,145"
2021-07-05,"1,145","1,145"
2021-07-06,"1,109","1,145"
2021-07-07,"1,088","1,112"
2021-07-08,"1,016","1,088"
2021-07-09,"1,051","1,096"
2021-07-10,"1,051","1,051"
2021-07-11,"1,023","1,051"
2021-07-12,984,"1,064"
2021-07-13,983,"1,039"
2021-07-14,963,"1,035"
2021-07-15,924,998
2021-07-16,953,985
2021-07-17,953,953
2021-07-18,918,953
2021-07-19,946,956
2021-07-20,995,997
2021-07-21,989,999
2021-07-22,"1,030","1,098"
2021-07-23,"1,017","1,033"
2021-07-24,"1,016","1,018"
2021-07-25,"1,016","1,016"
2021-07-26,"1,032","1,053"
2021-07-27,"1,021","1,035"
2021-07-28,"1,007","1,031"
2021-07-29,942,"1,021"
2021-07-30,963,991
2021-07-31,946,963
2021-08-01,946,946
2021-08-02,962,974
2021-08-03,983,"1,008"
2021-08-04,986,"1,012"
2021-08-05,950,996
2021-08-06,933,967
2021-08-07,911,933
2021-08-08,898,911
2021-08-09,943,958
2021-08-10,968,977
2021-08-11,979,"1,004"
2021-08-12,968,"1,009"
2021-08-13,957,989
2021-08-14,933,957
2021-08-15,933,933
2021-08-16,894,933
2021-08-17,900,925
2021-08-18,926,939
2021-08-19,886,926
2021-08-20,857,909
2021-08-21,838,858
2021-08-22,832,838
2021-08-23,854,872
2021-08-24,882,904
2021-08-25,878,922
2021-08-26,826,908
2021-08-27,806,832
2021-08-28,784,806
2021-08-29,784,784
2021-08-30,784,784
2021-08-31,816,837
2021-09-01,833,870
2021-09-02,798,891
2021-09-03,763,801
2021-09-04,728,763
2021-09-05,728,728
2021-09-06,729,729
2021-09-07,748,779
2021-09-08,754,797
2021-09-09,736,807
2021-09-10,788,795
2021-09-11,756,788
2021-09-12,756,756
2021-09-13,804,806
2021-09-14,813,856
2021-09-15,823,863
2021-09-16,839,873
2021-09-17,880,892
2021-09-18,880,880
2021-09-19,880,880
2021-09-20,916,961
2021-09-21,954,970
2021-09-22,991,"1,007"
2021-09-23,"1,031","1,042"
2021-09-24,"1,016","1,061"
2021-09-25,"1,016","1,016"
2021-09-26,"1,016","1,016"
2021-09-27,955,"1,016"
2021-09-28,993,"1,005"
2021-09-29,977,993
2021-09-30,"1,008","1,028"
2021-10-01,991,"1,008"
2021-10-02,990,991
2021-10-03,990,990
2021-10-04,954,990
2021-10-05,952,958
2021-10-06,994,"1,004"
2021-10-07,959,994
2021-10-08,950,960
2021-10-09,950,950
2021-10-10,950,950
2021-10-11,943,950
2021-10-12,980,993
2021-10-13,970,980
2021-10-14,926,970
2021-10-15,895,927
2021-10-16,895,895
2021-10-17,895,895
2021-10-18,889,896
2021-10-19,838,891
2021-10-20,889,889
2021-10-21,888,889
2021-10-22,916,933
2021-10-23,916,916
2021-10-24,916,916
2021-10-25,910,916
2021-10-26,900,910
2021-10-27,889,901
2021-10-28,910,940
2021-10-29,905,910
2021-10-30,905,905
2021-10-31,905,905
2021-11-01,897,905
2021-11-02,939,948
2021-11-03,915,941
2021-11-04,967,972
2021-11-05,908,968
2021-11-06,908,908
2021-11-07,973,973
2021-11-08,"1,017","1,033"
2021-11-09,"1,119","1,127"
2021-11-10,"1,093","1,121"
2021-11-11,"1,090","1,093"
2021-11-12,"1,072","1,094"
2021-11-13,"1,072","1,072"
2021-11-14,"1,072","1,072"
2021-11-15,"1,096","1,122"
2021-11-16,"1,079","1,127"
2021-11-17,"1,087","1,111"
2021-11-18,"1,059","1,087"
2021-11-19,"1,073","1,110"
2021-11-20,"1,073","1,073"
2021-11-21,"1,073","1,073"
2021-11-22,"1,053","1,094"
2021-11-23,"1,032","1,054"
2021-11-24,"1,051","1,083"
2021-11-25,"1,051","1,051"
2021-11-26,"1,049","1,051"
2021-11-27,"1,049","1,049"
2021-11-28,"1,049","1,049"
2021-11-29,"1,019","1,049"
2021-11-30,999,"1,078"
2021-12-01,"1,027","1,047"
2021-12-02,997,"1,078"
2021-12-03,"1,029","1,049"
2021-12-04,"1,018","1,029"
2021-12-05,"1,005","1,018"
2021-12-06,984,"1,005"
2021-12-07,981,"1,046"
2021-12-08,940,983
2021-12-09,902,940
2021-12-10,812,903
2021-12-11,792,812
2021-12-12,774,792
2021-12-13,760,825
2021-12-14,739,761
2021-12-15,684,742
2021-12-16,732,761
2021-12-17,715,733
2021-12-18,709,715
2021-12-19,702,709
2021-12-20,694,702
2021-12-21,646,695
2021-12-22,613,646
2021-12-23,510,615
2021-12-24,510,510
2021-12-25,510,510
2021-12-26,510,510
2021-12-27,494,510
2021-12-28,489,497
2021-12-29,533,540
2021-12-30,510,533
2021-12-31,510,510
2022-01-01,510,510
2022-01-02,510,510
2022-01-03,551,558
2022-01-04,539,552
2022-01-05,528,550
2022-01-06,560,572
2022-01-07,551,562
2022-01-08,551,551
2022-01-09,552,552
2022-01-10,585,602
2022-01-11,575,594
2022-01-12,571,575
2022-01-13,511,572
2022-01-14,498,555
2022-01-15,483,498
2022-01-16,468,483
2022-01-17,468,468
2022-01-18,497,519
2022-01-19,452,499
2022-01-20,417,452
2022-01-21,394,417
2022-01-22,380,394
2022-01-23,426,431
2022-01-24,373,426
2022-01-25,366,376
2022-01-26,427,450
2022-01-27,384,457
2022-01-28,377,387
2022-01-29,377,377
2022-01-30,377,377
2022-01-31,374,377
2022-02-01,331,380
2022-02-02,334,392
2022-02-03,336,343
2022-02-04,309,337
2022-02-05,293,310
2022-02-06,371,387
2022-02-07,377,382
2022-02-08,402,432
2022-02-09,435,456
2022-02-10,391,486
2022-02-11,340,391
2022-02-12,327,340
2022-02-13,320,327
2022-02-14,271,320
2022-02-15,294,315
2022-02-16,240,294
2022-02-17,229,247
2022-02-18,185,235
2022-02-19,182,185
2022-02-20,182,182
2022-02-21,149,182
2022-02-22,223,223
2022-02-23,298,308
2022-02-24,306,319
2022-02-25,308,389
2022-02-26,349,357
2022-02-27,348,349
2022-02-28,298,361
2022-03-01,251,299
2022-03-02,184,253
2022-03-03,145,187
2022-03-04,132,158
2022-03-05,124,132
2022-03-06,117,124
2022-03-07,117,117
2022-03-08,179,188
2022-03-09,181,190
2022-03-10,277,285
2022-03-11,233,286
2022-03-12,224,233
2022-03-13,265,274
2022-03-14,268,269
2022-03-15,261,271
2022-03-16,338,344
2022-03-17,357,414
2022-03-18,301,375
2022-03-19,296,301
2022-03-20,291,296
2022-03-21,419,420
2022-03-22,371,429
2022-03-23,337,382
2022-03-24,332,353
2022-03-25,384,439
2022-03-26,381,384
2022-03-27,378,381
2022-03-28,376,379
2022-03-29,350,383
2022-03-30,356,407
2022-03-31,374,410
2022-04-01,370,406
2022-04-02,365,371
2022-04-03,447,452
2022-04-04,402,447
2022-04-05,350,403
2022-04-06,287,359
2022-04-07,275,319
2022-04-08,272,308
2022-04-09,271,272
2022-04-10,269,271
2022-04-11,270,273
2022-04-12,264,328
2022-04-13,266,267
2022-04-14,287,291
2022-04-15,283,331
2022-04-16,282,283
2022-04-17,282,282
2022-04-18,282,282
2022-04-19,399,402
2022-04-20,445,449
2022-04-21,489,499
2022-04-22,483,493
2022-04-23,515,515
2022-04-24,515,515
2022-04-25,523,524
2022-04-26,531,575
2022-04-27,575,580
2022-04-28,577,595
2022-04-29,590,602
2022-04-30,590,590
2022-05-01,590,590
2022-05-02,631,631
2022-05-03,656,659
2022-05-04,666,697
2022-05-05,661,676
2022-05-06,664,677
2022-05-07,664,664
2022-05-08,734,734
2022-05-09,764,770
2022-05-10,765,767
2022-05-11,757,767
2022-05-12,698,757
2022-05-13,690,728
2022-05-14,715,715
2022-05-15,715,715
2022-05-16,713,715
2022-05-17,664,751
2022-05-18,650,691
2022-05-19,661,716
2022-05-20,685,719
2022-05-21,755,755
2022-05-22,755,755
2022-05-23,786,787
2022-05-24,751,797
2022-05-25,779,808
2022-05-26,854,884
2022-05-27,845,856
2022-05-28,845,845
2022-05-29,845,845
2022-05-30,835,894
2022-05-31,784,845
2022-06-01,752,796
2022-06-02,758,800
2022-06-03,741,766
2022-06-04,764,764
2022-06-05,764,764
2022-06-06,756,764
2022-06-07,747,767
2022-06-08,762,771
2022-06-09,740,763
2022-06-10,721,741
2022-06-11,721,721
2022-06-12,773,773
2022-06-13,772,773
2022-06-14,772,773
2022-06-15,760,807
2022-06-16,704,763
2022-06-17,702,712
2022-06-18,702,702
2022-06-19,821,821
2022-06-20,821,821
2022-06-21,850,858
2022-06-22,905,918
2022-06-23,946,990
2022-06-24,883,951
2022-06-25,883,883
2022-06-26,883,883
2022-06-27,918,923
2022-06-28,927,934
2022-06-29,935,978
2022-06-30,960,986
2022-07-01,977,988
2022-07-02,977,977
2022-07-03,977,977
2022-07-04,977,977
2022-07-05,967,977
2022-07-06,963,"1,020"
2022-07-07,935,968
2022-07-08,888,943
2022-07-09,955,955
2022-07-10,955,955
2022-07-11,968,975
2022-07-12,939,974
2022-07-13,923,971
2022-07-14,953,976
2022-07-15,960,978
2022-07-16,978,978
2022-07-17,978,978
2022-07-18,976,978
2022-07-19,986,993
2022-07-20,986,993
2022-07-21,915,988
2022-07-22,904,924
2022-07-23,905,905
2022-07-24,890,905
2022-07-25,929,932
2022-07-26,932,933
2022-07-27,921,932
2022-07-28,884,922
2022-07-29,909,915
2022-07-30,907,909
2022-07-31,907,907
2022-08-01,884,907
2022-08-02,894,931
2022-08-03,899,937
2022-08-04,888,899
2022-08-05,956,964
2022-08-06,956,956
2022-08-07,956,956
2022-08-08,956,961
2022-08-09,954,958
2022-08-10,940,991
2022-08-11,910,951
2022-08-12,934,947
2022-08-13,945,945
2022-08-14,945,945
2022-08-15,984,985
2022-08-16,956,990
2022-08-17,952,"1,011"
2022-08-18,930,953
2022-08-19,959,968
2022-08-20,957,959
2022-08-21,"1,033","1,033"
2022-08-22,"1,113","1,115"
2022-08-23,"1,119","1,121"
2022-08-24,"1,118","1,156"
2022-08-25,"1,187","1,204"
2022-08-26,"1,130","1,200"
2022-08-27,"1,131","1,131"
2022-08-28,"1,131","1,131"
2022-08-29,"1,159","1,161"
2022-08-30,"1,195","1,196"
2022-08-31,"1,248","1,290"
2022-09-01,"1,205","1,249"
2022-09-02,"1,195","1,215"
2022-09-03,"1,196","1,196"
2022-09-04,"1,202","1,202"
2022-09-05,"1,286","1,286"
2022-09-06,"1,265","1,291"
2022-09-07,"1,270","1,302"
2022-09-08,"1,305","1,326"
2022-09-09,"1,229","1,313"
2022-09-10,"1,270","1,270"
2022-09-11,"1,270","1,270"
2022-09-12,"1,271","1,272"
2022-09-13,"1,215","1,274"
2022-09-14,"1,279","1,290"
2022-09-15,"1,259","1,281"
2022-09-16,"1,274","1,286"
2022-09-17,"1,295","1,295"
2022-09-18,"1,295","1,295"
2022-09-19,"1,298","1,336"
2022-09-20,"1,296","1,298"
2022-09-21,"1,316","1,341"
2022-09-22,"1,306","1,329"
2022-09-23,"1,324","1,343"
2022-09-24,"1,324","1,325"
2022-09-25,"1,324","1,324"
2022-09-26,"1,296","1,335"
2022-09-27,"1,279","1,304"
2022-09-28,"1,335","1,342"
2022-09-29,"1,316","1,340"
2022-09-30,"1,350","1,371"
2022-10-01,"1,350","1,350"
2022-10-02,"1,357","1,357"
2022-10-03,"1,407","1,432"
2022-10-04,"1,455","1,460"
2022-10-05,"1,492","1,496"
2022-10-06,"1,430","1,495"
2022-10-07,"1,429","1,463"
2022-10-08,"1,429","1,429"
2022-10-09,"1,429","1,429"
2022-10-10,"1,429","1,429"
2022-10-11,"1,460","1,466"
2022-10-12,"1,481","1,501"
2022-10-13,"1,489","1,547"
2022-10-14,"1,466","1,510"
2022-10-15,"1,467","1,467"
2022-10-16,"1,465","1,467"
2022-10-17,"1,482","1,482"
2022-10-18,"1,494","1,524"
2022-10-19,"1,530","1,564"
2022-10-20,"1,515","1,587"
2022-10-21,"1,458","1,525"
2022-10-22,"1,535","1,535"
2022-10-23,"1,535","1,535"
2022-10-24,"1,531","1,536"
2022-10-25,"1,522","1,533"
2022-10-26,"1,533","1,544"
2022-10-27,"1,498","1,534"
2022-10-28,"1,430","1,516"
2022-10-29,"1,429","1,430"
2022-10-30,"1,429","1,429"
2022-10-31,"1,455","1,500"
2022-11-01,"1,460","1,467"
2022-11-02,"1,505","1,549"
2022-11-03,"1,518","1,531"
2022-11-04,"1,429","1,527"
2022-11-05,"1,458","1,458"
2022-11-06,"1,458","1,458"
2022-11-07,"1,519","1,536"
2022-11-08,"1,507","1,519"
2022-11-09,"1,458","1,508"
2022-11-10,"1,545","1,547"
2022-11-11,"1,503","1,545"
2022-11-12,"1,504","1,504"
2022-11-13,"1,504","1,504"
2022-11-14,"1,499","1,504"
2022-11-15,"1,532","1,540"
2022-11-16,"1,512","1,532"
2022-11-17,"1,475","1,546"
2022-11-18,"1,429","1,511"
2022-11-19,"1,429","1,429"
2022-11-20,"1,506","1,506"
2022-11-21,"1,535","1,540"
2022-11-22,"1,521","1,536"
2022-11-23,"1,545","1,606"
2022-11-24,"1,545","1,545"
2022-11-25,"1,558","1,567"
2022-11-26,"1,558","1,558"
2022-11-27,"1,558","1,558"
2022-11-28,"1,542","1,580"
2022-11-29,"1,503","1,559"
2022-11-30,"1,451","1,504"
2022-12-01,"1,438","1,456"
2022-12-02,"1,448","1,467"
2022-12-03,"1,438","1,448"
2022-12-04,"1,451","1,460"
2022-12-05,"1,414","1,476"
2022-12-06,"1,371","1,446"
2022-12-07,"1,317","1,400"
2022-12-08,"1,263","1,341"
2022-12-09,"1,235","1,268"
2022-12-10,"1,224","1,239"
2022-12-11,"1,208","1,224"
2022-12-12,"1,181","1,210"
2022-12-13,"1,154","1,224"
2022-12-14,"1,079","1,180"
2022-12-15,981,"1,121"
2022-12-16,904,998
2022-12-17,879,904
2022-12-18,854,879
2022-12-19,829,854
2022-12-20,780,835
2022-12-21,787,797
2022-12-22,818,876
2022-12-23,798,822
2022-12-24,848,848
2022-12-25,848,848
2022-12-26,848,848
2022-12-27,842,849
2022-12-28,822,847
2022-12-29,800,842
2022-12-30,781,834
2022-12-31,781,781
2023-01-01,781,781
2023-01-02,781,781
2023-01-03,764,801
2023-01-04,753,769
2023-01-05,694,769
2023-01-06,733,756
2023-01-07,774,775
2023-01-08,781,781
2023-01-09,824,829
2023-01-10,818,828
2023-01-11,867,881
2023-01-12,817,868
2023-01-13,798,832
2023-01-14,798,798
2023-01-15,798,798
2023-01-16,797,798
2023-01-17,776,802
2023-01-18,783,804
2023-01-19,728,787
2023-01-20,736,763
2023-01-21,780,780
2023-01-22,780,783
2023-01-23,838,838
2023-01-24,836,842
2023-01-25,829,846
2023-01-26,767,831
2023-01-27,745,769
2023-01-28,818,818
2023-01-29,829,830
2023-01-30,827,829
2023-01-31,821,827
2023-02-01,816,832
2023-02-02,791,817
2023-02-03,787,798
2023-02-04,787,787
2023-02-05,787,787
2023-02-06,844,850
2023-02-07,828,862
2023-02-08,864,873
2023-02-09,876,898
2023-02-10,856,880
2023-02-11,857,857
2023-02-12,857,857
2023-02-13,839,857
2023-02-14,833,842
2023-02-15,879,886
2023-02-16,875,888
2023-02-17,874,886
2023-02-18,874,874
2023-02-19,881,896
2023-02-20,932,932
2023-02-21,913,934
2023-02-22,903,916
2023-02-23,912,924
2023-02-24,900,"1,343"
2023-02-25,899,900
2023-02-26,963,"1,031"
2023-02-27,944,"1,410"
2023-02-28,945,952
2023-03-01,932,947
2023-03-02,989,"1,005"
2023-03-03,983,995
2023-03-04,983,983
2023-03-05,983,983
2023-03-06,"1,001","1,015"
2023-03-07,994,"1,020"
2023-03-08,994,"1,005"
2023-03-09,982,996
2023-03-10,966,996
2023-03-11,"1,025","1,025"
2023-03-12,"1,025","1,025"
2023-03-13,"1,059","1,075"
2023-03-14,"1,052","1,066"
2023-03-15,"1,034","1,052"
2023-03-16,"1,063","1,074"
2023-03-17,"1,051","1,076"
2023-03-18,"1,051","1,051"
2023-03-19,"1,069","1,069"
2023-03-20,"1,035","1,069"
2023-03-21,"1,050","1,058"
2023-03-22,"1,040","1,058"
2023-03-23,996,"1,041"
2023-03-24,"1,036","1,043"
2023-03-25,"1,037","1,037"
2023-03-26,"1,037","1,037"
2023-03-27,"1,090","1,110"
2023-03-28,"1,070","1,104"
2023-03-29,"1,036","1,092"
2023-03-30,"1,085","1,090"
2023-03-31,"1,022","1,095"
2023-04-01,"1,022","1,022"
2023-04-02,"1,022","1,022"
2023-04-03,"1,045","1,051"
2023-04-04,"1,060","1,081"
2023-04-05,"1,050","1,060"
2023-04-06,"1,142","1,151"
2023-04-07,"1,125","1,150"
2023-04-08,"1,125","1,125"
2023-04-09,"1,125","1,125"
2023-04-10,"1,120","1,136"
2023-04-11,"1,165","1,181"
2023-04-12,"1,160","1,170"
2023-04-13,"1,148","1,187"
2023-04-14,"1,086","1,162"
2023-04-15,"1,086","1,086"
2023-04-16,"1,086","1,086"
2023-04-17,"1,135","1,139"
2023-04-18,"1,145","1,179"
2023-04-19,"1,129","1,150"
2023-04-20,"1,186","1,188"
2023-04-21,"1,351","1,369"
2023-04-22,"1,347","1,352"
2023-04-23,"1,343","1,347"
2023-04-24,"1,408","1,414"
2023-04-25,"1,370","1,478"
2023-04-26,"1,374","1,429"
2023-04-27,"1,449","1,496"
2023-04-28,"1,449","1,542"
2023-04-29,"1,402","1,449"
2023-04-30,"1,383","1,402"
2023-05-01,"1,437","1,444"
2023-05-02,"1,447","1,492"
2023-05-03,"1,450","1,497"
2023-05-04,"1,409","1,497"
2023-05-05,"1,273","1,416"
2023-05-06,"1,247","1,273"
2023-05-07,"1,229","1,247"
2023-05-08,"1,141","1,229"
2023-05-09,"1,087","1,153"
2023-05-10,"1,020","1,088"
2023-05-11,968,"1,020"
2023-05-12,944,976
2023-05-13,911,944
2023-05-14,886,911
2023-05-15,850,886
2023-05-16,850,865
2023-05-17,955,"1,004"
2023-05-18,962,"1,025"
2023-05-19,958,"1,016"
2023-05-20,981,981
2023-05-21,981,981
2023-05-22,959,988
2023-05-23,944,"1,027"
2023-05-24,935,"1,026"
2023-05-25,899,976
2023-05-26,875,947
2023-05-27,971,986
2023-05-28,955,971
2023-05-29,943,991
2023-05-30,892,984
2023-05-31,"1,143","1,173"
2023-06-01,995,"1,215"
2023-06-02,956,"1,042"
2023-06-03,"1,009","1,014"
2023-06-04,"1,050","1,050"
2023-06-05,985,"1,134"
2023-06-06,978,"1,044"
2023-06-07,"1,095","1,150"
2023-06-08,820,"1,096"
2023-06-09,829,931
2023-06-10,824,829
2023-06-11,824,824
2023-06-12,866,895
2023-06-13,999,"1,001"
2023-06-14,"1,191","1,243"
2023-06-15,"1,053","1,211"
2023-06-16,926,"1,110"
2023-06-17,929,949
2023-06-18,919,929
2023-06-19,923,963
2023-06-20,867,946
2023-06-21,"1,113","1,134"
2023-06-22,934,"1,128"
2023-06-23,920,"1,038"
2023-06-24,996,996
2023-06-25,996,996
2023-06-26,"1,082","1,102"
2023-06-27,"1,060","1,116"
2023-06-28,982,"1,069"
2023-06-29,960,"1,026"
2023-06-30,967,"1,057"
2023-07-01,994,"1,002"
2023-07-02,994,994
2023-07-03,"1,132","1,133"
2023-07-04,"1,135","1,135"
2023-07-05,"1,129","1,173"
2023-07-06,"1,121","1,166"
2023-07-07,"1,096","1,154"
2023-07-08,"1,122","1,131"
2023-07-09,"1,161","1,168"
2023-07-10,"1,193","1,199"
2023-07-11,"1,161","1,219"
2023-07-12,"1,396","1,453"
2023-07-13,"1,344","1,450"
2023-07-14,"1,203","1,364"
2023-07-15,"1,260","1,270"
2023-07-16,"1,260","1,260"
2023-07-17,"1,296","1,299"
2023-07-18,"1,276","1,329"
2023-07-19,"1,343","1,394"
2023-07-20,"1,267","1,359"
2023-07-21,"1,229","1,294"
2023-07-22,"1,223","1,264"
2023-07-23,"1,209","1,229"
2023-07-24,"1,051","1,209"
2023-07-25,"1,078","1,165"
2023-07-26,"1,225","1,282"
2023-07-27,"1,162","1,252"
2023-07-28,"1,175","1,240"
2023-07-29,"1,211","1,220"
2023-07-30,"1,239","1,239"
2023-07-31,"1,218","1,292"
2023-08-01,"1,257","1,368"
2023-08-02,"1,256","1,305"
2023-08-03,"1,204","1,301"
2023-08-04,"1,154","1,215"
2023-08-05,"1,173","1,194"
2023-08-06,"1,173","1,173"
2023-08-07,"1,127","1,223"
2023-08-08,"1,068","1,169"
2023-08-09,"1,161","1,243"
2023-08-10,"1,194","1,289"
2023-08-11,"1,151","1,309"
2023-08-12,"1,206","1,219"
2023-08-13,"1,263","1,263"
2023-08-14,"1,395","1,414"
2023-08-15,"1,492","1,515"
2023-08-16,"1,468","1,537"
2023-08-17,"1,492","1,575"
2023-08-18,"1,531","1,598"
2023-08-19,"1,506","1,625"
2023-08-20,"1,564","1,596"
2023-08-21,"1,614","1,615"
2023-08-22,"1,573","1,659"
2023-08-23,"1,585","1,602"
2023-08-24,"1,496","1,586"
2023-08-25,"1,383","1,541"
2023-08-26,"1,411","1,424"
2023-08-27,"1,430","1,443"
2023-08-28,"1,517","1,520"
2023-08-29,"1,477","1,564"
2023-08-30,"1,465","1,479"
2023-08-31,"1,457","1,486"
2023-09-01,"1,359","1,536"
2023-09-02,"1,413","1,414"
2023-09-03,"1,444","1,444"
2023-09-04,"1,467","1,467"
2023-09-05,"1,553","1,565"
2023-09-06,"1,605","1,664"
2023-09-07,"1,402","1,648"
2023-09-08,"1,292","1,440"
2023-09-09,"1,292","1,292"
2023-09-10,"1,297","1,297"
2023-09-11,"1,363","1,368"
2023-09-12,"1,433","1,448"
2023-09-13,"1,504","1,592"
2023-09-14,"1,408","1,557"
2023-09-15,"1,330","1,487"
2023-09-16,"1,374","1,422"
2023-09-17,"1,401","1,402"
2023-09-18,"1,490","1,492"
2023-09-19,"1,517","1,561"
2023-09-20,"1,461","1,581"
2023-09-21,"1,301","1,463"
2023-09-22,"1,306","1,416"
2023-09-23,"1,313","1,313"
2023-09-24,"1,315","1,328"
2023-09-25,"1,373","1,380"
2023-09-26,"1,491","1,515"
2023-09-27,"1,538","1,567"
2023-09-28,"1,435","1,541"
2023-09-29,"1,482","1,591"
2023-09-30,"1,513","1,515"
2023-10-01,"1,487","1,531"
2023-10-02,"1,515","1,519"
2023-10-03,"1,567","1,617"
2023-10-04,"1,528","1,600"
2023-10-05,"1,480","1,529"
2023-10-06,"1,463","1,599"
2023-10-07,"1,428","1,487"
2023-10-08,"1,431","1,436"
2023-10-09,"1,387","1,487"
2023-10-10,"1,414","1,480"
2023-10-11,"1,422","1,469"
2023-10-12,"1,352","1,457"
2023-10-13,"1,366","1,442"
2023-10-14,"1,310","1,366"
2023-10-15,"1,354","1,355"
2023-10-16,"1,405","1,406"
2023-10-17,"1,405","1,499"
2023-10-18,"1,479","1,486"
2023-10-19,"1,419","1,510"
2023-10-20,"1,449","1,492"
2023-10-21,"1,437","1,455"
2023-10-22,"1,485","1,486"
2023-10-23,"1,501","1,525"
2023-10-24,"1,495","1,552"
2023-10-25,"1,521","1,581"
2023-10-26,"1,404","1,537"
2023-10-27,"1,303","1,442"
2023-10-28,"1,331","1,339"
2023-10-29,"1,339","1,367"
2023-10-30,"1,227","1,390"
2023-10-31,"1,352","1,377"
2023-11-01,"1,355","1,380"
2023-11-02,"1,432","1,488"
2023-11-03,"1,530","1,552"
2023-11-04,"1,514","1,555"
2023-11-05,"1,562","1,607"
2023-11-06,"1,530","1,600"
2023-11-07,"1,522","1,624"
2023-11-08,"1,490","1,692"
2023-11-09,"1,490","1,505"
2023-11-10,"1,444","1,544"
2023-11-11,"1,444","1,444"
2023-11-12,"1,423","1,466"
2023-11-13,"1,527","1,529"
2023-11-14,"1,483","1,637"
2023-11-15,"1,534","1,560"
2023-11-16,"1,510","1,618"
2023-11-17,"1,539","1,604"
2023-11-18,"1,534","1,539"
2023-11-19,"1,566","1,572"
2023-11-20,"1,552","1,567"
2023-11-21,"1,545","1,666"
2023-11-22,"1,550","1,582"
2023-11-23,"1,550","1,550"
2023-11-24,"1,558","1,585"
2023-11-25,"1,557","1,558"
2023-11-26,"1,553","1,557"
2023-11-27,"1,491","1,577"
2023-11-28,"1,527","1,596"
2023-11-29,"1,512","1,536"
2023-11-30,"1,469","1,552"
2023-12-01,"1,407","1,567"
2023-12-02,"1,477","1,536"
2023-12-03,"1,413","1,493"
2023-12-04,"1,413","1,420"
2023-12-05,"1,481","1,534"
2023-12-06,"1,495","1,572"
2023-12-07,"1,585","1,624"
2023-12-08,"1,636","1,714"
2023-12-09,"1,652","1,741"
2023-12-10,"1,652","1,659"
2023-12-11,"1,617","1,656"
2023-12-12,"1,578","1,624"
2023-12-13,"1,537","1,648"
2023-12-14,"1,470","1,541"
2023-12-15,"1,440","1,500"
2023-12-16,"1,442","1,445"
2023-12-17,"1,468","1,514"
2023-12-18,"1,522","1,523"
2023-12-19,"1,504","1,531"
2023-12-20,"1,448","1,504"
2023-12-21,"1,511","1,520"
2023-12-22,"1,505","1,532"
2023-12-23,"1,506","1,506"
2023-12-24,"1,506","1,506"
2023-12-25,"1,506","1,506"
2023-12-26,"1,504","1,507"
2023-12-27,"1,502","1,565"
2023-12-28,"1,525","1,535"
2023-12-29,"1,535","1,539"
2023-12-30,"1,535","1,535"
2023-12-31,"1,534","1,535"
2024-01-01,"1,534","1,534"
2024-01-02,"1,527","1,536"
2024-01-03,"1,494","1,581"
2024-01-04,"1,545","1,565"
2024-01-05,"1,569","1,600"
2024-01-06,"1,568","1,569"
2024-01-07,"1,568","1,568"
2024-01-08,"1,555","1,570"
2024-01-09,"1,577","1,634"
2024-01-10,"1,573","1,597"
2024-01-11,"1,534","1,575"
2024-01-12,"1,519","1,549"
2024-01-13,"1,519","1,519"
2024-01-14,"1,519","1,520"
2024-01-15,"1,515","1,519"
2024-01-16,"1,511","1,515"
2024-01-17,"1,474","1,512"
2024-01-18,"1,512","1,546"
2024-01-19,"1,565","1,651"
2024-01-20,"1,568","1,569"
2024-01-21,"1,566","1,568"
2024-01-22,"1,551","1,570"
2024-01-23,"1,562","1,567"
2024-01-24,"1,482","1,573"
2024-01-25,"1,486","1,488"
2024-01-26,"1,376","1,503"
2024-01-27,"1,383","1,383"
2024-01-28,"1,383","1,383"
2024-01-29,"1,370","1,385"
2024-01-30,"1,364","1,376"
2024-01-31,"1,358","1,366"
2024-02-01,"1,357","1,374"
2024-02-02,"1,365","1,373"
2024-02-03,"1,365","1,365"
2024-02-04,"1,365","1,365"
2024-02-05,"1,357","1,365"
2024-02-06,"1,341","1,367"
2024-02-07,"1,352","1,357"
2024-02-08,"1,372","1,376"
2024-02-09,"1,377","1,379"
2024-02-10,"1,374","1,377"
2024-02-11,"1,374","1,374"
2024-02-12,"1,364","1,374"
2024-02-13,"1,375","1,398"
2024-02-14,"1,354","1,376"
2024-02-15,"1,372","1,373"
2024-02-16,"1,380","1,389"
2024-02-17,"1,396","1,397"
2024-02-18,"1,395","1,396"
2024-02-19,"1,390","1,395"
2024-02-20,"1,423","1,436"
2024-02-21,"1,404","1,425"
2024-02-22,"1,411","1,434"
2024-02-23,"1,410","1,430"
2024-02-24,"1,497","1,497"
2024-02-25,"1,497","1,497"
2024-02-26,"1,486","1,498"
2024-02-27,"1,488","1,502"
2024-02-28,"1,475","1,501"
2024-02-29,"1,460","1,475"
2024-03-01,"1,332","1,473"
2024-03-02,"1,450","1,477"
2024-03-03,"1,442","1,450"
2024-03-04,"1,437","1,443"
2024-03-05,"1,428","1,442"
2024-03-06,"1,423","1,433"
2024-03-07,"1,409","1,424"
2024-03-08,"1,402","1,423"
2024-03-09,"1,473","1,473"
2024-03-10,"1,473","1,473"
2024-03-11,"1,456","1,473"
2024-03-12,"1,454","1,466"
2024-03-13,"1,426","1,463"
2024-03-14,"1,407","1,426"
2024-03-15,"1,402","1,443"
2024-03-16,"1,418","1,418"
2024-03-17,"1,415","1,418"
2024-03-18,"1,391","1,417"
2024-03-19,"1,413","1,442"
2024-03-20,"1,389","1,421"
2024-03-21,"1,353","1,404"
2024-03-22,"1,395","1,409"
2024-03-23,"1,482","1,482"
2024-03-24,"1,482","1,482"
2024-03-25,"1,450","1,485"
2024-03-26,"1,384","1,453"
2024-03-27,"1,458","1,465"
2024-03-28,"1,429","1,459"
2024-03-29,"1,423","1,441"
2024-03-30,"1,424","1,424"
2024-03-31,"1,424","1,424"
2024-04-01,"1,387","1,509"
2024-04-02,"1,364","1,390"
2024-04-03,"1,363","1,374"
2024-04-04,"1,314","1,370"
2024-04-05,"1,306","1,343"
2024-04-06,"1,306","1,306"
2024-04-07,"1,306","1,306"
2024-04-08,"1,250","1,306"
2024-04-09,"1,251","1,258"
2024-04-10,"1,261","1,332"
2024-04-11,"1,239","1,262"
2024-04-12,"1,238","1,253"
2024-04-13,"1,238","1,238"
2024-04-14,"1,238","1,238"
2024-04-15,"1,262","1,286"
2024-04-16,"1,223","1,275"
2024-04-17,"1,209","1,226"
2024-04-18,"1,201","1,231"
2024-04-19,"1,224","1,253"
2024-04-20,"1,254","1,255"
2024-04-21,"1,244","1,254"
2024-04-22,"1,163","1,246"
2024-04-23,"1,127","1,168"
2024-04-24,"1,159","1,170"
2024-04-25,"1,143","1,161"
2024-04-26,"1,126","1,160"
2024-04-27,"1,126","1,126"
2024-04-28,"1,127","1,127"
2024-04-29,"1,097","1,127"
2024-04-30,"1,103","1,122"
2024-05-01,"1,185","1,214"
2024-05-02,"1,167","1,185"
2024-05-03,"1,157","1,177"
2024-05-04,"1,171","1,171"
2024-05-05,"1,195","1,195"
2024-05-06,"1,159","1,206"
2024-05-07,"1,174","1,233"
2024-05-08,"1,342","1,352"
2024-05-09,"1,294","1,343"
2024-05-10,"1,251","1,318"
2024-05-11,"1,284","1,286"
2024-05-12,"1,285","1,285"
2024-05-13,"1,194","1,286"
2024-05-14,"1,216","1,225"
2024-05-15,"1,398","1,417"
2024-05-16,"1,359","1,399"
2024-05-17,"1,327","1,378"
2024-05-18,"1,370","1,378"
2024-05-19,"1,370","1,370"
2024-05-20,"1,286","1,382"
2024-05-21,"1,268","1,291"
2024-05-22,"1,336","1,387"
2024-05-23,"1,320","1,338"
2024-05-24,"1,289","1,333"
2024-05-25,"1,374","1,378"
2024-05-26,"1,374","1,374"
2024-05-27,"1,283","1,375"
2024-05-28,"1,236","1,287"
2024-05-29,"1,294","1,383"
2024-05-30,"1,315","1,399"
2024-05-31,"1,298","1,336"
2024-06-01,"1,287","1,299"
2024-06-02,"1,301","1,302"
2024-06-03,"1,223","1,303"
2024-06-04,"1,258","1,320"
2024-06-05,"1,247","1,378"
2024-06-06,"1,312","1,357"
2024-06-07,"1,272","1,368"
2024-06-08,"1,339","1,350"
2024-06-09,"1,383","1,384"
2024-06-10,"1,309","1,463"
2024-06-11,"1,268","1,320"
2024-06-12,"1,349","1,399"
2024-06-13,"1,332","1,423"
2024-06-14,"1,400","1,407"
2024-06-15,"1,454","1,479"
2024-06-16,"1,454","1,454"
2024-06-17,"1,438","1,500"
2024-06-18,"1,426","1,465"
2024-06-19,"1,395","1,541"
2024-06-20,"1,341","1,396"
2024-06-21,"1,402","1,446"
2024-06-22,"1,442","1,447"
2024-06-23,"1,462","1,462"
2024-06-24,"1,344","1,464"
2024-06-25,"1,330","1,357"
2024-06-26,"1,381","1,493"
2024-06-27,"1,333","1,382"
2024-06-28,"1,360","1,391"
2024-06-29,"1,406","1,410"
2024-06-30,"1,406","1,406"
2024-07-01,"1,395","1,422"
2024-07-02,"1,359","1,428"
2024-07-03,"1,470","1,500"
2024-07-04,"1,454","1,485"
2024-07-05,"1,474","1,513"
2024-07-06,"1,447","1,474"
2024-07-07,"1,498","1,499"
2024-07-08,"1,422","1,517"
2024-07-09,"1,449","1,456"
2024-07-10,"1,511","1,564"
2024-07-11,"1,443","1,511"
2024-07-12,"1,472","1,498"
2024-07-13,"1,502","1,511"
2024-07-14,"1,510","1,510"
2024-07-15,"1,402","1,518"
2024-07-16,"1,534","1,582"
2024-07-17,"1,537","1,588"
2024-07-18,"1,544","1,546"
2024-07-19,"1,544","1,581"
2024-07-20,"1,557","1,560"
2024-07-21,"1,557","1,557"
2024-07-22,"1,460","1,560"
2024-07-23,"1,506","1,518"
2024-07-24,"1,456","1,510"
2024-07-25,"1,427","1,464"
2024-07-26,"1,404","1,444"
2024-07-27,"1,388","1,404"
2024-07-28,"1,481","1,481"
2024-07-29,"1,435","1,482"
2024-07-30,"1,505","1,525"
2024-07-31,"1,500","1,517"
2024-08-01,"1,552","1,553"
2024-08-02,"1,525","1,574"
2024-08-03,"1,563","1,572"
2024-08-04,"1,563","1,563"
2024-08-05,"1,548","1,617"
2024-08-06,"1,564","1,580"
2024-08-07,"1,543","1,564"
2024-08-08,"1,481","1,547"
2024-08-09,"1,492","1,512"
2024-08-10,"1,513","1,523"
2024-08-11,"1,492","1,516"
2024-08-12,"1,439","1,494"
2024-08-13,"1,509","1,539"
2024-08-14,"1,476","1,510"
2024-08-15,"1,462","1,480"
2024-08-16,"1,504","1,573"
2024-08-17,"1,474","1,504"
2024-08-18,"1,471","1,474"
2024-08-19,"1,433","1,485"
2024-08-20,"1,438","1,452"
2024-08-21,"1,418","1,446"
2024-08-22,"1,400","1,421"
2024-08-23,"1,422","1,447"
2024-08-24,"1,477","1,504"
2024-08-25,"1,495","1,504"
2024-08-26,"1,460","1,526"
2024-08-27,"1,516","1,526"
2024-08-28,"1,558","1,600"
2024-08-29,"1,515","1,559"
2024-08-30,"1,512","1,539"
2024-08-31,"1,469","1,536"
2024-09-01,"1,451","1,469"
2024-09-02,"1,403","1,451"
2024-09-03,"1,383","1,409"
2024-09-04,"1,403","1,410"
2024-09-05,"1,445","1,475"
2024-09-06,"1,480","1,516"
2024-09-07,"1,504","1,508"
2024-09-08,"1,505","1,505"
2024-09-09,"1,478","1,552"
2024-09-10,"1,531","1,548"
2024-09-11,"1,529","1,534"
2024-09-12,"1,518","1,530"
2024-09-13,"1,463","1,538"
2024-09-14,"1,441","1,551"
2024-09-15,"1,441","1,441"
2024-09-16,"1,418","1,443"
2024-09-17,"1,457","1,502"
2024-09-18,"1,474","1,490"
2024-09-19,"1,497","1,505"
2024-09-20,"1,469","1,519"
2024-09-21,"1,485","1,495"
2024-09-22,"1,485","1,485"
2024-09-23,"1,481","1,512"
2024-09-24,"1,493","1,504"
2024-09-25,"1,470","1,503"
2024-09-26,"1,449","1,480"
2024-09-27,"1,457","1,523"
2024-09-28,"1,471","1,472"
2024-09-29,"1,470","1,471"
2024-09-30,"1,443","1,475"
2024-10-01,"1,476","1,499"
2024-10-02,"1,472","1,479"
2024-10-03,"1,495","1,520"
2024-10-04,"1,497","1,519"
2024-10-05,"1,490","1,497"
2024-10-06,"1,490","1,490"
2024-10-07,"1,485","1,491"
2024-10-08,"1,503","1,528"
2024-10-09,"1,535","1,536"
2024-10-10,"1,519","1,537"
2024-10-11,"1,501","1,530"
2024-10-12,"1,495","1,502"
2024-10-13,"1,495","1,495"
2024-10-14,"1,467","1,495"
2024-10-15,"1,485","1,493"
2024-10-16,"1,500","1,511"
2024-10-17,"1,505","1,511"
2024-10-18,"1,494","1,523"
2024-10-19,"1,495","1,495"
2024-10-20,"1,495","1,495"
2024-10-21,"1,468","1,496"
2024-10-22,"1,488","1,509"
2024-10-23,"1,493","1,505"
2024-10-24,"1,492","1,498"
2024-10-25,"1,496","1,526"
2024-10-26,"1,533","1,533"
2024-10-27,"1,533","1,533"
2024-10-28,"1,517","1,550"
2024-10-29,"1,522","1,532"
2024-10-30,"1,539","1,554"
2024-10-31,"1,554","1,580"
2024-11-01,"1,504","1,569"
2024-11-02,"1,500","1,505"
2024-11-03,"1,500","1,500"
2024-11-04,"1,500","1,509"
2024-11-05,"1,500","1,510"
2024-11-06,"1,516","1,525"
2024-11-07,"1,467","1,533"
2024-11-08,"1,459","1,483"
2024-11-09,"1,458","1,464"
2024-11-10,"1,458","1,458"
2024-11-11,"1,453","1,463"
2024-11-12,"1,441","1,457"
2024-11-13,"1,435","1,446"
2024-11-14,"1,405","1,441"
2024-11-15,"1,410","1,457"
2024-11-16,"1,448","1,449"
2024-11-17,"1,448","1,448"
2024-11-18,"1,442","1,456"
2024-11-19,"1,427","1,449"
2024-11-20,"1,475","1,493"
2024-11-21,"1,460","1,483"
2024-11-22,"1,448","1,480"
2024-11-23,"1,449","1,449"
2024-11-24,"1,449","1,449"
2024-11-25,"1,443","1,457"
2024-11-26,"1,390","1,462"
2024-11-27,"1,385","1,416"
2024-11-28,"1,385","1,385"
2024-11-29,"1,394","1,400"
2024-11-30,"1,378","1,420"
2024-12-01,"1,378","1,378"
2024-12-02,"1,380","1,384"
2024-12-03,"1,417","1,432"
2024-12-04,"1,488","1,490"
2024-12-05,"1,485","1,491"
2024-12-06,"1,456","1,507"
2024-12-07,"1,538","1,538"
2024-12-08,"1,538","1,538"
2024-12-09,"1,513","1,548"
2024-12-10,"1,505","1,520"
2024-12-11,"1,463","1,510"
2024-12-12,"1,466","1,502"
2024-12-13,"1,443","1,500"
2024-12-14,"1,443","1,444"
2024-12-15,"1,443","1,443"
2024-12-16,"1,432","1,451"
2024-12-17,"1,418","1,444"
2024-12-18,"1,411","1,427"
2024-12-19,"1,441","1,448"
2024-12-20,"1,466","1,474"
2024-12-21,"1,471","1,471"
2024-12-22,"1,469","1,471"
2024-12-23,"1,453","1,483"
2024-12-24,"1,433","1,489"
2024-12-25,"1,433","1,433"
2024-12-26,"1,426","1,437"
2024-12-27,"1,436","1,456"
2024-12-28,"1,437","1,437"
2024-12-29,"1,468","1,468"
2024-12-30,"1,464","1,469"
2024-12-31,"1,504","1,523"
2025-01-01,"1,504","1,504"
2025-01-02,"1,495","1,518"
2025-01-03,"1,494","1,513"
2025-01-04,"1,496","1,496"
2025-01-05,"1,497","1,497"
2025-01-06,"1,498","1,501"
2025-01-07,"1,499","1,525"
2025-01-08,"1,519","1,537"
2025-01-09,"1,528","1,529"
2025-01-10,"1,486","1,530"
2025-01-11,"1,505","1,506"
2025-01-12,"1,505","1,505"
2025-01-13,"1,504","1,513"
2025-01-14,"1,511","1,511"
2025-01-15,"1,536","1,546"
2025-01-16,"1,532","1,546"
2025-01-17,"1,522","1,563"
2025-01-18,"1,523","1,523"
2025-01-19,"1,525","1,525"
2025-01-20,"1,480","1,525"
2025-01-21,"1,485","1,485"
2025-01-22,"1,496","1,496"
2025-01-23,"1,492","1,506"
2025-01-24,"1,484","1,506"
2025-01-25,"1,485","1,485"
2025-01-26,"1,490","1,490"
2025-01-27,"1,493","1,519"
2025-01-28,"1,509","1,513"
2025-01-29,"1,515","1,519"
2025-01-30,"1,567","1,585"
2025-01-31,"1,553","1,585"
2025-02-01,"1,553","1,553"
2025-02-02,"1,553","1,553"
2025-02-03,"1,538","1,564"
2025-02-04,"1,564","1,572"
2025-02-05,"1,544","1,576"
2025-02-06,"1,530","1,555"
2025-02-07,"1,531","1,545"
2025-02-08,"1,516","1,551"
2025-02-09,"1,507","1,516"
2025-02-10,"1,525","1,533"
2025-02-11,"1,574","1,593"
2025-02-12,"1,587","1,593"
2025-02-13,"1,611","1,613"
2025-02-14,"1,580","1,611"
2025-02-15,"1,579","1,580"
2025-02-16,"1,579","1,579"
2025-02-17,"1,554","1,579"
