Date,Midnight population,24-hour population
2008-10-01,0,0
2008-10-02,0,0
2008-10-03,0,0
2008-10-04,0,0
2008-10-05,0,0
2008-10-06,0,0
2008-10-07,0,0
2008-10-08,0,0
2008-10-09,0,0
2008-10-10,0,0
2008-10-11,0,0
2008-10-12,0,0
2008-10-13,0,0
2008-10-14,0,0
2008-10-15,0,0
2008-10-16,0,0
2008-10-17,0,0
2008-10-18,0,0
2008-10-19,0,0
2008-10-20,0,0
2008-10-21,0,0
2008-10-22,0,0
2008-10-23,0,0
2008-10-24,0,0
2008-10-25,0,0
2008-10-26,0,0
2008-10-27,0,0
2008-10-28,0,0
2008-10-29,0,0
2008-10-30,0,0
2008-10-31,0,0
2008-11-01,0,0
2008-11-02,0,0
2008-11-03,0,0
2008-11-04,0,0
2008-11-05,0,0
2008-11-06,0,0
2008-11-07,0,0
2008-11-08,0,0
2008-11-09,0,0
2008-11-10,0,0
2008-11-11,0,0
2008-11-12,0,0
2008-11-13,0,0
2008-11-14,0,0
2008-11-15,0,0
2008-11-16,0,0
2008-11-17,0,0
2008-11-18,0,0
2008-11-19,0,0
2008-11-20,0,0
2008-11-21,0,0
2008-11-22,0,0
2008-11-23,0,0
2008-11-24,0,0
2008-11-25,0,0
2008-11-26,0,0
2008-11-27,0,0
2008-11-28,0,0
2008-11-29,0,0
2008-11-30,0,0
2008-12-01,0,0
2008-12-02,0,0
2008-12-03,0,0
2008-12-04,0,0
2008-12-05,0,0
2008-12-06,0,0
2008-12-07,0,0
2008-12-08,0,0
2008-12-09,0,0
2008-12-10,0,0
2008-12-11,0,0
2008-12-12,0,0
2008-12-13,0,0
2008-12-14,0,0
2008-12-15,0,0
2008-12-16,0,0
2008-12-17,0,0
2008-12-18,0,0
2008-12-19,0,0
2008-12-20,0,0
2008-12-21,0,0
2008-12-22,0,0
2008-12-23,0,0
2008-12-24,0,0
2008-12-25,0,0
2008-12-26,0,0
2008-12-27,0,0
2008-12-28,0,0
2008-12-29,0,0
2008-12-30,0,0
2008-12-31,0,0
2009-01-01,0,0
2009-01-02,0,0
2009-01-03,0,0
2009-01-04,0,0
2009-01-05,0,0
2009-01-06,0,0
2009-01-07,0,0
2009-01-08,0,0
2009-01-09,0,0
2009-01-10,0,0
2009-01-11,0,0
2009-01-12,0,0
2009-01-13,0,0
2009-01-14,0,0
2009-01-15,0,0
2009-01-16,0,0
2009-01-17,0,0
2009-01-18,0,0
2009-01-19,0,0
2009-01-20,0,0
2009-01-21,0,0
2009-01-22,0,0
2009-01-23,0,0
2009-01-24,0,0
2009-01-25,0,0
2009-01-26,0,0
2009-01-27,0,0
2009-01-28,0,0
2009-01-29,0,0
2009-01-30,0,0
2009-01-31,0,0
2009-02-01,0,0
2009-02-02,0,0
2009-02-03,0,0
2009-02-04,0,0
2009-02-05,0,0
2009-02-06,0,0
2009-02-07,0,0
2009-02-08,0,0
2009-02-09,0,0
2009-02-10,0,0
2009-02-11,0,0
2009-02-12,0,0
2009-02-13,0,0
2009-02-14,0,0
2009-02-15,0,0
2009-02-16,0,0
2009-02-17,0,0
2009-02-18,0,0
2009-02-19,0,0
2009-02-20,0,0
2009-02-21,0,0
2009-02-22,0,0
2009-02-23,0,0
2009-02-24,0,0
2009-02-25,0,0
2009-02-26,0,0
2009-02-27,0,0
2009-02-28,0,0
2009-03-01,0,0
2009-03-02,0,0
2009-03-03,0,0
2009-03-04,0,0
2009-03-05,0,0
2009-03-06,0,0
2009-03-07,0,0
2009-03-08,0,0
2009-03-09,0,0
2009-03-10,0,0
2009-03-11,0,0
2009-03-12,0,0
2009-03-13,0,0
2009-03-14,0,0
2009-03-15,0,0
2009-03-16,0,0
2009-03-17,0,0
2009-03-18,0,0
2009-03-19,0,0
2009-03-20,0,0
2009-03-21,0,0
2009-03-22,0,0
2009-03-23,0,0
2009-03-24,0,0
2009-03-25,0,0
2009-03-26,0,0
2009-03-27,0,0
2009-03-28,0,0
2009-03-29,0,0
2009-03-30,0,0
2009-03-31,0,0
2009-04-01,0,0
2009-04-02,0,0
2009-04-03,0,0
2009-04-04,0,0
2009-04-05,0,0
2009-04-06,0,0
2009-04-07,0,0
2009-04-08,0,0
2009-04-09,0,0
2009-04-10,0,0
2009-04-11,0,0
2009-04-12,0,0
2009-04-13,0,0
2009-04-14,0,0
2009-04-15,0,0
2009-04-16,0,0
2009-04-17,0,0
2009-04-18,0,0
2009-04-19,0,0
2009-04-20,0,0
2009-04-21,0,0
2009-04-22,0,0
2009-04-23,0,0
2009-04-24,0,0
2009-04-25,0,0
2009-04-26,0,0
2009-04-27,0,0
2009-04-28,0,0
2009-04-29,0,0
2009-04-30,0,0
2009-05-01,0,0
2009-05-02,0,0
2009-05-03,0,0
2009-05-04,0,0
2009-05-05,0,0
2009-05-06,0,0
2009-05-07,0,0
2009-05-08,0,0
2009-05-09,0,0
2009-05-10,0,0
2009-05-11,0,0
2009-05-12,0,0
2009-05-13,0,0
2009-05-14,0,0
2009-05-15,0,0
2009-05-16,0,0
2009-05-17,0,0
2009-05-18,0,0
2009-05-19,0,0
2009-05-20,0,0
2009-05-21,0,0
2009-05-22,0,0
2009-05-23,0,0
2009-05-24,0,0
2009-05-25,0,0
2009-05-26,0,0
2009-05-27,0,0
2009-05-28,0,0
2009-05-29,0,0
2009-05-30,0,0
2009-05-31,0,0
2009-06-01,0,0
2009-06-02,0,0
2009-06-03,0,0
2009-06-04,0,0
2009-06-05,0,0
2009-06-06,0,0
2009-06-07,0,0
2009-06-08,0,0
2009-06-09,0,0
2009-06-10,0,0
2009-06-11,0,0
2009-06-12,0,0
2009-06-13,0,0
2009-06-14,0,0
2009-06-15,0,0
2009-06-16,0,0
2009-06-17,0,0
2009-06-18,0,0
2009-06-19,0,0
2009-06-20,0,0
2009-06-21,0,0
2009-06-22,0,0
2009-06-23,0,0
2009-06-24,0,0
2009-06-25,0,0
2009-06-26,0,0
2009-06-27,0,0
2009-06-28,0,0
2009-06-29,0,0
2009-06-30,0,0
2009-07-01,0,0
2009-07-02,0,0
2009-07-03,0,0
2009-07-04,0,0
2009-07-05,0,0
2009-07-06,0,0
2009-07-07,0,0
2009-07-08,0,0
2009-07-09,0,0
2009-07-10,0,0
2009-07-11,0,0
2009-07-12,0,0
2009-07-13,0,0
2009-07-14,0,0
2009-07-15,0,0
2009-07-16,0,0
2009-07-17,0,0
2009-07-18,0,0
2009-07-19,0,0
2009-07-20,0,0
2009-07-21,0,0
2009-07-22,0,0
2009-07-23,0,0
2009-07-24,0,0
2009-07-25,0,0
2009-07-26,0,0
2009-07-27,0,0
2009-07-28,0,0
2009-07-29,0,0
2009-07-30,0,0
2009-07-31,0,0
2009-08-01,0,0
2009-08-02,0,0
2009-08-03,0,0
2009-08-04,0,0
2009-08-05,0,0
2009-08-06,0,0
2009-08-07,0,0
2009-08-08,0,0
2009-08-09,0,0
2009-08-10,0,0
2009-08-11,0,0
2009-08-12,0,0
2009-08-13,0,0
2009-08-14,0,0
2009-08-15,0,0
2009-08-16,0,0
2009-08-17,0,0
2009-08-18,0,0
2009-08-19,0,0
2009-08-20,0,0
2009-08-21,0,0
2009-08-22,0,0
2009-08-23,0,0
2009-08-24,0,0
2009-08-25,0,0
2009-08-26,0,0
2009-08-27,0,0
2009-08-28,0,0
2009-08-29,0,0
2009-08-30,0,0
2009-08-31,0,0
2009-09-01,0,0
2009-09-02,0,0
2009-09-03,0,0
2009-09-04,0,0
2009-09-05,0,0
2009-09-06,0,0
2009-09-07,0,0
2009-09-08,0,0
2009-09-09,0,0
2009-09-10,0,0
2009-09-11,0,0
2009-09-12,0,0
2009-09-13,0,0
2009-09-14,0,0
2009-09-15,0,0
2009-09-16,0,0
2009-09-17,0,0
2009-09-18,0,0
2009-09-19,0,0
2009-09-20,0,0
2009-09-21,0,0
2009-09-22,0,0
2009-09-23,0,0
2009-09-24,0,0
2009-09-25,0,0
2009-09-26,0,0
2009-09-27,0,0
2009-09-28,0,0
2009-09-29,0,0
2009-09-30,0,0
2009-10-01,0,0
2009-10-02,0,0
2009-10-03,0,0
2009-10-04,0,0
2009-10-05,0,0
2009-10-06,0,0
2009-10-07,0,0
2009-10-08,0,0
2009-10-09,0,0
2009-10-10,0,0
2009-10-11,0,0
2009-10-12,0,0
2009-10-13,0,0
2009-10-14,0,0
2009-10-15,0,0
2009-10-16,0,0
2009-10-17,0,0
2009-10-18,0,0
2009-10-19,0,0
2009-10-20,0,0
2009-10-21,0,0
2009-10-22,0,0
2009-10-23,0,0
2009-10-24,0,0
2009-10-25,0,0
2009-10-26,0,0
2009-10-27,0,0
2009-10-28,0,0
2009-10-29,0,0
2009-10-30,0,0
2009-10-31,0,0
2009-11-01,0,0
2009-11-02,0,0
2009-11-03,0,0
2009-11-04,0,0
2009-11-05,0,0
2009-11-06,0,0
2009-11-07,0,0
2009-11-08,0,0
2009-11-09,0,0
2009-11-10,0,0
2009-11-11,0,0
2009-11-12,0,0
2009-11-13,0,0
2009-11-14,0,0
2009-11-15,0,0
2009-11-16,0,0
2009-11-17,0,0
2009-11-18,0,0
2009-11-19,0,0
2009-11-20,0,0
2009-11-21,0,0
2009-11-22,0,0
2009-11-23,0,0
2009-11-24,0,0
2009-11-25,0,0
2009-11-26,0,0
2009-11-27,0,0
2009-11-28,0,0
2009-11-29,0,0
2009-11-30,0,0
2009-12-01,0,0
2009-12-02,0,0
2009-12-03,0,0
2009-12-04,0,0
2009-12-05,0,0
2009-12-06,0,0
2009-12-07,0,0
2009-12-08,0,0
2009-12-09,0,0
2009-12-10,0,0
2009-12-11,0,0
2009-12-12,0,0
2009-12-13,0,0
2009-12-14,0,0
2009-12-15,0,0
2009-12-16,0,0
2009-12-17,0,0
2009-12-18,0,0
2009-12-19,0,0
2009-12-20,0,0
2009-12-21,0,0
2009-12-22,0,0
2009-12-23,0,0
2009-12-24,0,0
2009-12-25,0,0
2009-12-26,0,0
2009-12-27,0,0
2009-12-28,0,0
2009-12-29,0,0
2009-12-30,0,0
2009-12-31,0,0
2010-01-01,0,0
2010-01-02,0,0
2010-01-03,0,0
2010-01-04,0,0
2010-01-05,0,0
2010-01-06,0,0
2010-01-07,0,0
2010-01-08,0,0
2010-01-09,0,0
2010-01-10,0,0
2010-01-11,0,0
2010-01-12,0,0
2010-01-13,0,0
2010-01-14,0,0
2010-01-15,0,0
2010-01-16,0,0
2010-01-17,0,0
2010-01-18,0,0
2010-01-19,0,0
2010-01-20,0,0
2010-01-21,0,0
2010-01-22,0,0
2010-01-23,0,0
2010-01-24,0,0
2010-01-25,0,0
2010-01-26,0,0
2010-01-27,0,0
2010-01-28,0,0
2010-01-29,0,0
2010-01-30,0,0
2010-01-31,0,0
2010-02-01,0,0
2010-02-02,0,0
2010-02-03,0,0
2010-02-04,0,0
2010-02-05,0,0
2010-02-06,0,0
2010-02-07,0,0
2010-02-08,0,0
2010-02-09,0,0
2010-02-10,0,0
2010-02-11,0,0
2010-02-12,0,0
2010-02-13,0,0
2010-02-14,0,0
2010-02-15,0,0
2010-02-16,0,0
2010-02-17,0,0
2010-02-18,0,0
2010-02-19,0,0
2010-02-20,0,0
2010-02-21,0,0
2010-02-22,0,0
2010-02-23,0,0
2010-02-24,0,0
2010-02-25,0,0
2010-02-26,0,0
2010-02-27,0,0
2010-02-28,0,0
2010-03-01,0,0
2010-03-02,0,0
2010-03-03,0,0
2010-03-04,0,0
2010-03-05,0,0
2010-03-06,0,0
2010-03-07,0,0
2010-03-08,0,0
2010-03-09,0,0
2010-03-10,0,0
2010-03-11,0,0
2010-03-12,0,0
2010-03-13,0,0
2010-03-14,0,0
2010-03-15,0,0
2010-03-16,0,0
2010-03-17,0,0
2010-03-18,0,0
2010-03-19,0,0
2010-03-20,0,0
2010-03-21,0,0
2010-03-22,0,0
2010-03-23,0,0
2010-03-24,0,0
2010-03-25,0,0
2010-03-26,0,0
2010-03-27,0,0
2010-03-28,0,0
2010-03-29,0,0
2010-03-30,0,0
2010-03-31,0,0
2010-04-01,0,0
2010-04-02,0,0
2010-04-03,0,0
2010-04-04,0,0
2010-04-05,0,0
2010-04-06,0,0
2010-04-07,0,0
2010-04-08,0,0
2010-04-09,0,0
2010-04-10,0,0
2010-04-11,0,0
2010-04-12,0,0
2010-04-13,0,0
2010-04-14,0,0
2010-04-15,0,0
2010-04-16,0,0
2010-04-17,0,0
2010-04-18,0,0
2010-04-19,0,0
2010-04-20,0,0
2010-04-21,0,0
2010-04-22,0,0
2010-04-23,0,0
2010-04-24,0,0
2010-04-25,0,0
2010-04-26,0,0
2010-04-27,0,0
2010-04-28,0,0
2010-04-29,0,0
2010-04-30,0,0
2010-05-01,0,0
2010-05-02,0,0
2010-05-03,0,0
2010-05-04,0,0
2010-05-05,0,0
2010-05-06,0,0
2010-05-07,0,0
2010-05-08,0,0
2010-05-09,0,0
2010-05-10,0,0
2010-05-11,0,0
2010-05-12,0,0
2010-05-13,0,0
2010-05-14,0,0
2010-05-15,0,0
2010-05-16,0,0
2010-05-17,0,0
2010-05-18,0,0
2010-05-19,0,0
2010-05-20,0,0
2010-05-21,0,0
2010-05-22,0,0
2010-05-23,0,0
2010-05-24,0,0
2010-05-25,0,0
2010-05-26,0,0
2010-05-27,0,0
2010-05-28,0,0
2010-05-29,0,0
2010-05-30,0,0
2010-05-31,0,0
2010-06-01,0,0
2010-06-02,0,0
2010-06-03,0,0
2010-06-04,0,0
2010-06-05,0,0
2010-06-06,0,0
2010-06-07,0,0
2010-06-08,0,0
2010-06-09,0,0
2010-06-10,0,0
2010-06-11,0,0
2010-06-12,0,0
2010-06-13,0,0
2010-06-14,0,0
2010-06-15,0,0
2010-06-16,0,0
2010-06-17,0,0
2010-06-18,0,0
2010-06-19,0,0
2010-06-20,0,0
2010-06-21,0,0
2010-06-22,0,0
2010-06-23,0,0
2010-06-24,0,0
2010-06-25,0,0
2010-06-26,0,0
2010-06-27,0,0
2010-06-28,0,0
2010-06-29,0,0
2010-06-30,0,0
2010-07-01,0,0
2010-07-02,0,0
2010-07-03,0,0
2010-07-04,0,0
2010-07-05,0,0
2010-07-06,0,0
2010-07-07,0,0
2010-07-08,0,0
2010-07-09,0,0
2010-07-10,0,0
2010-07-11,0,0
2010-07-12,0,0
2010-07-13,0,0
2010-07-14,0,0
2010-07-15,0,0
2010-07-16,0,0
2010-07-17,0,0
2010-07-18,0,0
2010-07-19,0,0
2010-07-20,0,0
2010-07-21,0,0
2010-07-22,0,0
2010-07-23,0,0
2010-07-24,0,0
2010-07-25,0,0
2010-07-26,0,0
2010-07-27,0,0
2010-07-28,0,0
2010-07-29,0,0
2010-07-30,0,0
2010-07-31,0,0
2010-08-01,0,0
2010-08-02,0,0
2010-08-03,0,0
2010-08-04,0,0
2010-08-05,0,0
2010-08-06,0,0
2010-08-07,0,0
2010-08-08,0,0
2010-08-09,3,3
2010-08-10,3,3
2010-08-11,3,3
2010-08-12,3,3
2010-08-13,5,5
2010-08-14,5,5
2010-08-15,5,5
2010-08-16,9,9
2010-08-17,17,17
2010-08-18,26,26
2010-08-19,36,36
2010-08-20,36,36
2010-08-21,36,36
2010-08-22,36,36
2010-08-23,36,36
2010-08-24,37,37
2010-08-25,39,39
2010-08-26,43,43
2010-08-27,45,45
2010-08-28,45,45
2010-08-29,45,45
2010-08-30,45,45
2010-08-31,53,53
2010-09-01,55,55
2010-09-02,55,55
2010-09-03,57,57
2010-09-04,57,57
2010-09-05,57,57
2010-09-06,57,57
2010-09-07,58,58
2010-09-08,61,61
2010-09-09,71,71
2010-09-10,74,74
2010-09-11,74,74
2010-09-12,74,74
2010-09-13,79,79
2010-09-14,83,83
2010-09-15,90,90
2010-09-16,98,98
2010-09-17,99,99
2010-09-18,99,99
2010-09-19,99,99
2010-09-20,103,103
2010-09-21,105,105
2010-09-22,107,107
2010-09-23,113,113
2010-09-24,124,124
2010-09-25,125,125
2010-09-26,125,125
2010-09-27,130,130
2010-09-28,141,141
2010-09-29,150,150
2010-09-30,155,155
2010-10-01,158,158
2010-10-02,158,158
2010-10-03,158,158
2010-10-04,160,160
2010-10-05,170,170
2010-10-06,172,172
2010-10-07,172,172
2010-10-08,173,173
2010-10-09,173,173
2010-10-10,173,173
2010-10-11,173,173
2010-10-12,186,186
2010-10-13,190,190
2010-10-14,203,203
2010-10-15,203,203
2010-10-16,203,203
2010-10-17,203,203
2010-10-18,202,211
2010-10-19,195,213
2010-10-20,192,204
2010-10-21,189,213
2010-10-22,184,192
2010-10-23,183,184
2010-10-24,183,183
2010-10-25,176,192
2010-10-26,161,187
2010-10-27,154,171
2010-10-28,198,213
2010-10-29,197,198
2010-10-30,197,197
2010-10-31,197,197
2010-11-01,195,201
2010-11-02,188,202
2010-11-03,186,199
2010-11-04,180,198
2010-11-05,202,209
2010-11-06,216,216
2010-11-07,216,216
2010-11-08,214,217
2010-11-09,233,250
2010-11-10,238,249
2010-11-11,238,238
2010-11-12,237,241
2010-11-13,237,237
2010-11-14,237,237
2010-11-15,240,254
2010-11-16,245,259
2010-11-17,238,259
2010-11-18,241,262
2010-11-19,232,245
2010-11-20,232,232
2010-11-21,231,232
2010-11-22,220,235
2010-11-23,231,241
2010-11-24,233,240
2010-11-25,233,233
2010-11-26,231,237
2010-11-27,231,231
2010-11-28,231,231
2010-11-29,235,245
2010-11-30,248,261
2010-12-01,249,260
2010-12-02,254,265
2010-12-03,249,259
2010-12-04,250,250
2010-12-05,250,250
2010-12-06,262,271
2010-12-07,303,325
2010-12-08,311,332
2010-12-09,318,348
2010-12-10,323,338
2010-12-11,323,323
2010-12-12,323,323
2010-12-13,319,344
2010-12-14,321,349
2010-12-15,329,356
2010-12-16,330,353
2010-12-17,325,343
2010-12-18,324,325
2010-12-19,324,324
2010-12-20,310,335
2010-12-21,304,331
2010-12-22,312,330
2010-12-23,304,336
2010-12-24,304,304
2010-12-25,304,304
2010-12-26,304,304
2010-12-27,302,312
2010-12-28,300,332
2010-12-29,335,358
2010-12-30,329,360
2010-12-31,329,329
2011-01-01,330,330
2011-01-02,330,330
2011-01-03,321,343
2011-01-04,328,351
2011-01-05,330,355
2011-01-06,343,376
2011-01-07,340,362
2011-01-08,341,341
2011-01-09,350,350
2011-01-10,339,364
2011-01-11,353,379
2011-01-12,344,379
2011-01-13,345,382
2011-01-14,338,365
2011-01-15,338,338
2011-01-16,338,338
2011-01-17,350,350
2011-01-18,336,371
2011-01-19,348,382
2011-01-20,345,386
2011-01-21,336,368
2011-01-22,337,337
2011-01-23,337,341
2011-01-24,343,376
2011-01-25,322,364
2011-01-26,342,373
2011-01-27,327,358
2011-01-28,322,348
2011-01-29,321,322
2011-01-30,331,331
2011-01-31,334,371
2011-02-01,330,368
2011-02-02,329,378
2011-02-03,317,354
2011-02-04,315,333
2011-02-05,315,315
2011-02-06,315,315
2011-02-07,302,334
2011-02-08,296,326
2011-02-09,281,318
2011-02-10,285,301
2011-02-11,281,304
2011-02-12,280,281
2011-02-13,281,281
2011-02-14,285,298
2011-02-15,290,311
2011-02-16,279,316
2011-02-17,284,295
2011-02-18,304,321
2011-02-19,321,321
2011-02-20,324,325
2011-02-21,324,324
2011-02-22,322,366
2011-02-23,311,358
2011-02-24,322,342
2011-02-25,327,347
2011-02-26,327,327
2011-02-27,332,332
2011-02-28,358,380
2011-03-01,341,391
2011-03-02,333,375
2011-03-03,336,353
2011-03-04,334,363
2011-03-05,349,349
2011-03-06,350,350
2011-03-07,355,377
2011-03-08,353,397
2011-03-09,354,392
2011-03-10,353,392
2011-03-11,344,366
2011-03-12,344,344
2011-03-13,351,351
2011-03-14,358,387
2011-03-15,358,402
2011-03-16,351,383
2011-03-17,353,385
2011-03-18,350,364
2011-03-19,349,352
2011-03-20,349,349
2011-03-21,351,370
2011-03-22,340,387
2011-03-23,324,375
2011-03-24,319,354
2011-03-25,311,333
2011-03-26,311,311
2011-03-27,310,311
2011-03-28,312,328
2011-03-29,315,364
2011-03-30,318,353
2011-03-31,309,367
2011-04-01,309,348
2011-04-02,310,310
2011-04-03,312,313
2011-04-04,318,337
2011-04-05,320,356
2011-04-06,305,342
2011-04-07,298,337
2011-04-08,293,312
2011-04-09,296,296
2011-04-10,296,296
2011-04-11,306,315
2011-04-12,298,334
2011-04-13,298,326
2011-04-14,297,320
2011-04-15,294,322
2011-04-16,313,314
2011-04-17,313,313
2011-04-18,309,339
2011-04-19,304,337
2011-04-20,324,342
2011-04-21,319,350
2011-04-22,324,348
2011-04-23,326,326
2011-04-24,334,334
2011-04-25,332,361
2011-04-26,329,365
2011-04-27,323,358
2011-04-28,337,378
2011-04-29,338,378
2011-04-30,343,343
2011-05-01,346,346
2011-05-02,339,379
2011-05-03,334,374
2011-05-04,326,364
2011-05-05,324,352
2011-05-06,329,354
2011-05-07,340,340
2011-05-08,339,340
2011-05-09,333,362
2011-05-10,311,361
2011-05-11,316,362
2011-05-12,310,348
2011-05-13,315,349
2011-05-14,329,329
2011-05-15,328,329
2011-05-16,327,353
2011-05-17,325,365
2011-05-18,314,368
2011-05-19,307,327
2011-05-20,316,338
2011-05-21,316,316
2011-05-22,318,318
2011-05-23,303,338
2011-05-24,294,325
2011-05-25,303,326
2011-05-26,302,327
2011-05-27,297,308
2011-05-28,303,304
2011-05-29,303,303
2011-05-30,303,303
2011-05-31,297,326
2011-06-01,286,345
2011-06-02,286,320
2011-06-03,283,303
2011-06-04,293,294
2011-06-05,293,293
2011-06-06,294,307
2011-06-07,301,331
2011-06-08,290,319
2011-06-09,304,349
2011-06-10,302,325
2011-06-11,301,303
2011-06-12,301,301
2011-06-13,293,315
2011-06-14,271,311
2011-06-15,282,318
2011-06-16,276,321
2011-06-17,286,308
2011-06-18,291,292
2011-06-19,291,291
2011-06-20,291,317
2011-06-21,281,329
2011-06-22,277,313
2011-06-23,279,299
2011-06-24,281,310
2011-06-25,280,281
2011-06-26,282,282
2011-06-27,289,318
2011-06-28,284,316
2011-06-29,281,300
2011-06-30,267,317
2011-07-01,276,300
2011-07-02,275,276
2011-07-03,275,275
2011-07-04,275,275
2011-07-05,289,314
2011-07-06,295,316
2011-07-07,275,312
2011-07-08,264,293
2011-07-09,264,264
2011-07-10,266,266
2011-07-11,264,295
2011-07-12,245,279
2011-07-13,246,272
2011-07-14,249,263
2011-07-15,247,264
2011-07-16,247,247
2011-07-17,249,249
2011-07-18,262,274
2011-07-19,258,295
2011-07-20,263,280
2011-07-21,250,283
2011-07-22,244,268
2011-07-23,244,244
2011-07-24,245,245
2011-07-25,259,272
2011-07-26,269,283
2011-07-27,307,324
2011-07-28,306,313
2011-07-29,298,306
2011-07-30,297,298
2011-07-31,298,298
2011-08-01,305,330
2011-08-02,282,328
2011-08-03,264,315
2011-08-04,243,295
2011-08-05,229,255
2011-08-06,229,229
2011-08-07,229,229
2011-08-08,243,266
2011-08-09,231,253
2011-08-10,227,252
2011-08-11,225,251
2011-08-12,243,261
2011-08-13,243,243
2011-08-14,243,243
2011-08-15,244,278
2011-08-16,259,287
2011-08-17,256,270
2011-08-18,256,275
2011-08-19,258,270
2011-08-20,257,258
2011-08-21,257,257
2011-08-22,263,294
2011-08-23,252,285
2011-08-24,260,278
2011-08-25,254,285
2011-08-26,252,265
2011-08-27,252,252
2011-08-28,252,252
2011-08-29,249,280
2011-08-30,238,281
2011-08-31,231,265
2011-09-01,228,252
2011-09-02,224,239
2011-09-03,225,225
2011-09-04,225,225
2011-09-05,225,225
2011-09-06,217,238
2011-09-07,213,239
2011-09-08,210,230
2011-09-09,211,242
2011-09-10,209,212
2011-09-11,210,210
2011-09-12,198,226
2011-09-13,202,225
2011-09-14,207,230
2011-09-15,213,233
2011-09-16,217,231
2011-09-17,217,217
2011-09-18,219,219
2011-09-19,223,250
2011-09-20,227,256
2011-09-21,229,266
2011-09-22,228,244
2011-09-23,224,252
2011-09-24,230,230
2011-09-25,230,230
2011-09-26,230,254
2011-09-27,225,259
2011-09-28,247,286
2011-09-29,251,290
2011-09-30,250,288
2011-10-01,250,250
2011-10-02,250,250
2011-10-03,247,282
2011-10-04,247,280
2011-10-05,242,292
2011-10-06,245,275
2011-10-07,247,271
2011-10-08,247,247
2011-10-09,247,247
2011-10-10,246,247
2011-10-11,258,302
2011-10-12,254,290
2011-10-13,254,279
2011-10-14,264,293
2011-10-15,265,265
2011-10-16,265,266
2011-10-17,248,290
2011-10-18,240,272
2011-10-19,232,257
2011-10-20,247,280
2011-10-21,246,271
2011-10-22,246,246
2011-10-23,246,246
2011-10-24,233,261
2011-10-25,232,266
2011-10-26,237,269
2011-10-27,239,264
2011-10-28,235,248
2011-10-29,240,240
2011-10-30,240,240
2011-10-31,240,259
2011-11-01,233,261
2011-11-02,228,259
2011-11-03,217,249
2011-11-04,207,226
2011-11-05,207,207
2011-11-06,207,207
2011-11-07,238,249
2011-11-08,230,264
2011-11-09,250,290
2011-11-10,251,269
2011-11-11,251,251
2011-11-12,251,251
2011-11-13,251,251
2011-11-14,260,282
2011-11-15,259,289
2011-11-16,263,284
2011-11-17,261,291
2011-11-18,265,279
2011-11-19,265,332
2011-11-20,265,265
2011-11-21,270,299
2011-11-22,267,300
2011-11-23,261,283
2011-11-24,261,261
2011-11-25,257,263
2011-11-26,257,257
2011-11-27,257,257
2011-11-28,263,292
2011-11-29,263,290
2011-11-30,248,292
2011-12-01,252,276
2011-12-02,240,260
2011-12-03,240,240
2011-12-04,240,240
2011-12-05,254,280
2011-12-06,254,292
2011-12-07,257,294
2011-12-08,252,283
2011-12-09,248,263
2011-12-10,248,248
2011-12-11,248,248
2011-12-12,254,280
2011-12-13,238,276
2011-12-14,224,251
2011-12-15,230,260
2011-12-16,232,254
2011-12-17,232,232
2011-12-18,232,232
2011-12-19,236,245
2011-12-20,225,257
2011-12-21,223,244
2011-12-22,220,234
2011-12-23,215,231
2011-12-24,215,215
2011-12-25,215,215
2011-12-26,216,216
2011-12-27,211,224
2011-12-28,211,220
2011-12-29,209,225
2011-12-30,214,228
2011-12-31,214,214
2012-01-01,214,214
2012-01-02,214,214
2012-01-03,263,284
2012-01-04,267,302
2012-01-05,259,286
2012-01-06,252,274
2012-01-07,253,254
2012-01-08,253,253
2012-01-09,273,285
2012-01-10,265,291
2012-01-11,266,280
2012-01-12,272,297
2012-01-13,261,287
2012-01-14,262,262
2012-01-15,261,262
2012-01-16,261,261
2012-01-17,257,278
2012-01-18,261,285
2012-01-19,275,301
2012-01-20,270,298
2012-01-21,270,270
2012-01-22,270,270
2012-01-23,278,302
2012-01-24,279,307
2012-01-25,274,298
2012-01-26,277,293
2012-01-27,297,315
2012-01-28,297,297
2012-01-29,297,298
2012-01-30,301,319
2012-01-31,286,326
2012-02-01,292,314
2012-02-02,292,314
2012-02-03,297,313
2012-02-04,297,297
2012-02-05,297,297
2012-02-06,287,311
2012-02-07,269,304
2012-02-08,262,296
2012-02-09,268,290
2012-02-10,279,299
2012-02-11,282,282
2012-02-12,282,283
2012-02-13,279,296
2012-02-14,267,306
2012-02-15,274,295
2012-02-16,277,309
2012-02-17,287,301
2012-02-18,290,290
2012-02-19,290,290
2012-02-20,290,290
2012-02-21,301,321
2012-02-22,296,332
2012-02-23,277,312
2012-02-24,300,321
2012-02-25,303,303
2012-02-26,303,303
2012-02-27,300,318
2012-02-28,289,326
2012-02-29,289,314
2012-03-01,306,346
2012-03-02,304,329
2012-03-03,303,304
2012-03-04,304,304
2012-03-05,303,327
2012-03-06,305,340
2012-03-07,288,333
2012-03-08,304,335
2012-03-09,312,335
2012-03-10,313,315
2012-03-11,315,315
2012-03-12,314,336
2012-03-13,311,349
2012-03-14,297,337
2012-03-15,301,333
2012-03-16,292,318
2012-03-17,293,293
2012-03-18,292,293
2012-03-19,294,323
2012-03-20,286,330
2012-03-21,287,309
2012-03-22,288,306
2012-03-23,295,314
2012-03-24,305,305
2012-03-25,307,308
2012-03-26,303,328
2012-03-27,307,327
2012-03-28,307,328
2012-03-29,307,329
2012-03-30,307,326
2012-03-31,309,309
2012-04-01,309,309
2012-04-02,306,334
2012-04-03,294,319
2012-04-04,308,320
2012-04-05,301,321
2012-04-06,309,313
2012-04-07,315,315
2012-04-08,315,315
2012-04-09,307,322
2012-04-10,305,332
2012-04-11,315,329
2012-04-12,309,335
2012-04-13,315,320
2012-04-14,318,318
2012-04-15,318,318
2012-04-16,314,342
2012-04-17,315,345
2012-04-18,310,347
2012-04-19,306,332
2012-04-20,315,334
2012-04-21,314,315
2012-04-22,314,314
2012-04-23,304,333
2012-04-24,302,333
2012-04-25,303,326
2012-04-26,316,335
2012-04-27,313,327
2012-04-28,313,313
2012-04-29,313,313
2012-04-30,317,338
2012-05-01,302,335
2012-05-02,298,331
2012-05-03,305,327
2012-05-04,305,337
2012-05-05,305,305
2012-05-06,305,305
2012-05-07,302,322
2012-05-08,300,343
2012-05-09,307,321
2012-05-10,314,337
2012-05-11,305,323
2012-05-12,306,306
2012-05-13,306,306
2012-05-14,307,332
2012-05-15,306,334
2012-05-16,309,340
2012-05-17,314,337
2012-05-18,313,328
2012-05-19,314,315
2012-05-20,315,315
2012-05-21,318,336
2012-05-22,315,346
2012-05-23,305,338
2012-05-24,303,327
2012-05-25,314,327
2012-05-26,314,314
2012-05-27,317,317
2012-05-28,314,317
2012-05-29,309,328
2012-05-30,307,340
2012-05-31,312,335
2012-06-01,311,333
2012-06-02,311,311
2012-06-03,311,311
2012-06-04,313,329
2012-06-05,311,340
2012-06-06,305,326
2012-06-07,324,338
2012-06-08,323,330
2012-06-09,324,324
2012-06-10,324,324
2012-06-11,318,345
2012-06-12,318,353
2012-06-13,319,336
2012-06-14,317,344
2012-06-15,320,337
2012-06-16,320,320
2012-06-17,320,320
2012-06-18,317,338
2012-06-19,320,339
2012-06-20,320,340
2012-06-21,319,334
2012-06-22,317,326
2012-06-23,321,321
2012-06-24,321,321
2012-06-25,317,336
2012-06-26,318,342
2012-06-27,320,330
2012-06-28,320,337
2012-06-29,321,340
2012-06-30,321,321
2012-07-01,321,321
2012-07-02,315,329
2012-07-03,317,345
2012-07-04,317,317
2012-07-05,314,334
2012-07-06,320,332
2012-07-07,321,322
2012-07-08,321,321
2012-07-09,321,332
2012-07-10,324,348
2012-07-11,317,334
2012-07-12,321,344
2012-07-13,318,330
2012-07-14,318,318
2012-07-15,318,318
2012-07-16,315,327
2012-07-17,313,337
2012-07-18,304,323
2012-07-19,302,324
2012-07-20,299,322
2012-07-21,303,303
2012-07-22,303,303
2012-07-23,311,316
2012-07-24,310,323
2012-07-25,311,320
2012-07-26,308,317
2012-07-27,313,317
2012-07-28,312,313
2012-07-29,312,312
2012-07-30,307,331
2012-07-31,307,343
2012-08-01,316,337
2012-08-02,315,328
2012-08-03,307,323
2012-08-04,308,308
2012-08-05,309,309
2012-08-06,316,328
2012-08-07,311,340
2012-08-08,314,329
2012-08-09,316,331
2012-08-10,312,328
2012-08-11,312,312
2012-08-12,311,312
2012-08-13,309,333
2012-08-14,302,328
2012-08-15,309,324
2012-08-16,308,334
2012-08-17,312,327
2012-08-18,315,315
2012-08-19,315,315
2012-08-20,311,332
2012-08-21,312,333
2012-08-22,315,340
2012-08-23,314,332
2012-08-24,312,320
2012-08-25,313,313
2012-08-26,313,313
2012-08-27,327,349
2012-08-28,326,346
2012-08-29,326,343
2012-08-30,327,343
2012-08-31,319,335
2012-09-01,319,319
2012-09-02,319,319
2012-09-03,318,319
2012-09-04,322,344
2012-09-05,324,341
2012-09-06,320,343
2012-09-07,317,331
2012-09-08,319,319
2012-09-09,319,319
2012-09-10,320,341
2012-09-11,324,344
2012-09-12,324,344
2012-09-13,322,342
2012-09-14,321,337
2012-09-15,322,322
2012-09-16,322,322
2012-09-17,321,339
2012-09-18,322,344
2012-09-19,322,338
2012-09-20,319,347
2012-09-21,317,334
2012-09-22,317,317
2012-09-23,317,317
2012-09-24,315,335
2012-09-25,315,342
2012-09-26,314,329
2012-09-27,318,334
2012-09-28,317,332
2012-09-29,323,323
2012-09-30,323,323
2012-10-01,316,344
2012-10-02,322,338
2012-10-03,322,343
2012-10-04,321,342
2012-10-05,318,333
2012-10-06,321,321
2012-10-07,321,321
2012-10-08,320,321
2012-10-09,311,337
2012-10-10,312,330
2012-10-11,315,333
2012-10-12,314,335
2012-10-13,314,314
2012-10-14,314,315
2012-10-15,318,335
2012-10-16,323,336
2012-10-17,314,343
2012-10-18,316,336
2012-10-19,319,331
2012-10-20,317,319
2012-10-21,317,317
2012-10-22,315,332
2012-10-23,317,335
2012-10-24,314,342
2012-10-25,315,330
2012-10-26,312,333
2012-10-27,312,312
2012-10-28,313,314
2012-10-29,321,343
2012-10-30,315,341
2012-10-31,317,334
2012-11-01,313,332
2012-11-02,313,328
2012-11-03,313,313
2012-11-04,314,314
2012-11-05,322,338
2012-11-06,321,349
2012-11-07,322,337
2012-11-08,320,348
2012-11-09,311,330
2012-11-10,316,316
2012-11-11,317,317
2012-11-12,317,317
2012-11-13,321,342
2012-11-14,322,334
2012-11-15,316,332
2012-11-16,316,328
2012-11-17,317,317
2012-11-18,317,317
2012-11-19,318,338
2012-11-20,318,344
2012-11-21,316,343
2012-11-22,316,316
2012-11-23,318,321
2012-11-24,318,318
2012-11-25,319,319
2012-11-26,317,333
2012-11-27,322,357
2012-11-28,319,331
2012-11-29,321,336
2012-11-30,317,336
2012-12-01,318,319
2012-12-02,318,318
2012-12-03,321,348
2012-12-04,320,337
2012-12-05,319,331
2012-12-06,315,330
2012-12-07,315,322
2012-12-08,315,315
2012-12-09,315,315
2012-12-10,319,330
2012-12-11,318,331
2012-12-12,313,328
2012-12-13,311,327
2012-12-14,311,321
2012-12-15,312,312
2012-12-16,313,313
2012-12-17,316,329
2012-12-18,313,328
2012-12-19,312,323
2012-12-20,313,329
2012-12-21,304,317
2012-12-22,305,305
2012-12-23,305,305
2012-12-24,305,305
2012-12-25,305,305
2012-12-26,311,318
2012-12-27,311,322
2012-12-28,306,318
2012-12-29,307,307
2012-12-30,307,307
2012-12-31,307,317
2013-01-01,307,307
2013-01-02,312,319
2013-01-03,309,325
2013-01-04,312,328
2013-01-05,312,312
2013-01-06,312,312
2013-01-07,319,331
2013-01-08,311,342
2013-01-09,312,341
2013-01-10,312,323
2013-01-11,316,323
2013-01-12,317,317
2013-01-13,316,317
2013-01-14,315,330
2013-01-15,318,348
2013-01-16,324,347
2013-01-17,323,342
2013-01-18,321,337
2013-01-19,321,321
2013-01-20,321,321
2013-01-21,321,321
2013-01-22,326,347
2013-01-23,327,345
2013-01-24,324,352
2013-01-25,320,330
2013-01-26,320,321
2013-01-27,320,320
2013-01-28,325,343
2013-01-29,324,354
2013-01-30,321,349
2013-01-31,324,351
2013-02-01,316,334
2013-02-02,319,321
2013-02-03,320,321
2013-02-04,319,338
2013-02-05,317,337
2013-02-06,309,334
2013-02-07,315,332
2013-02-08,312,323
2013-02-09,312,312
2013-02-10,312,312
2013-02-11,315,340
2013-02-12,315,328
2013-02-13,313,342
2013-02-14,312,335
2013-02-15,314,340
2013-02-16,315,315
2013-02-17,315,315
2013-02-18,315,315
2013-02-19,308,333
2013-02-20,316,328
2013-02-21,316,334
2013-02-22,319,334
2013-02-23,319,319
2013-02-24,319,319
2013-02-25,318,334
2013-02-26,320,342
2013-02-27,315,334
2013-02-28,319,340
2013-03-01,319,338
2013-03-02,321,321
2013-03-03,321,321
2013-03-04,321,334
2013-03-05,324,341
2013-03-06,321,340
2013-03-07,323,333
2013-03-08,322,337
2013-03-09,322,322
2013-03-10,322,322
2013-03-11,325,335
2013-03-12,322,354
2013-03-13,323,338
2013-03-14,323,344
2013-03-15,319,334
2013-03-16,319,319
2013-03-17,319,319
2013-03-18,318,340
2013-03-19,316,346
2013-03-20,318,332
2013-03-21,322,337
2013-03-22,316,336
2013-03-23,316,316
2013-03-24,316,316
2013-03-25,319,338
2013-03-26,313,327
2013-03-27,302,340
2013-03-28,300,308
2013-03-29,325,330
2013-03-30,326,326
2013-03-31,326,326
2013-04-01,329,355
2013-04-02,333,362
2013-04-03,331,347
2013-04-04,329,345
2013-04-05,328,344
2013-04-06,326,328
2013-04-07,326,326
2013-04-08,324,350
2013-04-09,322,354
2013-04-10,319,342
2013-04-11,325,354
2013-04-12,327,342
2013-04-13,327,328
2013-04-14,325,327
2013-04-15,325,334
2013-04-16,321,340
2013-04-17,320,340
2013-04-18,320,337
2013-04-19,321,331
2013-04-20,321,321
2013-04-21,321,321
2013-04-22,325,345
2013-04-23,322,349
2013-04-24,316,337
2013-04-25,323,335
2013-04-26,328,353
2013-04-27,328,328
2013-04-28,328,328
2013-04-29,329,351
2013-04-30,324,351
2013-05-01,326,347
2013-05-02,319,344
2013-05-03,319,339
2013-05-04,316,321
2013-05-05,316,316
2013-05-06,323,338
2013-05-07,318,363
2013-05-08,314,332
2013-05-09,316,341
2013-05-10,316,327
2013-05-11,317,317
2013-05-12,317,317
2013-05-13,317,337
2013-05-14,315,336
2013-05-15,314,326
2013-05-16,311,331
2013-05-17,315,321
2013-05-18,315,315
2013-05-19,315,315
2013-05-20,316,332
2013-05-21,314,341
2013-05-22,315,333
2013-05-23,311,338
2013-05-24,304,324
2013-05-25,308,308
2013-05-26,309,309
2013-05-27,311,311
2013-05-28,307,320
2013-05-29,304,319
2013-05-30,304,321
2013-05-31,302,317
2013-06-01,305,305
2013-06-02,305,305
2013-06-03,304,314
2013-06-04,303,318
2013-06-05,297,315
2013-06-06,299,312
2013-06-07,294,306
2013-06-08,299,300
2013-06-09,296,299
2013-06-10,295,312
2013-06-11,297,318
2013-06-12,296,314
2013-06-13,294,307
2013-06-14,296,305
2013-06-15,299,332
2013-06-16,299,299
2013-06-17,288,318
2013-06-18,295,326
2013-06-19,288,307
2013-06-20,284,303
2013-06-21,288,297
2013-06-22,290,290
2013-06-23,290,290
2013-06-24,281,296
2013-06-25,287,301
2013-06-26,288,295
2013-06-27,287,308
2013-06-28,279,296
2013-06-29,291,291
2013-06-30,290,291
2013-07-01,288,300
2013-07-02,288,310
2013-07-03,290,299
2013-07-04,292,293
2013-07-05,294,297
2013-07-06,294,294
2013-07-07,293,294
2013-07-08,290,302
2013-07-09,289,313
2013-07-10,285,298
2013-07-11,286,299
2013-07-12,280,299
2013-07-13,282,282
2013-07-14,282,282
2013-07-15,281,284
2013-07-16,277,295
2013-07-17,267,288
2013-07-18,269,281
2013-07-19,264,279
2013-07-20,264,264
2013-07-21,266,266
2013-07-22,261,267
2013-07-23,263,269
2013-07-24,255,264
2013-07-25,260,267
2013-07-26,258,262
2013-07-27,260,260
2013-07-28,260,260
2013-07-29,258,269
2013-07-30,257,273
2013-07-31,268,274
2013-08-01,274,281
2013-08-02,272,275
2013-08-03,281,281
2013-08-04,281,281
2013-08-05,278,284
2013-08-06,278,285
2013-08-07,288,296
2013-08-08,290,304
2013-08-09,297,305
2013-08-10,299,299
2013-08-11,297,299
2013-08-12,299,303
2013-08-13,300,315
2013-08-14,303,312
2013-08-15,295,316
2013-08-16,293,309
2013-08-17,300,300
2013-08-18,300,300
2013-08-19,300,307
2013-08-20,300,312
2013-08-21,300,318
2013-08-22,295,313
2013-08-23,302,312
2013-08-24,303,303
2013-08-25,303,303
2013-08-26,302,310
2013-08-27,298,311
2013-08-28,300,314
2013-08-29,294,313
2013-08-30,299,320
2013-08-31,304,304
2013-09-01,304,304
2013-09-02,303,304
2013-09-03,300,313
2013-09-04,298,313
2013-09-05,299,312
2013-09-06,303,313
2013-09-07,304,305
2013-09-08,305,305
2013-09-09,305,317
2013-09-10,300,321
2013-09-11,301,320
2013-09-12,299,319
2013-09-13,298,317
2013-09-14,301,301
2013-09-15,301,301
2013-09-16,298,307
2013-09-17,299,320
2013-09-18,297,325
2013-09-19,298,321
2013-09-20,301,308
2013-09-21,302,303
2013-09-22,302,302
2013-09-23,300,316
2013-09-24,301,319
2013-09-25,292,312
2013-09-26,299,321
2013-09-27,297,316
2013-09-28,297,297
2013-09-29,297,297
2013-09-30,296,308
2013-10-01,273,294
2013-10-02,281,302
2013-10-03,276,297
2013-10-04,274,300
2013-10-05,279,279
2013-10-06,278,279
2013-10-07,274,282
2013-10-08,273,291
2013-10-09,274,292
2013-10-10,278,293
2013-10-11,274,301
2013-10-12,277,277
2013-10-13,277,277
2013-10-14,277,278
2013-10-15,276,296
2013-10-16,278,288
2013-10-17,279,294
2013-10-18,278,292
2013-10-19,282,282
2013-10-20,282,282
2013-10-21,277,287
2013-10-22,276,291
2013-10-23,276,291
2013-10-24,275,287
2013-10-25,277,288
2013-10-26,277,277
2013-10-27,277,277
2013-10-28,277,282
2013-10-29,273,289
2013-10-30,274,289
2013-10-31,273,295
2013-11-01,273,290
2013-11-02,275,275
2013-11-03,275,275
2013-11-04,281,291
2013-11-05,278,295
2013-11-06,272,289
2013-11-07,277,292
2013-11-08,278,288
2013-11-09,279,280
2013-11-10,280,280
2013-11-11,280,280
2013-11-12,276,292
2013-11-13,281,291
2013-11-14,279,291
2013-11-15,278,289
2013-11-16,282,282
2013-11-17,281,282
2013-11-18,273,283
2013-11-19,276,299
2013-11-20,274,288
2013-11-21,274,294
2013-11-22,272,288
2013-11-23,271,272
2013-11-24,271,271
2013-11-25,274,284
2013-11-26,276,298
2013-11-27,275,292
2013-11-28,275,275
2013-11-29,274,279
2013-11-30,274,274
2013-12-01,277,277
2013-12-02,275,286
2013-12-03,272,287
2013-12-04,271,293
2013-12-05,270,293
2013-12-06,272,289
2013-12-07,278,278
2013-12-08,278,278
2013-12-09,276,285
2013-12-10,276,294
2013-12-11,275,286
2013-12-12,281,296
2013-12-13,278,287
2013-12-14,283,283
2013-12-15,283,283
2013-12-16,279,288
2013-12-17,280,304
2013-12-18,278,296
2013-12-19,280,299
2013-12-20,270,287
2013-12-21,269,270
2013-12-22,270,270
2013-12-23,274,288
2013-12-24,277,291
2013-12-25,277,277
2013-12-26,272,288
2013-12-27,271,284
2013-12-28,274,274
2013-12-29,274,274
2013-12-30,268,276
2013-12-31,271,292
2014-01-01,271,271
2014-01-02,266,288
2014-01-03,281,293
2014-01-04,281,281
2014-01-05,281,281
2014-01-06,279,289
2014-01-07,278,301
2014-01-08,276,296
2014-01-09,275,297
2014-01-10,274,291
2014-01-11,274,274
2014-01-12,273,274
2014-01-13,282,298
2014-01-14,284,308
2014-01-15,278,310
2014-01-16,280,299
2014-01-17,275,292
2014-01-18,275,275
2014-01-19,274,275
2014-01-20,267,274
2014-01-21,276,294
2014-01-22,279,294
2014-01-23,278,299
2014-01-24,276,292
2014-01-25,276,276
2014-01-26,275,276
2014-01-27,275,287
2014-01-28,272,296
2014-01-29,276,290
2014-01-30,273,296
2014-01-31,275,279
2014-02-01,273,275
2014-02-02,274,274
2014-02-03,272,289
2014-02-04,271,283
2014-02-05,265,290
2014-02-06,267,291
2014-02-07,267,273
2014-02-08,267,267
2014-02-09,267,267
2014-02-10,264,277
2014-02-11,266,282
2014-02-12,270,285
2014-02-13,266,288
2014-02-14,266,282
2014-02-15,260,267
2014-02-16,260,260
2014-02-17,261,261
2014-02-18,272,304
2014-02-19,268,285
2014-02-20,269,289
2014-02-21,267,282
2014-02-22,270,270
2014-02-23,270,270
2014-02-24,258,275
2014-02-25,268,284
2014-02-26,268,281
2014-02-27,266,293
2014-02-28,260,278
2014-03-01,260,260
2014-03-02,260,260
2014-03-03,258,271
2014-03-04,255,289
2014-03-05,254,278
2014-03-06,261,276
2014-03-07,254,270
2014-03-08,254,254
2014-03-09,254,254
2014-03-10,248,268
2014-03-11,257,265
2014-03-12,258,271
2014-03-13,260,281
2014-03-14,262,274
2014-03-15,262,262
2014-03-16,262,262
2014-03-17,262,273
2014-03-18,264,278
2014-03-19,266,271
2014-03-20,273,292
2014-03-21,277,284
2014-03-22,277,277
2014-03-23,277,277
2014-03-24,276,289
2014-03-25,277,290
2014-03-26,281,293
2014-03-27,284,302
2014-03-28,277,307
2014-03-29,276,277
2014-03-30,277,277
2014-03-31,273,289
2014-04-01,275,291
2014-04-02,284,294
2014-04-03,280,296
2014-04-04,276,291
2014-04-05,276,276
2014-04-06,276,276
2014-04-07,271,284
2014-04-08,267,286
2014-04-09,268,281
2014-04-10,268,281
2014-04-11,268,288
2014-04-12,268,268
2014-04-13,267,268
2014-04-14,268,274
2014-04-15,274,290
2014-04-16,271,290
2014-04-17,267,286
2014-04-18,266,273
2014-04-19,264,266
2014-04-20,264,264
2014-04-21,258,269
2014-04-22,257,277
2014-04-23,256,276
2014-04-24,269,291
2014-04-25,263,275
2014-04-26,263,263
2014-04-27,263,263
2014-04-28,266,273
2014-04-29,270,279
2014-04-30,262,282
2014-05-01,272,285
2014-05-02,269,280
2014-05-03,270,270
2014-05-04,270,270
2014-05-05,266,279
2014-05-06,269,295
2014-05-07,265,285
2014-05-08,266,286
2014-05-09,274,287
2014-05-10,274,274
2014-05-11,274,274
2014-05-12,271,287
2014-05-13,267,288
2014-05-14,271,285
2014-05-15,269,289
2014-05-16,267,283
2014-05-17,267,267
2014-05-18,267,267
2014-05-19,268,286
2014-05-20,269,295
2014-05-21,267,281
2014-05-22,267,285
2014-05-23,270,283
2014-05-24,270,270
2014-05-25,270,270
2014-05-26,270,270
2014-05-27,268,288
2014-05-28,261,271
2014-05-29,268,282
2014-05-30,270,275
2014-05-31,270,270
2014-06-01,269,270
2014-06-02,267,280
2014-06-03,258,280
2014-06-04,264,279
2014-06-05,266,280
2014-06-06,266,274
2014-06-07,266,266
2014-06-08,266,266
2014-06-09,258,275
2014-06-10,264,282
2014-06-11,268,275
2014-06-12,264,284
2014-06-13,262,271
2014-06-14,262,262
2014-06-15,262,262
2014-06-16,261,273
2014-06-17,258,273
2014-06-18,265,273
2014-06-19,264,280
2014-06-20,257,269
2014-06-21,258,258
2014-06-22,258,258
2014-06-23,254,269
2014-06-24,253,273
2014-06-25,258,269
2014-06-26,254,265
2014-06-27,252,266
2014-06-28,252,252
2014-06-29,251,252
2014-06-30,248,254
2014-07-01,251,269
2014-07-02,256,264
2014-07-03,259,275
2014-07-04,259,260
2014-07-05,260,260
2014-07-06,260,260
2014-07-07,265,277
2014-07-08,274,287
2014-07-09,267,286
2014-07-10,263,280
2014-07-11,269,289
2014-07-12,269,269
2014-07-13,270,270
2014-07-14,272,281
2014-07-15,271,287
2014-07-16,270,286
2014-07-17,267,287
2014-07-18,266,278
2014-07-19,266,266
2014-07-20,266,266
2014-07-21,268,278
2014-07-22,269,294
2014-07-23,270,280
2014-07-24,271,291
2014-07-25,271,282
2014-07-26,271,271
2014-07-27,271,271
2014-07-28,266,283
2014-07-29,268,291
2014-07-30,270,287
2014-07-31,270,285
2014-08-01,273,291
2014-08-02,273,273
2014-08-03,273,273
2014-08-04,276,292
2014-08-05,277,292
2014-08-06,274,288
2014-08-07,276,291
2014-08-08,273,286
2014-08-09,273,273
2014-08-10,273,273
2014-08-11,270,289
2014-08-12,263,292
2014-08-13,260,272
2014-08-14,258,268
2014-08-15,250,268
2014-08-16,250,250
2014-08-17,250,250
2014-08-18,245,264
2014-08-19,239,254
2014-08-20,241,258
2014-08-21,238,253
2014-08-22,235,245
2014-08-23,235,235
2014-08-24,235,235
2014-08-25,234,246
2014-08-26,229,244
2014-08-27,226,233
2014-08-28,223,240
2014-08-29,219,233
2014-08-30,234,234
2014-08-31,234,234
2014-09-01,234,234
2014-09-02,254,264
2014-09-03,258,269
2014-09-04,263,282
2014-09-05,258,273
2014-09-06,258,258
2014-09-07,257,258
2014-09-08,257,274
2014-09-09,270,286
2014-09-10,264,283
2014-09-11,261,279
2014-09-12,259,288
2014-09-13,259,259
2014-09-14,259,259
2014-09-15,254,276
2014-09-16,251,280
2014-09-17,250,262
2014-09-18,255,267
2014-09-19,254,270
2014-09-20,253,254
2014-09-21,253,253
2014-09-22,240,265
2014-09-23,237,259
2014-09-24,228,242
2014-09-25,233,249
2014-09-26,229,242
2014-09-27,229,229
2014-09-28,229,229
2014-09-29,221,239
2014-09-30,217,236
2014-10-01,220,228
2014-10-02,220,225
2014-10-03,233,243
2014-10-04,234,234
2014-10-05,234,234
2014-10-06,233,244
2014-10-07,231,246
2014-10-08,227,243
2014-10-09,223,234
2014-10-10,218,229
2014-10-11,218,218
2014-10-12,218,218
2014-10-13,218,218
2014-10-14,208,232
2014-10-15,207,221
2014-10-16,222,238
2014-10-17,222,233
2014-10-18,230,230
2014-10-19,228,230
2014-10-20,224,236
2014-10-21,233,247
2014-10-22,227,240
2014-10-23,226,239
2014-10-24,225,235
2014-10-25,225,225
2014-10-26,225,225
2014-10-27,217,235
2014-10-28,215,234
2014-10-29,220,228
2014-10-30,217,235
2014-10-31,219,235
2014-11-01,219,219
2014-11-02,219,219
2014-11-03,215,229
2014-11-04,214,236
2014-11-05,209,220
2014-11-06,210,217
2014-11-07,210,224
2014-11-08,215,215
2014-11-09,215,215
2014-11-10,213,225
2014-11-11,213,213
2014-11-12,211,227
2014-11-13,208,222
2014-11-14,204,218
2014-11-15,204,204
2014-11-16,204,204
2014-11-17,198,208
2014-11-18,201,219
2014-11-19,204,217
2014-11-20,198,223
2014-11-21,194,207
2014-11-22,195,195
2014-11-23,195,195
2014-11-24,195,209
2014-11-25,202,218
2014-11-26,197,216
2014-11-27,197,197
2014-11-28,201,208
2014-11-29,203,203
2014-11-30,203,203
2014-12-01,210,224
2014-12-02,211,229
2014-12-03,206,211
2014-12-04,205,212
2014-12-05,206,215
2014-12-06,206,206
2014-12-07,206,206
2014-12-08,205,213
2014-12-09,204,215
2014-12-10,201,218
2014-12-11,211,233
2014-12-12,230,245
2014-12-13,231,231
2014-12-14,231,231
2014-12-15,230,241
2014-12-16,226,258
2014-12-17,239,245
2014-12-18,235,257
2014-12-19,231,253
2014-12-20,242,242
2014-12-21,242,242
2014-12-22,236,255
2014-12-23,236,261
2014-12-24,237,250
2014-12-25,237,237
2014-12-26,237,237
2014-12-27,237,237
2014-12-28,237,237
2014-12-29,237,257
2014-12-30,237,247
2014-12-31,234,238
2015-01-01,234,234
2015-01-02,233,242
2015-01-03,233,233
2015-01-04,232,233
2015-01-05,231,249
2015-01-06,229,247
2015-01-07,228,243
2015-01-08,228,244
2015-01-09,222,235
2015-01-10,222,222
2015-01-11,221,222
2015-01-12,215,235
2015-01-13,228,256
2015-01-14,225,244
2015-01-15,232,254
2015-01-16,233,250
2015-01-17,237,237
2015-01-18,238,238
2015-01-19,238,238
2015-01-20,233,255
2015-01-21,231,252
2015-01-22,232,253
2015-01-23,229,236
2015-01-24,229,229
2015-01-25,228,229
2015-01-26,227,241
2015-01-27,223,247
2015-01-28,243,259
2015-01-29,239,259
2015-01-30,235,248
2015-01-31,235,235
2015-02-01,235,235
2015-02-02,232,258
2015-02-03,233,257
2015-02-04,230,237
2015-02-05,232,259
2015-02-06,238,248
2015-02-07,238,238
2015-02-08,238,238
2015-02-09,231,250
2015-02-10,228,245
2015-02-11,234,246
2015-02-12,234,244
2015-02-13,239,249
2015-02-14,239,239
2015-02-15,239,239
2015-02-16,240,240
2015-02-17,240,261
2015-02-18,237,251
2015-02-19,234,259
2015-02-20,232,244
2015-02-21,245,245
2015-02-22,244,245
2015-02-23,246,257
2015-02-24,246,261
2015-02-25,242,261
2015-02-26,240,265
2015-02-27,250,265
2015-02-28,249,250
2015-03-01,249,249
2015-03-02,248,264
2015-03-03,245,275
2015-03-04,241,264
2015-03-05,245,273
2015-03-06,236,255
2015-03-07,236,236
2015-03-08,236,236
2015-03-09,247,262
2015-03-10,243,273
2015-03-11,235,254
2015-03-12,227,244
2015-03-13,228,239
2015-03-14,227,228
2015-03-15,227,227
2015-03-16,228,237
2015-03-17,242,259
2015-03-18,259,269
2015-03-19,260,270
2015-03-20,266,274
2015-03-21,266,266
2015-03-22,269,269
2015-03-23,268,278
2015-03-24,266,288
2015-03-25,262,281
2015-03-26,261,276
2015-03-27,256,271
2015-03-28,256,256
2015-03-29,256,256
2015-03-30,259,273
2015-03-31,257,280
2015-04-01,256,266
2015-04-02,253,266
2015-04-03,256,270
2015-04-04,256,256
2015-04-05,257,257
2015-04-06,255,269
2015-04-07,249,273
2015-04-08,257,267
2015-04-09,259,280
2015-04-10,262,283
2015-04-11,262,262
2015-04-12,262,262
2015-04-13,268,285
2015-04-14,267,291
2015-04-15,269,281
2015-04-16,266,290
2015-04-17,262,279
2015-04-18,266,266
2015-04-19,269,269
2015-04-20,265,280
2015-04-21,260,279
2015-04-22,258,271
2015-04-23,257,277
2015-04-24,257,280
2015-04-25,259,259
2015-04-26,261,261
2015-04-27,262,272
2015-04-28,259,265
2015-04-29,255,272
2015-04-30,258,270
2015-05-01,257,262
2015-05-02,257,257
2015-05-03,257,257
2015-05-04,256,267
2015-05-05,257,274
2015-05-06,251,262
2015-05-07,252,276
2015-05-08,246,263
2015-05-09,246,246
2015-05-10,246,246
2015-05-11,243,255
2015-05-12,243,261
2015-05-13,249,257
2015-05-14,250,259
2015-05-15,249,257
2015-05-16,252,252
2015-05-17,252,252
2015-05-18,252,267
2015-05-19,251,263
2015-05-20,248,259
2015-05-21,247,262
2015-05-22,246,258
2015-05-23,246,246
2015-05-24,246,246
2015-05-25,246,246
2015-05-26,248,259
2015-05-27,251,259
2015-05-28,251,262
2015-05-29,248,260
2015-05-30,249,249
2015-05-31,249,249
2015-06-01,261,273
2015-06-02,268,276
2015-06-03,275,283
2015-06-04,275,288
2015-06-05,271,293
2015-06-06,278,278
2015-06-07,278,278
2015-06-08,275,288
2015-06-09,277,302
2015-06-10,274,294
2015-06-11,272,290
2015-06-12,267,283
2015-06-13,268,268
2015-06-14,270,270
2015-06-15,266,281
2015-06-16,265,289
2015-06-17,263,274
2015-06-18,262,280
2015-06-19,263,275
2015-06-20,267,267
2015-06-21,267,267
2015-06-22,264,278
2015-06-23,262,275
2015-06-24,258,267
2015-06-25,261,273
2015-06-26,257,268
2015-06-27,257,258
2015-06-28,257,257
2015-06-29,257,267
2015-06-30,252,271
2015-07-01,253,263
2015-07-02,254,261
2015-07-03,254,254
2015-07-04,254,254
2015-07-05,254,254
2015-07-06,251,263
2015-07-07,251,260
2015-07-08,249,258
2015-07-09,249,260
2015-07-10,243,252
2015-07-11,243,243
2015-07-12,243,243
2015-07-13,244,256
2015-07-14,238,258
2015-07-15,241,251
2015-07-16,236,249
2015-07-17,236,241
2015-07-18,236,236
2015-07-19,236,236
2015-07-20,234,242
2015-07-21,233,241
2015-07-22,233,248
2015-07-23,233,241
2015-07-24,226,239
2015-07-25,227,227
2015-07-26,227,227
2015-07-27,224,235
2015-07-28,228,236
2015-07-29,229,237
2015-07-30,228,234
2015-07-31,233,241
2015-08-01,232,233
2015-08-02,235,235
2015-08-03,232,237
2015-08-04,236,245
2015-08-05,234,244
2015-08-06,232,243
2015-08-07,229,240
2015-08-08,238,238
2015-08-09,238,238
2015-08-10,235,245
2015-08-11,236,243
2015-08-12,236,242
2015-08-13,242,250
2015-08-14,241,248
2015-08-15,241,241
2015-08-16,241,241
2015-08-17,243,251
2015-08-18,248,273
2015-08-19,252,266
2015-08-20,254,272
2015-08-21,254,266
2015-08-22,254,254
2015-08-23,254,254
2015-08-24,254,262
2015-08-25,250,263
2015-08-26,251,260
2015-08-27,249,261
2015-08-28,249,263
2015-08-29,249,249
2015-08-30,249,249
2015-08-31,247,255
2015-09-01,244,255
2015-09-02,232,256
2015-09-03,233,245
2015-09-04,251,256
2015-09-05,251,251
2015-09-06,251,251
2015-09-07,251,251
2015-09-08,256,273
2015-09-09,250,271
2015-09-10,247,260
2015-09-11,242,252
2015-09-12,242,242
2015-09-13,242,242
2015-09-14,246,254
2015-09-15,242,252
2015-09-16,239,253
2015-09-17,240,256
2015-09-18,252,262
2015-09-19,252,252
2015-09-20,252,252
2015-09-21,256,264
2015-09-22,258,266
2015-09-23,273,288
2015-09-24,273,288
2015-09-25,269,281
2015-09-26,269,269
2015-09-27,272,272
2015-09-28,270,280
2015-09-29,264,284
2015-09-30,268,280
2015-10-01,275,297
2015-10-02,271,287
2015-10-03,276,276
2015-10-04,276,276
2015-10-05,271,289
2015-10-06,276,300
2015-10-07,271,296
2015-10-08,271,289
2015-10-09,270,285
2015-10-10,270,270
2015-10-11,270,270
2015-10-12,270,270
2015-10-13,274,298
2015-10-14,274,288
2015-10-15,271,289
2015-10-16,268,284
2015-10-17,272,272
2015-10-18,272,272
2015-10-19,270,276
2015-10-20,269,286
2015-10-21,270,281
2015-10-22,269,290
2015-10-23,273,291
2015-10-24,273,273
2015-10-25,273,273
2015-10-26,274,283
2015-10-27,274,297
2015-10-28,274,287
2015-10-29,281,296
2015-10-30,284,295
2015-10-31,285,285
2015-11-01,285,285
2015-11-02,275,288
2015-11-03,273,302
2015-11-04,275,285
2015-11-05,277,287
2015-11-06,271,292
2015-11-07,271,271
2015-11-08,271,271
2015-11-09,277,286
2015-11-10,278,298
2015-11-11,277,278
2015-11-12,277,296
2015-11-13,272,296
2015-11-14,272,272
2015-11-15,272,272
2015-11-16,275,283
2015-11-17,271,291
2015-11-18,269,286
2015-11-19,271,289
2015-11-20,270,279
2015-11-21,271,271
2015-11-22,271,271
2015-11-23,270,280
2015-11-24,266,291
2015-11-25,252,292
2015-11-26,252,252
2015-11-27,258,263
2015-11-28,259,259
2015-11-29,259,259
2015-11-30,257,268
2015-12-01,255,275
2015-12-02,255,276
2015-12-03,271,289
2015-12-04,270,294
2015-12-05,271,271
2015-12-06,271,271
2015-12-07,274,286
2015-12-08,278,302
2015-12-09,271,290
2015-12-10,280,291
2015-12-11,283,299
2015-12-12,284,284
2015-12-13,284,284
2015-12-14,281,298
2015-12-15,272,296
2015-12-16,281,304
2015-12-17,272,292
2015-12-18,271,288
2015-12-19,277,277
2015-12-20,281,281
2015-12-21,273,290
2015-12-22,270,293
2015-12-23,265,282
2015-12-24,263,268
2015-12-25,263,263
2015-12-26,271,272
2015-12-27,271,271
2015-12-28,273,283
2015-12-29,271,293
2015-12-30,263,296
2015-12-31,266,274
2016-01-01,267,267
2016-01-02,267,267
2016-01-03,267,267
2016-01-04,265,282
2016-01-05,260,286
2016-01-06,273,291
2016-01-07,272,296
2016-01-08,271,278
2016-01-09,275,275
2016-01-10,275,275
2016-01-11,275,286
2016-01-12,272,300
2016-01-13,271,291
2016-01-14,268,278
2016-01-15,268,281
2016-01-16,268,268
2016-01-17,268,268
2016-01-18,268,268
2016-01-19,261,277
2016-01-20,255,278
2016-01-21,257,265
2016-01-22,260,272
2016-01-23,272,272
2016-01-24,272,272
2016-01-25,268,276
2016-01-26,267,286
2016-01-27,268,284
2016-01-28,270,283
2016-01-29,268,277
2016-01-30,274,274
2016-01-31,274,274
2016-02-01,275,285
2016-02-02,277,296
2016-02-03,281,292
2016-02-04,281,292
2016-02-05,280,298
2016-02-06,280,280
2016-02-07,283,283
2016-02-08,277,290
2016-02-09,281,299
2016-02-10,282,299
2016-02-11,280,301
2016-02-12,278,284
2016-02-13,279,279
2016-02-14,279,279
2016-02-15,279,279
2016-02-16,272,294
2016-02-17,270,287
2016-02-18,276,288
2016-02-19,276,284
2016-02-20,276,276
2016-02-21,280,280
2016-02-22,282,299
2016-02-23,277,301
2016-02-24,281,289
2016-02-25,275,294
2016-02-26,269,285
2016-02-27,270,270
2016-02-28,270,270
2016-02-29,267,276
2016-03-01,278,293
2016-03-02,284,297
2016-03-03,281,293
2016-03-04,273,290
2016-03-05,273,273
2016-03-06,286,286
2016-03-07,282,291
2016-03-08,282,299
2016-03-09,273,297
2016-03-10,275,284
2016-03-11,279,282
2016-03-12,278,279
2016-03-13,278,278
2016-03-14,283,295
2016-03-15,277,307
2016-03-16,276,285
2016-03-17,276,285
2016-03-18,268,278
2016-03-19,268,268
2016-03-20,268,268
2016-03-21,263,273
2016-03-22,268,284
2016-03-23,266,273
2016-03-24,274,278
2016-03-25,270,276
2016-03-26,270,270
2016-03-27,272,272
2016-03-28,268,280
2016-03-29,261,281
2016-03-30,259,274
2016-03-31,254,268
2016-04-01,248,254
2016-04-02,248,248
2016-04-03,248,248
2016-04-04,247,254
2016-04-05,243,262
2016-04-06,243,255
2016-04-07,234,258
2016-04-08,231,236
2016-04-09,231,231
2016-04-10,232,232
2016-04-11,231,236
2016-04-12,251,270
2016-04-13,263,280
2016-04-14,266,283
2016-04-15,279,288
2016-04-16,279,279
2016-04-17,279,279
2016-04-18,277,292
2016-04-19,279,292
2016-04-20,278,294
2016-04-21,272,283
2016-04-22,285,294
2016-04-23,285,285
2016-04-24,285,285
2016-04-25,285,301
2016-04-26,293,324
2016-04-27,289,307
2016-04-28,286,306
2016-04-29,288,300
2016-04-30,289,289
2016-05-01,289,289
2016-05-02,283,300
2016-05-03,276,297
2016-05-04,276,290
2016-05-05,273,293
2016-05-06,274,290
2016-05-07,275,275
2016-05-08,275,275
2016-05-09,270,289
2016-05-10,269,285
2016-05-11,288,299
2016-05-12,284,296
2016-05-13,288,302
2016-05-14,288,288
2016-05-15,290,290
2016-05-16,287,300
2016-05-17,285,308
2016-05-18,281,297
2016-05-19,290,303
2016-05-20,287,308
2016-05-21,289,289
2016-05-22,289,289
2016-05-23,286,300
2016-05-24,283,307
2016-05-25,287,301
2016-05-26,285,308
2016-05-27,278,298
2016-05-28,277,278
2016-05-29,279,279
2016-05-30,279,279
2016-05-31,273,285
2016-06-01,276,284
2016-06-02,279,285
2016-06-03,279,290
2016-06-04,280,280
2016-06-05,280,280
2016-06-06,278,283
2016-06-07,274,296
2016-06-08,285,296
2016-06-09,284,301
2016-06-10,288,290
2016-06-11,287,288
2016-06-12,289,289
2016-06-13,288,292
2016-06-14,282,307
2016-06-15,291,311
2016-06-16,286,304
2016-06-17,287,295
2016-06-18,289,290
2016-06-19,288,289
2016-06-20,282,297
2016-06-21,283,298
2016-06-22,280,294
2016-06-23,283,295
2016-06-24,282,286
2016-06-25,282,282
2016-06-26,283,283
2016-06-27,279,289
2016-06-28,277,291
2016-06-29,275,280
2016-06-30,279,300
2016-07-01,277,287
2016-07-02,277,277
2016-07-03,277,277
2016-07-04,277,277
2016-07-05,275,292
2016-07-06,273,294
2016-07-07,274,292
2016-07-08,275,283
2016-07-09,275,275
2016-07-10,275,275
2016-07-11,273,275
2016-07-12,272,291
2016-07-13,271,291
2016-07-14,275,294
2016-07-15,270,280
2016-07-16,270,270
2016-07-17,275,275
2016-07-18,275,282
2016-07-19,269,291
2016-07-20,269,282
2016-07-21,273,295
2016-07-22,270,280
2016-07-23,269,270
2016-07-24,276,276
2016-07-25,274,278
2016-07-26,272,288
2016-07-27,276,284
2016-07-28,273,286
2016-07-29,271,285
2016-07-30,275,275
2016-07-31,274,275
2016-08-01,288,293
2016-08-02,286,294
2016-08-03,289,300
2016-08-04,287,309
2016-08-05,290,295
2016-08-06,290,290
2016-08-07,291,291
2016-08-08,287,297
2016-08-09,285,306
2016-08-10,287,301
2016-08-11,284,312
2016-08-12,283,301
2016-08-13,283,283
2016-08-14,284,284
2016-08-15,287,291
2016-08-16,286,292
2016-08-17,285,292
2016-08-18,285,292
2016-08-19,285,292
2016-08-20,285,285
2016-08-21,285,285
2016-08-22,289,295
2016-08-23,285,298
2016-08-24,286,292
2016-08-25,291,303
2016-08-26,286,296
2016-08-27,286,286
2016-08-28,286,286
2016-08-29,289,297
2016-08-30,289,303
2016-08-31,287,295
2016-09-01,286,298
2016-09-02,283,289
2016-09-03,287,287
2016-09-04,287,287
2016-09-05,287,287
2016-09-06,282,291
2016-09-07,279,291
2016-09-08,284,303
2016-09-09,284,288
2016-09-10,286,286
2016-09-11,286,286
2016-09-12,280,292
2016-09-13,285,298
2016-09-14,283,293
2016-09-15,288,299
2016-09-16,280,291
2016-09-17,282,282
2016-09-18,282,282
2016-09-19,283,294
2016-09-20,277,293
2016-09-21,266,297
2016-09-22,281,297
2016-09-23,276,289
2016-09-24,276,276
2016-09-25,276,276
2016-09-26,274,283
2016-09-27,270,286
2016-09-28,277,291
2016-09-29,276,288
2016-09-30,291,296
2016-10-01,291,291
2016-10-02,291,291
2016-10-03,289,291
2016-10-04,296,311
2016-10-05,291,308
2016-10-06,296,309
2016-10-07,292,303
2016-10-08,296,296
2016-10-09,297,297
2016-10-10,297,297
2016-10-11,289,304
2016-10-12,290,304
2016-10-13,294,304
2016-10-14,302,315
2016-10-15,302,302
2016-10-16,302,302
2016-10-17,298,305
2016-10-18,296,306
2016-10-19,297,306
2016-10-20,296,312
2016-10-21,295,307
2016-10-22,296,296
2016-10-23,296,296
2016-10-24,292,303
2016-10-25,288,301
2016-10-26,286,299
2016-10-27,292,309
2016-10-28,291,304
2016-10-29,291,291
2016-10-30,297,297
2016-10-31,296,307
2016-11-01,294,319
2016-11-02,287,305
2016-11-03,299,309
2016-11-04,295,308
2016-11-05,297,297
2016-11-06,297,297
2016-11-07,293,301
2016-11-08,290,298
2016-11-09,291,307
2016-11-10,297,308
2016-11-11,299,299
2016-11-12,298,299
2016-11-13,298,298
2016-11-14,295,301
2016-11-15,295,307
2016-11-16,293,300
2016-11-17,294,307
2016-11-18,291,301
2016-11-19,291,291
2016-11-20,295,295
2016-11-21,293,303
2016-11-22,290,302
2016-11-23,301,311
2016-11-24,301,301
2016-11-25,295,301
2016-11-26,295,295
2016-11-27,296,296
2016-11-28,304,311
2016-11-29,305,324
2016-11-30,304,323
2016-12-01,305,319
2016-12-02,304,311
2016-12-03,304,304
2016-12-04,304,304
2016-12-05,301,312
2016-12-06,299,313
2016-12-07,302,324
2016-12-08,302,318
2016-12-09,300,311
2016-12-10,248,300
2016-12-11,269,269
2016-12-12,279,291
2016-12-13,296,306
2016-12-14,292,306
2016-12-15,291,306
2016-12-16,295,302
2016-12-17,295,295
2016-12-18,294,295
2016-12-19,295,304
2016-12-20,292,299
2016-12-21,293,314
2016-12-22,291,304
2016-12-23,289,301
2016-12-24,293,293
2016-12-25,293,293
2016-12-26,293,293
2016-12-27,291,298
2016-12-28,297,307
2016-12-29,294,307
2016-12-30,295,298
2016-12-31,295,295
2017-01-01,295,295
2017-01-02,295,295
2017-01-03,294,300
2017-01-04,295,316
2017-01-05,303,324
2017-01-06,303,308
2017-01-07,304,304
2017-01-08,304,304
2017-01-09,301,313
2017-01-10,299,312
2017-01-11,297,315
2017-01-12,293,309
2017-01-13,291,297
2017-01-14,294,294
2017-01-15,294,294
2017-01-16,294,294
2017-01-17,293,309
2017-01-18,286,319
2017-01-19,291,311
2017-01-20,293,300
2017-01-21,293,293
2017-01-22,293,293
2017-01-23,297,309
2017-01-24,294,307
2017-01-25,294,310
2017-01-26,296,320
2017-01-27,295,309
2017-01-28,297,297
2017-01-29,297,297
2017-01-30,299,322
2017-01-31,299,318
2017-02-01,298,323
2017-02-02,296,314
2017-02-03,304,318
2017-02-04,303,304
2017-02-05,303,303
2017-02-06,299,311
2017-02-07,296,309
2017-02-08,299,315
2017-02-09,302,327
2017-02-10,303,318
2017-02-11,301,304
2017-02-12,301,301
2017-02-13,293,312
2017-02-14,297,312
2017-02-15,294,320
2017-02-16,293,314
2017-02-17,297,305
2017-02-18,297,297
2017-02-19,297,297
2017-02-20,297,297
2017-02-21,298,324
2017-02-22,295,308
2017-02-23,291,311
2017-02-24,288,298
2017-02-25,296,296
2017-02-26,297,297
2017-02-27,294,309
2017-02-28,290,303
2017-03-01,294,313
2017-03-02,297,311
2017-03-03,295,302
2017-03-04,295,295
2017-03-05,295,295
2017-03-06,294,304
2017-03-07,290,310
2017-03-08,300,317
2017-03-09,297,315
2017-03-10,299,308
2017-03-11,299,299
2017-03-12,299,299
2017-03-13,291,314
2017-03-14,290,320
2017-03-15,289,301
2017-03-16,294,309
2017-03-17,288,299
2017-03-18,288,288
2017-03-19,288,288
2017-03-20,287,291
2017-03-21,278,305
2017-03-22,292,300
2017-03-23,290,311
2017-03-24,287,296
2017-03-25,287,287
2017-03-26,287,287
2017-03-27,287,302
2017-03-28,284,312
2017-03-29,280,291
2017-03-30,283,301
2017-03-31,282,292
2017-04-01,282,282
2017-04-02,282,282
2017-04-03,282,287
2017-04-04,276,294
2017-04-05,281,290
2017-04-06,284,300
2017-04-07,281,298
2017-04-08,281,281
2017-04-09,281,281
2017-04-10,281,288
2017-04-11,277,288
2017-04-12,273,284
2017-04-13,276,289
2017-04-14,275,280
2017-04-15,275,275
2017-04-16,275,275
2017-04-17,272,281
2017-04-18,265,282
2017-04-19,274,281
2017-04-20,274,285
2017-04-21,273,277
2017-04-22,275,275
2017-04-23,275,275
2017-04-24,274,284
2017-04-25,271,288
2017-04-26,287,312
2017-04-27,282,303
2017-04-28,275,285
2017-04-29,275,275
2017-04-30,275,275
2017-05-01,273,286
2017-05-02,269,287
2017-05-03,268,277
2017-05-04,262,280
2017-05-05,265,275
2017-05-06,266,266
2017-05-07,266,266
2017-05-08,272,287
2017-05-09,270,281
2017-05-10,272,286
2017-05-11,280,287
2017-05-12,277,287
2017-05-13,282,282
2017-05-14,282,282
2017-05-15,282,297
2017-05-16,293,310
2017-05-17,288,306
2017-05-18,286,307
2017-05-19,289,305
2017-05-20,290,290
2017-05-21,292,292
2017-05-22,290,309
2017-05-23,281,300
2017-05-24,278,292
2017-05-25,282,299
2017-05-26,283,297
2017-05-27,283,283
2017-05-28,283,283
2017-05-29,285,285
2017-05-30,285,293
2017-05-31,288,302
2017-06-01,297,316
2017-06-02,298,309
2017-06-03,297,298
2017-06-04,297,297
2017-06-05,290,304
2017-06-06,285,300
2017-06-07,293,304
2017-06-08,289,309
2017-06-09,290,297
2017-06-10,289,290
2017-06-11,291,291
2017-06-12,283,303
2017-06-13,285,299
2017-06-14,287,303
2017-06-15,280,312
2017-06-16,275,289
2017-06-17,275,275
2017-06-18,278,278
2017-06-19,277,292
2017-06-20,270,281
2017-06-21,271,293
2017-06-22,268,288
2017-06-23,261,273
2017-06-24,266,266
2017-06-25,266,266
2017-06-26,261,278
2017-06-27,265,276
2017-06-28,262,277
2017-06-29,278,303
2017-06-30,266,293
2017-07-01,266,266
2017-07-02,266,266
2017-07-03,269,282
2017-07-04,274,274
2017-07-05,275,296
2017-07-06,275,304
2017-07-07,278,290
2017-07-08,279,279
2017-07-09,279,279
2017-07-10,275,289
2017-07-11,276,291
2017-07-12,273,293
2017-07-13,270,279
2017-07-14,277,284
2017-07-15,283,283
2017-07-16,283,283
2017-07-17,273,288
2017-07-18,270,290
2017-07-19,266,281
2017-07-20,270,281
2017-07-21,268,276
2017-07-22,269,269
2017-07-23,269,269
2017-07-24,268,283
2017-07-25,263,272
2017-07-26,260,275
2017-07-27,279,300
2017-07-28,279,295
2017-07-29,279,279
2017-07-30,280,280
2017-07-31,281,299
2017-08-01,277,289
2017-08-02,279,292
2017-08-03,276,289
2017-08-04,279,286
2017-08-05,279,279
2017-08-06,282,282
2017-08-07,281,290
2017-08-08,274,297
2017-08-09,274,292
2017-08-10,275,291
2017-08-11,274,287
2017-08-12,277,277
2017-08-13,277,277
2017-08-14,273,283
2017-08-15,272,295
2017-08-16,275,291
2017-08-17,273,298
2017-08-18,275,280
2017-08-19,278,278
2017-08-20,278,278
2017-08-21,277,286
2017-08-22,266,289
2017-08-23,266,290
2017-08-24,260,288
2017-08-25,258,272
2017-08-26,258,258
2017-08-27,258,258
2017-08-28,254,264
2017-08-29,257,273
2017-08-30,268,285
2017-08-31,269,294
2017-09-01,267,279
2017-09-02,268,268
2017-09-03,267,268
2017-09-04,266,267
2017-09-05,263,280
2017-09-06,268,281
2017-09-07,293,317
2017-09-08,286,296
2017-09-09,293,293
2017-09-10,293,293
2017-09-11,292,297
2017-09-12,321,336
2017-09-13,319,341
2017-09-14,325,346
2017-09-15,322,344
2017-09-16,322,322
2017-09-17,323,323
2017-09-18,319,342
2017-09-19,313,362
2017-09-20,319,344
2017-09-21,323,348
2017-09-22,317,340
2017-09-23,317,317
2017-09-24,319,319
2017-09-25,315,340
2017-09-26,317,339
2017-09-27,313,342
2017-09-28,317,343
2017-09-29,312,329
2017-09-30,312,312
2017-10-01,312,312
2017-10-02,311,330
2017-10-03,302,332
2017-10-04,309,331
2017-10-05,311,340
2017-10-06,307,323
2017-10-07,309,309
2017-10-08,309,309
2017-10-09,309,309
2017-10-10,295,321
2017-10-11,303,316
2017-10-12,299,343
2017-10-13,303,334
2017-10-14,301,307
2017-10-15,304,304
2017-10-16,294,323
2017-10-17,290,323
2017-10-18,295,313
2017-10-19,289,328
2017-10-20,286,305
2017-10-21,293,293
2017-10-22,291,293
2017-10-23,295,308
2017-10-24,293,314
2017-10-25,296,315
2017-10-26,290,313
2017-10-27,293,312
2017-10-28,293,293
2017-10-29,293,293
2017-10-30,290,309
2017-10-31,285,308
2017-11-01,282,312
2017-11-02,278,308
2017-11-03,272,285
2017-11-04,290,291
2017-11-05,291,291
2017-11-06,287,304
2017-11-07,280,315
2017-11-08,282,302
2017-11-09,283,301
2017-11-10,284,284
2017-11-11,284,284
2017-11-12,284,284
2017-11-13,283,308
2017-11-14,279,316
2017-11-15,282,304
2017-11-16,296,318
2017-11-17,294,324
2017-11-18,301,301
2017-11-19,301,301
2017-11-20,323,337
2017-11-21,324,353
2017-11-22,325,345
2017-11-23,329,329
2017-11-24,329,331
2017-11-25,327,329
2017-11-26,327,327
2017-11-27,324,342
2017-11-28,314,353
2017-11-29,320,333
2017-11-30,324,341
2017-12-01,319,349
2017-12-02,319,319
2017-12-03,325,325
2017-12-04,323,339
2017-12-05,317,353
2017-12-06,314,345
2017-12-07,317,346
2017-12-08,322,343
2017-12-09,322,322
2017-12-10,322,322
2017-12-11,325,351
2017-12-12,334,382
2017-12-13,352,374
2017-12-14,354,375
2017-12-15,350,388
2017-12-16,354,354
2017-12-17,354,354
2017-12-18,349,357
2017-12-19,345,368
2017-12-20,349,373
2017-12-21,346,379
2017-12-22,348,384
2017-12-23,349,349
2017-12-24,354,354
2017-12-25,353,354
2017-12-26,338,353
2017-12-27,342,348
2017-12-28,346,350
2017-12-29,362,387
2017-12-30,366,366
2017-12-31,366,366
2018-01-01,366,366
2018-01-02,358,380
2018-01-03,352,379
2018-01-04,354,390
2018-01-05,348,371
2018-01-06,354,354
2018-01-07,354,354
2018-01-08,351,370
2018-01-09,339,384
2018-01-10,343,381
2018-01-11,341,381
2018-01-12,339,379
2018-01-13,345,345
2018-01-14,344,345
2018-01-15,344,344
2018-01-16,337,360
2018-01-17,335,365
2018-01-18,337,381
2018-01-19,332,365
2018-01-20,339,339
2018-01-21,337,339
2018-01-22,325,346
2018-01-23,322,360
2018-01-24,325,351
2018-01-25,347,367
2018-01-26,320,366
2018-01-27,320,320
2018-01-28,320,320
2018-01-29,324,337
2018-01-30,319,359
2018-01-31,322,356
2018-02-01,322,346
2018-02-02,358,376
2018-02-03,360,361
2018-02-04,359,360
2018-02-05,356,367
2018-02-06,350,386
2018-02-07,350,380
2018-02-08,348,372
2018-02-09,346,367
2018-02-10,350,351
2018-02-11,354,354
2018-02-12,345,362
2018-02-13,331,371
2018-02-14,334,366
2018-02-15,333,354
2018-02-16,328,351
2018-02-17,328,328
2018-02-18,327,328
2018-02-19,327,327
2018-02-20,319,345
2018-02-21,321,360
2018-02-22,319,347
2018-02-23,312,334
2018-02-24,323,323
2018-02-25,323,323
2018-02-26,320,331
2018-02-27,314,346
2018-02-28,311,323
2018-03-01,318,339
2018-03-02,324,346
2018-03-03,326,326
2018-03-04,324,326
2018-03-05,340,356
2018-03-06,330,368
2018-03-07,323,349
2018-03-08,337,365
2018-03-09,348,375
2018-03-10,353,353
2018-03-11,353,353
2018-03-12,339,359
2018-03-13,331,379
2018-03-14,330,363
2018-03-15,325,354
2018-03-16,319,351
2018-03-17,319,319
2018-03-18,319,319
2018-03-19,315,341
2018-03-20,313,345
2018-03-21,329,347
2018-03-22,332,358
2018-03-23,339,354
2018-03-24,339,339
2018-03-25,339,339
2018-03-26,335,361
2018-03-27,321,351
2018-03-28,314,335
2018-03-29,320,350
2018-03-30,322,352
2018-03-31,322,322
2018-04-01,321,322
2018-04-02,317,326
2018-04-03,322,339
2018-04-04,320,333
2018-04-05,322,337
2018-04-06,330,345
2018-04-07,329,330
2018-04-08,328,329
2018-04-09,337,351
2018-04-10,336,372
2018-04-11,331,354
2018-04-12,333,354
2018-04-13,322,356
2018-04-14,337,339
2018-04-15,344,344
2018-04-16,340,364
2018-04-17,338,377
2018-04-18,342,383
2018-04-19,332,360
2018-04-20,330,365
2018-04-21,336,336
2018-04-22,336,336
2018-04-23,325,345
2018-04-24,313,345
2018-04-25,326,347
2018-04-26,326,343
2018-04-27,338,377
2018-04-28,339,339
2018-04-29,339,339
2018-04-30,352,380
2018-05-01,358,365
2018-05-02,348,389
2018-05-03,351,380
2018-05-04,347,382
2018-05-05,354,354
2018-05-06,354,354
2018-05-07,347,366
2018-05-08,329,399
2018-05-09,324,354
2018-05-10,322,354
2018-05-11,321,352
2018-05-12,322,323
2018-05-13,322,322
2018-05-14,321,341
2018-05-15,312,356
2018-05-16,304,335
2018-05-17,303,332
2018-05-18,299,345
2018-05-19,308,308
2018-05-20,315,315
2018-05-21,309,325
2018-05-22,302,343
2018-05-23,287,305
2018-05-24,299,317
2018-05-25,296,315
2018-05-26,296,296
2018-05-27,302,302
2018-05-28,302,302
2018-05-29,286,319
2018-05-30,322,356
2018-05-31,324,354
2018-06-01,325,352
2018-06-02,325,325
2018-06-03,326,326
2018-06-04,333,349
2018-06-05,323,357
2018-06-06,326,355
2018-06-07,323,357
2018-06-08,321,360
2018-06-09,321,321
2018-06-10,321,321
2018-06-11,305,328
2018-06-12,297,317
2018-06-13,305,318
2018-06-14,309,314
2018-06-15,308,353
2018-06-16,308,308
2018-06-17,308,308
2018-06-18,302,317
2018-06-19,297,333
2018-06-20,302,330
2018-06-21,314,347
2018-06-22,320,361
2018-06-23,315,320
2018-06-24,316,316
2018-06-25,311,330
2018-06-26,316,344
2018-06-27,310,333
2018-06-28,319,332
2018-06-29,306,338
2018-06-30,304,306
2018-07-01,302,304
2018-07-02,284,306
2018-07-03,277,285
2018-07-04,277,277
2018-07-05,290,304
2018-07-06,289,329
2018-07-07,291,291
2018-07-08,291,291
2018-07-09,289,307
2018-07-10,283,324
2018-07-11,273,303
2018-07-12,271,292
2018-07-13,275,292
2018-07-14,283,283
2018-07-15,283,283
2018-07-16,277,297
2018-07-17,270,299
2018-07-18,267,305
2018-07-19,261,280
2018-07-20,267,296
2018-07-21,267,267
2018-07-22,267,267
2018-07-23,262,282
2018-07-24,263,290
2018-07-25,265,293
2018-07-26,263,290
2018-07-27,254,277
2018-07-28,254,254
2018-07-29,254,254
2018-07-30,253,256
2018-07-31,248,276
2018-08-01,258,280
2018-08-02,261,279
2018-08-03,255,280
2018-08-04,255,255
2018-08-05,255,255
2018-08-06,249,262
2018-08-07,244,263
2018-08-08,241,266
2018-08-09,246,264
2018-08-10,248,268
2018-08-11,253,253
2018-08-12,253,253
2018-08-13,245,257
2018-08-14,235,256
2018-08-15,228,259
2018-08-16,227,252
2018-08-17,236,254
2018-08-18,236,236
2018-08-19,236,236
2018-08-20,238,249
2018-08-21,225,250
2018-08-22,247,265
2018-08-23,243,259
2018-08-24,239,259
2018-08-25,239,239
2018-08-26,240,240
2018-08-27,252,275
2018-08-28,250,284
2018-08-29,251,277
2018-08-30,255,276
2018-08-31,252,271
2018-09-01,252,252
2018-09-02,252,252
2018-09-03,252,252
2018-09-04,244,267
2018-09-05,238,264
2018-09-06,234,253
2018-09-07,228,252
2018-09-08,228,228
2018-09-09,228,228
2018-09-10,225,230
2018-09-11,214,244
2018-09-12,211,231
2018-09-13,205,229
2018-09-14,204,218
2018-09-15,204,204
2018-09-16,204,204
2018-09-17,200,215
2018-09-18,191,217
2018-09-19,237,247
2018-09-20,241,271
2018-09-21,247,270
2018-09-22,245,247
2018-09-23,245,245
2018-09-24,245,261
2018-09-25,238,280
2018-09-26,237,260
2018-09-27,240,276
2018-09-28,242,263
2018-09-29,242,242
2018-09-30,242,242
2018-10-01,239,245
2018-10-02,232,264
2018-10-03,227,242
2018-10-04,219,243
2018-10-05,208,243
2018-10-06,208,208
2018-10-07,208,208
2018-10-08,207,208
2018-10-09,215,237
2018-10-10,235,255
2018-10-11,231,239
2018-10-12,230,259
2018-10-13,229,230
2018-10-14,237,237
2018-10-15,234,246
2018-10-16,230,254
2018-10-17,233,253
2018-10-18,247,264
2018-10-19,246,277
2018-10-20,246,246
2018-10-21,246,246
2018-10-22,256,277
2018-10-23,254,279
2018-10-24,255,278
2018-10-25,253,271
2018-10-26,259,279
2018-10-27,259,259
2018-10-28,259,259
2018-10-29,249,269
2018-10-30,244,282
2018-10-31,247,267
2018-11-01,250,273
2018-11-02,247,267
2018-11-03,247,247
2018-11-04,247,247
2018-11-05,247,259
2018-11-06,239,278
2018-11-07,245,259
2018-11-08,241,263
2018-11-09,245,270
2018-11-10,245,245
2018-11-11,245,245
2018-11-12,245,245
2018-11-13,239,267
2018-11-14,234,262
2018-11-15,237,255
2018-11-16,236,264
2018-11-17,235,236
2018-11-18,235,235
2018-11-19,224,243
2018-11-20,213,260
2018-11-21,208,227
2018-11-22,208,208
2018-11-23,246,249
2018-11-24,246,246
2018-11-25,246,246
2018-11-26,244,258
2018-11-27,230,275
2018-11-28,230,262
2018-11-29,227,247
2018-11-30,229,247
2018-12-01,229,229
2018-12-02,229,229
2018-12-03,242,254
2018-12-04,231,268
2018-12-05,229,231
2018-12-06,227,244
2018-12-07,224,239
2018-12-08,245,245
2018-12-09,249,250
2018-12-10,244,265
2018-12-11,236,260
2018-12-12,238,252
2018-12-13,241,254
2018-12-14,243,263
2018-12-15,254,254
2018-12-16,254,254
2018-12-17,247,262
2018-12-18,242,258
2018-12-19,250,267
2018-12-20,253,279
2018-12-21,250,280
2018-12-22,250,250
2018-12-23,248,250
2018-12-24,248,248
2018-12-25,248,248
2018-12-26,243,255
2018-12-27,249,255
2018-12-28,247,249
2018-12-29,246,247
2018-12-30,246,246
2018-12-31,246,247
2019-01-01,245,246
2019-01-02,231,249
2019-01-03,229,244
2019-01-04,225,240
2019-01-05,225,226
2019-01-06,225,225
2019-01-07,224,233
2019-01-08,219,238
2019-01-09,214,234
2019-01-10,211,222
2019-01-11,207,230
2019-01-12,207,207
2019-01-13,206,207
2019-01-14,202,213
2019-01-15,199,218
2019-01-16,188,212
2019-01-17,183,196
2019-01-18,178,194
2019-01-19,178,178
2019-01-20,178,178
2019-01-21,177,178
2019-01-22,172,183
2019-01-23,192,209
2019-01-24,219,233
2019-01-25,218,237
2019-01-26,219,219
2019-01-27,219,219
2019-01-28,219,229
2019-01-29,230,243
2019-01-30,210,238
2019-01-31,225,250
2019-02-01,217,234
2019-02-02,224,224
2019-02-03,224,224
2019-02-04,221,226
2019-02-05,216,233
2019-02-06,216,231
2019-02-07,222,237
2019-02-08,219,225
2019-02-09,219,219
2019-02-10,219,219
2019-02-11,223,228
2019-02-12,222,237
2019-02-13,217,233
2019-02-14,222,230
2019-02-15,222,230
2019-02-16,222,222
2019-02-17,224,224
2019-02-18,222,224
2019-02-19,212,224
2019-02-20,209,222
2019-02-21,215,224
2019-02-22,213,228
2019-02-23,213,213
2019-02-24,213,213
2019-02-25,218,225
2019-02-26,215,236
2019-02-27,212,239
2019-02-28,206,221
2019-03-01,212,222
2019-03-02,212,212
2019-03-03,212,212
2019-03-04,212,220
2019-03-05,213,232
2019-03-06,215,232
2019-03-07,215,228
2019-03-08,215,224
2019-03-09,214,216
2019-03-10,214,214
2019-03-11,219,227
2019-03-12,216,237
2019-03-13,217,231
2019-03-14,214,233
2019-03-15,216,242
2019-03-16,215,216
2019-03-17,216,216
2019-03-18,218,226
2019-03-19,211,230
2019-03-20,216,241
2019-03-21,286,305
2019-03-22,287,309
2019-03-23,287,287
2019-03-24,287,287
2019-03-25,286,303
2019-03-26,279,308
2019-03-27,278,308
2019-03-28,271,298
2019-03-29,264,295
2019-03-30,264,264
2019-03-31,264,264
2019-04-01,257,273
2019-04-02,250,272
2019-04-03,245,267
2019-04-04,242,264
2019-04-05,235,246
2019-04-06,235,235
2019-04-07,235,235
2019-04-08,231,240
2019-04-09,224,237
2019-04-10,220,242
2019-04-11,215,240
2019-04-12,210,228
2019-04-13,210,210
2019-04-14,209,210
2019-04-15,206,214
2019-04-16,203,215
2019-04-17,201,215
2019-04-18,201,210
2019-04-19,193,207
2019-04-20,193,193
2019-04-21,193,193
2019-04-22,191,196
2019-04-23,186,196
2019-04-24,183,205
2019-04-25,181,189
2019-04-26,177,194
2019-04-27,177,177
2019-04-28,177,177
2019-04-29,169,179
2019-04-30,166,180
2019-05-01,161,177
2019-05-02,159,164
2019-05-03,157,165
2019-05-04,157,157
2019-05-05,157,157
2019-05-06,155,160
2019-05-07,151,157
2019-05-08,18,152
2019-05-09,18,19
2019-05-10,19,19
2019-05-11,19,19
2019-05-12,19,19
2019-05-13,46,48
2019-05-14,47,48
2019-05-15,46,49
2019-05-16,46,46
2019-05-17,47,47
2019-05-18,47,47
2019-05-19,47,47
2019-05-20,46,55
2019-05-21,46,54
2019-05-22,46,52
2019-05-23,43,48
2019-05-24,40,47
2019-05-25,40,40
2019-05-26,40,40
2019-05-27,40,40
2019-05-28,38,40
2019-05-29,37,41
2019-05-30,36,37
2019-05-31,32,37
2019-06-01,32,32
2019-06-02,32,32
2019-06-03,33,36
2019-06-04,32,33
2019-06-05,32,32
2019-06-06,31,32
2019-06-07,31,31
2019-06-08,31,31
2019-06-09,31,31
2019-06-10,30,32
2019-06-11,29,38
2019-06-12,27,34
2019-06-13,24,27
2019-06-14,23,27
2019-06-15,23,23
2019-06-16,23,23
2019-06-17,22,25
2019-06-18,22,25
2019-06-19,20,22
2019-06-20,19,20
2019-06-21,0,19
2019-06-22,0,0
2019-06-23,0,0
2019-06-24,0,0
2019-06-25,0,0
2019-06-26,0,0
2019-06-27,0,0
2019-06-28,0,0
2019-06-29,0,0
2019-06-30,0,0
2019-07-01,0,0
2019-07-02,0,0
2019-07-03,0,0
2019-07-04,0,0
2019-07-05,0,0
2019-07-06,0,0
2019-07-07,0,0
2019-07-08,0,0
2019-07-09,0,0
2019-07-10,0,0
2019-07-11,0,0
2019-07-12,0,0
2019-07-13,0,0
2019-07-14,0,0
2019-07-15,0,0
2019-07-16,0,0
2019-07-17,0,0
2019-07-18,0,0
2019-07-19,0,0
2019-07-20,0,0
2019-07-21,0,0
2019-07-22,0,0
2019-07-23,0,0
2019-07-24,0,0
2019-07-25,0,0
2019-07-26,0,0
2019-07-27,0,0
2019-07-28,0,0
2019-07-29,0,0
2019-07-30,0,0
2019-07-31,0,0
2019-08-01,0,0
2019-08-02,0,0
2019-08-03,0,0
2019-08-04,0,0
2019-08-05,0,0
2019-08-06,0,0
2019-08-07,0,0
2019-08-08,0,0
2019-08-09,0,0
2019-08-10,0,0
2019-08-11,0,0
2019-08-12,0,0
2019-08-13,0,0
2019-08-14,0,0
2019-08-15,0,0
2019-08-16,0,0
2019-08-17,0,0
2019-08-18,0,0
2019-08-19,0,0
2019-08-20,0,0
2019-08-21,0,0
2019-08-22,0,0
2019-08-23,0,0
2019-08-24,0,0
2019-08-25,0,0
2019-08-26,0,0
2019-08-27,0,0
2019-08-28,0,0
2019-08-29,0,0
2019-08-30,0,0
2019-08-31,0,0
2019-09-01,0,0
2019-09-02,0,0
2019-09-03,0,0
2019-09-04,0,0
2019-09-05,0,0
2019-09-06,0,0
2019-09-07,0,0
2019-09-08,0,0
2019-09-09,0,0
2019-09-10,0,0
2019-09-11,0,0
2019-09-12,0,0
2019-09-13,0,0
2019-09-14,0,0
2019-09-15,0,0
2019-09-16,0,0
2019-09-17,0,0
2019-09-18,0,0
2019-09-19,0,0
2019-09-20,0,0
2019-09-21,0,0
2019-09-22,0,0
2019-09-23,0,0
2019-09-24,0,0
2019-09-25,0,0
2019-09-26,0,0
2019-09-27,0,0
2019-09-28,0,0
2019-09-29,0,0
2019-09-30,0,0
2019-10-01,0,0
2019-10-02,0,0
2019-10-03,0,0
2019-10-04,0,0
2019-10-05,0,0
2019-10-06,0,0
2019-10-07,0,0
2019-10-08,0,0
2019-10-09,0,0
2019-10-10,0,0
2019-10-11,0,0
2019-10-12,0,0
2019-10-13,0,0
2019-10-14,0,0
2019-10-15,0,0
2019-10-16,0,0
2019-10-17,0,0
2019-10-18,0,0
2019-10-19,0,0
2019-10-20,0,0
2019-10-21,0,0
2019-10-22,0,0
2019-10-23,0,0
2019-10-24,0,0
2019-10-25,0,0
2019-10-26,0,0
2019-10-27,0,0
2019-10-28,0,0
2019-10-29,0,0
2019-10-30,0,0
2019-10-31,0,0
2019-11-01,0,0
2019-11-02,0,0
2019-11-03,0,0
2019-11-04,0,0
2019-11-05,0,0
2019-11-06,0,0
2019-11-07,0,0
2019-11-08,0,0
2019-11-09,0,0
2019-11-10,0,0
2019-11-11,0,0
2019-11-12,0,0
2019-11-13,0,0
2019-11-14,0,0
2019-11-15,0,0
2019-11-16,0,0
2019-11-17,0,0
2019-11-18,0,0
2019-11-19,0,0
2019-11-20,0,0
2019-11-21,0,0
2019-11-22,0,0
2019-11-23,0,0
2019-11-24,0,0
2019-11-25,0,0
2019-11-26,0,0
2019-11-27,0,0
2019-11-28,0,0
2019-11-29,0,0
2019-11-30,0,0
2019-12-01,0,0
2019-12-02,0,0
2019-12-03,0,0
2019-12-04,0,0
2019-12-05,0,0
2019-12-06,0,0
2019-12-07,0,0
2019-12-08,0,0
2019-12-09,0,0
2019-12-10,0,0
2019-12-11,0,0
2019-12-12,0,0
2019-12-13,0,0
2019-12-14,0,0
2019-12-15,0,0
2019-12-16,0,0
2019-12-17,0,0
2019-12-18,0,0
2019-12-19,0,0
2019-12-20,0,0
2019-12-21,0,0
2019-12-22,0,0
2019-12-23,0,0
2019-12-24,0,0
2019-12-25,0,0
2019-12-26,0,0
2019-12-27,0,0
2019-12-28,0,0
2019-12-29,0,0
2019-12-30,0,0
2019-12-31,0,0
2020-01-01,0,0
2020-01-02,0,0
2020-01-03,0,0
2020-01-04,0,0
2020-01-05,0,0
2020-01-06,0,0
2020-01-07,0,0
2020-01-08,0,0
2020-01-09,0,0
2020-01-10,0,0
2020-01-11,0,0
2020-01-12,0,0
2020-01-13,0,0
2020-01-14,0,0
2020-01-15,0,0
2020-01-16,0,0
2020-01-17,0,0
2020-01-18,0,0
2020-01-19,0,0
2020-01-20,0,0
2020-01-21,0,0
2020-01-22,0,0
2020-01-23,0,0
2020-01-24,0,0
2020-01-25,0,0
2020-01-26,0,0
2020-01-27,0,0
2020-01-28,0,0
2020-01-29,0,0
2020-01-30,0,0
2020-01-31,0,0
2020-02-01,0,0
2020-02-02,0,0
2020-02-03,0,0
2020-02-04,0,0
2020-02-05,0,0
2020-02-06,0,0
2020-02-07,0,0
2020-02-08,0,0
2020-02-09,0,0
2020-02-10,0,0
2020-02-11,0,0
2020-02-12,0,0
2020-02-13,0,0
2020-02-14,0,0
2020-02-15,0,0
2020-02-16,0,0
2020-02-17,0,0
2020-02-18,0,0
2020-02-19,0,0
2020-02-20,0,0
2020-02-21,0,0
2020-02-22,0,0
2020-02-23,0,0
2020-02-24,0,0
2020-02-25,0,0
2020-02-26,0,0
2020-02-27,0,0
2020-02-28,0,0
2020-02-29,0,0
2020-03-01,0,0
2020-03-02,0,0
2020-03-03,0,0
2020-03-04,0,0
2020-03-05,0,0
2020-03-06,0,0
2020-03-07,0,0
2020-03-08,0,0
2020-03-09,0,0
2020-03-10,0,0
2020-03-11,0,0
2020-03-12,0,0
2020-03-13,0,0
2020-03-14,0,0
2020-03-15,0,0
2020-03-16,0,0
2020-03-17,0,0
2020-03-18,0,0
2020-03-19,0,0
2020-03-20,0,0
2020-03-21,0,0
2020-03-22,0,0
2020-03-23,0,0
2020-03-24,0,0
2020-03-25,0,0
2020-03-26,0,0
2020-03-27,0,0
2020-03-28,0,0
2020-03-29,0,0
2020-03-30,0,0
2020-03-31,0,0
2020-04-01,0,0
2020-04-02,0,0
2020-04-03,0,0
2020-04-04,0,0
2020-04-05,0,0
2020-04-06,0,0
2020-04-07,0,0
2020-04-08,0,0
2020-04-09,0,0
2020-04-10,0,0
2020-04-11,0,0
2020-04-12,0,0
2020-04-13,0,0
2020-04-14,0,0
2020-04-15,0,0
2020-04-16,0,0
2020-04-17,0,0
2020-04-18,0,0
2020-04-19,0,0
2020-04-20,0,0
2020-04-21,0,0
2020-04-22,0,0
2020-04-23,0,0
2020-04-24,0,0
2020-04-25,0,0
2020-04-26,0,0
2020-04-27,0,0
2020-04-28,0,0
2020-04-29,0,0
2020-04-30,0,0
2020-05-01,0,0
2020-05-02,0,0
2020-05-03,0,0
2020-05-04,0,0
2020-05-05,0,0
2020-05-06,0,0
2020-05-07,0,0
2020-05-08,0,0
2020-05-09,0,0
2020-05-10,0,0
2020-05-11,0,0
2020-05-12,0,0
2020-05-13,0,0
2020-05-14,0,0
2020-05-15,0,0
2020-05-16,0,0
2020-05-17,0,0
2020-05-18,0,0
2020-05-19,0,0
2020-05-20,0,0
2020-05-21,0,0
2020-05-22,0,0
2020-05-23,0,0
2020-05-24,0,0
2020-05-25,0,0
2020-05-26,0,0
2020-05-27,0,0
2020-05-28,0,0
2020-05-29,0,0
2020-05-30,0,0
2020-05-31,0,0
2020-06-01,0,0
2020-06-02,0,0
2020-06-03,0,0
2020-06-04,0,0
2020-06-05,0,0
2020-06-06,0,0
2020-06-07,0,0
2020-06-08,0,0
2020-06-09,0,0
2020-06-10,0,0
2020-06-11,0,0
2020-06-12,0,0
2020-06-13,0,0
2020-06-14,0,0
2020-06-15,0,0
2020-06-16,0,0
2020-06-17,0,0
2020-06-18,0,0
2020-06-19,0,0
2020-06-20,0,0
2020-06-21,0,0
2020-06-22,0,0
2020-06-23,0,0
2020-06-24,0,0
2020-06-25,0,0
2020-06-26,0,0
2020-06-27,0,0
2020-06-28,0,0
2020-06-29,0,0
2020-06-30,0,0
2020-07-01,0,0
2020-07-02,0,0
2020-07-03,0,0
2020-07-04,0,0
2020-07-05,0,0
2020-07-06,0,0
2020-07-07,0,0
2020-07-08,0,0
2020-07-09,0,0
2020-07-10,0,0
2020-07-11,0,0
2020-07-12,0,0
2020-07-13,0,0
2020-07-14,0,0
2020-07-15,0,0
2020-07-16,0,0
2020-07-17,0,0
2020-07-18,0,0
2020-07-19,0,0
2020-07-20,0,0
2020-07-21,0,0
2020-07-22,0,0
2020-07-23,0,0
2020-07-24,0,0
2020-07-25,0,0
2020-07-26,0,0
2020-07-27,0,0
2020-07-28,0,0
2020-07-29,0,0
2020-07-30,0,0
2020-07-31,0,0
2020-08-01,0,0
2020-08-02,0,0
2020-08-03,0,0
2020-08-04,0,0
2020-08-05,0,0
2020-08-06,0,0
2020-08-07,0,0
2020-08-08,0,0
2020-08-09,0,0
2020-08-10,0,0
2020-08-11,0,0
2020-08-12,0,0
2020-08-13,0,0
2020-08-14,0,0
2020-08-15,0,0
2020-08-16,0,0
2020-08-17,0,0
2020-08-18,0,0
2020-08-19,0,0
2020-08-20,0,0
2020-08-21,0,0
2020-08-22,0,0
2020-08-23,0,0
2020-08-24,0,0
2020-08-25,0,0
2020-08-26,0,0
2020-08-27,0,0
2020-08-28,0,0
2020-08-29,0,0
2020-08-30,0,0
2020-08-31,0,0
2020-09-01,0,0
2020-09-02,0,0
2020-09-03,0,0
2020-09-04,0,0
2020-09-05,0,0
2020-09-06,0,0
2020-09-07,0,0
2020-09-08,0,0
2020-09-09,0,0
2020-09-10,0,0
2020-09-11,0,0
2020-09-12,0,0
2020-09-13,0,0
2020-09-14,0,0
2020-09-15,0,0
2020-09-16,0,0
2020-09-17,0,0
2020-09-18,0,0
2020-09-19,0,0
2020-09-20,0,0
2020-09-21,0,0
2020-09-22,0,0
2020-09-23,0,0
2020-09-24,0,0
2020-09-25,0,0
2020-09-26,0,0
2020-09-27,0,0
2020-09-28,0,0
2020-09-29,0,0
2020-09-30,0,0
2020-10-01,0,0
2020-10-02,0,0
2020-10-03,0,0
2020-10-04,0,0
2020-10-05,0,0
2020-10-06,0,0
2020-10-07,0,0
2020-10-08,0,0
2020-10-09,0,0
2020-10-10,0,0
2020-10-11,0,0
2020-10-12,0,0
2020-10-13,0,0
2020-10-14,0,0
2020-10-15,0,0
2020-10-16,0,0
2020-10-17,0,0
2020-10-18,0,0
2020-10-19,0,0
2020-10-20,0,0
2020-10-21,0,0
2020-10-22,0,0
2020-10-23,0,0
2020-10-24,0,0
2020-10-25,0,0
2020-10-26,0,0
2020-10-27,0,0
2020-10-28,0,0
2020-10-29,0,0
2020-10-30,0,0
2020-10-31,0,0
2020-11-01,0,0
2020-11-02,0,0
2020-11-03,0,0
2020-11-04,0,0
2020-11-05,0,0
2020-11-06,0,0
2020-11-07,0,0
2020-11-08,0,0
2020-11-09,0,0
2020-11-10,0,0
2020-11-11,0,0
2020-11-12,0,0
2020-11-13,0,0
2020-11-14,0,0
2020-11-15,0,0
2020-11-16,0,0
2020-11-17,0,0
2020-11-18,0,0
2020-11-19,0,0
2020-11-20,0,0
2020-11-21,0,0
2020-11-22,0,0
2020-11-23,0,0
2020-11-24,0,0
2020-11-25,0,0
2020-11-26,0,0
2020-11-27,0,0
2020-11-28,0,0
2020-11-29,0,0
2020-11-30,0,0
2020-12-01,0,0
2020-12-02,0,0
2020-12-03,0,0
2020-12-04,0,0
2020-12-05,0,0
2020-12-06,0,0
2020-12-07,0,0
2020-12-08,0,0
2020-12-09,0,0
2020-12-10,0,0
2020-12-11,0,0
2020-12-12,0,0
2020-12-13,0,0
2020-12-14,0,0
2020-12-15,0,0
2020-12-16,0,0
2020-12-17,0,0
2020-12-18,0,0
2020-12-19,0,0
2020-12-20,0,0
2020-12-21,0,0
2020-12-22,0,0
2020-12-23,0,0
2020-12-24,0,0
2020-12-25,0,0
2020-12-26,0,0
2020-12-27,0,0
2020-12-28,0,0
2020-12-29,0,0
2020-12-30,0,0
2020-12-31,0,0
2021-01-01,0,0
2021-01-02,0,0
2021-01-03,0,0
2021-01-04,0,0
2021-01-05,0,0
2021-01-06,0,0
2021-01-07,0,0
2021-01-08,0,0
2021-01-09,0,0
2021-01-10,0,0
2021-01-11,0,0
2021-01-12,0,0
2021-01-13,0,0
2021-01-14,0,0
2021-01-15,0,0
2021-01-16,0,0
2021-01-17,0,0
2021-01-18,0,0
2021-01-19,0,0
2021-01-20,0,0
2021-01-21,0,0
2021-01-22,0,0
2021-01-23,0,0
2021-01-24,0,0
2021-01-25,0,0
2021-01-26,0,0
2021-01-27,0,0
2021-01-28,0,0
2021-01-29,0,0
2021-01-30,0,0
2021-01-31,0,0
2021-02-01,0,0
2021-02-02,0,0
2021-02-03,0,0
2021-02-04,0,0
2021-02-05,0,0
2021-02-06,0,0
2021-02-07,0,0
2021-02-08,0,0
2021-02-09,0,0
2021-02-10,0,0
2021-02-11,0,0
2021-02-12,0,0
2021-02-13,0,0
2021-02-14,0,0
2021-02-15,0,0
2021-02-16,0,0
2021-02-17,0,0
2021-02-18,0,0
2021-02-19,0,0
2021-02-20,0,0
2021-02-21,0,0
2021-02-22,0,0
2021-02-23,0,0
2021-02-24,0,0
2021-02-25,0,0
2021-02-26,0,0
2021-02-27,0,0
2021-02-28,0,0
2021-03-01,0,0
2021-03-02,0,0
2021-03-03,0,0
2021-03-04,0,0
2021-03-05,0,0
2021-03-06,0,0
2021-03-07,0,0
2021-03-08,0,0
2021-03-09,0,0
2021-03-10,0,0
2021-03-11,0,0
2021-03-12,0,0
2021-03-13,0,0
2021-03-14,0,0
2021-03-15,0,0
2021-03-16,0,0
2021-03-17,0,0
2021-03-18,0,0
2021-03-19,0,0
2021-03-20,0,0
2021-03-21,0,0
2021-03-22,0,0
2021-03-23,0,0
2021-03-24,0,0
2021-03-25,0,0
2021-03-26,0,0
2021-03-27,0,0
2021-03-28,0,0
2021-03-29,0,0
2021-03-30,0,0
2021-03-31,0,0
2021-04-01,0,0
2021-04-02,0,0
2021-04-03,0,0
2021-04-04,0,0
2021-04-05,0,0
2021-04-06,0,0
2021-04-07,0,0
2021-04-08,0,0
2021-04-09,0,0
2021-04-10,0,0
2021-04-11,0,0
2021-04-12,0,0
2021-04-13,0,0
2021-04-14,0,0
2021-04-15,0,0
2021-04-16,0,0
2021-04-17,0,0
2021-04-18,0,0
2021-04-19,0,0
2021-04-20,0,0
2021-04-21,0,0
2021-04-22,0,0
2021-04-23,0,0
2021-04-24,0,0
2021-04-25,0,0
2021-04-26,0,0
2021-04-27,0,0
2021-04-28,0,0
2021-04-29,0,0
2021-04-30,0,0
2021-05-01,0,0
2021-05-02,0,0
2021-05-03,0,0
2021-05-04,0,0
2021-05-05,0,0
2021-05-06,0,0
2021-05-07,0,0
2021-05-08,0,0
2021-05-09,0,0
2021-05-10,0,0
2021-05-11,0,0
2021-05-12,0,0
2021-05-13,0,0
2021-05-14,0,0
2021-05-15,0,0
2021-05-16,0,0
2021-05-17,0,0
2021-05-18,0,0
2021-05-19,0,0
2021-05-20,0,0
2021-05-21,0,0
2021-05-22,0,0
2021-05-23,0,0
2021-05-24,0,0
2021-05-25,0,0
2021-05-26,0,0
2021-05-27,0,0
2021-05-28,0,0
2021-05-29,0,0
2021-05-30,0,0
2021-05-31,0,0
2021-06-01,0,0
2021-06-02,0,0
2021-06-03,0,0
2021-06-04,0,0
2021-06-05,0,0
2021-06-06,0,0
2021-06-07,0,0
2021-06-08,0,0
2021-06-09,0,0
2021-06-10,0,0
2021-06-11,0,0
2021-06-12,0,0
2021-06-13,0,0
2021-06-14,0,0
2021-06-15,0,0
2021-06-16,0,0
2021-06-17,0,0
2021-06-18,0,0
2021-06-19,0,0
2021-06-20,0,0
2021-06-21,0,0
2021-06-22,0,0
2021-06-23,0,0
2021-06-24,0,0
2021-06-25,0,0
2021-06-26,0,0
2021-06-27,0,0
2021-06-28,0,0
2021-06-29,0,0
2021-06-30,0,0
2021-07-01,0,0
2021-07-02,0,0
2021-07-03,0,0
2021-07-04,0,0
2021-07-05,0,0
2021-07-06,0,0
2021-07-07,0,0
2021-07-08,0,0
2021-07-09,0,0
2021-07-10,0,0
2021-07-11,0,0
2021-07-12,0,0
2021-07-13,0,0
2021-07-14,0,0
2021-07-15,0,0
2021-07-16,0,0
2021-07-17,0,0
2021-07-18,0,0
2021-07-19,0,0
2021-07-20,0,0
2021-07-21,0,0
2021-07-22,0,0
2021-07-23,0,0
2021-07-24,0,0
2021-07-25,0,0
2021-07-26,0,0
2021-07-27,0,0
2021-07-28,0,0
2021-07-29,0,0
2021-07-30,0,0
2021-07-31,0,0
2021-08-01,0,0
2021-08-02,0,0
2021-08-03,0,0
2021-08-04,0,0
2021-08-05,0,0
2021-08-06,0,0
2021-08-07,0,0
2021-08-08,0,0
2021-08-09,0,0
2021-08-10,0,0
2021-08-11,0,0
2021-08-12,0,0
2021-08-13,0,0
2021-08-14,0,0
2021-08-15,0,0
2021-08-16,0,0
2021-08-17,0,0
2021-08-18,0,0
2021-08-19,0,0
2021-08-20,0,0
2021-08-21,0,0
2021-08-22,0,0
2021-08-23,0,0
2021-08-24,0,0
2021-08-25,0,0
2021-08-26,0,0
2021-08-27,0,0
2021-08-28,0,0
2021-08-29,0,0
2021-08-30,0,0
2021-08-31,0,0
2021-09-01,0,0
2021-09-02,0,0
2021-09-03,0,0
2021-09-04,0,0
2021-09-05,0,0
2021-09-06,0,0
2021-09-07,0,0
2021-09-08,0,0
2021-09-09,0,0
2021-09-10,0,0
2021-09-11,0,0
2021-09-12,0,0
2021-09-13,0,0
2021-09-14,0,0
2021-09-15,0,0
2021-09-16,0,0
2021-09-17,0,0
2021-09-18,0,0
2021-09-19,0,0
2021-09-20,0,0
2021-09-21,0,0
2021-09-22,0,0
2021-09-23,0,0
2021-09-24,0,0
2021-09-25,0,0
2021-09-26,0,0
2021-09-27,0,0
2021-09-28,0,0
2021-09-29,0,0
2021-09-30,0,0
2021-10-01,0,0
2021-10-02,0,0
2021-10-03,0,0
2021-10-04,0,0
2021-10-05,0,0
2021-10-06,0,0
2021-10-07,0,0
2021-10-08,0,0
2021-10-09,0,0
2021-10-10,0,0
2021-10-11,0,0
2021-10-12,0,0
2021-10-13,0,0
2021-10-14,0,0
2021-10-15,0,0
2021-10-16,0,0
2021-10-17,0,0
2021-10-18,0,0
2021-10-19,0,0
2021-10-20,0,0
2021-10-21,0,0
2021-10-22,0,0
2021-10-23,0,0
2021-10-24,0,0
2021-10-25,0,0
2021-10-26,0,0
2021-10-27,0,0
2021-10-28,0,0
2021-10-29,0,0
2021-10-30,0,0
2021-10-31,0,0
2021-11-01,0,0
2021-11-02,0,0
2021-11-03,0,0
2021-11-04,0,0
2021-11-05,0,0
2021-11-06,0,0
2021-11-07,0,0
2021-11-08,0,0
2021-11-09,0,0
2021-11-10,0,0
2021-11-11,0,0
2021-11-12,0,0
2021-11-13,0,0
2021-11-14,0,0
2021-11-15,0,0
2021-11-16,0,0
2021-11-17,0,0
2021-11-18,0,0
2021-11-19,0,0
2021-11-20,0,0
2021-11-21,0,0
2021-11-22,0,0
2021-11-23,0,0
2021-11-24,0,0
2021-11-25,0,0
2021-11-26,0,0
2021-11-27,0,0
2021-11-28,0,0
2021-11-29,0,0
2021-11-30,0,0
2021-12-01,0,0
2021-12-02,0,0
2021-12-03,0,0
2021-12-04,0,0
2021-12-05,0,0
2021-12-06,0,0
2021-12-07,0,0
2021-12-08,0,0
2021-12-09,0,0
2021-12-10,0,0
2021-12-11,0,0
2021-12-12,0,0
2021-12-13,0,0
2021-12-14,0,0
2021-12-15,0,0
2021-12-16,0,0
2021-12-17,0,0
2021-12-18,0,0
2021-12-19,0,0
2021-12-20,0,0
2021-12-21,0,0
2021-12-22,0,0
2021-12-23,0,0
2021-12-24,0,0
2021-12-25,0,0
2021-12-26,0,0
2021-12-27,0,0
2021-12-28,0,0
2021-12-29,0,0
2021-12-30,0,0
2021-12-31,0,0
2022-01-01,0,0
2022-01-02,0,0
2022-01-03,0,0
2022-01-04,0,0
2022-01-05,0,0
2022-01-06,0,0
2022-01-07,0,0
2022-01-08,0,0
2022-01-09,0,0
2022-01-10,0,0
2022-01-11,0,0
2022-01-12,0,0
2022-01-13,0,0
2022-01-14,0,0
2022-01-15,0,0
2022-01-16,0,0
2022-01-17,0,0
2022-01-18,0,0
2022-01-19,0,0
2022-01-20,0,0
2022-01-21,0,0
2022-01-22,0,0
2022-01-23,0,0
2022-01-24,0,0
2022-01-25,0,0
2022-01-26,0,0
2022-01-27,0,0
2022-01-28,0,0
2022-01-29,0,0
2022-01-30,0,0
2022-01-31,0,0
2022-02-01,0,0
2022-02-02,0,0
2022-02-03,0,0
2022-02-04,0,0
2022-02-05,0,0
2022-02-06,0,0
2022-02-07,0,0
2022-02-08,0,0
2022-02-09,0,0
2022-02-10,0,0
2022-02-11,0,0
2022-02-12,0,0
2022-02-13,0,0
2022-02-14,0,0
2022-02-15,0,0
2022-02-16,0,0
2022-02-17,0,0
2022-02-18,0,0
2022-02-19,0,0
2022-02-20,0,0
2022-02-21,0,0
2022-02-22,0,0
2022-02-23,0,0
2022-02-24,0,0
2022-02-25,0,0
2022-02-26,0,0
2022-02-27,0,0
2022-02-28,0,0
2022-03-01,0,0
2022-03-02,0,0
2022-03-03,0,0
2022-03-04,0,0
2022-03-05,0,0
2022-03-06,0,0
2022-03-07,0,0
2022-03-08,0,0
2022-03-09,0,0
2022-03-10,0,0
2022-03-11,0,0
2022-03-12,0,0
2022-03-13,0,0
2022-03-14,0,0
2022-03-15,0,0
2022-03-16,0,0
2022-03-17,0,0
2022-03-18,0,0
2022-03-19,0,0
2022-03-20,0,0
2022-03-21,0,0
2022-03-22,0,0
2022-03-23,0,0
2022-03-24,0,0
2022-03-25,0,0
2022-03-26,0,0
2022-03-27,0,0
2022-03-28,0,0
2022-03-29,0,0
2022-03-30,0,0
2022-03-31,0,0
2022-04-01,0,0
2022-04-02,0,0
2022-04-03,0,0
2022-04-04,0,0
2022-04-05,0,0
2022-04-06,0,0
2022-04-07,0,0
2022-04-08,0,0
2022-04-09,0,0
2022-04-10,0,0
2022-04-11,0,0
2022-04-12,0,0
2022-04-13,0,0
2022-04-14,0,0
2022-04-15,0,0
2022-04-16,0,0
2022-04-17,0,0
2022-04-18,0,0
2022-04-19,0,0
2022-04-20,0,0
2022-04-21,0,0
2022-04-22,0,0
2022-04-23,0,0
2022-04-24,0,0
2022-04-25,0,0
2022-04-26,0,0
2022-04-27,0,0
2022-04-28,0,0
2022-04-29,0,0
2022-04-30,0,0
2022-05-01,0,0
2022-05-02,0,0
2022-05-03,0,0
2022-05-04,0,0
2022-05-05,0,0
2022-05-06,0,0
2022-05-07,0,0
2022-05-08,0,0
2022-05-09,0,0
2022-05-10,0,0
2022-05-11,0,0
2022-05-12,0,0
2022-05-13,0,0
2022-05-14,0,0
2022-05-15,0,0
2022-05-16,0,0
2022-05-17,0,0
2022-05-18,0,0
2022-05-19,0,0
2022-05-20,0,0
2022-05-21,0,0
2022-05-22,0,0
2022-05-23,0,0
2022-05-24,0,0
2022-05-25,0,0
2022-05-26,0,0
2022-05-27,0,0
2022-05-28,0,0
2022-05-29,0,0
2022-05-30,0,0
2022-05-31,0,0
2022-06-01,0,0
2022-06-02,0,0
2022-06-03,0,0
2022-06-04,0,0
2022-06-05,0,0
2022-06-06,0,0
2022-06-07,0,0
2022-06-08,0,0
2022-06-09,0,0
2022-06-10,0,0
2022-06-11,0,0
2022-06-12,0,0
2022-06-13,0,0
2022-06-14,0,0
2022-06-15,0,0
2022-06-16,0,0
2022-06-17,0,0
2022-06-18,0,0
2022-06-19,0,0
2022-06-20,0,0
2022-06-21,0,0
2022-06-22,0,0
2022-06-23,0,0
2022-06-24,0,0
2022-06-25,0,0
2022-06-26,0,0
2022-06-27,0,0
2022-06-28,0,0
2022-06-29,0,0
2022-06-30,0,0
2022-07-01,0,0
2022-07-02,0,0
2022-07-03,0,0
2022-07-04,0,0
2022-07-05,0,0
2022-07-06,0,0
2022-07-07,0,0
2022-07-08,0,0
2022-07-09,0,0
2022-07-10,0,0
2022-07-11,0,0
2022-07-12,0,0
2022-07-13,0,0
2022-07-14,0,0
2022-07-15,0,0
2022-07-16,0,0
2022-07-17,0,0
2022-07-18,0,0
2022-07-19,0,0
2022-07-20,0,0
2022-07-21,0,0
2022-07-22,0,0
2022-07-23,0,0
2022-07-24,0,0
2022-07-25,0,0
2022-07-26,0,0
2022-07-27,0,0
2022-07-28,0,0
2022-07-29,0,0
2022-07-30,0,0
2022-07-31,0,0
2022-08-01,0,0
2022-08-02,0,0
2022-08-03,0,0
2022-08-04,0,0
2022-08-05,0,0
2022-08-06,0,0
2022-08-07,0,0
2022-08-08,0,0
2022-08-09,0,0
2022-08-10,0,0
2022-08-11,0,0
2022-08-12,0,0
2022-08-13,0,0
2022-08-14,0,0
2022-08-15,0,0
2022-08-16,0,0
2022-08-17,0,0
2022-08-18,0,0
2022-08-19,0,0
2022-08-20,0,0
2022-08-21,0,0
2022-08-22,0,0
2022-08-23,0,0
2022-08-24,0,0
2022-08-25,0,0
2022-08-26,0,0
2022-08-27,0,0
2022-08-28,0,0
2022-08-29,0,0
2022-08-30,0,0
2022-08-31,0,0
2022-09-01,0,0
2022-09-02,0,0
2022-09-03,0,0
2022-09-04,0,0
2022-09-05,0,0
2022-09-06,0,0
2022-09-07,0,0
2022-09-08,0,0
2022-09-09,0,0
2022-09-10,0,0
2022-09-11,0,0
2022-09-12,0,0
2022-09-13,0,0
2022-09-14,0,0
2022-09-15,0,0
2022-09-16,0,0
2022-09-17,0,0
2022-09-18,0,0
2022-09-19,0,0
2022-09-20,0,0
2022-09-21,0,0
2022-09-22,0,0
2022-09-23,0,0
2022-09-24,0,0
2022-09-25,0,0
2022-09-26,0,0
2022-09-27,0,0
2022-09-28,0,0
2022-09-29,0,0
2022-09-30,0,0
2022-10-01,0,0
2022-10-02,0,0
2022-10-03,0,0
2022-10-04,0,0
2022-10-05,0,0
2022-10-06,0,0
2022-10-07,0,0
2022-10-08,0,0
2022-10-09,0,0
2022-10-10,0,0
2022-10-11,0,0
2022-10-12,0,0
2022-10-13,0,0
2022-10-14,0,0
2022-10-15,0,0
2022-10-16,0,0
2022-10-17,0,0
2022-10-18,0,0
2022-10-19,0,0
2022-10-20,0,0
2022-10-21,0,0
2022-10-22,0,0
2022-10-23,0,0
2022-10-24,0,0
2022-10-25,0,0
2022-10-26,0,0
2022-10-27,0,0
2022-10-28,0,0
2022-10-29,0,0
2022-10-30,0,0
2022-10-31,0,0
2022-11-01,0,0
2022-11-02,0,0
2022-11-03,0,0
2022-11-04,0,0
2022-11-05,0,0
2022-11-06,0,0
2022-11-07,0,0
2022-11-08,0,0
2022-11-09,0,0
2022-11-10,0,0
2022-11-11,0,0
2022-11-12,0,0
2022-11-13,0,0
2022-11-14,0,0
2022-11-15,0,0
2022-11-16,0,0
2022-11-17,0,0
2022-11-18,0,0
2022-11-19,0,0
2022-11-20,0,0
2022-11-21,0,0
2022-11-22,0,0
2022-11-23,0,0
2022-11-24,0,0
2022-11-25,0,0
2022-11-26,0,0
2022-11-27,0,0
2022-11-28,0,0
2022-11-29,0,0
2022-11-30,0,0
2022-12-01,0,0
2022-12-02,0,0
2022-12-03,0,0
2022-12-04,0,0
2022-12-05,0,0
2022-12-06,0,0
2022-12-07,0,0
2022-12-08,0,0
2022-12-09,0,0
2022-12-10,0,0
2022-12-11,0,0
2022-12-12,0,0
2022-12-13,0,0
2022-12-14,0,0
2022-12-15,0,0
2022-12-16,0,0
2022-12-17,0,0
2022-12-18,0,0
2022-12-19,0,0
2022-12-20,0,0
2022-12-21,0,0
2022-12-22,0,0
2022-12-23,0,0
2022-12-24,0,0
2022-12-25,0,0
2022-12-26,0,0
2022-12-27,0,0
2022-12-28,0,0
2022-12-29,0,0
2022-12-30,0,0
2022-12-31,0,0
2023-01-01,0,0
2023-01-02,0,0
2023-01-03,0,0
2023-01-04,0,0
2023-01-05,0,0
2023-01-06,0,0
2023-01-07,0,0
2023-01-08,0,0
2023-01-09,0,0
2023-01-10,0,0
2023-01-11,0,0
2023-01-12,0,0
2023-01-13,0,0
2023-01-14,0,0
2023-01-15,0,0
2023-01-16,0,0
2023-01-17,0,0
2023-01-18,0,0
2023-01-19,0,0
2023-01-20,0,0
2023-01-21,0,0
2023-01-22,0,0
2023-01-23,0,0
2023-01-24,0,0
2023-01-25,0,0
2023-01-26,0,0
2023-01-27,0,0
2023-01-28,0,0
2023-01-29,0,0
2023-01-30,0,0
2023-01-31,0,0
2023-02-01,0,0
2023-02-02,0,0
2023-02-03,0,0
2023-02-04,0,0
2023-02-05,0,0
2023-02-06,0,0
2023-02-07,0,0
2023-02-08,0,0
2023-02-09,0,0
2023-02-10,0,0
2023-02-11,0,0
2023-02-12,0,0
2023-02-13,0,0
2023-02-14,0,0
2023-02-15,0,0
2023-02-16,0,0
2023-02-17,0,0
2023-02-18,0,0
2023-02-19,0,0
2023-02-20,0,0
2023-02-21,0,0
2023-02-22,0,0
2023-02-23,0,0
2023-02-24,0,0
2023-02-25,0,0
2023-02-26,0,0
2023-02-27,0,0
2023-02-28,0,0
2023-03-01,0,0
2023-03-02,0,0
2023-03-03,0,0
2023-03-04,0,0
2023-03-05,0,0
2023-03-06,0,0
2023-03-07,0,0
2023-03-08,0,0
2023-03-09,0,0
2023-03-10,0,0
2023-03-11,0,0
2023-03-12,0,0
2023-03-13,0,0
2023-03-14,0,0
2023-03-15,0,0
2023-03-16,0,0
2023-03-17,0,0
2023-03-18,0,0
2023-03-19,0,0
2023-03-20,0,0
2023-03-21,0,0
2023-03-22,0,0
2023-03-23,0,0
2023-03-24,0,0
2023-03-25,0,0
2023-03-26,0,0
2023-03-27,0,0
2023-03-28,0,0
2023-03-29,0,0
2023-03-30,0,0
2023-03-31,0,0
2023-04-01,0,0
2023-04-02,0,0
2023-04-03,0,0
2023-04-04,0,0
2023-04-05,0,0
2023-04-06,0,0
2023-04-07,0,0
2023-04-08,0,0
2023-04-09,0,0
2023-04-10,0,0
2023-04-11,0,0
2023-04-12,0,0
2023-04-13,0,0
2023-04-14,0,0
2023-04-15,0,0
2023-04-16,0,0
2023-04-17,0,0
2023-04-18,0,0
2023-04-19,0,0
2023-04-20,0,0
2023-04-21,0,0
2023-04-22,0,0
2023-04-23,0,0
2023-04-24,0,0
2023-04-25,0,0
2023-04-26,0,0
2023-04-27,0,0
2023-04-28,0,0
2023-04-29,0,0
2023-04-30,0,0
2023-05-01,0,0
2023-05-02,0,0
2023-05-03,0,0
2023-05-04,0,0
2023-05-05,0,0
2023-05-06,0,0
2023-05-07,0,0
2023-05-08,0,0
2023-05-09,0,0
2023-05-10,0,0
2023-05-11,0,0
2023-05-12,0,0
2023-05-13,0,0
2023-05-14,0,0
2023-05-15,0,0
2023-05-16,0,0
2023-05-17,0,0
2023-05-18,0,0
2023-05-19,0,0
2023-05-20,0,0
2023-05-21,0,0
2023-05-22,0,0
2023-05-23,0,0
2023-05-24,0,0
2023-05-25,0,0
2023-05-26,0,0
2023-05-27,0,0
2023-05-28,0,0
2023-05-29,0,0
2023-05-30,0,0
2023-05-31,0,0
2023-06-01,0,0
2023-06-02,0,0
2023-06-03,0,0
2023-06-04,0,0
2023-06-05,0,0
2023-06-06,0,0
2023-06-07,0,0
2023-06-08,0,0
2023-06-09,0,0
2023-06-10,0,0
2023-06-11,0,0
2023-06-12,0,0
2023-06-13,0,0
2023-06-14,0,0
2023-06-15,0,0
2023-06-16,0,0
2023-06-17,0,0
2023-06-18,0,0
2023-06-19,0,0
2023-06-20,0,0
2023-06-21,0,0
2023-06-22,0,0
2023-06-23,0,0
2023-06-24,0,0
2023-06-25,0,0
2023-06-26,0,0
2023-06-27,0,0
2023-06-28,0,0
2023-06-29,0,0
2023-06-30,0,0
2023-07-01,0,0
2023-07-02,0,0
2023-07-03,0,0
2023-07-04,0,0
2023-07-05,0,0
2023-07-06,0,0
2023-07-07,0,0
2023-07-08,0,0
2023-07-09,0,0
2023-07-10,0,0
2023-07-11,0,0
2023-07-12,0,0
2023-07-13,0,0
2023-07-14,0,0
2023-07-15,0,0
2023-07-16,0,0
2023-07-17,0,0
2023-07-18,0,0
2023-07-19,0,0
2023-07-20,0,0
2023-07-21,0,0
2023-07-22,0,0
2023-07-23,0,0
2023-07-24,0,0
2023-07-25,0,0
2023-07-26,0,0
2023-07-27,0,0
2023-07-28,0,0
2023-07-29,0,0
2023-07-30,0,0
2023-07-31,0,0
2023-08-01,0,0
2023-08-02,0,0
2023-08-03,0,0
2023-08-04,0,0
2023-08-05,0,0
2023-08-06,0,0
2023-08-07,0,0
2023-08-08,0,0
2023-08-09,0,0
2023-08-10,0,0
2023-08-11,0,0
2023-08-12,0,0
2023-08-13,0,0
2023-08-14,0,0
2023-08-15,0,0
2023-08-16,0,0
2023-08-17,0,0
2023-08-18,0,0
2023-08-19,0,0
2023-08-20,0,0
2023-08-21,0,0
2023-08-22,0,0
2023-08-23,0,0
2023-08-24,0,0
2023-08-25,0,0
2023-08-26,0,0
2023-08-27,0,0
2023-08-28,0,0
2023-08-29,0,0
2023-08-30,0,0
2023-08-31,0,0
2023-09-01,0,0
2023-09-02,0,0
2023-09-03,0,0
2023-09-04,0,0
2023-09-05,0,0
2023-09-06,0,0
2023-09-07,0,0
2023-09-08,0,0
2023-09-09,0,0
2023-09-10,0,0
2023-09-11,0,0
2023-09-12,0,0
2023-09-13,0,0
2023-09-14,0,0
2023-09-15,0,0
2023-09-16,0,0
2023-09-17,0,0
2023-09-18,0,0
2023-09-19,0,0
2023-09-20,0,0
2023-09-21,0,0
2023-09-22,0,0
2023-09-23,0,0
2023-09-24,0,0
2023-09-25,0,0
2023-09-26,0,0
2023-09-27,0,0
2023-09-28,0,0
2023-09-29,0,0
2023-09-30,0,0
2023-10-01,0,0
2023-10-02,0,0
2023-10-03,0,0
2023-10-04,0,0
2023-10-05,0,0
2023-10-06,0,0
2023-10-07,0,0
2023-10-08,0,0
2023-10-09,0,0
2023-10-10,0,0
2023-10-11,0,0
2023-10-12,0,0
2023-10-13,0,0
2023-10-14,0,0
2023-10-15,0,0
2023-10-16,0,0
2023-10-17,0,0
2023-10-18,0,0
2023-10-19,0,0
2023-10-20,0,0
2023-10-21,0,0
2023-10-22,0,0
2023-10-23,0,0
2023-10-24,0,0
2023-10-25,0,0
2023-10-26,0,0
2023-10-27,0,0
2023-10-28,0,0
2023-10-29,0,0
2023-10-30,0,0
2023-10-31,0,0
2023-11-01,0,0
2023-11-02,0,0
2023-11-03,0,0
2023-11-04,0,0
2023-11-05,0,0
2023-11-06,0,0
2023-11-07,0,0
2023-11-08,0,0
2023-11-09,0,0
2023-11-10,0,0
2023-11-11,0,0
2023-11-12,0,0
2023-11-13,0,0
2023-11-14,0,0
2023-11-15,0,0
2023-11-16,0,0
2023-11-17,0,0
2023-11-18,0,0
2023-11-19,0,0
2023-11-20,0,0
2023-11-21,0,0
2023-11-22,0,0
2023-11-23,0,0
2023-11-24,0,0
2023-11-25,0,0
2023-11-26,0,0
2023-11-27,0,0
2023-11-28,0,0
2023-11-29,0,0
2023-11-30,0,0
2023-12-01,0,0
2023-12-02,0,0
2023-12-03,0,0
2023-12-04,0,0
2023-12-05,0,0
2023-12-06,0,0
2023-12-07,0,0
2023-12-08,0,0
2023-12-09,0,0
2023-12-10,0,0
2023-12-11,0,0
2023-12-12,0,0
2023-12-13,0,0
2023-12-14,0,0
2023-12-15,0,0
2023-12-16,0,0
2023-12-17,0,0
2023-12-18,0,0
2023-12-19,0,0
2023-12-20,0,0
2023-12-21,0,0
2023-12-22,0,0
2023-12-23,0,0
2023-12-24,0,0
2023-12-25,0,0
2023-12-26,0,0
2023-12-27,0,0
2023-12-28,0,0
2023-12-29,0,0
2023-12-30,0,0
2023-12-31,0,0
2024-01-01,0,0
2024-01-02,0,0
2024-01-03,0,0
2024-01-04,0,0
2024-01-05,0,0
2024-01-06,0,0
2024-01-07,0,0
2024-01-08,0,0
2024-01-09,0,0
2024-01-10,0,0
2024-01-11,0,0
2024-01-12,0,0
2024-01-13,0,0
2024-01-14,0,0
2024-01-15,0,0
2024-01-16,0,0
2024-01-17,0,0
2024-01-18,0,0
2024-01-19,0,0
2024-01-20,0,0
2024-01-21,0,0
2024-01-22,0,0
2024-01-23,0,0
2024-01-24,0,0
2024-01-25,0,0
2024-01-26,0,0
2024-01-27,0,0
2024-01-28,0,0
2024-01-29,0,0
2024-01-30,0,0
2024-01-31,0,0
2024-02-01,0,0
2024-02-02,0,0
2024-02-03,0,0
2024-02-04,0,0
2024-02-05,0,0
2024-02-06,0,0
2024-02-07,0,0
2024-02-08,0,0
2024-02-09,0,0
2024-02-10,0,0
2024-02-11,0,0
2024-02-12,0,0
2024-02-13,0,0
2024-02-14,0,0
2024-02-15,0,0
2024-02-16,0,0
2024-02-17,0,0
2024-02-18,0,0
2024-02-19,0,0
2024-02-20,0,0
2024-02-21,0,0
2024-02-22,0,0
2024-02-23,0,0
2024-02-24,0,0
2024-02-25,0,0
2024-02-26,0,0
2024-02-27,0,0
2024-02-28,0,0
2024-02-29,0,0
2024-03-01,0,0
2024-03-02,0,0
2024-03-03,0,0
2024-03-04,0,0
2024-03-05,0,0
2024-03-06,0,0
2024-03-07,0,0
2024-03-08,0,0
2024-03-09,0,0
2024-03-10,0,0
2024-03-11,0,0
2024-03-12,0,0
2024-03-13,0,0
2024-03-14,0,0
2024-03-15,0,0
2024-03-16,0,0
2024-03-17,0,0
2024-03-18,0,0
2024-03-19,0,0
2024-03-20,0,0
2024-03-21,0,0
2024-03-22,0,0
2024-03-23,0,0
2024-03-24,0,0
2024-03-25,0,0
2024-03-26,0,0
2024-03-27,0,0
2024-03-28,0,0
2024-03-29,0,0
2024-03-30,0,0
2024-03-31,0,0
2024-04-01,0,0
2024-04-02,0,0
2024-04-03,0,0
2024-04-04,0,0
2024-04-05,0,0
2024-04-06,0,0
2024-04-07,0,0
2024-04-08,0,0
2024-04-09,0,0
2024-04-10,0,0
2024-04-11,0,0
2024-04-12,0,0
2024-04-13,0,0
2024-04-14,0,0
2024-04-15,0,0
2024-04-16,0,0
2024-04-17,0,0
2024-04-18,0,0
2024-04-19,0,0
2024-04-20,0,0
2024-04-21,0,0
2024-04-22,0,0
2024-04-23,0,0
2024-04-24,0,0
2024-04-25,0,0
2024-04-26,0,0
2024-04-27,0,0
2024-04-28,0,0
2024-04-29,0,0
2024-04-30,0,0
2024-05-01,0,0
2024-05-02,0,0
2024-05-03,0,0
2024-05-04,0,0
2024-05-05,0,0
2024-05-06,0,0
2024-05-07,0,0
2024-05-08,0,0
2024-05-09,0,0
2024-05-10,0,0
2024-05-11,0,0
2024-05-12,0,0
2024-05-13,0,0
2024-05-14,0,0
2024-05-15,0,0
2024-05-16,0,0
2024-05-17,0,0
2024-05-18,0,0
2024-05-19,0,0
2024-05-20,0,0
2024-05-21,0,0
2024-05-22,0,0
2024-05-23,0,0
2024-05-24,0,0
2024-05-25,0,0
2024-05-26,0,0
2024-05-27,0,0
2024-05-28,0,0
2024-05-29,0,0
2024-05-30,0,0
2024-05-31,0,0
2024-06-01,0,0
2024-06-02,0,0
2024-06-03,0,0
2024-06-04,0,0
2024-06-05,0,0
2024-06-06,0,0
2024-06-07,0,0
2024-06-08,0,0
2024-06-09,0,0
2024-06-10,0,0
2024-06-11,0,0
2024-06-12,0,0
2024-06-13,0,0
2024-06-14,0,0
2024-06-15,0,0
2024-06-16,0,0
2024-06-17,0,0
2024-06-18,0,0
2024-06-19,0,0
2024-06-20,0,0
2024-06-21,0,0
2024-06-22,0,0
2024-06-23,0,0
2024-06-24,0,0
2024-06-25,0,0
2024-06-26,0,0
2024-06-27,0,0
2024-06-28,0,0
2024-06-29,0,0
2024-06-30,0,0
2024-07-01,0,0
2024-07-02,0,0
2024-07-03,0,0
2024-07-04,0,0
2024-07-05,0,0
2024-07-06,0,0
2024-07-07,0,0
2024-07-08,0,0
2024-07-09,0,0
2024-07-10,0,0
2024-07-11,0,0
2024-07-12,0,0
2024-07-13,0,0
2024-07-14,0,0
2024-07-15,0,0
2024-07-16,0,0
2024-07-17,0,0
2024-07-18,0,0
2024-07-19,0,0
2024-07-20,0,0
2024-07-21,0,0
2024-07-22,0,0
2024-07-23,0,0
2024-07-24,0,0
2024-07-25,0,0
2024-07-26,0,0
2024-07-27,0,0
2024-07-28,0,0
2024-07-29,0,0
2024-07-30,0,0
2024-07-31,0,0
2024-08-01,0,0
2024-08-02,0,0
2024-08-03,0,0
2024-08-04,0,0
2024-08-05,0,0
2024-08-06,0,0
2024-08-07,0,0
2024-08-08,0,0
2024-08-09,0,0
2024-08-10,0,0
2024-08-11,0,0
2024-08-12,0,0
2024-08-13,0,0
2024-08-14,0,0
2024-08-15,0,0
2024-08-16,0,0
2024-08-17,0,0
2024-08-18,0,0
2024-08-19,0,0
2024-08-20,0,0
2024-08-21,0,0
2024-08-22,0,0
2024-08-23,0,0
2024-08-24,0,0
2024-08-25,0,0
2024-08-26,0,0
2024-08-27,0,0
2024-08-28,0,0
2024-08-29,0,0
2024-08-30,0,0
2024-08-31,0,0
2024-09-01,0,0
2024-09-02,0,0
2024-09-03,0,0
2024-09-04,0,0
2024-09-05,0,0
2024-09-06,0,0
2024-09-07,0,0
2024-09-08,0,0
2024-09-09,0,0
2024-09-10,0,0
2024-09-11,0,0
2024-09-12,0,0
2024-09-13,0,0
2024-09-14,0,0
2024-09-15,0,0
2024-09-16,0,0
2024-09-17,0,0
2024-09-18,0,0
2024-09-19,0,0
2024-09-20,0,0
2024-09-21,0,0
2024-09-22,0,0
2024-09-23,0,0
2024-09-24,0,0
2024-09-25,0,0
2024-09-26,0,0
2024-09-27,0,0
2024-09-28,0,0
2024-09-29,0,0
2024-09-30,0,0
2024-10-01,0,0
2024-10-02,0,0
2024-10-03,0,0
2024-10-04,0,0
2024-10-05,0,0
2024-10-06,0,0
2024-10-07,0,0
2024-10-08,0,0
2024-10-09,0,0
2024-10-10,0,0
2024-10-11,0,0
2024-10-12,0,0
2024-10-13,0,0
2024-10-14,0,0
2024-10-15,0,0
2024-10-16,0,0
2024-10-17,0,0
2024-10-18,0,0
2024-10-19,0,0
2024-10-20,0,0
2024-10-21,0,0
2024-10-22,0,0
2024-10-23,0,0
2024-10-24,0,0
2024-10-25,0,0
2024-10-26,0,0
2024-10-27,0,0
2024-10-28,0,0
2024-10-29,0,0
2024-10-30,0,0
2024-10-31,0,0
2024-11-01,0,0
2024-11-02,0,0
2024-11-03,0,0
2024-11-04,0,0
2024-11-05,0,0
2024-11-06,0,0
2024-11-07,0,0
2024-11-08,0,0
2024-11-09,0,0
2024-11-10,0,0
2024-11-11,0,0
2024-11-12,0,0
2024-11-13,0,0
2024-11-14,0,0
2024-11-15,0,0
2024-11-16,0,0
2024-11-17,0,0
2024-11-18,0,0
2024-11-19,0,0
2024-11-20,0,0
2024-11-21,0,0
2024-11-22,0,0
2024-11-23,0,0
2024-11-24,0,0
2024-11-25,0,0
2024-11-26,0,0
2024-11-27,0,0
2024-11-28,0,0
2024-11-29,0,0
2024-11-30,0,0
2024-12-01,0,0
2024-12-02,0,0
2024-12-03,0,0
2024-12-04,0,0
2024-12-05,0,0
2024-12-06,0,0
2024-12-07,0,0
2024-12-08,0,0
2024-12-09,0,0
2024-12-10,0,0
2024-12-11,0,0
2024-12-12,0,0
2024-12-13,0,0
2024-12-14,0,0
2024-12-15,0,0
2024-12-16,0,0
2024-12-17,0,0
2024-12-18,0,0
2024-12-19,0,0
2024-12-20,0,0
2024-12-21,0,0
2024-12-22,0,0
2024-12-23,0,0
2024-12-24,0,0
2024-12-25,0,0
2024-12-26,0,0
2024-12-27,0,0
2024-12-28,0,0
2024-12-29,0,0
2024-12-30,0,0
2024-12-31,0,0
2025-01-01,0,0
2025-01-02,0,0
2025-01-03,0,0
2025-01-04,0,0
2025-01-05,0,0
2025-01-06,0,0
2025-01-07,0,0
2025-01-08,0,0
2025-01-09,0,0
2025-01-10,0,0
2025-01-11,0,0
2025-01-12,0,0
2025-01-13,0,0
2025-01-14,0,0
2025-01-15,0,0
2025-01-16,0,0
2025-01-17,0,0
2025-01-18,0,0
2025-01-19,0,0
2025-01-20,0,0
2025-01-21,0,0
2025-01-22,0,0
2025-01-23,0,0
2025-01-24,0,0
2025-01-25,0,0
2025-01-26,0,0
2025-01-27,0,0
2025-01-28,0,0
2025-01-29,0,0
2025-01-30,0,0
2025-01-31,0,0
2025-02-01,0,0
2025-02-02,0,0
2025-02-03,0,0
2025-02-04,0,0
2025-02-05,0,0
2025-02-06,0,0
2025-02-07,0,0
2025-02-08,0,0
2025-02-09,0,0
2025-02-10,0,0
2025-02-11,0,0
2025-02-12,0,0
2025-02-13,0,0
2025-02-14,0,0
2025-02-15,0,0
2025-02-16,0,0
2025-02-17,0,0
