Date,Midnight population,24-hour population
2008-10-01,0,0
2008-10-02,0,0
2008-10-03,0,0
2008-10-04,0,0
2008-10-05,0,0
2008-10-06,0,0
2008-10-07,0,0
2008-10-08,0,0
2008-10-09,0,0
2008-10-10,0,0
2008-10-11,0,0
2008-10-12,0,0
2008-10-13,0,0
2008-10-14,0,0
2008-10-15,0,0
2008-10-16,0,0
2008-10-17,0,0
2008-10-18,0,0
2008-10-19,0,0
2008-10-20,0,0
2008-10-21,0,0
2008-10-22,0,0
2008-10-23,0,0
2008-10-24,0,0
2008-10-25,0,0
2008-10-26,0,0
2008-10-27,0,0
2008-10-28,0,0
2008-10-29,0,0
2008-10-30,0,0
2008-10-31,0,0
2008-11-01,0,0
2008-11-02,0,0
2008-11-03,0,0
2008-11-04,0,0
2008-11-05,0,0
2008-11-06,0,0
2008-11-07,0,0
2008-11-08,0,0
2008-11-09,0,0
2008-11-10,0,0
2008-11-11,0,0
2008-11-12,0,0
2008-11-13,0,0
2008-11-14,0,0
2008-11-15,0,0
2008-11-16,0,0
2008-11-17,0,0
2008-11-18,0,0
2008-11-19,0,0
2008-11-20,0,0
2008-11-21,0,0
2008-11-22,0,0
2008-11-23,0,0
2008-11-24,0,0
2008-11-25,0,0
2008-11-26,0,0
2008-11-27,0,0
2008-11-28,0,0
2008-11-29,0,0
2008-11-30,0,0
2008-12-01,0,0
2008-12-02,0,0
2008-12-03,0,0
2008-12-04,0,0
2008-12-05,0,0
2008-12-06,0,0
2008-12-07,0,0
2008-12-08,0,0
2008-12-09,0,0
2008-12-10,0,0
2008-12-11,0,0
2008-12-12,0,0
2008-12-13,0,0
2008-12-14,0,0
2008-12-15,0,0
2008-12-16,0,0
2008-12-17,0,0
2008-12-18,0,0
2008-12-19,0,0
2008-12-20,0,0
2008-12-21,0,0
2008-12-22,0,0
2008-12-23,0,0
2008-12-24,0,0
2008-12-25,0,0
2008-12-26,0,0
2008-12-27,0,0
2008-12-28,0,0
2008-12-29,0,0
2008-12-30,0,0
2008-12-31,0,0
2009-01-01,0,0
2009-01-02,0,0
2009-01-03,0,0
2009-01-04,0,0
2009-01-05,0,0
2009-01-06,0,0
2009-01-07,0,0
2009-01-08,0,0
2009-01-09,0,0
2009-01-10,0,0
2009-01-11,0,0
2009-01-12,0,0
2009-01-13,0,0
2009-01-14,0,0
2009-01-15,0,0
2009-01-16,0,0
2009-01-17,0,0
2009-01-18,0,0
2009-01-19,0,0
2009-01-20,0,0
2009-01-21,0,0
2009-01-22,0,0
2009-01-23,0,0
2009-01-24,0,0
2009-01-25,0,0
2009-01-26,0,0
2009-01-27,0,0
2009-01-28,0,0
2009-01-29,0,0
2009-01-30,0,0
2009-01-31,0,0
2009-02-01,0,0
2009-02-02,0,0
2009-02-03,0,0
2009-02-04,0,0
2009-02-05,0,0
2009-02-06,0,0
2009-02-07,0,0
2009-02-08,0,0
2009-02-09,0,0
2009-02-10,0,0
2009-02-11,0,0
2009-02-12,0,0
2009-02-13,0,0
2009-02-14,0,0
2009-02-15,0,0
2009-02-16,0,0
2009-02-17,0,0
2009-02-18,0,0
2009-02-19,0,0
2009-02-20,0,0
2009-02-21,0,0
2009-02-22,0,0
2009-02-23,0,0
2009-02-24,0,0
2009-02-25,0,0
2009-02-26,0,0
2009-02-27,0,0
2009-02-28,0,0
2009-03-01,0,0
2009-03-02,0,0
2009-03-03,0,0
2009-03-04,0,0
2009-03-05,0,0
2009-03-06,0,0
2009-03-07,0,0
2009-03-08,0,0
2009-03-09,0,0
2009-03-10,0,0
2009-03-11,0,0
2009-03-12,0,0
2009-03-13,0,0
2009-03-14,0,0
2009-03-15,0,0
2009-03-16,0,0
2009-03-17,0,0
2009-03-18,0,0
2009-03-19,0,0
2009-03-20,0,0
2009-03-21,0,0
2009-03-22,0,0
2009-03-23,0,0
2009-03-24,0,0
2009-03-25,0,0
2009-03-26,0,0
2009-03-27,0,0
2009-03-28,0,0
2009-03-29,0,0
2009-03-30,0,0
2009-03-31,0,0
2009-04-01,0,0
2009-04-02,0,0
2009-04-03,0,0
2009-04-04,0,0
2009-04-05,0,0
2009-04-06,0,0
2009-04-07,0,0
2009-04-08,0,0
2009-04-09,0,0
2009-04-10,0,0
2009-04-11,0,0
2009-04-12,0,0
2009-04-13,0,0
2009-04-14,0,0
2009-04-15,0,0
2009-04-16,0,0
2009-04-17,0,0
2009-04-18,0,0
2009-04-19,0,0
2009-04-20,0,0
2009-04-21,0,0
2009-04-22,0,0
2009-04-23,0,0
2009-04-24,0,0
2009-04-25,0,0
2009-04-26,0,0
2009-04-27,0,0
2009-04-28,0,0
2009-04-29,0,0
2009-04-30,0,0
2009-05-01,0,0
2009-05-02,0,0
2009-05-03,0,0
2009-05-04,0,0
2009-05-05,0,0
2009-05-06,0,0
2009-05-07,0,0
2009-05-08,0,0
2009-05-09,0,0
2009-05-10,0,0
2009-05-11,0,0
2009-05-12,0,0
2009-05-13,0,0
2009-05-14,0,0
2009-05-15,0,0
2009-05-16,0,0
2009-05-17,0,0
2009-05-18,0,0
2009-05-19,0,0
2009-05-20,0,0
2009-05-21,0,0
2009-05-22,0,0
2009-05-23,0,0
2009-05-24,0,0
2009-05-25,0,0
2009-05-26,0,0
2009-05-27,0,0
2009-05-28,0,0
2009-05-29,0,0
2009-05-30,0,0
2009-05-31,0,0
2009-06-01,0,0
2009-06-02,0,0
2009-06-03,0,0
2009-06-04,0,0
2009-06-05,0,0
2009-06-06,0,0
2009-06-07,0,0
2009-06-08,0,0
2009-06-09,0,0
2009-06-10,0,0
2009-06-11,0,0
2009-06-12,0,0
2009-06-13,0,0
2009-06-14,0,0
2009-06-15,0,0
2009-06-16,0,0
2009-06-17,0,0
2009-06-18,0,0
2009-06-19,0,0
2009-06-20,0,0
2009-06-21,0,0
2009-06-22,0,0
2009-06-23,0,0
2009-06-24,0,0
2009-06-25,0,0
2009-06-26,0,0
2009-06-27,0,0
2009-06-28,0,0
2009-06-29,0,0
2009-06-30,0,0
2009-07-01,0,0
2009-07-02,0,0
2009-07-03,0,0
2009-07-04,0,0
2009-07-05,0,0
2009-07-06,0,0
2009-07-07,0,0
2009-07-08,0,0
2009-07-09,0,0
2009-07-10,0,0
2009-07-11,0,0
2009-07-12,0,0
2009-07-13,0,0
2009-07-14,0,0
2009-07-15,0,0
2009-07-16,0,0
2009-07-17,0,0
2009-07-18,0,0
2009-07-19,0,0
2009-07-20,0,0
2009-07-21,0,0
2009-07-22,0,0
2009-07-23,0,0
2009-07-24,0,0
2009-07-25,0,0
2009-07-26,0,0
2009-07-27,0,0
2009-07-28,0,0
2009-07-29,0,0
2009-07-30,0,0
2009-07-31,0,0
2009-08-01,0,0
2009-08-02,0,0
2009-08-03,0,0
2009-08-04,0,0
2009-08-05,0,0
2009-08-06,0,0
2009-08-07,0,0
2009-08-08,0,0
2009-08-09,0,0
2009-08-10,0,0
2009-08-11,0,0
2009-08-12,0,0
2009-08-13,0,0
2009-08-14,0,0
2009-08-15,0,0
2009-08-16,0,0
2009-08-17,0,0
2009-08-18,0,0
2009-08-19,0,0
2009-08-20,0,0
2009-08-21,0,0
2009-08-22,0,0
2009-08-23,0,0
2009-08-24,0,0
2009-08-25,0,0
2009-08-26,0,0
2009-08-27,0,0
2009-08-28,0,0
2009-08-29,0,0
2009-08-30,0,0
2009-08-31,0,0
2009-09-01,0,0
2009-09-02,0,0
2009-09-03,0,0
2009-09-04,0,0
2009-09-05,0,0
2009-09-06,0,0
2009-09-07,0,0
2009-09-08,0,0
2009-09-09,0,0
2009-09-10,0,0
2009-09-11,0,0
2009-09-12,0,0
2009-09-13,0,0
2009-09-14,0,0
2009-09-15,0,0
2009-09-16,0,0
2009-09-17,0,0
2009-09-18,0,0
2009-09-19,0,0
2009-09-20,0,0
2009-09-21,0,0
2009-09-22,0,0
2009-09-23,0,0
2009-09-24,0,0
2009-09-25,0,0
2009-09-26,0,0
2009-09-27,0,0
2009-09-28,0,0
2009-09-29,0,0
2009-09-30,0,0
2009-10-01,0,0
2009-10-02,0,0
2009-10-03,0,0
2009-10-04,0,0
2009-10-05,0,0
2009-10-06,0,0
2009-10-07,0,0
2009-10-08,0,0
2009-10-09,0,0
2009-10-10,0,0
2009-10-11,0,0
2009-10-12,0,0
2009-10-13,0,0
2009-10-14,0,0
2009-10-15,0,0
2009-10-16,0,0
2009-10-17,0,0
2009-10-18,0,0
2009-10-19,0,0
2009-10-20,0,0
2009-10-21,0,0
2009-10-22,0,0
2009-10-23,0,0
2009-10-24,0,0
2009-10-25,0,0
2009-10-26,0,0
2009-10-27,0,0
2009-10-28,0,0
2009-10-29,0,0
2009-10-30,0,0
2009-10-31,0,0
2009-11-01,0,0
2009-11-02,0,0
2009-11-03,0,0
2009-11-04,0,0
2009-11-05,0,0
2009-11-06,0,0
2009-11-07,0,0
2009-11-08,0,0
2009-11-09,0,0
2009-11-10,0,0
2009-11-11,0,0
2009-11-12,0,0
2009-11-13,0,0
2009-11-14,0,0
2009-11-15,0,0
2009-11-16,0,0
2009-11-17,0,0
2009-11-18,0,0
2009-11-19,0,0
2009-11-20,0,0
2009-11-21,0,0
2009-11-22,0,0
2009-11-23,0,0
2009-11-24,0,0
2009-11-25,0,0
2009-11-26,0,0
2009-11-27,0,0
2009-11-28,0,0
2009-11-29,0,0
2009-11-30,0,0
2009-12-01,0,0
2009-12-02,0,0
2009-12-03,0,0
2009-12-04,0,0
2009-12-05,0,0
2009-12-06,0,0
2009-12-07,0,0
2009-12-08,0,0
2009-12-09,0,0
2009-12-10,0,0
2009-12-11,0,0
2009-12-12,0,0
2009-12-13,0,0
2009-12-14,0,0
2009-12-15,0,0
2009-12-16,0,0
2009-12-17,0,0
2009-12-18,0,0
2009-12-19,0,0
2009-12-20,0,0
2009-12-21,0,0
2009-12-22,0,0
2009-12-23,0,0
2009-12-24,0,0
2009-12-25,0,0
2009-12-26,0,0
2009-12-27,0,0
2009-12-28,0,0
2009-12-29,0,0
2009-12-30,0,0
2009-12-31,0,0
2010-01-01,0,0
2010-01-02,0,0
2010-01-03,0,0
2010-01-04,0,0
2010-01-05,0,0
2010-01-06,0,0
2010-01-07,0,0
2010-01-08,0,0
2010-01-09,0,0
2010-01-10,0,0
2010-01-11,0,0
2010-01-12,0,0
2010-01-13,0,0
2010-01-14,0,0
2010-01-15,0,0
2010-01-16,0,0
2010-01-17,0,0
2010-01-18,0,0
2010-01-19,0,0
2010-01-20,0,0
2010-01-21,0,0
2010-01-22,0,0
2010-01-23,0,0
2010-01-24,0,0
2010-01-25,0,0
2010-01-26,0,0
2010-01-27,0,0
2010-01-28,0,0
2010-01-29,0,0
2010-01-30,0,0
2010-01-31,0,0
2010-02-01,0,0
2010-02-02,0,0
2010-02-03,0,0
2010-02-04,0,0
2010-02-05,0,0
2010-02-06,0,0
2010-02-07,0,0
2010-02-08,0,0
2010-02-09,0,0
2010-02-10,0,0
2010-02-11,0,0
2010-02-12,0,0
2010-02-13,0,0
2010-02-14,0,0
2010-02-15,0,0
2010-02-16,0,0
2010-02-17,0,0
2010-02-18,0,0
2010-02-19,0,0
2010-02-20,0,0
2010-02-21,0,0
2010-02-22,0,0
2010-02-23,0,0
2010-02-24,0,0
2010-02-25,0,0
2010-02-26,0,0
2010-02-27,0,0
2010-02-28,0,0
2010-03-01,0,0
2010-03-02,0,0
2010-03-03,0,0
2010-03-04,0,0
2010-03-05,0,0
2010-03-06,0,0
2010-03-07,0,0
2010-03-08,0,0
2010-03-09,0,0
2010-03-10,0,0
2010-03-11,0,0
2010-03-12,0,0
2010-03-13,0,0
2010-03-14,0,0
2010-03-15,0,0
2010-03-16,0,0
2010-03-17,0,0
2010-03-18,0,0
2010-03-19,0,0
2010-03-20,0,0
2010-03-21,0,0
2010-03-22,0,0
2010-03-23,0,0
2010-03-24,0,0
2010-03-25,0,0
2010-03-26,0,0
2010-03-27,0,0
2010-03-28,0,0
2010-03-29,0,0
2010-03-30,0,0
2010-03-31,0,0
2010-04-01,0,0
2010-04-02,0,0
2010-04-03,0,0
2010-04-04,0,0
2010-04-05,0,0
2010-04-06,0,0
2010-04-07,0,0
2010-04-08,0,0
2010-04-09,0,0
2010-04-10,0,0
2010-04-11,0,0
2010-04-12,0,0
2010-04-13,0,0
2010-04-14,0,0
2010-04-15,0,0
2010-04-16,0,0
2010-04-17,0,0
2010-04-18,0,0
2010-04-19,0,0
2010-04-20,0,0
2010-04-21,0,0
2010-04-22,0,0
2010-04-23,0,0
2010-04-24,0,0
2010-04-25,0,0
2010-04-26,0,0
2010-04-27,0,0
2010-04-28,0,0
2010-04-29,0,0
2010-04-30,0,0
2010-05-01,0,0
2010-05-02,0,0
2010-05-03,0,0
2010-05-04,0,0
2010-05-05,0,0
2010-05-06,0,0
2010-05-07,0,0
2010-05-08,0,0
2010-05-09,0,0
2010-05-10,0,0
2010-05-11,0,0
2010-05-12,0,0
2010-05-13,0,0
2010-05-14,0,0
2010-05-15,0,0
2010-05-16,0,0
2010-05-17,0,0
2010-05-18,0,0
2010-05-19,0,0
2010-05-20,0,0
2010-05-21,0,0
2010-05-22,0,0
2010-05-23,0,0
2010-05-24,0,0
2010-05-25,0,0
2010-05-26,0,0
2010-05-27,0,0
2010-05-28,0,0
2010-05-29,0,0
2010-05-30,0,0
2010-05-31,0,0
2010-06-01,0,0
2010-06-02,0,0
2010-06-03,0,0
2010-06-04,0,0
2010-06-05,0,0
2010-06-06,0,0
2010-06-07,0,0
2010-06-08,0,0
2010-06-09,0,0
2010-06-10,0,0
2010-06-11,0,0
2010-06-12,0,0
2010-06-13,0,0
2010-06-14,0,0
2010-06-15,0,0
2010-06-16,0,0
2010-06-17,0,0
2010-06-18,0,0
2010-06-19,0,0
2010-06-20,0,0
2010-06-21,0,0
2010-06-22,0,0
2010-06-23,0,0
2010-06-24,0,0
2010-06-25,0,0
2010-06-26,0,0
2010-06-27,0,0
2010-06-28,0,0
2010-06-29,0,0
2010-06-30,0,0
2010-07-01,0,0
2010-07-02,0,0
2010-07-03,0,0
2010-07-04,0,0
2010-07-05,0,0
2010-07-06,0,0
2010-07-07,0,0
2010-07-08,0,0
2010-07-09,0,0
2010-07-10,0,0
2010-07-11,0,0
2010-07-12,0,0
2010-07-13,0,0
2010-07-14,0,0
2010-07-15,0,0
2010-07-16,0,0
2010-07-17,0,0
2010-07-18,0,0
2010-07-19,0,0
2010-07-20,0,0
2010-07-21,0,0
2010-07-22,0,0
2010-07-23,0,0
2010-07-24,0,0
2010-07-25,0,0
2010-07-26,0,0
2010-07-27,0,0
2010-07-28,0,0
2010-07-29,0,0
2010-07-30,0,0
2010-07-31,0,0
2010-08-01,0,0
2010-08-02,0,0
2010-08-03,0,0
2010-08-04,0,0
2010-08-05,0,0
2010-08-06,0,0
2010-08-07,0,0
2010-08-08,0,0
2010-08-09,0,0
2010-08-10,0,0
2010-08-11,0,0
2010-08-12,0,0
2010-08-13,0,0
2010-08-14,0,0
2010-08-15,0,0
2010-08-16,0,0
2010-08-17,0,0
2010-08-18,0,0
2010-08-19,0,0
2010-08-20,0,0
2010-08-21,0,0
2010-08-22,0,0
2010-08-23,0,0
2010-08-24,0,0
2010-08-25,0,0
2010-08-26,0,0
2010-08-27,0,0
2010-08-28,0,0
2010-08-29,0,0
2010-08-30,0,0
2010-08-31,0,0
2010-09-01,0,0
2010-09-02,0,0
2010-09-03,0,0
2010-09-04,0,0
2010-09-05,0,0
2010-09-06,0,0
2010-09-07,0,0
2010-09-08,0,0
2010-09-09,0,0
2010-09-10,0,0
2010-09-11,0,0
2010-09-12,0,0
2010-09-13,0,0
2010-09-14,0,0
2010-09-15,0,0
2010-09-16,0,0
2010-09-17,0,0
2010-09-18,0,0
2010-09-19,0,0
2010-09-20,0,0
2010-09-21,0,0
2010-09-22,0,0
2010-09-23,0,0
2010-09-24,0,0
2010-09-25,0,0
2010-09-26,0,0
2010-09-27,0,0
2010-09-28,0,0
2010-09-29,0,0
2010-09-30,0,0
2010-10-01,0,0
2010-10-02,0,0
2010-10-03,0,0
2010-10-04,0,0
2010-10-05,0,0
2010-10-06,0,0
2010-10-07,0,0
2010-10-08,0,0
2010-10-09,0,0
2010-10-10,0,0
2010-10-11,0,0
2010-10-12,0,0
2010-10-13,0,0
2010-10-14,0,0
2010-10-15,0,0
2010-10-16,0,0
2010-10-17,0,0
2010-10-18,0,0
2010-10-19,0,0
2010-10-20,0,0
2010-10-21,0,0
2010-10-22,0,0
2010-10-23,0,0
2010-10-24,0,0
2010-10-25,0,0
2010-10-26,0,0
2010-10-27,0,0
2010-10-28,0,0
2010-10-29,0,0
2010-10-30,0,0
2010-10-31,0,0
2010-11-01,0,0
2010-11-02,0,0
2010-11-03,0,0
2010-11-04,0,0
2010-11-05,0,0
2010-11-06,0,0
2010-11-07,0,0
2010-11-08,0,0
2010-11-09,0,0
2010-11-10,0,0
2010-11-11,0,0
2010-11-12,0,0
2010-11-13,0,0
2010-11-14,0,0
2010-11-15,0,0
2010-11-16,0,0
2010-11-17,0,0
2010-11-18,0,0
2010-11-19,0,0
2010-11-20,0,0
2010-11-21,0,0
2010-11-22,0,0
2010-11-23,0,0
2010-11-24,0,0
2010-11-25,0,0
2010-11-26,0,0
2010-11-27,0,0
2010-11-28,0,0
2010-11-29,0,0
2010-11-30,0,0
2010-12-01,0,0
2010-12-02,0,0
2010-12-03,0,0
2010-12-04,0,0
2010-12-05,0,0
2010-12-06,0,0
2010-12-07,0,0
2010-12-08,0,0
2010-12-09,0,0
2010-12-10,0,0
2010-12-11,0,0
2010-12-12,0,0
2010-12-13,0,0
2010-12-14,0,0
2010-12-15,0,0
2010-12-16,0,0
2010-12-17,0,0
2010-12-18,0,0
2010-12-19,0,0
2010-12-20,0,0
2010-12-21,0,0
2010-12-22,0,0
2010-12-23,0,0
2010-12-24,0,0
2010-12-25,0,0
2010-12-26,0,0
2010-12-27,0,0
2010-12-28,0,0
2010-12-29,0,0
2010-12-30,0,0
2010-12-31,0,0
2011-01-01,0,0
2011-01-02,0,0
2011-01-03,0,0
2011-01-04,0,0
2011-01-05,0,0
2011-01-06,0,0
2011-01-07,0,0
2011-01-08,0,0
2011-01-09,0,0
2011-01-10,0,0
2011-01-11,0,0
2011-01-12,0,0
2011-01-13,0,0
2011-01-14,0,0
2011-01-15,0,0
2011-01-16,0,0
2011-01-17,0,0
2011-01-18,0,0
2011-01-19,0,0
2011-01-20,0,0
2011-01-21,0,0
2011-01-22,0,0
2011-01-23,0,0
2011-01-24,0,0
2011-01-25,0,0
2011-01-26,0,0
2011-01-27,0,0
2011-01-28,0,0
2011-01-29,0,0
2011-01-30,0,0
2011-01-31,0,0
2011-02-01,0,0
2011-02-02,0,0
2011-02-03,0,0
2011-02-04,0,0
2011-02-05,0,0
2011-02-06,0,0
2011-02-07,0,0
2011-02-08,0,0
2011-02-09,0,0
2011-02-10,0,0
2011-02-11,0,0
2011-02-12,0,0
2011-02-13,0,0
2011-02-14,0,0
2011-02-15,0,0
2011-02-16,0,0
2011-02-17,0,0
2011-02-18,0,0
2011-02-19,0,0
2011-02-20,0,0
2011-02-21,0,0
2011-02-22,0,0
2011-02-23,0,0
2011-02-24,0,0
2011-02-25,0,0
2011-02-26,0,0
2011-02-27,0,0
2011-02-28,0,0
2011-03-01,0,0
2011-03-02,0,0
2011-03-03,0,0
2011-03-04,0,0
2011-03-05,0,0
2011-03-06,0,0
2011-03-07,0,0
2011-03-08,0,0
2011-03-09,0,0
2011-03-10,0,0
2011-03-11,0,0
2011-03-12,0,0
2011-03-13,0,0
2011-03-14,0,0
2011-03-15,0,0
2011-03-16,0,0
2011-03-17,0,0
2011-03-18,0,0
2011-03-19,0,0
2011-03-20,0,0
2011-03-21,0,0
2011-03-22,0,0
2011-03-23,0,0
2011-03-24,0,0
2011-03-25,0,0
2011-03-26,0,0
2011-03-27,0,0
2011-03-28,0,0
2011-03-29,0,0
2011-03-30,0,0
2011-03-31,0,0
2011-04-01,0,0
2011-04-02,0,0
2011-04-03,0,0
2011-04-04,0,0
2011-04-05,0,0
2011-04-06,0,0
2011-04-07,0,0
2011-04-08,0,0
2011-04-09,0,0
2011-04-10,0,0
2011-04-11,0,0
2011-04-12,0,0
2011-04-13,0,0
2011-04-14,0,0
2011-04-15,0,0
2011-04-16,0,0
2011-04-17,0,0
2011-04-18,0,0
2011-04-19,0,0
2011-04-20,0,0
2011-04-21,0,0
2011-04-22,0,0
2011-04-23,0,0
2011-04-24,0,0
2011-04-25,0,0
2011-04-26,0,0
2011-04-27,0,0
2011-04-28,0,0
2011-04-29,0,0
2011-04-30,0,0
2011-05-01,0,0
2011-05-02,0,0
2011-05-03,0,0
2011-05-04,0,0
2011-05-05,0,0
2011-05-06,0,0
2011-05-07,0,0
2011-05-08,0,0
2011-05-09,0,0
2011-05-10,0,0
2011-05-11,0,0
2011-05-12,0,0
2011-05-13,0,0
2011-05-14,0,0
2011-05-15,0,0
2011-05-16,0,0
2011-05-17,0,0
2011-05-18,0,0
2011-05-19,0,0
2011-05-20,0,0
2011-05-21,0,0
2011-05-22,0,0
2011-05-23,0,0
2011-05-24,0,0
2011-05-25,0,0
2011-05-26,0,0
2011-05-27,0,0
2011-05-28,0,0
2011-05-29,0,0
2011-05-30,0,0
2011-05-31,0,0
2011-06-01,0,0
2011-06-02,0,0
2011-06-03,0,0
2011-06-04,0,0
2011-06-05,0,0
2011-06-06,0,0
2011-06-07,0,0
2011-06-08,0,0
2011-06-09,0,0
2011-06-10,0,0
2011-06-11,0,0
2011-06-12,0,0
2011-06-13,0,0
2011-06-14,0,0
2011-06-15,0,0
2011-06-16,0,0
2011-06-17,0,0
2011-06-18,0,0
2011-06-19,0,0
2011-06-20,0,0
2011-06-21,0,0
2011-06-22,0,0
2011-06-23,0,0
2011-06-24,0,0
2011-06-25,0,0
2011-06-26,0,0
2011-06-27,0,0
2011-06-28,0,0
2011-06-29,0,0
2011-06-30,0,0
2011-07-01,0,0
2011-07-02,0,0
2011-07-03,0,0
2011-07-04,0,0
2011-07-05,0,0
2011-07-06,0,0
2011-07-07,0,0
2011-07-08,0,0
2011-07-09,0,0
2011-07-10,0,0
2011-07-11,0,0
2011-07-12,0,0
2011-07-13,0,0
2011-07-14,0,0
2011-07-15,0,0
2011-07-16,0,0
2011-07-17,0,0
2011-07-18,0,0
2011-07-19,0,0
2011-07-20,0,0
2011-07-21,0,0
2011-07-22,0,0
2011-07-23,0,0
2011-07-24,0,0
2011-07-25,0,0
2011-07-26,0,0
2011-07-27,0,0
2011-07-28,0,0
2011-07-29,0,0
2011-07-30,0,0
2011-07-31,0,0
2011-08-01,0,0
2011-08-02,0,0
2011-08-03,0,0
2011-08-04,0,0
2011-08-05,0,0
2011-08-06,0,0
2011-08-07,0,0
2011-08-08,0,0
2011-08-09,0,0
2011-08-10,0,0
2011-08-11,0,0
2011-08-12,0,0
2011-08-13,0,0
2011-08-14,0,0
2011-08-15,0,0
2011-08-16,0,0
2011-08-17,0,0
2011-08-18,0,0
2011-08-19,0,0
2011-08-20,0,0
2011-08-21,0,0
2011-08-22,0,0
2011-08-23,0,0
2011-08-24,0,0
2011-08-25,0,0
2011-08-26,0,0
2011-08-27,0,0
2011-08-28,0,0
2011-08-29,0,0
2011-08-30,0,0
2011-08-31,0,0
2011-09-01,0,0
2011-09-02,0,0
2011-09-03,0,0
2011-09-04,0,0
2011-09-05,0,0
2011-09-06,0,0
2011-09-07,0,0
2011-09-08,0,0
2011-09-09,0,0
2011-09-10,0,0
2011-09-11,0,0
2011-09-12,0,0
2011-09-13,0,0
2011-09-14,0,0
2011-09-15,0,0
2011-09-16,0,0
2011-09-17,0,0
2011-09-18,0,0
2011-09-19,0,0
2011-09-20,0,0
2011-09-21,0,0
2011-09-22,0,0
2011-09-23,0,0
2011-09-24,0,0
2011-09-25,0,0
2011-09-26,0,0
2011-09-27,0,0
2011-09-28,0,0
2011-09-29,0,0
2011-09-30,0,0
2011-10-01,0,0
2011-10-02,0,0
2011-10-03,0,0
2011-10-04,0,0
2011-10-05,0,0
2011-10-06,0,0
2011-10-07,0,0
2011-10-08,0,0
2011-10-09,0,0
2011-10-10,0,0
2011-10-11,0,0
2011-10-12,0,0
2011-10-13,0,0
2011-10-14,0,0
2011-10-15,0,0
2011-10-16,0,0
2011-10-17,0,0
2011-10-18,0,0
2011-10-19,0,0
2011-10-20,0,0
2011-10-21,0,0
2011-10-22,0,0
2011-10-23,0,0
2011-10-24,0,0
2011-10-25,0,0
2011-10-26,0,0
2011-10-27,0,0
2011-10-28,0,0
2011-10-29,0,0
2011-10-30,0,0
2011-10-31,0,0
2011-11-01,0,0
2011-11-02,0,0
2011-11-03,0,0
2011-11-04,0,0
2011-11-05,0,0
2011-11-06,0,0
2011-11-07,0,0
2011-11-08,0,0
2011-11-09,0,0
2011-11-10,0,0
2011-11-11,0,0
2011-11-12,0,0
2011-11-13,0,0
2011-11-14,0,0
2011-11-15,0,0
2011-11-16,0,0
2011-11-17,0,0
2011-11-18,0,0
2011-11-19,0,0
2011-11-20,0,0
2011-11-21,0,0
2011-11-22,0,0
2011-11-23,0,0
2011-11-24,0,0
2011-11-25,0,0
2011-11-26,0,0
2011-11-27,0,0
2011-11-28,0,0
2011-11-29,0,0
2011-11-30,0,0
2011-12-01,0,0
2011-12-02,0,0
2011-12-03,0,0
2011-12-04,0,0
2011-12-05,0,0
2011-12-06,0,0
2011-12-07,0,0
2011-12-08,0,0
2011-12-09,0,0
2011-12-10,0,0
2011-12-11,0,0
2011-12-12,0,0
2011-12-13,0,0
2011-12-14,0,0
2011-12-15,0,0
2011-12-16,0,0
2011-12-17,0,0
2011-12-18,0,0
2011-12-19,0,0
2011-12-20,0,0
2011-12-21,0,0
2011-12-22,0,0
2011-12-23,0,0
2011-12-24,0,0
2011-12-25,0,0
2011-12-26,0,0
2011-12-27,0,0
2011-12-28,0,0
2011-12-29,0,0
2011-12-30,0,0
2011-12-31,0,0
2012-01-01,0,0
2012-01-02,0,0
2012-01-03,0,0
2012-01-04,0,0
2012-01-05,0,0
2012-01-06,0,0
2012-01-07,0,0
2012-01-08,0,0
2012-01-09,0,0
2012-01-10,0,0
2012-01-11,0,0
2012-01-12,0,0
2012-01-13,0,0
2012-01-14,0,0
2012-01-15,0,0
2012-01-16,0,0
2012-01-17,0,0
2012-01-18,0,0
2012-01-19,0,0
2012-01-20,0,0
2012-01-21,0,0
2012-01-22,0,0
2012-01-23,0,0
2012-01-24,0,0
2012-01-25,0,0
2012-01-26,0,0
2012-01-27,0,0
2012-01-28,0,0
2012-01-29,0,0
2012-01-30,0,0
2012-01-31,0,0
2012-02-01,0,0
2012-02-02,0,0
2012-02-03,0,0
2012-02-04,0,0
2012-02-05,0,0
2012-02-06,0,0
2012-02-07,0,0
2012-02-08,0,0
2012-02-09,0,0
2012-02-10,0,0
2012-02-11,0,0
2012-02-12,0,0
2012-02-13,0,0
2012-02-14,0,0
2012-02-15,0,0
2012-02-16,0,0
2012-02-17,0,0
2012-02-18,0,0
2012-02-19,0,0
2012-02-20,0,0
2012-02-21,0,0
2012-02-22,0,0
2012-02-23,0,0
2012-02-24,0,0
2012-02-25,0,0
2012-02-26,0,0
2012-02-27,0,0
2012-02-28,0,0
2012-02-29,0,0
2012-03-01,0,0
2012-03-02,0,0
2012-03-03,0,0
2012-03-04,0,0
2012-03-05,0,0
2012-03-06,0,0
2012-03-07,0,0
2012-03-08,0,0
2012-03-09,0,0
2012-03-10,0,0
2012-03-11,0,0
2012-03-12,0,0
2012-03-13,0,0
2012-03-14,0,0
2012-03-15,0,0
2012-03-16,0,0
2012-03-17,0,0
2012-03-18,0,0
2012-03-19,0,0
2012-03-20,0,0
2012-03-21,0,0
2012-03-22,0,0
2012-03-23,0,0
2012-03-24,0,0
2012-03-25,0,0
2012-03-26,0,0
2012-03-27,0,0
2012-03-28,0,0
2012-03-29,0,0
2012-03-30,0,0
2012-03-31,0,0
2012-04-01,0,0
2012-04-02,0,0
2012-04-03,0,0
2012-04-04,0,0
2012-04-05,0,0
2012-04-06,0,0
2012-04-07,0,0
2012-04-08,0,0
2012-04-09,0,0
2012-04-10,0,0
2012-04-11,0,0
2012-04-12,0,0
2012-04-13,0,0
2012-04-14,0,0
2012-04-15,0,0
2012-04-16,0,0
2012-04-17,0,0
2012-04-18,0,0
2012-04-19,0,0
2012-04-20,0,0
2012-04-21,0,0
2012-04-22,0,0
2012-04-23,0,0
2012-04-24,0,0
2012-04-25,0,0
2012-04-26,0,0
2012-04-27,0,0
2012-04-28,0,0
2012-04-29,0,0
2012-04-30,0,0
2012-05-01,0,0
2012-05-02,0,0
2012-05-03,0,0
2012-05-04,0,0
2012-05-05,0,0
2012-05-06,0,0
2012-05-07,0,0
2012-05-08,0,0
2012-05-09,0,0
2012-05-10,0,0
2012-05-11,0,0
2012-05-12,0,0
2012-05-13,0,0
2012-05-14,0,0
2012-05-15,0,0
2012-05-16,0,0
2012-05-17,0,0
2012-05-18,0,0
2012-05-19,0,0
2012-05-20,0,0
2012-05-21,0,0
2012-05-22,0,0
2012-05-23,0,0
2012-05-24,0,0
2012-05-25,0,0
2012-05-26,0,0
2012-05-27,0,0
2012-05-28,0,0
2012-05-29,0,0
2012-05-30,0,0
2012-05-31,0,0
2012-06-01,0,0
2012-06-02,0,0
2012-06-03,0,0
2012-06-04,0,0
2012-06-05,0,0
2012-06-06,0,0
2012-06-07,0,0
2012-06-08,0,0
2012-06-09,0,0
2012-06-10,0,0
2012-06-11,0,0
2012-06-12,0,0
2012-06-13,0,0
2012-06-14,0,0
2012-06-15,0,0
2012-06-16,0,0
2012-06-17,0,0
2012-06-18,0,0
2012-06-19,0,0
2012-06-20,0,0
2012-06-21,0,0
2012-06-22,0,0
2012-06-23,0,0
2012-06-24,0,0
2012-06-25,0,0
2012-06-26,0,0
2012-06-27,0,0
2012-06-28,0,0
2012-06-29,0,0
2012-06-30,0,0
2012-07-01,0,0
2012-07-02,0,0
2012-07-03,0,0
2012-07-04,0,0
2012-07-05,0,0
2012-07-06,0,0
2012-07-07,0,0
2012-07-08,0,0
2012-07-09,0,0
2012-07-10,0,0
2012-07-11,0,0
2012-07-12,0,0
2012-07-13,0,0
2012-07-14,0,0
2012-07-15,0,0
2012-07-16,0,0
2012-07-17,0,0
2012-07-18,0,0
2012-07-19,0,0
2012-07-20,0,0
2012-07-21,0,0
2012-07-22,0,0
2012-07-23,0,0
2012-07-24,0,0
2012-07-25,0,0
2012-07-26,0,0
2012-07-27,0,0
2012-07-28,0,0
2012-07-29,0,0
2012-07-30,0,0
2012-07-31,0,0
2012-08-01,0,0
2012-08-02,0,0
2012-08-03,0,0
2012-08-04,0,0
2012-08-05,0,0
2012-08-06,0,0
2012-08-07,0,0
2012-08-08,0,0
2012-08-09,0,0
2012-08-10,0,0
2012-08-11,0,0
2012-08-12,0,0
2012-08-13,0,0
2012-08-14,0,0
2012-08-15,0,0
2012-08-16,0,0
2012-08-17,0,0
2012-08-18,0,0
2012-08-19,0,0
2012-08-20,0,0
2012-08-21,0,0
2012-08-22,0,0
2012-08-23,0,0
2012-08-24,0,0
2012-08-25,0,0
2012-08-26,0,0
2012-08-27,0,0
2012-08-28,0,0
2012-08-29,0,0
2012-08-30,0,0
2012-08-31,0,0
2012-09-01,0,0
2012-09-02,0,0
2012-09-03,0,0
2012-09-04,0,0
2012-09-05,0,0
2012-09-06,0,0
2012-09-07,0,0
2012-09-08,0,0
2012-09-09,0,0
2012-09-10,0,0
2012-09-11,0,0
2012-09-12,0,0
2012-09-13,0,0
2012-09-14,0,0
2012-09-15,0,0
2012-09-16,0,0
2012-09-17,0,0
2012-09-18,0,0
2012-09-19,0,0
2012-09-20,0,0
2012-09-21,0,0
2012-09-22,0,0
2012-09-23,0,0
2012-09-24,0,0
2012-09-25,0,0
2012-09-26,0,0
2012-09-27,0,0
2012-09-28,0,0
2012-09-29,0,0
2012-09-30,0,0
2012-10-01,0,0
2012-10-02,0,0
2012-10-03,0,0
2012-10-04,0,0
2012-10-05,0,0
2012-10-06,0,0
2012-10-07,0,0
2012-10-08,0,0
2012-10-09,0,0
2012-10-10,0,0
2012-10-11,0,0
2012-10-12,0,0
2012-10-13,0,0
2012-10-14,0,0
2012-10-15,0,0
2012-10-16,0,0
2012-10-17,0,0
2012-10-18,0,0
2012-10-19,0,0
2012-10-20,0,0
2012-10-21,0,0
2012-10-22,0,0
2012-10-23,0,0
2012-10-24,0,0
2012-10-25,0,0
2012-10-26,0,0
2012-10-27,0,0
2012-10-28,0,0
2012-10-29,0,0
2012-10-30,0,0
2012-10-31,0,0
2012-11-01,0,0
2012-11-02,0,0
2012-11-03,0,0
2012-11-04,0,0
2012-11-05,0,0
2012-11-06,0,0
2012-11-07,0,0
2012-11-08,0,0
2012-11-09,0,0
2012-11-10,0,0
2012-11-11,0,0
2012-11-12,0,0
2012-11-13,0,0
2012-11-14,0,0
2012-11-15,0,0
2012-11-16,0,0
2012-11-17,0,0
2012-11-18,0,0
2012-11-19,0,0
2012-11-20,0,0
2012-11-21,0,0
2012-11-22,0,0
2012-11-23,0,0
2012-11-24,0,0
2012-11-25,0,0
2012-11-26,0,0
2012-11-27,0,0
2012-11-28,0,0
2012-11-29,0,0
2012-11-30,0,0
2012-12-01,0,0
2012-12-02,0,0
2012-12-03,0,0
2012-12-04,0,0
2012-12-05,0,0
2012-12-06,0,0
2012-12-07,0,0
2012-12-08,0,0
2012-12-09,0,0
2012-12-10,0,0
2012-12-11,0,0
2012-12-12,0,0
2012-12-13,0,0
2012-12-14,0,0
2012-12-15,0,0
2012-12-16,0,0
2012-12-17,0,0
2012-12-18,0,0
2012-12-19,0,0
2012-12-20,0,0
2012-12-21,0,0
2012-12-22,0,0
2012-12-23,0,0
2012-12-24,0,0
2012-12-25,0,0
2012-12-26,0,0
2012-12-27,0,0
2012-12-28,0,0
2012-12-29,0,0
2012-12-30,0,0
2012-12-31,0,0
2013-01-01,0,0
2013-01-02,0,0
2013-01-03,0,0
2013-01-04,0,0
2013-01-05,0,0
2013-01-06,0,0
2013-01-07,0,0
2013-01-08,0,0
2013-01-09,0,0
2013-01-10,0,0
2013-01-11,0,0
2013-01-12,0,0
2013-01-13,0,0
2013-01-14,0,0
2013-01-15,0,0
2013-01-16,0,0
2013-01-17,0,0
2013-01-18,0,0
2013-01-19,0,0
2013-01-20,0,0
2013-01-21,0,0
2013-01-22,0,0
2013-01-23,0,0
2013-01-24,0,0
2013-01-25,0,0
2013-01-26,0,0
2013-01-27,0,0
2013-01-28,0,0
2013-01-29,0,0
2013-01-30,0,0
2013-01-31,0,0
2013-02-01,0,0
2013-02-02,0,0
2013-02-03,0,0
2013-02-04,0,0
2013-02-05,0,0
2013-02-06,0,0
2013-02-07,0,0
2013-02-08,0,0
2013-02-09,0,0
2013-02-10,0,0
2013-02-11,0,0
2013-02-12,0,0
2013-02-13,0,0
2013-02-14,0,0
2013-02-15,0,0
2013-02-16,0,0
2013-02-17,0,0
2013-02-18,0,0
2013-02-19,0,0
2013-02-20,0,0
2013-02-21,0,0
2013-02-22,0,0
2013-02-23,0,0
2013-02-24,0,0
2013-02-25,0,0
2013-02-26,0,0
2013-02-27,0,0
2013-02-28,0,0
2013-03-01,0,0
2013-03-02,0,0
2013-03-03,0,0
2013-03-04,0,0
2013-03-05,0,0
2013-03-06,0,0
2013-03-07,0,0
2013-03-08,0,0
2013-03-09,0,0
2013-03-10,0,0
2013-03-11,0,0
2013-03-12,0,0
2013-03-13,0,0
2013-03-14,0,0
2013-03-15,0,0
2013-03-16,0,0
2013-03-17,0,0
2013-03-18,0,0
2013-03-19,0,0
2013-03-20,0,0
2013-03-21,0,0
2013-03-22,0,0
2013-03-23,0,0
2013-03-24,0,0
2013-03-25,0,0
2013-03-26,0,0
2013-03-27,0,0
2013-03-28,0,0
2013-03-29,0,0
2013-03-30,0,0
2013-03-31,0,0
2013-04-01,0,0
2013-04-02,0,0
2013-04-03,0,0
2013-04-04,0,0
2013-04-05,0,0
2013-04-06,0,0
2013-04-07,0,0
2013-04-08,0,0
2013-04-09,0,0
2013-04-10,0,0
2013-04-11,0,0
2013-04-12,0,0
2013-04-13,0,0
2013-04-14,0,0
2013-04-15,0,0
2013-04-16,0,0
2013-04-17,0,0
2013-04-18,0,0
2013-04-19,0,0
2013-04-20,0,0
2013-04-21,0,0
2013-04-22,0,0
2013-04-23,0,0
2013-04-24,0,0
2013-04-25,0,0
2013-04-26,0,0
2013-04-27,0,0
2013-04-28,0,0
2013-04-29,0,0
2013-04-30,0,0
2013-05-01,0,0
2013-05-02,0,0
2013-05-03,0,0
2013-05-04,0,0
2013-05-05,0,0
2013-05-06,0,0
2013-05-07,0,0
2013-05-08,0,0
2013-05-09,0,0
2013-05-10,0,0
2013-05-11,0,0
2013-05-12,0,0
2013-05-13,0,0
2013-05-14,0,0
2013-05-15,0,0
2013-05-16,0,0
2013-05-17,0,0
2013-05-18,0,0
2013-05-19,0,0
2013-05-20,0,0
2013-05-21,0,0
2013-05-22,0,0
2013-05-23,0,0
2013-05-24,0,0
2013-05-25,0,0
2013-05-26,0,0
2013-05-27,0,0
2013-05-28,0,0
2013-05-29,0,0
2013-05-30,0,0
2013-05-31,0,0
2013-06-01,0,0
2013-06-02,0,0
2013-06-03,0,0
2013-06-04,0,0
2013-06-05,0,0
2013-06-06,0,0
2013-06-07,0,0
2013-06-08,0,0
2013-06-09,0,0
2013-06-10,0,0
2013-06-11,0,0
2013-06-12,0,0
2013-06-13,0,0
2013-06-14,0,0
2013-06-15,0,0
2013-06-16,0,0
2013-06-17,0,0
2013-06-18,0,0
2013-06-19,0,0
2013-06-20,0,0
2013-06-21,0,0
2013-06-22,0,0
2013-06-23,0,0
2013-06-24,0,0
2013-06-25,0,0
2013-06-26,0,0
2013-06-27,0,0
2013-06-28,0,0
2013-06-29,0,0
2013-06-30,0,0
2013-07-01,0,0
2013-07-02,0,0
2013-07-03,0,0
2013-07-04,0,0
2013-07-05,0,0
2013-07-06,0,0
2013-07-07,0,0
2013-07-08,0,0
2013-07-09,0,0
2013-07-10,0,0
2013-07-11,0,0
2013-07-12,0,0
2013-07-13,0,0
2013-07-14,0,0
2013-07-15,0,0
2013-07-16,0,0
2013-07-17,0,0
2013-07-18,0,0
2013-07-19,0,0
2013-07-20,0,0
2013-07-21,0,0
2013-07-22,0,0
2013-07-23,0,0
2013-07-24,0,0
2013-07-25,0,0
2013-07-26,0,0
2013-07-27,0,0
2013-07-28,0,0
2013-07-29,0,0
2013-07-30,0,0
2013-07-31,0,0
2013-08-01,0,0
2013-08-02,0,0
2013-08-03,0,0
2013-08-04,0,0
2013-08-05,0,0
2013-08-06,0,0
2013-08-07,0,0
2013-08-08,0,0
2013-08-09,0,0
2013-08-10,0,0
2013-08-11,0,0
2013-08-12,0,0
2013-08-13,0,0
2013-08-14,0,0
2013-08-15,0,0
2013-08-16,0,0
2013-08-17,0,0
2013-08-18,0,0
2013-08-19,0,0
2013-08-20,0,0
2013-08-21,0,0
2013-08-22,0,0
2013-08-23,0,0
2013-08-24,0,0
2013-08-25,0,0
2013-08-26,0,0
2013-08-27,0,0
2013-08-28,0,0
2013-08-29,0,0
2013-08-30,0,0
2013-08-31,0,0
2013-09-01,0,0
2013-09-02,0,0
2013-09-03,0,0
2013-09-04,0,0
2013-09-05,0,0
2013-09-06,0,0
2013-09-07,0,0
2013-09-08,0,0
2013-09-09,0,0
2013-09-10,0,0
2013-09-11,0,0
2013-09-12,0,0
2013-09-13,0,0
2013-09-14,0,0
2013-09-15,0,0
2013-09-16,0,0
2013-09-17,0,0
2013-09-18,0,0
2013-09-19,0,0
2013-09-20,0,0
2013-09-21,0,0
2013-09-22,0,0
2013-09-23,0,0
2013-09-24,0,0
2013-09-25,0,0
2013-09-26,0,0
2013-09-27,0,0
2013-09-28,0,0
2013-09-29,0,0
2013-09-30,0,0
2013-10-01,0,0
2013-10-02,0,0
2013-10-03,0,0
2013-10-04,0,0
2013-10-05,0,0
2013-10-06,0,0
2013-10-07,0,0
2013-10-08,0,0
2013-10-09,0,0
2013-10-10,0,0
2013-10-11,0,0
2013-10-12,0,0
2013-10-13,0,0
2013-10-14,0,0
2013-10-15,0,0
2013-10-16,0,0
2013-10-17,0,0
2013-10-18,0,0
2013-10-19,0,0
2013-10-20,0,0
2013-10-21,0,0
2013-10-22,0,0
2013-10-23,0,0
2013-10-24,0,0
2013-10-25,0,0
2013-10-26,0,0
2013-10-27,0,0
2013-10-28,0,0
2013-10-29,0,0
2013-10-30,0,0
2013-10-31,0,0
2013-11-01,0,0
2013-11-02,0,0
2013-11-03,0,0
2013-11-04,0,0
2013-11-05,0,0
2013-11-06,0,0
2013-11-07,0,0
2013-11-08,0,0
2013-11-09,0,0
2013-11-10,0,0
2013-11-11,0,0
2013-11-12,0,0
2013-11-13,0,0
2013-11-14,0,0
2013-11-15,0,0
2013-11-16,0,0
2013-11-17,0,0
2013-11-18,0,0
2013-11-19,0,0
2013-11-20,0,0
2013-11-21,0,0
2013-11-22,0,0
2013-11-23,0,0
2013-11-24,0,0
2013-11-25,0,0
2013-11-26,0,0
2013-11-27,0,0
2013-11-28,0,0
2013-11-29,0,0
2013-11-30,0,0
2013-12-01,0,0
2013-12-02,0,0
2013-12-03,0,0
2013-12-04,0,0
2013-12-05,0,0
2013-12-06,0,0
2013-12-07,0,0
2013-12-08,0,0
2013-12-09,0,0
2013-12-10,0,0
2013-12-11,0,0
2013-12-12,0,0
2013-12-13,0,0
2013-12-14,0,0
2013-12-15,0,0
2013-12-16,0,0
2013-12-17,0,0
2013-12-18,0,0
2013-12-19,0,0
2013-12-20,0,0
2013-12-21,0,0
2013-12-22,0,0
2013-12-23,0,0
2013-12-24,0,0
2013-12-25,0,0
2013-12-26,0,0
2013-12-27,0,0
2013-12-28,0,0
2013-12-29,0,0
2013-12-30,0,0
2013-12-31,0,0
2014-01-01,0,0
2014-01-02,0,0
2014-01-03,0,0
2014-01-04,0,0
2014-01-05,0,0
2014-01-06,0,0
2014-01-07,0,0
2014-01-08,0,0
2014-01-09,0,0
2014-01-10,0,0
2014-01-11,0,0
2014-01-12,0,0
2014-01-13,0,0
2014-01-14,0,0
2014-01-15,0,0
2014-01-16,0,0
2014-01-17,0,0
2014-01-18,0,0
2014-01-19,0,0
2014-01-20,0,0
2014-01-21,0,0
2014-01-22,0,0
2014-01-23,0,0
2014-01-24,0,0
2014-01-25,0,0
2014-01-26,0,0
2014-01-27,0,0
2014-01-28,0,0
2014-01-29,0,0
2014-01-30,0,0
2014-01-31,0,0
2014-02-01,0,0
2014-02-02,0,0
2014-02-03,0,0
2014-02-04,0,0
2014-02-05,0,0
2014-02-06,0,0
2014-02-07,0,0
2014-02-08,0,0
2014-02-09,0,0
2014-02-10,0,0
2014-02-11,0,0
2014-02-12,0,0
2014-02-13,0,0
2014-02-14,0,0
2014-02-15,0,0
2014-02-16,0,0
2014-02-17,0,0
2014-02-18,0,0
2014-02-19,0,0
2014-02-20,0,0
2014-02-21,0,0
2014-02-22,0,0
2014-02-23,0,0
2014-02-24,0,0
2014-02-25,0,0
2014-02-26,0,0
2014-02-27,0,0
2014-02-28,0,0
2014-03-01,0,0
2014-03-02,0,0
2014-03-03,0,0
2014-03-04,0,0
2014-03-05,0,0
2014-03-06,0,0
2014-03-07,0,0
2014-03-08,0,0
2014-03-09,0,0
2014-03-10,0,0
2014-03-11,0,0
2014-03-12,0,0
2014-03-13,0,0
2014-03-14,0,0
2014-03-15,0,0
2014-03-16,0,0
2014-03-17,0,0
2014-03-18,0,0
2014-03-19,0,0
2014-03-20,0,0
2014-03-21,0,0
2014-03-22,0,0
2014-03-23,0,0
2014-03-24,0,0
2014-03-25,0,0
2014-03-26,0,0
2014-03-27,0,0
2014-03-28,0,0
2014-03-29,0,0
2014-03-30,0,0
2014-03-31,0,0
2014-04-01,0,0
2014-04-02,0,0
2014-04-03,0,0
2014-04-04,0,0
2014-04-05,0,0
2014-04-06,0,0
2014-04-07,0,0
2014-04-08,0,0
2014-04-09,0,0
2014-04-10,0,0
2014-04-11,0,0
2014-04-12,0,0
2014-04-13,0,0
2014-04-14,0,0
2014-04-15,0,0
2014-04-16,0,0
2014-04-17,0,0
2014-04-18,0,0
2014-04-19,0,0
2014-04-20,0,0
2014-04-21,0,0
2014-04-22,0,0
2014-04-23,0,0
2014-04-24,0,0
2014-04-25,0,0
2014-04-26,0,0
2014-04-27,0,0
2014-04-28,0,0
2014-04-29,0,0
2014-04-30,0,0
2014-05-01,0,0
2014-05-02,0,0
2014-05-03,0,0
2014-05-04,0,0
2014-05-05,0,0
2014-05-06,0,0
2014-05-07,0,0
2014-05-08,0,0
2014-05-09,0,0
2014-05-10,0,0
2014-05-11,0,0
2014-05-12,0,0
2014-05-13,0,0
2014-05-14,0,0
2014-05-15,0,0
2014-05-16,0,0
2014-05-17,0,0
2014-05-18,0,0
2014-05-19,0,0
2014-05-20,0,0
2014-05-21,0,0
2014-05-22,0,0
2014-05-23,0,0
2014-05-24,0,0
2014-05-25,0,0
2014-05-26,0,0
2014-05-27,0,0
2014-05-28,0,0
2014-05-29,0,0
2014-05-30,0,0
2014-05-31,0,0
2014-06-01,0,0
2014-06-02,0,0
2014-06-03,0,0
2014-06-04,0,0
2014-06-05,0,0
2014-06-06,0,0
2014-06-07,0,0
2014-06-08,0,0
2014-06-09,0,0
2014-06-10,0,0
2014-06-11,0,0
2014-06-12,0,0
2014-06-13,0,0
2014-06-14,0,0
2014-06-15,0,0
2014-06-16,0,0
2014-06-17,0,0
2014-06-18,0,0
2014-06-19,0,0
2014-06-20,0,0
2014-06-21,0,0
2014-06-22,0,0
2014-06-23,0,0
2014-06-24,0,0
2014-06-25,0,0
2014-06-26,0,0
2014-06-27,0,0
2014-06-28,0,0
2014-06-29,0,0
2014-06-30,0,0
2014-07-01,0,0
2014-07-02,0,0
2014-07-03,0,0
2014-07-04,0,0
2014-07-05,0,0
2014-07-06,0,0
2014-07-07,0,0
2014-07-08,0,0
2014-07-09,0,0
2014-07-10,0,0
2014-07-11,0,0
2014-07-12,0,0
2014-07-13,0,0
2014-07-14,0,0
2014-07-15,0,0
2014-07-16,0,0
2014-07-17,0,0
2014-07-18,0,0
2014-07-19,0,0
2014-07-20,0,0
2014-07-21,0,0
2014-07-22,0,0
2014-07-23,0,0
2014-07-24,0,0
2014-07-25,0,0
2014-07-26,0,0
2014-07-27,0,0
2014-07-28,0,0
2014-07-29,0,0
2014-07-30,0,0
2014-07-31,0,0
2014-08-01,0,0
2014-08-02,0,0
2014-08-03,0,0
2014-08-04,0,0
2014-08-05,0,0
2014-08-06,0,0
2014-08-07,0,0
2014-08-08,0,0
2014-08-09,0,0
2014-08-10,0,0
2014-08-11,0,0
2014-08-12,0,0
2014-08-13,0,0
2014-08-14,0,0
2014-08-15,0,0
2014-08-16,0,0
2014-08-17,0,0
2014-08-18,0,0
2014-08-19,0,0
2014-08-20,0,0
2014-08-21,0,0
2014-08-22,0,0
2014-08-23,0,0
2014-08-24,0,0
2014-08-25,0,0
2014-08-26,0,0
2014-08-27,0,0
2014-08-28,0,0
2014-08-29,0,0
2014-08-30,0,0
2014-08-31,0,0
2014-09-01,0,0
2014-09-02,0,0
2014-09-03,0,0
2014-09-04,0,0
2014-09-05,0,0
2014-09-06,0,0
2014-09-07,0,0
2014-09-08,0,0
2014-09-09,0,0
2014-09-10,0,0
2014-09-11,0,0
2014-09-12,0,0
2014-09-13,0,0
2014-09-14,0,0
2014-09-15,0,0
2014-09-16,0,0
2014-09-17,0,0
2014-09-18,0,0
2014-09-19,0,0
2014-09-20,0,0
2014-09-21,0,0
2014-09-22,0,0
2014-09-23,0,0
2014-09-24,0,0
2014-09-25,0,0
2014-09-26,0,0
2014-09-27,0,0
2014-09-28,0,0
2014-09-29,0,0
2014-09-30,0,0
2014-10-01,0,0
2014-10-02,0,0
2014-10-03,0,0
2014-10-04,0,0
2014-10-05,0,0
2014-10-06,0,0
2014-10-07,0,0
2014-10-08,0,0
2014-10-09,0,0
2014-10-10,0,0
2014-10-11,0,0
2014-10-12,0,0
2014-10-13,0,0
2014-10-14,0,0
2014-10-15,0,0
2014-10-16,0,0
2014-10-17,0,0
2014-10-18,0,0
2014-10-19,0,0
2014-10-20,0,0
2014-10-21,0,0
2014-10-22,0,0
2014-10-23,0,0
2014-10-24,0,0
2014-10-25,0,0
2014-10-26,0,0
2014-10-27,0,0
2014-10-28,0,0
2014-10-29,0,0
2014-10-30,0,0
2014-10-31,0,0
2014-11-01,0,0
2014-11-02,0,0
2014-11-03,0,0
2014-11-04,0,0
2014-11-05,0,0
2014-11-06,0,0
2014-11-07,0,0
2014-11-08,0,0
2014-11-09,0,0
2014-11-10,0,0
2014-11-11,0,0
2014-11-12,0,0
2014-11-13,0,0
2014-11-14,0,0
2014-11-15,0,0
2014-11-16,0,0
2014-11-17,0,0
2014-11-18,0,0
2014-11-19,0,0
2014-11-20,0,0
2014-11-21,0,0
2014-11-22,0,0
2014-11-23,0,0
2014-11-24,0,0
2014-11-25,0,0
2014-11-26,0,0
2014-11-27,0,0
2014-11-28,0,0
2014-11-29,0,0
2014-11-30,0,0
2014-12-01,0,0
2014-12-02,0,0
2014-12-03,0,0
2014-12-04,0,0
2014-12-05,0,0
2014-12-06,0,0
2014-12-07,0,0
2014-12-08,0,0
2014-12-09,0,0
2014-12-10,0,0
2014-12-11,0,0
2014-12-12,0,0
2014-12-13,0,0
2014-12-14,0,0
2014-12-15,0,0
2014-12-16,0,0
2014-12-17,0,0
2014-12-18,0,0
2014-12-19,0,0
2014-12-20,0,0
2014-12-21,0,0
2014-12-22,0,0
2014-12-23,0,0
2014-12-24,0,0
2014-12-25,0,0
2014-12-26,0,0
2014-12-27,0,0
2014-12-28,0,0
2014-12-29,0,0
2014-12-30,0,0
2014-12-31,0,0
2015-01-01,0,0
2015-01-02,0,0
2015-01-03,0,0
2015-01-04,0,0
2015-01-05,0,0
2015-01-06,0,0
2015-01-07,0,0
2015-01-08,0,0
2015-01-09,0,0
2015-01-10,0,0
2015-01-11,0,0
2015-01-12,0,0
2015-01-13,0,0
2015-01-14,0,0
2015-01-15,0,0
2015-01-16,0,0
2015-01-17,0,0
2015-01-18,0,0
2015-01-19,0,0
2015-01-20,0,0
2015-01-21,0,0
2015-01-22,0,0
2015-01-23,0,0
2015-01-24,0,0
2015-01-25,0,0
2015-01-26,0,0
2015-01-27,0,0
2015-01-28,0,0
2015-01-29,0,0
2015-01-30,0,0
2015-01-31,0,0
2015-02-01,0,0
2015-02-02,0,0
2015-02-03,0,0
2015-02-04,0,0
2015-02-05,0,0
2015-02-06,0,0
2015-02-07,0,0
2015-02-08,0,0
2015-02-09,0,0
2015-02-10,0,0
2015-02-11,0,0
2015-02-12,0,0
2015-02-13,0,0
2015-02-14,0,0
2015-02-15,0,0
2015-02-16,0,0
2015-02-17,0,0
2015-02-18,0,0
2015-02-19,0,0
2015-02-20,0,0
2015-02-21,0,0
2015-02-22,0,0
2015-02-23,0,0
2015-02-24,0,0
2015-02-25,0,0
2015-02-26,0,0
2015-02-27,0,0
2015-02-28,0,0
2015-03-01,0,0
2015-03-02,0,0
2015-03-03,0,0
2015-03-04,0,0
2015-03-05,0,0
2015-03-06,0,0
2015-03-07,0,0
2015-03-08,0,0
2015-03-09,0,0
2015-03-10,0,0
2015-03-11,0,0
2015-03-12,0,0
2015-03-13,0,0
2015-03-14,0,0
2015-03-15,0,0
2015-03-16,0,0
2015-03-17,0,0
2015-03-18,0,0
2015-03-19,0,0
2015-03-20,0,0
2015-03-21,0,0
2015-03-22,0,0
2015-03-23,0,0
2015-03-24,0,0
2015-03-25,0,0
2015-03-26,0,0
2015-03-27,0,0
2015-03-28,0,0
2015-03-29,0,0
2015-03-30,0,0
2015-03-31,0,0
2015-04-01,0,0
2015-04-02,0,0
2015-04-03,0,0
2015-04-04,0,0
2015-04-05,0,0
2015-04-06,0,0
2015-04-07,0,0
2015-04-08,0,0
2015-04-09,0,0
2015-04-10,0,0
2015-04-11,0,0
2015-04-12,0,0
2015-04-13,0,0
2015-04-14,0,0
2015-04-15,0,0
2015-04-16,0,0
2015-04-17,0,0
2015-04-18,0,0
2015-04-19,0,0
2015-04-20,0,0
2015-04-21,0,0
2015-04-22,0,0
2015-04-23,0,0
2015-04-24,0,0
2015-04-25,0,0
2015-04-26,0,0
2015-04-27,0,0
2015-04-28,0,0
2015-04-29,0,0
2015-04-30,0,0
2015-05-01,0,0
2015-05-02,0,0
2015-05-03,0,0
2015-05-04,0,0
2015-05-05,0,0
2015-05-06,0,0
2015-05-07,0,0
2015-05-08,0,0
2015-05-09,0,0
2015-05-10,0,0
2015-05-11,0,0
2015-05-12,0,0
2015-05-13,0,0
2015-05-14,0,0
2015-05-15,0,0
2015-05-16,0,0
2015-05-17,0,0
2015-05-18,0,0
2015-05-19,0,0
2015-05-20,0,0
2015-05-21,0,0
2015-05-22,0,0
2015-05-23,0,0
2015-05-24,0,0
2015-05-25,0,0
2015-05-26,0,0
2015-05-27,0,0
2015-05-28,0,0
2015-05-29,0,0
2015-05-30,0,0
2015-05-31,0,0
2015-06-01,0,0
2015-06-02,0,0
2015-06-03,0,0
2015-06-04,0,0
2015-06-05,0,0
2015-06-06,0,0
2015-06-07,0,0
2015-06-08,0,0
2015-06-09,0,0
2015-06-10,0,0
2015-06-11,0,0
2015-06-12,0,0
2015-06-13,0,0
2015-06-14,0,0
2015-06-15,0,0
2015-06-16,0,0
2015-06-17,0,0
2015-06-18,0,0
2015-06-19,0,0
2015-06-20,0,0
2015-06-21,0,0
2015-06-22,0,0
2015-06-23,0,0
2015-06-24,0,0
2015-06-25,0,0
2015-06-26,0,0
2015-06-27,0,0
2015-06-28,0,0
2015-06-29,0,0
2015-06-30,0,0
2015-07-01,0,0
2015-07-02,0,0
2015-07-03,0,0
2015-07-04,0,0
2015-07-05,0,0
2015-07-06,0,0
2015-07-07,0,0
2015-07-08,0,0
2015-07-09,0,0
2015-07-10,0,0
2015-07-11,0,0
2015-07-12,0,0
2015-07-13,0,0
2015-07-14,0,0
2015-07-15,0,0
2015-07-16,0,0
2015-07-17,0,0
2015-07-18,0,0
2015-07-19,0,0
2015-07-20,0,0
2015-07-21,0,0
2015-07-22,0,0
2015-07-23,0,0
2015-07-24,0,0
2015-07-25,0,0
2015-07-26,0,0
2015-07-27,0,0
2015-07-28,0,0
2015-07-29,0,0
2015-07-30,0,0
2015-07-31,0,0
2015-08-01,0,0
2015-08-02,0,0
2015-08-03,0,0
2015-08-04,0,0
2015-08-05,0,0
2015-08-06,0,0
2015-08-07,0,0
2015-08-08,0,0
2015-08-09,0,0
2015-08-10,0,0
2015-08-11,0,0
2015-08-12,0,0
2015-08-13,0,0
2015-08-14,0,0
2015-08-15,0,0
2015-08-16,0,0
2015-08-17,0,0
2015-08-18,0,0
2015-08-19,0,0
2015-08-20,0,0
2015-08-21,0,0
2015-08-22,0,0
2015-08-23,0,0
2015-08-24,0,0
2015-08-25,0,0
2015-08-26,0,0
2015-08-27,0,0
2015-08-28,0,0
2015-08-29,0,0
2015-08-30,0,0
2015-08-31,0,0
2015-09-01,0,0
2015-09-02,0,0
2015-09-03,0,0
2015-09-04,0,0
2015-09-05,0,0
2015-09-06,0,0
2015-09-07,0,0
2015-09-08,0,0
2015-09-09,0,0
2015-09-10,0,0
2015-09-11,0,0
2015-09-12,0,0
2015-09-13,0,0
2015-09-14,0,0
2015-09-15,0,0
2015-09-16,0,0
2015-09-17,0,0
2015-09-18,0,0
2015-09-19,0,0
2015-09-20,0,0
2015-09-21,0,0
2015-09-22,0,0
2015-09-23,0,0
2015-09-24,0,0
2015-09-25,0,0
2015-09-26,0,0
2015-09-27,0,0
2015-09-28,0,0
2015-09-29,0,0
2015-09-30,0,0
2015-10-01,0,0
2015-10-02,0,0
2015-10-03,0,0
2015-10-04,0,0
2015-10-05,0,0
2015-10-06,0,0
2015-10-07,0,0
2015-10-08,0,0
2015-10-09,0,0
2015-10-10,0,0
2015-10-11,0,0
2015-10-12,0,0
2015-10-13,0,0
2015-10-14,0,0
2015-10-15,0,0
2015-10-16,0,0
2015-10-17,0,0
2015-10-18,0,0
2015-10-19,0,0
2015-10-20,0,0
2015-10-21,0,0
2015-10-22,0,0
2015-10-23,0,0
2015-10-24,0,0
2015-10-25,0,0
2015-10-26,0,0
2015-10-27,0,0
2015-10-28,0,0
2015-10-29,0,0
2015-10-30,0,0
2015-10-31,0,0
2015-11-01,0,0
2015-11-02,0,0
2015-11-03,0,0
2015-11-04,0,0
2015-11-05,0,0
2015-11-06,0,0
2015-11-07,0,0
2015-11-08,0,0
2015-11-09,0,0
2015-11-10,0,0
2015-11-11,0,0
2015-11-12,0,0
2015-11-13,0,0
2015-11-14,0,0
2015-11-15,0,0
2015-11-16,0,0
2015-11-17,0,0
2015-11-18,0,0
2015-11-19,0,0
2015-11-20,0,0
2015-11-21,0,0
2015-11-22,0,0
2015-11-23,0,0
2015-11-24,0,0
2015-11-25,0,0
2015-11-26,0,0
2015-11-27,0,0
2015-11-28,0,0
2015-11-29,0,0
2015-11-30,0,0
2015-12-01,0,0
2015-12-02,0,0
2015-12-03,0,0
2015-12-04,0,0
2015-12-05,0,0
2015-12-06,0,0
2015-12-07,0,0
2015-12-08,0,0
2015-12-09,0,0
2015-12-10,0,0
2015-12-11,0,0
2015-12-12,0,0
2015-12-13,0,0
2015-12-14,0,0
2015-12-15,0,0
2015-12-16,0,0
2015-12-17,0,0
2015-12-18,0,0
2015-12-19,0,0
2015-12-20,0,0
2015-12-21,0,0
2015-12-22,0,0
2015-12-23,0,0
2015-12-24,0,0
2015-12-25,0,0
2015-12-26,0,0
2015-12-27,0,0
2015-12-28,0,0
2015-12-29,0,0
2015-12-30,0,0
2015-12-31,0,0
2016-01-01,0,0
2016-01-02,0,0
2016-01-03,0,0
2016-01-04,0,0
2016-01-05,0,0
2016-01-06,0,0
2016-01-07,0,0
2016-01-08,0,0
2016-01-09,0,0
2016-01-10,0,0
2016-01-11,0,0
2016-01-12,0,0
2016-01-13,0,0
2016-01-14,0,0
2016-01-15,0,0
2016-01-16,0,0
2016-01-17,0,0
2016-01-18,0,0
2016-01-19,0,0
2016-01-20,0,0
2016-01-21,0,0
2016-01-22,0,0
2016-01-23,0,0
2016-01-24,0,0
2016-01-25,0,0
2016-01-26,0,0
2016-01-27,0,0
2016-01-28,0,0
2016-01-29,0,0
2016-01-30,0,0
2016-01-31,0,0
2016-02-01,0,0
2016-02-02,0,0
2016-02-03,0,0
2016-02-04,0,0
2016-02-05,0,0
2016-02-06,0,0
2016-02-07,0,0
2016-02-08,0,0
2016-02-09,0,0
2016-02-10,0,0
2016-02-11,0,0
2016-02-12,0,0
2016-02-13,0,0
2016-02-14,0,0
2016-02-15,0,0
2016-02-16,0,0
2016-02-17,0,0
2016-02-18,0,0
2016-02-19,0,0
2016-02-20,0,0
2016-02-21,0,0
2016-02-22,0,0
2016-02-23,0,0
2016-02-24,0,0
2016-02-25,0,0
2016-02-26,0,0
2016-02-27,0,0
2016-02-28,0,0
2016-02-29,0,0
2016-03-01,0,0
2016-03-02,0,0
2016-03-03,0,0
2016-03-04,0,0
2016-03-05,0,0
2016-03-06,0,0
2016-03-07,0,0
2016-03-08,0,0
2016-03-09,0,0
2016-03-10,0,0
2016-03-11,0,0
2016-03-12,0,0
2016-03-13,0,0
2016-03-14,0,0
2016-03-15,0,0
2016-03-16,0,0
2016-03-17,0,0
2016-03-18,0,0
2016-03-19,0,0
2016-03-20,0,0
2016-03-21,0,0
2016-03-22,0,0
2016-03-23,0,0
2016-03-24,0,0
2016-03-25,0,0
2016-03-26,0,0
2016-03-27,0,0
2016-03-28,0,0
2016-03-29,0,0
2016-03-30,0,0
2016-03-31,0,0
2016-04-01,0,0
2016-04-02,0,0
2016-04-03,0,0
2016-04-04,0,0
2016-04-05,0,0
2016-04-06,0,0
2016-04-07,0,0
2016-04-08,0,0
2016-04-09,0,0
2016-04-10,0,0
2016-04-11,0,0
2016-04-12,0,0
2016-04-13,0,0
2016-04-14,0,0
2016-04-15,0,0
2016-04-16,0,0
2016-04-17,0,0
2016-04-18,0,0
2016-04-19,0,0
2016-04-20,0,0
2016-04-21,0,0
2016-04-22,0,0
2016-04-23,0,0
2016-04-24,0,0
2016-04-25,0,0
2016-04-26,0,0
2016-04-27,0,0
2016-04-28,0,0
2016-04-29,0,0
2016-04-30,0,0
2016-05-01,0,0
2016-05-02,91,91
2016-05-03,198,198
2016-05-04,205,205
2016-05-05,222,222
2016-05-06,220,241
2016-05-07,220,220
2016-05-08,221,221
2016-05-09,221,222
2016-05-10,196,227
2016-05-11,201,201
2016-05-12,204,204
2016-05-13,185,204
2016-05-14,185,185
2016-05-15,185,185
2016-05-16,185,185
2016-05-17,188,188
2016-05-18,188,188
2016-05-19,194,194
2016-05-20,174,198
2016-05-21,174,174
2016-05-22,174,174
2016-05-23,174,174
2016-05-24,176,176
2016-05-25,180,180
2016-05-26,188,188
2016-05-27,175,188
2016-05-28,175,175
2016-05-29,199,199
2016-05-30,199,199
2016-05-31,190,199
2016-06-01,190,190
2016-06-02,198,199
2016-06-03,200,200
2016-06-04,200,200
2016-06-05,200,200
2016-06-06,204,204
2016-06-07,208,209
2016-06-08,215,215
2016-06-09,205,223
2016-06-10,232,232
2016-06-11,232,232
2016-06-12,251,252
2016-06-13,250,251
2016-06-14,259,263
2016-06-15,244,263
2016-06-16,246,246
2016-06-17,235,253
2016-06-18,235,235
2016-06-19,235,235
2016-06-20,234,236
2016-06-21,235,237
2016-06-22,240,240
2016-06-23,241,241
2016-06-24,277,281
2016-06-25,277,277
2016-06-26,277,277
2016-06-27,249,278
2016-06-28,225,249
2016-06-29,225,225
2016-06-30,225,226
2016-07-01,202,225
2016-07-02,202,202
2016-07-03,202,202
2016-07-04,202,202
2016-07-05,202,202
2016-07-06,202,202
2016-07-07,202,202
2016-07-08,182,202
2016-07-09,182,182
2016-07-10,182,182
2016-07-11,184,184
2016-07-12,183,184
2016-07-13,183,186
2016-07-14,182,183
2016-07-15,169,182
2016-07-16,169,169
2016-07-17,192,192
2016-07-18,192,193
2016-07-19,192,192
2016-07-20,185,192
2016-07-21,180,185
2016-07-22,205,206
2016-07-23,205,205
2016-07-24,205,205
2016-07-25,204,205
2016-07-26,200,204
2016-07-27,197,200
2016-07-28,197,197
2016-07-29,195,197
2016-07-30,195,195
2016-07-31,195,195
2016-08-01,191,195
2016-08-02,189,191
2016-08-03,182,189
2016-08-04,172,182
2016-08-05,158,172
2016-08-06,158,158
2016-08-07,158,158
2016-08-08,154,158
2016-08-09,150,154
2016-08-10,148,152
2016-08-11,148,150
2016-08-12,139,148
2016-08-13,139,139
2016-08-14,139,139
2016-08-15,136,140
2016-08-16,135,138
2016-08-17,129,135
2016-08-18,127,130
2016-08-19,124,128
2016-08-20,124,124
2016-08-21,124,124
2016-08-22,123,125
2016-08-23,119,125
2016-08-24,119,123
2016-08-25,111,124
2016-08-26,117,124
2016-08-27,117,117
2016-08-28,117,117
2016-08-29,107,121
2016-08-30,105,111
2016-08-31,102,105
2016-09-01,112,119
2016-09-02,139,169
2016-09-03,139,139
2016-09-04,139,139
2016-09-05,139,139
2016-09-06,138,139
2016-09-07,137,140
2016-09-08,134,139
2016-09-09,113,144
2016-09-10,113,113
2016-09-11,113,113
2016-09-12,116,118
2016-09-13,112,116
2016-09-14,128,132
2016-09-15,122,129
2016-09-16,117,142
2016-09-17,117,117
2016-09-18,117,117
2016-09-19,113,122
2016-09-20,111,113
2016-09-21,111,111
2016-09-22,111,112
2016-09-23,105,121
2016-09-24,105,105
2016-09-25,105,105
2016-09-26,100,105
2016-09-27,101,102
2016-09-28,132,137
2016-09-29,125,132
2016-09-30,176,178
2016-10-01,176,176
2016-10-02,176,176
2016-10-03,172,176
2016-10-04,170,172
2016-10-05,175,177
2016-10-06,170,176
2016-10-07,169,171
2016-10-08,169,169
2016-10-09,169,169
2016-10-10,169,169
2016-10-11,167,170
2016-10-12,177,177
2016-10-13,170,177
2016-10-14,172,175
2016-10-15,172,172
2016-10-16,172,172
2016-10-17,176,180
2016-10-18,179,181
2016-10-19,181,182
2016-10-20,162,184
2016-10-21,172,178
2016-10-22,172,172
2016-10-23,172,172
2016-10-24,176,177
2016-10-25,177,183
2016-10-26,186,191
2016-10-27,188,193
2016-10-28,174,207
2016-10-29,174,174
2016-10-30,174,174
2016-10-31,164,174
2016-11-01,172,176
2016-11-02,176,178
2016-11-03,175,179
2016-11-04,151,187
2016-11-05,151,151
2016-11-06,151,151
2016-11-07,151,151
2016-11-08,124,158
2016-11-09,114,127
2016-11-10,131,132
2016-11-11,131,131
2016-11-12,131,131
2016-11-13,131,131
2016-11-14,137,138
2016-11-15,146,153
2016-11-16,149,155
2016-11-17,151,152
2016-11-18,133,162
2016-11-19,133,133
2016-11-20,133,133
2016-11-21,130,143
2016-11-22,148,150
2016-11-23,145,148
2016-11-24,145,145
2016-11-25,152,152
2016-11-26,152,152
2016-11-27,152,152
2016-11-28,170,170
2016-11-29,165,170
2016-11-30,162,171
2016-12-01,164,165
2016-12-02,184,184
2016-12-03,183,184
2016-12-04,183,183
2016-12-05,175,187
2016-12-06,201,203
2016-12-07,205,205
2016-12-08,207,208
2016-12-09,191,220
2016-12-10,191,191
2016-12-11,191,191
2016-12-12,211,216
2016-12-13,211,214
2016-12-14,197,212
2016-12-15,196,199
2016-12-16,194,196
2016-12-17,194,194
2016-12-18,194,194
2016-12-19,195,195
2016-12-20,182,195
2016-12-21,182,182
2016-12-22,174,183
2016-12-23,206,206
2016-12-24,206,206
2016-12-25,206,206
2016-12-26,206,206
2016-12-27,204,206
2016-12-28,197,208
2016-12-29,196,210
2016-12-30,205,205
2016-12-31,205,205
2017-01-01,205,205
2017-01-02,205,205
2017-01-03,218,218
2017-01-04,232,233
2017-01-05,242,244
2017-01-06,230,268
2017-01-07,230,230
2017-01-08,230,230
2017-01-09,212,235
2017-01-10,231,231
2017-01-11,233,235
2017-01-12,243,244
2017-01-13,222,265
2017-01-14,222,222
2017-01-15,222,222
2017-01-16,222,222
2017-01-17,222,232
2017-01-18,223,224
2017-01-19,226,228
2017-01-20,193,231
2017-01-21,193,193
2017-01-22,193,193
2017-01-23,192,194
2017-01-24,183,202
2017-01-25,183,197
2017-01-26,191,192
2017-01-27,181,199
2017-01-28,181,181
2017-01-29,181,181
2017-01-30,179,181
2017-01-31,174,182
2017-02-01,184,185
2017-02-02,190,192
2017-02-03,198,216
2017-02-04,198,198
2017-02-05,198,198
2017-02-06,189,198
2017-02-07,189,189
2017-02-08,179,189
2017-02-09,177,179
2017-02-10,166,177
2017-02-11,166,166
2017-02-12,166,166
2017-02-13,164,166
2017-02-14,167,168
2017-02-15,161,167
2017-02-16,160,162
2017-02-17,151,161
2017-02-18,151,151
2017-02-19,151,151
2017-02-20,151,151
2017-02-21,150,151
2017-02-22,147,150
2017-02-23,146,147
2017-02-24,155,164
2017-02-25,155,155
2017-02-26,155,155
2017-02-27,154,155
2017-02-28,161,163
2017-03-01,163,165
2017-03-02,165,166
2017-03-03,170,176
2017-03-04,170,170
2017-03-05,171,171
2017-03-06,175,176
2017-03-07,174,175
2017-03-08,183,184
2017-03-09,188,190
2017-03-10,169,196
2017-03-11,169,169
2017-03-12,169,169
2017-03-13,167,169
2017-03-14,169,169
2017-03-15,169,169
2017-03-16,170,170
2017-03-17,162,184
2017-03-18,162,162
2017-03-19,162,162
2017-03-20,169,173
2017-03-21,177,177
2017-03-22,190,191
2017-03-23,190,192
2017-03-24,185,205
2017-03-25,185,185
2017-03-26,185,185
2017-03-27,185,186
2017-03-28,189,189
2017-03-29,191,194
2017-03-30,199,200
2017-03-31,183,206
2017-04-01,183,183
2017-04-02,183,183
2017-04-03,186,187
2017-04-04,192,193
2017-04-05,207,207
2017-04-06,211,214
2017-04-07,202,222
2017-04-08,202,202
2017-04-09,202,202
2017-04-10,204,205
2017-04-11,205,208
2017-04-12,207,207
2017-04-13,208,209
2017-04-14,188,215
2017-04-15,188,188
2017-04-16,188,188
2017-04-17,190,191
2017-04-18,182,196
2017-04-19,210,211
2017-04-20,211,212
2017-04-21,193,220
2017-04-22,193,193
2017-04-23,193,193
2017-04-24,172,199
2017-04-25,174,175
2017-04-26,181,181
2017-04-27,183,186
2017-04-28,152,195
2017-04-29,152,152
2017-04-30,152,152
2017-05-01,155,156
2017-05-02,154,159
2017-05-03,157,159
2017-05-04,158,160
2017-05-05,122,158
2017-05-06,122,122
2017-05-07,122,122
2017-05-08,118,122
2017-05-09,119,120
2017-05-10,120,121
2017-05-11,121,121
2017-05-12,106,122
2017-05-13,106,106
2017-05-14,106,106
2017-05-15,105,106
2017-05-16,106,106
2017-05-17,110,110
2017-05-18,111,112
2017-05-19,104,117
2017-05-20,104,104
2017-05-21,104,104
2017-05-22,104,104
2017-05-23,104,104
2017-05-24,106,106
2017-05-25,105,106
2017-05-26,90,105
2017-05-27,90,90
2017-05-28,90,90
2017-05-29,90,90
2017-05-30,90,90
2017-05-31,88,90
2017-06-01,89,89
2017-06-02,92,94
2017-06-03,92,92
2017-06-04,92,92
2017-06-05,95,96
2017-06-06,102,102
2017-06-07,108,112
2017-06-08,115,115
2017-06-09,119,126
2017-06-10,119,119
2017-06-11,119,119
2017-06-12,131,131
2017-06-13,137,137
2017-06-14,147,148
2017-06-15,160,162
2017-06-16,161,176
2017-06-17,161,161
2017-06-18,161,161
2017-06-19,158,161
2017-06-20,160,160
2017-06-21,162,162
2017-06-22,162,162
2017-06-23,153,162
2017-06-24,153,153
2017-06-25,153,153
2017-06-26,153,155
2017-06-27,153,154
2017-06-28,148,153
2017-06-29,156,157
2017-06-30,176,185
2017-07-01,176,176
2017-07-02,176,176
2017-07-03,176,176
2017-07-04,176,176
2017-07-05,178,188
2017-07-06,175,178
2017-07-07,158,175
2017-07-08,158,158
2017-07-09,158,158
2017-07-10,158,158
2017-07-11,162,163
2017-07-12,161,162
2017-07-13,167,167
2017-07-14,173,187
2017-07-15,173,173
2017-07-16,173,173
2017-07-17,191,192
2017-07-18,195,196
2017-07-19,197,199
2017-07-20,196,197
2017-07-21,204,212
2017-07-22,204,204
2017-07-23,204,204
2017-07-24,204,204
2017-07-25,205,206
2017-07-26,205,205
2017-07-27,208,213
2017-07-28,185,211
2017-07-29,185,185
2017-07-30,185,185
2017-07-31,196,196
2017-08-01,195,196
2017-08-02,194,195
2017-08-03,192,194
2017-08-04,166,193
2017-08-05,166,166
2017-08-06,166,166
2017-08-07,165,166
2017-08-08,162,165
2017-08-09,175,177
2017-08-10,182,182
2017-08-11,179,200
2017-08-12,179,179
2017-08-13,179,179
2017-08-14,181,183
2017-08-15,187,190
2017-08-16,184,187
2017-08-17,182,185
2017-08-18,167,183
2017-08-19,167,167
2017-08-20,167,167
2017-08-21,167,167
2017-08-22,165,168
2017-08-23,164,165
2017-08-24,160,164
2017-08-25,140,160
2017-08-26,140,140
2017-08-27,140,140
2017-08-28,142,142
2017-08-29,141,143
2017-08-30,140,141
2017-08-31,137,140
2017-09-01,117,137
2017-09-02,117,117
2017-09-03,117,117
2017-09-04,117,117
2017-09-05,124,126
2017-09-06,122,124
2017-09-07,132,132
2017-09-08,149,154
2017-09-09,149,149
2017-09-10,149,149
2017-09-11,133,163
2017-09-12,138,142
2017-09-13,138,139
2017-09-14,137,138
2017-09-15,137,149
2017-09-16,137,137
2017-09-17,137,137
2017-09-18,143,144
2017-09-19,155,157
2017-09-20,153,155
2017-09-21,163,163
2017-09-22,146,170
2017-09-23,146,146
2017-09-24,146,146
2017-09-25,145,146
2017-09-26,146,146
2017-09-27,143,146
2017-09-28,143,143
2017-09-29,127,143
2017-09-30,127,127
2017-10-01,127,127
2017-10-02,129,129
2017-10-03,137,138
2017-10-04,135,138
2017-10-05,133,135
2017-10-06,126,135
2017-10-07,126,126
2017-10-08,126,126
2017-10-09,126,126
2017-10-10,123,126
2017-10-11,129,129
2017-10-12,136,136
2017-10-13,129,137
2017-10-14,129,129
2017-10-15,129,129
2017-10-16,128,129
2017-10-17,137,139
2017-10-18,135,137
2017-10-19,133,135
2017-10-20,121,134
2017-10-21,121,121
2017-10-22,121,121
2017-10-23,122,122
2017-10-24,135,135
2017-10-25,135,137
2017-10-26,137,137
2017-10-27,122,138
2017-10-28,122,122
2017-10-29,122,122
2017-10-30,128,129
2017-10-31,132,132
2017-11-01,150,152
2017-11-02,156,156
2017-11-03,137,170
2017-11-04,137,137
2017-11-05,137,137
2017-11-06,144,146
2017-11-07,149,149
2017-11-08,178,178
2017-11-09,184,184
2017-11-10,184,184
2017-11-11,184,184
2017-11-12,184,184
2017-11-13,167,184
2017-11-14,169,172
2017-11-15,170,173
2017-11-16,174,174
2017-11-17,174,187
2017-11-18,174,174
2017-11-19,174,174
2017-11-20,173,174
2017-11-21,174,174
2017-11-22,174,174
2017-11-23,174,174
2017-11-24,172,174
2017-11-25,172,172
2017-11-26,172,172
2017-11-27,173,173
2017-11-28,173,174
2017-11-29,172,176
2017-11-30,172,174
2017-12-01,155,174
2017-12-02,155,155
2017-12-03,155,155
2017-12-04,153,155
2017-12-05,153,153
2017-12-06,152,169
2017-12-07,152,156
2017-12-08,177,184
2017-12-09,177,177
2017-12-10,177,177
2017-12-11,176,177
2017-12-12,177,177
2017-12-13,177,177
2017-12-14,176,177
2017-12-15,162,179
2017-12-16,162,162
2017-12-17,162,162
2017-12-18,160,162
2017-12-19,161,161
2017-12-20,161,163
2017-12-21,161,161
2017-12-22,148,161
2017-12-23,148,148
2017-12-24,148,148
2017-12-25,148,148
2017-12-26,148,148
2017-12-27,148,148
2017-12-28,167,167
2017-12-29,181,183
2017-12-30,181,181
2017-12-31,181,181
2018-01-01,181,181
2018-01-02,186,186
2018-01-03,190,190
2018-01-04,194,195
2018-01-05,187,212
2018-01-06,187,187
2018-01-07,188,188
2018-01-08,191,192
2018-01-09,195,195
2018-01-10,185,200
2018-01-11,189,191
2018-01-12,181,214
2018-01-13,181,181
2018-01-14,181,181
2018-01-15,181,181
2018-01-16,186,186
2018-01-17,197,199
2018-01-18,198,198
2018-01-19,165,198
2018-01-20,165,165
2018-01-21,165,165
2018-01-22,166,167
2018-01-23,168,170
2018-01-24,177,178
2018-01-25,191,192
2018-01-26,173,210
2018-01-27,173,173
2018-01-28,173,173
2018-01-29,173,173
2018-01-30,172,173
2018-01-31,168,172
2018-02-01,166,168
2018-02-02,128,167
2018-02-03,128,128
2018-02-04,128,128
2018-02-05,130,132
2018-02-06,149,149
2018-02-07,169,170
2018-02-08,182,183
2018-02-09,166,183
2018-02-10,166,166
2018-02-11,166,166
2018-02-12,181,184
2018-02-13,188,188
2018-02-14,193,194
2018-02-15,192,193
2018-02-16,179,201
2018-02-17,179,179
2018-02-18,179,179
2018-02-19,179,179
2018-02-20,179,179
2018-02-21,185,188
2018-02-22,184,185
2018-02-23,174,185
2018-02-24,174,174
2018-02-25,174,174
2018-02-26,173,174
2018-02-27,172,173
2018-02-28,181,185
2018-03-01,181,181
2018-03-02,164,181
2018-03-03,164,164
2018-03-04,164,164
2018-03-05,164,164
2018-03-06,167,168
2018-03-07,174,175
2018-03-08,174,175
2018-03-09,160,175
2018-03-10,160,160
2018-03-11,160,160
2018-03-12,161,161
2018-03-13,172,173
2018-03-14,181,183
2018-03-15,192,194
2018-03-16,166,193
2018-03-17,166,166
2018-03-18,166,166
2018-03-19,175,175
2018-03-20,194,194
2018-03-21,205,207
2018-03-22,210,211
2018-03-23,187,232
2018-03-24,187,187
2018-03-25,187,187
2018-03-26,197,197
2018-03-27,210,210
2018-03-28,216,219
2018-03-29,215,216
2018-03-30,214,255
2018-03-31,214,214
2018-04-01,214,214
2018-04-02,213,214
2018-04-03,221,221
2018-04-04,232,232
2018-04-05,246,246
2018-04-06,216,251
2018-04-07,216,216
2018-04-08,216,216
2018-04-09,216,216
2018-04-10,222,223
2018-04-11,225,225
2018-04-12,234,234
2018-04-13,201,244
2018-04-14,201,201
2018-04-15,201,201
2018-04-16,203,203
2018-04-17,207,208
2018-04-18,211,211
2018-04-19,230,233
2018-04-20,200,244
2018-04-21,200,200
2018-04-22,200,200
2018-04-23,202,202
2018-04-24,226,226
2018-04-25,230,232
2018-04-26,230,230
2018-04-27,211,240
2018-04-28,211,211
2018-04-29,211,211
2018-04-30,208,211
2018-05-01,206,208
2018-05-02,205,206
2018-05-03,218,219
2018-05-04,176,219
2018-05-05,176,176
2018-05-06,176,176
2018-05-07,162,176
2018-05-08,171,173
2018-05-09,129,171
2018-05-10,150,156
2018-05-11,150,175
2018-05-12,150,150
2018-05-13,150,150
2018-05-14,149,150
2018-05-15,152,153
2018-05-16,166,167
2018-05-17,165,166
2018-05-18,185,204
2018-05-19,185,185
2018-05-20,185,185
2018-05-21,201,205
2018-05-22,228,230
2018-05-23,229,229
2018-05-24,230,230
2018-05-25,230,253
2018-05-26,230,230
2018-05-27,230,230
2018-05-28,230,230
2018-05-29,241,241
2018-05-30,235,242
2018-05-31,234,235
2018-06-01,231,240
2018-06-02,231,231
2018-06-03,231,231
2018-06-04,237,239
2018-06-05,231,239
2018-06-06,228,232
2018-06-07,226,229
2018-06-08,207,231
2018-06-09,207,207
2018-06-10,207,207
2018-06-11,207,209
2018-06-12,220,220
2018-06-13,233,233
2018-06-14,235,235
2018-06-15,218,236
2018-06-16,218,218
2018-06-17,218,218
2018-06-18,229,229
2018-06-19,224,231
2018-06-20,222,224
2018-06-21,231,232
2018-06-22,208,234
2018-06-23,208,208
2018-06-24,209,209
2018-06-25,215,217
2018-06-26,217,220
2018-06-27,224,226
2018-06-28,222,224
2018-06-29,205,222
2018-06-30,205,205
2018-07-01,206,206
2018-07-02,203,206
2018-07-03,202,203
2018-07-04,202,202
2018-07-05,220,221
2018-07-06,208,220
2018-07-07,208,208
2018-07-08,208,208
2018-07-09,216,217
2018-07-10,234,235
2018-07-11,234,235
2018-07-12,224,234
2018-07-13,230,237
2018-07-14,230,230
2018-07-15,230,230
2018-07-16,234,236
2018-07-17,228,239
2018-07-18,215,230
2018-07-19,215,216
2018-07-20,189,215
2018-07-21,189,189
2018-07-22,189,189
2018-07-23,193,196
2018-07-24,204,205
2018-07-25,211,211
2018-07-26,218,222
2018-07-27,186,218
2018-07-28,186,186
2018-07-29,186,186
2018-07-30,196,196
2018-07-31,197,198
2018-08-01,192,197
2018-08-02,214,219
2018-08-03,193,215
2018-08-04,193,193
2018-08-05,193,193
2018-08-06,196,197
2018-08-07,197,209
2018-08-08,216,218
2018-08-09,219,222
2018-08-10,217,219
2018-08-11,217,217
2018-08-12,217,217
2018-08-13,224,225
2018-08-14,202,235
2018-08-15,228,229
2018-08-16,227,229
2018-08-17,213,228
2018-08-18,213,213
2018-08-19,213,213
2018-08-20,218,219
2018-08-21,206,220
2018-08-22,206,206
2018-08-23,208,211
2018-08-24,212,212
2018-08-25,212,212
2018-08-26,212,212
2018-08-27,215,218
2018-08-28,193,223
2018-08-29,204,206
2018-08-30,212,217
2018-08-31,217,217
2018-09-01,217,217
2018-09-02,217,217
2018-09-03,217,217
2018-09-04,199,217
2018-09-05,199,200
2018-09-06,200,200
2018-09-07,199,200
2018-09-08,199,199
2018-09-09,199,199
2018-09-10,208,208
2018-09-11,197,208
2018-09-12,196,197
2018-09-13,195,196
2018-09-14,194,195
2018-09-15,194,194
2018-09-16,194,194
2018-09-17,218,220
2018-09-18,181,219
2018-09-19,175,181
2018-09-20,160,179
2018-09-21,151,162
2018-09-22,162,162
2018-09-23,176,176
2018-09-24,197,198
2018-09-25,190,212
2018-09-26,204,206
2018-09-27,201,204
2018-09-28,199,201
2018-09-29,199,199
2018-09-30,199,199
2018-10-01,210,215
2018-10-02,168,210
2018-10-03,180,182
2018-10-04,184,184
2018-10-05,177,184
2018-10-06,177,177
2018-10-07,177,177
2018-10-08,177,177
2018-10-09,170,186
2018-10-10,168,170
2018-10-11,168,170
2018-10-12,164,168
2018-10-13,164,164
2018-10-14,164,164
2018-10-15,176,178
2018-10-16,171,192
2018-10-17,181,182
2018-10-18,184,186
2018-10-19,179,184
2018-10-20,179,179
2018-10-21,179,179
2018-10-22,182,185
2018-10-23,166,182
2018-10-24,177,178
2018-10-25,192,195
2018-10-26,206,214
2018-10-27,206,206
2018-10-28,206,206
2018-10-29,205,207
2018-10-30,181,205
2018-10-31,189,194
2018-11-01,188,190
2018-11-02,191,193
2018-11-03,191,191
2018-11-04,191,191
2018-11-05,191,191
2018-11-06,187,199
2018-11-07,193,195
2018-11-08,201,203
2018-11-09,214,215
2018-11-10,214,214
2018-11-11,215,215
2018-11-12,215,215
2018-11-13,206,219
2018-11-14,208,208
2018-11-15,217,223
2018-11-16,218,220
2018-11-17,218,218
2018-11-18,218,218
2018-11-19,223,225
2018-11-20,240,241
2018-11-21,238,241
2018-11-22,238,238
2018-11-23,213,238
2018-11-24,213,213
2018-11-25,213,213
2018-11-26,221,221
2018-11-27,216,234
2018-11-28,217,217
2018-11-29,235,236
2018-11-30,237,238
2018-12-01,237,237
2018-12-02,237,237
2018-12-03,241,243
2018-12-04,206,241
2018-12-05,211,211
2018-12-06,220,222
2018-12-07,233,237
2018-12-08,233,233
2018-12-09,233,233
2018-12-10,241,242
2018-12-11,211,241
2018-12-12,210,211
2018-12-13,216,219
2018-12-14,231,232
2018-12-15,231,231
2018-12-16,231,231
2018-12-17,232,235
2018-12-18,209,234
2018-12-19,221,223
2018-12-20,223,223
2018-12-21,225,228
2018-12-22,225,225
2018-12-23,225,225
2018-12-24,225,225
2018-12-25,225,225
2018-12-26,216,226
2018-12-27,216,216
2018-12-28,227,229
2018-12-29,227,227
2018-12-30,227,227
2018-12-31,232,235
2019-01-01,232,232
2019-01-02,227,255
2019-01-03,226,228
2019-01-04,233,237
2019-01-05,233,233
2019-01-06,233,233
2019-01-07,239,240
2019-01-08,225,239
2019-01-09,224,227
2019-01-10,221,224
2019-01-11,221,221
2019-01-12,221,221
2019-01-13,221,221
2019-01-14,226,230
2019-01-15,210,226
2019-01-16,225,226
2019-01-17,221,225
2019-01-18,230,233
2019-01-19,230,230
2019-01-20,230,230
2019-01-21,230,230
2019-01-22,211,236
2019-01-23,217,225
2019-01-24,218,219
2019-01-25,224,225
2019-01-26,224,224
2019-01-27,224,224
2019-01-28,223,224
2019-01-29,195,223
2019-01-30,205,207
2019-01-31,212,216
2019-02-01,219,221
2019-02-02,219,219
2019-02-03,219,219
2019-02-04,223,225
2019-02-05,224,234
2019-02-06,236,238
2019-02-07,236,236
2019-02-08,235,236
2019-02-09,235,235
2019-02-10,235,235
2019-02-11,238,239
2019-02-12,226,244
2019-02-13,236,239
2019-02-14,236,238
2019-02-15,234,236
2019-02-16,234,234
2019-02-17,234,234
2019-02-18,234,234
2019-02-19,221,234
2019-02-20,220,224
2019-02-21,219,220
2019-02-22,215,219
2019-02-23,215,215
2019-02-24,215,215
2019-02-25,224,231
2019-02-26,230,254
2019-02-27,235,235
2019-02-28,233,235
2019-03-01,230,233
2019-03-02,230,230
2019-03-03,230,230
2019-03-04,239,241
2019-03-05,221,239
2019-03-06,225,227
2019-03-07,223,226
2019-03-08,225,225
2019-03-09,225,225
2019-03-10,225,225
2019-03-11,232,236
2019-03-12,230,244
2019-03-13,234,236
2019-03-14,234,236
2019-03-15,232,234
2019-03-16,232,232
2019-03-17,232,232
2019-03-18,238,240
2019-03-19,226,240
2019-03-20,228,228
2019-03-21,224,230
2019-03-22,228,229
2019-03-23,228,228
2019-03-24,228,228
2019-03-25,234,235
2019-03-26,214,241
2019-03-27,232,233
2019-03-28,233,235
2019-03-29,233,234
2019-03-30,233,233
2019-03-31,233,233
2019-04-01,236,239
2019-04-02,222,237
2019-04-03,219,222
2019-04-04,227,227
2019-04-05,226,227
2019-04-06,226,226
2019-04-07,226,226
2019-04-08,228,234
2019-04-09,212,236
2019-04-10,214,220
2019-04-11,212,214
2019-04-12,211,213
2019-04-13,211,211
2019-04-14,211,211
2019-04-15,216,219
2019-04-16,200,219
2019-04-17,220,221
2019-04-18,218,223
2019-04-19,231,235
2019-04-20,231,231
2019-04-21,231,231
2019-04-22,246,246
2019-04-23,220,266
2019-04-24,220,221
2019-04-25,220,223
2019-04-26,231,233
2019-04-27,231,231
2019-04-28,231,231
2019-04-29,239,243
2019-04-30,238,250
2019-05-01,240,242
2019-05-02,241,241
2019-05-03,235,241
2019-05-04,235,235
2019-05-05,235,235
2019-05-06,238,238
2019-05-07,212,254
2019-05-08,219,223
2019-05-09,218,221
2019-05-10,217,218
2019-05-11,218,218
2019-05-12,218,218
2019-05-13,244,248
2019-05-14,242,257
2019-05-15,243,243
2019-05-16,266,268
2019-05-17,265,268
2019-05-18,265,265
2019-05-19,265,265
2019-05-20,265,267
2019-05-21,253,278
2019-05-22,259,263
2019-05-23,255,259
2019-05-24,261,261
2019-05-25,261,261
2019-05-26,261,261
2019-05-27,261,261
2019-05-28,241,261
2019-05-29,246,249
2019-05-30,245,246
2019-05-31,246,247
2019-06-01,246,246
2019-06-02,246,246
2019-06-03,243,246
2019-06-04,244,256
2019-06-05,249,258
2019-06-06,247,252
2019-06-07,246,247
2019-06-08,246,246
2019-06-09,246,246
2019-06-10,250,251
2019-06-11,255,283
2019-06-12,257,258
2019-06-13,267,268
2019-06-14,269,269
2019-06-15,269,269
2019-06-16,269,269
2019-06-17,268,269
2019-06-18,251,277
2019-06-19,254,257
2019-06-20,251,254
2019-06-21,250,251
2019-06-22,250,250
2019-06-23,250,250
2019-06-24,259,261
2019-06-25,260,278
2019-06-26,271,271
2019-06-27,266,273
2019-06-28,269,269
2019-06-29,269,269
2019-06-30,269,269
2019-07-01,272,278
2019-07-02,257,280
2019-07-03,256,258
2019-07-04,256,256
2019-07-05,254,256
2019-07-06,254,254
2019-07-07,254,254
2019-07-08,259,263
2019-07-09,242,259
2019-07-10,240,242
2019-07-11,251,254
2019-07-12,255,258
2019-07-13,255,255
2019-07-14,255,255
2019-07-15,258,261
2019-07-16,229,261
2019-07-17,229,230
2019-07-18,235,237
2019-07-19,255,255
2019-07-20,255,255
2019-07-21,255,255
2019-07-22,262,263
2019-07-23,254,275
2019-07-24,262,265
2019-07-25,261,262
2019-07-26,261,261
2019-07-27,261,261
2019-07-28,261,261
2019-07-29,261,262
2019-07-30,241,271
2019-07-31,241,242
2019-08-01,228,248
2019-08-02,230,231
2019-08-03,230,230
2019-08-04,230,230
2019-08-05,234,236
2019-08-06,203,244
2019-08-07,202,204
2019-08-08,208,210
2019-08-09,209,209
2019-08-10,209,209
2019-08-11,209,209
2019-08-12,214,214
2019-08-13,192,227
2019-08-14,210,212
2019-08-15,213,213
2019-08-16,214,215
2019-08-17,214,214
2019-08-18,214,214
2019-08-19,219,220
2019-08-20,200,219
2019-08-21,197,200
2019-08-22,195,197
2019-08-23,194,195
2019-08-24,194,194
2019-08-25,194,194
2019-08-26,194,194
2019-08-27,184,196
2019-08-28,181,184
2019-08-29,183,184
2019-08-30,186,186
2019-08-31,186,186
2019-09-01,186,186
2019-09-02,186,186
2019-09-03,182,192
2019-09-04,180,183
2019-09-05,186,187
2019-09-06,184,186
2019-09-07,184,184
2019-09-08,184,184
2019-09-09,192,197
2019-09-10,180,192
2019-09-11,180,181
2019-09-12,176,180
2019-09-13,184,186
2019-09-14,184,184
2019-09-15,184,184
2019-09-16,187,188
2019-09-17,176,187
2019-09-18,175,176
2019-09-19,182,182
2019-09-20,188,190
2019-09-21,183,188
2019-09-22,183,183
2019-09-23,184,184
2019-09-24,183,195
2019-09-25,180,183
2019-09-26,194,197
2019-09-27,194,194
2019-09-28,194,194
2019-09-29,194,194
2019-09-30,170,197
2019-10-01,171,171
2019-10-02,171,171
2019-10-03,176,176
2019-10-04,177,178
2019-10-05,177,177
2019-10-06,177,177
2019-10-07,184,190
2019-10-08,177,185
2019-10-09,183,185
2019-10-10,198,198
2019-10-11,201,203
2019-10-12,201,201
2019-10-13,201,201
2019-10-14,201,201
2019-10-15,178,201
2019-10-16,178,178
2019-10-17,189,190
2019-10-18,190,190
2019-10-19,190,190
2019-10-20,190,190
2019-10-21,195,195
2019-10-22,175,195
2019-10-23,174,175
2019-10-24,173,174
2019-10-25,173,173
2019-10-26,173,173
2019-10-27,173,173
2019-10-28,174,175
2019-10-29,163,183
2019-10-30,163,163
2019-10-31,163,165
2019-11-01,161,163
2019-11-02,161,161
2019-11-03,162,162
2019-11-04,168,169
2019-11-05,151,170
2019-11-06,159,160
2019-11-07,155,164
2019-11-08,154,156
2019-11-09,154,154
2019-11-10,154,154
2019-11-11,154,154
2019-11-12,180,189
2019-11-13,180,181
2019-11-14,176,180
2019-11-15,175,176
2019-11-16,175,175
2019-11-17,175,175
2019-11-18,179,179
2019-11-19,177,184
2019-11-20,176,178
2019-11-21,190,194
2019-11-22,190,190
2019-11-23,190,190
2019-11-24,190,190
2019-11-25,191,191
2019-11-26,170,191
2019-11-27,170,170
2019-11-28,170,170
2019-11-29,170,170
2019-11-30,170,170
2019-12-01,170,170
2019-12-02,169,170
2019-12-03,162,170
2019-12-04,167,167
2019-12-05,180,181
2019-12-06,178,180
2019-12-07,178,178
2019-12-08,178,178
2019-12-09,177,179
2019-12-10,176,186
2019-12-11,197,199
2019-12-12,194,197
2019-12-13,195,195
2019-12-14,195,195
2019-12-15,195,195
2019-12-16,195,196
2019-12-17,196,199
2019-12-18,198,201
2019-12-19,199,200
2019-12-20,217,218
2019-12-21,217,217
2019-12-22,217,217
2019-12-23,215,217
2019-12-24,215,215
2019-12-25,215,215
2019-12-26,214,218
2019-12-27,227,228
2019-12-28,227,227
2019-12-29,227,227
2019-12-30,213,227
2019-12-31,212,213
2020-01-01,212,212
2020-01-02,211,212
2020-01-03,211,212
2020-01-04,211,211
2020-01-05,211,211
2020-01-06,210,211
2020-01-07,195,210
2020-01-08,196,196
2020-01-09,194,196
2020-01-10,194,194
2020-01-11,194,194
2020-01-12,194,194
2020-01-13,199,201
2020-01-14,177,202
2020-01-15,183,184
2020-01-16,183,183
2020-01-17,194,199
2020-01-18,194,194
2020-01-19,194,194
2020-01-20,194,194
2020-01-21,181,194
2020-01-22,181,181
2020-01-23,181,181
2020-01-24,179,182
2020-01-25,179,179
2020-01-26,179,179
2020-01-27,177,179
2020-01-28,169,177
2020-01-29,168,169
2020-01-30,167,168
2020-01-31,165,168
2020-02-01,165,165
2020-02-02,165,165
2020-02-03,163,165
2020-02-04,155,164
2020-02-05,158,160
2020-02-06,158,161
2020-02-07,156,158
2020-02-08,156,156
2020-02-09,156,156
2020-02-10,161,164
2020-02-11,158,163
2020-02-12,158,159
2020-02-13,163,165
2020-02-14,162,164
2020-02-15,162,162
2020-02-16,162,162
2020-02-17,162,162
2020-02-18,156,165
2020-02-19,156,156
2020-02-20,157,160
2020-02-21,158,160
2020-02-22,158,158
2020-02-23,158,158
2020-02-24,157,158
2020-02-25,149,159
2020-02-26,157,157
2020-02-27,164,165
2020-02-28,164,164
2020-02-29,164,164
2020-03-01,164,164
2020-03-02,174,174
2020-03-03,198,211
2020-03-04,197,199
2020-03-05,198,198
2020-03-06,195,198
2020-03-07,195,195
2020-03-08,195,195
2020-03-09,192,195
2020-03-10,181,192
2020-03-11,179,181
2020-03-12,178,179
2020-03-13,177,179
2020-03-14,177,177
2020-03-15,177,177
2020-03-16,176,177
2020-03-17,166,177
2020-03-18,166,167
2020-03-19,209,210
2020-03-20,206,209
2020-03-21,206,206
2020-03-22,206,206
2020-03-23,205,206
2020-03-24,195,205
2020-03-25,192,195
2020-03-26,190,192
2020-03-27,191,191
2020-03-28,191,191
2020-03-29,191,191
2020-03-30,191,191
2020-03-31,180,191
2020-04-01,179,180
2020-04-02,178,179
2020-04-03,176,178
2020-04-04,176,176
2020-04-05,176,176
2020-04-06,176,176
2020-04-07,169,176
2020-04-08,168,169
2020-04-09,175,175
2020-04-10,174,176
2020-04-11,174,174
2020-04-12,174,174
2020-04-13,174,174
2020-04-14,167,176
2020-04-15,166,167
2020-04-16,166,166
2020-04-17,165,166
2020-04-18,165,165
2020-04-19,165,165
2020-04-20,165,165
2020-04-21,158,165
2020-04-22,154,158
2020-04-23,152,155
2020-04-24,171,192
2020-04-25,171,171
2020-04-26,171,171
2020-04-27,169,171
2020-04-28,165,175
2020-04-29,165,167
2020-04-30,161,165
2020-05-01,159,161
2020-05-02,159,159
2020-05-03,159,159
2020-05-04,157,160
2020-05-05,149,159
2020-05-06,144,149
2020-05-07,144,144
2020-05-08,143,144
2020-05-09,143,143
2020-05-10,143,143
2020-05-11,145,145
2020-05-12,146,152
2020-05-13,153,154
2020-05-14,151,153
2020-05-15,155,156
2020-05-16,155,155
2020-05-17,155,155
2020-05-18,155,155
2020-05-19,143,155
2020-05-20,141,144
2020-05-21,143,143
2020-05-22,143,143
2020-05-23,143,143
2020-05-24,143,143
2020-05-25,143,143
2020-05-26,142,143
2020-05-27,141,143
2020-05-28,144,145
2020-05-29,144,146
2020-05-30,144,144
2020-05-31,144,144
2020-06-01,145,145
2020-06-02,146,151
2020-06-03,141,148
2020-06-04,135,141
2020-06-05,138,140
2020-06-06,138,138
2020-06-07,138,138
2020-06-08,138,139
2020-06-09,130,140
2020-06-10,130,130
2020-06-11,129,131
2020-06-12,129,130
2020-06-13,129,129
2020-06-14,129,129
2020-06-15,129,130
2020-06-16,118,129
2020-06-17,116,118
2020-06-18,114,116
2020-06-19,115,115
2020-06-20,115,115
2020-06-21,115,115
2020-06-22,115,116
2020-06-23,108,116
2020-06-24,107,108
2020-06-25,105,107
2020-06-26,103,106
2020-06-27,103,103
2020-06-28,103,103
2020-06-29,104,104
2020-06-30,100,104
2020-07-01,100,101
2020-07-02,103,103
2020-07-03,103,103
2020-07-04,103,103
2020-07-05,103,103
2020-07-06,102,103
2020-07-07,99,102
2020-07-08,99,99
2020-07-09,99,99
2020-07-10,99,99
2020-07-11,99,99
2020-07-12,99,99
2020-07-13,88,99
2020-07-14,85,88
2020-07-15,85,85
2020-07-16,86,87
2020-07-17,85,86
2020-07-18,85,85
2020-07-19,85,85
2020-07-20,84,85
2020-07-21,83,84
2020-07-22,79,83
2020-07-23,80,80
2020-07-24,80,81
2020-07-25,80,80
2020-07-26,80,80
2020-07-27,70,82
2020-07-28,68,70
2020-07-29,67,68
2020-07-30,68,69
2020-07-31,78,79
2020-08-01,78,78
2020-08-02,78,78
2020-08-03,79,83
2020-08-04,84,84
2020-08-05,87,87
2020-08-06,90,90
2020-08-07,92,92
2020-08-08,92,92
2020-08-09,92,92
2020-08-10,86,96
2020-08-11,90,90
2020-08-12,90,90
2020-08-13,91,91
2020-08-14,90,92
2020-08-15,90,90
2020-08-16,90,90
2020-08-17,92,92
2020-08-18,87,92
2020-08-19,91,93
2020-08-20,91,91
2020-08-21,92,92
2020-08-22,92,92
2020-08-23,92,92
2020-08-24,92,92
2020-08-25,84,96
2020-08-26,84,84
2020-08-27,84,84
2020-08-28,84,85
2020-08-29,84,84
2020-08-30,84,84
2020-08-31,84,84
2020-09-01,70,84
2020-09-02,68,70
2020-09-03,66,68
2020-09-04,66,66
2020-09-05,66,66
2020-09-06,68,68
2020-09-07,68,68
2020-09-08,62,68
2020-09-09,62,63
2020-09-10,61,62
2020-09-11,59,61
2020-09-12,59,59
2020-09-13,59,59
2020-09-14,64,64
2020-09-15,73,75
2020-09-16,81,82
2020-09-17,84,85
2020-09-18,87,87
2020-09-19,87,87
2020-09-20,87,87
2020-09-21,88,88
2020-09-22,92,99
2020-09-23,92,92
2020-09-24,97,97
2020-09-25,101,101
2020-09-26,101,101
2020-09-27,101,101
2020-09-28,101,101
2020-09-29,129,133
2020-09-30,128,129
2020-10-01,129,129
2020-10-02,130,130
2020-10-03,130,130
2020-10-04,130,130
2020-10-05,130,130
2020-10-06,131,134
2020-10-07,131,131
2020-10-08,129,131
2020-10-09,126,129
2020-10-10,126,126
2020-10-11,126,126
2020-10-12,126,126
2020-10-13,105,127
2020-10-14,105,105
2020-10-15,105,105
2020-10-16,105,106
2020-10-17,105,105
2020-10-18,105,105
2020-10-19,105,105
2020-10-20,60,106
2020-10-21,63,64
2020-10-22,70,71
2020-10-23,72,72
2020-10-24,72,72
2020-10-25,72,72
2020-10-26,73,73
2020-10-27,71,80
2020-10-28,73,73
2020-10-29,85,85
2020-10-30,87,87
2020-10-31,87,87
2020-11-01,87,87
2020-11-02,86,87
2020-11-03,72,86
2020-11-04,72,72
2020-11-05,71,72
2020-11-06,71,71
2020-11-07,71,71
2020-11-08,71,71
2020-11-09,70,72
2020-11-10,57,70
2020-11-11,57,57
2020-11-12,58,58
2020-11-13,57,58
2020-11-14,57,57
2020-11-15,57,57
2020-11-16,55,57
2020-11-17,53,56
2020-11-18,53,53
2020-11-19,52,53
2020-11-20,52,52
2020-11-21,52,52
2020-11-22,51,52
2020-11-23,53,54
2020-11-24,58,62
2020-11-25,58,58
2020-11-26,58,58
2020-11-27,58,58
2020-11-28,58,58
2020-11-29,58,58
2020-11-30,56,58
2020-12-01,64,66
2020-12-02,64,64
2020-12-03,65,67
2020-12-04,67,68
2020-12-05,67,67
2020-12-06,67,67
2020-12-07,65,67
2020-12-08,67,75
2020-12-09,67,67
2020-12-10,76,76
2020-12-11,75,76
2020-12-12,75,75
2020-12-13,75,75
2020-12-14,75,75
2020-12-15,66,78
2020-12-16,66,67
2020-12-17,66,66
2020-12-18,67,67
2020-12-19,67,67
2020-12-20,67,67
2020-12-21,67,67
2020-12-22,72,84
2020-12-23,72,72
2020-12-24,72,72
2020-12-25,72,72
2020-12-26,72,72
2020-12-27,72,72
2020-12-28,72,72
2020-12-29,68,72
2020-12-30,68,69
2020-12-31,68,68
2021-01-01,68,68
2021-01-02,68,68
2021-01-03,68,68
2021-01-04,68,68
2021-01-05,71,78
2021-01-06,71,71
2021-01-07,79,79
2021-01-08,79,79
2021-01-09,79,79
2021-01-10,79,79
2021-01-11,79,79
2021-01-12,66,80
2021-01-13,65,66
2021-01-14,67,67
2021-01-15,67,67
2021-01-16,67,67
2021-01-17,67,67
2021-01-18,67,67
2021-01-19,68,78
2021-01-20,69,69
2021-01-21,74,74
2021-01-22,75,75
2021-01-23,75,75
2021-01-24,75,75
2021-01-25,75,75
2021-01-26,74,75
2021-01-27,74,75
2021-01-28,82,83
2021-01-29,81,82
2021-01-30,81,81
2021-01-31,80,81
2021-02-01,80,80
2021-02-02,80,91
2021-02-03,77,80
2021-02-04,83,83
2021-02-05,82,83
2021-02-06,82,82
2021-02-07,82,82
2021-02-08,82,82
2021-02-09,81,86
2021-02-10,82,82
2021-02-11,83,86
2021-02-12,84,88
2021-02-13,84,84
2021-02-14,84,84
2021-02-15,84,84
2021-02-16,84,84
2021-02-17,84,84
2021-02-18,84,84
2021-02-19,83,84
2021-02-20,83,83
2021-02-21,83,83
2021-02-22,83,83
2021-02-23,82,83
2021-02-24,82,82
2021-02-25,82,82
2021-02-26,81,82
2021-02-27,81,81
2021-02-28,81,81
2021-03-01,81,81
2021-03-02,79,81
2021-03-03,83,83
2021-03-04,83,83
2021-03-05,83,83
2021-03-06,83,83
2021-03-07,83,83
2021-03-08,83,83
2021-03-09,83,83
2021-03-10,84,84
2021-03-11,84,84
2021-03-12,85,85
2021-03-13,85,85
2021-03-14,85,85
2021-03-15,85,85
2021-03-16,79,85
2021-03-17,78,79
2021-03-18,77,78
2021-03-19,77,77
2021-03-20,77,77
2021-03-21,77,77
2021-03-22,76,77
2021-03-23,71,76
2021-03-24,71,71
2021-03-25,70,71
2021-03-26,71,71
2021-03-27,71,71
2021-03-28,71,71
2021-03-29,71,71
2021-03-30,71,71
2021-03-31,67,71
2021-04-01,67,67
2021-04-02,67,67
2021-04-03,67,67
2021-04-04,67,67
2021-04-05,67,67
2021-04-06,64,67
2021-04-07,63,64
2021-04-08,62,63
2021-04-09,62,62
2021-04-10,62,62
2021-04-11,62,62
2021-04-12,61,62
2021-04-13,60,62
2021-04-14,65,66
2021-04-15,64,65
2021-04-16,64,64
2021-04-17,64,64
2021-04-18,64,64
2021-04-19,62,64
2021-04-20,53,62
2021-04-21,147,150
2021-04-22,144,147
2021-04-23,143,144
2021-04-24,143,143
2021-04-25,143,143
2021-04-26,139,143
2021-04-27,138,139
2021-04-28,139,141
2021-04-29,137,139
2021-04-30,137,137
2021-05-01,137,137
2021-05-02,137,137
2021-05-03,135,137
2021-05-04,133,135
2021-05-05,132,133
2021-05-06,130,132
2021-05-07,130,131
2021-05-08,130,130
2021-05-09,130,130
2021-05-10,130,130
2021-05-11,128,131
2021-05-12,128,128
2021-05-13,131,131
2021-05-14,131,131
2021-05-15,131,131
2021-05-16,131,131
2021-05-17,131,131
2021-05-18,127,131
2021-05-19,126,127
2021-05-20,125,126
2021-05-21,123,125
2021-05-22,123,123
2021-05-23,123,123
2021-05-24,121,123
2021-05-25,122,124
2021-05-26,120,122
2021-05-27,120,120
2021-05-28,119,120
2021-05-29,119,119
2021-05-30,119,119
2021-05-31,119,119
2021-06-01,113,119
2021-06-02,110,113
2021-06-03,108,110
2021-06-04,107,108
2021-06-05,107,107
2021-06-06,107,107
2021-06-07,106,108
2021-06-08,143,146
2021-06-09,143,143
2021-06-10,141,143
2021-06-11,138,141
2021-06-12,138,138
2021-06-13,138,138
2021-06-14,137,138
2021-06-15,136,137
2021-06-16,135,137
2021-06-17,134,135
2021-06-18,134,134
2021-06-19,134,134
2021-06-20,134,134
2021-06-21,133,135
2021-06-22,128,133
2021-06-23,141,143
2021-06-24,149,151
2021-06-25,145,149
2021-06-26,145,145
2021-06-27,145,145
2021-06-28,143,145
2021-06-29,133,143
2021-06-30,133,133
2021-07-01,191,193
2021-07-02,190,191
2021-07-03,190,190
2021-07-04,190,190
2021-07-05,190,190
2021-07-06,177,190
2021-07-07,170,177
2021-07-08,165,170
2021-07-09,161,165
2021-07-10,161,161
2021-07-11,161,161
2021-07-12,161,161
2021-07-13,146,161
2021-07-14,141,146
2021-07-15,139,141
2021-07-16,135,139
2021-07-17,136,136
2021-07-18,136,136
2021-07-19,132,136
2021-07-20,130,133
2021-07-21,126,130
2021-07-22,125,126
2021-07-23,119,125
2021-07-24,119,119
2021-07-25,119,119
2021-07-26,112,119
2021-07-27,110,113
2021-07-28,107,110
2021-07-29,103,107
2021-07-30,100,103
2021-07-31,100,100
2021-08-01,100,100
2021-08-02,97,100
2021-08-03,87,97
2021-08-04,130,138
2021-08-05,128,130
2021-08-06,125,128
2021-08-07,125,125
2021-08-08,125,125
2021-08-09,123,125
2021-08-10,106,123
2021-08-11,103,106
2021-08-12,104,109
2021-08-13,102,104
2021-08-14,102,102
2021-08-15,102,102
2021-08-16,99,102
2021-08-17,88,99
2021-08-18,86,88
2021-08-19,86,86
2021-08-20,77,86
2021-08-21,78,78
2021-08-22,78,78
2021-08-23,76,78
2021-08-24,124,125
2021-08-25,122,124
2021-08-26,121,123
2021-08-27,118,122
2021-08-28,118,118
2021-08-29,118,118
2021-08-30,113,118
2021-08-31,108,113
2021-09-01,106,109
2021-09-02,100,106
2021-09-03,97,100
2021-09-04,97,97
2021-09-05,97,97
2021-09-06,97,97
2021-09-07,93,97
2021-09-08,89,93
2021-09-09,88,90
2021-09-10,86,88
2021-09-11,86,86
2021-09-12,86,86
2021-09-13,79,86
2021-09-14,77,79
2021-09-15,71,77
2021-09-16,71,71
2021-09-17,63,72
2021-09-18,63,63
2021-09-19,63,63
2021-09-20,62,64
2021-09-21,53,62
2021-09-22,51,53
2021-09-23,50,52
2021-09-24,49,50
2021-09-25,49,49
2021-09-26,49,49
2021-09-27,45,49
2021-09-28,44,45
2021-09-29,43,44
2021-09-30,43,43
2021-10-01,42,43
2021-10-02,42,42
2021-10-03,42,42
2021-10-04,40,42
2021-10-05,34,40
2021-10-06,35,35
2021-10-07,83,83
2021-10-08,80,83
2021-10-09,80,80
2021-10-10,80,80
2021-10-11,80,80
2021-10-12,72,81
2021-10-13,67,72
2021-10-14,67,67
2021-10-15,66,67
2021-10-16,66,66
2021-10-17,66,66
2021-10-18,66,66
2021-10-19,63,66
2021-10-20,63,63
2021-10-21,63,63
2021-10-22,61,63
2021-10-23,61,61
2021-10-24,61,61
2021-10-25,61,61
2021-10-26,60,61
2021-10-27,59,60
2021-10-28,55,59
2021-10-29,51,55
2021-10-30,51,51
2021-10-31,51,51
2021-11-01,51,51
2021-11-02,90,92
2021-11-03,85,90
2021-11-04,84,85
2021-11-05,80,84
2021-11-06,80,80
2021-11-07,80,80
2021-11-08,75,80
2021-11-09,75,75
2021-11-10,73,75
2021-11-11,73,73
2021-11-12,72,73
2021-11-13,72,72
2021-11-14,72,72
2021-11-15,70,72
2021-11-16,70,71
2021-11-17,70,70
2021-11-18,66,70
2021-11-19,63,66
2021-11-20,63,63
2021-11-21,63,63
2021-11-22,60,63
2021-11-23,52,60
2021-11-24,52,53
2021-11-25,52,52
2021-11-26,52,52
2021-11-27,52,52
2021-11-28,51,52
2021-11-29,51,51
2021-11-30,49,52
2021-12-01,46,49
2021-12-02,44,46
2021-12-03,43,44
2021-12-04,43,43
2021-12-05,43,43
2021-12-06,43,43
2021-12-07,37,43
2021-12-08,78,78
2021-12-09,77,78
2021-12-10,77,78
2021-12-11,78,78
2021-12-12,78,78
2021-12-13,74,78
2021-12-14,72,74
2021-12-15,72,72
2021-12-16,72,72
2021-12-17,62,72
2021-12-18,62,62
2021-12-19,62,62
2021-12-20,61,62
2021-12-21,59,61
2021-12-22,47,59
2021-12-23,48,48
2021-12-24,48,48
2021-12-25,48,48
2021-12-26,48,48
2021-12-27,48,48
2021-12-28,46,48
2021-12-29,45,46
2021-12-30,44,45
2021-12-31,44,44
2022-01-01,44,44
2022-01-02,44,44
2022-01-03,44,44
2022-01-04,41,44
2022-01-05,41,41
2022-01-06,40,41
2022-01-07,40,41
2022-01-08,40,40
2022-01-09,40,40
2022-01-10,32,40
2022-01-11,29,32
2022-01-12,26,29
2022-01-13,25,26
2022-01-14,25,26
2022-01-15,25,25
2022-01-16,25,25
2022-01-17,25,25
2022-01-18,11,25
2022-01-19,11,11
2022-01-20,8,11
2022-01-21,8,8
2022-01-22,8,8
2022-01-23,8,8
2022-01-24,8,8
2022-01-25,6,8
2022-01-26,6,6
2022-01-27,6,6
2022-01-28,75,76
2022-01-29,75,75
2022-01-30,75,75
2022-01-31,76,76
2022-02-01,74,76
2022-02-02,74,74
2022-02-03,74,74
2022-02-04,75,75
2022-02-05,75,75
2022-02-06,75,75
2022-02-07,74,75
2022-02-08,75,75
2022-02-09,72,76
2022-02-10,68,72
2022-02-11,61,68
2022-02-12,61,61
2022-02-13,61,61
2022-02-14,58,62
2022-02-15,48,58
2022-02-16,36,49
2022-02-17,34,37
2022-02-18,34,34
2022-02-19,34,34
2022-02-20,34,34
2022-02-21,34,34
2022-02-22,33,34
2022-02-23,34,34
2022-02-24,23,34
2022-02-25,20,23
2022-02-26,20,20
2022-02-27,20,20
2022-02-28,15,20
2022-03-01,12,15
2022-03-02,13,14
2022-03-03,13,13
2022-03-04,13,13
2022-03-05,13,13
2022-03-06,13,13
2022-03-07,13,13
2022-03-08,35,36
2022-03-09,37,39
2022-03-10,35,38
2022-03-11,34,35
2022-03-12,34,34
2022-03-13,34,34
2022-03-14,34,34
2022-03-15,34,36
2022-03-16,32,35
2022-03-17,31,32
2022-03-18,31,31
2022-03-19,31,31
2022-03-20,31,31
2022-03-21,30,31
2022-03-22,27,30
2022-03-23,26,27
2022-03-24,26,26
2022-03-25,25,26
2022-03-26,38,38
2022-03-27,38,38
2022-03-28,36,38
2022-03-29,36,36
2022-03-30,37,39
2022-03-31,37,37
2022-04-01,37,37
2022-04-02,37,37
2022-04-03,37,37
2022-04-04,36,37
2022-04-05,48,48
2022-04-06,46,48
2022-04-07,47,47
2022-04-08,45,47
2022-04-09,45,45
2022-04-10,45,45
2022-04-11,45,45
2022-04-12,46,46
2022-04-13,46,46
2022-04-14,45,46
2022-04-15,46,46
2022-04-16,46,46
2022-04-17,46,46
2022-04-18,46,46
2022-04-19,44,46
2022-04-20,43,44
2022-04-21,44,46
2022-04-22,41,44
2022-04-23,41,41
2022-04-24,41,41
2022-04-25,40,41
2022-04-26,40,42
2022-04-27,39,40
2022-04-28,39,40
2022-04-29,39,39
2022-04-30,39,39
2022-05-01,39,39
2022-05-02,39,39
2022-05-03,74,75
2022-05-04,73,74
2022-05-05,72,73
2022-05-06,71,72
2022-05-07,71,71
2022-05-08,71,71
2022-05-09,70,71
2022-05-10,69,70
2022-05-11,66,69
2022-05-12,66,66
2022-05-13,66,67
2022-05-14,66,66
2022-05-15,66,66
2022-05-16,66,66
2022-05-17,59,66
2022-05-18,57,59
2022-05-19,57,58
2022-05-20,52,58
2022-05-21,52,52
2022-05-22,52,52
2022-05-23,53,53
2022-05-24,93,94
2022-05-25,88,94
2022-05-26,80,90
2022-05-27,75,80
2022-05-28,75,75
2022-05-29,75,75
2022-05-30,75,75
2022-05-31,66,75
2022-06-01,60,66
2022-06-02,93,100
2022-06-03,88,93
2022-06-04,88,88
2022-06-05,88,88
2022-06-06,83,88
2022-06-07,66,83
2022-06-08,55,66
2022-06-09,42,56
2022-06-10,31,42
2022-06-11,31,31
2022-06-12,31,31
2022-06-13,29,32
2022-06-14,26,30
2022-06-15,25,26
2022-06-16,25,25
2022-06-17,26,26
2022-06-18,26,26
2022-06-19,26,26
2022-06-20,26,26
2022-06-21,23,26
2022-06-22,23,23
2022-06-23,81,83
2022-06-24,76,81
2022-06-25,76,76
2022-06-26,76,76
2022-06-27,76,77
2022-06-28,74,76
2022-06-29,74,74
2022-06-30,74,74
2022-07-01,77,79
2022-07-02,77,77
2022-07-03,77,77
2022-07-04,77,77
2022-07-05,73,77
2022-07-06,73,73
2022-07-07,67,79
2022-07-08,67,68
2022-07-09,67,67
2022-07-10,67,67
2022-07-11,56,67
2022-07-12,47,58
2022-07-13,46,47
2022-07-14,48,49
2022-07-15,47,49
2022-07-16,47,47
2022-07-17,47,47
2022-07-18,44,48
2022-07-19,33,45
2022-07-20,33,33
2022-07-21,31,36
2022-07-22,29,31
2022-07-23,29,29
2022-07-24,29,29
2022-07-25,29,29
2022-07-26,22,29
2022-07-27,21,22
2022-07-28,22,22
2022-07-29,22,23
2022-07-30,22,22
2022-07-31,22,22
2022-08-01,21,22
2022-08-02,21,25
2022-08-03,21,21
2022-08-04,22,23
2022-08-05,22,22
2022-08-06,22,22
2022-08-07,22,22
2022-08-08,22,22
2022-08-09,20,22
2022-08-10,20,20
2022-08-11,21,21
2022-08-12,21,21
2022-08-13,21,21
2022-08-14,21,21
2022-08-15,21,21
2022-08-16,16,21
2022-08-17,25,25
2022-08-18,87,87
2022-08-19,84,87
2022-08-20,84,84
2022-08-21,84,84
2022-08-22,85,85
2022-08-23,79,85
2022-08-24,78,79
2022-08-25,84,84
2022-08-26,73,84
2022-08-27,73,73
2022-08-28,73,73
2022-08-29,71,73
2022-08-30,70,71
2022-08-31,60,70
2022-09-01,60,60
2022-09-02,59,60
2022-09-03,59,59
2022-09-04,59,59
2022-09-05,59,59
2022-09-06,59,59
2022-09-07,59,59
2022-09-08,60,60
2022-09-09,59,60
2022-09-10,59,59
2022-09-11,59,59
2022-09-12,57,59
2022-09-13,51,57
2022-09-14,51,51
2022-09-15,52,52
2022-09-16,52,52
2022-09-17,52,52
2022-09-18,52,52
2022-09-19,52,52
2022-09-20,60,60
2022-09-21,52,60
2022-09-22,53,53
2022-09-23,40,53
2022-09-24,40,40
2022-09-25,40,40
2022-09-26,41,41
2022-09-27,39,42
2022-09-28,37,39
2022-09-29,30,38
2022-09-30,29,30
2022-10-01,29,29
2022-10-02,29,29
2022-10-03,25,29
2022-10-04,24,25
2022-10-05,23,24
2022-10-06,23,23
2022-10-07,23,23
2022-10-08,23,23
2022-10-09,23,23
2022-10-10,23,23
2022-10-11,18,24
2022-10-12,19,19
2022-10-13,20,20
2022-10-14,17,20
2022-10-15,17,17
2022-10-16,17,17
2022-10-17,86,87
2022-10-18,85,86
2022-10-19,84,85
2022-10-20,84,84
2022-10-21,83,87
2022-10-22,83,83
2022-10-23,83,83
2022-10-24,78,85
2022-10-25,64,78
2022-10-26,56,66
2022-10-27,53,59
2022-10-28,51,53
2022-10-29,51,51
2022-10-30,51,51
2022-10-31,52,53
2022-11-01,47,52
2022-11-02,45,48
2022-11-03,45,49
2022-11-04,39,45
2022-11-05,39,39
2022-11-06,39,39
2022-11-07,71,73
2022-11-08,63,73
2022-11-09,71,76
2022-11-10,70,74
2022-11-11,70,70
2022-11-12,70,70
2022-11-13,70,70
2022-11-14,72,74
2022-11-15,68,72
2022-11-16,83,83
2022-11-17,82,84
2022-11-18,81,82
2022-11-19,81,81
2022-11-20,81,81
2022-11-21,81,81
2022-11-22,65,81
2022-11-23,65,66
2022-11-24,65,65
2022-11-25,65,65
2022-11-26,65,65
2022-11-27,65,65
2022-11-28,63,65
2022-11-29,60,63
2022-11-30,60,61
2022-12-01,59,60
2022-12-02,59,59
2022-12-03,59,59
2022-12-04,59,59
2022-12-05,60,60
2022-12-06,54,61
2022-12-07,51,54
2022-12-08,50,51
2022-12-09,54,54
2022-12-10,54,54
2022-12-11,54,54
2022-12-12,55,55
2022-12-13,41,55
2022-12-14,50,50
2022-12-15,49,50
2022-12-16,58,58
2022-12-17,58,58
2022-12-18,58,58
2022-12-19,63,63
2022-12-20,57,63
2022-12-21,65,65
2022-12-22,63,65
2022-12-23,65,66
2022-12-24,65,65
2022-12-25,65,65
2022-12-26,65,65
2022-12-27,56,67
2022-12-28,60,60
2022-12-29,70,70
2022-12-30,75,75
2022-12-31,75,75
2023-01-01,75,75
2023-01-02,75,75
2023-01-03,63,78
2023-01-04,69,69
2023-01-05,71,71
2023-01-06,69,71
2023-01-07,69,69
2023-01-08,69,69
2023-01-09,69,70
2023-01-10,134,150
2023-01-11,137,138
2023-01-12,136,137
2023-01-13,136,136
2023-01-14,136,136
2023-01-15,136,136
2023-01-16,136,136
2023-01-17,120,138
2023-01-18,123,125
2023-01-19,122,123
2023-01-20,122,122
2023-01-21,122,122
2023-01-22,122,122
2023-01-23,120,122
2023-01-24,109,120
2023-01-25,120,122
2023-01-26,119,120
2023-01-27,121,122
2023-01-28,121,121
2023-01-29,121,121
2023-01-30,121,121
2023-01-31,105,122
2023-02-01,119,120
2023-02-02,119,119
2023-02-03,119,120
2023-02-04,119,119
2023-02-05,119,119
2023-02-06,122,123
2023-02-07,107,124
2023-02-08,114,114
2023-02-09,113,114
2023-02-10,113,115
2023-02-11,113,113
2023-02-12,113,113
2023-02-13,114,114
2023-02-14,114,115
2023-02-15,112,135
2023-02-16,111,112
2023-02-17,115,116
2023-02-18,115,115
2023-02-19,115,115
2023-02-20,115,115
2023-02-21,100,115
2023-02-22,102,102
2023-02-23,114,114
2023-02-24,126,127
2023-02-25,126,126
2023-02-26,126,126
2023-02-27,127,128
2023-02-28,118,127
2023-03-01,121,121
2023-03-02,120,121
2023-03-03,120,123
2023-03-04,120,120
2023-03-05,120,120
2023-03-06,120,121
2023-03-07,91,120
2023-03-08,111,112
2023-03-09,114,114
2023-03-10,122,122
2023-03-11,122,122
2023-03-12,122,122
2023-03-13,122,122
2023-03-14,95,123
2023-03-15,108,109
2023-03-16,108,108
2023-03-17,112,113
2023-03-18,112,112
2023-03-19,112,112
2023-03-20,113,115
2023-03-21,112,114
2023-03-22,119,127
2023-03-23,120,120
2023-03-24,130,130
2023-03-25,130,130
2023-03-26,130,130
2023-03-27,133,134
2023-03-28,105,133
2023-03-29,117,117
2023-03-30,116,117
2023-03-31,126,126
2023-04-01,126,126
2023-04-02,126,126
2023-04-03,127,128
2023-04-04,116,130
2023-04-05,118,120
2023-04-06,126,126
2023-04-07,129,130
2023-04-08,129,129
2023-04-09,129,129
2023-04-10,127,129
2023-04-11,104,128
2023-04-12,122,122
2023-04-13,123,123
2023-04-14,133,133
2023-04-15,135,135
2023-04-16,135,135
2023-04-17,140,140
2023-04-18,112,140
2023-04-19,128,128
2023-04-20,133,134
2023-04-21,140,140
2023-04-22,140,140
2023-04-23,140,140
2023-04-24,142,142
2023-04-25,119,142
2023-04-26,119,119
2023-04-27,134,136
2023-04-28,137,138
2023-04-29,137,137
2023-04-30,137,137
2023-05-01,227,227
2023-05-02,204,228
2023-05-03,207,211
2023-05-04,231,232
2023-05-05,232,232
2023-05-06,232,232
2023-05-07,232,232
2023-05-08,237,237
2023-05-09,199,237
2023-05-10,199,199
2023-05-11,214,214
2023-05-12,214,214
2023-05-13,214,214
2023-05-14,214,214
2023-05-15,217,218
2023-05-16,177,217
2023-05-17,179,181
2023-05-18,192,193
2023-05-19,204,205
2023-05-20,204,204
2023-05-21,204,204
2023-05-22,204,204
2023-05-23,171,204
2023-05-24,168,171
2023-05-25,180,181
2023-05-26,184,184
2023-05-27,184,184
2023-05-28,184,184
2023-05-29,184,184
2023-05-30,173,209
2023-05-31,168,173
2023-06-01,177,178
2023-06-02,181,184
2023-06-03,181,181
2023-06-04,181,181
2023-06-05,183,185
2023-06-06,143,183
2023-06-07,136,143
2023-06-08,144,145
2023-06-09,144,145
2023-06-10,144,144
2023-06-11,144,144
2023-06-12,147,147
2023-06-13,114,148
2023-06-14,114,114
2023-06-15,133,133
2023-06-16,132,134
2023-06-17,132,132
2023-06-18,132,132
2023-06-19,132,132
2023-06-20,125,140
2023-06-21,125,125
2023-06-22,144,144
2023-06-23,149,150
2023-06-24,149,149
2023-06-25,149,149
2023-06-26,155,157
2023-06-27,227,235
2023-06-28,227,227
2023-06-29,235,236
2023-06-30,235,235
2023-07-01,235,235
2023-07-02,235,235
2023-07-03,237,244
2023-07-04,237,237
2023-07-05,211,237
2023-07-06,194,215
2023-07-07,183,194
2023-07-08,183,183
2023-07-09,183,183
2023-07-10,169,189
2023-07-11,131,169
2023-07-12,130,131
2023-07-13,149,152
2023-07-14,148,150
2023-07-15,148,148
2023-07-16,148,148
2023-07-17,147,148
2023-07-18,122,147
2023-07-19,121,122
2023-07-20,139,140
2023-07-21,139,140
2023-07-22,139,139
2023-07-23,139,139
2023-07-24,139,142
2023-07-25,126,140
2023-07-26,127,128
2023-07-27,145,145
2023-07-28,143,146
2023-07-29,143,143
2023-07-30,143,143
2023-07-31,205,236
2023-08-01,180,205
2023-08-02,182,182
2023-08-03,181,185
2023-08-04,183,184
2023-08-05,183,183
2023-08-06,183,183
2023-08-07,188,188
2023-08-08,176,188
2023-08-09,161,176
2023-08-10,176,176
2023-08-11,177,177
2023-08-12,177,177
2023-08-13,177,177
2023-08-14,178,178
2023-08-15,165,181
2023-08-16,165,165
2023-08-17,183,183
2023-08-18,182,184
2023-08-19,182,182
2023-08-20,182,182
2023-08-21,192,192
2023-08-22,181,192
2023-08-23,168,181
2023-08-24,185,186
2023-08-25,175,187
2023-08-26,175,175
2023-08-27,176,176
2023-08-28,180,180
2023-08-29,159,180
2023-08-30,158,159
2023-08-31,164,167
2023-09-01,163,164
2023-09-02,163,163
2023-09-03,163,163
2023-09-04,163,163
2023-09-05,143,168
2023-09-06,142,143
2023-09-07,161,162
2023-09-08,202,203
2023-09-09,202,202
2023-09-10,202,202
2023-09-11,204,206
2023-09-12,188,208
2023-09-13,189,189
2023-09-14,208,209
2023-09-15,208,209
2023-09-16,208,208
2023-09-17,208,208
2023-09-18,211,211
2023-09-19,193,212
2023-09-20,193,195
2023-09-21,204,206
2023-09-22,205,205
2023-09-23,205,205
2023-09-24,205,205
2023-09-25,206,206
2023-09-26,198,213
2023-09-27,198,200
2023-09-28,219,219
2023-09-29,219,219
2023-09-30,218,219
2023-10-01,218,218
2023-10-02,224,224
2023-10-03,190,224
2023-10-04,192,192
2023-10-05,204,204
2023-10-06,203,204
2023-10-07,203,203
2023-10-08,203,203
2023-10-09,204,204
2023-10-10,183,206
2023-10-11,181,184
2023-10-12,174,194
2023-10-13,163,175
2023-10-14,163,163
2023-10-15,163,163
2023-10-16,163,164
2023-10-17,204,225
2023-10-18,201,204
2023-10-19,212,213
2023-10-20,209,212
2023-10-21,209,209
2023-10-22,209,209
2023-10-23,209,210
2023-10-24,195,213
2023-10-25,198,199
2023-10-26,204,204
2023-10-27,203,204
2023-10-28,203,203
2023-10-29,204,204
2023-10-30,203,205
2023-10-31,169,208
2023-11-01,169,169
2023-11-02,183,183
2023-11-03,185,185
2023-11-04,185,185
2023-11-05,185,185
2023-11-06,184,185
2023-11-07,197,214
2023-11-08,178,199
2023-11-09,195,195
2023-11-10,197,197
2023-11-11,197,197
2023-11-12,197,197
2023-11-13,198,198
2023-11-14,180,202
2023-11-15,183,183
2023-11-16,197,198
2023-11-17,200,200
2023-11-18,200,200
2023-11-19,200,200
2023-11-20,199,202
2023-11-21,186,207
2023-11-22,180,190
2023-11-23,180,180
2023-11-24,185,186
2023-11-25,185,185
2023-11-26,185,185
2023-11-27,183,185
2023-11-28,167,190
2023-11-29,168,168
2023-11-30,175,175
2023-12-01,176,176
2023-12-02,179,179
2023-12-03,179,179
2023-12-04,179,179
2023-12-05,163,189
2023-12-06,152,163
2023-12-07,173,174
2023-12-08,173,173
2023-12-09,173,173
2023-12-10,224,224
2023-12-11,223,224
2023-12-12,207,229
2023-12-13,208,208
2023-12-14,224,228
2023-12-15,223,224
2023-12-16,223,223
2023-12-17,223,223
2023-12-18,223,223
2023-12-19,247,266
2023-12-20,223,247
2023-12-21,228,228
2023-12-22,234,235
2023-12-23,234,234
2023-12-24,234,234
2023-12-25,234,234
2023-12-26,208,234
2023-12-27,208,208
2023-12-28,210,211
2023-12-29,208,210
2023-12-30,208,208
2023-12-31,208,208
2024-01-01,208,208
2024-01-02,180,210
2024-01-03,180,181
2024-01-04,234,234
2024-01-05,230,234
2024-01-06,230,230
2024-01-07,230,230
2024-01-08,230,230
2024-01-09,212,231
2024-01-10,211,212
2024-01-11,216,217
2024-01-12,208,216
2024-01-13,208,208
2024-01-14,208,208
2024-01-15,208,208
2024-01-16,196,212
2024-01-17,196,197
2024-01-18,226,226
2024-01-19,226,227
2024-01-20,226,226
2024-01-21,226,226
2024-01-22,225,226
2024-01-23,225,252
2024-01-24,224,225
2024-01-25,240,240
2024-01-26,238,240
2024-01-27,238,238
2024-01-28,238,238
2024-01-29,238,238
2024-01-30,233,247
2024-01-31,232,233
2024-02-01,245,245
2024-02-02,245,245
2024-02-03,245,245
2024-02-04,245,245
2024-02-05,243,245
2024-02-06,226,248
2024-02-07,231,231
2024-02-08,241,241
2024-02-09,240,242
2024-02-10,240,240
2024-02-11,240,240
2024-02-12,236,240
2024-02-13,222,243
2024-02-14,221,222
2024-02-15,239,240
2024-02-16,239,240
2024-02-17,239,239
2024-02-18,239,239
2024-02-19,239,239
2024-02-20,219,245
2024-02-21,217,220
2024-02-22,233,233
2024-02-23,234,236
2024-02-24,234,234
2024-02-25,234,234
2024-02-26,234,236
2024-02-27,215,238
2024-02-28,218,218
2024-02-29,226,229
2024-03-01,223,226
2024-03-02,223,223
2024-03-03,223,223
2024-03-04,222,223
2024-03-05,207,231
2024-03-06,207,207
2024-03-07,233,233
2024-03-08,233,233
2024-03-09,233,233
2024-03-10,233,233
2024-03-11,231,233
2024-03-12,222,247
2024-03-13,207,223
2024-03-14,231,233
2024-03-15,233,233
2024-03-16,233,233
2024-03-17,233,233
2024-03-18,232,233
2024-03-19,207,239
2024-03-20,204,207
2024-03-21,237,237
2024-03-22,227,237
2024-03-23,227,227
2024-03-24,227,227
2024-03-25,225,229
2024-03-26,195,228
2024-03-27,190,198
2024-03-28,196,200
2024-03-29,194,196
2024-03-30,194,194
2024-03-31,194,194
2024-04-01,194,195
2024-04-02,174,198
2024-04-03,171,175
2024-04-04,194,195
2024-04-05,191,195
2024-04-06,191,191
2024-04-07,191,191
2024-04-08,175,192
2024-04-09,162,186
2024-04-10,167,167
2024-04-11,194,196
2024-04-12,188,195
2024-04-13,188,188
2024-04-14,188,188
2024-04-15,190,191
2024-04-16,172,199
2024-04-17,175,176
2024-04-18,195,196
2024-04-19,193,195
2024-04-20,193,193
2024-04-21,193,193
2024-04-22,223,225
2024-04-23,209,228
2024-04-24,189,213
2024-04-25,208,208
2024-04-26,206,208
2024-04-27,206,206
2024-04-28,206,206
2024-04-29,206,206
2024-04-30,195,217
2024-05-01,194,195
2024-05-02,204,204
2024-05-03,204,204
2024-05-04,204,204
2024-05-05,204,204
2024-05-06,205,206
2024-05-07,207,222
2024-05-08,195,207
2024-05-09,214,215
2024-05-10,209,215
2024-05-11,209,209
2024-05-12,209,209
2024-05-13,208,211
2024-05-14,187,210
2024-05-15,186,188
2024-05-16,194,194
2024-05-17,233,236
2024-05-18,233,233
2024-05-19,233,233
2024-05-20,230,234
2024-05-21,210,231
2024-05-22,212,213
2024-05-23,239,241
2024-05-24,240,241
2024-05-25,240,240
2024-05-26,240,240
2024-05-27,240,240
2024-05-28,223,244
2024-05-29,223,225
2024-05-30,230,233
2024-05-31,230,231
2024-06-01,230,230
2024-06-02,230,230
2024-06-03,231,231
2024-06-04,220,244
2024-06-05,223,225
2024-06-06,235,235
2024-06-07,248,249
2024-06-08,248,248
2024-06-09,248,248
2024-06-10,250,250
2024-06-11,233,263
2024-06-12,232,234
2024-06-13,240,242
2024-06-14,240,242
2024-06-15,240,240
2024-06-16,240,240
2024-06-17,228,241
2024-06-18,213,239
2024-06-19,213,213
2024-06-20,226,229
2024-06-21,225,226
2024-06-22,225,225
2024-06-23,225,225
2024-06-24,225,225
2024-06-25,201,230
2024-06-26,200,201
2024-06-27,200,202
2024-06-28,198,200
2024-06-29,198,198
2024-06-30,198,198
2024-07-01,197,198
2024-07-02,181,208
2024-07-03,190,191
2024-07-04,190,190
2024-07-05,195,196
2024-07-06,195,195
2024-07-07,195,195
2024-07-08,195,196
2024-07-09,193,204
2024-07-10,192,193
2024-07-11,200,200
2024-07-12,200,201
2024-07-13,200,200
2024-07-14,200,200
2024-07-15,198,200
2024-07-16,200,225
2024-07-17,198,200
2024-07-18,211,212
2024-07-19,217,217
2024-07-20,217,217
2024-07-21,217,217
2024-07-22,217,218
2024-07-23,210,229
2024-07-24,210,211
2024-07-25,229,229
2024-07-26,230,231
2024-07-27,230,230
2024-07-28,230,230
2024-07-29,229,231
2024-07-30,210,238
2024-07-31,210,211
2024-08-01,213,216
2024-08-02,213,213
2024-08-03,213,213
2024-08-04,213,213
2024-08-05,213,213
2024-08-06,189,223
2024-08-07,187,190
2024-08-08,197,197
2024-08-09,195,197
2024-08-10,195,195
2024-08-11,195,195
2024-08-12,194,195
2024-08-13,180,203
2024-08-14,181,182
2024-08-15,188,189
2024-08-16,186,188
2024-08-17,186,186
2024-08-18,215,215
2024-08-19,214,216
2024-08-20,206,225
2024-08-21,207,208
2024-08-22,213,214
2024-08-23,213,214
2024-08-24,213,213
2024-08-25,213,213
2024-08-26,216,216
2024-08-27,197,219
2024-08-28,200,201
2024-08-29,224,224
2024-08-30,223,225
2024-08-31,223,223
2024-09-01,223,223
2024-09-02,223,223
2024-09-03,205,224
2024-09-04,212,213
2024-09-05,214,215
2024-09-06,214,216
2024-09-07,214,214
2024-09-08,214,214
2024-09-09,212,214
2024-09-10,185,214
2024-09-11,184,185
2024-09-12,190,190
2024-09-13,187,190
2024-09-14,187,187
2024-09-15,187,187
2024-09-16,186,187
2024-09-17,177,205
2024-09-18,177,179
2024-09-19,185,188
2024-09-20,184,185
2024-09-21,185,185
2024-09-22,186,186
2024-09-23,187,188
2024-09-24,191,199
2024-09-25,191,192
2024-09-26,196,199
2024-09-27,197,199
2024-09-28,204,204
2024-09-29,204,204
2024-09-30,204,205
2024-10-01,179,204
2024-10-02,179,179
2024-10-03,191,192
2024-10-04,232,232
2024-10-05,232,232
2024-10-06,232,232
2024-10-07,231,232
2024-10-08,222,231
2024-10-09,222,222
2024-10-10,226,227
2024-10-11,226,226
2024-10-12,226,226
2024-10-13,226,226
2024-10-14,226,226
2024-10-15,226,237
2024-10-16,226,226
2024-10-17,244,244
2024-10-18,245,246
2024-10-19,245,245
2024-10-20,245,245
2024-10-21,245,247
2024-10-22,226,256
2024-10-23,223,227
2024-10-24,238,240
2024-10-25,235,238
2024-10-26,235,235
2024-10-27,235,235
2024-10-28,237,237
2024-10-29,216,250
2024-10-30,216,216
2024-10-31,233,234
2024-11-01,233,233
2024-11-02,233,233
2024-11-03,233,233
2024-11-04,230,233
2024-11-05,271,299
2024-11-06,271,272
2024-11-07,257,278
2024-11-08,257,259
2024-11-09,257,257
2024-11-10,257,257
2024-11-11,257,257
2024-11-12,230,259
2024-11-13,230,231
2024-11-14,236,236
2024-11-15,236,237
2024-11-16,236,236
2024-11-17,236,236
2024-11-18,236,236
2024-11-19,223,245
2024-11-20,221,223
2024-11-21,241,241
2024-11-22,238,241
2024-11-23,238,238
2024-11-24,238,238
2024-11-25,241,241
2024-11-26,228,255
2024-11-27,227,228
2024-11-28,227,227
2024-11-29,230,230
2024-11-30,230,230
2024-12-01,230,230
2024-12-02,230,232
2024-12-03,218,236
2024-12-04,219,219
2024-12-05,242,242
2024-12-06,243,245
2024-12-07,243,243
2024-12-08,243,243
2024-12-09,243,244
2024-12-10,217,247
2024-12-11,215,217
2024-12-12,227,227
2024-12-13,226,228
2024-12-14,226,226
2024-12-15,226,226
2024-12-16,225,227
2024-12-17,225,244
2024-12-18,225,226
2024-12-19,236,238
2024-12-20,235,236
2024-12-21,235,235
2024-12-22,235,235
2024-12-23,234,238
2024-12-24,218,245
2024-12-25,218,218
2024-12-26,217,218
2024-12-27,226,229
2024-12-28,226,226
2024-12-29,226,226
2024-12-30,224,227
2024-12-31,216,231
2025-01-01,216,216
2025-01-02,230,234
2025-01-03,230,231
2025-01-04,230,230
2025-01-05,230,230
2025-01-06,231,231
2025-01-07,235,245
2025-01-08,216,237
2025-01-09,216,216
2025-01-10,235,238
2025-01-11,235,235
2025-01-12,235,235
2025-01-13,234,235
2025-01-14,231,246
2025-01-15,240,240
2025-01-16,266,267
2025-01-17,263,268
2025-01-18,263,263
2025-01-19,263,263
2025-01-20,263,263
2025-01-21,231,286
2025-01-22,231,232
2025-01-23,240,241
2025-01-24,243,243
2025-01-25,253,253
2025-01-26,273,273
2025-01-27,278,279
2025-01-28,259,305
2025-01-29,264,272
2025-01-30,289,297
2025-01-31,290,291
2025-02-01,304,313
2025-02-02,304,304
2025-02-03,306,307
2025-02-04,269,341
2025-02-05,269,273
2025-02-06,306,310
2025-02-07,298,318
2025-02-08,314,314
2025-02-09,315,315
2025-02-10,323,327
2025-02-11,326,353
2025-02-12,313,334
2025-02-13,328,329
2025-02-14,314,334
2025-02-15,314,314
2025-02-16,294,314
2025-02-17,309,309
