Date,Midnight population,24-hour population
2008-10-01,960,"1,036"
2008-10-02,973,984
2008-10-03,952,979
2008-10-04,938,970
2008-10-05,938,938
2008-10-06,899,938
2008-10-07,863,900
2008-10-08,848,904
2008-10-09,831,849
2008-10-10,748,832
2008-10-11,750,750
2008-10-12,756,756
2008-10-13,758,759
2008-10-14,772,774
2008-10-15,913,914
2008-10-16,875,918
2008-10-17,872,875
2008-10-18,872,872
2008-10-19,872,872
2008-10-20,854,872
2008-10-21,838,854
2008-10-22,892,908
2008-10-23,880,908
2008-10-24,877,929
2008-10-25,876,877
2008-10-26,874,876
2008-10-27,889,900
2008-10-28,844,889
2008-10-29,860,895
2008-10-30,812,860
2008-10-31,777,816
2008-11-01,777,777
2008-11-02,777,777
2008-11-03,758,778
2008-11-04,744,760
2008-11-05,823,854
2008-11-06,797,824
2008-11-07,739,797
2008-11-08,851,851
2008-11-09,855,855
2008-11-10,840,857
2008-11-11,844,846
2008-11-12,945,959
2008-11-13,915,958
2008-11-14,954,979
2008-11-15,954,954
2008-11-16,954,954
2008-11-17,916,961
2008-11-18,935,951
2008-11-19,918,966
2008-11-20,882,919
2008-11-21,812,882
2008-11-22,812,812
2008-11-23,815,815
2008-11-24,884,931
2008-11-25,880,902
2008-11-26,825,885
2008-11-27,825,825
2008-11-28,828,834
2008-11-29,828,828
2008-11-30,828,828
2008-12-01,822,837
2008-12-02,837,847
2008-12-03,897,914
2008-12-04,878,902
2008-12-05,936,956
2008-12-06,951,952
2008-12-07,951,951
2008-12-08,937,973
2008-12-09,897,949
2008-12-10,869,898
2008-12-11,823,869
2008-12-12,784,823
2008-12-13,785,785
2008-12-14,787,787
2008-12-15,740,788
2008-12-16,764,810
2008-12-17,763,877
2008-12-18,742,772
2008-12-19,836,860
2008-12-20,842,843
2008-12-21,842,842
2008-12-22,947,954
2008-12-23,938,962
2008-12-24,981,983
2008-12-25,981,981
2008-12-26,980,981
2008-12-27,979,980
2008-12-28,979,979
2008-12-29,974,994
2008-12-30,964,983
2008-12-31,970,972
2009-01-01,970,970
2009-01-02,954,976
2009-01-03,958,959
2009-01-04,958,958
2009-01-05,927,973
2009-01-06,867,927
2009-01-07,830,872
2009-01-08,777,838
2009-01-09,725,778
2009-01-10,768,768
2009-01-11,774,774
2009-01-12,756,777
2009-01-13,752,757
2009-01-14,778,847
2009-01-15,767,781
2009-01-16,830,842
2009-01-17,829,830
2009-01-18,829,829
2009-01-19,775,829
2009-01-20,762,775
2009-01-21,840,863
2009-01-22,812,855
2009-01-23,807,825
2009-01-24,921,923
2009-01-25,922,922
2009-01-26,907,953
2009-01-27,885,916
2009-01-28,835,892
2009-01-29,825,838
2009-01-30,769,840
2009-01-31,769,770
2009-02-01,769,769
2009-02-02,844,870
2009-02-03,844,858
2009-02-04,942,952
2009-02-05,926,942
2009-02-06,899,956
2009-02-07,972,972
2009-02-08,972,972
2009-02-09,969,984
2009-02-10,959,981
2009-02-11,943,970
2009-02-12,914,943
2009-02-13,942,966
2009-02-14,942,942
2009-02-15,942,942
2009-02-16,938,942
2009-02-17,908,946
2009-02-18,940,958
2009-02-19,913,965
2009-02-20,873,926
2009-02-21,873,873
2009-02-22,873,873
2009-02-23,875,887
2009-02-24,867,886
2009-02-25,864,879
2009-02-26,872,879
2009-02-27,836,875
2009-02-28,914,914
2009-03-01,922,922
2009-03-02,927,942
2009-03-03,913,955
2009-03-04,925,969
2009-03-05,895,944
2009-03-06,875,906
2009-03-07,875,875
2009-03-08,875,875
2009-03-09,860,882
2009-03-10,851,865
2009-03-11,848,869
2009-03-12,893,930
2009-03-13,887,901
2009-03-14,887,887
2009-03-15,887,887
2009-03-16,870,889
2009-03-17,861,903
2009-03-18,859,873
2009-03-19,853,871
2009-03-20,887,934
2009-03-21,887,887
2009-03-22,887,887
2009-03-23,873,889
2009-03-24,869,885
2009-03-25,812,869
2009-03-26,779,818
2009-03-27,789,798
2009-03-28,792,792
2009-03-29,792,792
2009-03-30,782,815
2009-03-31,755,817
2009-04-01,718,777
2009-04-02,690,719
2009-04-03,654,691
2009-04-04,656,656
2009-04-05,655,656
2009-04-06,625,656
2009-04-07,600,625
2009-04-08,648,667
2009-04-09,631,648
2009-04-10,724,751
2009-04-11,724,724
2009-04-12,724,724
2009-04-13,713,737
2009-04-14,726,743
2009-04-15,747,751
2009-04-16,750,771
2009-04-17,801,840
2009-04-18,888,888
2009-04-19,888,888
2009-04-20,906,918
2009-04-21,887,916
2009-04-22,937,956
2009-04-23,912,948
2009-04-24,932,943
2009-04-25,939,940
2009-04-26,939,939
2009-04-27,924,965
2009-04-28,927,938
2009-04-29,968,992
2009-04-30,949,990
2009-05-01,981,"1,025"
2009-05-02,992,992
2009-05-03,992,992
2009-05-04,999,"1,011"
2009-05-05,989,"1,007"
2009-05-06,952,999
2009-05-07,941,952
2009-05-08,920,944
2009-05-09,939,939
2009-05-10,939,939
2009-05-11,945,957
2009-05-12,944,961
2009-05-13,970,"1,007"
2009-05-14,966,994
2009-05-15,941,971
2009-05-16,962,962
2009-05-17,961,962
2009-05-18,905,961
2009-05-19,884,905
2009-05-20,882,940
2009-05-21,931,951
2009-05-22,929,944
2009-05-23,943,943
2009-05-24,943,943
2009-05-25,943,943
2009-05-26,887,945
2009-05-27,929,946
2009-05-28,907,941
2009-05-29,932,946
2009-05-30,991,991
2009-05-31,991,991
2009-06-01,988,"1,015"
2009-06-02,993,"1,007"
2009-06-03,961,"1,003"
2009-06-04,953,961
2009-06-05,983,"1,003"
2009-06-06,983,983
2009-06-07,983,983
2009-06-08,981,983
2009-06-09,899,987
2009-06-10,901,924
2009-06-11,910,914
2009-06-12,977,991
2009-06-13,979,980
2009-06-14,979,979
2009-06-15,967,979
2009-06-16,959,989
2009-06-17,907,959
2009-06-18,853,927
2009-06-19,841,887
2009-06-20,880,880
2009-06-21,880,880
2009-06-22,875,896
2009-06-23,920,943
2009-06-24,859,968
2009-06-25,894,909
2009-06-26,875,941
2009-06-27,902,902
2009-06-28,900,902
2009-06-29,878,900
2009-06-30,845,899
2009-07-01,871,911
2009-07-02,906,937
2009-07-03,976,976
2009-07-04,976,976
2009-07-05,973,976
2009-07-06,959,973
2009-07-07,977,991
2009-07-08,979,"1,001"
2009-07-09,996,"1,013"
2009-07-10,975,"1,002"
2009-07-11,986,986
2009-07-12,986,986
2009-07-13,873,987
2009-07-14,825,892
2009-07-15,855,866
2009-07-16,857,889
2009-07-17,848,891
2009-07-18,864,864
2009-07-19,864,864
2009-07-20,853,865
2009-07-21,897,915
2009-07-22,909,932
2009-07-23,903,965
2009-07-24,904,937
2009-07-25,910,923
2009-07-26,909,910
2009-07-27,896,910
2009-07-28,912,925
2009-07-29,874,948
2009-07-30,881,902
2009-07-31,904,908
2009-08-01,904,904
2009-08-02,903,904
2009-08-03,858,903
2009-08-04,880,898
2009-08-05,872,881
2009-08-06,874,889
2009-08-07,895,904
2009-08-08,895,895
2009-08-09,895,896
2009-08-10,"1,004","1,004"
2009-08-11,977,"1,007"
2009-08-12,931,977
2009-08-13,931,955
2009-08-14,900,931
2009-08-15,912,912
2009-08-16,912,912
2009-08-17,902,913
2009-08-18,912,943
2009-08-19,925,951
2009-08-20,935,970
2009-08-21,937,978
2009-08-22,929,944
2009-08-23,929,930
2009-08-24,923,929
2009-08-25,937,966
2009-08-26,885,940
2009-08-27,877,901
2009-08-28,851,877
2009-08-29,851,851
2009-08-30,851,851
2009-08-31,819,852
2009-09-01,801,826
2009-09-02,768,807
2009-09-03,739,769
2009-09-04,724,744
2009-09-05,723,742
2009-09-06,723,723
2009-09-07,702,723
2009-09-08,699,703
2009-09-09,710,722
2009-09-10,731,755
2009-09-11,738,764
2009-09-12,692,738
2009-09-13,692,692
2009-09-14,704,720
2009-09-15,725,746
2009-09-16,715,753
2009-09-17,726,746
2009-09-18,696,726
2009-09-19,696,696
2009-09-20,696,696
2009-09-21,693,696
2009-09-22,703,732
2009-09-23,703,727
2009-09-24,688,704
2009-09-25,693,725
2009-09-26,684,693
2009-09-27,684,684
2009-09-28,674,684
2009-09-29,660,709
2009-09-30,660,680
2009-10-01,660,675
2009-10-02,713,732
2009-10-03,733,733
2009-10-04,733,733
2009-10-05,742,748
2009-10-06,749,773
2009-10-07,740,775
2009-10-08,751,766
2009-10-09,799,808
2009-10-10,800,800
2009-10-11,800,800
2009-10-12,799,800
2009-10-13,781,802
2009-10-14,768,795
2009-10-15,776,796
2009-10-16,794,810
2009-10-17,794,794
2009-10-18,793,794
2009-10-19,765,794
2009-10-20,792,832
2009-10-21,775,793
2009-10-22,738,775
2009-10-23,730,759
2009-10-24,730,730
2009-10-25,729,730
2009-10-26,727,730
2009-10-27,719,774
2009-10-28,725,762
2009-10-29,759,771
2009-10-30,768,805
2009-10-31,762,768
2009-11-01,762,762
2009-11-02,759,767
2009-11-03,773,792
2009-11-04,753,799
2009-11-05,748,777
2009-11-06,765,783
2009-11-07,784,784
2009-11-08,784,784
2009-11-09,795,800
2009-11-10,753,820
2009-11-11,787,789
2009-11-12,766,791
2009-11-13,781,788
2009-11-14,788,788
2009-11-15,788,788
2009-11-16,786,790
2009-11-17,800,818
2009-11-18,797,829
2009-11-19,786,809
2009-11-20,792,813
2009-11-21,792,792
2009-11-22,792,792
2009-11-23,783,792
2009-11-24,792,810
2009-11-25,789,812
2009-11-26,802,802
2009-11-27,796,802
2009-11-28,796,796
2009-11-29,796,796
2009-11-30,873,878
2009-12-01,909,919
2009-12-02,893,910
2009-12-03,904,945
2009-12-04,885,916
2009-12-05,885,885
2009-12-06,885,885
2009-12-07,851,886
2009-12-08,855,877
2009-12-09,833,855
2009-12-10,819,836
2009-12-11,825,854
2009-12-12,834,834
2009-12-13,834,834
2009-12-14,795,847
2009-12-15,796,839
2009-12-16,806,840
2009-12-17,814,842
2009-12-18,783,830
2009-12-19,783,783
2009-12-20,783,783
2009-12-21,780,784
2009-12-22,760,796
2009-12-23,761,776
2009-12-24,755,784
2009-12-25,755,755
2009-12-26,755,755
2009-12-27,755,755
2009-12-28,751,756
2009-12-29,739,771
2009-12-30,755,760
2009-12-31,773,777
2010-01-01,806,806
2010-01-02,806,806
2010-01-03,805,806
2010-01-04,802,806
2010-01-05,811,852
2010-01-06,794,832
2010-01-07,774,808
2010-01-08,766,789
2010-01-09,766,766
2010-01-10,766,766
2010-01-11,761,766
2010-01-12,755,778
2010-01-13,720,770
2010-01-14,719,742
2010-01-15,807,829
2010-01-16,806,807
2010-01-17,806,806
2010-01-18,845,848
2010-01-19,816,845
2010-01-20,823,843
2010-01-21,808,828
2010-01-22,882,899
2010-01-23,899,899
2010-01-24,899,899
2010-01-25,901,905
2010-01-26,909,930
2010-01-27,911,941
2010-01-28,922,942
2010-01-29,939,960
2010-01-30,949,949
2010-01-31,949,949
2010-02-01,943,951
2010-02-02,942,981
2010-02-03,909,956
2010-02-04,917,967
2010-02-05,950,959
2010-02-06,959,959
2010-02-07,959,959
2010-02-08,942,962
2010-02-09,841,977
2010-02-10,832,868
2010-02-11,836,857
2010-02-12,835,858
2010-02-13,848,848
2010-02-14,848,848
2010-02-15,847,848
2010-02-16,834,853
2010-02-17,927,942
2010-02-18,902,959
2010-02-19,940,969
2010-02-20,959,959
2010-02-21,960,960
2010-02-22,953,962
2010-02-23,942,975
2010-02-24,916,975
2010-02-25,912,930
2010-02-26,919,950
2010-02-27,925,925
2010-02-28,926,926
2010-03-01,926,932
2010-03-02,910,955
2010-03-03,916,950
2010-03-04,937,954
2010-03-05,939,985
2010-03-06,937,939
2010-03-07,937,937
2010-03-08,893,937
2010-03-09,890,928
2010-03-10,903,931
2010-03-11,908,929
2010-03-12,906,917
2010-03-13,924,924
2010-03-14,924,924
2010-03-15,926,944
2010-03-16,933,963
2010-03-17,934,999
2010-03-18,986,990
2010-03-19,982,"1,000"
2010-03-20,982,982
2010-03-21,982,982
2010-03-22,943,984
2010-03-23,948,983
2010-03-24,940,986
2010-03-25,954,985
2010-03-26,983,"1,020"
2010-03-27,994,994
2010-03-28,994,994
2010-03-29,984,995
2010-03-30,972,"1,000"
2010-03-31,985,998
2010-04-01,958,995
2010-04-02,980,"1,002"
2010-04-03,981,981
2010-04-04,981,981
2010-04-05,975,982
2010-04-06,986,"1,005"
2010-04-07,945,996
2010-04-08,966,971
2010-04-09,992,"1,015"
2010-04-10,992,992
2010-04-11,992,992
2010-04-12,725,"1,175"
2010-04-13,961,"1,535"
2010-04-14,900,998
2010-04-15,876,924
2010-04-16,865,898
2010-04-17,865,865
2010-04-18,865,865
2010-04-19,852,865
2010-04-20,838,886
2010-04-21,824,862
2010-04-22,856,869
2010-04-23,877,905
2010-04-24,877,877
2010-04-25,877,877
2010-04-26,891,901
2010-04-27,926,935
2010-04-28,916,952
2010-04-29,914,938
2010-04-30,951,982
2010-05-01,961,961
2010-05-02,961,961
2010-05-03,964,971
2010-05-04,967,"1,001"
2010-05-05,971,996
2010-05-06,931,985
2010-05-07,922,954
2010-05-08,922,922
2010-05-09,922,922
2010-05-10,886,922
2010-05-11,898,933
2010-05-12,882,918
2010-05-13,876,920
2010-05-14,867,906
2010-05-15,883,883
2010-05-16,883,883
2010-05-17,845,883
2010-05-18,856,883
2010-05-19,876,885
2010-05-20,884,915
2010-05-21,842,897
2010-05-22,842,842
2010-05-23,842,842
2010-05-24,808,842
2010-05-25,818,839
2010-05-26,828,859
2010-05-27,803,864
2010-05-28,806,842
2010-05-29,801,806
2010-05-30,801,801
2010-05-31,801,801
2010-06-01,830,833
2010-06-02,937,962
2010-06-03,962,993
2010-06-04,946,970
2010-06-05,945,946
2010-06-06,945,945
2010-06-07,934,946
2010-06-08,959,992
2010-06-09,965,975
2010-06-10,900,"1,015"
2010-06-11,879,925
2010-06-12,879,879
2010-06-13,879,879
2010-06-14,865,880
2010-06-15,849,902
2010-06-16,854,884
2010-06-17,874,878
2010-06-18,876,900
2010-06-19,875,878
2010-06-20,875,875
2010-06-21,865,884
2010-06-22,872,915
2010-06-23,899,935
2010-06-24,918,949
2010-06-25,933,943
2010-06-26,933,933
2010-06-27,933,933
2010-06-28,925,935
2010-06-29,929,952
2010-06-30,910,961
2010-07-01,935,947
2010-07-02,916,966
2010-07-03,916,918
2010-07-04,916,916
2010-07-05,916,916
2010-07-06,899,917
2010-07-07,922,947
2010-07-08,914,958
2010-07-09,912,949
2010-07-10,921,922
2010-07-11,921,921
2010-07-12,925,959
2010-07-13,897,953
2010-07-14,909,931
2010-07-15,905,935
2010-07-16,916,964
2010-07-17,928,928
2010-07-18,912,928
2010-07-19,889,913
2010-07-20,890,913
2010-07-21,933,936
2010-07-22,983,992
2010-07-23,999,"1,005"
2010-07-24,999,999
2010-07-25,999,999
2010-07-26,997,999
2010-07-27,923,997
2010-07-28,941,975
2010-07-29,957,991
2010-07-30,982,"1,005"
2010-07-31,982,982
2010-08-01,982,982
2010-08-02,976,982
2010-08-03,950,994
2010-08-04,948,987
2010-08-05,951,972
2010-08-06,960,993
2010-08-07,962,962
2010-08-08,962,962
2010-08-09,933,962
2010-08-10,914,944
2010-08-11,900,932
2010-08-12,883,926
2010-08-13,874,911
2010-08-14,881,881
2010-08-15,881,881
2010-08-16,872,881
2010-08-17,879,904
2010-08-18,830,896
2010-08-19,827,842
2010-08-20,841,880
2010-08-21,843,843
2010-08-22,843,843
2010-08-23,836,846
2010-08-24,827,865
2010-08-25,882,907
2010-08-26,880,914
2010-08-27,855,882
2010-08-28,855,855
2010-08-29,855,856
2010-08-30,847,855
2010-08-31,858,872
2010-09-01,914,977
2010-09-02,927,952
2010-09-03,921,946
2010-09-04,924,925
2010-09-05,924,924
2010-09-06,924,924
2010-09-07,905,925
2010-09-08,929,970
2010-09-09,948,963
2010-09-10,953,984
2010-09-11,971,971
2010-09-12,971,971
2010-09-13,965,972
2010-09-14,949,981
2010-09-15,927,983
2010-09-16,915,934
2010-09-17,902,933
2010-09-18,910,910
2010-09-19,910,910
2010-09-20,891,914
2010-09-21,899,921
2010-09-22,937,956
2010-09-23,938,964
2010-09-24,943,964
2010-09-25,948,948
2010-09-26,948,948
2010-09-27,903,955
2010-09-28,935,952
2010-09-29,889,952
2010-09-30,893,915
2010-10-01,862,893
2010-10-02,865,866
2010-10-03,865,865
2010-10-04,867,869
2010-10-05,859,901
2010-10-06,864,903
2010-10-07,866,884
2010-10-08,890,924
2010-10-09,897,897
2010-10-10,897,897
2010-10-11,897,897
2010-10-12,894,904
2010-10-13,923,949
2010-10-14,916,944
2010-10-15,905,944
2010-10-16,921,921
2010-10-17,921,921
2010-10-18,908,923
2010-10-19,913,933
2010-10-20,893,925
2010-10-21,923,931
2010-10-22,895,937
2010-10-23,899,899
2010-10-24,899,899
2010-10-25,880,899
2010-10-26,888,894
2010-10-27,838,895
2010-10-28,829,840
2010-10-29,780,829
2010-10-30,779,780
2010-10-31,779,779
2010-11-01,776,779
2010-11-02,771,787
2010-11-03,817,846
2010-11-04,803,825
2010-11-05,782,827
2010-11-06,789,789
2010-11-07,789,789
2010-11-08,791,797
2010-11-09,800,819
2010-11-10,791,814
2010-11-11,796,797
2010-11-12,773,797
2010-11-13,779,779
2010-11-14,779,779
2010-11-15,777,785
2010-11-16,770,792
2010-11-17,759,788
2010-11-18,751,773
2010-11-19,719,762
2010-11-20,745,745
2010-11-21,745,745
2010-11-22,736,752
2010-11-23,747,771
2010-11-24,719,767
2010-11-25,750,750
2010-11-26,733,750
2010-11-27,750,750
2010-11-28,750,750
2010-11-29,746,754
2010-11-30,752,765
2010-12-01,800,839
2010-12-02,814,840
2010-12-03,804,824
2010-12-04,813,813
2010-12-05,813,813
2010-12-06,801,821
2010-12-07,827,840
2010-12-08,830,862
2010-12-09,848,855
2010-12-10,835,867
2010-12-11,861,862
2010-12-12,861,864
2010-12-13,855,872
2010-12-14,860,884
2010-12-15,838,924
2010-12-16,846,853
2010-12-17,833,861
2010-12-18,854,854
2010-12-19,854,854
2010-12-20,828,854
2010-12-21,827,841
2010-12-22,914,936
2010-12-23,914,943
2010-12-24,918,918
2010-12-25,918,918
2010-12-26,918,918
2010-12-27,921,927
2010-12-28,935,940
2010-12-29,925,943
2010-12-30,947,951
2010-12-31,947,947
2011-01-01,947,948
2011-01-02,947,947
2011-01-03,945,947
2011-01-04,967,981
2011-01-05,945,967
2011-01-06,959,979
2011-01-07,933,974
2011-01-08,944,945
2011-01-09,944,944
2011-01-10,939,954
2011-01-11,933,947
2011-01-12,941,952
2011-01-13,947,949
2011-01-14,939,964
2011-01-15,958,958
2011-01-16,958,958
2011-01-17,958,958
2011-01-18,947,962
2011-01-19,912,974
2011-01-20,920,936
2011-01-21,906,925
2011-01-22,906,906
2011-01-23,907,907
2011-01-24,901,913
2011-01-25,900,909
2011-01-26,878,909
2011-01-27,876,891
2011-01-28,870,892
2011-01-29,882,882
2011-01-30,882,882
2011-01-31,852,884
2011-02-01,841,860
2011-02-02,835,841
2011-02-03,793,835
2011-02-04,801,805
2011-02-05,809,809
2011-02-06,809,809
2011-02-07,802,809
2011-02-08,812,825
2011-02-09,808,826
2011-02-10,832,858
2011-02-11,811,863
2011-02-12,825,825
2011-02-13,825,825
2011-02-14,810,832
2011-02-15,812,824
2011-02-16,786,825
2011-02-17,810,818
2011-02-18,783,819
2011-02-19,804,804
2011-02-20,810,810
2011-02-21,810,810
2011-02-22,791,818
2011-02-23,792,806
2011-02-24,807,825
2011-02-25,799,832
2011-02-26,810,810
2011-02-27,810,810
2011-02-28,814,824
2011-03-01,801,834
2011-03-02,822,846
2011-03-03,860,879
2011-03-04,825,876
2011-03-05,862,862
2011-03-06,862,862
2011-03-07,857,863
2011-03-08,853,880
2011-03-09,838,867
2011-03-10,900,919
2011-03-11,899,929
2011-03-12,905,905
2011-03-13,905,905
2011-03-14,900,916
2011-03-15,919,925
2011-03-16,943,969
2011-03-17,954,962
2011-03-18,936,974
2011-03-19,948,948
2011-03-20,948,948
2011-03-21,939,951
2011-03-22,903,944
2011-03-23,905,938
2011-03-24,895,912
2011-03-25,877,912
2011-03-26,905,905
2011-03-27,905,905
2011-03-28,901,909
2011-03-29,890,924
2011-03-30,904,921
2011-03-31,952,980
2011-04-01,889,959
2011-04-02,902,902
2011-04-03,902,902
2011-04-04,897,907
2011-04-05,897,912
2011-04-06,874,905
2011-04-07,853,893
2011-04-08,876,894
2011-04-09,893,893
2011-04-10,893,893
2011-04-11,886,895
2011-04-12,856,919
2011-04-13,849,878
2011-04-14,854,894
2011-04-15,839,865
2011-04-16,867,867
2011-04-17,867,869
2011-04-18,872,877
2011-04-19,820,884
2011-04-20,832,855
2011-04-21,887,915
2011-04-22,853,914
2011-04-23,859,859
2011-04-24,859,859
2011-04-25,815,867
2011-04-26,795,823
2011-04-27,791,820
2011-04-28,860,896
2011-04-29,862,891
2011-04-30,871,871
2011-05-01,871,871
2011-05-02,849,875
2011-05-03,806,872
2011-05-04,805,812
2011-05-05,810,852
2011-05-06,857,864
2011-05-07,871,871
2011-05-08,871,871
2011-05-09,841,873
2011-05-10,770,842
2011-05-11,759,780
2011-05-12,751,858
2011-05-13,747,759
2011-05-14,762,762
2011-05-15,762,762
2011-05-16,732,764
2011-05-17,706,756
2011-05-18,720,736
2011-05-19,738,763
2011-05-20,731,756
2011-05-21,731,731
2011-05-22,731,731
2011-05-23,716,736
2011-05-24,655,748
2011-05-25,654,673
2011-05-26,696,733
2011-05-27,728,747
2011-05-28,741,741
2011-05-29,744,744
2011-05-30,748,750
2011-05-31,731,755
2011-06-01,706,755
2011-06-02,773,788
2011-06-03,775,815
2011-06-04,793,793
2011-06-05,793,793
2011-06-06,766,794
2011-06-07,749,766
2011-06-08,761,781
2011-06-09,781,809
2011-06-10,796,815
2011-06-11,810,811
2011-06-12,810,814
2011-06-13,774,817
2011-06-14,738,774
2011-06-15,676,738
2011-06-16,752,766
2011-06-17,763,785
2011-06-18,777,777
2011-06-19,777,778
2011-06-20,820,837
2011-06-21,791,852
2011-06-22,804,826
2011-06-23,827,868
2011-06-24,829,841
2011-06-25,842,842
2011-06-26,842,842
2011-06-27,824,850
2011-06-28,755,834
2011-06-29,752,762
2011-06-30,810,818
2011-07-01,817,833
2011-07-02,832,832
2011-07-03,832,832
2011-07-04,832,832
2011-07-05,829,838
2011-07-06,779,835
2011-07-07,828,844
2011-07-08,855,861
2011-07-09,866,866
2011-07-10,866,866
2011-07-11,834,866
2011-07-12,844,863
2011-07-13,767,856
2011-07-14,746,774
2011-07-15,742,754
2011-07-16,748,748
2011-07-17,748,748
2011-07-18,730,755
2011-07-19,758,773
2011-07-20,727,781
2011-07-21,699,729
2011-07-22,774,781
2011-07-23,782,782
2011-07-24,782,782
2011-07-25,780,784
2011-07-26,764,795
2011-07-27,777,783
2011-07-28,814,837
2011-07-29,828,832
2011-07-30,828,828
2011-07-31,828,828
2011-08-01,815,833
2011-08-02,803,827
2011-08-03,787,833
2011-08-04,842,884
2011-08-05,841,854
2011-08-06,840,841
2011-08-07,840,841
2011-08-08,818,840
2011-08-09,795,827
2011-08-10,812,870
2011-08-11,820,838
2011-08-12,837,848
2011-08-13,837,837
2011-08-14,837,837
2011-08-15,818,841
2011-08-16,790,825
2011-08-17,776,804
2011-08-18,759,795
2011-08-19,737,778
2011-08-20,742,743
2011-08-21,742,742
2011-08-22,734,748
2011-08-23,696,735
2011-08-24,692,719
2011-08-25,676,705
2011-08-26,700,708
2011-08-27,712,712
2011-08-28,712,712
2011-08-29,586,721
2011-08-30,597,618
2011-08-31,606,616
2011-09-01,613,630
2011-09-02,619,633
2011-09-03,623,623
2011-09-04,623,623
2011-09-05,632,632
2011-09-06,626,638
2011-09-07,690,716
2011-09-08,693,722
2011-09-09,701,717
2011-09-10,710,710
2011-09-11,710,710
2011-09-12,685,710
2011-09-13,698,710
2011-09-14,693,703
2011-09-15,729,739
2011-09-16,748,752
2011-09-17,767,767
2011-09-18,767,767
2011-09-19,747,771
2011-09-20,746,778
2011-09-21,744,772
2011-09-22,755,785
2011-09-23,769,777
2011-09-24,788,788
2011-09-25,788,788
2011-09-26,740,791
2011-09-27,712,750
2011-09-28,682,722
2011-09-29,672,690
2011-09-30,678,686
2011-10-01,696,696
2011-10-02,696,696
2011-10-03,687,710
2011-10-04,687,707
2011-10-05,680,703
2011-10-06,678,687
2011-10-07,702,721
2011-10-08,706,706
2011-10-09,706,706
2011-10-10,706,706
2011-10-11,674,715
2011-10-12,675,696
2011-10-13,662,712
2011-10-14,670,684
2011-10-15,684,684
2011-10-16,684,684
2011-10-17,658,688
2011-10-18,666,695
2011-10-19,675,697
2011-10-20,655,683
2011-10-21,650,666
2011-10-22,675,675
2011-10-23,675,675
2011-10-24,667,684
2011-10-25,649,686
2011-10-26,662,685
2011-10-27,665,678
2011-10-28,676,683
2011-10-29,678,678
2011-10-30,678,678
2011-10-31,667,684
2011-11-01,622,680
2011-11-02,641,666
2011-11-03,657,672
2011-11-04,666,681
2011-11-05,668,668
2011-11-06,668,668
2011-11-07,644,682
2011-11-08,629,649
2011-11-09,688,709
2011-11-10,693,711
2011-11-11,704,705
2011-11-12,706,706
2011-11-13,706,706
2011-11-14,638,720
2011-11-15,609,660
2011-11-16,598,629
2011-11-17,597,619
2011-11-18,606,620
2011-11-19,612,612
2011-11-20,612,612
2011-11-21,604,622
2011-11-22,593,617
2011-11-23,593,615
2011-11-24,615,615
2011-11-25,620,630
2011-11-26,627,627
2011-11-27,627,627
2011-11-28,619,631
2011-11-29,605,636
2011-11-30,624,649
2011-12-01,668,676
2011-12-02,664,691
2011-12-03,664,664
2011-12-04,664,664
2011-12-05,658,665
2011-12-06,635,658
2011-12-07,600,642
2011-12-08,624,638
2011-12-09,636,644
2011-12-10,641,641
2011-12-11,641,641
2011-12-12,631,643
2011-12-13,644,663
2011-12-14,620,658
2011-12-15,631,638
2011-12-16,638,647
2011-12-17,641,641
2011-12-18,641,641
2011-12-19,625,647
2011-12-20,587,641
2011-12-21,577,600
2011-12-22,586,614
2011-12-23,596,603
2011-12-24,600,600
2011-12-25,600,600
2011-12-26,598,600
2011-12-27,594,602
2011-12-28,594,608
2011-12-29,600,615
2011-12-30,597,608
2011-12-31,599,599
2012-01-01,599,599
2012-01-02,598,599
2012-01-03,591,598
2012-01-04,607,636
2012-01-05,613,621
2012-01-06,612,636
2012-01-07,631,631
2012-01-08,631,631
2012-01-09,613,633
2012-01-10,625,644
2012-01-11,620,641
2012-01-12,634,642
2012-01-13,632,660
2012-01-14,634,634
2012-01-15,634,634
2012-01-16,633,634
2012-01-17,610,636
2012-01-18,598,631
2012-01-19,596,611
2012-01-20,596,612
2012-01-21,611,611
2012-01-22,611,611
2012-01-23,594,619
2012-01-24,581,607
2012-01-25,572,602
2012-01-26,582,593
2012-01-27,603,622
2012-01-28,609,609
2012-01-29,610,610
2012-01-30,578,614
2012-01-31,558,608
2012-02-01,552,575
2012-02-02,566,581
2012-02-03,588,623
2012-02-04,593,593
2012-02-05,595,595
2012-02-06,570,598
2012-02-07,620,658
2012-02-08,640,659
2012-02-09,648,666
2012-02-10,670,688
2012-02-11,674,674
2012-02-12,675,675
2012-02-13,660,684
2012-02-14,674,689
2012-02-15,655,704
2012-02-16,655,671
2012-02-17,629,664
2012-02-18,681,681
2012-02-19,681,681
2012-02-20,681,682
2012-02-21,634,688
2012-02-22,605,652
2012-02-23,667,681
2012-02-24,647,682
2012-02-25,663,663
2012-02-26,663,663
2012-02-27,666,679
2012-02-28,630,677
2012-02-29,569,650
2012-03-01,572,582
2012-03-02,658,677
2012-03-03,670,670
2012-03-04,670,672
2012-03-05,671,676
2012-03-06,664,687
2012-03-07,592,674
2012-03-08,631,646
2012-03-09,651,676
2012-03-10,657,657
2012-03-11,657,657
2012-03-12,632,662
2012-03-13,601,646
2012-03-14,577,615
2012-03-15,586,600
2012-03-16,646,662
2012-03-17,650,650
2012-03-18,649,650
2012-03-19,632,653
2012-03-20,656,680
2012-03-21,581,668
2012-03-22,596,611
2012-03-23,672,689
2012-03-24,681,681
2012-03-25,681,681
2012-03-26,650,682
2012-03-27,637,678
2012-03-28,639,668
2012-03-29,674,691
2012-03-30,660,694
2012-03-31,746,747
2012-04-01,825,825
2012-04-02,780,832
2012-04-03,757,792
2012-04-04,756,766
2012-04-05,798,806
2012-04-06,833,857
2012-04-07,851,851
2012-04-08,852,852
2012-04-09,832,867
2012-04-10,834,854
2012-04-11,823,842
2012-04-12,819,830
2012-04-13,825,842
2012-04-14,929,929
2012-04-15,929,930
2012-04-16,910,935
2012-04-17,931,951
2012-04-18,899,960
2012-04-19,764,910
2012-04-20,762,774
2012-04-21,885,890
2012-04-22,885,886
2012-04-23,764,893
2012-04-24,807,869
2012-04-25,784,845
2012-04-26,785,793
2012-04-27,777,807
2012-04-28,921,921
2012-04-29,922,923
2012-04-30,914,932
2012-05-01,911,934
2012-05-02,796,931
2012-05-03,799,812
2012-05-04,786,805
2012-05-05,800,800
2012-05-06,800,800
2012-05-07,786,808
2012-05-08,684,797
2012-05-09,729,807
2012-05-10,734,741
2012-05-11,728,747
2012-05-12,816,816
2012-05-13,816,816
2012-05-14,777,865
2012-05-15,764,788
2012-05-16,767,793
2012-05-17,761,772
2012-05-18,762,782
2012-05-19,868,868
2012-05-20,868,868
2012-05-21,825,873
2012-05-22,786,830
2012-05-23,742,808
2012-05-24,747,765
2012-05-25,704,770
2012-05-26,823,878
2012-05-27,823,823
2012-05-28,826,826
2012-05-29,772,829
2012-05-30,784,792
2012-05-31,838,843
2012-06-01,884,896
2012-06-02,962,962
2012-06-03,962,963
2012-06-04,906,973
2012-06-05,948,958
2012-06-06,943,979
2012-06-07,912,956
2012-06-08,974,983
2012-06-09,979,979
2012-06-10,979,980
2012-06-11,999,"1,005"
2012-06-12,999,"1,031"
2012-06-13,987,999
2012-06-14,979,987
2012-06-15,975,988
2012-06-16,981,981
2012-06-17,981,981
2012-06-18,891,983
2012-06-19,857,958
2012-06-20,784,874
2012-06-21,738,791
2012-06-22,783,805
2012-06-23,904,904
2012-06-24,904,904
2012-06-25,897,907
2012-06-26,942,"1,067"
2012-06-27,936,949
2012-06-28,891,956
2012-06-29,896,904
2012-06-30,904,905
2012-07-01,904,904
2012-07-02,881,906
2012-07-03,900,906
2012-07-04,835,912
2012-07-05,828,836
2012-07-06,838,846
2012-07-07,838,838
2012-07-08,838,838
2012-07-09,722,883
2012-07-10,722,731
2012-07-11,678,735
2012-07-12,680,680
2012-07-13,690,700
2012-07-14,791,791
2012-07-15,791,791
2012-07-16,791,796
2012-07-17,685,795
2012-07-18,690,693
2012-07-19,693,697
2012-07-20,709,712
2012-07-21,827,827
2012-07-22,828,829
2012-07-23,819,848
2012-07-24,727,820
2012-07-25,670,733
2012-07-26,671,673
2012-07-27,676,680
2012-07-28,812,812
2012-07-29,812,812
2012-07-30,810,814
2012-07-31,731,818
2012-08-01,722,742
2012-08-02,732,737
2012-08-03,739,752
2012-08-04,879,879
2012-08-05,881,881
2012-08-06,889,913
2012-08-07,882,900
2012-08-08,856,892
2012-08-09,802,865
2012-08-10,802,811
2012-08-11,817,817
2012-08-12,817,817
2012-08-13,812,826
2012-08-14,781,824
2012-08-15,775,796
2012-08-16,779,795
2012-08-17,788,799
2012-08-18,929,929
2012-08-19,931,931
2012-08-20,933,936
2012-08-21,912,966
2012-08-22,859,929
2012-08-23,864,870
2012-08-24,870,880
2012-08-25,968,968
2012-08-26,968,968
2012-08-27,896,972
2012-08-28,890,909
2012-08-29,878,895
2012-08-30,881,884
2012-08-31,884,896
2012-09-01,887,887
2012-09-02,887,887
2012-09-03,794,889
2012-09-04,730,801
2012-09-05,720,740
2012-09-06,775,852
2012-09-07,788,794
2012-09-08,797,797
2012-09-09,797,797
2012-09-10,773,798
2012-09-11,810,909
2012-09-12,772,815
2012-09-13,912,921
2012-09-14,943,952
2012-09-15,956,956
2012-09-16,956,956
2012-09-17,951,978
2012-09-18,924,951
2012-09-19,913,936
2012-09-20,939,941
2012-09-21,"1,001","1,010"
2012-09-22,"1,007","1,007"
2012-09-23,"1,007","1,007"
2012-09-24,"1,005","1,007"
2012-09-25,956,"1,044"
2012-09-26,950,971
2012-09-27,983,986
2012-09-28,"1,000","1,006"
2012-09-29,"1,000","1,000"
2012-09-30,"1,000","1,000"
2012-10-01,940,"1,019"
2012-10-02,956,984
2012-10-03,967,"1,070"
2012-10-04,910,"1,047"
2012-10-05,940,948
2012-10-06,940,940
2012-10-07,940,940
2012-10-08,962,962
2012-10-09,720,"1,019"
2012-10-10,932,938
2012-10-11,850,984
2012-10-12,804,957
2012-10-13,827,827
2012-10-14,827,827
2012-10-15,849,852
2012-10-16,796,951
2012-10-17,818,878
2012-10-18,741,910
2012-10-19,782,796
2012-10-20,799,799
2012-10-21,799,799
2012-10-22,772,810
2012-10-23,746,885
2012-10-24,738,830
2012-10-25,682,813
2012-10-26,733,762
2012-10-27,744,744
2012-10-28,744,744
2012-10-29,855,877
2012-10-30,812,962
2012-10-31,841,899
2012-11-01,739,883
2012-11-02,814,832
2012-11-03,840,840
2012-11-04,840,840
2012-11-05,822,851
2012-11-06,789,926
2012-11-07,954,988
2012-11-08,868,"1,009"
2012-11-09,900,942
2012-11-10,918,918
2012-11-11,918,918
2012-11-12,918,918
2012-11-13,815,"1,042"
2012-11-14,814,900
2012-11-15,781,922
2012-11-16,852,864
2012-11-17,888,888
2012-11-18,888,888
2012-11-19,882,919
2012-11-20,881,"1,028"
2012-11-21,922,934
2012-11-22,808,941
2012-11-23,860,874
2012-11-24,860,860
2012-11-25,860,860
2012-11-26,878,894
2012-11-27,836,981
2012-11-28,759,870
2012-11-29,622,806
2012-11-30,617,624
2012-12-01,623,623
2012-12-02,623,623
2012-12-03,741,766
2012-12-04,741,743
2012-12-05,733,787
2012-12-06,770,777
2012-12-07,883,891
2012-12-08,884,884
2012-12-09,884,884
2012-12-10,885,889
2012-12-11,941,944
2012-12-12,784,942
2012-12-13,797,798
2012-12-14,847,850
2012-12-15,847,847
2012-12-16,847,847
2012-12-17,956,960
2012-12-18,876,961
2012-12-19,829,934
2012-12-20,794,860
2012-12-21,798,802
2012-12-22,798,798
2012-12-23,799,799
2012-12-24,798,799
2012-12-25,798,798
2012-12-26,794,802
2012-12-27,761,849
2012-12-28,768,770
2012-12-29,770,770
2012-12-30,770,770
2012-12-31,773,774
2013-01-01,773,773
2013-01-02,865,869
2013-01-03,866,867
2013-01-04,870,872
2013-01-05,870,870
2013-01-06,870,870
2013-01-07,943,946
2013-01-08,893,978
2013-01-09,859,923
2013-01-10,859,871
2013-01-11,867,872
2013-01-12,867,867
2013-01-13,867,867
2013-01-14,886,888
2013-01-15,800,894
2013-01-16,700,804
2013-01-17,697,702
2013-01-18,694,699
2013-01-19,697,697
2013-01-20,697,697
2013-01-21,697,697
2013-01-22,537,705
2013-01-23,665,675
2013-01-24,610,667
2013-01-25,635,649
2013-01-26,644,644
2013-01-27,644,644
2013-01-28,649,669
2013-01-29,588,650
2013-01-30,584,699
2013-01-31,587,587
2013-02-01,589,593
2013-02-02,732,734
2013-02-03,732,732
2013-02-04,831,834
2013-02-05,814,840
2013-02-06,770,825
2013-02-07,760,773
2013-02-08,764,774
2013-02-09,632,765
2013-02-10,632,632
2013-02-11,634,640
2013-02-12,629,676
2013-02-13,650,726
2013-02-14,653,658
2013-02-15,705,705
2013-02-16,705,705
2013-02-17,705,705
2013-02-18,705,705
2013-02-19,627,715
2013-02-20,659,672
2013-02-21,651,665
2013-02-22,652,655
2013-02-23,664,664
2013-02-24,664,664
2013-02-25,778,784
2013-02-26,738,784
2013-02-27,682,789
2013-02-28,691,699
2013-03-01,752,759
2013-03-02,752,752
2013-03-03,752,752
2013-03-04,746,752
2013-03-05,793,865
2013-03-06,799,805
2013-03-07,674,800
2013-03-08,707,710
2013-03-09,751,751
2013-03-10,795,795
2013-03-11,840,845
2013-03-12,779,891
2013-03-13,770,828
2013-03-14,815,818
2013-03-15,902,902
2013-03-16,913,913
2013-03-17,921,921
2013-03-18,963,964
2013-03-19,997,"1,008"
2013-03-20,820,"1,042"
2013-03-21,850,851
2013-03-22,887,894
2013-03-23,929,929
2013-03-24,960,960
2013-03-25,"1,003","1,004"
2013-03-26,"1,002","1,004"
2013-03-27,"1,001","1,002"
2013-03-28,"1,001","1,002"
2013-03-29,"1,001","1,001"
2013-03-30,"1,001","1,001"
2013-03-31,"1,001","1,001"
2013-04-01,"1,000","1,001"
2013-04-02,929,"1,001"
2013-04-03,"1,003","1,143"
2013-04-04,"1,004","1,006"
2013-04-05,971,"1,004"
2013-04-06,"1,001","1,001"
2013-04-07,"1,001","1,001"
2013-04-08,911,"1,001"
2013-04-09,977,"1,001"
2013-04-10,976,"1,025"
2013-04-11,998,"1,000"
2013-04-12,994,"1,021"
2013-04-13,994,994
2013-04-14,994,994
2013-04-15,992,994
2013-04-16,937,"1,033"
2013-04-17,931,950
2013-04-18,977,977
2013-04-19,976,977
2013-04-20,976,976
2013-04-21,976,976
2013-04-22,973,"1,102"
2013-04-23,967,973
2013-04-24,977,979
2013-04-25,978,978
2013-04-26,978,978
2013-04-27,978,978
2013-04-28,978,978
2013-04-29,972,"1,037"
2013-04-30,996,997
2013-05-01,970,996
2013-05-02,967,974
2013-05-03,995,997
2013-05-04,998,998
2013-05-05,998,998
2013-05-06,999,"1,001"
2013-05-07,997,"1,000"
2013-05-08,961,"1,020"
2013-05-09,994,996
2013-05-10,992,994
2013-05-11,992,992
2013-05-12,992,992
2013-05-13,991,992
2013-05-14,990,991
2013-05-15,996,996
2013-05-16,996,998
2013-05-17,992,996
2013-05-18,992,992
2013-05-19,992,992
2013-05-20,967,"1,050"
2013-05-21,960,"1,141"
2013-05-22,953,"1,006"
2013-05-23,989,991
2013-05-24,987,989
2013-05-25,987,987
2013-05-26,987,987
2013-05-27,986,987
2013-05-28,993,994
2013-05-29,994,996
2013-05-30,906,"1,056"
2013-05-31,878,922
2013-06-01,885,885
2013-06-02,885,885
2013-06-03,999,"1,000"
2013-06-04,962,"1,071"
2013-06-05,957,964
2013-06-06,933,959
2013-06-07,884,"1,012"
2013-06-08,884,884
2013-06-09,884,884
2013-06-10,713,884
2013-06-11,597,733
2013-06-12,450,600
2013-06-13,423,452
2013-06-14,437,438
2013-06-15,437,437
2013-06-16,437,437
2013-06-17,421,437
2013-06-18,429,429
2013-06-19,515,522
2013-06-20,561,564
2013-06-21,607,609
2013-06-22,607,607
2013-06-23,607,607
2013-06-24,618,619
2013-06-25,700,704
2013-06-26,740,775
2013-06-27,750,753
2013-06-28,663,772
2013-06-29,683,683
2013-06-30,683,683
2013-07-01,715,726
2013-07-02,778,787
2013-07-03,775,810
2013-07-04,803,815
2013-07-05,797,803
2013-07-06,844,844
2013-07-07,844,844
2013-07-08,844,845
2013-07-09,894,920
2013-07-10,866,930
2013-07-11,761,899
2013-07-12,745,853
2013-07-13,789,789
2013-07-14,789,789
2013-07-15,789,789
2013-07-16,728,875
2013-07-17,789,797
2013-07-18,663,812
2013-07-19,706,709
2013-07-20,776,776
2013-07-21,776,776
2013-07-22,775,812
2013-07-23,671,809
2013-07-24,720,725
2013-07-25,643,781
2013-07-26,702,705
2013-07-27,762,762
2013-07-28,762,762
2013-07-29,752,765
2013-07-30,765,903
2013-07-31,766,823
2013-08-01,665,801
2013-08-02,687,698
2013-08-03,723,723
2013-08-04,723,723
2013-08-05,870,898
2013-08-06,824,963
2013-08-07,845,877
2013-08-08,801,937
2013-08-09,926,929
2013-08-10,939,943
2013-08-11,939,939
2013-08-12,870,"1,024"
2013-08-13,808,945
2013-08-14,857,879
2013-08-15,839,976
2013-08-16,868,893
2013-08-17,892,892
2013-08-18,892,892
2013-08-19,"1,026","1,044"
2013-08-20,950,"1,133"
2013-08-21,939,968
2013-08-22,849,"1,005"
2013-08-23,940,942
2013-08-24,940,940
2013-08-25,940,940
2013-08-26,937,955
2013-08-27,921,"1,067"
2013-08-28,909,954
2013-08-29,875,"1,018"
2013-08-30,866,878
2013-08-31,866,866
2013-09-01,866,866
2013-09-02,866,866
2013-09-03,756,"1,017"
2013-09-04,812,858
2013-09-05,792,940
2013-09-06,924,927
2013-09-07,930,930
2013-09-08,930,930
2013-09-09,"1,006","1,046"
2013-09-10,917,"1,056"
2013-09-11,970,996
2013-09-12,883,"1,031"
2013-09-13,911,916
2013-09-14,911,911
2013-09-15,911,911
2013-09-16,965,966
2013-09-17,853,"1,008"
2013-09-18,878,907
2013-09-19,812,951
2013-09-20,849,852
2013-09-21,849,849
2013-09-22,849,849
2013-09-23,750,886
2013-09-24,644,779
2013-09-25,778,808
2013-09-26,723,858
2013-09-27,760,761
2013-09-28,760,760
2013-09-29,760,760
2013-09-30,808,811
2013-10-01,695,836
2013-10-02,735,774
2013-10-03,640,778
2013-10-04,713,716
2013-10-05,713,713
2013-10-06,713,713
2013-10-07,631,773
2013-10-08,541,676
2013-10-09,582,608
2013-10-10,519,652
2013-10-11,575,579
2013-10-12,576,576
2013-10-13,576,576
2013-10-14,601,612
2013-10-15,485,618
2013-10-16,606,634
2013-10-17,578,714
2013-10-18,636,639
2013-10-19,664,664
2013-10-20,664,664
2013-10-21,614,729
2013-10-22,610,758
2013-10-23,694,712
2013-10-24,646,777
2013-10-25,709,735
2013-10-26,712,712
2013-10-27,712,712
2013-10-28,765,768
2013-10-29,752,902
2013-10-30,811,826
2013-10-31,780,946
2013-11-01,825,826
2013-11-02,827,827
2013-11-03,827,827
2013-11-04,825,902
2013-11-05,795,946
2013-11-06,866,907
2013-11-07,838,988
2013-11-08,879,887
2013-11-09,915,915
2013-11-10,915,915
2013-11-11,964,966
2013-11-12,857,994
2013-11-13,936,965
2013-11-14,834,989
2013-11-15,999,"1,002"
2013-11-16,"1,005","1,005"
2013-11-17,"1,005","1,005"
2013-11-18,991,"1,006"
2013-11-19,852,"1,072"
2013-11-20,888,913
2013-11-21,874,"1,012"
2013-11-22,927,941
2013-11-23,933,933
2013-11-24,933,933
2013-11-25,979,991
2013-11-26,892,"1,070"
2013-11-27,901,904
2013-11-28,901,901
2013-11-29,870,901
2013-11-30,870,870
2013-12-01,870,870
2013-12-02,859,883
2013-12-03,778,913
2013-12-04,803,819
2013-12-05,697,870
2013-12-06,758,760
2013-12-07,758,758
2013-12-08,758,758
2013-12-09,829,842
2013-12-10,730,881
2013-12-11,754,777
2013-12-12,677,826
2013-12-13,728,729
2013-12-14,730,730
2013-12-15,730,730
2013-12-16,765,786
2013-12-17,653,812
2013-12-18,690,709
2013-12-19,595,740
2013-12-20,699,703
2013-12-21,699,699
2013-12-22,699,699
2013-12-23,774,778
2013-12-24,796,814
2013-12-25,796,796
2013-12-26,676,810
2013-12-27,675,676
2013-12-28,675,675
2013-12-29,675,675
2013-12-30,673,682
2013-12-31,744,744
2014-01-01,744,744
2014-01-02,699,831
2014-01-03,701,720
2014-01-04,701,701
2014-01-05,701,701
2014-01-06,625,724
2014-01-07,586,735
2014-01-08,709,721
2014-01-09,659,822
2014-01-10,772,774
2014-01-11,803,803
2014-01-12,826,827
2014-01-13,940,942
2014-01-14,822,978
2014-01-15,904,966
2014-01-16,785,941
2014-01-17,891,894
2014-01-18,891,891
2014-01-19,891,891
2014-01-20,964,964
2014-01-21,812,967
2014-01-22,868,877
2014-01-23,767,915
2014-01-24,847,858
2014-01-25,860,860
2014-01-26,864,864
2014-01-27,886,929
2014-01-28,785,941
2014-01-29,821,848
2014-01-30,715,850
2014-01-31,705,715
2014-02-01,709,709
2014-02-02,709,709
2014-02-03,635,730
2014-02-04,596,740
2014-02-05,656,665
2014-02-06,573,716
2014-02-07,679,695
2014-02-08,679,679
2014-02-09,679,679
2014-02-10,686,743
2014-02-11,633,770
2014-02-12,689,694
2014-02-13,662,810
2014-02-14,783,788
2014-02-15,789,789
2014-02-16,789,789
2014-02-17,793,793
2014-02-18,641,809
2014-02-19,664,697
2014-02-20,582,720
2014-02-21,635,637
2014-02-22,639,639
2014-02-23,639,639
2014-02-24,683,684
2014-02-25,534,704
2014-02-26,690,710
2014-02-27,632,769
2014-02-28,795,800
2014-03-01,796,796
2014-03-02,796,796
2014-03-03,774,818
2014-03-04,921,947
2014-03-05,"1,042","1,043"
2014-03-06,903,"1,063"
2014-03-07,931,932
2014-03-08,931,931
2014-03-09,931,931
2014-03-10,977,"1,008"
2014-03-11,868,"1,020"
2014-03-12,859,908
2014-03-13,870,"1,014"
2014-03-14,928,949
2014-03-15,928,928
2014-03-16,928,928
2014-03-17,929,982
2014-03-18,841,986
2014-03-19,825,874
2014-03-20,795,930
2014-03-21,851,877
2014-03-22,851,851
2014-03-23,851,851
2014-03-24,877,923
2014-03-25,791,926
2014-03-26,842,867
2014-03-27,765,902
2014-03-28,790,793
2014-03-29,801,801
2014-03-30,801,801
2014-03-31,803,838
2014-04-01,724,857
2014-04-02,748,773
2014-04-03,671,807
2014-04-04,729,739
2014-04-05,730,730
2014-04-06,730,730
2014-04-07,769,791
2014-04-08,693,830
2014-04-09,677,748
2014-04-10,676,816
2014-04-11,697,720
2014-04-12,711,711
2014-04-13,711,711
2014-04-14,790,790
2014-04-15,694,840
2014-04-16,795,797
2014-04-17,905,914
2014-04-18,918,920
2014-04-19,918,918
2014-04-20,918,918
2014-04-21,924,965
2014-04-22,887,"1,039"
2014-04-23,940,942
2014-04-24,874,"1,027"
2014-04-25,934,934
2014-04-26,941,941
2014-04-27,941,941
2014-04-28,946,955
2014-04-29,867,"1,048"
2014-04-30,897,916
2014-05-01,932,932
2014-05-02,935,936
2014-05-03,936,936
2014-05-04,936,936
2014-05-05,877,"1,004"
2014-05-06,854,989
2014-05-07,870,879
2014-05-08,777,923
2014-05-09,836,842
2014-05-10,836,836
2014-05-11,838,838
2014-05-12,848,857
2014-05-13,758,893
2014-05-14,802,819
2014-05-15,774,909
2014-05-16,903,904
2014-05-17,947,947
2014-05-18,948,948
2014-05-19,"1,030","1,047"
2014-05-20,943,"1,101"
2014-05-21,967,976
2014-05-22,932,"1,090"
2014-05-23,986,990
2014-05-24,986,987
2014-05-25,986,986
2014-05-26,"1,008","1,041"
2014-05-27,826,"1,012"
2014-05-28,856,922
2014-05-29,834,975
2014-05-30,923,933
2014-05-31,923,923
2014-06-01,"1,010","1,010"
2014-06-02,"1,065","1,066"
2014-06-03,948,"1,141"
2014-06-04,966,982
2014-06-05,924,"1,072"
2014-06-06,936,949
2014-06-07,937,937
2014-06-08,937,937
2014-06-09,889,990
2014-06-10,937,940
2014-06-11,"1,012","1,028"
2014-06-12,964,"1,093"
2014-06-13,964,967
2014-06-14,964,964
2014-06-15,964,964
2014-06-16,974,"1,011"
2014-06-17,985,"1,138"
2014-06-18,987,989
2014-06-19,920,"1,063"
2014-06-20,997,"1,002"
2014-06-21,997,997
2014-06-22,997,997
2014-06-23,999,"1,000"
2014-06-24,862,"1,080"
2014-06-25,883,885
2014-06-26,821,954
2014-06-27,950,965
2014-06-28,950,950
2014-06-29,950,950
2014-06-30,"1,000","1,017"
2014-07-01,937,"1,069"
2014-07-02,949,973
2014-07-03,870,"1,005"
2014-07-04,870,870
2014-07-05,870,870
2014-07-06,870,870
2014-07-07,907,919
2014-07-08,762,943
2014-07-09,797,809
2014-07-10,776,909
2014-07-11,933,946
2014-07-12,947,947
2014-07-13,947,947
2014-07-14,"1,003","1,166"
2014-07-15,938,"1,074"
2014-07-16,972,975
2014-07-17,883,"1,034"
2014-07-18,945,952
2014-07-19,945,945
2014-07-20,945,945
2014-07-21,928,948
2014-07-22,875,"1,021"
2014-07-23,911,911
2014-07-24,787,965
2014-07-25,895,906
2014-07-26,916,916
2014-07-27,960,960
2014-07-28,"1,025","1,045"
2014-07-29,877,"1,072"
2014-07-30,896,925
2014-07-31,798,944
2014-08-01,942,978
2014-08-02,962,962
2014-08-03,"1,005","1,005"
2014-08-04,"1,044","1,066"
2014-08-05,929,"1,076"
2014-08-06,979,980
2014-08-07,844,998
2014-08-08,946,948
2014-08-09,946,946
2014-08-10,946,947
2014-08-11,972,"1,002"
2014-08-12,875,"1,016"
2014-08-13,955,955
2014-08-14,928,"1,065"
2014-08-15,"1,035","1,036"
2014-08-16,"1,035","1,035"
2014-08-17,"1,035","1,035"
2014-08-18,"1,057","1,091"
2014-08-19,969,"1,102"
2014-08-20,"1,001","1,002"
2014-08-21,859,"1,032"
2014-08-22,987,991
2014-08-23,"1,031","1,031"
2014-08-24,"1,031","1,031"
2014-08-25,"1,071","1,072"
2014-08-26,946,"1,159"
2014-08-27,966,970
2014-08-28,829,975
2014-08-29,922,932
2014-08-30,922,922
2014-08-31,922,922
2014-09-01,956,956
2014-09-02,780,967
2014-09-03,759,826
2014-09-04,634,827
2014-09-05,782,790
2014-09-06,833,833
2014-09-07,876,876
2014-09-08,912,933
2014-09-09,866,"1,002"
2014-09-10,960,995
2014-09-11,842,"1,009"
2014-09-12,969,969
2014-09-13,969,969
2014-09-14,969,969
2014-09-15,977,"1,009"
2014-09-16,974,993
2014-09-17,967,"1,003"
2014-09-18,805,994
2014-09-19,869,902
2014-09-20,869,869
2014-09-21,869,869
2014-09-22,902,943
2014-09-23,796,950
2014-09-24,810,832
2014-09-25,692,835
2014-09-26,776,780
2014-09-27,808,808
2014-09-28,808,808
2014-09-29,893,915
2014-09-30,741,930
2014-10-01,781,808
2014-10-02,695,825
2014-10-03,754,756
2014-10-04,754,754
2014-10-05,754,754
2014-10-06,783,890
2014-10-07,675,811
2014-10-08,710,730
2014-10-09,600,734
2014-10-10,699,702
2014-10-11,623,699
2014-10-12,623,623
2014-10-13,631,638
2014-10-14,527,663
2014-10-15,575,605
2014-10-16,623,760
2014-10-17,695,709
2014-10-18,729,729
2014-10-19,770,772
2014-10-20,886,887
2014-10-21,780,922
2014-10-22,810,838
2014-10-23,711,847
2014-10-24,801,802
2014-10-25,704,801
2014-10-26,709,709
2014-10-27,822,831
2014-10-28,665,838
2014-10-29,705,712
2014-10-30,601,739
2014-10-31,661,662
2014-11-01,717,717
2014-11-02,759,759
2014-11-03,836,838
2014-11-04,716,867
2014-11-05,773,784
2014-11-06,721,868
2014-11-07,796,796
2014-11-08,798,798
2014-11-09,798,798
2014-11-10,874,906
2014-11-11,882,883
2014-11-12,849,909
2014-11-13,793,925
2014-11-14,931,942
2014-11-15,933,933
2014-11-16,933,933
2014-11-17,849,934
2014-11-18,736,875
2014-11-19,737,777
2014-11-20,673,809
2014-11-21,756,756
2014-11-22,760,760
2014-11-23,760,760
2014-11-24,891,901
2014-11-25,776,905
2014-11-26,792,801
2014-11-27,796,796
2014-11-28,811,812
2014-11-29,811,811
2014-11-30,811,811
2014-12-01,814,825
2014-12-02,711,843
2014-12-03,679,721
2014-12-04,630,773
2014-12-05,793,796
2014-12-06,850,862
2014-12-07,877,877
2014-12-08,965,968
2014-12-09,873,"1,021"
2014-12-10,796,935
2014-12-11,737,885
2014-12-12,920,921
2014-12-13,920,920
2014-12-14,920,920
2014-12-15,950,963
2014-12-16,829,975
2014-12-17,856,858
2014-12-18,757,897
2014-12-19,825,876
2014-12-20,861,861
2014-12-21,863,863
2014-12-22,965,970
2014-12-23,813,989
2014-12-24,879,879
2014-12-25,881,881
2014-12-26,880,881
2014-12-27,881,881
2014-12-28,881,881
2014-12-29,892,898
2014-12-30,771,905
2014-12-31,796,796
2015-01-01,796,796
2015-01-02,896,896
2015-01-03,896,896
2015-01-04,896,896
2015-01-05,965,966
2015-01-06,840,981
2015-01-07,840,868
2015-01-08,740,881
2015-01-09,732,868
2015-01-10,771,771
2015-01-11,774,774
2015-01-12,905,909
2015-01-13,784,926
2015-01-14,727,823
2015-01-15,751,751
2015-01-16,827,846
2015-01-17,829,829
2015-01-18,830,830
2015-01-19,853,853
2015-01-20,727,869
2015-01-21,614,761
2015-01-22,491,623
2015-01-23,582,587
2015-01-24,624,624
2015-01-25,663,663
2015-01-26,718,718
2015-01-27,667,805
2015-01-28,730,740
2015-01-29,625,776
2015-01-30,654,722
2015-01-31,654,654
2015-02-01,658,658
2015-02-02,745,746
2015-02-03,631,772
2015-02-04,675,676
2015-02-05,571,707
2015-02-06,649,709
2015-02-07,649,649
2015-02-08,649,649
2015-02-09,661,662
2015-02-10,568,708
2015-02-11,591,625
2015-02-12,514,647
2015-02-13,685,695
2015-02-14,713,713
2015-02-15,757,757
2015-02-16,840,840
2015-02-17,716,861
2015-02-18,705,738
2015-02-19,559,739
2015-02-20,607,654
2015-02-21,609,609
2015-02-22,611,611
2015-02-23,651,658
2015-02-24,552,688
2015-02-25,638,641
2015-02-26,546,679
2015-02-27,642,685
2015-02-28,686,686
2015-03-01,711,711
2015-03-02,680,731
2015-03-03,604,746
2015-03-04,606,622
2015-03-05,631,764
2015-03-06,741,756
2015-03-07,749,749
2015-03-08,752,752
2015-03-09,830,832
2015-03-10,703,845
2015-03-11,717,727
2015-03-12,728,862
2015-03-13,754,816
2015-03-14,867,868
2015-03-15,867,867
2015-03-16,891,891
2015-03-17,787,925
2015-03-18,811,813
2015-03-19,797,952
2015-03-20,858,878
2015-03-21,858,858
2015-03-22,861,861
2015-03-23,874,874
2015-03-24,845,980
2015-03-25,898,900
2015-03-26,898,"1,033"
2015-03-27,904,955
2015-03-28,906,906
2015-03-29,920,920
2015-03-30,927,933
2015-03-31,821,960
2015-04-01,908,911
2015-04-02,928,934
2015-04-03,937,938
2015-04-04,957,957
2015-04-05,965,965
2015-04-06,969,970
2015-04-07,847,983
2015-04-08,930,934
2015-04-09,750,963
2015-04-10,946,999
2015-04-11,916,963
2015-04-12,928,928
2015-04-13,838,942
2015-04-14,822,962
2015-04-15,894,953
2015-04-16,890,"1,025"
2015-04-17,798,899
2015-04-18,814,814
2015-04-19,791,817
2015-04-20,861,870
2015-04-21,879,"1,066"
2015-04-22,846,891
2015-04-23,914,"1,073"
2015-04-24,928,930
2015-04-25,939,939
2015-04-26,958,958
2015-04-27,967,967
2015-04-28,753,972
2015-04-29,889,892
2015-04-30,840,"1,023"
2015-05-01,757,850
2015-05-02,761,761
2015-05-03,768,768
2015-05-04,778,783
2015-05-05,758,791
2015-05-06,868,870
2015-05-07,775,924
2015-05-08,781,792
2015-05-09,785,785
2015-05-10,789,789
2015-05-11,793,796
2015-05-12,754,891
2015-05-13,868,879
2015-05-14,832,965
2015-05-15,848,848
2015-05-16,852,852
2015-05-17,860,860
2015-05-18,859,863
2015-05-19,731,880
2015-05-20,839,842
2015-05-21,767,904
2015-05-22,877,877
2015-05-23,879,879
2015-05-24,884,884
2015-05-25,887,887
2015-05-26,782,919
2015-05-27,915,916
2015-05-28,813,952
2015-05-29,893,898
2015-05-30,909,909
2015-05-31,924,924
2015-06-01,946,947
2015-06-02,810,965
2015-06-03,941,950
2015-06-04,930,"1,065"
2015-06-05,931,939
2015-06-06,939,939
2015-06-07,944,944
2015-06-08,947,952
2015-06-09,814,956
2015-06-10,916,920
2015-06-11,873,"1,009"
2015-06-12,879,880
2015-06-13,883,883
2015-06-14,890,890
2015-06-15,893,903
2015-06-16,764,900
2015-06-17,889,891
2015-06-18,826,959
2015-06-19,841,846
2015-06-20,854,854
2015-06-21,869,869
2015-06-22,936,940
2015-06-23,774,943
2015-06-24,897,899
2015-06-25,823,957
2015-06-26,913,913
2015-06-27,921,921
2015-06-28,925,925
2015-06-29,930,936
2015-06-30,804,940
2015-07-01,906,911
2015-07-02,873,"1,007"
2015-07-03,878,878
2015-07-04,885,885
2015-07-05,898,898
2015-07-06,904,904
2015-07-07,789,917
2015-07-08,798,799
2015-07-09,803,937
2015-07-10,817,819
2015-07-11,819,819
2015-07-12,820,820
2015-07-13,949,955
2015-07-14,822,961
2015-07-15,875,931
2015-07-16,750,884
2015-07-17,818,823
2015-07-18,825,825
2015-07-19,830,830
2015-07-20,838,841
2015-07-21,728,865
2015-07-22,830,833
2015-07-23,705,844
2015-07-24,781,783
2015-07-25,794,794
2015-07-26,800,800
2015-07-27,862,867
2015-07-28,830,978
2015-07-29,836,838
2015-07-30,793,924
2015-07-31,853,857
2015-08-01,855,855
2015-08-02,856,856
2015-08-03,864,864
2015-08-04,747,883
2015-08-05,851,858
2015-08-06,790,926
2015-08-07,839,839
2015-08-08,845,845
2015-08-09,847,847
2015-08-10,900,907
2015-08-11,784,918
2015-08-12,882,885
2015-08-13,817,952
2015-08-14,879,879
2015-08-15,884,884
2015-08-16,886,886
2015-08-17,879,889
2015-08-18,761,895
2015-08-19,874,877
2015-08-20,930,933
2015-08-21,976,981
2015-08-22,985,985
2015-08-23,987,987
2015-08-24,985,987
2015-08-25,866,"1,000"
2015-08-26,900,941
2015-08-27,830,964
2015-08-28,907,911
2015-08-29,910,910
2015-08-30,919,919
2015-08-31,927,929
2015-09-01,811,945
2015-09-02,934,938
2015-09-03,894,"1,027"
2015-09-04,909,918
2015-09-05,911,911
2015-09-06,914,914
2015-09-07,915,915
2015-09-08,799,933
2015-09-09,975,982
2015-09-10,907,"1,041"
2015-09-11,921,925
2015-09-12,925,925
2015-09-13,931,931
2015-09-14,933,936
2015-09-15,817,953
2015-09-16,940,941
2015-09-17,874,"1,008"
2015-09-18,967,969
2015-09-19,969,969
2015-09-20,970,970
2015-09-21,971,975
2015-09-22,852,985
2015-09-23,949,952
2015-09-24,923,"1,058"
2015-09-25,928,931
2015-09-26,939,939
2015-09-27,945,945
2015-09-28,950,953
2015-09-29,788,966
2015-09-30,911,918
2015-10-01,907,"1,041"
2015-10-02,911,935
2015-10-03,917,917
2015-10-04,930,930
2015-10-05,910,943
2015-10-06,781,918
2015-10-07,874,887
2015-10-08,808,972
2015-10-09,796,823
2015-10-10,799,799
2015-10-11,807,807
2015-10-12,818,818
2015-10-13,678,834
2015-10-14,773,787
2015-10-15,735,872
2015-10-16,782,790
2015-10-17,784,784
2015-10-18,793,793
2015-10-19,803,805
2015-10-20,683,816
2015-10-21,772,774
2015-10-22,753,893
2015-10-23,751,816
2015-10-24,754,754
2015-10-25,774,774
2015-10-26,781,823
2015-10-27,665,803
2015-10-28,778,781
2015-10-29,749,883
2015-10-30,790,790
2015-10-31,805,805
2015-11-01,808,808
2015-11-02,809,814
2015-11-03,812,945
2015-11-04,894,932
2015-11-05,811,978
2015-11-06,808,917
2015-11-07,810,810
2015-11-08,837,837
2015-11-09,832,920
2015-11-10,781,917
2015-11-11,783,783
2015-11-12,737,871
2015-11-13,795,797
2015-11-14,803,803
2015-11-15,810,810
2015-11-16,828,835
2015-11-17,699,834
2015-11-18,732,732
2015-11-19,743,875
2015-11-20,856,857
2015-11-21,861,861
2015-11-22,865,865
2015-11-23,879,886
2015-11-24,754,888
2015-11-25,758,829
2015-11-26,760,760
2015-11-27,855,855
2015-11-28,858,858
2015-11-29,864,864
2015-11-30,864,869
2015-12-01,741,872
2015-12-02,830,830
2015-12-03,796,923
2015-12-04,926,938
2015-12-05,931,931
2015-12-06,940,940
2015-12-07,946,"1,003"
2015-12-08,827,960
2015-12-09,960,967
2015-12-10,938,"1,077"
2015-12-11,932,"1,022"
2015-12-12,932,932
2015-12-13,934,934
2015-12-14,934,971
2015-12-15,752,944
2015-12-16,847,877
2015-12-17,787,921
2015-12-18,824,905
2015-12-19,828,828
2015-12-20,832,832
2015-12-21,950,962
2015-12-22,949,"1,082"
2015-12-23,987,994
2015-12-24,955,"1,089"
2015-12-25,962,962
2015-12-26,903,965
2015-12-27,905,905
2015-12-28,882,909
2015-12-29,758,941
2015-12-30,887,887
2015-12-31,763,896
2016-01-01,767,767
2016-01-02,767,767
2016-01-03,768,768
2016-01-04,766,770
2016-01-05,634,789
2016-01-06,659,662
2016-01-07,574,730
2016-01-08,670,673
2016-01-09,675,675
2016-01-10,676,676
2016-01-11,691,691
2016-01-12,586,719
2016-01-13,705,707
2016-01-14,694,827
2016-01-15,798,803
2016-01-16,827,827
2016-01-17,828,828
2016-01-18,833,833
2016-01-19,728,863
2016-01-20,862,868
2016-01-21,824,959
2016-01-22,908,916
2016-01-23,924,924
2016-01-24,925,925
2016-01-25,929,935
2016-01-26,838,973
2016-01-27,875,961
2016-01-28,859,994
2016-01-29,972,974
2016-01-30,980,980
2016-01-31,983,983
2016-02-01,980,991
2016-02-02,882,"1,017"
2016-02-03,981,989
2016-02-04,917,"1,050"
2016-02-05,971,973
2016-02-06,975,975
2016-02-07,980,980
2016-02-08,988,992
2016-02-09,882,"1,020"
2016-02-10,946,993
2016-02-11,901,"1,039"
2016-02-12,967,974
2016-02-13,970,970
2016-02-14,970,970
2016-02-15,969,975
2016-02-16,861,995
2016-02-17,950,950
2016-02-18,879,"1,014"
2016-02-19,927,929
2016-02-20,927,927
2016-02-21,927,927
2016-02-22,933,938
2016-02-23,809,941
2016-02-24,889,892
2016-02-25,846,972
2016-02-26,927,931
2016-02-27,927,927
2016-02-28,927,927
2016-02-29,928,933
2016-03-01,815,991
2016-03-02,906,906
2016-03-03,890,"1,023"
2016-03-04,962,964
2016-03-05,962,962
2016-03-06,962,962
2016-03-07,969,972
2016-03-08,867,"1,004"
2016-03-09,963,970
2016-03-10,951,"1,083"
2016-03-11,959,966
2016-03-12,960,960
2016-03-13,960,960
2016-03-14,963,967
2016-03-15,915,"1,083"
2016-03-16,977,"1,032"
2016-03-17,945,"1,082"
2016-03-18,951,955
2016-03-19,951,951
2016-03-20,951,951
2016-03-21,961,967
2016-03-22,852,983
2016-03-23,947,955
2016-03-24,958,958
2016-03-25,973,974
2016-03-26,974,974
2016-03-27,974,974
2016-03-28,971,987
2016-03-29,907,"1,041"
2016-03-30,995,"1,007"
2016-03-31,891,"1,029"
2016-04-01,939,946
2016-04-02,939,939
2016-04-03,939,939
2016-04-04,942,942
2016-04-05,828,964
2016-04-06,953,955
2016-04-07,928,"1,061"
2016-04-08,865,935
2016-04-09,771,865
2016-04-10,771,771
2016-04-11,776,781
2016-04-12,653,787
2016-04-13,655,672
2016-04-14,551,684
2016-04-15,555,555
2016-04-16,556,556
2016-04-17,556,556
2016-04-18,557,558
2016-04-19,477,609
2016-04-20,604,607
2016-04-21,568,703
2016-04-22,592,592
2016-04-23,595,595
2016-04-24,595,595
2016-04-25,602,604
2016-04-26,528,660
2016-04-27,653,658
2016-04-28,595,740
2016-04-29,640,655
2016-04-30,642,642
2016-05-01,646,646
2016-05-02,642,653
2016-05-03,538,700
2016-05-04,528,611
2016-05-05,632,663
2016-05-06,645,645
2016-05-07,645,647
2016-05-08,645,645
2016-05-09,661,662
2016-05-10,697,697
2016-05-11,812,817
2016-05-12,752,892
2016-05-13,778,781
2016-05-14,778,778
2016-05-15,778,778
2016-05-16,774,779
2016-05-17,686,816
2016-05-18,774,778
2016-05-19,731,866
2016-05-20,754,760
2016-05-21,819,819
2016-05-22,819,819
2016-05-23,852,867
2016-05-24,806,937
2016-05-25,835,908
2016-05-26,870,"1,010"
2016-05-27,979,986
2016-05-28,979,979
2016-05-29,979,979
2016-05-30,846,979
2016-05-31,813,952
2016-06-01,908,909
2016-06-02,862,"1,008"
2016-06-03,895,895
2016-06-04,899,902
2016-06-05,900,900
2016-06-06,807,988
2016-06-07,728,861
2016-06-08,924,942
2016-06-09,890,"1,058"
2016-06-10,971,"1,003"
2016-06-11,971,971
2016-06-12,971,971
2016-06-13,860,"1,011"
2016-06-14,771,913
2016-06-15,869,896
2016-06-16,971,"1,109"
2016-06-17,980,997
2016-06-18,976,980
2016-06-19,977,977
2016-06-20,832,988
2016-06-21,759,901
2016-06-22,861,872
2016-06-23,845,984
2016-06-24,935,939
2016-06-25,937,937
2016-06-26,937,937
2016-06-27,832,974
2016-06-28,762,899
2016-06-29,772,891
2016-06-30,696,831
2016-07-01,818,827
2016-07-02,832,832
2016-07-03,832,832
2016-07-04,832,832
2016-07-05,731,868
2016-07-06,818,829
2016-07-07,800,934
2016-07-08,872,881
2016-07-09,896,896
2016-07-10,896,896
2016-07-11,793,938
2016-07-12,710,861
2016-07-13,823,831
2016-07-14,831,966
2016-07-15,911,917
2016-07-16,933,933
2016-07-17,935,935
2016-07-18,819,953
2016-07-19,738,874
2016-07-20,849,856
2016-07-21,727,862
2016-07-22,939,951
2016-07-23,953,953
2016-07-24,953,953
2016-07-25,847,983
2016-07-26,792,924
2016-07-27,884,956
2016-07-28,856,989
2016-07-29,932,940
2016-07-30,936,936
2016-07-31,936,936
2016-08-01,803,943
2016-08-02,761,899
2016-08-03,866,872
2016-08-04,813,952
2016-08-05,862,868
2016-08-06,890,890
2016-08-07,891,891
2016-08-08,769,910
2016-08-09,810,813
2016-08-10,921,923
2016-08-11,805,939
2016-08-12,879,884
2016-08-13,879,879
2016-08-14,879,879
2016-08-15,781,922
2016-08-16,694,830
2016-08-17,771,848
2016-08-18,714,848
2016-08-19,867,881
2016-08-20,890,890
2016-08-21,891,891
2016-08-22,773,904
2016-08-23,712,848
2016-08-24,823,831
2016-08-25,806,944
2016-08-26,876,882
2016-08-27,902,902
2016-08-28,902,902
2016-08-29,822,967
2016-08-30,748,883
2016-08-31,843,859
2016-09-01,811,942
2016-09-02,936,950
2016-09-03,941,942
2016-09-04,941,941
2016-09-05,801,941
2016-09-06,729,860
2016-09-07,808,864
2016-09-08,796,936
2016-09-09,896,906
2016-09-10,907,907
2016-09-11,912,912
2016-09-12,804,941
2016-09-13,750,890
2016-09-14,788,798
2016-09-15,803,949
2016-09-16,883,899
2016-09-17,888,889
2016-09-18,888,888
2016-09-19,775,914
2016-09-20,716,853
2016-09-21,857,865
2016-09-22,808,950
2016-09-23,889,897
2016-09-24,825,895
2016-09-25,825,825
2016-09-26,689,839
2016-09-27,638,773
2016-09-28,790,792
2016-09-29,727,865
2016-09-30,851,862
2016-10-01,859,859
2016-10-02,862,862
2016-10-03,793,932
2016-10-04,705,846
2016-10-05,909,923
2016-10-06,860,994
2016-10-07,921,933
2016-10-08,938,938
2016-10-09,939,939
2016-10-10,857,"1,005"
2016-10-11,776,912
2016-10-12,921,925
2016-10-13,917,"1,053"
2016-10-14,935,943
2016-10-15,935,935
2016-10-16,937,937
2016-10-17,885,"1,024"
2016-10-18,801,936
2016-10-19,966,976
2016-10-20,930,"1,065"
2016-10-21,943,957
2016-10-22,948,948
2016-10-23,948,948
2016-10-24,886,"1,023"
2016-10-25,774,912
2016-10-26,838,907
2016-10-27,834,966
2016-10-28,939,947
2016-10-29,939,939
2016-10-30,939,939
2016-10-31,847,991
2016-11-01,890,"1,027"
2016-11-02,928,941
2016-11-03,806,955
2016-11-04,768,816
2016-11-05,769,769
2016-11-06,769,769
2016-11-07,524,773
2016-11-08,401,532
2016-11-09,714,723
2016-11-10,627,772
2016-11-11,704,709
2016-11-12,733,733
2016-11-13,868,868
2016-11-14,906,917
2016-11-15,959,972
2016-11-16,950,"1,009"
2016-11-17,985,986
2016-11-18,919,989
2016-11-19,918,919
2016-11-20,914,918
2016-11-21,906,"1,025"
2016-11-22,938,957
2016-11-23,924,965
2016-11-24,961,962
2016-11-25,952,967
2016-11-26,958,958
2016-11-27,962,962
2016-11-28,971,978
2016-11-29,949,999
2016-11-30,949,986
2016-12-01,989,"1,003"
2016-12-02,970,"1,007"
2016-12-03,985,985
2016-12-04,985,985
2016-12-05,987,995
2016-12-06,973,987
2016-12-07,939,986
2016-12-08,950,958
2016-12-09,948,950
2016-12-10,948,948
2016-12-11,948,948
2016-12-12,763,967
2016-12-13,816,818
2016-12-14,895,897
2016-12-15,928,"1,008"
2016-12-16,969,975
2016-12-17,969,969
2016-12-18,969,969
2016-12-19,926,973
2016-12-20,790,938
2016-12-21,837,882
2016-12-22,928,934
2016-12-23,986,989
2016-12-24,986,986
2016-12-25,986,986
2016-12-26,985,986
2016-12-27,866,"1,010"
2016-12-28,858,923
2016-12-29,972,973
2016-12-30,965,974
2016-12-31,965,965
2017-01-01,965,965
2017-01-02,967,967
2017-01-03,801,"1,000"
2017-01-04,746,802
2017-01-05,852,854
2017-01-06,884,891
2017-01-07,884,884
2017-01-08,884,884
2017-01-09,889,896
2017-01-10,803,938
2017-01-11,747,819
2017-01-12,836,839
2017-01-13,946,955
2017-01-14,964,964
2017-01-15,964,964
2017-01-16,982,982
2017-01-17,891,"1,027"
2017-01-18,931,937
2017-01-19,870,"1,004"
2017-01-20,941,951
2017-01-21,967,967
2017-01-22,967,967
2017-01-23,974,978
2017-01-24,907,"1,050"
2017-01-25,920,934
2017-01-26,870,"1,008"
2017-01-27,939,969
2017-01-28,963,963
2017-01-29,963,963
2017-01-30,976,976
2017-01-31,897,"1,048"
2017-02-01,921,938
2017-02-02,802,962
2017-02-03,864,878
2017-02-04,883,884
2017-02-05,885,885
2017-02-06,911,918
2017-02-07,837,987
2017-02-08,829,854
2017-02-09,793,924
2017-02-10,850,868
2017-02-11,854,854
2017-02-12,854,854
2017-02-13,897,900
2017-02-14,814,968
2017-02-15,866,880
2017-02-16,772,915
2017-02-17,856,867
2017-02-18,856,856
2017-02-19,861,861
2017-02-20,862,862
2017-02-21,779,925
2017-02-22,808,822
2017-02-23,767,897
2017-02-24,816,837
2017-02-25,832,832
2017-02-26,834,834
2017-02-27,866,866
2017-02-28,788,939
2017-03-01,801,817
2017-03-02,669,825
2017-03-03,738,745
2017-03-04,743,743
2017-03-05,743,743
2017-03-06,774,774
2017-03-07,805,944
2017-03-08,815,845
2017-03-09,715,852
2017-03-10,774,794
2017-03-11,775,775
2017-03-12,775,775
2017-03-13,795,795
2017-03-14,725,875
2017-03-15,766,775
2017-03-16,662,801
2017-03-17,733,754
2017-03-18,768,768
2017-03-19,768,768
2017-03-20,790,794
2017-03-21,707,868
2017-03-22,728,737
2017-03-23,612,749
2017-03-24,686,713
2017-03-25,741,741
2017-03-26,741,741
2017-03-27,750,756
2017-03-28,662,822
2017-03-29,683,686
2017-03-30,632,762
2017-03-31,701,718
2017-04-01,710,710
2017-04-02,710,710
2017-04-03,721,731
2017-04-04,617,775
2017-04-05,648,650
2017-04-06,636,774
2017-04-07,665,699
2017-04-08,665,665
2017-04-09,665,665
2017-04-10,680,684
2017-04-11,617,761
2017-04-12,617,640
2017-04-13,636,655
2017-04-14,699,703
2017-04-15,707,707
2017-04-16,707,707
2017-04-17,727,739
2017-04-18,638,802
2017-04-19,667,669
2017-04-20,575,712
2017-04-21,605,629
2017-04-22,616,616
2017-04-23,616,616
2017-04-24,635,651
2017-04-25,558,707
2017-04-26,637,639
2017-04-27,523,663
2017-04-28,564,579
2017-04-29,576,576
2017-04-30,577,577
2017-05-01,603,619
2017-05-02,514,669
2017-05-03,527,534
2017-05-04,430,564
2017-05-05,479,493
2017-05-06,484,484
2017-05-07,484,484
2017-05-08,491,494
2017-05-09,411,558
2017-05-10,421,430
2017-05-11,345,432
2017-05-12,425,429
2017-05-13,429,430
2017-05-14,432,432
2017-05-15,444,447
2017-05-16,489,606
2017-05-17,486,504
2017-05-18,408,533
2017-05-19,508,521
2017-05-20,521,521
2017-05-21,521,521
2017-05-22,528,529
2017-05-23,529,610
2017-05-24,538,547
2017-05-25,526,609
2017-05-26,623,628
2017-05-27,638,638
2017-05-28,638,638
2017-05-29,638,638
2017-05-30,602,689
2017-05-31,590,615
2017-06-01,561,696
2017-06-02,629,639
2017-06-03,664,664
2017-06-04,664,664
2017-06-05,669,677
2017-06-06,618,756
2017-06-07,614,643
2017-06-08,585,722
2017-06-09,640,646
2017-06-10,648,648
2017-06-11,648,648
2017-06-12,658,659
2017-06-13,590,723
2017-06-14,683,701
2017-06-15,691,828
2017-06-16,758,770
2017-06-17,770,770
2017-06-18,770,770
2017-06-19,779,786
2017-06-20,670,867
2017-06-21,749,752
2017-06-22,719,865
2017-06-23,747,779
2017-06-24,752,752
2017-06-25,752,752
2017-06-26,754,766
2017-06-27,669,810
2017-06-28,665,710
2017-06-29,643,776
2017-06-30,571,692
2017-07-01,571,571
2017-07-02,571,571
2017-07-03,565,571
2017-07-04,441,575
2017-07-05,515,518
2017-07-06,511,515
2017-07-07,525,538
2017-07-08,525,525
2017-07-09,525,525
2017-07-10,558,563
2017-07-11,566,702
2017-07-12,549,567
2017-07-13,516,650
2017-07-14,534,539
2017-07-15,534,534
2017-07-16,534,534
2017-07-17,521,534
2017-07-18,431,568
2017-07-19,432,437
2017-07-20,400,534
2017-07-21,415,425
2017-07-22,415,415
2017-07-23,415,415
2017-07-24,412,427
2017-07-25,331,463
2017-07-26,376,382
2017-07-27,429,527
2017-07-28,511,519
2017-07-29,518,518
2017-07-30,518,518
2017-07-31,523,523
2017-08-01,452,589
2017-08-02,476,481
2017-08-03,546,678
2017-08-04,608,610
2017-08-05,629,629
2017-08-06,629,629
2017-08-07,638,638
2017-08-08,665,802
2017-08-09,666,673
2017-08-10,675,806
2017-08-11,694,704
2017-08-12,694,694
2017-08-13,694,694
2017-08-14,693,694
2017-08-15,616,755
2017-08-16,601,618
2017-08-17,543,679
2017-08-18,607,612
2017-08-19,611,611
2017-08-20,611,611
2017-08-21,607,613
2017-08-22,528,665
2017-08-23,542,543
2017-08-24,558,694
2017-08-25,683,694
2017-08-26,697,697
2017-08-27,697,697
2017-08-28,698,702
2017-08-29,612,774
2017-08-30,634,635
2017-08-31,636,766
2017-09-01,716,720
2017-09-02,716,716
2017-09-03,624,716
2017-09-04,642,656
2017-09-05,552,687
2017-09-06,572,577
2017-09-07,540,676
2017-09-08,613,622
2017-09-09,754,754
2017-09-10,759,759
2017-09-11,764,768
2017-09-12,675,835
2017-09-13,686,708
2017-09-14,569,709
2017-09-15,705,718
2017-09-16,711,711
2017-09-17,711,711
2017-09-18,717,724
2017-09-19,604,762
2017-09-20,644,646
2017-09-21,551,696
2017-09-22,592,600
2017-09-23,608,608
2017-09-24,606,608
2017-09-25,697,698
2017-09-26,617,777
2017-09-27,627,636
2017-09-28,643,772
2017-09-29,799,802
2017-09-30,837,837
2017-10-01,837,837
2017-10-02,832,838
2017-10-03,755,908
2017-10-04,771,786
2017-10-05,829,963
2017-10-06,861,863
2017-10-07,961,961
2017-10-08,958,961
2017-10-09,957,958
2017-10-10,885,"1,018"
2017-10-11,858,897
2017-10-12,844,977
2017-10-13,892,897
2017-10-14,911,911
2017-10-15,911,911
2017-10-16,917,924
2017-10-17,801,961
2017-10-18,809,815
2017-10-19,824,959
2017-10-20,900,905
2017-10-21,972,972
2017-10-22,969,972
2017-10-23,958,974
2017-10-24,918,"1,054"
2017-10-25,953,963
2017-10-26,962,"1,097"
2017-10-27,959,969
2017-10-28,958,959
2017-10-29,957,958
2017-10-30,953,963
2017-10-31,885,"1,039"
2017-11-01,914,919
2017-11-02,901,"1,038"
2017-11-03,964,972
2017-11-04,968,968
2017-11-05,968,968
2017-11-06,966,974
2017-11-07,882,"1,022"
2017-11-08,876,882
2017-11-09,825,963
2017-11-10,825,825
2017-11-11,825,825
2017-11-12,825,825
2017-11-13,829,848
2017-11-14,741,871
2017-11-15,723,745
2017-11-16,740,871
2017-11-17,788,792
2017-11-18,822,822
2017-11-19,824,824
2017-11-20,817,831
2017-11-21,687,838
2017-11-22,724,734
2017-11-23,765,765
2017-11-24,789,790
2017-11-25,793,793
2017-11-26,794,794
2017-11-27,796,798
2017-11-28,758,901
2017-11-29,776,777
2017-11-30,794,928
2017-12-01,844,849
2017-12-02,933,933
2017-12-03,996,996
2017-12-04,982,996
2017-12-05,846,982
2017-12-06,848,850
2017-12-07,768,899
2017-12-08,848,859
2017-12-09,862,863
2017-12-10,862,862
2017-12-11,848,868
2017-12-12,793,946
2017-12-13,837,853
2017-12-14,846,981
2017-12-15,907,922
2017-12-16,918,918
2017-12-17,916,918
2017-12-18,912,918
2017-12-19,833,978
2017-12-20,866,868
2017-12-21,891,"1,029"
2017-12-22,964,975
2017-12-23,984,984
2017-12-24,984,984
2017-12-25,984,984
2017-12-26,894,"1,026"
2017-12-27,909,919
2017-12-28,898,"1,036"
2017-12-29,941,953
2017-12-30,955,955
2017-12-31,957,957
2018-01-01,957,957
2018-01-02,838,977
2018-01-03,848,849
2018-01-04,776,911
2018-01-05,821,830
2018-01-06,853,853
2018-01-07,855,855
2018-01-08,859,861
2018-01-09,766,903
2018-01-10,774,783
2018-01-11,767,892
2018-01-12,825,838
2018-01-13,849,849
2018-01-14,850,850
2018-01-15,852,853
2018-01-16,723,888
2018-01-17,784,793
2018-01-18,758,893
2018-01-19,792,808
2018-01-20,804,804
2018-01-21,809,810
2018-01-22,766,815
2018-01-23,705,850
2018-01-24,742,747
2018-01-25,726,850
2018-01-26,810,821
2018-01-27,918,918
2018-01-28,916,918
2018-01-29,921,929
2018-01-30,812,966
2018-01-31,843,846
2018-02-01,822,961
2018-02-02,843,860
2018-02-03,879,879
2018-02-04,879,879
2018-02-05,883,885
2018-02-06,758,991
2018-02-07,769,778
2018-02-08,765,902
2018-02-09,840,854
2018-02-10,863,863
2018-02-11,903,903
2018-02-12,867,911
2018-02-13,783,940
2018-02-14,891,900
2018-02-15,863,999
2018-02-16,943,952
2018-02-17,987,989
2018-02-18,987,987
2018-02-19,987,987
2018-02-20,898,"1,035"
2018-02-21,936,939
2018-02-22,914,"1,060"
2018-02-23,941,942
2018-02-24,941,941
2018-02-25,940,941
2018-02-26,936,947
2018-02-27,847,"1,004"
2018-02-28,877,881
2018-03-01,844,987
2018-03-02,931,944
2018-03-03,950,952
2018-03-04,951,951
2018-03-05,954,955
2018-03-06,881,"1,046"
2018-03-07,924,936
2018-03-08,910,"1,046"
2018-03-09,978,998
2018-03-10,978,978
2018-03-11,977,978
2018-03-12,968,977
2018-03-13,896,"1,039"
2018-03-14,908,926
2018-03-15,886,"1,020"
2018-03-16,947,958
2018-03-17,979,979
2018-03-18,979,979
2018-03-19,969,980
2018-03-20,881,"1,030"
2018-03-21,882,892
2018-03-22,841,981
2018-03-23,888,897
2018-03-24,890,890
2018-03-25,890,890
2018-03-26,869,896
2018-03-27,846,984
2018-03-28,878,898
2018-03-29,831,967
2018-03-30,941,947
2018-03-31,949,949
2018-04-01,949,949
2018-04-02,946,961
2018-04-03,847,996
2018-04-04,860,867
2018-04-05,799,935
2018-04-06,891,901
2018-04-07,898,898
2018-04-08,898,898
2018-04-09,880,908
2018-04-10,819,965
2018-04-11,851,858
2018-04-12,739,876
2018-04-13,939,947
2018-04-14,941,941
2018-04-15,941,941
2018-04-16,940,949
2018-04-17,859,"1,006"
2018-04-18,856,872
2018-04-19,866,"1,001"
2018-04-20,908,916
2018-04-21,921,921
2018-04-22,940,940
2018-04-23,878,944
2018-04-24,769,936
2018-04-25,807,820
2018-04-26,682,822
2018-04-27,871,880
2018-04-28,918,918
2018-04-29,918,918
2018-04-30,941,950
2018-05-01,907,"1,042"
2018-05-02,909,954
2018-05-03,861,994
2018-05-04,888,902
2018-05-05,891,891
2018-05-06,892,892
2018-05-07,900,904
2018-05-08,844,979
2018-05-09,859,877
2018-05-10,906,"1,043"
2018-05-11,919,939
2018-05-12,923,923
2018-05-13,923,923
2018-05-14,909,924
2018-05-15,840,983
2018-05-16,860,865
2018-05-17,846,981
2018-05-18,859,882
2018-05-19,864,864
2018-05-20,844,864
2018-05-21,842,846
2018-05-22,759,898
2018-05-23,771,796
2018-05-24,768,904
2018-05-25,726,775
2018-05-26,653,737
2018-05-27,559,654
2018-05-28,561,561
2018-05-29,554,623
2018-05-30,569,575
2018-05-31,624,626
2018-06-01,688,701
2018-06-02,709,709
2018-06-03,891,891
2018-06-04,886,895
2018-06-05,905,918
2018-06-06,906,916
2018-06-07,896,922
2018-06-08,924,930
2018-06-09,932,932
2018-06-10,932,932
2018-06-11,922,940
2018-06-12,925,943
2018-06-13,941,946
2018-06-14,940,943
2018-06-15,955,956
2018-06-16,970,970
2018-06-17,970,970
2018-06-18,919,978
2018-06-19,850,929
2018-06-20,854,858
2018-06-21,851,921
2018-06-22,890,903
2018-06-23,894,894
2018-06-24,894,894
2018-06-25,839,899
2018-06-26,891,896
2018-06-27,910,918
2018-06-28,915,922
2018-06-29,921,942
2018-06-30,929,929
2018-07-01,929,929
2018-07-02,913,931
2018-07-03,890,924
2018-07-04,896,896
2018-07-05,902,907
2018-07-06,913,913
2018-07-07,914,914
2018-07-08,914,914
2018-07-09,910,917
2018-07-10,896,952
2018-07-11,883,911
2018-07-12,887,890
2018-07-13,891,902
2018-07-14,895,895
2018-07-15,896,896
2018-07-16,907,910
2018-07-17,888,921
2018-07-18,881,898
2018-07-19,833,894
2018-07-20,814,847
2018-07-21,850,855
2018-07-22,812,854
2018-07-23,773,812
2018-07-24,724,801
2018-07-25,722,750
2018-07-26,730,741
2018-07-27,735,748
2018-07-28,769,769
2018-07-29,776,776
2018-07-30,772,789
2018-07-31,758,773
2018-08-01,763,765
2018-08-02,767,773
2018-08-03,774,789
2018-08-04,781,781
2018-08-05,782,782
2018-08-06,784,785
2018-08-07,867,879
2018-08-08,862,876
2018-08-09,884,888
2018-08-10,891,899
2018-08-11,889,891
2018-08-12,898,898
2018-08-13,891,902
2018-08-14,862,900
2018-08-15,868,878
2018-08-16,923,928
2018-08-17,935,953
2018-08-18,941,941
2018-08-19,944,944
2018-08-20,938,947
2018-08-21,916,942
2018-08-22,925,937
2018-08-23,925,941
2018-08-24,918,930
2018-08-25,926,926
2018-08-26,926,926
2018-08-27,921,938
2018-08-28,886,933
2018-08-29,893,899
2018-08-30,899,910
2018-08-31,905,913
2018-09-01,917,917
2018-09-02,917,917
2018-09-03,918,918
2018-09-04,908,923
2018-09-05,897,912
2018-09-06,902,913
2018-09-07,907,913
2018-09-08,921,921
2018-09-09,921,921
2018-09-10,917,921
2018-09-11,881,925
2018-09-12,891,896
2018-09-13,892,894
2018-09-14,878,895
2018-09-15,905,905
2018-09-16,906,906
2018-09-17,896,906
2018-09-18,860,903
2018-09-19,881,893
2018-09-20,889,901
2018-09-21,909,930
2018-09-22,926,926
2018-09-23,928,928
2018-09-24,932,938
2018-09-25,871,932
2018-09-26,877,887
2018-09-27,887,895
2018-09-28,909,918
2018-09-29,947,947
2018-09-30,947,947
2018-10-01,941,948
2018-10-02,903,947
2018-10-03,919,933
2018-10-04,909,925
2018-10-05,907,918
2018-10-06,936,936
2018-10-07,937,937
2018-10-08,938,938
2018-10-09,925,944
2018-10-10,897,929
2018-10-11,900,910
2018-10-12,930,938
2018-10-13,939,939
2018-10-14,940,940
2018-10-15,934,942
2018-10-16,874,937
2018-10-17,872,876
2018-10-18,871,897
2018-10-19,895,910
2018-10-20,926,926
2018-10-21,929,929
2018-10-22,935,939
2018-10-23,915,955
2018-10-24,928,953
2018-10-25,960,972
2018-10-26,962,982
2018-10-27,969,969
2018-10-28,970,970
2018-10-29,954,971
2018-10-30,982,"1,001"
2018-10-31,970,984
2018-11-01,981,"1,001"
2018-11-02,962,987
2018-11-03,966,966
2018-11-04,967,967
2018-11-05,956,968
2018-11-06,890,977
2018-11-07,898,925
2018-11-08,892,913
2018-11-09,883,896
2018-11-10,893,893
2018-11-11,893,893
2018-11-12,895,895
2018-11-13,858,898
2018-11-14,859,890
2018-11-15,853,873
2018-11-16,855,873
2018-11-17,934,934
2018-11-18,938,938
2018-11-19,939,941
2018-11-20,959,983
2018-11-21,934,966
2018-11-22,954,962
2018-11-23,951,954
2018-11-24,972,972
2018-11-25,974,974
2018-11-26,970,976
2018-11-27,965,"1,010"
2018-11-28,973,986
2018-11-29,980,990
2018-11-30,966,989
2018-12-01,986,986
2018-12-02,988,988
2018-12-03,981,993
2018-12-04,951,984
2018-12-05,959,963
2018-12-06,967,"1,011"
2018-12-07,965,983
2018-12-08,983,984
2018-12-09,992,992
2018-12-10,986,994
2018-12-11,935,989
2018-12-12,930,954
2018-12-13,880,950
2018-12-14,971,990
2018-12-15,981,981
2018-12-16,981,981
2018-12-17,971,981
2018-12-18,947,980
2018-12-19,959,978
2018-12-20,964,"1,008"
2018-12-21,960,975
2018-12-22,975,975
2018-12-23,975,975
2018-12-24,979,979
2018-12-25,979,979
2018-12-26,957,981
2018-12-27,940,959
2018-12-28,948,964
2018-12-29,949,949
2018-12-30,951,951
2018-12-31,940,951
2019-01-01,979,979
2019-01-02,976,981
2019-01-03,954,978
2019-01-04,936,974
2019-01-05,981,981
2019-01-06,983,983
2019-01-07,979,984
2019-01-08,980,"1,001"
2019-01-09,964,981
2019-01-10,952,969
2019-01-11,945,956
2019-01-12,945,945
2019-01-13,946,946
2019-01-14,915,946
2019-01-15,893,931
2019-01-16,910,926
2019-01-17,934,985
2019-01-18,898,942
2019-01-19,902,902
2019-01-20,902,902
2019-01-21,900,904
2019-01-22,888,917
2019-01-23,902,928
2019-01-24,955,986
2019-01-25,968,980
2019-01-26,999,999
2019-01-27,999,999
2019-01-28,988,"1,006"
2019-01-29,975,"1,011"
2019-01-30,999,"1,007"
2019-01-31,"1,012","1,052"
2019-02-01,"1,033","1,045"
2019-02-02,"1,087","1,087"
2019-02-03,"1,087","1,087"
2019-02-04,"1,085","1,103"
2019-02-05,"1,042","1,085"
2019-02-06,"1,033","1,042"
2019-02-07,999,"1,039"
2019-02-08,990,"1,009"
2019-02-09,"1,052","1,052"
2019-02-10,"1,052","1,052"
2019-02-11,"1,041","1,052"
2019-02-12,"1,007","1,058"
2019-02-13,"1,056","1,067"
2019-02-14,999,"1,056"
2019-02-15,979,999
2019-02-16,999,"1,000"
2019-02-17,"1,008","1,008"
2019-02-18,"1,025","1,028"
2019-02-19,995,"1,025"
2019-02-20,"1,008","1,023"
2019-02-21,"1,019","1,049"
2019-02-22,"1,010","1,036"
2019-02-23,"1,010","1,010"
2019-02-24,"1,010","1,010"
2019-02-25,975,"1,015"
2019-02-26,923,980
2019-02-27,917,940
2019-02-28,872,932
2019-03-01,963,"1,013"
2019-03-02,963,963
2019-03-03,963,963
2019-03-04,978,981
2019-03-05,952,994
2019-03-06,963,977
2019-03-07,987,"1,019"
2019-03-08,"1,033","1,048"
2019-03-09,"1,029","1,037"
2019-03-10,"1,029","1,029"
2019-03-11,"1,014","1,030"
2019-03-12,"1,015","1,064"
2019-03-13,996,"1,035"
2019-03-14,"1,001","1,061"
2019-03-15,995,"1,022"
2019-03-16,995,995
2019-03-17,994,995
2019-03-18,977,994
2019-03-19,963,978
2019-03-20,939,977
2019-03-21,953,997
2019-03-22,"1,025","1,031"
2019-03-23,"1,028","1,028"
2019-03-24,"1,072","1,072"
2019-03-25,"1,043","1,072"
2019-03-26,"1,076","1,091"
2019-03-27,"1,059","1,112"
2019-03-28,"1,024","1,092"
2019-03-29,"1,002","1,024"
2019-03-30,"1,001","1,002"
2019-03-31,"1,001","1,001"
2019-04-01,989,"1,018"
2019-04-02,983,"1,010"
2019-04-03,"1,001","1,011"
2019-04-04,"1,019","1,057"
2019-04-05,"1,030","1,051"
2019-04-06,"1,032","1,032"
2019-04-07,"1,029","1,032"
2019-04-08,989,"1,029"
2019-04-09,964,"1,041"
2019-04-10,951,965
2019-04-11,918,973
2019-04-12,956,964
2019-04-13,955,974
2019-04-14,961,963
2019-04-15,982,"1,016"
2019-04-16,972,999
2019-04-17,998,"1,016"
2019-04-18,"1,036","1,056"
2019-04-19,"1,023","1,037"
2019-04-20,"1,023","1,023"
2019-04-21,"1,021","1,023"
2019-04-22,"1,021","1,029"
2019-04-23,997,"1,024"
2019-04-24,"1,017","1,058"
2019-04-25,975,"1,017"
2019-04-26,955,975
2019-04-27,941,956
2019-04-28,940,941
2019-04-29,969,999
2019-04-30,841,988
2019-05-01,943,957
2019-05-02,926,944
2019-05-03,"1,058","1,071"
2019-05-04,"1,058","1,058"
2019-05-05,"1,058","1,058"
2019-05-06,"1,065","1,073"
2019-05-07,"1,034","1,074"
2019-05-08,"1,019","1,034"
2019-05-09,930,"1,081"
2019-05-10,929,945
2019-05-11,958,958
2019-05-12,907,977
2019-05-13,"1,004","1,032"
2019-05-14,"1,076","1,112"
2019-05-15,"1,084","1,117"
2019-05-16,"1,069","1,085"
2019-05-17,"1,031","1,070"
2019-05-18,"1,031","1,031"
2019-05-19,917,"1,031"
2019-05-20,911,917
2019-05-21,896,911
2019-05-22,939,947
2019-05-23,914,954
2019-05-24,903,914
2019-05-25,903,903
2019-05-26,903,903
2019-05-27,901,903
2019-05-28,818,911
2019-05-29,905,912
2019-05-30,908,938
2019-05-31,"1,055","1,058"
2019-06-01,"1,055","1,055"
2019-06-02,"1,052","1,055"
2019-06-03,"1,017","1,094"
2019-06-04,"1,011","1,031"
2019-06-05,"1,008","1,011"
2019-06-06,"1,001","1,024"
2019-06-07,978,"1,001"
2019-06-08,998,998
2019-06-09,992,998
2019-06-10,"1,020","1,023"
2019-06-11,"1,005","1,036"
2019-06-12,"1,001","1,009"
2019-06-13,973,"1,015"
2019-06-14,979,994
2019-06-15,998,998
2019-06-16,998,998
2019-06-17,997,"1,000"
2019-06-18,992,"1,013"
2019-06-19,980,"1,007"
2019-06-20,946,980
2019-06-21,997,"1,004"
2019-06-22,"1,000","1,000"
2019-06-23,"1,000","1,000"
2019-06-24,973,"1,000"
2019-06-25,995,"1,018"
2019-06-26,"1,001","1,021"
2019-06-27,970,"1,007"
2019-06-28,985,994
2019-06-29,"1,029","1,029"
2019-06-30,"1,010","1,030"
2019-07-01,"1,009","1,020"
2019-07-02,992,"1,011"
2019-07-03,957,"1,027"
2019-07-04,949,957
2019-07-05,952,959
2019-07-06,952,952
2019-07-07,951,952
2019-07-08,926,951
2019-07-09,901,950
2019-07-10,884,906
2019-07-11,827,884
2019-07-12,815,845
2019-07-13,815,815
2019-07-14,815,815
2019-07-15,815,819
2019-07-16,784,815
2019-07-17,781,819
2019-07-18,783,795
2019-07-19,790,813
2019-07-20,892,892
2019-07-21,892,892
2019-07-22,882,894
2019-07-23,834,892
2019-07-24,815,836
2019-07-25,815,843
2019-07-26,826,839
2019-07-27,786,831
2019-07-28,788,788
2019-07-29,786,789
2019-07-30,783,811
2019-07-31,787,803
2019-08-01,788,817
2019-08-02,812,819
2019-08-03,822,822
2019-08-04,823,823
2019-08-05,834,843
2019-08-06,847,854
2019-08-07,837,860
2019-08-08,823,838
2019-08-09,795,826
2019-08-10,810,811
2019-08-11,816,816
2019-08-12,822,829
2019-08-13,825,850
2019-08-14,850,864
2019-08-15,855,867
2019-08-16,861,900
2019-08-17,877,877
2019-08-18,883,883
2019-08-19,900,914
2019-08-20,861,913
2019-08-21,919,932
2019-08-22,934,967
2019-08-23,989,995
2019-08-24,"1,010","1,010"
2019-08-25,"1,012","1,012"
2019-08-26,"1,001","1,041"
2019-08-27,979,"1,016"
2019-08-28,985,"1,013"
2019-08-29,956,989
2019-08-30,953,961
2019-08-31,955,955
2019-09-01,954,956
2019-09-02,952,954
2019-09-03,916,953
2019-09-04,905,937
2019-09-05,908,951
2019-09-06,914,924
2019-09-07,962,963
2019-09-08,963,964
2019-09-09,946,964
2019-09-10,950,965
2019-09-11,955,983
2019-09-12,920,955
2019-09-13,946,949
2019-09-14,977,977
2019-09-15,972,977
2019-09-16,964,975
2019-09-17,945,974
2019-09-18,975,"1,006"
2019-09-19,980,996
2019-09-20,959,981
2019-09-21,958,959
2019-09-22,954,958
2019-09-23,934,964
2019-09-24,891,940
2019-09-25,892,907
2019-09-26,861,903
2019-09-27,904,910
2019-09-28,926,926
2019-09-29,926,927
2019-09-30,917,933
2019-10-01,932,936
2019-10-02,945,953
2019-10-03,930,966
2019-10-04,965,969
2019-10-05,965,965
2019-10-06,964,966
2019-10-07,968,978
2019-10-08,967,975
2019-10-09,946,971
2019-10-10,938,964
2019-10-11,934,944
2019-10-12,944,944
2019-10-13,945,945
2019-10-14,936,949
2019-10-15,938,952
2019-10-16,951,958
2019-10-17,928,974
2019-10-18,944,963
2019-10-19,957,957
2019-10-20,957,957
2019-10-21,945,958
2019-10-22,895,955
2019-10-23,905,914
2019-10-24,886,914
2019-10-25,917,929
2019-10-26,917,917
2019-10-27,917,917
2019-10-28,855,920
2019-10-29,912,935
2019-10-30,992,"1,038"
2019-10-31,959,992
2019-11-01,991,"1,012"
2019-11-02,"1,003","1,003"
2019-11-03,"1,003","1,003"
2019-11-04,988,"1,004"
2019-11-05,967,989
2019-11-06,953,976
2019-11-07,931,956
2019-11-08,912,932
2019-11-09,912,912
2019-11-10,912,912
2019-11-11,912,912
2019-11-12,883,921
2019-11-13,873,898
2019-11-14,889,921
2019-11-15,895,903
2019-11-16,921,921
2019-11-17,919,921
2019-11-18,906,923
2019-11-19,885,919
2019-11-20,886,893
2019-11-21,876,905
2019-11-22,870,876
2019-11-23,870,870
2019-11-24,870,870
2019-11-25,863,891
2019-11-26,840,878
2019-11-27,849,864
2019-11-28,859,864
2019-11-29,859,868
2019-11-30,864,864
2019-12-01,861,864
2019-12-02,858,862
2019-12-03,852,875
2019-12-04,866,872
2019-12-05,866,871
2019-12-06,875,899
2019-12-07,879,879
2019-12-08,879,879
2019-12-09,870,890
2019-12-10,857,892
2019-12-11,857,886
2019-12-12,874,882
2019-12-13,891,906
2019-12-14,926,926
2019-12-15,929,929
2019-12-16,908,929
2019-12-17,888,920
2019-12-18,907,924
2019-12-19,921,933
2019-12-20,934,952
2019-12-21,959,959
2019-12-22,959,959
2019-12-23,917,969
2019-12-24,948,948
2019-12-25,948,948
2019-12-26,949,955
2019-12-27,934,966
2019-12-28,957,957
2019-12-29,957,957
2019-12-30,965,968
2019-12-31,969,980
2020-01-01,976,976
2020-01-02,953,977
2020-01-03,931,957
2020-01-04,932,932
2020-01-05,933,933
2020-01-06,953,959
2020-01-07,939,972
2020-01-08,953,991
2020-01-09,961,989
2020-01-10,979,993
2020-01-11,993,993
2020-01-12,994,994
2020-01-13,987,996
2020-01-14,962,"1,006"
2020-01-15,921,977
2020-01-16,882,955
2020-01-17,890,906
2020-01-18,910,910
2020-01-19,910,910
2020-01-20,882,913
2020-01-21,837,886
2020-01-22,856,865
2020-01-23,872,891
2020-01-24,868,928
2020-01-25,884,884
2020-01-26,884,884
2020-01-27,871,897
2020-01-28,866,918
2020-01-29,904,932
2020-01-30,919,952
2020-01-31,958,985
2020-02-01,976,976
2020-02-02,977,977
2020-02-03,934,981
2020-02-04,942,985
2020-02-05,966,988
2020-02-06,945,"1,032"
2020-02-07,943,"1,002"
2020-02-08,963,963
2020-02-09,963,963
2020-02-10,962,980
2020-02-11,917,974
2020-02-12,875,921
2020-02-13,831,907
2020-02-14,794,877
2020-02-15,818,818
2020-02-16,818,818
2020-02-17,783,819
2020-02-18,735,799
2020-02-19,700,755
2020-02-20,692,752
2020-02-21,727,755
2020-02-22,741,741
2020-02-23,741,741
2020-02-24,727,760
2020-02-25,711,776
2020-02-26,743,778
2020-02-27,795,831
2020-02-28,821,872
2020-02-29,835,835
2020-03-01,708,840
2020-03-02,702,723
2020-03-03,667,722
2020-03-04,754,768
2020-03-05,666,781
2020-03-06,576,696
2020-03-07,606,606
2020-03-08,492,607
2020-03-09,464,518
2020-03-10,436,495
2020-03-11,431,449
2020-03-12,428,461
2020-03-13,410,492
2020-03-14,418,418
2020-03-15,404,418
2020-03-16,390,415
2020-03-17,349,398
2020-03-18,337,349
2020-03-19,321,337
2020-03-20,376,379
2020-03-21,376,376
2020-03-22,375,376
2020-03-23,377,383
2020-03-24,320,424
2020-03-25,315,321
2020-03-26,302,316
2020-03-27,344,350
2020-03-28,344,344
2020-03-29,359,380
2020-03-30,359,359
2020-03-31,350,360
2020-04-01,341,350
2020-04-02,375,382
2020-04-03,417,421
2020-04-04,448,448
2020-04-05,483,483
2020-04-06,516,517
2020-04-07,610,619
2020-04-08,657,665
2020-04-09,675,687
2020-04-10,695,698
2020-04-11,709,709
2020-04-12,710,710
2020-04-13,667,710
2020-04-14,670,676
2020-04-15,668,689
2020-04-16,674,688
2020-04-17,586,679
2020-04-18,591,591
2020-04-19,598,598
2020-04-20,602,604
2020-04-21,618,627
2020-04-22,576,647
2020-04-23,581,624
2020-04-24,565,595
2020-04-25,567,567
2020-04-26,569,570
2020-04-27,569,569
2020-04-28,574,606
2020-04-29,558,575
2020-04-30,552,561
2020-05-01,543,574
2020-05-02,543,543
2020-05-03,543,543
2020-05-04,543,543
2020-05-05,543,546
2020-05-06,528,543
2020-05-07,523,532
2020-05-08,518,523
2020-05-09,518,518
2020-05-10,518,518
2020-05-11,516,518
2020-05-12,520,526
2020-05-13,510,520
2020-05-14,504,512
2020-05-15,399,504
2020-05-16,399,399
2020-05-17,399,399
2020-05-18,396,399
2020-05-19,376,396
2020-05-20,376,376
2020-05-21,375,376
2020-05-22,365,375
2020-05-23,365,365
2020-05-24,365,365
2020-05-25,365,365
2020-05-26,365,365
2020-05-27,365,365
2020-05-28,364,365
2020-05-29,361,364
2020-05-30,361,361
2020-05-31,361,361
2020-06-01,360,361
2020-06-02,353,361
2020-06-03,347,353
2020-06-04,346,347
2020-06-05,366,372
2020-06-06,445,445
2020-06-07,446,446
2020-06-08,440,446
2020-06-09,434,441
2020-06-10,510,510
2020-06-11,511,514
2020-06-12,507,512
2020-06-13,510,512
2020-06-14,510,510
2020-06-15,507,511
2020-06-16,489,508
2020-06-17,487,489
2020-06-18,508,523
2020-06-19,495,530
2020-06-20,531,531
2020-06-21,563,563
2020-06-22,562,563
2020-06-23,549,562
2020-06-24,548,549
2020-06-25,546,549
2020-06-26,481,598
2020-06-27,483,483
2020-06-28,497,497
2020-06-29,495,500
2020-06-30,468,495
2020-07-01,458,471
2020-07-02,453,459
2020-07-03,471,471
2020-07-04,471,471
2020-07-05,471,471
2020-07-06,467,472
2020-07-07,413,469
2020-07-08,417,421
2020-07-09,390,420
2020-07-10,341,391
2020-07-11,341,341
2020-07-12,339,341
2020-07-13,339,339
2020-07-14,353,357
2020-07-15,348,368
2020-07-16,328,348
2020-07-17,348,352
2020-07-18,364,364
2020-07-19,364,364
2020-07-20,337,364
2020-07-21,331,337
2020-07-22,329,331
2020-07-23,323,329
2020-07-24,339,346
2020-07-25,339,339
2020-07-26,339,339
2020-07-27,333,349
2020-07-28,327,333
2020-07-29,323,328
2020-07-30,348,350
2020-07-31,345,348
2020-08-01,345,345
2020-08-02,345,345
2020-08-03,350,361
2020-08-04,347,350
2020-08-05,346,348
2020-08-06,340,347
2020-08-07,335,340
2020-08-08,349,349
2020-08-09,350,350
2020-08-10,316,350
2020-08-11,313,316
2020-08-12,307,313
2020-08-13,299,307
2020-08-14,313,315
2020-08-15,313,328
2020-08-16,313,313
2020-08-17,311,313
2020-08-18,302,311
2020-08-19,296,326
2020-08-20,269,296
2020-08-21,256,269
2020-08-22,256,256
2020-08-23,256,256
2020-08-24,252,256
2020-08-25,235,252
2020-08-26,244,248
2020-08-27,237,244
2020-08-28,231,237
2020-08-29,231,231
2020-08-30,233,233
2020-08-31,229,233
2020-09-01,188,229
2020-09-02,185,189
2020-09-03,180,185
2020-09-04,201,204
2020-09-05,201,201
2020-09-06,201,201
2020-09-07,201,201
2020-09-08,193,202
2020-09-09,219,221
2020-09-10,219,219
2020-09-11,211,220
2020-09-12,211,211
2020-09-13,211,211
2020-09-14,209,211
2020-09-15,203,209
2020-09-16,200,203
2020-09-17,197,200
2020-09-18,196,197
2020-09-19,196,196
2020-09-20,196,196
2020-09-21,205,206
2020-09-22,197,205
2020-09-23,228,232
2020-09-24,217,258
2020-09-25,259,260
2020-09-26,259,259
2020-09-27,263,263
2020-09-28,264,265
2020-09-29,269,270
2020-09-30,263,282
2020-10-01,290,293
2020-10-02,295,296
2020-10-03,303,304
2020-10-04,303,303
2020-10-05,302,303
2020-10-06,291,303
2020-10-07,290,292
2020-10-08,286,290
2020-10-09,284,286
2020-10-10,284,284
2020-10-11,284,284
2020-10-12,284,284
2020-10-13,261,284
2020-10-14,257,261
2020-10-15,256,257
2020-10-16,256,256
2020-10-17,256,256
2020-10-18,256,256
2020-10-19,256,256
2020-10-20,236,256
2020-10-21,235,236
2020-10-22,263,266
2020-10-23,261,263
2020-10-24,261,261
2020-10-25,261,261
2020-10-26,259,261
2020-10-27,241,259
2020-10-28,239,241
2020-10-29,239,239
2020-10-30,238,239
2020-10-31,238,238
2020-11-01,238,238
2020-11-02,223,238
2020-11-03,216,223
2020-11-04,214,216
2020-11-05,193,224
2020-11-06,191,193
2020-11-07,191,191
2020-11-08,191,191
2020-11-09,189,192
2020-11-10,176,189
2020-11-11,176,176
2020-11-12,176,176
2020-11-13,167,176
2020-11-14,167,167
2020-11-15,167,167
2020-11-16,185,187
2020-11-17,168,185
2020-11-18,165,168
2020-11-19,164,165
2020-11-20,171,176
2020-11-21,171,171
2020-11-22,171,171
2020-11-23,170,171
2020-11-24,166,173
2020-11-25,167,168
2020-11-26,170,170
2020-11-27,170,170
2020-11-28,169,170
2020-11-29,169,169
2020-11-30,163,169
2020-12-01,152,164
2020-12-02,164,166
2020-12-03,142,165
2020-12-04,133,146
2020-12-05,133,133
2020-12-06,133,133
2020-12-07,132,133
2020-12-08,127,132
2020-12-09,156,156
2020-12-10,161,166
2020-12-11,177,180
2020-12-12,177,177
2020-12-13,177,177
2020-12-14,191,192
2020-12-15,201,209
2020-12-16,192,201
2020-12-17,178,192
2020-12-18,169,178
2020-12-19,169,169
2020-12-20,169,169
2020-12-21,162,169
2020-12-22,161,163
2020-12-23,183,184
2020-12-24,183,183
2020-12-25,183,183
2020-12-26,183,183
2020-12-27,183,183
2020-12-28,183,183
2020-12-29,174,183
2020-12-30,167,174
2020-12-31,164,167
2021-01-01,164,164
2021-01-02,164,164
2021-01-03,164,164
2021-01-04,163,164
2021-01-05,132,165
2021-01-06,180,182
2021-01-07,175,180
2021-01-08,170,175
2021-01-09,170,170
2021-01-10,170,170
2021-01-11,168,172
2021-01-12,157,168
2021-01-13,162,168
2021-01-14,157,162
2021-01-15,155,158
2021-01-16,155,155
2021-01-17,157,157
2021-01-18,181,181
2021-01-19,167,181
2021-01-20,159,167
2021-01-21,151,159
2021-01-22,160,160
2021-01-23,160,160
2021-01-24,160,160
2021-01-25,158,164
2021-01-26,173,177
2021-01-27,153,178
2021-01-28,145,154
2021-01-29,175,179
2021-01-30,175,175
2021-01-31,175,175
2021-02-01,173,176
2021-02-02,161,173
2021-02-03,163,165
2021-02-04,161,163
2021-02-05,160,163
2021-02-06,160,160
2021-02-07,160,160
2021-02-08,158,161
2021-02-09,130,159
2021-02-10,126,134
2021-02-11,118,127
2021-02-12,132,134
2021-02-13,140,140
2021-02-14,140,140
2021-02-15,140,140
2021-02-16,150,157
2021-02-17,174,179
2021-02-18,200,204
2021-02-19,199,203
2021-02-20,199,199
2021-02-21,200,200
2021-02-22,212,217
2021-02-23,213,216
2021-02-24,206,213
2021-02-25,207,216
2021-02-26,199,207
2021-02-27,199,199
2021-02-28,199,199
2021-03-01,196,199
2021-03-02,185,197
2021-03-03,189,193
2021-03-04,185,189
2021-03-05,183,185
2021-03-06,183,183
2021-03-07,183,183
2021-03-08,182,184
2021-03-09,171,189
2021-03-10,164,172
2021-03-11,159,164
2021-03-12,150,159
2021-03-13,150,150
2021-03-14,150,150
2021-03-15,156,159
2021-03-16,137,156
2021-03-17,133,137
2021-03-18,126,133
2021-03-19,121,126
2021-03-20,121,121
2021-03-21,121,121
2021-03-22,117,121
2021-03-23,107,123
2021-03-24,100,107
2021-03-25,109,112
2021-03-26,121,124
2021-03-27,128,128
2021-03-28,131,131
2021-03-29,134,136
2021-03-30,155,167
2021-03-31,155,159
2021-04-01,154,155
2021-04-02,157,158
2021-04-03,155,157
2021-04-04,155,155
2021-04-05,191,192
2021-04-06,184,192
2021-04-07,182,193
2021-04-08,176,182
2021-04-09,173,176
2021-04-10,173,173
2021-04-11,173,173
2021-04-12,168,173
2021-04-13,165,168
2021-04-14,174,185
2021-04-15,206,210
2021-04-16,212,217
2021-04-17,212,212
2021-04-18,212,212
2021-04-19,212,212
2021-04-20,208,212
2021-04-21,200,219
2021-04-22,205,208
2021-04-23,204,206
2021-04-24,204,204
2021-04-25,204,204
2021-04-26,204,204
2021-04-27,188,204
2021-04-28,198,200
2021-04-29,197,198
2021-04-30,200,208
2021-05-01,201,201
2021-05-02,201,201
2021-05-03,201,201
2021-05-04,208,215
2021-05-05,206,227
2021-05-06,211,215
2021-05-07,209,211
2021-05-08,209,209
2021-05-09,221,221
2021-05-10,243,255
2021-05-11,282,305
2021-05-12,343,353
2021-05-13,363,369
2021-05-14,411,415
2021-05-15,414,414
2021-05-16,414,414
2021-05-17,445,458
2021-05-18,446,454
2021-05-19,436,464
2021-05-20,422,440
2021-05-21,435,441
2021-05-22,448,449
2021-05-23,450,451
2021-05-24,443,453
2021-05-25,432,443
2021-05-26,422,432
2021-05-27,428,434
2021-05-28,418,428
2021-05-29,417,418
2021-05-30,417,417
2021-05-31,417,417
2021-06-01,534,548
2021-06-02,531,558
2021-06-03,516,532
2021-06-04,640,645
2021-06-05,645,645
2021-06-06,645,645
2021-06-07,651,657
2021-06-08,642,651
2021-06-09,655,677
2021-06-10,664,670
2021-06-11,663,684
2021-06-12,660,663
2021-06-13,660,660
2021-06-14,643,660
2021-06-15,651,670
2021-06-16,625,651
2021-06-17,596,657
2021-06-18,623,638
2021-06-19,623,624
2021-06-20,623,623
2021-06-21,615,633
2021-06-22,587,668
2021-06-23,595,624
2021-06-24,579,600
2021-06-25,619,637
2021-06-26,673,673
2021-06-27,673,676
2021-06-28,661,685
2021-06-29,636,675
2021-06-30,628,664
2021-07-01,588,641
2021-07-02,569,602
2021-07-03,590,590
2021-07-04,590,590
2021-07-05,589,590
2021-07-06,574,590
2021-07-07,552,576
2021-07-08,458,562
2021-07-09,439,458
2021-07-10,473,473
2021-07-11,564,564
2021-07-12,588,595
2021-07-13,555,588
2021-07-14,542,556
2021-07-15,546,578
2021-07-16,493,551
2021-07-17,626,637
2021-07-18,649,669
2021-07-19,580,655
2021-07-20,598,634
2021-07-21,587,619
2021-07-22,553,613
2021-07-23,562,604
2021-07-24,562,562
2021-07-25,547,562
2021-07-26,532,552
2021-07-27,511,532
2021-07-28,488,512
2021-07-29,481,492
2021-07-30,477,546
2021-07-31,494,494
2021-08-01,501,501
2021-08-02,502,523
2021-08-03,475,503
2021-08-04,432,476
2021-08-05,432,452
2021-08-06,417,433
2021-08-07,427,427
2021-08-08,427,427
2021-08-09,375,438
2021-08-10,371,401
2021-08-11,341,371
2021-08-12,303,341
2021-08-13,267,304
2021-08-14,268,268
2021-08-15,307,307
2021-08-16,282,309
2021-08-17,364,392
2021-08-18,349,364
2021-08-19,416,423
2021-08-20,359,417
2021-08-21,359,359
2021-08-22,359,359
2021-08-23,365,366
2021-08-24,352,365
2021-08-25,327,352
2021-08-26,309,327
2021-08-27,278,309
2021-08-28,310,315
2021-08-29,324,325
2021-08-30,320,324
2021-08-31,332,371
2021-09-01,329,332
2021-09-02,320,329
2021-09-03,311,323
2021-09-04,352,353
2021-09-05,354,354
2021-09-06,354,354
2021-09-07,348,354
2021-09-08,373,386
2021-09-09,369,373
2021-09-10,376,393
2021-09-11,387,391
2021-09-12,390,390
2021-09-13,384,390
2021-09-14,406,421
2021-09-15,398,406
2021-09-16,393,398
2021-09-17,522,541
2021-09-18,554,559
2021-09-19,549,598
2021-09-20,525,550
2021-09-21,566,593
2021-09-22,605,634
2021-09-23,599,605
2021-09-24,582,599
2021-09-25,581,582
2021-09-26,582,582
2021-09-27,560,582
2021-09-28,564,594
2021-09-29,582,604
2021-09-30,565,584
2021-10-01,556,602
2021-10-02,592,593
2021-10-03,596,597
2021-10-04,577,598
2021-10-05,586,609
2021-10-06,567,586
2021-10-07,632,638
2021-10-08,621,632
2021-10-09,597,658
2021-10-10,601,601
2021-10-11,637,638
2021-10-12,619,637
2021-10-13,600,619
2021-10-14,589,600
2021-10-15,549,625
2021-10-16,549,586
2021-10-17,586,586
2021-10-18,579,590
2021-10-19,583,616
2021-10-20,546,583
2021-10-21,521,546
2021-10-22,544,559
2021-10-23,542,545
2021-10-24,543,543
2021-10-25,537,543
2021-10-26,507,539
2021-10-27,531,543
2021-10-28,512,531
2021-10-29,543,552
2021-10-30,589,617
2021-10-31,592,592
2021-11-01,586,595
2021-11-02,562,586
2021-11-03,554,565
2021-11-04,564,592
2021-11-05,539,564
2021-11-06,573,576
2021-11-07,573,573
2021-11-08,555,573
2021-11-09,531,555
2021-11-10,511,559
2021-11-11,503,521
2021-11-12,533,540
2021-11-13,514,533
2021-11-14,553,554
2021-11-15,548,554
2021-11-16,621,632
2021-11-17,592,637
2021-11-18,561,592
2021-11-19,558,598
2021-11-20,530,558
2021-11-21,534,534
2021-11-22,534,534
2021-11-23,512,534
2021-11-24,519,551
2021-11-25,519,519
2021-11-26,508,519
2021-11-27,508,541
2021-11-28,545,545
2021-11-29,579,582
2021-11-30,555,579
2021-12-01,527,555
2021-12-02,548,564
2021-12-03,550,571
2021-12-04,532,550
2021-12-05,532,532
2021-12-06,549,553
2021-12-07,562,589
2021-12-08,533,570
2021-12-09,532,560
2021-12-10,506,562
2021-12-11,477,506
2021-12-12,477,477
2021-12-13,464,477
2021-12-14,446,464
2021-12-15,396,446
2021-12-16,373,397
2021-12-17,340,373
2021-12-18,367,376
2021-12-19,366,380
2021-12-20,367,371
2021-12-21,356,367
2021-12-22,320,359
2021-12-23,412,414
2021-12-24,454,499
2021-12-25,488,489
2021-12-26,488,488
2021-12-27,519,531
2021-12-28,522,558
2021-12-29,531,546
2021-12-30,589,597
2021-12-31,583,590
2022-01-01,582,584
2022-01-02,560,582
2022-01-03,564,565
2022-01-04,585,600
2022-01-05,575,585
2022-01-06,569,609
2022-01-07,547,580
2022-01-08,546,549
2022-01-09,546,547
2022-01-10,572,586
2022-01-11,538,574
2022-01-12,553,578
2022-01-13,552,589
2022-01-14,578,589
2022-01-15,603,615
2022-01-16,603,604
2022-01-17,608,609
2022-01-18,580,618
2022-01-19,592,620
2022-01-20,590,631
2022-01-21,521,592
2022-01-22,574,595
2022-01-23,574,574
2022-01-24,570,575
2022-01-25,558,571
2022-01-26,519,558
2022-01-27,500,521
2022-01-28,486,500
2022-01-29,458,486
2022-01-30,458,458
2022-01-31,454,458
2022-02-01,457,489
2022-02-02,417,457
2022-02-03,417,417
2022-02-04,423,454
2022-02-05,407,423
2022-02-06,402,407
2022-02-07,419,434
2022-02-08,406,419
2022-02-09,395,406
2022-02-10,491,507
2022-02-11,471,491
2022-02-12,497,508
2022-02-13,493,497
2022-02-14,480,493
2022-02-15,467,484
2022-02-16,434,467
2022-02-17,429,470
2022-02-18,439,465
2022-02-19,431,439
2022-02-20,431,431
2022-02-21,431,431
2022-02-22,396,431
2022-02-23,403,433
2022-02-24,364,404
2022-02-25,321,364
2022-02-26,393,393
2022-02-27,393,393
2022-02-28,379,393
2022-03-01,379,416
2022-03-02,419,453
2022-03-03,441,460
2022-03-04,409,441
2022-03-05,384,409
2022-03-06,384,384
2022-03-07,383,387
2022-03-08,350,383
2022-03-09,368,387
2022-03-10,345,368
2022-03-11,323,345
2022-03-12,311,323
2022-03-13,311,311
2022-03-14,328,348
2022-03-15,288,329
2022-03-16,277,288
2022-03-17,282,314
2022-03-18,277,282
2022-03-19,276,277
2022-03-20,313,313
2022-03-21,365,370
2022-03-22,361,366
2022-03-23,402,415
2022-03-24,357,402
2022-03-25,424,432
2022-03-26,457,460
2022-03-27,457,457
2022-03-28,455,458
2022-03-29,394,455
2022-03-30,357,394
2022-03-31,330,358
2022-04-01,397,404
2022-04-02,397,397
2022-04-03,393,397
2022-04-04,388,393
2022-04-05,377,388
2022-04-06,385,414
2022-04-07,334,385
2022-04-08,301,334
2022-04-09,328,338
2022-04-10,328,328
2022-04-11,363,365
2022-04-12,349,364
2022-04-13,373,387
2022-04-14,354,373
2022-04-15,339,354
2022-04-16,336,340
2022-04-17,373,373
2022-04-18,379,409
2022-04-19,403,416
2022-04-20,387,404
2022-04-21,389,424
2022-04-22,480,502
2022-04-23,551,554
2022-04-24,551,551
2022-04-25,585,588
2022-04-26,614,623
2022-04-27,597,614
2022-04-28,579,634
2022-04-29,566,580
2022-04-30,549,566
2022-05-01,549,549
2022-05-02,549,549
2022-05-03,524,586
2022-05-04,586,597
2022-05-05,568,586
2022-05-06,557,570
2022-05-07,552,557
2022-05-08,552,552
2022-05-09,582,589
2022-05-10,511,582
2022-05-11,497,511
2022-05-12,526,534
2022-05-13,590,601
2022-05-14,583,590
2022-05-15,583,583
2022-05-16,500,583
2022-05-17,515,537
2022-05-18,524,552
2022-05-19,561,561
2022-05-20,533,561
2022-05-21,517,533
2022-05-22,554,554
2022-05-23,588,590
2022-05-24,567,588
2022-05-25,549,570
2022-05-26,568,586
2022-05-27,544,568
2022-05-28,573,581
2022-05-29,573,573
2022-05-30,573,573
2022-05-31,520,610
2022-06-01,582,595
2022-06-02,535,583
2022-06-03,560,572
2022-06-04,569,589
2022-06-05,577,577
2022-06-06,569,578
2022-06-07,539,569
2022-06-08,521,547
2022-06-09,505,521
2022-06-10,522,542
2022-06-11,495,523
2022-06-12,528,528
2022-06-13,527,528
2022-06-14,512,528
2022-06-15,539,549
2022-06-16,518,543
2022-06-17,503,518
2022-06-18,489,503
2022-06-19,489,489
2022-06-20,477,489
2022-06-21,526,551
2022-06-22,519,527
2022-06-23,500,520
2022-06-24,481,501
2022-06-25,476,481
2022-06-26,476,476
2022-06-27,513,513
2022-06-28,499,513
2022-06-29,488,536
2022-06-30,521,551
2022-07-01,539,558
2022-07-02,534,539
2022-07-03,534,534
2022-07-04,571,571
2022-07-05,565,599
2022-07-06,555,565
2022-07-07,560,594
2022-07-08,553,560
2022-07-09,543,553
2022-07-10,542,543
2022-07-11,578,579
2022-07-12,545,578
2022-07-13,526,546
2022-07-14,545,565
2022-07-15,533,547
2022-07-16,527,533
2022-07-17,563,564
2022-07-18,563,564
2022-07-19,508,565
2022-07-20,523,546
2022-07-21,510,523
2022-07-22,527,548
2022-07-23,519,528
2022-07-24,519,519
2022-07-25,518,519
2022-07-26,492,523
2022-07-27,479,493
2022-07-28,467,479
2022-07-29,503,521
2022-07-30,489,503
2022-07-31,489,489
2022-08-01,551,553
2022-08-02,519,559
2022-08-03,498,519
2022-08-04,524,535
2022-08-05,500,528
2022-08-06,494,500
2022-08-07,568,568
2022-08-08,567,569
2022-08-09,560,567
2022-08-10,659,671
2022-08-11,651,660
2022-08-12,628,651
2022-08-13,613,628
2022-08-14,607,614
2022-08-15,641,644
2022-08-16,615,641
2022-08-17,594,615
2022-08-18,613,624
2022-08-19,635,652
2022-08-20,629,635
2022-08-21,630,630
2022-08-22,597,631
2022-08-23,630,634
2022-08-24,608,630
2022-08-25,595,608
2022-08-26,575,595
2022-08-27,557,575
2022-08-28,594,594
2022-08-29,583,594
2022-08-30,534,583
2022-08-31,589,608
2022-09-01,579,589
2022-09-02,568,580
2022-09-03,568,569
2022-09-04,566,568
2022-09-05,565,566
2022-09-06,549,565
2022-09-07,537,549
2022-09-08,537,559
2022-09-09,534,543
2022-09-10,532,544
2022-09-11,530,532
2022-09-12,525,532
2022-09-13,480,525
2022-09-14,469,480
2022-09-15,424,469
2022-09-16,421,424
2022-09-17,414,421
2022-09-18,414,414
2022-09-19,441,444
2022-09-20,431,448
2022-09-21,482,497
2022-09-22,472,482
2022-09-23,468,472
2022-09-24,460,468
2022-09-25,460,460
2022-09-26,451,462
2022-09-27,433,452
2022-09-28,429,433
2022-09-29,412,429
2022-09-30,398,414
2022-10-01,472,472
2022-10-02,509,509
2022-10-03,531,535
2022-10-04,504,537
2022-10-05,467,510
2022-10-06,462,467
2022-10-07,454,462
2022-10-08,449,454
2022-10-09,449,449
2022-10-10,449,449
2022-10-11,417,449
2022-10-12,399,418
2022-10-13,394,399
2022-10-14,374,394
2022-10-15,375,375
2022-10-16,375,375
2022-10-17,374,381
2022-10-18,356,375
2022-10-19,353,357
2022-10-20,347,354
2022-10-21,340,347
2022-10-22,340,340
2022-10-23,414,414
2022-10-24,409,414
2022-10-25,395,409
2022-10-26,389,395
2022-10-27,457,459
2022-10-28,525,532
2022-10-29,525,525
2022-10-30,525,525
2022-10-31,595,599
2022-11-01,585,595
2022-11-02,656,662
2022-11-03,651,656
2022-11-04,681,692
2022-11-05,680,681
2022-11-06,680,680
2022-11-07,675,680
2022-11-08,665,676
2022-11-09,655,665
2022-11-10,648,657
2022-11-11,647,648
2022-11-12,647,647
2022-11-13,683,683
2022-11-14,675,683
2022-11-15,646,677
2022-11-16,635,647
2022-11-17,629,637
2022-11-18,622,631
2022-11-19,621,623
2022-11-20,621,621
2022-11-21,614,622
2022-11-22,597,616
2022-11-23,594,597
2022-11-24,594,594
2022-11-25,588,594
2022-11-26,588,588
2022-11-27,588,588
2022-11-28,583,589
2022-11-29,564,585
2022-11-30,591,603
2022-12-01,578,591
2022-12-02,583,590
2022-12-03,583,583
2022-12-04,583,583
2022-12-05,577,583
2022-12-06,566,577
2022-12-07,553,566
2022-12-08,543,553
2022-12-09,519,543
2022-12-10,499,519
2022-12-11,531,532
2022-12-12,528,531
2022-12-13,506,534
2022-12-14,518,543
2022-12-15,506,519
2022-12-16,493,506
2022-12-17,550,559
2022-12-18,550,550
2022-12-19,543,550
2022-12-20,532,545
2022-12-21,493,532
2022-12-22,478,493
2022-12-23,456,478
2022-12-24,448,456
2022-12-25,447,448
2022-12-26,447,447
2022-12-27,438,447
2022-12-28,431,438
2022-12-29,419,431
2022-12-30,409,419
2022-12-31,409,409
2023-01-01,443,443
2023-01-02,442,443
2023-01-03,438,442
2023-01-04,414,438
2023-01-05,401,414
2023-01-06,389,409
2023-01-07,370,389
2023-01-08,370,370
2023-01-09,406,413
2023-01-10,418,443
2023-01-11,440,461
2023-01-12,378,446
2023-01-13,363,386
2023-01-14,360,363
2023-01-15,397,397
2023-01-16,435,435
2023-01-17,446,477
2023-01-18,511,520
2023-01-19,465,514
2023-01-20,489,502
2023-01-21,516,526
2023-01-22,553,553
2023-01-23,589,592
2023-01-24,608,626
2023-01-25,607,646
2023-01-26,602,608
2023-01-27,665,677
2023-01-28,658,665
2023-01-29,658,658
2023-01-30,655,658
2023-01-31,641,656
2023-02-01,699,758
2023-02-02,580,699
2023-02-03,571,580
2023-02-04,566,571
2023-02-05,565,566
2023-02-06,564,566
2023-02-07,546,565
2023-02-08,495,546
2023-02-09,479,495
2023-02-10,462,479
2023-02-11,447,463
2023-02-12,447,447
2023-02-13,446,448
2023-02-14,471,484
2023-02-15,455,471
2023-02-16,450,456
2023-02-17,441,450
2023-02-18,427,441
2023-02-19,426,427
2023-02-20,426,426
2023-02-21,404,426
2023-02-22,394,405
2023-02-23,391,394
2023-02-24,425,429
2023-02-25,420,425
2023-02-26,457,457
2023-02-27,533,533
2023-02-28,587,607
2023-03-01,574,588
2023-03-02,526,574
2023-03-03,518,526
2023-03-04,513,518
2023-03-05,513,513
2023-03-06,549,551
2023-03-07,545,586
2023-03-08,532,545
2023-03-09,495,532
2023-03-10,559,568
2023-03-11,555,559
2023-03-12,555,555
2023-03-13,589,591
2023-03-14,576,590
2023-03-15,612,613
2023-03-16,606,612
2023-03-17,553,606
2023-03-18,552,553
2023-03-19,553,553
2023-03-20,551,554
2023-03-21,544,552
2023-03-22,535,545
2023-03-23,502,536
2023-03-24,493,502
2023-03-25,483,493
2023-03-26,483,483
2023-03-27,476,483
2023-03-28,473,479
2023-03-29,431,473
2023-03-30,461,468
2023-03-31,444,461
2023-04-01,441,444
2023-04-02,441,441
2023-04-03,439,441
2023-04-04,430,440
2023-04-05,411,431
2023-04-06,396,411
2023-04-07,390,398
2023-04-08,390,390
2023-04-09,464,464
2023-04-10,462,531
2023-04-11,443,462
2023-04-12,358,443
2023-04-13,385,392
2023-04-14,414,423
2023-04-15,403,414
2023-04-16,403,403
2023-04-17,370,406
2023-04-18,345,371
2023-04-19,368,381
2023-04-20,364,369
2023-04-21,361,364
2023-04-22,357,361
2023-04-23,357,357
2023-04-24,356,357
2023-04-25,343,356
2023-04-26,335,344
2023-04-27,360,363
2023-04-28,364,365
2023-04-29,364,364
2023-04-30,364,364
2023-05-01,394,396
2023-05-02,381,396
2023-05-03,379,381
2023-05-04,378,387
2023-05-05,377,381
2023-05-06,413,414
2023-05-07,450,450
2023-05-08,447,450
2023-05-09,435,447
2023-05-10,430,435
2023-05-11,428,430
2023-05-12,556,557
2023-05-13,554,556
2023-05-14,433,555
2023-05-15,483,486
2023-05-16,456,485
2023-05-17,497,498
2023-05-18,591,594
2023-05-19,683,685
2023-05-20,693,693
2023-05-21,682,696
2023-05-22,677,693
2023-05-23,656,691
2023-05-24,666,670
2023-05-25,675,675
2023-05-26,707,716
2023-05-27,704,707
2023-05-28,704,704
2023-05-29,703,721
2023-05-30,669,713
2023-05-31,672,690
2023-06-01,740,742
2023-06-02,733,740
2023-06-03,733,735
2023-06-04,722,738
2023-06-05,738,741
2023-06-06,719,758
2023-06-07,685,726
2023-06-08,680,694
2023-06-09,687,709
2023-06-10,711,711
2023-06-11,713,713
2023-06-12,728,731
2023-06-13,711,740
2023-06-14,707,730
2023-06-15,726,734
2023-06-16,722,736
2023-06-17,728,728
2023-06-18,727,728
2023-06-19,734,734
2023-06-20,707,739
2023-06-21,704,712
2023-06-22,715,730
2023-06-23,711,723
2023-06-24,712,720
2023-06-25,716,716
2023-06-26,713,716
2023-06-27,674,717
2023-06-28,670,675
2023-06-29,673,682
2023-06-30,667,692
2023-07-01,673,677
2023-07-02,702,702
2023-07-03,704,706
2023-07-04,744,744
2023-07-05,746,747
2023-07-06,844,846
2023-07-07,833,845
2023-07-08,816,833
2023-07-09,815,816
2023-07-10,813,816
2023-07-11,794,813
2023-07-12,786,795
2023-07-13,781,788
2023-07-14,771,781
2023-07-15,769,771
2023-07-16,769,769
2023-07-17,769,770
2023-07-18,759,769
2023-07-19,751,759
2023-07-20,742,765
2023-07-21,743,745
2023-07-22,742,744
2023-07-23,742,742
2023-07-24,732,748
2023-07-25,718,738
2023-07-26,717,729
2023-07-27,724,741
2023-07-28,716,740
2023-07-29,714,725
2023-07-30,714,714
2023-07-31,683,732
2023-08-01,667,687
2023-08-02,656,668
2023-08-03,670,673
2023-08-04,674,679
2023-08-05,672,675
2023-08-06,672,672
2023-08-07,682,683
2023-08-08,691,707
2023-08-09,726,733
2023-08-10,722,729
2023-08-11,715,754
2023-08-12,727,731
2023-08-13,727,727
2023-08-14,739,742
2023-08-15,733,751
2023-08-16,715,746
2023-08-17,717,722
2023-08-18,716,738
2023-08-19,720,724
2023-08-20,720,720
2023-08-21,738,739
2023-08-22,709,743
2023-08-23,718,724
2023-08-24,740,749
2023-08-25,730,748
2023-08-26,741,744
2023-08-27,749,749
2023-08-28,743,750
2023-08-29,734,752
2023-08-30,738,746
2023-08-31,735,745
2023-09-01,737,752
2023-09-02,733,746
2023-09-03,739,739
2023-09-04,749,749
2023-09-05,743,749
2023-09-06,744,748
2023-09-07,751,764
2023-09-08,729,751
2023-09-09,726,729
2023-09-10,726,726
2023-09-11,723,734
2023-09-12,729,742
2023-09-13,725,738
2023-09-14,737,749
2023-09-15,733,739
2023-09-16,736,741
2023-09-17,736,736
2023-09-18,744,745
2023-09-19,738,755
2023-09-20,728,740
2023-09-21,736,742
2023-09-22,731,769
2023-09-23,733,738
2023-09-24,750,750
2023-09-25,833,847
2023-09-26,863,924
2023-09-27,845,896
2023-09-28,887,931
2023-09-29,843,887
2023-09-30,839,843
2023-10-01,783,839
2023-10-02,845,850
2023-10-03,838,863
2023-10-04,852,858
2023-10-05,846,852
2023-10-06,853,857
2023-10-07,845,857
2023-10-08,845,845
2023-10-09,869,869
2023-10-10,854,874
2023-10-11,853,859
2023-10-12,848,858
2023-10-13,834,867
2023-10-14,828,859
2023-10-15,838,838
2023-10-16,847,848
2023-10-17,851,921
2023-10-18,899,902
2023-10-19,939,943
2023-10-20,955,957
2023-10-21,957,957
2023-10-22,963,963
2023-10-23,962,963
2023-10-24,926,964
2023-10-25,946,950
2023-10-26,940,948
2023-10-27,947,959
2023-10-28,957,958
2023-10-29,963,963
2023-10-30,963,965
2023-10-31,951,967
2023-11-01,949,958
2023-11-02,959,960
2023-11-03,958,960
2023-11-04,967,969
2023-11-05,967,967
2023-11-06,974,976
2023-11-07,945,975
2023-11-08,948,953
2023-11-09,962,978
2023-11-10,972,981
2023-11-11,978,978
2023-11-12,983,985
2023-11-13,983,"1,008"
2023-11-14,970,"1,013"
2023-11-15,948,"1,016"
2023-11-16,929,971
2023-11-17,947,964
2023-11-18,959,964
2023-11-19,963,963
2023-11-20,966,983
2023-11-21,964,978
2023-11-22,965,972
2023-11-23,982,982
2023-11-24,982,982
2023-11-25,980,982
2023-11-26,981,981
2023-11-27,968,991
2023-11-28,961,984
2023-11-29,964,976
2023-11-30,959,971
2023-12-01,966,978
2023-12-02,974,992
2023-12-03,981,981
2023-12-04,965,989
2023-12-05,920,984
2023-12-06,927,950
2023-12-07,916,939
2023-12-08,910,934
2023-12-09,928,944
2023-12-10,950,950
2023-12-11,955,978
2023-12-12,929,985
2023-12-13,921,935
2023-12-14,911,946
2023-12-15,909,946
2023-12-16,864,911
2023-12-17,886,888
2023-12-18,890,896
2023-12-19,888,899
2023-12-20,877,890
2023-12-21,856,887
2023-12-22,840,872
2023-12-23,818,847
2023-12-24,828,829
2023-12-25,846,846
2023-12-26,887,891
2023-12-27,891,906
2023-12-28,933,936
2023-12-29,927,937
2023-12-30,957,957
2023-12-31,962,962
2024-01-01,962,962
2024-01-02,957,967
2024-01-03,958,962
2024-01-04,952,965
2024-01-05,942,963
2024-01-06,938,951
2024-01-07,952,952
2024-01-08,947,968
2024-01-09,938,963
2024-01-10,926,940
2024-01-11,916,928
2024-01-12,910,920
2024-01-13,866,911
2024-01-14,866,866
2024-01-15,935,937
2024-01-16,854,935
2024-01-17,855,875
2024-01-18,846,859
2024-01-19,841,851
2024-01-20,815,841
2024-01-21,834,834
2024-01-22,836,838
2024-01-23,813,855
2024-01-24,788,826
2024-01-25,801,820
2024-01-26,764,808
2024-01-27,776,777
2024-01-28,811,813
2024-01-29,848,854
2024-01-30,857,881
2024-01-31,854,873
2024-02-01,880,887
2024-02-02,856,908
2024-02-03,857,902
2024-02-04,909,911
2024-02-05,912,956
2024-02-06,862,"1,026"
2024-02-07,842,868
2024-02-08,706,852
2024-02-09,657,712
2024-02-10,741,757
2024-02-11,800,800
2024-02-12,849,852
2024-02-13,824,968
2024-02-14,816,824
2024-02-15,800,941
2024-02-16,857,878
2024-02-17,858,880
2024-02-18,858,858
2024-02-19,915,915
2024-02-20,862,"1,016"
2024-02-21,896,907
2024-02-22,874,"1,024"
2024-02-23,900,918
2024-02-24,931,935
2024-02-25,931,931
2024-02-26,934,939
2024-02-27,912,"1,055"
2024-02-28,939,951
2024-02-29,922,"1,053"
2024-03-01,954,979
2024-03-02,950,954
2024-03-03,950,950
2024-03-04,951,957
2024-03-05,918,"1,072"
2024-03-06,921,938
2024-03-07,885,"1,026"
2024-03-08,898,912
2024-03-09,848,898
2024-03-10,871,873
2024-03-11,911,916
2024-03-12,884,"1,050"
2024-03-13,922,936
2024-03-14,897,"1,044"
2024-03-15,901,927
2024-03-16,905,913
2024-03-17,921,921
2024-03-18,886,921
2024-03-19,848,"1,008"
2024-03-20,833,848
2024-03-21,800,927
2024-03-22,829,842
2024-03-23,817,831
2024-03-24,879,879
2024-03-25,905,920
2024-03-26,871,"1,024"
2024-03-27,910,925
2024-03-28,933,939
2024-03-29,864,936
2024-03-30,865,866
2024-03-31,868,868
2024-04-01,875,896
2024-04-02,908,"1,041"
2024-04-03,891,913
2024-04-04,853,"1,009"
2024-04-05,850,882
2024-04-06,841,850
2024-04-07,847,847
2024-04-08,861,866
2024-04-09,835,981
2024-04-10,826,847
2024-04-11,820,952
2024-04-12,837,861
2024-04-13,824,837
2024-04-14,824,824
2024-04-15,843,848
2024-04-16,820,961
2024-04-17,797,822
2024-04-18,774,913
2024-04-19,784,799
2024-04-20,784,784
2024-04-21,784,784
2024-04-22,796,805
2024-04-23,757,916
2024-04-24,814,852
2024-04-25,810,935
2024-04-26,837,855
2024-04-27,781,838
2024-04-28,781,781
2024-04-29,795,810
2024-04-30,757,910
2024-05-01,740,760
2024-05-02,742,869
2024-05-03,731,762
2024-05-04,733,733
2024-05-05,732,733
2024-05-06,695,736
2024-05-07,646,832
2024-05-08,650,664
2024-05-09,603,725
2024-05-10,722,731
2024-05-11,740,740
2024-05-12,740,740
2024-05-13,781,797
2024-05-14,666,804
2024-05-15,749,758
2024-05-16,795,804
2024-05-17,827,837
2024-05-18,827,827
2024-05-19,827,827
2024-05-20,799,827
2024-05-21,640,799
2024-05-22,657,662
2024-05-23,740,755
2024-05-24,797,804
2024-05-25,844,851
2024-05-26,874,874
2024-05-27,874,874
2024-05-28,733,880
2024-05-29,833,843
2024-05-30,833,834
2024-05-31,848,855
2024-06-01,819,850
2024-06-02,815,822
2024-06-03,819,838
2024-06-04,681,840
2024-06-05,740,750
2024-06-06,809,814
2024-06-07,826,831
2024-06-08,808,829
2024-06-09,808,808
2024-06-10,821,840
2024-06-11,778,925
2024-06-12,852,862
2024-06-13,847,854
2024-06-14,869,876
2024-06-15,866,869
2024-06-16,867,867
2024-06-17,850,868
2024-06-18,760,898
2024-06-19,749,789
2024-06-20,747,758
2024-06-21,838,844
2024-06-22,844,844
2024-06-23,844,844
2024-06-24,794,860
2024-06-25,735,857
2024-06-26,832,834
2024-06-27,858,871
2024-06-28,835,866
2024-06-29,836,836
2024-06-30,853,853
2024-07-01,822,853
2024-07-02,735,930
2024-07-03,752,774
2024-07-04,759,760
2024-07-05,818,830
2024-07-06,831,831
2024-07-07,831,831
2024-07-08,808,858
2024-07-09,801,928
2024-07-10,829,835
2024-07-11,881,892
2024-07-12,849,888
2024-07-13,850,851
2024-07-14,854,855
2024-07-15,862,894
2024-07-16,748,924
2024-07-17,762,805
2024-07-18,835,850
2024-07-19,827,838
2024-07-20,830,830
2024-07-21,835,836
2024-07-22,832,883
2024-07-23,786,910
2024-07-24,860,864
2024-07-25,888,927
2024-07-26,860,903
2024-07-27,866,866
2024-07-28,869,869
2024-07-29,838,869
2024-07-30,780,927
2024-07-31,846,863
2024-08-01,868,879
2024-08-02,846,894
2024-08-03,847,847
2024-08-04,852,852
2024-08-05,863,879
2024-08-06,742,923
2024-08-07,755,771
2024-08-08,781,801
2024-08-09,798,818
2024-08-10,800,800
2024-08-11,800,800
2024-08-12,795,810
2024-08-13,731,891
2024-08-14,753,776
2024-08-15,709,768
2024-08-16,701,721
2024-08-17,707,707
2024-08-18,733,733
2024-08-19,693,752
2024-08-20,668,813
2024-08-21,745,755
2024-08-22,786,787
2024-08-23,784,809
2024-08-24,834,835
2024-08-25,835,835
2024-08-26,779,856
2024-08-27,728,896
2024-08-28,729,755
2024-08-29,733,757
2024-08-30,722,746
2024-08-31,722,722
2024-09-01,727,727
2024-09-02,798,799
2024-09-03,808,942
2024-09-04,850,877
2024-09-05,856,871
2024-09-06,854,878
2024-09-07,853,854
2024-09-08,854,854
2024-09-09,836,861
2024-09-10,813,950
2024-09-11,863,869
2024-09-12,780,863
2024-09-13,771,793
2024-09-14,771,771
2024-09-15,771,771
2024-09-16,756,778
2024-09-17,668,863
2024-09-18,724,728
2024-09-19,729,740
2024-09-20,752,778
2024-09-21,755,755
2024-09-22,757,757
2024-09-23,764,780
2024-09-24,746,883
2024-09-25,743,755
2024-09-26,779,786
2024-09-27,771,789
2024-09-28,776,776
2024-09-29,784,784
2024-09-30,772,796
2024-10-01,783,824
2024-10-02,816,826
2024-10-03,775,898
2024-10-04,773,781
2024-10-05,774,774
2024-10-06,774,774
2024-10-07,764,784
2024-10-08,745,888
2024-10-09,769,783
2024-10-10,772,778
2024-10-11,770,783
2024-10-12,771,771
2024-10-13,789,789
2024-10-14,775,789
2024-10-15,710,884
2024-10-16,764,780
2024-10-17,763,768
2024-10-18,750,771
2024-10-19,770,770
2024-10-20,771,773
2024-10-21,762,798
2024-10-22,710,879
2024-10-23,742,751
2024-10-24,739,744
2024-10-25,754,760
2024-10-26,777,777
2024-10-27,780,780
2024-10-28,786,807
2024-10-29,759,919
2024-10-30,766,781
2024-10-31,815,821
2024-11-01,823,828
2024-11-02,823,824
2024-11-03,824,826
2024-11-04,810,834
2024-11-05,730,888
2024-11-06,777,797
2024-11-07,796,818
2024-11-08,793,815
2024-11-09,795,796
2024-11-10,795,795
2024-11-11,787,808
2024-11-12,776,905
2024-11-13,804,814
2024-11-14,806,808
2024-11-15,821,834
2024-11-16,826,828
2024-11-17,835,836
2024-11-18,815,838
2024-11-19,743,928
2024-11-20,770,800
2024-11-21,798,809
2024-11-22,813,822
2024-11-23,814,818
2024-11-24,801,820
2024-11-25,790,811
2024-11-26,752,903
2024-11-27,801,809
2024-11-28,799,803
2024-11-29,828,837
2024-11-30,828,828
2024-12-01,834,834
2024-12-02,841,860
2024-12-03,798,956
2024-12-04,826,854
2024-12-05,849,859
2024-12-06,852,858
2024-12-07,847,856
2024-12-08,854,854
2024-12-09,839,858
2024-12-10,779,961
2024-12-11,812,832
2024-12-12,839,850
2024-12-13,837,851
2024-12-14,840,840
2024-12-15,842,844
2024-12-16,809,847
2024-12-17,764,932
2024-12-18,790,811
2024-12-19,816,826
2024-12-20,797,831
2024-12-21,836,836
2024-12-22,847,847
2024-12-23,845,971
2024-12-24,826,885
2024-12-25,831,831
2024-12-26,863,867
2024-12-27,828,871
2024-12-28,844,844
2024-12-29,859,859
2024-12-30,849,977
2024-12-31,870,874
2025-01-01,865,875
2025-01-02,901,901
2025-01-03,888,906
2025-01-04,883,889
2025-01-05,882,883
2025-01-06,879,898
2025-01-07,834,997
2025-01-08,876,883
2025-01-09,886,901
2025-01-10,916,918
2025-01-11,900,919
2025-01-12,901,902
2025-01-13,896,904
2025-01-14,768,920
2025-01-15,734,795
2025-01-16,883,892
2025-01-17,919,927
2025-01-18,911,919
2025-01-19,909,911
2025-01-20,884,909
2025-01-21,869,895
2025-01-22,861,889
2025-01-23,864,982
2025-01-24,881,908
2025-01-25,733,883
2025-01-26,733,733
2025-01-27,788,793
2025-01-28,737,793
2025-01-29,731,740
2025-01-30,728,733
2025-01-31,858,866
2025-02-01,861,862
2025-02-02,861,862
2025-02-03,884,886
2025-02-04,894,897
2025-02-05,846,898
2025-02-06,856,861
2025-02-07,856,861
2025-02-08,853,862
2025-02-09,888,888
2025-02-10,793,896
2025-02-11,758,801
2025-02-12,765,775
2025-02-13,781,784
2025-02-14,779,788
2025-02-15,796,796
2025-02-16,796,796
2025-02-17,839,839
