Date,Midnight population,24-hour population
2008-10-01,0,0
2008-10-02,0,0
2008-10-03,0,0
2008-10-04,0,0
2008-10-05,0,0
2008-10-06,0,0
2008-10-07,0,0
2008-10-08,0,0
2008-10-09,0,0
2008-10-10,0,0
2008-10-11,0,0
2008-10-12,0,0
2008-10-13,0,0
2008-10-14,0,0
2008-10-15,0,0
2008-10-16,0,0
2008-10-17,0,0
2008-10-18,0,0
2008-10-19,0,0
2008-10-20,0,0
2008-10-21,0,0
2008-10-22,0,0
2008-10-23,0,0
2008-10-24,0,0
2008-10-25,0,0
2008-10-26,0,0
2008-10-27,0,0
2008-10-28,0,0
2008-10-29,0,0
2008-10-30,0,0
2008-10-31,0,0
2008-11-01,0,0
2008-11-02,0,0
2008-11-03,0,0
2008-11-04,0,0
2008-11-05,0,0
2008-11-06,0,0
2008-11-07,0,0
2008-11-08,0,0
2008-11-09,0,0
2008-11-10,0,0
2008-11-11,0,0
2008-11-12,0,0
2008-11-13,0,0
2008-11-14,0,0
2008-11-15,0,0
2008-11-16,0,0
2008-11-17,0,0
2008-11-18,0,0
2008-11-19,0,0
2008-11-20,0,0
2008-11-21,0,0
2008-11-22,0,0
2008-11-23,0,0
2008-11-24,0,0
2008-11-25,0,0
2008-11-26,0,0
2008-11-27,0,0
2008-11-28,0,0
2008-11-29,0,0
2008-11-30,0,0
2008-12-01,0,0
2008-12-02,0,0
2008-12-03,0,0
2008-12-04,0,0
2008-12-05,0,0
2008-12-06,0,0
2008-12-07,0,0
2008-12-08,0,0
2008-12-09,0,0
2008-12-10,0,0
2008-12-11,0,0
2008-12-12,0,0
2008-12-13,0,0
2008-12-14,0,0
2008-12-15,0,0
2008-12-16,0,0
2008-12-17,0,0
2008-12-18,0,0
2008-12-19,0,0
2008-12-20,0,0
2008-12-21,0,0
2008-12-22,0,0
2008-12-23,0,0
2008-12-24,0,0
2008-12-25,0,0
2008-12-26,0,0
2008-12-27,0,0
2008-12-28,0,0
2008-12-29,0,0
2008-12-30,0,0
2008-12-31,0,0
2009-01-01,0,0
2009-01-02,0,0
2009-01-03,0,0
2009-01-04,0,0
2009-01-05,0,0
2009-01-06,0,0
2009-01-07,0,0
2009-01-08,0,0
2009-01-09,0,0
2009-01-10,0,0
2009-01-11,0,0
2009-01-12,0,0
2009-01-13,0,0
2009-01-14,0,0
2009-01-15,0,0
2009-01-16,0,0
2009-01-17,0,0
2009-01-18,0,0
2009-01-19,0,0
2009-01-20,0,0
2009-01-21,0,0
2009-01-22,0,0
2009-01-23,0,0
2009-01-24,0,0
2009-01-25,0,0
2009-01-26,0,0
2009-01-27,0,0
2009-01-28,0,0
2009-01-29,0,0
2009-01-30,0,0
2009-01-31,0,0
2009-02-01,0,0
2009-02-02,0,0
2009-02-03,0,0
2009-02-04,0,0
2009-02-05,0,0
2009-02-06,0,0
2009-02-07,0,0
2009-02-08,0,0
2009-02-09,0,0
2009-02-10,0,0
2009-02-11,0,0
2009-02-12,0,0
2009-02-13,0,0
2009-02-14,0,0
2009-02-15,0,0
2009-02-16,0,0
2009-02-17,0,0
2009-02-18,0,0
2009-02-19,0,0
2009-02-20,0,0
2009-02-21,0,0
2009-02-22,0,0
2009-02-23,0,0
2009-02-24,0,0
2009-02-25,0,0
2009-02-26,0,0
2009-02-27,0,0
2009-02-28,0,0
2009-03-01,0,0
2009-03-02,0,0
2009-03-03,0,0
2009-03-04,0,0
2009-03-05,0,0
2009-03-06,0,0
2009-03-07,0,0
2009-03-08,0,0
2009-03-09,0,0
2009-03-10,0,0
2009-03-11,0,0
2009-03-12,0,0
2009-03-13,0,0
2009-03-14,0,0
2009-03-15,0,0
2009-03-16,0,0
2009-03-17,0,0
2009-03-18,0,0
2009-03-19,0,0
2009-03-20,0,0
2009-03-21,0,0
2009-03-22,0,0
2009-03-23,0,0
2009-03-24,0,0
2009-03-25,0,0
2009-03-26,0,0
2009-03-27,0,0
2009-03-28,0,0
2009-03-29,0,0
2009-03-30,0,0
2009-03-31,0,0
2009-04-01,0,0
2009-04-02,0,0
2009-04-03,0,0
2009-04-04,0,0
2009-04-05,0,0
2009-04-06,0,0
2009-04-07,0,0
2009-04-08,0,0
2009-04-09,0,0
2009-04-10,0,0
2009-04-11,0,0
2009-04-12,0,0
2009-04-13,0,0
2009-04-14,0,0
2009-04-15,0,0
2009-04-16,0,0
2009-04-17,0,0
2009-04-18,0,0
2009-04-19,0,0
2009-04-20,0,0
2009-04-21,0,0
2009-04-22,0,0
2009-04-23,0,0
2009-04-24,0,0
2009-04-25,0,0
2009-04-26,0,0
2009-04-27,0,0
2009-04-28,0,0
2009-04-29,0,0
2009-04-30,0,0
2009-05-01,0,0
2009-05-02,0,0
2009-05-03,0,0
2009-05-04,0,0
2009-05-05,0,0
2009-05-06,0,0
2009-05-07,0,0
2009-05-08,0,0
2009-05-09,0,0
2009-05-10,0,0
2009-05-11,0,0
2009-05-12,0,0
2009-05-13,0,0
2009-05-14,0,0
2009-05-15,0,0
2009-05-16,0,0
2009-05-17,0,0
2009-05-18,0,0
2009-05-19,0,0
2009-05-20,0,0
2009-05-21,0,0
2009-05-22,0,0
2009-05-23,0,0
2009-05-24,0,0
2009-05-25,0,0
2009-05-26,0,0
2009-05-27,0,0
2009-05-28,0,0
2009-05-29,0,0
2009-05-30,0,0
2009-05-31,0,0
2009-06-01,0,0
2009-06-02,0,0
2009-06-03,0,0
2009-06-04,0,0
2009-06-05,0,0
2009-06-06,0,0
2009-06-07,0,0
2009-06-08,0,0
2009-06-09,0,0
2009-06-10,0,0
2009-06-11,0,0
2009-06-12,0,0
2009-06-13,0,0
2009-06-14,0,0
2009-06-15,0,0
2009-06-16,0,0
2009-06-17,0,0
2009-06-18,0,0
2009-06-19,0,0
2009-06-20,0,0
2009-06-21,0,0
2009-06-22,0,0
2009-06-23,0,0
2009-06-24,0,0
2009-06-25,0,0
2009-06-26,0,0
2009-06-27,0,0
2009-06-28,0,0
2009-06-29,0,0
2009-06-30,0,0
2009-07-01,0,0
2009-07-02,0,0
2009-07-03,0,0
2009-07-04,0,0
2009-07-05,0,0
2009-07-06,0,0
2009-07-07,0,0
2009-07-08,0,0
2009-07-09,0,0
2009-07-10,0,0
2009-07-11,0,0
2009-07-12,0,0
2009-07-13,0,0
2009-07-14,0,0
2009-07-15,0,0
2009-07-16,0,0
2009-07-17,0,0
2009-07-18,0,0
2009-07-19,0,0
2009-07-20,0,0
2009-07-21,0,0
2009-07-22,0,0
2009-07-23,0,0
2009-07-24,0,0
2009-07-25,0,0
2009-07-26,0,0
2009-07-27,0,0
2009-07-28,0,0
2009-07-29,0,0
2009-07-30,0,0
2009-07-31,0,0
2009-08-01,0,0
2009-08-02,0,0
2009-08-03,0,0
2009-08-04,0,0
2009-08-05,0,0
2009-08-06,0,0
2009-08-07,0,0
2009-08-08,0,0
2009-08-09,0,0
2009-08-10,0,0
2009-08-11,0,0
2009-08-12,0,0
2009-08-13,0,0
2009-08-14,0,0
2009-08-15,0,0
2009-08-16,0,0
2009-08-17,0,0
2009-08-18,0,0
2009-08-19,0,0
2009-08-20,0,0
2009-08-21,0,0
2009-08-22,0,0
2009-08-23,0,0
2009-08-24,0,0
2009-08-25,0,0
2009-08-26,0,0
2009-08-27,0,0
2009-08-28,0,0
2009-08-29,0,0
2009-08-30,0,0
2009-08-31,0,0
2009-09-01,0,0
2009-09-02,0,0
2009-09-03,0,0
2009-09-04,0,0
2009-09-05,0,0
2009-09-06,0,0
2009-09-07,0,0
2009-09-08,0,0
2009-09-09,0,0
2009-09-10,0,0
2009-09-11,0,0
2009-09-12,0,0
2009-09-13,0,0
2009-09-14,0,0
2009-09-15,0,0
2009-09-16,0,0
2009-09-17,0,0
2009-09-18,0,0
2009-09-19,0,0
2009-09-20,0,0
2009-09-21,0,0
2009-09-22,0,0
2009-09-23,0,0
2009-09-24,0,0
2009-09-25,0,0
2009-09-26,0,0
2009-09-27,0,0
2009-09-28,0,0
2009-09-29,0,0
2009-09-30,0,0
2009-10-01,0,0
2009-10-02,0,0
2009-10-03,0,0
2009-10-04,0,0
2009-10-05,0,0
2009-10-06,0,0
2009-10-07,0,0
2009-10-08,0,0
2009-10-09,0,0
2009-10-10,0,0
2009-10-11,0,0
2009-10-12,0,0
2009-10-13,0,0
2009-10-14,0,0
2009-10-15,0,0
2009-10-16,0,0
2009-10-17,0,0
2009-10-18,0,0
2009-10-19,0,0
2009-10-20,0,0
2009-10-21,0,0
2009-10-22,0,0
2009-10-23,0,0
2009-10-24,0,0
2009-10-25,0,0
2009-10-26,0,0
2009-10-27,0,0
2009-10-28,0,0
2009-10-29,0,0
2009-10-30,0,0
2009-10-31,0,0
2009-11-01,0,0
2009-11-02,0,0
2009-11-03,0,0
2009-11-04,0,0
2009-11-05,0,0
2009-11-06,0,0
2009-11-07,0,0
2009-11-08,0,0
2009-11-09,0,0
2009-11-10,0,0
2009-11-11,0,0
2009-11-12,0,0
2009-11-13,0,0
2009-11-14,0,0
2009-11-15,0,0
2009-11-16,0,0
2009-11-17,0,0
2009-11-18,0,0
2009-11-19,0,0
2009-11-20,0,0
2009-11-21,0,0
2009-11-22,0,0
2009-11-23,0,0
2009-11-24,0,0
2009-11-25,0,0
2009-11-26,0,0
2009-11-27,0,0
2009-11-28,0,0
2009-11-29,0,0
2009-11-30,0,0
2009-12-01,0,0
2009-12-02,0,0
2009-12-03,0,0
2009-12-04,0,0
2009-12-05,0,0
2009-12-06,0,0
2009-12-07,0,0
2009-12-08,0,0
2009-12-09,0,0
2009-12-10,0,0
2009-12-11,0,0
2009-12-12,0,0
2009-12-13,0,0
2009-12-14,0,0
2009-12-15,0,0
2009-12-16,0,0
2009-12-17,0,0
2009-12-18,0,0
2009-12-19,0,0
2009-12-20,0,0
2009-12-21,0,0
2009-12-22,0,0
2009-12-23,0,0
2009-12-24,0,0
2009-12-25,0,0
2009-12-26,0,0
2009-12-27,0,0
2009-12-28,0,0
2009-12-29,0,0
2009-12-30,0,0
2009-12-31,0,0
2010-01-01,0,0
2010-01-02,0,0
2010-01-03,0,0
2010-01-04,0,0
2010-01-05,0,0
2010-01-06,0,0
2010-01-07,0,0
2010-01-08,0,0
2010-01-09,0,0
2010-01-10,0,0
2010-01-11,0,0
2010-01-12,0,0
2010-01-13,0,0
2010-01-14,0,0
2010-01-15,0,0
2010-01-16,0,0
2010-01-17,0,0
2010-01-18,0,0
2010-01-19,0,0
2010-01-20,0,0
2010-01-21,0,0
2010-01-22,0,0
2010-01-23,0,0
2010-01-24,0,0
2010-01-25,0,0
2010-01-26,0,0
2010-01-27,0,0
2010-01-28,0,0
2010-01-29,0,0
2010-01-30,0,0
2010-01-31,0,0
2010-02-01,0,0
2010-02-02,0,0
2010-02-03,0,0
2010-02-04,0,0
2010-02-05,0,0
2010-02-06,0,0
2010-02-07,0,0
2010-02-08,0,0
2010-02-09,0,0
2010-02-10,0,0
2010-02-11,0,0
2010-02-12,0,0
2010-02-13,0,0
2010-02-14,0,0
2010-02-15,0,0
2010-02-16,0,0
2010-02-17,0,0
2010-02-18,0,0
2010-02-19,0,0
2010-02-20,0,0
2010-02-21,0,0
2010-02-22,0,0
2010-02-23,0,0
2010-02-24,0,0
2010-02-25,0,0
2010-02-26,0,0
2010-02-27,0,0
2010-02-28,0,0
2010-03-01,0,0
2010-03-02,0,0
2010-03-03,0,0
2010-03-04,0,0
2010-03-05,0,0
2010-03-06,0,0
2010-03-07,0,0
2010-03-08,0,0
2010-03-09,0,0
2010-03-10,0,0
2010-03-11,0,0
2010-03-12,0,0
2010-03-13,0,0
2010-03-14,0,0
2010-03-15,0,0
2010-03-16,0,0
2010-03-17,0,0
2010-03-18,0,0
2010-03-19,0,0
2010-03-20,0,0
2010-03-21,0,0
2010-03-22,0,0
2010-03-23,0,0
2010-03-24,0,0
2010-03-25,0,0
2010-03-26,0,0
2010-03-27,0,0
2010-03-28,0,0
2010-03-29,0,0
2010-03-30,0,0
2010-03-31,0,0
2010-04-01,0,0
2010-04-02,0,0
2010-04-03,0,0
2010-04-04,0,0
2010-04-05,0,0
2010-04-06,0,0
2010-04-07,0,0
2010-04-08,0,0
2010-04-09,0,0
2010-04-10,0,0
2010-04-11,0,0
2010-04-12,0,0
2010-04-13,0,0
2010-04-14,0,0
2010-04-15,0,0
2010-04-16,0,0
2010-04-17,0,0
2010-04-18,0,0
2010-04-19,0,0
2010-04-20,0,0
2010-04-21,0,0
2010-04-22,0,0
2010-04-23,0,0
2010-04-24,0,0
2010-04-25,0,0
2010-04-26,0,0
2010-04-27,0,0
2010-04-28,0,0
2010-04-29,0,0
2010-04-30,0,0
2010-05-01,0,0
2010-05-02,0,0
2010-05-03,0,0
2010-05-04,0,0
2010-05-05,0,0
2010-05-06,0,0
2010-05-07,0,0
2010-05-08,0,0
2010-05-09,0,0
2010-05-10,0,0
2010-05-11,0,0
2010-05-12,0,0
2010-05-13,0,0
2010-05-14,0,0
2010-05-15,0,0
2010-05-16,0,0
2010-05-17,0,0
2010-05-18,0,0
2010-05-19,0,0
2010-05-20,0,0
2010-05-21,0,0
2010-05-22,0,0
2010-05-23,0,0
2010-05-24,0,0
2010-05-25,0,0
2010-05-26,0,0
2010-05-27,0,0
2010-05-28,0,0
2010-05-29,0,0
2010-05-30,0,0
2010-05-31,0,0
2010-06-01,0,0
2010-06-02,0,0
2010-06-03,0,0
2010-06-04,0,0
2010-06-05,0,0
2010-06-06,0,0
2010-06-07,0,0
2010-06-08,0,0
2010-06-09,0,0
2010-06-10,0,0
2010-06-11,0,0
2010-06-12,0,0
2010-06-13,0,0
2010-06-14,0,0
2010-06-15,0,0
2010-06-16,0,0
2010-06-17,0,0
2010-06-18,0,0
2010-06-19,0,0
2010-06-20,0,0
2010-06-21,0,0
2010-06-22,0,0
2010-06-23,0,0
2010-06-24,0,0
2010-06-25,0,0
2010-06-26,0,0
2010-06-27,0,0
2010-06-28,0,0
2010-06-29,0,0
2010-06-30,0,0
2010-07-01,0,0
2010-07-02,0,0
2010-07-03,0,0
2010-07-04,0,0
2010-07-05,0,0
2010-07-06,0,0
2010-07-07,0,0
2010-07-08,0,0
2010-07-09,0,0
2010-07-10,0,0
2010-07-11,0,0
2010-07-12,0,0
2010-07-13,0,0
2010-07-14,0,0
2010-07-15,0,0
2010-07-16,0,0
2010-07-17,0,0
2010-07-18,0,0
2010-07-19,0,0
2010-07-20,0,0
2010-07-21,0,0
2010-07-22,0,0
2010-07-23,0,0
2010-07-24,0,0
2010-07-25,0,0
2010-07-26,0,0
2010-07-27,0,0
2010-07-28,0,0
2010-07-29,0,0
2010-07-30,0,0
2010-07-31,0,0
2010-08-01,0,0
2010-08-02,0,0
2010-08-03,0,0
2010-08-04,0,0
2010-08-05,0,0
2010-08-06,0,0
2010-08-07,0,0
2010-08-08,0,0
2010-08-09,0,0
2010-08-10,0,0
2010-08-11,0,0
2010-08-12,0,0
2010-08-13,0,0
2010-08-14,0,0
2010-08-15,0,0
2010-08-16,0,0
2010-08-17,0,0
2010-08-18,0,0
2010-08-19,0,0
2010-08-20,0,0
2010-08-21,0,0
2010-08-22,0,0
2010-08-23,0,0
2010-08-24,0,0
2010-08-25,0,0
2010-08-26,0,0
2010-08-27,0,0
2010-08-28,0,0
2010-08-29,0,0
2010-08-30,0,0
2010-08-31,0,0
2010-09-01,0,0
2010-09-02,0,0
2010-09-03,0,0
2010-09-04,0,0
2010-09-05,0,0
2010-09-06,0,0
2010-09-07,0,0
2010-09-08,0,0
2010-09-09,0,0
2010-09-10,0,0
2010-09-11,0,0
2010-09-12,0,0
2010-09-13,0,0
2010-09-14,0,0
2010-09-15,0,0
2010-09-16,0,0
2010-09-17,0,0
2010-09-18,0,0
2010-09-19,0,0
2010-09-20,0,0
2010-09-21,0,0
2010-09-22,0,0
2010-09-23,0,0
2010-09-24,0,0
2010-09-25,0,0
2010-09-26,0,0
2010-09-27,0,0
2010-09-28,0,0
2010-09-29,0,0
2010-09-30,0,0
2010-10-01,0,0
2010-10-02,0,0
2010-10-03,0,0
2010-10-04,0,0
2010-10-05,0,0
2010-10-06,0,0
2010-10-07,0,0
2010-10-08,0,0
2010-10-09,0,0
2010-10-10,0,0
2010-10-11,0,0
2010-10-12,0,0
2010-10-13,0,0
2010-10-14,0,0
2010-10-15,0,0
2010-10-16,0,0
2010-10-17,0,0
2010-10-18,0,0
2010-10-19,0,0
2010-10-20,0,0
2010-10-21,0,0
2010-10-22,0,0
2010-10-23,0,0
2010-10-24,0,0
2010-10-25,0,0
2010-10-26,0,0
2010-10-27,0,0
2010-10-28,0,0
2010-10-29,0,0
2010-10-30,0,0
2010-10-31,0,0
2010-11-01,0,0
2010-11-02,0,0
2010-11-03,0,0
2010-11-04,0,0
2010-11-05,0,0
2010-11-06,0,0
2010-11-07,0,0
2010-11-08,0,0
2010-11-09,0,0
2010-11-10,0,0
2010-11-11,0,0
2010-11-12,0,0
2010-11-13,0,0
2010-11-14,0,0
2010-11-15,0,0
2010-11-16,0,0
2010-11-17,0,0
2010-11-18,0,0
2010-11-19,0,0
2010-11-20,0,0
2010-11-21,0,0
2010-11-22,0,0
2010-11-23,0,0
2010-11-24,0,0
2010-11-25,0,0
2010-11-26,0,0
2010-11-27,0,0
2010-11-28,0,0
2010-11-29,0,0
2010-11-30,0,0
2010-12-01,0,0
2010-12-02,0,0
2010-12-03,0,0
2010-12-04,0,0
2010-12-05,0,0
2010-12-06,0,0
2010-12-07,0,0
2010-12-08,0,0
2010-12-09,0,0
2010-12-10,0,0
2010-12-11,0,0
2010-12-12,0,0
2010-12-13,0,0
2010-12-14,0,0
2010-12-15,0,0
2010-12-16,0,0
2010-12-17,0,0
2010-12-18,0,0
2010-12-19,0,0
2010-12-20,0,0
2010-12-21,0,0
2010-12-22,0,0
2010-12-23,0,0
2010-12-24,0,0
2010-12-25,0,0
2010-12-26,0,0
2010-12-27,0,0
2010-12-28,0,0
2010-12-29,0,0
2010-12-30,0,0
2010-12-31,0,0
2011-01-01,0,0
2011-01-02,0,0
2011-01-03,0,0
2011-01-04,0,0
2011-01-05,0,0
2011-01-06,0,0
2011-01-07,0,0
2011-01-08,0,0
2011-01-09,0,0
2011-01-10,0,0
2011-01-11,0,0
2011-01-12,0,0
2011-01-13,0,0
2011-01-14,0,0
2011-01-15,0,0
2011-01-16,0,0
2011-01-17,0,0
2011-01-18,0,0
2011-01-19,0,0
2011-01-20,0,0
2011-01-21,0,0
2011-01-22,0,0
2011-01-23,0,0
2011-01-24,0,0
2011-01-25,0,0
2011-01-26,0,0
2011-01-27,0,0
2011-01-28,0,0
2011-01-29,0,0
2011-01-30,0,0
2011-01-31,0,0
2011-02-01,0,0
2011-02-02,0,0
2011-02-03,0,0
2011-02-04,0,0
2011-02-05,0,0
2011-02-06,0,0
2011-02-07,0,0
2011-02-08,0,0
2011-02-09,0,0
2011-02-10,0,0
2011-02-11,0,0
2011-02-12,0,0
2011-02-13,0,0
2011-02-14,0,0
2011-02-15,0,0
2011-02-16,0,0
2011-02-17,0,0
2011-02-18,0,0
2011-02-19,0,0
2011-02-20,0,0
2011-02-21,0,0
2011-02-22,0,0
2011-02-23,0,0
2011-02-24,0,0
2011-02-25,0,0
2011-02-26,0,0
2011-02-27,0,0
2011-02-28,0,0
2011-03-01,0,0
2011-03-02,0,0
2011-03-03,0,0
2011-03-04,0,0
2011-03-05,0,0
2011-03-06,0,0
2011-03-07,0,0
2011-03-08,0,0
2011-03-09,0,0
2011-03-10,0,0
2011-03-11,0,0
2011-03-12,0,0
2011-03-13,0,0
2011-03-14,0,0
2011-03-15,0,0
2011-03-16,0,0
2011-03-17,0,0
2011-03-18,0,0
2011-03-19,0,0
2011-03-20,0,0
2011-03-21,0,0
2011-03-22,0,0
2011-03-23,0,0
2011-03-24,0,0
2011-03-25,0,0
2011-03-26,0,0
2011-03-27,0,0
2011-03-28,0,0
2011-03-29,0,0
2011-03-30,0,0
2011-03-31,0,0
2011-04-01,0,0
2011-04-02,0,0
2011-04-03,0,0
2011-04-04,0,0
2011-04-05,0,0
2011-04-06,0,0
2011-04-07,0,0
2011-04-08,0,0
2011-04-09,0,0
2011-04-10,0,0
2011-04-11,0,0
2011-04-12,0,0
2011-04-13,0,0
2011-04-14,0,0
2011-04-15,0,0
2011-04-16,0,0
2011-04-17,0,0
2011-04-18,0,0
2011-04-19,0,0
2011-04-20,0,0
2011-04-21,0,0
2011-04-22,0,0
2011-04-23,0,0
2011-04-24,0,0
2011-04-25,0,0
2011-04-26,0,0
2011-04-27,0,0
2011-04-28,0,0
2011-04-29,0,0
2011-04-30,0,0
2011-05-01,0,0
2011-05-02,0,0
2011-05-03,0,0
2011-05-04,0,0
2011-05-05,0,0
2011-05-06,0,0
2011-05-07,0,0
2011-05-08,0,0
2011-05-09,0,0
2011-05-10,0,0
2011-05-11,0,0
2011-05-12,0,0
2011-05-13,0,0
2011-05-14,0,0
2011-05-15,0,0
2011-05-16,0,0
2011-05-17,0,0
2011-05-18,0,0
2011-05-19,0,0
2011-05-20,0,0
2011-05-21,0,0
2011-05-22,0,0
2011-05-23,0,0
2011-05-24,0,0
2011-05-25,0,0
2011-05-26,0,0
2011-05-27,0,0
2011-05-28,0,0
2011-05-29,0,0
2011-05-30,0,0
2011-05-31,0,0
2011-06-01,0,0
2011-06-02,0,0
2011-06-03,0,0
2011-06-04,0,0
2011-06-05,0,0
2011-06-06,0,0
2011-06-07,0,0
2011-06-08,0,0
2011-06-09,0,0
2011-06-10,0,0
2011-06-11,0,0
2011-06-12,0,0
2011-06-13,0,0
2011-06-14,0,0
2011-06-15,0,0
2011-06-16,0,0
2011-06-17,0,0
2011-06-18,0,0
2011-06-19,0,0
2011-06-20,0,0
2011-06-21,0,0
2011-06-22,0,0
2011-06-23,0,0
2011-06-24,0,0
2011-06-25,0,0
2011-06-26,0,0
2011-06-27,0,0
2011-06-28,0,0
2011-06-29,0,0
2011-06-30,0,0
2011-07-01,0,0
2011-07-02,0,0
2011-07-03,0,0
2011-07-04,0,0
2011-07-05,0,0
2011-07-06,0,0
2011-07-07,0,0
2011-07-08,0,0
2011-07-09,0,0
2011-07-10,0,0
2011-07-11,0,0
2011-07-12,0,0
2011-07-13,0,0
2011-07-14,0,0
2011-07-15,0,0
2011-07-16,0,0
2011-07-17,0,0
2011-07-18,0,0
2011-07-19,0,0
2011-07-20,0,0
2011-07-21,0,0
2011-07-22,0,0
2011-07-23,0,0
2011-07-24,0,0
2011-07-25,0,0
2011-07-26,0,0
2011-07-27,0,0
2011-07-28,0,0
2011-07-29,0,0
2011-07-30,0,0
2011-07-31,0,0
2011-08-01,0,0
2011-08-02,0,0
2011-08-03,0,0
2011-08-04,0,0
2011-08-05,0,0
2011-08-06,0,0
2011-08-07,0,0
2011-08-08,0,0
2011-08-09,0,0
2011-08-10,0,0
2011-08-11,0,0
2011-08-12,0,0
2011-08-13,0,0
2011-08-14,0,0
2011-08-15,0,0
2011-08-16,0,0
2011-08-17,0,0
2011-08-18,0,0
2011-08-19,0,0
2011-08-20,0,0
2011-08-21,0,0
2011-08-22,0,0
2011-08-23,0,0
2011-08-24,0,0
2011-08-25,0,0
2011-08-26,0,0
2011-08-27,0,0
2011-08-28,0,0
2011-08-29,0,0
2011-08-30,0,0
2011-08-31,0,0
2011-09-01,0,0
2011-09-02,0,0
2011-09-03,0,0
2011-09-04,0,0
2011-09-05,0,0
2011-09-06,0,0
2011-09-07,0,0
2011-09-08,0,0
2011-09-09,0,0
2011-09-10,0,0
2011-09-11,0,0
2011-09-12,0,0
2011-09-13,0,0
2011-09-14,0,0
2011-09-15,0,0
2011-09-16,0,0
2011-09-17,0,0
2011-09-18,0,0
2011-09-19,0,0
2011-09-20,0,0
2011-09-21,0,0
2011-09-22,0,0
2011-09-23,0,0
2011-09-24,0,0
2011-09-25,0,0
2011-09-26,0,0
2011-09-27,0,0
2011-09-28,0,0
2011-09-29,0,0
2011-09-30,0,0
2011-10-01,0,0
2011-10-02,0,0
2011-10-03,0,0
2011-10-04,0,0
2011-10-05,0,0
2011-10-06,0,0
2011-10-07,0,0
2011-10-08,0,0
2011-10-09,0,0
2011-10-10,0,0
2011-10-11,0,0
2011-10-12,0,0
2011-10-13,0,0
2011-10-14,0,0
2011-10-15,0,0
2011-10-16,0,0
2011-10-17,0,0
2011-10-18,0,0
2011-10-19,0,0
2011-10-20,0,0
2011-10-21,0,0
2011-10-22,0,0
2011-10-23,0,0
2011-10-24,0,0
2011-10-25,0,0
2011-10-26,0,0
2011-10-27,0,0
2011-10-28,0,0
2011-10-29,0,0
2011-10-30,0,0
2011-10-31,0,0
2011-11-01,0,0
2011-11-02,0,0
2011-11-03,0,0
2011-11-04,0,0
2011-11-05,0,0
2011-11-06,0,0
2011-11-07,0,0
2011-11-08,0,0
2011-11-09,0,0
2011-11-10,0,0
2011-11-11,0,0
2011-11-12,0,0
2011-11-13,0,0
2011-11-14,0,0
2011-11-15,0,0
2011-11-16,0,0
2011-11-17,0,0
2011-11-18,0,0
2011-11-19,0,0
2011-11-20,0,0
2011-11-21,0,0
2011-11-22,0,0
2011-11-23,0,0
2011-11-24,0,0
2011-11-25,0,0
2011-11-26,0,0
2011-11-27,0,0
2011-11-28,0,0
2011-11-29,0,0
2011-11-30,0,0
2011-12-01,0,0
2011-12-02,0,0
2011-12-03,0,0
2011-12-04,0,0
2011-12-05,0,0
2011-12-06,0,0
2011-12-07,0,0
2011-12-08,0,0
2011-12-09,0,0
2011-12-10,0,0
2011-12-11,0,0
2011-12-12,0,0
2011-12-13,0,0
2011-12-14,0,0
2011-12-15,0,0
2011-12-16,0,0
2011-12-17,0,0
2011-12-18,0,0
2011-12-19,0,0
2011-12-20,0,0
2011-12-21,0,0
2011-12-22,0,0
2011-12-23,0,0
2011-12-24,0,0
2011-12-25,0,0
2011-12-26,0,0
2011-12-27,0,0
2011-12-28,0,0
2011-12-29,0,0
2011-12-30,0,0
2011-12-31,0,0
2012-01-01,0,0
2012-01-02,0,0
2012-01-03,0,0
2012-01-04,0,0
2012-01-05,0,0
2012-01-06,0,0
2012-01-07,0,0
2012-01-08,0,0
2012-01-09,0,0
2012-01-10,0,0
2012-01-11,0,0
2012-01-12,0,0
2012-01-13,0,0
2012-01-14,0,0
2012-01-15,0,0
2012-01-16,0,0
2012-01-17,0,0
2012-01-18,0,0
2012-01-19,0,0
2012-01-20,0,0
2012-01-21,0,0
2012-01-22,0,0
2012-01-23,0,0
2012-01-24,0,0
2012-01-25,0,0
2012-01-26,0,0
2012-01-27,0,0
2012-01-28,0,0
2012-01-29,0,0
2012-01-30,0,0
2012-01-31,0,0
2012-02-01,0,0
2012-02-02,0,0
2012-02-03,0,0
2012-02-04,0,0
2012-02-05,0,0
2012-02-06,0,0
2012-02-07,0,0
2012-02-08,0,0
2012-02-09,0,0
2012-02-10,0,0
2012-02-11,0,0
2012-02-12,0,0
2012-02-13,0,0
2012-02-14,0,0
2012-02-15,0,0
2012-02-16,0,0
2012-02-17,0,0
2012-02-18,0,0
2012-02-19,0,0
2012-02-20,0,0
2012-02-21,0,0
2012-02-22,0,0
2012-02-23,0,0
2012-02-24,0,0
2012-02-25,0,0
2012-02-26,0,0
2012-02-27,0,0
2012-02-28,0,0
2012-02-29,0,0
2012-03-01,0,0
2012-03-02,0,0
2012-03-03,0,0
2012-03-04,0,0
2012-03-05,0,0
2012-03-06,0,0
2012-03-07,0,0
2012-03-08,0,0
2012-03-09,0,0
2012-03-10,0,0
2012-03-11,0,0
2012-03-12,0,0
2012-03-13,0,0
2012-03-14,0,0
2012-03-15,0,0
2012-03-16,0,0
2012-03-17,0,0
2012-03-18,0,0
2012-03-19,0,0
2012-03-20,0,0
2012-03-21,0,0
2012-03-22,0,0
2012-03-23,0,0
2012-03-24,0,0
2012-03-25,0,0
2012-03-26,0,0
2012-03-27,0,0
2012-03-28,0,0
2012-03-29,0,0
2012-03-30,0,0
2012-03-31,0,0
2012-04-01,0,0
2012-04-02,0,0
2012-04-03,0,0
2012-04-04,0,0
2012-04-05,0,0
2012-04-06,0,0
2012-04-07,0,0
2012-04-08,0,0
2012-04-09,0,0
2012-04-10,0,0
2012-04-11,0,0
2012-04-12,0,0
2012-04-13,0,0
2012-04-14,0,0
2012-04-15,0,0
2012-04-16,0,0
2012-04-17,0,0
2012-04-18,0,0
2012-04-19,0,0
2012-04-20,0,0
2012-04-21,0,0
2012-04-22,0,0
2012-04-23,0,0
2012-04-24,0,0
2012-04-25,0,0
2012-04-26,0,0
2012-04-27,0,0
2012-04-28,0,0
2012-04-29,0,0
2012-04-30,0,0
2012-05-01,0,0
2012-05-02,0,0
2012-05-03,0,0
2012-05-04,0,0
2012-05-05,0,0
2012-05-06,0,0
2012-05-07,0,0
2012-05-08,0,0
2012-05-09,0,0
2012-05-10,0,0
2012-05-11,0,0
2012-05-12,0,0
2012-05-13,0,0
2012-05-14,0,0
2012-05-15,0,0
2012-05-16,0,0
2012-05-17,0,0
2012-05-18,0,0
2012-05-19,0,0
2012-05-20,0,0
2012-05-21,0,0
2012-05-22,0,0
2012-05-23,0,0
2012-05-24,0,0
2012-05-25,0,0
2012-05-26,0,0
2012-05-27,0,0
2012-05-28,0,0
2012-05-29,0,0
2012-05-30,0,0
2012-05-31,0,0
2012-06-01,0,0
2012-06-02,0,0
2012-06-03,0,0
2012-06-04,0,0
2012-06-05,0,0
2012-06-06,0,0
2012-06-07,0,0
2012-06-08,0,0
2012-06-09,0,0
2012-06-10,0,0
2012-06-11,0,0
2012-06-12,0,0
2012-06-13,0,0
2012-06-14,0,0
2012-06-15,0,0
2012-06-16,0,0
2012-06-17,0,0
2012-06-18,0,0
2012-06-19,0,0
2012-06-20,0,0
2012-06-21,0,0
2012-06-22,0,0
2012-06-23,0,0
2012-06-24,0,0
2012-06-25,0,0
2012-06-26,0,0
2012-06-27,0,0
2012-06-28,0,0
2012-06-29,0,0
2012-06-30,0,0
2012-07-01,0,0
2012-07-02,0,0
2012-07-03,0,0
2012-07-04,0,0
2012-07-05,0,0
2012-07-06,0,0
2012-07-07,0,0
2012-07-08,0,0
2012-07-09,0,0
2012-07-10,0,0
2012-07-11,0,0
2012-07-12,0,0
2012-07-13,0,0
2012-07-14,0,0
2012-07-15,0,0
2012-07-16,0,0
2012-07-17,0,0
2012-07-18,0,0
2012-07-19,0,0
2012-07-20,0,0
2012-07-21,0,0
2012-07-22,0,0
2012-07-23,0,0
2012-07-24,0,0
2012-07-25,0,0
2012-07-26,0,0
2012-07-27,0,0
2012-07-28,0,0
2012-07-29,0,0
2012-07-30,0,0
2012-07-31,0,0
2012-08-01,0,0
2012-08-02,0,0
2012-08-03,0,0
2012-08-04,0,0
2012-08-05,0,0
2012-08-06,0,0
2012-08-07,0,0
2012-08-08,0,0
2012-08-09,0,0
2012-08-10,0,0
2012-08-11,0,0
2012-08-12,0,0
2012-08-13,0,0
2012-08-14,0,0
2012-08-15,0,0
2012-08-16,0,0
2012-08-17,0,0
2012-08-18,0,0
2012-08-19,0,0
2012-08-20,0,0
2012-08-21,0,0
2012-08-22,0,0
2012-08-23,0,0
2012-08-24,0,0
2012-08-25,0,0
2012-08-26,0,0
2012-08-27,0,0
2012-08-28,0,0
2012-08-29,0,0
2012-08-30,0,0
2012-08-31,0,0
2012-09-01,0,0
2012-09-02,0,0
2012-09-03,0,0
2012-09-04,0,0
2012-09-05,0,0
2012-09-06,0,0
2012-09-07,0,0
2012-09-08,0,0
2012-09-09,0,0
2012-09-10,0,0
2012-09-11,0,0
2012-09-12,0,0
2012-09-13,0,0
2012-09-14,0,0
2012-09-15,0,0
2012-09-16,0,0
2012-09-17,0,0
2012-09-18,0,0
2012-09-19,0,0
2012-09-20,0,0
2012-09-21,0,0
2012-09-22,0,0
2012-09-23,0,0
2012-09-24,0,0
2012-09-25,0,0
2012-09-26,0,0
2012-09-27,0,0
2012-09-28,0,0
2012-09-29,0,0
2012-09-30,0,0
2012-10-01,0,0
2012-10-02,0,0
2012-10-03,0,0
2012-10-04,0,0
2012-10-05,0,0
2012-10-06,0,0
2012-10-07,0,0
2012-10-08,0,0
2012-10-09,0,0
2012-10-10,0,0
2012-10-11,0,0
2012-10-12,0,0
2012-10-13,0,0
2012-10-14,0,0
2012-10-15,0,0
2012-10-16,0,0
2012-10-17,0,0
2012-10-18,0,0
2012-10-19,0,0
2012-10-20,0,0
2012-10-21,0,0
2012-10-22,0,0
2012-10-23,0,0
2012-10-24,0,0
2012-10-25,0,0
2012-10-26,0,0
2012-10-27,0,0
2012-10-28,0,0
2012-10-29,0,0
2012-10-30,0,0
2012-10-31,0,0
2012-11-01,0,0
2012-11-02,0,0
2012-11-03,0,0
2012-11-04,0,0
2012-11-05,0,0
2012-11-06,0,0
2012-11-07,0,0
2012-11-08,0,0
2012-11-09,0,0
2012-11-10,0,0
2012-11-11,0,0
2012-11-12,0,0
2012-11-13,0,0
2012-11-14,0,0
2012-11-15,0,0
2012-11-16,0,0
2012-11-17,0,0
2012-11-18,0,0
2012-11-19,0,0
2012-11-20,0,0
2012-11-21,0,0
2012-11-22,0,0
2012-11-23,0,0
2012-11-24,0,0
2012-11-25,0,0
2012-11-26,0,0
2012-11-27,0,0
2012-11-28,0,0
2012-11-29,0,0
2012-11-30,0,0
2012-12-01,0,0
2012-12-02,0,0
2012-12-03,0,0
2012-12-04,0,0
2012-12-05,0,0
2012-12-06,0,0
2012-12-07,0,0
2012-12-08,0,0
2012-12-09,0,0
2012-12-10,0,0
2012-12-11,0,0
2012-12-12,0,0
2012-12-13,0,0
2012-12-14,0,0
2012-12-15,0,0
2012-12-16,0,0
2012-12-17,0,0
2012-12-18,0,0
2012-12-19,0,0
2012-12-20,0,0
2012-12-21,0,0
2012-12-22,0,0
2012-12-23,0,0
2012-12-24,0,0
2012-12-25,0,0
2012-12-26,0,0
2012-12-27,0,0
2012-12-28,0,0
2012-12-29,0,0
2012-12-30,0,0
2012-12-31,0,0
2013-01-01,0,0
2013-01-02,0,0
2013-01-03,0,0
2013-01-04,0,0
2013-01-05,0,0
2013-01-06,0,0
2013-01-07,0,0
2013-01-08,0,0
2013-01-09,0,0
2013-01-10,0,0
2013-01-11,0,0
2013-01-12,0,0
2013-01-13,0,0
2013-01-14,0,0
2013-01-15,0,0
2013-01-16,0,0
2013-01-17,0,0
2013-01-18,0,0
2013-01-19,0,0
2013-01-20,0,0
2013-01-21,0,0
2013-01-22,0,0
2013-01-23,0,0
2013-01-24,0,0
2013-01-25,0,0
2013-01-26,0,0
2013-01-27,0,0
2013-01-28,0,0
2013-01-29,0,0
2013-01-30,0,0
2013-01-31,0,0
2013-02-01,0,0
2013-02-02,0,0
2013-02-03,0,0
2013-02-04,0,0
2013-02-05,0,0
2013-02-06,0,0
2013-02-07,0,0
2013-02-08,0,0
2013-02-09,0,0
2013-02-10,0,0
2013-02-11,0,0
2013-02-12,0,0
2013-02-13,0,0
2013-02-14,0,0
2013-02-15,0,0
2013-02-16,0,0
2013-02-17,0,0
2013-02-18,0,0
2013-02-19,0,0
2013-02-20,0,0
2013-02-21,0,0
2013-02-22,0,0
2013-02-23,0,0
2013-02-24,0,0
2013-02-25,0,0
2013-02-26,0,0
2013-02-27,0,0
2013-02-28,0,0
2013-03-01,0,0
2013-03-02,0,0
2013-03-03,0,0
2013-03-04,0,0
2013-03-05,0,0
2013-03-06,0,0
2013-03-07,0,0
2013-03-08,0,0
2013-03-09,0,0
2013-03-10,0,0
2013-03-11,0,0
2013-03-12,0,0
2013-03-13,0,0
2013-03-14,0,0
2013-03-15,0,0
2013-03-16,0,0
2013-03-17,0,0
2013-03-18,0,0
2013-03-19,0,0
2013-03-20,0,0
2013-03-21,0,0
2013-03-22,0,0
2013-03-23,0,0
2013-03-24,0,0
2013-03-25,0,0
2013-03-26,0,0
2013-03-27,0,0
2013-03-28,0,0
2013-03-29,0,0
2013-03-30,0,0
2013-03-31,0,0
2013-04-01,0,0
2013-04-02,0,0
2013-04-03,0,0
2013-04-04,0,0
2013-04-05,0,0
2013-04-06,0,0
2013-04-07,0,0
2013-04-08,0,0
2013-04-09,0,0
2013-04-10,0,0
2013-04-11,0,0
2013-04-12,0,0
2013-04-13,0,0
2013-04-14,0,0
2013-04-15,0,0
2013-04-16,0,0
2013-04-17,0,0
2013-04-18,0,0
2013-04-19,0,0
2013-04-20,0,0
2013-04-21,0,0
2013-04-22,0,0
2013-04-23,0,0
2013-04-24,0,0
2013-04-25,0,0
2013-04-26,0,0
2013-04-27,0,0
2013-04-28,0,0
2013-04-29,0,0
2013-04-30,0,0
2013-05-01,0,0
2013-05-02,0,0
2013-05-03,0,0
2013-05-04,0,0
2013-05-05,0,0
2013-05-06,0,0
2013-05-07,0,0
2013-05-08,0,0
2013-05-09,0,0
2013-05-10,0,0
2013-05-11,0,0
2013-05-12,0,0
2013-05-13,0,0
2013-05-14,0,0
2013-05-15,0,0
2013-05-16,0,0
2013-05-17,0,0
2013-05-18,0,0
2013-05-19,0,0
2013-05-20,0,0
2013-05-21,0,0
2013-05-22,0,0
2013-05-23,0,0
2013-05-24,0,0
2013-05-25,0,0
2013-05-26,0,0
2013-05-27,0,0
2013-05-28,0,0
2013-05-29,0,0
2013-05-30,0,0
2013-05-31,0,0
2013-06-01,0,0
2013-06-02,0,0
2013-06-03,0,0
2013-06-04,0,0
2013-06-05,0,0
2013-06-06,0,0
2013-06-07,0,0
2013-06-08,0,0
2013-06-09,0,0
2013-06-10,0,0
2013-06-11,0,0
2013-06-12,0,0
2013-06-13,0,0
2013-06-14,0,0
2013-06-15,0,0
2013-06-16,0,0
2013-06-17,0,0
2013-06-18,0,0
2013-06-19,0,0
2013-06-20,0,0
2013-06-21,0,0
2013-06-22,0,0
2013-06-23,0,0
2013-06-24,0,0
2013-06-25,0,0
2013-06-26,0,0
2013-06-27,0,0
2013-06-28,0,0
2013-06-29,0,0
2013-06-30,0,0
2013-07-01,0,0
2013-07-02,0,0
2013-07-03,0,0
2013-07-04,0,0
2013-07-05,0,0
2013-07-06,0,0
2013-07-07,0,0
2013-07-08,0,0
2013-07-09,0,0
2013-07-10,0,0
2013-07-11,0,0
2013-07-12,0,0
2013-07-13,0,0
2013-07-14,0,0
2013-07-15,0,0
2013-07-16,0,0
2013-07-17,0,0
2013-07-18,0,0
2013-07-19,0,0
2013-07-20,0,0
2013-07-21,0,0
2013-07-22,0,0
2013-07-23,0,0
2013-07-24,0,0
2013-07-25,0,0
2013-07-26,0,0
2013-07-27,0,0
2013-07-28,0,0
2013-07-29,0,0
2013-07-30,0,0
2013-07-31,0,0
2013-08-01,0,0
2013-08-02,0,0
2013-08-03,0,0
2013-08-04,0,0
2013-08-05,0,0
2013-08-06,0,0
2013-08-07,0,0
2013-08-08,0,0
2013-08-09,0,0
2013-08-10,0,0
2013-08-11,0,0
2013-08-12,0,0
2013-08-13,0,0
2013-08-14,0,0
2013-08-15,0,0
2013-08-16,0,0
2013-08-17,0,0
2013-08-18,0,0
2013-08-19,0,0
2013-08-20,0,0
2013-08-21,0,0
2013-08-22,0,0
2013-08-23,0,0
2013-08-24,0,0
2013-08-25,0,0
2013-08-26,0,0
2013-08-27,0,0
2013-08-28,0,0
2013-08-29,0,0
2013-08-30,0,0
2013-08-31,0,0
2013-09-01,0,0
2013-09-02,0,0
2013-09-03,0,0
2013-09-04,0,0
2013-09-05,0,0
2013-09-06,0,0
2013-09-07,0,0
2013-09-08,0,0
2013-09-09,0,0
2013-09-10,0,0
2013-09-11,0,0
2013-09-12,0,0
2013-09-13,0,0
2013-09-14,0,0
2013-09-15,0,0
2013-09-16,0,0
2013-09-17,0,0
2013-09-18,0,0
2013-09-19,0,0
2013-09-20,0,0
2013-09-21,0,0
2013-09-22,0,0
2013-09-23,0,0
2013-09-24,0,0
2013-09-25,0,0
2013-09-26,0,0
2013-09-27,0,0
2013-09-28,0,0
2013-09-29,0,0
2013-09-30,0,0
2013-10-01,0,0
2013-10-02,0,0
2013-10-03,0,0
2013-10-04,0,0
2013-10-05,0,0
2013-10-06,0,0
2013-10-07,0,0
2013-10-08,0,0
2013-10-09,0,0
2013-10-10,0,0
2013-10-11,0,0
2013-10-12,0,0
2013-10-13,0,0
2013-10-14,0,0
2013-10-15,0,0
2013-10-16,0,0
2013-10-17,0,0
2013-10-18,0,0
2013-10-19,0,0
2013-10-20,0,0
2013-10-21,0,0
2013-10-22,0,0
2013-10-23,0,0
2013-10-24,0,0
2013-10-25,0,0
2013-10-26,0,0
2013-10-27,0,0
2013-10-28,0,0
2013-10-29,0,0
2013-10-30,0,0
2013-10-31,0,0
2013-11-01,0,0
2013-11-02,0,0
2013-11-03,0,0
2013-11-04,0,0
2013-11-05,0,0
2013-11-06,0,0
2013-11-07,0,0
2013-11-08,0,0
2013-11-09,0,0
2013-11-10,0,0
2013-11-11,0,0
2013-11-12,0,0
2013-11-13,0,0
2013-11-14,0,0
2013-11-15,0,0
2013-11-16,0,0
2013-11-17,0,0
2013-11-18,0,0
2013-11-19,0,0
2013-11-20,0,0
2013-11-21,0,0
2013-11-22,0,0
2013-11-23,0,0
2013-11-24,0,0
2013-11-25,0,0
2013-11-26,0,0
2013-11-27,0,0
2013-11-28,0,0
2013-11-29,0,0
2013-11-30,0,0
2013-12-01,0,0
2013-12-02,0,0
2013-12-03,0,0
2013-12-04,0,0
2013-12-05,0,0
2013-12-06,0,0
2013-12-07,0,0
2013-12-08,0,0
2013-12-09,0,0
2013-12-10,0,0
2013-12-11,0,0
2013-12-12,0,0
2013-12-13,0,0
2013-12-14,0,0
2013-12-15,0,0
2013-12-16,0,0
2013-12-17,0,0
2013-12-18,0,0
2013-12-19,0,0
2013-12-20,0,0
2013-12-21,0,0
2013-12-22,0,0
2013-12-23,0,0
2013-12-24,0,0
2013-12-25,0,0
2013-12-26,0,0
2013-12-27,0,0
2013-12-28,0,0
2013-12-29,0,0
2013-12-30,0,0
2013-12-31,0,0
2014-01-01,0,0
2014-01-02,0,0
2014-01-03,0,0
2014-01-04,0,0
2014-01-05,0,0
2014-01-06,0,0
2014-01-07,0,0
2014-01-08,0,0
2014-01-09,0,0
2014-01-10,0,0
2014-01-11,0,0
2014-01-12,0,0
2014-01-13,0,0
2014-01-14,0,0
2014-01-15,0,0
2014-01-16,0,0
2014-01-17,0,0
2014-01-18,0,0
2014-01-19,0,0
2014-01-20,0,0
2014-01-21,0,0
2014-01-22,0,0
2014-01-23,0,0
2014-01-24,0,0
2014-01-25,0,0
2014-01-26,0,0
2014-01-27,0,0
2014-01-28,0,0
2014-01-29,0,0
2014-01-30,0,0
2014-01-31,0,0
2014-02-01,0,0
2014-02-02,0,0
2014-02-03,0,0
2014-02-04,0,0
2014-02-05,0,0
2014-02-06,0,0
2014-02-07,0,0
2014-02-08,0,0
2014-02-09,0,0
2014-02-10,0,0
2014-02-11,0,0
2014-02-12,0,0
2014-02-13,0,0
2014-02-14,0,0
2014-02-15,0,0
2014-02-16,0,0
2014-02-17,0,0
2014-02-18,0,0
2014-02-19,0,0
2014-02-20,0,0
2014-02-21,0,0
2014-02-22,0,0
2014-02-23,0,0
2014-02-24,0,0
2014-02-25,0,0
2014-02-26,0,0
2014-02-27,0,0
2014-02-28,0,0
2014-03-01,0,0
2014-03-02,0,0
2014-03-03,0,0
2014-03-04,0,0
2014-03-05,0,0
2014-03-06,0,0
2014-03-07,0,0
2014-03-08,0,0
2014-03-09,0,0
2014-03-10,0,0
2014-03-11,0,0
2014-03-12,0,0
2014-03-13,0,0
2014-03-14,0,0
2014-03-15,0,0
2014-03-16,0,0
2014-03-17,0,0
2014-03-18,0,0
2014-03-19,0,0
2014-03-20,0,0
2014-03-21,0,0
2014-03-22,0,0
2014-03-23,0,0
2014-03-24,0,0
2014-03-25,0,0
2014-03-26,0,0
2014-03-27,0,0
2014-03-28,0,0
2014-03-29,0,0
2014-03-30,0,0
2014-03-31,0,0
2014-04-01,0,0
2014-04-02,0,0
2014-04-03,0,0
2014-04-04,0,0
2014-04-05,0,0
2014-04-06,0,0
2014-04-07,0,0
2014-04-08,0,0
2014-04-09,0,0
2014-04-10,0,0
2014-04-11,0,0
2014-04-12,0,0
2014-04-13,0,0
2014-04-14,0,0
2014-04-15,0,0
2014-04-16,0,0
2014-04-17,0,0
2014-04-18,0,0
2014-04-19,0,0
2014-04-20,0,0
2014-04-21,0,0
2014-04-22,0,0
2014-04-23,0,0
2014-04-24,0,0
2014-04-25,0,0
2014-04-26,0,0
2014-04-27,0,0
2014-04-28,0,0
2014-04-29,0,0
2014-04-30,0,0
2014-05-01,0,0
2014-05-02,0,0
2014-05-03,0,0
2014-05-04,0,0
2014-05-05,0,0
2014-05-06,0,0
2014-05-07,0,0
2014-05-08,0,0
2014-05-09,0,0
2014-05-10,0,0
2014-05-11,0,0
2014-05-12,0,0
2014-05-13,0,0
2014-05-14,0,0
2014-05-15,0,0
2014-05-16,0,0
2014-05-17,0,0
2014-05-18,0,0
2014-05-19,0,0
2014-05-20,0,0
2014-05-21,0,0
2014-05-22,0,0
2014-05-23,0,0
2014-05-24,0,0
2014-05-25,0,0
2014-05-26,0,0
2014-05-27,0,0
2014-05-28,0,0
2014-05-29,0,0
2014-05-30,0,0
2014-05-31,0,0
2014-06-01,0,0
2014-06-02,0,0
2014-06-03,0,0
2014-06-04,0,0
2014-06-05,0,0
2014-06-06,0,0
2014-06-07,0,0
2014-06-08,0,0
2014-06-09,0,0
2014-06-10,0,0
2014-06-11,0,0
2014-06-12,0,0
2014-06-13,0,0
2014-06-14,0,0
2014-06-15,0,0
2014-06-16,0,0
2014-06-17,0,0
2014-06-18,0,0
2014-06-19,0,0
2014-06-20,0,0
2014-06-21,0,0
2014-06-22,0,0
2014-06-23,0,0
2014-06-24,0,0
2014-06-25,0,0
2014-06-26,0,0
2014-06-27,0,0
2014-06-28,0,0
2014-06-29,0,0
2014-06-30,0,0
2014-07-01,0,0
2014-07-02,0,0
2014-07-03,0,0
2014-07-04,0,0
2014-07-05,0,0
2014-07-06,0,0
2014-07-07,0,0
2014-07-08,0,0
2014-07-09,0,0
2014-07-10,0,0
2014-07-11,0,0
2014-07-12,0,0
2014-07-13,0,0
2014-07-14,0,0
2014-07-15,0,0
2014-07-16,0,0
2014-07-17,0,0
2014-07-18,0,0
2014-07-19,0,0
2014-07-20,0,0
2014-07-21,0,0
2014-07-22,0,0
2014-07-23,0,0
2014-07-24,0,0
2014-07-25,0,0
2014-07-26,0,0
2014-07-27,0,0
2014-07-28,0,0
2014-07-29,0,0
2014-07-30,0,0
2014-07-31,0,0
2014-08-01,0,0
2014-08-02,0,0
2014-08-03,0,0
2014-08-04,0,0
2014-08-05,0,0
2014-08-06,0,0
2014-08-07,0,0
2014-08-08,0,0
2014-08-09,0,0
2014-08-10,0,0
2014-08-11,0,0
2014-08-12,0,0
2014-08-13,0,0
2014-08-14,0,0
2014-08-15,0,0
2014-08-16,0,0
2014-08-17,0,0
2014-08-18,0,0
2014-08-19,0,0
2014-08-20,0,0
2014-08-21,0,0
2014-08-22,0,0
2014-08-23,0,0
2014-08-24,0,0
2014-08-25,0,0
2014-08-26,0,0
2014-08-27,0,0
2014-08-28,0,0
2014-08-29,0,0
2014-08-30,0,0
2014-08-31,0,0
2014-09-01,0,0
2014-09-02,0,0
2014-09-03,0,0
2014-09-04,0,0
2014-09-05,0,0
2014-09-06,0,0
2014-09-07,0,0
2014-09-08,0,0
2014-09-09,0,0
2014-09-10,0,0
2014-09-11,0,0
2014-09-12,0,0
2014-09-13,0,0
2014-09-14,0,0
2014-09-15,0,0
2014-09-16,0,0
2014-09-17,0,0
2014-09-18,0,0
2014-09-19,0,0
2014-09-20,0,0
2014-09-21,0,0
2014-09-22,0,0
2014-09-23,0,0
2014-09-24,0,0
2014-09-25,0,0
2014-09-26,0,0
2014-09-27,0,0
2014-09-28,0,0
2014-09-29,0,0
2014-09-30,0,0
2014-10-01,0,0
2014-10-02,0,0
2014-10-03,0,0
2014-10-04,0,0
2014-10-05,0,0
2014-10-06,0,0
2014-10-07,0,0
2014-10-08,0,0
2014-10-09,0,0
2014-10-10,0,0
2014-10-11,0,0
2014-10-12,0,0
2014-10-13,0,0
2014-10-14,0,0
2014-10-15,0,0
2014-10-16,0,0
2014-10-17,0,0
2014-10-18,0,0
2014-10-19,0,0
2014-10-20,0,0
2014-10-21,0,0
2014-10-22,0,0
2014-10-23,0,0
2014-10-24,0,0
2014-10-25,0,0
2014-10-26,0,0
2014-10-27,0,0
2014-10-28,0,0
2014-10-29,0,0
2014-10-30,0,0
2014-10-31,0,0
2014-11-01,0,0
2014-11-02,0,0
2014-11-03,0,0
2014-11-04,0,0
2014-11-05,0,0
2014-11-06,0,0
2014-11-07,0,0
2014-11-08,0,0
2014-11-09,0,0
2014-11-10,0,0
2014-11-11,0,0
2014-11-12,0,0
2014-11-13,0,0
2014-11-14,0,0
2014-11-15,0,0
2014-11-16,0,0
2014-11-17,0,0
2014-11-18,0,0
2014-11-19,0,0
2014-11-20,0,0
2014-11-21,0,0
2014-11-22,0,0
2014-11-23,0,0
2014-11-24,0,0
2014-11-25,0,0
2014-11-26,0,0
2014-11-27,0,0
2014-11-28,0,0
2014-11-29,0,0
2014-11-30,0,0
2014-12-01,0,0
2014-12-02,0,0
2014-12-03,0,0
2014-12-04,0,0
2014-12-05,0,0
2014-12-06,0,0
2014-12-07,0,0
2014-12-08,0,0
2014-12-09,0,0
2014-12-10,0,0
2014-12-11,0,0
2014-12-12,0,0
2014-12-13,0,0
2014-12-14,0,0
2014-12-15,0,0
2014-12-16,0,0
2014-12-17,0,0
2014-12-18,0,0
2014-12-19,0,0
2014-12-20,0,0
2014-12-21,0,0
2014-12-22,0,0
2014-12-23,0,0
2014-12-24,0,0
2014-12-25,0,0
2014-12-26,0,0
2014-12-27,0,0
2014-12-28,0,0
2014-12-29,0,0
2014-12-30,0,0
2014-12-31,0,0
2015-01-01,0,0
2015-01-02,0,0
2015-01-03,0,0
2015-01-04,0,0
2015-01-05,0,0
2015-01-06,0,0
2015-01-07,0,0
2015-01-08,0,0
2015-01-09,0,0
2015-01-10,0,0
2015-01-11,0,0
2015-01-12,0,0
2015-01-13,0,0
2015-01-14,0,0
2015-01-15,0,0
2015-01-16,0,0
2015-01-17,0,0
2015-01-18,0,0
2015-01-19,0,0
2015-01-20,0,0
2015-01-21,0,0
2015-01-22,0,0
2015-01-23,0,0
2015-01-24,0,0
2015-01-25,0,0
2015-01-26,0,0
2015-01-27,0,0
2015-01-28,0,0
2015-01-29,0,0
2015-01-30,0,0
2015-01-31,0,0
2015-02-01,0,0
2015-02-02,0,0
2015-02-03,0,0
2015-02-04,0,0
2015-02-05,0,0
2015-02-06,0,0
2015-02-07,0,0
2015-02-08,0,0
2015-02-09,0,0
2015-02-10,0,0
2015-02-11,0,0
2015-02-12,0,0
2015-02-13,0,0
2015-02-14,0,0
2015-02-15,0,0
2015-02-16,0,0
2015-02-17,0,0
2015-02-18,0,0
2015-02-19,0,0
2015-02-20,0,0
2015-02-21,0,0
2015-02-22,0,0
2015-02-23,0,0
2015-02-24,0,0
2015-02-25,0,0
2015-02-26,0,0
2015-02-27,0,0
2015-02-28,0,0
2015-03-01,0,0
2015-03-02,0,0
2015-03-03,0,0
2015-03-04,0,0
2015-03-05,0,0
2015-03-06,0,0
2015-03-07,0,0
2015-03-08,0,0
2015-03-09,0,0
2015-03-10,0,0
2015-03-11,0,0
2015-03-12,0,0
2015-03-13,0,0
2015-03-14,0,0
2015-03-15,0,0
2015-03-16,0,0
2015-03-17,0,0
2015-03-18,0,0
2015-03-19,0,0
2015-03-20,0,0
2015-03-21,0,0
2015-03-22,0,0
2015-03-23,0,0
2015-03-24,0,0
2015-03-25,0,0
2015-03-26,0,0
2015-03-27,0,0
2015-03-28,0,0
2015-03-29,0,0
2015-03-30,0,0
2015-03-31,0,0
2015-04-01,0,0
2015-04-02,0,0
2015-04-03,0,0
2015-04-04,0,0
2015-04-05,0,0
2015-04-06,0,0
2015-04-07,0,0
2015-04-08,0,0
2015-04-09,0,0
2015-04-10,0,0
2015-04-11,0,0
2015-04-12,0,0
2015-04-13,0,0
2015-04-14,0,0
2015-04-15,0,0
2015-04-16,0,0
2015-04-17,0,0
2015-04-18,0,0
2015-04-19,0,0
2015-04-20,0,0
2015-04-21,0,0
2015-04-22,0,0
2015-04-23,0,0
2015-04-24,0,0
2015-04-25,0,0
2015-04-26,0,0
2015-04-27,0,0
2015-04-28,0,0
2015-04-29,0,0
2015-04-30,0,0
2015-05-01,0,0
2015-05-02,0,0
2015-05-03,0,0
2015-05-04,0,0
2015-05-05,0,0
2015-05-06,0,0
2015-05-07,0,0
2015-05-08,0,0
2015-05-09,0,0
2015-05-10,0,0
2015-05-11,0,0
2015-05-12,0,0
2015-05-13,0,0
2015-05-14,0,0
2015-05-15,0,0
2015-05-16,0,0
2015-05-17,0,0
2015-05-18,0,0
2015-05-19,0,0
2015-05-20,0,0
2015-05-21,0,0
2015-05-22,0,0
2015-05-23,0,0
2015-05-24,0,0
2015-05-25,0,0
2015-05-26,0,0
2015-05-27,0,0
2015-05-28,0,0
2015-05-29,0,0
2015-05-30,0,0
2015-05-31,0,0
2015-06-01,0,0
2015-06-02,0,0
2015-06-03,0,0
2015-06-04,0,0
2015-06-05,0,0
2015-06-06,0,0
2015-06-07,0,0
2015-06-08,0,0
2015-06-09,0,0
2015-06-10,0,0
2015-06-11,0,0
2015-06-12,0,0
2015-06-13,0,0
2015-06-14,0,0
2015-06-15,0,0
2015-06-16,0,0
2015-06-17,0,0
2015-06-18,0,0
2015-06-19,0,0
2015-06-20,0,0
2015-06-21,0,0
2015-06-22,0,0
2015-06-23,0,0
2015-06-24,0,0
2015-06-25,0,0
2015-06-26,0,0
2015-06-27,0,0
2015-06-28,0,0
2015-06-29,0,0
2015-06-30,0,0
2015-07-01,0,0
2015-07-02,0,0
2015-07-03,0,0
2015-07-04,0,0
2015-07-05,0,0
2015-07-06,0,0
2015-07-07,0,0
2015-07-08,0,0
2015-07-09,0,0
2015-07-10,0,0
2015-07-11,0,0
2015-07-12,0,0
2015-07-13,0,0
2015-07-14,0,0
2015-07-15,0,0
2015-07-16,0,0
2015-07-17,0,0
2015-07-18,0,0
2015-07-19,0,0
2015-07-20,0,0
2015-07-21,0,0
2015-07-22,0,0
2015-07-23,0,0
2015-07-24,0,0
2015-07-25,0,0
2015-07-26,0,0
2015-07-27,0,0
2015-07-28,0,0
2015-07-29,0,0
2015-07-30,0,0
2015-07-31,0,0
2015-08-01,0,0
2015-08-02,0,0
2015-08-03,0,0
2015-08-04,0,0
2015-08-05,0,0
2015-08-06,0,0
2015-08-07,0,0
2015-08-08,0,0
2015-08-09,0,0
2015-08-10,0,0
2015-08-11,0,0
2015-08-12,0,0
2015-08-13,0,0
2015-08-14,0,0
2015-08-15,0,0
2015-08-16,0,0
2015-08-17,0,0
2015-08-18,0,0
2015-08-19,0,0
2015-08-20,0,0
2015-08-21,0,0
2015-08-22,0,0
2015-08-23,0,0
2015-08-24,0,0
2015-08-25,0,0
2015-08-26,0,0
2015-08-27,0,0
2015-08-28,0,0
2015-08-29,0,0
2015-08-30,0,0
2015-08-31,0,0
2015-09-01,0,0
2015-09-02,0,0
2015-09-03,0,0
2015-09-04,0,0
2015-09-05,0,0
2015-09-06,0,0
2015-09-07,0,0
2015-09-08,0,0
2015-09-09,0,0
2015-09-10,0,0
2015-09-11,0,0
2015-09-12,0,0
2015-09-13,0,0
2015-09-14,0,0
2015-09-15,0,0
2015-09-16,0,0
2015-09-17,0,0
2015-09-18,0,0
2015-09-19,0,0
2015-09-20,0,0
2015-09-21,0,0
2015-09-22,0,0
2015-09-23,0,0
2015-09-24,0,0
2015-09-25,0,0
2015-09-26,0,0
2015-09-27,0,0
2015-09-28,0,0
2015-09-29,0,0
2015-09-30,0,0
2015-10-01,0,0
2015-10-02,0,0
2015-10-03,0,0
2015-10-04,0,0
2015-10-05,0,0
2015-10-06,0,0
2015-10-07,0,0
2015-10-08,0,0
2015-10-09,0,0
2015-10-10,0,0
2015-10-11,0,0
2015-10-12,0,0
2015-10-13,0,0
2015-10-14,0,0
2015-10-15,0,0
2015-10-16,0,0
2015-10-17,0,0
2015-10-18,0,0
2015-10-19,0,0
2015-10-20,0,0
2015-10-21,0,0
2015-10-22,0,0
2015-10-23,0,0
2015-10-24,0,0
2015-10-25,0,0
2015-10-26,0,0
2015-10-27,0,0
2015-10-28,0,0
2015-10-29,0,0
2015-10-30,0,0
2015-10-31,0,0
2015-11-01,0,0
2015-11-02,0,0
2015-11-03,0,0
2015-11-04,0,0
2015-11-05,0,0
2015-11-06,0,0
2015-11-07,0,0
2015-11-08,0,0
2015-11-09,0,0
2015-11-10,0,0
2015-11-11,0,0
2015-11-12,0,0
2015-11-13,0,0
2015-11-14,0,0
2015-11-15,0,0
2015-11-16,0,0
2015-11-17,0,0
2015-11-18,0,0
2015-11-19,0,0
2015-11-20,0,0
2015-11-21,0,0
2015-11-22,0,0
2015-11-23,0,0
2015-11-24,0,0
2015-11-25,0,0
2015-11-26,0,0
2015-11-27,0,0
2015-11-28,0,0
2015-11-29,0,0
2015-11-30,0,0
2015-12-01,0,0
2015-12-02,0,0
2015-12-03,0,0
2015-12-04,0,0
2015-12-05,0,0
2015-12-06,0,0
2015-12-07,0,0
2015-12-08,0,0
2015-12-09,0,0
2015-12-10,0,0
2015-12-11,0,0
2015-12-12,0,0
2015-12-13,0,0
2015-12-14,0,0
2015-12-15,0,0
2015-12-16,0,0
2015-12-17,0,0
2015-12-18,0,0
2015-12-19,0,0
2015-12-20,0,0
2015-12-21,0,0
2015-12-22,0,0
2015-12-23,0,0
2015-12-24,0,0
2015-12-25,0,0
2015-12-26,0,0
2015-12-27,0,0
2015-12-28,0,0
2015-12-29,0,0
2015-12-30,0,0
2015-12-31,0,0
2016-01-01,0,0
2016-01-02,0,0
2016-01-03,0,0
2016-01-04,0,0
2016-01-05,0,0
2016-01-06,0,0
2016-01-07,0,0
2016-01-08,0,0
2016-01-09,0,0
2016-01-10,0,0
2016-01-11,0,0
2016-01-12,0,0
2016-01-13,0,0
2016-01-14,0,0
2016-01-15,0,0
2016-01-16,0,0
2016-01-17,0,0
2016-01-18,0,0
2016-01-19,0,0
2016-01-20,0,0
2016-01-21,0,0
2016-01-22,0,0
2016-01-23,0,0
2016-01-24,0,0
2016-01-25,0,0
2016-01-26,0,0
2016-01-27,0,0
2016-01-28,0,0
2016-01-29,0,0
2016-01-30,0,0
2016-01-31,0,0
2016-02-01,0,0
2016-02-02,0,0
2016-02-03,0,0
2016-02-04,0,0
2016-02-05,0,0
2016-02-06,0,0
2016-02-07,0,0
2016-02-08,0,0
2016-02-09,0,0
2016-02-10,0,0
2016-02-11,0,0
2016-02-12,0,0
2016-02-13,0,0
2016-02-14,0,0
2016-02-15,0,0
2016-02-16,0,0
2016-02-17,0,0
2016-02-18,0,0
2016-02-19,0,0
2016-02-20,0,0
2016-02-21,0,0
2016-02-22,0,0
2016-02-23,0,0
2016-02-24,0,0
2016-02-25,0,0
2016-02-26,0,0
2016-02-27,0,0
2016-02-28,0,0
2016-02-29,0,0
2016-03-01,0,0
2016-03-02,0,0
2016-03-03,0,0
2016-03-04,0,0
2016-03-05,0,0
2016-03-06,0,0
2016-03-07,0,0
2016-03-08,0,0
2016-03-09,0,0
2016-03-10,0,0
2016-03-11,0,0
2016-03-12,0,0
2016-03-13,0,0
2016-03-14,0,0
2016-03-15,0,0
2016-03-16,0,0
2016-03-17,0,0
2016-03-18,0,0
2016-03-19,0,0
2016-03-20,0,0
2016-03-21,0,0
2016-03-22,0,0
2016-03-23,0,0
2016-03-24,0,0
2016-03-25,0,0
2016-03-26,0,0
2016-03-27,0,0
2016-03-28,0,0
2016-03-29,0,0
2016-03-30,0,0
2016-03-31,0,0
2016-04-01,0,0
2016-04-02,0,0
2016-04-03,0,0
2016-04-04,0,0
2016-04-05,0,0
2016-04-06,0,0
2016-04-07,0,0
2016-04-08,0,0
2016-04-09,0,0
2016-04-10,0,0
2016-04-11,0,0
2016-04-12,0,0
2016-04-13,0,0
2016-04-14,0,0
2016-04-15,0,0
2016-04-16,0,0
2016-04-17,0,0
2016-04-18,0,0
2016-04-19,0,0
2016-04-20,0,0
2016-04-21,0,0
2016-04-22,0,0
2016-04-23,0,0
2016-04-24,0,0
2016-04-25,0,0
2016-04-26,0,0
2016-04-27,0,0
2016-04-28,0,0
2016-04-29,0,0
2016-04-30,0,0
2016-05-01,0,0
2016-05-02,0,0
2016-05-03,0,0
2016-05-04,0,0
2016-05-05,0,0
2016-05-06,0,0
2016-05-07,0,0
2016-05-08,0,0
2016-05-09,0,0
2016-05-10,0,0
2016-05-11,0,0
2016-05-12,0,0
2016-05-13,0,0
2016-05-14,0,0
2016-05-15,0,0
2016-05-16,0,0
2016-05-17,0,0
2016-05-18,0,0
2016-05-19,0,0
2016-05-20,0,0
2016-05-21,0,0
2016-05-22,0,0
2016-05-23,0,0
2016-05-24,0,0
2016-05-25,0,0
2016-05-26,0,0
2016-05-27,0,0
2016-05-28,0,0
2016-05-29,0,0
2016-05-30,0,0
2016-05-31,0,0
2016-06-01,0,0
2016-06-02,0,0
2016-06-03,0,0
2016-06-04,0,0
2016-06-05,0,0
2016-06-06,0,0
2016-06-07,0,0
2016-06-08,0,0
2016-06-09,0,0
2016-06-10,0,0
2016-06-11,0,0
2016-06-12,0,0
2016-06-13,0,0
2016-06-14,0,0
2016-06-15,0,0
2016-06-16,0,0
2016-06-17,0,0
2016-06-18,0,0
2016-06-19,0,0
2016-06-20,0,0
2016-06-21,0,0
2016-06-22,0,0
2016-06-23,0,0
2016-06-24,0,0
2016-06-25,0,0
2016-06-26,0,0
2016-06-27,0,0
2016-06-28,0,0
2016-06-29,0,0
2016-06-30,0,0
2016-07-01,0,0
2016-07-02,0,0
2016-07-03,0,0
2016-07-04,0,0
2016-07-05,0,0
2016-07-06,0,0
2016-07-07,0,0
2016-07-08,0,0
2016-07-09,0,0
2016-07-10,0,0
2016-07-11,0,0
2016-07-12,0,0
2016-07-13,0,0
2016-07-14,0,0
2016-07-15,0,0
2016-07-16,0,0
2016-07-17,0,0
2016-07-18,0,0
2016-07-19,0,0
2016-07-20,0,0
2016-07-21,0,0
2016-07-22,0,0
2016-07-23,0,0
2016-07-24,0,0
2016-07-25,0,0
2016-07-26,0,0
2016-07-27,0,0
2016-07-28,0,0
2016-07-29,0,0
2016-07-30,0,0
2016-07-31,0,0
2016-08-01,0,0
2016-08-02,0,0
2016-08-03,0,0
2016-08-04,0,0
2016-08-05,0,0
2016-08-06,0,0
2016-08-07,0,0
2016-08-08,0,0
2016-08-09,0,0
2016-08-10,0,0
2016-08-11,0,0
2016-08-12,0,0
2016-08-13,0,0
2016-08-14,0,0
2016-08-15,0,0
2016-08-16,0,0
2016-08-17,0,0
2016-08-18,0,0
2016-08-19,0,0
2016-08-20,0,0
2016-08-21,0,0
2016-08-22,0,0
2016-08-23,0,0
2016-08-24,0,0
2016-08-25,0,0
2016-08-26,0,0
2016-08-27,0,0
2016-08-28,0,0
2016-08-29,0,0
2016-08-30,0,0
2016-08-31,0,0
2016-09-01,0,0
2016-09-02,0,0
2016-09-03,0,0
2016-09-04,0,0
2016-09-05,0,0
2016-09-06,0,0
2016-09-07,0,0
2016-09-08,0,0
2016-09-09,0,0
2016-09-10,0,0
2016-09-11,0,0
2016-09-12,0,0
2016-09-13,0,0
2016-09-14,0,0
2016-09-15,0,0
2016-09-16,0,0
2016-09-17,0,0
2016-09-18,0,0
2016-09-19,0,0
2016-09-20,0,0
2016-09-21,0,0
2016-09-22,0,0
2016-09-23,0,0
2016-09-24,0,0
2016-09-25,0,0
2016-09-26,0,0
2016-09-27,0,0
2016-09-28,0,0
2016-09-29,0,0
2016-09-30,0,0
2016-10-01,0,0
2016-10-02,0,0
2016-10-03,0,0
2016-10-04,0,0
2016-10-05,0,0
2016-10-06,0,0
2016-10-07,0,0
2016-10-08,0,0
2016-10-09,0,0
2016-10-10,0,0
2016-10-11,0,0
2016-10-12,0,0
2016-10-13,0,0
2016-10-14,0,0
2016-10-15,0,0
2016-10-16,0,0
2016-10-17,0,0
2016-10-18,0,0
2016-10-19,0,0
2016-10-20,0,0
2016-10-21,0,0
2016-10-22,0,0
2016-10-23,0,0
2016-10-24,0,0
2016-10-25,0,0
2016-10-26,0,0
2016-10-27,0,0
2016-10-28,0,0
2016-10-29,0,0
2016-10-30,0,0
2016-10-31,0,0
2016-11-01,0,0
2016-11-02,0,0
2016-11-03,0,0
2016-11-04,0,0
2016-11-05,0,0
2016-11-06,0,0
2016-11-07,0,0
2016-11-08,0,0
2016-11-09,0,0
2016-11-10,0,0
2016-11-11,0,0
2016-11-12,0,0
2016-11-13,0,0
2016-11-14,0,0
2016-11-15,0,0
2016-11-16,0,0
2016-11-17,0,0
2016-11-18,0,0
2016-11-19,0,0
2016-11-20,0,0
2016-11-21,0,0
2016-11-22,0,0
2016-11-23,0,0
2016-11-24,0,0
2016-11-25,0,0
2016-11-26,0,0
2016-11-27,0,0
2016-11-28,0,0
2016-11-29,0,0
2016-11-30,0,0
2016-12-01,0,0
2016-12-02,0,0
2016-12-03,0,0
2016-12-04,0,0
2016-12-05,0,0
2016-12-06,0,0
2016-12-07,0,0
2016-12-08,0,0
2016-12-09,0,0
2016-12-10,0,0
2016-12-11,0,0
2016-12-12,0,0
2016-12-13,0,0
2016-12-14,0,0
2016-12-15,0,0
2016-12-16,0,0
2016-12-17,0,0
2016-12-18,0,0
2016-12-19,0,0
2016-12-20,0,0
2016-12-21,0,0
2016-12-22,0,0
2016-12-23,0,0
2016-12-24,0,0
2016-12-25,0,0
2016-12-26,0,0
2016-12-27,0,0
2016-12-28,0,0
2016-12-29,0,0
2016-12-30,0,0
2016-12-31,0,0
2017-01-01,0,0
2017-01-02,0,0
2017-01-03,0,0
2017-01-04,0,0
2017-01-05,0,0
2017-01-06,0,0
2017-01-07,0,0
2017-01-08,0,0
2017-01-09,0,0
2017-01-10,0,0
2017-01-11,0,0
2017-01-12,0,0
2017-01-13,0,0
2017-01-14,0,0
2017-01-15,0,0
2017-01-16,0,0
2017-01-17,41,41
2017-01-18,60,60
2017-01-19,103,103
2017-01-20,105,105
2017-01-21,105,105
2017-01-22,105,105
2017-01-23,108,108
2017-01-24,113,114
2017-01-25,130,132
2017-01-26,171,173
2017-01-27,175,207
2017-01-28,175,175
2017-01-29,175,175
2017-01-30,175,177
2017-01-31,182,182
2017-02-01,163,192
2017-02-02,201,201
2017-02-03,204,204
2017-02-04,204,204
2017-02-05,204,204
2017-02-06,221,222
2017-02-07,266,269
2017-02-08,271,279
2017-02-09,290,291
2017-02-10,255,300
2017-02-11,255,255
2017-02-12,255,255
2017-02-13,296,299
2017-02-14,320,325
2017-02-15,279,327
2017-02-16,241,287
2017-02-17,251,257
2017-02-18,270,272
2017-02-19,282,282
2017-02-20,286,286
2017-02-21,276,298
2017-02-22,289,303
2017-02-23,303,305
2017-02-24,270,325
2017-02-25,287,287
2017-02-26,294,294
2017-02-27,296,302
2017-02-28,304,306
2017-03-01,286,325
2017-03-02,309,341
2017-03-03,371,373
2017-03-04,361,392
2017-03-05,403,403
2017-03-06,438,444
2017-03-07,461,482
2017-03-08,439,500
2017-03-09,449,458
2017-03-10,462,470
2017-03-11,456,462
2017-03-12,456,456
2017-03-13,475,479
2017-03-14,475,477
2017-03-15,459,494
2017-03-16,427,469
2017-03-17,464,475
2017-03-18,433,474
2017-03-19,437,437
2017-03-20,466,480
2017-03-21,447,475
2017-03-22,453,464
2017-03-23,458,470
2017-03-24,474,482
2017-03-25,475,475
2017-03-26,475,475
2017-03-27,473,535
2017-03-28,454,509
2017-03-29,436,471
2017-03-30,407,443
2017-03-31,441,479
2017-04-01,441,441
2017-04-02,443,476
2017-04-03,433,463
2017-04-04,443,459
2017-04-05,423,467
2017-04-06,420,443
2017-04-07,424,480
2017-04-08,385,424
2017-04-09,408,408
2017-04-10,409,428
2017-04-11,414,427
2017-04-12,421,432
2017-04-13,436,443
2017-04-14,465,471
2017-04-15,468,468
2017-04-16,471,471
2017-04-17,454,478
2017-04-18,461,470
2017-04-19,438,481
2017-04-20,430,462
2017-04-21,432,465
2017-04-22,438,438
2017-04-23,420,444
2017-04-24,427,442
2017-04-25,423,438
2017-04-26,434,450
2017-04-27,435,449
2017-04-28,428,472
2017-04-29,423,438
2017-04-30,431,431
2017-05-01,420,434
2017-05-02,430,436
2017-05-03,409,440
2017-05-04,418,421
2017-05-05,430,478
2017-05-06,431,431
2017-05-07,418,458
2017-05-08,406,430
2017-05-09,426,430
2017-05-10,395,445
2017-05-11,414,415
2017-05-12,433,440
2017-05-13,438,446
2017-05-14,446,450
2017-05-15,455,462
2017-05-16,454,473
2017-05-17,432,467
2017-05-18,436,444
2017-05-19,431,481
2017-05-20,431,431
2017-05-21,432,457
2017-05-22,418,445
2017-05-23,424,435
2017-05-24,399,436
2017-05-25,404,414
2017-05-26,412,423
2017-05-27,410,412
2017-05-28,410,410
2017-05-29,447,448
2017-05-30,454,461
2017-05-31,441,464
2017-06-01,423,454
2017-06-02,423,474
2017-06-03,414,423
2017-06-04,401,414
2017-06-05,414,418
2017-06-06,424,431
2017-06-07,429,448
2017-06-08,409,450
2017-06-09,425,433
2017-06-10,408,425
2017-06-11,430,430
2017-06-12,447,463
2017-06-13,449,457
2017-06-14,435,467
2017-06-15,460,477
2017-06-16,439,502
2017-06-17,402,440
2017-06-18,425,425
2017-06-19,425,447
2017-06-20,434,442
2017-06-21,445,464
2017-06-22,455,476
2017-06-23,489,515
2017-06-24,460,494
2017-06-25,465,465
2017-06-26,475,489
2017-06-27,459,494
2017-06-28,432,467
2017-06-29,459,464
2017-06-30,452,504
2017-07-01,421,452
2017-07-02,446,446
2017-07-03,450,469
2017-07-04,457,458
2017-07-05,453,475
2017-07-06,493,504
2017-07-07,526,562
2017-07-08,504,544
2017-07-09,517,518
2017-07-10,507,536
2017-07-11,539,556
2017-07-12,555,642
2017-07-13,532,617
2017-07-14,551,595
2017-07-15,532,569
2017-07-16,552,553
2017-07-17,574,595
2017-07-18,585,618
2017-07-19,577,613
2017-07-20,561,601
2017-07-21,586,599
2017-07-22,571,586
2017-07-23,576,576
2017-07-24,579,584
2017-07-25,583,601
2017-07-26,560,606
2017-07-27,599,614
2017-07-28,595,665
2017-07-29,598,598
2017-07-30,586,628
2017-07-31,580,603
2017-08-01,583,600
2017-08-02,614,625
2017-08-03,588,655
2017-08-04,602,629
2017-08-05,577,602
2017-08-06,600,600
2017-08-07,612,621
2017-08-08,593,650
2017-08-09,589,616
2017-08-10,609,646
2017-08-11,573,660
2017-08-12,576,599
2017-08-13,592,592
2017-08-14,597,615
2017-08-15,612,628
2017-08-16,589,647
2017-08-17,592,623
2017-08-18,577,639
2017-08-19,568,598
2017-08-20,578,581
2017-08-21,576,602
2017-08-22,583,602
2017-08-23,593,618
2017-08-24,605,620
2017-08-25,597,651
2017-08-26,557,597
2017-08-27,581,582
2017-08-28,581,594
2017-08-29,603,612
2017-08-30,570,633
2017-08-31,570,628
2017-09-01,577,622
2017-09-02,541,577
2017-09-03,541,541
2017-09-04,569,570
2017-09-05,580,605
2017-09-06,630,650
2017-09-07,619,658
2017-09-08,606,686
2017-09-09,559,606
2017-09-10,594,594
2017-09-11,595,610
2017-09-12,634,652
2017-09-13,592,674
2017-09-14,569,637
2017-09-15,578,617
2017-09-16,572,587
2017-09-17,583,583
2017-09-18,562,599
2017-09-19,563,590
2017-09-20,577,600
2017-09-21,596,619
2017-09-22,580,658
2017-09-23,566,596
2017-09-24,586,588
2017-09-25,576,602
2017-09-26,588,616
2017-09-27,568,625
2017-09-28,551,609
2017-09-29,570,588
2017-09-30,553,570
2017-10-01,586,586
2017-10-02,583,604
2017-10-03,557,622
2017-10-04,552,596
2017-10-05,591,618
2017-10-06,609,643
2017-10-07,591,616
2017-10-08,602,603
2017-10-09,636,636
2017-10-10,618,650
2017-10-11,593,644
2017-10-12,603,632
2017-10-13,588,642
2017-10-14,568,606
2017-10-15,586,586
2017-10-16,572,607
2017-10-17,581,613
2017-10-18,582,610
2017-10-19,594,624
2017-10-20,582,656
2017-10-21,556,593
2017-10-22,574,574
2017-10-23,575,594
2017-10-24,581,606
2017-10-25,546,621
2017-10-26,561,584
2017-10-27,550,595
2017-10-28,526,550
2017-10-29,549,550
2017-10-30,553,572
2017-10-31,588,598
2017-11-01,578,616
2017-11-02,531,601
2017-11-03,578,599
2017-11-04,537,579
2017-11-05,576,577
2017-11-06,588,609
2017-11-07,583,608
2017-11-08,560,623
2017-11-09,540,619
2017-11-10,570,570
2017-11-11,537,587
2017-11-12,571,572
2017-11-13,572,590
2017-11-14,555,588
2017-11-15,560,576
2017-11-16,571,611
2017-11-17,536,608
2017-11-18,529,549
2017-11-19,553,553
2017-11-20,559,588
2017-11-21,542,590
2017-11-22,514,574
2017-11-23,513,514
2017-11-24,566,577
2017-11-25,504,566
2017-11-26,523,523
2017-11-27,512,532
2017-11-28,549,565
2017-11-29,521,580
2017-11-30,548,576
2017-12-01,574,611
2017-12-02,541,575
2017-12-03,545,547
2017-12-04,562,575
2017-12-05,583,606
2017-12-06,572,612
2017-12-07,535,595
2017-12-08,585,611
2017-12-09,559,585
2017-12-10,570,570
2017-12-11,611,627
2017-12-12,590,664
2017-12-13,562,604
2017-12-14,558,603
2017-12-15,570,606
2017-12-16,562,589
2017-12-17,578,578
2017-12-18,592,608
2017-12-19,582,623
2017-12-20,533,613
2017-12-21,554,569
2017-12-22,565,605
2017-12-23,522,565
2017-12-24,544,544
2017-12-25,546,546
2017-12-26,528,559
2017-12-27,553,562
2017-12-28,545,582
2017-12-29,554,582
2017-12-30,536,554
2017-12-31,567,567
2018-01-01,567,567
2018-01-02,566,598
2018-01-03,573,618
2018-01-04,562,616
2018-01-05,591,607
2018-01-06,576,600
2018-01-07,592,592
2018-01-08,593,618
2018-01-09,577,624
2018-01-10,580,607
2018-01-11,560,617
2018-01-12,587,616
2018-01-13,557,587
2018-01-14,565,565
2018-01-15,604,605
2018-01-16,604,605
2018-01-17,575,660
2018-01-18,570,611
2018-01-19,591,614
2018-01-20,576,591
2018-01-21,602,602
2018-01-22,604,629
2018-01-23,597,629
2018-01-24,594,631
2018-01-25,620,654
2018-01-26,620,667
2018-01-27,592,620
2018-01-28,616,616
2018-01-29,591,639
2018-01-30,604,626
2018-01-31,575,654
2018-02-01,596,617
2018-02-02,611,634
2018-02-03,573,611
2018-02-04,593,593
2018-02-05,630,651
2018-02-06,623,670
2018-02-07,610,651
2018-02-08,595,651
2018-02-09,626,647
2018-02-10,604,636
2018-02-11,627,633
2018-02-12,618,648
2018-02-13,632,669
2018-02-14,586,660
2018-02-15,613,642
2018-02-16,664,710
2018-02-17,617,665
2018-02-18,618,618
2018-02-19,639,641
2018-02-20,642,670
2018-02-21,634,663
2018-02-22,635,655
2018-02-23,638,696
2018-02-24,618,645
2018-02-25,623,623
2018-02-26,635,658
2018-02-27,622,678
2018-02-28,585,649
2018-03-01,570,605
2018-03-02,612,640
2018-03-03,602,631
2018-03-04,609,609
2018-03-05,605,637
2018-03-06,609,630
2018-03-07,635,649
2018-03-08,637,668
2018-03-09,618,668
2018-03-10,607,624
2018-03-11,613,614
2018-03-12,623,642
2018-03-13,619,648
2018-03-14,570,639
2018-03-15,547,625
2018-03-16,553,591
2018-03-17,543,560
2018-03-18,550,550
2018-03-19,567,584
2018-03-20,581,603
2018-03-21,559,604
2018-03-22,577,624
2018-03-23,597,643
2018-03-24,564,602
2018-03-25,573,573
2018-03-26,586,601
2018-03-27,596,619
2018-03-28,596,621
2018-03-29,589,612
2018-03-30,619,640
2018-03-31,598,624
2018-04-01,598,598
2018-04-02,621,627
2018-04-03,600,632
2018-04-04,574,640
2018-04-05,566,612
2018-04-06,600,618
2018-04-07,575,608
2018-04-08,575,575
2018-04-09,592,606
2018-04-10,553,618
2018-04-11,531,587
2018-04-12,529,577
2018-04-13,543,583
2018-04-14,526,547
2018-04-15,538,538
2018-04-16,519,553
2018-04-17,529,544
2018-04-18,557,593
2018-04-19,558,599
2018-04-20,552,588
2018-04-21,541,557
2018-04-22,551,551
2018-04-23,572,590
2018-04-24,545,603
2018-04-25,517,563
2018-04-26,527,553
2018-04-27,533,602
2018-04-28,513,536
2018-04-29,513,513
2018-04-30,545,550
2018-05-01,544,566
2018-05-02,546,586
2018-05-03,540,571
2018-05-04,578,595
2018-05-05,561,584
2018-05-06,564,564
2018-05-07,591,607
2018-05-08,614,643
2018-05-09,587,664
2018-05-10,579,617
2018-05-11,638,680
2018-05-12,600,638
2018-05-13,600,600
2018-05-14,639,644
2018-05-15,647,676
2018-05-16,621,671
2018-05-17,643,662
2018-05-18,656,687
2018-05-19,631,656
2018-05-20,643,645
2018-05-21,661,691
2018-05-22,650,704
2018-05-23,652,686
2018-05-24,647,672
2018-05-25,651,701
2018-05-26,646,651
2018-05-27,660,660
2018-05-28,680,680
2018-05-29,689,728
2018-05-30,668,727
2018-05-31,639,691
2018-06-01,675,699
2018-06-02,645,675
2018-06-03,644,645
2018-06-04,705,708
2018-06-05,685,723
2018-06-06,687,721
2018-06-07,661,722
2018-06-08,639,711
2018-06-09,640,640
2018-06-10,609,640
2018-06-11,617,618
2018-06-12,662,691
2018-06-13,637,700
2018-06-14,619,678
2018-06-15,642,665
2018-06-16,618,642
2018-06-17,620,620
2018-06-18,662,734
2018-06-19,659,702
2018-06-20,675,704
2018-06-21,630,710
2018-06-22,646,713
2018-06-23,635,674
2018-06-24,637,637
2018-06-25,663,680
2018-06-26,677,730
2018-06-27,687,717
2018-06-28,688,722
2018-06-29,690,740
2018-06-30,651,690
2018-07-01,662,663
2018-07-02,678,688
2018-07-03,660,699
2018-07-04,651,660
2018-07-05,646,704
2018-07-06,643,691
2018-07-07,620,643
2018-07-08,620,621
2018-07-09,680,689
2018-07-10,644,705
2018-07-11,674,690
2018-07-12,687,736
2018-07-13,717,736
2018-07-14,707,729
2018-07-15,706,707
2018-07-16,733,748
2018-07-17,706,761
2018-07-18,690,756
2018-07-19,704,751
2018-07-20,723,755
2018-07-21,693,725
2018-07-22,712,712
2018-07-23,738,756
2018-07-24,717,757
2018-07-25,692,744
2018-07-26,692,740
2018-07-27,728,759
2018-07-28,683,728
2018-07-29,696,697
2018-07-30,739,758
2018-07-31,705,763
2018-08-01,665,725
2018-08-02,661,712
2018-08-03,666,706
2018-08-04,664,683
2018-08-05,665,665
2018-08-06,685,710
2018-08-07,688,708
2018-08-08,671,727
2018-08-09,648,713
2018-08-10,601,698
2018-08-11,621,624
2018-08-12,636,636
2018-08-13,627,681
2018-08-14,622,651
2018-08-15,623,674
2018-08-16,620,649
2018-08-17,635,676
2018-08-18,631,655
2018-08-19,658,658
2018-08-20,644,668
2018-08-21,606,674
2018-08-22,626,648
2018-08-23,605,646
2018-08-24,583,655
2018-08-25,576,599
2018-08-26,589,589
2018-08-27,581,607
2018-08-28,636,654
2018-08-29,626,699
2018-08-30,576,661
2018-08-31,605,647
2018-09-01,605,645
2018-09-02,605,605
2018-09-03,605,605
2018-09-04,662,672
2018-09-05,608,714
2018-09-06,597,637
2018-09-07,587,642
2018-09-08,574,606
2018-09-09,573,574
2018-09-10,614,626
2018-09-11,626,644
2018-09-12,605,643
2018-09-13,608,640
2018-09-14,689,714
2018-09-15,699,732
2018-09-16,711,711
2018-09-17,718,739
2018-09-18,682,747
2018-09-19,659,722
2018-09-20,683,717
2018-09-21,672,735
2018-09-22,692,694
2018-09-23,698,698
2018-09-24,679,726
2018-09-25,673,707
2018-09-26,654,703
2018-09-27,640,677
2018-09-28,700,722
2018-09-29,682,711
2018-09-30,699,699
2018-10-01,749,775
2018-10-02,707,765
2018-10-03,671,733
2018-10-04,693,714
2018-10-05,645,722
2018-10-06,653,675
2018-10-07,679,679
2018-10-08,711,712
2018-10-09,710,741
2018-10-10,677,745
2018-10-11,652,695
2018-10-12,648,701
2018-10-13,638,663
2018-10-14,655,655
2018-10-15,664,686
2018-10-16,688,711
2018-10-17,655,716
2018-10-18,676,703
2018-10-19,616,717
2018-10-20,662,687
2018-10-21,687,687
2018-10-22,691,712
2018-10-23,668,709
2018-10-24,667,711
2018-10-25,644,698
2018-10-26,663,681
2018-10-27,664,665
2018-10-28,693,693
2018-10-29,698,731
2018-10-30,637,721
2018-10-31,629,651
2018-11-01,640,659
2018-11-02,612,678
2018-11-03,588,617
2018-11-04,613,614
2018-11-05,613,637
2018-11-06,607,632
2018-11-07,616,643
2018-11-08,654,692
2018-11-09,669,703
2018-11-10,652,669
2018-11-11,675,675
2018-11-12,680,681
2018-11-13,680,723
2018-11-14,677,712
2018-11-15,700,733
2018-11-16,664,737
2018-11-17,678,682
2018-11-18,694,694
2018-11-19,685,733
2018-11-20,676,736
2018-11-21,651,711
2018-11-22,651,651
2018-11-23,671,698
2018-11-24,670,695
2018-11-25,681,681
2018-11-26,694,713
2018-11-27,665,730
2018-11-28,653,712
2018-11-29,653,680
2018-11-30,687,707
2018-12-01,692,711
2018-12-02,709,709
2018-12-03,710,738
2018-12-04,690,721
2018-12-05,672,696
2018-12-06,725,742
2018-12-07,671,764
2018-12-08,646,671
2018-12-09,665,665
2018-12-10,686,712
2018-12-11,667,731
2018-12-12,658,706
2018-12-13,665,714
2018-12-14,668,709
2018-12-15,672,702
2018-12-16,673,673
2018-12-17,678,704
2018-12-18,683,710
2018-12-19,645,722
2018-12-20,604,679
2018-12-21,613,651
2018-12-22,611,630
2018-12-23,611,611
2018-12-24,637,637
2018-12-25,637,637
2018-12-26,644,706
2018-12-27,663,679
2018-12-28,692,709
2018-12-29,665,692
2018-12-30,675,675
2018-12-31,693,705
2019-01-01,730,730
2019-01-02,706,747
2019-01-03,694,726
2019-01-04,653,731
2019-01-05,651,653
2019-01-06,671,671
2019-01-07,685,731
2019-01-08,699,727
2019-01-09,686,739
2019-01-10,672,711
2019-01-11,704,722
2019-01-12,688,704
2019-01-13,700,700
2019-01-14,715,732
2019-01-15,699,746
2019-01-16,698,731
2019-01-17,679,728
2019-01-18,674,737
2019-01-19,650,676
2019-01-20,673,675
2019-01-21,688,690
2019-01-22,707,744
2019-01-23,684,746
2019-01-24,679,735
2019-01-25,649,723
2019-01-26,624,650
2019-01-27,646,646
2019-01-28,651,673
2019-01-29,697,722
2019-01-30,701,738
2019-01-31,707,760
2019-02-01,723,769
2019-02-02,697,723
2019-02-03,708,710
2019-02-04,727,759
2019-02-05,732,768
2019-02-06,691,761
2019-02-07,660,718
2019-02-08,689,706
2019-02-09,660,689
2019-02-10,670,671
2019-02-11,673,695
2019-02-12,737,761
2019-02-13,684,770
2019-02-14,674,719
2019-02-15,690,721
2019-02-16,661,690
2019-02-17,682,683
2019-02-18,702,702
2019-02-19,712,753
2019-02-20,682,728
2019-02-21,673,711
2019-02-22,675,709
2019-02-23,660,694
2019-02-24,687,688
2019-02-25,704,717
2019-02-26,707,767
2019-02-27,716,774
2019-02-28,673,743
2019-03-01,701,714
2019-03-02,682,701
2019-03-03,709,710
2019-03-04,727,752
2019-03-05,729,757
2019-03-06,697,754
2019-03-07,705,745
2019-03-08,719,752
2019-03-09,690,719
2019-03-10,722,722
2019-03-11,739,768
2019-03-12,702,773
2019-03-13,677,724
2019-03-14,665,721
2019-03-15,705,720
2019-03-16,672,706
2019-03-17,679,679
2019-03-18,683,697
2019-03-19,695,716
2019-03-20,681,718
2019-03-21,667,717
2019-03-22,686,721
2019-03-23,664,687
2019-03-24,725,738
2019-03-25,749,773
2019-03-26,703,780
2019-03-27,717,737
2019-03-28,710,757
2019-03-29,720,753
2019-03-30,697,723
2019-03-31,708,709
2019-04-01,693,723
2019-04-02,692,709
2019-04-03,686,730
2019-04-04,671,742
2019-04-05,701,722
2019-04-06,672,701
2019-04-07,686,686
2019-04-08,689,722
2019-04-09,693,718
2019-04-10,668,716
2019-04-11,615,687
2019-04-12,636,654
2019-04-13,607,636
2019-04-14,629,630
2019-04-15,633,651
2019-04-16,641,658
2019-04-17,647,676
2019-04-18,654,685
2019-04-19,679,708
2019-04-20,644,679
2019-04-21,661,663
2019-04-22,672,690
2019-04-23,670,709
2019-04-24,624,690
2019-04-25,573,642
2019-04-26,589,620
2019-04-27,565,589
2019-04-28,592,597
2019-04-29,584,606
2019-04-30,592,610
2019-05-01,590,626
2019-05-02,593,632
2019-05-03,601,638
2019-05-04,580,601
2019-05-05,606,606
2019-05-06,635,660
2019-05-07,639,667
2019-05-08,656,682
2019-05-09,625,705
2019-05-10,682,702
2019-05-11,656,683
2019-05-12,662,662
2019-05-13,631,688
2019-05-14,627,644
2019-05-15,652,671
2019-05-16,650,697
2019-05-17,668,710
2019-05-18,653,677
2019-05-19,678,680
2019-05-20,693,715
2019-05-21,667,703
2019-05-22,644,704
2019-05-23,616,667
2019-05-24,602,649
2019-05-25,591,602
2019-05-26,588,591
2019-05-27,616,617
2019-05-28,645,666
2019-05-29,620,665
2019-05-30,648,680
2019-05-31,660,686
2019-06-01,640,661
2019-06-02,660,673
2019-06-03,657,682
2019-06-04,679,697
2019-06-05,678,716
2019-06-06,668,715
2019-06-07,641,698
2019-06-08,617,641
2019-06-09,638,638
2019-06-10,658,674
2019-06-11,637,671
2019-06-12,655,683
2019-06-13,644,683
2019-06-14,637,689
2019-06-15,611,638
2019-06-16,643,645
2019-06-17,639,667
2019-06-18,588,649
2019-06-19,579,602
2019-06-20,624,640
2019-06-21,609,665
2019-06-22,587,609
2019-06-23,621,624
2019-06-24,634,669
2019-06-25,613,673
2019-06-26,609,667
2019-06-27,679,738
2019-06-28,674,700
2019-06-29,659,676
2019-06-30,674,675
2019-07-01,568,701
2019-07-02,556,589
2019-07-03,563,589
2019-07-04,582,582
2019-07-05,577,622
2019-07-06,545,577
2019-07-07,634,634
2019-07-08,645,666
2019-07-09,653,688
2019-07-10,655,712
2019-07-11,671,704
2019-07-12,703,738
2019-07-13,686,703
2019-07-14,710,718
2019-07-15,699,741
2019-07-16,694,725
2019-07-17,714,757
2019-07-18,683,744
2019-07-19,694,762
2019-07-20,672,694
2019-07-21,702,703
2019-07-22,699,728
2019-07-23,704,725
2019-07-24,691,735
2019-07-25,681,716
2019-07-26,695,732
2019-07-27,672,695
2019-07-28,702,702
2019-07-29,698,719
2019-07-30,704,723
2019-07-31,682,730
2019-08-01,649,706
2019-08-02,684,709
2019-08-03,653,684
2019-08-04,687,689
2019-08-05,646,728
2019-08-06,647,673
2019-08-07,610,668
2019-08-08,678,711
2019-08-09,706,732
2019-08-10,684,706
2019-08-11,698,699
2019-08-12,702,734
2019-08-13,603,725
2019-08-14,577,622
2019-08-15,547,592
2019-08-16,653,669
2019-08-17,629,656
2019-08-18,669,670
2019-08-19,677,701
2019-08-20,696,725
2019-08-21,690,725
2019-08-22,645,725
2019-08-23,664,701
2019-08-24,640,665
2019-08-25,669,672
2019-08-26,669,702
2019-08-27,678,722
2019-08-28,686,733
2019-08-29,647,712
2019-08-30,715,739
2019-08-31,713,715
2019-09-01,714,714
2019-09-02,718,752
2019-09-03,727,754
2019-09-04,713,756
2019-09-05,698,729
2019-09-06,731,754
2019-09-07,704,731
2019-09-08,727,735
2019-09-09,724,750
2019-09-10,702,756
2019-09-11,675,725
2019-09-12,690,720
2019-09-13,655,734
2019-09-14,632,656
2019-09-15,647,649
2019-09-16,656,680
2019-09-17,685,702
2019-09-18,705,739
2019-09-19,669,738
2019-09-20,686,722
2019-09-21,663,686
2019-09-22,683,690
2019-09-23,706,725
2019-09-24,676,729
2019-09-25,666,703
2019-09-26,685,715
2019-09-27,666,725
2019-09-28,651,666
2019-09-29,673,683
2019-09-30,674,701
2019-10-01,712,735
2019-10-02,697,749
2019-10-03,681,715
2019-10-04,724,743
2019-10-05,700,724
2019-10-06,714,717
2019-10-07,724,751
2019-10-08,718,743
2019-10-09,696,759
2019-10-10,722,780
2019-10-11,712,780
2019-10-12,690,713
2019-10-13,695,695
2019-10-14,714,716
2019-10-15,722,758
2019-10-16,693,734
2019-10-17,722,751
2019-10-18,666,753
2019-10-19,650,666
2019-10-20,665,665
2019-10-21,702,717
2019-10-22,698,748
2019-10-23,642,731
2019-10-24,617,663
2019-10-25,619,651
2019-10-26,592,619
2019-10-27,611,613
2019-10-28,625,642
2019-10-29,660,682
2019-10-30,656,698
2019-10-31,664,705
2019-11-01,632,706
2019-11-02,616,632
2019-11-03,635,637
2019-11-04,640,671
2019-11-05,628,685
2019-11-06,604,656
2019-11-07,612,647
2019-11-08,578,645
2019-11-09,541,578
2019-11-10,549,553
2019-11-11,549,550
2019-11-12,579,588
2019-11-13,568,615
2019-11-14,562,617
2019-11-15,563,612
2019-11-16,547,564
2019-11-17,577,583
2019-11-18,579,610
2019-11-19,540,607
2019-11-20,559,586
2019-11-21,541,603
2019-11-22,520,580
2019-11-23,520,520
2019-11-24,525,551
2019-11-25,559,578
2019-11-26,574,602
2019-11-27,562,602
2019-11-28,581,582
2019-11-29,561,607
2019-11-30,543,562
2019-12-01,569,572
2019-12-02,554,585
2019-12-03,527,577
2019-12-04,543,574
2019-12-05,556,593
2019-12-06,585,610
2019-12-07,561,585
2019-12-08,594,594
2019-12-09,608,647
2019-12-10,621,650
2019-12-11,567,645
2019-12-12,608,649
2019-12-13,606,633
2019-12-14,578,607
2019-12-15,586,587
2019-12-16,651,664
2019-12-17,631,677
2019-12-18,520,675
2019-12-19,599,654
2019-12-20,624,656
2019-12-21,600,624
2019-12-22,644,648
2019-12-23,641,694
2019-12-24,642,642
2019-12-25,642,642
2019-12-26,614,695
2019-12-27,622,654
2019-12-28,619,622
2019-12-29,610,636
2019-12-30,619,634
2019-12-31,621,640
2020-01-01,672,672
2020-01-02,618,694
2020-01-03,629,648
2020-01-04,611,629
2020-01-05,628,629
2020-01-06,646,656
2020-01-07,621,678
2020-01-08,585,658
2020-01-09,615,696
2020-01-10,620,665
2020-01-11,603,629
2020-01-12,539,622
2020-01-13,686,696
2020-01-14,708,739
2020-01-15,697,761
2020-01-16,662,699
2020-01-17,634,669
2020-01-18,626,634
2020-01-19,636,637
2020-01-20,644,646
2020-01-21,602,646
2020-01-22,555,607
2020-01-23,598,677
2020-01-24,602,628
2020-01-25,598,627
2020-01-26,633,637
2020-01-27,633,657
2020-01-28,517,696
2020-01-29,553,586
2020-01-30,596,628
2020-01-31,594,649
2020-02-01,562,595
2020-02-02,592,594
2020-02-03,588,612
2020-02-04,581,633
2020-02-05,548,610
2020-02-06,566,598
2020-02-07,573,616
2020-02-08,550,574
2020-02-09,564,564
2020-02-10,558,571
2020-02-11,545,563
2020-02-12,497,560
2020-02-13,490,506
2020-02-14,478,510
2020-02-15,478,478
2020-02-16,484,498
2020-02-17,524,530
2020-02-18,607,625
2020-02-19,587,625
2020-02-20,619,639
2020-02-21,596,621
2020-02-22,590,596
2020-02-23,592,592
2020-02-24,415,604
2020-02-25,450,468
2020-02-26,454,485
2020-02-27,501,532
2020-02-28,501,579
2020-02-29,480,501
2020-03-01,521,521
2020-03-02,540,564
2020-03-03,565,596
2020-03-04,554,638
2020-03-05,548,584
2020-03-06,537,600
2020-03-07,514,537
2020-03-08,535,537
2020-03-09,545,565
2020-03-10,545,572
2020-03-11,565,587
2020-03-12,543,591
2020-03-13,551,598
2020-03-14,515,551
2020-03-15,536,540
2020-03-16,523,538
2020-03-17,513,528
2020-03-18,515,517
2020-03-19,507,532
2020-03-20,499,507
2020-03-21,496,500
2020-03-22,497,498
2020-03-23,486,499
2020-03-24,449,486
2020-03-25,446,452
2020-03-26,439,463
2020-03-27,372,442
2020-03-28,370,372
2020-03-29,373,373
2020-03-30,385,389
2020-03-31,452,458
2020-04-01,467,470
2020-04-02,440,469
2020-04-03,420,440
2020-04-04,417,421
2020-04-05,417,417
2020-04-06,423,423
2020-04-07,449,460
2020-04-08,442,450
2020-04-09,446,452
2020-04-10,453,460
2020-04-11,554,556
2020-04-12,554,554
2020-04-13,550,554
2020-04-14,548,552
2020-04-15,530,548
2020-04-16,520,530
2020-04-17,499,520
2020-04-18,498,499
2020-04-19,497,498
2020-04-20,492,497
2020-04-21,489,492
2020-04-22,483,489
2020-04-23,478,483
2020-04-24,471,478
2020-04-25,466,471
2020-04-26,465,466
2020-04-27,458,465
2020-04-28,454,458
2020-04-29,447,454
2020-04-30,470,475
2020-05-01,463,493
2020-05-02,439,465
2020-05-03,453,453
2020-05-04,419,458
2020-05-05,423,435
2020-05-06,424,442
2020-05-07,415,439
2020-05-08,420,440
2020-05-09,394,420
2020-05-10,407,407
2020-05-11,380,420
2020-05-12,381,397
2020-05-13,371,393
2020-05-14,375,388
2020-05-15,360,396
2020-05-16,338,360
2020-05-17,366,366
2020-05-18,259,380
2020-05-19,248,266
2020-05-20,246,273
2020-05-21,252,262
2020-05-22,266,283
2020-05-23,235,266
2020-05-24,236,236
2020-05-25,242,245
2020-05-26,268,280
2020-05-27,247,290
2020-05-28,219,247
2020-05-29,213,221
2020-05-30,214,214
2020-05-31,214,214
2020-06-01,225,227
2020-06-02,257,271
2020-06-03,223,270
2020-06-04,226,240
2020-06-05,222,246
2020-06-06,200,222
2020-06-07,213,213
2020-06-08,217,230
2020-06-09,227,249
2020-06-10,210,250
2020-06-11,223,244
2020-06-12,271,309
2020-06-13,270,272
2020-06-14,279,280
2020-06-15,278,292
2020-06-16,299,312
2020-06-17,293,314
2020-06-18,302,320
2020-06-19,294,321
2020-06-20,276,294
2020-06-21,292,292
2020-06-22,305,316
2020-06-23,336,351
2020-06-24,334,376
2020-06-25,341,364
2020-06-26,289,404
2020-06-27,267,289
2020-06-28,277,285
2020-06-29,286,301
2020-06-30,305,318
2020-07-01,305,338
2020-07-02,338,356
2020-07-03,355,355
2020-07-04,355,355
2020-07-05,367,368
2020-07-06,341,392
2020-07-07,375,391
2020-07-08,358,414
2020-07-09,347,383
2020-07-10,364,383
2020-07-11,336,364
2020-07-12,353,353
2020-07-13,380,396
2020-07-14,373,410
2020-07-15,351,396
2020-07-16,358,378
2020-07-17,380,400
2020-07-18,359,380
2020-07-19,379,379
2020-07-20,381,397
2020-07-21,398,412
2020-07-22,382,449
2020-07-23,400,417
2020-07-24,386,433
2020-07-25,364,388
2020-07-26,375,375
2020-07-27,336,405
2020-07-28,322,356
2020-07-29,333,358
2020-07-30,330,346
2020-07-31,334,350
2020-08-01,323,334
2020-08-02,303,332
2020-08-03,309,320
2020-08-04,305,327
2020-08-05,275,320
2020-08-06,286,303
2020-08-07,275,305
2020-08-08,258,275
2020-08-09,278,278
2020-08-10,293,303
2020-08-11,324,337
2020-08-12,316,355
2020-08-13,354,370
2020-08-14,363,396
2020-08-15,335,363
2020-08-16,351,351
2020-08-17,363,380
2020-08-18,372,386
2020-08-19,348,405
2020-08-20,368,388
2020-08-21,380,404
2020-08-22,357,380
2020-08-23,367,367
2020-08-24,369,383
2020-08-25,418,433
2020-08-26,463,532
2020-08-27,472,495
2020-08-28,450,497
2020-08-29,434,453
2020-08-30,443,443
2020-08-31,433,456
2020-09-01,476,495
2020-09-02,419,491
2020-09-03,328,443
2020-09-04,359,391
2020-09-05,338,361
2020-09-06,366,366
2020-09-07,373,373
2020-09-08,322,400
2020-09-09,328,348
2020-09-10,341,355
2020-09-11,365,385
2020-09-12,348,365
2020-09-13,371,372
2020-09-14,431,442
2020-09-15,397,476
2020-09-16,385,419
2020-09-17,416,429
2020-09-18,414,457
2020-09-19,387,414
2020-09-20,426,426
2020-09-21,448,467
2020-09-22,406,472
2020-09-23,400,440
2020-09-24,414,437
2020-09-25,397,436
2020-09-26,378,398
2020-09-27,387,388
2020-09-28,390,404
2020-09-29,418,439
2020-09-30,356,428
2020-10-01,351,380
2020-10-02,312,367
2020-10-03,281,312
2020-10-04,252,287
2020-10-05,239,272
2020-10-06,244,266
2020-10-07,301,350
2020-10-08,376,391
2020-10-09,388,408
2020-10-10,390,390
2020-10-11,390,391
2020-10-12,411,412
2020-10-13,303,434
2020-10-14,304,335
2020-10-15,288,330
2020-10-16,288,320
2020-10-17,288,288
2020-10-18,296,296
2020-10-19,283,316
2020-10-20,210,295
2020-10-21,212,229
2020-10-22,212,245
2020-10-23,213,234
2020-10-24,214,214
2020-10-25,216,217
2020-10-26,225,245
2020-10-27,214,237
2020-10-28,199,225
2020-10-29,236,253
2020-10-30,215,269
2020-10-31,214,215
2020-11-01,223,223
2020-11-02,200,240
2020-11-03,205,236
2020-11-04,265,284
2020-11-05,267,295
2020-11-06,269,295
2020-11-07,271,271
2020-11-08,279,280
2020-11-09,256,295
2020-11-10,252,278
2020-11-11,282,318
2020-11-12,240,302
2020-11-13,225,284
2020-11-14,227,227
2020-11-15,251,251
2020-11-16,240,298
2020-11-17,270,290
2020-11-18,311,325
2020-11-19,344,372
2020-11-20,356,386
2020-11-21,357,357
2020-11-22,389,389
2020-11-23,362,410
2020-11-24,384,409
2020-11-25,362,401
2020-11-26,362,362
2020-11-27,364,383
2020-11-28,364,364
2020-11-29,369,370
2020-11-30,350,377
2020-12-01,356,364
2020-12-02,450,467
2020-12-03,449,495
2020-12-04,418,453
2020-12-05,417,418
2020-12-06,418,418
2020-12-07,435,436
2020-12-08,332,440
2020-12-09,308,345
2020-12-10,307,336
2020-12-11,308,358
2020-12-12,306,308
2020-12-13,329,329
2020-12-14,332,374
2020-12-15,318,350
2020-12-16,338,366
2020-12-17,320,370
2020-12-18,339,367
2020-12-19,338,339
2020-12-20,366,366
2020-12-21,353,393
2020-12-22,327,373
2020-12-23,335,349
2020-12-24,321,341
2020-12-25,321,321
2020-12-26,321,321
2020-12-27,321,321
2020-12-28,318,335
2020-12-29,309,328
2020-12-30,307,318
2020-12-31,298,307
2021-01-01,299,299
2021-01-02,299,299
2021-01-03,311,312
2021-01-04,302,323
2021-01-05,301,315
2021-01-06,302,320
2021-01-07,312,335
2021-01-08,284,330
2021-01-09,284,284
2021-01-10,297,297
2021-01-11,272,298
2021-01-12,312,324
2021-01-13,267,345
2021-01-14,257,299
2021-01-15,247,278
2021-01-16,247,247
2021-01-17,266,266
2021-01-18,289,289
2021-01-19,272,316
2021-01-20,282,309
2021-01-21,285,310
2021-01-22,329,332
2021-01-23,329,329
2021-01-24,350,350
2021-01-25,360,365
2021-01-26,371,374
2021-01-27,387,389
2021-01-28,399,423
2021-01-29,380,423
2021-01-30,380,380
2021-01-31,382,383
2021-02-01,408,421
2021-02-02,397,440
2021-02-03,368,413
2021-02-04,371,387
2021-02-05,364,380
2021-02-06,371,371
2021-02-07,372,372
2021-02-08,361,377
2021-02-09,359,364
2021-02-10,357,361
2021-02-11,352,357
2021-02-12,361,364
2021-02-13,348,361
2021-02-14,348,348
2021-02-15,348,348
2021-02-16,348,348
2021-02-17,350,350
2021-02-18,349,350
2021-02-19,355,357
2021-02-20,355,355
2021-02-21,342,355
2021-02-22,321,350
2021-02-23,309,328
2021-02-24,298,313
2021-02-25,292,310
2021-02-26,278,299
2021-02-27,278,278
2021-02-28,280,280
2021-03-01,273,283
2021-03-02,249,275
2021-03-03,243,253
2021-03-04,244,250
2021-03-05,229,249
2021-03-06,229,229
2021-03-07,229,229
2021-03-08,229,235
2021-03-09,239,248
2021-03-10,239,265
2021-03-11,238,247
2021-03-12,232,253
2021-03-13,231,232
2021-03-14,231,231
2021-03-15,198,235
2021-03-16,194,212
2021-03-17,170,198
2021-03-18,179,192
2021-03-19,146,182
2021-03-20,146,146
2021-03-21,146,146
2021-03-22,140,151
2021-03-23,153,159
2021-03-24,130,157
2021-03-25,124,131
2021-03-26,115,132
2021-03-27,112,115
2021-03-28,109,112
2021-03-29,104,113
2021-03-30,99,105
2021-03-31,108,114
2021-04-01,124,130
2021-04-02,128,135
2021-04-03,129,129
2021-04-04,129,129
2021-04-05,127,135
2021-04-06,140,151
2021-04-07,119,143
2021-04-08,127,135
2021-04-09,116,142
2021-04-10,116,116
2021-04-11,116,116
2021-04-12,125,132
2021-04-13,117,131
2021-04-14,101,120
2021-04-15,116,117
2021-04-16,113,130
2021-04-17,113,113
2021-04-18,228,228
2021-04-19,359,367
2021-04-20,352,363
2021-04-21,484,488
2021-04-22,482,486
2021-04-23,483,493
2021-04-24,482,483
2021-04-25,482,483
2021-04-26,487,498
2021-04-27,470,490
2021-04-28,471,478
2021-04-29,464,486
2021-04-30,460,470
2021-05-01,459,460
2021-05-02,459,459
2021-05-03,456,473
2021-05-04,455,468
2021-05-05,441,479
2021-05-06,435,451
2021-05-07,451,470
2021-05-08,444,451
2021-05-09,445,445
2021-05-10,534,546
2021-05-11,542,549
2021-05-12,531,554
2021-05-13,524,540
2021-05-14,512,534
2021-05-15,513,515
2021-05-16,513,513
2021-05-17,504,522
2021-05-18,510,529
2021-05-19,497,517
2021-05-20,495,506
2021-05-21,481,509
2021-05-22,481,481
2021-05-23,478,481
2021-05-24,465,483
2021-05-25,464,473
2021-05-26,466,473
2021-05-27,468,477
2021-05-28,458,487
2021-05-29,455,458
2021-05-30,455,456
2021-05-31,472,474
2021-06-01,468,490
2021-06-02,433,474
2021-06-03,506,516
2021-06-04,504,518
2021-06-05,502,504
2021-06-06,502,502
2021-06-07,573,584
2021-06-08,565,590
2021-06-09,553,573
2021-06-10,560,575
2021-06-11,477,568
2021-06-12,478,478
2021-06-13,478,478
2021-06-14,480,495
2021-06-15,475,488
2021-06-16,467,481
2021-06-17,470,499
2021-06-18,463,489
2021-06-19,527,535
2021-06-20,527,527
2021-06-21,533,541
2021-06-22,525,545
2021-06-23,516,536
2021-06-24,585,603
2021-06-25,571,588
2021-06-26,570,571
2021-06-27,570,570
2021-06-28,571,580
2021-06-29,565,581
2021-06-30,584,602
2021-07-01,565,587
2021-07-02,550,575
2021-07-03,550,550
2021-07-04,550,550
2021-07-05,557,558
2021-07-06,540,560
2021-07-07,520,546
2021-07-08,486,525
2021-07-09,473,493
2021-07-10,471,473
2021-07-11,467,471
2021-07-12,548,556
2021-07-13,539,555
2021-07-14,564,621
2021-07-15,531,661
2021-07-16,451,560
2021-07-17,510,532
2021-07-18,511,511
2021-07-19,498,528
2021-07-20,480,526
2021-07-21,457,502
2021-07-22,447,472
2021-07-23,395,451
2021-07-24,477,477
2021-07-25,502,512
2021-07-26,545,561
2021-07-27,547,597
2021-07-28,495,551
2021-07-29,473,509
2021-07-30,446,479
2021-07-31,443,446
2021-08-01,443,443
2021-08-02,414,450
2021-08-03,407,424
2021-08-04,471,498
2021-08-05,462,484
2021-08-06,446,473
2021-08-07,441,446
2021-08-08,442,442
2021-08-09,427,447
2021-08-10,420,438
2021-08-11,389,438
2021-08-12,339,406
2021-08-13,411,422
2021-08-14,400,411
2021-08-15,400,400
2021-08-16,394,402
2021-08-17,397,408
2021-08-18,383,417
2021-08-19,383,463
2021-08-20,371,404
2021-08-21,348,371
2021-08-22,347,348
2021-08-23,341,352
2021-08-24,330,347
2021-08-25,314,341
2021-08-26,313,323
2021-08-27,344,369
2021-08-28,344,344
2021-08-29,372,372
2021-08-30,372,377
2021-08-31,418,438
2021-09-01,419,440
2021-09-02,420,431
2021-09-03,369,429
2021-09-04,346,369
2021-09-05,348,348
2021-09-06,349,353
2021-09-07,342,356
2021-09-08,361,374
2021-09-09,356,382
2021-09-10,337,372
2021-09-11,330,338
2021-09-12,331,331
2021-09-13,327,339
2021-09-14,321,332
2021-09-15,311,329
2021-09-16,296,332
2021-09-17,354,364
2021-09-18,354,354
2021-09-19,354,354
2021-09-20,360,374
2021-09-21,337,370
2021-09-22,330,357
2021-09-23,299,367
2021-09-24,304,330
2021-09-25,293,305
2021-09-26,297,297
2021-09-27,255,301
2021-09-28,265,268
2021-09-29,270,282
2021-09-30,253,276
2021-10-01,306,315
2021-10-02,308,309
2021-10-03,308,308
2021-10-04,411,421
2021-10-05,402,416
2021-10-06,414,438
2021-10-07,392,418
2021-10-08,394,413
2021-10-09,394,394
2021-10-10,395,395
2021-10-11,397,400
2021-10-12,399,405
2021-10-13,392,407
2021-10-14,407,413
2021-10-15,384,423
2021-10-16,380,384
2021-10-17,382,382
2021-10-18,385,393
2021-10-19,368,400
2021-10-20,422,448
2021-10-21,412,431
2021-10-22,400,445
2021-10-23,378,400
2021-10-24,378,378
2021-10-25,390,401
2021-10-26,389,394
2021-10-27,427,449
2021-10-28,413,443
2021-10-29,387,413
2021-10-30,378,387
2021-10-31,378,378
2021-11-01,372,386
2021-11-02,338,372
2021-11-03,323,356
2021-11-04,334,351
2021-11-05,305,346
2021-11-06,305,305
2021-11-07,305,305
2021-11-08,295,310
2021-11-09,280,313
2021-11-10,340,346
2021-11-11,401,401
2021-11-12,380,411
2021-11-13,379,381
2021-11-14,383,383
2021-11-15,389,396
2021-11-16,376,399
2021-11-17,350,386
2021-11-18,323,375
2021-11-19,272,344
2021-11-20,239,273
2021-11-21,233,239
2021-11-22,225,251
2021-11-23,209,231
2021-11-24,234,244
2021-11-25,234,234
2021-11-26,230,240
2021-11-27,230,230
2021-11-28,238,238
2021-11-29,234,251
2021-11-30,234,245
2021-12-01,255,265
2021-12-02,368,378
2021-12-03,342,374
2021-12-04,339,342
2021-12-05,340,342
2021-12-06,332,345
2021-12-07,314,340
2021-12-08,283,317
2021-12-09,271,291
2021-12-10,252,274
2021-12-11,227,252
2021-12-12,291,291
2021-12-13,288,303
2021-12-14,247,293
2021-12-15,225,260
2021-12-16,207,236
2021-12-17,186,221
2021-12-18,168,186
2021-12-19,164,168
2021-12-20,170,177
2021-12-21,271,274
2021-12-22,267,280
2021-12-23,267,273
2021-12-24,267,267
2021-12-25,268,268
2021-12-26,294,294
2021-12-27,301,308
2021-12-28,335,338
2021-12-29,329,343
2021-12-30,358,373
2021-12-31,361,361
2022-01-01,361,361
2022-01-02,361,361
2022-01-03,366,371
2022-01-04,334,371
2022-01-05,403,420
2022-01-06,413,416
2022-01-07,420,427
2022-01-08,412,420
2022-01-09,412,412
2022-01-10,410,418
2022-01-11,379,413
2022-01-12,374,387
2022-01-13,348,378
2022-01-14,309,352
2022-01-15,296,309
2022-01-16,296,296
2022-01-17,287,299
2022-01-18,284,288
2022-01-19,275,292
2022-01-20,239,276
2022-01-21,216,245
2022-01-22,193,216
2022-01-23,198,198
2022-01-24,197,216
2022-01-25,185,201
2022-01-26,178,195
2022-01-27,232,246
2022-01-28,233,238
2022-01-29,235,235
2022-01-30,239,239
2022-01-31,239,252
2022-02-01,235,254
2022-02-02,347,373
2022-02-03,347,347
2022-02-04,347,347
2022-02-05,347,348
2022-02-06,330,347
2022-02-07,319,333
2022-02-08,309,320
2022-02-09,292,321
2022-02-10,302,311
2022-02-11,266,311
2022-02-12,289,289
2022-02-13,293,293
2022-02-14,293,304
2022-02-15,299,303
2022-02-16,294,316
2022-02-17,246,305
2022-02-18,262,308
2022-02-19,260,267
2022-02-20,264,264
2022-02-21,267,276
2022-02-22,258,278
2022-02-23,251,267
2022-02-24,250,251
2022-02-25,259,280
2022-02-26,243,262
2022-02-27,238,243
2022-02-28,218,267
2022-03-01,339,350
2022-03-02,352,363
2022-03-03,358,370
2022-03-04,338,365
2022-03-05,338,338
2022-03-06,338,339
2022-03-07,332,344
2022-03-08,294,333
2022-03-09,258,299
2022-03-10,303,323
2022-03-11,274,316
2022-03-12,262,278
2022-03-13,258,266
2022-03-14,270,284
2022-03-15,246,287
2022-03-16,234,254
2022-03-17,249,252
2022-03-18,242,265
2022-03-19,250,250
2022-03-20,254,255
2022-03-21,259,281
2022-03-22,243,274
2022-03-23,209,255
2022-03-24,211,226
2022-03-25,178,220
2022-03-26,177,180
2022-03-27,232,233
2022-03-28,226,236
2022-03-29,201,235
2022-03-30,190,212
2022-03-31,185,203
2022-04-01,270,298
2022-04-02,278,278
2022-04-03,278,278
2022-04-04,283,291
2022-04-05,268,292
2022-04-06,259,271
2022-04-07,249,276
2022-04-08,277,313
2022-04-09,265,282
2022-04-10,266,266
2022-04-11,265,286
2022-04-12,254,276
2022-04-13,243,273
2022-04-14,236,256
2022-04-15,230,259
2022-04-16,228,235
2022-04-17,228,228
2022-04-18,245,251
2022-04-19,220,255
2022-04-20,220,235
2022-04-21,259,270
2022-04-22,253,280
2022-04-23,251,256
2022-04-24,251,251
2022-04-25,258,263
2022-04-26,317,335
2022-04-27,325,342
2022-04-28,317,340
2022-04-29,302,324
2022-04-30,304,304
2022-05-01,305,306
2022-05-02,304,314
2022-05-03,352,361
2022-05-04,346,359
2022-05-05,357,373
2022-05-06,354,366
2022-05-07,361,361
2022-05-08,361,361
2022-05-09,376,392
2022-05-10,385,403
2022-05-11,355,393
2022-05-12,353,373
2022-05-13,321,362
2022-05-14,323,323
2022-05-15,323,323
2022-05-16,330,341
2022-05-17,330,348
2022-05-18,330,345
2022-05-19,328,355
2022-05-20,325,343
2022-05-21,332,332
2022-05-22,334,334
2022-05-23,418,429
2022-05-24,434,440
2022-05-25,437,494
2022-05-26,432,455
2022-05-27,420,442
2022-05-28,421,421
2022-05-29,427,427
2022-05-30,434,441
2022-05-31,426,447
2022-06-01,400,440
2022-06-02,408,418
2022-06-03,404,427
2022-06-04,408,410
2022-06-05,411,411
2022-06-06,420,436
2022-06-07,418,444
2022-06-08,410,436
2022-06-09,420,431
2022-06-10,414,443
2022-06-11,409,417
2022-06-12,412,412
2022-06-13,494,518
2022-06-14,478,528
2022-06-15,487,500
2022-06-16,503,519
2022-06-17,491,520
2022-06-18,494,497
2022-06-19,502,503
2022-06-20,488,510
2022-06-21,496,507
2022-06-22,495,515
2022-06-23,466,515
2022-06-24,472,494
2022-06-25,481,481
2022-06-26,481,481
2022-06-27,494,518
2022-06-28,462,513
2022-06-29,470,495
2022-06-30,476,506
2022-07-01,458,490
2022-07-02,468,468
2022-07-03,468,479
2022-07-04,470,475
2022-07-05,453,481
2022-07-06,448,476
2022-07-07,435,459
2022-07-08,411,447
2022-07-09,420,421
2022-07-10,430,432
2022-07-11,420,470
2022-07-12,421,455
2022-07-13,405,440
2022-07-14,414,436
2022-07-15,407,449
2022-07-16,413,414
2022-07-17,426,437
2022-07-18,444,473
2022-07-19,435,479
2022-07-20,466,484
2022-07-21,461,504
2022-07-22,453,493
2022-07-23,456,456
2022-07-24,464,468
2022-07-25,473,498
2022-07-26,452,495
2022-07-27,430,478
2022-07-28,428,461
2022-07-29,390,450
2022-07-30,395,396
2022-07-31,401,405
2022-08-01,394,426
2022-08-02,391,414
2022-08-03,407,432
2022-08-04,404,423
2022-08-05,371,416
2022-08-06,381,383
2022-08-07,400,406
2022-08-08,380,422
2022-08-09,389,413
2022-08-10,361,423
2022-08-11,352,393
2022-08-12,340,364
2022-08-13,342,354
2022-08-14,344,356
2022-08-15,342,366
2022-08-16,332,360
2022-08-17,297,348
2022-08-18,301,324
2022-08-19,300,342
2022-08-20,310,310
2022-08-21,337,343
2022-08-22,327,383
2022-08-23,328,360
2022-08-24,327,360
2022-08-25,360,374
2022-08-26,337,391
2022-08-27,355,355
2022-08-28,363,384
2022-08-29,367,398
2022-08-30,440,459
2022-08-31,448,466
2022-09-01,476,503
2022-09-02,459,523
2022-09-03,467,468
2022-09-04,475,496
2022-09-05,491,503
2022-09-06,459,513
2022-09-07,441,485
2022-09-08,457,485
2022-09-09,409,554
2022-09-10,419,419
2022-09-11,419,443
2022-09-12,404,450
2022-09-13,400,429
2022-09-14,399,427
2022-09-15,424,448
2022-09-16,373,451
2022-09-17,377,381
2022-09-18,395,406
2022-09-19,363,417
2022-09-20,354,389
2022-09-21,347,387
2022-09-22,346,378
2022-09-23,340,378
2022-09-24,348,348
2022-09-25,366,377
2022-09-26,358,399
2022-09-27,361,384
2022-09-28,390,411
2022-09-29,384,435
2022-09-30,377,425
2022-10-01,382,382
2022-10-02,388,400
2022-10-03,433,460
2022-10-04,430,470
2022-10-05,438,470
2022-10-06,432,478
2022-10-07,423,468
2022-10-08,440,440
2022-10-09,463,480
2022-10-10,465,489
2022-10-11,457,510
2022-10-12,466,507
2022-10-13,476,507
2022-10-14,479,536
2022-10-15,495,495
2022-10-16,499,511
2022-10-17,505,545
2022-10-18,510,541
2022-10-19,548,566
2022-10-20,548,600
2022-10-21,511,582
2022-10-22,523,524
2022-10-23,530,549
2022-10-24,530,561
2022-10-25,522,551
2022-10-26,546,573
2022-10-27,546,576
2022-10-28,533,577
2022-10-29,544,544
2022-10-30,554,563
2022-10-31,533,591
2022-11-01,502,559
2022-11-02,508,540
2022-11-03,504,540
2022-11-04,491,538
2022-11-05,498,498
2022-11-06,524,544
2022-11-07,477,558
2022-11-08,476,506
2022-11-09,500,528
2022-11-10,480,537
2022-11-11,492,506
2022-11-12,494,494
2022-11-13,507,522
2022-11-14,531,540
2022-11-15,485,553
2022-11-16,454,501
2022-11-17,441,483
2022-11-18,412,454
2022-11-19,419,420
2022-11-20,435,451
2022-11-21,428,454
2022-11-22,431,466
2022-11-23,383,450
2022-11-24,405,406
2022-11-25,373,439
2022-11-26,373,374
2022-11-27,385,385
2022-11-28,359,412
2022-11-29,350,371
2022-11-30,357,372
2022-12-01,356,374
2022-12-02,348,380
2022-12-03,349,349
2022-12-04,363,364
2022-12-05,368,383
2022-12-06,358,377
2022-12-07,344,374
2022-12-08,393,416
2022-12-09,420,457
2022-12-10,420,420
2022-12-11,435,435
2022-12-12,437,452
2022-12-13,418,449
2022-12-14,420,436
2022-12-15,432,458
2022-12-16,511,538
2022-12-17,510,511
2022-12-18,519,519
2022-12-19,511,528
2022-12-20,501,515
2022-12-21,512,522
2022-12-22,516,531
2022-12-23,509,534
2022-12-24,524,524
2022-12-25,524,524
2022-12-26,534,536
2022-12-27,514,536
2022-12-28,514,525
2022-12-29,468,524
2022-12-30,543,568
2022-12-31,547,551
2023-01-01,548,548
2023-01-02,563,563
2023-01-03,535,570
2023-01-04,523,543
2023-01-05,513,536
2023-01-06,490,535
2023-01-07,484,490
2023-01-08,501,501
2023-01-09,486,515
2023-01-10,463,494
2023-01-11,455,484
2023-01-12,430,477
2023-01-13,443,479
2023-01-14,437,443
2023-01-15,453,453
2023-01-16,460,464
2023-01-17,437,474
2023-01-18,414,448
2023-01-19,427,454
2023-01-20,427,448
2023-01-21,421,427
2023-01-22,438,439
2023-01-23,420,450
2023-01-24,422,436
2023-01-25,427,443
2023-01-26,431,459
2023-01-27,432,457
2023-01-28,432,433
2023-01-29,449,450
2023-01-30,429,456
2023-01-31,429,429
2023-02-01,430,433
2023-02-02,447,448
2023-02-03,474,488
2023-02-04,474,474
2023-02-05,489,489
2023-02-06,484,506
2023-02-07,482,499
2023-02-08,490,520
2023-02-09,478,524
2023-02-10,485,507
2023-02-11,484,485
2023-02-12,502,502
2023-02-13,493,520
2023-02-14,503,515
2023-02-15,508,535
2023-02-16,503,542
2023-02-17,503,527
2023-02-18,488,503
2023-02-19,501,501
2023-02-20,504,515
2023-02-21,505,524
2023-02-22,491,520
2023-02-23,494,519
2023-02-24,442,502
2023-02-25,442,442
2023-02-26,469,469
2023-02-27,453,487
2023-02-28,447,471
2023-03-01,518,548
2023-03-02,533,560
2023-03-03,536,568
2023-03-04,538,538
2023-03-05,566,566
2023-03-06,553,590
2023-03-07,548,570
2023-03-08,547,573
2023-03-09,550,564
2023-03-10,539,581
2023-03-11,538,539
2023-03-12,554,554
2023-03-13,534,564
2023-03-14,544,555
2023-03-15,525,563
2023-03-16,502,542
2023-03-17,519,527
2023-03-18,519,519
2023-03-19,543,544
2023-03-20,557,582
2023-03-21,524,569
2023-03-22,514,534
2023-03-23,497,537
2023-03-24,486,512
2023-03-25,486,486
2023-03-26,500,501
2023-03-27,482,517
2023-03-28,475,494
2023-03-29,474,492
2023-03-30,478,496
2023-03-31,446,495
2023-04-01,446,446
2023-04-02,465,466
2023-04-03,469,491
2023-04-04,449,493
2023-04-05,445,462
2023-04-06,445,459
2023-04-07,465,474
2023-04-08,463,465
2023-04-09,483,483
2023-04-10,515,578
2023-04-11,515,529
2023-04-12,511,531
2023-04-13,528,563
2023-04-14,495,569
2023-04-15,487,495
2023-04-16,505,505
2023-04-17,516,555
2023-04-18,513,532
2023-04-19,510,532
2023-04-20,522,540
2023-04-21,522,545
2023-04-22,519,523
2023-04-23,529,531
2023-04-24,525,562
2023-04-25,508,543
2023-04-26,535,578
2023-04-27,537,575
2023-04-28,558,594
2023-04-29,529,558
2023-04-30,545,545
2023-05-01,521,562
2023-05-02,539,560
2023-05-03,547,599
2023-05-04,550,572
2023-05-05,537,584
2023-05-06,533,537
2023-05-07,551,551
2023-05-08,576,609
2023-05-09,566,594
2023-05-10,546,587
2023-05-11,521,569
2023-05-12,485,545
2023-05-13,479,485
2023-05-14,499,500
2023-05-15,535,610
2023-05-16,535,551
2023-05-17,582,595
2023-05-18,568,607
2023-05-19,543,588
2023-05-20,542,544
2023-05-21,558,559
2023-05-22,510,564
2023-05-23,570,584
2023-05-24,517,589
2023-05-25,550,581
2023-05-26,606,622
2023-05-27,605,606
2023-05-28,616,616
2023-05-29,611,626
2023-05-30,576,623
2023-05-31,576,588
2023-06-01,571,611
2023-06-02,565,605
2023-06-03,565,565
2023-06-04,583,585
2023-06-05,577,612
2023-06-06,619,641
2023-06-07,648,663
2023-06-08,590,664
2023-06-09,584,620
2023-06-10,582,584
2023-06-11,603,605
2023-06-12,548,620
2023-06-13,560,579
2023-06-14,559,587
2023-06-15,560,610
2023-06-16,549,596
2023-06-17,547,549
2023-06-18,604,604
2023-06-19,566,607
2023-06-20,548,582
2023-06-21,542,572
2023-06-22,580,619
2023-06-23,580,659
2023-06-24,580,580
2023-06-25,598,602
2023-06-26,553,621
2023-06-27,543,571
2023-06-28,645,660
2023-06-29,664,726
2023-06-30,679,738
2023-07-01,673,680
2023-07-02,679,692
2023-07-03,662,695
2023-07-04,669,673
2023-07-05,691,715
2023-07-06,746,761
2023-07-07,693,783
2023-07-08,690,695
2023-07-09,716,716
2023-07-10,689,740
2023-07-11,669,707
2023-07-12,686,710
2023-07-13,640,723
2023-07-14,588,657
2023-07-15,583,588
2023-07-16,607,607
2023-07-17,589,618
2023-07-18,610,627
2023-07-19,621,641
2023-07-20,661,704
2023-07-21,689,762
2023-07-22,682,689
2023-07-23,701,701
2023-07-24,717,749
2023-07-25,684,738
2023-07-26,699,738
2023-07-27,699,739
2023-07-28,703,733
2023-07-29,685,703
2023-07-30,706,706
2023-07-31,695,722
2023-08-01,659,715
2023-08-02,654,681
2023-08-03,691,718
2023-08-04,645,737
2023-08-05,644,645
2023-08-06,667,667
2023-08-07,662,695
2023-08-08,646,681
2023-08-09,637,669
2023-08-10,636,674
2023-08-11,656,716
2023-08-12,656,656
2023-08-13,672,675
2023-08-14,644,685
2023-08-15,641,663
2023-08-16,678,697
2023-08-17,684,718
2023-08-18,634,718
2023-08-19,627,634
2023-08-20,654,656
2023-08-21,667,703
2023-08-22,637,694
2023-08-23,624,706
2023-08-24,619,643
2023-08-25,620,646
2023-08-26,642,642
2023-08-27,680,705
2023-08-28,593,693
2023-08-29,582,598
2023-08-30,579,592
2023-08-31,605,618
2023-09-01,563,625
2023-09-02,571,571
2023-09-03,619,626
2023-09-04,623,625
2023-09-05,596,629
2023-09-06,654,727
2023-09-07,643,665
2023-09-08,644,674
2023-09-09,645,645
2023-09-10,712,712
2023-09-11,643,729
2023-09-12,641,657
2023-09-13,653,665
2023-09-14,589,736
2023-09-15,634,647
2023-09-16,639,640
2023-09-17,628,657
2023-09-18,616,696
2023-09-19,607,628
2023-09-20,593,625
2023-09-21,619,637
2023-09-22,616,648
2023-09-23,618,618
2023-09-24,667,682
2023-09-25,587,682
2023-09-26,580,596
2023-09-27,590,618
2023-09-28,588,623
2023-09-29,569,620
2023-09-30,568,575
2023-10-01,567,589
2023-10-02,530,628
2023-10-03,518,550
2023-10-04,551,558
2023-10-05,554,575
2023-10-06,535,578
2023-10-07,544,545
2023-10-08,621,631
2023-10-09,548,631
2023-10-10,529,564
2023-10-11,535,565
2023-10-12,556,582
2023-10-13,531,571
2023-10-14,546,550
2023-10-15,554,592
2023-10-16,491,564
2023-10-17,479,503
2023-10-18,543,564
2023-10-19,556,576
2023-10-20,558,590
2023-10-21,557,565
2023-10-22,569,581
2023-10-23,522,624
2023-10-24,475,548
2023-10-25,586,604
2023-10-26,565,620
2023-10-27,555,594
2023-10-28,566,569
2023-10-29,577,591
2023-10-30,670,762
2023-10-31,639,686
2023-11-01,650,664
2023-11-02,496,681
2023-11-03,510,537
2023-11-04,516,517
2023-11-05,550,588
2023-11-06,507,593
2023-11-07,535,544
2023-11-08,553,568
2023-11-09,569,587
2023-11-10,650,651
2023-11-11,650,650
2023-11-12,684,708
2023-11-13,714,782
2023-11-14,686,724
2023-11-15,666,690
2023-11-16,661,682
2023-11-17,665,677
2023-11-18,676,678
2023-11-19,655,693
2023-11-20,630,657
2023-11-21,627,646
2023-11-22,627,654
2023-11-23,627,627
2023-11-24,631,644
2023-11-25,631,632
2023-11-26,631,631
2023-11-27,632,639
2023-11-28,635,650
2023-11-29,600,644
2023-11-30,556,618
2023-12-01,557,571
2023-12-02,557,558
2023-12-03,578,578
2023-12-04,509,593
2023-12-05,452,519
2023-12-06,461,477
2023-12-07,560,566
2023-12-08,564,574
2023-12-09,563,564
2023-12-10,590,590
2023-12-11,615,656
2023-12-12,605,618
2023-12-13,488,623
2023-12-14,567,574
2023-12-15,571,599
2023-12-16,573,574
2023-12-17,587,587
2023-12-18,543,608
2023-12-19,442,560
2023-12-20,509,514
2023-12-21,464,533
2023-12-22,479,506
2023-12-23,477,479
2023-12-24,501,501
2023-12-25,501,501
2023-12-26,470,522
2023-12-27,473,489
2023-12-28,470,485
2023-12-29,519,526
2023-12-30,519,519
2023-12-31,536,536
2024-01-01,536,536
2024-01-02,538,556
2024-01-03,613,629
2024-01-04,590,626
2024-01-05,589,613
2024-01-06,597,598
2024-01-07,586,607
2024-01-08,584,596
2024-01-09,605,605
2024-01-10,535,631
2024-01-11,528,565
2024-01-12,523,560
2024-01-13,522,524
2024-01-14,559,559
2024-01-15,511,559
2024-01-16,492,518
2024-01-17,490,502
2024-01-18,527,529
2024-01-19,480,536
2024-01-20,482,482
2024-01-21,497,498
2024-01-22,464,501
2024-01-23,444,467
2024-01-24,525,534
2024-01-25,511,534
2024-01-26,557,562
2024-01-27,543,557
2024-01-28,577,577
2024-01-29,544,597
2024-01-30,559,563
2024-01-31,444,586
2024-02-01,464,492
2024-02-02,540,559
2024-02-03,521,540
2024-02-04,538,539
2024-02-05,515,558
2024-02-06,508,531
2024-02-07,517,531
2024-02-08,548,562
2024-02-09,557,574
2024-02-10,559,559
2024-02-11,594,595
2024-02-12,539,606
2024-02-13,537,562
2024-02-14,555,565
2024-02-15,597,607
2024-02-16,629,652
2024-02-17,606,629
2024-02-18,625,626
2024-02-19,605,644
2024-02-20,582,621
2024-02-21,590,604
2024-02-22,622,635
2024-02-23,626,638
2024-02-24,623,654
2024-02-25,558,628
2024-02-26,529,562
2024-02-27,516,531
2024-02-28,633,640
2024-02-29,645,658
2024-03-01,693,696
2024-03-02,548,693
2024-03-03,581,581
2024-03-04,549,617
2024-03-05,578,581
2024-03-06,620,625
2024-03-07,636,666
2024-03-08,635,668
2024-03-09,614,636
2024-03-10,652,664
2024-03-11,628,681
2024-03-12,628,642
2024-03-13,631,640
2024-03-14,621,650
2024-03-15,609,631
2024-03-16,630,637
2024-03-17,653,655
2024-03-18,594,668
2024-03-19,583,610
2024-03-20,580,602
2024-03-21,568,604
2024-03-22,565,589
2024-03-23,561,565
2024-03-24,609,610
2024-03-25,556,625
2024-03-26,514,563
2024-03-27,514,528
2024-03-28,513,529
2024-03-29,529,543
2024-03-30,524,533
2024-03-31,569,572
2024-04-01,525,611
2024-04-02,524,531
2024-04-03,517,532
2024-04-04,504,528
2024-04-05,506,522
2024-04-06,507,507
2024-04-07,514,515
2024-04-08,509,526
2024-04-09,479,527
2024-04-10,482,503
2024-04-11,473,501
2024-04-12,478,495
2024-04-13,478,479
2024-04-14,505,506
2024-04-15,440,518
2024-04-16,439,456
2024-04-17,491,504
2024-04-18,524,551
2024-04-19,530,550
2024-04-20,529,530
2024-04-21,641,641
2024-04-22,564,675
2024-04-23,559,585
2024-04-24,579,590
2024-04-25,575,614
2024-04-26,596,621
2024-04-27,596,596
2024-04-28,647,660
2024-04-29,590,666
2024-04-30,557,609
2024-05-01,496,576
2024-05-02,499,518
2024-05-03,518,536
2024-05-04,520,520
2024-05-05,575,575
2024-05-06,510,611
2024-05-07,499,548
2024-05-08,508,537
2024-05-09,514,543
2024-05-10,536,553
2024-05-11,533,536
2024-05-12,607,607
2024-05-13,538,642
2024-05-14,529,558
2024-05-15,543,563
2024-05-16,558,581
2024-05-17,566,590
2024-05-18,563,567
2024-05-19,602,602
2024-05-20,546,621
2024-05-21,553,566
2024-05-22,571,583
2024-05-23,594,600
2024-05-24,627,632
2024-05-25,628,628
2024-05-26,663,663
2024-05-27,620,691
2024-05-28,577,632
2024-05-29,631,659
2024-05-30,627,664
2024-05-31,604,645
2024-06-01,608,608
2024-06-02,628,628
2024-06-03,583,640
2024-06-04,594,597
2024-06-05,487,616
2024-06-06,456,501
2024-06-07,459,480
2024-06-08,459,460
2024-06-09,497,499
2024-06-10,457,523
2024-06-11,469,471
2024-06-12,484,501
2024-06-13,503,513
2024-06-14,529,545
2024-06-15,531,531
2024-06-16,594,594
2024-06-17,499,608
2024-06-18,504,517
2024-06-19,517,529
2024-06-20,520,546
2024-06-21,533,544
2024-06-22,534,534
2024-06-23,581,581
2024-06-24,512,590
2024-06-25,514,522
2024-06-26,613,624
2024-06-27,627,634
2024-06-28,645,648
2024-06-29,529,645
2024-06-30,579,579
2024-07-01,508,596
2024-07-02,491,535
2024-07-03,502,519
2024-07-04,523,525
2024-07-05,649,652
2024-07-06,648,649
2024-07-07,682,682
2024-07-08,603,697
2024-07-09,605,623
2024-07-10,628,650
2024-07-11,635,665
2024-07-12,662,687
2024-07-13,663,663
2024-07-14,701,702
2024-07-15,656,722
2024-07-16,655,678
2024-07-17,672,697
2024-07-18,703,730
2024-07-19,694,741
2024-07-20,690,694
2024-07-21,715,715
2024-07-22,655,728
2024-07-23,660,678
2024-07-24,667,689
2024-07-25,704,719
2024-07-26,721,744
2024-07-27,721,721
2024-07-28,740,740
2024-07-29,672,756
2024-07-30,659,688
2024-07-31,648,675
2024-08-01,628,654
2024-08-02,619,640
2024-08-03,620,620
2024-08-04,676,677
2024-08-05,576,693
2024-08-06,572,584
2024-08-07,564,599
2024-08-08,550,572
2024-08-09,543,565
2024-08-10,541,543
2024-08-11,617,617
2024-08-12,548,640
2024-08-13,534,557
2024-08-14,654,664
2024-08-15,645,669
2024-08-16,655,693
2024-08-17,664,665
2024-08-18,725,725
2024-08-19,656,748
2024-08-20,661,674
2024-08-21,547,689
2024-08-22,552,581
2024-08-23,589,656
2024-08-24,589,590
2024-08-25,644,644
2024-08-26,580,669
2024-08-27,581,605
2024-08-28,576,612
2024-08-29,599,620
2024-08-30,621,636
2024-08-31,619,621
2024-09-01,655,655
2024-09-02,640,684
2024-09-03,613,660
2024-09-04,615,642
2024-09-05,615,634
2024-09-06,605,641
2024-09-07,604,605
2024-09-08,634,634
2024-09-09,593,655
2024-09-10,597,613
2024-09-11,616,631
2024-09-12,679,699
2024-09-13,693,717
2024-09-14,693,693
2024-09-15,720,721
2024-09-16,737,752
2024-09-17,693,755
2024-09-18,695,711
2024-09-19,699,731
2024-09-20,685,738
2024-09-21,684,685
2024-09-22,707,707
2024-09-23,644,719
2024-09-24,674,690
2024-09-25,623,686
2024-09-26,612,637
2024-09-27,596,618
2024-09-28,596,596
2024-09-29,609,609
2024-09-30,612,635
2024-10-01,539,619
2024-10-02,537,560
2024-10-03,525,552
2024-10-04,535,545
2024-10-05,534,535
2024-10-06,570,570
2024-10-07,467,579
2024-10-08,465,472
2024-10-09,547,556
2024-10-10,543,592
2024-10-11,552,559
2024-10-12,555,556
2024-10-13,558,558
2024-10-14,552,559
2024-10-15,423,558
2024-10-16,494,511
2024-10-17,485,498
2024-10-18,522,530
2024-10-19,529,529
2024-10-20,541,542
2024-10-21,544,546
2024-10-22,495,602
2024-10-23,442,535
2024-10-24,455,459
2024-10-25,476,492
2024-10-26,477,477
2024-10-27,509,510
2024-10-28,526,598
2024-10-29,509,545
2024-10-30,527,545
2024-10-31,532,581
2024-11-01,523,565
2024-11-02,523,523
2024-11-03,580,580
2024-11-04,525,613
2024-11-05,521,535
2024-11-06,604,616
2024-11-07,577,623
2024-11-08,582,603
2024-11-09,582,582
2024-11-10,589,590
2024-11-11,597,606
2024-11-12,573,642
2024-11-13,610,611
2024-11-14,677,689
2024-11-15,544,725
2024-11-16,545,545
2024-11-17,587,588
2024-11-18,583,620
2024-11-19,561,652
2024-11-20,633,671
2024-11-21,631,655
2024-11-22,653,672
2024-11-23,652,655
2024-11-24,696,698
2024-11-25,605,711
2024-11-26,615,637
2024-11-27,605,634
2024-11-28,605,605
2024-11-29,616,632
2024-11-30,612,619
2024-12-01,632,632
2024-12-02,505,641
2024-12-03,508,520
2024-12-04,593,614
2024-12-05,590,627
2024-12-06,648,682
2024-12-07,649,649
2024-12-08,664,668
2024-12-09,638,753
2024-12-10,582,670
2024-12-11,569,607
2024-12-12,661,673
2024-12-13,661,702
2024-12-14,661,662
2024-12-15,674,674
2024-12-16,683,713
2024-12-17,678,702
2024-12-18,690,716
2024-12-19,633,718
2024-12-20,597,650
2024-12-21,594,597
2024-12-22,604,609
2024-12-23,601,636
2024-12-24,606,607
2024-12-25,608,608
2024-12-26,607,633
2024-12-27,566,626
2024-12-28,563,566
2024-12-29,577,577
2024-12-30,559,589
2024-12-31,550,569
2025-01-01,553,553
2025-01-02,608,638
2025-01-03,616,633
2025-01-04,635,635
2025-01-05,646,646
2025-01-06,537,656
2025-01-07,565,570
2025-01-08,651,674
2025-01-09,541,652
2025-01-10,594,595
2025-01-11,612,612
2025-01-12,632,633
2025-01-13,619,654
2025-01-14,601,634
2025-01-15,634,653
2025-01-16,593,656
2025-01-17,607,628
2025-01-18,604,607
2025-01-19,623,624
2025-01-20,624,627
2025-01-21,610,640
2025-01-22,655,657
2025-01-23,585,679
2025-01-24,598,618
2025-01-25,601,601
2025-01-26,597,611
2025-01-27,621,653
2025-01-28,574,628
2025-01-29,589,598
2025-01-30,591,665
2025-01-31,578,617
2025-02-01,564,597
2025-02-02,575,584
2025-02-03,585,592
2025-02-04,582,612
2025-02-05,669,680
2025-02-06,616,694
2025-02-07,649,666
2025-02-08,654,674
2025-02-09,662,672
2025-02-10,708,714
2025-02-11,716,757
2025-02-12,814,839
2025-02-13,814,884
2025-02-14,825,875
2025-02-15,847,862
2025-02-16,851,885
2025-02-17,874,874
