Date,Midnight population,24-hour population,Midnight count,24-hour count
2008-10-01,-1.0,-1.0,0,0
2008-10-02,-1.0,-1.0,0,0
2008-10-03,-1.0,-1.0,0,0
2008-10-04,-1.0,-1.0,0,0
2008-10-05,-1.0,-1.0,0,0
2008-10-06,-1.0,-1.0,0,0
2008-10-07,-1.0,-1.0,0,0
2008-10-08,-1.0,-1.0,0,0
2008-10-09,-1.0,-1.0,0,0
2008-10-10,-1.0,-1.0,0,0
2008-10-11,-1.0,-1.0,0,0
2008-10-12,-1.0,-1.0,0,0
2008-10-13,-1.0,-1.0,0,0
2008-10-14,-1.0,-1.0,0,0
2008-10-15,-1.0,-1.0,0,0
2008-10-16,-1.0,-1.0,0,0
2008-10-17,-1.0,-1.0,0,0
2008-10-18,-1.0,-1.0,0,0
2008-10-19,-1.0,-1.0,0,0
2008-10-20,-1.0,-1.0,0,0
2008-10-21,-1.0,-1.0,0,0
2008-10-22,-1.0,-1.0,0,0
2008-10-23,-1.0,-1.0,0,0
2008-10-24,-1.0,-1.0,0,0
2008-10-25,-1.0,-1.0,0,0
2008-10-26,-1.0,-1.0,0,0
2008-10-27,-1.0,-1.0,0,0
2008-10-28,-1.0,-1.0,0,0
2008-10-29,-1.0,-1.0,0,0
2008-10-30,0.0,0.0,0,0
2008-10-31,0.0,0.0,0,0
2008-11-01,0.0,0.0,0,0
2008-11-02,0.0,0.0,0,0
2008-11-03,0.0,0.0,0,0
2008-11-04,0.0,0.0,0,0
2008-11-05,0.0,0.0,0,0
2008-11-06,0.0,0.0,0,0
2008-11-07,0.0,0.0,0,0
2008-11-08,0.0,0.0,0,0
2008-11-09,0.0,0.0,0,0
2008-11-10,0.0,0.0,0,0
2008-11-11,0.0,0.0,0,0
2008-11-12,0.0,0.0,0,0
2008-11-13,0.0,0.0,0,0
2008-11-14,0.0,0.0,0,0
2008-11-15,0.0,0.0,0,0
2008-11-16,0.0,0.0,0,0
2008-11-17,0.0,0.0,0,0
2008-11-18,0.0,0.0,0,0
2008-11-19,0.0,0.0,0,0
2008-11-20,0.0,0.0,0,0
2008-11-21,0.0,0.0,0,0
2008-11-22,0.0,0.0,0,0
2008-11-23,0.0,0.0,0,0
2008-11-24,0.0,0.0,0,0
2008-11-25,0.0,0.0,0,0
2008-11-26,0.0,0.0,0,0
2008-11-27,0.0,0.0,0,0
2008-11-28,0.0,0.0,0,0
2008-11-29,0.0,0.0,0,0
2008-11-30,0.0,0.0,0,0
2008-12-01,0.0,0.0,0,0
2008-12-02,0.0,0.0,0,0
2008-12-03,0.0,0.0,0,0
2008-12-04,0.0,0.0,0,0
2008-12-05,0.0,0.0,0,0
2008-12-06,0.0,0.0,0,0
2008-12-07,0.0,0.0,0,0
2008-12-08,0.0,0.0,0,0
2008-12-09,0.0,0.0,0,0
2008-12-10,0.0,0.0,0,0
2008-12-11,0.0,0.0,0,0
2008-12-12,0.0,0.0,0,0
2008-12-13,0.0,0.0,0,0
2008-12-14,0.0,0.0,0,0
2008-12-15,0.0,0.0,0,0
2008-12-16,0.0,0.0,0,0
2008-12-17,0.0,0.0,0,0
2008-12-18,0.0,0.0,0,0
2008-12-19,0.0,0.0,0,0
2008-12-20,0.0,0.0,0,0
2008-12-21,0.0,0.0,0,0
2008-12-22,0.0,0.0,0,0
2008-12-23,0.0,0.0,0,0
2008-12-24,0.0,0.0,0,0
2008-12-25,0.0,0.0,0,0
2008-12-26,0.0,0.0,0,0
2008-12-27,0.0,0.0,0,0
2008-12-28,0.0,0.0,0,0
2008-12-29,0.0,0.0,0,0
2008-12-30,0.0,0.0,0,0
2008-12-31,0.0,0.0,0,0
2009-01-01,0.0,0.0,0,0
2009-01-02,0.0,0.0,0,0
2009-01-03,0.0,0.0,0,0
2009-01-04,0.0,0.0,0,0
2009-01-05,0.0,0.0,0,0
2009-01-06,0.0,0.0,0,0
2009-01-07,0.0,0.0,0,0
2009-01-08,0.0,0.0,0,0
2009-01-09,0.0,0.0,0,0
2009-01-10,0.0,0.0,0,0
2009-01-11,0.0,0.0,0,0
2009-01-12,0.0,0.0,0,0
2009-01-13,0.0,0.0,0,0
2009-01-14,0.0,0.0,0,0
2009-01-15,0.0,0.0,0,0
2009-01-16,0.0,0.0,0,0
2009-01-17,0.0,0.0,0,0
2009-01-18,0.0,0.0,0,0
2009-01-19,0.0,0.0,0,0
2009-01-20,0.0,0.0,0,0
2009-01-21,0.0,0.0,0,0
2009-01-22,0.0,0.0,0,0
2009-01-23,0.0,0.0,0,0
2009-01-24,0.0,0.0,0,0
2009-01-25,0.0,0.0,0,0
2009-01-26,0.0,0.0,0,0
2009-01-27,0.0,0.0,0,0
2009-01-28,0.0,0.0,0,0
2009-01-29,0.0,0.0,0,0
2009-01-30,0.0,0.0,0,0
2009-01-31,0.0,0.0,0,0
2009-02-01,0.0,0.0,0,0
2009-02-02,0.0,0.0,0,0
2009-02-03,0.0,0.0,0,0
2009-02-04,0.0,0.0,0,0
2009-02-05,0.0,0.0,0,0
2009-02-06,0.0,0.0,0,0
2009-02-07,0.0,0.0,0,0
2009-02-08,0.0,0.0,0,0
2009-02-09,0.0,0.0,0,0
2009-02-10,0.0,0.0,0,0
2009-02-11,0.0,0.0,0,0
2009-02-12,0.0,0.0,0,0
2009-02-13,0.0,0.0,0,0
2009-02-14,0.0,0.0,0,0
2009-02-15,0.0,0.0,0,0
2009-02-16,0.0,0.0,0,0
2009-02-17,0.0,0.0,0,0
2009-02-18,0.0,0.0,0,0
2009-02-19,0.0,0.0,0,0
2009-02-20,0.0,0.0,0,0
2009-02-21,0.0,0.0,0,0
2009-02-22,0.0,0.0,0,0
2009-02-23,0.0,0.0,0,0
2009-02-24,0.0,0.0,0,0
2009-02-25,0.0,0.0,0,0
2009-02-26,0.0,0.0,0,0
2009-02-27,0.0,0.0,0,0
2009-02-28,0.0,0.0,0,0
2009-03-01,0.0,0.0,0,0
2009-03-02,0.0,0.0,0,0
2009-03-03,0.0,0.0,0,0
2009-03-04,0.0,0.0,0,0
2009-03-05,0.0,0.0,0,0
2009-03-06,0.0,0.0,0,0
2009-03-07,0.0,0.0,0,0
2009-03-08,0.0,0.0,0,0
2009-03-09,0.0,0.0,0,0
2009-03-10,0.0,0.0,0,0
2009-03-11,0.0,0.0,0,0
2009-03-12,0.0,0.0,0,0
2009-03-13,0.0,0.0,0,0
2009-03-14,0.0,0.0,0,0
2009-03-15,0.0,0.0,0,0
2009-03-16,0.0,0.0,0,0
2009-03-17,0.0,0.0,0,0
2009-03-18,0.0,0.0,0,0
2009-03-19,0.0,0.0,0,0
2009-03-20,0.0,0.0,0,0
2009-03-21,0.0,0.0,0,0
2009-03-22,0.0,0.0,0,0
2009-03-23,0.0,0.0,0,0
2009-03-24,0.0,0.0,0,0
2009-03-25,0.0,0.0,0,0
2009-03-26,0.0,0.0,0,0
2009-03-27,0.0,0.0,0,0
2009-03-28,0.0,0.0,0,0
2009-03-29,0.0,0.0,0,0
2009-03-30,0.0,0.0,0,0
2009-03-31,0.0,0.0,0,0
2009-04-01,0.0,0.0,0,0
2009-04-02,0.0,0.0,0,0
2009-04-03,0.0,0.0,0,0
2009-04-04,0.0,0.0,0,0
2009-04-05,0.0,0.0,0,0
2009-04-06,0.0,0.0,0,0
2009-04-07,0.0,0.0,0,0
2009-04-08,0.0,0.0,0,0
2009-04-09,0.0,0.0,0,0
2009-04-10,0.0,0.0,0,0
2009-04-11,0.0,0.0,0,0
2009-04-12,0.0,0.0,0,0
2009-04-13,0.0,0.0,0,0
2009-04-14,0.0,0.0,0,0
2009-04-15,0.0,0.0,0,0
2009-04-16,0.0,0.0,0,0
2009-04-17,0.0,0.0,0,0
2009-04-18,0.0,0.0,0,0
2009-04-19,0.0,0.0,0,0
2009-04-20,0.0,0.0,0,0
2009-04-21,0.0,0.0,0,0
2009-04-22,0.0,0.0,0,0
2009-04-23,0.0,0.0,0,0
2009-04-24,0.0,0.0,0,0
2009-04-25,0.0,0.0,0,0
2009-04-26,0.0,0.0,0,0
2009-04-27,0.0,0.0,0,0
2009-04-28,0.0,0.0,0,0
2009-04-29,0.0,0.0,0,0
2009-04-30,0.0,0.0,0,0
2009-05-01,0.0,0.0,0,0
2009-05-02,0.0,0.0,0,0
2009-05-03,0.0,0.0,0,0
2009-05-04,0.0,0.0,0,0
2009-05-05,0.0,0.0,0,0
2009-05-06,0.0,0.0,0,0
2009-05-07,0.0,0.0,0,0
2009-05-08,0.0,0.0,0,0
2009-05-09,0.0,0.0,0,0
2009-05-10,0.0,0.0,0,0
2009-05-11,0.0,0.0,0,0
2009-05-12,0.0,0.0,0,0
2009-05-13,0.0,0.0,0,0
2009-05-14,0.0,0.0,0,0
2009-05-15,0.0,0.0,0,0
2009-05-16,0.0,0.0,0,0
2009-05-17,0.0,0.0,0,0
2009-05-18,0.0,0.0,0,0
2009-05-19,0.0,0.0,0,0
2009-05-20,0.0,0.0,0,0
2009-05-21,0.0,0.0,0,0
2009-05-22,0.0,0.0,0,0
2009-05-23,0.0,0.0,0,0
2009-05-24,0.0,0.0,0,0
2009-05-25,0.0,0.0,0,0
2009-05-26,0.0,0.0,0,0
2009-05-27,0.0,0.0,0,0
2009-05-28,0.0,0.0,0,0
2009-05-29,0.0,0.0,0,0
2009-05-30,0.0,0.0,0,0
2009-05-31,0.0,0.0,0,0
2009-06-01,0.0,0.0,0,0
2009-06-02,0.0,0.0,0,0
2009-06-03,0.0,0.0,0,0
2009-06-04,0.0,0.0,0,0
2009-06-05,0.0,0.0,0,0
2009-06-06,0.0,0.0,0,0
2009-06-07,0.0,0.0,0,0
2009-06-08,0.0,0.0,0,0
2009-06-09,0.0,0.0,0,0
2009-06-10,0.0,0.0,0,0
2009-06-11,0.0,0.0,0,0
2009-06-12,0.0,0.0,0,0
2009-06-13,0.0,0.0,0,0
2009-06-14,0.0,0.0,0,0
2009-06-15,0.0,0.0,0,0
2009-06-16,0.0,0.0,0,0
2009-06-17,0.0,0.0,0,0
2009-06-18,0.0,0.0,0,0
2009-06-19,0.0,0.0,0,0
2009-06-20,0.0,0.0,0,0
2009-06-21,0.0,0.0,0,0
2009-06-22,0.0,0.0,0,0
2009-06-23,0.0,0.0,0,0
2009-06-24,0.0,0.0,0,0
2009-06-25,0.0,0.0,0,0
2009-06-26,0.0,0.0,0,0
2009-06-27,0.0,0.0,0,0
2009-06-28,0.0,0.0,0,0
2009-06-29,0.0,0.0,0,0
2009-06-30,0.0,0.0,0,0
2009-07-01,0.0,0.0,0,0
2009-07-02,0.0,0.0,0,0
2009-07-03,0.0,0.0,0,0
2009-07-04,0.0,0.0,0,0
2009-07-05,0.0,0.0,0,0
2009-07-06,0.0,0.0,0,0
2009-07-07,0.0,0.0,0,0
2009-07-08,0.0,0.0,0,0
2009-07-09,0.0,0.0,0,0
2009-07-10,0.0,0.0,0,0
2009-07-11,0.0,0.0,0,0
2009-07-12,0.0,0.0,0,0
2009-07-13,0.0,0.0,0,0
2009-07-14,0.0,0.0,0,0
2009-07-15,0.0,0.0,0,0
2009-07-16,0.0,0.0,0,0
2009-07-17,0.0,0.0,0,0
2009-07-18,0.0,0.0,0,0
2009-07-19,0.0,0.0,0,0
2009-07-20,0.0,0.0,0,0
2009-07-21,0.0,0.0,0,0
2009-07-22,0.0,0.0,0,0
2009-07-23,0.0,0.0,0,0
2009-07-24,0.0,0.0,0,0
2009-07-25,0.0,0.0,0,0
2009-07-26,0.0,0.0,0,0
2009-07-27,0.0,0.0,0,0
2009-07-28,0.0,0.0,0,0
2009-07-29,0.0,0.0,0,0
2009-07-30,0.0,0.0,0,0
2009-07-31,0.0,0.0,0,0
2009-08-01,0.0,0.0,0,0
2009-08-02,0.0,0.0,0,0
2009-08-03,0.0,0.0,0,0
2009-08-04,0.0,0.0,0,0
2009-08-05,0.0,0.0,0,0
2009-08-06,0.0,0.0,0,0
2009-08-07,0.0,0.0,0,0
2009-08-08,0.0,0.0,0,0
2009-08-09,0.0,0.0,0,0
2009-08-10,0.0,0.0,0,0
2009-08-11,0.0,0.0,0,0
2009-08-12,0.0,0.0,0,0
2009-08-13,0.0,0.0,0,0
2009-08-14,0.0,0.0,0,0
2009-08-15,0.0,0.0,0,0
2009-08-16,0.0,0.0,0,0
2009-08-17,0.0,0.0,0,0
2009-08-18,0.0,0.0,0,0
2009-08-19,0.0,0.0,0,0
2009-08-20,0.0,0.0,0,0
2009-08-21,0.0,0.0,0,0
2009-08-22,0.0,0.0,0,0
2009-08-23,0.0,0.0,0,0
2009-08-24,0.0,0.0,0,0
2009-08-25,0.0,0.0,0,0
2009-08-26,0.0,0.0,0,0
2009-08-27,0.0,0.0,0,0
2009-08-28,0.0,0.0,0,0
2009-08-29,0.0,0.0,0,0
2009-08-30,0.0,0.0,0,0
2009-08-31,0.0,0.0,0,0
2009-09-01,0.0,0.0,0,0
2009-09-02,0.0,0.0,0,0
2009-09-03,0.0,0.0,0,0
2009-09-04,0.0,0.0,0,0
2009-09-05,0.0,0.0,0,0
2009-09-06,0.0,0.0,0,0
2009-09-07,0.0,0.0,0,0
2009-09-08,0.0,0.0,0,0
2009-09-09,0.0,0.0,0,0
2009-09-10,0.0,0.0,0,0
2009-09-11,0.0,0.0,0,0
2009-09-12,0.0,0.0,0,0
2009-09-13,0.0,0.0,0,0
2009-09-14,0.0,0.0,0,0
2009-09-15,0.0,0.0,0,0
2009-09-16,0.0,0.0,0,0
2009-09-17,0.0,0.0,0,0
2009-09-18,0.0,0.0,0,0
2009-09-19,0.0,0.0,0,0
2009-09-20,0.0,0.0,0,0
2009-09-21,0.0,0.0,0,0
2009-09-22,0.0,0.0,0,0
2009-09-23,0.0,0.0,0,0
2009-09-24,0.0,0.0,0,0
2009-09-25,0.0,0.0,0,0
2009-09-26,0.0,0.0,0,0
2009-09-27,0.0,0.0,0,0
2009-09-28,0.0,0.0,0,0
2009-09-29,0.0,0.0,0,0
2009-09-30,0.0,0.0,0,0
2009-10-01,0.0,0.0,0,0
2009-10-02,0.0,0.0,0,0
2009-10-03,0.0,0.0,0,0
2009-10-04,0.0,0.0,0,0
2009-10-05,0.0,0.0,0,0
2009-10-06,0.0,0.0,0,0
2009-10-07,0.0,0.0,0,0
2009-10-08,0.0,0.0,0,0
2009-10-09,0.0,0.0,0,0
2009-10-10,0.0,0.0,0,0
2009-10-11,0.0,0.0,0,0
2009-10-12,0.0,0.0,0,0
2009-10-13,0.0,0.0,0,0
2009-10-14,0.0,0.0,0,0
2009-10-15,0.0,0.0,0,0
2009-10-16,0.0,0.0,0,0
2009-10-17,0.0,0.0,0,0
2009-10-18,0.0,0.0,0,0
2009-10-19,0.0,0.0,0,0
2009-10-20,0.0,0.0,0,0
2009-10-21,0.0,0.0,0,0
2009-10-22,0.0,0.0,0,0
2009-10-23,0.0,0.0,0,0
2009-10-24,0.0,0.0,0,0
2009-10-25,0.0,0.0,0,0
2009-10-26,0.0,0.0,0,0
2009-10-27,0.0,0.0,0,0
2009-10-28,0.0,0.0,0,0
2009-10-29,0.0,0.0,0,0
2009-10-30,0.0,0.0,0,0
2009-10-31,0.0,0.0,0,0
2009-11-01,0.0,0.0,0,0
2009-11-02,0.0,0.0,0,0
2009-11-03,0.0,0.0,0,0
2009-11-04,0.0,0.0,0,0
2009-11-05,0.0,0.0,0,0
2009-11-06,0.0,0.0,0,0
2009-11-07,0.0,0.0,0,0
2009-11-08,0.0,0.0,0,0
2009-11-09,0.0,0.0,0,0
2009-11-10,0.0,0.0,0,0
2009-11-11,0.0,0.0,0,0
2009-11-12,0.0,0.0,0,0
2009-11-13,0.0,0.0,0,0
2009-11-14,0.0,0.0,0,0
2009-11-15,0.0,0.0,0,0
2009-11-16,0.0,0.0,0,0
2009-11-17,0.0,0.0,0,0
2009-11-18,0.0,0.0,0,0
2009-11-19,0.0,0.0,0,0
2009-11-20,0.0,0.0,0,0
2009-11-21,0.0,0.0,0,0
2009-11-22,0.0,0.0,0,0
2009-11-23,0.0,0.0,0,0
2009-11-24,0.0,0.0,0,0
2009-11-25,0.0,0.0,0,0
2009-11-26,0.0,0.0,0,0
2009-11-27,0.0,0.0,0,0
2009-11-28,0.0,0.0,0,0
2009-11-29,0.0,0.0,0,0
2009-11-30,0.0,0.0,0,0
2009-12-01,0.0,0.0,0,0
2009-12-02,0.0,0.0,0,0
2009-12-03,0.0,0.0,0,0
2009-12-04,0.0,0.0,0,0
2009-12-05,0.0,0.0,0,0
2009-12-06,0.0,0.0,0,0
2009-12-07,0.0,0.0,0,0
2009-12-08,0.0,0.0,0,0
2009-12-09,0.0,0.0,0,0
2009-12-10,0.0,0.0,0,0
2009-12-11,0.0,0.0,0,0
2009-12-12,0.0,0.0,0,0
2009-12-13,0.0,0.0,0,0
2009-12-14,0.0,0.0,0,0
2009-12-15,0.0,0.0,0,0
2009-12-16,0.0,0.0,0,0
2009-12-17,0.0,0.0,0,0
2009-12-18,0.0,0.0,0,0
2009-12-19,0.0,0.0,0,0
2009-12-20,0.0,0.0,0,0
2009-12-21,0.0,0.0,0,0
2009-12-22,0.0,0.0,0,0
2009-12-23,0.0,0.0,0,0
2009-12-24,0.0,0.0,0,0
2009-12-25,0.0,0.0,0,0
2009-12-26,0.0,0.0,0,0
2009-12-27,0.0,0.0,0,0
2009-12-28,0.0,0.0,0,0
2009-12-29,0.0,0.0,0,0
2009-12-30,0.0,0.0,0,0
2009-12-31,0.0,0.0,0,0
2010-01-01,0.0,0.0,0,0
2010-01-02,0.0,0.0,0,0
2010-01-03,0.0,0.0,0,0
2010-01-04,0.0,0.0,0,0
2010-01-05,0.0,0.0,0,0
2010-01-06,0.0,0.0,0,0
2010-01-07,0.0,0.0,0,0
2010-01-08,0.0,0.0,0,0
2010-01-09,0.0,0.0,0,0
2010-01-10,0.0,0.0,0,0
2010-01-11,0.0,0.0,0,0
2010-01-12,0.0,0.0,0,0
2010-01-13,0.0,0.0,0,0
2010-01-14,0.0,0.0,0,0
2010-01-15,0.0,0.0,0,0
2010-01-16,0.0,0.0,0,0
2010-01-17,0.0,0.0,0,0
2010-01-18,0.0,0.0,0,0
2010-01-19,0.0,0.0,0,0
2010-01-20,0.0,0.0,0,0
2010-01-21,0.0,0.0,0,0
2010-01-22,0.0,0.0,0,0
2010-01-23,0.0,0.0,0,0
2010-01-24,0.0,0.0,0,0
2010-01-25,0.0,0.0,0,0
2010-01-26,0.0,0.0,0,0
2010-01-27,0.0,0.0,0,0
2010-01-28,0.0,0.0,0,0
2010-01-29,0.0,0.0,0,0
2010-01-30,0.0,0.0,0,0
2010-01-31,0.0,0.0,0,0
2010-02-01,0.0,0.0,0,0
2010-02-02,0.0,0.0,0,0
2010-02-03,0.0,0.0,0,0
2010-02-04,0.0,0.0,0,0
2010-02-05,0.0,0.0,0,0
2010-02-06,0.0,0.0,0,0
2010-02-07,0.0,0.0,0,0
2010-02-08,0.0,0.0,0,0
2010-02-09,0.0,0.0,0,0
2010-02-10,0.0,0.0,0,0
2010-02-11,0.0,0.0,0,0
2010-02-12,0.0,0.0,0,0
2010-02-13,0.0,0.0,0,0
2010-02-14,0.0,0.0,0,0
2010-02-15,0.0,0.0,0,0
2010-02-16,0.0,0.0,0,0
2010-02-17,0.0,0.0,0,0
2010-02-18,0.0,0.0,0,0
2010-02-19,0.0,0.0,0,0
2010-02-20,0.0,0.0,0,0
2010-02-21,0.0,0.0,0,0
2010-02-22,0.0,0.0,0,0
2010-02-23,0.0,0.0,0,0
2010-02-24,0.0,0.0,0,0
2010-02-25,0.0,0.0,0,0
2010-02-26,0.0,0.0,0,0
2010-02-27,0.0,0.0,0,0
2010-02-28,0.0,0.0,0,0
2010-03-01,0.0,0.0,0,0
2010-03-02,0.0,0.0,0,0
2010-03-03,0.0,0.0,0,0
2010-03-04,0.0,0.0,0,0
2010-03-05,0.0,0.0,0,0
2010-03-06,0.0,0.0,0,0
2010-03-07,0.0,0.0,0,0
2010-03-08,0.0,0.0,0,0
2010-03-09,0.0,0.0,0,0
2010-03-10,0.0,0.0,0,0
2010-03-11,0.0,0.0,0,0
2010-03-12,0.0,0.0,0,0
2010-03-13,0.0,0.0,0,0
2010-03-14,0.0,0.0,0,0
2010-03-15,0.0,0.0,0,0
2010-03-16,0.0,0.0,0,0
2010-03-17,0.0,0.0,0,0
2010-03-18,0.0,0.0,0,0
2010-03-19,0.0,0.0,0,0
2010-03-20,0.0,0.0,0,0
2010-03-21,0.0,0.0,0,0
2010-03-22,0.0,0.0,0,0
2010-03-23,0.0,0.0,0,0
2010-03-24,0.0,0.0,0,0
2010-03-25,0.0,0.0,0,0
2010-03-26,0.0,0.0,0,0
2010-03-27,0.0,0.0,0,0
2010-03-28,0.0,0.0,0,0
2010-03-29,0.0,0.0,0,0
2010-03-30,0.0,0.0,0,0
2010-03-31,0.0,0.0,0,0
2010-04-01,0.0,0.0,0,0
2010-04-02,0.0,0.0,0,0
2010-04-03,0.0,0.0,0,0
2010-04-04,0.0,0.0,0,0
2010-04-05,0.0,0.0,0,0
2010-04-06,0.0,0.0,0,0
2010-04-07,0.0,0.0,0,0
2010-04-08,0.0,0.0,0,0
2010-04-09,0.0,0.0,0,0
2010-04-10,0.0,0.0,0,0
2010-04-11,0.0,0.0,0,0
2010-04-12,0.0,0.0,0,0
2010-04-13,0.0,0.0,0,0
2010-04-14,0.0,0.0,0,0
2010-04-15,0.0,0.0,0,0
2010-04-16,0.0,0.0,0,0
2010-04-17,0.0,0.0,0,0
2010-04-18,0.0,0.0,0,0
2010-04-19,0.0,0.0,0,0
2010-04-20,0.0,0.0,0,0
2010-04-21,0.0,0.0,0,0
2010-04-22,0.0,0.0,0,0
2010-04-23,0.0,0.0,0,0
2010-04-24,0.0,0.0,0,0
2010-04-25,0.0,0.0,0,0
2010-04-26,0.0,0.0,0,0
2010-04-27,0.0,0.0,0,0
2010-04-28,0.0,0.0,0,0
2010-04-29,0.0,0.0,0,0
2010-04-30,0.0,0.0,0,0
2010-05-01,0.0,0.0,0,0
2010-05-02,0.0,0.0,0,0
2010-05-03,0.0,0.0,0,0
2010-05-04,0.0,0.0,0,0
2010-05-05,0.0,0.0,0,0
2010-05-06,0.0,0.0,0,0
2010-05-07,0.0,0.0,0,0
2010-05-08,0.0,0.0,0,0
2010-05-09,0.0,0.0,0,0
2010-05-10,0.0,0.0,0,0
2010-05-11,0.0,0.0,0,0
2010-05-12,0.0,0.0,0,0
2010-05-13,0.0,0.0,0,0
2010-05-14,0.0,0.0,0,0
2010-05-15,0.0,0.0,0,0
2010-05-16,0.0,0.0,0,0
2010-05-17,0.0,0.0,0,0
2010-05-18,0.0,0.0,0,0
2010-05-19,0.0,0.0,0,0
2010-05-20,0.0,0.0,0,0
2010-05-21,0.0,0.0,0,0
2010-05-22,0.0,0.0,0,0
2010-05-23,0.0,0.0,0,0
2010-05-24,0.0,0.0,0,0
2010-05-25,0.0,0.0,0,0
2010-05-26,0.0,0.0,0,0
2010-05-27,0.0,0.0,0,0
2010-05-28,0.0,0.0,0,0
2010-05-29,0.0,0.0,0,0
2010-05-30,0.0,0.0,0,0
2010-05-31,0.0,0.0,0,0
2010-06-01,0.0,0.0,0,0
2010-06-02,0.0,0.0,0,0
2010-06-03,0.0,0.0,0,0
2010-06-04,0.0,0.0,0,0
2010-06-05,0.0,0.0,0,0
2010-06-06,0.0,0.0,0,0
2010-06-07,0.0,0.0,0,0
2010-06-08,0.0,0.0,0,0
2010-06-09,0.0,0.0,0,0
2010-06-10,0.0,0.0,0,0
2010-06-11,0.0,0.0,0,0
2010-06-12,0.0,0.0,0,0
2010-06-13,0.0,0.0,0,0
2010-06-14,0.0,0.0,0,0
2010-06-15,0.0,0.0,0,0
2010-06-16,0.0,0.0,0,0
2010-06-17,0.0,0.0,0,0
2010-06-18,0.0,0.0,0,0
2010-06-19,0.0,0.0,0,0
2010-06-20,0.0,0.0,0,0
2010-06-21,0.0,0.0,0,0
2010-06-22,0.0,0.0,0,0
2010-06-23,0.0,0.0,0,0
2010-06-24,0.0,0.0,0,0
2010-06-25,0.0,0.0,0,0
2010-06-26,0.0,0.0,0,0
2010-06-27,0.0,0.0,0,0
2010-06-28,0.0,0.0,0,0
2010-06-29,0.0,0.0,0,0
2010-06-30,0.0,0.0,0,0
2010-07-01,0.0,0.0,0,0
2010-07-02,0.0,0.0,0,0
2010-07-03,0.0,0.0,0,0
2010-07-04,0.0,0.0,0,0
2010-07-05,0.0,0.0,0,0
2010-07-06,0.0,0.0,0,0
2010-07-07,0.0,0.0,0,0
2010-07-08,0.0,0.0,0,0
2010-07-09,0.0,0.0,0,0
2010-07-10,0.0,0.0,0,0
2010-07-11,0.0,0.0,0,0
2010-07-12,0.0,0.0,0,0
2010-07-13,0.0,0.0,0,0
2010-07-14,0.0,0.0,0,0
2010-07-15,0.0,0.0,0,0
2010-07-16,0.0,0.0,0,0
2010-07-17,0.0,0.0,0,0
2010-07-18,0.0,0.0,0,0
2010-07-19,0.0,0.0,0,0
2010-07-20,0.0,0.0,0,0
2010-07-21,0.0,0.0,0,0
2010-07-22,0.0,0.0,0,0
2010-07-23,0.0,0.0,0,0
2010-07-24,0.0,0.0,0,0
2010-07-25,0.0,0.0,0,0
2010-07-26,0.0,0.0,0,0
2010-07-27,0.0,0.0,0,0
2010-07-28,0.0,0.0,0,0
2010-07-29,0.0,0.0,0,0
2010-07-30,0.0,0.0,0,0
2010-07-31,0.0,0.0,0,0
2010-08-01,0.0,0.0,0,0
2010-08-02,0.0,0.0,0,0
2010-08-03,0.0,0.0,0,0
2010-08-04,0.0,0.0,0,0
2010-08-05,0.0,0.0,0,0
2010-08-06,0.0,0.0,0,0
2010-08-07,0.0,0.0,0,0
2010-08-08,0.0,0.0,0,0
2010-08-09,0.0,0.0,0,0
2010-08-10,0.0,0.0,0,0
2010-08-11,0.0,0.0,0,0
2010-08-12,0.0,0.0,0,0
2010-08-13,0.0,0.0,0,0
2010-08-14,0.0,0.0,0,0
2010-08-15,0.0,0.0,0,0
2010-08-16,0.0,0.0,0,0
2010-08-17,0.0,0.0,0,0
2010-08-18,0.0,0.0,0,0
2010-08-19,0.0,0.0,0,0
2010-08-20,0.0,0.0,0,0
2010-08-21,0.0,0.0,0,0
2010-08-22,0.0,0.0,0,0
2010-08-23,0.0,0.0,0,0
2010-08-24,0.0,0.0,0,0
2010-08-25,0.0,0.0,0,0
2010-08-26,0.0,0.0,0,0
2010-08-27,0.0,0.0,0,0
2010-08-28,0.0,0.0,0,0
2010-08-29,0.0,0.0,0,0
2010-08-30,0.0,0.0,0,0
2010-08-31,0.0,0.0,0,0
2010-09-01,0.0,0.0,0,0
2010-09-02,0.0,0.0,0,0
2010-09-03,0.0,0.0,0,0
2010-09-04,0.0,0.0,0,0
2010-09-05,0.0,0.0,0,0
2010-09-06,0.0,0.0,0,0
2010-09-07,0.0,0.0,0,0
2010-09-08,0.0,0.0,0,0
2010-09-09,0.0,0.0,0,0
2010-09-10,0.0,0.0,0,0
2010-09-11,0.0,0.0,0,0
2010-09-12,0.0,0.0,0,0
2010-09-13,0.0,0.0,0,0
2010-09-14,0.0,0.0,0,0
2010-09-15,0.0,0.0,0,0
2010-09-16,0.0,0.0,0,0
2010-09-17,0.0,0.0,0,0
2010-09-18,0.0,0.0,0,0
2010-09-19,0.0,0.0,0,0
2010-09-20,0.0,0.0,0,0
2010-09-21,0.0,0.0,0,0
2010-09-22,0.0,0.0,0,0
2010-09-23,0.0,0.0,0,0
2010-09-24,0.0,0.0,0,0
2010-09-25,0.0,0.0,0,0
2010-09-26,0.0,0.0,0,0
2010-09-27,0.0,0.0,0,0
2010-09-28,0.0,0.0,0,0
2010-09-29,0.0,0.0,0,0
2010-09-30,0.0,0.0,0,0
2010-10-01,0.0,0.0,0,0
2010-10-02,0.0,0.0,0,0
2010-10-03,0.0,0.0,0,0
2010-10-04,0.0,0.0,0,0
2010-10-05,0.0,0.0,0,0
2010-10-06,0.0,0.0,0,0
2010-10-07,0.0,0.0,0,0
2010-10-08,0.0,0.0,0,0
2010-10-09,0.0,0.0,0,0
2010-10-10,0.0,0.0,0,0
2010-10-11,0.0,0.0,0,0
2010-10-12,0.0,0.0,0,0
2010-10-13,0.0,0.0,0,0
2010-10-14,0.0,0.0,0,0
2010-10-15,0.0,0.0,0,0
2010-10-16,0.0,0.0,0,0
2010-10-17,0.0,0.0,0,0
2010-10-18,0.0,0.0,0,0
2010-10-19,0.0,0.0,0,0
2010-10-20,0.0,0.0,0,0
2010-10-21,0.0,0.0,0,0
2010-10-22,0.0,0.0,0,0
2010-10-23,0.0,0.0,0,0
2010-10-24,0.0,0.0,0,0
2010-10-25,0.0,0.0,0,0
2010-10-26,0.0,0.0,0,0
2010-10-27,0.0,0.0,0,0
2010-10-28,0.0,0.0,0,0
2010-10-29,0.0,0.0,0,0
2010-10-30,0.0,0.0,0,0
2010-10-31,0.0,0.0,0,0
2010-11-01,0.0,0.0,0,0
2010-11-02,0.0,0.0,0,0
2010-11-03,0.0,0.0,0,0
2010-11-04,0.0,0.0,0,0
2010-11-05,0.0,0.0,0,0
2010-11-06,0.0,0.0,0,0
2010-11-07,0.0,0.0,0,0
2010-11-08,0.0,0.0,0,0
2010-11-09,0.0,0.0,0,0
2010-11-10,0.0,0.0,0,0
2010-11-11,0.0,0.0,0,0
2010-11-12,0.0,0.0,0,0
2010-11-13,0.0,0.0,0,0
2010-11-14,0.0,0.0,0,0
2010-11-15,0.0,0.0,0,0
2010-11-16,0.0,0.0,0,0
2010-11-17,0.0,0.0,0,0
2010-11-18,0.0,0.0,0,0
2010-11-19,0.0,0.0,0,0
2010-11-20,0.0,0.0,0,0
2010-11-21,0.0,0.0,0,0
2010-11-22,0.0,0.0,0,0
2010-11-23,0.0,0.0,0,0
2010-11-24,0.0,0.0,0,0
2010-11-25,0.0,0.0,0,0
2010-11-26,0.0,0.0,0,0
2010-11-27,0.0,0.0,0,0
2010-11-28,0.0,0.0,0,0
2010-11-29,0.0,0.0,0,0
2010-11-30,0.0,0.0,0,0
2010-12-01,0.0,0.0,0,0
2010-12-02,0.0,0.0,0,0
2010-12-03,0.0,0.0,0,0
2010-12-04,0.0,0.0,0,0
2010-12-05,0.0,0.0,0,0
2010-12-06,0.0,0.0,0,0
2010-12-07,0.0,0.0,0,0
2010-12-08,0.0,0.0,0,0
2010-12-09,0.0,0.0,0,0
2010-12-10,0.0,0.0,0,0
2010-12-11,0.0,0.0,0,0
2010-12-12,0.0,0.0,0,0
2010-12-13,0.0,0.0,0,0
2010-12-14,0.0,0.0,0,0
2010-12-15,0.0,0.0,0,0
2010-12-16,0.0,0.0,0,0
2010-12-17,0.0,0.0,0,0
2010-12-18,0.0,0.0,0,0
2010-12-19,0.0,0.0,0,0
2010-12-20,0.0,0.0,0,0
2010-12-21,0.0,0.0,0,0
2010-12-22,0.0,0.0,0,0
2010-12-23,0.0,0.0,0,0
2010-12-24,0.0,0.0,0,0
2010-12-25,0.0,0.0,0,0
2010-12-26,0.0,0.0,0,0
2010-12-27,0.0,0.0,0,0
2010-12-28,0.0,0.0,0,0
2010-12-29,0.0,0.0,0,0
2010-12-30,0.0,0.0,0,0
2010-12-31,0.0,0.0,0,0
2011-01-01,0.0,0.0,0,0
2011-01-02,0.0,0.0,0,0
2011-01-03,0.0,0.0,0,0
2011-01-04,0.0,0.0,0,0
2011-01-05,0.0,0.0,0,0
2011-01-06,0.0,0.0,0,0
2011-01-07,0.0,0.0,0,0
2011-01-08,0.0,0.0,0,0
2011-01-09,0.0,0.0,0,0
2011-01-10,0.0,0.0,0,0
2011-01-11,0.0,0.0,0,0
2011-01-12,0.0,0.0,0,0
2011-01-13,0.0,0.0,0,0
2011-01-14,0.0,0.0,0,0
2011-01-15,0.0,0.0,0,0
2011-01-16,0.0,0.0,0,0
2011-01-17,0.0,0.0,0,0
2011-01-18,0.0,0.0,0,0
2011-01-19,0.0,0.0,0,0
2011-01-20,0.0,0.0,0,0
2011-01-21,0.0,0.0,0,0
2011-01-22,0.0,0.0,0,0
2011-01-23,0.0,0.0,0,0
2011-01-24,0.0,0.0,0,0
2011-01-25,0.0,0.0,0,0
2011-01-26,0.0,0.0,0,0
2011-01-27,0.0,0.0,0,0
2011-01-28,0.0,0.0,0,0
2011-01-29,0.0,0.0,0,0
2011-01-30,0.0,0.0,0,0
2011-01-31,0.0,0.0,0,0
2011-02-01,0.0,0.0,0,0
2011-02-02,0.0,0.0,0,0
2011-02-03,0.0,0.0,0,0
2011-02-04,0.0,0.0,0,0
2011-02-05,0.0,0.0,0,0
2011-02-06,0.0,0.0,0,0
2011-02-07,0.0,0.0,0,0
2011-02-08,0.0,0.0,0,0
2011-02-09,0.0,0.0,0,0
2011-02-10,0.0,0.0,0,0
2011-02-11,0.0,0.0,0,0
2011-02-12,0.0,0.0,0,0
2011-02-13,0.0,0.0,0,0
2011-02-14,0.0,0.0,0,0
2011-02-15,0.0,0.0,0,0
2011-02-16,0.0,0.0,0,0
2011-02-17,0.0,0.0,0,0
2011-02-18,0.0,0.0,0,0
2011-02-19,0.0,0.0,0,0
2011-02-20,0.0,0.0,0,0
2011-02-21,0.0,0.0,0,0
2011-02-22,0.0,0.0,0,0
2011-02-23,0.0,0.0,0,0
2011-02-24,0.0,0.0,0,0
2011-02-25,0.0,0.0,0,0
2011-02-26,0.0,0.0,0,0
2011-02-27,0.0,0.0,0,0
2011-02-28,0.0,0.0,0,0
2011-03-01,0.0,0.0,0,0
2011-03-02,0.0,0.0,0,0
2011-03-03,0.0,0.0,0,0
2011-03-04,0.0,0.0,0,0
2011-03-05,0.0,0.0,0,0
2011-03-06,0.0,0.0,0,0
2011-03-07,0.0,0.0,0,0
2011-03-08,0.0,0.0,0,0
2011-03-09,0.0,0.0,0,0
2011-03-10,0.0,0.0,0,0
2011-03-11,0.0,0.0,0,0
2011-03-12,0.0,0.0,0,0
2011-03-13,0.0,0.0,0,0
2011-03-14,0.0,0.0,0,0
2011-03-15,0.0,0.0,0,0
2011-03-16,0.0,0.0,0,0
2011-03-17,0.0,0.0,0,0
2011-03-18,0.0,0.0,0,0
2011-03-19,0.0,0.0,0,0
2011-03-20,0.0,0.0,0,0
2011-03-21,0.0,0.0,0,0
2011-03-22,0.0,0.0,0,0
2011-03-23,0.0,0.0,0,0
2011-03-24,0.0,0.0,0,0
2011-03-25,0.0,0.0,0,0
2011-03-26,0.0,0.0,0,0
2011-03-27,0.0,0.0,0,0
2011-03-28,0.0,0.0,0,0
2011-03-29,0.0,0.0,0,0
2011-03-30,0.0,0.0,0,0
2011-03-31,0.0,0.0,0,0
2011-04-01,0.0,0.0,0,0
2011-04-02,0.0,0.0,0,0
2011-04-03,0.0,0.0,0,0
2011-04-04,0.0,0.0,0,0
2011-04-05,0.0,0.0,0,0
2011-04-06,0.0,0.0,0,0
2011-04-07,0.0,0.0,0,0
2011-04-08,0.0,0.0,0,0
2011-04-09,0.0,0.0,0,0
2011-04-10,0.0,0.0,0,0
2011-04-11,0.0,0.0,0,0
2011-04-12,0.0,0.0,0,0
2011-04-13,0.0,0.0,0,0
2011-04-14,0.0,0.0,0,0
2011-04-15,0.0,0.0,0,0
2011-04-16,0.0,0.0,0,0
2011-04-17,0.0,0.0,0,0
2011-04-18,0.0,0.0,0,0
2011-04-19,0.0,0.0,0,0
2011-04-20,0.0,0.0,0,0
2011-04-21,0.0,0.0,0,0
2011-04-22,0.0,0.0,0,0
2011-04-23,0.0,0.0,0,0
2011-04-24,0.0,0.0,0,0
2011-04-25,0.0,0.0,0,0
2011-04-26,0.0,0.0,0,0
2011-04-27,0.0,0.0,0,0
2011-04-28,0.0,0.0,0,0
2011-04-29,0.0,0.0,0,0
2011-04-30,0.0,0.0,0,0
2011-05-01,0.0,0.0,0,0
2011-05-02,0.0,0.0,0,0
2011-05-03,0.0,0.0,0,0
2011-05-04,0.0,0.0,0,0
2011-05-05,0.0,0.0,0,0
2011-05-06,0.0,0.0,0,0
2011-05-07,0.0,0.0,0,0
2011-05-08,0.0,0.0,0,0
2011-05-09,0.0,0.0,0,0
2011-05-10,0.0,0.0,0,0
2011-05-11,0.0,0.0,0,0
2011-05-12,0.0,0.0,0,0
2011-05-13,0.0,0.0,0,0
2011-05-14,0.0,0.0,0,0
2011-05-15,0.0,0.0,0,0
2011-05-16,0.0,0.0,0,0
2011-05-17,0.0,0.0,0,0
2011-05-18,0.0,0.0,0,0
2011-05-19,0.0,0.0,0,0
2011-05-20,0.0,0.0,0,0
2011-05-21,0.0,0.0,0,0
2011-05-22,0.0,0.0,0,0
2011-05-23,0.0,0.0,0,0
2011-05-24,0.0,0.0,0,0
2011-05-25,0.0,0.0,0,0
2011-05-26,0.0,0.0,0,0
2011-05-27,0.0,0.0,0,0
2011-05-28,0.0,0.0,0,0
2011-05-29,0.0,0.0,0,0
2011-05-30,0.0,0.0,0,0
2011-05-31,0.0,0.0,0,0
2011-06-01,0.0,0.0,0,0
2011-06-02,0.0,0.0,0,0
2011-06-03,0.0,0.0,0,0
2011-06-04,0.0,0.0,0,0
2011-06-05,0.0,0.0,0,0
2011-06-06,0.0,0.0,0,0
2011-06-07,0.0,0.0,0,0
2011-06-08,0.0,0.0,0,0
2011-06-09,0.0,0.0,0,0
2011-06-10,0.0,0.0,0,0
2011-06-11,0.0,0.0,0,0
2011-06-12,0.0,0.0,0,0
2011-06-13,0.0,0.0,0,0
2011-06-14,0.0,0.0,0,0
2011-06-15,0.0,0.0,0,0
2011-06-16,0.0,0.0,0,0
2011-06-17,0.0,0.0,0,0
2011-06-18,0.0,0.0,0,0
2011-06-19,0.0,0.0,0,0
2011-06-20,0.0,0.0,0,0
2011-06-21,0.0,0.0,0,0
2011-06-22,0.0,0.0,0,0
2011-06-23,0.0,0.0,0,0
2011-06-24,0.0,0.0,0,0
2011-06-25,0.0,0.0,0,0
2011-06-26,0.0,0.0,0,0
2011-06-27,0.0,0.0,0,0
2011-06-28,0.0,0.0,0,0
2011-06-29,0.0,0.0,0,0
2011-06-30,0.0,0.0,0,0
2011-07-01,0.0,0.0,0,0
2011-07-02,0.0,0.0,0,0
2011-07-03,0.0,0.0,0,0
2011-07-04,0.0,0.0,0,0
2011-07-05,0.0,0.0,0,0
2011-07-06,0.0,0.0,0,0
2011-07-07,0.0,0.0,0,0
2011-07-08,0.0,0.0,0,0
2011-07-09,0.0,0.0,0,0
2011-07-10,0.0,0.0,0,0
2011-07-11,0.0,0.0,0,0
2011-07-12,0.0,0.0,0,0
2011-07-13,0.0,0.0,0,0
2011-07-14,0.0,0.0,0,0
2011-07-15,0.0,0.0,0,0
2011-07-16,0.0,0.0,0,0
2011-07-17,0.0,0.0,0,0
2011-07-18,0.0,0.0,0,0
2011-07-19,0.0,0.0,0,0
2011-07-20,0.0,0.0,0,0
2011-07-21,0.0,0.0,0,0
2011-07-22,0.0,0.0,0,0
2011-07-23,0.0,0.0,0,0
2011-07-24,0.0,0.0,0,0
2011-07-25,0.0,0.0,0,0
2011-07-26,0.0,0.0,0,0
2011-07-27,0.0,0.0,0,0
2011-07-28,0.0,0.0,0,0
2011-07-29,0.0,0.0,0,0
2011-07-30,0.0,0.0,0,0
2011-07-31,0.0,0.0,0,0
2011-08-01,0.0,0.0,0,0
2011-08-02,0.0,0.0,0,0
2011-08-03,0.0,0.0,0,0
2011-08-04,0.0,0.0,0,0
2011-08-05,0.0,0.0,0,0
2011-08-06,0.0,0.0,0,0
2011-08-07,0.0,0.0,0,0
2011-08-08,0.0,0.0,0,0
2011-08-09,0.0,0.0,0,0
2011-08-10,0.0,0.0,0,0
2011-08-11,0.0,0.0,0,0
2011-08-12,0.0,0.0,0,0
2011-08-13,0.0,0.0,0,0
2011-08-14,0.0,0.0,0,0
2011-08-15,0.0,0.0,0,0
2011-08-16,0.0,0.0,0,0
2011-08-17,0.0,0.0,0,0
2011-08-18,0.0,0.0,0,0
2011-08-19,0.0,0.0,0,0
2011-08-20,0.0,0.0,0,0
2011-08-21,0.0,0.0,0,0
2011-08-22,0.0,0.0,0,0
2011-08-23,0.0,0.0,0,0
2011-08-24,0.0,0.0,0,0
2011-08-25,0.0,0.0,0,0
2011-08-26,0.0,0.0,0,0
2011-08-27,0.0,0.0,0,0
2011-08-28,0.0,0.0,0,0
2011-08-29,0.0,0.0,0,0
2011-08-30,0.0,0.0,0,0
2011-08-31,0.0,0.0,0,0
2011-09-01,0.0,0.0,0,0
2011-09-02,0.0,0.0,0,0
2011-09-03,0.0,0.0,0,0
2011-09-04,0.0,0.0,0,0
2011-09-05,0.0,0.0,0,0
2011-09-06,0.0,0.0,0,0
2011-09-07,0.0,0.0,0,0
2011-09-08,0.0,0.0,0,0
2011-09-09,0.0,0.0,0,0
2011-09-10,0.0,0.0,0,0
2011-09-11,0.0,0.0,0,0
2011-09-12,0.0,0.0,0,0
2011-09-13,0.0,0.0,0,0
2011-09-14,0.0,0.0,0,0
2011-09-15,0.0,0.0,0,0
2011-09-16,0.0,0.0,0,0
2011-09-17,0.0,0.0,0,0
2011-09-18,0.0,0.0,0,0
2011-09-19,0.0,0.0,0,0
2011-09-20,0.0,0.0,0,0
2011-09-21,0.0,0.0,0,0
2011-09-22,0.0,0.0,0,0
2011-09-23,0.0,0.0,0,0
2011-09-24,0.0,0.0,0,0
2011-09-25,0.0,0.0,0,0
2011-09-26,0.0,0.0,0,0
2011-09-27,0.0,0.0,0,0
2011-09-28,0.0,0.0,0,0
2011-09-29,0.0,0.0,0,0
2011-09-30,0.0,0.0,0,0
2011-10-01,0.0,0.0,0,0
2011-10-02,0.0,0.0,0,0
2011-10-03,0.0,0.0,0,0
2011-10-04,0.0,0.0,0,0
2011-10-05,0.0,0.0,0,0
2011-10-06,0.0,0.0,0,0
2011-10-07,0.0,0.0,0,0
2011-10-08,0.0,0.0,0,0
2011-10-09,0.0,0.0,0,0
2011-10-10,0.0,0.0,0,0
2011-10-11,0.0,0.0,0,0
2011-10-12,0.0,0.0,0,0
2011-10-13,0.0,0.0,0,0
2011-10-14,0.0,0.0,0,0
2011-10-15,0.0,0.0,0,0
2011-10-16,0.0,0.0,0,0
2011-10-17,0.0,0.0,0,0
2011-10-18,0.0,0.0,0,0
2011-10-19,0.0,0.0,0,0
2011-10-20,0.0,0.0,0,0
2011-10-21,0.0,0.0,0,0
2011-10-22,0.0,0.0,0,0
2011-10-23,0.0,0.0,0,0
2011-10-24,0.0,0.0,0,0
2011-10-25,0.0,0.0,0,0
2011-10-26,0.0,0.0,0,0
2011-10-27,0.0,0.0,0,0
2011-10-28,0.0,0.0,0,0
2011-10-29,0.0,0.0,0,0
2011-10-30,0.0,0.0,0,0
2011-10-31,0.0,0.0,0,0
2011-11-01,0.0,0.0,0,0
2011-11-02,0.0,0.0,0,0
2011-11-03,0.0,0.0,0,0
2011-11-04,0.0,0.0,0,0
2011-11-05,0.0,0.0,0,0
2011-11-06,0.0,0.0,0,0
2011-11-07,0.0,0.0,0,0
2011-11-08,0.0,0.0,0,0
2011-11-09,0.0,0.0,0,0
2011-11-10,0.0,0.0,0,0
2011-11-11,0.0,0.0,0,0
2011-11-12,0.0,0.0,0,0
2011-11-13,0.0,0.0,0,0
2011-11-14,0.0,0.0,0,0
2011-11-15,0.0,0.0,0,0
2011-11-16,0.0,0.0,0,0
2011-11-17,0.0,0.0,0,0
2011-11-18,0.0,0.0,0,0
2011-11-19,0.0,0.0,0,0
2011-11-20,0.0,0.0,0,0
2011-11-21,0.0,0.0,0,0
2011-11-22,0.0,0.0,0,0
2011-11-23,0.0,0.0,0,0
2011-11-24,0.0,0.0,0,0
2011-11-25,0.0,0.0,0,0
2011-11-26,0.0,0.0,0,0
2011-11-27,0.0,0.0,0,0
2011-11-28,0.0,0.0,0,0
2011-11-29,0.0,0.0,0,0
2011-11-30,0.0,0.0,0,0
2011-12-01,0.0,0.0,0,0
2011-12-02,0.0,0.0,0,0
2011-12-03,0.0,0.0,0,0
2011-12-04,0.0,0.0,0,0
2011-12-05,0.0,0.0,0,0
2011-12-06,0.0,0.0,0,0
2011-12-07,0.0,0.0,0,0
2011-12-08,0.0,0.0,0,0
2011-12-09,0.0,0.0,0,0
2011-12-10,0.0,0.0,0,0
2011-12-11,0.0,0.0,0,0
2011-12-12,0.0,0.0,0,0
2011-12-13,0.0,0.0,0,0
2011-12-14,0.0,0.0,0,0
2011-12-15,0.0,0.0,0,0
2011-12-16,0.0,0.0,0,0
2011-12-17,0.0,0.0,0,0
2011-12-18,0.0,0.0,0,0
2011-12-19,0.0,0.0,0,0
2011-12-20,0.0,0.0,0,0
2011-12-21,0.0,0.0,0,0
2011-12-22,0.0,0.0,0,0
2011-12-23,0.0,0.0,0,0
2011-12-24,0.0,0.0,0,0
2011-12-25,0.0,0.0,0,0
2011-12-26,0.0,0.0,0,0
2011-12-27,0.0,0.0,0,0
2011-12-28,0.0,0.0,0,0
2011-12-29,0.0,0.0,0,0
2011-12-30,0.0,0.0,0,0
2011-12-31,0.0,0.0,0,0
2012-01-01,0.0,0.0,0,0
2012-01-02,0.0,0.0,0,0
2012-01-03,0.0,0.0,0,0
2012-01-04,0.0,0.0,0,0
2012-01-05,0.0,0.0,0,0
2012-01-06,0.0,0.0,0,0
2012-01-07,0.0,0.0,0,0
2012-01-08,0.0,0.0,0,0
2012-01-09,0.0,0.0,0,0
2012-01-10,0.0,0.0,0,0
2012-01-11,0.0,0.0,0,0
2012-01-12,0.0,0.0,0,0
2012-01-13,0.0,0.0,0,0
2012-01-14,0.0,0.0,0,0
2012-01-15,0.0,0.0,0,0
2012-01-16,0.0,0.0,0,0
2012-01-17,0.0,0.0,0,0
2012-01-18,0.0,0.0,0,0
2012-01-19,0.0,0.0,0,0
2012-01-20,0.0,0.0,0,0
2012-01-21,0.0,0.0,0,0
2012-01-22,0.0,0.0,0,0
2012-01-23,0.0,0.0,0,0
2012-01-24,0.0,0.0,0,0
2012-01-25,0.0,0.0,0,0
2012-01-26,0.0,0.0,0,0
2012-01-27,0.0,0.0,0,0
2012-01-28,0.0,0.0,0,0
2012-01-29,0.0,0.0,0,0
2012-01-30,0.0,0.0,0,0
2012-01-31,0.0,0.0,0,0
2012-02-01,0.0,0.0,0,0
2012-02-02,0.0,0.0,0,0
2012-02-03,0.0,0.0,0,0
2012-02-04,0.0,0.0,0,0
2012-02-05,0.0,0.0,0,0
2012-02-06,0.0,0.0,0,0
2012-02-07,0.0,0.0,0,0
2012-02-08,0.0,0.0,0,0
2012-02-09,0.0,0.0,0,0
2012-02-10,0.0,0.0,0,0
2012-02-11,0.0,0.0,0,0
2012-02-12,0.0,0.0,0,0
2012-02-13,0.0,0.0,0,0
2012-02-14,0.0,0.0,0,0
2012-02-15,0.0,0.0,0,0
2012-02-16,0.0,0.0,0,0
2012-02-17,0.0,0.0,0,0
2012-02-18,0.0,0.0,0,0
2012-02-19,0.0,0.0,0,0
2012-02-20,0.0,0.0,0,0
2012-02-21,0.0,0.0,0,0
2012-02-22,0.0,0.0,0,0
2012-02-23,0.0,0.0,0,0
2012-02-24,0.0,0.0,0,0
2012-02-25,0.0,0.0,0,0
2012-02-26,0.0,0.0,0,0
2012-02-27,0.0,0.0,0,0
2012-02-28,0.0,0.0,0,0
2012-02-29,0.0,0.0,0,0
2012-03-01,0.0,0.0,0,0
2012-03-02,0.0,0.0,0,0
2012-03-03,0.0,0.0,0,0
2012-03-04,0.0,0.0,0,0
2012-03-05,0.0,0.0,0,0
2012-03-06,0.0,0.0,0,0
2012-03-07,0.0,0.0,0,0
2012-03-08,0.0,0.0,0,0
2012-03-09,0.0,0.0,0,0
2012-03-10,0.0,0.0,0,0
2012-03-11,0.0,0.0,0,0
2012-03-12,0.0,0.0,0,0
2012-03-13,0.0,0.0,0,0
2012-03-14,0.0,0.0,0,0
2012-03-15,0.0,0.0,0,0
2012-03-16,0.0,0.0,0,0
2012-03-17,0.0,0.0,0,0
2012-03-18,0.0,0.0,0,0
2012-03-19,0.0,0.0,0,0
2012-03-20,0.0,0.0,0,0
2012-03-21,0.0,0.0,0,0
2012-03-22,0.0,0.0,0,0
2012-03-23,0.0,0.0,0,0
2012-03-24,0.0,0.0,0,0
2012-03-25,0.0,0.0,0,0
2012-03-26,0.0,0.0,0,0
2012-03-27,0.0,0.0,0,0
2012-03-28,0.0,0.0,0,0
2012-03-29,0.0,0.0,0,0
2012-03-30,0.0,0.0,0,0
2012-03-31,0.0,0.0,0,0
2012-04-01,0.0,0.0,0,0
2012-04-02,0.0,0.0,0,0
2012-04-03,0.0,0.0,0,0
2012-04-04,0.0,0.0,0,0
2012-04-05,0.0,0.0,0,0
2012-04-06,0.0,0.0,0,0
2012-04-07,0.0,0.0,0,0
2012-04-08,0.0,0.0,0,0
2012-04-09,0.0,0.0,0,0
2012-04-10,0.0,0.0,0,0
2012-04-11,0.0,0.0,0,0
2012-04-12,0.0,0.0,0,0
2012-04-13,0.0,0.0,0,0
2012-04-14,0.0,0.0,0,0
2012-04-15,0.0,0.0,0,0
2012-04-16,0.0,0.0,0,0
2012-04-17,0.0,0.0,0,0
2012-04-18,0.0,0.0,0,0
2012-04-19,0.0,0.0,0,0
2012-04-20,0.0,0.0,0,0
2012-04-21,0.0,0.0,0,0
2012-04-22,0.0,0.0,0,0
2012-04-23,0.0,0.0,0,0
2012-04-24,0.0,0.0,0,0
2012-04-25,0.0,0.0,0,0
2012-04-26,0.0,0.0,0,0
2012-04-27,0.0,0.0,0,0
2012-04-28,0.0,0.0,0,0
2012-04-29,0.0,0.0,0,0
2012-04-30,0.0,0.0,0,0
2012-05-01,0.0,0.0,0,0
2012-05-02,0.0,0.0,0,0
2012-05-03,0.0,0.0,0,0
2012-05-04,0.0,0.0,0,0
2012-05-05,0.0,0.0,0,0
2012-05-06,0.0,0.0,0,0
2012-05-07,0.0,0.0,0,0
2012-05-08,0.0,0.0,0,0
2012-05-09,0.0,0.0,0,0
2012-05-10,0.0,0.0,0,0
2012-05-11,0.0,0.0,0,0
2012-05-12,0.0,0.0,0,0
2012-05-13,0.0,0.0,0,0
2012-05-14,0.0,0.0,0,0
2012-05-15,0.0,0.0,0,0
2012-05-16,0.0,0.0,0,0
2012-05-17,0.0,0.0,0,0
2012-05-18,0.0,0.0,0,0
2012-05-19,0.0,0.0,0,0
2012-05-20,0.0,0.0,0,0
2012-05-21,0.0,0.0,0,0
2012-05-22,0.0,0.0,0,0
2012-05-23,0.0,0.0,0,0
2012-05-24,0.0,0.0,0,0
2012-05-25,0.0,0.0,0,0
2012-05-26,0.0,0.0,0,0
2012-05-27,0.0,0.0,0,0
2012-05-28,0.0,0.0,0,0
2012-05-29,0.0,0.0,0,0
2012-05-30,0.0,0.0,0,0
2012-05-31,0.0,0.0,0,0
2012-06-01,0.0,0.0,0,0
2012-06-02,0.0,0.0,0,0
2012-06-03,0.0,0.0,0,0
2012-06-04,0.0,0.0,0,0
2012-06-05,0.0,0.0,0,0
2012-06-06,0.0,0.0,0,0
2012-06-07,0.0,0.0,0,0
2012-06-08,0.0,0.0,0,0
2012-06-09,0.0,0.0,0,0
2012-06-10,0.0,0.0,0,0
2012-06-11,0.0,0.0,0,0
2012-06-12,0.0,0.0,0,0
2012-06-13,0.0,0.0,0,0
2012-06-14,0.0,0.0,0,0
2012-06-15,0.0,0.0,0,0
2012-06-16,0.0,0.0,0,0
2012-06-17,0.0,0.0,0,0
2012-06-18,0.0,0.0,0,0
2012-06-19,0.0,0.0,0,0
2012-06-20,0.0,0.0,0,0
2012-06-21,0.0,0.0,0,0
2012-06-22,0.0,0.0,0,0
2012-06-23,0.0,0.0,0,0
2012-06-24,0.0,0.0,0,0
2012-06-25,0.0,0.0,0,0
2012-06-26,0.0,0.0,0,0
2012-06-27,0.0,0.0,0,0
2012-06-28,0.0,0.0,0,0
2012-06-29,0.0,0.0,0,0
2012-06-30,0.0,0.0,0,0
2012-07-01,0.0,0.0,0,0
2012-07-02,0.0,0.0,0,0
2012-07-03,0.0,0.0,0,0
2012-07-04,0.0,0.0,0,0
2012-07-05,0.0,0.0,0,0
2012-07-06,0.0,0.0,0,0
2012-07-07,0.0,0.0,0,0
2012-07-08,0.0,0.0,0,0
2012-07-09,0.0,0.0,0,0
2012-07-10,0.0,0.0,0,0
2012-07-11,0.0,0.0,0,0
2012-07-12,0.0,0.0,0,0
2012-07-13,0.0,0.0,0,0
2012-07-14,0.0,0.0,0,0
2012-07-15,0.0,0.0,0,0
2012-07-16,0.0,0.0,0,0
2012-07-17,0.0,0.0,0,0
2012-07-18,0.0,0.0,0,0
2012-07-19,0.0,0.0,0,0
2012-07-20,0.0,0.0,0,0
2012-07-21,0.0,0.0,0,0
2012-07-22,0.0,0.0,0,0
2012-07-23,0.0,0.0,0,0
2012-07-24,0.0,0.0,0,0
2012-07-25,0.0,0.0,0,0
2012-07-26,0.0,0.0,0,0
2012-07-27,0.0,0.0,0,0
2012-07-28,0.0,0.0,0,0
2012-07-29,0.0,0.0,0,0
2012-07-30,0.0,0.0,0,0
2012-07-31,0.0,0.0,0,0
2012-08-01,0.0,0.0,0,0
2012-08-02,0.0,0.0,0,0
2012-08-03,0.0,0.0,0,0
2012-08-04,0.0,0.0,0,0
2012-08-05,0.0,0.0,0,0
2012-08-06,0.0,0.0,0,0
2012-08-07,0.0,0.0,0,0
2012-08-08,0.0,0.0,0,0
2012-08-09,0.0,0.0,0,0
2012-08-10,0.0,0.0,0,0
2012-08-11,0.0,0.0,0,0
2012-08-12,0.0,0.0,0,0
2012-08-13,0.0,0.0,0,0
2012-08-14,0.0,0.0,0,0
2012-08-15,0.0,0.0,0,0
2012-08-16,0.0,0.0,0,0
2012-08-17,0.0,0.0,0,0
2012-08-18,0.0,0.0,0,0
2012-08-19,0.0,0.0,0,0
2012-08-20,0.0,0.0,0,0
2012-08-21,0.0,0.0,0,0
2012-08-22,0.0,0.0,0,0
2012-08-23,0.0,0.0,0,0
2012-08-24,0.0,0.0,0,0
2012-08-25,0.0,0.0,0,0
2012-08-26,0.0,0.0,0,0
2012-08-27,0.0,0.0,0,0
2012-08-28,0.0,0.0,0,0
2012-08-29,0.0,0.0,0,0
2012-08-30,0.0,0.0,0,0
2012-08-31,0.0,0.0,0,0
2012-09-01,0.0,0.0,0,0
2012-09-02,0.0,0.0,0,0
2012-09-03,0.0,0.0,0,0
2012-09-04,0.0,0.0,0,0
2012-09-05,0.0,0.0,0,0
2012-09-06,0.0,0.0,0,0
2012-09-07,0.0,0.0,0,0
2012-09-08,0.0,0.0,0,0
2012-09-09,0.0,0.0,0,0
2012-09-10,0.0,0.0,0,0
2012-09-11,0.0,0.0,0,0
2012-09-12,0.0,0.0,0,0
2012-09-13,0.0,0.0,0,0
2012-09-14,0.0,0.0,0,0
2012-09-15,0.0,0.0,0,0
2012-09-16,0.0,0.0,0,0
2012-09-17,0.0,0.0,0,0
2012-09-18,0.0,0.0,0,0
2012-09-19,0.0,0.0,0,0
2012-09-20,0.0,0.0,0,0
2012-09-21,0.0,0.0,0,0
2012-09-22,0.0,0.0,0,0
2012-09-23,0.0,0.0,0,0
2012-09-24,0.0,0.0,0,0
2012-09-25,0.0,0.0,0,0
2012-09-26,0.0,0.0,0,0
2012-09-27,0.0,0.0,0,0
2012-09-28,0.0,0.0,0,0
2012-09-29,0.0,0.0,0,0
2012-09-30,0.0,0.0,0,0
2012-10-01,0.0,0.0,0,0
2012-10-02,0.0,0.0,0,0
2012-10-03,0.0,0.0,0,0
2012-10-04,0.0,0.0,0,0
2012-10-05,0.0,0.0,0,0
2012-10-06,0.0,0.0,0,0
2012-10-07,0.0,0.0,0,0
2012-10-08,0.0,0.0,0,0
2012-10-09,0.0,0.0,0,0
2012-10-10,0.0,0.0,0,0
2012-10-11,0.0,0.0,0,0
2012-10-12,0.0,0.0,0,0
2012-10-13,0.0,0.0,0,0
2012-10-14,0.0,0.0,0,0
2012-10-15,0.0,0.0,0,0
2012-10-16,0.0,0.0,0,0
2012-10-17,0.0,0.0,0,0
2012-10-18,0.0,0.0,0,0
2012-10-19,0.0,0.0,0,0
2012-10-20,0.0,0.0,0,0
2012-10-21,0.0,0.0,0,0
2012-10-22,0.0,0.0,0,0
2012-10-23,0.0,0.0,0,0
2012-10-24,0.0,0.0,0,0
2012-10-25,0.0,0.0,0,0
2012-10-26,0.0,0.0,0,0
2012-10-27,0.0,0.0,0,0
2012-10-28,0.0,0.0,0,0
2012-10-29,0.0,0.0,0,0
2012-10-30,0.0,0.0,0,0
2012-10-31,0.0,0.0,0,0
2012-11-01,0.0,0.0,0,0
2012-11-02,0.0,0.0,0,0
2012-11-03,0.0,0.0,0,0
2012-11-04,0.0,0.0,0,0
2012-11-05,0.0,0.0,0,0
2012-11-06,0.0,0.0,0,0
2012-11-07,0.0,0.0,0,0
2012-11-08,0.0,0.0,0,0
2012-11-09,0.0,0.0,0,0
2012-11-10,0.0,0.0,0,0
2012-11-11,0.0,0.0,0,0
2012-11-12,0.0,0.0,0,0
2012-11-13,0.0,0.0,0,0
2012-11-14,0.0,0.0,0,0
2012-11-15,0.0,0.0,0,0
2012-11-16,0.0,0.0,0,0
2012-11-17,0.0,0.0,0,0
2012-11-18,0.0,0.0,0,0
2012-11-19,0.0,0.0,0,0
2012-11-20,0.0,0.0,0,0
2012-11-21,0.0,0.0,0,0
2012-11-22,0.0,0.0,0,0
2012-11-23,0.0,0.0,0,0
2012-11-24,0.0,0.0,0,0
2012-11-25,0.0,0.0,0,0
2012-11-26,0.0,0.0,0,0
2012-11-27,0.0,0.0,0,0
2012-11-28,0.0,0.0,0,0
2012-11-29,0.0,0.0,0,0
2012-11-30,0.0,0.0,0,0
2012-12-01,0.0,0.0,0,0
2012-12-02,0.0,0.0,0,0
2012-12-03,0.0,0.0,0,0
2012-12-04,0.0,0.0,0,0
2012-12-05,0.0,0.0,0,0
2012-12-06,0.0,0.0,0,0
2012-12-07,0.0,0.0,0,0
2012-12-08,0.0,0.0,0,0
2012-12-09,0.0,0.0,0,0
2012-12-10,0.0,0.0,0,0
2012-12-11,0.0,0.0,0,0
2012-12-12,0.0,0.0,0,0
2012-12-13,0.0,0.0,0,0
2012-12-14,0.0,0.0,0,0
2012-12-15,0.0,0.0,0,0
2012-12-16,0.0,0.0,0,0
2012-12-17,0.0,0.0,0,0
2012-12-18,0.0,0.0,0,0
2012-12-19,0.0,0.0,0,0
2012-12-20,0.0,0.0,0,0
2012-12-21,0.0,0.0,0,0
2012-12-22,0.0,0.0,0,0
2012-12-23,0.0,0.0,0,0
2012-12-24,0.0,0.0,0,0
2012-12-25,0.0,0.0,0,0
2012-12-26,0.0,0.0,0,0
2012-12-27,0.0,0.0,0,0
2012-12-28,0.0,0.0,0,0
2012-12-29,0.0,0.0,0,0
2012-12-30,0.0,0.0,0,0
2012-12-31,0.0,0.0,0,0
2013-01-01,0.0,0.0,0,0
2013-01-02,0.0,0.0,0,0
2013-01-03,0.0,0.0,0,0
2013-01-04,0.0,0.0,0,0
2013-01-05,0.0,0.0,0,0
2013-01-06,0.0,0.0,0,0
2013-01-07,0.0,0.0,0,0
2013-01-08,0.0,0.0,0,0
2013-01-09,0.0,0.0,0,0
2013-01-10,0.0,0.0,0,0
2013-01-11,0.0,0.0,0,0
2013-01-12,0.0,0.0,0,0
2013-01-13,0.0,0.0,0,0
2013-01-14,0.0,0.0,0,0
2013-01-15,0.0,0.0,0,0
2013-01-16,0.0,0.0,0,0
2013-01-17,0.0,0.0,0,0
2013-01-18,0.0,0.0,0,0
2013-01-19,0.0,0.0,0,0
2013-01-20,0.0,0.0,0,0
2013-01-21,0.0,0.0,0,0
2013-01-22,0.0,0.0,0,0
2013-01-23,0.0,0.0,0,0
2013-01-24,0.0,0.0,0,0
2013-01-25,0.0,0.0,0,0
2013-01-26,0.0,0.0,0,0
2013-01-27,0.0,0.0,0,0
2013-01-28,0.0,0.0,0,0
2013-01-29,0.0,0.0,0,0
2013-01-30,0.0,0.0,0,0
2013-01-31,0.0,0.0,0,0
2013-02-01,0.0,0.0,0,0
2013-02-02,0.0,0.0,0,0
2013-02-03,0.0,0.0,0,0
2013-02-04,0.0,0.0,0,0
2013-02-05,0.0,0.0,0,0
2013-02-06,0.0,0.0,0,0
2013-02-07,0.0,0.0,0,0
2013-02-08,0.0,0.0,0,0
2013-02-09,0.0,0.0,0,0
2013-02-10,0.0,0.0,0,0
2013-02-11,0.0,0.0,0,0
2013-02-12,0.0,0.0,0,0
2013-02-13,0.0,0.0,0,0
2013-02-14,0.0,0.0,0,0
2013-02-15,0.0,0.0,0,0
2013-02-16,0.0,0.0,0,0
2013-02-17,0.0,0.0,0,0
2013-02-18,0.0,0.0,0,0
2013-02-19,0.0,0.0,0,0
2013-02-20,0.0,0.0,0,0
2013-02-21,0.0,0.0,0,0
2013-02-22,0.0,0.0,0,0
2013-02-23,0.0,0.0,0,0
2013-02-24,0.0,0.0,0,0
2013-02-25,0.0,0.0,0,0
2013-02-26,0.0,0.0,0,0
2013-02-27,0.0,0.0,0,0
2013-02-28,0.0,0.0,0,0
2013-03-01,0.0,0.0,0,0
2013-03-02,0.0,0.0,0,0
2013-03-03,0.0,0.0,0,0
2013-03-04,0.0,0.0,0,0
2013-03-05,0.0,0.0,0,0
2013-03-06,0.0,0.0,0,0
2013-03-07,0.0,0.0,0,0
2013-03-08,0.0,0.0,0,0
2013-03-09,0.0,0.0,0,0
2013-03-10,0.0,0.0,0,0
2013-03-11,0.0,0.0,0,0
2013-03-12,0.0,0.0,0,0
2013-03-13,0.0,0.0,0,0
2013-03-14,0.0,0.0,0,0
2013-03-15,0.0,0.0,0,0
2013-03-16,0.0,0.0,0,0
2013-03-17,0.0,0.0,0,0
2013-03-18,0.0,0.0,0,0
2013-03-19,0.0,0.0,0,0
2013-03-20,0.0,0.0,0,0
2013-03-21,0.0,0.0,0,0
2013-03-22,0.0,0.0,0,0
2013-03-23,0.0,0.0,0,0
2013-03-24,0.0,0.0,0,0
2013-03-25,0.0,0.0,0,0
2013-03-26,0.0,0.0,0,0
2013-03-27,0.0,0.0,0,0
2013-03-28,0.0,0.0,0,0
2013-03-29,0.0,0.0,0,0
2013-03-30,0.0,0.0,0,0
2013-03-31,0.0,0.0,0,0
2013-04-01,0.0,0.0,0,0
2013-04-02,0.0,0.0,0,0
2013-04-03,0.0,0.0,0,0
2013-04-04,0.0,0.0,0,0
2013-04-05,0.0,0.0,0,0
2013-04-06,0.0,0.0,0,0
2013-04-07,0.0,0.0,0,0
2013-04-08,0.0,0.0,0,0
2013-04-09,0.0,0.0,0,0
2013-04-10,0.0,0.0,0,0
2013-04-11,0.0,0.0,0,0
2013-04-12,0.0,0.0,0,0
2013-04-13,0.0,0.0,0,0
2013-04-14,0.0,0.0,0,0
2013-04-15,0.0,0.0,0,0
2013-04-16,0.0,0.0,0,0
2013-04-17,0.0,0.0,0,0
2013-04-18,0.0,0.0,0,0
2013-04-19,0.0,0.0,0,0
2013-04-20,0.0,0.0,0,0
2013-04-21,0.0,0.0,0,0
2013-04-22,0.0,0.0,0,0
2013-04-23,0.0,0.0,0,0
2013-04-24,0.0,0.0,0,0
2013-04-25,0.0,0.0,0,0
2013-04-26,0.0,0.0,0,0
2013-04-27,0.0,0.0,0,0
2013-04-28,0.0,0.0,0,0
2013-04-29,0.0,0.0,0,0
2013-04-30,0.0,0.0,0,0
2013-05-01,0.0,0.0,0,0
2013-05-02,0.0,0.0,0,0
2013-05-03,0.0,0.0,0,0
2013-05-04,0.0,0.0,0,0
2013-05-05,0.0,0.0,0,0
2013-05-06,0.0,0.0,0,0
2013-05-07,0.0,0.0,0,0
2013-05-08,0.0,0.0,0,0
2013-05-09,0.0,0.0,0,0
2013-05-10,0.0,0.0,0,0
2013-05-11,0.0,0.0,0,0
2013-05-12,0.0,0.0,0,0
2013-05-13,0.0,0.0,0,0
2013-05-14,0.0,0.0,0,0
2013-05-15,0.0,0.0,0,0
2013-05-16,0.0,0.0,0,0
2013-05-17,0.0,0.0,0,0
2013-05-18,0.0,0.0,0,0
2013-05-19,0.0,0.0,0,0
2013-05-20,0.0,0.0,0,0
2013-05-21,0.0,0.0,0,0
2013-05-22,0.0,0.0,0,0
2013-05-23,0.0,0.0,0,0
2013-05-24,0.0,0.0,0,0
2013-05-25,0.0,0.0,0,0
2013-05-26,0.0,0.0,0,0
2013-05-27,0.0,0.0,0,0
2013-05-28,0.0,0.0,0,0
2013-05-29,0.0,0.0,0,0
2013-05-30,0.0,0.0,0,0
2013-05-31,0.0,0.0,0,0
2013-06-01,0.0,0.0,0,0
2013-06-02,0.0,0.0,0,0
2013-06-03,0.0,0.0,0,0
2013-06-04,0.0,0.0,0,0
2013-06-05,0.0,0.0,0,0
2013-06-06,0.0,0.0,0,0
2013-06-07,0.0,0.0,0,0
2013-06-08,0.0,0.0,0,0
2013-06-09,0.0,0.0,0,0
2013-06-10,0.0,0.0,0,0
2013-06-11,0.0,0.0,0,0
2013-06-12,0.0,0.0,0,0
2013-06-13,0.0,0.0,0,0
2013-06-14,0.0,0.0,0,0
2013-06-15,0.0,0.0,0,0
2013-06-16,0.0,0.0,0,0
2013-06-17,0.0,0.0,0,0
2013-06-18,0.0,0.0,0,0
2013-06-19,0.0,0.0,0,0
2013-06-20,0.0,0.0,0,0
2013-06-21,0.0,0.0,0,0
2013-06-22,0.0,0.0,0,0
2013-06-23,0.0,0.0,0,0
2013-06-24,0.0,0.0,0,0
2013-06-25,0.0,0.0,0,0
2013-06-26,0.0,0.0,0,0
2013-06-27,0.0,0.0,0,0
2013-06-28,0.0,0.0,0,0
2013-06-29,0.0,0.0,0,0
2013-06-30,0.0,0.0,0,0
2013-07-01,0.0,0.0,0,0
2013-07-02,0.0,0.0,0,0
2013-07-03,0.0,0.0,0,0
2013-07-04,0.0,0.0,0,0
2013-07-05,0.0,0.0,0,0
2013-07-06,0.0,0.0,0,0
2013-07-07,0.0,0.0,0,0
2013-07-08,0.0,0.0,0,0
2013-07-09,0.0,0.0,0,0
2013-07-10,0.0,0.0,0,0
2013-07-11,0.0,0.0,0,0
2013-07-12,0.0,0.0,0,0
2013-07-13,0.0,0.0,0,0
2013-07-14,0.0,0.0,0,0
2013-07-15,0.0,0.0,0,0
2013-07-16,0.0,0.0,0,0
2013-07-17,0.0,0.0,0,0
2013-07-18,0.0,0.0,0,0
2013-07-19,0.0,0.0,0,0
2013-07-20,0.0,0.0,0,0
2013-07-21,0.0,0.0,0,0
2013-07-22,0.0,0.0,0,0
2013-07-23,0.0,0.0,0,0
2013-07-24,0.0,0.0,0,0
2013-07-25,0.0,0.0,0,0
2013-07-26,0.0,0.0,0,0
2013-07-27,0.0,0.0,0,0
2013-07-28,0.0,0.0,0,0
2013-07-29,0.0,0.0,0,0
2013-07-30,0.0,0.0,0,0
2013-07-31,0.0,0.0,0,0
2013-08-01,0.0,0.0,0,0
2013-08-02,0.0,0.0,0,0
2013-08-03,0.0,0.0,0,0
2013-08-04,0.0,0.0,0,0
2013-08-05,0.0,0.0,0,0
2013-08-06,0.0,0.0,0,0
2013-08-07,0.0,0.0,0,0
2013-08-08,0.0,0.0,0,0
2013-08-09,0.0,0.0,0,0
2013-08-10,0.0,0.0,0,0
2013-08-11,0.0,0.0,0,0
2013-08-12,0.0,0.0,0,0
2013-08-13,0.0,0.0,0,0
2013-08-14,0.0,0.0,0,0
2013-08-15,0.0,0.0,0,0
2013-08-16,0.0,0.0,0,0
2013-08-17,0.0,0.0,0,0
2013-08-18,0.0,0.0,0,0
2013-08-19,0.0,0.0,0,0
2013-08-20,0.0,0.0,0,0
2013-08-21,0.0,0.0,0,0
2013-08-22,0.0,0.0,0,0
2013-08-23,0.0,0.0,0,0
2013-08-24,0.0,0.0,0,0
2013-08-25,0.0,0.0,0,0
2013-08-26,0.0,0.0,0,0
2013-08-27,0.0,0.0,0,0
2013-08-28,0.0,0.0,0,0
2013-08-29,0.0,0.0,0,0
2013-08-30,0.0,0.0,0,0
2013-08-31,0.0,0.0,0,0
2013-09-01,0.0,0.0,0,0
2013-09-02,0.0,0.0,0,0
2013-09-03,0.0,0.0,0,0
2013-09-04,0.0,0.0,0,0
2013-09-05,0.0,0.0,0,0
2013-09-06,0.0,0.0,0,0
2013-09-07,0.0,0.0,0,0
2013-09-08,0.0,0.0,0,0
2013-09-09,0.0,0.0,0,0
2013-09-10,0.0,0.0,0,0
2013-09-11,0.0,0.0,0,0
2013-09-12,0.0,0.0,0,0
2013-09-13,0.0,0.0,0,0
2013-09-14,0.0,0.0,0,0
2013-09-15,0.0,0.0,0,0
2013-09-16,0.0,0.0,0,0
2013-09-17,0.0,0.0,0,0
2013-09-18,0.0,0.0,0,0
2013-09-19,0.0,0.0,0,0
2013-09-20,0.0,0.0,0,0
2013-09-21,0.0,0.0,0,0
2013-09-22,0.0,0.0,0,0
2013-09-23,0.0,0.0,0,0
2013-09-24,0.0,0.0,0,0
2013-09-25,0.0,0.0,0,0
2013-09-26,0.0,0.0,0,0
2013-09-27,0.0,0.0,0,0
2013-09-28,0.0,0.0,0,0
2013-09-29,0.0,0.0,0,0
2013-09-30,0.0,0.0,0,0
2013-10-01,0.0,0.0,0,0
2013-10-02,0.0,0.0,0,0
2013-10-03,0.0,0.0,0,0
2013-10-04,0.0,0.0,0,0
2013-10-05,0.0,0.0,0,0
2013-10-06,0.0,0.0,0,0
2013-10-07,0.0,0.0,0,0
2013-10-08,0.0,0.0,0,0
2013-10-09,0.0,0.0,0,0
2013-10-10,0.0,0.0,0,0
2013-10-11,0.0,0.0,0,0
2013-10-12,0.0,0.0,0,0
2013-10-13,0.0,0.0,0,0
2013-10-14,0.0,0.0,0,0
2013-10-15,0.0,0.0,0,0
2013-10-16,0.0,0.0,0,0
2013-10-17,0.0,0.0,0,0
2013-10-18,0.0,0.0,0,0
2013-10-19,0.0,0.0,0,0
2013-10-20,0.0,0.0,0,0
2013-10-21,0.0,0.0,0,0
2013-10-22,0.0,0.0,0,0
2013-10-23,0.0,0.0,0,0
2013-10-24,0.0,0.0,0,0
2013-10-25,0.0,0.0,0,0
2013-10-26,0.0,0.0,0,0
2013-10-27,0.0,0.0,0,0
2013-10-28,0.0,0.0,0,0
2013-10-29,0.0,0.0,0,0
2013-10-30,0.0,0.0,0,0
2013-10-31,0.0,0.0,0,0
2013-11-01,0.0,0.0,0,0
2013-11-02,0.0,0.0,0,0
2013-11-03,0.0,0.0,0,0
2013-11-04,0.0,0.0,0,0
2013-11-05,0.0,0.0,0,0
2013-11-06,0.0,0.0,0,0
2013-11-07,0.0,0.0,0,0
2013-11-08,0.0,0.0,0,0
2013-11-09,0.0,0.0,0,0
2013-11-10,0.0,0.0,0,0
2013-11-11,0.0,0.0,0,0
2013-11-12,0.0,0.0,0,0
2013-11-13,0.0,0.0,0,0
2013-11-14,0.0,0.0,0,0
2013-11-15,0.0,0.0,0,0
2013-11-16,0.0,0.0,0,0
2013-11-17,0.0,0.0,0,0
2013-11-18,0.0,0.0,0,0
2013-11-19,0.0,0.0,0,0
2013-11-20,0.0,0.0,0,0
2013-11-21,0.0,0.0,0,0
2013-11-22,0.0,0.0,0,0
2013-11-23,0.0,0.0,0,0
2013-11-24,0.0,0.0,0,0
2013-11-25,0.0,0.0,0,0
2013-11-26,0.0,0.0,0,0
2013-11-27,0.0,0.0,0,0
2013-11-28,0.0,0.0,0,0
2013-11-29,0.0,0.0,0,0
2013-11-30,0.0,0.0,0,0
2013-12-01,0.0,0.0,0,0
2013-12-02,0.0,0.0,0,0
2013-12-03,0.0,0.0,0,0
2013-12-04,0.0,0.0,0,0
2013-12-05,0.0,0.0,0,0
2013-12-06,0.0,0.0,0,0
2013-12-07,0.0,0.0,0,0
2013-12-08,0.0,0.0,0,0
2013-12-09,0.0,0.0,0,0
2013-12-10,0.0,0.0,0,0
2013-12-11,0.0,0.0,0,0
2013-12-12,0.0,0.0,0,0
2013-12-13,0.0,0.0,0,0
2013-12-14,0.0,0.0,0,0
2013-12-15,0.0,0.0,0,0
2013-12-16,0.0,0.0,0,0
2013-12-17,0.0,0.0,0,0
2013-12-18,0.0,0.0,0,0
2013-12-19,0.0,0.0,0,0
2013-12-20,0.0,0.0,0,0
2013-12-21,0.0,0.0,0,0
2013-12-22,0.0,0.0,0,0
2013-12-23,0.0,0.0,0,0
2013-12-24,0.0,0.0,0,0
2013-12-25,0.0,0.0,0,0
2013-12-26,0.0,0.0,0,0
2013-12-27,0.0,0.0,0,0
2013-12-28,0.0,0.0,0,0
2013-12-29,0.0,0.0,0,0
2013-12-30,0.0,0.0,0,0
2013-12-31,0.0,0.0,0,0
2014-01-01,0.0,0.0,0,0
2014-01-02,0.0,0.0,0,0
2014-01-03,0.0,0.0,0,0
2014-01-04,0.0,0.0,0,0
2014-01-05,0.0,0.0,0,0
2014-01-06,0.0,0.0,0,0
2014-01-07,0.0,0.0,0,0
2014-01-08,0.0,0.0,0,0
2014-01-09,0.0,0.0,0,0
2014-01-10,0.0,0.0,0,0
2014-01-11,0.0,0.0,0,0
2014-01-12,0.0,0.0,0,0
2014-01-13,0.0,0.0,0,0
2014-01-14,0.0,0.0,0,0
2014-01-15,0.0,0.0,0,0
2014-01-16,0.0,0.0,0,0
2014-01-17,0.0,0.0,0,0
2014-01-18,0.0,0.0,0,0
2014-01-19,0.0,0.0,0,0
2014-01-20,0.0,0.0,0,0
2014-01-21,0.0,0.0,0,0
2014-01-22,0.0,0.0,0,0
2014-01-23,0.0,0.0,0,0
2014-01-24,0.0,0.0,0,0
2014-01-25,0.0,0.0,0,0
2014-01-26,0.0,0.0,0,0
2014-01-27,0.0,0.0,0,0
2014-01-28,0.0,0.0,0,0
2014-01-29,0.0,0.0,0,0
2014-01-30,0.0,0.0,0,0
2014-01-31,0.0,0.0,0,0
2014-02-01,0.0,0.0,0,0
2014-02-02,0.0,0.0,0,0
2014-02-03,0.0,0.0,0,0
2014-02-04,0.0,0.0,0,0
2014-02-05,0.0,0.0,0,0
2014-02-06,0.0,0.0,0,0
2014-02-07,0.0,0.0,0,0
2014-02-08,0.0,0.0,0,0
2014-02-09,0.0,0.0,0,0
2014-02-10,0.0,0.0,0,0
2014-02-11,0.0,0.0,0,0
2014-02-12,0.0,0.0,0,0
2014-02-13,0.0,0.0,0,0
2014-02-14,0.0,0.0,0,0
2014-02-15,0.0,0.0,0,0
2014-02-16,0.0,0.0,0,0
2014-02-17,0.0,0.0,0,0
2014-02-18,0.0,0.0,0,0
2014-02-19,0.0,0.0,0,0
2014-02-20,0.0,0.0,0,0
2014-02-21,0.0,0.0,0,0
2014-02-22,0.0,0.0,0,0
2014-02-23,0.0,0.0,0,0
2014-02-24,0.0,0.0,0,0
2014-02-25,0.0,0.0,0,0
2014-02-26,0.0,0.0,0,0
2014-02-27,0.0,0.0,0,0
2014-02-28,0.0,0.0,0,0
2014-03-01,0.0,0.0,0,0
2014-03-02,0.0,0.0,0,0
2014-03-03,0.0,0.0,0,0
2014-03-04,0.0,0.0,0,0
2014-03-05,0.0,0.0,0,0
2014-03-06,0.0,0.0,0,0
2014-03-07,0.0,0.0,0,0
2014-03-08,0.0,0.0,0,0
2014-03-09,0.0,0.0,0,0
2014-03-10,0.0,0.0,0,0
2014-03-11,0.0,0.0,0,0
2014-03-12,0.0,0.0,0,0
2014-03-13,0.0,0.0,0,0
2014-03-14,0.0,0.0,0,0
2014-03-15,0.0,0.0,0,0
2014-03-16,0.0,0.0,0,0
2014-03-17,0.0,0.0,20,20
2014-03-18,0.0,0.0,4,24
2014-03-19,0.0,0.0,7,10
2014-03-20,0.0,0.0,0,7
2014-03-21,0.0,0.0,0,0
2014-03-22,0.0,0.0,0,0
2014-03-23,0.0,0.0,0,0
2014-03-24,0.0,0.0,0,0
2014-03-25,0.0,0.0,0,0
2014-03-26,0.0,0.0,0,0
2014-03-27,0.0,0.0,0,0
2014-03-28,0.0,0.0,0,0
2014-03-29,0.0,0.0,0,0
2014-03-30,0.0,0.0,0,0
2014-03-31,0.0,0.0,0,0
2014-04-01,0.0,0.0,4,4
2014-04-02,0.0,0.0,1,5
2014-04-03,0.0,0.0,2,2
2014-04-04,0.0,0.0,0,2
2014-04-05,0.0,0.0,0,0
2014-04-06,0.0,0.0,11,11
2014-04-07,0.0,0.0,0,11
2014-04-08,0.0,0.0,0,0
2014-04-09,0.0,0.0,0,0
2014-04-10,0.0,0.0,0,0
2014-04-11,0.0,0.0,8,8
2014-04-12,0.0,0.0,23,36
2014-04-13,0.0,0.0,2,25
2014-04-14,0.0,0.0,0,2
2014-04-15,3.0,6.0,0,0
2014-04-16,2.0,5.0,0,0
2014-04-17,2.0,4.0,0,0
2014-04-18,2.0,4.0,0,0
2014-04-19,2.0,4.0,0,3
2014-04-20,2.0,4.0,2,2
2014-04-21,2.0,4.0,0,2
2014-04-22,2.0,4.0,0,0
2014-04-23,2.0,4.0,0,0
2014-04-24,2.0,4.0,0,0
2014-04-25,2.0,4.0,0,0
2014-04-26,2.0,4.0,0,0
2014-04-27,2.0,4.0,0,0
2014-04-28,2.0,4.0,0,0
2014-04-29,2.0,4.0,0,0
2014-04-30,2.0,4.0,0,0
2014-05-01,2.0,4.0,0,0
2014-05-02,2.0,3.0,0,0
2014-05-03,2.0,3.0,0,0
2014-05-04,2.0,3.0,0,0
2014-05-05,2.0,3.0,0,0
2014-05-06,1.0,3.0,0,0
2014-05-07,1.0,3.0,0,0
2014-05-08,1.0,3.0,0,0
2014-05-09,1.0,3.0,0,0
2014-05-10,1.0,3.0,0,0
2014-05-11,1.0,2.0,0,0
2014-05-12,0.0,1.0,0,0
2014-05-13,0.0,0.0,0,0
2014-05-14,0.0,0.0,0,0
2014-05-15,0.0,0.0,0,0
2014-05-16,0.0,0.0,3,3
2014-05-17,1.0,1.0,15,15
2014-05-18,2.0,2.0,30,30
2014-05-19,2.0,3.0,13,30
2014-05-20,2.0,3.0,2,14
2014-05-21,2.0,3.0,2,2
2014-05-22,2.0,3.0,0,2
2014-05-23,2.0,3.0,0,0
2014-05-24,2.0,3.0,3,3
2014-05-25,3.0,4.0,11,15
2014-05-26,3.0,4.0,2,11
2014-05-27,3.0,4.0,8,10
2014-05-28,3.0,5.0,0,8
2014-05-29,3.0,5.0,8,8
2014-05-30,3.0,5.0,0,10
2014-05-31,3.0,5.0,0,0
2014-06-01,3.0,5.0,0,0
2014-06-02,4.0,7.0,37,37
2014-06-03,4.0,8.0,0,37
2014-06-04,4.0,8.0,0,0
2014-06-05,5.0,8.0,3,3
2014-06-06,5.0,9.0,17,20
2014-06-07,5.0,9.0,6,23
2014-06-08,6.0,10.0,7,13
2014-06-09,6.0,10.0,0,7
2014-06-10,6.0,10.0,5,5
2014-06-11,6.0,10.0,0,5
2014-06-12,6.0,10.0,0,0
2014-06-13,6.0,10.0,0,0
2014-06-14,7.0,12.0,36,48
2014-06-15,8.0,14.0,33,69
2014-06-16,8.0,16.0,29,62
2014-06-17,8.0,16.0,25,50
2014-06-18,8.0,17.0,9,35
2014-06-19,8.0,16.0,0,9
2014-06-20,8.0,17.0,11,11
2014-06-21,9.0,18.0,20,28
2014-06-22,10.0,19.0,27,47
2014-06-23,11.0,21.0,23,50
2014-06-24,11.0,22.0,18,41
2014-06-25,11.0,22.0,13,27
2014-06-26,11.0,22.0,3,16
2014-06-27,12.0,23.0,16,19
2014-06-28,12.0,24.0,20,33
2014-06-29,12.0,24.0,16,31
2014-06-30,13.0,25.0,23,34
2014-07-01,14.0,27.0,21,44
2014-07-02,13.0,26.0,6,23
2014-07-03,13.0,26.0,8,14
2014-07-04,14.0,27.0,30,42
2014-07-05,14.0,28.0,6,40
2014-07-06,14.0,29.0,20,31
2014-07-07,14.0,29.0,3,23
2014-07-08,14.0,28.0,8,11
2014-07-09,15.0,29.0,14,22
2014-07-10,15.0,30.0,12,26
2014-07-11,15.0,30.0,0,12
2014-07-12,15.0,30.0,0,0
2014-07-13,15.0,30.0,0,1
2014-07-14,14.0,28.0,0,0
2014-07-15,13.0,26.0,8,8
2014-07-16,12.0,25.0,4,12
2014-07-17,11.0,23.0,1,4
2014-07-18,11.0,22.0,1,1
2014-07-19,11.0,22.0,12,12
2014-07-20,11.0,22.0,5,16
2014-07-21,11.0,22.0,1,5
2014-07-22,10.0,20.0,1,1
2014-07-23,9.0,18.0,1,1
2014-07-24,8.0,17.0,1,1
2014-07-25,8.0,16.0,1,1
2014-07-26,8.0,16.0,1,1
2014-07-27,8.0,16.0,9,15
2014-07-28,7.0,15.0,1,9
2014-07-29,7.0,14.0,1,1
2014-07-30,6.0,13.0,3,4
2014-07-31,5.0,11.0,5,7
2014-08-01,5.0,11.0,5,9
2014-08-02,5.0,11.0,5,9
2014-08-03,4.0,10.0,6,10
2014-08-04,4.0,9.0,5,10
2014-08-05,4.0,8.0,3,7
2014-08-06,4.0,7.0,3,5
2014-08-07,4.0,7.0,3,5
2014-08-08,3.0,7.0,1,3
2014-08-09,3.0,6.0,1,1
2014-08-10,3.0,6.0,16,16
2014-08-11,4.0,6.0,1,16
2014-08-12,4.0,6.0,1,1
2014-08-13,4.0,6.0,1,1
2014-08-14,3.0,6.0,1,1
2014-08-15,3.0,6.0,2,2
2014-08-16,3.0,6.0,2,2
2014-08-17,3.0,6.0,2,2
2014-08-18,3.0,6.0,2,3
2014-08-19,3.0,5.0,2,3
2014-08-20,3.0,5.0,2,2
2014-08-21,3.0,5.0,2,2
2014-08-22,3.0,5.0,2,2
2014-08-23,3.0,5.0,7,8
2014-08-24,3.0,6.0,8,14
2014-08-25,3.0,6.0,1,8
2014-08-26,3.0,5.0,1,1
2014-08-27,3.0,5.0,0,1
2014-08-28,3.0,5.0,0,0
2014-08-29,3.0,5.0,0,0
2014-08-30,3.0,5.0,0,0
2014-08-31,3.0,4.0,0,0
2014-09-01,2.0,4.0,0,0
2014-09-02,3.0,4.0,8,8
2014-09-03,2.0,4.0,2,10
2014-09-04,2.0,4.0,0,2
2014-09-05,2.0,4.0,0,0
2014-09-06,2.0,4.0,0,0
2014-09-07,2.0,4.0,0,0
2014-09-08,2.0,4.0,0,0
2014-09-09,2.0,3.0,0,0
2014-09-10,2.0,2.0,0,0
2014-09-11,2.0,2.0,0,0
2014-09-12,1.0,2.0,0,0
2014-09-13,2.0,2.0,3,3
2014-09-14,1.0,2.0,0,3
2014-09-15,1.0,2.0,0,0
2014-09-16,1.0,2.0,0,0
2014-09-17,1.0,2.0,0,0
2014-09-18,1.0,2.0,0,0
2014-09-19,1.0,2.0,0,0
2014-09-20,1.0,2.0,0,0
2014-09-21,1.0,2.0,0,0
2014-09-22,1.0,2.0,0,0
2014-09-23,1.0,1.0,3,4
2014-09-24,1.0,1.0,0,3
2014-09-25,1.0,1.0,0,0
2014-09-26,1.0,1.0,0,0
2014-09-27,1.0,1.0,0,0
2014-09-28,1.0,1.0,0,0
2014-09-29,1.0,1.0,0,0
2014-09-30,1.0,1.0,0,0
2014-10-01,1.0,1.0,0,0
2014-10-02,0.0,1.0,0,3
2014-10-03,0.0,1.0,0,0
2014-10-04,0.0,1.0,0,0
2014-10-05,0.0,1.0,0,0
2014-10-06,0.0,1.0,1,1
2014-10-07,0.0,1.0,0,1
2014-10-08,0.0,1.0,0,0
2014-10-09,0.0,1.0,0,0
2014-10-10,0.0,1.0,1,1
2014-10-11,0.0,1.0,2,3
2014-10-12,0.0,1.0,0,2
2014-10-13,1.0,1.0,21,21
2014-10-14,1.0,2.0,3,24
2014-10-15,1.0,2.0,6,9
2014-10-16,1.0,3.0,0,6
2014-10-17,1.0,3.0,0,0
2014-10-18,2.0,3.0,11,11
2014-10-19,2.0,3.0,0,11
2014-10-20,2.0,3.0,0,0
2014-10-21,2.0,3.0,0,0
2014-10-22,2.0,3.0,0,0
2014-10-23,2.0,3.0,2,2
2014-10-24,2.0,3.0,3,5
2014-10-25,2.0,4.0,0,5
2014-10-26,2.0,4.0,0,2
2014-10-27,2.0,4.0,1,1
2014-10-28,2.0,4.0,6,8
2014-10-29,2.0,4.0,0,6
2014-10-30,2.0,4.0,10,10
2014-10-31,2.0,5.0,0,10
2014-11-01,2.0,5.0,0,0
2014-11-02,2.0,5.0,0,0
2014-11-03,2.0,5.0,0,0
2014-11-04,2.0,5.0,0,0
2014-11-05,2.0,5.0,0,0
2014-11-06,2.0,5.0,0,0
2014-11-07,2.0,5.0,0,0
2014-11-08,2.0,5.0,0,0
2014-11-09,2.0,5.0,0,0
2014-11-10,2.0,4.0,2,2
2014-11-11,2.0,4.0,0,2
2014-11-12,1.0,4.0,0,0
2014-11-13,1.0,3.0,0,0
2014-11-14,1.0,3.0,0,0
2014-11-15,1.0,2.0,0,0
2014-11-16,1.0,2.0,0,0
2014-11-17,1.0,2.0,0,0
2014-11-18,1.0,2.0,0,0
2014-11-19,1.0,2.0,0,0
2014-11-20,1.0,2.0,0,0
2014-11-21,1.0,2.0,0,0
2014-11-22,1.0,2.0,0,0
2014-11-23,1.0,2.0,0,0
2014-11-24,1.0,2.0,9,9
2014-11-25,1.0,2.0,0,9
2014-11-26,1.0,2.0,0,0
2014-11-27,1.0,2.0,4,4
2014-11-28,1.0,2.0,9,13
2014-11-29,1.0,2.0,3,12
2014-11-30,1.0,2.0,2,5
2014-12-01,1.0,2.0,0,2
2014-12-02,1.0,2.0,0,0
2014-12-03,1.0,2.0,0,0
2014-12-04,1.0,2.0,0,0
2014-12-05,1.0,2.0,0,0
2014-12-06,1.0,2.0,0,0
2014-12-07,1.0,2.0,0,0
2014-12-08,1.0,2.0,7,7
2014-12-09,1.0,2.0,0,7
2014-12-10,1.0,2.0,0,0
2014-12-11,1.0,2.0,0,0
2014-12-12,1.0,2.0,7,7
2014-12-13,1.0,3.0,0,7
2014-12-14,1.0,3.0,0,0
2014-12-15,1.0,3.0,0,0
2014-12-16,1.0,3.0,0,0
2014-12-17,1.0,3.0,0,0
2014-12-18,1.0,3.0,0,0
2014-12-19,2.0,3.0,5,5
2014-12-20,2.0,3.0,0,5
2014-12-21,2.0,3.0,4,4
2014-12-22,2.0,3.0,1,5
2014-12-23,2.0,3.0,0,1
2014-12-24,1.0,3.0,2,2
2014-12-25,2.0,3.0,2,2
2014-12-26,2.0,3.0,6,8
2014-12-27,2.0,3.0,2,9
2014-12-28,1.0,3.0,0,2
2014-12-29,2.0,3.0,7,7
2014-12-30,2.0,3.0,4,7
2014-12-31,2.0,3.0,4,4
2015-01-01,2.0,3.0,4,4
2015-01-02,2.0,3.0,6,6
2015-01-03,2.0,4.0,10,16
2015-01-04,2.0,4.0,0,10
2015-01-05,2.0,4.0,0,0
2015-01-06,2.0,4.0,0,0
2015-01-07,2.0,4.0,0,0
2015-01-08,2.0,4.0,0,0
2015-01-09,2.0,4.0,0,0
2015-01-10,2.0,4.0,0,0
2015-01-11,2.0,4.0,16,16
2015-01-12,3.0,4.0,4,20
2015-01-13,3.0,5.0,4,8
2015-01-14,3.0,5.0,0,4
2015-01-15,3.0,5.0,0,2
2015-01-16,3.0,5.0,5,5
2015-01-17,3.0,5.0,7,12
2015-01-18,3.0,6.0,10,17
2015-01-19,3.0,6.0,0,10
2015-01-20,4.0,6.0,11,11
2015-01-21,3.0,6.0,0,11
2015-01-22,3.0,6.0,0,0
2015-01-23,3.0,6.0,0,0
2015-01-24,3.0,6.0,0,0
2015-01-25,3.0,6.0,0,0
2015-01-26,3.0,6.0,0,0
2015-01-27,3.0,6.0,5,5
2015-01-28,3.0,6.0,8,13
2015-01-29,3.0,6.0,0,8
2015-01-30,3.0,6.0,7,7
2015-01-31,3.0,6.0,4,11
2015-02-01,4.0,7.0,34,38
2015-02-02,4.0,8.0,0,34
2015-02-03,4.0,8.0,5,7
2015-02-04,4.0,8.0,5,10
2015-02-05,4.0,8.0,0,5
2015-02-06,4.0,8.0,0,0
2015-02-07,4.0,9.0,0,5
2015-02-08,5.0,9.0,12,13
2015-02-09,5.0,10.0,5,17
2015-02-10,4.0,10.0,8,13
2015-02-11,4.0,9.0,2,10
2015-02-12,4.0,9.0,2,4
2015-02-13,4.0,9.0,4,7
2015-02-14,4.0,9.0,0,4
2015-02-15,5.0,9.0,9,9
2015-02-16,5.0,9.0,5,14
2015-02-17,5.0,10.0,23,29
2015-02-18,5.0,10.0,0,27
2015-02-19,5.0,10.0,0,0
2015-02-20,5.0,10.0,0,0
2015-02-21,6.0,11.0,39,39
2015-02-22,7.0,14.0,44,84
2015-02-23,9.0,17.0,54,101
2015-02-24,9.0,19.0,8,62
2015-02-25,9.0,19.0,0,8
2015-02-26,10.0,20.0,9,9
2015-02-27,10.0,20.0,16,25
2015-02-28,10.0,20.0,4,20
2015-03-01,10.0,20.0,0,4
2015-03-02,10.0,21.0,16,18
2015-03-03,9.0,20.0,5,21
2015-03-04,9.0,19.0,3,8
2015-03-05,9.0,19.0,5,8
2015-03-06,10.0,20.0,22,27
2015-03-07,10.0,20.0,7,29
2015-03-08,10.0,21.0,2,9
2015-03-09,10.0,21.0,7,9
2015-03-10,10.0,21.0,3,10
2015-03-11,10.0,20.0,0,3
2015-03-12,10.0,20.0,0,0
2015-03-13,10.0,20.0,2,4
2015-03-14,10.0,20.0,0,2
2015-03-15,9.0,19.0,0,0
2015-03-16,9.0,19.0,0,0
2015-03-17,9.0,19.0,0,0
2015-03-18,9.0,19.0,0,0
2015-03-19,8.0,18.0,0,0
2015-03-20,8.0,17.0,2,2
2015-03-21,8.0,17.0,4,6
2015-03-22,9.0,17.0,11,15
2015-03-23,8.0,17.0,5,16
2015-03-24,6.0,14.0,8,13
2015-03-25,5.0,12.0,15,23
2015-03-26,5.0,10.0,4,17
2015-03-27,5.0,10.0,7,9
2015-03-28,5.0,10.0,2,7
2015-03-29,5.0,10.0,3,5
2015-03-30,4.0,9.0,0,3
2015-03-31,4.0,9.0,0,0
2015-04-01,4.0,9.0,15,28
2015-04-02,4.0,9.0,0,15
2015-04-03,4.0,9.0,2,5
2015-04-04,4.0,9.0,4,6
2015-04-05,3.0,8.0,0,4
2015-04-06,3.0,7.0,3,3
2015-04-07,3.0,7.0,0,3
2015-04-08,3.0,7.0,0,0
2015-04-09,3.0,7.0,3,7
2015-04-10,3.0,7.0,9,12
2015-04-11,3.0,7.0,3,12
2015-04-12,3.0,7.0,3,6
2015-04-13,3.0,7.0,0,3
2015-04-14,3.0,7.0,0,0
2015-04-15,4.0,7.0,2,2
2015-04-16,4.0,8.0,11,15
2015-04-17,4.0,9.0,18,29
2015-04-18,5.0,10.0,5,23
2015-04-19,5.0,10.0,3,8
2015-04-20,5.0,10.0,12,15
2015-04-21,5.0,10.0,9,21
2015-04-22,5.0,10.0,9,18
2015-04-23,5.0,10.0,5,14
2015-04-24,4.0,10.0,2,7
2015-04-25,4.0,9.0,0,2
2015-04-26,4.0,9.0,3,3
2015-04-27,4.0,9.0,0,3
2015-04-28,4.0,9.0,0,0
2015-04-29,4.0,9.0,5,5
2015-04-30,5.0,10.0,13,18
2015-05-01,5.0,10.0,25,38
2015-05-02,5.0,11.0,11,36
2015-05-03,5.0,11.0,0,11
2015-05-04,5.0,11.0,5,5
2015-05-05,5.0,11.0,0,5
2015-05-06,5.0,11.0,0,0
2015-05-07,5.0,11.0,0,0
2015-05-08,5.0,11.0,3,3
2015-05-09,5.0,11.0,0,3
2015-05-10,5.0,10.0,0,0
2015-05-11,5.0,10.0,2,2
2015-05-12,5.0,10.0,0,2
2015-05-13,5.0,10.0,0,0
2015-05-14,5.0,10.0,0,0
2015-05-15,5.0,10.0,6,6
2015-05-16,5.0,10.0,3,9
2015-05-17,4.0,9.0,0,3
2015-05-18,4.0,9.0,11,41
2015-05-19,4.0,10.0,7,19
2015-05-20,4.0,10.0,5,12
2015-05-21,5.0,10.0,33,38
2015-05-22,5.0,11.0,0,34
2015-05-23,5.0,11.0,13,13
2015-05-24,5.0,11.0,12,25
2015-05-25,5.0,12.0,5,17
2015-05-26,5.0,12.0,0,5
2015-05-27,6.0,12.0,11,11
2015-05-28,6.0,12.0,0,11
2015-05-29,6.0,12.0,3,3
2015-05-30,5.0,12.0,4,7
2015-05-31,5.0,11.0,8,10
2015-06-01,5.0,10.0,13,19
2015-06-02,5.0,11.0,19,32
2015-06-03,6.0,12.0,19,39
2015-06-04,7.0,14.0,25,44
2015-06-05,7.0,15.0,5,30
2015-06-06,7.0,15.0,0,5
2015-06-07,7.0,15.0,9,12
2015-06-08,7.0,15.0,0,9
2015-06-09,7.0,15.0,0,6
2015-06-10,7.0,16.0,6,6
2015-06-11,7.0,16.0,0,6
2015-06-12,8.0,17.0,9,34
2015-06-13,8.0,18.0,14,23
2015-06-14,8.0,18.0,0,14
2015-06-15,8.0,18.0,6,6
2015-06-16,8.0,18.0,0,6
2015-06-17,8.0,17.0,3,3
2015-06-18,8.0,17.0,26,29
2015-06-19,9.0,18.0,17,43
2015-06-20,8.0,18.0,25,42
2015-06-21,9.0,18.0,19,44
2015-06-22,9.0,19.0,0,19
2015-06-23,9.0,19.0,25,25
2015-06-24,9.0,19.0,0,25
2015-06-25,9.0,19.0,0,3
2015-06-26,9.0,19.0,20,20
2015-06-27,10.0,20.0,10,29
2015-06-28,9.0,20.0,2,13
2015-06-29,10.0,20.0,10,12
2015-06-30,10.0,21.0,7,19
2015-07-01,9.0,20.0,2,9
2015-07-02,9.0,19.0,0,2
2015-07-03,8.0,18.0,2,4
2015-07-04,7.0,17.0,4,6
2015-07-05,7.0,16.0,2,6
2015-07-06,7.0,16.0,0,2
2015-07-07,7.0,16.0,0,0
2015-07-08,7.0,16.0,14,14
2015-07-09,7.0,16.0,0,14
2015-07-10,7.0,16.0,0,0
2015-07-11,8.0,16.0,10,10
2015-07-12,7.0,15.0,0,10
2015-07-13,7.0,14.0,3,3
2015-07-14,7.0,14.0,0,3
2015-07-15,7.0,14.0,0,0
2015-07-16,7.0,14.0,0,0
2015-07-17,7.0,14.0,2,2
2015-07-18,6.0,13.0,0,2
2015-07-19,5.0,11.0,4,4
2015-07-20,5.0,10.0,0,4
2015-07-21,4.0,9.0,4,4
2015-07-22,4.0,8.0,0,4
2015-07-23,3.0,8.0,1,1
2015-07-24,4.0,7.0,10,11
2015-07-25,4.0,8.0,8,18
2015-07-26,3.0,7.0,8,16
2015-07-27,3.0,7.0,2,10
2015-07-28,3.0,7.0,6,8
2015-07-29,3.0,6.0,0,6
2015-07-30,3.0,6.0,0,0
2015-07-31,3.0,6.0,9,16
2015-08-01,3.0,6.0,0,9
2015-08-02,3.0,6.0,0,0
2015-08-03,3.0,6.0,8,8
2015-08-04,3.0,6.0,0,8
2015-08-05,3.0,6.0,0,0
2015-08-06,3.0,7.0,8,11
2015-08-07,3.0,7.0,18,26
2015-08-08,4.0,7.0,6,24
2015-08-09,4.0,8.0,6,12
2015-08-10,4.0,8.0,2,8
2015-08-11,4.0,7.0,0,2
2015-08-12,4.0,7.0,6,6
2015-08-13,4.0,8.0,12,18
2015-08-14,4.0,9.0,12,24
2015-08-15,5.0,10.0,12,24
2015-08-16,5.0,10.0,7,19
2015-08-17,5.0,11.0,13,20
2015-08-18,6.0,11.0,7,20
2015-08-19,6.0,11.0,0,7
2015-08-20,6.0,11.0,7,7
2015-08-21,6.0,12.0,16,24
2015-08-22,6.0,13.0,2,18
2015-08-23,6.0,13.0,8,10
2015-08-24,6.0,12.0,0,8
2015-08-25,6.0,12.0,1,1
2015-08-26,6.0,12.0,0,1
2015-08-27,6.0,12.0,22,22
2015-08-28,7.0,13.0,24,46
2015-08-29,7.0,14.0,6,30
2015-08-30,8.0,15.0,25,31
2015-08-31,8.0,16.0,26,48
2015-09-01,9.0,17.0,3,28
2015-09-02,9.0,17.0,7,9
2015-09-03,10.0,18.0,30,36
2015-09-04,10.0,20.0,21,50
2015-09-05,10.0,20.0,15,35
2015-09-06,10.0,20.0,11,25
2015-09-07,10.0,20.0,5,15
2015-09-08,10.0,20.0,10,14
2015-09-09,10.0,20.0,7,15
2015-09-10,11.0,21.0,21,27
2015-09-11,12.0,23.0,40,60
2015-09-12,13.0,24.0,21,60
2015-09-13,12.0,24.0,2,23
2015-09-14,12.0,24.0,5,7
2015-09-15,12.0,24.0,3,8
2015-09-16,12.0,23.0,9,12
2015-09-17,13.0,24.0,34,43
2015-09-18,13.0,25.0,0,34
2015-09-19,13.0,25.0,12,12
2015-09-20,13.0,25.0,18,30
2015-09-21,13.0,26.0,16,34
2015-09-22,13.0,26.0,10,26
2015-09-23,14.0,27.0,9,19
2015-09-24,15.0,28.0,38,47
2015-09-25,15.0,30.0,5,43
2015-09-26,15.0,29.0,6,11
2015-09-27,14.0,29.0,20,27
2015-09-28,14.0,28.0,0,20
2015-09-29,14.0,29.0,30,45
2015-09-30,14.0,28.0,5,35
2015-10-01,14.0,28.0,13,18
2015-10-02,14.0,29.0,13,26
2015-10-03,14.0,28.0,17,30
2015-10-04,13.0,28.0,6,24
2015-10-05,13.0,27.0,12,18
2015-10-06,13.0,27.0,6,18
2015-10-07,13.0,27.0,7,13
2015-10-08,13.0,27.0,5,12
2015-10-09,13.0,26.0,0,5
2015-10-10,13.0,26.0,20,20
2015-10-11,11.0,25.0,0,20
2015-10-12,11.0,23.0,5,5
2015-10-13,11.0,23.0,9,14
2015-10-14,11.0,23.0,5,15
2015-10-15,11.0,23.0,2,7
2015-10-16,11.0,22.0,0,2
2015-10-17,10.0,22.0,15,15
2015-10-18,11.0,21.0,14,30
2015-10-19,10.0,22.0,6,20
2015-10-20,10.0,21.0,5,11
2015-10-21,9.0,20.0,0,5
2015-10-22,9.0,19.0,3,3
2015-10-23,9.0,19.0,1,4
2015-10-24,8.0,18.0,8,10
2015-10-25,8.0,16.0,3,11
2015-10-26,8.0,16.0,0,3
2015-10-27,7.0,15.0,0,0
2015-10-28,7.0,15.0,9,9
2015-10-29,7.0,14.0,9,18
2015-10-30,7.0,13.0,4,13
2015-10-31,6.0,13.0,0,4
2015-11-01,6.0,12.0,3,3
2015-11-02,5.0,11.0,7,10
2015-11-03,6.0,11.0,8,15
2015-11-04,6.0,11.0,14,22
2015-11-05,6.0,11.0,3,17
2015-11-06,5.0,11.0,0,3
2015-11-07,5.0,10.0,0,0
2015-11-08,5.0,11.0,10,10
2015-11-09,5.0,11.0,8,18
2015-11-10,5.0,10.0,9,17
2015-11-11,5.0,11.0,8,17
2015-11-12,5.0,11.0,2,10
2015-11-13,5.0,11.0,13,15
2015-11-14,6.0,12.0,17,30
2015-11-15,6.0,12.0,8,25
2015-11-16,6.0,12.0,4,12
2015-11-17,6.0,11.0,4,8
2015-11-18,6.0,11.0,7,11
2015-11-19,6.0,11.0,5,12
2015-11-20,6.0,11.0,4,9
2015-11-21,6.0,12.0,10,14
2015-11-22,7.0,13.0,29,39
2015-11-23,8.0,15.0,31,62
2015-11-24,8.0,15.0,2,31
2015-11-25,8.0,16.0,14,16
2015-11-26,8.0,16.0,3,17
2015-11-27,8.0,16.0,10,13
2015-11-28,8.0,16.0,0,10
2015-11-29,8.0,16.0,2,2
2015-11-30,8.0,16.0,4,6
2015-12-01,8.0,16.0,9,13
2015-12-02,8.0,17.0,8,23
2015-12-03,8.0,16.0,5,13
2015-12-04,8.0,17.0,22,27
2015-12-05,9.0,17.0,18,40
2015-12-06,9.0,18.0,0,18
2015-12-07,9.0,18.0,0,0
2015-12-08,9.0,18.0,8,8
2015-12-09,9.0,18.0,4,12
2015-12-10,9.0,18.0,14,18
2015-12-11,10.0,19.0,29,43
2015-12-12,10.0,20.0,10,39
2015-12-13,10.0,20.0,10,20
2015-12-14,10.0,19.0,13,23
2015-12-15,10.0,19.0,6,19
2015-12-16,9.0,19.0,0,6
2015-12-17,10.0,19.0,17,17
2015-12-18,10.0,20.0,14,31
2015-12-19,11.0,21.0,24,38
2015-12-20,11.0,22.0,8,32
2015-12-21,11.0,22.0,10,18
2015-12-22,10.0,21.0,6,16
2015-12-23,10.0,20.0,20,26
2015-12-24,10.0,19.0,0,20
2015-12-25,9.0,19.0,10,10
2015-12-26,10.0,20.0,14,24
2015-12-27,10.0,20.0,27,41
2015-12-28,11.0,22.0,19,46
2015-12-29,12.0,23.0,21,40
2015-12-30,12.0,24.0,19,40
2015-12-31,12.0,25.0,13,32
2016-01-01,13.0,25.0,25,38
2016-01-02,13.0,26.0,0,25
2016-01-03,12.0,25.0,10,13
2016-01-04,12.0,25.0,14,24
2016-01-05,13.0,26.0,38,52
2016-01-06,14.0,28.0,20,58
2016-01-07,14.0,28.0,2,22
2016-01-08,14.0,28.0,13,15
2016-01-09,14.0,29.0,16,29
2016-01-10,14.0,28.0,9,25
2016-01-11,13.0,27.0,0,9
2016-01-12,13.0,26.0,0,0
2016-01-13,13.0,26.0,4,4
2016-01-14,12.0,25.0,0,4
2016-01-15,12.0,25.0,2,2
2016-01-16,12.0,25.0,6,8
2016-01-17,12.0,24.0,2,8
2016-01-18,11.0,23.0,3,5
2016-01-19,11.0,22.0,5,8
2016-01-20,11.0,22.0,2,7
2016-01-21,10.0,21.0,0,2
2016-01-22,10.0,20.0,4,4
2016-01-23,10.0,20.0,0,4
2016-01-24,10.0,20.0,0,0
2016-01-25,9.0,19.0,3,3
2016-01-26,8.0,18.0,0,3
2016-01-27,8.0,16.0,0,0
2016-01-28,7.0,15.0,3,4
2016-01-29,7.0,14.0,4,7
2016-01-30,7.0,13.0,13,17
2016-01-31,6.0,13.0,14,27
2016-02-01,6.0,13.0,0,14
2016-02-02,6.0,12.0,3,3
2016-02-03,6.0,12.0,8,11
2016-02-04,5.0,10.0,3,11
2016-02-05,4.0,9.0,5,8
2016-02-06,4.0,8.0,5,10
2016-02-07,4.0,8.0,9,14
2016-02-08,4.0,8.0,4,13
2016-02-09,4.0,7.0,4,8
2016-02-10,4.0,7.0,3,7
2016-02-11,4.0,8.0,20,23
2016-02-12,5.0,9.0,26,46
2016-02-13,5.0,10.0,6,32
2016-02-14,5.0,10.0,0,6
2016-02-15,5.0,10.0,7,7
2016-02-16,5.0,11.0,5,12
2016-02-17,5.0,11.0,2,7
2016-02-18,6.0,11.0,13,15
2016-02-19,6.0,12.0,30,43
2016-02-20,7.0,14.0,21,51
2016-02-21,7.0,14.0,1,22
2016-02-22,7.0,14.0,7,8
2016-02-23,8.0,15.0,25,32
2016-02-24,9.0,17.0,24,49
2016-02-25,9.0,18.0,11,35
2016-02-26,10.0,19.0,12,23
2016-02-27,10.0,19.0,9,21
2016-02-28,10.0,20.0,16,25
2016-02-29,10.0,20.0,16,32
2016-03-01,10.0,21.0,14,30
2016-03-02,11.0,21.0,26,40
2016-03-03,11.0,23.0,12,38
2016-03-04,12.0,23.0,19,31
2016-03-05,13.0,24.0,26,45
2016-03-06,13.0,25.0,8,34
2016-03-07,13.0,26.0,11,19
2016-03-08,13.0,26.0,14,25
2016-03-09,14.0,27.0,26,40
2016-03-10,14.0,28.0,15,41
2016-03-11,15.0,29.0,24,39
2016-03-12,15.0,30.0,26,50
2016-03-13,15.0,30.0,28,54
2016-03-14,16.0,31.0,25,55
2016-03-15,16.0,32.0,19,44
2016-03-16,18.0,34.0,49,68
2016-03-17,19.0,37.0,39,88
2016-03-18,20.0,39.0,32,71
2016-03-19,21.0,41.0,31,63
2016-03-20,20.0,41.0,26,57
2016-03-21,21.0,41.0,36,62
2016-03-22,22.0,42.0,20,56
2016-03-23,22.0,43.0,14,37
2016-03-24,22.0,43.0,18,32
2016-03-25,22.0,44.0,39,57
2016-03-26,23.0,45.0,29,68
2016-03-27,23.0,46.0,37,66
2016-03-28,25.0,48.0,41,78
2016-03-29,25.0,49.0,19,60
2016-03-30,25.0,50.0,36,55
2016-03-31,25.0,50.0,0,36
2016-04-01,25.0,50.0,18,33
2016-04-02,25.0,50.0,33,51
2016-04-03,26.0,52.0,39,72
2016-04-04,27.0,54.0,59,98
2016-04-05,28.0,55.0,26,85
2016-04-06,28.0,56.0,19,45
2016-04-07,28.0,57.0,18,37
2016-04-08,29.0,57.0,45,63
2016-04-09,29.0,59.0,39,84
2016-04-10,30.0,60.0,45,84
2016-04-11,31.0,62.0,59,104
2016-04-12,32.0,64.0,40,99
2016-04-13,32.0,64.0,36,76
2016-04-14,32.0,65.0,31,67
2016-04-15,32.0,65.0,21,52
2016-04-16,32.0,64.0,47,68
2016-04-17,31.0,63.0,10,57
2016-04-18,31.0,62.0,25,35
2016-04-19,32.0,64.0,75,100
2016-04-20,35.0,68.0,121,196
2016-04-21,38.0,74.0,106,229
2016-04-22,41.0,80.0,110,216
2016-04-23,42.0,85.0,46,172
2016-04-24,43.0,86.0,55,101
2016-04-25,44.0,87.0,77,77
2016-04-26,47.0,89.0,125,146
2016-04-27,49.0,93.0,91,201
2016-04-28,52.0,96.0,116,140
2016-04-29,56.0,100.0,137,173
2016-04-30,57.0,104.0,45,171
2016-05-01,58.0,106.0,53,66
2016-05-02,61.0,108.0,107,111
2016-05-03,60.0,110.0,6,133
2016-05-04,59.0,108.0,48,50
2016-05-05,61.0,109.0,64,112
2016-05-06,62.0,111.0,52,116
2016-05-07,63.0,113.0,50,102
2016-05-08,62.0,114.0,18,68
2016-05-09,61.0,112.0,22,40
2016-05-10,60.0,110.0,2,24
2016-05-11,58.0,107.0,9,11
2016-05-12,57.0,104.0,6,15
2016-05-13,56.0,102.0,18,24
2016-05-14,56.0,101.0,7,25
2016-05-15,55.0,100.0,14,20
2016-05-16,54.0,99.0,15,29
2016-05-17,54.0,97.0,3,19
2016-05-18,53.0,96.0,3,6
2016-05-19,51.0,93.0,5,8
2016-05-20,47.0,87.0,4,9
2016-05-21,44.0,80.0,6,10
2016-05-22,40.0,73.0,6,12
2016-05-23,39.0,68.0,15,21
2016-05-24,38.0,66.0,29,44
2016-05-25,36.0,65.0,18,47
2016-05-26,33.0,61.0,10,28
2016-05-27,30.0,55.0,1,11
2016-05-28,26.0,51.0,12,36
2016-05-29,22.0,46.0,15,27
2016-05-30,21.0,42.0,19,34
2016-05-31,20.0,41.0,18,37
2016-06-01,17.0,38.0,15,33
2016-06-02,17.0,35.0,8,23
2016-06-03,15.0,33.0,0,8
2016-06-04,14.0,30.0,12,12
2016-06-05,12.0,27.0,5,17
2016-06-06,11.0,24.0,12,17
2016-06-07,11.0,23.0,18,30
2016-06-08,11.0,22.0,12,30
2016-06-09,11.0,22.0,13,25
2016-06-10,11.0,23.0,20,33
2016-06-11,11.0,24.0,11,31
2016-06-12,11.0,24.0,13,24
2016-06-13,12.0,24.0,35,48
2016-06-14,13.0,26.0,45,80
2016-06-15,13.0,27.0,20,64
2016-06-16,14.0,28.0,25,44
2016-06-17,15.0,30.0,24,48
2016-06-18,16.0,31.0,26,50
2016-06-19,16.0,32.0,16,42
2016-06-20,16.0,33.0,9,25
2016-06-21,16.0,33.0,0,9
2016-06-22,16.0,33.0,29,29
2016-06-23,16.0,33.0,16,45
2016-06-24,16.0,33.0,30,46
2016-06-25,17.0,34.0,27,57
2016-06-26,18.0,35.0,27,43
2016-06-27,18.0,35.0,23,50
2016-06-28,18.0,36.0,12,35
2016-06-29,17.0,35.0,0,12
2016-06-30,17.0,34.0,17,17
2016-07-01,18.0,35.0,27,48
2016-07-02,18.0,35.0,16,43
2016-07-03,19.0,36.0,16,32
2016-07-04,18.0,36.0,0,16
2016-07-05,19.0,37.0,29,31
2016-07-06,19.0,38.0,16,45
2016-07-07,19.0,38.0,20,36
2016-07-08,20.0,39.0,28,48
2016-07-09,19.0,39.0,5,38
2016-07-10,19.0,38.0,0,5
2016-07-11,18.0,37.0,4,4
2016-07-12,18.0,37.0,2,6
2016-07-13,17.0,35.0,6,9
2016-07-14,16.0,33.0,3,11
2016-07-15,15.0,31.0,5,8
2016-07-16,15.0,30.0,5,10
2016-07-17,14.0,28.0,0,5
2016-07-18,13.0,27.0,11,11
2016-07-19,13.0,26.0,19,19
2016-07-20,13.0,26.0,9,27
2016-07-21,14.0,27.0,9,17
2016-07-22,13.0,26.0,7,15
2016-07-23,13.0,25.0,11,17
2016-07-24,12.0,24.0,4,14
2016-07-25,12.0,23.0,15,18
2016-07-26,11.0,22.0,4,18
2016-07-27,10.0,21.0,4,7
2016-07-28,10.0,20.0,3,6
2016-07-29,10.0,20.0,14,16
2016-07-30,10.0,20.0,13,26
2016-07-31,10.0,19.0,11,23
2016-08-01,9.0,18.0,1,11
2016-08-02,9.0,18.0,19,20
2016-08-03,11.0,19.0,45,63
2016-08-04,11.0,21.0,41,85
2016-08-05,12.0,22.0,36,77
2016-08-06,11.0,22.0,2,37
2016-08-07,11.0,21.0,15,20
2016-08-08,11.0,21.0,13,27
2016-08-09,12.0,22.0,15,27
2016-08-10,12.0,23.0,19,33
2016-08-11,13.0,24.0,17,35
2016-08-12,13.0,24.0,6,22
2016-08-13,13.0,24.0,6,11
2016-08-14,13.0,24.0,8,13
2016-08-15,13.0,25.0,12,18
2016-08-16,13.0,25.0,4,16
2016-08-17,13.0,25.0,6,9
2016-08-18,12.0,25.0,1,8
2016-08-19,12.0,24.0,7,8
2016-08-20,12.0,24.0,1,7
2016-08-21,12.0,23.0,9,9
2016-08-22,12.0,24.0,14,22
2016-08-23,12.0,24.0,12,25
2016-08-24,12.0,24.0,9,20
2016-08-25,13.0,24.0,14,22
2016-08-26,13.0,25.0,19,32
2016-08-27,13.0,26.0,6,24
2016-08-28,13.0,25.0,1,6
2016-08-29,12.0,24.0,3,4
2016-08-30,12.0,24.0,1,3
2016-08-31,13.0,24.0,17,17
2016-09-01,12.0,24.0,1,17
2016-09-02,11.0,22.0,16,16
2016-09-03,10.0,21.0,23,38
2016-09-04,9.0,19.0,4,26
2016-09-05,9.0,18.0,1,4
2016-09-06,9.0,18.0,12,20
2016-09-07,10.0,19.0,34,45
2016-09-08,10.0,19.0,8,41
2016-09-09,10.0,19.0,31,38
2016-09-10,10.0,19.0,9,39
2016-09-11,10.0,19.0,13,22
2016-09-12,11.0,20.0,25,37
2016-09-13,12.0,23.0,39,87
2016-09-14,13.0,25.0,36,76
2016-09-15,15.0,28.0,66,130
2016-09-16,16.0,32.0,43,105
2016-09-17,16.0,33.0,1,48
2016-09-18,16.0,33.0,4,4
2016-09-19,16.0,33.0,12,15
2016-09-20,16.0,33.0,5,16
2016-09-21,16.0,33.0,15,19
2016-09-22,16.0,34.0,24,38
2016-09-23,16.0,34.0,1,24
2016-09-24,16.0,34.0,1,41
2016-09-25,15.0,33.0,1,1
2016-09-26,15.0,33.0,1,7
2016-09-27,15.0,33.0,2,2
2016-09-28,16.0,33.0,21,22
2016-09-29,16.0,34.0,1,21
2016-09-30,16.0,34.0,25,35
2016-10-01,17.0,36.0,31,55
2016-10-02,16.0,36.0,1,31
2016-10-03,16.0,37.0,23,59
2016-10-04,16.0,37.0,1,23
2016-10-05,16.0,37.0,1,1
2016-10-06,17.0,37.0,32,33
2016-10-07,16.0,37.0,1,32
2016-10-08,17.0,37.0,31,55
2016-10-09,16.0,38.0,17,47
2016-10-10,16.0,37.0,1,17
2016-10-11,16.0,37.0,25,25
2016-10-12,16.0,37.0,10,34
2016-10-13,15.0,35.0,16,25
2016-10-14,14.0,33.0,12,27
2016-10-15,12.0,29.0,10,21
2016-10-16,11.0,27.0,11,20
2016-10-17,11.0,25.0,1,11
2016-10-18,12.0,26.0,29,29
2016-10-19,13.0,28.0,32,60
2016-10-20,13.0,29.0,23,55
2016-10-21,13.0,29.0,1,23
2016-10-22,13.0,29.0,26,26
2016-10-23,13.0,29.0,6,31
2016-10-24,14.0,28.0,20,25
2016-10-25,15.0,30.0,39,58
2016-10-26,16.0,32.0,25,63
2016-10-27,16.0,34.0,23,48
2016-10-28,17.0,35.0,25,47
2016-10-29,18.0,36.0,41,65
2016-10-30,18.0,37.0,27,67
2016-10-31,19.0,38.0,56,82
2016-11-01,21.0,40.0,51,106
2016-11-02,21.0,42.0,39,90
2016-11-03,22.0,43.0,32,71
2016-11-04,23.0,45.0,29,60
2016-11-05,23.0,46.0,34,62
2016-11-06,24.0,47.0,16,49
2016-11-07,23.0,46.0,17,32
2016-11-08,23.0,45.0,17,33
2016-11-09,24.0,47.0,37,53
2016-11-10,25.0,48.0,44,81
2016-11-11,26.0,50.0,29,72
2016-11-12,26.0,51.0,40,68
2016-11-13,27.0,53.0,30,69
2016-11-14,28.0,55.0,55,85
2016-11-15,29.0,56.0,19,73
2016-11-16,31.0,59.0,56,74
2016-11-17,31.0,61.0,40,95
2016-11-18,31.0,61.0,27,66
2016-11-19,30.0,60.0,1,27
2016-11-20,32.0,61.0,54,54
2016-11-21,32.0,63.0,24,77
2016-11-22,33.0,64.0,34,57
2016-11-23,32.0,64.0,2,35
2016-11-24,32.0,63.0,30,31
2016-11-25,32.0,63.0,31,60
2016-11-26,31.0,63.0,7,37
2016-11-27,31.0,62.0,19,25
2016-11-28,30.0,61.0,18,36
2016-11-29,30.0,60.0,9,26
2016-11-30,28.0,57.0,9,17
2016-12-01,27.0,54.0,9,17
2016-12-02,26.0,52.0,17,25
2016-12-03,25.0,50.0,1,17
2016-12-04,24.0,49.0,8,15
2016-12-05,24.0,48.0,15,22
2016-12-06,24.0,47.0,18,32
2016-12-07,24.0,47.0,17,34
2016-12-08,24.0,47.0,11,27
2016-12-09,22.0,46.0,1,11
2016-12-10,21.0,43.0,6,9
2016-12-11,20.0,41.0,5,10
2016-12-12,19.0,39.0,7,11
2016-12-13,19.0,37.0,9,15
2016-12-14,17.0,35.0,15,23
2016-12-15,17.0,34.0,8,22
2016-12-16,16.0,32.0,16,23
2016-12-17,15.0,30.0,13,28
2016-12-18,14.0,28.0,20,32
2016-12-19,15.0,29.0,17,36
2016-12-20,14.0,28.0,15,31
2016-12-21,15.0,28.0,50,64
2016-12-22,14.0,28.0,32,82
2016-12-23,16.0,30.0,38,69
2016-12-24,15.0,31.0,3,85
2016-12-25,15.0,31.0,25,41
2016-12-26,15.0,31.0,29,53
2016-12-27,15.0,31.0,1,29
2016-12-28,14.0,31.0,10,10
2016-12-29,15.0,30.0,15,24
2016-12-30,14.0,30.0,1,15
2016-12-31,14.0,30.0,6,6
2017-01-01,14.0,30.0,15,20
2017-01-02,15.0,30.0,21,35
2017-01-03,16.0,32.0,29,49
2017-01-04,16.0,33.0,31,59
2017-01-05,16.0,33.0,1,46
2017-01-06,16.0,33.0,23,23
2017-01-07,16.0,33.0,19,41
2017-01-08,17.0,34.0,22,40
2017-01-09,17.0,35.0,18,41
2017-01-10,17.0,36.0,10,27
2017-01-11,17.0,36.0,2,11
2017-01-12,17.0,36.0,13,14
2017-01-13,17.0,36.0,18,30
2017-01-14,18.0,37.0,17,34
2017-01-15,18.0,37.0,21,37
2017-01-16,18.0,38.0,22,42
2017-01-17,18.0,38.0,28,49
2017-01-18,18.0,39.0,16,54
2017-01-19,19.0,39.0,25,40
2017-01-20,18.0,38.0,22,46
2017-01-21,18.0,37.0,24,45
2017-01-22,18.0,37.0,50,73
2017-01-23,19.0,37.0,30,79
2017-01-24,18.0,37.0,1,30
2017-01-25,17.0,35.0,13,13
2017-01-26,18.0,35.0,11,23
2017-01-27,18.0,36.0,11,21
2017-01-28,18.0,36.0,13,23
2017-01-29,18.0,36.0,20,32
2017-01-30,18.0,37.0,6,25
2017-01-31,18.0,37.0,9,16
2017-02-01,18.0,36.0,21,29
2017-02-02,18.0,36.0,17,37
2017-02-03,18.0,36.0,36,52
2017-02-04,18.0,36.0,1,45
2017-02-05,18.0,36.0,39,39
2017-02-06,18.0,37.0,18,56
2017-02-07,18.0,36.0,13,30
2017-02-08,18.0,36.0,10,22
2017-02-09,18.0,36.0,11,26
2017-02-10,18.0,36.0,6,16
2017-02-11,18.0,36.0,5,10
2017-02-12,17.0,35.0,5,9
2017-02-13,17.0,34.0,1,5
2017-02-14,16.0,33.0,8,8
2017-02-15,16.0,32.0,11,20
2017-02-16,15.0,31.0,7,17
2017-02-17,15.0,30.0,7,13
2017-02-18,14.0,29.0,9,15
2017-02-19,14.0,28.0,16,24
2017-02-20,14.0,28.0,12,27
2017-02-21,12.0,26.0,6,17
2017-02-22,12.0,24.0,19,24
2017-02-23,12.0,24.0,5,23
2017-02-24,12.0,24.0,14,25
2017-02-25,12.0,24.0,5,18
2017-02-26,12.0,24.0,1,5
2017-02-27,11.0,23.0,5,5
2017-02-28,11.0,22.0,9,13
2017-03-01,11.0,22.0,5,13
2017-03-02,11.0,22.0,1,5
2017-03-03,10.0,21.0,1,1
2017-03-04,10.0,20.0,7,7
2017-03-05,9.0,18.0,5,11
2017-03-06,9.0,17.0,7,11
2017-03-07,8.0,16.0,8,14
2017-03-08,7.0,15.0,3,10
2017-03-09,7.0,14.0,8,10
2017-03-10,7.0,14.0,11,19
2017-03-11,7.0,14.0,9,19
2017-03-12,7.0,14.0,8,16
2017-03-13,7.0,14.0,10,17
2017-03-14,8.0,14.0,11,20
2017-03-15,8.0,15.0,8,20
2017-03-16,8.0,15.0,3,10
2017-03-17,8.0,15.0,9,14
2017-03-18,8.0,15.0,10,18
2017-03-19,8.0,15.0,12,22
2017-03-20,8.0,15.0,8,19
2017-03-21,8.0,15.0,5,12
2017-03-22,7.0,14.0,5,9
2017-03-23,8.0,14.0,15,19
2017-03-24,7.0,14.0,13,27
2017-03-25,7.0,14.0,1,13
2017-03-26,7.0,13.0,1,1
2017-03-27,7.0,13.0,4,4
2017-03-28,7.0,13.0,5,8
2017-03-29,7.0,13.0,3,7
2017-03-30,7.0,13.0,10,12
2017-03-31,7.0,13.0,4,13
2017-04-01,7.0,13.0,4,7
2017-04-02,7.0,13.0,5,8
2017-04-03,7.0,13.0,8,12
2017-04-04,7.0,13.0,6,13
2017-04-05,7.0,13.0,4,9
2017-04-06,7.0,13.0,6,9
2017-04-07,7.0,13.0,5,10
2017-04-08,7.0,13.0,1,5
2017-04-09,7.0,13.0,5,5
2017-04-10,6.0,12.0,5,9
2017-04-11,6.0,12.0,6,10
2017-04-12,6.0,12.0,9,14
2017-04-13,6.0,12.0,12,20
2017-04-14,7.0,12.0,15,26
2017-04-15,7.0,13.0,16,30
2017-04-16,7.0,13.0,13,28
2017-04-17,7.0,14.0,14,26
2017-04-18,7.0,14.0,11,24
2017-04-19,7.0,13.0,1,11
2017-04-20,7.0,14.0,12,27
2017-04-21,7.0,14.0,4,15
2017-04-22,7.0,14.0,6,9
2017-04-23,7.0,13.0,6,11
2017-04-24,7.0,13.0,1,6
2017-04-25,7.0,13.0,4,4
2017-04-26,7.0,13.0,1,4
2017-04-27,7.0,13.0,9,9
2017-04-28,7.0,13.0,9,17
2017-04-29,7.0,13.0,5,13
2017-04-30,7.0,13.0,7,11
2017-05-01,7.0,13.0,1,7
2017-05-02,7.0,13.0,7,7
2017-05-03,7.0,13.0,8,14
2017-05-04,7.0,13.0,1,8
2017-05-05,7.0,13.0,5,11
2017-05-06,7.0,13.0,3,7
2017-05-07,7.0,13.0,1,5
2017-05-08,7.0,13.0,3,5
2017-05-09,7.0,15.0,14,58
2017-05-10,7.0,16.0,16,45
2017-05-11,8.0,17.0,23,38
2017-05-12,8.0,18.0,16,36
2017-05-13,8.0,18.0,7,24
2017-05-14,8.0,18.0,9,15
2017-05-15,8.0,17.0,8,18
2017-05-16,7.0,17.0,12,23
2017-05-17,8.0,17.0,23,37
2017-05-18,8.0,18.0,9,31
2017-05-19,8.0,17.0,1,9
2017-05-20,8.0,17.0,9,14
2017-05-21,8.0,17.0,11,21
2017-05-22,8.0,18.0,6,18
2017-05-23,8.0,18.0,8,16
2017-05-24,8.0,18.0,8,15
2017-05-25,8.0,19.0,14,23
2017-05-26,9.0,20.0,24,46
2017-05-27,9.0,21.0,1,28
2017-05-28,9.0,20.0,3,7
2017-05-29,9.0,20.0,10,14
2017-05-30,9.0,21.0,14,26
2017-05-31,9.0,21.0,4,17
2017-06-01,9.0,21.0,9,13
2017-06-02,9.0,21.0,3,11
2017-06-03,9.0,21.0,8,12
2017-06-04,10.0,22.0,9,16
2017-06-05,9.0,22.0,1,9
2017-06-06,10.0,22.0,6,8
2017-06-07,10.0,22.0,5,14
2017-06-08,10.0,21.0,14,20
2017-06-09,9.0,20.0,8,21
2017-06-10,9.0,19.0,1,8
2017-06-11,8.0,18.0,2,2
2017-06-12,8.0,17.0,6,9
2017-06-13,9.0,18.0,19,37
2017-06-14,9.0,19.0,17,41
2017-06-15,9.0,19.0,13,33
2017-06-16,9.0,19.0,15,29
2017-06-17,9.0,19.0,14,28
2017-06-18,9.0,20.0,18,33
2017-06-19,10.0,20.0,19,36
2017-06-20,9.0,20.0,5,24
2017-06-21,10.0,21.0,12,28
2017-06-22,10.0,21.0,13,28
2017-06-23,10.0,21.0,9,21
2017-06-24,9.0,21.0,1,9
2017-06-25,9.0,20.0,8,9
2017-06-26,9.0,20.0,14,26
2017-06-27,10.0,21.0,24,46
2017-06-28,11.0,22.0,26,61
2017-06-29,11.0,23.0,15,40
2017-06-30,11.0,23.0,12,32
2017-07-01,11.0,24.0,8,23
2017-07-02,11.0,24.0,10,17
2017-07-03,11.0,24.0,14,27
2017-07-04,12.0,25.0,17,33
2017-07-05,12.0,26.0,21,42
2017-07-06,13.0,28.0,21,48
2017-07-07,13.0,28.0,19,41
2017-07-08,13.0,29.0,7,25
2017-07-09,13.0,28.0,9,18
2017-07-10,13.0,29.0,8,16
2017-07-11,13.0,29.0,9,18
2017-07-12,14.0,30.0,8,19
2017-07-13,13.0,29.0,10,19
2017-07-14,13.0,29.0,14,29
2017-07-15,13.0,28.0,5,18
2017-07-16,13.0,29.0,23,47
2017-07-17,13.0,29.0,21,48
2017-07-18,13.0,29.0,12,32
2017-07-19,13.0,29.0,1,15
2017-07-20,13.0,29.0,12,24
2017-07-21,13.0,28.0,5,20
2017-07-22,12.0,28.0,3,7
2017-07-23,13.0,28.0,24,46
2017-07-24,14.0,30.0,33,59
2017-07-25,15.0,33.0,32,80
2017-07-26,15.0,34.0,27,62
2017-07-27,15.0,34.0,18,53
2017-07-28,15.0,34.0,36,61
2017-07-29,15.0,35.0,25,70
2017-07-30,16.0,36.0,24,58
2017-07-31,16.0,37.0,20,50
2017-08-01,17.0,38.0,21,47
2017-08-02,17.0,39.0,29,57
2017-08-03,17.0,39.0,17,45
2017-08-04,17.0,39.0,23,45
2017-08-05,17.0,39.0,29,51
2017-08-06,18.0,41.0,41,85
2017-08-07,19.0,42.0,22,63
2017-08-08,20.0,44.0,36,67
2017-08-09,21.0,47.0,50,106
2017-08-10,22.0,50.0,44,102
2017-08-11,23.0,51.0,25,73
2017-08-12,24.0,53.0,34,60
2017-08-13,24.0,53.0,18,51
2017-08-14,24.0,54.0,25,51
2017-08-15,24.0,54.0,13,37
2017-08-16,24.0,54.0,20,37
2017-08-17,25.0,55.0,31,61
2017-08-18,25.0,56.0,11,51
2017-08-19,25.0,56.0,22,34
2017-08-20,26.0,57.0,21,47
2017-08-21,27.0,59.0,40,67
2017-08-22,28.0,61.0,46,99
2017-08-23,29.0,63.0,60,119
2017-08-24,29.0,64.0,42,114
2017-08-25,30.0,64.0,65,69
2017-08-26,32.0,65.0,80,80
2017-08-27,35.0,67.0,104,110
2017-08-28,38.0,69.0,119,121
2017-08-29,42.0,71.0,137,140
2017-08-30,46.0,76.0,163,176
2017-08-31,47.0,81.0,41,214
2017-09-01,48.0,84.0,74,133
2017-09-02,51.0,85.0,85,94
2017-09-03,53.0,89.0,84,144
2017-09-04,55.0,90.0,94,97
2017-09-05,56.0,93.0,73,174
2017-09-06,58.0,96.0,72,144
2017-09-07,59.0,99.0,74,154
2017-09-08,61.0,102.0,102,195
2017-09-09,62.0,105.0,100,216
2017-09-10,65.0,109.0,91,193
2017-09-11,66.0,113.0,82,175
2017-09-12,68.0,117.0,82,176
2017-09-13,71.0,122.0,90,191
2017-09-14,72.0,127.0,70,171
2017-09-15,74.0,130.0,55,145
2017-09-16,74.0,132.0,44,103
2017-09-17,75.0,133.0,43,89
2017-09-18,77.0,136.0,63,127
2017-09-19,78.0,139.0,60,128
2017-09-20,78.0,140.0,32,94
2017-09-21,77.0,138.0,29,60
2017-09-22,76.0,137.0,44,82
2017-09-23,76.0,136.0,35,82
2017-09-24,76.0,137.0,63,112
2017-09-25,75.0,139.0,55,117
2017-09-26,74.0,139.0,72,135
2017-09-27,74.0,142.0,108,185
2017-09-28,72.0,144.0,90,205
2017-09-29,70.0,144.0,90,188
2017-09-30,71.0,143.0,81,184
2017-10-01,71.0,144.0,75,156
2017-10-02,71.0,146.0,79,157
2017-10-03,70.0,146.0,67,148
2017-10-04,70.0,148.0,72,140
2017-10-05,69.0,146.0,53,125
2017-10-06,69.0,146.0,67,135
2017-10-07,68.0,144.0,53,120
2017-10-08,67.0,142.0,66,123
2017-10-09,66.0,140.0,78,149
2017-10-10,66.0,139.0,95,181
2017-10-11,67.0,141.0,113,209
2017-10-12,68.0,142.0,99,224
2017-10-13,69.0,140.0,114,131
2017-10-14,70.0,140.0,120,160
2017-10-15,72.0,140.0,110,146
2017-10-16,74.0,142.0,101,162
2017-10-17,75.0,144.0,54,141
2017-10-18,75.0,144.0,68,132
2017-10-19,75.0,143.0,74,101
2017-10-20,77.0,144.0,80,125
2017-10-21,78.0,147.0,77,143
2017-10-22,79.0,150.0,67,169
2017-10-23,80.0,151.0,52,127
2017-10-24,80.0,152.0,68,138
2017-10-25,80.0,152.0,56,132
2017-10-26,79.0,152.0,44,119
2017-10-27,77.0,150.0,55,117
2017-10-28,76.0,146.0,49,98
2017-10-29,75.0,143.0,74,85
2017-10-30,75.0,141.0,56,133
2017-10-31,74.0,140.0,53,123
2017-11-01,73.0,138.0,66,119
2017-11-02,74.0,139.0,73,157
2017-11-03,74.0,140.0,75,164
2017-11-04,74.0,140.0,69,127
2017-11-05,75.0,140.0,98,134
2017-11-06,76.0,142.0,88,194
2017-11-07,77.0,143.0,70,158
2017-11-08,76.0,143.0,54,139
2017-11-09,74.0,141.0,53,115
2017-11-10,73.0,138.0,64,116
2017-11-11,72.0,136.0,82,161
2017-11-12,72.0,138.0,98,198
2017-11-13,70.0,139.0,80,200
2017-11-14,70.0,140.0,101,185
2017-11-15,69.0,142.0,85,205
2017-11-16,70.0,143.0,65,169
2017-11-17,70.0,143.0,76,152
2017-11-18,71.0,144.0,89,132
2017-11-19,70.0,146.0,68,162
2017-11-20,70.0,146.0,83,151
2017-11-21,71.0,146.0,78,172
2017-11-22,72.0,148.0,88,176
2017-11-23,73.0,149.0,114,175
2017-11-24,75.0,149.0,104,143
2017-11-25,77.0,150.0,98,151
2017-11-26,77.0,153.0,59,190
2017-11-27,78.0,156.0,75,181
2017-11-28,76.0,156.0,28,110
2017-11-29,77.0,157.0,87,143
2017-11-30,78.0,158.0,69,172
2017-12-01,79.0,160.0,93,170
2017-12-02,79.0,160.0,79,141
2017-12-03,78.0,158.0,51,132
2017-12-04,78.0,159.0,71,154
2017-12-05,78.0,161.0,90,170
2017-12-06,78.0,161.0,92,209
2017-12-07,78.0,162.0,78,183
2017-12-08,79.0,163.0,69,167
2017-12-09,80.0,165.0,88,172
2017-12-10,80.0,167.0,52,193
2017-12-11,80.0,167.0,84,162
2017-12-12,79.0,166.0,89,173
2017-12-13,80.0,166.0,83,174
2017-12-14,79.0,165.0,95,179
2017-12-15,80.0,165.0,91,200
2017-12-16,80.0,165.0,92,152
2017-12-17,80.0,165.0,72,166
2017-12-18,80.0,166.0,82,154
2017-12-19,81.0,166.0,97,179
2017-12-20,81.0,168.0,86,184
2017-12-21,80.0,167.0,55,144
2017-12-22,80.0,166.0,88,143
2017-12-23,79.0,166.0,76,175
2017-12-24,78.0,166.0,68,146
2017-12-25,77.0,166.0,81,172
2017-12-26,78.0,166.0,83,179
2017-12-27,79.0,167.0,98,199
2017-12-28,81.0,169.0,86,188
2017-12-29,80.0,169.0,73,144
2017-12-30,80.0,167.0,60,112
2017-12-31,79.0,166.0,70,130
2018-01-01,80.0,166.0,85,155
2018-01-02,80.0,167.0,67,152
2018-01-03,80.0,166.0,60,133
2018-01-04,78.0,164.0,51,111
2018-01-05,77.0,161.0,44,95
2018-01-06,75.0,157.0,32,76
2018-01-07,73.0,153.0,7,39
2018-01-08,70.0,147.0,5,12
2018-01-09,69.0,142.0,21,26
2018-01-10,67.0,137.0,8,29
2018-01-11,64.0,132.0,6,14
2018-01-12,62.0,127.0,10,16
2018-01-13,59.0,121.0,3,13
2018-01-14,56.0,115.0,5,8
2018-01-15,53.0,110.0,8,13
2018-01-16,51.0,105.0,7,15
2018-01-17,48.0,101.0,10,17
2018-01-18,46.0,95.0,14,24
2018-01-19,43.0,90.0,18,32
2018-01-20,42.0,87.0,31,49
2018-01-21,40.0,84.0,28,59
2018-01-22,39.0,80.0,23,51
2018-01-23,37.0,77.0,26,49
2018-01-24,35.0,73.0,19,45
2018-01-25,34.0,69.0,31,74
2018-01-26,31.0,65.0,25,56
2018-01-27,29.0,60.0,36,63
2018-01-28,28.0,58.0,26,62
2018-01-29,27.0,56.0,35,61
2018-01-30,25.0,53.0,16,54
2018-01-31,23.0,49.0,19,35
2018-02-01,22.0,46.0,32,51
2018-02-02,21.0,44.0,43,75
2018-02-03,21.0,44.0,51,94
2018-02-04,21.0,44.0,49,100
2018-02-05,22.0,44.0,40,94
2018-02-06,22.0,45.0,23,63
2018-02-07,23.0,46.0,18,41
2018-02-08,23.0,46.0,20,38
2018-02-09,23.0,47.0,18,38
2018-02-10,24.0,48.0,35,53
2018-02-11,25.0,50.0,32,67
2018-02-12,27.0,53.0,67,99
2018-02-13,28.0,56.0,51,118
2018-02-14,31.0,60.0,79,130
2018-02-15,33.0,65.0,83,162
2018-02-16,36.0,70.0,85,168
2018-02-17,37.0,74.0,39,124
2018-02-18,37.0,75.0,37,76
2018-02-19,37.0,76.0,35,72
2018-02-20,37.0,76.0,31,66
2018-02-21,37.0,76.0,21,52
2018-02-22,38.0,77.0,44,65
2018-02-23,39.0,78.0,48,96
2018-02-24,39.0,78.0,25,73
2018-02-25,38.0,78.0,14,39
2018-02-26,38.0,77.0,22,36
2018-02-27,38.0,76.0,33,55
2018-02-28,39.0,78.0,61,96
2018-03-01,40.0,80.0,51,112
2018-03-02,41.0,81.0,40,91
2018-03-03,41.0,82.0,40,62
2018-03-04,41.0,82.0,48,88
2018-03-05,42.0,83.0,71,119
2018-03-06,43.0,85.0,73,146
2018-03-07,43.0,85.0,35,111
2018-03-08,43.0,85.0,26,61
2018-03-09,43.0,85.0,15,42
2018-03-10,42.0,85.0,4,19
2018-03-11,42.0,84.0,19,23
2018-03-12,41.0,83.0,7,26
2018-03-13,40.0,81.0,0,7
2018-03-14,38.0,78.0,3,3
2018-03-15,36.0,74.0,0,4
2018-03-16,34.0,70.0,0,0
2018-03-17,31.0,64.0,2,2
2018-03-18,29.0,60.0,32,34
2018-03-19,29.0,58.0,39,71
2018-03-20,29.0,58.0,17,56
2018-03-21,28.0,56.0,7,24
2018-03-22,27.0,54.0,6,13
2018-03-23,26.0,53.0,13,19
2018-03-24,25.0,52.0,5,18
2018-03-25,24.0,49.0,5,7
2018-03-26,24.0,47.0,17,22
2018-03-27,23.0,46.0,5,22
2018-03-28,22.0,45.0,0,5
2018-03-29,21.0,44.0,3,3
2018-03-30,19.0,40.0,0,3
2018-03-31,18.0,37.0,0,0
2018-04-01,16.0,34.0,0,0
2018-04-02,15.0,32.0,0,0
2018-04-03,14.0,29.0,2,2
2018-04-04,11.0,25.0,4,6
2018-04-05,9.0,20.0,0,4
2018-04-06,8.0,17.0,0,3
2018-04-07,7.0,15.0,0,0
2018-04-08,6.0,13.0,0,0
2018-04-09,6.0,13.0,4,4
2018-04-10,6.0,12.0,4,8
2018-04-11,6.0,11.0,0,4
2018-04-12,6.0,11.0,0,0
2018-04-13,6.0,11.0,0,0
2018-04-14,6.0,11.0,0,0
2018-04-15,6.0,11.0,3,3
2018-04-16,6.0,11.0,3,6
2018-04-17,5.0,10.0,1,4
2018-04-18,3.0,8.0,0,1
2018-04-19,3.0,7.0,13,17
2018-04-20,3.0,6.0,0,13
2018-04-21,3.0,6.0,0,0
2018-04-22,2.0,5.0,3,3
2018-04-23,2.0,5.0,6,9
2018-04-24,2.0,5.0,2,14
2018-04-25,2.0,5.0,0,2
2018-04-26,2.0,4.0,0,0
2018-04-27,2.0,4.0,6,6
2018-04-28,2.0,4.0,0,6
2018-04-29,2.0,4.0,6,6
2018-04-30,2.0,5.0,18,24
2018-05-01,3.0,6.0,2,20
2018-05-02,3.0,6.0,0,2
2018-05-03,3.0,6.0,1,1
2018-05-04,2.0,5.0,0,1
2018-05-05,2.0,5.0,2,2
2018-05-06,3.0,5.0,6,8
2018-05-07,3.0,6.0,6,12
2018-05-08,3.0,8.0,18,50
2018-05-09,4.0,8.0,9,27
2018-05-10,4.0,9.0,11,22
2018-05-11,4.0,10.0,15,29
2018-05-12,4.0,10.0,3,20
2018-05-13,5.0,10.0,3,6
2018-05-14,5.0,11.0,2,6
2018-05-15,5.0,11.0,0,2
2018-05-16,5.0,11.0,10,10
2018-05-17,5.0,11.0,0,10
2018-05-18,5.0,11.0,0,0
2018-05-19,4.0,10.0,0,0
2018-05-20,4.0,10.0,0,0
2018-05-21,6.0,11.0,36,36
2018-05-22,5.0,12.0,1,37
2018-05-23,5.0,12.0,0,1
2018-05-24,5.0,12.0,2,2
2018-05-25,5.0,12.0,0,2
2018-05-26,5.0,12.0,0,0
2018-05-27,5.0,11.0,0,0
2018-05-28,5.0,11.0,0,0
2018-05-29,5.0,11.0,4,4
2018-05-30,4.0,10.0,0,4
2018-05-31,4.0,10.0,0,0
2018-06-01,4.0,10.0,0,0
2018-06-02,4.0,10.0,0,0
2018-06-03,4.0,10.0,0,0
2018-06-04,4.0,10.0,0,0
2018-06-05,4.0,9.0,1,1
2018-06-06,4.0,9.0,1,2
2018-06-07,3.0,7.0,0,1
2018-06-08,3.0,7.0,3,3
2018-06-09,3.0,6.0,3,6
2018-06-10,2.0,5.0,1,4
2018-06-11,2.0,5.0,0,1
2018-06-12,2.0,4.0,0,0
2018-06-13,2.0,4.0,0,0
2018-06-14,2.0,4.0,1,1
2018-06-15,2.0,4.0,1,2
2018-06-16,2.0,4.0,0,1
2018-06-17,2.0,4.0,10,10
2018-06-18,2.0,4.0,2,12
2018-06-19,2.0,4.0,2,4
2018-06-20,1.0,3.0,0,2
2018-06-21,1.0,2.0,0,0
2018-06-22,1.0,2.0,0,0
2018-06-23,1.0,2.0,0,0
2018-06-24,1.0,2.0,2,2
2018-06-25,1.0,2.0,0,2
2018-06-26,1.0,2.0,0,0
2018-06-27,1.0,2.0,3,3
2018-06-28,1.0,2.0,0,3
2018-06-29,1.0,2.0,0,0
2018-06-30,1.0,2.0,0,0
2018-07-01,1.0,2.0,0,1
2018-07-02,1.0,2.0,0,0
2018-07-03,1.0,2.0,0,0
2018-07-04,1.0,2.0,0,0
2018-07-05,1.0,2.0,0,0
2018-07-06,1.0,2.0,0,0
2018-07-07,1.0,2.0,0,0
2018-07-08,1.0,2.0,2,2
2018-07-09,1.0,2.0,0,2
2018-07-10,1.0,2.0,0,0
2018-07-11,1.0,2.0,0,0
2018-07-12,1.0,2.0,0,0
2018-07-13,1.0,2.0,0,0
2018-07-14,1.0,2.0,0,0
2018-07-15,1.0,2.0,0,1
2018-07-16,1.0,1.0,0,0
2018-07-17,0.0,1.0,0,0
2018-07-18,0.0,1.0,0,0
2018-07-19,0.0,1.0,0,0
2018-07-20,0.0,1.0,0,0
2018-07-21,0.0,1.0,3,3
2018-07-22,0.0,1.0,0,3
2018-07-23,0.0,1.0,0,0
2018-07-24,0.0,1.0,0,0
2018-07-25,0.0,1.0,0,0
2018-07-26,0.0,1.0,0,0
2018-07-27,0.0,0.0,0,0
2018-07-28,0.0,0.0,0,0
2018-07-29,0.0,0.0,0,0
2018-07-30,0.0,0.0,0,0
2018-07-31,0.0,0.0,0,0
2018-08-01,0.0,0.0,0,0
2018-08-02,0.0,0.0,0,0
2018-08-03,0.0,0.0,2,2
2018-08-04,0.0,0.0,0,2
2018-08-05,0.0,0.0,0,0
2018-08-06,0.0,1.0,5,5
2018-08-07,0.0,1.0,0,5
2018-08-08,0.0,1.0,0,0
2018-08-09,0.0,1.0,0,0
2018-08-10,0.0,1.0,2,2
2018-08-11,0.0,1.0,0,2
2018-08-12,0.0,1.0,0,0
2018-08-13,0.0,1.0,0,0
2018-08-14,0.0,1.0,0,0
2018-08-15,0.0,1.0,0,0
2018-08-16,0.0,1.0,2,2
2018-08-17,0.0,1.0,1,3
2018-08-18,0.0,1.0,0,1
2018-08-19,0.0,1.0,0,0
2018-08-20,0.0,1.0,2,2
2018-08-21,0.0,1.0,0,2
2018-08-22,0.0,1.0,0,0
2018-08-23,0.0,1.0,0,0
2018-08-24,0.0,1.0,0,0
2018-08-25,0.0,1.0,0,0
2018-08-26,0.0,1.0,0,0
2018-08-27,0.0,1.0,1,1
2018-08-28,1.0,1.0,5,6
2018-08-29,1.0,1.0,0,5
2018-08-30,1.0,1.0,0,0
2018-08-31,1.0,1.0,0,0
2018-09-01,1.0,1.0,2,2
2018-09-02,1.0,1.0,0,2
2018-09-03,1.0,1.0,0,0
2018-09-04,1.0,1.0,2,2
2018-09-05,1.0,1.0,0,2
2018-09-06,1.0,1.0,0,0
2018-09-07,1.0,1.0,0,0
2018-09-08,1.0,1.0,0,0
2018-09-09,1.0,1.0,4,4
2018-09-10,1.0,1.0,0,4
2018-09-11,1.0,1.0,0,0
2018-09-12,1.0,1.0,0,0
2018-09-13,1.0,1.0,0,0
2018-09-14,1.0,1.0,0,0
2018-09-15,1.0,1.0,3,3
2018-09-16,1.0,1.0,0,3
2018-09-17,1.0,1.0,2,2
2018-09-18,1.0,1.0,2,4
2018-09-19,1.0,2.0,2,4
2018-09-20,1.0,2.0,2,4
2018-09-21,1.0,2.0,0,2
2018-09-22,1.0,2.0,2,2
2018-09-23,1.0,2.0,0,2
2018-09-24,1.0,2.0,0,0
2018-09-25,1.0,2.0,0,0
2018-09-26,1.0,2.0,0,0
2018-09-27,1.0,2.0,0,0
2018-09-28,1.0,1.0,0,0
2018-09-29,1.0,1.0,0,0
2018-09-30,1.0,1.0,0,0
2018-10-01,1.0,1.0,0,0
2018-10-02,1.0,1.0,0,0
2018-10-03,1.0,1.0,0,0
2018-10-04,1.0,1.0,0,0
2018-10-05,1.0,1.0,0,0
2018-10-06,1.0,1.0,0,0
2018-10-07,1.0,1.0,0,0
2018-10-08,1.0,1.0,0,0
2018-10-09,0.0,1.0,0,0
2018-10-10,0.0,1.0,0,0
2018-10-11,0.0,1.0,0,0
2018-10-12,0.0,1.0,0,0
2018-10-13,0.0,1.0,0,0
2018-10-14,1.0,1.0,7,7
2018-10-15,1.0,1.0,0,7
2018-10-16,1.0,1.0,0,0
2018-10-17,0.0,1.0,0,0
2018-10-18,0.0,1.0,0,0
2018-10-19,0.0,1.0,0,0
2018-10-20,0.0,1.0,0,0
2018-10-21,0.0,1.0,0,0
2018-10-22,0.0,1.0,0,0
2018-10-23,0.0,0.0,0,0
2018-10-24,0.0,0.0,0,0
2018-10-25,0.0,0.0,0,0
2018-10-26,0.0,0.0,0,0
2018-10-27,0.0,0.0,0,0
2018-10-28,0.0,0.0,0,0
2018-10-29,0.0,0.0,0,0
2018-10-30,0.0,0.0,0,0
2018-10-31,0.0,0.0,0,0
2018-11-01,0.0,0.0,0,0
2018-11-02,0.0,0.0,0,0
2018-11-03,0.0,0.0,0,0
2018-11-04,0.0,0.0,0,0
2018-11-05,0.0,0.0,0,0
2018-11-06,0.0,0.0,0,0
2018-11-07,0.0,0.0,0,0
2018-11-08,0.0,1.0,2,2
2018-11-09,0.0,1.0,2,4
2018-11-10,0.0,1.0,0,2
2018-11-11,0.0,1.0,0,0
2018-11-12,0.0,1.0,0,0
2018-11-13,0.0,0.0,0,0
2018-11-14,0.0,0.0,0,0
2018-11-15,0.0,0.0,0,0
2018-11-16,0.0,0.0,0,0
2018-11-17,0.0,0.0,2,2
2018-11-18,0.0,0.0,2,4
2018-11-19,0.0,1.0,1,3
2018-11-20,0.0,1.0,0,1
2018-11-21,0.0,1.0,0,0
2018-11-22,0.0,1.0,0,1
2018-11-23,0.0,1.0,0,0
2018-11-24,0.0,1.0,0,0
2018-11-25,0.0,1.0,0,0
2018-11-26,0.0,1.0,0,0
2018-11-27,0.0,1.0,0,0
2018-11-28,0.0,1.0,0,0
2018-11-29,0.0,1.0,0,0
2018-11-30,0.0,1.0,0,0
2018-12-01,0.0,1.0,0,0
2018-12-02,0.0,1.0,0,0
2018-12-03,0.0,1.0,0,0
2018-12-04,0.0,1.0,0,0
2018-12-05,0.0,1.0,0,0
2018-12-06,0.0,1.0,0,0
2018-12-07,0.0,1.0,0,0
2018-12-08,0.0,1.0,0,0
2018-12-09,0.0,0.0,0,0
2018-12-10,0.0,0.0,0,0
2018-12-11,0.0,0.0,0,0
2018-12-12,0.0,0.0,0,0
2018-12-13,0.0,0.0,0,0
2018-12-14,0.0,0.0,0,0
2018-12-15,0.0,0.0,0,0
2018-12-16,0.0,0.0,0,0
2018-12-17,0.0,0.0,0,0
2018-12-18,0.0,0.0,0,0
2018-12-19,0.0,0.0,0,0
2018-12-20,0.0,0.0,0,0
2018-12-21,0.0,0.0,0,0
2018-12-22,0.0,0.0,0,0
2018-12-23,0.0,0.0,0,0
2018-12-24,0.0,0.0,0,0
2018-12-25,0.0,0.0,0,0
2018-12-26,0.0,0.0,0,0
2018-12-27,0.0,0.0,0,0
2018-12-28,0.0,0.0,3,3
2018-12-29,0.0,0.0,0,3
2018-12-30,0.0,0.0,0,0
2018-12-31,0.0,0.0,0,0
2019-01-01,0.0,0.0,0,0
2019-01-02,0.0,0.0,0,0
2019-01-03,0.0,0.0,0,0
2019-01-04,0.0,0.0,0,0
2019-01-05,0.0,0.0,0,0
2019-01-06,0.0,0.0,0,0
2019-01-07,0.0,0.0,0,0
2019-01-08,0.0,0.0,0,0
2019-01-09,0.0,0.0,0,0
2019-01-10,0.0,0.0,0,0
2019-01-11,0.0,0.0,0,0
2019-01-12,0.0,0.0,0,0
2019-01-13,0.0,0.0,0,0
2019-01-14,0.0,0.0,0,0
2019-01-15,0.0,0.0,0,0
2019-01-16,0.0,0.0,0,0
2019-01-17,0.0,0.0,0,0
2019-01-18,0.0,0.0,0,0
2019-01-19,0.0,0.0,0,0
2019-01-20,0.0,0.0,0,0
2019-01-21,0.0,0.0,0,0
2019-01-22,0.0,0.0,0,0
2019-01-23,0.0,0.0,0,0
2019-01-24,0.0,0.0,0,0
2019-01-25,0.0,0.0,0,0
2019-01-26,0.0,0.0,0,0
2019-01-27,0.0,0.0,0,0
2019-01-28,0.0,0.0,0,0
2019-01-29,0.0,0.0,0,0
2019-01-30,0.0,0.0,0,0
2019-01-31,0.0,0.0,0,0
2019-02-01,0.0,0.0,0,0
2019-02-02,0.0,0.0,0,0
2019-02-03,0.0,0.0,0,0
2019-02-04,0.0,0.0,0,0
2019-02-05,0.0,0.0,0,0
2019-02-06,0.0,0.0,0,0
2019-02-07,0.0,0.0,0,0
2019-02-08,0.0,0.0,0,0
2019-02-09,0.0,0.0,0,0
2019-02-10,0.0,0.0,0,0
2019-02-11,0.0,0.0,0,0
2019-02-12,0.0,0.0,13,13
2019-02-13,0.0,1.0,1,14
2019-02-14,0.0,1.0,0,1
2019-02-15,0.0,1.0,0,0
2019-02-16,0.0,1.0,0,0
2019-02-17,0.0,1.0,0,0
2019-02-18,0.0,1.0,0,0
2019-02-19,0.0,1.0,0,0
2019-02-20,0.0,1.0,0,0
2019-02-21,0.0,1.0,0,0
2019-02-22,0.0,1.0,0,0
2019-02-23,0.0,1.0,0,0
2019-02-24,0.0,1.0,0,0
2019-02-25,0.0,1.0,0,0
2019-02-26,0.0,1.0,0,0
2019-02-27,0.0,1.0,0,0
2019-02-28,0.0,1.0,0,0
2019-03-01,0.0,1.0,0,0
2019-03-02,0.0,1.0,0,0
2019-03-03,0.0,1.0,0,0
2019-03-04,0.0,1.0,0,0
2019-03-05,0.0,1.0,0,0
2019-03-06,0.0,1.0,0,0
2019-03-07,0.0,1.0,0,0
2019-03-08,0.0,1.0,0,0
2019-03-09,0.0,1.0,0,0
2019-03-10,0.0,1.0,0,0
2019-03-11,0.0,1.0,0,0
2019-03-12,0.0,1.0,0,1
2019-03-13,0.0,1.0,0,0
2019-03-14,0.0,1.0,0,0
2019-03-15,0.0,0.0,0,0
2019-03-16,0.0,0.0,0,0
2019-03-17,0.0,0.0,0,0
2019-03-18,0.0,0.0,0,0
2019-03-19,0.0,0.0,0,0
2019-03-20,0.0,0.0,0,0
2019-03-21,0.0,0.0,0,0
2019-03-22,0.0,0.0,0,0
2019-03-23,0.0,0.0,0,0
2019-03-24,0.0,0.0,1,1
2019-03-25,0.0,0.0,0,1
2019-03-26,0.0,0.0,0,0
2019-03-27,0.0,0.0,0,0
2019-03-28,0.0,0.0,0,0
2019-03-29,0.0,0.0,0,0
2019-03-30,0.0,0.0,0,0
2019-03-31,0.0,0.0,0,0
2019-04-01,0.0,0.0,0,0
2019-04-02,0.0,0.0,0,0
2019-04-03,0.0,0.0,0,0
2019-04-04,0.0,0.0,0,0
2019-04-05,0.0,0.0,0,0
2019-04-06,0.0,0.0,0,0
2019-04-07,0.0,0.0,0,0
2019-04-08,0.0,0.0,0,0
2019-04-09,0.0,0.0,0,0
2019-04-10,0.0,0.0,0,0
2019-04-11,0.0,0.0,0,0
2019-04-12,0.0,0.0,0,0
2019-04-13,0.0,0.0,0,0
2019-04-14,0.0,0.0,0,0
2019-04-15,0.0,0.0,0,0
2019-04-16,0.0,0.0,0,0
2019-04-17,0.0,0.0,0,0
2019-04-18,0.0,0.0,0,0
2019-04-19,0.0,0.0,0,0
2019-04-20,0.0,0.0,0,0
2019-04-21,0.0,0.0,0,0
2019-04-22,0.0,0.0,0,0
2019-04-23,0.0,0.0,0,0
2019-04-24,0.0,0.0,0,0
2019-04-25,0.0,0.0,0,0
2019-04-26,0.0,0.0,0,0
2019-04-27,0.0,0.0,0,0
2019-04-28,0.0,0.0,0,0
2019-04-29,0.0,0.0,0,0
2019-04-30,0.0,0.0,0,0
2019-05-01,0.0,0.0,0,0
2019-05-02,0.0,0.0,0,0
2019-05-03,0.0,0.0,0,0
2019-05-04,0.0,0.0,0,0
2019-05-05,0.0,0.0,0,0
2019-05-06,0.0,0.0,0,0
2019-05-07,0.0,0.0,0,0
2019-05-08,0.0,0.0,0,0
2019-05-09,0.0,0.0,0,0
2019-05-10,0.0,0.0,0,0
2019-05-11,0.0,0.0,0,0
2019-05-12,0.0,0.0,0,0
2019-05-13,0.0,0.0,0,0
2019-05-14,0.0,0.0,0,2
2019-05-15,0.0,0.0,0,0
2019-05-16,0.0,0.0,0,0
2019-05-17,0.0,0.0,0,0
2019-05-18,0.0,0.0,0,0
2019-05-19,0.0,0.0,0,0
2019-05-20,0.0,0.0,0,0
2019-05-21,0.0,0.0,0,0
2019-05-22,0.0,0.0,0,0
2019-05-23,0.0,0.0,0,0
2019-05-24,0.0,0.0,0,0
2019-05-25,0.0,0.0,0,0
2019-05-26,0.0,0.0,0,0
2019-05-27,0.0,0.0,0,0
2019-05-28,0.0,0.0,0,0
2019-05-29,0.0,0.0,0,0
2019-05-30,0.0,0.0,0,0
2019-05-31,0.0,0.0,0,0
2019-06-01,0.0,0.0,0,0
2019-06-02,0.0,0.0,0,0
2019-06-03,0.0,0.0,0,0
2019-06-04,0.0,0.0,0,0
2019-06-05,0.0,0.0,0,0
2019-06-06,0.0,0.0,0,0
2019-06-07,0.0,0.0,0,0
2019-06-08,0.0,0.0,0,0
2019-06-09,0.0,0.0,0,0
2019-06-10,0.0,0.0,0,0
2019-06-11,0.0,0.0,0,0
2019-06-12,0.0,0.0,0,0
2019-06-13,0.0,0.0,0,0
2019-06-14,0.0,0.0,0,0
2019-06-15,0.0,0.0,0,0
2019-06-16,0.0,0.0,0,0
2019-06-17,0.0,0.0,0,0
2019-06-18,0.0,0.0,0,0
2019-06-19,0.0,0.0,0,0
2019-06-20,0.0,0.0,0,0
2019-06-21,0.0,0.0,0,0
2019-06-22,0.0,0.0,0,0
2019-06-23,0.0,0.0,0,0
2019-06-24,0.0,0.0,0,0
2019-06-25,0.0,0.0,0,0
2019-06-26,0.0,0.0,0,0
2019-06-27,0.0,0.0,0,0
2019-06-28,0.0,0.0,0,0
2019-06-29,0.0,0.0,0,0
2019-06-30,0.0,0.0,0,0
2019-07-01,0.0,0.0,0,0
2019-07-02,0.0,0.0,0,0
2019-07-03,0.0,0.0,0,0
2019-07-04,0.0,0.0,0,0
2019-07-05,0.0,0.0,0,0
2019-07-06,0.0,0.0,0,0
2019-07-07,0.0,0.0,0,0
2019-07-08,0.0,0.0,0,0
2019-07-09,0.0,0.0,0,0
2019-07-10,0.0,0.0,0,0
2019-07-11,0.0,0.0,0,0
2019-07-12,0.0,0.0,0,0
2019-07-13,0.0,0.0,0,0
2019-07-14,0.0,0.0,0,0
2019-07-15,0.0,0.0,0,0
2019-07-16,0.0,0.0,0,0
2019-07-17,0.0,0.0,0,0
2019-07-18,0.0,0.0,0,0
2019-07-19,0.0,0.0,0,0
2019-07-20,0.0,0.0,0,0
2019-07-21,0.0,0.0,0,0
2019-07-22,0.0,0.0,0,0
2019-07-23,0.0,0.0,0,0
2019-07-24,0.0,0.0,0,0
2019-07-25,0.0,0.0,0,0
2019-07-26,0.0,0.0,0,0
2019-07-27,0.0,0.0,0,0
2019-07-28,0.0,0.0,0,0
2019-07-29,0.0,0.0,0,0
2019-07-30,0.0,0.0,0,0
2019-07-31,0.0,0.0,0,0
2019-08-01,0.0,0.0,0,0
2019-08-02,0.0,0.0,0,0
2019-08-03,0.0,0.0,0,0
2019-08-04,0.0,0.0,0,0
2019-08-05,0.0,0.0,0,0
2019-08-06,0.0,0.0,0,0
2019-08-07,0.0,0.0,0,0
2019-08-08,0.0,0.0,0,0
2019-08-09,0.0,0.0,0,0
2019-08-10,0.0,0.0,0,0
2019-08-11,0.0,0.0,0,0
2019-08-12,0.0,0.0,0,0
2019-08-13,0.0,0.0,0,0
2019-08-14,0.0,0.0,0,0
2019-08-15,0.0,0.0,0,0
2019-08-16,0.0,0.0,0,0
2019-08-17,0.0,0.0,0,0
2019-08-18,0.0,0.0,0,0
2019-08-19,0.0,0.0,0,0
2019-08-20,0.0,0.0,0,0
2019-08-21,0.0,0.0,0,0
2019-08-22,0.0,0.0,0,0
2019-08-23,0.0,0.0,0,0
2019-08-24,0.0,0.0,0,0
2019-08-25,0.0,0.0,0,0
2019-08-26,0.0,0.0,0,0
2019-08-27,0.0,0.0,0,0
2019-08-28,0.0,0.0,0,0
2019-08-29,0.0,0.0,0,0
2019-08-30,0.0,0.0,0,0
2019-08-31,0.0,0.0,0,0
2019-09-01,0.0,0.0,0,0
2019-09-02,0.0,0.0,0,0
2019-09-03,0.0,0.0,0,0
2019-09-04,0.0,0.0,0,0
2019-09-05,0.0,0.0,0,0
2019-09-06,0.0,0.0,0,0
2019-09-07,0.0,0.0,0,0
2019-09-08,0.0,0.0,0,0
2019-09-09,0.0,0.0,0,0
2019-09-10,0.0,0.0,0,0
2019-09-11,0.0,0.0,0,0
2019-09-12,0.0,0.0,0,0
2019-09-13,0.0,0.0,0,0
2019-09-14,0.0,0.0,0,0
2019-09-15,0.0,0.0,0,0
2019-09-16,0.0,0.0,0,0
2019-09-17,0.0,0.0,0,0
2019-09-18,0.0,0.0,0,0
2019-09-19,0.0,0.0,0,0
2019-09-20,0.0,0.0,0,0
2019-09-21,0.0,0.0,0,0
2019-09-22,0.0,0.0,0,0
2019-09-23,0.0,0.0,0,0
2019-09-24,0.0,0.0,0,0
2019-09-25,0.0,0.0,0,0
2019-09-26,0.0,0.0,0,0
2019-09-27,0.0,0.0,0,0
2019-09-28,0.0,0.0,0,0
2019-09-29,0.0,0.0,0,0
2019-09-30,0.0,0.0,0,0
2019-10-01,0.0,0.0,0,0
2019-10-02,0.0,0.0,0,0
2019-10-03,0.0,0.0,0,0
2019-10-04,0.0,0.0,0,0
2019-10-05,0.0,0.0,0,0
2019-10-06,0.0,0.0,0,0
2019-10-07,0.0,0.0,0,0
2019-10-08,0.0,0.0,0,0
2019-10-09,0.0,0.0,0,0
2019-10-10,0.0,0.0,0,0
2019-10-11,0.0,0.0,0,0
2019-10-12,0.0,0.0,0,0
2019-10-13,0.0,0.0,0,0
2019-10-14,0.0,0.0,0,0
2019-10-15,0.0,0.0,0,0
2019-10-16,0.0,0.0,0,0
2019-10-17,0.0,0.0,0,0
2019-10-18,0.0,0.0,0,0
2019-10-19,0.0,0.0,0,0
2019-10-20,0.0,0.0,0,0
2019-10-21,0.0,0.0,0,0
2019-10-22,0.0,0.0,0,0
2019-10-23,0.0,0.0,0,0
2019-10-24,0.0,0.0,0,0
2019-10-25,0.0,0.0,0,0
2019-10-26,0.0,0.0,0,0
2019-10-27,0.0,0.0,0,0
2019-10-28,0.0,0.0,0,0
2019-10-29,0.0,0.0,0,0
2019-10-30,0.0,0.0,0,0
2019-10-31,0.0,0.0,0,0
2019-11-01,0.0,0.0,0,0
2019-11-02,0.0,0.0,0,0
2019-11-03,0.0,0.0,0,0
2019-11-04,0.0,0.0,0,0
2019-11-05,0.0,0.0,0,0
2019-11-06,0.0,0.0,0,0
2019-11-07,0.0,0.0,0,0
2019-11-08,0.0,0.0,0,0
2019-11-09,0.0,0.0,0,0
2019-11-10,0.0,0.0,0,0
2019-11-11,0.0,0.0,0,0
2019-11-12,0.0,0.0,0,0
2019-11-13,0.0,0.0,0,0
2019-11-14,0.0,0.0,0,0
2019-11-15,0.0,0.0,0,0
2019-11-16,0.0,0.0,0,0
2019-11-17,0.0,0.0,0,0
2019-11-18,0.0,0.0,0,0
2019-11-19,0.0,0.0,0,0
2019-11-20,0.0,0.0,0,0
2019-11-21,0.0,0.0,0,0
2019-11-22,0.0,0.0,0,0
2019-11-23,0.0,0.0,0,0
2019-11-24,0.0,0.0,0,0
2019-11-25,0.0,0.0,0,0
2019-11-26,0.0,0.0,0,0
2019-11-27,0.0,0.0,0,0
2019-11-28,0.0,0.0,0,0
2019-11-29,0.0,0.0,0,0
2019-11-30,0.0,0.0,0,0
2019-12-01,0.0,0.0,0,0
2019-12-02,0.0,0.0,0,0
2019-12-03,0.0,0.0,0,0
2019-12-04,0.0,0.0,0,0
2019-12-05,0.0,0.0,0,0
2019-12-06,0.0,0.0,0,0
2019-12-07,0.0,0.0,0,0
2019-12-08,0.0,0.0,0,0
2019-12-09,0.0,0.0,0,0
2019-12-10,0.0,0.0,0,0
2019-12-11,0.0,0.0,0,0
2019-12-12,0.0,0.0,0,0
2019-12-13,0.0,0.0,0,0
2019-12-14,0.0,0.0,0,0
2019-12-15,0.0,0.0,0,0
2019-12-16,0.0,0.0,0,0
2019-12-17,0.0,0.0,0,0
2019-12-18,0.0,0.0,0,0
2019-12-19,0.0,0.0,0,0
2019-12-20,0.0,0.0,0,0
2019-12-21,0.0,0.0,0,0
2019-12-22,0.0,0.0,0,0
2019-12-23,0.0,0.0,0,0
2019-12-24,0.0,0.0,0,0
2019-12-25,0.0,0.0,0,0
2019-12-26,0.0,0.0,0,0
2019-12-27,0.0,0.0,0,0
2019-12-28,0.0,0.0,0,0
2019-12-29,0.0,0.0,0,0
2019-12-30,0.0,0.0,0,0
2019-12-31,0.0,0.0,0,0
2020-01-01,0.0,0.0,0,0
2020-01-02,0.0,0.0,0,0
2020-01-03,0.0,0.0,0,0
2020-01-04,0.0,0.0,0,0
2020-01-05,0.0,0.0,0,0
2020-01-06,0.0,0.0,0,0
2020-01-07,0.0,0.0,0,0
2020-01-08,0.0,0.0,0,0
2020-01-09,0.0,0.0,0,0
2020-01-10,0.0,0.0,0,0
2020-01-11,0.0,0.0,0,0
2020-01-12,0.0,0.0,0,0
2020-01-13,0.0,0.0,0,0
2020-01-14,0.0,0.0,0,0
2020-01-15,0.0,0.0,0,0
2020-01-16,0.0,0.0,0,0
2020-01-17,0.0,0.0,0,0
2020-01-18,0.0,0.0,0,0
2020-01-19,0.0,0.0,0,0
2020-01-20,0.0,0.0,0,0
2020-01-21,0.0,0.0,0,0
2020-01-22,0.0,0.0,0,0
2020-01-23,0.0,0.0,0,0
2020-01-24,0.0,0.0,0,0
2020-01-25,0.0,0.0,0,0
2020-01-26,0.0,0.0,0,0
2020-01-27,0.0,0.0,0,0
2020-01-28,0.0,0.0,0,0
2020-01-29,0.0,0.0,0,0
2020-01-30,0.0,0.0,0,0
2020-01-31,0.0,0.0,0,0
2020-02-01,0.0,0.0,0,0
2020-02-02,0.0,0.0,0,0
2020-02-03,0.0,0.0,0,0
2020-02-04,0.0,0.0,0,0
2020-02-05,0.0,0.0,0,0
2020-02-06,0.0,0.0,0,0
2020-02-07,0.0,0.0,0,0
2020-02-08,0.0,0.0,0,0
2020-02-09,0.0,0.0,0,0
2020-02-10,0.0,0.0,0,0
2020-02-11,0.0,0.0,0,0
2020-02-12,0.0,0.0,0,0
2020-02-13,0.0,0.0,0,0
2020-02-14,0.0,0.0,0,0
2020-02-15,0.0,0.0,0,0
2020-02-16,0.0,0.0,0,0
2020-02-17,0.0,0.0,0,0
2020-02-18,0.0,0.0,0,0
2020-02-19,0.0,0.0,0,0
2020-02-20,0.0,0.0,0,0
2020-02-21,0.0,0.0,0,0
2020-02-22,0.0,0.0,0,0
2020-02-23,0.0,0.0,0,0
2020-02-24,0.0,0.0,0,0
2020-02-25,0.0,0.0,0,0
2020-02-26,0.0,0.0,0,0
2020-02-27,0.0,0.0,0,0
2020-02-28,0.0,0.0,0,0
2020-02-29,0.0,0.0,0,0
2020-03-01,0.0,0.0,0,0
2020-03-02,0.0,0.0,0,0
2020-03-03,0.0,0.0,0,0
2020-03-04,0.0,0.0,0,0
2020-03-05,0.0,0.0,0,0
2020-03-06,0.0,0.0,0,0
2020-03-07,0.0,0.0,0,0
2020-03-08,0.0,0.0,0,0
2020-03-09,0.0,0.0,0,0
2020-03-10,0.0,0.0,0,0
2020-03-11,0.0,0.0,0,0
2020-03-12,0.0,0.0,0,0
2020-03-13,0.0,0.0,0,0
2020-03-14,0.0,0.0,0,0
2020-03-15,0.0,0.0,0,0
2020-03-16,0.0,0.0,0,0
2020-03-17,0.0,0.0,0,0
2020-03-18,0.0,0.0,0,0
2020-03-19,0.0,0.0,0,0
2020-03-20,0.0,0.0,0,0
2020-03-21,0.0,0.0,0,0
2020-03-22,0.0,0.0,0,0
2020-03-23,0.0,0.0,0,0
2020-03-24,0.0,0.0,0,0
2020-03-25,0.0,0.0,0,0
2020-03-26,0.0,0.0,0,0
2020-03-27,0.0,0.0,0,0
2020-03-28,0.0,0.0,0,0
2020-03-29,0.0,0.0,0,0
2020-03-30,0.0,0.0,0,0
2020-03-31,0.0,0.0,0,0
2020-04-01,0.0,0.0,0,0
2020-04-02,0.0,0.0,0,0
2020-04-03,0.0,0.0,0,0
2020-04-04,0.0,0.0,0,0
2020-04-05,0.0,0.0,0,0
2020-04-06,0.0,0.0,0,0
2020-04-07,0.0,0.0,0,0
2020-04-08,0.0,0.0,0,0
2020-04-09,0.0,0.0,0,0
2020-04-10,0.0,0.0,0,0
2020-04-11,0.0,0.0,0,0
2020-04-12,0.0,0.0,0,0
2020-04-13,0.0,0.0,0,0
2020-04-14,0.0,0.0,0,0
2020-04-15,0.0,0.0,0,0
2020-04-16,0.0,0.0,0,0
2020-04-17,0.0,0.0,0,0
2020-04-18,0.0,0.0,0,0
2020-04-19,0.0,0.0,0,0
2020-04-20,0.0,0.0,0,0
2020-04-21,0.0,0.0,0,0
2020-04-22,0.0,0.0,0,0
2020-04-23,0.0,0.0,0,0
2020-04-24,0.0,0.0,0,0
2020-04-25,0.0,0.0,0,0
2020-04-26,0.0,0.0,0,0
2020-04-27,0.0,0.0,0,0
2020-04-28,0.0,0.0,0,0
2020-04-29,0.0,0.0,0,0
2020-04-30,0.0,0.0,0,0
2020-05-01,0.0,0.0,0,0
2020-05-02,0.0,0.0,0,0
2020-05-03,0.0,0.0,0,0
2020-05-04,0.0,0.0,0,0
2020-05-05,0.0,0.0,0,0
2020-05-06,0.0,0.0,0,0
2020-05-07,0.0,0.0,0,0
2020-05-08,0.0,0.0,0,0
2020-05-09,0.0,0.0,0,0
2020-05-10,0.0,0.0,0,0
2020-05-11,0.0,0.0,0,0
2020-05-12,0.0,0.0,0,0
2020-05-13,0.0,0.0,0,0
2020-05-14,0.0,0.0,0,0
2020-05-15,0.0,0.0,0,0
2020-05-16,0.0,0.0,0,0
2020-05-17,0.0,0.0,0,0
2020-05-18,0.0,0.0,0,0
2020-05-19,0.0,0.0,0,0
2020-05-20,0.0,0.0,0,0
2020-05-21,0.0,0.0,0,0
2020-05-22,0.0,0.0,0,0
2020-05-23,0.0,0.0,0,0
2020-05-24,0.0,0.0,0,0
2020-05-25,0.0,0.0,0,0
2020-05-26,0.0,0.0,0,0
2020-05-27,0.0,0.0,0,0
2020-05-28,0.0,0.0,0,0
2020-05-29,0.0,0.0,0,0
2020-05-30,0.0,0.0,0,0
2020-05-31,0.0,0.0,0,0
2020-06-01,0.0,0.0,0,0
2020-06-02,0.0,0.0,0,0
2020-06-03,0.0,0.0,0,0
2020-06-04,0.0,0.0,0,0
2020-06-05,0.0,0.0,0,0
2020-06-06,0.0,0.0,0,0
2020-06-07,0.0,0.0,0,0
2020-06-08,0.0,0.0,0,0
2020-06-09,0.0,0.0,0,0
2020-06-10,0.0,0.0,0,0
2020-06-11,0.0,0.0,0,0
2020-06-12,0.0,0.0,0,0
2020-06-13,0.0,0.0,0,0
2020-06-14,0.0,0.0,0,0
2020-06-15,0.0,0.0,0,0
2020-06-16,0.0,0.0,0,0
2020-06-17,0.0,0.0,0,0
2020-06-18,0.0,0.0,0,0
2020-06-19,0.0,0.0,5,5
2020-06-20,0.0,0.0,5,5
2020-06-21,0.0,0.0,5,5
2020-06-22,1.0,1.0,5,5
2020-06-23,1.0,1.0,5,5
2020-06-24,1.0,1.0,5,5
2020-06-25,1.0,1.0,5,5
2020-06-26,1.0,1.0,5,5
2020-06-27,2.0,2.0,5,5
2020-06-28,2.0,2.0,5,5
2020-06-29,2.0,2.0,5,5
2020-06-30,2.0,2.0,5,5
2020-07-01,2.0,2.0,5,5
2020-07-02,2.0,2.0,0,5
2020-07-03,2.0,2.0,0,0
2020-07-04,2.0,2.0,0,0
2020-07-05,2.0,2.0,0,0
2020-07-06,2.0,2.0,0,0
2020-07-07,2.0,3.0,7,7
2020-07-08,3.0,3.0,7,7
2020-07-09,3.0,3.0,7,7
2020-07-10,3.0,3.0,7,7
2020-07-11,3.0,4.0,7,7
2020-07-12,4.0,4.0,7,7
2020-07-13,4.0,4.0,7,7
2020-07-14,4.0,4.0,7,7
2020-07-15,4.0,4.0,7,7
2020-07-16,4.0,5.0,7,7
2020-07-17,5.0,5.0,7,7
2020-07-18,5.0,5.0,7,7
2020-07-19,5.0,5.0,7,7
2020-07-20,5.0,5.0,0,7
2020-07-21,5.0,5.0,0,0
2020-07-22,5.0,5.0,0,0
2020-07-23,4.0,5.0,0,0
2020-07-24,4.0,5.0,0,0
2020-07-25,4.0,5.0,3,3
2020-07-26,4.0,4.0,3,3
2020-07-27,4.0,4.0,3,3
2020-07-28,4.0,4.0,3,3
2020-07-29,4.0,4.0,3,3
2020-07-30,4.0,4.0,3,3
2020-07-31,4.0,4.0,3,3
2020-08-01,4.0,4.0,3,3
2020-08-02,4.0,4.0,3,3
2020-08-03,4.0,4.0,3,3
2020-08-04,4.0,4.0,4,4
2020-08-05,4.0,5.0,5,5
2020-08-06,4.0,4.0,5,5
2020-08-07,4.0,4.0,2,5
2020-08-08,4.0,4.0,2,2
2020-08-09,4.0,4.0,2,2
2020-08-10,4.0,4.0,2,2
2020-08-11,3.0,4.0,2,2
2020-08-12,3.0,4.0,2,2
2020-08-13,3.0,3.0,2,2
2020-08-14,3.0,3.0,1,2
2020-08-15,3.0,3.0,0,1
2020-08-16,2.0,3.0,0,0
2020-08-17,2.0,3.0,0,0
2020-08-18,2.0,2.0,0,0
2020-08-19,2.0,2.0,0,0
2020-08-20,2.0,2.0,0,0
2020-08-21,2.0,2.0,0,0
2020-08-22,2.0,2.0,0,0
2020-08-23,2.0,2.0,0,0
2020-08-24,2.0,2.0,0,0
2020-08-25,2.0,2.0,0,0
2020-08-26,2.0,2.0,0,0
2020-08-27,2.0,2.0,0,0
2020-08-28,1.0,2.0,0,0
2020-08-29,1.0,2.0,0,0
2020-08-30,1.0,1.0,0,0
2020-08-31,1.0,1.0,0,0
2020-09-01,1.0,1.0,0,0
2020-09-02,1.0,1.0,0,0
2020-09-03,1.0,1.0,0,0
2020-09-04,1.0,1.0,0,0
2020-09-05,0.0,1.0,0,0
2020-09-06,0.0,0.0,0,0
2020-09-07,0.0,0.0,0,0
2020-09-08,0.0,0.0,0,0
2020-09-09,0.0,0.0,0,0
2020-09-10,0.0,0.0,0,0
2020-09-11,0.0,0.0,0,0
2020-09-12,0.0,0.0,0,0
2020-09-13,0.0,0.0,0,0
2020-09-14,0.0,0.0,1,1
2020-09-15,0.0,0.0,1,1
2020-09-16,0.0,0.0,1,1
2020-09-17,0.0,0.0,1,1
2020-09-18,0.0,0.0,1,1
2020-09-19,0.0,0.0,1,1
2020-09-20,0.0,0.0,1,1
2020-09-21,0.0,0.0,1,1
2020-09-22,0.0,0.0,0,1
2020-09-23,0.0,0.0,0,0
2020-09-24,0.0,0.0,0,0
2020-09-25,0.0,0.0,0,0
2020-09-26,0.0,0.0,0,0
2020-09-27,0.0,0.0,0,0
2020-09-28,0.0,0.0,0,0
2020-09-29,0.0,0.0,0,0
2020-09-30,0.0,0.0,0,0
2020-10-01,0.0,0.0,0,0
2020-10-02,0.0,0.0,0,0
2020-10-03,0.0,0.0,0,0
2020-10-04,0.0,0.0,0,0
2020-10-05,0.0,0.0,0,0
2020-10-06,0.0,0.0,0,0
2020-10-07,0.0,0.0,0,0
2020-10-08,0.0,0.0,1,1
2020-10-09,0.0,0.0,1,1
2020-10-10,0.0,0.0,1,1
2020-10-11,0.0,0.0,1,1
2020-10-12,0.0,0.0,1,1
2020-10-13,0.0,0.0,1,1
2020-10-14,0.0,0.0,1,1
2020-10-15,0.0,0.0,1,1
2020-10-16,0.0,0.0,1,1
2020-10-17,0.0,0.0,1,1
2020-10-18,0.0,0.0,1,1
2020-10-19,0.0,0.0,0,1
2020-10-20,0.0,0.0,0,0
2020-10-21,0.0,0.0,0,0
2020-10-22,0.0,0.0,0,0
2020-10-23,0.0,0.0,0,0
2020-10-24,0.0,0.0,0,0
2020-10-25,0.0,0.0,0,0
2020-10-26,0.0,0.0,0,0
2020-10-27,0.0,0.0,0,0
2020-10-28,0.0,0.0,0,0
2020-10-29,0.0,0.0,0,0
2020-10-30,0.0,0.0,0,0
2020-10-31,0.0,0.0,1,1
2020-11-01,0.0,0.0,1,1
2020-11-02,0.0,0.0,1,1
2020-11-03,0.0,1.0,1,1
2020-11-04,1.0,1.0,1,1
2020-11-05,1.0,1.0,1,1
2020-11-06,1.0,1.0,1,1
2020-11-07,1.0,1.0,1,1
2020-11-08,1.0,1.0,1,1
2020-11-09,1.0,1.0,1,1
2020-11-10,1.0,1.0,0,1
2020-11-11,1.0,1.0,0,0
2020-11-12,0.0,1.0,0,0
2020-11-13,0.0,1.0,0,0
2020-11-14,0.0,0.0,0,0
2020-11-15,0.0,0.0,0,0
2020-11-16,0.0,0.0,0,0
2020-11-17,0.0,0.0,0,0
2020-11-18,0.0,0.0,0,0
2020-11-19,0.0,0.0,0,0
2020-11-20,0.0,0.0,0,0
2020-11-21,0.0,0.0,0,0
2020-11-22,0.0,0.0,0,0
2020-11-23,0.0,0.0,0,0
2020-11-24,0.0,0.0,0,0
2020-11-25,0.0,0.0,0,0
2020-11-26,0.0,0.0,0,0
2020-11-27,0.0,0.0,0,0
2020-11-28,0.0,0.0,0,0
2020-11-29,0.0,0.0,0,0
2020-11-30,0.0,0.0,0,0
2020-12-01,0.0,0.0,0,0
2020-12-02,0.0,0.0,0,0
2020-12-03,0.0,0.0,0,0
2020-12-04,0.0,0.0,0,0
2020-12-05,0.0,0.0,0,0
2020-12-06,0.0,0.0,0,0
2020-12-07,0.0,0.0,0,0
2020-12-08,0.0,0.0,0,0
2020-12-09,0.0,0.0,0,0
2020-12-10,0.0,0.0,0,0
2020-12-11,0.0,0.0,0,0
2020-12-12,0.0,0.0,0,0
2020-12-13,0.0,0.0,0,0
2020-12-14,0.0,0.0,0,0
2020-12-15,0.0,0.0,0,0
2020-12-16,0.0,0.0,0,0
2020-12-17,0.0,0.0,0,0
2020-12-18,0.0,0.0,0,0
2020-12-19,0.0,0.0,0,0
2020-12-20,0.0,0.0,0,0
2020-12-21,0.0,0.0,0,0
2020-12-22,0.0,0.0,0,0
2020-12-23,0.0,0.0,0,0
2020-12-24,0.0,0.0,0,0
2020-12-25,0.0,0.0,0,0
2020-12-26,0.0,0.0,0,0
2020-12-27,0.0,0.0,0,0
2020-12-28,0.0,0.0,0,0
2020-12-29,0.0,0.0,0,0
2020-12-30,0.0,0.0,0,0
2020-12-31,0.0,0.0,0,0
2021-01-01,0.0,0.0,0,0
2021-01-02,0.0,0.0,0,0
2021-01-03,0.0,0.0,0,0
2021-01-04,0.0,0.0,0,0
2021-01-05,0.0,0.0,0,0
2021-01-06,0.0,0.0,0,0
2021-01-07,0.0,0.0,0,0
2021-01-08,0.0,0.0,0,0
2021-01-09,0.0,0.0,0,0
2021-01-10,0.0,0.0,0,0
2021-01-11,0.0,0.0,0,0
2021-01-12,0.0,0.0,0,0
2021-01-13,0.0,0.0,0,0
2021-01-14,0.0,0.0,0,0
2021-01-15,0.0,0.0,0,0
2021-01-16,0.0,0.0,0,0
2021-01-17,0.0,0.0,0,0
2021-01-18,0.0,0.0,0,0
2021-01-19,0.0,0.0,0,0
2021-01-20,0.0,0.0,0,0
2021-01-21,0.0,0.0,0,0
2021-01-22,0.0,0.0,0,0
2021-01-23,0.0,0.0,0,0
2021-01-24,0.0,0.0,0,0
2021-01-25,0.0,0.0,0,0
2021-01-26,0.0,0.0,0,0
2021-01-27,0.0,0.0,0,0
2021-01-28,0.0,0.0,0,0
2021-01-29,0.0,0.0,0,0
2021-01-30,0.0,0.0,0,0
2021-01-31,0.0,0.0,0,0
2021-02-01,0.0,0.0,0,0
2021-02-02,0.0,0.0,0,0
2021-02-03,0.0,0.0,0,0
2021-02-04,0.0,0.0,0,0
2021-02-05,0.0,0.0,0,0
2021-02-06,0.0,0.0,0,0
2021-02-07,0.0,0.0,0,0
2021-02-08,0.0,0.0,0,0
2021-02-09,0.0,0.0,0,0
2021-02-10,0.0,0.0,0,0
2021-02-11,0.0,0.0,0,0
2021-02-12,0.0,0.0,0,0
2021-02-13,0.0,0.0,0,0
2021-02-14,0.0,0.0,0,0
2021-02-15,0.0,0.0,0,0
2021-02-16,0.0,0.0,0,0
2021-02-17,0.0,0.0,0,0
2021-02-18,0.0,0.0,0,0
2021-02-19,0.0,0.0,0,0
2021-02-20,0.0,0.0,0,0
2021-02-21,0.0,0.0,0,0
2021-02-22,0.0,0.0,0,0
2021-02-23,0.0,0.0,0,0
2021-02-24,0.0,0.0,0,0
2021-02-25,0.0,0.0,0,0
2021-02-26,0.0,0.0,0,0
2021-02-27,0.0,0.0,0,0
2021-02-28,0.0,0.0,0,0
2021-03-01,0.0,0.0,0,0
2021-03-02,0.0,0.0,0,0
2021-03-03,0.0,0.0,0,0
2021-03-04,0.0,0.0,0,0
2021-03-05,0.0,0.0,0,0
2021-03-06,0.0,0.0,0,0
2021-03-07,0.0,0.0,0,0
2021-03-08,0.0,0.0,0,0
2021-03-09,0.0,0.0,0,0
2021-03-10,0.0,0.0,0,0
2021-03-11,0.0,0.0,0,0
2021-03-12,0.0,0.0,0,0
2021-03-13,0.0,0.0,0,0
2021-03-14,0.0,0.0,0,0
2021-03-15,0.0,0.0,0,0
2021-03-16,0.0,0.0,0,0
2021-03-17,0.0,0.0,0,0
2021-03-18,0.0,0.0,0,0
2021-03-19,0.0,0.0,0,0
2021-03-20,0.0,0.0,0,0
2021-03-21,0.0,0.0,0,0
2021-03-22,0.0,0.0,0,0
2021-03-23,0.0,0.0,0,0
2021-03-24,0.0,0.0,0,0
2021-03-25,0.0,0.0,0,0
2021-03-26,0.0,0.0,0,0
2021-03-27,0.0,0.0,0,0
2021-03-28,0.0,0.0,0,0
2021-03-29,0.0,0.0,0,0
2021-03-30,0.0,0.0,0,0
2021-03-31,0.0,0.0,0,0
2021-04-01,0.0,0.0,0,0
2021-04-02,0.0,0.0,0,0
2021-04-03,0.0,0.0,0,0
2021-04-04,0.0,0.0,0,0
2021-04-05,0.0,0.0,0,0
2021-04-06,0.0,0.0,0,0
2021-04-07,0.0,0.0,0,0
2021-04-08,0.0,0.0,0,0
2021-04-09,0.0,0.0,0,0
2021-04-10,0.0,0.0,0,0
2021-04-11,0.0,0.0,0,0
2021-04-12,0.0,0.0,0,0
2021-04-13,0.0,0.0,0,0
2021-04-14,0.0,0.0,0,0
2021-04-15,0.0,0.0,0,0
2021-04-16,0.0,0.0,0,0
2021-04-17,0.0,0.0,0,0
2021-04-18,0.0,0.0,0,0
2021-04-19,0.0,0.0,0,0
2021-04-20,0.0,0.0,0,0
2021-04-21,0.0,0.0,0,0
2021-04-22,0.0,0.0,0,0
2021-04-23,0.0,0.0,0,0
2021-04-24,0.0,0.0,0,0
2021-04-25,0.0,0.0,0,0
2021-04-26,0.0,0.0,0,0
2021-04-27,0.0,0.0,0,0
2021-04-28,0.0,0.0,0,0
2021-04-29,0.0,0.0,0,0
2021-04-30,0.0,0.0,0,0
2021-05-01,0.0,0.0,0,0
2021-05-02,0.0,0.0,0,0
2021-05-03,0.0,0.0,0,0
2021-05-04,0.0,0.0,0,0
2021-05-05,0.0,0.0,0,0
2021-05-06,0.0,0.0,0,0
2021-05-07,0.0,0.0,0,0
2021-05-08,0.0,0.0,0,0
2021-05-09,0.0,0.0,0,0
2021-05-10,0.0,0.0,0,0
2021-05-11,0.0,0.0,0,0
2021-05-12,0.0,0.0,0,0
2021-05-13,0.0,0.0,0,0
2021-05-14,0.0,0.0,0,0
2021-05-15,0.0,0.0,0,0
2021-05-16,0.0,0.0,0,0
2021-05-17,0.0,0.0,0,0
2021-05-18,0.0,0.0,0,0
2021-05-19,0.0,0.0,0,0
2021-05-20,0.0,0.0,0,0
2021-05-21,0.0,0.0,0,0
2021-05-22,0.0,0.0,0,0
2021-05-23,0.0,0.0,0,0
2021-05-24,0.0,0.0,0,0
2021-05-25,0.0,0.0,0,0
2021-05-26,0.0,0.0,0,0
2021-05-27,0.0,0.0,0,0
2021-05-28,0.0,0.0,0,0
2021-05-29,0.0,0.0,0,0
2021-05-30,0.0,0.0,0,0
2021-05-31,0.0,0.0,0,0
2021-06-01,0.0,0.0,0,0
2021-06-02,0.0,0.0,0,0
2021-06-03,0.0,0.0,0,0
2021-06-04,0.0,0.0,0,0
2021-06-05,0.0,0.0,0,0
2021-06-06,0.0,0.0,0,0
2021-06-07,0.0,0.0,0,0
2021-06-08,0.0,0.0,0,0
2021-06-09,0.0,0.0,0,0
2021-06-10,0.0,0.0,0,0
2021-06-11,0.0,0.0,0,0
2021-06-12,0.0,0.0,0,0
2021-06-13,0.0,0.0,0,0
2021-06-14,0.0,0.0,0,0
2021-06-15,0.0,0.0,0,0
2021-06-16,0.0,0.0,0,0
2021-06-17,0.0,0.0,0,0
2021-06-18,0.0,0.0,0,0
2021-06-19,0.0,0.0,0,0
2021-06-20,0.0,0.0,0,0
2021-06-21,0.0,0.0,0,0
2021-06-22,0.0,0.0,0,0
2021-06-23,0.0,0.0,0,0
2021-06-24,0.0,0.0,0,0
2021-06-25,0.0,0.0,0,0
2021-06-26,0.0,0.0,0,0
2021-06-27,0.0,0.0,0,0
2021-06-28,0.0,0.0,0,0
2021-06-29,0.0,0.0,0,0
2021-06-30,0.0,0.0,0,0
2021-07-01,0.0,0.0,0,0
2021-07-02,0.0,0.0,0,0
2021-07-03,0.0,0.0,0,0
2021-07-04,0.0,0.0,0,0
2021-07-05,0.0,0.0,0,0
2021-07-06,0.0,0.0,0,0
2021-07-07,0.0,0.0,0,0
2021-07-08,0.0,0.0,0,0
2021-07-09,0.0,0.0,0,0
2021-07-10,0.0,0.0,0,0
2021-07-11,0.0,0.0,0,0
2021-07-12,0.0,0.0,0,0
2021-07-13,0.0,0.0,0,0
2021-07-14,0.0,0.0,0,0
2021-07-15,0.0,0.0,0,0
2021-07-16,0.0,0.0,0,0
2021-07-17,0.0,0.0,0,0
2021-07-18,0.0,0.0,0,0
2021-07-19,0.0,0.0,0,0
2021-07-20,0.0,0.0,0,0
2021-07-21,0.0,0.0,0,0
2021-07-22,0.0,0.0,0,0
2021-07-23,0.0,0.0,0,0
2021-07-24,0.0,0.0,0,0
2021-07-25,0.0,0.0,0,0
2021-07-26,0.0,0.0,0,0
2021-07-27,0.0,0.0,0,0
2021-07-28,0.0,0.0,0,0
2021-07-29,0.0,0.0,0,0
2021-07-30,0.0,0.0,1,1
2021-07-31,0.0,0.0,1,1
2021-08-01,0.0,0.0,0,1
2021-08-02,0.0,0.0,0,0
2021-08-03,0.0,0.0,0,0
2021-08-04,0.0,0.0,0,0
2021-08-05,0.0,0.0,0,0
2021-08-06,0.0,0.0,0,0
2021-08-07,0.0,0.0,0,0
2021-08-08,0.0,0.0,0,0
2021-08-09,0.0,0.0,0,0
2021-08-10,0.0,0.0,0,0
2021-08-11,0.0,0.0,0,0
2021-08-12,0.0,0.0,0,0
2021-08-13,0.0,0.0,0,0
2021-08-14,0.0,0.0,0,0
2021-08-15,0.0,0.0,0,0
2021-08-16,0.0,0.0,0,0
2021-08-17,0.0,0.0,0,0
2021-08-18,0.0,0.0,0,0
2021-08-19,0.0,0.0,0,0
2021-08-20,0.0,0.0,0,0
2021-08-21,0.0,0.0,0,0
2021-08-22,0.0,0.0,0,0
2021-08-23,0.0,0.0,0,0
2021-08-24,0.0,0.0,0,0
2021-08-25,0.0,0.0,0,0
2021-08-26,0.0,0.0,0,0
2021-08-27,0.0,0.0,0,0
2021-08-28,0.0,0.0,0,0
2021-08-29,0.0,0.0,0,0
2021-08-30,0.0,0.0,0,0
2021-08-31,0.0,0.0,0,0
2021-09-01,0.0,0.0,0,0
2021-09-02,0.0,0.0,0,0
2021-09-03,0.0,0.0,0,0
2021-09-04,0.0,0.0,0,0
2021-09-05,0.0,0.0,0,0
2021-09-06,0.0,0.0,0,0
2021-09-07,0.0,0.0,0,0
2021-09-08,0.0,0.0,0,0
2021-09-09,0.0,0.0,0,0
2021-09-10,0.0,0.0,0,0
2021-09-11,0.0,0.0,0,0
2021-09-12,0.0,0.0,0,0
2021-09-13,0.0,0.0,0,0
2021-09-14,0.0,0.0,0,0
2021-09-15,0.0,0.0,0,0
2021-09-16,0.0,0.0,0,0
2021-09-17,0.0,0.0,0,0
2021-09-18,0.0,0.0,0,0
2021-09-19,0.0,0.0,0,0
2021-09-20,0.0,0.0,0,0
2021-09-21,0.0,0.0,0,0
2021-09-22,0.0,0.0,0,0
2021-09-23,0.0,0.0,0,0
2021-09-24,0.0,0.0,0,0
2021-09-25,0.0,0.0,0,0
2021-09-26,0.0,0.0,0,0
2021-09-27,0.0,0.0,0,0
2021-09-28,0.0,0.0,0,0
2021-09-29,0.0,0.0,0,0
2021-09-30,0.0,0.0,0,0
2021-10-01,0.0,0.0,0,0
2021-10-02,0.0,0.0,0,0
2021-10-03,0.0,0.0,0,0
2021-10-04,0.0,0.0,0,0
2021-10-05,0.0,0.0,0,0
2021-10-06,0.0,0.0,0,0
2021-10-07,0.0,0.0,0,0
2021-10-08,0.0,0.0,0,0
2021-10-09,0.0,0.0,0,0
2021-10-10,0.0,0.0,0,0
2021-10-11,0.0,0.0,0,0
2021-10-12,0.0,0.0,0,0
2021-10-13,0.0,0.0,0,0
2021-10-14,0.0,0.0,0,0
2021-10-15,0.0,0.0,0,0
2021-10-16,0.0,0.0,0,0
2021-10-17,0.0,0.0,0,0
2021-10-18,0.0,0.0,0,0
2021-10-19,0.0,0.0,0,0
2021-10-20,0.0,0.0,0,0
2021-10-21,0.0,0.0,0,0
2021-10-22,0.0,0.0,0,0
2021-10-23,0.0,0.0,0,0
2021-10-24,0.0,0.0,0,0
2021-10-25,0.0,0.0,0,0
2021-10-26,0.0,0.0,0,0
2021-10-27,0.0,0.0,0,0
2021-10-28,0.0,0.0,0,0
2021-10-29,0.0,0.0,0,0
2021-10-30,0.0,0.0,0,0
2021-10-31,0.0,0.0,0,0
2021-11-01,0.0,0.0,0,0
2021-11-02,0.0,0.0,0,0
2021-11-03,0.0,0.0,0,0
2021-11-04,0.0,0.0,0,0
2021-11-05,0.0,0.0,0,0
2021-11-06,0.0,0.0,0,0
2021-11-07,0.0,0.0,0,0
2021-11-08,0.0,0.0,0,0
2021-11-09,0.0,0.0,0,0
2021-11-10,0.0,0.0,0,0
2021-11-11,0.0,0.0,0,0
2021-11-12,0.0,0.0,0,0
2021-11-13,0.0,0.0,0,0
2021-11-14,0.0,0.0,0,0
2021-11-15,0.0,0.0,0,0
2021-11-16,0.0,0.0,0,0
2021-11-17,0.0,0.0,0,0
2021-11-18,0.0,0.0,0,0
2021-11-19,0.0,0.0,0,0
2021-11-20,0.0,0.0,0,0
2021-11-21,0.0,0.0,0,0
2021-11-22,0.0,0.0,0,0
2021-11-23,0.0,0.0,0,0
2021-11-24,0.0,0.0,0,0
2021-11-25,0.0,0.0,0,0
2021-11-26,0.0,0.0,0,0
2021-11-27,0.0,0.0,0,0
2021-11-28,0.0,0.0,0,0
2021-11-29,0.0,0.0,0,0
2021-11-30,0.0,0.0,0,0
2021-12-01,0.0,0.0,0,0
2021-12-02,0.0,0.0,0,0
2021-12-03,0.0,0.0,0,0
2021-12-04,0.0,0.0,0,0
2021-12-05,0.0,0.0,0,0
2021-12-06,0.0,0.0,0,0
2021-12-07,0.0,0.0,0,0
2021-12-08,0.0,0.0,0,0
2021-12-09,0.0,0.0,0,0
2021-12-10,0.0,0.0,0,0
2021-12-11,0.0,0.0,0,0
2021-12-12,0.0,0.0,0,0
2021-12-13,0.0,0.0,0,0
2021-12-14,0.0,0.0,0,0
2021-12-15,0.0,0.0,0,0
2021-12-16,0.0,0.0,0,0
2021-12-17,0.0,0.0,0,0
2021-12-18,0.0,0.0,0,0
2021-12-19,0.0,0.0,0,0
2021-12-20,0.0,0.0,0,0
2021-12-21,0.0,0.0,0,0
2021-12-22,0.0,0.0,0,0
2021-12-23,0.0,0.0,0,0
2021-12-24,0.0,0.0,0,0
2021-12-25,0.0,0.0,0,0
2021-12-26,0.0,0.0,0,0
2021-12-27,0.0,0.0,0,0
2021-12-28,0.0,0.0,0,0
2021-12-29,0.0,0.0,0,0
2021-12-30,0.0,0.0,0,0
2021-12-31,0.0,0.0,0,0
2022-01-01,0.0,0.0,0,0
2022-01-02,0.0,0.0,0,0
2022-01-03,0.0,0.0,0,0
2022-01-04,0.0,0.0,0,0
2022-01-05,0.0,0.0,0,0
2022-01-06,0.0,0.0,0,0
2022-01-07,0.0,0.0,0,0
2022-01-08,0.0,0.0,0,0
2022-01-09,0.0,0.0,0,0
2022-01-10,0.0,0.0,0,0
2022-01-11,0.0,0.0,0,0
2022-01-12,0.0,0.0,0,0
2022-01-13,0.0,0.0,0,0
2022-01-14,0.0,0.0,0,0
2022-01-15,0.0,0.0,0,0
2022-01-16,0.0,0.0,0,0
2022-01-17,0.0,0.0,0,0
2022-01-18,0.0,0.0,0,0
2022-01-19,0.0,0.0,0,0
2022-01-20,0.0,0.0,0,0
2022-01-21,0.0,0.0,0,0
2022-01-22,0.0,0.0,0,0
2022-01-23,0.0,0.0,0,0
2022-01-24,0.0,0.0,0,0
2022-01-25,0.0,0.0,0,0
2022-01-26,0.0,0.0,0,0
2022-01-27,0.0,0.0,0,0
2022-01-28,0.0,0.0,0,0
2022-01-29,0.0,0.0,0,0
2022-01-30,0.0,0.0,0,0
2022-01-31,0.0,0.0,0,0
2022-02-01,0.0,0.0,0,0
2022-02-02,0.0,0.0,0,0
2022-02-03,0.0,0.0,0,0
2022-02-04,0.0,0.0,0,0
2022-02-05,0.0,0.0,0,0
2022-02-06,0.0,0.0,0,0
2022-02-07,0.0,0.0,0,0
2022-02-08,0.0,0.0,0,0
2022-02-09,0.0,0.0,0,0
2022-02-10,0.0,0.0,0,0
2022-02-11,0.0,0.0,0,0
2022-02-12,0.0,0.0,0,0
2022-02-13,0.0,0.0,0,0
2022-02-14,0.0,0.0,0,0
2022-02-15,0.0,0.0,0,0
2022-02-16,0.0,0.0,0,0
2022-02-17,0.0,0.0,0,0
2022-02-18,0.0,0.0,0,0
2022-02-19,0.0,0.0,0,0
2022-02-20,0.0,0.0,0,0
2022-02-21,0.0,0.0,0,0
2022-02-22,0.0,0.0,0,0
2022-02-23,0.0,0.0,0,0
2022-02-24,0.0,0.0,0,0
2022-02-25,0.0,0.0,0,0
2022-02-26,0.0,0.0,0,0
2022-02-27,0.0,0.0,0,0
2022-02-28,0.0,0.0,0,0
2022-03-01,0.0,0.0,0,0
2022-03-02,0.0,0.0,0,0
2022-03-03,0.0,0.0,0,0
2022-03-04,0.0,0.0,0,0
2022-03-05,0.0,0.0,0,0
2022-03-06,0.0,0.0,0,0
2022-03-07,0.0,0.0,0,0
2022-03-08,0.0,0.0,0,0
2022-03-09,0.0,0.0,0,0
2022-03-10,0.0,0.0,0,0
2022-03-11,0.0,0.0,0,0
2022-03-12,0.0,0.0,0,0
2022-03-13,0.0,0.0,0,0
2022-03-14,0.0,0.0,0,0
2022-03-15,0.0,0.0,0,0
2022-03-16,0.0,0.0,0,0
2022-03-17,0.0,0.0,0,0
2022-03-18,0.0,0.0,0,0
2022-03-19,0.0,0.0,0,0
2022-03-20,0.0,0.0,0,0
2022-03-21,0.0,0.0,0,0
2022-03-22,0.0,0.0,0,0
2022-03-23,0.0,0.0,0,0
2022-03-24,0.0,0.0,0,0
2022-03-25,0.0,0.0,0,0
2022-03-26,0.0,0.0,0,0
2022-03-27,0.0,0.0,0,0
2022-03-28,0.0,0.0,0,0
2022-03-29,0.0,0.0,0,0
2022-03-30,0.0,0.0,0,0
2022-03-31,0.0,0.0,0,0
2022-04-01,0.0,0.0,0,0
2022-04-02,0.0,0.0,0,0
2022-04-03,0.0,0.0,0,0
2022-04-04,0.0,0.0,0,0
2022-04-05,0.0,0.0,0,0
2022-04-06,0.0,0.0,0,0
2022-04-07,0.0,0.0,0,0
2022-04-08,0.0,0.0,0,0
2022-04-09,0.0,0.0,0,0
2022-04-10,0.0,0.0,0,0
2022-04-11,0.0,0.0,0,0
2022-04-12,0.0,0.0,0,0
2022-04-13,0.0,0.0,0,0
2022-04-14,0.0,0.0,0,0
2022-04-15,0.0,0.0,0,0
2022-04-16,0.0,0.0,0,0
2022-04-17,0.0,0.0,0,0
2022-04-18,0.0,0.0,0,0
2022-04-19,0.0,0.0,0,0
2022-04-20,0.0,0.0,0,0
2022-04-21,0.0,0.0,0,0
2022-04-22,0.0,0.0,0,0
2022-04-23,0.0,0.0,0,0
2022-04-24,0.0,0.0,0,0
2022-04-25,0.0,0.0,0,0
2022-04-26,0.0,0.0,0,0
2022-04-27,0.0,0.0,0,0
2022-04-28,0.0,0.0,0,0
2022-04-29,0.0,0.0,0,0
2022-04-30,0.0,0.0,0,0
2022-05-01,0.0,0.0,0,0
2022-05-02,0.0,0.0,0,0
2022-05-03,0.0,0.0,0,0
2022-05-04,0.0,0.0,0,0
2022-05-05,0.0,0.0,0,0
2022-05-06,0.0,0.0,0,0
2022-05-07,0.0,0.0,0,0
2022-05-08,0.0,0.0,0,0
2022-05-09,0.0,0.0,0,0
2022-05-10,0.0,0.0,0,0
2022-05-11,0.0,0.0,0,0
2022-05-12,0.0,0.0,0,0
2022-05-13,0.0,0.0,0,0
2022-05-14,0.0,0.0,0,0
2022-05-15,0.0,0.0,0,0
2022-05-16,0.0,0.0,0,0
2022-05-17,0.0,0.0,0,0
2022-05-18,0.0,0.0,1,1
2022-05-19,0.0,0.0,1,1
2022-05-20,0.0,0.0,1,1
2022-05-21,0.0,0.0,0,1
2022-05-22,0.0,0.0,0,0
2022-05-23,0.0,0.0,0,0
2022-05-24,0.0,0.0,0,0
2022-05-25,0.0,0.0,0,0
2022-05-26,0.0,0.0,0,0
2022-05-27,0.0,0.0,0,0
2022-05-28,0.0,0.0,0,0
2022-05-29,0.0,0.0,0,0
2022-05-30,0.0,0.0,0,0
2022-05-31,0.0,0.0,0,0
2022-06-01,0.0,0.0,0,0
2022-06-02,0.0,0.0,0,0
2022-06-03,0.0,0.0,0,0
2022-06-04,0.0,0.0,0,0
2022-06-05,0.0,0.0,0,0
2022-06-06,0.0,0.0,0,0
2022-06-07,0.0,0.0,0,0
2022-06-08,0.0,0.0,0,0
2022-06-09,0.0,0.0,0,0
2022-06-10,0.0,0.0,0,0
2022-06-11,0.0,0.0,0,0
2022-06-12,0.0,0.0,0,0
2022-06-13,0.0,0.0,0,0
2022-06-14,0.0,0.0,0,0
2022-06-15,0.0,0.0,0,0
2022-06-16,0.0,0.0,0,0
2022-06-17,0.0,0.0,0,0
2022-06-18,0.0,0.0,0,0
2022-06-19,0.0,0.0,0,0
2022-06-20,0.0,0.0,0,0
2022-06-21,0.0,0.0,0,0
2022-06-22,0.0,0.0,0,0
2022-06-23,0.0,0.0,0,0
2022-06-24,0.0,0.0,0,0
2022-06-25,0.0,0.0,0,0
2022-06-26,0.0,0.0,0,0
2022-06-27,0.0,0.0,0,0
2022-06-28,0.0,0.0,0,0
2022-06-29,0.0,0.0,0,0
2022-06-30,0.0,0.0,0,0
2022-07-01,0.0,0.0,0,0
2022-07-02,0.0,0.0,0,0
2022-07-03,0.0,0.0,0,0
2022-07-04,0.0,0.0,0,0
2022-07-05,0.0,0.0,0,0
2022-07-06,0.0,0.0,0,0
2022-07-07,0.0,0.0,0,0
2022-07-08,0.0,0.0,0,0
2022-07-09,0.0,0.0,0,0
2022-07-10,0.0,0.0,0,0
2022-07-11,0.0,0.0,0,0
2022-07-12,0.0,0.0,0,0
2022-07-13,0.0,0.0,0,0
2022-07-14,0.0,0.0,0,0
2022-07-15,0.0,0.0,0,0
2022-07-16,0.0,0.0,0,0
2022-07-17,0.0,0.0,0,0
2022-07-18,0.0,0.0,0,0
2022-07-19,0.0,0.0,0,0
2022-07-20,0.0,0.0,0,0
2022-07-21,0.0,0.0,0,0
2022-07-22,0.0,0.0,0,0
2022-07-23,0.0,0.0,0,0
2022-07-24,0.0,0.0,0,0
2022-07-25,0.0,0.0,0,0
2022-07-26,0.0,0.0,0,0
2022-07-27,0.0,0.0,0,0
2022-07-28,0.0,0.0,0,0
2022-07-29,0.0,0.0,0,0
2022-07-30,0.0,0.0,0,0
2022-07-31,0.0,0.0,0,0
2022-08-01,0.0,0.0,0,0
2022-08-02,0.0,0.0,0,0
2022-08-03,0.0,0.0,0,0
2022-08-04,0.0,0.0,0,0
2022-08-05,0.0,0.0,0,0
2022-08-06,0.0,0.0,0,0
2022-08-07,0.0,0.0,0,0
2022-08-08,0.0,0.0,0,0
2022-08-09,0.0,0.0,0,0
2022-08-10,0.0,0.0,0,0
2022-08-11,0.0,0.0,0,0
2022-08-12,0.0,0.0,0,0
2022-08-13,0.0,0.0,0,0
2022-08-14,0.0,0.0,0,0
2022-08-15,0.0,0.0,0,0
2022-08-16,0.0,0.0,0,0
2022-08-17,0.0,0.0,0,0
2022-08-18,0.0,0.0,0,0
2022-08-19,0.0,0.0,0,0
2022-08-20,0.0,0.0,0,0
2022-08-21,0.0,0.0,0,0
2022-08-22,0.0,0.0,0,0
2022-08-23,0.0,0.0,0,0
2022-08-24,0.0,0.0,0,0
2022-08-25,0.0,0.0,0,0
2022-08-26,0.0,0.0,0,0
2022-08-27,0.0,0.0,0,0
2022-08-28,0.0,0.0,0,0
2022-08-29,0.0,0.0,0,0
2022-08-30,0.0,0.0,0,0
2022-08-31,0.0,0.0,0,0
2022-09-01,0.0,0.0,0,0
2022-09-02,0.0,0.0,0,0
2022-09-03,0.0,0.0,0,0
2022-09-04,0.0,0.0,0,0
2022-09-05,0.0,0.0,0,0
2022-09-06,0.0,0.0,0,0
2022-09-07,0.0,0.0,0,0
2022-09-08,0.0,0.0,0,0
2022-09-09,0.0,0.0,0,0
2022-09-10,0.0,0.0,0,0
2022-09-11,0.0,0.0,0,0
2022-09-12,0.0,0.0,0,0
2022-09-13,0.0,0.0,0,0
2022-09-14,0.0,0.0,0,0
2022-09-15,0.0,0.0,0,0
2022-09-16,0.0,0.0,0,0
2022-09-17,0.0,0.0,0,0
2022-09-18,0.0,0.0,0,0
2022-09-19,0.0,0.0,0,0
2022-09-20,0.0,0.0,0,0
2022-09-21,0.0,0.0,0,0
2022-09-22,0.0,0.0,0,0
2022-09-23,0.0,0.0,0,0
2022-09-24,0.0,0.0,0,0
2022-09-25,0.0,0.0,0,0
2022-09-26,0.0,0.0,0,0
2022-09-27,0.0,0.0,0,0
2022-09-28,0.0,0.0,0,0
2022-09-29,0.0,0.0,0,0
2022-09-30,0.0,0.0,0,0
2022-10-01,0.0,0.0,0,0
2022-10-02,0.0,0.0,0,0
2022-10-03,0.0,0.0,0,0
2022-10-04,0.0,0.0,0,0
2022-10-05,0.0,0.0,0,0
2022-10-06,0.0,0.0,0,0
2022-10-07,0.0,0.0,0,0
2022-10-08,0.0,0.0,0,0
2022-10-09,0.0,0.0,0,0
2022-10-10,0.0,0.0,0,0
2022-10-11,0.0,0.0,0,0
2022-10-12,0.0,0.0,0,0
2022-10-13,0.0,0.0,0,0
2022-10-14,0.0,0.0,0,0
2022-10-15,0.0,0.0,0,0
2022-10-16,0.0,0.0,0,0
2022-10-17,0.0,0.0,0,0
2022-10-18,0.0,0.0,0,0
2022-10-19,0.0,0.0,0,0
2022-10-20,0.0,0.0,0,0
2022-10-21,0.0,0.0,0,0
2022-10-22,0.0,0.0,0,0
2022-10-23,0.0,0.0,0,0
2022-10-24,0.0,0.0,0,0
2022-10-25,0.0,0.0,0,0
2022-10-26,0.0,0.0,0,0
2022-10-27,0.0,0.0,0,0
2022-10-28,0.0,0.0,0,0
2022-10-29,0.0,0.0,0,0
2022-10-30,0.0,0.0,0,0
2022-10-31,0.0,0.0,0,0
2022-11-01,0.0,0.0,0,0
2022-11-02,0.0,0.0,0,0
2022-11-03,0.0,0.0,0,0
2022-11-04,0.0,0.0,0,0
2022-11-05,0.0,0.0,0,0
2022-11-06,0.0,0.0,0,0
2022-11-07,0.0,0.0,0,0
2022-11-08,0.0,0.0,0,0
2022-11-09,0.0,0.0,0,0
2022-11-10,0.0,0.0,0,0
2022-11-11,0.0,0.0,0,0
2022-11-12,0.0,0.0,0,0
2022-11-13,0.0,0.0,0,0
2022-11-14,0.0,0.0,0,0
2022-11-15,0.0,0.0,0,0
2022-11-16,0.0,0.0,0,0
2022-11-17,0.0,0.0,0,0
2022-11-18,0.0,0.0,0,0
2022-11-19,0.0,0.0,0,0
2022-11-20,0.0,0.0,0,0
2022-11-21,0.0,0.0,0,0
2022-11-22,0.0,0.0,0,0
2022-11-23,0.0,0.0,0,0
2022-11-24,0.0,0.0,0,0
2022-11-25,0.0,0.0,0,0
2022-11-26,0.0,0.0,0,0
2022-11-27,0.0,0.0,0,0
2022-11-28,0.0,0.0,0,0
2022-11-29,0.0,0.0,0,0
2022-11-30,0.0,0.0,0,0
2022-12-01,0.0,0.0,0,0
2022-12-02,0.0,0.0,0,0
2022-12-03,0.0,0.0,0,0
2022-12-04,0.0,0.0,0,0
2022-12-05,0.0,0.0,0,0
2022-12-06,0.0,0.0,0,0
2022-12-07,0.0,0.0,0,0
2022-12-08,0.0,0.0,0,0
2022-12-09,0.0,0.0,0,0
2022-12-10,0.0,0.0,0,0
2022-12-11,0.0,0.0,0,0
2022-12-12,0.0,0.0,0,0
2022-12-13,0.0,0.0,0,0
2022-12-14,0.0,0.0,0,0
2022-12-15,0.0,0.0,0,0
2022-12-16,0.0,0.0,0,0
2022-12-17,0.0,0.0,0,0
2022-12-18,0.0,0.0,0,0
2022-12-19,0.0,0.0,0,0
2022-12-20,0.0,0.0,0,0
2022-12-21,0.0,0.0,0,0
2022-12-22,0.0,0.0,0,0
2022-12-23,0.0,0.0,0,0
2022-12-24,0.0,0.0,0,0
2022-12-25,0.0,0.0,0,0
2022-12-26,0.0,0.0,0,0
2022-12-27,0.0,0.0,0,0
2022-12-28,0.0,0.0,0,0
2022-12-29,0.0,0.0,0,0
2022-12-30,0.0,0.0,0,0
2022-12-31,0.0,0.0,0,0
2023-01-01,0.0,0.0,0,0
2023-01-02,0.0,0.0,0,0
2023-01-03,0.0,0.0,0,0
2023-01-04,0.0,0.0,0,0
2023-01-05,0.0,0.0,0,0
2023-01-06,0.0,0.0,0,0
2023-01-07,0.0,0.0,0,0
2023-01-08,0.0,0.0,0,0
2023-01-09,0.0,0.0,0,0
2023-01-10,0.0,0.0,0,0
2023-01-11,0.0,0.0,0,0
2023-01-12,0.0,0.0,0,0
2023-01-13,0.0,0.0,0,0
2023-01-14,0.0,0.0,0,0
2023-01-15,0.0,0.0,0,0
2023-01-16,0.0,0.0,0,0
2023-01-17,0.0,0.0,0,0
2023-01-18,0.0,0.0,0,0
2023-01-19,0.0,0.0,0,0
2023-01-20,0.0,0.0,0,0
2023-01-21,0.0,0.0,0,0
2023-01-22,0.0,0.0,0,0
2023-01-23,0.0,0.0,0,0
2023-01-24,0.0,0.0,0,0
2023-01-25,0.0,0.0,0,0
2023-01-26,0.0,0.0,0,0
2023-01-27,0.0,0.0,0,0
2023-01-28,0.0,0.0,0,0
2023-01-29,0.0,0.0,0,0
2023-01-30,0.0,0.0,0,0
2023-01-31,0.0,0.0,0,0
2023-02-01,0.0,0.0,0,0
2023-02-02,0.0,0.0,0,0
2023-02-03,0.0,0.0,0,0
2023-02-04,0.0,0.0,0,0
2023-02-05,0.0,0.0,0,0
2023-02-06,0.0,0.0,0,0
2023-02-07,0.0,0.0,0,0
2023-02-08,0.0,0.0,0,0
2023-02-09,0.0,0.0,0,0
2023-02-10,0.0,0.0,0,0
2023-02-11,0.0,0.0,0,0
2023-02-12,0.0,0.0,0,0
2023-02-13,0.0,0.0,0,0
2023-02-14,0.0,0.0,0,0
2023-02-15,0.0,0.0,0,0
2023-02-16,0.0,0.0,0,0
2023-02-17,0.0,0.0,0,0
2023-02-18,0.0,0.0,0,0
2023-02-19,0.0,0.0,0,0
2023-02-20,0.0,0.0,0,0
2023-02-21,0.0,0.0,0,0
2023-02-22,0.0,0.0,0,0
2023-02-23,0.0,0.0,0,0
2023-02-24,0.0,0.0,0,0
2023-02-25,0.0,0.0,0,0
2023-02-26,0.0,0.0,0,0
2023-02-27,0.0,0.0,0,0
2023-02-28,0.0,0.0,0,0
2023-03-01,0.0,0.0,0,0
2023-03-02,0.0,0.0,0,0
2023-03-03,0.0,0.0,0,0
2023-03-04,0.0,0.0,0,0
2023-03-05,0.0,0.0,0,0
2023-03-06,0.0,0.0,0,0
2023-03-07,0.0,0.0,0,0
2023-03-08,0.0,0.0,0,0
2023-03-09,0.0,0.0,0,0
2023-03-10,0.0,0.0,0,0
2023-03-11,0.0,0.0,0,0
2023-03-12,0.0,0.0,0,0
2023-03-13,0.0,0.0,0,0
2023-03-14,0.0,0.0,0,0
2023-03-15,0.0,0.0,0,0
2023-03-16,0.0,0.0,0,0
2023-03-17,0.0,0.0,0,0
2023-03-18,0.0,0.0,0,0
2023-03-19,0.0,0.0,0,0
2023-03-20,0.0,0.0,0,0
2023-03-21,0.0,0.0,0,0
2023-03-22,0.0,0.0,0,0
2023-03-23,0.0,0.0,0,0
2023-03-24,0.0,0.0,0,0
2023-03-25,0.0,0.0,0,0
2023-03-26,0.0,0.0,0,0
2023-03-27,0.0,0.0,0,0
2023-03-28,0.0,0.0,0,0
2023-03-29,0.0,0.0,0,0
2023-03-30,0.0,0.0,0,0
2023-03-31,0.0,0.0,0,0
2023-04-01,0.0,0.0,0,0
2023-04-02,0.0,0.0,0,0
2023-04-03,0.0,0.0,0,0
2023-04-04,0.0,0.0,0,0
2023-04-05,0.0,0.0,0,0
2023-04-06,0.0,0.0,0,0
2023-04-07,0.0,0.0,0,0
2023-04-08,0.0,0.0,0,0
2023-04-09,0.0,0.0,0,0
2023-04-10,0.0,0.0,0,0
2023-04-11,0.0,0.0,0,0
2023-04-12,0.0,0.0,0,0
2023-04-13,0.0,0.0,0,0
2023-04-14,0.0,0.0,0,0
2023-04-15,0.0,0.0,0,0
2023-04-16,0.0,0.0,0,0
2023-04-17,0.0,0.0,0,0
2023-04-18,0.0,0.0,0,0
2023-04-19,0.0,0.0,0,0
2023-04-20,0.0,0.0,0,0
2023-04-21,0.0,0.0,0,0
2023-04-22,0.0,0.0,0,0
2023-04-23,0.0,0.0,0,0
2023-04-24,0.0,0.0,0,0
2023-04-25,0.0,0.0,0,0
2023-04-26,0.0,0.0,0,0
2023-04-27,0.0,0.0,0,0
2023-04-28,0.0,0.0,0,0
2023-04-29,0.0,0.0,0,0
2023-04-30,0.0,0.0,0,0
2023-05-01,0.0,0.0,0,0
2023-05-02,0.0,0.0,0,0
2023-05-03,0.0,0.0,0,0
2023-05-04,0.0,0.0,0,0
2023-05-05,0.0,0.0,0,0
2023-05-06,0.0,0.0,0,0
2023-05-07,0.0,0.0,0,0
2023-05-08,0.0,0.0,0,0
2023-05-09,0.0,0.0,0,0
2023-05-10,0.0,0.0,0,0
2023-05-11,0.0,0.0,0,0
2023-05-12,0.0,0.0,0,0
2023-05-13,0.0,0.0,0,0
2023-05-14,0.0,0.0,0,0
2023-05-15,0.0,0.0,0,0
2023-05-16,0.0,0.0,0,0
2023-05-17,0.0,0.0,0,0
2023-05-18,0.0,0.0,0,0
2023-05-19,0.0,0.0,0,0
2023-05-20,0.0,0.0,0,0
2023-05-21,0.0,0.0,0,0
2023-05-22,0.0,0.0,0,0
2023-05-23,0.0,0.0,0,0
2023-05-24,0.0,0.0,0,0
2023-05-25,0.0,0.0,0,0
2023-05-26,0.0,0.0,0,0
2023-05-27,0.0,0.0,0,0
2023-05-28,0.0,0.0,0,0
2023-05-29,0.0,0.0,0,0
2023-05-30,0.0,0.0,0,0
2023-05-31,0.0,0.0,0,0
2023-06-01,0.0,0.0,0,0
2023-06-02,0.0,0.0,0,0
2023-06-03,0.0,0.0,0,0
2023-06-04,0.0,0.0,0,0
2023-06-05,0.0,0.0,0,0
2023-06-06,0.0,0.0,0,0
2023-06-07,0.0,0.0,0,0
2023-06-08,0.0,0.0,0,0
2023-06-09,0.0,0.0,0,0
2023-06-10,0.0,0.0,0,0
2023-06-11,0.0,0.0,0,0
2023-06-12,0.0,0.0,0,0
2023-06-13,0.0,0.0,0,0
2023-06-14,0.0,0.0,0,0
2023-06-15,0.0,0.0,0,0
2023-06-16,0.0,0.0,0,0
2023-06-17,0.0,0.0,0,0
2023-06-18,0.0,0.0,0,0
2023-06-19,0.0,0.0,0,0
2023-06-20,0.0,0.0,0,0
2023-06-21,0.0,0.0,0,0
2023-06-22,0.0,0.0,0,0
2023-06-23,0.0,0.0,0,0
2023-06-24,0.0,0.0,0,0
2023-06-25,0.0,0.0,0,0
2023-06-26,0.0,0.0,0,0
2023-06-27,0.0,0.0,0,0
2023-06-28,0.0,0.0,0,0
2023-06-29,0.0,0.0,0,0
2023-06-30,0.0,0.0,0,0
2023-07-01,0.0,0.0,0,0
2023-07-02,0.0,0.0,0,0
2023-07-03,0.0,0.0,0,0
2023-07-04,0.0,0.0,0,0
2023-07-05,0.0,0.0,0,0
2023-07-06,0.0,0.0,0,0
2023-07-07,0.0,0.0,0,0
2023-07-08,0.0,0.0,0,0
2023-07-09,0.0,0.0,0,0
2023-07-10,0.0,0.0,0,0
2023-07-11,0.0,0.0,0,0
2023-07-12,0.0,0.0,0,0
2023-07-13,0.0,0.0,0,0
2023-07-14,0.0,0.0,0,0
2023-07-15,0.0,0.0,0,0
2023-07-16,0.0,0.0,0,0
2023-07-17,0.0,0.0,0,0
2023-07-18,0.0,0.0,0,0
2023-07-19,0.0,0.0,0,0
2023-07-20,0.0,0.0,0,0
2023-07-21,0.0,0.0,0,0
2023-07-22,0.0,0.0,0,0
2023-07-23,0.0,0.0,0,0
2023-07-24,0.0,0.0,0,0
2023-07-25,0.0,0.0,0,0
2023-07-26,0.0,0.0,0,0
2023-07-27,0.0,0.0,0,0
2023-07-28,0.0,0.0,0,0
2023-07-29,0.0,0.0,0,0
2023-07-30,0.0,0.0,0,0
2023-07-31,0.0,0.0,0,0
2023-08-01,0.0,0.0,0,0
2023-08-02,0.0,0.0,0,0
2023-08-03,0.0,0.0,0,0
2023-08-04,0.0,0.0,0,0
2023-08-05,0.0,0.0,0,0
2023-08-06,0.0,0.0,0,0
2023-08-07,0.0,0.0,0,0
2023-08-08,0.0,0.0,0,0
2023-08-09,0.0,0.0,0,0
2023-08-10,0.0,0.0,0,0
2023-08-11,0.0,0.0,0,0
2023-08-12,0.0,0.0,0,0
2023-08-13,0.0,0.0,0,0
2023-08-14,0.0,0.0,0,0
2023-08-15,0.0,0.0,0,0
2023-08-16,0.0,0.0,0,0
2023-08-17,0.0,0.0,0,0
2023-08-18,0.0,0.0,0,0
2023-08-19,0.0,0.0,0,0
2023-08-20,0.0,0.0,0,0
2023-08-21,0.0,0.0,0,0
2023-08-22,0.0,0.0,0,0
2023-08-23,0.0,0.0,0,0
2023-08-24,0.0,0.0,0,0
2023-08-25,0.0,0.0,0,0
2023-08-26,0.0,0.0,0,0
2023-08-27,0.0,0.0,0,0
2023-08-28,0.0,0.0,0,0
2023-08-29,0.0,0.0,0,0
2023-08-30,0.0,0.0,0,0
2023-08-31,0.0,0.0,0,0
2023-09-01,0.0,0.0,0,0
2023-09-02,0.0,0.0,0,0
2023-09-03,0.0,0.0,0,0
2023-09-04,0.0,0.0,0,0
2023-09-05,0.0,0.0,0,0
2023-09-06,0.0,0.0,0,0
2023-09-07,0.0,0.0,0,0
2023-09-08,0.0,0.0,0,0
2023-09-09,0.0,0.0,0,0
2023-09-10,0.0,0.0,0,0
2023-09-11,0.0,0.0,0,0
2023-09-12,0.0,0.0,0,0
2023-09-13,0.0,0.0,0,0
2023-09-14,0.0,0.0,0,0
2023-09-15,0.0,0.0,0,0
2023-09-16,0.0,0.0,0,0
2023-09-17,0.0,0.0,0,0
2023-09-18,0.0,0.0,0,0
2023-09-19,0.0,0.0,0,0
2023-09-20,0.0,0.0,0,0
2023-09-21,0.0,0.0,0,0
2023-09-22,0.0,0.0,0,0
2023-09-23,0.0,0.0,0,0
2023-09-24,0.0,0.0,0,0
2023-09-25,0.0,0.0,0,0
2023-09-26,0.0,0.0,0,0
2023-09-27,0.0,0.0,0,0
2023-09-28,0.0,0.0,0,0
2023-09-29,0.0,0.0,0,0
2023-09-30,0.0,0.0,0,0
2023-10-01,0.0,0.0,0,0
2023-10-02,0.0,0.0,0,0
2023-10-03,0.0,0.0,0,0
2023-10-04,0.0,0.0,0,0
2023-10-05,0.0,0.0,0,0
2023-10-06,0.0,0.0,0,0
2023-10-07,0.0,0.0,0,0
2023-10-08,0.0,0.0,0,0
2023-10-09,0.0,0.0,0,0
2023-10-10,0.0,0.0,0,0
2023-10-11,0.0,0.0,0,0
2023-10-12,0.0,0.0,0,0
2023-10-13,0.0,0.0,0,0
2023-10-14,0.0,0.0,0,0
2023-10-15,0.0,0.0,0,0
2023-10-16,0.0,0.0,0,0
2023-10-17,0.0,0.0,0,0
2023-10-18,0.0,0.0,0,0
2023-10-19,0.0,0.0,0,0
2023-10-20,0.0,0.0,0,0
2023-10-21,0.0,0.0,0,0
2023-10-22,0.0,0.0,0,0
2023-10-23,0.0,0.0,0,0
2023-10-24,0.0,0.0,0,0
2023-10-25,0.0,0.0,0,0
2023-10-26,0.0,0.0,0,0
2023-10-27,0.0,0.0,0,0
2023-10-28,0.0,0.0,0,0
2023-10-29,0.0,0.0,0,0
2023-10-30,0.0,0.0,0,0
2023-10-31,0.0,0.0,0,0
2023-11-01,0.0,0.0,0,0
2023-11-02,0.0,0.0,0,0
2023-11-03,0.0,0.0,0,0
2023-11-04,0.0,0.0,0,0
2023-11-05,0.0,0.0,0,0
2023-11-06,0.0,0.0,0,0
2023-11-07,0.0,0.0,0,0
2023-11-08,0.0,0.0,0,0
2023-11-09,0.0,0.0,0,0
2023-11-10,0.0,0.0,0,0
2023-11-11,0.0,0.0,0,0
2023-11-12,0.0,0.0,0,0
2023-11-13,0.0,0.0,0,0
2023-11-14,0.0,0.0,0,0
2023-11-15,0.0,0.0,0,0
2023-11-16,0.0,0.0,0,0
2023-11-17,0.0,0.0,0,0
2023-11-18,0.0,0.0,0,0
2023-11-19,0.0,0.0,0,0
2023-11-20,0.0,0.0,0,0
2023-11-21,0.0,0.0,0,0
2023-11-22,0.0,0.0,0,0
2023-11-23,0.0,0.0,0,0
2023-11-24,0.0,0.0,0,0
2023-11-25,0.0,0.0,0,0
2023-11-26,0.0,0.0,0,0
2023-11-27,0.0,0.0,0,0
2023-11-28,0.0,0.0,0,0
2023-11-29,0.0,0.0,0,0
2023-11-30,0.0,0.0,0,0
2023-12-01,0.0,0.0,0,0
2023-12-02,0.0,0.0,0,0
2023-12-03,0.0,0.0,0,0
2023-12-04,0.0,0.0,0,0
2023-12-05,0.0,0.0,0,0
2023-12-06,0.0,0.0,0,0
2023-12-07,0.0,0.0,0,0
2023-12-08,0.0,0.0,0,0
2023-12-09,0.0,0.0,0,0
2023-12-10,0.0,0.0,0,0
2023-12-11,0.0,0.0,0,0
2023-12-12,0.0,0.0,0,0
2023-12-13,0.0,0.0,0,0
2023-12-14,0.0,0.0,0,0
2023-12-15,0.0,0.0,0,0
2023-12-16,0.0,0.0,0,0
2023-12-17,0.0,0.0,0,0
2023-12-18,0.0,0.0,0,0
2023-12-19,0.0,0.0,0,0
2023-12-20,0.0,0.0,0,0
2023-12-21,0.0,0.0,0,0
2023-12-22,0.0,0.0,0,0
2023-12-23,0.0,0.0,0,0
2023-12-24,0.0,0.0,0,0
2023-12-25,0.0,0.0,0,0
2023-12-26,0.0,0.0,0,0
2023-12-27,0.0,0.0,0,0
2023-12-28,0.0,0.0,0,0
2023-12-29,0.0,0.0,0,0
2023-12-30,0.0,0.0,0,0
2023-12-31,0.0,0.0,0,0
2024-01-01,0.0,0.0,0,0
2024-01-02,0.0,0.0,0,0
2024-01-03,0.0,0.0,0,0
2024-01-04,0.0,0.0,0,0
2024-01-05,0.0,0.0,0,0
2024-01-06,0.0,0.0,0,0
2024-01-07,0.0,0.0,0,0
2024-01-08,0.0,0.0,0,0
2024-01-09,0.0,0.0,0,0
2024-01-10,0.0,0.0,0,0
2024-01-11,0.0,0.0,0,0
2024-01-12,0.0,0.0,0,0
2024-01-13,0.0,0.0,0,0
2024-01-14,0.0,0.0,0,0
2024-01-15,0.0,0.0,0,0
2024-01-16,0.0,0.0,0,0
2024-01-17,0.0,0.0,0,0
2024-01-18,0.0,0.0,0,0
2024-01-19,0.0,0.0,0,0
2024-01-20,0.0,0.0,0,0
2024-01-21,0.0,0.0,0,0
2024-01-22,0.0,0.0,0,0
2024-01-23,0.0,0.0,0,0
2024-01-24,0.0,0.0,0,0
2024-01-25,0.0,0.0,0,0
2024-01-26,0.0,0.0,0,0
2024-01-27,0.0,0.0,0,0
2024-01-28,0.0,0.0,0,0
2024-01-29,0.0,0.0,0,0
2024-01-30,0.0,0.0,0,0
2024-01-31,0.0,0.0,0,0
2024-02-01,0.0,0.0,0,0
2024-02-02,0.0,0.0,0,0
2024-02-03,0.0,0.0,0,0
2024-02-04,0.0,0.0,0,0
2024-02-05,0.0,0.0,0,0
2024-02-06,0.0,0.0,0,0
2024-02-07,0.0,0.0,0,0
2024-02-08,0.0,0.0,0,0
2024-02-09,0.0,0.0,0,0
2024-02-10,0.0,0.0,0,0
2024-02-11,0.0,0.0,0,0
2024-02-12,0.0,0.0,0,0
2024-02-13,0.0,0.0,0,0
2024-02-14,0.0,0.0,0,0
2024-02-15,0.0,0.0,0,0
2024-02-16,0.0,0.0,0,0
2024-02-17,0.0,0.0,0,0
2024-02-18,0.0,0.0,0,0
2024-02-19,0.0,0.0,0,0
2024-02-20,0.0,0.0,0,0
2024-02-21,0.0,0.0,0,0
2024-02-22,0.0,0.0,0,0
2024-02-23,0.0,0.0,0,0
2024-02-24,0.0,0.0,0,0
2024-02-25,0.0,0.0,0,0
2024-02-26,0.0,0.0,0,0
2024-02-27,0.0,0.0,0,0
2024-02-28,0.0,0.0,0,0
2024-02-29,0.0,0.0,0,0
2024-03-01,0.0,0.0,0,0
2024-03-02,0.0,0.0,0,0
2024-03-03,0.0,0.0,0,0
2024-03-04,0.0,0.0,0,0
2024-03-05,0.0,0.0,0,0
2024-03-06,0.0,0.0,0,0
2024-03-07,0.0,0.0,0,0
2024-03-08,0.0,0.0,0,0
2024-03-09,0.0,0.0,0,0
2024-03-10,0.0,0.0,0,0
2024-03-11,0.0,0.0,0,0
2024-03-12,0.0,0.0,0,0
2024-03-13,0.0,0.0,0,0
2024-03-14,0.0,0.0,0,0
2024-03-15,0.0,0.0,0,0
2024-03-16,0.0,0.0,0,0
2024-03-17,0.0,0.0,0,0
2024-03-18,0.0,0.0,0,0
2024-03-19,0.0,0.0,0,0
2024-03-20,0.0,0.0,0,0
2024-03-21,0.0,0.0,0,0
2024-03-22,0.0,0.0,0,0
2024-03-23,0.0,0.0,0,0
2024-03-24,0.0,0.0,0,0
2024-03-25,0.0,0.0,0,0
2024-03-26,0.0,0.0,0,0
2024-03-27,0.0,0.0,0,0
2024-03-28,0.0,0.0,0,0
2024-03-29,0.0,0.0,0,0
2024-03-30,0.0,0.0,0,0
2024-03-31,0.0,0.0,0,0
2024-04-01,0.0,0.0,0,0
2024-04-02,0.0,0.0,0,0
2024-04-03,0.0,0.0,0,0
2024-04-04,0.0,0.0,0,0
2024-04-05,0.0,0.0,0,0
2024-04-06,0.0,0.0,0,0
2024-04-07,0.0,0.0,0,0
2024-04-08,0.0,0.0,0,0
2024-04-09,0.0,0.0,0,0
2024-04-10,0.0,0.0,0,0
2024-04-11,0.0,0.0,0,0
2024-04-12,0.0,0.0,0,0
2024-04-13,0.0,0.0,0,0
2024-04-14,0.0,0.0,0,0
2024-04-15,0.0,0.0,0,0
2024-04-16,0.0,0.0,0,0
2024-04-17,0.0,0.0,0,0
2024-04-18,0.0,0.0,0,0
2024-04-19,0.0,0.0,0,0
2024-04-20,0.0,0.0,0,0
2024-04-21,0.0,0.0,0,0
2024-04-22,0.0,0.0,0,0
2024-04-23,0.0,0.0,0,0
2024-04-24,0.0,0.0,0,0
2024-04-25,0.0,0.0,0,0
2024-04-26,0.0,0.0,0,0
2024-04-27,0.0,0.0,0,0
2024-04-28,0.0,0.0,0,0
2024-04-29,0.0,0.0,0,0
2024-04-30,0.0,0.0,0,0
2024-05-01,0.0,0.0,0,0
2024-05-02,0.0,0.0,0,0
2024-05-03,0.0,0.0,0,0
2024-05-04,0.0,0.0,0,0
2024-05-05,0.0,0.0,0,0
2024-05-06,0.0,0.0,0,0
2024-05-07,0.0,0.0,0,0
2024-05-08,0.0,0.0,0,0
2024-05-09,0.0,0.0,0,0
2024-05-10,0.0,0.0,0,0
2024-05-11,0.0,0.0,0,0
2024-05-12,0.0,0.0,0,0
2024-05-13,0.0,0.0,0,0
2024-05-14,0.0,0.0,0,0
2024-05-15,0.0,0.0,0,0
2024-05-16,0.0,0.0,0,0
2024-05-17,0.0,0.0,0,0
2024-05-18,0.0,0.0,0,0
2024-05-19,0.0,0.0,0,0
2024-05-20,0.0,0.0,0,0
2024-05-21,0.0,0.0,0,0
2024-05-22,0.0,0.0,0,0
2024-05-23,0.0,0.0,0,0
2024-05-24,0.0,0.0,0,0
2024-05-25,0.0,0.0,0,0
2024-05-26,0.0,0.0,0,0
2024-05-27,0.0,0.0,0,0
2024-05-28,0.0,0.0,0,0
2024-05-29,0.0,0.0,0,0
2024-05-30,0.0,0.0,0,0
2024-05-31,0.0,0.0,0,0
2024-06-01,0.0,0.0,0,0
2024-06-02,0.0,0.0,0,0
2024-06-03,0.0,0.0,0,0
2024-06-04,0.0,0.0,0,0
2024-06-05,0.0,0.0,0,0
2024-06-06,0.0,0.0,0,0
2024-06-07,0.0,0.0,0,0
2024-06-08,0.0,0.0,0,0
2024-06-09,0.0,0.0,0,0
2024-06-10,0.0,0.0,0,0
2024-06-11,0.0,0.0,0,0
2024-06-12,0.0,0.0,0,0
2024-06-13,0.0,0.0,0,0
2024-06-14,0.0,0.0,0,0
2024-06-15,0.0,0.0,0,0
2024-06-16,0.0,0.0,0,0
2024-06-17,0.0,0.0,0,0
2024-06-18,0.0,0.0,0,0
2024-06-19,0.0,0.0,0,0
2024-06-20,0.0,0.0,0,0
2024-06-21,0.0,0.0,0,0
2024-06-22,0.0,0.0,0,0
2024-06-23,0.0,0.0,0,0
2024-06-24,0.0,0.0,0,0
2024-06-25,0.0,0.0,0,0
2024-06-26,0.0,0.0,0,0
2024-06-27,0.0,0.0,0,0
2024-06-28,0.0,0.0,0,0
2024-06-29,0.0,0.0,0,0
2024-06-30,0.0,0.0,0,0
2024-07-01,0.0,0.0,0,0
2024-07-02,0.0,0.0,0,0
2024-07-03,0.0,0.0,0,0
2024-07-04,0.0,0.0,0,0
2024-07-05,0.0,0.0,0,0
2024-07-06,0.0,0.0,0,0
2024-07-07,0.0,0.0,0,0
2024-07-08,0.0,0.0,0,0
2024-07-09,0.0,0.0,0,0
2024-07-10,0.0,0.0,0,0
2024-07-11,0.0,0.0,0,0
2024-07-12,0.0,0.0,0,0
2024-07-13,0.0,0.0,0,0
2024-07-14,0.0,0.0,0,0
2024-07-15,0.0,0.0,0,0
2024-07-16,0.0,0.0,0,0
2024-07-17,0.0,0.0,0,0
2024-07-18,0.0,0.0,0,0
2024-07-19,0.0,0.0,0,0
2024-07-20,0.0,0.0,0,0
2024-07-21,0.0,0.0,0,0
2024-07-22,0.0,0.0,0,0
2024-07-23,0.0,0.0,0,0
2024-07-24,0.0,0.0,0,0
2024-07-25,0.0,0.0,0,0
2024-07-26,0.0,0.0,0,0
2024-07-27,0.0,0.0,0,0
2024-07-28,0.0,0.0,0,0
2024-07-29,0.0,0.0,0,0
2024-07-30,0.0,0.0,0,0
2024-07-31,0.0,0.0,0,0
2024-08-01,0.0,0.0,0,0
2024-08-02,0.0,0.0,0,0
2024-08-03,0.0,0.0,0,0
2024-08-04,0.0,0.0,0,0
2024-08-05,0.0,0.0,0,0
2024-08-06,0.0,0.0,0,0
2024-08-07,0.0,0.0,0,0
2024-08-08,0.0,0.0,0,0
2024-08-09,0.0,0.0,0,0
2024-08-10,0.0,0.0,0,0
2024-08-11,0.0,0.0,0,0
2024-08-12,0.0,0.0,0,0
2024-08-13,0.0,0.0,0,0
2024-08-14,0.0,0.0,0,0
2024-08-15,0.0,0.0,0,0
2024-08-16,0.0,0.0,0,0
2024-08-17,0.0,0.0,0,0
2024-08-18,0.0,0.0,0,0
2024-08-19,0.0,0.0,0,0
2024-08-20,0.0,0.0,0,0
2024-08-21,0.0,0.0,0,0
2024-08-22,0.0,0.0,0,0
2024-08-23,0.0,0.0,0,0
2024-08-24,0.0,0.0,0,0
2024-08-25,0.0,0.0,0,0
2024-08-26,0.0,0.0,0,0
2024-08-27,0.0,0.0,0,0
2024-08-28,0.0,0.0,0,0
2024-08-29,0.0,0.0,0,0
2024-08-30,0.0,0.0,0,0
2024-08-31,0.0,0.0,0,0
2024-09-01,0.0,0.0,0,0
2024-09-02,0.0,0.0,0,0
2024-09-03,0.0,0.0,0,0
2024-09-04,0.0,0.0,0,0
2024-09-05,0.0,0.0,0,0
2024-09-06,0.0,0.0,0,0
2024-09-07,0.0,0.0,0,0
2024-09-08,0.0,0.0,0,0
2024-09-09,0.0,0.0,0,0
2024-09-10,0.0,0.0,0,0
2024-09-11,0.0,0.0,0,0
2024-09-12,0.0,0.0,0,0
2024-09-13,0.0,0.0,0,0
2024-09-14,0.0,0.0,0,0
2024-09-15,0.0,0.0,0,0
2024-09-16,0.0,0.0,0,0
2024-09-17,0.0,0.0,0,0
2024-09-18,0.0,0.0,0,0
2024-09-19,0.0,0.0,0,0
2024-09-20,0.0,0.0,0,0
2024-09-21,0.0,0.0,0,0
2024-09-22,0.0,0.0,0,0
2024-09-23,0.0,0.0,0,0
2024-09-24,0.0,0.0,0,0
2024-09-25,0.0,0.0,0,0
2024-09-26,0.0,0.0,0,0
2024-09-27,0.0,0.0,0,0
2024-09-28,0.0,0.0,0,0
2024-09-29,0.0,0.0,0,0
2024-09-30,0.0,0.0,0,0
2024-10-01,0.0,0.0,0,0
2024-10-02,0.0,0.0,0,0
2024-10-03,0.0,0.0,0,0
2024-10-04,0.0,0.0,0,0
2024-10-05,0.0,0.0,0,0
2024-10-06,0.0,0.0,0,0
2024-10-07,0.0,0.0,0,0
2024-10-08,0.0,0.0,0,0
2024-10-09,0.0,0.0,0,0
2024-10-10,0.0,0.0,0,0
2024-10-11,0.0,0.0,0,0
2024-10-12,0.0,0.0,0,0
2024-10-13,0.0,0.0,0,0
2024-10-14,0.0,0.0,0,0
2024-10-15,0.0,0.0,0,0
2024-10-16,0.0,0.0,0,0
2024-10-17,0.0,0.0,0,0
2024-10-18,0.0,0.0,0,0
2024-10-19,0.0,0.0,0,0
2024-10-20,0.0,0.0,0,0
2024-10-21,0.0,0.0,0,0
2024-10-22,0.0,0.0,0,0
2024-10-23,0.0,0.0,0,0
2024-10-24,0.0,0.0,0,0
2024-10-25,0.0,0.0,0,0
2024-10-26,0.0,0.0,0,0
2024-10-27,0.0,0.0,0,0
2024-10-28,0.0,0.0,0,0
2024-10-29,0.0,0.0,0,0
2024-10-30,0.0,0.0,0,0
2024-10-31,0.0,0.0,0,0
2024-11-01,0.0,0.0,0,0
2024-11-02,0.0,0.0,0,0
2024-11-03,0.0,0.0,0,0
2024-11-04,0.0,0.0,0,0
2024-11-05,0.0,0.0,0,0
2024-11-06,0.0,0.0,0,0
2024-11-07,0.0,0.0,0,0
2024-11-08,0.0,0.0,0,0
2024-11-09,0.0,0.0,0,0
2024-11-10,0.0,0.0,0,0
2024-11-11,0.0,0.0,0,0
2024-11-12,0.0,0.0,0,0
2024-11-13,0.0,0.0,0,0
2024-11-14,0.0,0.0,0,0
2024-11-15,0.0,0.0,0,0
2024-11-16,0.0,0.0,0,0
2024-11-17,0.0,0.0,0,0
2024-11-18,0.0,0.0,0,0
2024-11-19,0.0,0.0,0,0
2024-11-20,0.0,0.0,0,0
2024-11-21,0.0,0.0,0,0
2024-11-22,0.0,0.0,0,0
2024-11-23,0.0,0.0,0,0
2024-11-24,0.0,0.0,0,0
2024-11-25,0.0,0.0,0,0
2024-11-26,0.0,0.0,0,0
2024-11-27,0.0,0.0,0,0
2024-11-28,0.0,0.0,0,0
2024-11-29,0.0,0.0,0,0
2024-11-30,0.0,0.0,0,0
2024-12-01,0.0,0.0,0,0
2024-12-02,0.0,0.0,0,0
2024-12-03,0.0,0.0,0,0
2024-12-04,0.0,0.0,0,0
2024-12-05,0.0,0.0,0,0
2024-12-06,0.0,0.0,0,0
2024-12-07,0.0,0.0,0,0
2024-12-08,0.0,0.0,0,0
2024-12-09,0.0,0.0,0,0
2024-12-10,0.0,0.0,0,0
2024-12-11,0.0,0.0,0,0
2024-12-12,0.0,0.0,0,0
2024-12-13,0.0,0.0,0,0
2024-12-14,0.0,0.0,0,0
2024-12-15,0.0,0.0,0,0
2024-12-16,0.0,0.0,0,0
2024-12-17,0.0,0.0,0,0
2024-12-18,0.0,0.0,0,0
2024-12-19,0.0,0.0,0,0
2024-12-20,0.0,0.0,0,0
2024-12-21,0.0,0.0,0,0
2024-12-22,0.0,0.0,0,0
2024-12-23,0.0,0.0,0,0
2024-12-24,0.0,0.0,0,0
2024-12-25,0.0,0.0,0,0
2024-12-26,0.0,0.0,0,0
2024-12-27,0.0,0.0,0,0
2024-12-28,0.0,0.0,0,0
2024-12-29,0.0,0.0,0,0
2024-12-30,0.0,0.0,0,0
2024-12-31,0.0,0.0,0,0
2025-01-01,0.0,0.0,0,0
2025-01-02,0.0,0.0,0,0
2025-01-03,0.0,0.0,0,0
2025-01-04,0.0,0.0,0,0
2025-01-05,0.0,0.0,0,0
2025-01-06,0.0,0.0,0,0
2025-01-07,0.0,0.0,0,0
2025-01-08,0.0,0.0,0,0
2025-01-09,0.0,0.0,0,0
2025-01-10,0.0,0.0,0,0
2025-01-11,0.0,0.0,0,0
2025-01-12,0.0,0.0,0,0
2025-01-13,0.0,0.0,0,0
2025-01-14,0.0,0.0,0,0
2025-01-15,0.0,0.0,0,0
2025-01-16,0.0,0.0,0,0
2025-01-17,0.0,0.0,0,0
2025-01-18,0.0,0.0,0,0
2025-01-19,0.0,0.0,0,0
2025-01-20,0.0,0.0,0,0
2025-01-21,0.0,0.0,0,0
2025-01-22,0.0,0.0,0,0
2025-01-23,0.0,0.0,0,0
2025-01-24,0.0,0.0,0,0
2025-01-25,0.0,0.0,0,0
2025-01-26,0.0,0.0,0,0
2025-01-27,0.0,0.0,0,0
2025-01-28,0.0,0.0,0,0
2025-01-29,0.0,0.0,0,0
2025-01-30,0.0,0.0,0,0
2025-01-31,0.0,0.0,0,0
2025-02-01,0.0,0.0,0,0
2025-02-02,0.0,0.0,0,0
2025-02-03,0.0,0.0,0,0
2025-02-04,0.0,0.0,0,0
2025-02-05,0.0,0.0,0,0
2025-02-06,0.0,0.0,0,0
2025-02-07,0.0,0.0,0,0
2025-02-08,0.0,0.0,0,0
2025-02-09,0.0,0.0,0,0
2025-02-10,0.0,0.0,0,0
2025-02-11,0.0,0.0,0,0
2025-02-12,0.0,0.0,0,0
2025-02-13,0.0,0.0,0,0
2025-02-14,0.0,0.0,0,0
2025-02-15,0.0,0.0,0,0
2025-02-16,0.0,0.0,0,0
2025-02-17,0.0,0.0,0,0
