Date,Midnight population,24-hour population,Midnight count,24-hour count
2008-10-01,-1.0,-1.0,0,0
2008-10-02,-1.0,-1.0,0,0
2008-10-03,-1.0,-1.0,0,0
2008-10-04,-1.0,-1.0,0,0
2008-10-05,-1.0,-1.0,0,0
2008-10-06,-1.0,-1.0,0,0
2008-10-07,-1.0,-1.0,0,0
2008-10-08,-1.0,-1.0,0,0
2008-10-09,-1.0,-1.0,0,0
2008-10-10,-1.0,-1.0,0,0
2008-10-11,-1.0,-1.0,0,0
2008-10-12,-1.0,-1.0,0,0
2008-10-13,-1.0,-1.0,0,0
2008-10-14,-1.0,-1.0,0,0
2008-10-15,-1.0,-1.0,0,0
2008-10-16,-1.0,-1.0,0,0
2008-10-17,-1.0,-1.0,0,0
2008-10-18,-1.0,-1.0,0,0
2008-10-19,-1.0,-1.0,0,0
2008-10-20,-1.0,-1.0,0,0
2008-10-21,-1.0,-1.0,0,0
2008-10-22,-1.0,-1.0,0,0
2008-10-23,-1.0,-1.0,0,0
2008-10-24,-1.0,-1.0,0,0
2008-10-25,-1.0,-1.0,0,0
2008-10-26,-1.0,-1.0,0,0
2008-10-27,-1.0,-1.0,0,0
2008-10-28,-1.0,-1.0,0,0
2008-10-29,-1.0,-1.0,0,0
2008-10-30,0.0,0.0,0,0
2008-10-31,0.0,0.0,0,0
2008-11-01,0.0,0.0,0,0
2008-11-02,0.0,0.0,0,0
2008-11-03,0.0,0.0,0,0
2008-11-04,0.0,0.0,0,0
2008-11-05,0.0,0.0,0,0
2008-11-06,0.0,0.0,0,0
2008-11-07,0.0,0.0,0,0
2008-11-08,0.0,0.0,0,0
2008-11-09,0.0,0.0,0,0
2008-11-10,0.0,0.0,0,0
2008-11-11,0.0,0.0,0,0
2008-11-12,0.0,0.0,0,0
2008-11-13,0.0,0.0,0,0
2008-11-14,0.0,0.0,0,0
2008-11-15,0.0,0.0,0,0
2008-11-16,0.0,0.0,0,0
2008-11-17,0.0,0.0,0,0
2008-11-18,0.0,0.0,0,0
2008-11-19,0.0,0.0,0,0
2008-11-20,0.0,0.0,0,0
2008-11-21,0.0,0.0,0,0
2008-11-22,0.0,0.0,0,0
2008-11-23,0.0,0.0,0,0
2008-11-24,0.0,0.0,0,0
2008-11-25,0.0,0.0,0,0
2008-11-26,0.0,0.0,0,0
2008-11-27,0.0,0.0,0,0
2008-11-28,0.0,0.0,0,0
2008-11-29,0.0,0.0,0,0
2008-11-30,0.0,0.0,0,0
2008-12-01,0.0,0.0,0,0
2008-12-02,0.0,0.0,0,0
2008-12-03,0.0,0.0,0,0
2008-12-04,0.0,0.0,0,0
2008-12-05,0.0,0.0,0,0
2008-12-06,0.0,0.0,0,0
2008-12-07,0.0,0.0,0,0
2008-12-08,0.0,0.0,0,0
2008-12-09,0.0,0.0,0,0
2008-12-10,0.0,0.0,0,0
2008-12-11,0.0,0.0,0,0
2008-12-12,0.0,0.0,0,0
2008-12-13,0.0,0.0,0,0
2008-12-14,0.0,0.0,0,0
2008-12-15,0.0,0.0,0,0
2008-12-16,0.0,0.0,0,0
2008-12-17,0.0,0.0,0,0
2008-12-18,0.0,0.0,0,0
2008-12-19,0.0,0.0,0,0
2008-12-20,0.0,0.0,0,0
2008-12-21,0.0,0.0,0,0
2008-12-22,0.0,0.0,0,0
2008-12-23,0.0,0.0,0,0
2008-12-24,0.0,0.0,0,0
2008-12-25,0.0,0.0,0,0
2008-12-26,0.0,0.0,0,0
2008-12-27,0.0,0.0,0,0
2008-12-28,0.0,0.0,0,0
2008-12-29,0.0,0.0,0,0
2008-12-30,0.0,0.0,0,0
2008-12-31,0.0,0.0,0,0
2009-01-01,0.0,0.0,0,0
2009-01-02,0.0,0.0,0,0
2009-01-03,0.0,0.0,0,0
2009-01-04,0.0,0.0,0,0
2009-01-05,0.0,0.0,0,0
2009-01-06,0.0,0.0,0,0
2009-01-07,0.0,0.0,0,0
2009-01-08,0.0,0.0,0,0
2009-01-09,0.0,0.0,0,0
2009-01-10,0.0,0.0,0,0
2009-01-11,0.0,0.0,0,0
2009-01-12,0.0,0.0,0,0
2009-01-13,0.0,0.0,0,0
2009-01-14,0.0,0.0,0,0
2009-01-15,0.0,0.0,0,0
2009-01-16,0.0,0.0,0,0
2009-01-17,0.0,0.0,0,0
2009-01-18,0.0,0.0,0,0
2009-01-19,0.0,0.0,0,0
2009-01-20,0.0,0.0,0,0
2009-01-21,0.0,0.0,0,0
2009-01-22,0.0,0.0,0,0
2009-01-23,0.0,0.0,0,0
2009-01-24,0.0,0.0,0,0
2009-01-25,0.0,0.0,0,0
2009-01-26,0.0,0.0,0,0
2009-01-27,0.0,0.0,0,0
2009-01-28,0.0,0.0,0,0
2009-01-29,0.0,0.0,0,0
2009-01-30,0.0,0.0,0,0
2009-01-31,0.0,0.0,0,0
2009-02-01,0.0,0.0,0,0
2009-02-02,0.0,0.0,0,0
2009-02-03,0.0,0.0,0,0
2009-02-04,0.0,0.0,0,0
2009-02-05,0.0,0.0,0,0
2009-02-06,0.0,0.0,0,0
2009-02-07,0.0,0.0,0,0
2009-02-08,0.0,0.0,0,0
2009-02-09,0.0,0.0,0,0
2009-02-10,0.0,0.0,0,0
2009-02-11,0.0,0.0,0,0
2009-02-12,0.0,0.0,0,0
2009-02-13,0.0,0.0,0,0
2009-02-14,0.0,0.0,0,0
2009-02-15,0.0,0.0,0,0
2009-02-16,0.0,0.0,0,0
2009-02-17,0.0,0.0,0,0
2009-02-18,0.0,0.0,0,0
2009-02-19,0.0,0.0,0,0
2009-02-20,0.0,0.0,0,0
2009-02-21,0.0,0.0,0,0
2009-02-22,0.0,0.0,0,0
2009-02-23,0.0,0.0,0,0
2009-02-24,0.0,0.0,0,0
2009-02-25,0.0,0.0,0,0
2009-02-26,0.0,0.0,0,0
2009-02-27,0.0,0.0,0,0
2009-02-28,0.0,0.0,0,0
2009-03-01,0.0,0.0,0,0
2009-03-02,0.0,0.0,0,0
2009-03-03,0.0,0.0,0,0
2009-03-04,0.0,0.0,0,0
2009-03-05,0.0,0.0,0,0
2009-03-06,0.0,0.0,0,0
2009-03-07,0.0,0.0,0,0
2009-03-08,0.0,0.0,0,0
2009-03-09,0.0,0.0,0,0
2009-03-10,0.0,0.0,0,0
2009-03-11,0.0,0.0,0,0
2009-03-12,0.0,0.0,0,0
2009-03-13,0.0,0.0,0,0
2009-03-14,0.0,0.0,0,0
2009-03-15,0.0,0.0,0,0
2009-03-16,0.0,0.0,0,0
2009-03-17,0.0,0.0,0,0
2009-03-18,0.0,0.0,0,0
2009-03-19,0.0,0.0,0,0
2009-03-20,0.0,0.0,0,0
2009-03-21,0.0,0.0,0,0
2009-03-22,0.0,0.0,0,0
2009-03-23,0.0,0.0,0,0
2009-03-24,0.0,0.0,0,0
2009-03-25,0.0,0.0,0,0
2009-03-26,0.0,0.0,0,0
2009-03-27,0.0,0.0,0,0
2009-03-28,0.0,0.0,0,0
2009-03-29,0.0,0.0,0,0
2009-03-30,0.0,0.0,0,0
2009-03-31,0.0,0.0,0,0
2009-04-01,0.0,0.0,0,0
2009-04-02,0.0,0.0,0,0
2009-04-03,0.0,0.0,0,0
2009-04-04,0.0,0.0,0,0
2009-04-05,0.0,0.0,0,0
2009-04-06,0.0,0.0,0,0
2009-04-07,0.0,0.0,0,0
2009-04-08,0.0,0.0,0,0
2009-04-09,0.0,0.0,0,0
2009-04-10,0.0,0.0,0,0
2009-04-11,0.0,0.0,0,0
2009-04-12,0.0,0.0,0,0
2009-04-13,0.0,0.0,0,0
2009-04-14,0.0,0.0,0,0
2009-04-15,0.0,0.0,0,0
2009-04-16,0.0,0.0,0,0
2009-04-17,0.0,0.0,0,0
2009-04-18,0.0,0.0,0,0
2009-04-19,0.0,0.0,0,0
2009-04-20,0.0,0.0,0,0
2009-04-21,0.0,0.0,0,0
2009-04-22,0.0,0.0,0,0
2009-04-23,0.0,0.0,0,0
2009-04-24,0.0,0.0,0,0
2009-04-25,0.0,0.0,0,0
2009-04-26,0.0,0.0,0,0
2009-04-27,0.0,0.0,0,0
2009-04-28,0.0,0.0,0,0
2009-04-29,0.0,0.0,0,0
2009-04-30,0.0,0.0,0,0
2009-05-01,0.0,0.0,0,0
2009-05-02,0.0,0.0,0,0
2009-05-03,0.0,0.0,0,0
2009-05-04,0.0,0.0,0,0
2009-05-05,0.0,0.0,0,0
2009-05-06,0.0,0.0,0,0
2009-05-07,0.0,0.0,0,0
2009-05-08,0.0,0.0,0,0
2009-05-09,0.0,0.0,0,0
2009-05-10,0.0,0.0,0,0
2009-05-11,0.0,0.0,0,0
2009-05-12,0.0,0.0,0,0
2009-05-13,0.0,0.0,0,0
2009-05-14,0.0,0.0,0,0
2009-05-15,0.0,0.0,0,0
2009-05-16,0.0,0.0,0,0
2009-05-17,0.0,0.0,0,0
2009-05-18,0.0,0.0,0,0
2009-05-19,0.0,0.0,0,0
2009-05-20,0.0,0.0,0,0
2009-05-21,0.0,0.0,0,0
2009-05-22,0.0,0.0,0,0
2009-05-23,0.0,0.0,0,0
2009-05-24,0.0,0.0,0,0
2009-05-25,0.0,0.0,0,0
2009-05-26,0.0,0.0,0,0
2009-05-27,0.0,0.0,0,0
2009-05-28,0.0,0.0,0,0
2009-05-29,0.0,0.0,0,0
2009-05-30,0.0,0.0,0,0
2009-05-31,0.0,0.0,0,0
2009-06-01,0.0,0.0,0,0
2009-06-02,0.0,0.0,0,0
2009-06-03,0.0,0.0,0,0
2009-06-04,0.0,0.0,0,0
2009-06-05,0.0,0.0,0,0
2009-06-06,0.0,0.0,0,0
2009-06-07,0.0,0.0,0,0
2009-06-08,0.0,0.0,0,0
2009-06-09,0.0,0.0,0,0
2009-06-10,0.0,0.0,0,0
2009-06-11,0.0,0.0,0,0
2009-06-12,0.0,0.0,0,0
2009-06-13,0.0,0.0,0,0
2009-06-14,0.0,0.0,0,0
2009-06-15,0.0,0.0,0,0
2009-06-16,0.0,0.0,0,0
2009-06-17,0.0,0.0,0,0
2009-06-18,0.0,0.0,0,0
2009-06-19,0.0,0.0,0,0
2009-06-20,0.0,0.0,0,0
2009-06-21,0.0,0.0,0,0
2009-06-22,0.0,0.0,0,0
2009-06-23,0.0,0.0,0,0
2009-06-24,0.0,0.0,0,0
2009-06-25,0.0,0.0,0,0
2009-06-26,0.0,0.0,0,0
2009-06-27,0.0,0.0,0,0
2009-06-28,0.0,0.0,0,0
2009-06-29,0.0,0.0,0,0
2009-06-30,0.0,0.0,0,0
2009-07-01,0.0,0.0,0,0
2009-07-02,0.0,0.0,0,0
2009-07-03,0.0,0.0,0,0
2009-07-04,0.0,0.0,0,0
2009-07-05,0.0,0.0,0,0
2009-07-06,0.0,0.0,0,0
2009-07-07,0.0,0.0,0,0
2009-07-08,0.0,0.0,0,0
2009-07-09,0.0,0.0,0,0
2009-07-10,0.0,0.0,0,0
2009-07-11,0.0,0.0,0,0
2009-07-12,0.0,0.0,0,0
2009-07-13,0.0,0.0,0,0
2009-07-14,0.0,0.0,0,0
2009-07-15,0.0,0.0,0,0
2009-07-16,0.0,0.0,0,0
2009-07-17,0.0,0.0,0,0
2009-07-18,0.0,0.0,0,0
2009-07-19,0.0,0.0,0,0
2009-07-20,0.0,0.0,0,0
2009-07-21,0.0,0.0,0,0
2009-07-22,0.0,0.0,0,0
2009-07-23,0.0,0.0,0,0
2009-07-24,0.0,0.0,0,0
2009-07-25,0.0,0.0,0,0
2009-07-26,0.0,0.0,0,0
2009-07-27,0.0,0.0,0,0
2009-07-28,0.0,0.0,0,0
2009-07-29,0.0,0.0,0,0
2009-07-30,0.0,0.0,0,0
2009-07-31,0.0,0.0,0,0
2009-08-01,0.0,0.0,0,0
2009-08-02,0.0,0.0,0,0
2009-08-03,0.0,0.0,0,0
2009-08-04,0.0,0.0,0,0
2009-08-05,0.0,0.0,0,0
2009-08-06,0.0,0.0,0,0
2009-08-07,0.0,0.0,0,0
2009-08-08,0.0,0.0,0,0
2009-08-09,0.0,0.0,0,0
2009-08-10,0.0,0.0,0,0
2009-08-11,0.0,0.0,0,0
2009-08-12,0.0,0.0,0,0
2009-08-13,0.0,0.0,0,0
2009-08-14,0.0,0.0,0,0
2009-08-15,0.0,0.0,0,0
2009-08-16,0.0,0.0,0,0
2009-08-17,0.0,0.0,0,0
2009-08-18,0.0,0.0,0,0
2009-08-19,0.0,0.0,0,0
2009-08-20,0.0,0.0,0,0
2009-08-21,0.0,0.0,0,0
2009-08-22,0.0,0.0,0,0
2009-08-23,0.0,0.0,0,0
2009-08-24,0.0,0.0,0,0
2009-08-25,0.0,0.0,0,0
2009-08-26,0.0,0.0,0,0
2009-08-27,0.0,0.0,0,0
2009-08-28,0.0,0.0,0,0
2009-08-29,0.0,0.0,0,0
2009-08-30,0.0,0.0,0,0
2009-08-31,0.0,0.0,0,0
2009-09-01,0.0,0.0,0,0
2009-09-02,0.0,0.0,0,0
2009-09-03,0.0,0.0,0,0
2009-09-04,0.0,0.0,0,0
2009-09-05,0.0,0.0,0,0
2009-09-06,0.0,0.0,0,0
2009-09-07,0.0,0.0,0,0
2009-09-08,0.0,0.0,0,0
2009-09-09,0.0,0.0,0,0
2009-09-10,0.0,0.0,0,0
2009-09-11,0.0,0.0,0,0
2009-09-12,0.0,0.0,0,0
2009-09-13,0.0,0.0,0,0
2009-09-14,0.0,0.0,0,0
2009-09-15,0.0,0.0,0,0
2009-09-16,0.0,0.0,0,0
2009-09-17,0.0,0.0,0,0
2009-09-18,0.0,0.0,0,0
2009-09-19,0.0,0.0,0,0
2009-09-20,0.0,0.0,0,0
2009-09-21,0.0,0.0,0,0
2009-09-22,0.0,0.0,0,0
2009-09-23,0.0,0.0,0,0
2009-09-24,0.0,0.0,0,0
2009-09-25,0.0,0.0,0,0
2009-09-26,0.0,0.0,0,0
2009-09-27,0.0,0.0,0,0
2009-09-28,0.0,0.0,0,0
2009-09-29,0.0,0.0,0,0
2009-09-30,0.0,0.0,0,0
2009-10-01,0.0,0.0,0,0
2009-10-02,0.0,0.0,0,0
2009-10-03,0.0,0.0,0,0
2009-10-04,0.0,0.0,0,0
2009-10-05,0.0,0.0,0,0
2009-10-06,0.0,0.0,0,0
2009-10-07,0.0,0.0,0,0
2009-10-08,0.0,0.0,0,0
2009-10-09,0.0,0.0,0,0
2009-10-10,0.0,0.0,0,0
2009-10-11,0.0,0.0,0,0
2009-10-12,0.0,0.0,0,0
2009-10-13,0.0,0.0,0,0
2009-10-14,0.0,0.0,0,0
2009-10-15,0.0,0.0,0,0
2009-10-16,0.0,0.0,0,0
2009-10-17,0.0,0.0,0,0
2009-10-18,0.0,0.0,0,0
2009-10-19,0.0,0.0,0,0
2009-10-20,0.0,0.0,0,0
2009-10-21,0.0,0.0,0,0
2009-10-22,0.0,0.0,0,0
2009-10-23,0.0,0.0,0,0
2009-10-24,0.0,0.0,0,0
2009-10-25,0.0,0.0,0,0
2009-10-26,0.0,0.0,0,0
2009-10-27,0.0,0.0,0,0
2009-10-28,0.0,0.0,0,0
2009-10-29,0.0,0.0,0,0
2009-10-30,0.0,0.0,0,0
2009-10-31,0.0,0.0,0,0
2009-11-01,0.0,0.0,0,0
2009-11-02,0.0,0.0,0,0
2009-11-03,0.0,0.0,0,0
2009-11-04,0.0,0.0,0,0
2009-11-05,0.0,0.0,0,0
2009-11-06,0.0,0.0,0,0
2009-11-07,0.0,0.0,0,0
2009-11-08,0.0,0.0,0,0
2009-11-09,0.0,0.0,0,0
2009-11-10,0.0,0.0,0,0
2009-11-11,0.0,0.0,0,0
2009-11-12,0.0,0.0,0,0
2009-11-13,0.0,0.0,0,0
2009-11-14,0.0,0.0,0,0
2009-11-15,0.0,0.0,0,0
2009-11-16,0.0,0.0,0,0
2009-11-17,0.0,0.0,0,0
2009-11-18,0.0,0.0,0,0
2009-11-19,0.0,0.0,0,0
2009-11-20,0.0,0.0,0,0
2009-11-21,0.0,0.0,0,0
2009-11-22,0.0,0.0,0,0
2009-11-23,0.0,0.0,0,0
2009-11-24,0.0,0.0,0,0
2009-11-25,0.0,0.0,0,0
2009-11-26,0.0,0.0,0,0
2009-11-27,0.0,0.0,0,0
2009-11-28,0.0,0.0,0,0
2009-11-29,0.0,0.0,0,0
2009-11-30,0.0,0.0,0,0
2009-12-01,0.0,0.0,0,0
2009-12-02,0.0,0.0,0,0
2009-12-03,0.0,0.0,0,0
2009-12-04,0.0,0.0,0,0
2009-12-05,0.0,0.0,0,0
2009-12-06,0.0,0.0,0,0
2009-12-07,0.0,0.0,0,0
2009-12-08,0.0,0.0,0,0
2009-12-09,0.0,0.0,0,0
2009-12-10,0.0,0.0,0,0
2009-12-11,0.0,0.0,0,0
2009-12-12,0.0,0.0,0,0
2009-12-13,0.0,0.0,0,0
2009-12-14,0.0,0.0,0,0
2009-12-15,0.0,0.0,0,0
2009-12-16,0.0,0.0,0,0
2009-12-17,0.0,0.0,0,0
2009-12-18,0.0,0.0,0,0
2009-12-19,0.0,0.0,0,0
2009-12-20,0.0,0.0,0,0
2009-12-21,0.0,0.0,0,0
2009-12-22,0.0,0.0,0,0
2009-12-23,0.0,0.0,0,0
2009-12-24,0.0,0.0,0,0
2009-12-25,0.0,0.0,0,0
2009-12-26,0.0,0.0,0,0
2009-12-27,0.0,0.0,0,0
2009-12-28,0.0,0.0,0,0
2009-12-29,0.0,0.0,0,0
2009-12-30,0.0,0.0,0,0
2009-12-31,0.0,0.0,0,0
2010-01-01,0.0,0.0,0,0
2010-01-02,0.0,0.0,0,0
2010-01-03,0.0,0.0,0,0
2010-01-04,0.0,0.0,0,0
2010-01-05,0.0,0.0,0,0
2010-01-06,0.0,0.0,0,0
2010-01-07,0.0,0.0,0,0
2010-01-08,0.0,0.0,0,0
2010-01-09,0.0,0.0,0,0
2010-01-10,0.0,0.0,0,0
2010-01-11,0.0,0.0,0,0
2010-01-12,0.0,0.0,0,0
2010-01-13,0.0,0.0,0,0
2010-01-14,0.0,0.0,0,0
2010-01-15,0.0,0.0,0,0
2010-01-16,0.0,0.0,0,0
2010-01-17,0.0,0.0,0,0
2010-01-18,0.0,0.0,0,0
2010-01-19,0.0,0.0,0,0
2010-01-20,0.0,0.0,0,0
2010-01-21,0.0,0.0,0,0
2010-01-22,0.0,0.0,0,0
2010-01-23,0.0,0.0,0,0
2010-01-24,0.0,0.0,0,0
2010-01-25,0.0,0.0,0,0
2010-01-26,0.0,0.0,0,0
2010-01-27,0.0,0.0,0,0
2010-01-28,0.0,0.0,0,0
2010-01-29,0.0,0.0,0,0
2010-01-30,0.0,0.0,0,0
2010-01-31,0.0,0.0,0,0
2010-02-01,0.0,0.0,0,0
2010-02-02,0.0,0.0,0,0
2010-02-03,0.0,0.0,0,0
2010-02-04,0.0,0.0,0,0
2010-02-05,0.0,0.0,0,0
2010-02-06,0.0,0.0,0,0
2010-02-07,0.0,0.0,0,0
2010-02-08,0.0,0.0,0,0
2010-02-09,0.0,0.0,0,0
2010-02-10,0.0,0.0,0,0
2010-02-11,0.0,0.0,0,0
2010-02-12,0.0,0.0,0,0
2010-02-13,0.0,0.0,0,0
2010-02-14,0.0,0.0,0,0
2010-02-15,0.0,0.0,0,0
2010-02-16,0.0,0.0,0,0
2010-02-17,0.0,0.0,0,0
2010-02-18,0.0,0.0,0,0
2010-02-19,0.0,0.0,0,0
2010-02-20,0.0,0.0,0,0
2010-02-21,0.0,0.0,0,0
2010-02-22,0.0,0.0,0,0
2010-02-23,0.0,0.0,0,0
2010-02-24,0.0,0.0,0,0
2010-02-25,0.0,0.0,0,0
2010-02-26,0.0,0.0,0,0
2010-02-27,0.0,0.0,0,0
2010-02-28,0.0,0.0,0,0
2010-03-01,0.0,0.0,0,0
2010-03-02,0.0,0.0,0,0
2010-03-03,0.0,0.0,0,0
2010-03-04,0.0,0.0,0,0
2010-03-05,0.0,0.0,0,0
2010-03-06,0.0,0.0,0,0
2010-03-07,0.0,0.0,0,0
2010-03-08,0.0,0.0,0,0
2010-03-09,0.0,0.0,0,0
2010-03-10,0.0,0.0,0,0
2010-03-11,0.0,0.0,0,0
2010-03-12,0.0,0.0,0,0
2010-03-13,0.0,0.0,0,0
2010-03-14,0.0,0.0,0,0
2010-03-15,0.0,0.0,0,0
2010-03-16,0.0,0.0,0,0
2010-03-17,0.0,0.0,0,0
2010-03-18,0.0,0.0,0,0
2010-03-19,0.0,0.0,0,0
2010-03-20,0.0,0.0,0,0
2010-03-21,0.0,0.0,0,0
2010-03-22,0.0,0.0,0,0
2010-03-23,0.0,0.0,0,0
2010-03-24,0.0,0.0,0,0
2010-03-25,0.0,0.0,0,0
2010-03-26,0.0,0.0,0,0
2010-03-27,0.0,0.0,0,0
2010-03-28,0.0,0.0,0,0
2010-03-29,0.0,0.0,0,0
2010-03-30,0.0,0.0,0,0
2010-03-31,0.0,0.0,0,0
2010-04-01,0.0,0.0,0,0
2010-04-02,0.0,0.0,0,0
2010-04-03,0.0,0.0,0,0
2010-04-04,0.0,0.0,0,0
2010-04-05,0.0,0.0,0,0
2010-04-06,0.0,0.0,0,0
2010-04-07,0.0,0.0,0,0
2010-04-08,0.0,0.0,0,0
2010-04-09,0.0,0.0,0,0
2010-04-10,0.0,0.0,0,0
2010-04-11,0.0,0.0,0,0
2010-04-12,0.0,0.0,0,0
2010-04-13,0.0,0.0,0,0
2010-04-14,0.0,0.0,0,0
2010-04-15,0.0,0.0,0,0
2010-04-16,0.0,0.0,0,0
2010-04-17,0.0,0.0,0,0
2010-04-18,0.0,0.0,0,0
2010-04-19,0.0,0.0,0,0
2010-04-20,0.0,0.0,0,0
2010-04-21,0.0,0.0,0,0
2010-04-22,0.0,0.0,0,0
2010-04-23,0.0,0.0,0,0
2010-04-24,0.0,0.0,0,0
2010-04-25,0.0,0.0,0,0
2010-04-26,0.0,0.0,0,0
2010-04-27,0.0,0.0,0,0
2010-04-28,0.0,0.0,0,0
2010-04-29,0.0,0.0,0,0
2010-04-30,0.0,0.0,0,0
2010-05-01,0.0,0.0,0,0
2010-05-02,0.0,0.0,0,0
2010-05-03,0.0,0.0,0,0
2010-05-04,0.0,0.0,0,0
2010-05-05,0.0,0.0,0,0
2010-05-06,0.0,0.0,0,0
2010-05-07,0.0,0.0,0,0
2010-05-08,0.0,0.0,0,0
2010-05-09,0.0,0.0,0,0
2010-05-10,0.0,0.0,0,0
2010-05-11,0.0,0.0,0,0
2010-05-12,0.0,0.0,0,0
2010-05-13,0.0,0.0,0,0
2010-05-14,0.0,0.0,0,0
2010-05-15,0.0,0.0,0,0
2010-05-16,0.0,0.0,0,0
2010-05-17,0.0,0.0,0,0
2010-05-18,0.0,0.0,0,0
2010-05-19,0.0,0.0,0,0
2010-05-20,0.0,0.0,0,0
2010-05-21,0.0,0.0,0,0
2010-05-22,0.0,0.0,0,0
2010-05-23,0.0,0.0,0,0
2010-05-24,0.0,0.0,0,0
2010-05-25,0.0,0.0,0,0
2010-05-26,0.0,0.0,0,0
2010-05-27,0.0,0.0,0,0
2010-05-28,0.0,0.0,0,0
2010-05-29,0.0,0.0,0,0
2010-05-30,0.0,0.0,0,0
2010-05-31,0.0,0.0,0,0
2010-06-01,0.0,0.0,0,0
2010-06-02,0.0,0.0,0,0
2010-06-03,0.0,0.0,0,0
2010-06-04,0.0,0.0,0,0
2010-06-05,0.0,0.0,0,0
2010-06-06,0.0,0.0,0,0
2010-06-07,0.0,0.0,0,0
2010-06-08,0.0,0.0,0,0
2010-06-09,0.0,0.0,0,0
2010-06-10,0.0,0.0,0,0
2010-06-11,0.0,0.0,0,0
2010-06-12,0.0,0.0,0,0
2010-06-13,0.0,0.0,0,0
2010-06-14,0.0,0.0,0,0
2010-06-15,0.0,0.0,0,0
2010-06-16,0.0,0.0,0,0
2010-06-17,0.0,0.0,0,0
2010-06-18,0.0,0.0,0,0
2010-06-19,0.0,0.0,0,0
2010-06-20,0.0,0.0,0,0
2010-06-21,0.0,0.0,0,0
2010-06-22,0.0,0.0,0,0
2010-06-23,0.0,0.0,0,0
2010-06-24,0.0,0.0,0,0
2010-06-25,0.0,0.0,0,0
2010-06-26,0.0,0.0,0,0
2010-06-27,0.0,0.0,0,0
2010-06-28,0.0,0.0,0,0
2010-06-29,0.0,0.0,0,0
2010-06-30,0.0,0.0,0,0
2010-07-01,0.0,0.0,0,0
2010-07-02,0.0,0.0,0,0
2010-07-03,0.0,0.0,0,0
2010-07-04,0.0,0.0,0,0
2010-07-05,0.0,0.0,0,0
2010-07-06,0.0,0.0,0,0
2010-07-07,0.0,0.0,0,0
2010-07-08,0.0,0.0,0,0
2010-07-09,0.0,0.0,0,0
2010-07-10,0.0,0.0,0,0
2010-07-11,0.0,0.0,0,0
2010-07-12,0.0,0.0,0,0
2010-07-13,0.0,0.0,0,0
2010-07-14,0.0,0.0,0,0
2010-07-15,0.0,0.0,0,0
2010-07-16,0.0,0.0,0,0
2010-07-17,0.0,0.0,0,0
2010-07-18,0.0,0.0,0,0
2010-07-19,0.0,0.0,0,0
2010-07-20,0.0,0.0,0,0
2010-07-21,0.0,0.0,0,0
2010-07-22,0.0,0.0,0,0
2010-07-23,0.0,0.0,0,0
2010-07-24,0.0,0.0,0,0
2010-07-25,0.0,0.0,0,0
2010-07-26,0.0,0.0,0,0
2010-07-27,0.0,0.0,0,0
2010-07-28,0.0,0.0,0,0
2010-07-29,0.0,0.0,0,0
2010-07-30,0.0,0.0,0,0
2010-07-31,0.0,0.0,0,0
2010-08-01,0.0,0.0,0,0
2010-08-02,0.0,0.0,0,0
2010-08-03,0.0,0.0,0,0
2010-08-04,0.0,0.0,0,0
2010-08-05,0.0,0.0,0,0
2010-08-06,0.0,0.0,0,0
2010-08-07,0.0,0.0,0,0
2010-08-08,0.0,0.0,0,0
2010-08-09,0.0,0.0,0,0
2010-08-10,0.0,0.0,0,0
2010-08-11,0.0,0.0,0,0
2010-08-12,0.0,0.0,0,0
2010-08-13,0.0,0.0,0,0
2010-08-14,0.0,0.0,0,0
2010-08-15,0.0,0.0,0,0
2010-08-16,0.0,0.0,0,0
2010-08-17,0.0,0.0,0,0
2010-08-18,0.0,0.0,0,0
2010-08-19,0.0,0.0,0,0
2010-08-20,0.0,0.0,0,0
2010-08-21,0.0,0.0,0,0
2010-08-22,0.0,0.0,0,0
2010-08-23,0.0,0.0,0,0
2010-08-24,0.0,0.0,0,0
2010-08-25,0.0,0.0,0,0
2010-08-26,0.0,0.0,0,0
2010-08-27,0.0,0.0,0,0
2010-08-28,0.0,0.0,0,0
2010-08-29,0.0,0.0,0,0
2010-08-30,0.0,0.0,0,0
2010-08-31,0.0,0.0,0,0
2010-09-01,0.0,0.0,0,0
2010-09-02,0.0,0.0,0,0
2010-09-03,0.0,0.0,0,0
2010-09-04,0.0,0.0,0,0
2010-09-05,0.0,0.0,0,0
2010-09-06,0.0,0.0,0,0
2010-09-07,0.0,0.0,0,0
2010-09-08,0.0,0.0,0,0
2010-09-09,0.0,0.0,0,0
2010-09-10,0.0,0.0,0,0
2010-09-11,0.0,0.0,0,0
2010-09-12,0.0,0.0,0,0
2010-09-13,0.0,0.0,0,0
2010-09-14,0.0,0.0,0,0
2010-09-15,0.0,0.0,0,0
2010-09-16,0.0,0.0,0,0
2010-09-17,0.0,0.0,0,0
2010-09-18,0.0,0.0,0,0
2010-09-19,0.0,0.0,0,0
2010-09-20,0.0,0.0,0,0
2010-09-21,0.0,0.0,0,0
2010-09-22,0.0,0.0,0,0
2010-09-23,0.0,0.0,0,0
2010-09-24,0.0,0.0,0,0
2010-09-25,0.0,0.0,0,0
2010-09-26,0.0,0.0,0,0
2010-09-27,0.0,0.0,0,0
2010-09-28,0.0,0.0,0,0
2010-09-29,0.0,0.0,0,0
2010-09-30,0.0,0.0,0,0
2010-10-01,0.0,0.0,0,0
2010-10-02,0.0,0.0,0,0
2010-10-03,0.0,0.0,0,0
2010-10-04,0.0,0.0,0,0
2010-10-05,0.0,0.0,0,0
2010-10-06,0.0,0.0,0,0
2010-10-07,0.0,0.0,0,0
2010-10-08,0.0,0.0,0,0
2010-10-09,0.0,0.0,0,0
2010-10-10,0.0,0.0,0,0
2010-10-11,0.0,0.0,0,0
2010-10-12,0.0,0.0,0,0
2010-10-13,0.0,0.0,0,0
2010-10-14,0.0,0.0,0,0
2010-10-15,0.0,0.0,0,0
2010-10-16,0.0,0.0,0,0
2010-10-17,0.0,0.0,0,0
2010-10-18,0.0,0.0,0,0
2010-10-19,0.0,0.0,0,0
2010-10-20,0.0,0.0,0,0
2010-10-21,0.0,0.0,0,0
2010-10-22,0.0,0.0,0,0
2010-10-23,0.0,0.0,0,0
2010-10-24,0.0,0.0,0,0
2010-10-25,0.0,0.0,0,0
2010-10-26,0.0,0.0,0,0
2010-10-27,0.0,0.0,0,0
2010-10-28,0.0,0.0,0,0
2010-10-29,0.0,0.0,0,0
2010-10-30,0.0,0.0,0,0
2010-10-31,0.0,0.0,0,0
2010-11-01,0.0,0.0,0,0
2010-11-02,0.0,0.0,0,0
2010-11-03,0.0,0.0,0,0
2010-11-04,0.0,0.0,0,0
2010-11-05,0.0,0.0,0,0
2010-11-06,0.0,0.0,0,0
2010-11-07,0.0,0.0,0,0
2010-11-08,0.0,0.0,0,0
2010-11-09,0.0,0.0,0,0
2010-11-10,0.0,0.0,0,0
2010-11-11,0.0,0.0,0,0
2010-11-12,0.0,0.0,0,0
2010-11-13,0.0,0.0,0,0
2010-11-14,0.0,0.0,0,0
2010-11-15,0.0,0.0,0,0
2010-11-16,0.0,0.0,0,0
2010-11-17,0.0,0.0,0,0
2010-11-18,0.0,0.0,0,0
2010-11-19,0.0,0.0,0,0
2010-11-20,0.0,0.0,0,0
2010-11-21,0.0,0.0,0,0
2010-11-22,0.0,0.0,0,0
2010-11-23,0.0,0.0,0,0
2010-11-24,0.0,0.0,0,0
2010-11-25,0.0,0.0,0,0
2010-11-26,0.0,0.0,0,0
2010-11-27,0.0,0.0,0,0
2010-11-28,0.0,0.0,0,0
2010-11-29,0.0,0.0,0,0
2010-11-30,0.0,0.0,0,0
2010-12-01,0.0,0.0,0,0
2010-12-02,0.0,0.0,0,0
2010-12-03,0.0,0.0,0,0
2010-12-04,0.0,0.0,0,0
2010-12-05,0.0,0.0,0,0
2010-12-06,0.0,0.0,0,0
2010-12-07,0.0,0.0,0,0
2010-12-08,0.0,0.0,0,0
2010-12-09,0.0,0.0,0,0
2010-12-10,0.0,0.0,0,0
2010-12-11,0.0,0.0,0,0
2010-12-12,0.0,0.0,0,0
2010-12-13,0.0,0.0,0,0
2010-12-14,0.0,0.0,0,0
2010-12-15,0.0,0.0,0,0
2010-12-16,0.0,0.0,0,0
2010-12-17,0.0,0.0,0,0
2010-12-18,0.0,0.0,0,0
2010-12-19,0.0,0.0,0,0
2010-12-20,0.0,0.0,0,0
2010-12-21,0.0,0.0,0,0
2010-12-22,0.0,0.0,0,0
2010-12-23,0.0,0.0,0,0
2010-12-24,0.0,0.0,0,0
2010-12-25,0.0,0.0,0,0
2010-12-26,0.0,0.0,0,0
2010-12-27,0.0,0.0,0,0
2010-12-28,0.0,0.0,0,0
2010-12-29,0.0,0.0,0,0
2010-12-30,0.0,0.0,0,0
2010-12-31,0.0,0.0,0,0
2011-01-01,0.0,0.0,0,0
2011-01-02,0.0,0.0,0,0
2011-01-03,0.0,0.0,0,0
2011-01-04,0.0,0.0,0,0
2011-01-05,0.0,0.0,0,0
2011-01-06,0.0,0.0,0,0
2011-01-07,0.0,0.0,0,0
2011-01-08,0.0,0.0,0,0
2011-01-09,0.0,0.0,0,0
2011-01-10,0.0,0.0,0,0
2011-01-11,0.0,0.0,0,0
2011-01-12,0.0,0.0,0,0
2011-01-13,0.0,0.0,0,0
2011-01-14,0.0,0.0,0,0
2011-01-15,0.0,0.0,0,0
2011-01-16,0.0,0.0,0,0
2011-01-17,0.0,0.0,0,0
2011-01-18,0.0,0.0,0,0
2011-01-19,0.0,0.0,0,0
2011-01-20,0.0,0.0,0,0
2011-01-21,0.0,0.0,0,0
2011-01-22,0.0,0.0,0,0
2011-01-23,0.0,0.0,0,0
2011-01-24,0.0,0.0,0,0
2011-01-25,0.0,0.0,0,0
2011-01-26,0.0,0.0,0,0
2011-01-27,0.0,0.0,0,0
2011-01-28,0.0,0.0,0,0
2011-01-29,0.0,0.0,0,0
2011-01-30,0.0,0.0,0,0
2011-01-31,0.0,0.0,0,0
2011-02-01,0.0,0.0,0,0
2011-02-02,0.0,0.0,0,0
2011-02-03,0.0,0.0,0,0
2011-02-04,0.0,0.0,0,0
2011-02-05,0.0,0.0,0,0
2011-02-06,0.0,0.0,0,0
2011-02-07,0.0,0.0,0,0
2011-02-08,0.0,0.0,0,0
2011-02-09,0.0,0.0,0,0
2011-02-10,0.0,0.0,0,0
2011-02-11,0.0,0.0,0,0
2011-02-12,0.0,0.0,0,0
2011-02-13,0.0,0.0,0,0
2011-02-14,0.0,0.0,0,0
2011-02-15,0.0,0.0,0,0
2011-02-16,0.0,0.0,0,0
2011-02-17,0.0,0.0,0,0
2011-02-18,0.0,0.0,0,0
2011-02-19,0.0,0.0,0,0
2011-02-20,0.0,0.0,0,0
2011-02-21,0.0,0.0,0,0
2011-02-22,0.0,0.0,0,0
2011-02-23,0.0,0.0,0,0
2011-02-24,0.0,0.0,0,0
2011-02-25,0.0,0.0,0,0
2011-02-26,0.0,0.0,0,0
2011-02-27,0.0,0.0,0,0
2011-02-28,0.0,0.0,0,0
2011-03-01,0.0,0.0,0,0
2011-03-02,0.0,0.0,0,0
2011-03-03,0.0,0.0,0,0
2011-03-04,0.0,0.0,0,0
2011-03-05,0.0,0.0,0,0
2011-03-06,0.0,0.0,0,0
2011-03-07,0.0,0.0,0,0
2011-03-08,0.0,0.0,0,0
2011-03-09,0.0,0.0,0,0
2011-03-10,0.0,0.0,0,0
2011-03-11,0.0,0.0,0,0
2011-03-12,0.0,0.0,0,0
2011-03-13,0.0,0.0,0,0
2011-03-14,0.0,0.0,0,0
2011-03-15,0.0,0.0,0,0
2011-03-16,0.0,0.0,0,0
2011-03-17,0.0,0.0,0,0
2011-03-18,0.0,0.0,0,0
2011-03-19,0.0,0.0,0,0
2011-03-20,0.0,0.0,0,0
2011-03-21,0.0,0.0,0,0
2011-03-22,0.0,0.0,0,0
2011-03-23,0.0,0.0,0,0
2011-03-24,0.0,0.0,0,0
2011-03-25,0.0,0.0,0,0
2011-03-26,0.0,0.0,0,0
2011-03-27,0.0,0.0,0,0
2011-03-28,0.0,0.0,0,0
2011-03-29,0.0,0.0,0,0
2011-03-30,0.0,0.0,0,0
2011-03-31,0.0,0.0,0,0
2011-04-01,0.0,0.0,0,0
2011-04-02,0.0,0.0,0,0
2011-04-03,0.0,0.0,0,0
2011-04-04,0.0,0.0,0,0
2011-04-05,0.0,0.0,0,0
2011-04-06,0.0,0.0,0,0
2011-04-07,0.0,0.0,0,0
2011-04-08,0.0,0.0,0,0
2011-04-09,0.0,0.0,0,0
2011-04-10,0.0,0.0,0,0
2011-04-11,0.0,0.0,0,0
2011-04-12,0.0,0.0,0,0
2011-04-13,0.0,0.0,0,0
2011-04-14,0.0,0.0,0,0
2011-04-15,0.0,0.0,0,0
2011-04-16,0.0,0.0,0,0
2011-04-17,0.0,0.0,0,0
2011-04-18,0.0,0.0,0,0
2011-04-19,0.0,0.0,0,0
2011-04-20,0.0,0.0,0,0
2011-04-21,0.0,0.0,0,0
2011-04-22,0.0,0.0,0,0
2011-04-23,0.0,0.0,0,0
2011-04-24,0.0,0.0,0,0
2011-04-25,0.0,0.0,0,0
2011-04-26,0.0,0.0,0,0
2011-04-27,0.0,0.0,0,0
2011-04-28,0.0,0.0,0,0
2011-04-29,0.0,0.0,0,0
2011-04-30,0.0,0.0,0,0
2011-05-01,0.0,0.0,0,0
2011-05-02,0.0,0.0,0,0
2011-05-03,0.0,0.0,0,0
2011-05-04,0.0,0.0,0,0
2011-05-05,0.0,0.0,0,0
2011-05-06,0.0,0.0,0,0
2011-05-07,0.0,0.0,0,0
2011-05-08,0.0,0.0,0,0
2011-05-09,0.0,0.0,0,0
2011-05-10,0.0,0.0,0,0
2011-05-11,0.0,0.0,0,0
2011-05-12,0.0,0.0,0,0
2011-05-13,0.0,0.0,0,0
2011-05-14,0.0,0.0,0,0
2011-05-15,0.0,0.0,0,0
2011-05-16,0.0,0.0,0,0
2011-05-17,0.0,0.0,0,0
2011-05-18,0.0,0.0,0,0
2011-05-19,0.0,0.0,0,0
2011-05-20,0.0,0.0,0,0
2011-05-21,0.0,0.0,0,0
2011-05-22,0.0,0.0,0,0
2011-05-23,0.0,0.0,0,0
2011-05-24,0.0,0.0,0,0
2011-05-25,0.0,0.0,0,0
2011-05-26,0.0,0.0,0,0
2011-05-27,0.0,0.0,0,0
2011-05-28,0.0,0.0,0,0
2011-05-29,0.0,0.0,0,0
2011-05-30,0.0,0.0,0,0
2011-05-31,0.0,0.0,0,0
2011-06-01,0.0,0.0,0,0
2011-06-02,0.0,0.0,0,0
2011-06-03,0.0,0.0,0,0
2011-06-04,0.0,0.0,0,0
2011-06-05,0.0,0.0,0,0
2011-06-06,0.0,0.0,0,0
2011-06-07,0.0,0.0,0,0
2011-06-08,0.0,0.0,0,0
2011-06-09,0.0,0.0,0,0
2011-06-10,0.0,0.0,0,0
2011-06-11,0.0,0.0,0,0
2011-06-12,0.0,0.0,0,0
2011-06-13,0.0,0.0,0,0
2011-06-14,0.0,0.0,0,0
2011-06-15,0.0,0.0,0,0
2011-06-16,0.0,0.0,0,0
2011-06-17,0.0,0.0,0,0
2011-06-18,0.0,0.0,0,0
2011-06-19,0.0,0.0,0,0
2011-06-20,0.0,0.0,0,0
2011-06-21,0.0,0.0,0,0
2011-06-22,0.0,0.0,0,0
2011-06-23,0.0,0.0,0,0
2011-06-24,0.0,0.0,0,0
2011-06-25,0.0,0.0,0,0
2011-06-26,0.0,0.0,0,0
2011-06-27,0.0,0.0,0,0
2011-06-28,0.0,0.0,0,0
2011-06-29,0.0,0.0,0,0
2011-06-30,0.0,0.0,0,0
2011-07-01,0.0,0.0,0,0
2011-07-02,0.0,0.0,0,0
2011-07-03,0.0,0.0,0,0
2011-07-04,0.0,0.0,0,0
2011-07-05,0.0,0.0,0,0
2011-07-06,0.0,0.0,0,0
2011-07-07,0.0,0.0,0,0
2011-07-08,0.0,0.0,0,0
2011-07-09,0.0,0.0,0,0
2011-07-10,0.0,0.0,0,0
2011-07-11,0.0,0.0,0,0
2011-07-12,0.0,0.0,0,0
2011-07-13,0.0,0.0,0,0
2011-07-14,0.0,0.0,0,0
2011-07-15,0.0,0.0,0,0
2011-07-16,0.0,0.0,0,0
2011-07-17,0.0,0.0,0,0
2011-07-18,0.0,0.0,0,0
2011-07-19,0.0,0.0,0,0
2011-07-20,0.0,0.0,0,0
2011-07-21,0.0,0.0,0,0
2011-07-22,0.0,0.0,0,0
2011-07-23,0.0,0.0,0,0
2011-07-24,0.0,0.0,0,0
2011-07-25,0.0,0.0,0,0
2011-07-26,0.0,0.0,0,0
2011-07-27,0.0,0.0,0,0
2011-07-28,0.0,0.0,0,0
2011-07-29,0.0,0.0,0,0
2011-07-30,0.0,0.0,0,0
2011-07-31,0.0,0.0,0,0
2011-08-01,0.0,0.0,0,0
2011-08-02,0.0,0.0,0,0
2011-08-03,0.0,0.0,0,0
2011-08-04,0.0,0.0,0,0
2011-08-05,0.0,0.0,0,0
2011-08-06,0.0,0.0,0,0
2011-08-07,0.0,0.0,0,0
2011-08-08,0.0,0.0,0,0
2011-08-09,0.0,0.0,0,0
2011-08-10,0.0,0.0,0,0
2011-08-11,0.0,0.0,0,0
2011-08-12,0.0,0.0,0,0
2011-08-13,0.0,0.0,0,0
2011-08-14,0.0,0.0,0,0
2011-08-15,0.0,0.0,0,0
2011-08-16,0.0,0.0,0,0
2011-08-17,0.0,0.0,0,0
2011-08-18,0.0,0.0,0,0
2011-08-19,0.0,0.0,0,0
2011-08-20,0.0,0.0,0,0
2011-08-21,0.0,0.0,0,0
2011-08-22,0.0,0.0,0,0
2011-08-23,0.0,0.0,0,0
2011-08-24,0.0,0.0,0,0
2011-08-25,0.0,0.0,0,0
2011-08-26,0.0,0.0,0,0
2011-08-27,0.0,0.0,0,0
2011-08-28,0.0,0.0,0,0
2011-08-29,0.0,0.0,0,0
2011-08-30,0.0,0.0,0,0
2011-08-31,0.0,0.0,0,0
2011-09-01,0.0,0.0,0,0
2011-09-02,0.0,0.0,0,0
2011-09-03,0.0,0.0,0,0
2011-09-04,0.0,0.0,0,0
2011-09-05,0.0,0.0,0,0
2011-09-06,0.0,0.0,0,0
2011-09-07,0.0,0.0,0,0
2011-09-08,0.0,0.0,0,0
2011-09-09,0.0,0.0,0,0
2011-09-10,0.0,0.0,0,0
2011-09-11,0.0,0.0,0,0
2011-09-12,0.0,0.0,0,0
2011-09-13,0.0,0.0,0,0
2011-09-14,0.0,0.0,0,0
2011-09-15,0.0,0.0,0,0
2011-09-16,0.0,0.0,0,0
2011-09-17,0.0,0.0,0,0
2011-09-18,0.0,0.0,0,0
2011-09-19,0.0,0.0,0,0
2011-09-20,0.0,0.0,0,0
2011-09-21,0.0,0.0,0,0
2011-09-22,0.0,0.0,0,0
2011-09-23,0.0,0.0,0,0
2011-09-24,0.0,0.0,0,0
2011-09-25,0.0,0.0,0,0
2011-09-26,0.0,0.0,0,0
2011-09-27,0.0,0.0,0,0
2011-09-28,0.0,0.0,0,0
2011-09-29,0.0,0.0,0,0
2011-09-30,0.0,0.0,0,0
2011-10-01,0.0,0.0,0,0
2011-10-02,0.0,0.0,0,0
2011-10-03,0.0,0.0,0,0
2011-10-04,0.0,0.0,0,0
2011-10-05,0.0,0.0,0,0
2011-10-06,0.0,0.0,0,0
2011-10-07,0.0,0.0,0,0
2011-10-08,0.0,0.0,0,0
2011-10-09,0.0,0.0,0,0
2011-10-10,0.0,0.0,0,0
2011-10-11,0.0,0.0,0,0
2011-10-12,0.0,0.0,0,0
2011-10-13,0.0,0.0,0,0
2011-10-14,0.0,0.0,0,0
2011-10-15,0.0,0.0,0,0
2011-10-16,0.0,0.0,0,0
2011-10-17,0.0,0.0,0,0
2011-10-18,0.0,0.0,0,0
2011-10-19,0.0,0.0,0,0
2011-10-20,0.0,0.0,0,0
2011-10-21,0.0,0.0,0,0
2011-10-22,0.0,0.0,0,0
2011-10-23,0.0,0.0,0,0
2011-10-24,0.0,0.0,0,0
2011-10-25,0.0,0.0,0,0
2011-10-26,0.0,0.0,0,0
2011-10-27,0.0,0.0,0,0
2011-10-28,0.0,0.0,0,0
2011-10-29,0.0,0.0,0,0
2011-10-30,0.0,0.0,0,0
2011-10-31,0.0,0.0,0,0
2011-11-01,0.0,0.0,0,0
2011-11-02,0.0,0.0,0,0
2011-11-03,0.0,0.0,0,0
2011-11-04,0.0,0.0,0,0
2011-11-05,0.0,0.0,0,0
2011-11-06,0.0,0.0,0,0
2011-11-07,0.0,0.0,0,0
2011-11-08,0.0,0.0,0,0
2011-11-09,0.0,0.0,0,0
2011-11-10,0.0,0.0,0,0
2011-11-11,0.0,0.0,0,0
2011-11-12,0.0,0.0,0,0
2011-11-13,0.0,0.0,0,0
2011-11-14,0.0,0.0,0,0
2011-11-15,0.0,0.0,0,0
2011-11-16,0.0,0.0,0,0
2011-11-17,0.0,0.0,0,0
2011-11-18,0.0,0.0,0,0
2011-11-19,0.0,0.0,0,0
2011-11-20,0.0,0.0,0,0
2011-11-21,0.0,0.0,0,0
2011-11-22,0.0,0.0,0,0
2011-11-23,0.0,0.0,0,0
2011-11-24,0.0,0.0,0,0
2011-11-25,0.0,0.0,0,0
2011-11-26,0.0,0.0,0,0
2011-11-27,0.0,0.0,0,0
2011-11-28,0.0,0.0,0,0
2011-11-29,0.0,0.0,0,0
2011-11-30,0.0,0.0,0,0
2011-12-01,0.0,0.0,0,0
2011-12-02,0.0,0.0,0,0
2011-12-03,0.0,0.0,0,0
2011-12-04,0.0,0.0,0,0
2011-12-05,0.0,0.0,0,0
2011-12-06,0.0,0.0,0,0
2011-12-07,0.0,0.0,0,0
2011-12-08,0.0,0.0,0,0
2011-12-09,0.0,0.0,0,0
2011-12-10,0.0,0.0,0,0
2011-12-11,0.0,0.0,0,0
2011-12-12,0.0,0.0,0,0
2011-12-13,0.0,0.0,0,0
2011-12-14,0.0,0.0,0,0
2011-12-15,0.0,0.0,0,0
2011-12-16,0.0,0.0,0,0
2011-12-17,0.0,0.0,0,0
2011-12-18,0.0,0.0,0,0
2011-12-19,0.0,0.0,0,0
2011-12-20,0.0,0.0,0,0
2011-12-21,0.0,0.0,0,0
2011-12-22,0.0,0.0,0,0
2011-12-23,0.0,0.0,0,0
2011-12-24,0.0,0.0,0,0
2011-12-25,0.0,0.0,0,0
2011-12-26,0.0,0.0,0,0
2011-12-27,0.0,0.0,0,0
2011-12-28,0.0,0.0,0,0
2011-12-29,0.0,0.0,0,0
2011-12-30,0.0,0.0,0,0
2011-12-31,0.0,0.0,0,0
2012-01-01,0.0,0.0,0,0
2012-01-02,0.0,0.0,0,0
2012-01-03,0.0,0.0,0,0
2012-01-04,0.0,0.0,0,0
2012-01-05,0.0,0.0,0,0
2012-01-06,0.0,0.0,0,0
2012-01-07,0.0,0.0,0,0
2012-01-08,0.0,0.0,0,0
2012-01-09,0.0,0.0,0,0
2012-01-10,0.0,0.0,0,0
2012-01-11,0.0,0.0,0,0
2012-01-12,0.0,0.0,0,0
2012-01-13,0.0,0.0,0,0
2012-01-14,0.0,0.0,0,0
2012-01-15,0.0,0.0,0,0
2012-01-16,0.0,0.0,0,0
2012-01-17,0.0,0.0,0,0
2012-01-18,0.0,0.0,0,0
2012-01-19,0.0,0.0,0,0
2012-01-20,0.0,0.0,0,0
2012-01-21,0.0,0.0,0,0
2012-01-22,0.0,0.0,0,0
2012-01-23,0.0,0.0,0,0
2012-01-24,0.0,0.0,0,0
2012-01-25,0.0,0.0,0,0
2012-01-26,0.0,0.0,0,0
2012-01-27,0.0,0.0,0,0
2012-01-28,0.0,0.0,0,0
2012-01-29,0.0,0.0,0,0
2012-01-30,0.0,0.0,0,0
2012-01-31,0.0,0.0,0,0
2012-02-01,0.0,0.0,0,0
2012-02-02,0.0,0.0,0,0
2012-02-03,0.0,0.0,0,0
2012-02-04,0.0,0.0,0,0
2012-02-05,0.0,0.0,0,0
2012-02-06,0.0,0.0,0,0
2012-02-07,0.0,0.0,0,0
2012-02-08,0.0,0.0,0,0
2012-02-09,0.0,0.0,0,0
2012-02-10,0.0,0.0,0,0
2012-02-11,0.0,0.0,0,0
2012-02-12,0.0,0.0,0,0
2012-02-13,0.0,0.0,0,0
2012-02-14,0.0,0.0,0,0
2012-02-15,0.0,0.0,0,0
2012-02-16,0.0,0.0,0,0
2012-02-17,0.0,0.0,0,0
2012-02-18,0.0,0.0,0,0
2012-02-19,0.0,0.0,0,0
2012-02-20,0.0,0.0,0,0
2012-02-21,0.0,0.0,0,0
2012-02-22,0.0,0.0,0,0
2012-02-23,0.0,0.0,0,0
2012-02-24,0.0,0.0,0,0
2012-02-25,0.0,0.0,0,0
2012-02-26,0.0,0.0,0,0
2012-02-27,0.0,0.0,0,0
2012-02-28,0.0,0.0,0,0
2012-02-29,0.0,0.0,0,0
2012-03-01,0.0,0.0,0,0
2012-03-02,0.0,0.0,0,0
2012-03-03,0.0,0.0,0,0
2012-03-04,0.0,0.0,0,0
2012-03-05,0.0,0.0,0,0
2012-03-06,0.0,0.0,0,0
2012-03-07,0.0,0.0,0,0
2012-03-08,0.0,0.0,0,0
2012-03-09,0.0,0.0,0,0
2012-03-10,0.0,0.0,0,0
2012-03-11,0.0,0.0,0,0
2012-03-12,0.0,0.0,0,0
2012-03-13,0.0,0.0,0,0
2012-03-14,0.0,0.0,0,0
2012-03-15,0.0,0.0,0,0
2012-03-16,0.0,0.0,0,0
2012-03-17,0.0,0.0,0,0
2012-03-18,0.0,0.0,0,0
2012-03-19,0.0,0.0,0,0
2012-03-20,0.0,0.0,0,0
2012-03-21,0.0,0.0,0,0
2012-03-22,0.0,0.0,0,0
2012-03-23,0.0,0.0,0,0
2012-03-24,0.0,0.0,0,0
2012-03-25,0.0,0.0,0,0
2012-03-26,0.0,0.0,0,0
2012-03-27,0.0,0.0,0,0
2012-03-28,0.0,0.0,0,0
2012-03-29,0.0,0.0,0,0
2012-03-30,0.0,0.0,0,0
2012-03-31,0.0,0.0,0,0
2012-04-01,0.0,0.0,0,0
2012-04-02,0.0,0.0,0,0
2012-04-03,0.0,0.0,0,0
2012-04-04,0.0,0.0,0,0
2012-04-05,0.0,0.0,0,0
2012-04-06,0.0,0.0,0,0
2012-04-07,0.0,0.0,0,0
2012-04-08,0.0,0.0,0,0
2012-04-09,0.0,0.0,0,0
2012-04-10,0.0,0.0,0,0
2012-04-11,0.0,0.0,0,0
2012-04-12,0.0,0.0,0,0
2012-04-13,0.0,0.0,0,0
2012-04-14,0.0,0.0,0,0
2012-04-15,0.0,0.0,0,0
2012-04-16,0.0,0.0,0,0
2012-04-17,0.0,0.0,0,0
2012-04-18,0.0,0.0,0,0
2012-04-19,0.0,0.0,0,0
2012-04-20,0.0,0.0,0,0
2012-04-21,0.0,0.0,0,0
2012-04-22,0.0,0.0,0,0
2012-04-23,0.0,0.0,0,0
2012-04-24,0.0,0.0,0,0
2012-04-25,0.0,0.0,0,0
2012-04-26,0.0,0.0,0,0
2012-04-27,0.0,0.0,0,0
2012-04-28,0.0,0.0,0,0
2012-04-29,0.0,0.0,0,0
2012-04-30,0.0,0.0,0,0
2012-05-01,0.0,0.0,0,0
2012-05-02,0.0,0.0,0,0
2012-05-03,0.0,0.0,0,0
2012-05-04,0.0,0.0,0,0
2012-05-05,0.0,0.0,0,0
2012-05-06,0.0,0.0,0,0
2012-05-07,0.0,0.0,0,0
2012-05-08,0.0,0.0,0,0
2012-05-09,0.0,0.0,0,0
2012-05-10,0.0,0.0,0,0
2012-05-11,0.0,0.0,0,0
2012-05-12,0.0,0.0,0,0
2012-05-13,0.0,0.0,0,0
2012-05-14,0.0,0.0,0,0
2012-05-15,0.0,0.0,0,0
2012-05-16,0.0,0.0,0,0
2012-05-17,0.0,0.0,0,0
2012-05-18,0.0,0.0,0,0
2012-05-19,0.0,0.0,0,0
2012-05-20,0.0,0.0,0,0
2012-05-21,0.0,0.0,0,0
2012-05-22,0.0,0.0,0,0
2012-05-23,0.0,0.0,0,0
2012-05-24,0.0,0.0,0,0
2012-05-25,0.0,0.0,0,0
2012-05-26,0.0,0.0,0,0
2012-05-27,0.0,0.0,0,0
2012-05-28,0.0,0.0,0,0
2012-05-29,0.0,0.0,0,0
2012-05-30,0.0,0.0,0,0
2012-05-31,0.0,0.0,0,0
2012-06-01,0.0,0.0,0,0
2012-06-02,0.0,0.0,0,0
2012-06-03,0.0,0.0,0,0
2012-06-04,0.0,0.0,0,0
2012-06-05,0.0,0.0,0,0
2012-06-06,0.0,0.0,0,0
2012-06-07,0.0,0.0,0,0
2012-06-08,0.0,0.0,0,0
2012-06-09,0.0,0.0,0,0
2012-06-10,0.0,0.0,0,0
2012-06-11,0.0,0.0,0,0
2012-06-12,0.0,0.0,0,0
2012-06-13,0.0,0.0,0,0
2012-06-14,0.0,0.0,0,0
2012-06-15,0.0,0.0,0,0
2012-06-16,0.0,0.0,0,0
2012-06-17,0.0,0.0,0,0
2012-06-18,0.0,0.0,0,0
2012-06-19,0.0,0.0,0,0
2012-06-20,0.0,0.0,0,0
2012-06-21,0.0,0.0,0,0
2012-06-22,0.0,0.0,0,0
2012-06-23,0.0,0.0,0,0
2012-06-24,0.0,0.0,0,0
2012-06-25,0.0,0.0,0,0
2012-06-26,0.0,0.0,0,0
2012-06-27,0.0,0.0,0,0
2012-06-28,0.0,0.0,0,0
2012-06-29,0.0,0.0,0,0
2012-06-30,0.0,0.0,0,0
2012-07-01,0.0,0.0,0,0
2012-07-02,0.0,0.0,0,0
2012-07-03,0.0,0.0,0,0
2012-07-04,0.0,0.0,0,0
2012-07-05,0.0,0.0,0,0
2012-07-06,0.0,0.0,0,0
2012-07-07,0.0,0.0,0,0
2012-07-08,0.0,0.0,0,0
2012-07-09,0.0,0.0,0,0
2012-07-10,0.0,0.0,0,0
2012-07-11,0.0,0.0,0,0
2012-07-12,0.0,0.0,0,0
2012-07-13,0.0,0.0,0,0
2012-07-14,0.0,0.0,0,0
2012-07-15,0.0,0.0,0,0
2012-07-16,0.0,0.0,0,0
2012-07-17,0.0,0.0,0,0
2012-07-18,0.0,0.0,0,0
2012-07-19,0.0,0.0,0,0
2012-07-20,0.0,0.0,0,0
2012-07-21,0.0,0.0,0,0
2012-07-22,0.0,0.0,0,0
2012-07-23,0.0,0.0,0,0
2012-07-24,0.0,0.0,0,0
2012-07-25,0.0,0.0,0,0
2012-07-26,0.0,0.0,0,0
2012-07-27,0.0,0.0,0,0
2012-07-28,0.0,0.0,0,0
2012-07-29,0.0,0.0,0,0
2012-07-30,0.0,0.0,0,0
2012-07-31,0.0,0.0,0,0
2012-08-01,0.0,0.0,0,0
2012-08-02,0.0,0.0,0,0
2012-08-03,0.0,0.0,0,0
2012-08-04,0.0,0.0,0,0
2012-08-05,0.0,0.0,0,0
2012-08-06,0.0,0.0,0,0
2012-08-07,0.0,0.0,0,0
2012-08-08,0.0,0.0,0,0
2012-08-09,0.0,0.0,0,0
2012-08-10,0.0,0.0,0,0
2012-08-11,0.0,0.0,0,0
2012-08-12,0.0,0.0,0,0
2012-08-13,0.0,0.0,0,0
2012-08-14,0.0,0.0,0,0
2012-08-15,0.0,0.0,0,0
2012-08-16,0.0,0.0,0,0
2012-08-17,0.0,0.0,0,0
2012-08-18,0.0,0.0,0,0
2012-08-19,0.0,0.0,0,0
2012-08-20,0.0,0.0,0,0
2012-08-21,0.0,0.0,0,0
2012-08-22,0.0,0.0,0,0
2012-08-23,0.0,0.0,0,0
2012-08-24,0.0,0.0,0,0
2012-08-25,0.0,0.0,0,0
2012-08-26,0.0,0.0,0,0
2012-08-27,0.0,0.0,0,0
2012-08-28,0.0,0.0,0,0
2012-08-29,0.0,0.0,0,0
2012-08-30,0.0,0.0,0,0
2012-08-31,0.0,0.0,0,0
2012-09-01,0.0,0.0,0,0
2012-09-02,0.0,0.0,0,0
2012-09-03,0.0,0.0,0,0
2012-09-04,0.0,0.0,0,0
2012-09-05,0.0,0.0,0,0
2012-09-06,0.0,0.0,0,0
2012-09-07,0.0,0.0,0,0
2012-09-08,0.0,0.0,0,0
2012-09-09,0.0,0.0,0,0
2012-09-10,0.0,0.0,0,0
2012-09-11,0.0,0.0,0,0
2012-09-12,0.0,0.0,0,0
2012-09-13,0.0,0.0,0,0
2012-09-14,0.0,0.0,0,0
2012-09-15,0.0,0.0,0,0
2012-09-16,0.0,0.0,0,0
2012-09-17,0.0,0.0,0,0
2012-09-18,0.0,0.0,0,0
2012-09-19,0.0,0.0,0,0
2012-09-20,0.0,0.0,0,0
2012-09-21,0.0,0.0,0,0
2012-09-22,0.0,0.0,0,0
2012-09-23,0.0,0.0,0,0
2012-09-24,0.0,0.0,0,0
2012-09-25,0.0,0.0,0,0
2012-09-26,0.0,0.0,0,0
2012-09-27,0.0,0.0,0,0
2012-09-28,0.0,0.0,0,0
2012-09-29,0.0,0.0,0,0
2012-09-30,0.0,0.0,0,0
2012-10-01,0.0,0.0,0,0
2012-10-02,0.0,0.0,0,0
2012-10-03,0.0,0.0,0,0
2012-10-04,0.0,0.0,0,0
2012-10-05,0.0,0.0,0,0
2012-10-06,0.0,0.0,0,0
2012-10-07,0.0,0.0,0,0
2012-10-08,0.0,0.0,0,0
2012-10-09,0.0,0.0,0,0
2012-10-10,0.0,0.0,0,0
2012-10-11,0.0,0.0,0,0
2012-10-12,0.0,0.0,0,0
2012-10-13,0.0,0.0,0,0
2012-10-14,0.0,0.0,0,0
2012-10-15,0.0,0.0,0,0
2012-10-16,0.0,0.0,0,0
2012-10-17,0.0,0.0,0,0
2012-10-18,0.0,0.0,0,0
2012-10-19,0.0,0.0,0,0
2012-10-20,0.0,0.0,0,0
2012-10-21,0.0,0.0,0,0
2012-10-22,0.0,0.0,0,0
2012-10-23,0.0,0.0,0,0
2012-10-24,0.0,0.0,0,0
2012-10-25,0.0,0.0,0,0
2012-10-26,0.0,0.0,0,0
2012-10-27,0.0,0.0,0,0
2012-10-28,0.0,0.0,0,0
2012-10-29,0.0,0.0,0,0
2012-10-30,0.0,0.0,0,0
2012-10-31,0.0,0.0,0,0
2012-11-01,0.0,0.0,0,0
2012-11-02,0.0,0.0,0,0
2012-11-03,0.0,0.0,0,0
2012-11-04,0.0,0.0,0,0
2012-11-05,0.0,0.0,0,0
2012-11-06,0.0,0.0,0,0
2012-11-07,0.0,0.0,0,0
2012-11-08,0.0,0.0,0,0
2012-11-09,0.0,0.0,0,0
2012-11-10,0.0,0.0,0,0
2012-11-11,0.0,0.0,0,0
2012-11-12,0.0,0.0,0,0
2012-11-13,0.0,0.0,0,0
2012-11-14,0.0,0.0,0,0
2012-11-15,0.0,0.0,0,0
2012-11-16,0.0,0.0,0,0
2012-11-17,0.0,0.0,0,0
2012-11-18,0.0,0.0,0,0
2012-11-19,0.0,0.0,0,0
2012-11-20,0.0,0.0,0,0
2012-11-21,0.0,0.0,0,0
2012-11-22,0.0,0.0,0,0
2012-11-23,0.0,0.0,0,0
2012-11-24,0.0,0.0,0,0
2012-11-25,0.0,0.0,0,0
2012-11-26,0.0,0.0,0,0
2012-11-27,0.0,0.0,0,0
2012-11-28,0.0,0.0,0,0
2012-11-29,0.0,0.0,0,0
2012-11-30,0.0,0.0,0,0
2012-12-01,0.0,0.0,0,0
2012-12-02,0.0,0.0,0,0
2012-12-03,0.0,0.0,0,0
2012-12-04,0.0,0.0,0,0
2012-12-05,0.0,0.0,0,0
2012-12-06,0.0,0.0,0,0
2012-12-07,0.0,0.0,0,0
2012-12-08,0.0,0.0,0,0
2012-12-09,0.0,0.0,0,0
2012-12-10,0.0,0.0,0,0
2012-12-11,0.0,0.0,0,0
2012-12-12,0.0,0.0,0,0
2012-12-13,0.0,0.0,0,0
2012-12-14,0.0,0.0,0,0
2012-12-15,0.0,0.0,0,0
2012-12-16,0.0,0.0,0,0
2012-12-17,0.0,0.0,0,0
2012-12-18,0.0,0.0,0,0
2012-12-19,0.0,0.0,0,0
2012-12-20,0.0,0.0,0,0
2012-12-21,0.0,0.0,0,0
2012-12-22,0.0,0.0,0,0
2012-12-23,0.0,0.0,0,0
2012-12-24,0.0,0.0,0,0
2012-12-25,0.0,0.0,0,0
2012-12-26,0.0,0.0,0,0
2012-12-27,0.0,0.0,0,0
2012-12-28,0.0,0.0,0,0
2012-12-29,0.0,0.0,0,0
2012-12-30,0.0,0.0,0,0
2012-12-31,0.0,0.0,0,0
2013-01-01,0.0,0.0,0,0
2013-01-02,0.0,0.0,0,0
2013-01-03,0.0,0.0,0,0
2013-01-04,0.0,0.0,0,0
2013-01-05,0.0,0.0,0,0
2013-01-06,0.0,0.0,0,0
2013-01-07,0.0,0.0,0,0
2013-01-08,0.0,0.0,0,0
2013-01-09,0.0,0.0,0,0
2013-01-10,0.0,0.0,0,0
2013-01-11,0.0,0.0,0,0
2013-01-12,0.0,0.0,0,0
2013-01-13,0.0,0.0,0,0
2013-01-14,0.0,0.0,0,0
2013-01-15,0.0,0.0,0,0
2013-01-16,0.0,0.0,0,0
2013-01-17,0.0,0.0,0,0
2013-01-18,0.0,0.0,0,0
2013-01-19,0.0,0.0,0,0
2013-01-20,0.0,0.0,0,0
2013-01-21,0.0,0.0,0,0
2013-01-22,0.0,0.0,0,0
2013-01-23,0.0,0.0,0,0
2013-01-24,0.0,0.0,0,0
2013-01-25,0.0,0.0,0,0
2013-01-26,0.0,0.0,0,0
2013-01-27,0.0,0.0,0,0
2013-01-28,0.0,0.0,0,0
2013-01-29,0.0,0.0,0,0
2013-01-30,0.0,0.0,0,0
2013-01-31,0.0,0.0,0,0
2013-02-01,0.0,0.0,0,0
2013-02-02,0.0,0.0,0,0
2013-02-03,0.0,0.0,0,0
2013-02-04,0.0,0.0,0,0
2013-02-05,0.0,0.0,0,0
2013-02-06,0.0,0.0,0,0
2013-02-07,0.0,0.0,0,0
2013-02-08,0.0,0.0,0,0
2013-02-09,0.0,0.0,0,0
2013-02-10,0.0,0.0,0,0
2013-02-11,0.0,0.0,0,0
2013-02-12,0.0,0.0,0,0
2013-02-13,0.0,0.0,0,0
2013-02-14,0.0,0.0,0,0
2013-02-15,0.0,0.0,0,0
2013-02-16,0.0,0.0,0,0
2013-02-17,0.0,0.0,0,0
2013-02-18,0.0,0.0,0,0
2013-02-19,0.0,0.0,0,0
2013-02-20,0.0,0.0,0,0
2013-02-21,0.0,0.0,0,0
2013-02-22,0.0,0.0,0,0
2013-02-23,0.0,0.0,0,0
2013-02-24,0.0,0.0,0,0
2013-02-25,0.0,0.0,0,0
2013-02-26,0.0,0.0,0,0
2013-02-27,0.0,0.0,0,0
2013-02-28,0.0,0.0,0,0
2013-03-01,0.0,0.0,0,0
2013-03-02,0.0,0.0,0,0
2013-03-03,0.0,0.0,0,0
2013-03-04,0.0,0.0,0,0
2013-03-05,0.0,0.0,0,0
2013-03-06,0.0,0.0,0,0
2013-03-07,0.0,0.0,0,0
2013-03-08,0.0,0.0,0,0
2013-03-09,0.0,0.0,0,0
2013-03-10,0.0,0.0,0,0
2013-03-11,0.0,0.0,0,0
2013-03-12,0.0,0.0,0,0
2013-03-13,0.0,0.0,0,0
2013-03-14,0.0,0.0,0,0
2013-03-15,0.0,0.0,0,0
2013-03-16,0.0,0.0,0,0
2013-03-17,0.0,0.0,0,0
2013-03-18,0.0,0.0,0,0
2013-03-19,0.0,0.0,0,0
2013-03-20,0.0,0.0,0,0
2013-03-21,0.0,0.0,0,0
2013-03-22,0.0,0.0,0,0
2013-03-23,0.0,0.0,0,0
2013-03-24,0.0,0.0,0,0
2013-03-25,0.0,0.0,0,0
2013-03-26,0.0,0.0,0,0
2013-03-27,0.0,0.0,0,0
2013-03-28,0.0,0.0,0,0
2013-03-29,0.0,0.0,0,0
2013-03-30,0.0,0.0,0,0
2013-03-31,0.0,0.0,0,0
2013-04-01,0.0,0.0,0,0
2013-04-02,0.0,0.0,0,0
2013-04-03,0.0,0.0,0,0
2013-04-04,0.0,0.0,0,0
2013-04-05,0.0,0.0,0,0
2013-04-06,0.0,0.0,0,0
2013-04-07,0.0,0.0,0,0
2013-04-08,0.0,0.0,0,0
2013-04-09,0.0,0.0,0,0
2013-04-10,0.0,0.0,0,0
2013-04-11,0.0,0.0,0,0
2013-04-12,0.0,0.0,0,0
2013-04-13,0.0,0.0,0,0
2013-04-14,0.0,0.0,0,0
2013-04-15,0.0,0.0,0,0
2013-04-16,0.0,0.0,0,0
2013-04-17,0.0,0.0,0,0
2013-04-18,0.0,0.0,0,0
2013-04-19,0.0,0.0,0,0
2013-04-20,0.0,0.0,0,0
2013-04-21,0.0,0.0,0,0
2013-04-22,0.0,0.0,0,0
2013-04-23,0.0,0.0,0,0
2013-04-24,0.0,0.0,0,0
2013-04-25,0.0,0.0,0,0
2013-04-26,0.0,0.0,0,0
2013-04-27,0.0,0.0,0,0
2013-04-28,0.0,0.0,0,0
2013-04-29,0.0,0.0,0,0
2013-04-30,0.0,0.0,0,0
2013-05-01,0.0,0.0,0,0
2013-05-02,0.0,0.0,0,0
2013-05-03,0.0,0.0,0,0
2013-05-04,0.0,0.0,0,0
2013-05-05,0.0,0.0,0,0
2013-05-06,0.0,0.0,0,0
2013-05-07,0.0,0.0,0,0
2013-05-08,0.0,0.0,0,0
2013-05-09,0.0,0.0,0,0
2013-05-10,0.0,0.0,0,0
2013-05-11,0.0,0.0,0,0
2013-05-12,0.0,0.0,0,0
2013-05-13,0.0,0.0,0,0
2013-05-14,0.0,0.0,0,0
2013-05-15,0.0,0.0,0,0
2013-05-16,0.0,0.0,0,0
2013-05-17,0.0,0.0,0,0
2013-05-18,0.0,0.0,0,0
2013-05-19,0.0,0.0,0,0
2013-05-20,0.0,0.0,0,0
2013-05-21,0.0,0.0,0,0
2013-05-22,0.0,0.0,0,0
2013-05-23,0.0,0.0,0,0
2013-05-24,0.0,0.0,0,0
2013-05-25,0.0,0.0,0,0
2013-05-26,0.0,0.0,0,0
2013-05-27,0.0,0.0,0,0
2013-05-28,0.0,0.0,0,0
2013-05-29,0.0,0.0,0,0
2013-05-30,0.0,0.0,0,0
2013-05-31,0.0,0.0,0,0
2013-06-01,0.0,0.0,0,0
2013-06-02,0.0,0.0,0,0
2013-06-03,0.0,0.0,0,0
2013-06-04,0.0,0.0,0,0
2013-06-05,0.0,0.0,0,0
2013-06-06,0.0,0.0,0,0
2013-06-07,0.0,0.0,0,0
2013-06-08,0.0,0.0,0,0
2013-06-09,0.0,0.0,0,0
2013-06-10,0.0,0.0,0,0
2013-06-11,0.0,0.0,0,0
2013-06-12,0.0,0.0,0,0
2013-06-13,0.0,0.0,0,0
2013-06-14,0.0,0.0,0,0
2013-06-15,0.0,0.0,0,0
2013-06-16,0.0,0.0,0,0
2013-06-17,0.0,0.0,0,0
2013-06-18,0.0,0.0,0,0
2013-06-19,0.0,0.0,0,0
2013-06-20,0.0,0.0,0,0
2013-06-21,0.0,0.0,0,0
2013-06-22,0.0,0.0,0,0
2013-06-23,0.0,0.0,0,0
2013-06-24,0.0,0.0,0,0
2013-06-25,0.0,0.0,0,0
2013-06-26,0.0,0.0,0,0
2013-06-27,0.0,0.0,0,0
2013-06-28,0.0,0.0,0,0
2013-06-29,0.0,0.0,0,0
2013-06-30,0.0,0.0,0,0
2013-07-01,0.0,0.0,0,0
2013-07-02,0.0,0.0,0,0
2013-07-03,0.0,0.0,0,0
2013-07-04,0.0,0.0,0,0
2013-07-05,0.0,0.0,0,0
2013-07-06,0.0,0.0,0,0
2013-07-07,0.0,0.0,0,0
2013-07-08,0.0,0.0,0,0
2013-07-09,0.0,0.0,0,0
2013-07-10,0.0,0.0,0,0
2013-07-11,0.0,0.0,0,0
2013-07-12,0.0,0.0,0,0
2013-07-13,0.0,0.0,0,0
2013-07-14,0.0,0.0,0,0
2013-07-15,0.0,0.0,0,0
2013-07-16,0.0,0.0,0,0
2013-07-17,0.0,0.0,0,0
2013-07-18,0.0,0.0,0,0
2013-07-19,0.0,0.0,0,0
2013-07-20,0.0,0.0,0,0
2013-07-21,0.0,0.0,0,0
2013-07-22,0.0,0.0,0,0
2013-07-23,0.0,0.0,0,0
2013-07-24,0.0,0.0,0,0
2013-07-25,0.0,0.0,0,0
2013-07-26,0.0,0.0,0,0
2013-07-27,0.0,0.0,0,0
2013-07-28,0.0,0.0,0,0
2013-07-29,0.0,0.0,0,0
2013-07-30,0.0,0.0,0,0
2013-07-31,0.0,0.0,0,0
2013-08-01,0.0,0.0,0,0
2013-08-02,0.0,0.0,0,0
2013-08-03,0.0,0.0,0,0
2013-08-04,0.0,0.0,0,0
2013-08-05,0.0,0.0,0,0
2013-08-06,0.0,0.0,0,0
2013-08-07,0.0,0.0,0,0
2013-08-08,0.0,0.0,0,0
2013-08-09,0.0,0.0,0,0
2013-08-10,0.0,0.0,0,0
2013-08-11,0.0,0.0,0,0
2013-08-12,0.0,0.0,0,0
2013-08-13,0.0,0.0,0,0
2013-08-14,0.0,0.0,0,0
2013-08-15,0.0,0.0,0,0
2013-08-16,0.0,0.0,0,0
2013-08-17,0.0,0.0,0,0
2013-08-18,0.0,0.0,0,0
2013-08-19,0.0,0.0,0,0
2013-08-20,0.0,0.0,0,0
2013-08-21,0.0,0.0,0,0
2013-08-22,0.0,0.0,0,0
2013-08-23,0.0,0.0,0,0
2013-08-24,0.0,0.0,0,0
2013-08-25,0.0,0.0,0,0
2013-08-26,0.0,0.0,0,0
2013-08-27,0.0,0.0,0,0
2013-08-28,0.0,0.0,0,0
2013-08-29,0.0,0.0,0,0
2013-08-30,0.0,0.0,0,0
2013-08-31,0.0,0.0,0,0
2013-09-01,0.0,0.0,0,0
2013-09-02,0.0,0.0,0,0
2013-09-03,0.0,0.0,0,0
2013-09-04,0.0,0.0,0,0
2013-09-05,0.0,0.0,0,0
2013-09-06,0.0,0.0,0,0
2013-09-07,0.0,0.0,0,0
2013-09-08,0.0,0.0,0,0
2013-09-09,0.0,0.0,0,0
2013-09-10,0.0,0.0,0,0
2013-09-11,0.0,0.0,0,0
2013-09-12,0.0,0.0,0,0
2013-09-13,0.0,0.0,0,0
2013-09-14,0.0,0.0,0,0
2013-09-15,0.0,0.0,0,0
2013-09-16,0.0,0.0,0,0
2013-09-17,0.0,0.0,0,0
2013-09-18,0.0,0.0,0,0
2013-09-19,0.0,0.0,0,0
2013-09-20,0.0,0.0,0,0
2013-09-21,0.0,0.0,0,0
2013-09-22,0.0,0.0,0,0
2013-09-23,0.0,0.0,0,0
2013-09-24,0.0,0.0,0,0
2013-09-25,0.0,0.0,0,0
2013-09-26,0.0,0.0,0,0
2013-09-27,0.0,0.0,0,0
2013-09-28,0.0,0.0,0,0
2013-09-29,0.0,0.0,0,0
2013-09-30,0.0,0.0,0,0
2013-10-01,0.0,0.0,0,0
2013-10-02,0.0,0.0,0,0
2013-10-03,0.0,0.0,0,0
2013-10-04,0.0,0.0,0,0
2013-10-05,0.0,0.0,0,0
2013-10-06,0.0,0.0,0,0
2013-10-07,0.0,0.0,0,0
2013-10-08,0.0,0.0,0,0
2013-10-09,0.0,0.0,0,0
2013-10-10,0.0,0.0,0,0
2013-10-11,0.0,0.0,0,0
2013-10-12,0.0,0.0,0,0
2013-10-13,0.0,0.0,0,0
2013-10-14,0.0,0.0,0,0
2013-10-15,0.0,0.0,0,0
2013-10-16,0.0,0.0,0,0
2013-10-17,0.0,0.0,0,0
2013-10-18,0.0,0.0,0,0
2013-10-19,0.0,0.0,0,0
2013-10-20,0.0,0.0,0,0
2013-10-21,0.0,0.0,0,0
2013-10-22,0.0,0.0,0,0
2013-10-23,0.0,0.0,0,0
2013-10-24,0.0,0.0,0,0
2013-10-25,0.0,0.0,0,0
2013-10-26,0.0,0.0,0,0
2013-10-27,0.0,0.0,0,0
2013-10-28,0.0,0.0,0,0
2013-10-29,0.0,0.0,0,0
2013-10-30,0.0,0.0,0,0
2013-10-31,0.0,0.0,0,0
2013-11-01,0.0,0.0,0,0
2013-11-02,0.0,0.0,0,0
2013-11-03,0.0,0.0,0,0
2013-11-04,0.0,0.0,0,0
2013-11-05,0.0,0.0,0,0
2013-11-06,0.0,0.0,0,0
2013-11-07,0.0,0.0,0,0
2013-11-08,0.0,0.0,0,0
2013-11-09,0.0,0.0,0,0
2013-11-10,0.0,0.0,0,0
2013-11-11,0.0,0.0,0,0
2013-11-12,0.0,0.0,0,0
2013-11-13,0.0,0.0,0,0
2013-11-14,0.0,0.0,0,0
2013-11-15,0.0,0.0,0,0
2013-11-16,0.0,0.0,0,0
2013-11-17,0.0,0.0,0,0
2013-11-18,0.0,0.0,0,0
2013-11-19,0.0,0.0,0,0
2013-11-20,0.0,0.0,0,0
2013-11-21,0.0,0.0,0,0
2013-11-22,0.0,0.0,0,0
2013-11-23,0.0,0.0,0,0
2013-11-24,0.0,0.0,0,0
2013-11-25,0.0,0.0,0,0
2013-11-26,0.0,0.0,0,0
2013-11-27,0.0,0.0,0,0
2013-11-28,0.0,0.0,0,0
2013-11-29,0.0,0.0,0,0
2013-11-30,0.0,0.0,0,0
2013-12-01,0.0,0.0,0,0
2013-12-02,0.0,0.0,0,0
2013-12-03,0.0,0.0,0,0
2013-12-04,0.0,0.0,0,0
2013-12-05,0.0,0.0,0,0
2013-12-06,0.0,0.0,0,0
2013-12-07,0.0,0.0,0,0
2013-12-08,0.0,0.0,0,0
2013-12-09,0.0,0.0,0,0
2013-12-10,0.0,0.0,0,0
2013-12-11,0.0,0.0,0,0
2013-12-12,0.0,0.0,0,0
2013-12-13,0.0,0.0,0,0
2013-12-14,0.0,0.0,0,0
2013-12-15,0.0,0.0,0,0
2013-12-16,0.0,0.0,0,0
2013-12-17,0.0,0.0,0,0
2013-12-18,0.0,0.0,0,0
2013-12-19,0.0,0.0,0,0
2013-12-20,0.0,0.0,0,0
2013-12-21,0.0,0.0,0,0
2013-12-22,0.0,0.0,0,0
2013-12-23,0.0,0.0,0,0
2013-12-24,0.0,0.0,0,0
2013-12-25,0.0,0.0,0,0
2013-12-26,0.0,0.0,0,0
2013-12-27,0.0,0.0,0,0
2013-12-28,0.0,0.0,0,0
2013-12-29,0.0,0.0,0,0
2013-12-30,0.0,0.0,0,0
2013-12-31,0.0,0.0,0,0
2014-01-01,0.0,0.0,0,0
2014-01-02,0.0,0.0,0,0
2014-01-03,0.0,0.0,0,0
2014-01-04,0.0,0.0,0,0
2014-01-05,0.0,0.0,0,0
2014-01-06,0.0,0.0,0,0
2014-01-07,0.0,0.0,0,0
2014-01-08,0.0,0.0,0,0
2014-01-09,0.0,0.0,0,0
2014-01-10,0.0,0.0,0,0
2014-01-11,0.0,0.0,0,0
2014-01-12,0.0,0.0,0,0
2014-01-13,0.0,0.0,0,0
2014-01-14,0.0,0.0,0,0
2014-01-15,0.0,0.0,0,0
2014-01-16,0.0,0.0,0,0
2014-01-17,0.0,0.0,0,0
2014-01-18,0.0,0.0,0,0
2014-01-19,0.0,0.0,0,0
2014-01-20,0.0,0.0,0,0
2014-01-21,0.0,0.0,0,0
2014-01-22,0.0,0.0,0,0
2014-01-23,0.0,0.0,0,0
2014-01-24,0.0,0.0,0,0
2014-01-25,0.0,0.0,0,0
2014-01-26,0.0,0.0,0,0
2014-01-27,0.0,0.0,0,0
2014-01-28,0.0,0.0,0,0
2014-01-29,0.0,0.0,0,0
2014-01-30,0.0,0.0,0,0
2014-01-31,0.0,0.0,0,0
2014-02-01,0.0,0.0,0,0
2014-02-02,0.0,0.0,0,0
2014-02-03,0.0,0.0,0,0
2014-02-04,0.0,0.0,0,0
2014-02-05,0.0,0.0,0,0
2014-02-06,0.0,0.0,0,0
2014-02-07,0.0,0.0,0,0
2014-02-08,0.0,0.0,0,0
2014-02-09,0.0,0.0,0,0
2014-02-10,0.0,0.0,0,0
2014-02-11,0.0,0.0,0,0
2014-02-12,0.0,0.0,0,0
2014-02-13,0.0,0.0,0,0
2014-02-14,0.0,0.0,0,0
2014-02-15,0.0,0.0,0,0
2014-02-16,0.0,0.0,0,0
2014-02-17,0.0,0.0,0,0
2014-02-18,0.0,0.0,0,0
2014-02-19,0.0,0.0,0,0
2014-02-20,0.0,0.0,0,0
2014-02-21,0.0,0.0,0,0
2014-02-22,0.0,0.0,0,0
2014-02-23,0.0,0.0,0,0
2014-02-24,0.0,0.0,0,0
2014-02-25,0.0,0.0,0,0
2014-02-26,0.0,0.0,0,0
2014-02-27,0.0,0.0,0,0
2014-02-28,0.0,0.0,0,0
2014-03-01,0.0,0.0,0,0
2014-03-02,0.0,0.0,0,0
2014-03-03,0.0,0.0,0,0
2014-03-04,0.0,0.0,0,0
2014-03-05,0.0,0.0,0,0
2014-03-06,0.0,0.0,0,0
2014-03-07,0.0,0.0,0,0
2014-03-08,0.0,0.0,0,0
2014-03-09,0.0,0.0,0,0
2014-03-10,0.0,0.0,0,0
2014-03-11,0.0,0.0,0,0
2014-03-12,0.0,0.0,0,0
2014-03-13,0.0,0.0,0,0
2014-03-14,0.0,0.0,0,0
2014-03-15,0.0,0.0,0,0
2014-03-16,0.0,0.0,0,0
2014-03-17,0.0,0.0,0,0
2014-03-18,0.0,0.0,0,0
2014-03-19,0.0,0.0,0,0
2014-03-20,0.0,0.0,0,0
2014-03-21,0.0,0.0,0,0
2014-03-22,0.0,0.0,0,0
2014-03-23,0.0,0.0,0,0
2014-03-24,0.0,0.0,0,0
2014-03-25,0.0,0.0,0,0
2014-03-26,0.0,0.0,0,0
2014-03-27,0.0,0.0,0,0
2014-03-28,0.0,0.0,0,0
2014-03-29,0.0,0.0,0,0
2014-03-30,0.0,0.0,0,0
2014-03-31,0.0,0.0,0,0
2014-04-01,0.0,0.0,0,0
2014-04-02,0.0,0.0,0,0
2014-04-03,0.0,0.0,0,0
2014-04-04,0.0,0.0,0,0
2014-04-05,0.0,0.0,0,0
2014-04-06,0.0,0.0,0,0
2014-04-07,0.0,0.0,0,0
2014-04-08,0.0,0.0,0,0
2014-04-09,0.0,0.0,0,0
2014-04-10,0.0,0.0,0,0
2014-04-11,0.0,0.0,0,0
2014-04-12,0.0,0.0,0,0
2014-04-13,0.0,0.0,0,0
2014-04-14,0.0,0.0,0,0
2014-04-15,0.0,0.0,0,0
2014-04-16,0.0,0.0,0,0
2014-04-17,0.0,0.0,0,0
2014-04-18,0.0,0.0,0,0
2014-04-19,0.0,0.0,0,0
2014-04-20,0.0,0.0,0,0
2014-04-21,0.0,0.0,0,0
2014-04-22,0.0,0.0,0,0
2014-04-23,0.0,0.0,0,0
2014-04-24,0.0,0.0,0,0
2014-04-25,0.0,0.0,0,0
2014-04-26,0.0,0.0,0,0
2014-04-27,0.0,0.0,0,0
2014-04-28,0.0,0.0,0,0
2014-04-29,0.0,0.0,0,0
2014-04-30,0.0,0.0,0,0
2014-05-01,0.0,0.0,0,0
2014-05-02,0.0,0.0,0,0
2014-05-03,0.0,0.0,0,0
2014-05-04,0.0,0.0,0,0
2014-05-05,0.0,0.0,0,0
2014-05-06,0.0,0.0,0,0
2014-05-07,0.0,0.0,0,0
2014-05-08,0.0,0.0,0,0
2014-05-09,0.0,0.0,0,0
2014-05-10,0.0,0.0,0,0
2014-05-11,0.0,0.0,0,0
2014-05-12,0.0,0.0,0,0
2014-05-13,0.0,0.0,0,0
2014-05-14,0.0,0.0,0,0
2014-05-15,0.0,0.0,0,0
2014-05-16,0.0,0.0,0,0
2014-05-17,0.0,0.0,0,0
2014-05-18,0.0,0.0,0,0
2014-05-19,0.0,0.0,0,0
2014-05-20,0.0,0.0,0,0
2014-05-21,0.0,0.0,0,0
2014-05-22,0.0,0.0,0,0
2014-05-23,0.0,0.0,0,0
2014-05-24,0.0,0.0,0,0
2014-05-25,0.0,0.0,0,0
2014-05-26,0.0,0.0,0,0
2014-05-27,0.0,0.0,0,0
2014-05-28,0.0,0.0,0,0
2014-05-29,0.0,0.0,0,0
2014-05-30,0.0,0.0,0,0
2014-05-31,0.0,0.0,0,0
2014-06-01,0.0,0.0,0,0
2014-06-02,0.0,0.0,0,0
2014-06-03,0.0,0.0,0,0
2014-06-04,0.0,0.0,0,0
2014-06-05,0.0,0.0,0,0
2014-06-06,0.0,0.0,0,0
2014-06-07,0.0,0.0,0,0
2014-06-08,0.0,0.0,0,0
2014-06-09,0.0,0.0,0,0
2014-06-10,0.0,0.0,0,0
2014-06-11,0.0,0.0,0,0
2014-06-12,0.0,0.0,0,0
2014-06-13,0.0,0.0,0,0
2014-06-14,0.0,0.0,0,0
2014-06-15,0.0,0.0,0,0
2014-06-16,0.0,0.0,0,0
2014-06-17,0.0,0.0,0,0
2014-06-18,0.0,0.0,0,0
2014-06-19,0.0,0.0,0,0
2014-06-20,0.0,0.0,0,0
2014-06-21,0.0,0.0,0,0
2014-06-22,0.0,0.0,0,0
2014-06-23,0.0,0.0,0,0
2014-06-24,0.0,0.0,0,0
2014-06-25,0.0,0.0,0,0
2014-06-26,0.0,0.0,0,0
2014-06-27,0.0,0.0,0,0
2014-06-28,0.0,0.0,0,0
2014-06-29,0.0,0.0,0,0
2014-06-30,0.0,0.0,0,0
2014-07-01,0.0,0.0,0,0
2014-07-02,0.0,0.0,0,0
2014-07-03,0.0,0.0,0,0
2014-07-04,0.0,0.0,0,0
2014-07-05,0.0,0.0,0,0
2014-07-06,0.0,0.0,0,0
2014-07-07,0.0,0.0,0,0
2014-07-08,0.0,0.0,0,0
2014-07-09,0.0,0.0,0,0
2014-07-10,0.0,0.0,0,0
2014-07-11,0.0,0.0,0,0
2014-07-12,0.0,0.0,0,0
2014-07-13,0.0,0.0,0,0
2014-07-14,0.0,0.0,0,0
2014-07-15,0.0,0.0,0,0
2014-07-16,0.0,0.0,0,0
2014-07-17,0.0,0.0,0,0
2014-07-18,0.0,0.0,0,0
2014-07-19,0.0,0.0,0,0
2014-07-20,0.0,0.0,0,0
2014-07-21,0.0,0.0,0,0
2014-07-22,0.0,0.0,0,0
2014-07-23,0.0,0.0,0,0
2014-07-24,0.0,0.0,0,0
2014-07-25,0.0,0.0,0,0
2014-07-26,0.0,0.0,0,0
2014-07-27,0.0,0.0,0,0
2014-07-28,0.0,0.0,0,0
2014-07-29,0.0,0.0,0,0
2014-07-30,0.0,0.0,0,0
2014-07-31,0.0,0.0,0,0
2014-08-01,0.0,0.0,0,0
2014-08-02,0.0,0.0,0,0
2014-08-03,0.0,0.0,0,0
2014-08-04,0.0,0.0,0,0
2014-08-05,0.0,0.0,0,0
2014-08-06,0.0,0.0,0,0
2014-08-07,0.0,0.0,0,0
2014-08-08,0.0,0.0,0,0
2014-08-09,0.0,0.0,0,0
2014-08-10,0.0,0.0,0,0
2014-08-11,0.0,0.0,0,0
2014-08-12,0.0,0.0,0,0
2014-08-13,0.0,0.0,0,0
2014-08-14,0.0,0.0,0,0
2014-08-15,0.0,0.0,0,0
2014-08-16,0.0,0.0,0,0
2014-08-17,0.0,0.0,0,0
2014-08-18,0.0,0.0,0,0
2014-08-19,0.0,0.0,0,0
2014-08-20,0.0,0.0,0,0
2014-08-21,0.0,0.0,0,0
2014-08-22,0.0,0.0,0,0
2014-08-23,0.0,0.0,0,0
2014-08-24,0.0,0.0,0,0
2014-08-25,0.0,0.0,0,0
2014-08-26,0.0,0.0,0,0
2014-08-27,0.0,0.0,0,0
2014-08-28,0.0,0.0,0,0
2014-08-29,0.0,0.0,0,0
2014-08-30,0.0,0.0,0,0
2014-08-31,0.0,0.0,0,0
2014-09-01,0.0,0.0,0,0
2014-09-02,0.0,0.0,0,0
2014-09-03,0.0,0.0,0,0
2014-09-04,0.0,0.0,0,0
2014-09-05,0.0,0.0,0,0
2014-09-06,0.0,0.0,0,0
2014-09-07,0.0,0.0,0,0
2014-09-08,0.0,0.0,0,0
2014-09-09,0.0,0.0,0,0
2014-09-10,0.0,0.0,0,0
2014-09-11,0.0,0.0,0,0
2014-09-12,0.0,0.0,0,0
2014-09-13,0.0,0.0,0,0
2014-09-14,0.0,0.0,0,0
2014-09-15,0.0,0.0,0,0
2014-09-16,0.0,0.0,0,0
2014-09-17,0.0,0.0,0,0
2014-09-18,0.0,0.0,0,0
2014-09-19,0.0,0.0,0,0
2014-09-20,0.0,0.0,0,0
2014-09-21,0.0,0.0,0,0
2014-09-22,0.0,0.0,0,0
2014-09-23,0.0,0.0,0,0
2014-09-24,0.0,0.0,0,0
2014-09-25,0.0,0.0,0,0
2014-09-26,0.0,0.0,0,0
2014-09-27,0.0,0.0,0,0
2014-09-28,0.0,0.0,0,0
2014-09-29,0.0,0.0,0,0
2014-09-30,0.0,0.0,0,0
2014-10-01,0.0,0.0,0,0
2014-10-02,0.0,0.0,0,0
2014-10-03,0.0,0.0,0,0
2014-10-04,0.0,0.0,0,0
2014-10-05,0.0,0.0,0,0
2014-10-06,0.0,0.0,0,0
2014-10-07,0.0,0.0,0,0
2014-10-08,0.0,0.0,0,0
2014-10-09,0.0,0.0,0,0
2014-10-10,0.0,0.0,0,0
2014-10-11,0.0,0.0,0,0
2014-10-12,0.0,0.0,0,0
2014-10-13,0.0,0.0,0,0
2014-10-14,0.0,0.0,0,0
2014-10-15,0.0,0.0,0,0
2014-10-16,0.0,0.0,0,0
2014-10-17,0.0,0.0,0,0
2014-10-18,0.0,0.0,0,0
2014-10-19,0.0,0.0,0,0
2014-10-20,0.0,0.0,0,0
2014-10-21,0.0,0.0,0,0
2014-10-22,0.0,0.0,0,0
2014-10-23,0.0,0.0,0,0
2014-10-24,0.0,0.0,0,0
2014-10-25,0.0,0.0,0,0
2014-10-26,0.0,0.0,0,0
2014-10-27,0.0,0.0,0,0
2014-10-28,0.0,0.0,0,0
2014-10-29,0.0,0.0,0,0
2014-10-30,0.0,0.0,0,0
2014-10-31,0.0,0.0,0,0
2014-11-01,0.0,0.0,0,0
2014-11-02,0.0,0.0,0,0
2014-11-03,0.0,0.0,0,0
2014-11-04,0.0,0.0,0,0
2014-11-05,0.0,0.0,0,0
2014-11-06,0.0,0.0,0,0
2014-11-07,0.0,0.0,0,0
2014-11-08,0.0,0.0,0,0
2014-11-09,0.0,0.0,0,0
2014-11-10,0.0,0.0,0,0
2014-11-11,0.0,0.0,0,0
2014-11-12,0.0,0.0,0,0
2014-11-13,0.0,0.0,0,0
2014-11-14,0.0,0.0,0,0
2014-11-15,0.0,0.0,0,0
2014-11-16,0.0,0.0,0,0
2014-11-17,0.0,0.0,0,0
2014-11-18,0.0,0.0,0,0
2014-11-19,0.0,0.0,0,0
2014-11-20,0.0,0.0,0,0
2014-11-21,0.0,0.0,0,0
2014-11-22,0.0,0.0,0,0
2014-11-23,0.0,0.0,0,0
2014-11-24,0.0,0.0,0,0
2014-11-25,0.0,0.0,0,0
2014-11-26,0.0,0.0,0,0
2014-11-27,0.0,0.0,0,0
2014-11-28,0.0,0.0,0,0
2014-11-29,0.0,0.0,0,0
2014-11-30,0.0,0.0,0,0
2014-12-01,0.0,0.0,0,0
2014-12-02,0.0,0.0,0,0
2014-12-03,0.0,0.0,0,0
2014-12-04,0.0,0.0,0,0
2014-12-05,0.0,0.0,0,0
2014-12-06,0.0,0.0,0,0
2014-12-07,0.0,0.0,0,0
2014-12-08,0.0,0.0,0,0
2014-12-09,0.0,0.0,0,0
2014-12-10,0.0,0.0,0,0
2014-12-11,0.0,0.0,0,0
2014-12-12,0.0,0.0,0,0
2014-12-13,0.0,0.0,0,0
2014-12-14,0.0,0.0,0,0
2014-12-15,0.0,0.0,0,0
2014-12-16,0.0,0.0,0,0
2014-12-17,0.0,0.0,0,0
2014-12-18,0.0,0.0,0,0
2014-12-19,0.0,0.0,0,0
2014-12-20,0.0,0.0,0,0
2014-12-21,0.0,0.0,0,0
2014-12-22,0.0,0.0,0,0
2014-12-23,0.0,0.0,0,0
2014-12-24,0.0,0.0,0,0
2014-12-25,0.0,0.0,0,0
2014-12-26,0.0,0.0,0,0
2014-12-27,0.0,0.0,0,0
2014-12-28,0.0,0.0,0,0
2014-12-29,0.0,0.0,0,0
2014-12-30,0.0,0.0,0,0
2014-12-31,0.0,0.0,0,0
2015-01-01,0.0,0.0,0,0
2015-01-02,0.0,0.0,0,0
2015-01-03,0.0,0.0,0,0
2015-01-04,0.0,0.0,0,0
2015-01-05,0.0,0.0,0,0
2015-01-06,0.0,0.0,0,0
2015-01-07,0.0,0.0,0,0
2015-01-08,0.0,0.0,0,0
2015-01-09,0.0,0.0,0,0
2015-01-10,0.0,0.0,0,0
2015-01-11,0.0,0.0,0,0
2015-01-12,0.0,0.0,0,0
2015-01-13,0.0,0.0,0,0
2015-01-14,0.0,0.0,0,0
2015-01-15,0.0,0.0,0,0
2015-01-16,0.0,0.0,0,0
2015-01-17,0.0,0.0,0,0
2015-01-18,0.0,0.0,0,0
2015-01-19,0.0,0.0,0,0
2015-01-20,0.0,0.0,0,0
2015-01-21,0.0,0.0,0,0
2015-01-22,0.0,0.0,0,0
2015-01-23,0.0,0.0,0,0
2015-01-24,0.0,0.0,0,0
2015-01-25,0.0,0.0,0,0
2015-01-26,0.0,0.0,0,0
2015-01-27,0.0,0.0,0,0
2015-01-28,0.0,0.0,0,0
2015-01-29,0.0,0.0,0,0
2015-01-30,0.0,0.0,0,0
2015-01-31,0.0,0.0,0,0
2015-02-01,0.0,0.0,0,0
2015-02-02,0.0,0.0,0,0
2015-02-03,0.0,0.0,0,0
2015-02-04,0.0,0.0,0,0
2015-02-05,0.0,0.0,0,0
2015-02-06,0.0,0.0,0,0
2015-02-07,0.0,0.0,0,0
2015-02-08,0.0,0.0,0,0
2015-02-09,0.0,0.0,0,0
2015-02-10,0.0,0.0,0,0
2015-02-11,0.0,0.0,0,0
2015-02-12,0.0,0.0,0,0
2015-02-13,0.0,0.0,0,0
2015-02-14,0.0,0.0,0,0
2015-02-15,0.0,0.0,0,0
2015-02-16,0.0,0.0,0,0
2015-02-17,0.0,0.0,0,0
2015-02-18,0.0,0.0,0,0
2015-02-19,0.0,0.0,0,0
2015-02-20,0.0,0.0,0,0
2015-02-21,0.0,0.0,0,0
2015-02-22,0.0,0.0,0,0
2015-02-23,0.0,0.0,0,0
2015-02-24,0.0,0.0,0,0
2015-02-25,0.0,0.0,0,0
2015-02-26,0.0,0.0,0,0
2015-02-27,0.0,0.0,0,0
2015-02-28,0.0,0.0,0,0
2015-03-01,0.0,0.0,0,0
2015-03-02,0.0,0.0,0,0
2015-03-03,0.0,0.0,0,0
2015-03-04,0.0,0.0,0,0
2015-03-05,0.0,0.0,0,0
2015-03-06,0.0,0.0,0,0
2015-03-07,0.0,0.0,0,0
2015-03-08,0.0,0.0,0,0
2015-03-09,0.0,0.0,0,0
2015-03-10,0.0,0.0,0,0
2015-03-11,0.0,0.0,0,0
2015-03-12,0.0,0.0,0,0
2015-03-13,0.0,0.0,0,0
2015-03-14,0.0,0.0,0,0
2015-03-15,0.0,0.0,0,0
2015-03-16,0.0,0.0,0,0
2015-03-17,0.0,0.0,0,0
2015-03-18,0.0,0.0,0,0
2015-03-19,0.0,0.0,0,0
2015-03-20,0.0,0.0,0,0
2015-03-21,0.0,0.0,0,0
2015-03-22,0.0,0.0,0,0
2015-03-23,0.0,0.0,0,0
2015-03-24,0.0,0.0,0,0
2015-03-25,0.0,0.0,0,0
2015-03-26,0.0,0.0,0,0
2015-03-27,0.0,0.0,0,0
2015-03-28,0.0,0.0,0,0
2015-03-29,0.0,0.0,0,0
2015-03-30,0.0,0.0,0,0
2015-03-31,0.0,0.0,0,0
2015-04-01,0.0,0.0,0,0
2015-04-02,0.0,0.0,0,0
2015-04-03,0.0,0.0,0,0
2015-04-04,0.0,0.0,0,0
2015-04-05,0.0,0.0,0,0
2015-04-06,0.0,0.0,0,0
2015-04-07,0.0,0.0,0,0
2015-04-08,0.0,0.0,0,0
2015-04-09,0.0,0.0,0,0
2015-04-10,0.0,0.0,0,0
2015-04-11,0.0,0.0,0,0
2015-04-12,0.0,0.0,0,0
2015-04-13,0.0,0.0,0,0
2015-04-14,0.0,0.0,0,0
2015-04-15,0.0,0.0,0,0
2015-04-16,0.0,0.0,0,0
2015-04-17,0.0,0.0,0,0
2015-04-18,0.0,0.0,0,0
2015-04-19,0.0,0.0,0,0
2015-04-20,0.0,0.0,0,0
2015-04-21,0.0,0.0,0,0
2015-04-22,0.0,0.0,0,0
2015-04-23,0.0,0.0,0,0
2015-04-24,0.0,0.0,0,0
2015-04-25,0.0,0.0,0,0
2015-04-26,0.0,0.0,0,0
2015-04-27,0.0,0.0,0,0
2015-04-28,0.0,0.0,0,0
2015-04-29,0.0,0.0,0,0
2015-04-30,0.0,0.0,0,0
2015-05-01,0.0,0.0,0,0
2015-05-02,0.0,0.0,0,0
2015-05-03,0.0,0.0,0,0
2015-05-04,0.0,0.0,0,0
2015-05-05,0.0,0.0,0,0
2015-05-06,0.0,0.0,0,0
2015-05-07,0.0,0.0,0,0
2015-05-08,0.0,0.0,0,0
2015-05-09,0.0,0.0,0,0
2015-05-10,0.0,0.0,0,0
2015-05-11,0.0,0.0,0,0
2015-05-12,0.0,0.0,0,0
2015-05-13,0.0,0.0,0,0
2015-05-14,0.0,0.0,0,0
2015-05-15,0.0,0.0,0,0
2015-05-16,0.0,0.0,0,0
2015-05-17,0.0,0.0,0,0
2015-05-18,0.0,0.0,0,0
2015-05-19,0.0,0.0,0,0
2015-05-20,0.0,0.0,0,0
2015-05-21,0.0,0.0,0,0
2015-05-22,0.0,0.0,0,0
2015-05-23,0.0,0.0,0,0
2015-05-24,0.0,0.0,0,0
2015-05-25,0.0,0.0,0,0
2015-05-26,0.0,0.0,0,0
2015-05-27,0.0,0.0,0,0
2015-05-28,0.0,0.0,0,0
2015-05-29,0.0,0.0,0,0
2015-05-30,0.0,0.0,0,0
2015-05-31,0.0,0.0,0,0
2015-06-01,0.0,0.0,0,0
2015-06-02,0.0,0.0,0,0
2015-06-03,0.0,0.0,0,0
2015-06-04,0.0,0.0,0,0
2015-06-05,0.0,0.0,0,0
2015-06-06,0.0,0.0,0,0
2015-06-07,0.0,0.0,0,0
2015-06-08,0.0,0.0,0,0
2015-06-09,0.0,0.0,0,0
2015-06-10,0.0,0.0,0,0
2015-06-11,0.0,0.0,0,0
2015-06-12,0.0,0.0,0,0
2015-06-13,0.0,0.0,0,0
2015-06-14,0.0,0.0,0,0
2015-06-15,0.0,0.0,0,0
2015-06-16,0.0,0.0,0,0
2015-06-17,0.0,0.0,0,0
2015-06-18,0.0,0.0,0,0
2015-06-19,0.0,0.0,0,0
2015-06-20,0.0,0.0,0,0
2015-06-21,0.0,0.0,0,0
2015-06-22,0.0,0.0,0,0
2015-06-23,0.0,0.0,0,0
2015-06-24,0.0,0.0,0,0
2015-06-25,0.0,0.0,0,0
2015-06-26,0.0,0.0,0,0
2015-06-27,0.0,0.0,0,0
2015-06-28,0.0,0.0,0,0
2015-06-29,0.0,0.0,0,0
2015-06-30,0.0,0.0,0,0
2015-07-01,0.0,0.0,0,0
2015-07-02,0.0,0.0,0,0
2015-07-03,0.0,0.0,0,0
2015-07-04,0.0,0.0,0,0
2015-07-05,0.0,0.0,0,0
2015-07-06,0.0,0.0,0,0
2015-07-07,0.0,0.0,0,0
2015-07-08,0.0,0.0,0,0
2015-07-09,0.0,0.0,0,0
2015-07-10,0.0,0.0,0,0
2015-07-11,0.0,0.0,0,0
2015-07-12,0.0,0.0,0,0
2015-07-13,0.0,0.0,0,0
2015-07-14,0.0,0.0,0,0
2015-07-15,0.0,0.0,0,0
2015-07-16,0.0,0.0,0,0
2015-07-17,0.0,0.0,0,0
2015-07-18,0.0,0.0,0,0
2015-07-19,0.0,0.0,0,0
2015-07-20,0.0,0.0,0,0
2015-07-21,0.0,0.0,0,0
2015-07-22,0.0,0.0,0,0
2015-07-23,0.0,0.0,0,0
2015-07-24,0.0,0.0,0,0
2015-07-25,0.0,0.0,0,0
2015-07-26,0.0,0.0,0,0
2015-07-27,0.0,0.0,0,0
2015-07-28,0.0,0.0,0,0
2015-07-29,0.0,0.0,0,0
2015-07-30,0.0,0.0,0,0
2015-07-31,0.0,0.0,0,0
2015-08-01,0.0,0.0,0,0
2015-08-02,0.0,0.0,0,0
2015-08-03,0.0,0.0,0,0
2015-08-04,0.0,0.0,0,0
2015-08-05,0.0,0.0,0,0
2015-08-06,0.0,0.0,0,0
2015-08-07,0.0,0.0,0,0
2015-08-08,0.0,0.0,0,0
2015-08-09,0.0,0.0,0,0
2015-08-10,0.0,0.0,0,0
2015-08-11,0.0,0.0,0,0
2015-08-12,0.0,0.0,0,0
2015-08-13,0.0,0.0,0,0
2015-08-14,0.0,0.0,0,0
2015-08-15,0.0,0.0,0,0
2015-08-16,0.0,0.0,0,0
2015-08-17,0.0,0.0,0,0
2015-08-18,0.0,0.0,0,0
2015-08-19,0.0,0.0,0,0
2015-08-20,0.0,0.0,0,0
2015-08-21,0.0,0.0,0,0
2015-08-22,0.0,0.0,0,0
2015-08-23,0.0,0.0,0,0
2015-08-24,0.0,0.0,0,0
2015-08-25,0.0,0.0,0,0
2015-08-26,0.0,0.0,0,0
2015-08-27,0.0,0.0,0,0
2015-08-28,0.0,0.0,0,0
2015-08-29,0.0,0.0,0,0
2015-08-30,0.0,0.0,0,0
2015-08-31,0.0,0.0,0,0
2015-09-01,0.0,0.0,0,0
2015-09-02,0.0,0.0,0,0
2015-09-03,0.0,0.0,0,0
2015-09-04,0.0,0.0,0,0
2015-09-05,0.0,0.0,0,0
2015-09-06,0.0,0.0,0,0
2015-09-07,0.0,0.0,0,0
2015-09-08,0.0,0.0,0,0
2015-09-09,0.0,0.0,0,0
2015-09-10,0.0,0.0,0,0
2015-09-11,0.0,0.0,0,0
2015-09-12,0.0,0.0,0,0
2015-09-13,0.0,0.0,0,0
2015-09-14,0.0,0.0,0,0
2015-09-15,0.0,0.0,0,0
2015-09-16,0.0,0.0,0,0
2015-09-17,0.0,0.0,0,0
2015-09-18,0.0,0.0,0,0
2015-09-19,0.0,0.0,0,0
2015-09-20,0.0,0.0,0,0
2015-09-21,0.0,0.0,0,0
2015-09-22,0.0,0.0,0,0
2015-09-23,0.0,0.0,0,0
2015-09-24,0.0,0.0,0,0
2015-09-25,0.0,0.0,0,0
2015-09-26,0.0,0.0,0,0
2015-09-27,0.0,0.0,0,0
2015-09-28,0.0,0.0,0,0
2015-09-29,0.0,0.0,0,0
2015-09-30,0.0,0.0,0,0
2015-10-01,0.0,0.0,0,0
2015-10-02,0.0,0.0,0,0
2015-10-03,0.0,0.0,0,0
2015-10-04,0.0,0.0,0,0
2015-10-05,0.0,0.0,0,0
2015-10-06,0.0,0.0,0,0
2015-10-07,0.0,0.0,0,0
2015-10-08,0.0,0.0,0,0
2015-10-09,0.0,0.0,0,0
2015-10-10,0.0,0.0,0,0
2015-10-11,0.0,0.0,0,0
2015-10-12,0.0,0.0,0,0
2015-10-13,0.0,0.0,0,0
2015-10-14,0.0,0.0,0,0
2015-10-15,0.0,0.0,0,0
2015-10-16,0.0,0.0,0,0
2015-10-17,0.0,0.0,0,0
2015-10-18,0.0,0.0,0,0
2015-10-19,0.0,0.0,0,0
2015-10-20,0.0,0.0,0,0
2015-10-21,0.0,0.0,0,0
2015-10-22,0.0,0.0,0,0
2015-10-23,0.0,0.0,0,0
2015-10-24,0.0,0.0,0,0
2015-10-25,0.0,0.0,0,0
2015-10-26,0.0,0.0,0,0
2015-10-27,0.0,0.0,0,0
2015-10-28,0.0,0.0,0,0
2015-10-29,0.0,0.0,0,0
2015-10-30,0.0,0.0,0,0
2015-10-31,0.0,0.0,0,0
2015-11-01,0.0,0.0,0,0
2015-11-02,0.0,0.0,0,0
2015-11-03,0.0,0.0,0,0
2015-11-04,0.0,0.0,0,0
2015-11-05,0.0,0.0,0,0
2015-11-06,0.0,0.0,0,0
2015-11-07,0.0,0.0,0,0
2015-11-08,0.0,0.0,0,0
2015-11-09,0.0,0.0,0,0
2015-11-10,0.0,0.0,0,0
2015-11-11,0.0,0.0,0,0
2015-11-12,0.0,0.0,0,0
2015-11-13,0.0,0.0,0,0
2015-11-14,0.0,0.0,0,0
2015-11-15,0.0,0.0,0,0
2015-11-16,0.0,0.0,0,0
2015-11-17,0.0,0.0,0,0
2015-11-18,0.0,0.0,0,0
2015-11-19,0.0,0.0,0,0
2015-11-20,0.0,0.0,0,0
2015-11-21,0.0,0.0,0,0
2015-11-22,0.0,0.0,0,0
2015-11-23,0.0,0.0,0,0
2015-11-24,0.0,0.0,0,0
2015-11-25,0.0,0.0,0,0
2015-11-26,0.0,0.0,0,0
2015-11-27,0.0,0.0,0,0
2015-11-28,0.0,0.0,0,0
2015-11-29,0.0,0.0,0,0
2015-11-30,0.0,0.0,0,0
2015-12-01,0.0,0.0,0,0
2015-12-02,0.0,0.0,0,0
2015-12-03,0.0,0.0,0,0
2015-12-04,0.0,0.0,0,0
2015-12-05,0.0,0.0,0,0
2015-12-06,0.0,0.0,0,0
2015-12-07,0.0,0.0,0,0
2015-12-08,0.0,0.0,0,0
2015-12-09,0.0,0.0,0,0
2015-12-10,0.0,0.0,0,0
2015-12-11,0.0,0.0,0,0
2015-12-12,0.0,0.0,0,0
2015-12-13,0.0,0.0,0,0
2015-12-14,0.0,0.0,0,0
2015-12-15,0.0,0.0,0,0
2015-12-16,0.0,0.0,0,0
2015-12-17,0.0,0.0,0,0
2015-12-18,0.0,0.0,0,0
2015-12-19,0.0,0.0,0,0
2015-12-20,0.0,0.0,0,0
2015-12-21,0.0,0.0,0,0
2015-12-22,0.0,0.0,0,0
2015-12-23,0.0,0.0,0,0
2015-12-24,0.0,0.0,0,0
2015-12-25,0.0,0.0,0,0
2015-12-26,0.0,0.0,0,0
2015-12-27,0.0,0.0,0,0
2015-12-28,0.0,0.0,0,0
2015-12-29,0.0,0.0,0,0
2015-12-30,0.0,0.0,0,0
2015-12-31,0.0,0.0,0,0
2016-01-01,0.0,0.0,0,0
2016-01-02,0.0,0.0,0,0
2016-01-03,0.0,0.0,0,0
2016-01-04,0.0,0.0,0,0
2016-01-05,0.0,0.0,0,0
2016-01-06,0.0,0.0,0,0
2016-01-07,0.0,0.0,0,0
2016-01-08,0.0,0.0,0,0
2016-01-09,0.0,0.0,0,0
2016-01-10,0.0,0.0,0,0
2016-01-11,0.0,0.0,0,0
2016-01-12,0.0,0.0,0,0
2016-01-13,0.0,0.0,0,0
2016-01-14,0.0,0.0,0,0
2016-01-15,0.0,0.0,0,0
2016-01-16,0.0,0.0,0,0
2016-01-17,0.0,0.0,0,0
2016-01-18,0.0,0.0,0,0
2016-01-19,0.0,0.0,0,0
2016-01-20,0.0,0.0,0,0
2016-01-21,0.0,0.0,0,0
2016-01-22,0.0,0.0,0,0
2016-01-23,0.0,0.0,0,0
2016-01-24,0.0,0.0,0,0
2016-01-25,0.0,0.0,0,0
2016-01-26,0.0,0.0,0,0
2016-01-27,0.0,0.0,0,0
2016-01-28,0.0,0.0,0,0
2016-01-29,0.0,0.0,0,0
2016-01-30,0.0,0.0,0,0
2016-01-31,0.0,0.0,0,0
2016-02-01,0.0,0.0,0,0
2016-02-02,0.0,0.0,0,0
2016-02-03,0.0,0.0,0,0
2016-02-04,0.0,0.0,0,0
2016-02-05,0.0,0.0,0,0
2016-02-06,0.0,0.0,0,0
2016-02-07,0.0,0.0,0,0
2016-02-08,0.0,0.0,0,0
2016-02-09,0.0,0.0,0,0
2016-02-10,0.0,0.0,0,0
2016-02-11,0.0,0.0,0,0
2016-02-12,0.0,0.0,0,0
2016-02-13,0.0,0.0,0,0
2016-02-14,0.0,0.0,0,0
2016-02-15,0.0,0.0,0,0
2016-02-16,0.0,0.0,0,0
2016-02-17,0.0,0.0,0,0
2016-02-18,0.0,0.0,0,0
2016-02-19,0.0,0.0,0,0
2016-02-20,0.0,0.0,0,0
2016-02-21,0.0,0.0,0,0
2016-02-22,0.0,0.0,0,0
2016-02-23,0.0,0.0,0,0
2016-02-24,0.0,0.0,0,0
2016-02-25,0.0,0.0,0,0
2016-02-26,0.0,0.0,0,0
2016-02-27,0.0,0.0,0,0
2016-02-28,0.0,0.0,0,0
2016-02-29,0.0,0.0,0,0
2016-03-01,0.0,0.0,0,0
2016-03-02,0.0,0.0,0,0
2016-03-03,0.0,0.0,0,0
2016-03-04,0.0,0.0,0,0
2016-03-05,0.0,0.0,0,0
2016-03-06,0.0,0.0,0,0
2016-03-07,0.0,0.0,0,0
2016-03-08,0.0,0.0,0,0
2016-03-09,0.0,0.0,0,0
2016-03-10,0.0,0.0,0,0
2016-03-11,0.0,0.0,0,0
2016-03-12,0.0,0.0,0,0
2016-03-13,0.0,0.0,0,0
2016-03-14,0.0,0.0,0,0
2016-03-15,0.0,0.0,0,0
2016-03-16,0.0,0.0,0,0
2016-03-17,0.0,0.0,0,0
2016-03-18,0.0,0.0,0,0
2016-03-19,0.0,0.0,0,0
2016-03-20,0.0,0.0,0,0
2016-03-21,0.0,0.0,0,0
2016-03-22,0.0,0.0,0,0
2016-03-23,0.0,0.0,0,0
2016-03-24,0.0,0.0,0,0
2016-03-25,0.0,0.0,0,0
2016-03-26,0.0,0.0,0,0
2016-03-27,0.0,0.0,0,0
2016-03-28,0.0,0.0,0,0
2016-03-29,0.0,0.0,0,0
2016-03-30,0.0,0.0,0,0
2016-03-31,0.0,0.0,0,0
2016-04-01,0.0,0.0,0,0
2016-04-02,0.0,0.0,0,0
2016-04-03,0.0,0.0,0,0
2016-04-04,0.0,0.0,0,0
2016-04-05,0.0,0.0,0,0
2016-04-06,0.0,0.0,0,0
2016-04-07,0.0,0.0,0,0
2016-04-08,0.0,0.0,0,0
2016-04-09,0.0,0.0,0,0
2016-04-10,0.0,0.0,0,0
2016-04-11,0.0,0.0,0,0
2016-04-12,0.0,0.0,0,0
2016-04-13,0.0,0.0,0,0
2016-04-14,0.0,0.0,0,0
2016-04-15,0.0,0.0,0,0
2016-04-16,0.0,0.0,0,0
2016-04-17,0.0,0.0,0,0
2016-04-18,0.0,0.0,0,0
2016-04-19,0.0,0.0,0,0
2016-04-20,0.0,0.0,0,0
2016-04-21,0.0,0.0,0,0
2016-04-22,0.0,0.0,0,0
2016-04-23,0.0,0.0,0,0
2016-04-24,0.0,0.0,0,0
2016-04-25,0.0,0.0,0,0
2016-04-26,0.0,0.0,0,0
2016-04-27,0.0,0.0,0,0
2016-04-28,0.0,0.0,0,0
2016-04-29,0.0,0.0,0,0
2016-04-30,0.0,0.0,0,0
2016-05-01,0.0,0.0,0,0
2016-05-02,0.0,0.0,0,0
2016-05-03,0.0,0.0,0,0
2016-05-04,0.0,0.0,0,0
2016-05-05,0.0,0.0,0,0
2016-05-06,0.0,0.0,0,0
2016-05-07,0.0,0.0,0,0
2016-05-08,0.0,0.0,0,0
2016-05-09,0.0,0.0,0,0
2016-05-10,0.0,0.0,0,0
2016-05-11,0.0,0.0,0,0
2016-05-12,0.0,0.0,0,0
2016-05-13,0.0,0.0,0,0
2016-05-14,0.0,0.0,0,0
2016-05-15,0.0,0.0,0,0
2016-05-16,0.0,0.0,0,0
2016-05-17,0.0,0.0,0,0
2016-05-18,0.0,0.0,0,0
2016-05-19,0.0,0.0,0,0
2016-05-20,0.0,0.0,0,0
2016-05-21,0.0,0.0,0,0
2016-05-22,0.0,0.0,0,0
2016-05-23,0.0,0.0,0,0
2016-05-24,0.0,0.0,0,0
2016-05-25,0.0,0.0,0,0
2016-05-26,0.0,0.0,0,0
2016-05-27,0.0,0.0,0,0
2016-05-28,0.0,0.0,0,0
2016-05-29,0.0,0.0,0,0
2016-05-30,0.0,0.0,0,0
2016-05-31,0.0,0.0,0,0
2016-06-01,0.0,0.0,0,0
2016-06-02,0.0,0.0,0,0
2016-06-03,0.0,0.0,0,0
2016-06-04,0.0,0.0,0,0
2016-06-05,0.0,0.0,0,0
2016-06-06,0.0,0.0,0,0
2016-06-07,0.0,0.0,0,0
2016-06-08,0.0,0.0,0,0
2016-06-09,0.0,0.0,0,0
2016-06-10,0.0,0.0,0,0
2016-06-11,0.0,0.0,0,0
2016-06-12,0.0,0.0,0,0
2016-06-13,0.0,0.0,0,0
2016-06-14,0.0,0.0,0,0
2016-06-15,0.0,0.0,0,0
2016-06-16,0.0,0.0,0,0
2016-06-17,0.0,0.0,0,0
2016-06-18,0.0,0.0,0,0
2016-06-19,0.0,0.0,0,0
2016-06-20,0.0,0.0,0,0
2016-06-21,0.0,0.0,0,0
2016-06-22,0.0,0.0,0,0
2016-06-23,0.0,0.0,0,0
2016-06-24,0.0,0.0,0,0
2016-06-25,0.0,0.0,0,0
2016-06-26,0.0,0.0,0,0
2016-06-27,0.0,0.0,0,0
2016-06-28,0.0,0.0,0,0
2016-06-29,0.0,0.0,0,0
2016-06-30,0.0,0.0,0,0
2016-07-01,0.0,0.0,0,0
2016-07-02,0.0,0.0,0,0
2016-07-03,0.0,0.0,0,0
2016-07-04,0.0,0.0,0,0
2016-07-05,0.0,0.0,0,0
2016-07-06,0.0,0.0,0,0
2016-07-07,0.0,0.0,0,0
2016-07-08,0.0,0.0,0,0
2016-07-09,0.0,0.0,0,0
2016-07-10,0.0,0.0,0,0
2016-07-11,0.0,0.0,0,0
2016-07-12,0.0,0.0,0,0
2016-07-13,0.0,0.0,0,0
2016-07-14,0.0,0.0,0,0
2016-07-15,0.0,0.0,0,0
2016-07-16,0.0,0.0,0,0
2016-07-17,0.0,0.0,0,0
2016-07-18,0.0,0.0,0,0
2016-07-19,0.0,0.0,0,0
2016-07-20,0.0,0.0,0,0
2016-07-21,0.0,0.0,0,0
2016-07-22,0.0,0.0,0,0
2016-07-23,0.0,0.0,0,0
2016-07-24,0.0,0.0,0,0
2016-07-25,0.0,0.0,0,0
2016-07-26,0.0,0.0,0,0
2016-07-27,0.0,0.0,0,0
2016-07-28,0.0,0.0,0,0
2016-07-29,0.0,0.0,0,0
2016-07-30,0.0,0.0,0,0
2016-07-31,0.0,0.0,0,0
2016-08-01,0.0,0.0,0,0
2016-08-02,0.0,0.0,0,0
2016-08-03,0.0,0.0,0,0
2016-08-04,0.0,0.0,0,0
2016-08-05,0.0,0.0,0,0
2016-08-06,0.0,0.0,0,0
2016-08-07,0.0,0.0,0,0
2016-08-08,0.0,0.0,0,0
2016-08-09,0.0,0.0,0,0
2016-08-10,0.0,0.0,0,0
2016-08-11,0.0,0.0,0,0
2016-08-12,0.0,0.0,0,0
2016-08-13,0.0,0.0,0,0
2016-08-14,0.0,0.0,0,0
2016-08-15,0.0,0.0,0,0
2016-08-16,0.0,0.0,0,0
2016-08-17,0.0,0.0,0,0
2016-08-18,0.0,0.0,0,0
2016-08-19,0.0,0.0,0,0
2016-08-20,0.0,0.0,0,0
2016-08-21,0.0,0.0,0,0
2016-08-22,0.0,0.0,0,0
2016-08-23,0.0,0.0,0,0
2016-08-24,0.0,0.0,0,0
2016-08-25,0.0,0.0,0,0
2016-08-26,0.0,0.0,0,0
2016-08-27,0.0,0.0,0,0
2016-08-28,0.0,0.0,0,0
2016-08-29,0.0,0.0,0,0
2016-08-30,0.0,0.0,0,0
2016-08-31,0.0,0.0,0,0
2016-09-01,0.0,0.0,0,0
2016-09-02,0.0,0.0,0,0
2016-09-03,0.0,0.0,0,0
2016-09-04,0.0,0.0,0,0
2016-09-05,0.0,0.0,0,0
2016-09-06,0.0,0.0,0,0
2016-09-07,0.0,0.0,0,0
2016-09-08,0.0,0.0,0,0
2016-09-09,0.0,0.0,0,0
2016-09-10,0.0,0.0,0,0
2016-09-11,0.0,0.0,0,0
2016-09-12,0.0,0.0,0,0
2016-09-13,0.0,0.0,0,0
2016-09-14,0.0,0.0,0,0
2016-09-15,0.0,0.0,0,0
2016-09-16,0.0,0.0,0,0
2016-09-17,0.0,0.0,0,0
2016-09-18,0.0,0.0,0,0
2016-09-19,0.0,0.0,0,0
2016-09-20,0.0,0.0,0,0
2016-09-21,0.0,0.0,0,0
2016-09-22,0.0,0.0,0,0
2016-09-23,0.0,0.0,0,0
2016-09-24,0.0,0.0,0,0
2016-09-25,0.0,0.0,0,0
2016-09-26,0.0,0.0,0,0
2016-09-27,0.0,0.0,0,0
2016-09-28,0.0,0.0,0,0
2016-09-29,0.0,0.0,0,0
2016-09-30,0.0,0.0,0,0
2016-10-01,0.0,0.0,0,0
2016-10-02,0.0,0.0,0,0
2016-10-03,0.0,0.0,0,0
2016-10-04,0.0,0.0,0,0
2016-10-05,0.0,0.0,0,0
2016-10-06,0.0,0.0,0,0
2016-10-07,0.0,0.0,0,0
2016-10-08,0.0,0.0,0,0
2016-10-09,0.0,0.0,0,0
2016-10-10,0.0,0.0,0,0
2016-10-11,0.0,0.0,0,0
2016-10-12,0.0,0.0,0,0
2016-10-13,0.0,0.0,0,0
2016-10-14,0.0,0.0,0,0
2016-10-15,0.0,0.0,0,0
2016-10-16,0.0,0.0,0,0
2016-10-17,0.0,0.0,0,0
2016-10-18,0.0,0.0,0,0
2016-10-19,0.0,0.0,0,0
2016-10-20,0.0,0.0,0,0
2016-10-21,0.0,0.0,0,0
2016-10-22,0.0,0.0,0,0
2016-10-23,0.0,0.0,0,0
2016-10-24,0.0,0.0,0,0
2016-10-25,0.0,0.0,0,0
2016-10-26,0.0,0.0,0,0
2016-10-27,0.0,0.0,0,0
2016-10-28,0.0,0.0,0,0
2016-10-29,0.0,0.0,0,0
2016-10-30,0.0,0.0,0,0
2016-10-31,0.0,0.0,0,0
2016-11-01,0.0,0.0,0,0
2016-11-02,0.0,0.0,0,0
2016-11-03,0.0,0.0,0,0
2016-11-04,0.0,0.0,0,0
2016-11-05,0.0,0.0,0,0
2016-11-06,0.0,0.0,0,0
2016-11-07,0.0,0.0,0,0
2016-11-08,0.0,0.0,0,0
2016-11-09,0.0,0.0,0,0
2016-11-10,0.0,0.0,0,0
2016-11-11,0.0,0.0,0,0
2016-11-12,0.0,0.0,0,0
2016-11-13,0.0,0.0,0,0
2016-11-14,0.0,0.0,0,0
2016-11-15,0.0,0.0,0,0
2016-11-16,0.0,0.0,0,0
2016-11-17,0.0,0.0,0,0
2016-11-18,0.0,0.0,0,0
2016-11-19,0.0,0.0,0,0
2016-11-20,0.0,0.0,0,0
2016-11-21,0.0,0.0,0,0
2016-11-22,0.0,0.0,0,0
2016-11-23,0.0,0.0,0,0
2016-11-24,0.0,0.0,0,0
2016-11-25,0.0,0.0,0,0
2016-11-26,0.0,0.0,0,0
2016-11-27,0.0,0.0,0,0
2016-11-28,0.0,0.0,0,0
2016-11-29,0.0,0.0,0,0
2016-11-30,0.0,0.0,0,0
2016-12-01,0.0,0.0,0,0
2016-12-02,0.0,0.0,0,0
2016-12-03,0.0,0.0,0,0
2016-12-04,0.0,0.0,0,0
2016-12-05,0.0,0.0,0,0
2016-12-06,0.0,0.0,0,0
2016-12-07,0.0,0.0,0,0
2016-12-08,0.0,0.0,0,0
2016-12-09,0.0,0.0,0,0
2016-12-10,0.0,0.0,0,0
2016-12-11,0.0,0.0,0,0
2016-12-12,0.0,0.0,0,0
2016-12-13,0.0,0.0,0,0
2016-12-14,0.0,0.0,0,0
2016-12-15,0.0,0.0,0,0
2016-12-16,0.0,0.0,0,0
2016-12-17,0.0,0.0,0,0
2016-12-18,0.0,0.0,0,0
2016-12-19,0.0,0.0,0,0
2016-12-20,0.0,0.0,0,0
2016-12-21,0.0,0.0,0,0
2016-12-22,0.0,0.0,0,0
2016-12-23,0.0,0.0,0,0
2016-12-24,0.0,0.0,0,0
2016-12-25,0.0,0.0,0,0
2016-12-26,0.0,0.0,0,0
2016-12-27,0.0,0.0,0,0
2016-12-28,0.0,0.0,0,0
2016-12-29,0.0,0.0,0,0
2016-12-30,0.0,0.0,0,0
2016-12-31,0.0,0.0,0,0
2017-01-01,0.0,0.0,0,0
2017-01-02,0.0,0.0,0,0
2017-01-03,0.0,0.0,0,0
2017-01-04,0.0,0.0,0,0
2017-01-05,0.0,0.0,0,0
2017-01-06,0.0,0.0,0,0
2017-01-07,0.0,0.0,0,0
2017-01-08,0.0,0.0,0,0
2017-01-09,0.0,0.0,0,0
2017-01-10,0.0,0.0,0,0
2017-01-11,0.0,0.0,0,0
2017-01-12,0.0,0.0,0,0
2017-01-13,0.0,0.0,0,0
2017-01-14,0.0,0.0,0,0
2017-01-15,0.0,0.0,0,0
2017-01-16,0.0,0.0,0,0
2017-01-17,0.0,0.0,0,0
2017-01-18,0.0,0.0,0,0
2017-01-19,0.0,0.0,0,0
2017-01-20,0.0,0.0,0,0
2017-01-21,0.0,0.0,0,0
2017-01-22,0.0,0.0,0,0
2017-01-23,0.0,0.0,0,0
2017-01-24,0.0,0.0,0,0
2017-01-25,0.0,0.0,0,0
2017-01-26,0.0,0.0,0,0
2017-01-27,0.0,0.0,0,0
2017-01-28,0.0,0.0,0,0
2017-01-29,0.0,0.0,0,0
2017-01-30,0.0,0.0,0,0
2017-01-31,0.0,0.0,0,0
2017-02-01,0.0,0.0,0,0
2017-02-02,0.0,0.0,0,0
2017-02-03,0.0,0.0,0,0
2017-02-04,0.0,0.0,0,0
2017-02-05,0.0,0.0,0,0
2017-02-06,0.0,0.0,0,0
2017-02-07,0.0,0.0,0,0
2017-02-08,0.0,0.0,0,0
2017-02-09,0.0,0.0,0,0
2017-02-10,0.0,0.0,0,0
2017-02-11,0.0,0.0,0,0
2017-02-12,0.0,0.0,0,0
2017-02-13,0.0,0.0,0,0
2017-02-14,0.0,0.0,0,0
2017-02-15,0.0,0.0,0,0
2017-02-16,0.0,0.0,0,0
2017-02-17,0.0,0.0,0,0
2017-02-18,0.0,0.0,0,0
2017-02-19,0.0,0.0,0,0
2017-02-20,0.0,0.0,0,0
2017-02-21,0.0,0.0,0,0
2017-02-22,0.0,0.0,0,0
2017-02-23,0.0,0.0,0,0
2017-02-24,0.0,0.0,0,0
2017-02-25,0.0,0.0,0,0
2017-02-26,0.0,0.0,0,0
2017-02-27,0.0,0.0,0,0
2017-02-28,0.0,0.0,0,0
2017-03-01,0.0,0.0,0,0
2017-03-02,0.0,0.0,0,0
2017-03-03,0.0,0.0,0,0
2017-03-04,0.0,0.0,0,0
2017-03-05,0.0,0.0,0,0
2017-03-06,0.0,0.0,0,0
2017-03-07,0.0,0.0,0,0
2017-03-08,0.0,0.0,0,0
2017-03-09,0.0,0.0,0,0
2017-03-10,0.0,0.0,0,0
2017-03-11,0.0,0.0,0,0
2017-03-12,0.0,0.0,0,0
2017-03-13,0.0,0.0,0,0
2017-03-14,0.0,0.0,0,0
2017-03-15,0.0,0.0,0,0
2017-03-16,0.0,0.0,0,0
2017-03-17,0.0,0.0,0,0
2017-03-18,0.0,0.0,0,0
2017-03-19,0.0,0.0,0,0
2017-03-20,0.0,0.0,0,0
2017-03-21,0.0,0.0,0,0
2017-03-22,0.0,0.0,0,0
2017-03-23,0.0,0.0,0,0
2017-03-24,0.0,0.0,0,0
2017-03-25,0.0,0.0,0,0
2017-03-26,0.0,0.0,0,0
2017-03-27,0.0,0.0,0,0
2017-03-28,0.0,0.0,0,0
2017-03-29,0.0,0.0,0,0
2017-03-30,0.0,0.0,0,0
2017-03-31,0.0,0.0,0,0
2017-04-01,0.0,0.0,0,0
2017-04-02,0.0,0.0,0,0
2017-04-03,0.0,0.0,0,0
2017-04-04,0.0,0.0,0,0
2017-04-05,0.0,0.0,0,0
2017-04-06,0.0,0.0,0,0
2017-04-07,0.0,0.0,0,0
2017-04-08,0.0,0.0,0,0
2017-04-09,0.0,0.0,0,0
2017-04-10,0.0,0.0,0,0
2017-04-11,0.0,0.0,0,0
2017-04-12,0.0,0.0,0,0
2017-04-13,0.0,0.0,0,0
2017-04-14,0.0,0.0,0,0
2017-04-15,0.0,0.0,0,0
2017-04-16,0.0,0.0,0,0
2017-04-17,0.0,0.0,0,0
2017-04-18,0.0,0.0,0,0
2017-04-19,0.0,0.0,0,0
2017-04-20,0.0,0.0,0,0
2017-04-21,0.0,0.0,0,0
2017-04-22,0.0,0.0,0,0
2017-04-23,0.0,0.0,0,0
2017-04-24,0.0,0.0,0,0
2017-04-25,0.0,0.0,0,0
2017-04-26,0.0,0.0,0,0
2017-04-27,0.0,0.0,0,0
2017-04-28,0.0,0.0,0,0
2017-04-29,0.0,0.0,0,0
2017-04-30,0.0,0.0,0,0
2017-05-01,0.0,0.0,0,0
2017-05-02,0.0,0.0,0,0
2017-05-03,0.0,0.0,0,0
2017-05-04,0.0,0.0,0,0
2017-05-05,0.0,0.0,0,0
2017-05-06,0.0,0.0,0,0
2017-05-07,0.0,0.0,0,0
2017-05-08,0.0,0.0,0,0
2017-05-09,0.0,0.0,0,0
2017-05-10,0.0,0.0,0,0
2017-05-11,0.0,0.0,0,0
2017-05-12,0.0,0.0,0,0
2017-05-13,0.0,0.0,0,0
2017-05-14,0.0,0.0,0,0
2017-05-15,0.0,0.0,0,0
2017-05-16,0.0,0.0,0,0
2017-05-17,0.0,0.0,0,0
2017-05-18,0.0,0.0,0,0
2017-05-19,0.0,0.0,0,0
2017-05-20,0.0,0.0,0,0
2017-05-21,0.0,0.0,0,0
2017-05-22,0.0,0.0,0,0
2017-05-23,0.0,0.0,0,0
2017-05-24,0.0,0.0,0,0
2017-05-25,0.0,0.0,0,0
2017-05-26,0.0,0.0,0,0
2017-05-27,0.0,0.0,0,0
2017-05-28,0.0,0.0,0,0
2017-05-29,0.0,0.0,0,0
2017-05-30,0.0,0.0,0,0
2017-05-31,0.0,0.0,0,0
2017-06-01,0.0,0.0,0,0
2017-06-02,0.0,0.0,0,0
2017-06-03,0.0,0.0,0,0
2017-06-04,0.0,0.0,0,0
2017-06-05,0.0,0.0,0,0
2017-06-06,0.0,0.0,0,0
2017-06-07,0.0,0.0,0,0
2017-06-08,0.0,0.0,0,0
2017-06-09,0.0,0.0,0,0
2017-06-10,0.0,0.0,0,0
2017-06-11,0.0,0.0,0,0
2017-06-12,0.0,0.0,0,0
2017-06-13,0.0,0.0,0,0
2017-06-14,0.0,0.0,0,0
2017-06-15,0.0,0.0,0,0
2017-06-16,0.0,0.0,0,0
2017-06-17,0.0,0.0,0,0
2017-06-18,0.0,0.0,0,0
2017-06-19,0.0,0.0,0,0
2017-06-20,0.0,0.0,0,0
2017-06-21,0.0,0.0,0,0
2017-06-22,0.0,0.0,0,0
2017-06-23,0.0,0.0,0,0
2017-06-24,0.0,0.0,0,0
2017-06-25,0.0,0.0,0,0
2017-06-26,0.0,0.0,0,0
2017-06-27,0.0,0.0,0,0
2017-06-28,0.0,0.0,0,0
2017-06-29,0.0,0.0,0,0
2017-06-30,0.0,0.0,0,0
2017-07-01,0.0,0.0,0,0
2017-07-02,0.0,0.0,0,0
2017-07-03,0.0,0.0,0,0
2017-07-04,0.0,0.0,0,0
2017-07-05,0.0,0.0,0,0
2017-07-06,0.0,0.0,0,0
2017-07-07,0.0,0.0,0,0
2017-07-08,0.0,0.0,0,0
2017-07-09,0.0,0.0,0,0
2017-07-10,0.0,0.0,0,0
2017-07-11,0.0,0.0,0,0
2017-07-12,0.0,0.0,0,0
2017-07-13,0.0,0.0,0,0
2017-07-14,0.0,0.0,0,0
2017-07-15,0.0,0.0,0,0
2017-07-16,0.0,0.0,0,0
2017-07-17,0.0,0.0,0,0
2017-07-18,0.0,0.0,0,0
2017-07-19,0.0,0.0,0,0
2017-07-20,0.0,0.0,0,0
2017-07-21,0.0,0.0,0,0
2017-07-22,0.0,0.0,0,0
2017-07-23,0.0,0.0,0,0
2017-07-24,0.0,0.0,0,0
2017-07-25,0.0,0.0,0,0
2017-07-26,0.0,0.0,0,0
2017-07-27,0.0,0.0,0,0
2017-07-28,0.0,0.0,0,0
2017-07-29,0.0,0.0,0,0
2017-07-30,0.0,0.0,0,0
2017-07-31,0.0,0.0,0,0
2017-08-01,0.0,0.0,0,0
2017-08-02,0.0,0.0,0,0
2017-08-03,0.0,0.0,0,0
2017-08-04,0.0,0.0,0,0
2017-08-05,0.0,0.0,0,0
2017-08-06,0.0,0.0,0,0
2017-08-07,0.0,0.0,0,0
2017-08-08,0.0,0.0,0,0
2017-08-09,0.0,0.0,0,0
2017-08-10,0.0,0.0,0,0
2017-08-11,0.0,0.0,0,0
2017-08-12,0.0,0.0,0,0
2017-08-13,0.0,0.0,0,0
2017-08-14,0.0,0.0,0,0
2017-08-15,0.0,0.0,0,0
2017-08-16,0.0,0.0,0,0
2017-08-17,0.0,0.0,0,0
2017-08-18,0.0,0.0,0,0
2017-08-19,0.0,0.0,0,0
2017-08-20,0.0,0.0,0,0
2017-08-21,0.0,0.0,0,0
2017-08-22,0.0,0.0,0,0
2017-08-23,0.0,0.0,0,0
2017-08-24,0.0,0.0,0,0
2017-08-25,0.0,0.0,0,0
2017-08-26,0.0,0.0,0,0
2017-08-27,0.0,0.0,0,0
2017-08-28,0.0,0.0,0,0
2017-08-29,0.0,0.0,0,0
2017-08-30,0.0,0.0,0,0
2017-08-31,0.0,0.0,0,0
2017-09-01,0.0,0.0,0,0
2017-09-02,0.0,0.0,0,0
2017-09-03,0.0,0.0,0,0
2017-09-04,0.0,0.0,0,0
2017-09-05,0.0,0.0,0,0
2017-09-06,0.0,0.0,0,0
2017-09-07,0.0,0.0,0,0
2017-09-08,0.0,0.0,0,0
2017-09-09,0.0,0.0,0,0
2017-09-10,0.0,0.0,0,0
2017-09-11,0.0,0.0,0,0
2017-09-12,0.0,0.0,0,0
2017-09-13,0.0,0.0,0,0
2017-09-14,0.0,0.0,0,0
2017-09-15,0.0,0.0,0,0
2017-09-16,0.0,0.0,0,0
2017-09-17,0.0,0.0,0,0
2017-09-18,0.0,0.0,0,0
2017-09-19,0.0,0.0,0,0
2017-09-20,0.0,0.0,0,0
2017-09-21,0.0,0.0,0,0
2017-09-22,0.0,0.0,0,0
2017-09-23,0.0,0.0,0,0
2017-09-24,0.0,0.0,0,0
2017-09-25,0.0,0.0,0,0
2017-09-26,0.0,0.0,0,0
2017-09-27,0.0,0.0,0,0
2017-09-28,0.0,0.0,0,0
2017-09-29,0.0,0.0,0,0
2017-09-30,0.0,0.0,0,0
2017-10-01,0.0,0.0,0,0
2017-10-02,0.0,0.0,0,0
2017-10-03,0.0,0.0,0,0
2017-10-04,0.0,0.0,0,0
2017-10-05,0.0,0.0,0,0
2017-10-06,0.0,0.0,0,0
2017-10-07,0.0,0.0,0,0
2017-10-08,0.0,0.0,0,0
2017-10-09,0.0,0.0,0,0
2017-10-10,0.0,0.0,0,0
2017-10-11,0.0,0.0,0,0
2017-10-12,0.0,0.0,0,0
2017-10-13,0.0,0.0,0,0
2017-10-14,0.0,0.0,0,0
2017-10-15,0.0,0.0,0,0
2017-10-16,0.0,0.0,0,0
2017-10-17,0.0,0.0,0,0
2017-10-18,0.0,0.0,0,0
2017-10-19,0.0,0.0,0,0
2017-10-20,0.0,0.0,0,0
2017-10-21,0.0,0.0,0,0
2017-10-22,0.0,0.0,0,0
2017-10-23,0.0,0.0,0,0
2017-10-24,0.0,0.0,0,0
2017-10-25,0.0,0.0,0,0
2017-10-26,0.0,0.0,0,0
2017-10-27,0.0,0.0,0,0
2017-10-28,0.0,0.0,0,0
2017-10-29,0.0,0.0,0,0
2017-10-30,0.0,0.0,0,0
2017-10-31,0.0,0.0,0,0
2017-11-01,0.0,0.0,0,0
2017-11-02,0.0,0.0,0,0
2017-11-03,0.0,0.0,0,0
2017-11-04,0.0,0.0,0,0
2017-11-05,0.0,0.0,0,0
2017-11-06,0.0,0.0,0,0
2017-11-07,0.0,0.0,0,0
2017-11-08,0.0,0.0,0,0
2017-11-09,0.0,0.0,0,0
2017-11-10,0.0,0.0,0,0
2017-11-11,0.0,0.0,0,0
2017-11-12,0.0,0.0,0,0
2017-11-13,0.0,0.0,0,0
2017-11-14,0.0,0.0,0,0
2017-11-15,0.0,0.0,0,0
2017-11-16,0.0,0.0,0,0
2017-11-17,0.0,0.0,0,0
2017-11-18,0.0,0.0,0,0
2017-11-19,0.0,0.0,0,0
2017-11-20,0.0,0.0,0,0
2017-11-21,0.0,0.0,0,0
2017-11-22,0.0,0.0,0,0
2017-11-23,0.0,0.0,0,0
2017-11-24,0.0,0.0,0,0
2017-11-25,0.0,0.0,0,0
2017-11-26,0.0,0.0,0,0
2017-11-27,0.0,0.0,0,0
2017-11-28,0.0,0.0,0,0
2017-11-29,0.0,0.0,0,0
2017-11-30,0.0,0.0,0,0
2017-12-01,0.0,0.0,0,0
2017-12-02,0.0,0.0,0,0
2017-12-03,0.0,0.0,0,0
2017-12-04,0.0,0.0,0,0
2017-12-05,0.0,0.0,0,0
2017-12-06,0.0,0.0,0,0
2017-12-07,0.0,0.0,0,0
2017-12-08,0.0,0.0,0,0
2017-12-09,0.0,0.0,0,0
2017-12-10,0.0,0.0,0,0
2017-12-11,0.0,0.0,0,0
2017-12-12,0.0,0.0,0,0
2017-12-13,0.0,0.0,0,0
2017-12-14,0.0,0.0,0,0
2017-12-15,0.0,0.0,0,0
2017-12-16,0.0,0.0,0,0
2017-12-17,0.0,0.0,0,0
2017-12-18,0.0,0.0,0,0
2017-12-19,0.0,0.0,0,0
2017-12-20,0.0,0.0,0,0
2017-12-21,0.0,0.0,0,0
2017-12-22,0.0,0.0,0,0
2017-12-23,0.0,0.0,0,0
2017-12-24,0.0,0.0,0,0
2017-12-25,0.0,0.0,0,0
2017-12-26,0.0,0.0,0,0
2017-12-27,0.0,0.0,0,0
2017-12-28,0.0,0.0,0,0
2017-12-29,0.0,0.0,0,0
2017-12-30,0.0,0.0,0,0
2017-12-31,0.0,0.0,0,0
2018-01-01,0.0,0.0,0,0
2018-01-02,0.0,0.0,0,0
2018-01-03,0.0,0.0,0,0
2018-01-04,0.0,0.0,0,0
2018-01-05,0.0,0.0,0,0
2018-01-06,0.0,0.0,0,0
2018-01-07,0.0,0.0,0,0
2018-01-08,0.0,0.0,0,0
2018-01-09,0.0,0.0,0,0
2018-01-10,0.0,0.0,0,0
2018-01-11,0.0,0.0,0,0
2018-01-12,0.0,0.0,0,0
2018-01-13,0.0,0.0,0,0
2018-01-14,0.0,0.0,0,0
2018-01-15,0.0,0.0,0,0
2018-01-16,0.0,0.0,0,0
2018-01-17,0.0,0.0,0,0
2018-01-18,0.0,0.0,0,0
2018-01-19,0.0,0.0,0,0
2018-01-20,0.0,0.0,0,0
2018-01-21,0.0,0.0,0,0
2018-01-22,0.0,0.0,0,0
2018-01-23,0.0,0.0,0,0
2018-01-24,0.0,0.0,0,0
2018-01-25,0.0,0.0,0,0
2018-01-26,0.0,0.0,0,0
2018-01-27,0.0,0.0,0,0
2018-01-28,0.0,0.0,0,0
2018-01-29,0.0,0.0,0,0
2018-01-30,0.0,0.0,0,0
2018-01-31,0.0,0.0,0,0
2018-02-01,0.0,0.0,0,0
2018-02-02,0.0,0.0,0,0
2018-02-03,0.0,0.0,0,0
2018-02-04,0.0,0.0,0,0
2018-02-05,0.0,0.0,0,0
2018-02-06,0.0,0.0,0,0
2018-02-07,0.0,0.0,0,0
2018-02-08,0.0,0.0,0,0
2018-02-09,0.0,0.0,0,0
2018-02-10,0.0,0.0,0,0
2018-02-11,0.0,0.0,0,0
2018-02-12,0.0,0.0,0,0
2018-02-13,0.0,0.0,0,0
2018-02-14,0.0,0.0,0,0
2018-02-15,0.0,0.0,0,0
2018-02-16,0.0,0.0,0,0
2018-02-17,0.0,0.0,0,0
2018-02-18,0.0,0.0,0,0
2018-02-19,0.0,0.0,0,0
2018-02-20,0.0,0.0,0,0
2018-02-21,0.0,0.0,0,0
2018-02-22,0.0,0.0,0,0
2018-02-23,0.0,0.0,0,0
2018-02-24,0.0,0.0,0,0
2018-02-25,0.0,0.0,0,0
2018-02-26,0.0,0.0,0,0
2018-02-27,0.0,0.0,0,0
2018-02-28,0.0,0.0,0,0
2018-03-01,0.0,0.0,0,0
2018-03-02,0.0,0.0,0,0
2018-03-03,0.0,0.0,0,0
2018-03-04,0.0,0.0,0,0
2018-03-05,0.0,0.0,0,0
2018-03-06,0.0,0.0,0,0
2018-03-07,0.0,0.0,0,0
2018-03-08,0.0,0.0,0,0
2018-03-09,0.0,0.0,0,0
2018-03-10,0.0,0.0,0,0
2018-03-11,0.0,0.0,0,0
2018-03-12,0.0,0.0,0,0
2018-03-13,0.0,0.0,0,0
2018-03-14,0.0,0.0,0,0
2018-03-15,0.0,0.0,0,0
2018-03-16,0.0,0.0,0,0
2018-03-17,0.0,0.0,0,0
2018-03-18,0.0,0.0,0,0
2018-03-19,0.0,0.0,0,0
2018-03-20,0.0,0.0,0,0
2018-03-21,0.0,0.0,0,0
2018-03-22,0.0,0.0,0,0
2018-03-23,0.0,0.0,0,0
2018-03-24,0.0,0.0,0,0
2018-03-25,0.0,0.0,0,0
2018-03-26,0.0,0.0,0,0
2018-03-27,0.0,0.0,0,0
2018-03-28,0.0,0.0,0,0
2018-03-29,0.0,0.0,0,0
2018-03-30,0.0,0.0,0,0
2018-03-31,0.0,0.0,0,0
2018-04-01,0.0,0.0,0,0
2018-04-02,0.0,0.0,0,0
2018-04-03,0.0,0.0,0,0
2018-04-04,0.0,0.0,0,0
2018-04-05,0.0,0.0,0,0
2018-04-06,0.0,0.0,0,0
2018-04-07,0.0,0.0,0,0
2018-04-08,0.0,0.0,0,0
2018-04-09,0.0,0.0,0,0
2018-04-10,0.0,0.0,0,0
2018-04-11,0.0,0.0,0,0
2018-04-12,0.0,0.0,0,0
2018-04-13,0.0,0.0,0,0
2018-04-14,0.0,0.0,0,0
2018-04-15,0.0,0.0,0,0
2018-04-16,0.0,0.0,0,0
2018-04-17,0.0,0.0,0,0
2018-04-18,0.0,0.0,0,0
2018-04-19,0.0,0.0,0,0
2018-04-20,0.0,0.0,0,0
2018-04-21,0.0,0.0,0,0
2018-04-22,0.0,0.0,0,0
2018-04-23,0.0,0.0,0,0
2018-04-24,0.0,0.0,0,0
2018-04-25,0.0,0.0,0,0
2018-04-26,0.0,0.0,0,0
2018-04-27,0.0,0.0,0,0
2018-04-28,0.0,0.0,0,0
2018-04-29,0.0,0.0,0,0
2018-04-30,0.0,0.0,0,0
2018-05-01,0.0,0.0,0,0
2018-05-02,0.0,0.0,0,0
2018-05-03,0.0,0.0,0,0
2018-05-04,0.0,0.0,0,0
2018-05-05,0.0,0.0,0,0
2018-05-06,0.0,0.0,0,0
2018-05-07,0.0,0.0,0,0
2018-05-08,0.0,0.0,0,0
2018-05-09,0.0,0.0,0,0
2018-05-10,0.0,0.0,0,0
2018-05-11,0.0,0.0,0,0
2018-05-12,0.0,0.0,0,0
2018-05-13,0.0,0.0,0,0
2018-05-14,0.0,0.0,0,0
2018-05-15,0.0,0.0,0,0
2018-05-16,0.0,0.0,0,0
2018-05-17,0.0,0.0,0,0
2018-05-18,0.0,0.0,0,0
2018-05-19,0.0,0.0,0,0
2018-05-20,0.0,0.0,0,0
2018-05-21,0.0,0.0,0,0
2018-05-22,0.0,0.0,0,0
2018-05-23,0.0,0.0,0,0
2018-05-24,0.0,0.0,0,0
2018-05-25,0.0,0.0,0,0
2018-05-26,0.0,0.0,0,0
2018-05-27,0.0,0.0,0,0
2018-05-28,0.0,0.0,0,0
2018-05-29,0.0,0.0,0,0
2018-05-30,0.0,0.0,0,0
2018-05-31,0.0,0.0,0,0
2018-06-01,0.0,0.0,0,0
2018-06-02,0.0,0.0,0,0
2018-06-03,0.0,0.0,0,0
2018-06-04,0.0,0.0,0,0
2018-06-05,0.0,0.0,0,0
2018-06-06,0.0,0.0,0,0
2018-06-07,0.0,0.0,0,0
2018-06-08,0.0,0.0,0,0
2018-06-09,0.0,0.0,0,0
2018-06-10,0.0,0.0,0,0
2018-06-11,0.0,0.0,0,0
2018-06-12,0.0,0.0,0,0
2018-06-13,0.0,0.0,0,0
2018-06-14,0.0,0.0,0,0
2018-06-15,0.0,0.0,0,0
2018-06-16,0.0,0.0,0,0
2018-06-17,0.0,0.0,0,0
2018-06-18,0.0,0.0,0,0
2018-06-19,0.0,0.0,0,0
2018-06-20,0.0,0.0,0,0
2018-06-21,0.0,0.0,0,0
2018-06-22,0.0,0.0,0,0
2018-06-23,0.0,0.0,0,0
2018-06-24,0.0,0.0,0,0
2018-06-25,0.0,0.0,0,0
2018-06-26,0.0,0.0,0,0
2018-06-27,0.0,0.0,0,0
2018-06-28,0.0,0.0,0,0
2018-06-29,0.0,0.0,0,0
2018-06-30,0.0,0.0,0,0
2018-07-01,0.0,0.0,0,0
2018-07-02,0.0,0.0,0,0
2018-07-03,0.0,0.0,0,0
2018-07-04,0.0,0.0,0,0
2018-07-05,0.0,0.0,0,0
2018-07-06,0.0,0.0,0,0
2018-07-07,0.0,0.0,0,0
2018-07-08,0.0,0.0,0,0
2018-07-09,0.0,0.0,0,0
2018-07-10,0.0,0.0,0,0
2018-07-11,0.0,0.0,0,0
2018-07-12,0.0,0.0,0,0
2018-07-13,0.0,0.0,0,0
2018-07-14,0.0,0.0,0,0
2018-07-15,0.0,0.0,0,0
2018-07-16,0.0,0.0,0,0
2018-07-17,0.0,0.0,0,0
2018-07-18,0.0,0.0,0,0
2018-07-19,0.0,0.0,0,0
2018-07-20,0.0,0.0,0,0
2018-07-21,0.0,0.0,0,0
2018-07-22,0.0,0.0,0,0
2018-07-23,0.0,0.0,0,0
2018-07-24,0.0,0.0,0,0
2018-07-25,0.0,0.0,0,0
2018-07-26,0.0,0.0,0,0
2018-07-27,0.0,0.0,0,0
2018-07-28,0.0,0.0,0,0
2018-07-29,0.0,0.0,0,0
2018-07-30,0.0,0.0,0,0
2018-07-31,0.0,0.0,0,0
2018-08-01,0.0,0.0,0,0
2018-08-02,0.0,0.0,0,0
2018-08-03,0.0,0.0,0,0
2018-08-04,0.0,0.0,0,0
2018-08-05,0.0,0.0,0,0
2018-08-06,0.0,0.0,0,0
2018-08-07,0.0,0.0,0,0
2018-08-08,0.0,0.0,0,0
2018-08-09,0.0,0.0,0,0
2018-08-10,0.0,0.0,0,0
2018-08-11,0.0,0.0,0,0
2018-08-12,0.0,0.0,0,0
2018-08-13,0.0,0.0,0,0
2018-08-14,0.0,0.0,0,0
2018-08-15,0.0,0.0,0,0
2018-08-16,0.0,0.0,0,0
2018-08-17,0.0,0.0,0,0
2018-08-18,0.0,0.0,0,0
2018-08-19,0.0,0.0,0,0
2018-08-20,0.0,0.0,0,0
2018-08-21,0.0,0.0,0,0
2018-08-22,0.0,0.0,0,0
2018-08-23,0.0,0.0,0,0
2018-08-24,0.0,0.0,0,0
2018-08-25,0.0,0.0,0,0
2018-08-26,0.0,0.0,0,0
2018-08-27,0.0,0.0,0,0
2018-08-28,0.0,0.0,0,0
2018-08-29,0.0,0.0,0,0
2018-08-30,0.0,0.0,0,0
2018-08-31,0.0,0.0,0,0
2018-09-01,0.0,0.0,0,0
2018-09-02,0.0,0.0,0,0
2018-09-03,0.0,0.0,0,0
2018-09-04,0.0,0.0,0,0
2018-09-05,0.0,0.0,0,0
2018-09-06,0.0,0.0,0,0
2018-09-07,0.0,0.0,0,0
2018-09-08,0.0,0.0,0,0
2018-09-09,0.0,0.0,0,0
2018-09-10,0.0,0.0,0,0
2018-09-11,0.0,0.0,0,0
2018-09-12,0.0,0.0,0,0
2018-09-13,0.0,0.0,0,0
2018-09-14,0.0,0.0,0,0
2018-09-15,0.0,0.0,0,0
2018-09-16,0.0,0.0,0,0
2018-09-17,0.0,0.0,0,0
2018-09-18,0.0,0.0,0,0
2018-09-19,0.0,0.0,0,0
2018-09-20,0.0,0.0,0,0
2018-09-21,0.0,0.0,0,0
2018-09-22,0.0,0.0,0,0
2018-09-23,0.0,0.0,0,0
2018-09-24,0.0,0.0,0,0
2018-09-25,0.0,0.0,0,0
2018-09-26,0.0,0.0,0,0
2018-09-27,0.0,0.0,0,0
2018-09-28,0.0,0.0,0,0
2018-09-29,0.0,0.0,0,0
2018-09-30,0.0,0.0,0,0
2018-10-01,0.0,0.0,0,0
2018-10-02,0.0,0.0,0,0
2018-10-03,0.0,0.0,0,0
2018-10-04,0.0,0.0,0,0
2018-10-05,0.0,0.0,0,0
2018-10-06,0.0,0.0,0,0
2018-10-07,0.0,0.0,0,0
2018-10-08,0.0,0.0,0,0
2018-10-09,0.0,0.0,0,0
2018-10-10,0.0,0.0,0,0
2018-10-11,0.0,0.0,0,0
2018-10-12,0.0,0.0,0,0
2018-10-13,0.0,0.0,0,0
2018-10-14,0.0,0.0,0,0
2018-10-15,0.0,0.0,0,0
2018-10-16,0.0,0.0,0,0
2018-10-17,0.0,0.0,0,0
2018-10-18,0.0,0.0,0,0
2018-10-19,0.0,0.0,0,0
2018-10-20,0.0,0.0,0,0
2018-10-21,0.0,0.0,0,0
2018-10-22,0.0,0.0,0,0
2018-10-23,0.0,0.0,0,0
2018-10-24,0.0,0.0,0,0
2018-10-25,0.0,0.0,0,0
2018-10-26,0.0,0.0,0,0
2018-10-27,0.0,0.0,0,0
2018-10-28,0.0,0.0,0,0
2018-10-29,0.0,0.0,0,0
2018-10-30,0.0,0.0,0,0
2018-10-31,0.0,0.0,0,0
2018-11-01,0.0,0.0,0,0
2018-11-02,0.0,0.0,0,0
2018-11-03,0.0,0.0,0,0
2018-11-04,0.0,0.0,0,0
2018-11-05,0.0,0.0,0,0
2018-11-06,0.0,0.0,0,0
2018-11-07,0.0,0.0,0,0
2018-11-08,0.0,0.0,0,0
2018-11-09,0.0,0.0,0,0
2018-11-10,0.0,0.0,0,0
2018-11-11,0.0,0.0,0,0
2018-11-12,0.0,0.0,0,0
2018-11-13,0.0,0.0,0,0
2018-11-14,0.0,0.0,0,0
2018-11-15,0.0,0.0,0,0
2018-11-16,0.0,0.0,0,0
2018-11-17,0.0,0.0,0,0
2018-11-18,0.0,0.0,0,0
2018-11-19,0.0,0.0,0,0
2018-11-20,0.0,0.0,0,0
2018-11-21,0.0,0.0,0,0
2018-11-22,0.0,0.0,0,0
2018-11-23,0.0,0.0,0,0
2018-11-24,0.0,0.0,0,0
2018-11-25,0.0,0.0,0,0
2018-11-26,0.0,0.0,0,0
2018-11-27,0.0,0.0,0,0
2018-11-28,0.0,0.0,0,0
2018-11-29,0.0,0.0,0,0
2018-11-30,0.0,0.0,0,0
2018-12-01,0.0,0.0,0,0
2018-12-02,0.0,0.0,0,0
2018-12-03,0.0,0.0,0,0
2018-12-04,0.0,0.0,0,0
2018-12-05,0.0,0.0,0,0
2018-12-06,0.0,0.0,0,0
2018-12-07,0.0,0.0,0,0
2018-12-08,0.0,0.0,0,0
2018-12-09,0.0,0.0,0,0
2018-12-10,0.0,0.0,0,0
2018-12-11,0.0,0.0,0,0
2018-12-12,0.0,0.0,0,0
2018-12-13,0.0,0.0,0,0
2018-12-14,0.0,0.0,0,0
2018-12-15,0.0,0.0,0,0
2018-12-16,0.0,0.0,0,0
2018-12-17,0.0,0.0,0,0
2018-12-18,0.0,0.0,0,0
2018-12-19,0.0,0.0,0,0
2018-12-20,0.0,0.0,0,0
2018-12-21,0.0,0.0,0,0
2018-12-22,0.0,0.0,0,0
2018-12-23,0.0,0.0,0,0
2018-12-24,0.0,0.0,0,0
2018-12-25,0.0,0.0,0,0
2018-12-26,0.0,0.0,0,0
2018-12-27,0.0,0.0,0,0
2018-12-28,0.0,0.0,0,0
2018-12-29,0.0,0.0,0,0
2018-12-30,0.0,0.0,0,0
2018-12-31,0.0,0.0,0,0
2019-01-01,0.0,0.0,0,0
2019-01-02,0.0,0.0,0,0
2019-01-03,0.0,0.0,0,0
2019-01-04,0.0,0.0,0,0
2019-01-05,0.0,0.0,0,0
2019-01-06,0.0,0.0,0,0
2019-01-07,0.0,0.0,0,0
2019-01-08,0.0,0.0,0,0
2019-01-09,0.0,0.0,0,0
2019-01-10,0.0,0.0,0,0
2019-01-11,0.0,0.0,0,0
2019-01-12,0.0,0.0,0,0
2019-01-13,0.0,0.0,0,0
2019-01-14,0.0,0.0,0,0
2019-01-15,0.0,0.0,0,0
2019-01-16,0.0,0.0,0,0
2019-01-17,0.0,0.0,0,0
2019-01-18,0.0,0.0,0,0
2019-01-19,0.0,0.0,0,0
2019-01-20,0.0,0.0,0,0
2019-01-21,0.0,0.0,0,0
2019-01-22,0.0,0.0,0,0
2019-01-23,0.0,0.0,0,0
2019-01-24,0.0,0.0,0,0
2019-01-25,0.0,0.0,0,0
2019-01-26,0.0,0.0,0,0
2019-01-27,0.0,0.0,0,0
2019-01-28,0.0,0.0,0,0
2019-01-29,0.0,0.0,0,0
2019-01-30,0.0,0.0,0,0
2019-01-31,0.0,0.0,0,0
2019-02-01,0.0,0.0,0,0
2019-02-02,0.0,0.0,0,0
2019-02-03,0.0,0.0,0,0
2019-02-04,0.0,0.0,0,0
2019-02-05,0.0,0.0,0,0
2019-02-06,0.0,0.0,0,0
2019-02-07,0.0,0.0,0,0
2019-02-08,0.0,0.0,0,0
2019-02-09,0.0,0.0,0,0
2019-02-10,0.0,0.0,0,0
2019-02-11,0.0,0.0,0,0
2019-02-12,0.0,0.0,0,0
2019-02-13,0.0,0.0,0,0
2019-02-14,0.0,0.0,0,0
2019-02-15,0.0,0.0,0,0
2019-02-16,0.0,0.0,0,0
2019-02-17,0.0,0.0,0,0
2019-02-18,0.0,0.0,0,0
2019-02-19,0.0,0.0,0,0
2019-02-20,0.0,0.0,0,0
2019-02-21,0.0,0.0,0,0
2019-02-22,0.0,0.0,0,0
2019-02-23,0.0,0.0,0,0
2019-02-24,0.0,0.0,0,0
2019-02-25,0.0,0.0,0,0
2019-02-26,0.0,0.0,0,0
2019-02-27,0.0,0.0,0,0
2019-02-28,0.0,0.0,0,0
2019-03-01,0.0,0.0,0,0
2019-03-02,0.0,0.0,0,0
2019-03-03,0.0,0.0,0,0
2019-03-04,0.0,0.0,0,0
2019-03-05,0.0,0.0,0,0
2019-03-06,0.0,0.0,0,0
2019-03-07,0.0,0.0,0,0
2019-03-08,0.0,0.0,0,0
2019-03-09,0.0,0.0,0,0
2019-03-10,0.0,0.0,0,0
2019-03-11,0.0,0.0,0,0
2019-03-12,0.0,0.0,0,0
2019-03-13,0.0,0.0,0,0
2019-03-14,0.0,0.0,0,0
2019-03-15,0.0,0.0,0,0
2019-03-16,0.0,0.0,0,0
2019-03-17,0.0,0.0,0,0
2019-03-18,0.0,0.0,0,0
2019-03-19,0.0,0.0,0,0
2019-03-20,0.0,0.0,0,0
2019-03-21,0.0,0.0,0,0
2019-03-22,0.0,0.0,0,0
2019-03-23,0.0,0.0,0,0
2019-03-24,0.0,0.0,0,0
2019-03-25,0.0,0.0,0,0
2019-03-26,0.0,0.0,0,0
2019-03-27,0.0,0.0,0,0
2019-03-28,0.0,0.0,0,0
2019-03-29,0.0,0.0,0,0
2019-03-30,0.0,0.0,0,0
2019-03-31,0.0,0.0,0,0
2019-04-01,0.0,0.0,0,0
2019-04-02,0.0,0.0,0,0
2019-04-03,0.0,0.0,0,0
2019-04-04,0.0,0.0,0,0
2019-04-05,0.0,0.0,0,0
2019-04-06,0.0,0.0,0,0
2019-04-07,0.0,0.0,0,0
2019-04-08,0.0,0.0,0,0
2019-04-09,0.0,0.0,0,0
2019-04-10,0.0,0.0,0,0
2019-04-11,0.0,0.0,0,0
2019-04-12,0.0,0.0,0,0
2019-04-13,0.0,0.0,0,0
2019-04-14,0.0,0.0,0,0
2019-04-15,0.0,0.0,98,98
2019-04-16,0.0,0.0,98,98
2019-04-17,0.0,0.0,196,196
2019-04-18,0.0,0.0,196,196
2019-04-19,0.0,0.0,295,295
2019-04-20,0.0,0.0,295,295
2019-04-21,0.0,0.0,295,295
2019-04-22,0.0,0.0,365,365
2019-04-23,0.0,0.0,365,365
2019-04-24,0.0,0.0,463,463
2019-04-25,0.0,0.0,562,562
2019-04-26,0.0,0.0,562,562
2019-04-27,0.0,0.0,562,562
2019-04-28,0.0,0.0,662,662
2019-04-29,0.0,0.0,661,662
2019-04-30,0.0,0.0,661,661
2019-05-01,0.0,0.0,760,760
2019-05-02,0.0,0.0,803,803
2019-05-03,0.0,0.0,803,803
2019-05-04,0.0,0.0,800,803
2019-05-05,0.0,0.0,800,800
2019-05-06,0.0,0.0,799,800
2019-05-07,0.0,0.0,799,799
2019-05-08,0.0,0.0,795,799
2019-05-09,0.0,0.0,795,795
2019-05-10,0.0,0.0,794,795
2019-05-11,0.0,0.0,794,794
2019-05-12,0.0,0.0,794,794
2019-05-13,0.0,0.0,794,794
2019-05-14,582.0,582.0,794,794
2019-05-15,605.0,606.0,790,794
2019-05-16,628.0,629.0,789,790
2019-05-17,648.0,648.0,788,789
2019-05-18,668.0,668.0,788,788
2019-05-19,684.0,685.0,788,788
2019-05-20,700.0,701.0,788,788
2019-05-21,717.0,717.0,788,788
2019-05-22,731.0,732.0,788,788
2019-05-23,745.0,746.0,779,788
2019-05-24,755.0,756.0,776,779
2019-05-25,762.0,763.0,776,776
2019-05-26,769.0,770.0,776,776
2019-05-27,777.0,778.0,776,776
2019-05-28,780.0,781.0,776,776
2019-05-29,783.0,785.0,751,776
2019-05-30,786.0,788.0,750,751
2019-05-31,786.0,788.0,744,750
2019-06-01,784.0,786.0,744,744
2019-06-02,782.0,784.0,744,744
2019-06-03,780.0,782.0,744,744
2019-06-04,778.0,780.0,744,745
2019-06-05,776.0,778.0,742,744
2019-06-06,774.0,776.0,738,742
2019-06-07,772.0,774.0,738,738
2019-06-08,770.0,772.0,738,738
2019-06-09,769.0,770.0,738,738
2019-06-10,767.0,769.0,738,738
2019-06-11,765.0,767.0,729,738
2019-06-12,762.0,765.0,728,729
2019-06-13,762.0,764.0,779,779
2019-06-14,761.0,764.0,778,779
2019-06-15,761.0,763.0,778,778
2019-06-16,761.0,763.0,778,778
2019-06-17,760.0,762.0,778,778
2019-06-18,760.0,762.0,776,778
2019-06-19,760.0,762.0,776,776
2019-06-20,759.0,761.0,776,776
2019-06-21,759.0,761.0,771,776
2019-06-22,758.0,760.0,771,771
2019-06-23,758.0,760.0,771,771
2019-06-24,758.0,760.0,771,771
2019-06-25,758.0,760.0,770,771
2019-06-26,758.0,760.0,768,770
2019-06-27,757.0,759.0,766,768
2019-06-28,758.0,759.0,762,766
2019-06-29,758.0,759.0,762,762
2019-06-30,759.0,760.0,762,762
2019-07-01,758.0,760.0,737,762
2019-07-02,757.0,760.0,717,737
2019-07-03,761.0,764.0,846,847
2019-07-04,764.0,767.0,846,846
2019-07-05,768.0,770.0,839,846
2019-07-06,771.0,774.0,839,839
2019-07-07,774.0,777.0,839,839
2019-07-08,778.0,780.0,837,840
2019-07-09,781.0,784.0,838,838
2019-07-10,784.0,787.0,829,838
2019-07-11,787.0,790.0,827,829
2019-07-12,790.0,793.0,826,827
2019-07-13,792.0,795.0,826,826
2019-07-14,794.0,796.0,826,826
2019-07-15,796.0,799.0,854,855
2019-07-16,799.0,802.0,854,854
2019-07-17,801.0,804.0,853,854
2019-07-18,804.0,807.0,846,853
2019-07-19,805.0,809.0,832,846
2019-07-20,807.0,811.0,832,832
2019-07-21,809.0,813.0,813,832
2019-07-22,810.0,814.0,813,813
2019-07-23,811.0,815.0,802,813
2019-07-24,812.0,816.0,802,802
2019-07-25,817.0,821.0,909,914
2019-07-26,821.0,826.0,891,909
2019-07-27,825.0,830.0,891,891
2019-07-28,829.0,834.0,891,891
2019-07-29,834.0,838.0,890,891
2019-07-30,838.0,843.0,888,890
2019-07-31,844.0,848.0,915,923
2019-08-01,850.0,854.0,913,916
2019-08-02,852.0,856.0,904,913
2019-08-03,854.0,858.0,904,904
2019-08-04,856.0,860.0,905,905
2019-08-05,858.0,862.0,904,905
2019-08-06,861.0,864.0,902,904
2019-08-07,863.0,867.0,910,927
2019-08-08,865.0,870.0,910,910
2019-08-09,868.0,872.0,901,910
2019-08-10,870.0,875.0,901,901
2019-08-11,873.0,877.0,901,901
2019-08-12,875.0,880.0,896,901
2019-08-13,877.0,882.0,896,896
2019-08-14,880.0,884.0,928,931
2019-08-15,881.0,887.0,874,928
2019-08-16,881.0,888.0,867,874
2019-08-17,882.0,888.0,867,867
2019-08-18,883.0,889.0,867,867
2019-08-19,886.0,892.0,924,924
2019-08-20,890.0,895.0,923,925
2019-08-21,893.0,899.0,922,923
2019-08-22,897.0,902.0,919,922
2019-08-23,900.0,906.0,894,919
2019-08-24,900.0,905.0,894,894
2019-08-25,900.0,905.0,894,894
2019-08-26,900.0,905.0,892,894
2019-08-27,900.0,905.0,890,892
2019-08-28,902.0,908.0,970,972
2019-08-29,907.0,912.0,1016,1019
2019-08-30,910.0,915.0,1006,1016
2019-08-31,913.0,918.0,1006,1006
2019-09-01,916.0,921.0,1006,1006
2019-09-02,920.0,925.0,1006,1006
2019-09-03,923.0,928.0,990,1006
2019-09-04,925.0,931.0,985,990
2019-09-05,928.0,934.0,977,998
2019-09-06,932.0,938.0,1036,1037
2019-09-07,936.0,942.0,1036,1036
2019-09-08,941.0,946.0,1036,1037
2019-09-09,945.0,951.0,1024,1036
2019-09-10,948.0,955.0,1008,1024
2019-09-11,952.0,958.0,999,1008
2019-09-12,955.0,962.0,996,999
2019-09-13,957.0,964.0,996,996
2019-09-14,961.0,966.0,995,996
2019-09-15,966.0,970.0,995,995
2019-09-16,970.0,974.0,992,996
2019-09-17,974.0,979.0,991,992
2019-09-18,976.0,982.0,1001,1033
2019-09-19,978.0,985.0,983,1001
2019-09-20,980.0,987.0,980,983
2019-09-21,982.0,989.0,980,980
2019-09-22,985.0,991.0,980,980
2019-09-23,988.0,994.0,976,980
2019-09-24,991.0,996.0,975,976
2019-09-25,995.0,1001.0,1023,1035
2019-09-26,999.0,1005.0,1020,1023
2019-09-27,1000.0,1007.0,998,1020
2019-09-28,1000.0,1006.0,998,998
2019-09-29,999.0,1006.0,992,998
2019-09-30,998.0,1005.0,981,992
2019-10-01,998.0,1004.0,978,981
2019-10-02,997.0,1003.0,977,978
2019-10-03,996.0,1003.0,974,979
2019-10-04,997.0,1004.0,1008,1024
2019-10-05,998.0,1004.0,1008,1008
2019-10-06,997.0,1003.0,1008,1008
2019-10-07,996.0,1002.0,1008,1008
2019-10-08,995.0,1001.0,1006,1008
2019-10-09,994.0,1000.0,1006,1006
2019-10-10,994.0,1000.0,1004,1006
2019-10-11,994.0,999.0,991,1004
2019-10-12,994.0,999.0,991,991
2019-10-13,994.0,999.0,991,991
2019-10-14,994.0,999.0,991,991
2019-10-15,993.0,999.0,985,991
2019-10-16,994.0,1000.0,1002,1020
2019-10-17,993.0,1000.0,987,1002
2019-10-18,993.0,998.0,985,987
2019-10-19,993.0,998.0,985,985
2019-10-20,993.0,998.0,985,985
2019-10-21,993.0,998.0,983,985
2019-10-22,993.0,998.0,980,983
2019-10-23,993.0,998.0,980,980
2019-10-24,994.0,998.0,980,980
2019-10-25,992.0,996.0,979,980
2019-10-26,991.0,995.0,979,979
2019-10-27,990.0,994.0,979,979
2019-10-28,989.0,993.0,969,979
2019-10-29,990.0,994.0,1012,1020
2019-10-30,990.0,994.0,993,1012
2019-10-31,990.0,995.0,989,993
2019-11-01,990.0,995.0,975,989
2019-11-02,990.0,995.0,975,975
2019-11-03,989.0,993.0,975,975
2019-11-04,988.0,992.0,970,975
2019-11-05,986.0,991.0,954,970
2019-11-06,986.0,991.0,995,1002
2019-11-07,985.0,990.0,987,995
2019-11-08,984.0,990.0,984,987
2019-11-09,984.0,989.0,985,985
2019-11-10,984.0,988.0,984,985
2019-11-11,983.0,988.0,984,984
2019-11-12,983.0,988.0,983,984
2019-11-13,983.0,988.0,981,983
2019-11-14,982.0,987.0,964,982
2019-11-15,981.0,985.0,960,964
2019-11-16,980.0,984.0,960,960
2019-11-17,979.0,983.0,960,960
2019-11-18,978.0,982.0,959,960
2019-11-19,977.0,982.0,948,960
2019-11-20,976.0,980.0,945,949
2019-11-21,976.0,981.0,989,992
2019-11-22,975.0,981.0,962,989
2019-11-23,975.0,980.0,962,962
2019-11-24,974.0,980.0,962,962
2019-11-25,973.0,979.0,951,962
2019-11-26,972.0,978.0,936,952
2019-11-27,971.0,977.0,935,937
2019-11-28,968.0,974.0,935,935
2019-11-29,966.0,971.0,934,935
2019-11-30,964.0,969.0,934,934
2019-12-01,963.0,968.0,934,934
2019-12-02,960.0,966.0,875,935
2019-12-03,956.0,963.0,862,875
2019-12-04,952.0,959.0,852,862
2019-12-05,948.0,955.0,837,853
2019-12-06,943.0,950.0,836,837
2019-12-07,938.0,944.0,836,836
2019-12-08,933.0,939.0,836,836
2019-12-09,928.0,934.0,836,836
2019-12-10,923.0,930.0,835,836
2019-12-11,918.0,925.0,839,843
2019-12-12,913.0,920.0,836,839
2019-12-13,908.0,915.0,835,836
2019-12-14,904.0,910.0,835,835
2019-12-15,900.0,906.0,835,835
2019-12-16,896.0,902.0,835,835
2019-12-17,890.0,898.0,805,835
2019-12-18,885.0,892.0,808,808
2019-12-19,881.0,887.0,807,808
2019-12-20,877.0,884.0,833,837
2019-12-21,872.0,878.0,833,833
2019-12-22,867.0,873.0,823,833
2019-12-23,862.0,869.0,821,823
2019-12-24,858.0,864.0,821,821
2019-12-25,853.0,859.0,821,821
2019-12-26,849.0,855.0,820,821
2019-12-27,846.0,851.0,818,820
2019-12-28,842.0,847.0,818,818
2019-12-29,838.0,843.0,818,818
2019-12-30,833.0,839.0,802,818
2019-12-31,829.0,835.0,802,802
2020-01-01,827.0,830.0,802,802
2020-01-02,825.0,828.0,801,802
2020-01-03,823.0,826.0,797,801
2020-01-04,821.0,824.0,797,797
2020-01-05,820.0,823.0,797,797
2020-01-06,815.0,821.0,691,797
2020-01-07,810.0,817.0,687,691
2020-01-08,805.0,812.0,681,687
2020-01-09,800.0,806.0,675,681
2020-01-10,794.0,801.0,674,675
2020-01-11,789.0,795.0,674,674
2020-01-12,784.0,790.0,674,674
2020-01-13,778.0,785.0,671,677
2020-01-14,772.0,779.0,669,672
2020-01-15,767.0,774.0,669,670
2020-01-16,762.0,768.0,659,669
2020-01-17,757.0,763.0,651,659
2020-01-18,752.0,758.0,648,651
2020-01-19,745.0,752.0,648,648
2020-01-20,739.0,746.0,648,648
2020-01-21,733.0,739.0,645,648
2020-01-22,727.0,733.0,643,645
2020-01-23,719.0,728.0,579,645
2020-01-24,711.0,720.0,577,580
2020-01-25,703.0,711.0,575,577
2020-01-26,695.0,703.0,575,575
2020-01-27,687.0,695.0,572,575
2020-01-28,678.0,687.0,564,572
2020-01-29,670.0,678.0,553,564
2020-01-30,661.0,670.0,546,553
2020-01-31,652.0,662.0,535,546
2020-02-01,644.0,653.0,535,535
2020-02-02,635.0,644.0,535,535
2020-02-03,626.0,635.0,521,535
2020-02-04,616.0,626.0,516,521
2020-02-05,610.0,617.0,511,516
2020-02-06,604.0,611.0,506,511
2020-02-07,598.0,605.0,481,506
2020-02-08,591.0,598.0,480,481
2020-02-09,585.0,591.0,480,480
2020-02-10,578.0,585.0,470,483
2020-02-11,571.0,578.0,466,471
2020-02-12,564.0,571.0,457,466
2020-02-13,556.0,564.0,426,458
2020-02-14,547.0,556.0,418,426
2020-02-15,539.0,548.0,417,418
2020-02-16,531.0,540.0,417,417
2020-02-17,524.0,532.0,413,417
2020-02-18,516.0,524.0,410,413
2020-02-19,508.0,516.0,402,410
2020-02-20,499.0,508.0,394,402
2020-02-21,491.0,499.0,389,394
2020-02-22,484.0,491.0,391,391
2020-02-23,478.0,485.0,391,391
2020-02-24,472.0,478.0,389,391
2020-02-25,466.0,472.0,380,389
2020-02-26,459.0,466.0,371,380
2020-02-27,452.0,459.0,353,371
2020-02-28,445.0,452.0,342,353
2020-02-29,438.0,445.0,342,342
2020-03-01,432.0,438.0,342,342
2020-03-02,425.0,432.0,343,345
2020-03-03,419.0,425.0,341,343
2020-03-04,413.0,419.0,341,342
2020-03-05,407.0,413.0,336,341
2020-03-06,401.0,407.0,331,339
2020-03-07,395.0,401.0,332,332
2020-03-08,390.0,395.0,332,332
2020-03-09,385.0,390.0,322,332
2020-03-10,379.0,385.0,316,322
2020-03-11,374.0,380.0,316,316
2020-03-12,369.0,374.0,302,316
2020-03-13,363.0,369.0,299,302
2020-03-14,359.0,364.0,300,300
2020-03-15,355.0,359.0,300,300
2020-03-16,351.0,356.0,299,300
2020-03-17,347.0,352.0,296,299
2020-03-18,343.0,348.0,293,296
2020-03-19,339.0,344.0,285,293
2020-03-20,335.0,340.0,287,293
2020-03-21,332.0,336.0,286,287
2020-03-22,328.0,332.0,286,286
2020-03-23,325.0,329.0,284,286
2020-03-24,321.0,325.0,280,284
2020-03-25,317.0,321.0,280,280
2020-03-26,314.0,318.0,278,280
2020-03-27,310.0,314.0,241,278
2020-03-28,306.0,310.0,240,241
2020-03-29,302.0,306.0,240,240
2020-03-30,299.0,303.0,238,240
2020-03-31,295.0,299.0,236,238
2020-04-01,292.0,296.0,233,236
2020-04-02,288.0,292.0,231,234
2020-04-03,284.0,289.0,217,233
2020-04-04,280.0,285.0,219,224
2020-04-05,278.0,282.0,263,269
2020-04-06,275.0,280.0,257,263
2020-04-07,272.0,278.0,246,257
2020-04-08,271.0,276.0,276,283
2020-04-09,272.0,277.0,342,349
2020-04-10,272.0,278.0,338,342
2020-04-11,274.0,278.0,341,341
2020-04-12,275.0,280.0,341,341
2020-04-13,274.0,281.0,273,341
2020-04-14,274.0,281.0,292,292
2020-04-15,273.0,281.0,283,293
2020-04-16,274.0,281.0,304,304
2020-04-17,274.0,281.0,304,304
2020-04-18,275.0,281.0,303,304
2020-04-19,275.0,282.0,303,303
2020-04-20,276.0,282.0,302,304
2020-04-21,276.0,283.0,300,302
2020-04-22,277.0,283.0,297,300
2020-04-23,277.0,284.0,297,297
2020-04-24,278.0,284.0,299,301
2020-04-25,279.0,285.0,301,301
2020-04-26,281.0,286.0,305,305
2020-04-27,283.0,288.0,305,305
2020-04-28,285.0,291.0,314,314
2020-04-29,288.0,293.0,312,315
2020-04-30,290.0,296.0,306,312
2020-05-01,293.0,298.0,306,306
2020-05-02,295.0,300.0,303,306
2020-05-03,298.0,303.0,302,303
2020-05-04,300.0,305.0,299,302
2020-05-05,302.0,306.0,295,299
2020-05-06,303.0,307.0,293,295
2020-05-07,304.0,309.0,289,293
2020-05-08,305.0,309.0,288,289
2020-05-09,303.0,307.0,288,288
2020-05-10,301.0,305.0,288,288
2020-05-11,299.0,303.0,288,288
2020-05-12,297.0,301.0,284,288
2020-05-13,298.0,300.0,284,284
2020-05-14,297.0,299.0,281,284
2020-05-15,297.0,299.0,269,281
2020-05-16,296.0,298.0,269,269
2020-05-17,295.0,296.0,269,269
2020-05-18,294.0,295.0,269,271
2020-05-19,292.0,294.0,263,269
2020-05-20,291.0,293.0,263,263
2020-05-21,290.0,292.0,262,263
2020-05-22,288.0,290.0,260,264
2020-05-23,287.0,289.0,260,260
2020-05-24,286.0,288.0,260,260
2020-05-25,284.0,286.0,260,260
2020-05-26,283.0,285.0,251,260
2020-05-27,281.0,283.0,251,251
2020-05-28,279.0,281.0,249,251
2020-05-29,276.0,279.0,245,249
2020-05-30,274.0,277.0,244,245
2020-05-31,272.0,275.0,244,244
2020-06-01,270.0,272.0,243,244
2020-06-02,268.0,270.0,231,243
2020-06-03,266.0,268.0,229,231
2020-06-04,263.0,266.0,228,229
2020-06-05,261.0,264.0,224,228
2020-06-06,259.0,261.0,224,224
2020-06-07,257.0,259.0,224,224
2020-06-08,255.0,257.0,223,224
2020-06-09,252.0,255.0,217,223
2020-06-10,250.0,252.0,211,217
2020-06-11,247.0,250.0,211,211
2020-06-12,245.0,247.0,208,211
2020-06-13,242.0,245.0,208,208
2020-06-14,240.0,242.0,208,208
2020-06-15,238.0,240.0,208,208
2020-06-16,236.0,238.0,200,208
2020-06-17,234.0,236.0,202,202
2020-06-18,232.0,234.0,200,202
2020-06-19,229.0,232.0,197,200
2020-06-20,227.0,230.0,197,197
2020-06-21,225.0,227.0,197,197
2020-06-22,223.0,225.0,197,197
2020-06-23,221.0,223.0,193,197
2020-06-24,219.0,221.0,193,193
2020-06-25,216.0,219.0,189,193
2020-06-26,214.0,217.0,189,189
2020-06-27,212.0,214.0,189,189
2020-06-28,211.0,212.0,189,189
2020-06-29,209.0,211.0,187,190
2020-06-30,208.0,210.0,219,225
2020-07-01,207.0,209.0,226,227
2020-07-02,206.0,209.0,207,226
2020-07-03,206.0,208.0,207,207
2020-07-04,205.0,207.0,207,207
2020-07-05,204.0,207.0,207,207
2020-07-06,204.0,206.0,208,210
2020-07-07,203.0,206.0,205,208
2020-07-08,203.0,205.0,208,208
2020-07-09,205.0,207.0,278,279
2020-07-10,207.0,210.0,286,320
2020-07-11,210.0,213.0,287,287
2020-07-12,212.0,216.0,286,287
2020-07-13,218.0,221.0,386,386
2020-07-14,224.0,227.0,388,388
2020-07-15,230.0,234.0,390,390
2020-07-16,237.0,240.0,388,390
2020-07-17,242.0,246.0,366,388
2020-07-18,248.0,251.0,366,366
2020-07-19,253.0,257.0,366,366
2020-07-20,259.0,262.0,364,366
2020-07-21,264.0,268.0,364,364
2020-07-22,266.0,274.0,255,364
2020-07-23,269.0,276.0,256,256
2020-07-24,271.0,278.0,256,256
2020-07-25,273.0,280.0,256,256
2020-07-26,275.0,282.0,256,256
2020-07-27,279.0,285.0,294,294
2020-07-28,282.0,289.0,293,294
2020-07-29,286.0,292.0,293,293
2020-07-30,289.0,295.0,315,316
2020-07-31,292.0,298.0,315,315
2020-08-01,295.0,301.0,315,315
2020-08-02,299.0,305.0,315,315
2020-08-03,302.0,308.0,312,315
2020-08-04,306.0,312.0,311,312
2020-08-05,309.0,315.0,311,311
2020-08-06,312.0,321.0,297,365
2020-08-07,316.0,325.0,327,329
2020-08-08,318.0,326.0,328,328
2020-08-09,319.0,327.0,328,328
2020-08-10,321.0,328.0,328,328
2020-08-11,322.0,329.0,329,329
2020-08-12,320.0,327.0,329,329
2020-08-13,320.0,327.0,376,376
2020-08-14,320.0,327.0,378,378
2020-08-15,319.0,326.0,378,378
2020-08-16,320.0,326.0,378,378
2020-08-17,320.0,326.0,378,378
2020-08-18,320.0,327.0,378,378
2020-08-19,321.0,327.0,377,378
2020-08-20,321.0,328.0,376,377
2020-08-21,324.0,328.0,327,376
2020-08-22,326.0,330.0,327,327
2020-08-23,328.0,333.0,327,327
2020-08-24,331.0,335.0,326,327
2020-08-25,335.0,339.0,377,382
2020-08-26,339.0,343.0,414,415
2020-08-27,343.0,347.0,414,414
2020-08-28,347.0,351.0,414,414
2020-08-29,350.0,355.0,414,414
2020-08-30,353.0,358.0,414,414
2020-08-31,357.0,361.0,414,414
2020-09-01,360.0,364.0,414,414
2020-09-02,365.0,369.0,462,462
2020-09-03,370.0,374.0,463,463
2020-09-04,374.0,379.0,428,463
2020-09-05,378.0,382.0,428,428
2020-09-06,382.0,385.0,428,428
2020-09-07,385.0,388.0,428,428
2020-09-08,388.0,392.0,428,429
2020-09-09,392.0,395.0,445,446
2020-09-10,393.0,399.0,348,445
2020-09-11,394.0,400.0,346,348
2020-09-12,392.0,399.0,346,346
2020-09-13,391.0,398.0,346,346
2020-09-14,390.0,397.0,346,346
2020-09-15,389.0,396.0,347,348
2020-09-16,387.0,395.0,300,347
2020-09-17,384.0,392.0,300,300
2020-09-18,381.0,390.0,280,300
2020-09-19,378.0,386.0,280,280
2020-09-20,376.0,383.0,280,280
2020-09-21,374.0,382.0,278,280
2020-09-22,373.0,380.0,268,278
2020-09-23,371.0,378.0,268,268
2020-09-24,367.0,374.0,268,268
2020-09-25,363.0,370.0,284,287
2020-09-26,358.0,366.0,284,284
2020-09-27,354.0,361.0,284,284
2020-09-28,350.0,357.0,285,285
2020-09-29,345.0,353.0,286,286
2020-09-30,340.0,350.0,265,318
2020-10-01,335.0,345.0,265,265
2020-10-02,329.0,338.0,265,265
2020-10-03,322.0,331.0,265,265
2020-10-04,317.0,325.0,265,265
2020-10-05,312.0,320.0,271,273
2020-10-06,305.0,315.0,243,277
2020-10-07,298.0,308.0,203,243
2020-10-08,292.0,303.0,236,260
2020-10-09,285.0,296.0,235,236
2020-10-10,281.0,289.0,235,235
2020-10-11,277.0,285.0,235,235
2020-10-12,273.0,281.0,235,235
2020-10-13,268.0,278.0,189,235
2020-10-14,262.0,272.0,149,189
2020-10-15,255.0,266.0,147,149
2020-10-16,249.0,259.0,124,147
2020-10-17,243.0,253.0,124,124
2020-10-18,238.0,247.0,124,124
2020-10-19,233.0,242.0,124,124
2020-10-20,228.0,237.0,124,124
2020-10-21,222.0,232.0,124,124
2020-10-22,218.0,227.0,147,149
2020-10-23,214.0,223.0,147,147
2020-10-24,210.0,219.0,147,147
2020-10-25,206.0,215.0,147,147
2020-10-26,201.0,210.0,147,147
2020-10-27,197.0,206.0,147,147
2020-10-28,193.0,202.0,168,173
2020-10-29,189.0,198.0,166,168
2020-10-30,185.0,193.0,139,166
2020-10-31,180.0,189.0,139,139
2020-11-01,176.0,184.0,139,139
2020-11-02,172.0,181.0,155,155
2020-11-03,169.0,177.0,158,158
2020-11-04,165.0,173.0,158,160
2020-11-05,164.0,171.0,211,212
2020-11-06,165.0,170.0,219,220
2020-11-07,164.0,169.0,219,219
2020-11-08,164.0,169.0,218,219
2020-11-09,163.0,168.0,217,218
2020-11-10,162.0,167.0,213,217
2020-11-11,161.0,167.0,211,213
2020-11-12,161.0,166.0,191,211
2020-11-13,163.0,166.0,191,191
2020-11-14,164.0,167.0,191,191
2020-11-15,167.0,169.0,191,191
2020-11-16,169.0,171.0,191,191
2020-11-17,171.0,173.0,190,191
2020-11-18,173.0,175.0,185,190
2020-11-19,176.0,178.0,211,211
2020-11-20,179.0,181.0,209,211
2020-11-21,181.0,183.0,209,209
2020-11-22,183.0,185.0,209,209
2020-11-23,185.0,187.0,209,209
2020-11-24,187.0,189.0,209,209
2020-11-25,189.0,192.0,208,209
2020-11-26,191.0,194.0,208,208
2020-11-27,191.0,195.0,178,208
2020-11-28,192.0,195.0,178,178
2020-11-29,193.0,195.0,178,178
2020-11-30,194.0,197.0,173,178
2020-12-01,195.0,198.0,172,173
2020-12-02,196.0,198.0,172,172
2020-12-03,197.0,200.0,191,193
2020-12-04,198.0,201.0,190,191
2020-12-05,197.0,200.0,190,190
2020-12-06,196.0,199.0,190,190
2020-12-07,195.0,198.0,187,190
2020-12-08,194.0,197.0,186,187
2020-12-09,193.0,196.0,186,186
2020-12-10,192.0,195.0,164,186
2020-12-11,190.0,193.0,161,165
2020-12-12,189.0,192.0,161,161
2020-12-13,188.0,191.0,161,161
2020-12-14,187.0,190.0,161,161
2020-12-15,186.0,189.0,158,161
2020-12-16,185.0,187.0,158,158
2020-12-17,185.0,187.0,189,190
2020-12-18,185.0,187.0,187,189
2020-12-19,184.0,187.0,187,187
2020-12-20,183.0,186.0,187,187
2020-12-21,182.0,185.0,187,187
2020-12-22,182.0,184.0,186,187
2020-12-23,181.0,184.0,185,187
2020-12-24,179.0,183.0,156,185
2020-12-25,177.0,181.0,156,156
2020-12-26,176.0,179.0,156,156
2020-12-27,175.0,178.0,156,156
2020-12-28,174.0,177.0,156,156
2020-12-29,173.0,176.0,155,156
2020-12-30,173.0,175.0,155,155
2020-12-31,173.0,175.0,175,175
2021-01-01,173.0,175.0,175,175
2021-01-02,173.0,175.0,175,175
2021-01-03,172.0,174.0,175,175
2021-01-04,172.0,174.0,175,175
2021-01-05,171.0,173.0,169,176
2021-01-06,170.0,173.0,168,169
2021-01-07,169.0,172.0,148,168
2021-01-08,167.0,171.0,141,148
2021-01-09,167.0,169.0,141,141
2021-01-10,166.0,168.0,141,141
2021-01-11,165.0,168.0,141,141
2021-01-12,165.0,167.0,140,141
2021-01-13,164.0,166.0,137,140
2021-01-14,164.0,167.0,167,171
2021-01-15,164.0,167.0,162,167
2021-01-16,163.0,166.0,162,162
2021-01-17,163.0,165.0,162,162
2021-01-18,162.0,164.0,160,162
2021-01-19,162.0,164.0,186,187
2021-01-20,161.0,164.0,183,186
2021-01-21,161.0,164.0,182,183
2021-01-22,161.0,164.0,179,183
2021-01-23,162.0,164.0,179,179
2021-01-24,162.0,165.0,152,179
2021-01-25,162.0,165.0,152,152
2021-01-26,161.0,164.0,150,152
2021-01-27,161.0,164.0,150,150
2021-01-28,161.0,164.0,150,150
2021-01-29,161.0,164.0,164,167
2021-01-30,161.0,164.0,164,164
2021-01-31,161.0,164.0,164,164
2021-02-01,160.0,163.0,164,164
2021-02-02,160.0,163.0,161,164
2021-02-03,159.0,162.0,158,161
2021-02-04,159.0,162.0,161,161
2021-02-05,158.0,162.0,127,161
2021-02-06,157.0,160.0,127,127
2021-02-07,156.0,160.0,127,127
2021-02-08,156.0,159.0,122,127
2021-02-09,155.0,159.0,121,123
2021-02-10,154.0,158.0,102,122
2021-02-11,153.0,157.0,116,118
2021-02-12,152.0,156.0,118,120
2021-02-13,150.0,155.0,102,118
2021-02-14,148.0,153.0,102,102
2021-02-15,146.0,151.0,102,102
2021-02-16,144.0,149.0,102,102
2021-02-17,142.0,147.0,102,102
2021-02-18,140.0,144.0,102,102
2021-02-19,137.0,141.0,102,102
2021-02-20,135.0,139.0,127,127
2021-02-21,133.0,137.0,127,127
2021-02-22,132.0,135.0,127,127
2021-02-23,131.0,134.0,125,127
2021-02-24,130.0,133.0,125,125
2021-02-25,129.0,132.0,140,142
2021-02-26,129.0,132.0,130,140
2021-02-27,127.0,132.0,106,130
2021-02-28,125.0,129.0,106,106
2021-03-01,123.0,128.0,106,106
2021-03-02,121.0,126.0,105,106
2021-03-03,119.0,124.0,105,105
2021-03-04,118.0,122.0,105,105
2021-03-05,115.0,120.0,85,105
2021-03-06,113.0,117.0,85,85
2021-03-07,111.0,115.0,85,85
2021-03-08,110.0,113.0,85,85
2021-03-09,108.0,112.0,82,85
2021-03-10,107.0,110.0,81,82
2021-03-11,106.0,110.0,93,96
2021-03-12,106.0,109.0,93,93
2021-03-13,105.0,108.0,93,93
2021-03-14,104.0,107.0,93,93
2021-03-15,104.0,106.0,90,93
2021-03-16,103.0,106.0,89,90
2021-03-17,103.0,105.0,88,89
2021-03-18,102.0,105.0,89,98
2021-03-19,102.0,105.0,76,89
2021-03-20,101.0,104.0,76,76
2021-03-21,100.0,103.0,76,76
2021-03-22,98.0,101.0,70,76
2021-03-23,97.0,100.0,104,104
2021-03-24,96.0,100.0,95,104
2021-03-25,95.0,99.0,102,102
2021-03-26,94.0,98.0,88,102
2021-03-27,92.0,96.0,88,88
2021-03-28,91.0,94.0,88,88
2021-03-29,90.0,93.0,88,88
2021-03-30,90.0,93.0,111,115
2021-03-31,90.0,94.0,103,111
2021-04-01,90.0,93.0,92,103
2021-04-02,90.0,94.0,108,110
2021-04-03,90.0,94.0,108,108
2021-04-04,91.0,94.0,108,108
2021-04-05,92.0,95.0,106,108
2021-04-06,92.0,95.0,106,106
2021-04-07,93.0,96.0,102,106
2021-04-08,93.0,97.0,98,102
2021-04-09,95.0,98.0,138,138
2021-04-10,97.0,100.0,138,138
2021-04-11,98.0,101.0,138,138
2021-04-12,100.0,103.0,138,138
2021-04-13,101.0,104.0,138,138
2021-04-14,103.0,106.0,135,138
2021-04-15,104.0,107.0,134,135
2021-04-16,106.0,109.0,133,134
2021-04-17,109.0,112.0,183,183
2021-04-18,112.0,115.0,183,183
2021-04-19,117.0,119.0,200,204
2021-04-20,121.0,123.0,199,200
2021-04-21,125.0,127.0,196,199
2021-04-22,128.0,130.0,196,196
2021-04-23,131.0,133.0,196,196
2021-04-24,134.0,137.0,196,196
2021-04-25,141.0,142.0,269,269
2021-04-26,147.0,148.0,269,269
2021-04-27,153.0,154.0,268,273
2021-04-28,158.0,160.0,261,270
2021-04-29,165.0,167.0,308,308
2021-04-30,172.0,173.0,308,308
2021-05-01,179.0,180.0,308,308
2021-05-02,186.0,187.0,308,308
2021-05-03,192.0,194.0,308,308
2021-05-04,199.0,200.0,308,308
2021-05-05,205.0,207.0,302,308
2021-05-06,212.0,213.0,299,302
2021-05-07,222.0,223.0,399,403
2021-05-08,232.0,233.0,399,399
2021-05-09,240.0,242.0,398,399
2021-05-10,249.0,251.0,398,398
2021-05-11,260.0,261.0,452,452
2021-05-12,270.0,271.0,452,452
2021-05-13,281.0,282.0,452,452
2021-05-14,291.0,292.0,452,452
2021-05-15,302.0,303.0,452,452
2021-05-16,312.0,314.0,452,452
2021-05-17,321.0,323.0,452,452
2021-05-18,330.0,332.0,449,452
2021-05-19,338.0,340.0,446,449
2021-05-20,346.0,348.0,442,446
2021-05-21,354.0,356.0,435,442
2021-05-22,362.0,364.0,435,435
2021-05-23,374.0,376.0,554,554
2021-05-24,386.0,388.0,552,554
2021-05-25,398.0,399.0,607,609
2021-05-26,412.0,413.0,696,697
2021-05-27,427.0,428.0,722,722
2021-05-28,442.0,443.0,721,722
2021-05-29,457.0,459.0,762,762
2021-05-30,472.0,474.0,762,762
2021-05-31,488.0,489.0,762,762
2021-06-01,503.0,504.0,760,762
2021-06-02,518.0,519.0,755,760
2021-06-03,532.0,534.0,751,755
2021-06-04,547.0,549.0,745,751
2021-06-05,562.0,563.0,745,745
2021-06-06,574.0,575.0,745,745
2021-06-07,585.0,586.0,745,745
2021-06-08,600.0,601.0,838,844
2021-06-09,614.0,616.0,838,838
2021-06-10,627.0,629.0,836,838
2021-06-11,640.0,642.0,836,836
2021-06-12,653.0,654.0,836,836
2021-06-13,666.0,667.0,836,836
2021-06-14,678.0,680.0,836,836
2021-06-15,691.0,693.0,832,836
2021-06-16,704.0,705.0,832,832
2021-06-17,716.0,718.0,829,832
2021-06-18,729.0,731.0,828,829
2021-06-19,742.0,744.0,828,828
2021-06-20,755.0,756.0,828,828
2021-06-21,768.0,769.0,825,828
2021-06-22,777.0,778.0,825,825
2021-06-23,786.0,788.0,825,825
2021-06-24,793.0,795.0,818,825
2021-06-25,797.0,799.0,812,818
2021-06-26,800.0,802.0,812,812
2021-06-27,803.0,805.0,812,812
2021-06-28,805.0,806.0,812,812
2021-06-29,806.0,808.0,794,812
2021-06-30,807.0,809.0,794,794
2021-07-01,808.0,810.0,788,794
2021-07-02,809.0,811.0,786,788
2021-07-03,810.0,812.0,786,786
2021-07-04,811.0,813.0,786,786
2021-07-05,813.0,815.0,786,786
2021-07-06,814.0,816.0,784,786
2021-07-07,815.0,817.0,784,784
2021-07-08,813.0,815.0,774,785
2021-07-09,811.0,813.0,773,774
2021-07-10,809.0,811.0,773,773
2021-07-11,807.0,809.0,772,773
2021-07-12,805.0,807.0,772,772
2021-07-13,799.0,805.0,661,772
2021-07-14,793.0,799.0,661,661
2021-07-15,787.0,793.0,644,661
2021-07-16,780.0,787.0,642,644
2021-07-17,774.0,780.0,642,642
2021-07-18,771.0,778.0,724,741
2021-07-19,767.0,774.0,724,725
2021-07-20,764.0,771.0,720,724
2021-07-21,760.0,767.0,718,720
2021-07-22,756.0,764.0,710,718
2021-07-23,752.0,760.0,710,714
2021-07-24,749.0,756.0,710,710
2021-07-25,745.0,752.0,710,710
2021-07-26,742.0,749.0,710,710
2021-07-27,738.0,746.0,705,710
2021-07-28,735.0,742.0,709,711
2021-07-29,731.0,739.0,679,709
2021-07-30,727.0,735.0,677,679
2021-07-31,724.0,731.0,677,677
2021-08-01,720.0,727.0,675,677
2021-08-02,716.0,724.0,675,675
2021-08-03,715.0,723.0,754,774
2021-08-04,714.0,722.0,752,754
2021-08-05,712.0,721.0,725,752
2021-08-06,710.0,719.0,718,725
2021-08-07,711.0,719.0,796,797
2021-08-08,711.0,720.0,796,796
2021-08-09,712.0,721.0,796,796
2021-08-10,712.0,722.0,754,796
2021-08-11,711.0,721.0,751,754
2021-08-12,712.0,720.0,707,751
2021-08-13,714.0,722.0,706,707
2021-08-14,716.0,723.0,706,706
2021-08-15,718.0,726.0,706,706
2021-08-16,720.0,728.0,705,706
2021-08-17,718.0,726.0,665,705
2021-08-18,716.0,724.0,663,665
2021-08-19,713.0,722.0,623,663
2021-08-20,710.0,719.0,620,623
2021-08-21,707.0,716.0,620,620
2021-08-22,704.0,713.0,620,620
2021-08-23,701.0,710.0,620,620
2021-08-24,696.0,707.0,577,620
2021-08-25,692.0,702.0,576,577
2021-08-26,689.0,700.0,635,647
2021-08-27,687.0,698.0,634,635
2021-08-28,685.0,695.0,634,634
2021-08-29,684.0,694.0,634,634
2021-08-30,683.0,692.0,634,634
2021-08-31,680.0,691.0,611,634
2021-09-01,678.0,689.0,613,614
2021-09-02,672.0,683.0,554,613
2021-09-03,665.0,677.0,559,571
2021-09-04,660.0,671.0,559,559
2021-09-05,654.0,665.0,559,559
2021-09-06,646.0,657.0,558,559
2021-09-07,638.0,650.0,554,559
2021-09-08,630.0,642.0,551,554
2021-09-09,622.0,633.0,503,551
2021-09-10,614.0,625.0,500,503
2021-09-11,607.0,617.0,499,500
2021-09-12,600.0,610.0,519,519
2021-09-13,594.0,604.0,519,519
2021-09-14,587.0,598.0,499,520
2021-09-15,580.0,591.0,498,499
2021-09-16,574.0,584.0,479,499
2021-09-17,568.0,578.0,477,479
2021-09-18,563.0,572.0,477,477
2021-09-19,558.0,567.0,477,477
2021-09-20,554.0,562.0,477,477
2021-09-21,548.0,557.0,453,478
2021-09-22,542.0,552.0,451,453
2021-09-23,537.0,547.0,409,466
2021-09-24,531.0,541.0,407,409
2021-09-25,526.0,536.0,490,490
2021-09-26,521.0,531.0,490,490
2021-09-27,517.0,526.0,489,490
2021-09-28,511.0,521.0,457,489
2021-09-29,505.0,515.0,455,457
2021-09-30,498.0,510.0,393,458
2021-10-01,491.0,503.0,416,416
2021-10-02,486.0,496.0,416,416
2021-10-03,482.0,491.0,416,416
2021-10-04,477.0,486.0,412,416
2021-10-05,471.0,482.0,392,412
2021-10-06,466.0,476.0,391,392
2021-10-07,458.0,470.0,335,391
2021-10-08,450.0,463.0,312,335
2021-10-09,444.0,455.0,312,312
2021-10-10,439.0,450.0,362,362
2021-10-11,435.0,446.0,362,362
2021-10-12,429.0,441.0,344,362
2021-10-13,423.0,435.0,342,344
2021-10-14,417.0,429.0,328,342
2021-10-15,414.0,425.0,389,391
2021-10-16,411.0,422.0,389,389
2021-10-17,408.0,419.0,389,389
2021-10-18,407.0,418.0,447,449
2021-10-19,405.0,417.0,421,447
2021-10-20,403.0,415.0,420,421
2021-10-21,401.0,413.0,404,420
2021-10-22,400.0,411.0,403,404
2021-10-23,400.0,409.0,403,403
2021-10-24,402.0,412.0,483,483
2021-10-25,402.0,411.0,482,483
2021-10-26,401.0,411.0,456,482
2021-10-27,400.0,410.0,456,456
2021-10-28,401.0,411.0,512,516
2021-10-29,405.0,415.0,574,584
2021-10-30,411.0,419.0,574,574
2021-10-31,417.0,424.0,574,574
2021-11-01,422.0,430.0,574,574
2021-11-02,426.0,435.0,552,574
2021-11-03,431.0,439.0,550,552
2021-11-04,435.0,444.0,501,550
2021-11-05,438.0,448.0,497,501
2021-11-06,444.0,451.0,497,497
2021-11-07,450.0,456.0,497,497
2021-11-08,456.0,463.0,495,497
2021-11-09,459.0,467.0,469,495
2021-11-10,465.0,473.0,541,544
2021-11-11,472.0,479.0,539,541
2021-11-12,478.0,486.0,533,539
2021-11-13,485.0,492.0,533,533
2021-11-14,490.0,497.0,533,533
2021-11-15,494.0,502.0,518,533
2021-11-16,498.0,506.0,494,518
2021-11-17,498.0,507.0,466,494
2021-11-18,502.0,510.0,521,542
2021-11-19,505.0,514.0,505,521
2021-11-20,507.0,517.0,486,505
2021-11-21,509.0,519.0,466,486
2021-11-22,511.0,521.0,448,466
2021-11-23,509.0,520.0,431,448
2021-11-24,507.0,519.0,414,431
2021-11-25,505.0,516.0,414,414
2021-11-26,504.0,515.0,414,414
2021-11-27,501.0,512.0,414,414
2021-11-28,495.0,506.0,414,414
2021-11-29,492.0,503.0,476,487
2021-11-30,489.0,500.0,467,476
2021-12-01,485.0,496.0,462,467
2021-12-02,482.0,492.0,451,462
2021-12-03,478.0,489.0,431,451
2021-12-04,475.0,485.0,431,431
2021-12-05,475.0,485.0,496,496
2021-12-06,477.0,487.0,546,560
2021-12-07,478.0,489.0,529,546
2021-12-08,478.0,490.0,508,529
2021-12-09,479.0,490.0,493,508
2021-12-10,477.0,488.0,466,493
2021-12-11,474.0,486.0,466,466
2021-12-12,472.0,483.0,466,466
2021-12-13,469.0,481.0,458,466
2021-12-14,467.0,479.0,447,458
2021-12-15,464.0,476.0,435,447
2021-12-16,461.0,473.0,411,435
2021-12-17,461.0,472.0,461,469
2021-12-18,459.0,470.0,461,461
2021-12-19,457.0,468.0,461,461
2021-12-20,456.0,466.0,436,461
2021-12-21,454.0,464.0,414,436
2021-12-22,452.0,463.0,401,414
2021-12-23,451.0,461.0,374,401
2021-12-24,449.0,459.0,374,374
2021-12-25,448.0,458.0,374,374
2021-12-26,447.0,457.0,374,374
2021-12-27,445.0,455.0,354,374
2021-12-28,444.0,455.0,388,407
2021-12-29,440.0,452.0,371,388
2021-12-30,437.0,449.0,380,402
2021-12-31,435.0,446.0,380,380
2022-01-01,432.0,444.0,380,380
2022-01-02,433.0,443.0,447,447
2022-01-03,433.0,444.0,428,447
2022-01-04,430.0,442.0,409,428
2022-01-05,425.0,437.0,394,409
2022-01-06,419.0,432.0,371,394
2022-01-07,414.0,426.0,354,371
2022-01-08,410.0,421.0,354,354
2022-01-09,406.0,417.0,354,354
2022-01-10,401.0,413.0,333,354
2022-01-11,396.0,408.0,311,333
2022-01-12,391.0,403.0,289,311
2022-01-13,387.0,400.0,346,364
2022-01-14,383.0,397.0,311,346
2022-01-15,380.0,393.0,311,311
2022-01-16,375.0,387.0,311,311
2022-01-17,370.0,382.0,311,311
2022-01-18,367.0,380.0,379,392
2022-01-19,365.0,377.0,366,379
2022-01-20,365.0,377.0,422,435
2022-01-21,367.0,380.0,470,497
2022-01-22,371.0,382.0,470,470
2022-01-23,374.0,386.0,467,470
2022-01-24,376.0,389.0,444,467
2022-01-25,378.0,391.0,425,444
2022-01-26,380.0,393.0,414,425
2022-01-27,380.0,393.0,392,414
2022-01-28,380.0,393.0,387,392
2022-01-29,381.0,393.0,387,387
2022-01-30,381.0,393.0,387,387
2022-01-31,380.0,393.0,347,387
2022-02-01,376.0,390.0,332,347
2022-02-02,374.0,388.0,380,406
2022-02-03,372.0,387.0,354,380
2022-02-04,371.0,385.0,349,354
2022-02-05,370.0,383.0,349,349
2022-02-06,370.0,383.0,349,349
2022-02-07,369.0,382.0,326,349
2022-02-08,367.0,382.0,284,326
2022-02-09,366.0,381.0,324,345
2022-02-10,365.0,381.0,275,324
2022-02-11,364.0,380.0,252,275
2022-02-12,360.0,376.0,230,252
2022-02-13,357.0,372.0,203,230
2022-02-14,351.0,369.0,152,203
2022-02-15,345.0,363.0,130,152
2022-02-16,339.0,357.0,110,130
2022-02-17,330.0,350.0,136,160
2022-02-18,322.0,341.0,115,136
2022-02-19,311.0,331.0,90,115
2022-02-20,298.0,317.0,75,90
2022-02-21,285.0,304.0,75,75
2022-02-22,270.0,291.0,41,75
2022-02-23,257.0,277.0,41,41
2022-02-24,244.0,263.0,28,41
2022-02-25,231.0,250.0,22,28
2022-02-26,220.0,238.0,61,61
2022-02-27,209.0,227.0,61,61
2022-02-28,198.0,216.0,60,61
2022-03-01,189.0,207.0,114,117
2022-03-02,181.0,198.0,114,114
2022-03-03,174.0,190.0,114,114
2022-03-04,165.0,181.0,102,114
2022-03-05,156.0,171.0,96,102
2022-03-06,148.0,163.0,96,96
2022-03-07,139.0,154.0,87,96
2022-03-08,130.0,146.0,87,87
2022-03-09,122.0,137.0,85,87
2022-03-10,115.0,129.0,63,85
2022-03-11,107.0,121.0,96,109
2022-03-12,101.0,113.0,86,96
2022-03-13,95.0,107.0,86,86
2022-03-14,90.0,102.0,68,86
2022-03-15,88.0,99.0,138,138
2022-03-16,87.0,96.0,131,138
2022-03-17,87.0,96.0,131,131
2022-03-18,89.0,97.0,169,169
2022-03-19,90.0,97.0,169,169
2022-03-20,92.0,98.0,169,169
2022-03-21,94.0,100.0,150,169
2022-03-22,98.0,104.0,190,190
2022-03-23,102.0,109.0,217,228
2022-03-24,110.0,116.0,270,290
2022-03-25,117.0,123.0,258,270
2022-03-26,125.0,131.0,258,258
2022-03-27,133.0,138.0,258,258
2022-03-28,139.0,145.0,237,258
2022-03-29,144.0,151.0,220,237
2022-03-30,149.0,156.0,201,220
2022-03-31,152.0,160.0,228,251
2022-04-01,157.0,166.0,251,275
2022-04-02,164.0,173.0,324,324
2022-04-03,171.0,180.0,324,324
2022-04-04,180.0,189.0,358,374
2022-04-05,188.0,198.0,335,358
2022-04-06,196.0,206.0,315,335
2022-04-07,203.0,213.0,291,315
2022-04-08,209.0,220.0,266,291
2022-04-09,215.0,226.0,266,266
2022-04-10,221.0,231.0,266,266
2022-04-11,228.0,238.0,285,310
2022-04-12,233.0,245.0,261,285
2022-04-13,239.0,251.0,241,261
2022-04-14,244.0,257.0,288,311
2022-04-15,249.0,262.0,265,288
2022-04-16,253.0,266.0,265,265
2022-04-17,259.0,272.0,332,332
2022-04-18,263.0,277.0,308,332
2022-04-19,267.0,282.0,284,308
2022-04-20,273.0,288.0,336,360
2022-04-21,279.0,294.0,349,366
2022-04-22,285.0,300.0,400,401
2022-04-23,289.0,303.0,400,400
2022-04-24,294.0,308.0,400,400
2022-04-25,298.0,312.0,377,400
2022-04-26,304.0,319.0,440,461
2022-04-27,310.0,325.0,414,440
2022-04-28,318.0,334.0,470,491
2022-04-29,327.0,342.0,470,470
2022-04-30,335.0,349.0,470,470
2022-05-01,344.0,358.0,521,521
2022-05-02,350.0,364.0,510,521
2022-05-03,356.0,370.0,510,510
2022-05-04,361.0,375.0,503,510
2022-05-05,367.0,380.0,495,503
2022-05-06,373.0,385.0,495,495
2022-05-07,379.0,391.0,495,495
2022-05-08,387.0,398.0,495,495
2022-05-09,394.0,405.0,472,495
2022-05-10,400.0,412.0,456,472
2022-05-11,405.0,417.0,438,456
2022-05-12,411.0,422.0,424,438
2022-05-13,416.0,428.0,408,424
2022-05-14,420.0,431.0,408,408
2022-05-15,425.0,435.0,408,408
2022-05-16,432.0,442.0,462,479
2022-05-17,435.0,446.0,440,462
2022-05-18,439.0,450.0,409,440
2022-05-19,442.0,453.0,385,409
2022-05-20,444.0,454.0,383,385
2022-05-21,445.0,455.0,383,383
2022-05-22,446.0,456.0,432,432
2022-05-23,446.0,457.0,414,432
2022-05-24,446.0,457.0,392,414
2022-05-25,448.0,459.0,446,462
2022-05-26,448.0,459.0,438,446
2022-05-27,449.0,459.0,426,438
2022-05-28,447.0,457.0,426,426
2022-05-29,446.0,455.0,426,426
2022-05-30,444.0,454.0,426,426
2022-05-31,443.0,453.0,481,498
2022-06-01,442.0,452.0,475,481
2022-06-02,439.0,450.0,423,475
2022-06-03,435.0,448.0,395,423
2022-06-04,432.0,444.0,395,395
2022-06-05,429.0,441.0,395,395
2022-06-06,425.0,437.0,391,395
2022-06-07,424.0,437.0,459,481
2022-06-08,423.0,436.0,454,459
2022-06-09,423.0,435.0,448,454
2022-06-10,422.0,435.0,423,448
2022-06-11,422.0,434.0,423,423
2022-06-12,423.0,434.0,423,423
2022-06-13,423.0,435.0,421,423
2022-06-14,423.0,435.0,391,421
2022-06-15,420.0,432.0,366,391
2022-06-16,418.0,431.0,399,414
2022-06-17,418.0,429.0,395,399
2022-06-18,418.0,429.0,395,395
2022-06-19,419.0,429.0,395,395
2022-06-20,419.0,430.0,395,395
2022-06-21,419.0,430.0,437,447
2022-06-22,420.0,430.0,432,437
2022-06-23,422.0,433.0,471,485
2022-06-24,423.0,433.0,467,471
2022-06-25,426.0,435.0,520,520
2022-06-26,429.0,438.0,520,520
2022-06-27,432.0,441.0,517,520
2022-06-28,434.0,444.0,496,517
2022-06-29,436.0,447.0,468,496
2022-06-30,435.0,446.0,462,468
2022-07-01,434.0,445.0,449,462
2022-07-02,435.0,444.0,449,449
2022-07-03,437.0,445.0,449,449
2022-07-04,440.0,448.0,502,502
2022-07-05,443.0,452.0,487,502
2022-07-06,446.0,455.0,471,487
2022-07-07,446.0,455.0,455,471
2022-07-08,446.0,455.0,447,455
2022-07-09,446.0,454.0,447,447
2022-07-10,447.0,454.0,447,447
2022-07-11,447.0,455.0,441,447
2022-07-12,448.0,456.0,440,441
2022-07-13,448.0,456.0,438,441
2022-07-14,450.0,457.0,431,438
2022-07-15,451.0,458.0,402,432
2022-07-16,453.0,460.0,455,455
2022-07-17,455.0,462.0,455,455
2022-07-18,456.0,464.0,441,455
2022-07-19,457.0,465.0,429,441
2022-07-20,458.0,466.0,406,429
2022-07-21,458.0,466.0,437,449
2022-07-22,457.0,466.0,417,437
2022-07-23,455.0,464.0,417,417
2022-07-24,454.0,462.0,414,417
2022-07-25,450.0,459.0,404,414
2022-07-26,445.0,455.0,372,404
2022-07-27,442.0,452.0,427,444
2022-07-28,441.0,451.0,472,480
2022-07-29,443.0,452.0,513,522
2022-07-30,444.0,453.0,513,513
2022-07-31,446.0,455.0,513,513
2022-08-01,448.0,457.0,498,513
2022-08-02,451.0,460.0,532,538
2022-08-03,451.0,461.0,515,532
2022-08-04,451.0,462.0,489,515
2022-08-05,451.0,462.0,470,489
2022-08-06,452.0,462.0,470,470
2022-08-07,452.0,462.0,470,470
2022-08-08,455.0,465.0,510,523
2022-08-09,456.0,467.0,489,510
2022-08-10,459.0,470.0,535,543
2022-08-11,461.0,473.0,508,535
2022-08-12,463.0,475.0,493,508
2022-08-13,465.0,477.0,493,493
2022-08-14,468.0,479.0,493,493
2022-08-15,469.0,480.0,479,493
2022-08-16,471.0,483.0,512,533
2022-08-17,477.0,488.0,608,612
2022-08-18,482.0,494.0,595,608
2022-08-19,488.0,499.0,574,595
2022-08-20,494.0,505.0,628,628
2022-08-21,501.0,512.0,628,628
2022-08-22,508.0,519.0,619,628
2022-08-23,514.0,526.0,599,619
2022-08-24,520.0,532.0,580,599
2022-08-25,526.0,538.0,561,580
2022-08-26,530.0,541.0,537,561
2022-08-27,532.0,543.0,537,537
2022-08-28,533.0,544.0,537,537
2022-08-29,535.0,546.0,575,591
2022-08-30,538.0,550.0,617,617
2022-08-31,542.0,553.0,611,618
2022-09-01,544.0,556.0,590,611
2022-09-02,546.0,558.0,574,590
2022-09-03,549.0,560.0,574,574
2022-09-04,552.0,563.0,574,574
2022-09-05,557.0,567.0,604,604
2022-09-06,561.0,572.0,600,607
2022-09-07,564.0,574.0,588,602
2022-09-08,566.0,577.0,558,588
2022-09-09,568.0,579.0,588,612
2022-09-10,570.0,581.0,588,588
2022-09-11,574.0,584.0,588,588
2022-09-12,576.0,587.0,568,588
2022-09-13,579.0,591.0,593,620
2022-09-14,583.0,594.0,576,593
2022-09-15,585.0,596.0,568,576
2022-09-16,585.0,596.0,610,622
2022-09-17,585.0,596.0,610,610
2022-09-18,586.0,597.0,610,610
2022-09-19,586.0,597.0,629,640
2022-09-20,586.0,597.0,604,629
2022-09-21,584.0,596.0,566,604
2022-09-22,584.0,596.0,601,621
2022-09-23,584.0,596.0,589,601
2022-09-24,585.0,597.0,589,589
2022-09-25,587.0,598.0,589,589
2022-09-26,590.0,601.0,633,642
2022-09-27,592.0,604.0,607,633
2022-09-28,593.0,605.0,601,607
2022-09-29,593.0,605.0,610,631
2022-09-30,593.0,605.0,601,610
2022-10-01,593.0,605.0,601,601
2022-10-02,594.0,605.0,601,601
2022-10-03,596.0,608.0,646,656
2022-10-04,598.0,610.0,633,646
2022-10-05,599.0,611.0,629,633
2022-10-06,599.0,612.0,610,629
2022-10-07,600.0,612.0,594,610
2022-10-08,601.0,612.0,594,594
2022-10-09,601.0,612.0,594,594
2022-10-10,603.0,614.0,646,646
2022-10-11,604.0,616.0,612,646
2022-10-12,605.0,616.0,608,612
2022-10-13,604.0,616.0,558,608
2022-10-14,604.0,617.0,581,610
2022-10-15,605.0,617.0,581,581
2022-10-16,603.0,615.0,553,581
2022-10-17,601.0,614.0,549,553
2022-10-18,598.0,612.0,538,549
2022-10-19,595.0,608.0,536,538
2022-10-20,592.0,605.0,518,536
2022-10-21,592.0,604.0,552,566
2022-10-22,590.0,601.0,551,552
2022-10-23,589.0,600.0,551,551
2022-10-24,587.0,599.0,543,551
2022-10-25,586.0,598.0,545,580
2022-10-26,583.0,595.0,533,545
2022-10-27,581.0,593.0,574,575
2022-10-28,581.0,592.0,574,585
2022-10-29,579.0,590.0,574,574
2022-10-30,578.0,589.0,574,574
2022-10-31,577.0,588.0,569,574
2022-11-01,577.0,588.0,591,602
2022-11-02,575.0,587.0,599,605
2022-11-03,574.0,585.0,590,599
2022-11-04,572.0,584.0,569,592
2022-11-05,571.0,582.0,569,569
2022-11-06,570.0,580.0,569,569
2022-11-07,570.0,581.0,609,623
2022-11-08,571.0,582.0,603,609
2022-11-09,569.0,580.0,595,603
2022-11-10,568.0,579.0,587,595
2022-11-11,567.0,578.0,587,587
2022-11-12,568.0,577.0,587,587
2022-11-13,569.0,576.0,587,587
2022-11-14,568.0,577.0,575,587
2022-11-15,569.0,576.0,567,575
2022-11-16,569.0,577.0,561,567
2022-11-17,569.0,577.0,541,561
2022-11-18,570.0,579.0,554,595
2022-11-19,571.0,580.0,554,554
2022-11-20,569.0,579.0,477,554
2022-11-21,567.0,578.0,512,522
2022-11-22,566.0,578.0,522,531
2022-11-23,566.0,577.0,517,522
2022-11-24,565.0,575.0,517,517
2022-11-25,565.0,574.0,539,539
2022-11-26,564.0,573.0,539,539
2022-11-27,563.0,572.0,547,547
2022-11-28,561.0,571.0,513,547
2022-11-29,558.0,569.0,508,513
2022-11-30,556.0,567.0,506,508
2022-12-01,553.0,564.0,499,506
2022-12-02,550.0,560.0,493,510
2022-12-03,546.0,557.0,480,493
2022-12-04,543.0,553.0,480,480
2022-12-05,542.0,552.0,529,534
2022-12-06,540.0,551.0,509,529
2022-12-07,536.0,547.0,495,509
2022-12-08,532.0,543.0,476,495
2022-12-09,527.0,539.0,451,476
2022-12-10,524.0,536.0,488,498
2022-12-11,520.0,532.0,479,488
2022-12-12,516.0,529.0,455,480
2022-12-13,510.0,524.0,410,455
2022-12-14,505.0,520.0,441,458
2022-12-15,499.0,516.0,373,441
2022-12-16,491.0,509.0,338,373
2022-12-17,484.0,502.0,320,338
2022-12-18,475.0,493.0,297,320
2022-12-19,468.0,486.0,315,348
2022-12-20,461.0,478.0,287,315
2022-12-21,454.0,471.0,305,328
2022-12-22,446.0,464.0,282,305
2022-12-23,436.0,456.0,221,282
2022-12-24,426.0,446.0,210,221
2022-12-25,415.0,435.0,210,210
2022-12-26,404.0,424.0,210,210
2022-12-27,392.0,413.0,195,210
2022-12-28,382.0,401.0,188,195
2022-12-29,371.0,390.0,182,188
2022-12-30,360.0,380.0,190,195
2022-12-31,352.0,372.0,257,267
2023-01-01,344.0,363.0,257,257
2023-01-02,337.0,355.0,257,257
2023-01-03,330.0,349.0,278,291
2023-01-04,321.0,341.0,264,278
2023-01-05,313.0,332.0,260,264
2023-01-06,305.0,323.0,251,260
2023-01-07,297.0,315.0,251,251
2023-01-08,291.0,308.0,251,251
2023-01-09,283.0,300.0,250,251
2023-01-10,275.0,292.0,246,250
2023-01-11,268.0,284.0,245,246
2023-01-12,262.0,277.0,240,245
2023-01-13,256.0,270.0,239,241
2023-01-14,251.0,263.0,239,239
2023-01-15,249.0,260.0,283,283
2023-01-16,248.0,258.0,282,283
2023-01-17,248.0,257.0,281,282
2023-01-18,246.0,255.0,276,281
2023-01-19,246.0,253.0,265,276
2023-01-20,244.0,251.0,261,265
2023-01-21,245.0,251.0,303,303
2023-01-22,248.0,252.0,312,312
2023-01-23,251.0,255.0,312,312
2023-01-24,254.0,258.0,310,312
2023-01-25,259.0,263.0,333,334
2023-01-26,263.0,267.0,328,333
2023-01-27,268.0,271.0,327,328
2023-01-28,272.0,276.0,327,327
2023-01-29,277.0,280.0,327,327
2023-01-30,279.0,282.0,324,327
2023-01-31,281.0,284.0,320,324
2023-02-01,283.0,287.0,309,320
2023-02-02,286.0,290.0,374,381
2023-02-03,291.0,294.0,396,403
2023-02-04,297.0,300.0,462,462
2023-02-05,305.0,308.0,491,491
2023-02-06,313.0,316.0,478,491
2023-02-07,324.0,328.0,588,600
2023-02-08,335.0,339.0,581,588
2023-02-09,346.0,350.0,561,581
2023-02-10,356.0,360.0,546,562
2023-02-11,366.0,370.0,546,546
2023-02-12,376.0,381.0,546,546
2023-02-13,387.0,392.0,567,572
2023-02-14,396.0,401.0,559,567
2023-02-15,406.0,410.0,557,559
2023-02-16,414.0,420.0,549,557
2023-02-17,424.0,429.0,552,560
2023-02-18,433.0,438.0,552,552
2023-02-19,443.0,448.0,552,552
2023-02-20,452.0,457.0,572,573
2023-02-21,460.0,465.0,564,573
2023-02-22,468.0,474.0,556,564
2023-02-23,477.0,482.0,558,574
2023-02-24,484.0,490.0,542,558
2023-02-25,491.0,497.0,542,542
2023-02-26,499.0,505.0,574,574
2023-02-27,509.0,515.0,621,631
2023-02-28,518.0,525.0,614,621
2023-03-01,528.0,535.0,611,615
2023-03-02,538.0,544.0,607,612
2023-03-03,547.0,554.0,603,607
2023-03-04,555.0,561.0,603,603
2023-03-05,562.0,568.0,603,603
2023-03-06,568.0,574.0,645,648
2023-03-07,573.0,579.0,638,645
2023-03-08,578.0,584.0,628,638
2023-03-09,580.0,586.0,651,657
2023-03-10,582.0,588.0,637,651
2023-03-11,584.0,590.0,637,637
2023-03-12,587.0,592.0,637,637
2023-03-13,590.0,596.0,624,637
2023-03-14,592.0,598.0,617,625
2023-03-15,594.0,600.0,610,617
2023-03-16,595.0,601.0,601,610
2023-03-17,597.0,602.0,596,601
2023-03-18,598.0,604.0,596,596
2023-03-19,600.0,605.0,596,596
2023-03-20,601.0,606.0,582,596
2023-03-21,601.0,607.0,566,582
2023-03-22,602.0,609.0,592,614
2023-03-23,602.0,609.0,579,592
2023-03-24,603.0,610.0,569,579
2023-03-25,605.0,612.0,630,630
2023-03-26,608.0,614.0,630,630
2023-03-27,609.0,617.0,577,630
2023-03-28,609.0,617.0,558,577
2023-03-29,606.0,615.0,543,558
2023-03-30,605.0,614.0,589,607
2023-03-31,604.0,613.0,567,589
2023-04-01,602.0,612.0,567,567
2023-04-02,601.0,611.0,567,567
2023-04-03,598.0,609.0,522,567
2023-04-04,597.0,608.0,548,568
2023-04-05,593.0,605.0,540,549
2023-04-06,590.0,601.0,532,540
2023-04-07,586.0,598.0,526,532
2023-04-08,582.0,594.0,519,526
2023-04-09,578.0,589.0,519,519
2023-04-10,574.0,587.0,528,562
2023-04-11,570.0,583.0,519,528
2023-04-12,567.0,579.0,511,519
2023-04-13,563.0,575.0,502,511
2023-04-14,558.0,571.0,458,502
2023-04-15,552.0,566.0,442,458
2023-04-16,547.0,561.0,442,442
2023-04-17,540.0,556.0,393,442
2023-04-18,533.0,549.0,364,393
2023-04-19,525.0,541.0,360,364
2023-04-20,518.0,534.0,348,360
2023-04-21,509.0,525.0,335,348
2023-04-22,501.0,517.0,333,335
2023-04-23,493.0,508.0,333,333
2023-04-24,483.0,499.0,322,333
2023-04-25,472.0,489.0,293,338
2023-04-26,462.0,478.0,287,293
2023-04-27,453.0,468.0,277,287
2023-04-28,444.0,459.0,272,277
2023-04-29,433.0,447.0,264,272
2023-04-30,423.0,437.0,264,264
2023-05-01,412.0,426.0,239,264
2023-05-02,401.0,416.0,236,239
2023-05-03,389.0,404.0,153,236
2023-05-04,373.0,391.0,85,153
2023-05-05,358.0,375.0,85,85
2023-05-06,344.0,361.0,117,126
2023-05-07,332.0,349.0,151,151
2023-05-08,321.0,339.0,212,232
2023-05-09,312.0,330.0,240,247
2023-05-10,305.0,321.0,305,310
2023-05-11,299.0,316.0,346,353
2023-05-12,294.0,311.0,359,388
2023-05-13,290.0,307.0,386,393
2023-05-14,289.0,304.0,413,413
2023-05-15,290.0,306.0,501,505
2023-05-16,294.0,310.0,558,572
2023-05-17,301.0,315.0,580,592
2023-05-18,308.0,323.0,594,629
2023-05-19,317.0,332.0,622,628
2023-05-20,326.0,341.0,622,640
2023-05-21,336.0,352.0,628,666
2023-05-22,347.0,363.0,667,672
2023-05-23,357.0,376.0,623,717
2023-05-24,368.0,386.0,651,652
2023-05-25,378.0,399.0,588,712
2023-05-26,387.0,409.0,582,588
2023-05-27,397.0,419.0,574,606
2023-05-28,407.0,429.0,565,574
2023-05-29,416.0,439.0,542,565
2023-05-30,424.0,448.0,510,544
2023-05-31,435.0,459.0,565,579
2023-06-01,446.0,470.0,567,571
2023-06-02,459.0,482.0,534,583
2023-06-03,474.0,494.0,533,534
2023-06-04,489.0,509.0,533,533
2023-06-05,504.0,524.0,560,561
2023-06-06,515.0,537.0,478,560
2023-06-07,523.0,546.0,471,478
2023-06-08,532.0,554.0,497,504
2023-06-09,538.0,561.0,492,510
2023-06-10,543.0,566.0,495,505
2023-06-11,547.0,569.0,469,495
2023-06-12,549.0,573.0,460,496
2023-06-13,550.0,575.0,449,479
2023-06-14,549.0,574.0,453,477
2023-06-15,546.0,571.0,479,482
2023-06-16,542.0,567.0,458,479
2023-06-17,538.0,563.0,471,488
2023-06-18,533.0,558.0,463,496
2023-06-19,527.0,552.0,446,463
2023-06-20,521.0,546.0,455,469
2023-06-21,515.0,540.0,474,492
2023-06-22,509.0,532.0,461,494
2023-06-23,500.0,527.0,389,480
2023-06-24,494.0,516.0,393,406
2023-06-25,488.0,510.0,391,393
2023-06-26,482.0,504.0,420,420
2023-06-27,480.0,502.0,492,521
2023-06-28,477.0,499.0,459,492
2023-06-29,475.0,497.0,450,475
2023-06-30,470.0,493.0,403,457
2023-07-01,464.0,488.0,384,403
2023-07-02,459.0,481.0,384,384
2023-07-03,456.0,478.0,453,457
2023-07-04,454.0,477.0,467,481
2023-07-05,450.0,474.0,448,482
2023-07-06,448.0,471.0,428,458
2023-07-07,446.0,469.0,395,428
2023-07-08,445.0,468.0,455,479
2023-07-09,443.0,466.0,444,455
2023-07-10,441.0,464.0,432,444
2023-07-11,438.0,462.0,387,432
2023-07-12,435.0,461.0,374,457
2023-07-13,432.0,457.0,346,374
2023-07-14,430.0,455.0,390,401
2023-07-15,427.0,453.0,391,435
2023-07-16,424.0,450.0,387,391
2023-07-17,422.0,448.0,393,406
2023-07-18,419.0,445.0,387,421
2023-07-19,418.0,444.0,396,425
2023-07-20,414.0,442.0,358,415
2023-07-21,410.0,437.0,336,358
2023-07-22,406.0,433.0,341,347
2023-07-23,404.0,428.0,341,341
2023-07-24,402.0,426.0,342,362
2023-07-25,401.0,425.0,334,354
2023-07-26,398.0,424.0,342,378
2023-07-27,393.0,418.0,331,342
2023-07-28,389.0,413.0,341,360
2023-07-29,385.0,409.0,328,349
2023-07-30,382.0,405.0,328,343
2023-07-31,380.0,403.0,324,341
2023-08-01,378.0,402.0,326,344
2023-08-02,375.0,400.0,357,385
2023-08-03,371.0,396.0,351,381
2023-08-04,367.0,392.0,326,352
2023-08-05,363.0,388.0,317,335
2023-08-06,361.0,385.0,331,349
2023-08-07,356.0,381.0,297,339
2023-08-08,353.0,378.0,354,366
2023-08-09,350.0,375.0,336,354
2023-08-10,346.0,372.0,290,367
2023-08-11,344.0,368.0,292,315
2023-08-12,342.0,366.0,307,318
2023-08-13,339.0,363.0,296,307
2023-08-14,337.0,359.0,324,324
2023-08-15,335.0,357.0,311,337
2023-08-16,331.0,354.0,284,311
2023-08-17,327.0,350.0,280,290
2023-08-18,324.0,346.0,306,326
2023-08-19,322.0,343.0,300,309
2023-08-20,321.0,341.0,291,300
2023-08-21,321.0,341.0,336,340
2023-08-22,321.0,341.0,344,358
2023-08-23,321.0,341.0,351,368
2023-08-24,324.0,344.0,424,433
2023-08-25,328.0,347.0,451,461
2023-08-26,333.0,352.0,483,491
2023-08-27,338.0,357.0,499,516
2023-08-28,345.0,363.0,530,541
2023-08-29,351.0,371.0,505,567
2023-08-30,359.0,378.0,558,568
2023-08-31,366.0,387.0,534,590
2023-09-01,371.0,392.0,514,550
2023-09-02,376.0,397.0,519,528
2023-09-03,384.0,404.0,542,552
2023-09-04,390.0,411.0,520,557
2023-09-05,398.0,418.0,551,559
2023-09-06,406.0,426.0,542,565
2023-09-07,412.0,432.0,552,571
2023-09-08,420.0,440.0,572,579
2023-09-09,430.0,447.0,577,590
2023-09-10,441.0,458.0,624,636
2023-09-11,451.0,468.0,610,624
2023-09-12,461.0,479.0,608,616
2023-09-13,474.0,492.0,692,721
2023-09-14,486.0,504.0,696,704
2023-09-15,503.0,521.0,791,812
2023-09-16,520.0,538.0,786,797
2023-09-17,536.0,553.0,786,786
2023-09-18,552.0,569.0,768,786
2023-09-19,568.0,585.0,768,774
2023-09-20,580.0,600.0,704,796
2023-09-21,590.0,611.0,647,704
2023-09-22,602.0,624.0,703,738
2023-09-23,611.0,633.0,697,706
2023-09-24,619.0,641.0,700,700
2023-09-25,626.0,648.0,693,705
2023-09-26,633.0,655.0,710,724
2023-09-27,639.0,660.0,693,710
2023-09-28,647.0,667.0,744,774
2023-09-29,653.0,674.0,743,763
2023-09-30,660.0,680.0,742,758
2023-10-01,667.0,686.0,741,742
2023-10-02,676.0,695.0,789,801
2023-10-03,684.0,703.0,778,789
2023-10-04,693.0,711.0,789,799
2023-10-05,700.0,719.0,743,789
2023-10-06,706.0,726.0,732,775
2023-10-07,712.0,731.0,743,743
2023-10-08,719.0,737.0,762,762
2023-10-09,724.0,743.0,737,762
2023-10-10,728.0,747.0,741,758
2023-10-11,731.0,751.0,715,747
2023-10-12,733.0,755.0,665,715
2023-10-13,732.0,754.0,668,693
2023-10-14,731.0,753.0,658,668
2023-10-15,727.0,747.0,651,658
2023-10-16,725.0,746.0,741,769
2023-10-17,723.0,745.0,732,741
2023-10-18,723.0,744.0,747,758
2023-10-19,722.0,744.0,754,772
2023-10-20,724.0,744.0,767,796
2023-10-21,728.0,746.0,772,772
2023-10-22,732.0,748.0,803,803
2023-10-23,734.0,752.0,781,803
2023-10-24,737.0,754.0,769,781
2023-10-25,740.0,758.0,797,808
2023-10-26,743.0,760.0,783,798
2023-10-27,745.0,763.0,771,791
2023-10-28,746.0,763.0,778,781
2023-10-29,748.0,764.0,778,778
2023-10-30,749.0,765.0,780,798
2023-10-31,751.0,767.0,803,809
2023-11-01,752.0,768.0,824,833
2023-11-02,753.0,769.0,816,824
2023-11-03,754.0,771.0,796,836
2023-11-04,755.0,771.0,800,800
2023-11-05,758.0,772.0,800,800
2023-11-06,759.0,774.0,777,800
2023-11-07,760.0,775.0,781,797
2023-11-08,761.0,777.0,786,811
2023-11-09,763.0,778.0,788,804
2023-11-10,765.0,780.0,786,788
2023-11-11,769.0,782.0,769,786
2023-11-12,772.0,784.0,769,769
2023-11-13,775.0,788.0,759,769
2023-11-14,780.0,792.0,778,789
2023-11-15,785.0,797.0,892,907
2023-11-16,791.0,803.0,913,942
2023-11-17,795.0,809.0,887,923
2023-11-18,799.0,813.0,874,887
2023-11-19,803.0,815.0,874,874
2023-11-20,805.0,819.0,828,874
2023-11-21,805.0,820.0,808,828
2023-11-22,805.0,820.0,785,825
2023-11-23,806.0,820.0,785,785
2023-11-24,806.0,821.0,819,825
2023-11-25,807.0,822.0,805,819
2023-11-26,808.0,822.0,805,805
2023-11-27,808.0,823.0,781,805
2023-11-28,808.0,824.0,786,795
2023-11-29,808.0,823.0,768,786
2023-11-30,807.0,822.0,763,768
2023-12-01,805.0,822.0,780,826
2023-12-02,805.0,821.0,797,816
2023-12-03,805.0,820.0,797,797
2023-12-04,805.0,821.0,801,825
2023-12-05,804.0,821.0,778,801
2023-12-06,803.0,820.0,749,780
2023-12-07,800.0,819.0,681,749
2023-12-08,794.0,814.0,623,681
2023-12-09,792.0,812.0,733,748
2023-12-10,791.0,811.0,733,733
2023-12-11,789.0,809.0,710,733
2023-12-12,786.0,807.0,694,710
2023-12-13,783.0,804.0,664,694
2023-12-14,778.0,800.0,633,664
2023-12-15,772.0,795.0,705,739
2023-12-16,764.0,787.0,680,706
2023-12-17,757.0,779.0,680,680
2023-12-18,754.0,776.0,782,813
2023-12-19,751.0,774.0,785,805
2023-12-20,748.0,771.0,721,785
2023-12-21,745.0,768.0,716,755
2023-12-22,744.0,767.0,759,771
2023-12-23,742.0,766.0,741,759
2023-12-24,740.0,763.0,741,741
2023-12-25,738.0,760.0,741,741
2023-12-26,735.0,758.0,718,741
2023-12-27,734.0,758.0,770,786
2023-12-28,737.0,760.0,876,880
2023-12-29,740.0,763.0,863,876
2023-12-30,744.0,767.0,861,864
2023-12-31,746.0,768.0,861,861
2024-01-01,749.0,769.0,861,861
2024-01-02,750.0,771.0,844,861
2024-01-03,751.0,772.0,815,844
2024-01-04,751.0,773.0,797,815
2024-01-05,753.0,775.0,801,848
2024-01-06,757.0,777.0,795,801
2024-01-07,762.0,780.0,795,795
2024-01-08,764.0,782.0,768,795
2024-01-09,765.0,785.0,785,819
2024-01-10,768.0,787.0,780,794
2024-01-11,770.0,789.0,757,780
2024-01-12,773.0,793.0,769,797
2024-01-13,778.0,796.0,769,769
2024-01-14,780.0,797.0,769,769
2024-01-15,783.0,799.0,769,769
2024-01-16,785.0,802.0,744,769
2024-01-17,782.0,800.0,677,744
2024-01-18,779.0,797.0,713,729
2024-01-19,778.0,795.0,688,713
2024-01-20,777.0,793.0,686,702
2024-01-21,775.0,790.0,686,686
2024-01-22,772.0,788.0,656,687
2024-01-23,768.0,785.0,625,656
2024-01-24,764.0,782.0,623,647
2024-01-25,760.0,778.0,593,624
2024-01-26,753.0,772.0,569,593
2024-01-27,743.0,761.0,562,569
2024-01-28,733.0,751.0,562,562
2024-01-29,723.0,742.0,558,597
2024-01-30,714.0,733.0,590,609
2024-01-31,704.0,724.0,583,592
2024-02-01,698.0,718.0,660,665
2024-02-02,693.0,713.0,673,709
2024-02-03,691.0,711.0,721,727
2024-02-04,688.0,706.0,721,721
2024-02-05,687.0,706.0,769,805
2024-02-06,686.0,706.0,747,769
2024-02-07,684.0,704.0,706,748
2024-02-08,681.0,700.0,691,708
2024-02-09,679.0,699.0,729,745
2024-02-10,679.0,698.0,759,771
2024-02-11,679.0,698.0,776,776
2024-02-12,679.0,698.0,757,781
2024-02-13,678.0,698.0,755,773
2024-02-14,678.0,698.0,751,756
2024-02-15,679.0,699.0,791,817
2024-02-16,682.0,701.0,773,791
2024-02-17,685.0,703.0,786,793
2024-02-18,688.0,706.0,786,786
2024-02-19,692.0,710.0,808,833
2024-02-20,695.0,714.0,783,808
2024-02-21,699.0,717.0,768,783
2024-02-22,703.0,721.0,743,768
2024-02-23,709.0,726.0,787,813
2024-02-24,717.0,734.0,832,857
2024-02-25,725.0,742.0,832,832
2024-02-26,733.0,751.0,805,832
2024-02-27,742.0,761.0,828,862
2024-02-28,750.0,769.0,796,828
2024-02-29,756.0,775.0,775,796
2024-03-01,762.0,781.0,737,775
2024-03-02,765.0,784.0,764,768
2024-03-03,768.0,786.0,764,764
2024-03-04,769.0,787.0,746,764
2024-03-05,769.0,788.0,733,746
2024-03-06,769.0,787.0,748,758
2024-03-07,768.0,786.0,720,748
2024-03-08,767.0,785.0,678,720
2024-03-09,766.0,784.0,660,678
2024-03-10,763.0,781.0,660,660
2024-03-11,760.0,778.0,644,681
2024-03-12,756.0,776.0,664,700
2024-03-13,752.0,772.0,640,665
2024-03-14,747.0,768.0,619,652
2024-03-15,744.0,765.0,658,686
2024-03-16,744.0,764.0,772,784
2024-03-17,744.0,764.0,772,772
2024-03-18,743.0,764.0,763,791
2024-03-19,740.0,763.0,714,763
2024-03-20,736.0,759.0,689,714
2024-03-21,733.0,756.0,690,722
2024-03-22,730.0,753.0,660,690
2024-03-23,731.0,754.0,767,786
2024-03-24,730.0,752.0,767,767
2024-03-25,729.0,751.0,792,825
2024-03-26,726.0,750.0,759,792
2024-03-27,724.0,747.0,727,759
2024-03-28,719.0,743.0,701,727
2024-03-29,716.0,738.0,683,701
2024-03-30,712.0,735.0,654,683
2024-03-31,710.0,732.0,679,679
2024-04-01,708.0,731.0,713,756
2024-04-02,706.0,729.0,695,714
2024-04-03,703.0,727.0,678,695
2024-04-04,701.0,726.0,666,709
2024-04-05,698.0,723.0,644,666
2024-04-06,695.0,719.0,628,644
2024-04-07,693.0,716.0,628,628
2024-04-08,692.0,716.0,631,657
2024-04-09,691.0,715.0,621,631
2024-04-10,689.0,713.0,602,621
2024-04-11,686.0,709.0,570,602
2024-04-12,683.0,706.0,555,570
2024-04-13,683.0,705.0,609,618
2024-04-14,681.0,702.0,609,609
2024-04-15,678.0,699.0,669,683
2024-04-16,674.0,696.0,644,669
2024-04-17,669.0,691.0,615,644
2024-04-18,663.0,686.0,555,615
2024-04-19,660.0,683.0,594,626
2024-04-20,661.0,683.0,710,712
2024-04-21,662.0,683.0,710,710
2024-04-22,660.0,682.0,701,734
2024-04-23,657.0,679.0,682,701
2024-04-24,653.0,675.0,656,682
2024-04-25,651.0,672.0,708,722
2024-04-26,654.0,674.0,796,822
2024-04-27,658.0,678.0,827,839
2024-04-28,663.0,682.0,827,827
2024-04-29,670.0,690.0,879,922
2024-04-30,676.0,697.0,848,879
2024-05-01,680.0,702.0,845,894
2024-05-02,683.0,706.0,784,845
2024-05-03,687.0,710.0,789,810
2024-05-04,692.0,713.0,811,813
2024-05-05,698.0,719.0,835,837
2024-05-06,707.0,729.0,903,949
2024-05-07,715.0,738.0,876,903
2024-05-08,723.0,746.0,846,876
2024-05-09,729.0,753.0,817,846
2024-05-10,736.0,760.0,796,833
2024-05-11,744.0,767.0,809,818
2024-05-12,752.0,775.0,809,809
2024-05-13,758.0,782.0,784,831
2024-05-14,762.0,788.0,744,784
2024-05-15,764.0,790.0,735,744
2024-05-16,766.0,792.0,700,735
2024-05-17,771.0,797.0,767,803
2024-05-18,779.0,803.0,786,792
2024-05-19,786.0,809.0,786,786
2024-05-20,787.0,812.0,749,811
2024-05-21,790.0,817.0,812,860
2024-05-22,794.0,820.0,801,829
2024-05-23,794.0,823.0,680,801
2024-05-24,795.0,826.0,699,773
2024-05-25,794.0,826.0,690,699
2024-05-26,794.0,825.0,792,792
2024-05-27,795.0,826.0,862,877
2024-05-28,796.0,828.0,848,877
2024-05-29,795.0,826.0,850,874
2024-05-30,794.0,825.0,827,851
2024-05-31,792.0,824.0,780,859
2024-06-01,792.0,822.0,762,780
2024-06-02,793.0,822.0,821,821
2024-06-03,796.0,826.0,904,917
2024-06-04,798.0,828.0,895,911
2024-06-05,798.0,827.0,909,924
2024-06-06,798.0,827.0,873,909
2024-06-07,799.0,828.0,878,903
2024-06-08,801.0,829.0,873,878
2024-06-09,804.0,831.0,880,880
2024-06-10,807.0,835.0,917,938
2024-06-11,810.0,839.0,886,917
2024-06-12,813.0,841.0,882,902
2024-06-13,817.0,844.0,860,882
2024-06-14,820.0,848.0,821,860
2024-06-15,823.0,851.0,806,821
2024-06-16,824.0,851.0,806,806
2024-06-17,825.0,853.0,812,844
2024-06-18,825.0,854.0,784,812
2024-06-19,827.0,853.0,789,804
2024-06-20,825.0,851.0,757,789
2024-06-21,822.0,849.0,731,757
2024-06-22,829.0,852.0,888,896
2024-06-23,836.0,856.0,888,888
2024-06-24,840.0,862.0,832,888
2024-06-25,841.0,863.0,811,832
2024-06-26,839.0,861.0,789,811
2024-06-27,836.0,858.0,776,789
2024-06-28,832.0,855.0,736,776
2024-06-29,829.0,851.0,731,736
2024-06-30,832.0,851.0,850,850
2024-07-01,834.0,853.0,825,850
2024-07-02,833.0,853.0,795,825
2024-07-03,829.0,849.0,776,795
2024-07-04,826.0,846.0,817,829
2024-07-05,827.0,847.0,931,939
2024-07-06,829.0,848.0,949,956
2024-07-07,832.0,851.0,973,973
2024-07-08,834.0,854.0,930,973
2024-07-09,834.0,856.0,882,930
2024-07-10,832.0,854.0,846,882
2024-07-11,831.0,852.0,854,873
2024-07-12,829.0,851.0,836,854
2024-07-13,828.0,849.0,822,836
2024-07-14,829.0,849.0,862,862
2024-07-15,831.0,853.0,866,921
2024-07-16,834.0,856.0,879,907
2024-07-17,836.0,857.0,867,879
2024-07-18,838.0,859.0,855,867
2024-07-19,840.0,861.0,842,855
2024-07-20,844.0,864.0,866,879
2024-07-21,850.0,870.0,941,941
2024-07-22,851.0,872.0,914,968
2024-07-23,851.0,873.0,874,914
2024-07-24,852.0,873.0,870,892
2024-07-25,854.0,876.0,869,918
2024-07-26,858.0,880.0,907,935
2024-07-27,863.0,885.0,911,923
2024-07-28,870.0,890.0,946,946
2024-07-29,875.0,898.0,905,963
2024-07-30,876.0,900.0,878,905
2024-07-31,877.0,901.0,858,878
2024-08-01,881.0,904.0,901,941
2024-08-02,884.0,908.0,877,901
2024-08-03,886.0,910.0,872,885
2024-08-04,885.0,909.0,911,911
2024-08-05,883.0,907.0,875,911
2024-08-06,879.0,904.0,846,875
2024-08-07,877.0,901.0,870,872
2024-08-08,876.0,900.0,872,905
2024-08-09,878.0,901.0,902,924
2024-08-10,880.0,903.0,916,925
2024-08-11,883.0,905.0,916,916
2024-08-12,885.0,908.0,879,916
2024-08-13,886.0,910.0,881,913
2024-08-14,886.0,909.0,882,907
2024-08-15,886.0,910.0,877,927
2024-08-16,886.0,910.0,869,896
2024-08-17,888.0,912.0,911,925
2024-08-18,890.0,915.0,898,936
2024-08-19,890.0,916.0,857,911
2024-08-20,885.0,913.0,814,857
2024-08-21,882.0,908.0,807,820
2024-08-22,879.0,906.0,802,850
2024-08-23,876.0,903.0,768,803
2024-08-24,873.0,899.0,780,793
2024-08-25,869.0,894.0,790,790
2024-08-26,864.0,890.0,773,804
2024-08-27,858.0,884.0,745,773
2024-08-28,853.0,878.0,767,772
2024-08-29,848.0,873.0,730,767
2024-08-30,843.0,869.0,710,730
2024-08-31,837.0,862.0,722,752
2024-09-01,834.0,858.0,776,776
2024-09-02,831.0,855.0,778,799
2024-09-03,826.0,851.0,760,784
2024-09-04,824.0,849.0,828,852
2024-09-05,823.0,847.0,804,828
2024-09-06,821.0,846.0,804,838
2024-09-07,818.0,843.0,801,819
2024-09-08,815.0,839.0,801,801
2024-09-09,812.0,837.0,828,866
2024-09-10,808.0,834.0,811,828
2024-09-11,806.0,831.0,811,811
2024-09-12,803.0,828.0,800,811
2024-09-13,801.0,824.0,798,813
2024-09-14,798.0,821.0,802,820
2024-09-15,798.0,820.0,866,866
2024-09-16,795.0,818.0,820,866
2024-09-17,791.0,814.0,783,820
2024-09-18,789.0,811.0,790,817
2024-09-19,788.0,809.0,771,790
2024-09-20,787.0,809.0,778,836
2024-09-21,785.0,807.0,763,778
2024-09-22,785.0,805.0,763,763
2024-09-23,784.0,806.0,747,797
2024-09-24,784.0,806.0,780,792
2024-09-25,782.0,805.0,733,780
2024-09-26,781.0,804.0,706,733
2024-09-27,781.0,804.0,769,794
2024-09-28,782.0,804.0,758,769
2024-09-29,784.0,805.0,765,765
2024-09-30,784.0,806.0,716,768
2024-10-01,782.0,805.0,734,751
2024-10-02,780.0,803.0,721,734
2024-10-03,779.0,801.0,714,721
2024-10-04,777.0,799.0,764,784
2024-10-05,775.0,796.0,742,764
2024-10-06,773.0,793.0,742,742
2024-10-07,769.0,791.0,695,742
2024-10-08,765.0,787.0,671,695
2024-10-09,758.0,781.0,639,671
2024-10-10,756.0,779.0,752,767
2024-10-11,757.0,780.0,823,857
2024-10-12,757.0,781.0,816,823
2024-10-13,758.0,781.0,816,816
2024-10-14,759.0,782.0,838,868
2024-10-15,758.0,781.0,838,838
2024-10-16,759.0,780.0,838,838
2024-10-17,761.0,781.0,838,838
2024-10-18,762.0,782.0,838,838
2024-10-19,764.0,783.0,838,838
2024-10-20,766.0,783.0,838,838
2024-10-21,769.0,785.0,838,838
2024-10-22,772.0,788.0,838,838
2024-10-23,774.0,789.0,837,838
2024-10-24,776.0,791.0,837,837
2024-10-25,780.0,793.0,837,837
2024-10-26,784.0,796.0,837,837
2024-10-27,786.0,798.0,837,837
2024-10-28,789.0,800.0,837,837
2024-10-29,792.0,802.0,837,837
2024-10-30,796.0,805.0,837,837
2024-10-31,799.0,807.0,837,837
2024-11-01,805.0,813.0,888,914
2024-11-02,810.0,819.0,866,897
2024-11-03,813.0,822.0,866,866
2024-11-04,815.0,825.0,815,866
2024-11-05,817.0,828.0,780,815
2024-11-06,817.0,829.0,698,784
2024-11-07,816.0,829.0,635,699
2024-11-08,815.0,828.0,607,638
2024-11-09,813.0,827.0,709,735
2024-11-10,811.0,824.0,748,776
2024-11-11,808.0,823.0,730,770
2024-11-12,804.0,820.0,694,730
2024-11-13,798.0,814.0,669,695
2024-11-14,792.0,808.0,643,669
2024-11-15,783.0,802.0,579,644
2024-11-16,774.0,793.0,564,579
2024-11-17,765.0,784.0,564,564
2024-11-18,755.0,775.0,544,564
2024-11-19,744.0,765.0,519,546
2024-11-20,736.0,758.0,598,609
2024-11-21,729.0,750.0,611,612
2024-11-22,720.0,743.0,573,611
2024-11-23,711.0,734.0,572,573
2024-11-24,702.0,725.0,572,572
2024-11-25,692.0,716.0,541,572
2024-11-26,682.0,706.0,516,542
2024-11-27,675.0,700.0,635,647
2024-11-28,668.0,693.0,635,635
2024-11-29,663.0,689.0,686,701
2024-11-30,657.0,684.0,665,686
2024-12-01,650.0,675.0,665,665
2024-12-02,647.0,672.0,791,798
2024-12-03,645.0,670.0,780,791
2024-12-04,642.0,667.0,752,783
2024-12-05,643.0,667.0,803,811
2024-12-06,650.0,671.0,898,914
2024-12-07,659.0,678.0,897,898
2024-12-08,668.0,686.0,897,897
2024-12-09,674.0,692.0,884,897
2024-12-10,678.0,695.0,858,884
2024-12-11,681.0,698.0,820,858
2024-12-12,684.0,701.0,795,820
2024-12-13,688.0,705.0,769,795
2024-12-14,692.0,708.0,764,769
2024-12-15,698.0,712.0,764,764
2024-12-16,704.0,718.0,744,764
2024-12-17,709.0,724.0,718,744
2024-12-18,714.0,729.0,706,718
2024-12-19,724.0,738.0,807,812
2024-12-20,730.0,745.0,785,807
2024-12-21,736.0,750.0,778,785
2024-12-22,742.0,756.0,778,778
2024-12-23,753.0,767.0,891,897
2024-12-24,763.0,777.0,864,891
2024-12-25,774.0,787.0,864,864
2024-12-26,786.0,800.0,893,924
2024-12-27,795.0,809.0,894,921
2024-12-28,803.0,818.0,893,894
2024-12-29,810.0,824.0,882,894
2024-12-30,816.0,831.0,856,882
2024-12-31,822.0,837.0,820,856
2025-01-01,822.0,838.0,820,820
2025-01-02,825.0,842.0,857,918
2025-01-03,829.0,844.0,857,857
2025-01-04,830.0,846.0,854,857
2025-01-05,828.0,844.0,845,854
2025-01-06,829.0,845.0,920,940
2025-01-07,829.0,846.0,893,920
2025-01-08,829.0,846.0,893,893
2025-01-09,830.0,846.0,873,898
2025-01-10,831.0,847.0,849,873
2025-01-11,833.0,848.0,849,858
2025-01-12,837.0,852.0,898,901
2025-01-13,841.0,856.0,889,898
2025-01-14,844.0,860.0,850,889
2025-01-15,845.0,863.0,788,850
2025-01-16,848.0,867.0,802,847
2025-01-17,852.0,870.0,824,836
2025-01-18,854.0,872.0,864,866
2025-01-19,856.0,874.0,855,864
2025-01-20,860.0,878.0,898,902
2025-01-21,864.0,882.0,897,898
2025-01-22,864.0,882.0,887,897
2025-01-23,865.0,882.0,882,887
2025-01-24,864.0,883.0,840,882
2025-01-25,862.0,880.0,836,840
2025-01-26,861.0,877.0,852,852
2025-01-27,859.0,876.0,849,852
2025-01-28,858.0,875.0,839,874
2025-01-29,857.0,874.0,831,841
2025-01-30,858.0,875.0,848,873
2025-01-31,860.0,877.0,885,895
2025-02-01,861.0,876.0,884,885
2025-02-02,862.0,877.0,884,884
2025-02-03,863.0,878.0,873,884
2025-02-04,863.0,880.0,854,908
2025-02-05,860.0,877.0,826,854
2025-02-06,858.0,874.0,826,843
2025-02-07,855.0,872.0,821,826
2025-02-08,853.0,869.0,815,821
2025-02-09,852.0,867.0,815,815
2025-02-10,851.0,866.0,813,818
2025-02-11,847.0,863.0,796,817
2025-02-12,844.0,860.0,792,798
2025-02-13,842.0,857.0,798,802
2025-02-14,843.0,855.0,794,798
2025-02-15,842.0,854.0,794,795
2025-02-16,841.0,852.0,794,794
2025-02-17,839.0,850.0,789,794
