Date,Midnight population,24-hour population
2008-10-01,571,613
2008-10-02,558,607
2008-10-03,564,592
2008-10-04,564,565
2008-10-05,567,567
2008-10-06,581,589
2008-10-07,593,602
2008-10-08,577,623
2008-10-09,558,611
2008-10-10,532,578
2008-10-11,492,540
2008-10-12,492,492
2008-10-13,501,505
2008-10-14,520,527
2008-10-15,527,547
2008-10-16,553,563
2008-10-17,573,595
2008-10-18,577,577
2008-10-19,580,580
2008-10-20,592,595
2008-10-21,551,598
2008-10-22,580,591
2008-10-23,571,600
2008-10-24,565,585
2008-10-25,514,578
2008-10-26,516,516
2008-10-27,523,531
2008-10-28,537,542
2008-10-29,581,588
2008-10-30,597,626
2008-10-31,580,603
2008-11-01,593,611
2008-11-02,594,595
2008-11-03,548,619
2008-11-04,529,569
2008-11-05,541,555
2008-11-06,528,550
2008-11-07,508,541
2008-11-08,507,517
2008-11-09,507,507
2008-11-10,540,547
2008-11-11,547,547
2008-11-12,562,574
2008-11-13,560,590
2008-11-14,567,578
2008-11-15,562,592
2008-11-16,567,567
2008-11-17,571,580
2008-11-18,562,621
2008-11-19,579,588
2008-11-20,576,606
2008-11-21,568,597
2008-11-22,574,574
2008-11-23,575,575
2008-11-24,568,597
2008-11-25,581,587
2008-11-26,577,592
2008-11-27,588,588
2008-11-28,559,599
2008-11-29,560,560
2008-11-30,563,563
2008-12-01,579,583
2008-12-02,584,599
2008-12-03,564,635
2008-12-04,580,583
2008-12-05,574,611
2008-12-06,574,582
2008-12-07,577,577
2008-12-08,579,589
2008-12-09,583,591
2008-12-10,561,610
2008-12-11,578,598
2008-12-12,569,586
2008-12-13,514,572
2008-12-14,515,515
2008-12-15,529,543
2008-12-16,544,553
2008-12-17,592,600
2008-12-18,586,628
2008-12-19,584,612
2008-12-20,576,609
2008-12-21,575,576
2008-12-22,544,594
2008-12-23,549,555
2008-12-24,574,575
2008-12-25,578,578
2008-12-26,587,587
2008-12-27,588,588
2008-12-28,586,590
2008-12-29,532,596
2008-12-30,540,546
2008-12-31,580,581
2009-01-01,582,582
2009-01-02,540,610
2009-01-03,546,546
2009-01-04,562,562
2009-01-05,556,569
2009-01-06,555,577
2009-01-07,568,599
2009-01-08,555,590
2009-01-09,550,570
2009-01-10,529,553
2009-01-11,512,532
2009-01-12,548,558
2009-01-13,547,577
2009-01-14,581,592
2009-01-15,574,610
2009-01-16,588,590
2009-01-17,568,621
2009-01-18,569,569
2009-01-19,573,575
2009-01-20,587,588
2009-01-21,593,610
2009-01-22,572,618
2009-01-23,570,609
2009-01-24,576,580
2009-01-25,578,578
2009-01-26,595,621
2009-01-27,597,618
2009-01-28,595,603
2009-01-29,568,595
2009-01-30,580,610
2009-01-31,586,587
2009-02-01,588,588
2009-02-02,589,614
2009-02-03,599,614
2009-02-04,564,616
2009-02-05,562,597
2009-02-06,583,596
2009-02-07,586,586
2009-02-08,569,588
2009-02-09,593,600
2009-02-10,568,617
2009-02-11,518,587
2009-02-12,463,533
2009-02-13,450,479
2009-02-14,448,452
2009-02-15,448,448
2009-02-16,451,451
2009-02-17,457,465
2009-02-18,495,503
2009-02-19,470,522
2009-02-20,458,499
2009-02-21,478,480
2009-02-22,481,481
2009-02-23,488,499
2009-02-24,517,523
2009-02-25,562,567
2009-02-26,529,615
2009-02-27,486,538
2009-02-28,485,487
2009-03-01,495,495
2009-03-02,483,506
2009-03-03,528,536
2009-03-04,557,567
2009-03-05,519,575
2009-03-06,521,548
2009-03-07,505,529
2009-03-08,512,512
2009-03-09,530,540
2009-03-10,526,550
2009-03-11,559,575
2009-03-12,563,581
2009-03-13,560,612
2009-03-14,565,565
2009-03-15,565,565
2009-03-16,562,567
2009-03-17,537,579
2009-03-18,538,563
2009-03-19,529,574
2009-03-20,541,568
2009-03-21,551,551
2009-03-22,557,557
2009-03-23,571,585
2009-03-24,558,596
2009-03-25,561,573
2009-03-26,521,584
2009-03-27,520,581
2009-03-28,525,525
2009-03-29,527,527
2009-03-30,529,539
2009-03-31,535,549
2009-04-01,502,561
2009-04-02,539,553
2009-04-03,501,543
2009-04-04,513,524
2009-04-05,516,516
2009-04-06,508,525
2009-04-07,547,552
2009-04-08,528,574
2009-04-09,523,530
2009-04-10,549,569
2009-04-11,513,551
2009-04-12,516,516
2009-04-13,506,547
2009-04-14,521,538
2009-04-15,518,562
2009-04-16,493,540
2009-04-17,514,524
2009-04-18,502,516
2009-04-19,507,507
2009-04-20,509,519
2009-04-21,522,555
2009-04-22,533,568
2009-04-23,543,576
2009-04-24,558,570
2009-04-25,538,560
2009-04-26,540,540
2009-04-27,565,571
2009-04-28,561,575
2009-04-29,512,581
2009-04-30,493,537
2009-05-01,495,520
2009-05-02,495,496
2009-05-03,499,499
2009-05-04,510,521
2009-05-05,499,525
2009-05-06,478,536
2009-05-07,500,527
2009-05-08,506,551
2009-05-09,510,510
2009-05-10,511,511
2009-05-11,537,549
2009-05-12,514,559
2009-05-13,533,541
2009-05-14,527,580
2009-05-15,523,556
2009-05-16,529,529
2009-05-17,536,536
2009-05-18,549,566
2009-05-19,546,572
2009-05-20,556,589
2009-05-21,526,578
2009-05-22,545,563
2009-05-23,552,552
2009-05-24,552,552
2009-05-25,554,555
2009-05-26,566,581
2009-05-27,559,588
2009-05-28,527,597
2009-05-29,550,566
2009-05-30,534,554
2009-05-31,537,537
2009-06-01,562,568
2009-06-02,592,603
2009-06-03,570,612
2009-06-04,566,610
2009-06-05,550,604
2009-06-06,551,551
2009-06-07,554,554
2009-06-08,540,570
2009-06-09,570,580
2009-06-10,590,592
2009-06-11,531,609
2009-06-12,504,539
2009-06-13,508,508
2009-06-14,511,511
2009-06-15,517,523
2009-06-16,514,528
2009-06-17,496,536
2009-06-18,479,516
2009-06-19,507,510
2009-06-20,514,514
2009-06-21,515,515
2009-06-22,542,552
2009-06-23,524,562
2009-06-24,536,546
2009-06-25,545,568
2009-06-26,505,573
2009-06-27,507,507
2009-06-28,522,522
2009-06-29,528,540
2009-06-30,524,555
2009-07-01,525,550
2009-07-02,500,558
2009-07-03,498,518
2009-07-04,499,499
2009-07-05,500,500
2009-07-06,507,518
2009-07-07,500,524
2009-07-08,509,532
2009-07-09,521,532
2009-07-10,531,547
2009-07-11,563,563
2009-07-12,564,564
2009-07-13,626,639
2009-07-14,659,668
2009-07-15,644,688
2009-07-16,613,666
2009-07-17,627,657
2009-07-18,585,629
2009-07-19,588,588
2009-07-20,595,607
2009-07-21,583,624
2009-07-22,613,629
2009-07-23,597,630
2009-07-24,601,634
2009-07-25,585,613
2009-07-26,586,586
2009-07-27,623,626
2009-07-28,619,667
2009-07-29,639,646
2009-07-30,640,658
2009-07-31,613,672
2009-08-01,554,616
2009-08-02,556,556
2009-08-03,574,586
2009-08-04,570,589
2009-08-05,560,590
2009-08-06,539,593
2009-08-07,531,579
2009-08-08,536,536
2009-08-09,541,541
2009-08-10,551,560
2009-08-11,579,595
2009-08-12,560,610
2009-08-13,561,585
2009-08-14,562,590
2009-08-15,536,566
2009-08-16,542,542
2009-08-17,538,552
2009-08-18,514,541
2009-08-19,522,547
2009-08-20,571,580
2009-08-21,540,616
2009-08-22,543,543
2009-08-23,543,544
2009-08-24,556,569
2009-08-25,565,603
2009-08-26,576,589
2009-08-27,554,605
2009-08-28,547,583
2009-08-29,550,550
2009-08-30,550,551
2009-08-31,564,574
2009-09-01,550,588
2009-09-02,555,579
2009-09-03,551,593
2009-09-04,541,573
2009-09-05,544,544
2009-09-06,567,567
2009-09-07,575,575
2009-09-08,601,615
2009-09-09,570,627
2009-09-10,589,620
2009-09-11,586,619
2009-09-12,593,593
2009-09-13,598,598
2009-09-14,634,643
2009-09-15,640,675
2009-09-16,653,674
2009-09-17,617,686
2009-09-18,616,664
2009-09-19,631,631
2009-09-20,628,636
2009-09-21,631,649
2009-09-22,574,651
2009-09-23,605,611
2009-09-24,599,627
2009-09-25,576,626
2009-09-26,585,586
2009-09-27,589,589
2009-09-28,602,615
2009-09-29,577,624
2009-09-30,608,620
2009-10-01,591,629
2009-10-02,583,625
2009-10-03,591,591
2009-10-04,595,597
2009-10-05,596,620
2009-10-06,580,621
2009-10-07,595,621
2009-10-08,557,619
2009-10-09,559,598
2009-10-10,559,559
2009-10-11,563,563
2009-10-12,569,571
2009-10-13,587,599
2009-10-14,580,626
2009-10-15,576,610
2009-10-16,584,606
2009-10-17,595,596
2009-10-18,596,596
2009-10-19,562,616
2009-10-20,584,604
2009-10-21,592,621
2009-10-22,570,623
2009-10-23,599,607
2009-10-24,606,606
2009-10-25,609,609
2009-10-26,623,646
2009-10-27,620,658
2009-10-28,632,647
2009-10-29,543,668
2009-10-30,545,575
2009-10-31,556,556
2009-11-01,559,561
2009-11-02,540,571
2009-11-03,536,568
2009-11-04,533,565
2009-11-05,525,556
2009-11-06,530,567
2009-11-07,536,536
2009-11-08,537,537
2009-11-09,552,559
2009-11-10,520,571
2009-11-11,551,554
2009-11-12,585,624
2009-11-13,574,638
2009-11-14,581,581
2009-11-15,583,583
2009-11-16,553,585
2009-11-17,581,605
2009-11-18,555,610
2009-11-19,529,582
2009-11-20,522,556
2009-11-21,549,549
2009-11-22,565,565
2009-11-23,561,583
2009-11-24,540,591
2009-11-25,499,563
2009-11-26,498,500
2009-11-27,495,502
2009-11-28,499,500
2009-11-29,501,501
2009-11-30,506,511
2009-12-01,510,535
2009-12-02,498,529
2009-12-03,494,536
2009-12-04,487,512
2009-12-05,499,499
2009-12-06,508,508
2009-12-07,528,538
2009-12-08,522,556
2009-12-09,526,559
2009-12-10,525,549
2009-12-11,513,541
2009-12-12,520,520
2009-12-13,526,526
2009-12-14,529,538
2009-12-15,516,554
2009-12-16,521,551
2009-12-17,487,536
2009-12-18,477,499
2009-12-19,481,481
2009-12-20,483,483
2009-12-21,492,504
2009-12-22,522,540
2009-12-23,500,548
2009-12-24,508,512
2009-12-25,508,508
2009-12-26,510,510
2009-12-27,511,511
2009-12-28,514,534
2009-12-29,477,536
2009-12-30,489,501
2009-12-31,489,496
2010-01-01,489,489
2010-01-02,491,491
2010-01-03,492,492
2010-01-04,502,514
2010-01-05,512,523
2010-01-06,490,545
2010-01-07,475,519
2010-01-08,455,500
2010-01-09,460,460
2010-01-10,466,467
2010-01-11,473,484
2010-01-12,478,503
2010-01-13,474,512
2010-01-14,470,496
2010-01-15,468,498
2010-01-16,474,475
2010-01-17,474,474
2010-01-18,482,482
2010-01-19,489,501
2010-01-20,515,528
2010-01-21,527,544
2010-01-22,492,549
2010-01-23,445,499
2010-01-24,450,450
2010-01-25,438,458
2010-01-26,434,457
2010-01-27,449,462
2010-01-28,448,478
2010-01-29,443,467
2010-01-30,447,447
2010-01-31,447,447
2010-02-01,454,466
2010-02-02,449,476
2010-02-03,460,472
2010-02-04,484,500
2010-02-05,479,503
2010-02-06,485,485
2010-02-07,489,489
2010-02-08,500,510
2010-02-09,507,532
2010-02-10,512,538
2010-02-11,522,546
2010-02-12,519,553
2010-02-13,521,521
2010-02-14,523,524
2010-02-15,527,529
2010-02-16,557,564
2010-02-17,550,583
2010-02-18,571,599
2010-02-19,575,597
2010-02-20,583,583
2010-02-21,589,589
2010-02-22,601,614
2010-02-23,630,643
2010-02-24,629,668
2010-02-25,614,658
2010-02-26,598,641
2010-02-27,603,603
2010-02-28,607,607
2010-03-01,609,621
2010-03-02,628,661
2010-03-03,645,696
2010-03-04,649,691
2010-03-05,628,668
2010-03-06,634,635
2010-03-07,637,637
2010-03-08,649,657
2010-03-09,624,676
2010-03-10,629,660
2010-03-11,605,664
2010-03-12,631,663
2010-03-13,634,634
2010-03-14,638,638
2010-03-15,646,655
2010-03-16,694,701
2010-03-17,705,723
2010-03-18,682,740
2010-03-19,652,711
2010-03-20,655,655
2010-03-21,656,656
2010-03-22,654,675
2010-03-23,650,686
2010-03-24,670,692
2010-03-25,654,714
2010-03-26,630,678
2010-03-27,642,643
2010-03-28,656,656
2010-03-29,652,672
2010-03-30,653,684
2010-03-31,659,674
2010-04-01,607,690
2010-04-02,607,622
2010-04-03,615,616
2010-04-04,617,617
2010-04-05,623,633
2010-04-06,620,667
2010-04-07,604,644
2010-04-08,566,642
2010-04-09,561,593
2010-04-10,572,573
2010-04-11,575,576
2010-04-12,580,588
2010-04-13,645,663
2010-04-14,642,673
2010-04-15,627,671
2010-04-16,624,653
2010-04-17,630,631
2010-04-18,635,635
2010-04-19,642,658
2010-04-20,641,672
2010-04-21,663,692
2010-04-22,633,680
2010-04-23,618,656
2010-04-24,601,641
2010-04-25,582,605
2010-04-26,594,600
2010-04-27,604,620
2010-04-28,595,648
2010-04-29,589,646
2010-04-30,595,625
2010-05-01,611,611
2010-05-02,616,616
2010-05-03,622,636
2010-05-04,653,663
2010-05-05,700,711
2010-05-06,648,730
2010-05-07,625,678
2010-05-08,573,634
2010-05-09,576,576
2010-05-10,585,601
2010-05-11,617,628
2010-05-12,645,671
2010-05-13,626,677
2010-05-14,616,646
2010-05-15,612,631
2010-05-16,616,616
2010-05-17,630,643
2010-05-18,646,661
2010-05-19,620,685
2010-05-20,608,646
2010-05-21,595,638
2010-05-22,575,600
2010-05-23,590,591
2010-05-24,606,617
2010-05-25,624,643
2010-05-26,596,663
2010-05-27,589,622
2010-05-28,581,627
2010-05-29,598,598
2010-05-30,604,605
2010-05-31,608,608
2010-06-01,638,645
2010-06-02,650,667
2010-06-03,651,716
2010-06-04,646,699
2010-06-05,609,655
2010-06-06,633,633
2010-06-07,653,665
2010-06-08,660,677
2010-06-09,601,699
2010-06-10,620,639
2010-06-11,657,707
2010-06-12,618,660
2010-06-13,625,627
2010-06-14,625,642
2010-06-15,649,655
2010-06-16,651,701
2010-06-17,628,680
2010-06-18,611,683
2010-06-19,614,614
2010-06-20,620,620
2010-06-21,636,645
2010-06-22,647,663
2010-06-23,649,693
2010-06-24,640,681
2010-06-25,631,662
2010-06-26,625,635
2010-06-27,620,630
2010-06-28,628,650
2010-06-29,639,650
2010-06-30,595,662
2010-07-01,647,655
2010-07-02,650,679
2010-07-03,651,651
2010-07-04,651,651
2010-07-05,651,651
2010-07-06,649,659
2010-07-07,597,664
2010-07-08,589,608
2010-07-09,596,641
2010-07-10,608,608
2010-07-11,613,613
2010-07-12,547,637
2010-07-13,558,574
2010-07-14,522,578
2010-07-15,538,551
2010-07-16,570,577
2010-07-17,579,580
2010-07-18,583,583
2010-07-19,546,598
2010-07-20,546,572
2010-07-21,513,578
2010-07-22,525,537
2010-07-23,538,545
2010-07-24,546,547
2010-07-25,549,549
2010-07-26,532,573
2010-07-27,552,558
2010-07-28,557,596
2010-07-29,559,585
2010-07-30,580,594
2010-07-31,587,588
2010-08-01,599,599
2010-08-02,582,622
2010-08-03,596,607
2010-08-04,577,639
2010-08-05,580,588
2010-08-06,605,625
2010-08-07,613,613
2010-08-08,615,615
2010-08-09,593,637
2010-08-10,608,621
2010-08-11,598,641
2010-08-12,613,628
2010-08-13,611,632
2010-08-14,622,622
2010-08-15,626,626
2010-08-16,641,654
2010-08-17,600,652
2010-08-18,632,650
2010-08-19,615,659
2010-08-20,635,647
2010-08-21,640,640
2010-08-22,641,641
2010-08-23,632,671
2010-08-24,596,651
2010-08-25,612,646
2010-08-26,628,638
2010-08-27,651,665
2010-08-28,653,653
2010-08-29,658,659
2010-08-30,604,693
2010-08-31,610,629
2010-09-01,626,664
2010-09-02,628,646
2010-09-03,658,673
2010-09-04,601,661
2010-09-05,612,612
2010-09-06,619,619
2010-09-07,633,641
2010-09-08,639,684
2010-09-09,608,644
2010-09-10,599,646
2010-09-11,620,620
2010-09-12,634,634
2010-09-13,662,679
2010-09-14,644,696
2010-09-15,655,673
2010-09-16,596,665
2010-09-17,603,640
2010-09-18,616,616
2010-09-19,618,618
2010-09-20,623,661
2010-09-21,630,645
2010-09-22,614,666
2010-09-23,637,649
2010-09-24,645,664
2010-09-25,590,648
2010-09-26,594,594
2010-09-27,580,624
2010-09-28,596,613
2010-09-29,571,610
2010-09-30,534,578
2010-10-01,563,587
2010-10-02,573,573
2010-10-03,583,583
2010-10-04,557,611
2010-10-05,571,576
2010-10-06,615,637
2010-10-07,597,654
2010-10-08,599,640
2010-10-09,613,613
2010-10-10,624,625
2010-10-11,620,624
2010-10-12,637,656
2010-10-13,633,709
2010-10-14,615,669
2010-10-15,644,658
2010-10-16,646,646
2010-10-17,646,646
2010-10-18,632,648
2010-10-19,611,643
2010-10-20,612,679
2010-10-21,638,652
2010-10-22,641,659
2010-10-23,645,645
2010-10-24,648,648
2010-10-25,616,687
2010-10-26,618,650
2010-10-27,594,660
2010-10-28,630,642
2010-10-29,633,650
2010-10-30,640,640
2010-10-31,649,649
2010-11-01,634,663
2010-11-02,632,654
2010-11-03,596,671
2010-11-04,599,613
2010-11-05,616,637
2010-11-06,618,619
2010-11-07,623,623
2010-11-08,583,645
2010-11-09,611,627
2010-11-10,610,668
2010-11-11,621,622
2010-11-12,630,648
2010-11-13,638,638
2010-11-14,645,645
2010-11-15,665,684
2010-11-16,651,708
2010-11-17,659,711
2010-11-18,604,667
2010-11-19,631,647
2010-11-20,595,641
2010-11-21,596,596
2010-11-22,604,626
2010-11-23,608,646
2010-11-24,638,656
2010-11-25,657,657
2010-11-26,662,675
2010-11-27,622,663
2010-11-28,630,630
2010-11-29,623,653
2010-11-30,598,651
2010-12-01,614,650
2010-12-02,633,643
2010-12-03,655,669
2010-12-04,639,672
2010-12-05,646,646
2010-12-06,637,681
2010-12-07,654,685
2010-12-08,696,706
2010-12-09,654,703
2010-12-10,661,676
2010-12-11,658,681
2010-12-12,664,664
2010-12-13,633,678
2010-12-14,635,645
2010-12-15,639,699
2010-12-16,657,690
2010-12-17,666,677
2010-12-18,655,685
2010-12-19,657,658
2010-12-20,616,674
2010-12-21,619,649
2010-12-22,626,655
2010-12-23,633,658
2010-12-24,641,642
2010-12-25,641,642
2010-12-26,643,643
2010-12-27,662,671
2010-12-28,657,683
2010-12-29,596,685
2010-12-30,600,609
2010-12-31,605,607
2011-01-01,615,615
2011-01-02,619,619
2011-01-03,635,641
2011-01-04,638,669
2011-01-05,667,676
2011-01-06,639,705
2011-01-07,667,698
2011-01-08,636,670
2011-01-09,639,639
2011-01-10,649,671
2011-01-11,643,684
2011-01-12,638,675
2011-01-13,655,664
2011-01-14,657,681
2011-01-15,603,660
2011-01-16,609,610
2011-01-17,612,616
2011-01-18,619,629
2011-01-19,638,671
2011-01-20,650,696
2011-01-21,666,701
2011-01-22,668,669
2011-01-23,669,672
2011-01-24,682,689
2011-01-25,689,734
2011-01-26,689,737
2011-01-27,685,703
2011-01-28,637,720
2011-01-29,640,644
2011-01-30,649,649
2011-01-31,640,679
2011-02-01,669,683
2011-02-02,681,711
2011-02-03,645,695
2011-02-04,683,707
2011-02-05,685,685
2011-02-06,688,688
2011-02-07,685,715
2011-02-08,635,699
2011-02-09,682,697
2011-02-10,681,693
2011-02-11,634,720
2011-02-12,642,642
2011-02-13,645,645
2011-02-14,658,680
2011-02-15,669,701
2011-02-16,679,723
2011-02-17,670,681
2011-02-18,663,690
2011-02-19,647,673
2011-02-20,653,655
2011-02-21,655,656
2011-02-22,672,690
2011-02-23,648,713
2011-02-24,639,668
2011-02-25,650,664
2011-02-26,627,655
2011-02-27,630,631
2011-02-28,642,665
2011-03-01,664,702
2011-03-02,673,710
2011-03-03,657,681
2011-03-04,622,688
2011-03-05,640,642
2011-03-06,641,641
2011-03-07,646,684
2011-03-08,644,691
2011-03-09,636,678
2011-03-10,663,679
2011-03-11,642,681
2011-03-12,654,658
2011-03-13,655,655
2011-03-14,647,675
2011-03-15,622,679
2011-03-16,643,660
2011-03-17,640,663
2011-03-18,643,667
2011-03-19,644,645
2011-03-20,648,648
2011-03-21,640,663
2011-03-22,627,679
2011-03-23,620,682
2011-03-24,625,643
2011-03-25,643,654
2011-03-26,622,652
2011-03-27,627,627
2011-03-28,612,657
2011-03-29,603,636
2011-03-30,638,654
2011-03-31,644,654
2011-04-01,671,694
2011-04-02,674,675
2011-04-03,677,678
2011-04-04,669,696
2011-04-05,648,700
2011-04-06,615,672
2011-04-07,614,627
2011-04-08,627,637
2011-04-09,587,637
2011-04-10,591,591
2011-04-11,562,618
2011-04-12,567,587
2011-04-13,600,604
2011-04-14,604,621
2011-04-15,607,629
2011-04-16,613,614
2011-04-17,616,616
2011-04-18,609,647
2011-04-19,605,645
2011-04-20,624,637
2011-04-21,604,649
2011-04-22,606,618
2011-04-23,607,608
2011-04-24,608,608
2011-04-25,609,651
2011-04-26,595,627
2011-04-27,623,634
2011-04-28,616,633
2011-04-29,607,654
2011-04-30,609,609
2011-05-01,611,611
2011-05-02,620,644
2011-05-03,627,663
2011-05-04,621,659
2011-05-05,619,634
2011-05-06,623,640
2011-05-07,631,631
2011-05-08,639,639
2011-05-09,621,657
2011-05-10,587,652
2011-05-11,612,620
2011-05-12,604,630
2011-05-13,621,634
2011-05-14,626,626
2011-05-15,628,629
2011-05-16,645,660
2011-05-17,625,670
2011-05-18,626,649
2011-05-19,650,657
2011-05-20,655,688
2011-05-21,666,666
2011-05-22,668,668
2011-05-23,642,686
2011-05-24,644,693
2011-05-25,670,681
2011-05-26,664,682
2011-05-27,689,706
2011-05-28,694,694
2011-05-29,694,694
2011-05-30,693,695
2011-05-31,657,707
2011-06-01,656,691
2011-06-02,643,674
2011-06-03,648,688
2011-06-04,650,650
2011-06-05,653,653
2011-06-06,614,684
2011-06-07,608,654
2011-06-08,623,633
2011-06-09,647,659
2011-06-10,632,665
2011-06-11,640,641
2011-06-12,640,640
2011-06-13,641,661
2011-06-14,613,669
2011-06-15,597,631
2011-06-16,570,610
2011-06-17,586,590
2011-06-18,589,589
2011-06-19,590,590
2011-06-20,554,602
2011-06-21,530,575
2011-06-22,539,554
2011-06-23,521,553
2011-06-24,535,543
2011-06-25,539,541
2011-06-26,539,539
2011-06-27,538,564
2011-06-28,537,570
2011-06-29,533,562
2011-06-30,534,543
2011-07-01,548,566
2011-07-02,562,563
2011-07-03,565,565
2011-07-04,567,567
2011-07-05,560,596
2011-07-06,548,586
2011-07-07,558,570
2011-07-08,559,592
2011-07-09,568,571
2011-07-10,568,569
2011-07-11,561,580
2011-07-12,539,592
2011-07-13,560,572
2011-07-14,551,571
2011-07-15,564,577
2011-07-16,571,571
2011-07-17,572,572
2011-07-18,525,585
2011-07-19,558,596
2011-07-20,585,598
2011-07-21,600,611
2011-07-22,618,634
2011-07-23,630,631
2011-07-24,634,634
2011-07-25,649,663
2011-07-26,614,669
2011-07-27,607,642
2011-07-28,627,636
2011-07-29,647,662
2011-07-30,658,658
2011-07-31,659,659
2011-08-01,632,682
2011-08-02,651,693
2011-08-03,659,671
2011-08-04,649,680
2011-08-05,638,674
2011-08-06,641,641
2011-08-07,642,642
2011-08-08,654,670
2011-08-09,659,690
2011-08-10,607,682
2011-08-11,607,620
2011-08-12,597,632
2011-08-13,614,616
2011-08-14,617,617
2011-08-15,614,636
2011-08-16,634,686
2011-08-17,632,663
2011-08-18,634,646
2011-08-19,660,671
2011-08-20,665,666
2011-08-21,667,667
2011-08-22,661,685
2011-08-23,564,669
2011-08-24,552,588
2011-08-25,560,567
2011-08-26,619,622
2011-08-27,625,626
2011-08-28,627,627
2011-08-29,608,655
2011-08-30,611,644
2011-08-31,642,652
2011-09-01,647,662
2011-09-02,643,657
2011-09-03,607,644
2011-09-04,615,615
2011-09-05,616,616
2011-09-06,640,648
2011-09-07,649,688
2011-09-08,659,668
2011-09-09,627,664
2011-09-10,652,653
2011-09-11,659,662
2011-09-12,663,671
2011-09-13,657,669
2011-09-14,665,696
2011-09-15,651,681
2011-09-16,633,686
2011-09-17,658,658
2011-09-18,669,669
2011-09-19,655,681
2011-09-20,663,678
2011-09-21,660,673
2011-09-22,658,679
2011-09-23,664,678
2011-09-24,670,670
2011-09-25,672,672
2011-09-26,628,683
2011-09-27,613,657
2011-09-28,650,660
2011-09-29,653,667
2011-09-30,663,685
2011-10-01,671,672
2011-10-02,673,673
2011-10-03,621,675
2011-10-04,633,651
2011-10-05,643,675
2011-10-06,627,662
2011-10-07,626,645
2011-10-08,628,628
2011-10-09,629,629
2011-10-10,629,631
2011-10-11,615,659
2011-10-12,647,661
2011-10-13,637,684
2011-10-14,644,667
2011-10-15,656,657
2011-10-16,659,660
2011-10-17,632,678
2011-10-18,664,672
2011-10-19,665,690
2011-10-20,628,692
2011-10-21,632,653
2011-10-22,642,642
2011-10-23,647,648
2011-10-24,655,666
2011-10-25,636,687
2011-10-26,661,673
2011-10-27,657,699
2011-10-28,654,699
2011-10-29,658,659
2011-10-30,670,670
2011-10-31,632,679
2011-11-01,651,662
2011-11-02,661,696
2011-11-03,653,684
2011-11-04,653,674
2011-11-05,653,653
2011-11-06,654,654
2011-11-07,625,670
2011-11-08,651,661
2011-11-09,644,679
2011-11-10,642,664
2011-11-11,659,660
2011-11-12,659,660
2011-11-13,660,660
2011-11-14,619,688
2011-11-15,629,644
2011-11-16,622,662
2011-11-17,615,631
2011-11-18,631,660
2011-11-19,635,635
2011-11-20,638,638
2011-11-21,630,662
2011-11-22,594,656
2011-11-23,601,616
2011-11-24,607,608
2011-11-25,613,621
2011-11-26,623,623
2011-11-27,624,624
2011-11-28,640,646
2011-11-29,627,673
2011-11-30,643,659
2011-12-01,636,658
2011-12-02,637,655
2011-12-03,639,639
2011-12-04,640,640
2011-12-05,631,662
2011-12-06,626,674
2011-12-07,625,648
2011-12-08,633,639
2011-12-09,632,663
2011-12-10,644,644
2011-12-11,654,654
2011-12-12,639,665
2011-12-13,622,671
2011-12-14,623,658
2011-12-15,636,645
2011-12-16,621,664
2011-12-17,630,630
2011-12-18,633,633
2011-12-19,639,661
2011-12-20,645,673
2011-12-21,651,659
2011-12-22,631,664
2011-12-23,618,636
2011-12-24,620,620
2011-12-25,619,620
2011-12-26,621,621
2011-12-27,607,647
2011-12-28,584,626
2011-12-29,598,609
2011-12-30,603,615
2011-12-31,605,606
2012-01-01,608,608
2012-01-02,610,610
2012-01-03,597,618
2012-01-04,625,637
2012-01-05,624,653
2012-01-06,612,651
2012-01-07,615,615
2012-01-08,616,616
2012-01-09,613,635
2012-01-10,575,639
2012-01-11,617,626
2012-01-12,639,647
2012-01-13,622,645
2012-01-14,623,623
2012-01-15,624,624
2012-01-16,631,631
2012-01-17,607,662
2012-01-18,633,639
2012-01-19,614,668
2012-01-20,620,642
2012-01-21,628,628
2012-01-22,632,632
2012-01-23,641,655
2012-01-24,628,678
2012-01-25,605,644
2012-01-26,631,634
2012-01-27,646,657
2012-01-28,632,653
2012-01-29,636,636
2012-01-30,612,651
2012-01-31,614,639
2012-02-01,644,655
2012-02-02,642,655
2012-02-03,612,670
2012-02-04,615,615
2012-02-05,616,616
2012-02-06,629,635
2012-02-07,623,659
2012-02-08,609,646
2012-02-09,611,623
2012-02-10,618,633
2012-02-11,625,625
2012-02-12,630,630
2012-02-13,626,652
2012-02-14,612,646
2012-02-15,627,639
2012-02-16,621,640
2012-02-17,632,652
2012-02-18,643,643
2012-02-19,646,647
2012-02-20,650,650
2012-02-21,633,674
2012-02-22,651,673
2012-02-23,644,670
2012-02-24,653,667
2012-02-25,658,658
2012-02-26,662,662
2012-02-27,665,689
2012-02-28,645,700
2012-02-29,655,667
2012-03-01,656,668
2012-03-02,664,683
2012-03-03,667,667
2012-03-04,669,669
2012-03-05,663,683
2012-03-06,660,715
2012-03-07,660,687
2012-03-08,650,665
2012-03-09,672,683
2012-03-10,685,685
2012-03-11,691,691
2012-03-12,692,701
2012-03-13,665,716
2012-03-14,681,692
2012-03-15,672,699
2012-03-16,648,689
2012-03-17,654,654
2012-03-18,656,656
2012-03-19,654,676
2012-03-20,664,705
2012-03-21,654,681
2012-03-22,657,668
2012-03-23,667,676
2012-03-24,672,672
2012-03-25,693,693
2012-03-26,655,710
2012-03-27,638,685
2012-03-28,694,711
2012-03-29,694,713
2012-03-30,681,705
2012-03-31,683,683
2012-04-01,686,686
2012-04-02,689,702
2012-04-03,668,709
2012-04-04,684,689
2012-04-05,672,693
2012-04-06,686,697
2012-04-07,686,686
2012-04-08,686,686
2012-04-09,677,698
2012-04-10,675,711
2012-04-11,682,708
2012-04-12,697,711
2012-04-13,666,715
2012-04-14,672,673
2012-04-15,674,674
2012-04-16,650,681
2012-04-17,619,675
2012-04-18,593,637
2012-04-19,592,603
2012-04-20,628,634
2012-04-21,629,631
2012-04-22,629,629
2012-04-23,611,646
2012-04-24,633,663
2012-04-25,673,682
2012-04-26,691,702
2012-04-27,684,692
2012-04-28,684,684
2012-04-29,685,685
2012-04-30,673,701
2012-05-01,640,700
2012-05-02,682,690
2012-05-03,691,700
2012-05-04,671,709
2012-05-05,670,671
2012-05-06,670,670
2012-05-07,657,702
2012-05-08,628,684
2012-05-09,640,646
2012-05-10,630,654
2012-05-11,641,668
2012-05-12,641,641
2012-05-13,640,641
2012-05-14,645,661
2012-05-15,630,689
2012-05-16,645,659
2012-05-17,638,663
2012-05-18,680,690
2012-05-19,682,684
2012-05-20,685,685
2012-05-21,672,710
2012-05-22,649,690
2012-05-23,675,687
2012-05-24,667,691
2012-05-25,679,692
2012-05-26,679,679
2012-05-27,679,679
2012-05-28,631,681
2012-05-29,616,644
2012-05-30,640,647
2012-05-31,633,657
2012-06-01,656,664
2012-06-02,658,658
2012-06-03,659,659
2012-06-04,666,681
2012-06-05,642,697
2012-06-06,640,664
2012-06-07,644,651
2012-06-08,658,671
2012-06-09,663,663
2012-06-10,672,672
2012-06-11,664,678
2012-06-12,652,733
2012-06-13,677,693
2012-06-14,673,689
2012-06-15,666,683
2012-06-16,672,672
2012-06-17,679,680
2012-06-18,651,684
2012-06-19,619,660
2012-06-20,650,658
2012-06-21,650,661
2012-06-22,629,675
2012-06-23,632,634
2012-06-24,632,632
2012-06-25,624,641
2012-06-26,598,639
2012-06-27,547,600
2012-06-28,625,717
2012-06-29,642,653
2012-06-30,659,659
2012-07-01,659,659
2012-07-02,664,682
2012-07-03,680,692
2012-07-04,677,681
2012-07-05,631,696
2012-07-06,633,655
2012-07-07,642,642
2012-07-08,645,645
2012-07-09,637,657
2012-07-10,655,673
2012-07-11,664,692
2012-07-12,680,703
2012-07-13,676,688
2012-07-14,675,676
2012-07-15,674,675
2012-07-16,671,699
2012-07-17,663,707
2012-07-18,662,699
2012-07-19,670,684
2012-07-20,648,682
2012-07-21,655,655
2012-07-22,666,666
2012-07-23,653,684
2012-07-24,639,685
2012-07-25,638,674
2012-07-26,653,663
2012-07-27,667,690
2012-07-28,669,669
2012-07-29,670,670
2012-07-30,657,694
2012-07-31,653,682
2012-08-01,665,675
2012-08-02,666,669
2012-08-03,662,684
2012-08-04,663,665
2012-08-05,662,663
2012-08-06,660,679
2012-08-07,651,679
2012-08-08,642,668
2012-08-09,632,648
2012-08-10,633,652
2012-08-11,635,635
2012-08-12,639,639
2012-08-13,635,643
2012-08-14,640,649
2012-08-15,621,669
2012-08-16,620,628
2012-08-17,629,642
2012-08-18,630,630
2012-08-19,631,633
2012-08-20,646,658
2012-08-21,640,673
2012-08-22,629,652
2012-08-23,621,639
2012-08-24,620,634
2012-08-25,623,623
2012-08-26,625,625
2012-08-27,626,631
2012-08-28,608,645
2012-08-29,582,615
2012-08-30,583,596
2012-08-31,579,598
2012-09-01,579,579
2012-09-02,580,580
2012-09-03,583,583
2012-09-04,569,593
2012-09-05,576,591
2012-09-06,568,584
2012-09-07,568,586
2012-09-08,569,569
2012-09-09,569,569
2012-09-10,578,590
2012-09-11,595,614
2012-09-12,576,602
2012-09-13,568,585
2012-09-14,562,583
2012-09-15,562,562
2012-09-16,562,562
2012-09-17,546,580
2012-09-18,556,577
2012-09-19,548,576
2012-09-20,550,554
2012-09-21,557,575
2012-09-22,558,558
2012-09-23,573,573
2012-09-24,585,593
2012-09-25,597,620
2012-09-26,591,622
2012-09-27,593,605
2012-09-28,578,609
2012-09-29,578,578
2012-09-30,580,581
2012-10-01,567,590
2012-10-02,599,630
2012-10-03,592,617
2012-10-04,583,601
2012-10-05,587,600
2012-10-06,594,594
2012-10-07,595,595
2012-10-08,597,598
2012-10-09,593,620
2012-10-10,566,618
2012-10-11,581,591
2012-10-12,595,610
2012-10-13,596,596
2012-10-14,596,596
2012-10-15,571,614
2012-10-16,592,615
2012-10-17,609,622
2012-10-18,613,624
2012-10-19,616,626
2012-10-20,618,618
2012-10-21,630,630
2012-10-22,613,642
2012-10-23,595,625
2012-10-24,574,614
2012-10-25,586,595
2012-10-26,576,599
2012-10-27,576,576
2012-10-28,577,577
2012-10-29,577,597
2012-10-30,577,607
2012-10-31,581,600
2012-11-01,594,604
2012-11-02,592,608
2012-11-03,593,593
2012-11-04,595,595
2012-11-05,596,614
2012-11-06,587,615
2012-11-07,592,617
2012-11-08,602,609
2012-11-09,601,622
2012-11-10,602,604
2012-11-11,602,602
2012-11-12,603,604
2012-11-13,597,638
2012-11-14,585,606
2012-11-15,595,603
2012-11-16,594,613
2012-11-17,595,595
2012-11-18,601,601
2012-11-19,629,660
2012-11-20,626,639
2012-11-21,621,652
2012-11-22,622,622
2012-11-23,610,626
2012-11-24,612,612
2012-11-25,613,613
2012-11-26,620,625
2012-11-27,607,633
2012-11-28,614,624
2012-11-29,615,622
2012-11-30,605,639
2012-12-01,605,605
2012-12-02,606,606
2012-12-03,610,624
2012-12-04,617,643
2012-12-05,650,670
2012-12-06,655,665
2012-12-07,648,665
2012-12-08,650,651
2012-12-09,651,651
2012-12-10,640,657
2012-12-11,644,698
2012-12-12,639,664
2012-12-13,633,643
2012-12-14,631,648
2012-12-15,635,635
2012-12-16,633,635
2012-12-17,580,647
2012-12-18,549,586
2012-12-19,526,563
2012-12-20,534,539
2012-12-21,532,538
2012-12-22,627,636
2012-12-23,629,631
2012-12-24,627,630
2012-12-25,634,634
2012-12-26,622,641
2012-12-27,623,628
2012-12-28,612,629
2012-12-29,617,617
2012-12-30,618,618
2012-12-31,658,668
2013-01-01,660,661
2013-01-02,672,678
2013-01-03,653,677
2013-01-04,654,669
2013-01-05,653,654
2013-01-06,654,654
2013-01-07,648,663
2013-01-08,654,697
2013-01-09,666,677
2013-01-10,670,677
2013-01-11,635,683
2013-01-12,636,636
2013-01-13,639,639
2013-01-14,621,653
2013-01-15,590,639
2013-01-16,651,666
2013-01-17,644,655
2013-01-18,651,664
2013-01-19,661,662
2013-01-20,662,662
2013-01-21,625,662
2013-01-22,661,681
2013-01-23,649,688
2013-01-24,633,662
2013-01-25,601,651
2013-01-26,604,604
2013-01-27,603,605
2013-01-28,566,611
2013-01-29,595,630
2013-01-30,596,618
2013-01-31,571,602
2013-02-01,581,591
2013-02-02,581,582
2013-02-03,583,583
2013-02-04,572,591
2013-02-05,617,632
2013-02-06,596,619
2013-02-07,592,610
2013-02-08,566,607
2013-02-09,576,576
2013-02-10,576,576
2013-02-11,553,591
2013-02-12,498,557
2013-02-13,506,512
2013-02-14,503,515
2013-02-15,485,517
2013-02-16,489,489
2013-02-17,489,489
2013-02-18,488,489
2013-02-19,503,545
2013-02-20,491,514
2013-02-21,490,500
2013-02-22,478,504
2013-02-23,481,481
2013-02-24,468,482
2013-02-25,354,468
2013-02-26,320,374
2013-02-27,320,324
2013-02-28,299,326
2013-03-01,298,306
2013-03-02,298,298
2013-03-03,298,298
2013-03-04,303,311
2013-03-05,398,409
2013-03-06,403,419
2013-03-07,399,415
2013-03-08,372,399
2013-03-09,381,381
2013-03-10,381,381
2013-03-11,374,388
2013-03-12,456,467
2013-03-13,455,481
2013-03-14,471,477
2013-03-15,457,497
2013-03-16,461,462
2013-03-17,462,463
2013-03-18,444,479
2013-03-19,490,532
2013-03-20,477,518
2013-03-21,470,485
2013-03-22,466,474
2013-03-23,467,467
2013-03-24,466,467
2013-03-25,438,469
2013-03-26,510,538
2013-03-27,510,517
2013-03-28,514,520
2013-03-29,513,520
2013-03-30,515,515
2013-03-31,515,516
2013-04-01,496,519
2013-04-02,540,555
2013-04-03,651,678
2013-04-04,650,655
2013-04-05,648,656
2013-04-06,654,654
2013-04-07,656,656
2013-04-08,627,659
2013-04-09,663,703
2013-04-10,671,674
2013-04-11,678,682
2013-04-12,647,693
2013-04-13,677,678
2013-04-14,678,678
2013-04-15,639,689
2013-04-16,669,721
2013-04-17,673,677
2013-04-18,682,690
2013-04-19,685,689
2013-04-20,686,686
2013-04-21,686,686
2013-04-22,593,691
2013-04-23,680,689
2013-04-24,661,687
2013-04-25,655,664
2013-04-26,651,661
2013-04-27,652,652
2013-04-28,652,652
2013-04-29,631,661
2013-04-30,681,703
2013-05-01,686,691
2013-05-02,680,689
2013-05-03,671,682
2013-05-04,677,677
2013-05-05,678,678
2013-05-06,653,682
2013-05-07,674,679
2013-05-08,644,679
2013-05-09,645,647
2013-05-10,644,652
2013-05-11,647,647
2013-05-12,655,655
2013-05-13,636,661
2013-05-14,680,693
2013-05-15,664,686
2013-05-16,619,666
2013-05-17,603,623
2013-05-18,605,605
2013-05-19,605,605
2013-05-20,592,612
2013-05-21,625,638
2013-05-22,621,632
2013-05-23,616,623
2013-05-24,612,630
2013-05-25,611,612
2013-05-26,611,611
2013-05-27,607,612
2013-05-28,595,610
2013-05-29,599,605
2013-05-30,670,674
2013-05-31,631,677
2013-06-01,632,632
2013-06-02,633,633
2013-06-03,631,636
2013-06-04,629,641
2013-06-05,629,641
2013-06-06,610,633
2013-06-07,603,611
2013-06-08,605,605
2013-06-09,606,606
2013-06-10,590,609
2013-06-11,595,613
2013-06-12,598,626
2013-06-13,555,601
2013-06-14,543,556
2013-06-15,549,550
2013-06-16,551,551
2013-06-17,548,560
2013-06-18,544,551
2013-06-19,542,549
2013-06-20,541,547
2013-06-21,502,544
2013-06-22,502,502
2013-06-23,502,502
2013-06-24,502,506
2013-06-25,510,526
2013-06-26,491,514
2013-06-27,501,508
2013-06-28,491,503
2013-06-29,491,491
2013-06-30,491,491
2013-07-01,483,492
2013-07-02,469,486
2013-07-03,470,472
2013-07-04,470,470
2013-07-05,445,476
2013-07-06,446,447
2013-07-07,446,446
2013-07-08,451,452
2013-07-09,446,453
2013-07-10,441,453
2013-07-11,440,443
2013-07-12,436,447
2013-07-13,435,436
2013-07-14,435,435
2013-07-15,429,437
2013-07-16,424,430
2013-07-17,435,448
2013-07-18,435,440
2013-07-19,429,439
2013-07-20,430,430
2013-07-21,430,430
2013-07-22,466,475
2013-07-23,465,475
2013-07-24,460,475
2013-07-25,437,466
2013-07-26,424,438
2013-07-27,426,426
2013-07-28,426,426
2013-07-29,413,430
2013-07-30,425,445
2013-07-31,416,432
2013-08-01,401,422
2013-08-02,403,419
2013-08-03,404,405
2013-08-04,405,405
2013-08-05,385,407
2013-08-06,382,396
2013-08-07,509,525
2013-08-08,487,527
2013-08-09,466,496
2013-08-10,478,478
2013-08-11,478,478
2013-08-12,467,485
2013-08-13,461,497
2013-08-14,452,489
2013-08-15,442,471
2013-08-16,429,463
2013-08-17,447,447
2013-08-18,447,447
2013-08-19,439,454
2013-08-20,425,449
2013-08-21,474,497
2013-08-22,480,495
2013-08-23,475,494
2013-08-24,483,484
2013-08-25,484,484
2013-08-26,462,492
2013-08-27,445,481
2013-08-28,471,494
2013-08-29,470,486
2013-08-30,418,478
2013-08-31,422,422
2013-09-01,428,429
2013-09-02,428,432
2013-09-03,486,497
2013-09-04,492,501
2013-09-05,508,513
2013-09-06,528,536
2013-09-07,546,546
2013-09-08,547,548
2013-09-09,560,575
2013-09-10,597,613
2013-09-11,569,616
2013-09-12,559,581
2013-09-13,555,566
2013-09-14,560,560
2013-09-15,564,564
2013-09-16,566,575
2013-09-17,570,584
2013-09-18,531,581
2013-09-19,609,632
2013-09-20,572,628
2013-09-21,575,576
2013-09-22,577,577
2013-09-23,565,580
2013-09-24,545,569
2013-09-25,533,558
2013-09-26,526,539
2013-09-27,532,543
2013-09-28,535,535
2013-09-29,537,537
2013-09-30,521,543
2013-10-01,577,602
2013-10-02,579,608
2013-10-03,566,592
2013-10-04,559,575
2013-10-05,562,563
2013-10-06,563,563
2013-10-07,580,590
2013-10-08,575,601
2013-10-09,550,581
2013-10-10,549,555
2013-10-11,557,570
2013-10-12,558,558
2013-10-13,560,560
2013-10-14,556,560
2013-10-15,607,623
2013-10-16,620,636
2013-10-17,609,627
2013-10-18,575,624
2013-10-19,574,575
2013-10-20,575,575
2013-10-21,570,581
2013-10-22,581,608
2013-10-23,588,604
2013-10-24,591,597
2013-10-25,586,598
2013-10-26,586,586
2013-10-27,592,592
2013-10-28,586,598
2013-10-29,589,607
2013-10-30,551,596
2013-10-31,544,554
2013-11-01,501,559
2013-11-02,502,503
2013-11-03,502,502
2013-11-04,496,514
2013-11-05,491,506
2013-11-06,555,578
2013-11-07,544,565
2013-11-08,529,552
2013-11-09,530,530
2013-11-10,531,532
2013-11-11,532,532
2013-11-12,600,621
2013-11-13,612,629
2013-11-14,607,618
2013-11-15,584,612
2013-11-16,586,586
2013-11-17,586,587
2013-11-18,573,595
2013-11-19,611,626
2013-11-20,598,625
2013-11-21,595,608
2013-11-22,590,600
2013-11-23,590,590
2013-11-24,592,592
2013-11-25,600,605
2013-11-26,573,610
2013-11-27,560,584
2013-11-28,560,560
2013-11-29,491,561
2013-11-30,491,491
2013-12-01,492,492
2013-12-02,499,501
2013-12-03,525,538
2013-12-04,512,536
2013-12-05,508,520
2013-12-06,490,511
2013-12-07,493,493
2013-12-08,494,494
2013-12-09,491,499
2013-12-10,450,568
2013-12-11,438,463
2013-12-12,426,443
2013-12-13,424,437
2013-12-14,425,425
2013-12-15,429,430
2013-12-16,423,437
2013-12-17,474,481
2013-12-18,467,486
2013-12-19,467,479
2013-12-20,472,483
2013-12-21,474,474
2013-12-22,478,478
2013-12-23,468,483
2013-12-24,460,482
2013-12-25,462,462
2013-12-26,463,464
2013-12-27,461,467
2013-12-28,462,463
2013-12-29,462,462
2013-12-30,466,470
2013-12-31,462,468
2014-01-01,535,535
2014-01-02,532,535
2014-01-03,532,537
2014-01-04,534,534
2014-01-05,536,536
2014-01-06,531,542
2014-01-07,540,548
2014-01-08,532,553
2014-01-09,527,536
2014-01-10,497,530
2014-01-11,498,498
2014-01-12,499,499
2014-01-13,491,506
2014-01-14,544,559
2014-01-15,543,552
2014-01-16,537,548
2014-01-17,538,560
2014-01-18,545,546
2014-01-19,548,549
2014-01-20,555,559
2014-01-21,599,627
2014-01-22,580,611
2014-01-23,562,583
2014-01-24,552,567
2014-01-25,553,553
2014-01-26,553,553
2014-01-27,537,564
2014-01-28,541,548
2014-01-29,522,547
2014-01-30,519,542
2014-01-31,514,537
2014-02-01,578,579
2014-02-02,579,579
2014-02-03,581,589
2014-02-04,577,601
2014-02-05,567,587
2014-02-06,563,573
2014-02-07,500,572
2014-02-08,504,504
2014-02-09,505,505
2014-02-10,503,515
2014-02-11,530,564
2014-02-12,536,559
2014-02-13,538,545
2014-02-14,496,544
2014-02-15,499,499
2014-02-16,500,500
2014-02-17,496,501
2014-02-18,512,523
2014-02-19,487,521
2014-02-20,489,498
2014-02-21,479,496
2014-02-22,480,480
2014-02-23,480,480
2014-02-24,472,490
2014-02-25,526,541
2014-02-26,505,537
2014-02-27,481,511
2014-02-28,458,487
2014-03-01,460,460
2014-03-02,461,461
2014-03-03,455,466
2014-03-04,518,531
2014-03-05,516,529
2014-03-06,516,525
2014-03-07,528,537
2014-03-08,530,530
2014-03-09,536,536
2014-03-10,530,542
2014-03-11,568,580
2014-03-12,544,575
2014-03-13,547,556
2014-03-14,530,555
2014-03-15,530,530
2014-03-16,531,531
2014-03-17,531,546
2014-03-18,521,535
2014-03-19,524,534
2014-03-20,527,531
2014-03-21,530,537
2014-03-22,533,533
2014-03-23,533,533
2014-03-24,520,541
2014-03-25,577,596
2014-03-26,563,584
2014-03-27,557,565
2014-03-28,528,560
2014-03-29,533,533
2014-03-30,534,534
2014-03-31,533,541
2014-04-01,592,608
2014-04-02,586,604
2014-04-03,585,591
2014-04-04,587,594
2014-04-05,587,587
2014-04-06,587,587
2014-04-07,579,591
2014-04-08,612,639
2014-04-09,600,617
2014-04-10,598,607
2014-04-11,594,606
2014-04-12,595,595
2014-04-13,595,595
2014-04-14,564,598
2014-04-15,625,638
2014-04-16,618,644
2014-04-17,616,625
2014-04-18,664,700
2014-04-19,673,673
2014-04-20,676,676
2014-04-21,676,685
2014-04-22,654,680
2014-04-23,661,694
2014-04-24,661,670
2014-04-25,657,676
2014-04-26,662,663
2014-04-27,663,663
2014-04-28,672,676
2014-04-29,664,683
2014-04-30,671,675
2014-05-01,632,677
2014-05-02,657,688
2014-05-03,660,660
2014-05-04,661,661
2014-05-05,650,664
2014-05-06,658,660
2014-05-07,673,680
2014-05-08,674,678
2014-05-09,653,697
2014-05-10,653,653
2014-05-11,669,669
2014-05-12,668,678
2014-05-13,681,683
2014-05-14,683,706
2014-05-15,676,685
2014-05-16,658,690
2014-05-17,672,672
2014-05-18,672,672
2014-05-19,672,675
2014-05-20,679,685
2014-05-21,676,683
2014-05-22,672,680
2014-05-23,673,704
2014-05-24,673,673
2014-05-25,672,676
2014-05-26,671,675
2014-05-27,674,676
2014-05-28,664,677
2014-05-29,682,686
2014-05-30,685,693
2014-05-31,683,685
2014-06-01,681,687
2014-06-02,679,685
2014-06-03,676,682
2014-06-04,666,681
2014-06-05,664,671
2014-06-06,623,667
2014-06-07,623,624
2014-06-08,678,684
2014-06-09,674,680
2014-06-10,675,678
2014-06-11,676,682
2014-06-12,664,693
2014-06-13,661,667
2014-06-14,661,661
2014-06-15,661,661
2014-06-16,628,661
2014-06-17,680,692
2014-06-18,669,680
2014-06-19,657,669
2014-06-20,628,660
2014-06-21,628,628
2014-06-22,628,628
2014-06-23,613,628
2014-06-24,674,682
2014-06-25,672,680
2014-06-26,644,675
2014-06-27,627,649
2014-06-28,627,627
2014-06-29,627,627
2014-06-30,607,632
2014-07-01,604,607
2014-07-02,673,675
2014-07-03,666,674
2014-07-04,673,693
2014-07-05,673,673
2014-07-06,673,673
2014-07-07,657,676
2014-07-08,684,705
2014-07-09,678,685
2014-07-10,639,678
2014-07-11,637,643
2014-07-12,639,639
2014-07-13,639,639
2014-07-14,667,668
2014-07-15,650,674
2014-07-16,626,653
2014-07-17,644,653
2014-07-18,648,678
2014-07-19,649,649
2014-07-20,651,651
2014-07-21,638,663
2014-07-22,665,672
2014-07-23,661,671
2014-07-24,660,663
2014-07-25,616,663
2014-07-26,617,617
2014-07-27,624,624
2014-07-28,608,627
2014-07-29,603,612
2014-07-30,570,605
2014-07-31,544,571
2014-08-01,533,570
2014-08-02,534,534
2014-08-03,535,535
2014-08-04,534,548
2014-08-05,588,599
2014-08-06,575,597
2014-08-07,568,578
2014-08-08,601,645
2014-08-09,605,605
2014-08-10,606,606
2014-08-11,598,611
2014-08-12,606,620
2014-08-13,579,608
2014-08-14,624,629
2014-08-15,588,626
2014-08-16,592,592
2014-08-17,592,592
2014-08-18,577,597
2014-08-19,588,623
2014-08-20,586,596
2014-08-21,603,632
2014-08-22,590,608
2014-08-23,589,592
2014-08-24,591,591
2014-08-25,598,606
2014-08-26,639,663
2014-08-27,627,640
2014-08-28,649,678
2014-08-29,646,657
2014-08-30,646,646
2014-08-31,647,647
2014-09-01,638,652
2014-09-02,641,651
2014-09-03,630,652
2014-09-04,610,639
2014-09-05,601,614
2014-09-06,602,602
2014-09-07,603,603
2014-09-08,598,608
2014-09-09,659,668
2014-09-10,642,665
2014-09-11,623,646
2014-09-12,613,633
2014-09-13,614,614
2014-09-14,616,616
2014-09-15,612,618
2014-09-16,677,688
2014-09-17,669,680
2014-09-18,666,672
2014-09-19,655,669
2014-09-20,656,656
2014-09-21,658,658
2014-09-22,647,665
2014-09-23,666,676
2014-09-24,666,681
2014-09-25,654,668
2014-09-26,645,656
2014-09-27,648,648
2014-09-28,652,652
2014-09-29,647,655
2014-09-30,665,677
2014-10-01,654,668
2014-10-02,648,659
2014-10-03,591,653
2014-10-04,593,593
2014-10-05,599,599
2014-10-06,567,603
2014-10-07,563,570
2014-10-08,556,569
2014-10-09,536,562
2014-10-10,533,540
2014-10-11,533,533
2014-10-12,536,536
2014-10-13,526,538
2014-10-14,523,530
2014-10-15,514,526
2014-10-16,496,521
2014-10-17,502,507
2014-10-18,502,502
2014-10-19,504,504
2014-10-20,492,504
2014-10-21,492,494
2014-10-22,493,497
2014-10-23,473,493
2014-10-24,444,480
2014-10-25,446,446
2014-10-26,448,448
2014-10-27,432,450
2014-10-28,429,438
2014-10-29,418,439
2014-10-30,414,423
2014-10-31,416,423
2014-11-01,417,417
2014-11-02,417,417
2014-11-03,411,423
2014-11-04,407,412
2014-11-05,414,419
2014-11-06,416,419
2014-11-07,369,423
2014-11-08,370,370
2014-11-09,370,370
2014-11-10,355,373
2014-11-11,354,362
2014-11-12,352,358
2014-11-13,346,354
2014-11-14,334,356
2014-11-15,336,340
2014-11-16,340,340
2014-11-17,336,344
2014-11-18,336,342
2014-11-19,315,336
2014-11-20,337,348
2014-11-21,331,339
2014-11-22,331,331
2014-11-23,331,331
2014-11-24,324,335
2014-11-25,314,324
2014-11-26,307,319
2014-11-27,309,309
2014-11-28,308,309
2014-11-29,308,308
2014-11-30,308,308
2014-12-01,304,313
2014-12-02,303,307
2014-12-03,296,303
2014-12-04,286,297
2014-12-05,281,291
2014-12-06,283,283
2014-12-07,288,288
2014-12-08,281,288
2014-12-09,277,286
2014-12-10,277,280
2014-12-11,273,279
2014-12-12,265,275
2014-12-13,276,276
2014-12-14,277,277
2014-12-15,278,284
2014-12-16,301,309
2014-12-17,296,306
2014-12-18,291,299
2014-12-19,269,291
2014-12-20,270,270
2014-12-21,270,271
2014-12-22,268,279
2014-12-23,254,270
2014-12-24,255,261
2014-12-25,255,255
2014-12-26,258,258
2014-12-27,258,258
2014-12-28,258,258
2014-12-29,251,259
2014-12-30,245,255
2014-12-31,244,246
2015-01-01,244,244
2015-01-02,229,244
2015-01-03,230,230
2015-01-04,230,230
2015-01-05,230,233
2015-01-06,314,319
2015-01-07,307,315
2015-01-08,303,307
2015-01-09,302,305
2015-01-10,297,303
2015-01-11,297,297
2015-01-12,283,297
2015-01-13,281,286
2015-01-14,278,283
2015-01-15,269,282
2015-01-16,265,269
2015-01-17,265,265
2015-01-18,265,265
2015-01-19,254,267
2015-01-20,254,257
2015-01-21,255,257
2015-01-22,228,256
2015-01-23,226,233
2015-01-24,226,227
2015-01-25,227,227
2015-01-26,218,229
2015-01-27,218,220
2015-01-28,215,221
2015-01-29,216,217
2015-01-30,209,223
2015-01-31,212,213
2015-02-01,215,215
2015-02-02,220,221
2015-02-03,229,229
2015-02-04,224,241
2015-02-05,208,225
2015-02-06,208,210
2015-02-07,208,208
2015-02-08,208,208
2015-02-09,211,215
2015-02-10,215,216
2015-02-11,209,217
2015-02-12,203,209
2015-02-13,203,206
2015-02-14,203,203
2015-02-15,203,203
2015-02-16,203,203
2015-02-17,204,206
2015-02-18,204,205
2015-02-19,194,204
2015-02-20,191,195
2015-02-21,193,193
2015-02-22,185,193
2015-02-23,184,185
2015-02-24,167,187
2015-02-25,169,171
2015-02-26,168,169
2015-02-27,167,169
2015-02-28,167,167
2015-03-01,167,167
2015-03-02,169,169
2015-03-03,169,170
2015-03-04,171,172
2015-03-05,174,176
2015-03-06,173,175
2015-03-07,174,174
2015-03-08,174,174
2015-03-09,173,180
2015-03-10,173,173
2015-03-11,170,173
2015-03-12,160,172
2015-03-13,160,161
2015-03-14,163,163
2015-03-15,163,163
2015-03-16,159,163
2015-03-17,163,167
2015-03-18,165,166
2015-03-19,162,169
2015-03-20,162,166
2015-03-21,164,164
2015-03-22,168,170
2015-03-23,169,169
2015-03-24,169,169
2015-03-25,166,172
2015-03-26,159,167
2015-03-27,162,162
2015-03-28,162,162
2015-03-29,162,162
2015-03-30,162,164
2015-03-31,159,166
2015-04-01,154,160
2015-04-02,167,169
2015-04-03,168,171
2015-04-04,182,182
2015-04-05,183,183
2015-04-06,181,186
2015-04-07,177,183
2015-04-08,180,184
2015-04-09,191,195
2015-04-10,287,293
2015-04-11,287,287
2015-04-12,287,287
2015-04-13,286,289
2015-04-14,287,288
2015-04-15,287,288
2015-04-16,282,290
2015-04-17,281,292
2015-04-18,284,284
2015-04-19,284,284
2015-04-20,283,286
2015-04-21,273,287
2015-04-22,273,274
2015-04-23,262,275
2015-04-24,264,266
2015-04-25,264,264
2015-04-26,264,264
2015-04-27,264,268
2015-04-28,249,264
2015-04-29,247,249
2015-04-30,294,302
2015-05-01,311,313
2015-05-02,312,312
2015-05-03,316,316
2015-05-04,301,317
2015-05-05,304,306
2015-05-06,304,306
2015-05-07,349,349
2015-05-08,378,381
2015-05-09,378,378
2015-05-10,378,378
2015-05-11,378,380
2015-05-12,377,379
2015-05-13,364,381
2015-05-14,328,366
2015-05-15,331,332
2015-05-16,332,334
2015-05-17,334,334
2015-05-18,340,349
2015-05-19,331,342
2015-05-20,415,417
2015-05-21,399,420
2015-05-22,398,403
2015-05-23,398,398
2015-05-24,399,399
2015-05-25,400,401
2015-05-26,396,400
2015-05-27,388,402
2015-05-28,387,391
2015-05-29,415,449
2015-05-30,478,478
2015-05-31,479,479
2015-06-01,472,482
2015-06-02,473,475
2015-06-03,473,475
2015-06-04,445,474
2015-06-05,547,554
2015-06-06,547,547
2015-06-07,550,550
2015-06-08,568,570
2015-06-09,567,570
2015-06-10,550,568
2015-06-11,532,554
2015-06-12,613,618
2015-06-13,625,625
2015-06-14,625,625
2015-06-15,609,628
2015-06-16,608,613
2015-06-17,612,617
2015-06-18,598,614
2015-06-19,593,599
2015-06-20,599,599
2015-06-21,599,599
2015-06-22,656,660
2015-06-23,658,661
2015-06-24,656,661
2015-06-25,635,660
2015-06-26,627,639
2015-06-27,604,627
2015-06-28,604,604
2015-06-29,601,610
2015-06-30,589,602
2015-07-01,583,592
2015-07-02,576,592
2015-07-03,585,585
2015-07-04,586,586
2015-07-05,592,592
2015-07-06,593,595
2015-07-07,588,593
2015-07-08,588,593
2015-07-09,583,590
2015-07-10,656,659
2015-07-11,658,659
2015-07-12,658,658
2015-07-13,660,660
2015-07-14,660,663
2015-07-15,658,663
2015-07-16,671,699
2015-07-17,664,673
2015-07-18,668,668
2015-07-19,668,668
2015-07-20,676,677
2015-07-21,659,678
2015-07-22,633,663
2015-07-23,613,635
2015-07-24,617,622
2015-07-25,619,619
2015-07-26,619,619
2015-07-27,614,619
2015-07-28,614,619
2015-07-29,613,619
2015-07-30,649,672
2015-07-31,643,654
2015-08-01,643,643
2015-08-02,643,643
2015-08-03,636,645
2015-08-04,639,645
2015-08-05,617,642
2015-08-06,621,643
2015-08-07,611,621
2015-08-08,612,612
2015-08-09,624,624
2015-08-10,619,629
2015-08-11,614,619
2015-08-12,608,617
2015-08-13,655,669
2015-08-14,656,657
2015-08-15,655,657
2015-08-16,657,657
2015-08-17,640,661
2015-08-18,653,658
2015-08-19,625,654
2015-08-20,632,649
2015-08-21,621,638
2015-08-22,622,622
2015-08-23,622,622
2015-08-24,623,625
2015-08-25,620,624
2015-08-26,616,624
2015-08-27,603,619
2015-08-28,503,603
2015-08-29,505,506
2015-08-30,505,505
2015-08-31,543,549
2015-09-01,537,589
2015-09-02,536,545
2015-09-03,519,537
2015-09-04,583,586
2015-09-05,584,584
2015-09-06,584,584
2015-09-07,585,586
2015-09-08,582,587
2015-09-09,579,589
2015-09-10,603,621
2015-09-11,597,606
2015-09-12,599,599
2015-09-13,601,601
2015-09-14,592,606
2015-09-15,575,602
2015-09-16,573,577
2015-09-17,568,588
2015-09-18,577,590
2015-09-19,577,577
2015-09-20,578,578
2015-09-21,574,583
2015-09-22,563,575
2015-09-23,561,567
2015-09-24,546,564
2015-09-25,539,548
2015-09-26,540,540
2015-09-27,541,541
2015-09-28,507,544
2015-09-29,500,510
2015-09-30,484,501
2015-10-01,525,549
2015-10-02,515,527
2015-10-03,516,516
2015-10-04,516,516
2015-10-05,516,520
2015-10-06,509,517
2015-10-07,503,511
2015-10-08,515,538
2015-10-09,564,578
2015-10-10,565,566
2015-10-11,566,566
2015-10-12,568,568
2015-10-13,561,568
2015-10-14,550,562
2015-10-15,531,552
2015-10-16,590,596
2015-10-17,591,591
2015-10-18,591,591
2015-10-19,590,592
2015-10-20,579,593
2015-10-21,555,579
2015-10-22,533,556
2015-10-23,527,534
2015-10-24,563,575
2015-10-25,565,566
2015-10-26,560,568
2015-10-27,558,564
2015-10-28,544,560
2015-10-29,553,577
2015-10-30,622,626
2015-10-31,611,623
2015-11-01,611,612
2015-11-02,608,616
2015-11-03,604,611
2015-11-04,598,605
2015-11-05,614,628
2015-11-06,607,618
2015-11-07,608,608
2015-11-08,615,615
2015-11-09,602,622
2015-11-10,610,622
2015-11-11,570,613
2015-11-12,564,571
2015-11-13,560,580
2015-11-14,560,560
2015-11-15,561,561
2015-11-16,558,563
2015-11-17,543,560
2015-11-18,538,544
2015-11-19,531,541
2015-11-20,530,534
2015-11-21,530,530
2015-11-22,531,531
2015-11-23,508,531
2015-11-24,504,509
2015-11-25,498,511
2015-11-26,498,499
2015-11-27,478,500
2015-11-28,478,478
2015-11-29,478,478
2015-11-30,473,479
2015-12-01,475,483
2015-12-02,469,479
2015-12-03,466,478
2015-12-04,562,565
2015-12-05,563,563
2015-12-06,565,565
2015-12-07,545,566
2015-12-08,552,559
2015-12-09,542,556
2015-12-10,625,655
2015-12-11,622,628
2015-12-12,623,623
2015-12-13,624,624
2015-12-14,619,625
2015-12-15,615,621
2015-12-16,614,619
2015-12-17,599,621
2015-12-18,653,662
2015-12-19,654,654
2015-12-20,654,654
2015-12-21,639,657
2015-12-22,612,647
2015-12-23,606,615
2015-12-24,600,606
2015-12-25,601,601
2015-12-26,601,601
2015-12-27,601,601
2015-12-28,595,604
2015-12-29,592,595
2015-12-30,622,632
2015-12-31,676,680
2016-01-01,677,677
2016-01-02,678,678
2016-01-03,679,679
2016-01-04,678,679
2016-01-05,649,679
2016-01-06,648,654
2016-01-07,628,651
2016-01-08,623,631
2016-01-09,623,623
2016-01-10,623,623
2016-01-11,614,623
2016-01-12,616,627
2016-01-13,601,619
2016-01-14,592,602
2016-01-15,642,655
2016-01-16,643,643
2016-01-17,644,644
2016-01-18,619,653
2016-01-19,598,620
2016-01-20,587,600
2016-01-21,571,589
2016-01-22,571,575
2016-01-23,587,587
2016-01-24,593,593
2016-01-25,589,596
2016-01-26,595,598
2016-01-27,589,599
2016-01-28,629,650
2016-01-29,625,640
2016-01-30,626,626
2016-01-31,626,626
2016-02-01,605,631
2016-02-02,600,609
2016-02-03,590,602
2016-02-04,601,633
2016-02-05,593,602
2016-02-06,599,600
2016-02-07,599,600
2016-02-08,597,600
2016-02-09,594,601
2016-02-10,585,594
2016-02-11,616,622
2016-02-12,612,621
2016-02-13,612,612
2016-02-14,613,613
2016-02-15,615,615
2016-02-16,613,621
2016-02-17,582,616
2016-02-18,612,627
2016-02-19,603,619
2016-02-20,604,604
2016-02-21,604,604
2016-02-22,577,611
2016-02-23,572,581
2016-02-24,574,578
2016-02-25,559,577
2016-02-26,558,564
2016-02-27,558,558
2016-02-28,563,563
2016-02-29,556,566
2016-03-01,557,561
2016-03-02,535,563
2016-03-03,534,544
2016-03-04,589,600
2016-03-05,590,590
2016-03-06,592,592
2016-03-07,562,593
2016-03-08,557,563
2016-03-09,558,563
2016-03-10,533,559
2016-03-11,600,619
2016-03-12,600,600
2016-03-13,600,600
2016-03-14,601,606
2016-03-15,591,607
2016-03-16,568,594
2016-03-17,587,601
2016-03-18,585,592
2016-03-19,584,585
2016-03-20,584,584
2016-03-21,554,589
2016-03-22,547,556
2016-03-23,547,556
2016-03-24,531,548
2016-03-25,614,619
2016-03-26,615,615
2016-03-27,616,616
2016-03-28,614,616
2016-03-29,583,614
2016-03-30,565,583
2016-03-31,596,610
2016-04-01,594,600
2016-04-02,594,594
2016-04-03,598,599
2016-04-04,569,598
2016-04-05,567,573
2016-04-06,556,573
2016-04-07,594,609
2016-04-08,610,617
2016-04-09,624,624
2016-04-10,635,635
2016-04-11,636,638
2016-04-12,634,639
2016-04-13,610,638
2016-04-14,583,612
2016-04-15,619,622
2016-04-16,620,620
2016-04-17,621,621
2016-04-18,618,623
2016-04-19,616,629
2016-04-20,625,628
2016-04-21,641,653
2016-04-22,636,645
2016-04-23,636,636
2016-04-24,634,636
2016-04-25,616,641
2016-04-26,609,620
2016-04-27,597,616
2016-04-28,585,598
2016-04-29,577,591
2016-04-30,578,578
2016-05-01,581,581
2016-05-02,582,591
2016-05-03,578,584
2016-05-04,585,588
2016-05-05,584,604
2016-05-06,670,680
2016-05-07,674,675
2016-05-08,682,682
2016-05-09,638,688
2016-05-10,640,642
2016-05-11,599,643
2016-05-12,618,632
2016-05-13,606,621
2016-05-14,608,609
2016-05-15,610,610
2016-05-16,607,615
2016-05-17,590,608
2016-05-18,594,599
2016-05-19,626,636
2016-05-20,621,628
2016-05-21,622,622
2016-05-22,622,622
2016-05-23,605,626
2016-05-24,593,605
2016-05-25,573,595
2016-05-26,614,627
2016-05-27,616,631
2016-05-28,620,620
2016-05-29,621,621
2016-05-30,621,621
2016-05-31,619,624
2016-06-01,614,622
2016-06-02,588,617
2016-06-03,647,654
2016-06-04,647,647
2016-06-05,647,647
2016-06-06,632,648
2016-06-07,636,636
2016-06-08,641,650
2016-06-09,620,643
2016-06-10,616,623
2016-06-11,618,618
2016-06-12,618,618
2016-06-13,619,621
2016-06-14,622,623
2016-06-15,659,664
2016-06-16,644,663
2016-06-17,645,655
2016-06-18,646,646
2016-06-19,649,650
2016-06-20,631,655
2016-06-21,600,635
2016-06-22,586,605
2016-06-23,572,588
2016-06-24,659,662
2016-06-25,666,666
2016-06-26,666,666
2016-06-27,664,667
2016-06-28,666,670
2016-06-29,662,666
2016-06-30,664,684
2016-07-01,673,677
2016-07-02,674,674
2016-07-03,676,676
2016-07-04,676,676
2016-07-05,655,678
2016-07-06,624,659
2016-07-07,637,656
2016-07-08,669,673
2016-07-09,668,669
2016-07-10,667,668
2016-07-11,664,667
2016-07-12,652,665
2016-07-13,645,654
2016-07-14,668,681
2016-07-15,674,685
2016-07-16,674,674
2016-07-17,674,675
2016-07-18,672,675
2016-07-19,670,677
2016-07-20,653,673
2016-07-21,645,676
2016-07-22,647,653
2016-07-23,664,664
2016-07-24,664,664
2016-07-25,659,667
2016-07-26,655,661
2016-07-27,656,659
2016-07-28,654,688
2016-07-29,644,656
2016-07-30,645,645
2016-07-31,647,647
2016-08-01,653,667
2016-08-02,648,655
2016-08-03,616,651
2016-08-04,635,653
2016-08-05,651,653
2016-08-06,653,654
2016-08-07,654,655
2016-08-08,653,658
2016-08-09,649,657
2016-08-10,653,659
2016-08-11,663,667
2016-08-12,692,696
2016-08-13,693,693
2016-08-14,693,693
2016-08-15,654,693
2016-08-16,633,658
2016-08-17,630,637
2016-08-18,613,635
2016-08-19,652,660
2016-08-20,652,652
2016-08-21,659,659
2016-08-22,659,668
2016-08-23,659,669
2016-08-24,652,661
2016-08-25,656,674
2016-08-26,680,687
2016-08-27,680,680
2016-08-28,683,683
2016-08-29,683,703
2016-08-30,688,696
2016-08-31,664,689
2016-09-01,637,668
2016-09-02,671,683
2016-09-03,672,673
2016-09-04,673,673
2016-09-05,674,674
2016-09-06,680,684
2016-09-07,688,697
2016-09-08,679,692
2016-09-09,679,685
2016-09-10,680,680
2016-09-11,680,680
2016-09-12,649,684
2016-09-13,642,650
2016-09-14,624,648
2016-09-15,596,626
2016-09-16,665,676
2016-09-17,677,677
2016-09-18,680,681
2016-09-19,678,681
2016-09-20,672,680
2016-09-21,671,679
2016-09-22,668,675
2016-09-23,679,688
2016-09-24,680,680
2016-09-25,680,680
2016-09-26,667,687
2016-09-27,670,676
2016-09-28,658,682
2016-09-29,682,722
2016-09-30,680,689
2016-10-01,681,682
2016-10-02,681,681
2016-10-03,686,688
2016-10-04,682,689
2016-10-05,117,682
2016-10-06,0,117
2016-10-07,305,307
2016-10-08,456,456
2016-10-09,680,680
2016-10-10,681,682
2016-10-11,674,681
2016-10-12,674,681
2016-10-13,667,682
2016-10-14,671,674
2016-10-15,672,672
2016-10-16,672,672
2016-10-17,658,683
2016-10-18,654,675
2016-10-19,647,658
2016-10-20,623,651
2016-10-21,665,672
2016-10-22,668,668
2016-10-23,666,668
2016-10-24,667,671
2016-10-25,672,676
2016-10-26,643,677
2016-10-27,638,657
2016-10-28,643,679
2016-10-29,682,682
2016-10-30,682,682
2016-10-31,686,689
2016-11-01,670,692
2016-11-02,667,674
2016-11-03,651,675
2016-11-04,644,652
2016-11-05,683,683
2016-11-06,683,683
2016-11-07,687,694
2016-11-08,681,694
2016-11-09,659,687
2016-11-10,666,676
2016-11-11,667,667
2016-11-12,688,688
2016-11-13,692,692
2016-11-14,677,698
2016-11-15,672,681
2016-11-16,666,677
2016-11-17,660,677
2016-11-18,680,684
2016-11-19,680,680
2016-11-20,681,681
2016-11-21,677,688
2016-11-22,677,684
2016-11-23,681,700
2016-11-24,680,681
2016-11-25,679,680
2016-11-26,680,680
2016-11-27,688,688
2016-11-28,679,697
2016-11-29,675,682
2016-11-30,674,681
2016-12-01,658,679
2016-12-02,678,681
2016-12-03,677,678
2016-12-04,680,680
2016-12-05,677,683
2016-12-06,688,690
2016-12-07,683,694
2016-12-08,676,698
2016-12-09,681,688
2016-12-10,684,685
2016-12-11,684,684
2016-12-12,670,686
2016-12-13,670,674
2016-12-14,672,681
2016-12-15,675,683
2016-12-16,670,677
2016-12-17,671,671
2016-12-18,671,671
2016-12-19,674,678
2016-12-20,654,677
2016-12-21,650,657
2016-12-22,676,699
2016-12-23,675,678
2016-12-24,676,676
2016-12-25,679,680
2016-12-26,679,679
2016-12-27,660,681
2016-12-28,658,663
2016-12-29,645,666
2016-12-30,639,646
2016-12-31,640,640
2017-01-01,641,642
2017-01-02,641,642
2017-01-03,638,643
2017-01-04,632,643
2017-01-05,665,688
2017-01-06,658,667
2017-01-07,661,661
2017-01-08,661,662
2017-01-09,653,661
2017-01-10,646,656
2017-01-11,645,652
2017-01-12,652,659
2017-01-13,659,671
2017-01-14,662,664
2017-01-15,665,666
2017-01-16,668,668
2017-01-17,648,674
2017-01-18,644,655
2017-01-19,628,647
2017-01-20,622,630
2017-01-21,623,623
2017-01-22,625,625
2017-01-23,682,702
2017-01-24,676,688
2017-01-25,676,680
2017-01-26,670,681
2017-01-27,675,680
2017-01-28,675,675
2017-01-29,659,675
2017-01-30,666,671
2017-01-31,667,669
2017-02-01,644,673
2017-02-02,626,645
2017-02-03,633,643
2017-02-04,633,633
2017-02-05,633,633
2017-02-06,627,635
2017-02-07,631,651
2017-02-08,628,638
2017-02-09,594,628
2017-02-10,594,601
2017-02-11,657,657
2017-02-12,657,657
2017-02-13,658,659
2017-02-14,656,662
2017-02-15,639,658
2017-02-16,662,683
2017-02-17,690,694
2017-02-18,691,691
2017-02-19,691,691
2017-02-20,691,691
2017-02-21,682,691
2017-02-22,672,685
2017-02-23,648,689
2017-02-24,648,656
2017-02-25,648,648
2017-02-26,649,649
2017-02-27,660,666
2017-02-28,678,685
2017-03-01,662,699
2017-03-02,634,683
2017-03-03,667,671
2017-03-04,687,688
2017-03-05,688,688
2017-03-06,671,697
2017-03-07,683,695
2017-03-08,687,692
2017-03-09,677,705
2017-03-10,684,696
2017-03-11,684,685
2017-03-12,684,684
2017-03-13,683,690
2017-03-14,666,686
2017-03-15,637,691
2017-03-16,616,665
2017-03-17,609,643
2017-03-18,643,643
2017-03-19,644,644
2017-03-20,636,660
2017-03-21,633,646
2017-03-22,633,643
2017-03-23,620,657
2017-03-24,648,652
2017-03-25,669,670
2017-03-26,670,670
2017-03-27,665,680
2017-03-28,676,686
2017-03-29,654,695
2017-03-30,624,678
2017-03-31,657,660
2017-04-01,659,659
2017-04-02,659,659
2017-04-03,640,663
2017-04-04,653,662
2017-04-05,655,672
2017-04-06,630,666
2017-04-07,646,655
2017-04-08,647,647
2017-04-09,649,649
2017-04-10,646,650
2017-04-11,647,652
2017-04-12,642,664
2017-04-13,640,658
2017-04-14,663,669
2017-04-15,669,669
2017-04-16,671,671
2017-04-17,649,684
2017-04-18,668,682
2017-04-19,645,689
2017-04-20,626,674
2017-04-21,643,657
2017-04-22,648,648
2017-04-23,651,651
2017-04-24,656,661
2017-04-25,661,668
2017-04-26,655,665
2017-04-27,609,676
2017-04-28,607,616
2017-04-29,616,616
2017-04-30,616,616
2017-05-01,624,629
2017-05-02,611,629
2017-05-03,583,624
2017-05-04,551,586
2017-05-05,576,582
2017-05-06,579,579
2017-05-07,582,583
2017-05-08,590,595
2017-05-09,598,604
2017-05-10,594,604
2017-05-11,590,610
2017-05-12,605,617
2017-05-13,624,624
2017-05-14,626,626
2017-05-15,615,642
2017-05-16,620,636
2017-05-17,621,626
2017-05-18,570,629
2017-05-19,593,608
2017-05-20,600,602
2017-05-21,602,602
2017-05-22,605,611
2017-05-23,607,615
2017-05-24,598,610
2017-05-25,575,603
2017-05-26,609,615
2017-05-27,618,619
2017-05-28,621,623
2017-05-29,623,624
2017-05-30,620,627
2017-05-31,604,635
2017-06-01,591,627
2017-06-02,597,605
2017-06-03,617,618
2017-06-04,618,618
2017-06-05,617,624
2017-06-06,631,636
2017-06-07,638,645
2017-06-08,624,649
2017-06-09,621,634
2017-06-10,638,638
2017-06-11,638,638
2017-06-12,648,655
2017-06-13,652,660
2017-06-14,635,668
2017-06-15,606,642
2017-06-16,589,623
2017-06-17,635,635
2017-06-18,635,635
2017-06-19,638,647
2017-06-20,624,660
2017-06-21,630,639
2017-06-22,613,645
2017-06-23,634,648
2017-06-24,638,638
2017-06-25,641,641
2017-06-26,629,649
2017-06-27,636,652
2017-06-28,623,646
2017-06-29,600,634
2017-06-30,628,634
2017-07-01,640,641
2017-07-02,644,644
2017-07-03,643,653
2017-07-04,654,659
2017-07-05,652,656
2017-07-06,640,657
2017-07-07,643,647
2017-07-08,645,645
2017-07-09,649,649
2017-07-10,651,654
2017-07-11,623,670
2017-07-12,620,629
2017-07-13,612,632
2017-07-14,629,638
2017-07-15,629,629
2017-07-16,629,629
2017-07-17,628,634
2017-07-18,639,649
2017-07-19,646,652
2017-07-20,627,660
2017-07-21,612,640
2017-07-22,629,630
2017-07-23,631,631
2017-07-24,623,634
2017-07-25,616,652
2017-07-26,631,638
2017-07-27,629,672
2017-07-28,638,652
2017-07-29,649,649
2017-07-30,652,655
2017-07-31,653,661
2017-08-01,649,656
2017-08-02,649,656
2017-08-03,648,672
2017-08-04,641,656
2017-08-05,649,649
2017-08-06,651,651
2017-08-07,636,663
2017-08-08,648,656
2017-08-09,640,659
2017-08-10,604,642
2017-08-11,611,620
2017-08-12,617,617
2017-08-13,620,620
2017-08-14,635,640
2017-08-15,640,651
2017-08-16,648,658
2017-08-17,643,661
2017-08-18,636,649
2017-08-19,645,645
2017-08-20,645,645
2017-08-21,628,650
2017-08-22,623,628
2017-08-23,602,649
2017-08-24,591,617
2017-08-25,607,613
2017-08-26,612,612
2017-08-27,612,612
2017-08-28,625,637
2017-08-29,635,642
2017-08-30,630,637
2017-08-31,611,632
2017-09-01,622,633
2017-09-02,627,631
2017-09-03,628,629
2017-09-04,628,628
2017-09-05,608,631
2017-09-06,503,608
2017-09-07,0,503
2017-09-08,0,0
2017-09-09,0,0
2017-09-10,0,0
2017-09-11,0,0
2017-09-12,0,0
2017-09-13,0,0
2017-09-14,0,0
2017-09-15,0,0
2017-09-16,0,0
2017-09-17,249,249
2017-09-18,249,252
2017-09-19,258,262
2017-09-20,284,284
2017-09-21,354,358
2017-09-22,348,355
2017-09-23,414,414
2017-09-24,488,488
2017-09-25,490,495
2017-09-26,614,616
2017-09-27,625,631
2017-09-28,644,659
2017-09-29,644,653
2017-09-30,647,647
2017-10-01,648,648
2017-10-02,643,648
2017-10-03,638,643
2017-10-04,621,638
2017-10-05,617,623
2017-10-06,629,635
2017-10-07,635,635
2017-10-08,635,635
2017-10-09,633,635
2017-10-10,633,638
2017-10-11,623,633
2017-10-12,603,632
2017-10-13,606,617
2017-10-14,609,609
2017-10-15,601,611
2017-10-16,601,606
2017-10-17,607,614
2017-10-18,587,625
2017-10-19,597,614
2017-10-20,596,612
2017-10-21,601,601
2017-10-22,603,603
2017-10-23,601,608
2017-10-24,618,621
2017-10-25,606,621
2017-10-26,614,632
2017-10-27,611,629
2017-10-28,622,622
2017-10-29,623,623
2017-10-30,628,637
2017-10-31,631,638
2017-11-01,629,636
2017-11-02,616,635
2017-11-03,611,623
2017-11-04,620,621
2017-11-05,625,625
2017-11-06,629,631
2017-11-07,628,636
2017-11-08,596,635
2017-11-09,581,607
2017-11-10,575,586
2017-11-11,582,582
2017-11-12,589,589
2017-11-13,573,594
2017-11-14,567,575
2017-11-15,572,579
2017-11-16,571,582
2017-11-17,583,593
2017-11-18,602,602
2017-11-19,604,604
2017-11-20,622,629
2017-11-21,598,626
2017-11-22,579,601
2017-11-23,599,599
2017-11-24,600,604
2017-11-25,604,604
2017-11-26,604,604
2017-11-27,608,622
2017-11-28,615,627
2017-11-29,618,625
2017-11-30,624,641
2017-12-01,621,632
2017-12-02,622,622
2017-12-03,624,624
2017-12-04,630,639
2017-12-05,640,647
2017-12-06,617,653
2017-12-07,597,621
2017-12-08,650,652
2017-12-09,651,652
2017-12-10,653,653
2017-12-11,644,654
2017-12-12,647,650
2017-12-13,642,648
2017-12-14,670,701
2017-12-15,667,679
2017-12-16,667,667
2017-12-17,666,667
2017-12-18,661,666
2017-12-19,654,661
2017-12-20,617,657
2017-12-21,617,638
2017-12-22,627,635
2017-12-23,662,662
2017-12-24,662,662
2017-12-25,657,663
2017-12-26,654,658
2017-12-27,653,660
2017-12-28,638,658
2017-12-29,655,663
2017-12-30,655,656
2017-12-31,655,655
2018-01-01,657,657
2018-01-02,654,662
2018-01-03,652,661
2018-01-04,643,656
2018-01-05,639,645
2018-01-06,639,639
2018-01-07,653,653
2018-01-08,648,657
2018-01-09,662,667
2018-01-10,665,674
2018-01-11,642,674
2018-01-12,647,657
2018-01-13,674,675
2018-01-14,674,674
2018-01-15,674,676
2018-01-16,653,687
2018-01-17,653,665
2018-01-18,644,657
2018-01-19,649,656
2018-01-20,650,650
2018-01-21,651,651
2018-01-22,642,652
2018-01-23,652,669
2018-01-24,647,659
2018-01-25,633,659
2018-01-26,634,642
2018-01-27,635,635
2018-01-28,635,636
2018-01-29,629,640
2018-01-30,634,637
2018-01-31,629,662
2018-02-01,629,666
2018-02-02,626,645
2018-02-03,628,628
2018-02-04,636,636
2018-02-05,634,641
2018-02-06,636,644
2018-02-07,643,649
2018-02-08,634,653
2018-02-09,670,683
2018-02-10,672,673
2018-02-11,660,673
2018-02-12,659,664
2018-02-13,660,671
2018-02-14,639,664
2018-02-15,629,660
2018-02-16,632,649
2018-02-17,635,636
2018-02-18,636,636
2018-02-19,638,638
2018-02-20,660,673
2018-02-21,660,680
2018-02-22,671,674
2018-02-23,668,680
2018-02-24,670,670
2018-02-25,670,670
2018-02-26,654,670
2018-02-27,657,664
2018-02-28,640,663
2018-03-01,654,671
2018-03-02,663,674
2018-03-03,671,671
2018-03-04,670,671
2018-03-05,667,673
2018-03-06,657,670
2018-03-07,662,673
2018-03-08,640,665
2018-03-09,638,655
2018-03-10,651,652
2018-03-11,651,651
2018-03-12,628,654
2018-03-13,653,657
2018-03-14,627,659
2018-03-15,575,631
2018-03-16,599,611
2018-03-17,604,604
2018-03-18,620,620
2018-03-19,616,632
2018-03-20,643,650
2018-03-21,657,673
2018-03-22,661,699
2018-03-23,655,667
2018-03-24,656,656
2018-03-25,655,656
2018-03-26,631,655
2018-03-27,609,643
2018-03-28,627,642
2018-03-29,640,664
2018-03-30,640,648
2018-03-31,642,644
2018-04-01,643,643
2018-04-02,639,651
2018-04-03,658,663
2018-04-04,667,679
2018-04-05,650,674
2018-04-06,651,662
2018-04-07,659,659
2018-04-08,661,661
2018-04-09,642,663
2018-04-10,647,658
2018-04-11,650,663
2018-04-12,653,670
2018-04-13,643,664
2018-04-14,659,659
2018-04-15,661,662
2018-04-16,656,670
2018-04-17,669,675
2018-04-18,609,675
2018-04-19,598,626
2018-04-20,605,620
2018-04-21,624,624
2018-04-22,627,627
2018-04-23,619,641
2018-04-24,641,645
2018-04-25,640,644
2018-04-26,636,662
2018-04-27,667,676
2018-04-28,676,676
2018-04-29,676,676
2018-04-30,671,677
2018-05-01,666,681
2018-05-02,660,671
2018-05-03,660,680
2018-05-04,661,688
2018-05-05,675,675
2018-05-06,675,675
2018-05-07,666,681
2018-05-08,676,685
2018-05-09,673,681
2018-05-10,657,684
2018-05-11,663,673
2018-05-12,671,671
2018-05-13,673,674
2018-05-14,671,677
2018-05-15,671,684
2018-05-16,651,678
2018-05-17,658,690
2018-05-18,659,684
2018-05-19,662,663
2018-05-20,663,663
2018-05-21,644,668
2018-05-22,654,669
2018-05-23,629,667
2018-05-24,622,646
2018-05-25,642,651
2018-05-26,657,659
2018-05-27,661,661
2018-05-28,663,663
2018-05-29,663,673
2018-05-30,658,680
2018-05-31,659,686
2018-06-01,659,676
2018-06-02,672,673
2018-06-03,676,676
2018-06-04,671,684
2018-06-05,678,688
2018-06-06,666,690
2018-06-07,665,673
2018-06-08,662,676
2018-06-09,672,672
2018-06-10,673,673
2018-06-11,662,679
2018-06-12,657,673
2018-06-13,645,675
2018-06-14,624,655
2018-06-15,631,646
2018-06-16,654,655
2018-06-17,655,655
2018-06-18,643,661
2018-06-19,646,659
2018-06-20,645,654
2018-06-21,630,652
2018-06-22,625,638
2018-06-23,634,634
2018-06-24,634,635
2018-06-25,606,634
2018-06-26,623,633
2018-06-27,628,634
2018-06-28,611,634
2018-06-29,611,629
2018-06-30,620,621
2018-07-01,638,638
2018-07-02,618,640
2018-07-03,628,643
2018-07-04,641,641
2018-07-05,636,649
2018-07-06,639,652
2018-07-07,669,669
2018-07-08,670,670
2018-07-09,664,670
2018-07-10,663,668
2018-07-11,644,677
2018-07-12,648,670
2018-07-13,639,652
2018-07-14,642,642
2018-07-15,644,644
2018-07-16,635,644
2018-07-17,644,648
2018-07-18,638,663
2018-07-19,627,654
2018-07-20,641,645
2018-07-21,661,662
2018-07-22,662,662
2018-07-23,660,665
2018-07-24,678,683
2018-07-25,648,681
2018-07-26,674,689
2018-07-27,673,685
2018-07-28,675,675
2018-07-29,676,677
2018-07-30,653,679
2018-07-31,675,685
2018-08-01,643,688
2018-08-02,629,652
2018-08-03,657,667
2018-08-04,669,669
2018-08-05,671,673
2018-08-06,666,679
2018-08-07,656,673
2018-08-08,630,667
2018-08-09,635,651
2018-08-10,631,640
2018-08-11,655,655
2018-08-12,657,658
2018-08-13,649,667
2018-08-14,667,675
2018-08-15,672,682
2018-08-16,630,676
2018-08-17,643,660
2018-08-18,673,673
2018-08-19,674,674
2018-08-20,655,676
2018-08-21,661,677
2018-08-22,651,675
2018-08-23,634,668
2018-08-24,643,654
2018-08-25,653,653
2018-08-26,654,654
2018-08-27,636,657
2018-08-28,662,671
2018-08-29,635,665
2018-08-30,621,643
2018-08-31,626,642
2018-09-01,646,646
2018-09-02,654,654
2018-09-03,653,656
2018-09-04,645,657
2018-09-05,642,655
2018-09-06,623,653
2018-09-07,630,642
2018-09-08,637,638
2018-09-09,648,650
2018-09-10,648,662
2018-09-11,661,666
2018-09-12,659,669
2018-09-13,664,689
2018-09-14,668,681
2018-09-15,671,671
2018-09-16,671,671
2018-09-17,660,675
2018-09-18,647,661
2018-09-19,628,647
2018-09-20,605,633
2018-09-21,648,662
2018-09-22,661,661
2018-09-23,662,663
2018-09-24,650,665
2018-09-25,670,676
2018-09-26,653,677
2018-09-27,674,691
2018-09-28,669,680
2018-09-29,670,671
2018-09-30,671,671
2018-10-01,665,674
2018-10-02,675,683
2018-10-03,662,677
2018-10-04,646,676
2018-10-05,647,657
2018-10-06,658,658
2018-10-07,658,658
2018-10-08,656,659
2018-10-09,638,659
2018-10-10,637,641
2018-10-11,639,643
2018-10-12,662,684
2018-10-13,676,676
2018-10-14,677,677
2018-10-15,671,681
2018-10-16,679,687
2018-10-17,671,682
2018-10-18,658,684
2018-10-19,667,677
2018-10-20,682,683
2018-10-21,678,685
2018-10-22,673,685
2018-10-23,668,674
2018-10-24,649,678
2018-10-25,668,689
2018-10-26,659,676
2018-10-27,679,680
2018-10-28,672,683
2018-10-29,669,674
2018-10-30,652,670
2018-10-31,649,655
2018-11-01,653,660
2018-11-02,675,684
2018-11-03,677,677
2018-11-04,688,688
2018-11-05,681,691
2018-11-06,661,686
2018-11-07,638,661
2018-11-08,655,679
2018-11-09,660,672
2018-11-10,676,676
2018-11-11,682,682
2018-11-12,669,683
2018-11-13,655,674
2018-11-14,651,657
2018-11-15,672,693
2018-11-16,659,673
2018-11-17,672,672
2018-11-18,675,676
2018-11-19,659,682
2018-11-20,652,661
2018-11-21,651,692
2018-11-22,656,656
2018-11-23,652,657
2018-11-24,660,660
2018-11-25,653,664
2018-11-26,654,655
2018-11-27,653,657
2018-11-28,653,657
2018-11-29,634,663
2018-11-30,658,664
2018-12-01,668,668
2018-12-02,670,670
2018-12-03,663,675
2018-12-04,661,675
2018-12-05,657,662
2018-12-06,650,672
2018-12-07,644,660
2018-12-08,648,648
2018-12-09,650,650
2018-12-10,615,650
2018-12-11,616,629
2018-12-12,619,629
2018-12-13,596,622
2018-12-14,628,650
2018-12-15,642,642
2018-12-16,644,644
2018-12-17,650,658
2018-12-18,636,667
2018-12-19,624,636
2018-12-20,601,629
2018-12-21,642,662
2018-12-22,652,652
2018-12-23,647,655
2018-12-24,651,653
2018-12-25,648,653
2018-12-26,650,661
2018-12-27,680,683
2018-12-28,672,681
2018-12-29,682,682
2018-12-30,681,684
2018-12-31,681,684
2019-01-01,685,686
2019-01-02,686,690
2019-01-03,653,690
2019-01-04,667,673
2019-01-05,679,681
2019-01-06,680,680
2019-01-07,656,682
2019-01-08,663,667
2019-01-09,659,669
2019-01-10,649,662
2019-01-11,645,655
2019-01-12,657,657
2019-01-13,661,661
2019-01-14,669,673
2019-01-15,661,675
2019-01-16,664,676
2019-01-17,634,667
2019-01-18,665,675
2019-01-19,672,672
2019-01-20,675,675
2019-01-21,671,681
2019-01-22,674,682
2019-01-23,679,684
2019-01-24,682,696
2019-01-25,683,690
2019-01-26,684,685
2019-01-27,683,685
2019-01-28,678,690
2019-01-29,675,679
2019-01-30,677,685
2019-01-31,659,681
2019-02-01,667,675
2019-02-02,681,683
2019-02-03,683,683
2019-02-04,675,687
2019-02-05,656,685
2019-02-06,649,656
2019-02-07,671,686
2019-02-08,663,673
2019-02-09,673,674
2019-02-10,678,678
2019-02-11,665,684
2019-02-12,664,672
2019-02-13,657,665
2019-02-14,655,680
2019-02-15,649,664
2019-02-16,658,659
2019-02-17,658,659
2019-02-18,652,660
2019-02-19,662,668
2019-02-20,668,680
2019-02-21,661,680
2019-02-22,655,666
2019-02-23,665,666
2019-02-24,669,670
2019-02-25,651,676
2019-02-26,651,658
2019-02-27,645,653
2019-02-28,647,668
2019-03-01,643,654
2019-03-02,655,655
2019-03-03,654,656
2019-03-04,636,664
2019-03-05,658,661
2019-03-06,651,661
2019-03-07,632,664
2019-03-08,664,667
2019-03-09,679,681
2019-03-10,680,680
2019-03-11,670,691
2019-03-12,647,672
2019-03-13,662,665
2019-03-14,636,676
2019-03-15,638,654
2019-03-16,646,646
2019-03-17,648,648
2019-03-18,636,649
2019-03-19,652,665
2019-03-20,658,670
2019-03-21,660,684
2019-03-22,664,667
2019-03-23,676,676
2019-03-24,677,678
2019-03-25,641,681
2019-03-26,644,651
2019-03-27,647,654
2019-03-28,649,674
2019-03-29,646,664
2019-03-30,651,651
2019-03-31,651,651
2019-04-01,635,654
2019-04-02,622,654
2019-04-03,619,630
2019-04-04,654,674
2019-04-05,653,662
2019-04-06,663,663
2019-04-07,664,664
2019-04-08,658,667
2019-04-09,654,676
2019-04-10,646,654
2019-04-11,628,654
2019-04-12,627,642
2019-04-13,655,655
2019-04-14,655,656
2019-04-15,643,659
2019-04-16,640,654
2019-04-17,651,656
2019-04-18,661,675
2019-04-19,662,670
2019-04-20,676,676
2019-04-21,677,678
2019-04-22,664,682
2019-04-23,658,674
2019-04-24,647,667
2019-04-25,660,678
2019-04-26,654,671
2019-04-27,665,666
2019-04-28,665,667
2019-04-29,662,677
2019-04-30,650,674
2019-05-01,641,654
2019-05-02,658,676
2019-05-03,654,669
2019-05-04,664,664
2019-05-05,665,665
2019-05-06,656,667
2019-05-07,650,668
2019-05-08,641,651
2019-05-09,629,647
2019-05-10,642,655
2019-05-11,647,647
2019-05-12,648,648
2019-05-13,653,659
2019-05-14,646,671
2019-05-15,640,650
2019-05-16,657,680
2019-05-17,655,665
2019-05-18,670,671
2019-05-19,672,672
2019-05-20,664,672
2019-05-21,634,671
2019-05-22,631,640
2019-05-23,624,653
2019-05-24,621,629
2019-05-25,633,633
2019-05-26,640,640
2019-05-27,638,643
2019-05-28,629,644
2019-05-29,639,645
2019-05-30,641,653
2019-05-31,634,648
2019-06-01,659,660
2019-06-02,665,665
2019-06-03,649,667
2019-06-04,658,665
2019-06-05,656,660
2019-06-06,671,691
2019-06-07,655,677
2019-06-08,671,671
2019-06-09,683,683
2019-06-10,672,695
2019-06-11,679,692
2019-06-12,680,689
2019-06-13,679,689
2019-06-14,669,685
2019-06-15,679,679
2019-06-16,682,682
2019-06-17,665,687
2019-06-18,646,677
2019-06-19,669,681
2019-06-20,656,678
2019-06-21,664,676
2019-06-22,671,671
2019-06-23,673,674
2019-06-24,659,678
2019-06-25,650,677
2019-06-26,644,653
2019-06-27,617,661
2019-06-28,618,625
2019-06-29,626,626
2019-06-30,627,627
2019-07-01,623,634
2019-07-02,613,633
2019-07-03,592,623
2019-07-04,603,604
2019-07-05,594,604
2019-07-06,612,614
2019-07-07,619,620
2019-07-08,609,622
2019-07-09,614,625
2019-07-10,612,620
2019-07-11,664,679
2019-07-12,664,679
2019-07-13,671,688
2019-07-14,672,672
2019-07-15,652,676
2019-07-16,648,673
2019-07-17,643,656
2019-07-18,640,654
2019-07-19,644,649
2019-07-20,651,651
2019-07-21,655,655
2019-07-22,640,661
2019-07-23,630,648
2019-07-24,629,634
2019-07-25,637,664
2019-07-26,655,660
2019-07-27,660,661
2019-07-28,660,660
2019-07-29,658,663
2019-07-30,653,676
2019-07-31,650,658
2019-08-01,649,666
2019-08-02,653,658
2019-08-03,675,676
2019-08-04,676,677
2019-08-05,669,683
2019-08-06,654,681
2019-08-07,627,655
2019-08-08,609,630
2019-08-09,625,628
2019-08-10,640,641
2019-08-11,647,647
2019-08-12,650,677
2019-08-13,648,656
2019-08-14,652,656
2019-08-15,647,664
2019-08-16,655,664
2019-08-17,677,677
2019-08-18,680,680
2019-08-19,674,688
2019-08-20,652,688
2019-08-21,643,656
2019-08-22,635,660
2019-08-23,641,652
2019-08-24,651,651
2019-08-25,657,658
2019-08-26,646,657
2019-08-27,651,666
2019-08-28,682,688
2019-08-29,644,682
2019-08-30,379,654
2019-08-31,0,379
2019-09-01,0,0
2019-09-02,0,0
2019-09-03,0,0
2019-09-04,41,41
2019-09-05,76,77
2019-09-06,204,209
2019-09-07,415,415
2019-09-08,560,560
2019-09-09,611,629
2019-09-10,595,626
2019-09-11,598,609
2019-09-12,579,609
2019-09-13,582,590
2019-09-14,594,594
2019-09-15,595,595
2019-09-16,587,601
2019-09-17,578,595
2019-09-18,568,580
2019-09-19,584,610
2019-09-20,587,600
2019-09-21,609,609
2019-09-22,621,621
2019-09-23,628,639
2019-09-24,651,672
2019-09-25,648,654
2019-09-26,631,658
2019-09-27,630,643
2019-09-28,637,638
2019-09-29,640,640
2019-09-30,625,640
2019-10-01,605,642
2019-10-02,608,615
2019-10-03,580,612
2019-10-04,584,592
2019-10-05,590,590
2019-10-06,593,593
2019-10-07,579,602
2019-10-08,564,593
2019-10-09,574,578
2019-10-10,573,598
2019-10-11,564,578
2019-10-12,573,576
2019-10-13,579,580
2019-10-14,580,581
2019-10-15,543,581
2019-10-16,556,562
2019-10-17,557,568
2019-10-18,559,569
2019-10-19,573,573
2019-10-20,576,577
2019-10-21,559,580
2019-10-22,564,581
2019-10-23,561,571
2019-10-24,532,569
2019-10-25,526,535
2019-10-26,533,533
2019-10-27,527,536
2019-10-28,542,547
2019-10-29,529,563
2019-10-30,535,546
2019-10-31,515,535
2019-11-01,530,542
2019-11-02,538,539
2019-11-03,543,544
2019-11-04,538,544
2019-11-05,540,563
2019-11-06,546,554
2019-11-07,534,555
2019-11-08,532,546
2019-11-09,541,541
2019-11-10,546,546
2019-11-11,509,550
2019-11-12,514,519
2019-11-13,514,522
2019-11-14,506,529
2019-11-15,512,523
2019-11-16,520,520
2019-11-17,539,540
2019-11-18,545,557
2019-11-19,531,557
2019-11-20,529,536
2019-11-21,514,547
2019-11-22,508,524
2019-11-23,526,526
2019-11-24,529,529
2019-11-25,515,536
2019-11-26,484,520
2019-11-27,489,497
2019-11-28,492,492
2019-11-29,479,496
2019-11-30,489,489
2019-12-01,490,490
2019-12-02,464,497
2019-12-03,460,474
2019-12-04,460,471
2019-12-05,465,485
2019-12-06,461,474
2019-12-07,470,472
2019-12-08,479,479
2019-12-09,466,487
2019-12-10,467,472
2019-12-11,493,501
2019-12-12,472,497
2019-12-13,479,484
2019-12-14,492,492
2019-12-15,496,496
2019-12-16,467,500
2019-12-17,474,477
2019-12-18,470,480
2019-12-19,461,493
2019-12-20,472,477
2019-12-21,479,479
2019-12-22,480,480
2019-12-23,457,484
2019-12-24,463,463
2019-12-25,465,465
2019-12-26,449,471
2019-12-27,431,455
2019-12-28,441,441
2019-12-29,443,443
2019-12-30,449,457
2019-12-31,451,456
2020-01-01,456,457
2020-01-02,431,457
2020-01-03,439,441
2020-01-04,439,439
2020-01-05,444,444
2020-01-06,438,452
2020-01-07,400,441
2020-01-08,405,407
2020-01-09,402,407
2020-01-10,413,416
2020-01-11,423,423
2020-01-12,427,427
2020-01-13,436,439
2020-01-14,451,456
2020-01-15,465,470
2020-01-16,473,484
2020-01-17,501,502
2020-01-18,517,517
2020-01-19,525,527
2020-01-20,525,532
2020-01-21,504,529
2020-01-22,491,516
2020-01-23,473,492
2020-01-24,475,497
2020-01-25,496,497
2020-01-26,500,501
2020-01-27,496,509
2020-01-28,476,508
2020-01-29,515,523
2020-01-30,501,521
2020-01-31,484,508
2020-02-01,492,492
2020-02-02,504,504
2020-02-03,491,504
2020-02-04,486,521
2020-02-05,498,504
2020-02-06,493,509
2020-02-07,493,499
2020-02-08,515,515
2020-02-09,520,520
2020-02-10,510,521
2020-02-11,498,521
2020-02-12,507,515
2020-02-13,493,516
2020-02-14,497,504
2020-02-15,503,503
2020-02-16,505,505
2020-02-17,501,508
2020-02-18,479,509
2020-02-19,485,494
2020-02-20,489,519
2020-02-21,502,505
2020-02-22,514,515
2020-02-23,515,516
2020-02-24,517,527
2020-02-25,508,518
2020-02-26,510,526
2020-02-27,503,518
2020-02-28,496,513
2020-02-29,513,513
2020-03-01,513,513
2020-03-02,503,516
2020-03-03,486,528
2020-03-04,489,496
2020-03-05,497,525
2020-03-06,500,522
2020-03-07,515,516
2020-03-08,520,520
2020-03-09,515,529
2020-03-10,496,519
2020-03-11,488,498
2020-03-12,463,499
2020-03-13,482,492
2020-03-14,496,496
2020-03-15,503,504
2020-03-16,500,508
2020-03-17,505,523
2020-03-18,539,552
2020-03-19,542,557
2020-03-20,581,588
2020-03-21,583,585
2020-03-22,589,589
2020-03-23,590,592
2020-03-24,610,615
2020-03-25,611,620
2020-03-26,620,654
2020-03-27,614,621
2020-03-28,615,615
2020-03-29,615,615
2020-03-30,593,615
2020-03-31,593,596
2020-04-01,583,593
2020-04-02,543,583
2020-04-03,550,567
2020-04-04,550,550
2020-04-05,550,550
2020-04-06,549,550
2020-04-07,541,550
2020-04-08,536,541
2020-04-09,522,536
2020-04-10,518,522
2020-04-11,518,518
2020-04-12,518,518
2020-04-13,508,518
2020-04-14,488,508
2020-04-15,454,504
2020-04-16,426,459
2020-04-17,425,427
2020-04-18,425,425
2020-04-19,424,425
2020-04-20,423,424
2020-04-21,424,425
2020-04-22,419,424
2020-04-23,391,420
2020-04-24,388,391
2020-04-25,394,394
2020-04-26,394,394
2020-04-27,397,406
2020-04-28,426,429
2020-04-29,448,450
2020-04-30,441,451
2020-05-01,459,463
2020-05-02,455,461
2020-05-03,455,455
2020-05-04,453,456
2020-05-05,450,456
2020-05-06,448,451
2020-05-07,436,455
2020-05-08,423,436
2020-05-09,425,425
2020-05-10,426,426
2020-05-11,414,428
2020-05-12,423,426
2020-05-13,458,458
2020-05-14,449,458
2020-05-15,442,464
2020-05-16,445,445
2020-05-17,447,447
2020-05-18,450,453
2020-05-19,449,450
2020-05-20,453,454
2020-05-21,446,462
2020-05-22,447,449
2020-05-23,448,448
2020-05-24,446,448
2020-05-25,437,446
2020-05-26,437,439
2020-05-27,445,450
2020-05-28,414,450
2020-05-29,419,420
2020-05-30,438,438
2020-05-31,438,438
2020-06-01,437,444
2020-06-02,423,441
2020-06-03,415,425
2020-06-04,398,423
2020-06-05,412,416
2020-06-06,422,424
2020-06-07,424,424
2020-06-08,425,426
2020-06-09,426,428
2020-06-10,427,431
2020-06-11,406,430
2020-06-12,427,429
2020-06-13,427,427
2020-06-14,429,429
2020-06-15,421,429
2020-06-16,432,438
2020-06-17,430,432
2020-06-18,409,439
2020-06-19,397,411
2020-06-20,398,398
2020-06-21,401,401
2020-06-22,364,401
2020-06-23,370,375
2020-06-24,369,372
2020-06-25,352,376
2020-06-26,356,360
2020-06-27,360,360
2020-06-28,360,360
2020-06-29,351,361
2020-06-30,356,356
2020-07-01,334,357
2020-07-02,338,339
2020-07-03,342,347
2020-07-04,344,344
2020-07-05,345,345
2020-07-06,338,350
2020-07-07,304,346
2020-07-08,295,313
2020-07-09,294,298
2020-07-10,327,328
2020-07-11,330,330
2020-07-12,330,332
2020-07-13,332,335
2020-07-14,348,348
2020-07-15,317,351
2020-07-16,316,318
2020-07-17,328,328
2020-07-18,347,347
2020-07-19,346,348
2020-07-20,337,348
2020-07-21,346,346
2020-07-22,330,348
2020-07-23,351,368
2020-07-24,351,354
2020-07-25,356,357
2020-07-26,357,357
2020-07-27,357,358
2020-07-28,347,361
2020-07-29,331,350
2020-07-30,325,333
2020-07-31,343,345
2020-08-01,346,346
2020-08-02,358,358
2020-08-03,360,366
2020-08-04,361,362
2020-08-05,357,376
2020-08-06,360,363
2020-08-07,360,363
2020-08-08,365,365
2020-08-09,367,367
2020-08-10,371,371
2020-08-11,374,376
2020-08-12,374,381
2020-08-13,367,381
2020-08-14,379,381
2020-08-15,386,387
2020-08-16,389,389
2020-08-17,390,394
2020-08-18,382,394
2020-08-19,370,387
2020-08-20,377,379
2020-08-21,372,381
2020-08-22,391,391
2020-08-23,394,394
2020-08-24,392,395
2020-08-25,430,432
2020-08-26,418,439
2020-08-27,421,423
2020-08-28,419,429
2020-08-29,440,440
2020-08-30,449,450
2020-08-31,439,456
2020-09-01,450,456
2020-09-02,432,455
2020-09-03,426,438
2020-09-04,424,430
2020-09-05,418,426
2020-09-06,419,419
2020-09-07,431,431
2020-09-08,436,437
2020-09-09,411,444
2020-09-10,417,424
2020-09-11,420,426
2020-09-12,448,449
2020-09-13,457,460
2020-09-14,461,467
2020-09-15,466,468
2020-09-16,460,484
2020-09-17,456,460
2020-09-18,442,461
2020-09-19,439,446
2020-09-20,429,448
2020-09-21,423,430
2020-09-22,430,431
2020-09-23,413,441
2020-09-24,366,419
2020-09-25,364,369
2020-09-26,341,373
2020-09-27,348,348
2020-09-28,343,349
2020-09-29,366,369
2020-09-30,349,375
2020-10-01,359,363
2020-10-02,360,366
2020-10-03,366,367
2020-10-04,376,377
2020-10-05,376,379
2020-10-06,380,386
2020-10-07,363,386
2020-10-08,364,369
2020-10-09,365,371
2020-10-10,370,370
2020-10-11,371,371
2020-10-12,374,376
2020-10-13,377,382
2020-10-14,354,380
2020-10-15,344,357
2020-10-16,344,347
2020-10-17,357,359
2020-10-18,361,361
2020-10-19,370,373
2020-10-20,385,388
2020-10-21,359,386
2020-10-22,354,373
2020-10-23,346,356
2020-10-24,361,361
2020-10-25,363,363
2020-10-26,363,370
2020-10-27,365,369
2020-10-28,340,370
2020-10-29,345,353
2020-10-30,341,348
2020-10-31,356,356
2020-11-01,356,359
2020-11-02,357,364
2020-11-03,366,366
2020-11-04,353,366
2020-11-05,367,369
2020-11-06,368,373
2020-11-07,368,369
2020-11-08,372,372
2020-11-09,372,372
2020-11-10,374,376
2020-11-11,366,383
2020-11-12,357,370
2020-11-13,363,368
2020-11-14,374,376
2020-11-15,374,374
2020-11-16,377,383
2020-11-17,396,400
2020-11-18,399,419
2020-11-19,395,404
2020-11-20,381,398
2020-11-21,395,395
2020-11-22,400,401
2020-11-23,403,408
2020-11-24,404,408
2020-11-25,387,414
2020-11-26,388,388
2020-11-27,382,399
2020-11-28,385,385
2020-11-29,385,385
2020-11-30,384,391
2020-12-01,389,395
2020-12-02,393,407
2020-12-03,391,401
2020-12-04,385,402
2020-12-05,388,388
2020-12-06,391,391
2020-12-07,396,403
2020-12-08,394,400
2020-12-09,394,404
2020-12-10,405,407
2020-12-11,405,412
2020-12-12,416,416
2020-12-13,425,425
2020-12-14,428,434
2020-12-15,440,441
2020-12-16,439,463
2020-12-17,448,452
2020-12-18,450,463
2020-12-19,454,454
2020-12-20,454,454
2020-12-21,457,459
2020-12-22,454,461
2020-12-23,443,456
2020-12-24,455,456
2020-12-25,456,456
2020-12-26,458,458
2020-12-27,459,459
2020-12-28,451,461
2020-12-29,454,461
2020-12-30,437,457
2020-12-31,449,456
2021-01-01,451,451
2021-01-02,453,453
2021-01-03,465,465
2021-01-04,474,479
2021-01-05,479,483
2021-01-06,467,485
2021-01-07,459,468
2021-01-08,450,461
2021-01-09,448,450
2021-01-10,448,449
2021-01-11,439,449
2021-01-12,427,439
2021-01-13,398,427
2021-01-14,398,399
2021-01-15,377,400
2021-01-16,378,378
2021-01-17,352,378
2021-01-18,351,352
2021-01-19,352,353
2021-01-20,319,354
2021-01-21,316,321
2021-01-22,301,324
2021-01-23,315,315
2021-01-24,313,316
2021-01-25,317,317
2021-01-26,293,318
2021-01-27,294,295
2021-01-28,286,298
2021-01-29,261,292
2021-01-30,261,261
2021-01-31,264,264
2021-02-01,265,265
2021-02-02,263,286
2021-02-03,261,270
2021-02-04,259,263
2021-02-05,241,263
2021-02-06,243,243
2021-02-07,246,246
2021-02-08,236,249
2021-02-09,228,237
2021-02-10,212,237
2021-02-11,217,222
2021-02-12,208,221
2021-02-13,208,209
2021-02-14,207,209
2021-02-15,211,211
2021-02-16,208,214
2021-02-17,200,209
2021-02-18,194,201
2021-02-19,182,197
2021-02-20,184,184
2021-02-21,198,198
2021-02-22,197,200
2021-02-23,198,202
2021-02-24,196,210
2021-02-25,198,201
2021-02-26,198,201
2021-02-27,200,200
2021-02-28,200,200
2021-03-01,201,201
2021-03-02,200,204
2021-03-03,196,206
2021-03-04,193,197
2021-03-05,192,195
2021-03-06,192,194
2021-03-07,195,195
2021-03-08,191,196
2021-03-09,194,194
2021-03-10,192,197
2021-03-11,196,198
2021-03-12,188,199
2021-03-13,191,191
2021-03-14,192,192
2021-03-15,186,193
2021-03-16,179,188
2021-03-17,175,186
2021-03-18,171,178
2021-03-19,169,174
2021-03-20,171,171
2021-03-21,172,172
2021-03-22,171,177
2021-03-23,173,175
2021-03-24,167,176
2021-03-25,161,168
2021-03-26,149,161
2021-03-27,149,149
2021-03-28,167,168
2021-03-29,163,169
2021-03-30,159,167
2021-03-31,149,159
2021-04-01,145,149
2021-04-02,134,147
2021-04-03,135,135
2021-04-04,137,137
2021-04-05,131,139
2021-04-06,128,132
2021-04-07,128,130
2021-04-08,125,131
2021-04-09,125,129
2021-04-10,128,128
2021-04-11,138,138
2021-04-12,144,148
2021-04-13,140,144
2021-04-14,134,145
2021-04-15,133,136
2021-04-16,150,151
2021-04-17,150,150
2021-04-18,149,151
2021-04-19,142,149
2021-04-20,141,144
2021-04-21,134,147
2021-04-22,255,258
2021-04-23,251,257
2021-04-24,254,254
2021-04-25,254,254
2021-04-26,252,254
2021-04-27,248,252
2021-04-28,239,251
2021-04-29,238,241
2021-04-30,242,270
2021-05-01,244,244
2021-05-02,246,252
2021-05-03,245,253
2021-05-04,258,279
2021-05-05,268,286
2021-05-06,275,281
2021-05-07,275,279
2021-05-08,276,277
2021-05-09,283,283
2021-05-10,283,287
2021-05-11,317,319
2021-05-12,315,323
2021-05-13,307,316
2021-05-14,322,326
2021-05-15,321,323
2021-05-16,327,327
2021-05-17,322,332
2021-05-18,343,351
2021-05-19,336,346
2021-05-20,332,346
2021-05-21,345,353
2021-05-22,350,351
2021-05-23,350,351
2021-05-24,343,353
2021-05-25,337,348
2021-05-26,302,343
2021-05-27,308,319
2021-05-28,299,312
2021-05-29,305,305
2021-05-30,304,309
2021-05-31,330,330
2021-06-01,336,345
2021-06-02,335,347
2021-06-03,327,337
2021-06-04,399,404
2021-06-05,402,403
2021-06-06,399,405
2021-06-07,385,400
2021-06-08,373,386
2021-06-09,356,387
2021-06-10,363,376
2021-06-11,402,420
2021-06-12,402,402
2021-06-13,403,403
2021-06-14,392,404
2021-06-15,382,394
2021-06-16,366,385
2021-06-17,358,368
2021-06-18,352,364
2021-06-19,381,381
2021-06-20,383,383
2021-06-21,374,384
2021-06-22,417,431
2021-06-23,405,421
2021-06-24,391,406
2021-06-25,417,434
2021-06-26,423,425
2021-06-27,423,423
2021-06-28,409,424
2021-06-29,395,409
2021-06-30,417,434
2021-07-01,405,418
2021-07-02,399,411
2021-07-03,401,401
2021-07-04,401,401
2021-07-05,400,401
2021-07-06,396,404
2021-07-07,389,402
2021-07-08,375,390
2021-07-09,381,388
2021-07-10,383,383
2021-07-11,346,387
2021-07-12,300,348
2021-07-13,297,300
2021-07-14,311,322
2021-07-15,308,312
2021-07-16,308,311
2021-07-17,322,322
2021-07-18,324,324
2021-07-19,320,324
2021-07-20,362,365
2021-07-21,350,370
2021-07-22,344,354
2021-07-23,337,345
2021-07-24,343,344
2021-07-25,345,345
2021-07-26,334,346
2021-07-27,328,336
2021-07-28,285,330
2021-07-29,286,287
2021-07-30,285,291
2021-07-31,286,286
2021-08-01,285,286
2021-08-02,324,335
2021-08-03,327,355
2021-08-04,306,337
2021-08-05,335,360
2021-08-06,310,338
2021-08-07,314,314
2021-08-08,317,317
2021-08-09,293,318
2021-08-10,272,297
2021-08-11,241,276
2021-08-12,230,256
2021-08-13,216,234
2021-08-14,219,219
2021-08-15,220,220
2021-08-16,292,312
2021-08-17,316,320
2021-08-18,303,322
2021-08-19,336,346
2021-08-20,326,338
2021-08-21,327,327
2021-08-22,328,328
2021-08-23,318,330
2021-08-24,311,324
2021-08-25,300,314
2021-08-26,295,310
2021-08-27,287,301
2021-08-28,311,311
2021-08-29,312,312
2021-08-30,303,315
2021-08-31,294,310
2021-09-01,303,326
2021-09-02,291,307
2021-09-03,281,298
2021-09-04,289,289
2021-09-05,289,289
2021-09-06,293,293
2021-09-07,281,295
2021-09-08,269,286
2021-09-09,293,308
2021-09-10,292,305
2021-09-11,297,297
2021-09-12,300,300
2021-09-13,296,303
2021-09-14,286,297
2021-09-15,290,302
2021-09-16,278,294
2021-09-17,267,278
2021-09-18,268,269
2021-09-19,272,272
2021-09-20,260,273
2021-09-21,286,299
2021-09-22,272,288
2021-09-23,278,279
2021-09-24,263,279
2021-09-25,333,333
2021-09-26,338,338
2021-09-27,335,344
2021-09-28,329,337
2021-09-29,318,341
2021-09-30,373,385
2021-10-01,362,373
2021-10-02,397,397
2021-10-03,397,397
2021-10-04,381,397
2021-10-05,368,386
2021-10-06,355,370
2021-10-07,349,377
2021-10-08,333,352
2021-10-09,333,333
2021-10-10,333,333
2021-10-11,333,333
2021-10-12,344,357
2021-10-13,332,344
2021-10-14,322,333
2021-10-15,341,361
2021-10-16,344,344
2021-10-17,344,344
2021-10-18,360,365
2021-10-19,361,377
2021-10-20,350,364
2021-10-21,341,354
2021-10-22,327,347
2021-10-23,358,358
2021-10-24,309,359
2021-10-25,297,314
2021-10-26,322,338
2021-10-27,313,329
2021-10-28,293,328
2021-10-29,327,359
2021-10-30,344,344
2021-10-31,346,346
2021-11-01,325,346
2021-11-02,333,365
2021-11-03,311,337
2021-11-04,295,314
2021-11-05,286,301
2021-11-06,289,289
2021-11-07,289,289
2021-11-08,286,290
2021-11-09,277,293
2021-11-10,252,283
2021-11-11,203,253
2021-11-12,191,204
2021-11-13,232,232
2021-11-14,235,235
2021-11-15,231,237
2021-11-16,220,231
2021-11-17,212,229
2021-11-18,206,222
2021-11-19,221,233
2021-11-20,295,295
2021-11-21,380,380
2021-11-22,370,385
2021-11-23,350,370
2021-11-24,352,360
2021-11-25,354,354
2021-11-26,353,354
2021-11-27,398,399
2021-11-28,397,398
2021-11-29,378,398
2021-11-30,391,428
2021-12-01,398,422
2021-12-02,391,405
2021-12-03,368,395
2021-12-04,389,389
2021-12-05,389,389
2021-12-06,387,402
2021-12-07,376,396
2021-12-08,361,381
2021-12-09,364,367
2021-12-10,367,379
2021-12-11,367,367
2021-12-12,381,382
2021-12-13,364,385
2021-12-14,351,374
2021-12-15,333,365
2021-12-16,320,341
2021-12-17,305,322
2021-12-18,310,310
2021-12-19,321,321
2021-12-20,318,328
2021-12-21,317,329
2021-12-22,305,320
2021-12-23,309,311
2021-12-24,309,309
2021-12-25,320,320
2021-12-26,326,326
2021-12-27,365,366
2021-12-28,358,369
2021-12-29,422,443
2021-12-30,432,433
2021-12-31,433,433
2022-01-01,434,434
2022-01-02,434,435
2022-01-03,424,434
2022-01-04,399,425
2022-01-05,375,401
2022-01-06,348,375
2022-01-07,330,349
2022-01-08,376,377
2022-01-09,391,391
2022-01-10,368,393
2022-01-11,346,370
2022-01-12,322,357
2022-01-13,318,348
2022-01-14,302,323
2022-01-15,302,302
2022-01-16,302,302
2022-01-17,258,303
2022-01-18,268,294
2022-01-19,256,283
2022-01-20,236,261
2022-01-21,228,250
2022-01-22,250,250
2022-01-23,259,259
2022-01-24,243,266
2022-01-25,225,246
2022-01-26,231,248
2022-01-27,227,231
2022-01-28,269,274
2022-01-29,269,269
2022-01-30,272,272
2022-01-31,256,274
2022-02-01,252,257
2022-02-02,230,266
2022-02-03,269,295
2022-02-04,261,276
2022-02-05,262,262
2022-02-06,263,264
2022-02-07,262,269
2022-02-08,267,277
2022-02-09,261,279
2022-02-10,242,264
2022-02-11,235,251
2022-02-12,238,239
2022-02-13,255,255
2022-02-14,251,255
2022-02-15,255,258
2022-02-16,240,256
2022-02-17,236,243
2022-02-18,228,240
2022-02-19,228,228
2022-02-20,230,230
2022-02-21,230,230
2022-02-22,243,252
2022-02-23,231,244
2022-02-24,237,237
2022-02-25,233,241
2022-02-26,237,237
2022-02-27,237,237
2022-02-28,255,263
2022-03-01,243,263
2022-03-02,254,263
2022-03-03,255,260
2022-03-04,256,262
2022-03-05,260,260
2022-03-06,261,262
2022-03-07,252,263
2022-03-08,356,366
2022-03-09,339,364
2022-03-10,334,342
2022-03-11,333,338
2022-03-12,335,335
2022-03-13,333,335
2022-03-14,342,350
2022-03-15,335,352
2022-03-16,356,371
2022-03-17,352,361
2022-03-18,335,355
2022-03-19,346,347
2022-03-20,345,346
2022-03-21,364,365
2022-03-22,375,376
2022-03-23,367,381
2022-03-24,354,369
2022-03-25,371,375
2022-03-26,373,374
2022-03-27,373,373
2022-03-28,371,374
2022-03-29,378,385
2022-03-30,363,387
2022-03-31,351,368
2022-04-01,360,365
2022-04-02,361,362
2022-04-03,381,382
2022-04-04,393,398
2022-04-05,396,403
2022-04-06,386,402
2022-04-07,390,398
2022-04-08,389,391
2022-04-09,398,398
2022-04-10,397,398
2022-04-11,387,400
2022-04-12,383,392
2022-04-13,362,392
2022-04-14,347,365
2022-04-15,348,356
2022-04-16,350,350
2022-04-17,350,350
2022-04-18,364,366
2022-04-19,362,369
2022-04-20,353,376
2022-04-21,342,357
2022-04-22,340,350
2022-04-23,340,340
2022-04-24,340,340
2022-04-25,340,344
2022-04-26,347,348
2022-04-27,326,358
2022-04-28,328,329
2022-04-29,327,334
2022-04-30,336,336
2022-05-01,356,357
2022-05-02,357,357
2022-05-03,372,376
2022-05-04,377,392
2022-05-05,374,380
2022-05-06,381,386
2022-05-07,389,390
2022-05-08,392,393
2022-05-09,405,408
2022-05-10,414,416
2022-05-11,390,416
2022-05-12,377,391
2022-05-13,383,386
2022-05-14,387,387
2022-05-15,389,390
2022-05-16,396,401
2022-05-17,395,407
2022-05-18,391,420
2022-05-19,372,393
2022-05-20,373,395
2022-05-21,379,379
2022-05-22,386,388
2022-05-23,388,410
2022-05-24,381,401
2022-05-25,371,396
2022-05-26,374,388
2022-05-27,368,381
2022-05-28,370,370
2022-05-29,377,377
2022-05-30,396,396
2022-05-31,393,403
2022-06-01,372,410
2022-06-02,366,373
2022-06-03,407,414
2022-06-04,410,410
2022-06-05,410,411
2022-06-06,405,411
2022-06-07,403,409
2022-06-08,418,427
2022-06-09,412,420
2022-06-10,414,423
2022-06-11,414,415
2022-06-12,414,414
2022-06-13,404,417
2022-06-14,400,410
2022-06-15,387,404
2022-06-16,377,393
2022-06-17,383,395
2022-06-18,384,385
2022-06-19,395,396
2022-06-20,408,409
2022-06-21,393,410
2022-06-22,386,406
2022-06-23,410,412
2022-06-24,410,417
2022-06-25,419,419
2022-06-26,419,419
2022-06-27,419,422
2022-06-28,409,423
2022-06-29,413,436
2022-06-30,393,416
2022-07-01,398,407
2022-07-02,399,399
2022-07-03,399,399
2022-07-04,400,402
2022-07-05,398,407
2022-07-06,370,405
2022-07-07,382,389
2022-07-08,400,407
2022-07-09,402,403
2022-07-10,402,402
2022-07-11,423,425
2022-07-12,436,444
2022-07-13,410,444
2022-07-14,419,421
2022-07-15,421,426
2022-07-16,429,430
2022-07-17,446,446
2022-07-18,449,451
2022-07-19,466,477
2022-07-20,449,472
2022-07-21,454,471
2022-07-22,461,466
2022-07-23,466,466
2022-07-24,470,471
2022-07-25,458,472
2022-07-26,461,472
2022-07-27,436,473
2022-07-28,446,457
2022-07-29,447,452
2022-07-30,449,449
2022-07-31,470,470
2022-08-01,467,479
2022-08-02,479,488
2022-08-03,453,484
2022-08-04,465,490
2022-08-05,485,507
2022-08-06,500,500
2022-08-07,502,502
2022-08-08,499,510
2022-08-09,497,513
2022-08-10,471,506
2022-08-11,464,478
2022-08-12,466,481
2022-08-13,468,469
2022-08-14,468,468
2022-08-15,469,472
2022-08-16,468,472
2022-08-17,466,499
2022-08-18,455,477
2022-08-19,453,477
2022-08-20,455,455
2022-08-21,456,456
2022-08-22,448,459
2022-08-23,457,470
2022-08-24,457,479
2022-08-25,454,465
2022-08-26,448,466
2022-08-27,456,456
2022-08-28,457,457
2022-08-29,452,465
2022-08-30,465,469
2022-08-31,467,511
2022-09-01,466,480
2022-09-02,441,468
2022-09-03,448,448
2022-09-04,453,453
2022-09-05,451,453
2022-09-06,457,464
2022-09-07,447,483
2022-09-08,446,454
2022-09-09,448,453
2022-09-10,475,475
2022-09-11,478,479
2022-09-12,457,481
2022-09-13,473,477
2022-09-14,442,478
2022-09-15,451,464
2022-09-16,462,470
2022-09-17,467,467
2022-09-18,469,469
2022-09-19,476,480
2022-09-20,499,499
2022-09-21,492,517
2022-09-22,487,497
2022-09-23,497,503
2022-09-24,509,509
2022-09-25,509,509
2022-09-26,477,510
2022-09-27,493,493
2022-09-28,491,494
2022-09-29,490,493
2022-09-30,474,493
2022-10-01,491,491
2022-10-02,491,491
2022-10-03,474,491
2022-10-04,487,496
2022-10-05,465,495
2022-10-06,478,490
2022-10-07,472,481
2022-10-08,501,501
2022-10-09,501,502
2022-10-10,501,501
2022-10-11,499,502
2022-10-12,469,510
2022-10-13,447,485
2022-10-14,435,457
2022-10-15,445,445
2022-10-16,451,451
2022-10-17,470,479
2022-10-18,473,475
2022-10-19,491,493
2022-10-20,487,494
2022-10-21,485,492
2022-10-22,477,487
2022-10-23,448,477
2022-10-24,449,455
2022-10-25,463,464
2022-10-26,428,474
2022-10-27,433,440
2022-10-28,459,473
2022-10-29,483,483
2022-10-30,485,485
2022-10-31,476,489
2022-11-01,488,495
2022-11-02,501,519
2022-11-03,505,511
2022-11-04,489,512
2022-11-05,488,490
2022-11-06,493,493
2022-11-07,486,498
2022-11-08,488,497
2022-11-09,447,490
2022-11-10,443,450
2022-11-11,440,451
2022-11-12,440,441
2022-11-13,459,459
2022-11-14,455,463
2022-11-15,467,478
2022-11-16,457,483
2022-11-17,455,467
2022-11-18,467,470
2022-11-19,467,467
2022-11-20,466,467
2022-11-21,467,477
2022-11-22,461,469
2022-11-23,433,472
2022-11-24,432,433
2022-11-25,418,435
2022-11-26,418,418
2022-11-27,444,445
2022-11-28,446,459
2022-11-29,447,457
2022-11-30,448,477
2022-12-01,444,458
2022-12-02,438,452
2022-12-03,472,472
2022-12-04,473,473
2022-12-05,475,476
2022-12-06,474,477
2022-12-07,485,509
2022-12-08,481,494
2022-12-09,487,504
2022-12-10,491,491
2022-12-11,492,492
2022-12-12,499,503
2022-12-13,480,501
2022-12-14,462,481
2022-12-15,452,469
2022-12-16,421,453
2022-12-17,432,434
2022-12-18,432,432
2022-12-19,427,441
2022-12-20,414,429
2022-12-21,408,418
2022-12-22,411,414
2022-12-23,409,423
2022-12-24,410,411
2022-12-25,411,411
2022-12-26,410,411
2022-12-27,409,411
2022-12-28,423,447
2022-12-29,381,430
2022-12-30,380,388
2022-12-31,380,380
2023-01-01,377,381
2023-01-02,378,378
2023-01-03,350,379
2023-01-04,386,386
2023-01-05,400,404
2023-01-06,425,439
2023-01-07,497,498
2023-01-08,497,497
2023-01-09,497,505
2023-01-10,496,501
2023-01-11,499,504
2023-01-12,507,524
2023-01-13,501,515
2023-01-14,508,508
2023-01-15,532,532
2023-01-16,546,546
2023-01-17,546,551
2023-01-18,524,558
2023-01-19,534,537
2023-01-20,419,560
2023-01-21,428,431
2023-01-22,433,433
2023-01-23,435,436
2023-01-24,440,443
2023-01-25,440,450
2023-01-26,354,440
2023-01-27,358,378
2023-01-28,370,377
2023-01-29,376,376
2023-01-30,395,395
2023-01-31,408,412
2023-02-01,400,411
2023-02-02,409,412
2023-02-03,407,431
2023-02-04,426,429
2023-02-05,444,444
2023-02-06,449,449
2023-02-07,456,464
2023-02-08,456,469
2023-02-09,463,485
2023-02-10,499,516
2023-02-11,549,549
2023-02-12,552,552
2023-02-13,548,554
2023-02-14,548,574
2023-02-15,553,558
2023-02-16,455,553
2023-02-17,448,463
2023-02-18,469,469
2023-02-19,473,473
2023-02-20,473,474
2023-02-21,468,475
2023-02-22,454,485
2023-02-23,451,458
2023-02-24,465,480
2023-02-25,471,472
2023-02-26,472,473
2023-02-27,455,486
2023-02-28,454,465
2023-03-01,463,472
2023-03-02,465,488
2023-03-03,474,481
2023-03-04,477,477
2023-03-05,513,513
2023-03-06,516,519
2023-03-07,523,526
2023-03-08,523,542
2023-03-09,527,537
2023-03-10,540,554
2023-03-11,545,546
2023-03-12,558,558
2023-03-13,556,562
2023-03-14,593,594
2023-03-15,567,600
2023-03-16,556,572
2023-03-17,550,569
2023-03-18,555,555
2023-03-19,557,557
2023-03-20,555,563
2023-03-21,545,556
2023-03-22,532,578
2023-03-23,530,543
2023-03-24,543,551
2023-03-25,544,544
2023-03-26,546,546
2023-03-27,548,550
2023-03-28,535,554
2023-03-29,534,547
2023-03-30,525,536
2023-03-31,496,525
2023-04-01,524,524
2023-04-02,527,527
2023-04-03,527,530
2023-04-04,552,564
2023-04-05,558,576
2023-04-06,553,564
2023-04-07,555,561
2023-04-08,564,565
2023-04-09,565,567
2023-04-10,568,573
2023-04-11,567,573
2023-04-12,550,576
2023-04-13,552,559
2023-04-14,559,564
2023-04-15,562,563
2023-04-16,568,568
2023-04-17,572,578
2023-04-18,544,593
2023-04-19,515,549
2023-04-20,511,527
2023-04-21,517,526
2023-04-22,537,537
2023-04-23,537,538
2023-04-24,538,547
2023-04-25,538,546
2023-04-26,514,539
2023-04-27,544,560
2023-04-28,543,554
2023-04-29,578,578
2023-04-30,580,581
2023-05-01,581,586
2023-05-02,584,587
2023-05-03,555,593
2023-05-04,559,564
2023-05-05,562,573
2023-05-06,560,562
2023-05-07,566,566
2023-05-08,567,580
2023-05-09,571,592
2023-05-10,573,584
2023-05-11,576,586
2023-05-12,556,591
2023-05-13,567,568
2023-05-14,571,573
2023-05-15,549,581
2023-05-16,565,573
2023-05-17,524,569
2023-05-18,515,544
2023-05-19,535,554
2023-05-20,541,541
2023-05-21,543,543
2023-05-22,541,545
2023-05-23,543,551
2023-05-24,502,551
2023-05-25,527,530
2023-05-26,513,527
2023-05-27,524,525
2023-05-28,528,528
2023-05-29,543,544
2023-05-30,552,555
2023-05-31,543,565
2023-06-01,556,558
2023-06-02,573,576
2023-06-03,583,583
2023-06-04,570,585
2023-06-05,571,577
2023-06-06,590,592
2023-06-07,560,593
2023-06-08,529,574
2023-06-09,518,540
2023-06-10,539,539
2023-06-11,541,541
2023-06-12,536,548
2023-06-13,531,541
2023-06-14,501,557
2023-06-15,500,511
2023-06-16,470,505
2023-06-17,482,483
2023-06-18,484,484
2023-06-19,491,494
2023-06-20,499,504
2023-06-21,464,505
2023-06-22,467,479
2023-06-23,462,478
2023-06-24,465,466
2023-06-25,470,471
2023-06-26,474,477
2023-06-27,486,489
2023-06-28,480,501
2023-06-29,466,488
2023-06-30,470,477
2023-07-01,485,486
2023-07-02,487,488
2023-07-03,485,492
2023-07-04,495,495
2023-07-05,536,537
2023-07-06,540,546
2023-07-07,533,551
2023-07-08,545,545
2023-07-09,552,553
2023-07-10,553,559
2023-07-11,549,555
2023-07-12,557,577
2023-07-13,559,563
2023-07-14,562,568
2023-07-15,571,571
2023-07-16,572,575
2023-07-17,569,579
2023-07-18,567,570
2023-07-19,547,577
2023-07-20,587,592
2023-07-21,582,595
2023-07-22,594,595
2023-07-23,595,597
2023-07-24,586,600
2023-07-25,585,598
2023-07-26,545,593
2023-07-27,548,561
2023-07-28,552,563
2023-07-29,555,557
2023-07-30,558,559
2023-07-31,562,565
2023-08-01,554,568
2023-08-02,528,558
2023-08-03,551,555
2023-08-04,545,557
2023-08-05,554,556
2023-08-06,552,554
2023-08-07,582,583
2023-08-08,589,593
2023-08-09,552,593
2023-08-10,550,553
2023-08-11,551,561
2023-08-12,553,553
2023-08-13,557,557
2023-08-14,555,560
2023-08-15,564,566
2023-08-16,542,573
2023-08-17,535,551
2023-08-18,544,553
2023-08-19,541,544
2023-08-20,543,543
2023-08-21,547,552
2023-08-22,556,558
2023-08-23,545,578
2023-08-24,536,551
2023-08-25,544,552
2023-08-26,633,633
2023-08-27,634,635
2023-08-28,636,643
2023-08-29,650,660
2023-08-30,615,653
2023-08-31,615,621
2023-09-01,613,620
2023-09-02,658,658
2023-09-03,662,663
2023-09-04,662,663
2023-09-05,662,667
2023-09-06,642,672
2023-09-07,645,657
2023-09-08,647,650
2023-09-09,680,680
2023-09-10,680,681
2023-09-11,676,681
2023-09-12,676,684
2023-09-13,634,686
2023-09-14,623,641
2023-09-15,618,635
2023-09-16,623,624
2023-09-17,623,623
2023-09-18,623,628
2023-09-19,615,624
2023-09-20,603,627
2023-09-21,603,614
2023-09-22,597,610
2023-09-23,605,606
2023-09-24,606,606
2023-09-25,606,615
2023-09-26,606,611
2023-09-27,601,645
2023-09-28,604,616
2023-09-29,646,653
2023-09-30,650,651
2023-10-01,653,654
2023-10-02,646,655
2023-10-03,694,696
2023-10-04,638,703
2023-10-05,635,644
2023-10-06,636,643
2023-10-07,647,648
2023-10-08,652,653
2023-10-09,655,655
2023-10-10,659,666
2023-10-11,615,666
2023-10-12,625,633
2023-10-13,630,638
2023-10-14,634,635
2023-10-15,635,636
2023-10-16,626,639
2023-10-17,618,626
2023-10-18,592,638
2023-10-19,616,618
2023-10-20,619,626
2023-10-21,622,622
2023-10-22,629,630
2023-10-23,623,635
2023-10-24,638,647
2023-10-25,587,641
2023-10-26,564,592
2023-10-27,561,577
2023-10-28,561,561
2023-10-29,563,564
2023-10-30,557,567
2023-10-31,561,568
2023-11-01,513,566
2023-11-02,571,580
2023-11-03,577,582
2023-11-04,579,580
2023-11-05,586,586
2023-11-06,584,590
2023-11-07,554,588
2023-11-08,550,569
2023-11-09,534,557
2023-11-10,547,548
2023-11-11,552,553
2023-11-12,552,553
2023-11-13,558,562
2023-11-14,559,568
2023-11-15,522,555
2023-11-16,561,570
2023-11-17,555,566
2023-11-18,562,562
2023-11-19,562,563
2023-11-20,557,569
2023-11-21,526,565
2023-11-22,519,543
2023-11-23,519,519
2023-11-24,518,520
2023-11-25,518,518
2023-11-26,523,523
2023-11-27,520,523
2023-11-28,527,532
2023-11-29,513,539
2023-11-30,532,552
2023-12-01,537,545
2023-12-02,542,542
2023-12-03,546,546
2023-12-04,550,554
2023-12-05,506,565
2023-12-06,480,516
2023-12-07,490,495
2023-12-08,487,495
2023-12-09,493,493
2023-12-10,498,498
2023-12-11,498,505
2023-12-12,524,530
2023-12-13,494,530
2023-12-14,581,588
2023-12-15,595,600
2023-12-16,598,599
2023-12-17,601,601
2023-12-18,596,605
2023-12-19,568,599
2023-12-20,536,586
2023-12-21,571,576
2023-12-22,579,583
2023-12-23,588,589
2023-12-24,588,588
2023-12-25,588,588
2023-12-26,587,590
2023-12-27,578,595
2023-12-28,569,595
2023-12-29,573,574
2023-12-30,574,574
2023-12-31,581,581
2024-01-01,592,592
2024-01-02,591,595
2024-01-03,613,625
2024-01-04,657,660
2024-01-05,655,659
2024-01-06,661,661
2024-01-07,665,666
2024-01-08,671,672
2024-01-09,625,683
2024-01-10,603,635
2024-01-11,622,627
2024-01-12,622,630
2024-01-13,626,626
2024-01-14,624,626
2024-01-15,618,627
2024-01-16,623,627
2024-01-17,583,625
2024-01-18,612,627
2024-01-19,615,622
2024-01-20,638,638
2024-01-21,640,640
2024-01-22,643,648
2024-01-23,598,655
2024-01-24,581,612
2024-01-25,620,630
2024-01-26,595,636
2024-01-27,614,615
2024-01-28,614,615
2024-01-29,612,619
2024-01-30,612,619
2024-01-31,576,612
2024-02-01,636,639
2024-02-02,638,642
2024-02-03,638,638
2024-02-04,641,642
2024-02-05,640,648
2024-02-06,627,643
2024-02-07,633,663
2024-02-08,593,644
2024-02-09,527,630
2024-02-10,620,622
2024-02-11,624,625
2024-02-12,626,635
2024-02-13,565,634
2024-02-14,541,570
2024-02-15,619,623
2024-02-16,630,638
2024-02-17,642,642
2024-02-18,641,642
2024-02-19,642,643
2024-02-20,602,659
2024-02-21,570,611
2024-02-22,579,595
2024-02-23,573,581
2024-02-24,572,573
2024-02-25,574,574
2024-02-26,561,574
2024-02-27,554,562
2024-02-28,601,635
2024-02-29,664,683
2024-03-01,661,678
2024-03-02,659,662
2024-03-03,659,659
2024-03-04,662,663
2024-03-05,601,668
2024-03-06,581,619
2024-03-07,576,584
2024-03-08,571,581
2024-03-09,573,573
2024-03-10,573,573
2024-03-11,571,573
2024-03-12,578,580
2024-03-13,611,636
2024-03-14,612,619
2024-03-15,608,620
2024-03-16,612,612
2024-03-17,615,615
2024-03-18,582,619
2024-03-19,565,624
2024-03-20,540,579
2024-03-21,535,562
2024-03-22,537,545
2024-03-23,536,538
2024-03-24,536,537
2024-03-25,534,542
2024-03-26,533,538
2024-03-27,530,569
2024-03-28,491,549
2024-03-29,506,519
2024-03-30,508,510
2024-03-31,511,511
2024-04-01,436,513
2024-04-02,413,459
2024-04-03,397,429
2024-04-04,401,406
2024-04-05,430,433
2024-04-06,433,435
2024-04-07,436,437
2024-04-08,448,452
2024-04-09,456,463
2024-04-10,468,470
2024-04-11,462,504
2024-04-12,482,484
2024-04-13,588,594
2024-04-14,588,588
2024-04-15,588,591
2024-04-16,537,593
2024-04-17,533,559
2024-04-18,542,551
2024-04-19,558,568
2024-04-20,565,565
2024-04-21,592,595
2024-04-22,593,598
2024-04-23,606,608
2024-04-24,608,646
2024-04-25,612,625
2024-04-26,621,625
2024-04-27,620,621
2024-04-28,620,620
2024-04-29,617,623
2024-04-30,618,624
2024-05-01,621,674
2024-05-02,618,629
2024-05-03,617,627
2024-05-04,623,623
2024-05-05,628,628
2024-05-06,629,633
2024-05-07,549,634
2024-05-08,574,622
2024-05-09,565,580
2024-05-10,571,576
2024-05-11,615,634
2024-05-12,614,630
2024-05-13,611,618
2024-05-14,570,636
2024-05-15,583,592
2024-05-16,542,593
2024-05-17,538,549
2024-05-18,544,583
2024-05-19,554,555
2024-05-20,557,564
2024-05-21,550,560
2024-05-22,612,621
2024-05-23,580,617
2024-05-24,577,580
2024-05-25,538,581
2024-05-26,538,538
2024-05-27,536,539
2024-05-28,525,538
2024-05-29,535,539
2024-05-30,547,552
2024-05-31,558,564
2024-06-01,577,605
2024-06-02,578,578
2024-06-03,584,588
2024-06-04,525,593
2024-06-05,529,534
2024-06-06,532,538
2024-06-07,535,540
2024-06-08,553,593
2024-06-09,558,558
2024-06-10,565,568
2024-06-11,570,577
2024-06-12,585,597
2024-06-13,595,600
2024-06-14,603,610
2024-06-15,657,685
2024-06-16,670,670
2024-06-17,666,673
2024-06-18,610,690
2024-06-19,624,624
2024-06-20,587,634
2024-06-21,590,595
2024-06-22,579,606
2024-06-23,582,582
2024-06-24,585,592
2024-06-25,586,595
2024-06-26,594,598
2024-06-27,591,599
2024-06-28,591,595
2024-06-29,622,658
2024-06-30,620,622
2024-07-01,625,631
2024-07-02,627,634
2024-07-03,631,637
2024-07-04,639,639
2024-07-05,641,644
2024-07-06,632,642
2024-07-07,632,633
2024-07-08,633,637
2024-07-09,561,642
2024-07-10,570,572
2024-07-11,566,578
2024-07-12,566,576
2024-07-13,610,635
2024-07-14,610,610
2024-07-15,611,614
2024-07-16,560,621
2024-07-17,565,568
2024-07-18,555,591
2024-07-19,561,567
2024-07-20,581,606
2024-07-21,585,587
2024-07-22,588,596
2024-07-23,594,601
2024-07-24,586,604
2024-07-25,568,600
2024-07-26,581,585
2024-07-27,601,623
2024-07-28,601,602
2024-07-29,601,609
2024-07-30,614,621
2024-07-31,615,618
2024-08-01,617,622
2024-08-02,632,639
2024-08-03,647,675
2024-08-04,648,648
2024-08-05,655,656
2024-08-06,605,670
2024-08-07,615,620
2024-08-08,618,623
2024-08-09,625,630
2024-08-10,610,639
2024-08-11,615,615
2024-08-12,602,621
2024-08-13,614,618
2024-08-14,610,617
2024-08-15,603,612
2024-08-16,608,613
2024-08-17,646,682
2024-08-18,646,647
2024-08-19,643,652
2024-08-20,588,680
2024-08-21,596,602
2024-08-22,620,629
2024-08-23,611,626
2024-08-24,608,636
2024-08-25,611,611
2024-08-26,610,614
2024-08-27,603,634
2024-08-28,602,607
2024-08-29,601,607
2024-08-30,609,613
2024-08-31,649,676
2024-09-01,651,651
2024-09-02,650,652
2024-09-03,579,666
2024-09-04,580,586
2024-09-05,578,589
2024-09-06,570,595
2024-09-07,609,634
2024-09-08,615,616
2024-09-09,608,620
2024-09-10,550,619
2024-09-11,560,561
2024-09-12,563,566
2024-09-13,563,568
2024-09-14,631,657
2024-09-15,628,632
2024-09-16,640,649
2024-09-17,560,663
2024-09-18,569,572
2024-09-19,583,588
2024-09-20,594,595
2024-09-21,617,643
2024-09-22,625,625
2024-09-23,622,630
2024-09-24,629,635
2024-09-25,628,633
2024-09-26,569,630
2024-09-27,578,581
2024-09-28,597,641
2024-09-29,598,598
2024-09-30,600,604
2024-10-01,606,609
2024-10-02,616,622
2024-10-03,623,627
2024-10-04,634,635
2024-10-05,611,651
2024-10-06,613,613
2024-10-07,619,627
2024-10-08,614,619
2024-10-09,616,618
2024-10-10,619,619
2024-10-11,629,630
2024-10-12,619,632
2024-10-13,631,632
2024-10-14,636,636
2024-10-15,574,641
2024-10-16,566,586
2024-10-17,566,570
2024-10-18,572,575
2024-10-19,622,637
2024-10-20,638,639
2024-10-21,642,646
2024-10-22,651,651
2024-10-23,650,653
2024-10-24,646,650
2024-10-25,649,652
2024-10-26,648,650
2024-10-27,650,650
2024-10-28,619,652
2024-10-29,603,673
2024-10-30,604,610
2024-10-31,614,627
2024-11-01,637,639
2024-11-02,652,664
2024-11-03,652,653
2024-11-04,654,657
2024-11-05,563,658
2024-11-06,570,576
2024-11-07,573,577
2024-11-08,580,582
2024-11-09,568,600
2024-11-10,570,570
2024-11-11,570,576
2024-11-12,583,587
2024-11-13,588,593
2024-11-14,604,606
2024-11-15,606,609
2024-11-16,637,679
2024-11-17,648,649
2024-11-18,657,662
2024-11-19,605,679
2024-11-20,626,629
2024-11-21,638,648
2024-11-22,642,645
2024-11-23,635,675
2024-11-24,642,642
2024-11-25,646,652
2024-11-26,639,649
2024-11-27,639,644
2024-11-28,640,640
2024-11-29,639,642
2024-11-30,651,703
2024-12-01,653,653
2024-12-02,651,654
2024-12-03,597,698
2024-12-04,613,616
2024-12-05,631,635
2024-12-06,637,643
2024-12-07,605,662
2024-12-08,608,611
2024-12-09,604,612
2024-12-10,609,611
2024-12-11,614,619
2024-12-12,613,619
2024-12-13,617,623
2024-12-14,649,688
2024-12-15,657,658
2024-12-16,662,668
2024-12-17,652,692
2024-12-18,666,676
2024-12-19,651,673
2024-12-20,651,657
2024-12-21,633,681
2024-12-22,659,661
2024-12-23,657,659
2024-12-24,685,686
2024-12-25,684,686
2024-12-26,683,685
2024-12-27,684,686
2024-12-28,671,693
2024-12-29,677,678
2024-12-30,681,686
2024-12-31,681,682
2025-01-01,681,681
2025-01-02,685,691
2025-01-03,688,690
2025-01-04,669,694
2025-01-05,672,672
2025-01-06,676,682
2025-01-07,675,694
2025-01-08,688,696
2025-01-09,687,697
2025-01-10,688,691
2025-01-11,691,723
2025-01-12,684,691
2025-01-13,687,690
2025-01-14,683,689
2025-01-15,682,688
2025-01-16,682,683
2025-01-17,683,686
2025-01-18,674,705
2025-01-19,679,679
2025-01-20,670,681
2025-01-21,686,695
2025-01-22,681,688
2025-01-23,672,700
2025-01-24,667,683
2025-01-25,676,697
2025-01-26,674,677
2025-01-27,680,690
2025-01-28,681,689
2025-01-29,684,685
2025-01-30,667,691
2025-01-31,664,671
2025-02-01,661,691
2025-02-02,673,673
2025-02-03,654,683
2025-02-04,670,706
2025-02-05,678,713
2025-02-06,678,692
2025-02-07,625,678
2025-02-08,595,635
2025-02-09,639,639
2025-02-10,660,682
2025-02-11,674,694
2025-02-12,667,680
2025-02-13,669,685
2025-02-14,660,682
2025-02-15,632,667
2025-02-16,630,632
2025-02-17,643,644
