Date,Midnight population,24-hour population,N,N2
2008-10-01,-1.0,-1.0,731,624
2008-10-02,-1.0,-1.0,662,640
2008-10-03,-1.0,-1.0,657,624
2008-10-04,-1.0,-1.0,624,624
2008-10-05,-1.0,-1.0,625,625
2008-10-06,-1.0,-1.0,711,668
2008-10-07,-1.0,-1.0,715,613
2008-10-08,-1.0,-1.0,675,622
2008-10-09,-1.0,-1.0,682,643
2008-10-10,-1.0,-1.0,711,647
2008-10-11,-1.0,-1.0,647,647
2008-10-12,-1.0,-1.0,649,649
2008-10-13,-1.0,-1.0,653,652
2008-10-14,-1.0,-1.0,708,677
2008-10-15,-1.0,-1.0,746,636
2008-10-16,-1.0,-1.0,739,684
2008-10-17,-1.0,-1.0,752,654
2008-10-18,-1.0,-1.0,657,657
2008-10-19,-1.0,-1.0,657,657
2008-10-20,-1.0,-1.0,722,685
2008-10-21,-1.0,-1.0,753,644
2008-10-22,-1.0,-1.0,753,677
2008-10-23,-1.0,-1.0,765,692
2008-10-24,-1.0,-1.0,779,707
2008-10-25,-1.0,-1.0,719,614
2008-10-26,-1.0,-1.0,614,610
2008-10-27,-1.0,-1.0,674,586
2008-10-28,-1.0,-1.0,653,601
2008-10-29,-1.0,-1.0,712,630
2008-10-30,644.0,696.0,721,616
2008-10-31,643.0,693.0,651,611
2008-11-01,642.0,691.0,611,611
2008-11-02,642.0,690.0,611,611
2008-11-03,642.0,692.0,687,649
2008-11-04,641.0,695.0,714,592
2008-11-05,639.0,695.0,726,594
2008-11-06,640.0,694.0,676,640
2008-11-07,640.0,694.0,673,618
2008-11-08,639.0,692.0,618,618
2008-11-09,638.0,689.0,618,618
2008-11-10,639.0,691.0,727,676
2008-11-11,640.0,693.0,687,686
2008-11-12,640.0,696.0,757,635
2008-11-13,639.0,696.0,720,652
2008-11-14,640.0,696.0,734,672
2008-11-15,636.0,694.0,674,554
2008-11-16,632.0,687.0,555,553
2008-11-17,630.0,686.0,625,581
2008-11-18,630.0,686.0,662,658
2008-11-19,629.0,687.0,738,656
2008-11-20,629.0,686.0,733,646
2008-11-21,628.0,686.0,732,651
2008-11-22,627.0,682.0,651,651
2008-11-23,625.0,677.0,651,651
2008-11-24,626.0,678.0,721,664
2008-11-25,627.0,682.0,740,619
2008-11-26,626.0,682.0,671,565
2008-11-27,625.0,679.0,565,565
2008-11-28,625.0,676.0,642,639
2008-11-29,626.0,674.0,642,642
2008-11-30,627.0,673.0,642,641
2008-12-01,627.0,676.0,674,623
2008-12-02,627.0,678.0,691,590
2008-12-03,624.0,677.0,645,563
2008-12-04,623.0,674.0,644,579
2008-12-05,621.0,671.0,621,532
2008-12-06,618.0,666.0,533,530
2008-12-07,615.0,661.0,530,530
2008-12-08,612.0,660.0,579,553
2008-12-09,611.0,662.0,660,573
2008-12-10,610.0,660.0,666,658
2008-12-11,608.0,661.0,719,625
2008-12-12,608.0,658.0,673,627
2008-12-13,609.0,656.0,670,670
2008-12-14,609.0,654.0,670,668
2008-12-15,612.0,656.0,743,659
2008-12-16,615.0,664.0,778,638
2008-12-17,618.0,666.0,692,687
2008-12-18,622.0,672.0,845,763
2008-12-19,623.0,675.0,825,699
2008-12-20,621.0,674.0,699,581
2008-12-21,619.0,669.0,581,581
2008-12-22,617.0,668.0,627,600
2008-12-23,615.0,669.0,687,587
2008-12-24,613.0,665.0,606,598
2008-12-25,612.0,661.0,598,598
2008-12-26,613.0,658.0,598,598
2008-12-27,615.0,659.0,604,604
2008-12-28,613.0,658.0,604,604
2008-12-29,613.0,659.0,666,628
2008-12-30,612.0,661.0,714,604
2008-12-31,614.0,662.0,697,690
2009-01-01,617.0,662.0,690,690
2009-01-02,619.0,665.0,717,625
2009-01-03,621.0,664.0,626,625
2009-01-04,624.0,664.0,625,625
2009-01-05,624.0,668.0,658,524
2009-01-06,623.0,671.0,627,519
2009-01-07,624.0,672.0,585,582
2009-01-08,625.0,671.0,632,583
2009-01-09,623.0,670.0,637,595
2009-01-10,622.0,666.0,596,596
2009-01-11,621.0,663.0,596,596
2009-01-12,619.0,663.0,668,629
2009-01-13,618.0,665.0,727,630
2009-01-14,616.0,664.0,712,596
2009-01-15,616.0,662.0,713,632
2009-01-16,616.0,664.0,775,694
2009-01-17,610.0,659.0,694,586
2009-01-18,606.0,652.0,586,586
2009-01-19,606.0,648.0,586,586
2009-01-20,606.0,650.0,635,572
2009-01-21,604.0,650.0,650,536
2009-01-22,604.0,649.0,636,603
2009-01-23,607.0,655.0,792,661
2009-01-24,609.0,657.0,661,660
2009-01-25,611.0,659.0,660,660
2009-01-26,612.0,663.0,715,644
2009-01-27,613.0,667.0,739,637
2009-01-28,614.0,667.0,657,652
2009-01-29,616.0,669.0,780,653
2009-01-30,616.0,672.0,786,705
2009-01-31,617.0,673.0,733,731
2009-02-01,621.0,674.0,732,732
2009-02-02,624.0,679.0,780,716
2009-02-03,627.0,686.0,841,719
2009-02-04,633.0,691.0,805,685
2009-02-05,638.0,696.0,777,685
2009-02-06,641.0,704.0,816,682
2009-02-07,645.0,706.0,682,681
2009-02-08,648.0,707.0,682,682
2009-02-09,651.0,711.0,722,687
2009-02-10,655.0,718.0,810,732
2009-02-11,660.0,722.0,787,780
2009-02-12,665.0,726.0,841,765
2009-02-13,671.0,732.0,894,772
2009-02-14,675.0,734.0,772,772
2009-02-15,678.0,734.0,772,772
2009-02-16,684.0,737.0,772,772
2009-02-17,690.0,745.0,821,756
2009-02-18,695.0,753.0,829,746
2009-02-19,701.0,759.0,838,755
2009-02-20,707.0,766.0,837,723
2009-02-21,711.0,769.0,723,723
2009-02-22,713.0,766.0,723,723
2009-02-23,716.0,770.0,780,726
2009-02-24,718.0,776.0,841,729
2009-02-25,721.0,780.0,819,739
2009-02-26,725.0,782.0,815,757
2009-02-27,728.0,788.0,822,735
2009-02-28,728.0,786.0,737,663
2009-03-01,727.0,782.0,664,661
2009-03-02,725.0,782.0,718,687
2009-03-03,724.0,783.0,779,708
2009-03-04,725.0,784.0,802,737
2009-03-05,725.0,783.0,797,726
2009-03-06,727.0,782.0,796,724
2009-03-07,728.0,781.0,725,722
2009-03-08,729.0,777.0,722,722
2009-03-09,730.0,780.0,758,710
2009-03-10,731.0,783.0,782,695
2009-03-11,733.0,785.0,760,758
2009-03-12,734.0,787.0,878,758
2009-03-13,733.0,788.0,826,752
2009-03-14,732.0,785.0,752,752
2009-03-15,732.0,780.0,752,752
2009-03-16,732.0,782.0,809,773
2009-03-17,733.0,786.0,906,797
2009-03-18,732.0,789.0,856,763
2009-03-19,734.0,788.0,802,797
2009-03-20,734.0,790.0,877,761
2009-03-21,732.0,787.0,764,700
2009-03-22,732.0,783.0,700,699
2009-03-23,732.0,784.0,766,721
2009-03-24,733.0,788.0,845,776
2009-03-25,735.0,792.0,888,790
2009-03-26,736.0,792.0,848,754
2009-03-27,737.0,792.0,816,772
2009-03-28,738.0,791.0,772,771
2009-03-29,739.0,789.0,771,771
2009-03-30,742.0,791.0,803,750
2009-03-31,745.0,794.0,757,745
2009-04-01,744.0,797.0,794,676
2009-04-02,744.0,794.0,704,702
2009-04-03,745.0,794.0,807,771
2009-04-04,743.0,794.0,771,661
2009-04-05,741.0,789.0,661,661
2009-04-06,740.0,789.0,723,684
2009-04-07,739.0,789.0,719,706
2009-04-08,740.0,788.0,734,727
2009-04-09,741.0,788.0,778,725
2009-04-10,739.0,788.0,768,708
2009-04-11,738.0,783.0,708,708
2009-04-12,736.0,779.0,708,708
2009-04-13,735.0,779.0,766,724
2009-04-14,735.0,779.0,755,750
2009-04-15,734.0,779.0,807,728
2009-04-16,732.0,774.0,747,737
2009-04-17,731.0,774.0,851,744
2009-04-18,727.0,773.0,780,680
2009-04-19,724.0,766.0,680,680
2009-04-20,723.0,766.0,743,664
2009-04-21,723.0,766.0,704,688
2009-04-22,720.0,765.0,756,652
2009-04-23,717.0,760.0,672,664
2009-04-24,714.0,756.0,772,716
2009-04-25,710.0,752.0,737,628
2009-04-26,705.0,746.0,628,628
2009-04-27,702.0,745.0,733,678
2009-04-28,698.0,743.0,728,642
2009-04-29,695.0,742.0,768,668
2009-04-30,692.0,741.0,726,658
2009-05-01,691.0,736.0,660,651
2009-05-02,690.0,735.0,651,651
2009-05-03,686.0,730.0,651,651
2009-05-04,686.0,728.0,716,657
2009-05-05,684.0,730.0,734,622
2009-05-06,684.0,729.0,702,692
2009-05-07,683.0,732.0,810,666
2009-05-08,680.0,732.0,723,645
2009-05-09,677.0,728.0,645,633
2009-05-10,675.0,723.0,633,633
2009-05-11,673.0,723.0,704,654
2009-05-12,671.0,725.0,757,646
2009-05-13,667.0,723.0,711,611
2009-05-14,663.0,720.0,660,609
2009-05-15,658.0,715.0,656,607
2009-05-16,656.0,712.0,654,654
2009-05-17,653.0,705.0,654,654
2009-05-18,654.0,705.0,768,724
2009-05-19,655.0,708.0,790,700
2009-05-20,656.0,709.0,779,693
2009-05-21,656.0,712.0,767,688
2009-05-22,657.0,711.0,747,692
2009-05-23,658.0,712.0,692,692
2009-05-24,657.0,709.0,697,697
2009-05-25,660.0,708.0,697,697
2009-05-26,662.0,713.0,764,710
2009-05-27,664.0,714.0,786,712
2009-05-28,666.0,716.0,772,710
2009-05-29,668.0,717.0,805,720
2009-05-30,668.0,717.0,722,673
2009-05-31,669.0,718.0,678,678
2009-06-01,672.0,720.0,738,730
2009-06-02,675.0,725.0,788,740
2009-06-03,677.0,727.0,784,731
2009-06-04,680.0,730.0,815,709
2009-06-05,683.0,733.0,803,778
2009-06-06,684.0,732.0,780,691
2009-06-07,685.0,731.0,692,692
2009-06-08,686.0,734.0,736,668
2009-06-09,686.0,738.0,757,630
2009-06-10,688.0,739.0,722,714
2009-06-11,694.0,744.0,909,811
2009-06-12,700.0,747.0,811,810
2009-06-13,707.0,752.0,810,810
2009-06-14,714.0,758.0,810,810
2009-06-15,719.0,763.0,810,810
2009-06-16,724.0,768.0,810,810
2009-06-17,727.0,769.0,810,809
2009-06-18,728.0,770.0,812,736
2009-06-19,731.0,772.0,829,774
2009-06-20,736.0,774.0,826,824
2009-06-21,740.0,776.0,824,823
2009-06-22,743.0,781.0,823,772
2009-06-23,743.0,783.0,772,707
2009-06-24,744.0,784.0,729,725
2009-06-25,745.0,786.0,810,739
2009-06-26,746.0,786.0,782,736
2009-06-27,745.0,784.0,737,684
2009-06-28,741.0,780.0,684,606
2009-06-29,740.0,778.0,660,635
2009-06-30,740.0,779.0,703,696
2009-07-01,741.0,781.0,806,748
2009-07-02,740.0,780.0,751,720
2009-07-03,740.0,778.0,720,720
2009-07-04,740.0,775.0,720,720
2009-07-05,738.0,772.0,720,720
2009-07-06,740.0,771.0,741,727
2009-07-07,741.0,773.0,742,731
2009-07-08,742.0,772.0,733,695
2009-07-09,744.0,772.0,729,684
2009-07-10,742.0,773.0,754,682
2009-07-11,738.0,765.0,682,681
2009-07-12,734.0,761.0,683,683
2009-07-13,729.0,758.0,717,674
2009-07-14,724.0,755.0,725,654
2009-07-15,720.0,751.0,703,697
2009-07-16,718.0,750.0,779,749
2009-07-17,715.0,749.0,761,704
2009-07-18,714.0,745.0,704,704
2009-07-19,711.0,741.0,704,704
2009-07-20,708.0,738.0,742,724
2009-07-21,703.0,735.0,739,655
2009-07-22,702.0,733.0,747,742
2009-07-23,703.0,735.0,840,751
2009-07-24,703.0,738.0,819,737
2009-07-25,703.0,735.0,737,737
2009-07-26,703.0,734.0,737,737
2009-07-27,705.0,735.0,756,720
2009-07-28,708.0,736.0,733,705
2009-07-29,710.0,739.0,734,688
2009-07-30,710.0,739.0,724,695
2009-07-31,708.0,738.0,753,700
2009-08-01,707.0,736.0,700,700
2009-08-02,707.0,735.0,700,700
2009-08-03,707.0,736.0,735,734
2009-08-04,706.0,737.0,746,676
2009-08-05,706.0,737.0,746,740
2009-08-06,705.0,738.0,792,697
2009-08-07,706.0,739.0,753,717
2009-08-08,707.0,739.0,718,718
2009-08-09,708.0,738.0,718,717
2009-08-10,709.0,740.0,745,706
2009-08-11,708.0,741.0,734,652
2009-08-12,709.0,741.0,720,714
2009-08-13,709.0,742.0,733,659
2009-08-14,709.0,742.0,709,701
2009-08-15,708.0,739.0,701,701
2009-08-16,708.0,737.0,701,701
2009-08-17,708.0,737.0,702,700
2009-08-18,706.0,738.0,726,645
2009-08-19,705.0,737.0,713,702
2009-08-20,707.0,737.0,735,731
2009-08-21,708.0,739.0,797,747
2009-08-22,708.0,736.0,751,750
2009-08-23,708.0,733.0,750,750
2009-08-24,707.0,734.0,773,714
2009-08-25,705.0,735.0,757,675
2009-08-26,707.0,736.0,772,767
2009-08-27,708.0,743.0,966,739
2009-08-28,709.0,751.0,952,712
2009-08-29,709.0,750.0,712,711
2009-08-30,710.0,749.0,711,711
2009-08-31,710.0,755.0,889,723
2009-09-01,712.0,757.0,745,737
2009-09-02,710.0,757.0,739,684
2009-09-03,709.0,757.0,748,650
2009-09-04,707.0,757.0,735,678
2009-09-05,706.0,753.0,678,678
2009-09-06,705.0,750.0,680,680
2009-09-07,704.0,749.0,681,681
2009-09-08,702.0,749.0,722,673
2009-09-09,702.0,747.0,690,683
2009-09-10,704.0,748.0,761,713
2009-09-11,702.0,751.0,793,672
2009-09-12,703.0,749.0,672,672
2009-09-13,702.0,748.0,673,667
2009-09-14,701.0,747.0,692,684
2009-09-15,700.0,747.0,703,686
2009-09-16,701.0,749.0,758,721
2009-09-17,702.0,749.0,733,675
2009-09-18,702.0,749.0,703,696
2009-09-19,701.0,748.0,699,699
2009-09-20,699.0,745.0,699,699
2009-09-21,695.0,744.0,719,622
2009-09-22,691.0,740.0,643,639
2009-09-23,691.0,738.0,707,699
2009-09-24,692.0,737.0,722,714
2009-09-25,690.0,736.0,740,687
2009-09-26,688.0,726.0,687,687
2009-09-27,687.0,717.0,689,689
2009-09-28,685.0,717.0,712,638
2009-09-29,683.0,716.0,680,672
2009-09-30,682.0,710.0,699,694
2009-10-01,680.0,710.0,730,680
2009-10-02,680.0,710.0,758,669
2009-10-03,681.0,708.0,672,670
2009-10-04,680.0,706.0,670,670
2009-10-05,679.0,706.0,700,642
2009-10-06,678.0,707.0,711,650
2009-10-07,677.0,707.0,668,660
2009-10-08,678.0,707.0,714,703
2009-10-09,679.0,710.0,784,696
2009-10-10,678.0,708.0,696,696
2009-10-11,679.0,704.0,696,696
2009-10-12,680.0,705.0,696,696
2009-10-13,681.0,707.0,723,694
2009-10-14,681.0,707.0,709,699
2009-10-15,682.0,708.0,726,705
2009-10-16,681.0,708.0,744,684
2009-10-17,681.0,706.0,686,686
2009-10-18,681.0,706.0,686,686
2009-10-19,680.0,706.0,723,669
2009-10-20,679.0,707.0,730,666
2009-10-21,681.0,706.0,691,686
2009-10-22,683.0,710.0,758,699
2009-10-23,682.0,713.0,776,678
2009-10-24,681.0,711.0,678,677
2009-10-25,680.0,709.0,677,677
2009-10-26,679.0,710.0,703,653
2009-10-27,677.0,710.0,705,616
2009-10-28,678.0,710.0,725,671
2009-10-29,679.0,713.0,770,710
2009-10-30,682.0,716.0,784,773
2009-10-31,682.0,718.0,775,668
2009-11-01,681.0,715.0,668,668
2009-11-02,682.0,717.0,735,679
2009-11-03,680.0,719.0,723,625
2009-11-04,683.0,720.0,744,737
2009-11-05,686.0,723.0,796,741
2009-11-06,688.0,728.0,829,720
2009-11-07,689.0,729.0,720,719
2009-11-08,690.0,726.0,719,719
2009-11-09,688.0,728.0,737,642
2009-11-10,686.0,730.0,750,637
2009-11-11,684.0,728.0,637,637
2009-11-12,683.0,728.0,734,673
2009-11-13,681.0,729.0,740,619
2009-11-14,678.0,725.0,619,619
2009-11-15,676.0,721.0,619,619
2009-11-16,676.0,723.0,743,696
2009-11-17,674.0,726.0,758,642
2009-11-18,675.0,725.0,698,692
2009-11-19,677.0,726.0,772,714
2009-11-20,676.0,729.0,781,655
2009-11-21,674.0,726.0,655,655
2009-11-22,674.0,722.0,655,655
2009-11-23,673.0,723.0,715,645
2009-11-24,672.0,726.0,762,658
2009-11-25,672.0,726.0,725,652
2009-11-26,673.0,725.0,652,652
2009-11-27,674.0,724.0,693,687
2009-11-28,673.0,721.0,687,686
2009-11-29,670.0,718.0,686,686
2009-11-30,671.0,715.0,707,690
2009-12-01,669.0,718.0,747,629
2009-12-02,671.0,718.0,726,720
2009-12-03,673.0,720.0,794,686
2009-12-04,671.0,721.0,785,676
2009-12-05,669.0,717.0,676,676
2009-12-06,667.0,712.0,676,676
2009-12-07,666.0,712.0,718,689
2009-12-08,662.0,712.0,720,600
2009-12-09,662.0,710.0,655,646
2009-12-10,665.0,711.0,797,706
2009-12-11,666.0,716.0,776,678
2009-12-12,666.0,714.0,678,678
2009-12-13,668.0,712.0,678,678
2009-12-14,669.0,715.0,702,658
2009-12-15,668.0,717.0,691,566
2009-12-16,667.0,715.0,684,683
2009-12-17,667.0,715.0,747,650
2009-12-18,666.0,716.0,735,646
2009-12-19,664.0,712.0,646,646
2009-12-20,663.0,707.0,646,646
2009-12-21,663.0,708.0,696,638
2009-12-22,660.0,709.0,681,575
2009-12-23,662.0,709.0,692,689
2009-12-24,663.0,706.0,693,688
2009-12-25,664.0,705.0,688,688
2009-12-26,665.0,706.0,688,688
2009-12-27,665.0,706.0,688,688
2009-12-28,667.0,708.0,755,752
2009-12-29,668.0,713.0,832,709
2009-12-30,667.0,715.0,774,666
2009-12-31,669.0,714.0,705,699
2010-01-01,669.0,713.0,699,699
2010-01-02,669.0,710.0,700,700
2010-01-03,670.0,707.0,700,700
2010-01-04,672.0,709.0,732,723
2010-01-05,673.0,711.0,741,730
2010-01-06,676.0,712.0,753,752
2010-01-07,680.0,717.0,860,743
2010-01-08,684.0,722.0,812,755
2010-01-09,686.0,721.0,755,755
2010-01-10,688.0,720.0,755,755
2010-01-11,690.0,724.0,797,740
2010-01-12,692.0,727.0,749,742
2010-01-13,695.0,728.0,760,753
2010-01-14,703.0,735.0,894,783
2010-01-15,705.0,740.0,842,744
2010-01-16,708.0,740.0,745,744
2010-01-17,711.0,741.0,744,744
2010-01-18,714.0,744.0,744,744
2010-01-19,717.0,749.0,802,726
2010-01-20,717.0,752.0,765,634
2010-01-21,723.0,754.0,771,767
2010-01-22,725.0,759.0,836,748
2010-01-23,727.0,761.0,748,746
2010-01-24,729.0,763.0,746,746
2010-01-25,728.0,766.0,774,664
2010-01-26,725.0,767.0,707,574
2010-01-27,721.0,763.0,656,645
2010-01-28,723.0,762.0,787,777
2010-01-29,726.0,763.0,819,740
2010-01-30,727.0,764.0,740,740
2010-01-31,728.0,766.0,740,740
2010-02-01,729.0,768.0,775,730
2010-02-02,730.0,772.0,823,706
2010-02-03,729.0,774.0,794,693
2010-02-04,727.0,776.0,775,692
2010-02-05,726.0,776.0,766,701
2010-02-06,724.0,771.0,701,701
2010-02-07,722.0,767.0,701,699
2010-02-08,720.0,766.0,722,667
2010-02-09,718.0,765.0,731,723
2010-02-10,718.0,763.0,723,723
2010-02-11,717.0,762.0,723,723
2010-02-12,719.0,764.0,827,818
2010-02-13,721.0,762.0,818,818
2010-02-14,723.0,761.0,818,818
2010-02-15,726.0,763.0,818,818
2010-02-16,727.0,766.0,845,792
2010-02-17,728.0,771.0,872,767
2010-02-18,730.0,774.0,901,805
2010-02-19,734.0,777.0,840,743
2010-02-20,733.0,776.0,744,744
2010-02-21,733.0,773.0,745,744
2010-02-22,732.0,774.0,777,715
2010-02-23,728.0,774.0,765,635
2010-02-24,729.0,771.0,672,667
2010-02-25,733.0,773.0,773,711
2010-02-26,738.0,777.0,783,783
2010-02-27,738.0,777.0,783,783
2010-02-28,739.0,776.0,783,783
2010-03-01,739.0,778.0,791,736
2010-03-02,741.0,780.0,798,789
2010-03-03,741.0,782.0,852,733
2010-03-04,741.0,781.0,797,698
2010-03-05,742.0,782.0,812,722
2010-03-06,743.0,780.0,722,722
2010-03-07,743.0,779.0,722,722
2010-03-08,744.0,780.0,750,724
2010-03-09,747.0,783.0,781,776
2010-03-10,749.0,788.0,862,739
2010-03-11,749.0,790.0,818,717
2010-03-12,749.0,793.0,798,731
2010-03-13,749.0,793.0,731,731
2010-03-14,747.0,790.0,731,731
2010-03-15,742.0,788.0,760,692
2010-03-16,740.0,786.0,761,754
2010-03-17,736.0,786.0,825,700
2010-03-18,731.0,783.0,748,633
2010-03-19,732.0,780.0,790,787
2010-03-20,731.0,777.0,787,786
2010-03-21,732.0,775.0,786,786
2010-03-22,733.0,777.0,800,748
2010-03-23,734.0,779.0,800,789
2010-03-24,734.0,781.0,852,722
2010-03-25,739.0,782.0,793,782
2010-03-26,742.0,788.0,842,747
2010-03-27,743.0,787.0,747,747
2010-03-28,742.0,786.0,747,747
2010-03-29,741.0,785.0,766,745
2010-03-30,741.0,786.0,799,787
2010-03-31,743.0,786.0,812,809
2010-04-01,745.0,792.0,955,832
2010-04-02,747.0,792.0,879,797
2010-04-03,750.0,792.0,797,797
2010-04-04,753.0,792.0,797,797
2010-04-05,754.0,795.0,816,770
2010-04-06,757.0,799.0,833,821
2010-04-07,761.0,802.0,837,824
2010-04-08,761.0,805.0,879,771
2010-04-09,761.0,803.0,811,751
2010-04-10,762.0,801.0,751,751
2010-04-11,763.0,799.0,751,751
2010-04-12,763.0,801.0,782,740
2010-04-13,760.0,802.0,770,646
2010-04-14,761.0,801.0,730,722
2010-04-15,760.0,804.0,828,712
2010-04-16,759.0,802.0,772,674
2010-04-17,761.0,800.0,678,678
2010-04-18,757.0,796.0,678,678
2010-04-19,752.0,793.0,701,626
2010-04-20,747.0,788.0,650,643
2010-04-21,746.0,786.0,722,716
2010-04-22,743.0,786.0,792,698
2010-04-23,742.0,784.0,808,701
2010-04-24,739.0,781.0,701,701
2010-04-25,738.0,776.0,703,703
2010-04-26,737.0,777.0,757,722
2010-04-27,734.0,778.0,786,659
2010-04-28,733.0,777.0,722,714
2010-04-29,730.0,777.0,813,693
2010-04-30,724.0,775.0,738,621
2010-05-01,717.0,763.0,621,621
2010-05-02,711.0,755.0,621,621
2010-05-03,703.0,750.0,647,566
2010-05-04,699.0,746.0,681,673
2010-05-05,698.0,744.0,745,735
2010-05-06,697.0,743.0,811,806
2010-05-07,696.0,744.0,876,782
2010-05-08,696.0,741.0,782,782
2010-05-09,697.0,740.0,782,782
2010-05-10,697.0,742.0,798,751
2010-05-11,699.0,744.0,825,818
2010-05-12,701.0,748.0,901,775
2010-05-13,704.0,751.0,850,747
2010-05-14,703.0,754.0,825,698
2010-05-15,703.0,749.0,698,698
2010-05-16,704.0,747.0,698,698
2010-05-17,703.0,749.0,724,657
2010-05-18,704.0,750.0,714,707
2010-05-19,709.0,752.0,782,775
2010-05-20,716.0,759.0,855,847
2010-05-21,719.0,766.0,913,808
2010-05-22,723.0,767.0,827,827
2010-05-23,727.0,767.0,828,827
2010-05-24,732.0,774.0,882,833
2010-05-25,733.0,780.0,896,753
2010-05-26,736.0,783.0,849,803
2010-05-27,744.0,787.0,913,899
2010-05-28,750.0,796.0,992,886
2010-05-29,756.0,799.0,886,884
2010-05-30,765.0,804.0,884,884
2010-05-31,774.0,812.0,884,884
2010-06-01,783.0,823.0,956,899
2010-06-02,795.0,833.0,934,921
2010-06-03,802.0,844.0,1012,879
2010-06-04,806.0,850.0,920,871
2010-06-05,808.0,852.0,871,871
2010-06-06,811.0,852.0,871,871
2010-06-07,814.0,856.0,913,874
2010-06-08,818.0,862.0,953,884
2010-06-09,822.0,866.0,921,879
2010-06-10,825.0,871.0,981,902
2010-06-11,826.0,872.0,939,822
2010-06-12,829.0,871.0,822,822
2010-06-13,833.0,871.0,822,822
2010-06-14,837.0,877.0,854,808
2010-06-15,842.0,883.0,878,872
2010-06-16,851.0,889.0,921,908
2010-06-17,857.0,897.0,954,888
2010-06-18,859.0,903.0,965,847
2010-06-19,859.0,903.0,847,846
2010-06-20,860.0,901.0,846,846
2010-06-21,861.0,903.0,889,856
2010-06-22,859.0,904.0,879,765
2010-06-23,859.0,903.0,834,828
2010-06-24,862.0,904.0,935,847
2010-06-25,864.0,906.0,915,862
2010-06-26,863.0,905.0,862,862
2010-06-27,862.0,900.0,862,862
2010-06-28,861.0,900.0,890,861
2010-06-29,859.0,901.0,896,819
2010-06-30,859.0,900.0,871,862
2010-07-01,857.0,901.0,961,845
2010-07-02,853.0,899.0,882,800
2010-07-03,850.0,892.0,801,801
2010-07-04,848.0,888.0,801,801
2010-07-05,845.0,886.0,801,800
2010-07-06,841.0,884.0,829,737
2010-07-07,838.0,880.0,796,787
2010-07-08,834.0,878.0,900,770
2010-07-09,830.0,875.0,830,762
2010-07-10,826.0,868.0,762,762
2010-07-11,824.0,862.0,762,762
2010-07-12,821.0,862.0,802,728
2010-07-13,816.0,860.0,771,682
2010-07-14,812.0,855.0,718,706
2010-07-15,811.0,854.0,846,836
2010-07-16,810.0,854.0,910,858
2010-07-17,809.0,851.0,858,858
2010-07-18,809.0,847.0,858,858
2010-07-19,808.0,848.0,869,819
2010-07-20,808.0,848.0,838,832
2010-07-21,809.0,848.0,915,911
2010-07-22,814.0,853.0,1021,902
2010-07-23,816.0,858.0,992,898
2010-07-24,818.0,857.0,898,898
2010-07-25,819.0,857.0,898,898
2010-07-26,821.0,859.0,924,913
2010-07-27,821.0,862.0,959,865
2010-07-28,822.0,863.0,908,896
2010-07-29,823.0,865.0,983,851
2010-07-30,823.0,866.0,901,840
2010-07-31,822.0,862.0,840,840
2010-08-01,824.0,861.0,840,840
2010-08-02,824.0,863.0,860,825
2010-08-03,826.0,865.0,852,844
2010-08-04,829.0,869.0,922,905
2010-08-05,835.0,876.0,1034,901
2010-08-06,837.0,880.0,944,851
2010-08-07,840.0,879.0,851,851
2010-08-08,843.0,880.0,851,851
2010-08-09,844.0,883.0,874,811
2010-08-10,843.0,886.0,857,727
2010-08-11,845.0,887.0,806,797
2010-08-12,854.0,892.0,940,929
2010-08-13,860.0,901.0,982,889
2010-08-14,862.0,902.0,889,889
2010-08-15,863.0,902.0,889,889
2010-08-16,861.0,904.0,915,817
2010-08-17,860.0,903.0,847,834
2010-08-18,863.0,904.0,890,883
2010-08-19,864.0,909.0,999,890
2010-08-20,865.0,910.0,921,915
2010-08-21,865.0,906.0,915,915
2010-08-22,866.0,903.0,915,915
2010-08-23,865.0,906.0,962,883
2010-08-24,861.0,906.0,902,767
2010-08-25,854.0,902.0,816,707
2010-08-26,853.0,898.0,843,836
2010-08-27,851.0,899.0,935,848
2010-08-28,851.0,895.0,848,848
2010-08-29,852.0,893.0,848,848
2010-08-30,851.0,894.0,880,812
2010-08-31,850.0,894.0,844,830
2010-09-01,849.0,896.0,902,785
2010-09-02,851.0,898.0,923,906
2010-09-03,850.0,901.0,997,883
2010-09-04,850.0,896.0,883,883
2010-09-05,851.0,894.0,883,883
2010-09-06,852.0,895.0,883,883
2010-09-07,852.0,897.0,921,852
2010-09-08,855.0,898.0,912,897
2010-09-09,861.0,903.0,998,906
2010-09-10,861.0,908.0,952,818
2010-09-11,858.0,904.0,818,818
2010-09-12,855.0,898.0,818,818
2010-09-13,851.0,897.0,863,762
2010-09-14,848.0,895.0,804,792
2010-09-15,849.0,893.0,874,857
2010-09-16,851.0,898.0,995,884
2010-09-17,850.0,900.0,949,859
2010-09-18,849.0,895.0,859,859
2010-09-19,847.0,893.0,860,860
2010-09-20,843.0,892.0,884,796
2010-09-21,841.0,890.0,851,837
2010-09-22,837.0,888.0,895,775
2010-09-23,837.0,886.0,847,765
2010-09-24,838.0,889.0,889,754
2010-09-25,836.0,886.0,754,754
2010-09-26,833.0,880.0,754,754
2010-09-27,829.0,878.0,787,748
2010-09-28,827.0,875.0,774,769
2010-09-29,827.0,874.0,841,833
2010-09-30,827.0,877.0,936,828
2010-10-01,828.0,878.0,926,795
2010-10-02,824.0,873.0,795,795
2010-10-03,821.0,867.0,795,795
2010-10-04,817.0,865.0,827,771
2010-10-05,814.0,862.0,807,797
2010-10-06,814.0,862.0,860,857
2010-10-07,815.0,864.0,981,898
2010-10-08,817.0,866.0,979,965
2010-10-09,819.0,865.0,965,965
2010-10-10,824.0,865.0,965,965
2010-10-11,825.0,870.0,965,845
2010-10-12,825.0,872.0,883,815
2010-10-13,825.0,872.0,872,750
2010-10-14,823.0,874.0,859,732
2010-10-15,820.0,873.0,827,774
2010-10-16,816.0,865.0,774,774
2010-10-17,813.0,860.0,774,774
2010-10-18,809.0,858.0,806,737
2010-10-19,806.0,855.0,789,778
2010-10-20,808.0,854.0,838,832
2010-10-21,808.0,856.0,911,851
2010-10-22,809.0,857.0,927,790
2010-10-23,810.0,855.0,794,794
2010-10-24,811.0,852.0,794,794
2010-10-25,812.0,854.0,828,775
2010-10-26,814.0,857.0,830,821
2010-10-27,819.0,861.0,902,887
2010-10-28,822.0,869.0,1017,882
2010-10-29,823.0,872.0,947,868
2010-10-30,825.0,870.0,868,868
2010-10-31,827.0,868.0,868,868
2010-11-01,828.0,872.0,894,827
2010-11-02,830.0,874.0,869,859
2010-11-03,831.0,878.0,933,797
2010-11-04,835.0,881.0,902,894
2010-11-05,834.0,884.0,957,856
2010-11-06,833.0,880.0,857,857
2010-11-07,830.0,876.0,858,857
2010-11-08,825.0,874.0,900,826
2010-11-09,822.0,871.0,874,866
2010-11-10,822.0,872.0,998,870
2010-11-11,824.0,871.0,870,870
2010-11-12,827.0,874.0,951,840
2010-11-13,831.0,873.0,840,840
2010-11-14,833.0,874.0,840,840
2010-11-15,837.0,878.0,903,880
2010-11-16,840.0,884.0,956,873
2010-11-17,842.0,888.0,938,800
2010-11-18,841.0,891.0,875,736
2010-11-19,837.0,890.0,793,717
2010-11-20,832.0,883.0,717,717
2010-11-21,830.0,876.0,717,717
2010-11-22,828.0,876.0,796,737
2010-11-23,830.0,879.0,883,867
2010-11-24,832.0,883.0,941,837
2010-11-25,833.0,883.0,837,837
2010-11-26,832.0,882.0,861,859
2010-11-27,831.0,877.0,859,859
2010-11-28,831.0,874.0,859,859
2010-11-29,831.0,875.0,908,874
2010-11-30,833.0,877.0,919,910
2010-12-01,834.0,880.0,988,863
2010-12-02,833.0,883.0,964,842
2010-12-03,834.0,883.0,925,832
2010-12-04,832.0,881.0,832,832
2010-12-05,832.0,876.0,832,832
2010-12-06,831.0,878.0,904,844
2010-12-07,832.0,879.0,896,884
2010-12-08,832.0,881.0,957,815
2010-12-09,834.0,884.0,947,933
2010-12-10,836.0,885.0,1030,945
2010-12-11,839.0,887.0,945,945
2010-12-12,842.0,887.0,945,945
2010-12-13,846.0,893.0,1023,962
2010-12-14,848.0,899.0,1011,902
2010-12-15,848.0,902.0,990,862
2010-12-16,845.0,901.0,933,798
2010-12-17,845.0,898.0,863,786
2010-12-18,847.0,895.0,786,786
2010-12-19,849.0,895.0,786,786
2010-12-20,851.0,899.0,839,778
2010-12-21,855.0,904.0,848,827
2010-12-22,856.0,908.0,919,778
2010-12-23,853.0,907.0,856,770
2010-12-24,850.0,901.0,770,770
2010-12-25,848.0,899.0,770,770
2010-12-26,845.0,896.0,770,769
2010-12-27,841.0,893.0,779,728
2010-12-28,837.0,890.0,760,749
2010-12-29,835.0,887.0,819,810
2010-12-30,831.0,886.0,895,781
2010-12-31,828.0,879.0,782,782
2011-01-01,826.0,873.0,782,782
2011-01-02,824.0,868.0,782,782
2011-01-03,822.0,867.0,801,762
2011-01-04,820.0,866.0,786,779
2011-01-05,820.0,864.0,835,827
2011-01-06,820.0,865.0,937,883
2011-01-07,821.0,864.0,946,864
2011-01-08,819.0,862.0,864,864
2011-01-09,816.0,856.0,864,864
2011-01-10,813.0,855.0,911,848
2011-01-11,811.0,853.0,882,877
2011-01-12,809.0,850.0,928,916
2011-01-13,808.0,849.0,982,862
2011-01-14,809.0,848.0,963,881
2011-01-15,811.0,846.0,881,881
2011-01-16,815.0,847.0,881,881
2011-01-17,818.0,850.0,882,882
2011-01-18,819.0,855.0,936,835
2011-01-19,823.0,858.0,917,897
2011-01-20,826.0,862.0,979,897
2011-01-21,830.0,864.0,995,907
2011-01-22,835.0,866.0,907,907
2011-01-23,839.0,871.0,907,907
2011-01-24,845.0,877.0,944,939
2011-01-25,849.0,884.0,993,883
2011-01-26,854.0,888.0,907,899
2011-01-27,861.0,895.0,948,944
2011-01-28,861.0,902.0,1051,821
2011-01-29,862.0,900.0,821,821
2011-01-30,864.0,901.0,821,821
2011-01-31,864.0,904.0,870,800
2011-02-01,866.0,906.0,838,827
2011-02-02,866.0,908.0,855,763
2011-02-03,868.0,910.0,867,852
2011-02-04,874.0,916.0,1014,1000
2011-02-05,874.0,918.0,1000,876
2011-02-06,874.0,916.0,876,876
2011-02-07,875.0,918.0,915,899
2011-02-08,877.0,919.0,910,897
2011-02-09,877.0,921.0,953,861
2011-02-10,878.0,922.0,913,906
2011-02-11,877.0,924.0,989,889
2011-02-12,878.0,921.0,889,888
2011-02-13,878.0,918.0,888,888
2011-02-14,878.0,920.0,924,882
2011-02-15,876.0,922.0,936,829
2011-02-16,874.0,922.0,884,799
2011-02-17,873.0,918.0,835,820
2011-02-18,873.0,918.0,925,899
2011-02-19,873.0,916.0,899,896
2011-02-20,873.0,912.0,896,896
2011-02-21,872.0,912.0,896,895
2011-02-22,870.0,914.0,950,848
2011-02-23,867.0,913.0,918,843
2011-02-24,865.0,911.0,951,822
2011-02-25,863.0,911.0,902,823
2011-02-26,859.0,907.0,823,823
2011-02-27,859.0,899.0,823,823
2011-02-28,862.0,903.0,926,921
2011-03-01,862.0,908.0,969,830
2011-03-02,862.0,910.0,933,795
2011-03-03,866.0,913.0,944,938
2011-03-04,870.0,917.0,953,880
2011-03-05,871.0,917.0,880,880
2011-03-06,867.0,913.0,880,880
2011-03-07,866.0,910.0,920,858
2011-03-08,867.0,911.0,905,896
2011-03-09,866.0,913.0,974,872
2011-03-10,863.0,914.0,941,818
2011-03-11,864.0,914.0,942,877
2011-03-12,863.0,912.0,877,877
2011-03-13,862.0,909.0,877,877
2011-03-14,861.0,910.0,919,851
2011-03-15,861.0,910.0,894,873
2011-03-16,859.0,911.0,959,837
2011-03-17,860.0,912.0,958,853
2011-03-18,860.0,913.0,916,805
2011-03-19,860.0,912.0,805,805
2011-03-20,857.0,908.0,805,805
2011-03-21,854.0,907.0,869,806
2011-03-22,851.0,905.0,843,832
2011-03-23,849.0,906.0,925,821
2011-03-24,848.0,904.0,882,814
2011-03-25,847.0,904.0,917,832
2011-03-26,848.0,900.0,832,832
2011-03-27,848.0,897.0,832,832
2011-03-28,848.0,900.0,903,824
2011-03-29,846.0,902.0,883,768
2011-03-30,843.0,899.0,838,820
2011-03-31,845.0,898.0,939,883
2011-04-01,847.0,899.0,958,859
2011-04-02,844.0,896.0,859,859
2011-04-03,844.0,893.0,859,859
2011-04-04,842.0,894.0,917,835
2011-04-05,841.0,894.0,870,857
2011-04-06,840.0,895.0,965,827
2011-04-07,836.0,895.0,882,758
2011-04-08,832.0,891.0,851,775
2011-04-09,831.0,885.0,775,775
2011-04-10,828.0,879.0,775,775
2011-04-11,825.0,878.0,828,801
2011-04-12,823.0,877.0,839,827
2011-04-13,822.0,878.0,947,801
2011-04-14,820.0,878.0,907,833
2011-04-15,819.0,876.0,886,793
2011-04-16,817.0,870.0,793,792
2011-04-17,816.0,866.0,792,792
2011-04-18,817.0,868.0,865,809
2011-04-19,818.0,869.0,848,838
2011-04-20,821.0,872.0,935,914
2011-04-21,823.0,877.0,1004,896
2011-04-22,826.0,879.0,994,897
2011-04-23,829.0,880.0,897,897
2011-04-24,831.0,879.0,897,897
2011-04-25,834.0,885.0,999,916
2011-04-26,834.0,889.0,960,858
2011-04-27,837.0,889.0,894,886
2011-04-28,840.0,892.0,972,871
2011-04-29,842.0,896.0,965,865
2011-04-30,841.0,893.0,865,865
2011-05-01,841.0,890.0,865,865
2011-05-02,840.0,892.0,900,840
2011-05-03,841.0,892.0,875,861
2011-05-04,841.0,893.0,955,849
2011-05-05,840.0,897.0,969,834
2011-05-06,839.0,894.0,900,801
2011-05-07,841.0,892.0,801,801
2011-05-08,842.0,890.0,801,801
2011-05-09,843.0,893.0,849,802
2011-05-10,841.0,896.0,870,739
2011-05-11,843.0,897.0,863,856
2011-05-12,844.0,901.0,953,844
2011-05-13,846.0,900.0,916,865
2011-05-14,847.0,899.0,877,875
2011-05-15,851.0,899.0,890,890
2011-05-16,853.0,904.0,941,870
2011-05-17,857.0,908.0,909,896
2011-05-18,857.0,911.0,975,812
2011-05-19,856.0,914.0,938,817
2011-05-20,853.0,914.0,931,838
2011-05-21,852.0,909.0,838,838
2011-05-22,850.0,903.0,838,838
2011-05-23,847.0,903.0,879,827
2011-05-24,844.0,902.0,862,804
2011-05-25,843.0,898.0,886,871
2011-05-26,843.0,899.0,994,870
2011-05-27,840.0,901.0,939,808
2011-05-28,838.0,895.0,810,810
2011-05-29,837.0,890.0,811,810
2011-05-30,835.0,888.0,810,810
2011-05-31,833.0,888.0,858,814
2011-06-01,831.0,888.0,914,774
2011-06-02,829.0,890.0,914,808
2011-06-03,829.0,887.0,875,834
2011-06-04,829.0,883.0,834,834
2011-06-05,830.0,880.0,834,834
2011-06-06,831.0,882.0,866,827
2011-06-07,832.0,885.0,866,852
2011-06-08,834.0,888.0,946,853
2011-06-09,837.0,890.0,934,825
2011-06-10,837.0,892.0,911,853
2011-06-11,837.0,888.0,853,853
2011-06-12,837.0,886.0,853,853
2011-06-13,836.0,886.0,881,856
2011-06-14,835.0,886.0,867,847
2011-06-15,834.0,886.0,940,846
2011-06-16,830.0,886.0,919,787
2011-06-17,829.0,882.0,874,790
2011-06-18,828.0,878.0,790,790
2011-06-19,827.0,873.0,790,790
2011-06-20,826.0,873.0,842,797
2011-06-21,826.0,873.0,848,841
2011-06-22,825.0,874.0,909,797
2011-06-23,824.0,875.0,886,790
2011-06-24,822.0,874.0,865,798
2011-06-25,819.0,868.0,798,798
2011-06-26,819.0,863.0,798,792
2011-06-27,818.0,864.0,844,779
2011-06-28,815.0,864.0,808,714
2011-06-29,814.0,864.0,798,791
2011-06-30,813.0,864.0,854,789
2011-07-01,813.0,862.0,863,771
2011-07-02,812.0,857.0,772,772
2011-07-03,810.0,854.0,772,772
2011-07-04,808.0,852.0,772,772
2011-07-05,807.0,852.0,826,803
2011-07-06,804.0,852.0,877,764
2011-07-07,801.0,852.0,867,750
2011-07-08,798.0,849.0,857,774
2011-07-09,797.0,844.0,774,773
2011-07-10,794.0,839.0,773,773
2011-07-11,791.0,837.0,807,766
2011-07-12,789.0,836.0,795,778
2011-07-13,786.0,834.0,847,778
2011-07-14,785.0,834.0,840,806
2011-07-15,785.0,831.0,857,844
2011-07-16,787.0,828.0,845,845
2011-07-17,788.0,827.0,845,845
2011-07-18,789.0,830.0,877,821
2011-07-19,791.0,833.0,860,833
2011-07-20,792.0,833.0,848,842
2011-07-21,792.0,835.0,918,843
2011-07-22,792.0,834.0,888,798
2011-07-23,793.0,831.0,798,798
2011-07-24,793.0,829.0,798,798
2011-07-25,793.0,830.0,812,792
2011-07-26,790.0,831.0,832,720
2011-07-27,792.0,830.0,826,821
2011-07-28,793.0,831.0,843,756
2011-07-29,794.0,833.0,844,813
2011-07-30,794.0,832.0,813,811
2011-07-31,796.0,830.0,811,811
2011-08-01,797.0,832.0,849,809
2011-08-02,798.0,835.0,839,808
2011-08-03,800.0,837.0,849,840
2011-08-04,801.0,841.0,941,820
2011-08-05,803.0,841.0,881,810
2011-08-06,805.0,839.0,810,810
2011-08-07,806.0,838.0,810,810
2011-08-08,803.0,840.0,843,703
2011-08-09,802.0,839.0,746,730
2011-08-10,800.0,838.0,787,697
2011-08-11,799.0,838.0,777,766
2011-08-12,798.0,836.0,782,727
2011-08-13,795.0,832.0,727,727
2011-08-14,791.0,828.0,729,729
2011-08-15,787.0,824.0,752,712
2011-08-16,783.0,821.0,748,737
2011-08-17,782.0,819.0,804,799
2011-08-18,783.0,819.0,862,855
2011-08-19,783.0,820.0,880,834
2011-08-20,782.0,817.0,834,834
2011-08-21,784.0,815.0,834,834
2011-08-22,785.0,817.0,838,833
2011-08-23,784.0,819.0,856,780
2011-08-24,785.0,819.0,809,801
2011-08-25,787.0,820.0,886,790
2011-08-26,784.0,820.0,819,737
2011-08-27,783.0,817.0,737,737
2011-08-28,781.0,813.0,737,737
2011-08-29,779.0,811.0,751,744
2011-08-30,775.0,810.0,775,700
2011-08-31,773.0,806.0,748,743
2011-09-01,773.0,806.0,824,815
2011-09-02,772.0,806.0,851,802
2011-09-03,771.0,801.0,802,800
2011-09-04,771.0,799.0,800,800
2011-09-05,771.0,798.0,805,805
2011-09-06,770.0,799.0,830,789
2011-09-07,771.0,798.0,822,722
2011-09-08,773.0,801.0,810,804
2011-09-09,774.0,802.0,828,739
2011-09-10,774.0,801.0,739,739
2011-09-11,774.0,799.0,740,740
2011-09-12,776.0,801.0,785,780
2011-09-13,775.0,803.0,793,706
2011-09-14,775.0,803.0,747,711
2011-09-15,776.0,804.0,781,776
2011-09-16,774.0,806.0,843,747
2011-09-17,771.0,802.0,749,746
2011-09-18,768.0,797.0,749,749
2011-09-19,764.0,796.0,779,720
2011-09-20,761.0,792.0,741,729
2011-09-21,758.0,790.0,757,750
2011-09-22,759.0,789.0,830,825
2011-09-23,759.0,791.0,875,784
2011-09-24,759.0,788.0,784,784
2011-09-25,760.0,787.0,784,784
2011-09-26,763.0,790.0,828,812
2011-09-27,764.0,793.0,853,760
2011-09-28,765.0,795.0,795,786
2011-09-29,768.0,796.0,807,795
2011-09-30,769.0,800.0,868,771
2011-10-01,768.0,798.0,771,771
2011-10-02,766.0,796.0,771,771
2011-10-03,766.0,796.0,801,775
2011-10-04,762.0,796.0,815,704
2011-10-05,760.0,794.0,745,738
2011-10-06,760.0,793.0,807,793
2011-10-07,762.0,793.0,822,774
2011-10-08,761.0,792.0,774,774
2011-10-09,762.0,790.0,774,774
2011-10-10,763.0,791.0,774,774
2011-10-11,764.0,793.0,793,771
2011-10-12,763.0,794.0,814,750
2011-10-13,766.0,794.0,779,771
2011-10-14,769.0,796.0,815,808
2011-10-15,770.0,797.0,808,808
2011-10-16,772.0,796.0,808,808
2011-10-17,774.0,798.0,829,794
2011-10-18,775.0,801.0,820,804
2011-10-19,779.0,803.0,839,832
2011-10-20,783.0,806.0,842,835
2011-10-21,785.0,811.0,893,822
2011-10-22,785.0,810.0,822,821
2011-10-23,786.0,809.0,821,821
2011-10-24,784.0,810.0,830,731
2011-10-25,783.0,809.0,763,749
2011-10-26,782.0,808.0,793,783
2011-10-27,784.0,807.0,824,813
2011-10-28,784.0,810.0,890,794
2011-10-29,784.0,810.0,795,795
2011-10-30,785.0,808.0,795,795
2011-10-31,785.0,809.0,808,768
2011-11-01,786.0,810.0,805,794
2011-11-02,788.0,812.0,855,841
2011-11-03,792.0,813.0,848,840
2011-11-04,796.0,818.0,909,829
2011-11-05,797.0,819.0,829,829
2011-11-06,799.0,819.0,829,829
2011-11-07,799.0,823.0,872,796
2011-11-08,800.0,824.0,812,799
2011-11-09,800.0,826.0,846,779
2011-11-10,802.0,827.0,830,824
2011-11-11,805.0,828.0,826,825
2011-11-12,806.0,829.0,825,824
2011-11-13,807.0,830.0,824,824
2011-11-14,806.0,831.0,844,790
2011-11-15,806.0,831.0,818,800
2011-11-16,807.0,832.0,841,832
2011-11-17,808.0,832.0,845,834
2011-11-18,808.0,834.0,895,816
2011-11-19,807.0,833.0,816,816
2011-11-20,807.0,831.0,816,816
2011-11-21,805.0,831.0,831,758
2011-11-22,803.0,830.0,783,769
2011-11-23,804.0,830.0,838,752
2011-11-24,804.0,830.0,768,768
2011-11-25,804.0,830.0,769,767
2011-11-26,802.0,828.0,767,767
2011-11-27,801.0,824.0,767,767
2011-11-28,798.0,823.0,779,700
2011-11-29,795.0,820.0,720,707
2011-11-30,793.0,819.0,752,699
2011-12-01,790.0,816.0,717,704
2011-12-02,786.0,813.0,772,727
2011-12-03,782.0,809.0,728,728
2011-12-04,779.0,803.0,728,728
2011-12-05,775.0,800.0,734,707
2011-12-06,772.0,797.0,746,723
2011-12-07,771.0,794.0,782,773
2011-12-08,770.0,793.0,796,787
2011-12-09,774.0,795.0,885,873
2011-12-10,775.0,796.0,873,869
2011-12-11,776.0,798.0,869,868
2011-12-12,773.0,800.0,897,724
2011-12-13,770.0,798.0,753,739
2011-12-14,770.0,796.0,788,772
2011-12-15,769.0,795.0,786,771
2011-12-16,767.0,795.0,839,774
2011-12-17,765.0,792.0,774,774
2011-12-18,763.0,788.0,774,774
2011-12-19,761.0,788.0,797,734
2011-12-20,759.0,786.0,770,755
2011-12-21,758.0,785.0,793,754
2011-12-22,758.0,785.0,778,769
2011-12-23,760.0,784.0,808,802
2011-12-24,761.0,785.0,802,802
2011-12-25,762.0,786.0,802,802
2011-12-26,764.0,787.0,803,803
2011-12-27,765.0,789.0,815,811
2011-12-28,768.0,791.0,848,780
2011-12-29,770.0,794.0,803,789
2011-12-30,774.0,796.0,820,817
2011-12-31,778.0,799.0,817,817
2012-01-01,781.0,801.0,817,817
2012-01-02,784.0,804.0,821,821
2012-01-03,787.0,807.0,830,815
2012-01-04,790.0,811.0,850,800
2012-01-05,793.0,814.0,822,810
2012-01-06,793.0,816.0,851,760
2012-01-07,792.0,815.0,769,769
2012-01-08,789.0,812.0,777,777
2012-01-09,785.0,809.0,801,758
2012-01-10,781.0,806.0,777,745
2012-01-11,782.0,802.0,781,764
2012-01-12,784.0,804.0,805,787
2012-01-13,785.0,806.0,854,797
2012-01-14,786.0,806.0,797,797
2012-01-15,787.0,805.0,797,797
2012-01-16,787.0,806.0,799,799
2012-01-17,789.0,808.0,832,823
2012-01-18,793.0,810.0,872,853
2012-01-19,797.0,814.0,889,879
2012-01-20,801.0,819.0,933,865
2012-01-21,804.0,822.0,865,864
2012-01-22,806.0,824.0,864,864
2012-01-23,805.0,826.0,875,771
2012-01-24,804.0,825.0,779,771
2012-01-25,804.0,826.0,824,808
2012-01-26,804.0,826.0,823,808
2012-01-27,807.0,827.0,864,862
2012-01-28,809.0,829.0,862,862
2012-01-29,811.0,830.0,862,862
2012-01-30,809.0,832.0,870,771
2012-01-31,808.0,832.0,800,781
2012-02-01,805.0,832.0,827,730
2012-02-02,803.0,829.0,756,750
2012-02-03,803.0,828.0,810,803
2012-02-04,803.0,827.0,803,803
2012-02-05,804.0,826.0,803,803
2012-02-06,802.0,827.0,820,693
2012-02-07,799.0,825.0,707,693
2012-02-08,796.0,823.0,730,671
2012-02-09,794.0,820.0,691,683
2012-02-10,790.0,818.0,719,654
2012-02-11,786.0,813.0,654,654
2012-02-12,781.0,806.0,654,654
2012-02-13,775.0,801.0,660,614
2012-02-14,769.0,796.0,635,624
2012-02-15,764.0,791.0,660,644
2012-02-16,758.0,786.0,659,651
2012-02-17,751.0,780.0,695,652
2012-02-18,744.0,772.0,652,652
2012-02-19,737.0,762.0,652,652
2012-02-20,730.0,756.0,661,661
2012-02-21,724.0,750.0,707,697
2012-02-22,720.0,745.0,719,625
2012-02-23,715.0,740.0,636,626
2012-02-24,708.0,735.0,661,617
2012-02-25,702.0,728.0,623,623
2012-02-26,694.0,720.0,623,623
2012-02-27,685.0,713.0,632,595
2012-02-28,677.0,705.0,622,612
2012-02-29,673.0,697.0,650,643
2012-03-01,668.0,693.0,664,653
2012-03-02,666.0,689.0,709,652
2012-03-03,663.0,685.0,652,652
2012-03-04,658.0,680.0,652,652
2012-03-05,650.0,675.0,662,580
2012-03-06,643.0,668.0,594,584
2012-03-07,640.0,662.0,617,610
2012-03-08,637.0,659.0,616,613
2012-03-09,636.0,656.0,650,640
2012-03-10,635.0,654.0,640,640
2012-03-11,634.0,652.0,640,640
2012-03-12,632.0,651.0,647,590
2012-03-13,630.0,650.0,607,598
2012-03-14,631.0,650.0,649,637
2012-03-15,632.0,650.0,647,638
2012-03-16,635.0,652.0,737,730
2012-03-17,637.0,655.0,730,730
2012-03-18,640.0,656.0,730,730
2012-03-19,639.0,659.0,744,627
2012-03-20,638.0,659.0,642,620
2012-03-21,638.0,659.0,672,666
2012-03-22,638.0,659.0,693,686
2012-03-23,640.0,659.0,739,691
2012-03-24,642.0,661.0,699,699
2012-03-25,645.0,663.0,704,704
2012-03-26,647.0,666.0,726,682
2012-03-27,650.0,669.0,705,697
2012-03-28,654.0,673.0,739,734
2012-03-29,659.0,677.0,755,746
2012-03-30,664.0,682.0,807,799
2012-03-31,669.0,687.0,799,799
2012-04-01,674.0,690.0,799,799
2012-04-02,678.0,696.0,833,789
2012-04-03,683.0,701.0,801,785
2012-04-04,691.0,707.0,842,837
2012-04-05,700.0,715.0,844,836
2012-04-06,706.0,724.0,877,804
2012-04-07,713.0,730.0,804,804
2012-04-08,718.0,735.0,804,804
2012-04-09,723.0,741.0,822,788
2012-04-10,728.0,746.0,793,781
2012-04-11,735.0,752.0,822,815
2012-04-12,743.0,760.0,833,822
2012-04-13,749.0,767.0,875,825
2012-04-14,755.0,773.0,825,824
2012-04-15,758.0,776.0,824,824
2012-04-16,761.0,782.0,901,826
2012-04-17,765.0,786.0,858,843
2012-04-18,772.0,791.0,885,839
2012-04-19,780.0,798.0,850,843
2012-04-20,786.0,804.0,859,851
2012-04-21,791.0,809.0,851,851
2012-04-22,797.0,813.0,851,851
2012-04-23,800.0,819.0,868,809
2012-04-24,804.0,823.0,830,810
2012-04-25,810.0,828.0,873,866
2012-04-26,816.0,833.0,873,863
2012-04-27,819.0,838.0,893,846
2012-04-28,823.0,841.0,846,846
2012-04-29,824.0,843.0,847,847
2012-04-30,824.0,845.0,859,793
2012-05-01,824.0,845.0,813,791
2012-05-02,825.0,845.0,841,831
2012-05-03,827.0,847.0,841,830
2012-05-04,827.0,847.0,857,842
2012-05-05,827.0,847.0,842,842
2012-05-06,828.0,846.0,842,839
2012-05-07,829.0,849.0,899,827
2012-05-08,826.0,851.0,844,702
2012-05-09,824.0,849.0,761,749
2012-05-10,824.0,848.0,763,759
2012-05-11,822.0,846.0,791,765
2012-05-12,820.0,844.0,765,765
2012-05-13,818.0,841.0,765,765
2012-05-14,814.0,839.0,780,717
2012-05-15,811.0,836.0,730,723
2012-05-16,808.0,831.0,756,739
2012-05-17,805.0,828.0,763,757
2012-05-18,806.0,828.0,901,865
2012-05-19,807.0,829.0,865,864
2012-05-20,807.0,829.0,864,864
2012-05-21,806.0,830.0,879,823
2012-05-22,803.0,830.0,847,755
2012-05-23,802.0,828.0,797,787
2012-05-24,802.0,827.0,799,793
2012-05-25,799.0,825.0,838,775
2012-05-26,796.0,822.0,775,775
2012-05-27,794.0,818.0,775,775
2012-05-28,791.0,816.0,785,785
2012-05-29,790.0,815.0,805,794
2012-05-30,789.0,813.0,814,768
2012-05-31,788.0,812.0,781,773
2012-06-01,787.0,811.0,804,796
2012-06-02,786.0,809.0,796,796
2012-06-03,784.0,807.0,796,796
2012-06-04,784.0,809.0,897,823
2012-06-05,784.0,809.0,848,834
2012-06-06,785.0,808.0,868,861
2012-06-07,791.0,810.0,881,876
2012-06-08,794.0,815.0,928,863
2012-06-09,798.0,819.0,864,863
2012-06-10,801.0,821.0,863,863
2012-06-11,805.0,828.0,964,873
2012-06-12,808.0,832.0,890,874
2012-06-13,813.0,836.0,920,869
2012-06-14,819.0,842.0,888,879
2012-06-15,823.0,847.0,924,876
2012-06-16,827.0,851.0,876,875
2012-06-17,827.0,850.0,875,875
2012-06-18,825.0,851.0,900,796
2012-06-19,823.0,850.0,816,798
2012-06-20,824.0,849.0,857,847
2012-06-21,827.0,849.0,858,846
2012-06-22,829.0,852.0,868,852
2012-06-23,831.0,854.0,852,851
2012-06-24,833.0,854.0,851,851
2012-06-25,836.0,859.0,918,864
2012-06-26,839.0,862.0,874,848
2012-06-27,841.0,865.0,870,863
2012-06-28,844.0,867.0,871,865
2012-06-29,846.0,870.0,904,823
2012-06-30,847.0,871.0,823,823
2012-07-01,848.0,872.0,823,823
2012-07-02,851.0,876.0,926,889
2012-07-03,851.0,880.0,894,776
2012-07-04,849.0,876.0,786,785
2012-07-05,848.0,875.0,805,798
2012-07-06,845.0,873.0,828,773
2012-07-07,842.0,870.0,773,773
2012-07-08,839.0,864.0,773,773
2012-07-09,834.0,862.0,776,724
2012-07-10,830.0,858.0,742,726
2012-07-11,826.0,851.0,759,751
2012-07-12,821.0,846.0,760,726
2012-07-13,817.0,841.0,756,748
2012-07-14,812.0,836.0,748,748
2012-07-15,808.0,830.0,748,748
2012-07-16,804.0,830.0,872,744
2012-07-17,800.0,827.0,780,766
2012-07-18,800.0,824.0,809,789
2012-07-19,800.0,824.0,801,794
2012-07-20,797.0,823.0,835,783
2012-07-21,795.0,820.0,783,782
2012-07-22,793.0,817.0,782,782
2012-07-23,788.0,816.0,819,712
2012-07-24,784.0,812.0,723,719
2012-07-25,780.0,807.0,755,748
2012-07-26,777.0,803.0,760,756
2012-07-27,775.0,801.0,819,814
2012-07-28,774.0,799.0,814,814
2012-07-29,773.0,796.0,814,814
2012-07-30,770.0,798.0,867,719
2012-07-31,767.0,795.0,734,727
2012-08-01,762.0,789.0,755,746
2012-08-02,761.0,784.0,757,751
2012-08-03,761.0,786.0,831,792
2012-08-04,761.0,786.0,792,792
2012-08-05,762.0,784.0,792,792
2012-08-06,764.0,787.0,859,847
2012-08-07,767.0,790.0,866,857
2012-08-08,769.0,794.0,899,776
2012-08-09,771.0,796.0,796,792
2012-08-10,772.0,798.0,826,779
2012-08-11,774.0,799.0,779,779
2012-08-12,775.0,800.0,779,779
2012-08-13,776.0,805.0,904,783
2012-08-14,777.0,807.0,798,784
2012-08-15,779.0,804.0,805,798
2012-08-16,781.0,806.0,823,816
2012-08-17,780.0,807.0,844,770
2012-08-18,779.0,806.0,773,773
2012-08-19,779.0,804.0,773,773
2012-08-20,776.0,806.0,830,708
2012-08-21,774.0,804.0,729,712
2012-08-22,775.0,801.0,747,742
2012-08-23,776.0,803.0,761,755
2012-08-24,779.0,807.0,885,834
2012-08-25,782.0,810.0,834,834
2012-08-26,782.0,810.0,834,834
2012-08-27,781.0,814.0,938,762
2012-08-28,779.0,813.0,774,763
2012-08-29,780.0,810.0,791,761
2012-08-30,782.0,812.0,774,765
2012-08-31,783.0,816.0,872,789
2012-09-01,784.0,817.0,790,790
2012-09-02,784.0,815.0,790,790
2012-09-03,784.0,815.0,790,790
2012-09-04,784.0,815.0,798,792
2012-09-05,781.0,814.0,825,758
2012-09-06,778.0,811.0,765,755
2012-09-07,780.0,811.0,890,847
2012-09-08,782.0,812.0,847,847
2012-09-09,784.0,813.0,847,847
2012-09-10,786.0,817.0,887,818
2012-09-11,787.0,818.0,826,807
2012-09-12,788.0,815.0,818,813
2012-09-13,788.0,816.0,817,808
2012-09-14,789.0,818.0,865,815
2012-09-15,789.0,818.0,815,815
2012-09-16,790.0,817.0,815,815
2012-09-17,792.0,821.0,902,809
2012-09-18,793.0,822.0,818,805
2012-09-19,796.0,822.0,819,806
2012-09-20,799.0,825.0,812,801
2012-09-21,801.0,828.0,850,800
2012-09-22,802.0,830.0,800,800
2012-09-23,801.0,827.0,800,800
2012-09-24,800.0,828.0,866,783
2012-09-25,798.0,827.0,798,789
2012-09-26,795.0,823.0,817,679
2012-09-27,793.0,820.0,699,691
2012-09-28,790.0,818.0,715,673
2012-09-29,787.0,814.0,675,675
2012-09-30,783.0,808.0,676,676
2012-10-01,779.0,804.0,686,654
2012-10-02,775.0,801.0,678,668
2012-10-03,772.0,798.0,725,718
2012-10-04,770.0,796.0,730,726
2012-10-05,771.0,797.0,840,781
2012-10-06,772.0,797.0,781,781
2012-10-07,769.0,794.0,782,782
2012-10-08,768.0,792.0,801,801
2012-10-09,766.0,791.0,819,797
2012-10-10,763.0,789.0,834,732
2012-10-11,761.0,786.0,739,728
2012-10-12,760.0,787.0,839,789
2012-10-13,759.0,786.0,790,790
2012-10-14,758.0,784.0,790,790
2012-10-15,756.0,783.0,802,751
2012-10-16,754.0,781.0,756,747
2012-10-17,753.0,777.0,774,763
2012-10-18,751.0,776.0,776,771
2012-10-19,752.0,778.0,878,820
2012-10-20,752.0,778.0,820,820
2012-10-21,753.0,777.0,820,820
2012-10-22,752.0,778.0,827,754
2012-10-23,750.0,777.0,767,752
2012-10-24,750.0,774.0,781,774
2012-10-25,750.0,774.0,795,785
2012-10-26,754.0,776.0,881,810
2012-10-27,758.0,780.0,810,810
2012-10-28,763.0,783.0,815,815
2012-10-29,767.0,788.0,818,818
2012-10-30,772.0,792.0,818,818
2012-10-31,775.0,798.0,842,749
2012-11-01,778.0,800.0,762,751
2012-11-02,778.0,801.0,755,720
2012-11-03,778.0,801.0,720,720
2012-11-04,776.0,797.0,720,720
2012-11-05,776.0,798.0,808,785
2012-11-06,776.0,799.0,802,790
2012-11-07,774.0,800.0,847,731
2012-11-08,772.0,798.0,745,742
2012-11-09,775.0,799.0,872,817
2012-11-10,778.0,802.0,817,817
2012-11-11,779.0,801.0,817,817
2012-11-12,780.0,802.0,820,820
2012-11-13,781.0,804.0,841,823
2012-11-14,781.0,806.0,874,754
2012-11-15,782.0,806.0,770,761
2012-11-16,782.0,808.0,814,779
2012-11-17,783.0,808.0,788,788
2012-11-18,782.0,805.0,788,788
2012-11-19,778.0,805.0,805,705
2012-11-20,774.0,801.0,720,701
2012-11-21,773.0,798.0,741,718
2012-11-22,771.0,797.0,718,718
2012-11-23,771.0,797.0,789,750
2012-11-24,770.0,796.0,750,750
2012-11-25,768.0,791.0,750,750
2012-11-26,764.0,792.0,819,715
2012-11-27,761.0,789.0,732,717
2012-11-28,759.0,787.0,753,744
2012-11-29,756.0,784.0,751,745
2012-11-30,757.0,783.0,811,770
2012-12-01,758.0,784.0,770,770
2012-12-02,759.0,784.0,771,771
2012-12-03,759.0,786.0,775,728
2012-12-04,760.0,787.0,747,733
2012-12-05,759.0,786.0,771,760
2012-12-06,758.0,785.0,772,764
2012-12-07,759.0,783.0,799,742
2012-12-08,759.0,783.0,742,742
2012-12-09,756.0,779.0,742,742
2012-12-10,754.0,779.0,831,757
2012-12-11,753.0,778.0,782,771
2012-12-12,752.0,778.0,813,804
2012-12-13,751.0,777.0,813,806
2012-12-14,753.0,775.0,821,814
2012-12-15,755.0,776.0,814,814
2012-12-16,756.0,776.0,816,816
2012-12-17,757.0,780.0,897,801
2012-12-18,758.0,781.0,821,816
2012-12-19,762.0,782.0,842,828
2012-12-20,766.0,786.0,839,831
2012-12-21,768.0,790.0,851,784
2012-12-22,771.0,792.0,784,784
2012-12-23,772.0,792.0,784,784
2012-12-24,771.0,793.0,784,727
2012-12-25,770.0,792.0,727,726
2012-12-26,771.0,790.0,749,743
2012-12-27,772.0,791.0,754,745
2012-12-28,774.0,792.0,792,787
2012-12-29,775.0,793.0,787,787
2012-12-30,775.0,793.0,787,787
2012-12-31,773.0,793.0,794,708
2013-01-01,771.0,791.0,708,708
2013-01-02,772.0,791.0,765,763
2013-01-03,774.0,792.0,772,764
2013-01-04,774.0,794.0,849,785
2013-01-05,775.0,795.0,788,788
2013-01-06,777.0,795.0,788,788
2013-01-07,776.0,796.0,794,715
2013-01-08,775.0,796.0,723,718
2013-01-09,775.0,793.0,761,753
2013-01-10,774.0,793.0,764,755
2013-01-11,773.0,792.0,798,756
2013-01-12,771.0,790.0,756,756
2013-01-13,769.0,788.0,756,756
2013-01-14,762.0,786.0,765,609
2013-01-15,755.0,780.0,622,611
2013-01-16,750.0,771.0,639,633
2013-01-17,744.0,766.0,666,656
2013-01-18,741.0,765.0,793,733
2013-01-19,738.0,761.0,733,733
2013-01-20,736.0,757.0,733,733
2013-01-21,736.0,756.0,758,758
2013-01-22,735.0,756.0,773,767
2013-01-23,735.0,757.0,802,721
2013-01-24,736.0,758.0,761,750
2013-01-25,735.0,759.0,779,718
2013-01-26,734.0,758.0,719,719
2013-01-27,732.0,755.0,721,721
2013-01-28,728.0,753.0,735,675
2013-01-29,724.0,750.0,688,680
2013-01-30,725.0,748.0,725,718
2013-01-31,726.0,749.0,757,750
2013-02-01,729.0,753.0,884,840
2013-02-02,731.0,756.0,840,837
2013-02-03,733.0,755.0,837,837
2013-02-04,731.0,757.0,850,732
2013-02-05,729.0,756.0,741,725
2013-02-06,730.0,755.0,773,761
2013-02-07,732.0,757.0,767,760
2013-02-08,732.0,758.0,815,773
2013-02-09,733.0,759.0,774,773
2013-02-10,734.0,758.0,773,773
2013-02-11,733.0,760.0,835,728
2013-02-12,732.0,760.0,743,721
2013-02-13,736.0,759.0,747,733
2013-02-14,740.0,764.0,748,742
2013-02-15,746.0,770.0,820,816
2013-02-16,751.0,775.0,816,816
2013-02-17,754.0,775.0,816,816
2013-02-18,755.0,780.0,855,753
2013-02-19,756.0,780.0,763,759
2013-02-20,754.0,782.0,794,713
2013-02-21,752.0,780.0,725,714
2013-02-22,753.0,780.0,787,746
2013-02-23,753.0,779.0,746,746
2013-02-24,754.0,778.0,746,746
2013-02-25,751.0,779.0,759,634
2013-02-26,748.0,777.0,647,632
2013-02-27,747.0,774.0,653,647
2013-02-28,746.0,773.0,654,646
2013-03-01,743.0,771.0,668,627
2013-03-02,739.0,767.0,627,627
2013-03-03,732.0,758.0,627,627
2013-03-04,723.0,752.0,642,569
2013-03-05,715.0,744.0,596,587
2013-03-06,710.0,735.0,588,584
2013-03-07,706.0,730.0,611,603
2013-03-08,704.0,729.0,736,711
2013-03-09,702.0,727.0,711,711
2013-03-10,700.0,724.0,711,711
2013-03-11,700.0,725.0,807,747
2013-03-12,699.0,725.0,778,771
2013-03-13,704.0,727.0,887,851
2013-03-14,708.0,731.0,869,863
2013-03-15,713.0,735.0,875,861
2013-03-16,716.0,739.0,861,861
2013-03-17,718.0,741.0,861,861
2013-03-18,721.0,744.0,910,902
2013-03-19,720.0,747.0,907,795
2013-03-20,722.0,745.0,812,803
2013-03-21,723.0,747.0,811,806
2013-03-22,728.0,749.0,859,853
2013-03-23,733.0,753.0,854,854
2013-03-24,736.0,756.0,854,854
2013-03-25,739.0,761.0,911,837
2013-03-26,743.0,764.0,849,842
2013-03-27,750.0,768.0,867,861
2013-03-28,757.0,775.0,865,842
2013-03-29,764.0,782.0,855,847
2013-03-30,770.0,789.0,847,847
2013-03-31,778.0,795.0,848,848
2013-04-01,784.0,802.0,860,803
2013-04-02,790.0,809.0,818,813
2013-04-03,798.0,819.0,938,824
2013-04-04,807.0,827.0,848,837
2013-04-05,811.0,835.0,841,702
2013-04-06,814.0,839.0,712,712
2013-04-07,815.0,838.0,719,719
2013-04-08,813.0,839.0,732,666
2013-04-09,811.0,838.0,676,656
2013-04-10,810.0,836.0,761,708
2013-04-11,808.0,835.0,735,708
2013-04-12,805.0,831.0,767,762
2013-04-13,802.0,827.0,762,762
2013-04-14,798.0,823.0,762,762
2013-04-15,796.0,822.0,832,792
2013-04-16,794.0,820.0,796,789
2013-04-17,791.0,820.0,893,827
2013-04-18,792.0,817.0,831,823
2013-04-19,794.0,819.0,862,857
2013-04-20,795.0,820.0,857,857
2013-04-21,797.0,822.0,893,893
2013-04-22,796.0,827.0,1012,845
2013-04-23,796.0,827.0,857,848
2013-04-24,797.0,826.0,875,858
2013-04-25,797.0,826.0,860,851
2013-04-26,798.0,827.0,894,889
2013-04-27,800.0,828.0,889,889
2013-04-28,801.0,829.0,889,889
2013-04-29,801.0,830.0,891,828
2013-04-30,800.0,830.0,837,828
2013-05-01,802.0,832.0,931,853
2013-05-02,803.0,834.0,867,862
2013-05-03,805.0,833.0,898,891
2013-05-04,807.0,834.0,892,892
2013-05-05,814.0,836.0,892,892
2013-05-06,817.0,842.0,895,828
2013-05-07,821.0,846.0,845,827
2013-05-08,827.0,851.0,865,848
2013-05-09,833.0,857.0,868,828
2013-05-10,838.0,860.0,863,850
2013-05-11,842.0,864.0,850,850
2013-05-12,845.0,867.0,850,850
2013-05-13,846.0,870.0,856,794
2013-05-14,848.0,872.0,808,801
2013-05-15,849.0,873.0,870,841
2013-05-16,850.0,875.0,849,826
2013-05-17,852.0,874.0,870,864
2013-05-18,853.0,875.0,864,864
2013-05-19,853.0,875.0,864,864
2013-05-20,852.0,876.0,871,823
2013-05-21,850.0,873.0,832,823
2013-05-22,850.0,870.0,915,834
2013-05-23,849.0,870.0,847,842
2013-05-24,850.0,870.0,883,869
2013-05-25,850.0,870.0,869,869
2013-05-26,850.0,870.0,869,869
2013-05-27,849.0,869.0,869,869
2013-05-28,849.0,869.0,892,886
2013-05-29,849.0,870.0,918,844
2013-05-30,850.0,870.0,850,836
2013-05-31,850.0,868.0,861,849
2013-06-01,849.0,867.0,849,849
2013-06-02,848.0,866.0,849,849
2013-06-03,845.0,865.0,861,826
2013-06-04,843.0,863.0,843,832
2013-06-05,843.0,863.0,903,816
2013-06-06,843.0,863.0,822,811
2013-06-07,842.0,862.0,854,832
2013-06-08,842.0,861.0,833,833
2013-06-09,842.0,860.0,833,833
2013-06-10,840.0,860.0,838,800
2013-06-11,838.0,858.0,810,802
2013-06-12,839.0,857.0,817,811
2013-06-13,838.0,857.0,813,763
2013-06-14,835.0,854.0,783,774
2013-06-15,834.0,852.0,774,774
2013-06-16,831.0,849.0,774,774
2013-06-17,825.0,846.0,776,696
2013-06-18,820.0,841.0,715,707
2013-06-19,814.0,836.0,722,641
2013-06-20,808.0,830.0,650,638
2013-06-21,802.0,822.0,672,668
2013-06-22,796.0,816.0,668,668
2013-06-23,790.0,808.0,668,668
2013-06-24,782.0,802.0,674,647
2013-06-25,775.0,795.0,658,645
2013-06-26,767.0,788.0,662,627
2013-06-27,758.0,780.0,637,632
2013-06-28,752.0,771.0,658,650
2013-06-29,745.0,764.0,650,649
2013-06-30,739.0,757.0,649,649
2013-07-01,731.0,751.0,659,617
2013-07-02,723.0,744.0,631,615
2013-07-03,716.0,736.0,629,612
2013-07-04,709.0,728.0,612,612
2013-07-05,703.0,719.0,638,632
2013-07-06,697.0,713.0,632,632
2013-07-07,690.0,706.0,632,632
2013-07-08,682.0,699.0,638,588
2013-07-09,674.0,691.0,592,584
2013-07-10,665.0,683.0,596,548
2013-07-11,657.0,675.0,562,551
2013-07-12,649.0,667.0,585,581
2013-07-13,643.0,659.0,581,581
2013-07-14,637.0,652.0,581,581
2013-07-15,633.0,650.0,684,663
2013-07-16,629.0,646.0,674,665
2013-07-17,628.0,643.0,679,670
2013-07-18,627.0,642.0,682,678
2013-07-19,630.0,642.0,720,716
2013-07-20,633.0,644.0,716,716
2013-07-21,634.0,645.0,716,716
2013-07-22,638.0,650.0,805,795
2013-07-23,639.0,654.0,801,692
2013-07-24,642.0,658.0,793,734
2013-07-25,645.0,661.0,748,743
2013-07-26,650.0,665.0,772,760
2013-07-27,654.0,669.0,761,761
2013-07-28,658.0,673.0,761,761
2013-07-29,661.0,677.0,768,747
2013-07-30,664.0,680.0,762,746
2013-07-31,670.0,685.0,808,795
2013-08-01,676.0,692.0,819,782
2013-08-02,683.0,698.0,827,814
2013-08-03,689.0,705.0,814,814
2013-08-04,695.0,711.0,826,814
2013-08-05,700.0,718.0,839,786
2013-08-06,705.0,724.0,800,778
2013-08-07,711.0,730.0,843,766
2013-08-08,717.0,737.0,774,761
2013-08-09,725.0,743.0,802,769
2013-08-10,732.0,750.0,769,769
2013-08-11,738.0,756.0,769,769
2013-08-12,744.0,763.0,784,745
2013-08-13,749.0,769.0,753,743
2013-08-14,752.0,772.0,766,754
2013-08-15,755.0,776.0,800,759
2013-08-16,759.0,780.0,798,785
2013-08-17,763.0,783.0,790,790
2013-08-18,765.0,786.0,790,790
2013-08-19,766.0,789.0,810,754
2013-08-20,768.0,791.0,764,751
2013-08-21,767.0,790.0,803,783
2013-08-22,773.0,794.0,904,857
2013-08-23,777.0,797.0,885,857
2013-08-24,781.0,801.0,857,857
2013-08-25,784.0,803.0,857,857
2013-08-26,785.0,807.0,863,808
2013-08-27,787.0,809.0,818,798
2013-08-28,789.0,811.0,849,825
2013-08-29,792.0,814.0,850,819
2013-08-30,793.0,816.0,861,833
2013-08-31,795.0,817.0,833,833
2013-09-01,795.0,817.0,835,835
2013-09-02,796.0,818.0,835,835
2013-09-03,797.0,818.0,851,838
2013-09-04,797.0,820.0,876,784
2013-09-05,797.0,819.0,795,772
2013-09-06,797.0,818.0,799,783
2013-09-07,798.0,818.0,783,783
2013-09-08,798.0,818.0,783,783
2013-09-09,799.0,820.0,852,785
2013-09-10,798.0,822.0,805,751
2013-09-11,799.0,822.0,785,755
2013-09-12,799.0,824.0,818,760
2013-09-13,799.0,824.0,784,762
2013-09-14,800.0,823.0,762,762
2013-09-15,799.0,822.0,762,762
2013-09-16,796.0,822.0,803,716
2013-09-17,793.0,821.0,736,702
2013-09-18,791.0,818.0,735,689
2013-09-19,789.0,816.0,706,695
2013-09-20,787.0,813.0,716,703
2013-09-21,782.0,807.0,703,703
2013-09-22,776.0,800.0,703,703
2013-09-23,770.0,796.0,713,663
2013-09-24,764.0,790.0,696,684
2013-09-25,759.0,787.0,757,668
2013-09-26,755.0,782.0,680,662
2013-09-27,750.0,777.0,694,687
2013-09-28,746.0,772.0,687,687
2013-09-29,741.0,766.0,687,687
2013-09-30,734.0,761.0,701,633
2013-10-01,727.0,754.0,610,600
2013-10-02,718.0,747.0,619,577
2013-10-03,709.0,738.0,584,578
2013-10-04,703.0,729.0,614,607
2013-10-05,698.0,723.0,607,607
2013-10-06,692.0,716.0,607,606
2013-10-07,685.0,711.0,629,579
2013-10-08,678.0,705.0,592,582
2013-10-09,673.0,699.0,669,616
2013-10-10,669.0,693.0,636,629
2013-10-11,665.0,689.0,655,644
2013-10-12,661.0,683.0,644,644
2013-10-13,657.0,678.0,646,646
2013-10-14,653.0,675.0,646,644
2013-10-15,649.0,671.0,647,638
2013-10-16,649.0,669.0,750,708
2013-10-17,649.0,669.0,727,714
2013-10-18,651.0,669.0,731,725
2013-10-19,652.0,669.0,730,725
2013-10-20,652.0,670.0,725,725
2013-10-21,652.0,671.0,731,702
2013-10-22,652.0,671.0,725,702
2013-10-23,654.0,672.0,736,711
2013-10-24,653.0,673.0,712,666
2013-10-25,654.0,670.0,686,676
2013-10-26,654.0,670.0,676,676
2013-10-27,654.0,670.0,676,676
2013-10-28,652.0,670.0,696,645
2013-10-29,651.0,669.0,655,636
2013-10-30,652.0,670.0,729,689
2013-10-31,655.0,673.0,706,691
2013-11-01,660.0,677.0,747,715
2013-11-02,665.0,682.0,715,715
2013-11-03,668.0,685.0,715,715
2013-11-04,671.0,690.0,748,699
2013-11-05,674.0,693.0,708,700
2013-11-06,679.0,697.0,746,724
2013-11-07,684.0,702.0,756,720
2013-11-08,688.0,706.0,767,726
2013-11-09,691.0,709.0,726,726
2013-11-10,694.0,711.0,726,726
2013-11-11,696.0,714.0,726,726
2013-11-12,699.0,717.0,749,718
2013-11-13,700.0,721.0,757,692
2013-11-14,701.0,723.0,723,649
2013-11-15,699.0,721.0,673,654
2013-11-16,697.0,718.0,654,654
2013-11-17,694.0,716.0,654,654
2013-11-18,690.0,714.0,668,585
2013-11-19,685.0,709.0,593,582
2013-11-20,681.0,705.0,615,593
2013-11-21,680.0,704.0,695,648
2013-11-22,678.0,702.0,677,660
2013-11-23,678.0,701.0,660,660
2013-11-24,677.0,700.0,660,660
2013-11-25,676.0,700.0,695,653
2013-11-26,675.0,700.0,664,643
2013-11-27,675.0,699.0,661,646
2013-11-28,676.0,699.0,646,646
2013-11-29,674.0,696.0,665,652
2013-11-30,673.0,695.0,652,652
2013-12-01,671.0,692.0,652,652
2013-12-02,667.0,690.0,660,603
2013-12-03,664.0,687.0,622,608
2013-12-04,661.0,683.0,627,616
2013-12-05,659.0,682.0,679,633
2013-12-06,656.0,679.0,660,649
2013-12-07,654.0,675.0,649,649
2013-12-08,651.0,671.0,649,649
2013-12-09,648.0,669.0,665,635
2013-12-10,645.0,666.0,638,636
2013-12-11,645.0,667.0,758,720
2013-12-12,645.0,667.0,734,728
2013-12-13,647.0,667.0,753,747
2013-12-14,650.0,668.0,747,747
2013-12-15,654.0,670.0,747,747
2013-12-16,655.0,673.0,757,698
2013-12-17,657.0,675.0,716,713
2013-12-18,662.0,678.0,746,733
2013-12-19,667.0,683.0,738,730
2013-12-20,672.0,688.0,756,749
2013-12-21,675.0,689.0,749,749
2013-12-22,678.0,692.0,749,749
2013-12-23,679.0,695.0,759,679
2013-12-24,680.0,697.0,710,696
2013-12-25,682.0,697.0,696,696
2013-12-26,683.0,699.0,725,692
2013-12-27,685.0,701.0,723,708
2013-12-28,687.0,703.0,708,708
2013-12-29,689.0,704.0,708,708
2013-12-30,691.0,707.0,722,697
2013-12-31,693.0,709.0,711,711
2014-01-01,696.0,710.0,711,711
2014-01-02,704.0,718.0,843,841
2014-01-03,709.0,725.0,850,773
2014-01-04,714.0,728.0,773,773
2014-01-05,718.0,732.0,773,773
2014-01-06,721.0,737.0,806,747
2014-01-07,724.0,741.0,748,735
2014-01-08,728.0,743.0,749,737
2014-01-09,731.0,749.0,804,744
2014-01-10,732.0,749.0,746,732
2014-01-11,732.0,748.0,732,732
2014-01-12,731.0,748.0,732,732
2014-01-13,730.0,748.0,759,722
2014-01-14,729.0,748.0,733,714
2014-01-15,730.0,748.0,754,717
2014-01-16,730.0,748.0,733,724
2014-01-17,731.0,749.0,767,749
2014-01-18,732.0,749.0,749,749
2014-01-19,732.0,749.0,749,749
2014-01-20,732.0,749.0,749,749
2014-01-21,732.0,749.0,757,751
2014-01-22,734.0,749.0,759,752
2014-01-23,735.0,752.0,787,724
2014-01-24,736.0,754.0,747,730
2014-01-25,737.0,754.0,730,730
2014-01-26,738.0,754.0,730,730
2014-01-27,737.0,755.0,747,674
2014-01-28,736.0,754.0,685,671
2014-01-29,735.0,754.0,698,682
2014-01-30,734.0,753.0,701,681
2014-01-31,734.0,753.0,706,691
2014-02-01,729.0,748.0,691,691
2014-02-02,726.0,743.0,691,691
2014-02-03,722.0,740.0,696,660
2014-02-04,718.0,737.0,674,660
2014-02-05,716.0,732.0,667,667
2014-02-06,714.0,731.0,701,675
2014-02-07,710.0,729.0,698,632
2014-02-08,706.0,723.0,632,632
2014-02-09,703.0,720.0,632,632
2014-02-10,698.0,717.0,643,589
2014-02-11,694.0,712.0,606,589
2014-02-12,689.0,707.0,605,594
2014-02-13,685.0,703.0,594,594
2014-02-14,681.0,697.0,594,594
2014-02-15,677.0,693.0,594,591
2014-02-16,672.0,687.0,591,591
2014-02-17,665.0,682.0,604,553
2014-02-18,659.0,676.0,571,556
2014-02-19,652.0,670.0,567,562
2014-02-20,646.0,664.0,579,570
2014-02-21,641.0,659.0,606,588
2014-02-22,636.0,653.0,606,589
2014-02-23,632.0,648.0,589,589
2014-02-24,626.0,643.0,596,565
2014-02-25,621.0,638.0,581,572
2014-02-26,617.0,633.0,591,548
2014-02-27,613.0,629.0,561,548
2014-02-28,608.0,625.0,577,560
2014-03-01,604.0,620.0,560,560
2014-03-02,600.0,615.0,560,560
2014-03-03,596.0,611.0,560,558
2014-03-04,591.0,607.0,571,562
2014-03-05,588.0,603.0,577,567
2014-03-06,584.0,600.0,572,522
2014-03-07,579.0,595.0,545,539
2014-03-08,575.0,590.0,540,540
2014-03-09,572.0,585.0,540,540
2014-03-10,570.0,584.0,606,581
2014-03-11,568.0,582.0,587,579
2014-03-12,568.0,581.0,590,582
2014-03-13,568.0,580.0,593,587
2014-03-14,568.0,580.0,610,598
2014-03-15,568.0,581.0,598,598
2014-03-16,568.0,581.0,599,599
2014-03-17,569.0,583.0,665,615
2014-03-18,570.0,584.0,618,613
2014-03-19,573.0,585.0,634,629
2014-03-20,575.0,588.0,651,644
2014-03-21,579.0,591.0,673,657
2014-03-22,582.0,594.0,657,657
2014-03-23,584.0,595.0,657,657
2014-03-24,583.0,597.0,664,554
2014-03-25,582.0,597.0,570,556
2014-03-26,581.0,596.0,577,562
2014-03-27,581.0,596.0,587,571
2014-03-28,583.0,596.0,588,581
2014-03-29,584.0,597.0,581,581
2014-03-30,584.0,597.0,581,581
2014-03-31,586.0,600.0,663,619
2014-04-01,588.0,603.0,636,617
2014-04-02,591.0,606.0,643,630
2014-04-03,593.0,608.0,648,634
2014-04-04,596.0,611.0,659,645
2014-04-05,600.0,614.0,646,646
2014-04-06,603.0,617.0,648,648
2014-04-07,609.0,624.0,742,700
2014-04-08,614.0,629.0,713,709
2014-04-09,619.0,634.0,727,718
2014-04-10,623.0,639.0,743,689
2014-04-11,627.0,643.0,707,701
2014-04-12,630.0,646.0,701,701
2014-04-13,634.0,649.0,701,701
2014-04-14,639.0,656.0,787,758
2014-04-15,644.0,661.0,768,755
2014-04-16,649.0,665.0,772,764
2014-04-17,652.0,670.0,777,706
2014-04-18,655.0,673.0,733,715
2014-04-19,658.0,675.0,715,715
2014-04-20,660.0,677.0,715,715
2014-04-21,660.0,679.0,734,684
2014-04-22,661.0,681.0,701,682
2014-04-23,665.0,682.0,696,676
2014-04-24,669.0,686.0,683,677
2014-04-25,676.0,692.0,761,750
2014-04-26,682.0,697.0,750,750
2014-04-27,687.0,703.0,750,750
2014-04-28,691.0,709.0,761,687
2014-04-29,694.0,713.0,701,682
2014-04-30,697.0,714.0,716,700
2014-05-01,698.0,717.0,717,653
2014-05-02,699.0,718.0,667,657
2014-05-03,700.0,718.0,657,657
2014-05-04,703.0,721.0,755,755
2014-05-05,705.0,725.0,762,708
2014-05-06,707.0,728.0,722,707
2014-05-07,708.0,727.0,724,720
2014-05-08,709.0,728.0,742,725
2014-05-09,709.0,729.0,741,721
2014-05-10,710.0,728.0,733,721
2014-05-11,710.0,729.0,724,723
2014-05-12,711.0,730.0,747,715
2014-05-13,712.0,732.0,741,728
2014-05-14,712.0,731.0,766,756
2014-05-15,712.0,731.0,776,753
2014-05-16,711.0,731.0,773,749
2014-05-17,713.0,730.0,749,749
2014-05-18,716.0,735.0,864,806
2014-05-19,717.0,738.0,822,766
2014-05-20,719.0,740.0,776,766
2014-05-21,722.0,743.0,813,773
2014-05-22,726.0,747.0,810,788
2014-05-23,729.0,750.0,790,780
2014-05-24,732.0,753.0,780,780
2014-05-25,734.0,754.0,780,780
2014-05-26,734.0,755.0,782,780
2014-05-27,735.0,756.0,801,762
2014-05-28,738.0,757.0,782,766
2014-05-29,739.0,760.0,780,732
2014-05-30,741.0,762.0,782,761
2014-05-31,745.0,763.0,761,761
2014-06-01,751.0,769.0,835,835
2014-06-02,755.0,775.0,851,796
2014-06-03,757.0,777.0,809,790
2014-06-04,760.0,780.0,830,803
2014-06-05,761.0,783.0,819,752
2014-06-06,762.0,785.0,777,757
2014-06-07,764.0,785.0,757,757
2014-06-08,768.0,789.0,854,854
2014-06-09,771.0,793.0,863,803
2014-06-10,773.0,796.0,822,795
2014-06-11,776.0,798.0,800,791
2014-06-12,778.0,800.0,799,786
2014-06-13,779.0,801.0,800,788
2014-06-14,780.0,802.0,788,788
2014-06-15,781.0,802.0,788,788
2014-06-16,781.0,804.0,801,745
2014-06-17,779.0,801.0,784,749
2014-06-18,779.0,799.0,757,750
2014-06-19,779.0,801.0,849,785
2014-06-20,780.0,802.0,823,811
2014-06-21,781.0,802.0,811,811
2014-06-22,782.0,803.0,811,811
2014-06-23,782.0,804.0,826,785
2014-06-24,783.0,805.0,813,803
2014-06-25,784.0,807.0,827,813
2014-06-26,786.0,810.0,904,813
2014-06-27,788.0,812.0,828,819
2014-06-28,791.0,813.0,819,819
2014-06-29,793.0,814.0,819,819
2014-06-30,793.0,816.0,825,765
2014-07-01,790.0,814.0,776,768
2014-07-02,790.0,812.0,794,787
2014-07-03,788.0,812.0,792,735
2014-07-04,786.0,809.0,736,736
2014-07-05,786.0,806.0,736,736
2014-07-06,785.0,805.0,736,736
2014-07-07,785.0,806.0,806,769
2014-07-08,782.0,803.0,771,760
2014-07-09,781.0,801.0,799,781
2014-07-10,781.0,800.0,791,776
2014-07-11,781.0,801.0,812,793
2014-07-12,781.0,801.0,796,796
2014-07-13,781.0,800.0,796,796
2014-07-14,782.0,802.0,848,790
2014-07-15,781.0,803.0,812,785
2014-07-16,783.0,803.0,799,794
2014-07-17,784.0,804.0,801,789
2014-07-18,786.0,806.0,819,808
2014-07-19,787.0,804.0,808,808
2014-07-20,787.0,804.0,808,808
2014-07-21,786.0,804.0,823,787
2014-07-22,785.0,804.0,795,788
2014-07-23,785.0,803.0,811,784
2014-07-24,786.0,805.0,870,812
2014-07-25,786.0,806.0,838,829
2014-07-26,787.0,803.0,830,830
2014-07-27,787.0,803.0,830,830
2014-07-28,787.0,804.0,850,808
2014-07-29,786.0,804.0,812,799
2014-07-30,788.0,804.0,821,810
2014-07-31,789.0,806.0,846,820
2014-08-01,791.0,808.0,838,832
2014-08-02,794.0,809.0,832,832
2014-08-03,797.0,812.0,832,832
2014-08-04,799.0,816.0,847,797
2014-08-05,802.0,821.0,881,828
2014-08-06,805.0,822.0,850,835
2014-08-07,807.0,825.0,843,836
2014-08-08,810.0,827.0,864,854
2014-08-09,812.0,829.0,854,854
2014-08-10,814.0,830.0,854,854
2014-08-11,814.0,833.0,885,799
2014-08-12,814.0,834.0,813,797
2014-08-13,815.0,833.0,821,815
2014-08-14,816.0,833.0,822,813
2014-08-15,817.0,835.0,839,826
2014-08-16,818.0,835.0,826,826
2014-08-17,819.0,836.0,826,825
2014-08-18,818.0,837.0,844,786
2014-08-19,817.0,837.0,803,775
2014-08-20,817.0,836.0,804,789
2014-08-21,815.0,836.0,795,732
2014-08-22,814.0,834.0,746,741
2014-08-23,811.0,830.0,741,740
2014-08-24,808.0,826.0,740,740
2014-08-25,805.0,824.0,756,725
2014-08-26,801.0,820.0,727,723
2014-08-27,799.0,817.0,747,732
2014-08-28,797.0,815.0,740,730
2014-08-29,795.0,812.0,758,748
2014-08-30,792.0,809.0,748,748
2014-08-31,789.0,806.0,749,749
2014-09-01,785.0,803.0,749,688
2014-09-02,781.0,802.0,781,724
2014-09-03,779.0,798.0,737,728
2014-09-04,776.0,793.0,739,733
2014-09-05,773.0,790.0,753,746
2014-09-06,770.0,787.0,746,746
2014-09-07,766.0,783.0,746,745
2014-09-08,762.0,779.0,746,724
2014-09-09,757.0,775.0,737,725
2014-09-10,755.0,771.0,752,740
2014-09-11,753.0,769.0,750,737
2014-09-12,751.0,768.0,799,756
2014-09-13,749.0,766.0,756,756
2014-09-14,747.0,763.0,756,756
2014-09-15,743.0,761.0,761,703
2014-09-16,739.0,758.0,719,705
2014-09-17,737.0,754.0,726,716
2014-09-18,734.0,751.0,736,696
2014-09-19,731.0,748.0,711,705
2014-09-20,730.0,745.0,706,706
2014-09-21,729.0,744.0,706,706
2014-09-22,727.0,743.0,711,679
2014-09-23,726.0,742.0,703,691
2014-09-24,725.0,740.0,709,698
2014-09-25,726.0,742.0,787,770
2014-09-26,728.0,744.0,812,796
2014-09-27,731.0,746.0,796,796
2014-09-28,732.0,747.0,796,796
2014-09-29,732.0,749.0,800,744
2014-09-30,732.0,749.0,746,740
2014-10-01,734.0,750.0,762,743
2014-10-02,734.0,749.0,758,745
2014-10-03,735.0,750.0,773,765
2014-10-04,737.0,751.0,765,765
2014-10-05,737.0,751.0,765,765
2014-10-06,736.0,752.0,769,703
2014-10-07,734.0,751.0,714,702
2014-10-08,734.0,750.0,721,713
2014-10-09,732.0,749.0,717,668
2014-10-10,731.0,748.0,720,707
2014-10-11,730.0,747.0,707,707
2014-10-12,728.0,744.0,707,707
2014-10-13,727.0,742.0,708,708
2014-10-14,724.0,741.0,715,660
2014-10-15,723.0,739.0,697,677
2014-10-16,721.0,738.0,695,664
2014-10-17,720.0,737.0,687,678
2014-10-18,719.0,735.0,678,678
2014-10-19,718.0,734.0,678,678
2014-10-20,716.0,733.0,688,646
2014-10-21,715.0,731.0,656,652
2014-10-22,714.0,730.0,667,662
2014-10-23,712.0,729.0,669,628
2014-10-24,711.0,727.0,661,653
2014-10-25,707.0,723.0,653,653
2014-10-26,702.0,717.0,653,653
2014-10-27,696.0,713.0,663,625
2014-10-28,690.0,708.0,634,621
2014-10-29,686.0,702.0,635,626
2014-10-30,683.0,699.0,667,627
2014-10-31,679.0,696.0,656,647
2014-11-01,676.0,692.0,650,650
2014-11-02,672.0,688.0,651,651
2014-11-03,668.0,685.0,671,628
2014-11-04,663.0,681.0,637,629
2014-11-05,661.0,677.0,649,645
2014-11-06,659.0,675.0,651,616
2014-11-07,656.0,672.0,645,640
2014-11-08,655.0,670.0,640,640
2014-11-09,653.0,667.0,640,640
2014-11-10,650.0,665.0,646,616
2014-11-11,647.0,662.0,616,616
2014-11-12,644.0,659.0,626,608
2014-11-13,641.0,656.0,610,587
2014-11-14,639.0,653.0,610,605
2014-11-15,637.0,650.0,606,606
2014-11-16,634.0,647.0,606,606
2014-11-17,631.0,645.0,610,570
2014-11-18,627.0,642.0,587,574
2014-11-19,625.0,639.0,604,588
2014-11-20,622.0,637.0,594,555
2014-11-21,619.0,634.0,578,575
2014-11-22,618.0,631.0,575,575
2014-11-23,615.0,628.0,575,575
2014-11-24,611.0,626.0,582,547
2014-11-25,608.0,622.0,559,547
2014-11-26,605.0,619.0,548,546
2014-11-27,603.0,616.0,546,546
2014-11-28,600.0,613.0,561,557
2014-11-29,598.0,610.0,557,557
2014-11-30,595.0,606.0,557,557
2014-12-01,591.0,603.0,564,525
2014-12-02,587.0,600.0,544,540
2014-12-03,585.0,596.0,558,553
2014-12-04,582.0,595.0,599,555
2014-12-05,580.0,592.0,577,570
2014-12-06,578.0,590.0,570,570
2014-12-07,576.0,587.0,570,570
2014-12-08,573.0,585.0,575,551
2014-12-09,570.0,583.0,567,559
2014-12-10,568.0,580.0,560,558
2014-12-11,566.0,578.0,564,542
2014-12-12,565.0,576.0,578,571
2014-12-13,564.0,575.0,571,571
2014-12-14,563.0,574.0,571,571
2014-12-15,560.0,573.0,573,523
2014-12-16,557.0,570.0,538,523
2014-12-17,556.0,568.0,534,516
2014-12-18,553.0,566.0,524,506
2014-12-19,551.0,564.0,537,527
2014-12-20,550.0,561.0,527,527
2014-12-21,549.0,560.0,527,527
2014-12-22,546.0,558.0,532,508
2014-12-23,544.0,556.0,518,511
2014-12-24,543.0,554.0,513,509
2014-12-25,542.0,552.0,509,509
2014-12-26,541.0,551.0,509,509
2014-12-27,539.0,550.0,509,509
2014-12-28,538.0,548.0,510,510
2014-12-29,537.0,547.0,528,521
2014-12-30,535.0,546.0,523,518
2014-12-31,536.0,545.0,538,537
2015-01-01,536.0,545.0,537,537
2015-01-02,537.0,547.0,611,599
2015-01-03,539.0,547.0,599,599
2015-01-04,540.0,547.0,599,599
2015-01-05,539.0,548.0,603,547
2015-01-06,538.0,548.0,551,541
2015-01-07,537.0,547.0,547,540
2015-01-08,537.0,547.0,583,558
2015-01-09,538.0,548.0,572,561
2015-01-10,538.0,548.0,561,561
2015-01-11,538.0,547.0,561,561
2015-01-12,537.0,547.0,564,538
2015-01-13,536.0,546.0,550,542
2015-01-14,537.0,546.0,558,553
2015-01-15,537.0,546.0,558,522
2015-01-16,538.0,547.0,553,539
2015-01-17,539.0,548.0,539,539
2015-01-18,539.0,548.0,539,539
2015-01-19,539.0,548.0,539,527
2015-01-20,539.0,548.0,534,524
2015-01-21,540.0,549.0,543,538
2015-01-22,540.0,550.0,551,519
2015-01-23,541.0,551.0,542,535
2015-01-24,542.0,552.0,535,535
2015-01-25,543.0,552.0,535,535
2015-01-26,544.0,554.0,548,532
2015-01-27,543.0,555.0,545,490
2015-01-28,542.0,555.0,518,503
2015-01-29,541.0,554.0,510,482
2015-01-30,540.0,553.0,503,495
2015-01-31,538.0,552.0,495,495
2015-02-01,535.0,548.0,495,495
2015-02-02,530.0,544.0,504,465
2015-02-03,526.0,540.0,478,471
2015-02-04,524.0,536.0,476,473
2015-02-05,520.0,534.0,473,448
2015-02-06,518.0,531.0,470,465
2015-02-07,515.0,527.0,465,465
2015-02-08,512.0,524.0,465,465
2015-02-09,508.0,520.0,469,449
2015-02-10,504.0,517.0,462,450
2015-02-11,501.0,514.0,458,451
2015-02-12,498.0,510.0,452,429
2015-02-13,494.0,507.0,457,456
2015-02-14,492.0,504.0,456,456
2015-02-15,489.0,500.0,456,456
2015-02-16,487.0,498.0,457,457
2015-02-17,483.0,495.0,461,424
2015-02-18,480.0,492.0,440,433
2015-02-19,477.0,489.0,439,432
2015-02-20,474.0,486.0,453,447
2015-02-21,471.0,482.0,447,447
2015-02-22,468.0,479.0,447,447
2015-02-23,465.0,476.0,451,430
2015-02-24,461.0,473.0,436,432
2015-02-25,458.0,470.0,448,445
2015-02-26,459.0,470.0,546,511
2015-02-27,460.0,470.0,535,526
2015-02-28,461.0,471.0,526,526
2015-03-01,463.0,472.0,533,533
2015-03-02,464.0,474.0,561,539
2015-03-03,466.0,476.0,558,554
2015-03-04,469.0,478.0,567,551
2015-03-05,472.0,480.0,551,550
2015-03-06,474.0,484.0,573,550
2015-03-07,477.0,486.0,550,548
2015-03-08,480.0,489.0,548,548
2015-03-09,482.0,492.0,553,525
2015-03-10,485.0,494.0,542,539
2015-03-11,488.0,497.0,549,546
2015-03-12,494.0,503.0,644,617
2015-03-13,500.0,510.0,655,647
2015-03-14,507.0,516.0,647,647
2015-03-15,514.0,523.0,647,647
2015-03-16,520.0,530.0,669,651
2015-03-17,527.0,537.0,666,658
2015-03-18,534.0,545.0,696,669
2015-03-19,543.0,552.0,693,687
2015-03-20,553.0,563.0,767,749
2015-03-21,560.0,574.0,749,645
2015-03-22,567.0,580.0,645,645
2015-03-23,572.0,587.0,665,603
2015-03-24,577.0,593.0,611,605
2015-03-25,583.0,598.0,625,609
2015-03-26,591.0,607.0,690,656
2015-03-27,600.0,616.0,727,714
2015-03-28,607.0,622.0,714,714
2015-03-29,613.0,628.0,714,713
2015-03-30,618.0,634.0,724,681
2015-03-31,623.0,640.0,698,682
2015-04-01,630.0,646.0,751,744
2015-04-02,636.0,653.0,765,750
2015-04-03,643.0,660.0,761,753
2015-04-04,650.0,666.0,753,753
2015-04-05,657.0,672.0,753,753
2015-04-06,662.0,680.0,784,698
2015-04-07,667.0,685.0,704,697
2015-04-08,673.0,691.0,732,718
2015-04-09,678.0,697.0,722,676
2015-04-10,682.0,702.0,701,684
2015-04-11,684.0,704.0,684,684
2015-04-12,686.0,705.0,684,684
2015-04-13,686.0,706.0,698,660
2015-04-14,687.0,708.0,680,673
2015-04-15,688.0,709.0,710,675
2015-04-16,688.0,710.0,702,660
2015-04-17,688.0,710.0,692,687
2015-04-18,688.0,710.0,687,687
2015-04-19,686.0,707.0,687,686
2015-04-20,686.0,705.0,693,630
2015-04-21,685.0,705.0,648,635
2015-04-22,687.0,705.0,651,645
2015-04-23,687.0,706.0,658,611
2015-04-24,688.0,707.0,643,627
2015-04-25,687.0,705.0,627,627
2015-04-26,684.0,702.0,627,627
2015-04-27,680.0,699.0,640,600
2015-04-28,676.0,696.0,616,594
2015-04-29,675.0,694.0,665,646
2015-04-30,674.0,693.0,673,665
2015-05-01,672.0,691.0,692,681
2015-05-02,670.0,688.0,682,682
2015-05-03,668.0,686.0,682,682
2015-05-04,664.0,684.0,697,659
2015-05-05,661.0,681.0,676,664
2015-05-06,659.0,677.0,667,632
2015-05-07,657.0,675.0,643,631
2015-05-08,655.0,673.0,663,651
2015-05-09,654.0,671.0,651,651
2015-05-10,653.0,669.0,651,651
2015-05-11,651.0,668.0,661,617
2015-05-12,649.0,667.0,636,621
2015-05-13,647.0,664.0,632,614
2015-05-14,645.0,663.0,629,617
2015-05-15,644.0,660.0,641,630
2015-05-16,643.0,658.0,630,630
2015-05-17,641.0,656.0,630,630
2015-05-18,639.0,655.0,663,627
2015-05-19,637.0,654.0,649,640
2015-05-20,637.0,654.0,706,632
2015-05-21,638.0,655.0,662,648
2015-05-22,639.0,656.0,678,671
2015-05-23,641.0,656.0,671,671
2015-05-24,642.0,657.0,671,670
2015-05-25,643.0,658.0,670,670
2015-05-26,645.0,661.0,692,665
2015-05-27,647.0,663.0,705,675
2015-05-28,650.0,665.0,692,688
2015-05-29,653.0,667.0,721,716
2015-05-30,654.0,669.0,716,716
2015-05-31,656.0,669.0,716,716
2015-06-01,656.0,672.0,746,701
2015-06-02,657.0,672.0,708,700
2015-06-03,658.0,673.0,709,699
2015-06-04,660.0,674.0,719,709
2015-06-05,663.0,676.0,732,729
2015-06-06,666.0,679.0,729,729
2015-06-07,669.0,682.0,729,729
2015-06-08,669.0,685.0,743,668
2015-06-09,670.0,685.0,674,663
2015-06-10,671.0,686.0,692,642
2015-06-11,671.0,687.0,654,641
2015-06-12,673.0,689.0,681,654
2015-06-13,674.0,689.0,654,654
2015-06-14,675.0,690.0,654,654
2015-06-15,675.0,691.0,660,644
2015-06-16,676.0,692.0,656,651
2015-06-17,675.0,691.0,655,600
2015-06-18,673.0,690.0,612,599
2015-06-19,673.0,688.0,632,628
2015-06-20,673.0,687.0,628,628
2015-06-21,671.0,685.0,628,628
2015-06-22,669.0,684.0,650,616
2015-06-23,668.0,683.0,622,613
2015-06-24,667.0,683.0,690,657
2015-06-25,667.0,683.0,669,663
2015-06-26,667.0,682.0,682,675
2015-06-27,667.0,681.0,675,675
2015-06-28,665.0,680.0,675,675
2015-06-29,663.0,679.0,683,662
2015-06-30,662.0,677.0,672,664
2015-07-01,661.0,676.0,723,688
2015-07-02,662.0,677.0,718,712
2015-07-03,662.0,677.0,712,712
2015-07-04,662.0,677.0,712,712
2015-07-05,662.0,676.0,712,712
2015-07-06,660.0,675.0,715,666
2015-07-07,657.0,674.0,674,657
2015-07-08,656.0,671.0,674,626
2015-07-09,654.0,670.0,631,608
2015-07-10,654.0,668.0,649,639
2015-07-11,654.0,668.0,639,639
2015-07-12,653.0,667.0,645,645
2015-07-13,652.0,667.0,650,612
2015-07-14,651.0,666.0,636,619
2015-07-15,651.0,667.0,681,640
2015-07-16,650.0,667.0,658,642
2015-07-17,653.0,667.0,674,664
2015-07-18,655.0,669.0,664,664
2015-07-19,656.0,670.0,664,664
2015-07-20,656.0,672.0,673,642
2015-07-21,657.0,673.0,655,643
2015-07-22,659.0,675.0,734,692
2015-07-23,662.0,678.0,716,702
2015-07-24,665.0,680.0,726,725
2015-07-25,667.0,682.0,725,725
2015-07-26,668.0,683.0,726,726
2015-07-27,669.0,685.0,733,698
2015-07-28,670.0,686.0,715,705
2015-07-29,671.0,687.0,712,680
2015-07-30,671.0,688.0,694,657
2015-07-31,670.0,687.0,695,685
2015-08-01,670.0,686.0,685,685
2015-08-02,669.0,685.0,685,685
2015-08-03,667.0,685.0,699,666
2015-08-04,665.0,684.0,696,663
2015-08-05,666.0,685.0,731,695
2015-08-06,667.0,686.0,702,674
2015-08-07,669.0,687.0,704,696
2015-08-08,672.0,689.0,696,696
2015-08-09,674.0,690.0,696,696
2015-08-10,675.0,692.0,703,670
2015-08-11,676.0,694.0,686,666
2015-08-12,678.0,696.0,715,684
2015-08-13,681.0,699.0,717,699
2015-08-14,683.0,700.0,709,696
2015-08-15,685.0,701.0,697,697
2015-08-16,686.0,702.0,697,697
2015-08-17,686.0,703.0,699,674
2015-08-18,687.0,704.0,711,705
2015-08-19,688.0,706.0,707,672
2015-08-20,690.0,707.0,701,682
2015-08-21,690.0,707.0,723,712
2015-08-22,691.0,707.0,712,712
2015-08-23,690.0,706.0,712,712
2015-08-24,689.0,706.0,721,691
2015-08-25,688.0,706.0,724,696
2015-08-26,687.0,705.0,703,667
2015-08-27,686.0,704.0,677,670
2015-08-28,686.0,703.0,692,673
2015-08-29,686.0,702.0,673,673
2015-08-30,686.0,702.0,674,674
2015-08-31,686.0,702.0,701,689
2015-09-01,685.0,703.0,706,654
2015-09-02,685.0,703.0,692,651
2015-09-03,684.0,701.0,660,652
2015-09-04,683.0,700.0,678,666
2015-09-05,683.0,698.0,666,666
2015-09-06,682.0,697.0,666,666
2015-09-07,681.0,696.0,666,665
2015-09-08,679.0,696.0,680,637
2015-09-09,677.0,694.0,648,605
2015-09-10,675.0,691.0,613,605
2015-09-11,673.0,689.0,643,629
2015-09-12,671.0,686.0,629,629
2015-09-13,668.0,683.0,629,629
2015-09-14,666.0,681.0,636,615
2015-09-15,663.0,679.0,623,615
2015-09-16,662.0,678.0,672,639
2015-09-17,660.0,676.0,649,643
2015-09-18,659.0,675.0,672,660
2015-09-19,659.0,673.0,661,661
2015-09-20,657.0,671.0,662,662
2015-09-21,654.0,670.0,668,629
2015-09-22,652.0,668.0,655,635
2015-09-23,649.0,666.0,648,608
2015-09-24,646.0,662.0,616,609
2015-09-25,645.0,660.0,638,631
2015-09-26,643.0,658.0,631,631
2015-09-27,642.0,656.0,631,631
2015-09-28,640.0,655.0,645,605
2015-09-29,638.0,653.0,617,611
2015-09-30,635.0,652.0,645,612
2015-10-01,633.0,649.0,637,607
2015-10-02,633.0,647.0,634,634
2015-10-03,632.0,646.0,634,634
2015-10-04,631.0,645.0,635,635
2015-10-05,629.0,644.0,645,593
2015-10-06,626.0,642.0,611,594
2015-10-07,624.0,641.0,632,605
2015-10-08,623.0,639.0,612,592
2015-10-09,623.0,638.0,625,619
2015-10-10,624.0,638.0,619,619
2015-10-11,624.0,638.0,619,619
2015-10-12,623.0,637.0,619,619
2015-10-13,622.0,637.0,628,589
2015-10-14,620.0,636.0,595,569
2015-10-15,619.0,635.0,592,576
2015-10-16,619.0,635.0,674,649
2015-10-17,620.0,635.0,649,649
2015-10-18,619.0,634.0,650,650
2015-10-19,618.0,634.0,653,625
2015-10-20,617.0,633.0,643,632
2015-10-21,617.0,632.0,639,616
2015-10-22,616.0,631.0,623,619
2015-10-23,617.0,631.0,637,634
2015-10-24,618.0,632.0,634,634
2015-10-25,618.0,631.0,634,634
2015-10-26,617.0,632.0,661,614
2015-10-27,617.0,632.0,627,619
2015-10-28,616.0,631.0,621,579
2015-10-29,615.0,631.0,590,581
2015-10-30,617.0,632.0,697,680
2015-10-31,617.0,634.0,680,604
2015-11-01,616.0,633.0,604,604
2015-11-02,616.0,633.0,656,624
2015-11-03,616.0,634.0,644,632
2015-11-04,617.0,634.0,659,621
2015-11-05,617.0,635.0,633,610
2015-11-06,618.0,635.0,642,632
2015-11-07,619.0,636.0,632,632
2015-11-08,620.0,636.0,633,633
2015-11-09,618.0,637.0,640,553
2015-11-10,616.0,635.0,571,560
2015-11-11,614.0,633.0,560,559
2015-11-12,613.0,632.0,579,574
2015-11-13,615.0,632.0,617,607
2015-11-14,616.0,633.0,607,607
2015-11-15,614.0,631.0,607,607
2015-11-16,612.0,630.0,627,596
2015-11-17,611.0,629.0,608,601
2015-11-18,610.0,629.0,664,610
2015-11-19,609.0,628.0,619,595
2015-11-20,609.0,628.0,623,606
2015-11-21,608.0,627.0,606,606
2015-11-22,607.0,626.0,606,606
2015-11-23,606.0,626.0,644,584
2015-11-24,604.0,625.0,597,586
2015-11-25,603.0,623.0,587,583
2015-11-26,602.0,621.0,590,589
2015-11-27,603.0,621.0,611,605
2015-11-28,604.0,622.0,606,606
2015-11-29,601.0,619.0,606,606
2015-11-30,600.0,616.0,609,561
2015-12-01,599.0,615.0,577,567
2015-12-02,596.0,613.0,572,540
2015-12-03,595.0,613.0,648,617
2015-12-04,596.0,612.0,646,640
2015-12-05,597.0,612.0,641,641
2015-12-06,597.0,612.0,641,641
2015-12-07,597.0,613.0,649,616
2015-12-08,596.0,613.0,633,624
2015-12-09,599.0,614.0,667,626
2015-12-10,601.0,616.0,635,631
2015-12-11,605.0,620.0,672,665
2015-12-12,608.0,623.0,665,665
2015-12-13,610.0,624.0,665,665
2015-12-14,611.0,626.0,673,656
2015-12-15,613.0,628.0,664,661
2015-12-16,616.0,631.0,712,674
2015-12-17,617.0,634.0,687,650
2015-12-18,619.0,634.0,676,670
2015-12-19,622.0,636.0,670,670
2015-12-20,624.0,638.0,670,670
2015-12-21,625.0,640.0,674,647
2015-12-22,627.0,642.0,666,661
2015-12-23,629.0,643.0,668,642
2015-12-24,631.0,644.0,655,655
2015-12-25,634.0,647.0,655,655
2015-12-26,636.0,649.0,655,655
2015-12-27,638.0,650.0,655,655
2015-12-28,639.0,652.0,663,656
2015-12-29,641.0,654.0,659,654
2015-12-30,644.0,656.0,661,641
2015-12-31,648.0,659.0,682,682
2016-01-01,652.0,663.0,682,682
2016-01-02,654.0,664.0,682,682
2016-01-03,656.0,665.0,684,684
2016-01-04,657.0,667.0,688,664
2016-01-05,657.0,668.0,670,660
2016-01-06,658.0,669.0,674,645
2016-01-07,659.0,670.0,661,656
2016-01-08,661.0,670.0,686,682
2016-01-09,663.0,672.0,682,682
2016-01-10,664.0,672.0,686,686
2016-01-11,664.0,673.0,691,670
2016-01-12,664.0,674.0,683,679
2016-01-13,664.0,674.0,687,652
2016-01-14,664.0,674.0,662,651
2016-01-15,664.0,673.0,679,674
2016-01-16,665.0,673.0,674,674
2016-01-17,665.0,673.0,674,674
2016-01-18,665.0,673.0,675,675
2016-01-19,665.0,674.0,707,678
2016-01-20,665.0,674.0,680,658
2016-01-21,666.0,675.0,688,671
2016-01-22,668.0,676.0,698,695
2016-01-23,669.0,677.0,695,695
2016-01-24,670.0,679.0,695,695
2016-01-25,672.0,680.0,695,695
2016-01-26,672.0,682.0,712,683
2016-01-27,672.0,683.0,686,648
2016-01-28,672.0,683.0,661,653
2016-01-29,673.0,683.0,675,662
2016-01-30,672.0,682.0,662,662
2016-01-31,672.0,682.0,662,661
2016-02-01,669.0,681.0,663,613
2016-02-02,667.0,679.0,632,618
2016-02-03,664.0,677.0,622,575
2016-02-04,661.0,675.0,589,564
2016-02-05,659.0,672.0,591,583
2016-02-06,656.0,669.0,583,583
2016-02-07,653.0,666.0,588,588
2016-02-08,651.0,665.0,645,624
2016-02-09,649.0,663.0,632,628
2016-02-10,647.0,661.0,632,589
2016-02-11,644.0,658.0,611,596
2016-02-12,642.0,656.0,622,609
2016-02-13,641.0,655.0,609,609
2016-02-14,639.0,652.0,609,609
2016-02-15,637.0,650.0,609,609
2016-02-16,634.0,648.0,624,600
2016-02-17,631.0,646.0,607,569
2016-02-18,627.0,642.0,582,579
2016-02-19,625.0,639.0,601,594
2016-02-20,623.0,636.0,594,594
2016-02-21,619.0,633.0,594,594
2016-02-22,618.0,631.0,657,656
2016-02-23,614.0,631.0,667,585
2016-02-24,610.0,627.0,589,549
2016-02-25,605.0,622.0,559,555
2016-02-26,603.0,619.0,587,580
2016-02-27,601.0,616.0,580,580
2016-02-28,598.0,613.0,580,580
2016-02-29,596.0,613.0,656,612
2016-03-01,595.0,611.0,624,612
2016-03-02,594.0,610.0,613,610
2016-03-03,594.0,609.0,617,605
2016-03-04,596.0,609.0,629,622
2016-03-05,598.0,610.0,622,622
2016-03-06,599.0,611.0,622,622
2016-03-07,599.0,613.0,625,601
2016-03-08,600.0,614.0,623,619
2016-03-09,601.0,616.0,689,633
2016-03-10,601.0,616.0,644,638
2016-03-11,603.0,617.0,667,661
2016-03-12,606.0,619.0,661,661
2016-03-13,607.0,620.0,661,661
2016-03-14,609.0,622.0,663,647
2016-03-15,610.0,624.0,663,653
2016-03-16,611.0,625.0,658,634
2016-03-17,612.0,626.0,648,643
2016-03-18,615.0,628.0,660,654
2016-03-19,618.0,630.0,654,654
2016-03-20,620.0,632.0,654,654
2016-03-21,622.0,635.0,683,661
2016-03-22,625.0,638.0,677,673
2016-03-23,624.0,638.0,676,642
2016-03-24,625.0,638.0,654,623
2016-03-25,628.0,640.0,647,643
2016-03-26,631.0,643.0,643,643
2016-03-27,634.0,645.0,643,643
2016-03-28,635.0,647.0,648,616
2016-03-29,636.0,648.0,631,623
2016-03-30,636.0,647.0,624,600
2016-03-31,635.0,647.0,610,595
2016-04-01,635.0,647.0,624,613
2016-04-02,636.0,647.0,613,613
2016-04-03,635.0,647.0,613,613
2016-04-04,634.0,647.0,624,587
2016-04-05,633.0,646.0,603,592
2016-04-06,632.0,645.0,595,562
2016-04-07,630.0,644.0,575,569
2016-04-08,629.0,640.0,594,589
2016-04-09,627.0,638.0,589,589
2016-04-10,625.0,636.0,589,589
2016-04-11,621.0,634.0,597,559
2016-04-12,618.0,631.0,572,564
2016-04-13,616.0,629.0,603,577
2016-04-14,613.0,626.0,584,579
2016-04-15,612.0,625.0,610,605
2016-04-16,611.0,623.0,606,606
2016-04-17,609.0,621.0,606,606
2016-04-18,607.0,620.0,609,574
2016-04-19,604.0,617.0,582,576
2016-04-20,601.0,614.0,585,554
2016-04-21,596.0,611.0,568,546
2016-04-22,594.0,607.0,577,567
2016-04-23,592.0,604.0,567,567
2016-04-24,589.0,602.0,567,567
2016-04-25,587.0,600.0,597,569
2016-04-26,584.0,598.0,575,566
2016-04-27,586.0,599.0,684,660
2016-04-28,587.0,600.0,673,662
2016-04-29,590.0,602.0,676,674
2016-04-30,592.0,604.0,674,674
2016-05-01,594.0,606.0,680,680
2016-05-02,596.0,609.0,696,653
2016-05-03,598.0,611.0,683,674
2016-05-04,602.0,615.0,724,704
2016-05-05,605.0,618.0,717,691
2016-05-06,610.0,623.0,724,724
2016-05-07,616.0,628.0,724,724
2016-05-08,620.0,632.0,724,724
2016-05-09,624.0,637.0,731,693
2016-05-10,627.0,641.0,719,695
2016-05-11,632.0,646.0,749,704
2016-05-12,637.0,651.0,716,713
2016-05-13,642.0,655.0,731,726
2016-05-14,647.0,660.0,726,726
2016-05-15,651.0,664.0,726,726
2016-05-16,655.0,668.0,745,724
2016-05-17,659.0,673.0,747,740
2016-05-18,665.0,679.0,769,755
2016-05-19,672.0,685.0,772,763
2016-05-20,679.0,691.0,773,767
2016-05-21,686.0,698.0,767,767
2016-05-22,693.0,704.0,767,767
2016-05-23,698.0,711.0,772,742
2016-05-24,705.0,718.0,765,757
2016-05-25,710.0,723.0,763,734
2016-05-26,716.0,729.0,746,744
2016-05-27,719.0,731.0,764,756
2016-05-28,723.0,734.0,756,756
2016-05-29,725.0,737.0,756,756
2016-05-30,728.0,740.0,757,757
2016-05-31,730.0,743.0,773,749
2016-06-01,733.0,745.0,757,734
2016-06-02,735.0,747.0,743,736
2016-06-03,737.0,748.0,762,762
2016-06-04,739.0,750.0,762,762
2016-06-05,741.0,751.0,762,762
2016-06-06,742.0,752.0,766,754
2016-06-07,743.0,753.0,762,759
2016-06-08,744.0,755.0,764,720
2016-06-09,744.0,755.0,737,715
2016-06-10,745.0,755.0,740,729
2016-06-11,746.0,755.0,729,729
2016-06-12,746.0,755.0,730,730
2016-06-13,744.0,756.0,740,680
2016-06-14,743.0,755.0,694,685
2016-06-15,741.0,753.0,693,663
2016-06-16,738.0,750.0,669,655
2016-06-17,735.0,747.0,660,651
2016-06-18,731.0,743.0,651,650
2016-06-19,727.0,739.0,650,650
2016-06-20,724.0,736.0,701,675
2016-06-21,721.0,734.0,683,675
2016-06-22,718.0,731.0,681,657
2016-06-23,715.0,727.0,667,662
2016-06-24,713.0,725.0,686,677
2016-06-25,711.0,722.0,677,677
2016-06-26,708.0,720.0,678,678
2016-06-27,705.0,717.0,685,670
2016-06-28,702.0,715.0,682,670
2016-06-29,699.0,712.0,689,657
2016-06-30,696.0,709.0,672,657
2016-07-01,694.0,706.0,676,670
2016-07-02,692.0,704.0,670,670
2016-07-03,689.0,701.0,670,670
2016-07-04,686.0,698.0,670,670
2016-07-05,683.0,695.0,678,672
2016-07-06,679.0,692.0,680,653
2016-07-07,676.0,689.0,664,655
2016-07-08,674.0,686.0,684,678
2016-07-09,673.0,684.0,678,678
2016-07-10,671.0,682.0,678,678
2016-07-11,669.0,681.0,684,651
2016-07-12,666.0,679.0,667,658
2016-07-13,664.0,676.0,663,616
2016-07-14,662.0,674.0,632,616
2016-07-15,661.0,672.0,635,629
2016-07-16,660.0,671.0,629,629
2016-07-17,659.0,670.0,629,629
2016-07-18,659.0,670.0,674,653
2016-07-19,660.0,671.0,669,657
2016-07-20,659.0,671.0,710,669
2016-07-21,659.0,672.0,692,677
2016-07-22,660.0,672.0,698,687
2016-07-23,661.0,673.0,687,687
2016-07-24,662.0,673.0,687,686
2016-07-25,661.0,673.0,693,649
2016-07-26,660.0,673.0,662,660
2016-07-27,660.0,674.0,708,655
2016-07-28,659.0,673.0,668,662
2016-07-29,660.0,673.0,689,686
2016-07-30,661.0,674.0,686,686
2016-07-31,662.0,674.0,686,686
2016-08-01,661.0,675.0,687,645
2016-08-02,660.0,674.0,652,646
2016-08-03,659.0,674.0,656,633
2016-08-04,658.0,672.0,644,640
2016-08-05,658.0,672.0,665,659
2016-08-06,658.0,672.0,659,659
2016-08-07,658.0,671.0,659,659
2016-08-08,656.0,670.0,660,633
2016-08-09,655.0,669.0,642,636
2016-08-10,654.0,668.0,652,618
2016-08-11,653.0,667.0,636,630
2016-08-12,654.0,667.0,650,647
2016-08-13,655.0,667.0,647,647
2016-08-14,655.0,667.0,647,647
2016-08-15,656.0,668.0,660,643
2016-08-16,657.0,670.0,667,659
2016-08-17,656.0,670.0,668,637
2016-08-18,656.0,669.0,656,647
2016-08-19,656.0,668.0,680,676
2016-08-20,656.0,668.0,676,676
2016-08-21,656.0,667.0,679,679
2016-08-22,655.0,668.0,704,678
2016-08-23,656.0,668.0,705,696
2016-08-24,657.0,668.0,702,698
2016-08-25,659.0,670.0,713,706
2016-08-26,660.0,671.0,722,681
2016-08-27,660.0,671.0,681,681
2016-08-28,660.0,671.0,681,681
2016-08-29,659.0,671.0,684,643
2016-08-30,659.0,671.0,688,676
2016-08-31,659.0,670.0,680,651
2016-09-01,659.0,671.0,664,655
2016-09-02,660.0,672.0,678,672
2016-09-03,661.0,673.0,672,672
2016-09-04,662.0,673.0,672,672
2016-09-05,662.0,673.0,672,672
2016-09-06,663.0,675.0,699,668
2016-09-07,665.0,677.0,725,697
2016-09-08,667.0,679.0,705,695
2016-09-09,669.0,681.0,712,693
2016-09-10,671.0,683.0,694,694
2016-09-11,673.0,684.0,695,695
2016-09-12,674.0,686.0,699,680
2016-09-13,675.0,688.0,701,689
2016-09-14,677.0,689.0,693,679
2016-09-15,677.0,690.0,704,667
2016-09-16,678.0,691.0,681,675
2016-09-17,679.0,691.0,675,675
2016-09-18,679.0,691.0,675,675
2016-09-19,678.0,691.0,682,651
2016-09-20,677.0,691.0,661,652
2016-09-21,676.0,690.0,676,644
2016-09-22,674.0,688.0,658,646
2016-09-23,673.0,687.0,654,649
2016-09-24,671.0,684.0,650,650
2016-09-25,670.0,682.0,650,650
2016-09-26,668.0,681.0,655,626
2016-09-27,666.0,680.0,640,630
2016-09-28,667.0,679.0,674,647
2016-09-29,666.0,679.0,661,644
2016-09-30,666.0,679.0,682,677
2016-10-01,667.0,679.0,677,677
2016-10-02,667.0,679.0,677,677
2016-10-03,667.0,680.0,715,669
2016-10-04,667.0,681.0,683,676
2016-10-05,667.0,681.0,678,654
2016-10-06,666.0,680.0,668,659
2016-10-07,666.0,679.0,682,674
2016-10-08,665.0,678.0,674,674
2016-10-09,664.0,676.0,674,674
2016-10-10,664.0,676.0,674,674
2016-10-11,662.0,675.0,688,654
2016-10-12,661.0,675.0,689,651
2016-10-13,660.0,674.0,671,656
2016-10-14,660.0,673.0,674,665
2016-10-15,660.0,672.0,665,665
2016-10-16,659.0,672.0,665,665
2016-10-17,658.0,672.0,675,647
2016-10-18,658.0,671.0,661,649
2016-10-19,658.0,671.0,689,665
2016-10-20,659.0,672.0,692,684
2016-10-21,661.0,674.0,711,705
2016-10-22,663.0,675.0,705,705
2016-10-23,665.0,677.0,705,705
2016-10-24,666.0,679.0,716,672
2016-10-25,666.0,680.0,686,675
2016-10-26,669.0,682.0,720,688
2016-10-27,670.0,685.0,706,675
2016-10-28,672.0,685.0,697,690
2016-10-29,673.0,686.0,690,690
2016-10-30,673.0,687.0,690,690
2016-10-31,672.0,687.0,697,638
2016-11-01,671.0,687.0,656,648
2016-11-02,671.0,686.0,697,657
2016-11-03,670.0,686.0,676,664
2016-11-04,672.0,686.0,692,687
2016-11-05,672.0,687.0,687,687
2016-11-06,673.0,687.0,687,687
2016-11-07,672.0,688.0,693,661
2016-11-08,672.0,688.0,678,672
2016-11-09,672.0,689.0,715,675
2016-11-10,673.0,689.0,695,667
2016-11-11,673.0,689.0,667,651
2016-11-12,673.0,688.0,651,651
2016-11-13,672.0,687.0,651,651
2016-11-14,674.0,690.0,739,718
2016-11-15,676.0,692.0,729,720
2016-11-16,678.0,694.0,730,702
2016-11-17,679.0,695.0,715,704
2016-11-18,681.0,697.0,727,717
2016-11-19,682.0,698.0,717,717
2016-11-20,683.0,698.0,717,717
2016-11-21,683.0,699.0,741,720
2016-11-22,683.0,700.0,731,713
2016-11-23,685.0,701.0,766,720
2016-11-24,687.0,703.0,720,720
2016-11-25,688.0,703.0,738,730
2016-11-26,690.0,704.0,732,732
2016-11-27,694.0,708.0,810,810
2016-11-28,697.0,712.0,813,781
2016-11-29,700.0,715.0,791,785
2016-11-30,706.0,720.0,840,817
2016-12-01,712.0,726.0,838,822
2016-12-02,718.0,731.0,834,828
2016-12-03,723.0,736.0,828,828
2016-12-04,728.0,740.0,831,831
2016-12-05,732.0,746.0,855,818
2016-12-06,737.0,751.0,837,828
2016-12-07,741.0,756.0,841,798
2016-12-08,746.0,761.0,817,811
2016-12-09,752.0,765.0,843,839
2016-12-10,757.0,770.0,839,839
2016-12-11,764.0,775.0,839,839
2016-12-12,770.0,782.0,849,838
2016-12-13,774.0,788.0,846,786
2016-12-14,776.0,790.0,792,784
2016-12-15,779.0,792.0,798,784
2016-12-16,781.0,795.0,801,784
2016-12-17,784.0,797.0,784,784
2016-12-18,786.0,799.0,784,784
2016-12-19,788.0,802.0,809,779
2016-12-20,790.0,805.0,796,781
2016-12-21,791.0,807.0,794,744
2016-12-22,792.0,808.0,764,742
2016-12-23,794.0,807.0,761,760
2016-12-24,795.0,809.0,760,760
2016-12-25,796.0,810.0,760,760
2016-12-26,797.0,811.0,762,762
2016-12-27,794.0,809.0,768,737
2016-12-28,792.0,807.0,737,719
2016-12-29,790.0,805.0,729,725
2016-12-30,788.0,802.0,754,741
2016-12-31,785.0,798.0,741,741
2017-01-01,782.0,795.0,741,741
2017-01-02,779.0,792.0,742,742
2017-01-03,777.0,791.0,794,762
2017-01-04,775.0,788.0,772,765
2017-01-05,772.0,787.0,784,738
2017-01-06,771.0,784.0,760,757
2017-01-07,769.0,782.0,757,757
2017-01-08,766.0,779.0,757,757
2017-01-09,763.0,777.0,768,743
2017-01-10,760.0,774.0,757,749
2017-01-11,756.0,771.0,768,725
2017-01-12,751.0,768.0,733,619
2017-01-13,746.0,763.0,644,638
2017-01-14,741.0,757.0,638,638
2017-01-15,736.0,752.0,638,638
2017-01-16,731.0,747.0,638,638
2017-01-17,729.0,745.0,710,704
2017-01-18,725.0,743.0,764,658
2017-01-19,721.0,739.0,679,660
2017-01-20,718.0,736.0,685,673
2017-01-21,716.0,732.0,673,673
2017-01-22,713.0,730.0,673,673
2017-01-23,709.0,727.0,682,643
2017-01-24,706.0,724.0,659,653
2017-01-25,703.0,721.0,692,670
2017-01-26,700.0,718.0,686,673
2017-01-27,699.0,717.0,694,690
2017-01-28,698.0,716.0,691,691
2017-01-29,696.0,714.0,691,673
2017-01-30,693.0,712.0,679,653
2017-01-31,690.0,709.0,666,661
2017-02-01,689.0,708.0,722,711
2017-02-02,688.0,706.0,729,717
2017-02-03,687.0,705.0,742,729
2017-02-04,686.0,703.0,729,729
2017-02-05,686.0,703.0,732,732
2017-02-06,684.0,702.0,741,721
2017-02-07,684.0,702.0,745,730
2017-02-08,683.0,702.0,768,737
2017-02-09,683.0,701.0,739,738
2017-02-10,684.0,700.0,751,745
2017-02-11,688.0,701.0,748,747
2017-02-12,692.0,704.0,748,747
2017-02-13,695.0,709.0,779,756
2017-02-14,700.0,714.0,778,766
2017-02-15,703.0,718.0,773,749
2017-02-16,704.0,720.0,766,735
2017-02-17,707.0,720.0,756,745
2017-02-18,710.0,722.0,746,745
2017-02-19,713.0,724.0,745,744
2017-02-20,715.0,726.0,744,743
2017-02-21,718.0,729.0,762,758
2017-02-22,721.0,732.0,772,738
2017-02-23,722.0,736.0,757,686
2017-02-24,723.0,736.0,699,687
2017-02-25,723.0,736.0,687,687
2017-02-26,723.0,736.0,687,687
2017-02-27,723.0,737.0,716,700
2017-02-28,724.0,738.0,735,708
2017-03-01,727.0,740.0,734,729
2017-03-02,728.0,743.0,763,703
2017-03-03,729.0,744.0,751,741
2017-03-04,730.0,744.0,741,740
2017-03-05,731.0,745.0,751,751
2017-03-06,730.0,746.0,773,714
2017-03-07,731.0,747.0,763,753
2017-03-08,731.0,748.0,778,715
2017-03-09,731.0,748.0,743,735
2017-03-10,733.0,751.0,842,788
2017-03-11,734.0,753.0,789,788
2017-03-12,736.0,754.0,788,787
2017-03-13,735.0,756.0,802,734
2017-03-14,735.0,755.0,734,734
2017-03-15,734.0,754.0,740,730
2017-03-16,732.0,753.0,750,697
2017-03-17,731.0,751.0,726,716
2017-03-18,730.0,750.0,716,715
2017-03-19,729.0,748.0,715,715
2017-03-20,728.0,748.0,731,705
2017-03-21,726.0,747.0,715,706
2017-03-22,724.0,746.0,711,674
2017-03-23,722.0,743.0,694,685
2017-03-24,721.0,742.0,740,727
2017-03-25,723.0,741.0,729,726
2017-03-26,724.0,742.0,727,724
2017-03-27,724.0,744.0,734,690
2017-03-28,724.0,745.0,705,688
2017-03-29,723.0,745.0,725,671
2017-03-30,722.0,744.0,701,690
2017-03-31,722.0,744.0,733,727
2017-04-01,723.0,742.0,727,727
2017-04-02,723.0,742.0,729,729
2017-04-03,721.0,742.0,741,683
2017-04-04,719.0,740.0,697,688
2017-04-05,717.0,738.0,713,649
2017-04-06,713.0,735.0,665,646
2017-04-07,712.0,732.0,683,673
2017-04-08,710.0,729.0,673,673
2017-04-09,706.0,724.0,675,675
2017-04-10,702.0,720.0,692,673
2017-04-11,699.0,717.0,701,688
2017-04-12,696.0,714.0,703,667
2017-04-13,695.0,713.0,691,680
2017-04-14,693.0,712.0,709,696
2017-04-15,693.0,710.0,697,697
2017-04-16,693.0,709.0,706,706
2017-04-17,692.0,709.0,721,667
2017-04-18,690.0,708.0,685,672
2017-04-19,689.0,707.0,691,684
2017-04-20,689.0,707.0,701,690
2017-04-21,690.0,706.0,705,695
2017-04-22,690.0,707.0,698,698
2017-04-23,689.0,705.0,700,700
2017-04-24,687.0,705.0,712,666
2017-04-25,686.0,704.0,692,677
2017-04-26,688.0,705.0,779,759
2017-04-27,686.0,707.0,765,641
2017-04-28,687.0,706.0,697,688
2017-04-29,687.0,706.0,688,688
2017-04-30,685.0,704.0,688,688
2017-05-01,684.0,704.0,715,674
2017-05-02,682.0,703.0,695,674
2017-05-03,681.0,701.0,685,650
2017-05-04,680.0,700.0,669,660
2017-05-05,681.0,699.0,687,679
2017-05-06,682.0,699.0,679,679
2017-05-07,682.0,699.0,679,679
2017-05-08,680.0,700.0,700,625
2017-05-09,679.0,699.0,648,633
2017-05-10,677.0,698.0,646,599
2017-05-11,674.0,695.0,612,595
2017-05-12,672.0,692.0,623,609
2017-05-13,669.0,689.0,611,611
2017-05-14,666.0,686.0,611,611
2017-05-15,663.0,684.0,634,602
2017-05-16,660.0,682.0,633,606
2017-05-17,657.0,678.0,623,588
2017-05-18,655.0,676.0,604,601
2017-05-19,653.0,674.0,634,627
2017-05-20,651.0,671.0,630,630
2017-05-21,649.0,669.0,637,637
2017-05-22,646.0,667.0,646,598
2017-05-23,642.0,664.0,612,591
2017-05-24,641.0,662.0,636,629
2017-05-25,638.0,661.0,662,584
2017-05-26,633.0,656.0,628,626
2017-05-27,633.0,651.0,626,626
2017-05-28,631.0,649.0,627,627
2017-05-29,629.0,647.0,630,630
2017-05-30,626.0,646.0,660,615
2017-05-31,624.0,643.0,624,601
2017-06-01,622.0,641.0,621,607
2017-06-02,621.0,639.0,636,631
2017-06-03,620.0,638.0,631,631
2017-06-04,619.0,636.0,631,631
2017-06-05,616.0,635.0,643,587
2017-06-06,613.0,632.0,615,600
2017-06-07,612.0,630.0,613,599
2017-06-08,611.0,629.0,617,593
2017-06-09,611.0,628.0,630,621
2017-06-10,612.0,628.0,621,621
2017-06-11,613.0,628.0,621,621
2017-06-12,612.0,629.0,634,579
2017-06-13,611.0,629.0,605,584
2017-06-14,610.0,628.0,599,579
2017-06-15,609.0,626.0,594,577
2017-06-16,610.0,626.0,616,608
2017-06-17,610.0,626.0,608,608
2017-06-18,609.0,625.0,609,609
2017-06-19,607.0,625.0,630,554
2017-06-20,604.0,623.0,578,560
2017-06-21,603.0,621.0,572,559
2017-06-22,602.0,620.0,579,570
2017-06-23,601.0,619.0,607,599
2017-06-24,602.0,617.0,599,599
2017-06-25,601.0,616.0,599,599
2017-06-26,598.0,615.0,605,538
2017-06-27,595.0,613.0,571,550
2017-06-28,592.0,611.0,565,543
2017-06-29,590.0,608.0,568,552
2017-06-30,590.0,607.0,594,586
2017-07-01,589.0,606.0,588,588
2017-07-02,588.0,604.0,588,588
2017-07-03,585.0,603.0,596,548
2017-07-04,582.0,600.0,548,546
2017-07-05,581.0,598.0,580,549
2017-07-06,580.0,597.0,566,558
2017-07-07,579.0,596.0,580,577
2017-07-08,578.0,594.0,579,579
2017-07-09,577.0,593.0,579,579
2017-07-10,575.0,592.0,608,567
2017-07-11,574.0,591.0,590,576
2017-07-12,574.0,590.0,593,577
2017-07-13,574.0,590.0,598,588
2017-07-14,575.0,590.0,615,605
2017-07-15,576.0,591.0,610,610
2017-07-16,576.0,590.0,610,610
2017-07-17,575.0,591.0,633,586
2017-07-18,574.0,591.0,601,593
2017-07-19,576.0,590.0,616,602
2017-07-20,578.0,592.0,618,607
2017-07-21,580.0,594.0,651,646
2017-07-22,583.0,597.0,652,652
2017-07-23,585.0,598.0,652,652
2017-07-24,585.0,601.0,663,600
2017-07-25,586.0,602.0,635,618
2017-07-26,588.0,602.0,623,604
2017-07-27,590.0,604.0,628,609
2017-07-28,593.0,607.0,651,639
2017-07-29,596.0,609.0,639,639
2017-07-30,598.0,611.0,643,643
2017-07-31,598.0,614.0,664,604
2017-08-01,599.0,615.0,625,609
2017-08-02,602.0,617.0,653,647
2017-08-03,604.0,621.0,662,606
2017-08-04,608.0,623.0,656,650
2017-08-05,611.0,626.0,651,650
2017-08-06,613.0,628.0,650,650
2017-08-07,614.0,632.0,676,617
2017-08-08,616.0,634.0,641,615
2017-08-09,617.0,634.0,622,607
2017-08-10,618.0,635.0,619,607
2017-08-11,620.0,637.0,641,633
2017-08-12,621.0,638.0,633,633
2017-08-13,622.0,638.0,633,633
2017-08-14,622.0,640.0,650,602
2017-08-15,623.0,640.0,629,623
2017-08-16,624.0,641.0,646,623
2017-08-17,625.0,642.0,632,627
2017-08-18,626.0,643.0,656,648
2017-08-19,628.0,644.0,648,648
2017-08-20,628.0,644.0,648,648
2017-08-21,626.0,644.0,663,593
2017-08-22,624.0,643.0,612,592
2017-08-23,623.0,641.0,601,580
2017-08-24,622.0,640.0,597,590
2017-08-25,624.0,641.0,647,641
2017-08-26,625.0,641.0,641,640
2017-08-27,625.0,641.0,640,640
2017-08-28,623.0,641.0,652,600
2017-08-29,622.0,640.0,617,595
2017-08-30,621.0,638.0,610,573
2017-08-31,620.0,637.0,590,586
2017-09-01,619.0,636.0,618,611
2017-09-02,619.0,634.0,612,610
2017-09-03,617.0,633.0,610,607
2017-09-04,616.0,631.0,607,605
2017-09-05,612.0,630.0,608,546
2017-09-06,610.0,626.0,562,552
2017-09-07,609.0,624.0,578,563
2017-09-08,608.0,623.0,601,591
2017-09-09,608.0,623.0,594,594
2017-09-10,606.0,621.0,596,595
2017-09-11,604.0,620.0,606,571
2017-09-12,602.0,619.0,591,574
2017-09-13,602.0,618.0,616,583
2017-09-14,600.0,616.0,595,581
2017-09-15,599.0,615.0,609,600
2017-09-16,599.0,614.0,600,600
2017-09-17,597.0,612.0,601,601
2017-09-18,595.0,611.0,622,578
2017-09-19,593.0,610.0,598,587
2017-09-20,594.0,609.0,636,620
2017-09-21,594.0,610.0,634,618
2017-09-22,597.0,612.0,661,658
2017-09-23,599.0,614.0,660,660
2017-09-24,600.0,615.0,676,676
2017-09-25,600.0,617.0,702,637
2017-09-26,600.0,617.0,656,638
2017-09-27,602.0,618.0,662,656
2017-09-28,604.0,619.0,668,654
2017-09-29,608.0,622.0,686,680
2017-09-30,611.0,625.0,681,681
2017-10-01,613.0,627.0,682,682
2017-10-02,614.0,630.0,693,639
2017-10-03,616.0,632.0,671,653
2017-10-04,618.0,634.0,672,661
2017-10-05,622.0,636.0,675,665
2017-10-06,627.0,641.0,703,700
2017-10-07,631.0,645.0,700,699
2017-10-08,635.0,648.0,699,699
2017-10-09,638.0,652.0,700,700
2017-10-10,641.0,656.0,731,666
2017-10-11,644.0,659.0,683,661
2017-10-12,647.0,662.0,693,676
2017-10-13,651.0,665.0,709,703
2017-10-14,655.0,669.0,703,702
2017-10-15,658.0,672.0,702,702
2017-10-16,660.0,676.0,712,655
2017-10-17,662.0,678.0,681,665
2017-10-18,666.0,680.0,680,672
2017-10-19,668.0,683.0,688,677
2017-10-20,671.0,686.0,715,706
2017-10-21,674.0,688.0,706,706
2017-10-22,676.0,690.0,706,706
2017-10-23,676.0,692.0,723,651
2017-10-24,675.0,692.0,674,660
2017-10-25,676.0,691.0,679,651
2017-10-26,676.0,691.0,667,645
2017-10-27,676.0,692.0,679,667
2017-10-28,677.0,692.0,667,666
2017-10-29,676.0,691.0,667,667
2017-10-30,674.0,691.0,681,605
2017-10-31,671.0,690.0,635,619
2017-11-01,670.0,688.0,634,609
2017-11-02,669.0,686.0,623,614
2017-11-03,669.0,686.0,672,665
2017-11-04,669.0,686.0,665,665
2017-11-05,668.0,685.0,665,665
2017-11-06,665.0,684.0,676,606
2017-11-07,663.0,682.0,634,629
2017-11-08,660.0,680.0,663,615
2017-11-09,660.0,678.0,669,658
2017-11-10,659.0,678.0,658,656
2017-11-11,659.0,676.0,656,656
2017-11-12,657.0,675.0,656,656
2017-11-13,654.0,673.0,669,614
2017-11-14,651.0,671.0,625,612
2017-11-15,650.0,669.0,646,622
2017-11-16,649.0,667.0,638,629
2017-11-17,648.0,666.0,649,645
2017-11-18,647.0,665.0,648,648
2017-11-19,645.0,663.0,648,648
2017-11-20,641.0,661.0,662,589
2017-11-21,638.0,658.0,618,603
2017-11-22,637.0,655.0,628,622
2017-11-23,636.0,653.0,622,622
2017-11-24,634.0,651.0,624,616
2017-11-25,633.0,650.0,616,616
2017-11-26,632.0,648.0,618,618
2017-11-27,628.0,646.0,628,564
2017-11-28,626.0,644.0,594,582
2017-11-29,626.0,642.0,620,603
2017-11-30,625.0,641.0,617,607
2017-12-01,626.0,642.0,657,644
2017-12-02,628.0,643.0,654,653
2017-12-03,627.0,643.0,653,653
2017-12-04,626.0,642.0,660,640
2017-12-05,626.0,643.0,670,660
2017-12-06,626.0,642.0,674,591
2017-12-07,625.0,642.0,612,601
2017-12-08,626.0,641.0,646,640
2017-12-09,625.0,640.0,640,640
2017-12-10,624.0,640.0,640,640
2017-12-11,623.0,640.0,660,617
2017-12-12,622.0,639.0,642,631
2017-12-13,623.0,639.0,659,626
2017-12-14,623.0,639.0,637,629
2017-12-15,624.0,640.0,660,655
2017-12-16,625.0,640.0,655,655
2017-12-17,626.0,641.0,656,656
2017-12-18,624.0,641.0,668,600
2017-12-19,623.0,641.0,628,619
2017-12-20,624.0,640.0,643,631
2017-12-21,626.0,641.0,651,642
2017-12-22,627.0,642.0,659,655
2017-12-23,628.0,643.0,655,655
2017-12-24,629.0,644.0,655,655
2017-12-25,631.0,646.0,656,656
2017-12-26,631.0,647.0,665,625
2017-12-27,632.0,647.0,632,609
2017-12-28,633.0,648.0,618,611
2017-12-29,634.0,648.0,630,627
2017-12-30,635.0,649.0,627,627
2017-12-31,634.0,648.0,628,628
2018-01-01,634.0,647.0,633,633
2018-01-02,632.0,647.0,645,600
2018-01-03,631.0,646.0,636,621
2018-01-04,630.0,645.0,629,621
2018-01-05,632.0,644.0,652,648
2018-01-06,633.0,645.0,648,648
2018-01-07,634.0,645.0,648,647
2018-01-08,632.0,646.0,661,600
2018-01-09,631.0,645.0,615,600
2018-01-10,632.0,645.0,648,641
2018-01-11,632.0,645.0,658,652
2018-01-12,634.0,646.0,693,674
2018-01-13,636.0,648.0,674,674
2018-01-14,636.0,648.0,674,674
2018-01-15,637.0,649.0,678,677
2018-01-16,636.0,650.0,685,635
2018-01-17,637.0,649.0,639,633
2018-01-18,638.0,650.0,650,638
2018-01-19,640.0,651.0,686,683
2018-01-20,641.0,652.0,683,680
2018-01-21,642.0,653.0,681,680
2018-01-22,642.0,654.0,698,656
2018-01-23,643.0,655.0,693,683
2018-01-24,646.0,659.0,763,746
2018-01-25,649.0,662.0,768,738
2018-01-26,655.0,667.0,774,763
2018-01-27,660.0,672.0,763,763
2018-01-28,664.0,676.0,763,761
2018-01-29,667.0,681.0,768,715
2018-01-30,670.0,685.0,734,725
2018-01-31,673.0,688.0,746,724
2018-02-01,678.0,692.0,751,745
2018-02-02,683.0,697.0,784,779
2018-02-03,689.0,702.0,782,781
2018-02-04,693.0,706.0,781,779
2018-02-05,696.0,711.0,796,733
2018-02-06,699.0,715.0,758,750
2018-02-07,704.0,718.0,763,739
2018-02-08,708.0,723.0,744,731
2018-02-09,712.0,726.0,763,749
2018-02-10,715.0,730.0,753,752
2018-02-11,718.0,732.0,752,751
2018-02-12,719.0,734.0,762,703
2018-02-13,720.0,736.0,724,711
2018-02-14,721.0,737.0,717,702
2018-02-15,723.0,739.0,722,710
2018-02-16,728.0,743.0,761,756
2018-02-17,731.0,746.0,757,753
2018-02-18,734.0,749.0,754,753
2018-02-19,736.0,751.0,754,753
2018-02-20,739.0,754.0,777,770
2018-02-21,741.0,757.0,788,722
2018-02-22,743.0,759.0,742,738
2018-02-23,744.0,759.0,781,776
2018-02-24,745.0,760.0,777,776
2018-02-25,746.0,760.0,778,777
2018-02-26,745.0,760.0,780,733
2018-02-27,744.0,760.0,754,737
2018-02-28,745.0,760.0,767,753
2018-03-01,747.0,762.0,777,770
2018-03-02,749.0,764.0,806,775
2018-03-03,750.0,764.0,775,773
2018-03-04,749.0,764.0,773,773
2018-03-05,747.0,764.0,786,700
2018-03-06,744.0,762.0,729,715
2018-03-07,744.0,760.0,716,715
2018-03-08,743.0,759.0,734,724
2018-03-09,743.0,758.0,751,743
2018-03-10,743.0,758.0,743,741
2018-03-11,743.0,758.0,743,741
2018-03-12,742.0,758.0,759,717
2018-03-13,741.0,758.0,745,734
2018-03-14,742.0,757.0,752,730
2018-03-15,743.0,758.0,748,736
2018-03-16,746.0,761.0,787,781
2018-03-17,748.0,763.0,783,783
2018-03-18,749.0,763.0,784,780
2018-03-19,749.0,764.0,790,741
2018-03-20,749.0,765.0,758,751
2018-03-21,749.0,765.0,754,754
2018-03-22,748.0,764.0,759,753
2018-03-23,750.0,764.0,792,783
2018-03-24,752.0,765.0,783,781
2018-03-25,752.0,766.0,782,779
2018-03-26,751.0,766.0,792,754
2018-03-27,750.0,766.0,768,747
2018-03-28,750.0,765.0,754,722
2018-03-29,749.0,764.0,743,734
2018-03-30,750.0,764.0,758,755
2018-03-31,749.0,763.0,755,754
2018-04-01,748.0,762.0,755,755
2018-04-02,746.0,761.0,759,709
2018-04-03,744.0,760.0,728,709
2018-04-04,744.0,757.0,719,704
2018-04-05,744.0,757.0,726,716
2018-04-06,745.0,758.0,742,735
2018-04-07,745.0,758.0,735,734
2018-04-08,745.0,758.0,734,733
2018-04-09,743.0,758.0,741,693
2018-04-10,742.0,757.0,719,709
2018-04-11,742.0,756.0,722,711
2018-04-12,742.0,755.0,740,731
2018-04-13,743.0,756.0,767,764
2018-04-14,744.0,756.0,764,761
2018-04-15,743.0,756.0,762,759
2018-04-16,741.0,755.0,767,707
2018-04-17,739.0,753.0,728,720
2018-04-18,737.0,751.0,737,698
2018-04-19,736.0,750.0,722,709
2018-04-20,735.0,750.0,736,724
2018-04-21,734.0,748.0,724,724
2018-04-22,732.0,746.0,726,726
2018-04-23,729.0,745.0,731,682
2018-04-24,726.0,742.0,705,690
2018-04-25,723.0,739.0,713,680
2018-04-26,721.0,737.0,690,686
2018-04-27,721.0,736.0,719,711
2018-04-28,720.0,735.0,714,714
2018-04-29,719.0,733.0,714,714
2018-04-30,717.0,733.0,747,703
2018-05-01,715.0,732.0,717,702
2018-05-02,715.0,730.0,714,690
2018-05-03,714.0,730.0,719,699
2018-05-04,715.0,730.0,737,728
2018-05-05,715.0,730.0,729,727
2018-05-06,715.0,730.0,727,726
2018-05-07,715.0,730.0,732,721
2018-05-08,713.0,730.0,744,670
2018-05-09,712.0,729.0,699,673
2018-05-10,711.0,728.0,692,686
2018-05-11,711.0,727.0,706,697
2018-05-12,710.0,726.0,697,696
2018-05-13,707.0,724.0,696,696
2018-05-14,704.0,722.0,708,648
2018-05-15,700.0,719.0,678,664
2018-05-16,700.0,717.0,706,693
2018-05-17,700.0,716.0,715,709
2018-05-18,701.0,717.0,744,736
2018-05-19,702.0,717.0,742,742
2018-05-20,703.0,718.0,746,743
2018-05-21,702.0,719.0,758,708
2018-05-22,702.0,719.0,727,711
2018-05-23,702.0,719.0,721,707
2018-05-24,703.0,719.0,725,716
2018-05-25,705.0,720.0,732,729
2018-05-26,706.0,721.0,729,727
2018-05-27,707.0,721.0,727,727
2018-05-28,707.0,722.0,733,733
2018-05-29,708.0,723.0,745,719
2018-05-30,707.0,723.0,732,698
2018-05-31,707.0,722.0,715,700
2018-06-01,708.0,723.0,728,725
2018-06-02,709.0,723.0,726,720
2018-06-03,709.0,723.0,720,719
2018-06-04,708.0,723.0,735,695
2018-06-05,707.0,722.0,706,692
2018-06-06,706.0,721.0,702,692
2018-06-07,707.0,721.0,729,718
2018-06-08,709.0,722.0,741,730
2018-06-09,711.0,723.0,730,729
2018-06-10,712.0,724.0,731,731
2018-06-11,714.0,726.0,762,760
2018-06-12,715.0,729.0,783,722
2018-06-13,716.0,730.0,729,678
2018-06-14,717.0,730.0,696,691
2018-06-15,717.0,731.0,723,715
2018-06-16,718.0,731.0,716,715
2018-06-17,717.0,730.0,715,713
2018-06-18,715.0,730.0,726,686
2018-06-19,714.0,728.0,702,699
2018-06-20,713.0,727.0,722,696
2018-06-21,713.0,727.0,717,712
2018-06-22,714.0,727.0,743,737
2018-06-23,715.0,728.0,737,735
2018-06-24,715.0,728.0,735,733
2018-06-25,715.0,728.0,747,722
2018-06-26,714.0,729.0,731,717
2018-06-27,714.0,729.0,734,707
2018-06-28,714.0,728.0,728,718
2018-06-29,715.0,729.0,749,745
2018-06-30,717.0,730.0,745,745
2018-07-01,717.0,730.0,745,745
2018-07-02,717.0,731.0,749,712
2018-07-03,717.0,731.0,717,710
2018-07-04,717.0,730.0,713,713
2018-07-05,718.0,731.0,725,717
2018-07-06,720.0,732.0,739,736
2018-07-07,720.0,732.0,736,735
2018-07-08,720.0,732.0,737,737
2018-07-09,721.0,733.0,749,738
2018-07-10,721.0,733.0,744,737
2018-07-11,719.0,733.0,752,709
2018-07-12,720.0,731.0,741,734
2018-07-13,722.0,733.0,766,762
2018-07-14,725.0,735.0,762,761
2018-07-15,726.0,736.0,761,761
2018-07-16,728.0,738.0,780,754
2018-07-17,729.0,740.0,763,751
2018-07-18,730.0,741.0,770,735
2018-07-19,732.0,743.0,751,739
2018-07-20,734.0,744.0,765,751
2018-07-21,735.0,746.0,753,753
2018-07-22,735.0,746.0,754,752
2018-07-23,735.0,747.0,760,713
2018-07-24,734.0,746.0,721,713
2018-07-25,734.0,746.0,728,724
2018-07-26,735.0,746.0,754,743
2018-07-27,737.0,748.0,769,767
2018-07-28,739.0,749.0,767,767
2018-07-29,739.0,750.0,770,769
2018-07-30,739.0,751.0,785,742
2018-07-31,739.0,751.0,751,747
2018-08-01,741.0,752.0,769,759
2018-08-02,743.0,754.0,773,771
2018-08-03,746.0,756.0,792,789
2018-08-04,748.0,758.0,792,791
2018-08-05,750.0,760.0,791,788
2018-08-06,749.0,762.0,798,727
2018-08-07,749.0,762.0,738,729
2018-08-08,749.0,762.0,743,734
2018-08-09,749.0,762.0,748,741
2018-08-10,751.0,763.0,765,752
2018-08-11,751.0,763.0,754,753
2018-08-12,751.0,763.0,755,753
2018-08-13,748.0,763.0,757,681
2018-08-14,746.0,760.0,693,685
2018-08-15,744.0,758.0,707,695
2018-08-16,742.0,756.0,716,707
2018-08-17,742.0,755.0,738,731
2018-08-18,742.0,755.0,732,731
2018-08-19,741.0,753.0,731,729
2018-08-20,738.0,753.0,740,661
2018-08-21,735.0,750.0,674,660
2018-08-22,734.0,748.0,693,685
2018-08-23,733.0,747.0,695,686
2018-08-24,733.0,747.0,718,708
2018-08-25,732.0,745.0,708,707
2018-08-26,730.0,743.0,708,707
2018-08-27,726.0,742.0,721,653
2018-08-28,723.0,739.0,685,678
2018-08-29,720.0,736.0,690,676
2018-08-30,718.0,734.0,688,683
2018-08-31,717.0,732.0,711,708
2018-09-01,715.0,730.0,708,708
2018-09-02,712.0,727.0,708,708
2018-09-03,709.0,724.0,709,708
2018-09-04,705.0,722.0,736,659
2018-09-05,703.0,718.0,674,663
2018-09-06,701.0,716.0,676,673
2018-09-07,699.0,715.0,703,691
2018-09-08,698.0,713.0,692,690
2018-09-09,696.0,710.0,691,691
2018-09-10,692.0,708.0,698,634
2018-09-11,688.0,705.0,639,631
2018-09-12,686.0,701.0,642,628
2018-09-13,684.0,699.0,645,638
2018-09-14,683.0,698.0,671,665
2018-09-15,682.0,696.0,666,664
2018-09-16,680.0,694.0,664,664
2018-09-17,676.0,693.0,697,612
2018-09-18,672.0,689.0,624,617
2018-09-19,671.0,686.0,631,627
2018-09-20,670.0,685.0,647,644
2018-09-21,670.0,684.0,684,681
2018-09-22,670.0,684.0,681,681
2018-09-23,669.0,683.0,686,686
2018-09-24,666.0,682.0,689,614
2018-09-25,663.0,679.0,621,614
2018-09-26,662.0,676.0,621,615
2018-09-27,660.0,674.0,625,620
2018-09-28,659.0,672.0,647,644
2018-09-29,657.0,671.0,644,644
2018-09-30,655.0,669.0,645,645
2018-10-01,652.0,668.0,671,605
2018-10-02,649.0,665.0,617,613
2018-10-03,645.0,662.0,625,608
2018-10-04,644.0,658.0,635,619
2018-10-05,643.0,658.0,649,643
2018-10-06,642.0,656.0,643,643
2018-10-07,641.0,654.0,643,642
2018-10-08,639.0,653.0,644,643
2018-10-09,636.0,651.0,649,596
2018-10-10,635.0,649.0,616,611
2018-10-11,635.0,648.0,625,622
2018-10-12,635.0,648.0,642,639
2018-10-13,635.0,648.0,640,639
2018-10-14,634.0,647.0,639,639
2018-10-15,634.0,647.0,678,641
2018-10-16,633.0,647.0,655,649
2018-10-17,635.0,646.0,665,658
2018-10-18,636.0,648.0,669,662
2018-10-19,637.0,649.0,667,664
2018-10-20,638.0,649.0,664,663
2018-10-21,637.0,649.0,663,662
2018-10-22,636.0,649.0,702,648
2018-10-23,635.0,648.0,655,646
2018-10-24,636.0,647.0,663,656
2018-10-25,638.0,649.0,672,668
2018-10-26,640.0,651.0,682,680
2018-10-27,642.0,653.0,680,680
2018-10-28,644.0,654.0,680,680
2018-10-29,644.0,656.0,699,664
2018-10-30,645.0,657.0,678,673
2018-10-31,648.0,658.0,692,686
2018-11-01,651.0,661.0,712,706
2018-11-02,655.0,664.0,725,714
2018-11-03,658.0,667.0,715,715
2018-11-04,660.0,669.0,715,715
2018-11-05,660.0,672.0,717,630
2018-11-06,659.0,671.0,639,623
2018-11-07,659.0,671.0,635,627
2018-11-08,659.0,670.0,630,622
2018-11-09,660.0,672.0,652,643
2018-11-10,661.0,672.0,649,649
2018-11-11,662.0,673.0,650,649
2018-11-12,662.0,673.0,649,648
2018-11-13,661.0,674.0,663,619
2018-11-14,661.0,672.0,637,632
2018-11-15,660.0,672.0,637,630
2018-11-16,660.0,671.0,644,637
2018-11-17,659.0,670.0,645,645
2018-11-18,659.0,670.0,662,662
2018-11-19,658.0,671.0,676,623
2018-11-20,657.0,670.0,637,626
2018-11-21,656.0,668.0,640,630
2018-11-22,655.0,667.0,632,632
2018-11-23,656.0,667.0,662,657
2018-11-24,655.0,667.0,664,664
2018-11-25,655.0,666.0,665,665
2018-11-26,653.0,666.0,681,635
2018-11-27,652.0,665.0,651,644
2018-11-28,652.0,664.0,666,660
2018-11-29,652.0,664.0,671,665
2018-11-30,651.0,664.0,685,671
2018-12-01,650.0,662.0,677,677
2018-12-02,649.0,661.0,678,675
2018-12-03,645.0,660.0,678,601
2018-12-04,642.0,657.0,627,623
2018-12-05,642.0,654.0,624,618
2018-12-06,642.0,654.0,639,624
2018-12-07,642.0,654.0,640,635
2018-12-08,643.0,654.0,641,641
2018-12-09,643.0,654.0,641,641
2018-12-10,643.0,656.0,703,652
2018-12-11,643.0,656.0,666,652
2018-12-12,643.0,657.0,671,657
2018-12-13,645.0,657.0,673,662
2018-12-14,646.0,658.0,677,675
2018-12-15,648.0,660.0,681,681
2018-12-16,649.0,661.0,682,682
2018-12-17,648.0,662.0,685,618
2018-12-18,647.0,661.0,630,620
2018-12-19,647.0,660.0,640,634
2018-12-20,648.0,661.0,652,641
2018-12-21,649.0,662.0,664,656
2018-12-22,649.0,662.0,657,657
2018-12-23,650.0,663.0,672,672
2018-12-24,650.0,663.0,672,672
2018-12-25,650.0,663.0,672,672
2018-12-26,651.0,663.0,677,649
2018-12-27,651.0,664.0,665,653
2018-12-28,651.0,663.0,661,652
2018-12-29,650.0,663.0,652,652
2018-12-30,650.0,662.0,652,652
2018-12-31,648.0,661.0,657,618
2019-01-01,646.0,659.0,618,618
2019-01-02,646.0,657.0,622,615
2019-01-03,647.0,658.0,639,636
2019-01-04,648.0,659.0,660,656
2019-01-05,649.0,659.0,656,656
2019-01-06,650.0,660.0,664,664
2019-01-07,651.0,662.0,711,672
2019-01-08,652.0,664.0,683,674
2019-01-09,653.0,663.0,689,682
2019-01-10,655.0,664.0,698,693
2019-01-11,656.0,666.0,714,708
2019-01-12,658.0,667.0,719,719
2019-01-13,660.0,669.0,719,719
2019-01-14,661.0,671.0,760,714
2019-01-15,662.0,673.0,744,717
2019-01-16,666.0,675.0,728,722
2019-01-17,669.0,678.0,738,734
2019-01-18,673.0,682.0,751,741
2019-01-19,676.0,685.0,741,741
2019-01-20,679.0,688.0,741,741
2019-01-21,682.0,691.0,742,741
2019-01-22,682.0,693.0,750,689
2019-01-23,683.0,694.0,699,693
2019-01-24,684.0,695.0,703,686
2019-01-25,685.0,696.0,703,691
2019-01-26,686.0,697.0,691,691
2019-01-27,688.0,698.0,703,702
2019-01-28,689.0,701.0,744,674
2019-01-29,689.0,702.0,676,671
2019-01-30,691.0,703.0,688,677
2019-01-31,693.0,706.0,690,676
2019-02-01,696.0,708.0,702,691
2019-02-02,698.0,710.0,697,697
2019-02-03,699.0,711.0,697,697
2019-02-04,699.0,713.0,709,652
2019-02-05,699.0,713.0,668,659
2019-02-06,699.0,712.0,678,668
2019-02-07,699.0,712.0,679,672
2019-02-08,698.0,712.0,686,678
2019-02-09,698.0,712.0,686,686
2019-02-10,698.0,711.0,686,686
2019-02-11,695.0,710.0,699,646
2019-02-12,692.0,708.0,647,640
2019-02-13,690.0,704.0,650,641
2019-02-14,688.0,701.0,657,642
2019-02-15,685.0,699.0,659,647
2019-02-16,682.0,696.0,653,653
2019-02-17,679.0,693.0,653,653
2019-02-18,676.0,690.0,654,653
2019-02-19,674.0,689.0,717,677
2019-02-20,672.0,687.0,677,672
2019-02-21,672.0,685.0,687,678
2019-02-22,671.0,684.0,690,682
2019-02-23,671.0,684.0,686,685
2019-02-24,671.0,683.0,685,685
2019-02-25,670.0,683.0,696,672
2019-02-26,669.0,683.0,687,671
2019-02-27,669.0,681.0,689,677
2019-02-28,670.0,682.0,694,685
2019-03-01,671.0,682.0,708,700
2019-03-02,672.0,683.0,711,710
2019-03-03,672.0,683.0,710,710
2019-03-04,671.0,684.0,711,648
2019-03-05,669.0,682.0,662,656
2019-03-06,670.0,681.0,676,665
2019-03-07,670.0,682.0,677,670
2019-03-08,671.0,682.0,689,684
2019-03-09,671.0,682.0,690,690
2019-03-10,672.0,683.0,691,690
2019-03-11,670.0,683.0,691,635
2019-03-12,668.0,681.0,647,634
2019-03-13,668.0,680.0,645,633
2019-03-14,668.0,680.0,650,643
2019-03-15,668.0,680.0,660,649
2019-03-16,669.0,680.0,659,659
2019-03-17,669.0,680.0,659,659
2019-03-18,670.0,683.0,740,671
2019-03-19,670.0,684.0,679,669
2019-03-20,671.0,685.0,682,669
2019-03-21,671.0,684.0,684,678
2019-03-22,671.0,684.0,683,680
2019-03-23,672.0,684.0,694,694
2019-03-24,672.0,684.0,694,693
2019-03-25,671.0,685.0,699,643
2019-03-26,669.0,684.0,654,640
2019-03-27,668.0,682.0,656,647
2019-03-28,668.0,681.0,659,649
2019-03-29,669.0,682.0,709,703
2019-03-30,669.0,683.0,709,708
2019-03-31,670.0,683.0,708,708
2019-04-01,668.0,683.0,709,656
2019-04-02,666.0,681.0,667,658
2019-04-03,667.0,680.0,676,672
2019-04-04,668.0,681.0,687,683
2019-04-05,668.0,681.0,696,688
2019-04-06,669.0,682.0,688,688
2019-04-07,669.0,682.0,688,688
2019-04-08,668.0,682.0,706,647
2019-04-09,667.0,681.0,662,653
2019-04-10,667.0,681.0,667,659
2019-04-11,669.0,682.0,682,675
2019-04-12,671.0,685.0,739,700
2019-04-13,673.0,687.0,712,712
2019-04-14,675.0,689.0,712,712
2019-04-15,678.0,692.0,753,745
2019-04-16,680.0,695.0,756,714
2019-04-17,682.0,695.0,736,722
2019-04-18,684.0,697.0,735,730
2019-04-19,686.0,699.0,741,735
2019-04-20,688.0,701.0,741,741
2019-04-21,690.0,703.0,741,741
2019-04-22,690.0,704.0,749,689
2019-04-23,690.0,706.0,736,704
2019-04-24,692.0,706.0,714,707
2019-04-25,695.0,708.0,717,711
2019-04-26,697.0,711.0,723,720
2019-04-27,700.0,713.0,732,732
2019-04-28,701.0,714.0,732,731
2019-04-29,701.0,716.0,765,720
2019-04-30,702.0,716.0,728,715
2019-05-01,704.0,717.0,727,719
2019-05-02,706.0,719.0,732,721
2019-05-03,708.0,721.0,736,730
2019-05-04,709.0,723.0,736,735
2019-05-05,711.0,724.0,735,735
2019-05-06,711.0,726.0,740,680
2019-05-07,711.0,726.0,693,685
2019-05-08,712.0,726.0,694,688
2019-05-09,713.0,727.0,696,688
2019-05-10,716.0,729.0,740,733
2019-05-11,717.0,731.0,733,727
2019-05-12,718.0,730.0,727,727
2019-05-13,717.0,731.0,727,677
2019-05-14,716.0,730.0,684,670
2019-05-15,714.0,728.0,692,687
2019-05-16,713.0,726.0,698,686
2019-05-17,713.0,726.0,731,729
2019-05-18,713.0,726.0,734,733
2019-05-19,715.0,727.0,785,785
2019-05-20,714.0,729.0,786,726
2019-05-21,714.0,729.0,735,730
2019-05-22,715.0,728.0,738,733
2019-05-23,717.0,729.0,750,747
2019-05-24,719.0,730.0,763,761
2019-05-25,721.0,732.0,780,780
2019-05-26,723.0,734.0,782,781
2019-05-27,724.0,736.0,782,746
2019-05-28,724.0,737.0,755,750
2019-05-29,725.0,737.0,764,758
2019-05-30,727.0,738.0,769,758
2019-05-31,729.0,740.0,774,774
2019-06-01,730.0,741.0,776,776
2019-06-02,732.0,743.0,783,783
2019-06-03,732.0,745.0,796,719
2019-06-04,731.0,745.0,731,725
2019-06-05,733.0,745.0,747,736
2019-06-06,735.0,747.0,756,747
2019-06-07,737.0,749.0,762,749
2019-06-08,740.0,752.0,765,765
2019-06-09,741.0,752.0,765,764
2019-06-10,741.0,753.0,767,731
2019-06-11,741.0,754.0,737,725
2019-06-12,743.0,754.0,746,741
2019-06-13,745.0,756.0,744,737
2019-06-14,748.0,759.0,777,770
2019-06-15,751.0,762.0,776,775
2019-06-16,753.0,763.0,775,775
2019-06-17,754.0,765.0,780,771
2019-06-18,753.0,765.0,777,768
2019-06-19,753.0,765.0,791,727
2019-06-20,754.0,765.0,751,746
2019-06-21,755.0,767.0,788,775
2019-06-22,757.0,768.0,786,786
2019-06-23,757.0,769.0,786,786
2019-06-24,756.0,769.0,794,726
2019-06-25,754.0,768.0,732,726
2019-06-26,753.0,766.0,739,734
2019-06-27,753.0,766.0,739,730
2019-06-28,753.0,766.0,781,776
2019-06-29,754.0,767.0,786,786
2019-06-30,755.0,767.0,787,787
2019-07-01,753.0,768.0,789,710
2019-07-02,750.0,766.0,720,711
2019-07-03,750.0,763.0,726,715
2019-07-04,750.0,763.0,719,719
2019-07-05,750.0,763.0,737,729
2019-07-06,749.0,762.0,735,735
2019-07-07,749.0,761.0,743,743
2019-07-08,746.0,761.0,752,686
2019-07-09,744.0,758.0,692,686
2019-07-10,742.0,756.0,698,694
2019-07-11,742.0,755.0,703,700
2019-07-12,741.0,754.0,716,707
2019-07-13,740.0,753.0,712,712
2019-07-14,738.0,751.0,712,710
2019-07-15,734.0,749.0,713,659
2019-07-16,730.0,745.0,678,675
2019-07-17,728.0,743.0,695,691
2019-07-18,726.0,740.0,703,700
2019-07-19,727.0,740.0,788,783
2019-07-20,729.0,741.0,785,784
2019-07-21,729.0,743.0,834,771
2019-07-22,727.0,742.0,775,745
2019-07-23,726.0,741.0,757,747
2019-07-24,727.0,740.0,761,751
2019-07-25,728.0,741.0,760,755
2019-07-26,729.0,742.0,770,765
2019-07-27,730.0,743.0,772,771
2019-07-28,730.0,743.0,771,771
2019-07-29,728.0,743.0,777,723
2019-07-30,726.0,741.0,733,727
2019-07-31,727.0,739.0,741,735
2019-08-01,728.0,740.0,753,742
2019-08-02,729.0,742.0,766,764
2019-08-03,731.0,744.0,794,780
2019-08-04,733.0,746.0,782,782
2019-08-05,732.0,747.0,783,711
2019-08-06,731.0,746.0,713,706
2019-08-07,732.0,745.0,724,713
2019-08-08,733.0,746.0,721,717
2019-08-09,735.0,748.0,743,739
2019-08-10,737.0,750.0,775,760
2019-08-11,738.0,752.0,760,760
2019-08-12,739.0,753.0,761,720
2019-08-13,739.0,754.0,721,716
2019-08-14,741.0,754.0,727,720
2019-08-15,742.0,756.0,733,725
2019-08-16,744.0,758.0,754,748
2019-08-17,747.0,760.0,774,774
2019-08-18,747.0,760.0,774,774
2019-08-19,744.0,760.0,780,695
2019-08-20,741.0,755.0,704,690
2019-08-21,739.0,753.0,705,693
2019-08-22,737.0,751.0,703,696
2019-08-23,736.0,750.0,720,709
2019-08-24,735.0,749.0,724,724
2019-08-25,734.0,747.0,724,723
2019-08-26,730.0,746.0,729,667
2019-08-27,726.0,742.0,672,656
2019-08-28,724.0,738.0,662,652
2019-08-29,721.0,736.0,654,647
2019-08-30,719.0,733.0,666,656
2019-08-31,716.0,730.0,666,665
2019-09-01,714.0,728.0,701,701
2019-09-02,709.0,725.0,707,632
2019-09-03,705.0,722.0,669,665
2019-09-04,704.0,718.0,676,675
2019-09-05,703.0,717.0,678,667
2019-09-06,701.0,716.0,688,677
2019-09-07,700.0,714.0,684,682
2019-09-08,698.0,712.0,683,683
2019-09-09,695.0,710.0,686,649
2019-09-10,691.0,706.0,651,646
2019-09-11,689.0,702.0,659,654
2019-09-12,687.0,700.0,662,655
2019-09-13,685.0,699.0,675,669
2019-09-14,683.0,697.0,677,676
2019-09-15,681.0,694.0,676,674
2019-09-16,676.0,691.0,676,619
2019-09-17,671.0,686.0,623,621
2019-09-18,669.0,682.0,647,639
2019-09-19,667.0,680.0,654,651
2019-09-20,666.0,679.0,667,658
2019-09-21,666.0,678.0,674,673
2019-09-22,664.0,676.0,678,678
2019-09-23,661.0,675.0,689,628
2019-09-24,658.0,672.0,638,631
2019-09-25,657.0,670.0,649,639
2019-09-26,657.0,669.0,650,644
2019-09-27,658.0,670.0,695,690
2019-09-28,660.0,672.0,704,703
2019-09-29,662.0,673.0,707,707
2019-09-30,661.0,675.0,713,648
2019-10-01,659.0,673.0,656,625
2019-10-02,659.0,671.0,646,632
2019-10-03,657.0,670.0,635,624
2019-10-04,656.0,668.0,632,623
2019-10-05,654.0,667.0,632,631
2019-10-06,653.0,665.0,632,632
2019-10-07,649.0,663.0,634,560
2019-10-08,644.0,659.0,562,554
2019-10-09,642.0,656.0,572,561
2019-10-10,638.0,653.0,562,552
2019-10-11,636.0,650.0,583,578
2019-10-12,634.0,648.0,593,591
2019-10-13,631.0,645.0,591,591
2019-10-14,627.0,642.0,593,543
2019-10-15,622.0,638.0,547,539
2019-10-16,620.0,633.0,544,541
2019-10-17,617.0,631.0,545,542
2019-10-18,615.0,629.0,582,574
2019-10-19,613.0,626.0,587,587
2019-10-20,610.0,624.0,588,587
2019-10-21,606.0,621.0,588,542
2019-10-22,601.0,616.0,544,536
2019-10-23,598.0,612.0,553,547
2019-10-24,596.0,609.0,555,550
2019-10-25,593.0,606.0,564,560
2019-10-26,591.0,604.0,577,575
2019-10-27,587.0,600.0,575,575
2019-10-28,581.0,596.0,578,526
2019-10-29,575.0,590.0,533,524
2019-10-30,571.0,584.0,543,539
2019-10-31,568.0,580.0,540,537
2019-11-01,566.0,577.0,550,546
2019-11-02,563.0,575.0,557,557
2019-11-03,561.0,572.0,558,558
2019-11-04,556.0,570.0,574,488
2019-11-05,552.0,566.0,497,492
2019-11-06,550.0,561.0,503,496
2019-11-07,548.0,560.0,509,501
2019-11-08,546.0,558.0,513,508
2019-11-09,545.0,556.0,522,522
2019-11-10,543.0,554.0,522,522
2019-11-11,539.0,552.0,524,456
2019-11-12,534.0,548.0,460,457
2019-11-13,532.0,544.0,476,469
2019-11-14,530.0,541.0,479,475
2019-11-15,528.0,539.0,481,477
2019-11-16,526.0,538.0,493,493
2019-11-17,523.0,535.0,494,494
2019-11-18,519.0,532.0,502,450
2019-11-19,514.0,527.0,458,450
2019-11-20,511.0,523.0,467,455
2019-11-21,508.0,520.0,457,449
2019-11-22,506.0,518.0,469,465
2019-11-23,503.0,515.0,474,474
2019-11-24,500.0,512.0,474,474
2019-11-25,495.0,509.0,480,431
2019-11-26,490.0,504.0,438,429
2019-11-27,488.0,500.0,444,440
2019-11-28,485.0,497.0,440,440
2019-11-29,482.0,493.0,446,444
2019-11-30,479.0,491.0,465,465
2019-12-01,477.0,488.0,465,465
2019-12-02,472.0,485.0,471,408
2019-12-03,467.0,481.0,428,425
2019-12-04,465.0,476.0,443,437
2019-12-05,464.0,475.0,439,436
2019-12-06,462.0,473.0,455,450
2019-12-07,461.0,472.0,466,464
2019-12-08,459.0,470.0,464,464
2019-12-09,456.0,468.0,467,431
2019-12-10,453.0,465.0,433,427
2019-12-11,453.0,462.0,444,441
2019-12-12,452.0,462.0,445,439
2019-12-13,451.0,461.0,447,440
2019-12-14,450.0,460.0,458,458
2019-12-15,450.0,460.0,459,459
2019-12-16,446.0,458.0,462,388
2019-12-17,443.0,455.0,392,388
2019-12-18,441.0,452.0,401,399
2019-12-19,439.0,450.0,402,397
2019-12-20,438.0,448.0,419,416
2019-12-21,438.0,448.0,437,437
2019-12-22,437.0,446.0,437,437
2019-12-23,434.0,445.0,440,399
2019-12-24,432.0,443.0,399,399
2019-12-25,431.0,440.0,399,399
2019-12-26,430.0,439.0,399,394
2019-12-27,429.0,439.0,436,435
2019-12-28,430.0,439.0,446,445
2019-12-29,430.0,439.0,445,444
2019-12-30,428.0,438.0,447,418
2019-12-31,426.0,437.0,419,417
2020-01-01,427.0,435.0,419,419
2020-01-02,427.0,435.0,422,421
2020-01-03,427.0,435.0,443,441
2020-01-04,428.0,436.0,464,464
2020-01-05,428.0,436.0,464,463
2020-01-06,427.0,436.0,470,434
2020-01-07,426.0,435.0,444,435
2020-01-08,427.0,435.0,451,445
2020-01-09,427.0,435.0,448,441
2020-01-10,427.0,435.0,450,448
2020-01-11,428.0,436.0,468,468
2020-01-12,429.0,437.0,468,468
2020-01-13,428.0,437.0,471,426
2020-01-14,427.0,436.0,430,428
2020-01-15,429.0,436.0,443,439
2020-01-16,431.0,437.0,441,440
2020-01-17,432.0,439.0,456,453
2020-01-18,434.0,441.0,454,454
2020-01-19,436.0,443.0,470,470
2020-01-20,435.0,444.0,473,409
2020-01-21,434.0,443.0,413,404
2020-01-22,435.0,443.0,425,422
2020-01-23,436.0,444.0,432,429
2020-01-24,437.0,445.0,447,446
2020-01-25,439.0,447.0,457,456
2020-01-26,440.0,448.0,456,456
2020-01-27,439.0,448.0,458,420
2020-01-28,438.0,448.0,425,418
2020-01-29,439.0,447.0,439,432
2020-01-30,439.0,448.0,435,429
2020-01-31,440.0,449.0,456,451
2020-02-01,442.0,451.0,475,475
2020-02-02,443.0,452.0,475,474
2020-02-03,442.0,452.0,479,420
2020-02-04,441.0,452.0,444,440
2020-02-05,442.0,451.0,454,451
2020-02-06,442.0,452.0,452,443
2020-02-07,442.0,452.0,458,454
2020-02-08,443.0,453.0,477,477
2020-02-09,444.0,454.0,478,478
2020-02-10,444.0,454.0,489,447
2020-02-11,443.0,454.0,458,457
2020-02-12,445.0,454.0,475,470
2020-02-13,446.0,456.0,479,475
2020-02-14,448.0,457.0,487,484
2020-02-15,450.0,459.0,500,500
2020-02-16,451.0,461.0,502,501
2020-02-17,451.0,462.0,502,440
2020-02-18,450.0,461.0,443,433
2020-02-19,451.0,461.0,446,438
2020-02-20,452.0,462.0,451,450
2020-02-21,454.0,463.0,468,465
2020-02-22,455.0,465.0,483,483
2020-02-23,457.0,466.0,483,483
2020-02-24,457.0,468.0,498,461
2020-02-25,458.0,468.0,483,477
2020-02-26,459.0,469.0,489,475
2020-02-27,461.0,471.0,483,478
2020-02-28,463.0,473.0,496,491
2020-02-29,466.0,476.0,511,511
2020-03-01,468.0,478.0,511,511
2020-03-02,467.0,479.0,516,445
2020-03-03,466.0,479.0,465,457
2020-03-04,468.0,478.0,471,459
2020-03-05,469.0,479.0,466,463
2020-03-06,469.0,480.0,478,467
2020-03-07,470.0,481.0,473,473
2020-03-08,471.0,481.0,474,474
2020-03-09,470.0,481.0,480,441
2020-03-10,468.0,480.0,445,437
2020-03-11,468.0,479.0,453,445
2020-03-12,467.0,479.0,449,436
2020-03-13,467.0,478.0,456,450
2020-03-14,466.0,478.0,466,465
2020-03-15,466.0,477.0,466,466
2020-03-16,463.0,476.0,468,421
2020-03-17,460.0,473.0,422,420
2020-03-18,460.0,471.0,423,421
2020-03-19,459.0,470.0,423,416
2020-03-20,459.0,469.0,426,424
2020-03-21,458.0,468.0,430,430
2020-03-22,457.0,467.0,430,427
2020-03-23,454.0,465.0,430,400
2020-03-24,451.0,463.0,403,402
2020-03-25,449.0,460.0,403,402
2020-03-26,447.0,457.0,402,399
2020-03-27,444.0,454.0,400,386
2020-03-28,441.0,451.0,395,395
2020-03-29,438.0,448.0,395,395
2020-03-30,432.0,444.0,398,346
2020-03-31,427.0,439.0,354,345
2020-04-01,424.0,433.0,346,343
2020-04-02,420.0,429.0,343,341
2020-04-03,416.0,425.0,353,350
2020-04-04,413.0,422.0,364,364
2020-04-05,409.0,418.0,364,364
2020-04-06,404.0,414.0,364,330
2020-04-07,400.0,410.0,338,334
2020-04-08,396.0,405.0,334,327
2020-04-09,392.0,401.0,327,326
2020-04-10,388.0,397.0,330,315
2020-04-11,384.0,392.0,315,315
2020-04-12,380.0,388.0,333,333
2020-04-13,375.0,384.0,340,307
2020-04-14,370.0,379.0,311,309
2020-04-15,366.0,374.0,311,307
2020-04-16,362.0,370.0,307,307
2020-04-17,358.0,366.0,312,310
2020-04-18,355.0,362.0,310,310
2020-04-19,352.0,359.0,335,335
2020-04-20,347.0,356.0,336,292
2020-04-21,343.0,352.0,293,291
2020-04-22,339.0,347.0,292,292
2020-04-23,335.0,343.0,293,290
2020-04-24,332.0,340.0,291,290
2020-04-25,328.0,336.0,290,290
2020-04-26,325.0,332.0,301,301
2020-04-27,322.0,329.0,302,287
2020-04-28,318.0,326.0,294,293
2020-04-29,316.0,323.0,293,293
2020-04-30,315.0,321.0,294,293
2020-05-01,313.0,319.0,296,296
2020-05-02,312.0,317.0,296,296
2020-05-03,310.0,316.0,317,317
2020-05-04,308.0,315.0,318,282
2020-05-05,305.0,312.0,286,286
2020-05-06,304.0,309.0,286,286
2020-05-07,302.0,308.0,288,287
2020-05-08,301.0,306.0,290,287
2020-05-09,299.0,305.0,287,287
2020-05-10,299.0,304.0,295,295
2020-05-11,297.0,303.0,298,275
2020-05-12,296.0,301.0,276,275
2020-05-13,295.0,299.0,285,282
2020-05-14,294.0,298.0,282,281
2020-05-15,293.0,298.0,284,284
2020-05-16,293.0,297.0,303,303
2020-05-17,293.0,297.0,311,311
2020-05-18,292.0,297.0,311,276
2020-05-19,290.0,296.0,278,276
2020-05-20,289.0,294.0,279,278
2020-05-21,289.0,293.0,279,279
2020-05-22,289.0,293.0,287,286
2020-05-23,289.0,293.0,302,302
2020-05-24,290.0,294.0,302,302
2020-05-25,289.0,294.0,302,277
2020-05-26,288.0,293.0,281,281
2020-05-27,288.0,293.0,283,282
2020-05-28,288.0,292.0,284,284
2020-05-29,288.0,292.0,286,285
2020-05-30,288.0,292.0,303,303
2020-05-31,288.0,293.0,303,303
2020-06-01,288.0,293.0,308,280
2020-06-02,286.0,292.0,283,278
2020-06-03,286.0,291.0,280,280
2020-06-04,286.0,291.0,282,282
2020-06-05,286.0,291.0,289,289
2020-06-06,287.0,291.0,301,301
2020-06-07,287.0,292.0,301,301
2020-06-08,287.0,292.0,304,279
2020-06-09,286.0,292.0,280,278
2020-06-10,287.0,291.0,279,278
2020-06-11,287.0,291.0,282,282
2020-06-12,287.0,291.0,285,284
2020-06-13,287.0,292.0,294,294
2020-06-14,288.0,292.0,294,294
2020-06-15,287.0,292.0,297,280
2020-06-16,286.0,291.0,281,277
2020-06-17,286.0,290.0,281,280
2020-06-18,286.0,290.0,281,281
2020-06-19,286.0,290.0,290,290
2020-06-20,287.0,291.0,305,304
2020-06-21,288.0,292.0,304,304
2020-06-22,287.0,292.0,304,283
2020-06-23,287.0,291.0,290,289
2020-06-24,287.0,291.0,292,291
2020-06-25,288.0,291.0,294,292
2020-06-26,288.0,292.0,298,298
2020-06-27,289.0,293.0,311,311
2020-06-28,290.0,294.0,311,311
2020-06-29,290.0,294.0,319,297
2020-06-30,290.0,294.0,298,297
2020-07-01,290.0,294.0,308,308
2020-07-02,292.0,295.0,313,311
2020-07-03,293.0,297.0,329,329
2020-07-04,295.0,298.0,331,331
2020-07-05,296.0,300.0,331,331
2020-07-06,296.0,301.0,333,307
2020-07-07,297.0,301.0,307,307
2020-07-08,298.0,301.0,314,313
2020-07-09,299.0,302.0,314,314
2020-07-10,300.0,304.0,322,319
2020-07-11,302.0,305.0,326,326
2020-07-12,303.0,307.0,326,326
2020-07-13,304.0,308.0,327,306
2020-07-14,304.0,308.0,309,309
2020-07-15,305.0,309.0,311,309
2020-07-16,306.0,310.0,310,309
2020-07-17,308.0,311.0,326,325
2020-07-18,309.0,313.0,337,337
2020-07-19,311.0,315.0,338,338
2020-07-20,311.0,316.0,340,296
2020-07-21,310.0,316.0,298,295
2020-07-22,311.0,316.0,302,302
2020-07-23,312.0,316.0,306,304
2020-07-24,312.0,317.0,308,308
2020-07-25,313.0,317.0,321,321
2020-07-26,314.0,318.0,321,321
2020-07-27,314.0,319.0,325,301
2020-07-28,313.0,318.0,304,304
2020-07-29,314.0,318.0,308,307
2020-07-30,314.0,319.0,312,311
2020-07-31,315.0,319.0,322,322
2020-08-01,316.0,320.0,337,337
2020-08-02,316.0,320.0,338,338
2020-08-03,314.0,320.0,342,286
2020-08-04,313.0,319.0,292,289
2020-08-05,312.0,318.0,292,291
2020-08-06,312.0,318.0,297,295
2020-08-07,312.0,317.0,301,301
2020-08-08,312.0,317.0,314,314
2020-08-09,311.0,317.0,314,314
2020-08-10,310.0,317.0,318,291
2020-08-11,309.0,315.0,293,291
2020-08-12,309.0,314.0,297,297
2020-08-13,308.0,314.0,303,301
2020-08-14,308.0,314.0,305,305
2020-08-15,309.0,314.0,321,321
2020-08-16,309.0,314.0,321,321
2020-08-17,307.0,314.0,325,297
2020-08-18,306.0,313.0,307,307
2020-08-19,307.0,312.0,308,305
2020-08-20,307.0,312.0,310,309
2020-08-21,307.0,313.0,315,315
2020-08-22,308.0,313.0,325,325
2020-08-23,309.0,314.0,325,325
2020-08-24,308.0,314.0,330,304
2020-08-25,308.0,314.0,308,304
2020-08-26,308.0,313.0,307,305
2020-08-27,308.0,313.0,307,305
2020-08-28,308.0,313.0,309,308
2020-08-29,308.0,314.0,327,327
2020-08-30,308.0,314.0,327,327
2020-08-31,308.0,314.0,333,313
2020-09-01,307.0,313.0,317,315
2020-09-02,308.0,312.0,317,316
2020-09-03,309.0,313.0,319,318
2020-09-04,310.0,314.0,320,319
2020-09-05,311.0,315.0,319,319
2020-09-06,311.0,315.0,319,319
2020-09-07,311.0,316.0,321,310
2020-09-08,311.0,316.0,313,310
2020-09-09,312.0,315.0,312,311
2020-09-10,312.0,316.0,312,312
2020-09-11,313.0,317.0,319,319
2020-09-12,314.0,317.0,319,319
2020-09-13,314.0,318.0,319,319
2020-09-14,314.0,318.0,319,308
2020-09-15,313.0,317.0,310,309
2020-09-16,314.0,317.0,309,308
2020-09-17,314.0,317.0,308,308
2020-09-18,314.0,317.0,309,309
2020-09-19,314.0,317.0,309,309
2020-09-20,314.0,317.0,309,309
2020-09-21,312.0,316.0,309,288
2020-09-22,311.0,315.0,291,289
2020-09-23,311.0,314.0,289,288
2020-09-24,310.0,313.0,289,287
2020-09-25,309.0,312.0,287,285
2020-09-26,309.0,312.0,286,286
2020-09-27,308.0,311.0,286,286
2020-09-28,306.0,309.0,288,263
2020-09-29,304.0,308.0,270,269
2020-09-30,303.0,306.0,271,270
2020-10-01,301.0,304.0,274,273
2020-10-02,300.0,303.0,277,276
2020-10-03,298.0,301.0,278,278
2020-10-04,297.0,300.0,278,278
2020-10-05,295.0,299.0,283,261
2020-10-06,294.0,297.0,270,270
2020-10-07,292.0,296.0,277,276
2020-10-08,291.0,295.0,280,279
2020-10-09,290.0,294.0,285,281
2020-10-10,289.0,293.0,281,281
2020-10-11,288.0,291.0,281,281
2020-10-12,287.0,290.0,281,272
2020-10-13,285.0,289.0,274,272
2020-10-14,284.0,287.0,278,275
2020-10-15,283.0,286.0,287,286
2020-10-16,282.0,286.0,288,287
2020-10-17,282.0,285.0,287,287
2020-10-18,281.0,284.0,288,288
2020-10-19,280.0,284.0,290,267
2020-10-20,278.0,282.0,270,269
2020-10-21,278.0,281.0,273,272
2020-10-22,277.0,281.0,276,274
2020-10-23,277.0,280.0,279,279
2020-10-24,277.0,280.0,279,279
2020-10-25,276.0,280.0,281,280
2020-10-26,276.0,280.0,283,261
2020-10-27,275.0,279.0,267,267
2020-10-28,275.0,278.0,268,267
2020-10-29,275.0,278.0,270,269
2020-10-30,275.0,278.0,270,268
2020-10-31,275.0,278.0,268,268
2020-11-01,275.0,278.0,268,268
2020-11-02,274.0,278.0,277,248
2020-11-03,273.0,277.0,255,255
2020-11-04,273.0,276.0,258,254
2020-11-05,272.0,276.0,261,259
2020-11-06,272.0,276.0,262,260
2020-11-07,271.0,275.0,260,260
2020-11-08,270.0,274.0,260,260
2020-11-09,270.0,274.0,268,260
2020-11-10,269.0,273.0,268,266
2020-11-11,269.0,273.0,268,267
2020-11-12,269.0,273.0,269,267
2020-11-13,269.0,272.0,276,272
2020-11-14,268.0,272.0,272,272
2020-11-15,268.0,271.0,273,273
2020-11-16,267.0,271.0,278,270
2020-11-17,267.0,271.0,279,276
2020-11-18,268.0,271.0,290,289
2020-11-19,269.0,272.0,302,297
2020-11-20,270.0,273.0,309,309
2020-11-21,271.0,274.0,310,310
2020-11-22,272.0,275.0,310,310
2020-11-23,273.0,277.0,340,320
2020-11-24,275.0,279.0,321,321
2020-11-25,277.0,280.0,323,320
2020-11-26,278.0,282.0,320,320
2020-11-27,281.0,284.0,330,330
2020-11-28,283.0,286.0,330,330
2020-11-29,285.0,288.0,330,330
2020-11-30,286.0,290.0,340,318
2020-12-01,288.0,292.0,326,325
2020-12-02,290.0,294.0,335,309
2020-12-03,292.0,296.0,322,319
2020-12-04,295.0,299.0,331,329
2020-12-05,297.0,301.0,329,329
2020-12-06,300.0,303.0,330,330
2020-12-07,301.0,306.0,335,302
2020-12-08,303.0,308.0,314,311
2020-12-09,305.0,309.0,317,315
2020-12-10,306.0,311.0,324,320
2020-12-11,308.0,313.0,332,331
2020-12-12,311.0,315.0,332,332
2020-12-13,313.0,317.0,332,332
2020-12-14,314.0,319.0,334,317
2020-12-15,316.0,321.0,324,323
2020-12-16,318.0,322.0,323,323
2020-12-17,319.0,324.0,329,329
2020-12-18,321.0,326.0,339,338
2020-12-19,322.0,327.0,339,339
2020-12-20,323.0,328.0,339,339
2020-12-21,325.0,329.0,352,345
2020-12-22,326.0,331.0,347,346
2020-12-23,327.0,331.0,360,360
2020-12-24,328.0,333.0,361,361
2020-12-25,330.0,334.0,361,361
2020-12-26,331.0,335.0,361,361
2020-12-27,332.0,336.0,361,361
2020-12-28,333.0,337.0,363,362
2020-12-29,334.0,339.0,365,363
2020-12-30,336.0,340.0,368,367
2020-12-31,337.0,341.0,368,366
2021-01-01,339.0,342.0,366,366
2021-01-02,341.0,343.0,366,366
2021-01-03,342.0,345.0,367,367
2021-01-04,342.0,346.0,384,338
2021-01-05,343.0,347.0,346,344
2021-01-06,344.0,347.0,347,346
2021-01-07,346.0,349.0,354,352
2021-01-08,347.0,350.0,361,359
2021-01-09,348.0,351.0,359,359
2021-01-10,349.0,352.0,359,359
2021-01-11,350.0,353.0,362,340
2021-01-12,350.0,354.0,351,349
2021-01-13,351.0,355.0,355,353
2021-01-14,353.0,356.0,362,360
2021-01-15,354.0,357.0,371,367
2021-01-16,355.0,359.0,367,367
2021-01-17,356.0,360.0,367,367
2021-01-18,356.0,361.0,368,330
2021-01-19,356.0,361.0,342,340
2021-01-20,356.0,361.0,348,343
2021-01-21,356.0,361.0,346,343
2021-01-22,355.0,360.0,348,347
2021-01-23,355.0,360.0,347,347
2021-01-24,355.0,359.0,347,347
2021-01-25,354.0,359.0,355,351
2021-01-26,354.0,359.0,355,354
2021-01-27,354.0,359.0,380,376
2021-01-28,355.0,360.0,384,381
2021-01-29,356.0,361.0,388,383
2021-01-30,356.0,361.0,384,384
2021-01-31,357.0,362.0,385,384
2021-02-01,359.0,364.0,429,428
2021-02-02,358.0,366.0,431,345
2021-02-03,358.0,365.0,351,348
2021-02-04,359.0,365.0,358,357
2021-02-05,359.0,366.0,359,358
2021-02-06,360.0,366.0,359,359
2021-02-07,360.0,366.0,359,359
2021-02-08,359.0,366.0,372,352
2021-02-09,359.0,366.0,353,351
2021-02-10,359.0,366.0,353,351
2021-02-11,359.0,366.0,351,348
2021-02-12,359.0,366.0,350,347
2021-02-13,359.0,365.0,347,347
2021-02-14,358.0,364.0,347,347
2021-02-15,357.0,364.0,347,347
2021-02-16,357.0,364.0,369,369
2021-02-17,359.0,364.0,371,368
2021-02-18,360.0,365.0,368,368
2021-02-19,360.0,365.0,370,369
2021-02-20,361.0,366.0,376,362
2021-02-21,362.0,367.0,362,362
2021-02-22,361.0,368.0,365,324
2021-02-23,360.0,367.0,325,322
2021-02-24,359.0,366.0,328,327
2021-02-25,358.0,365.0,334,332
2021-02-26,357.0,364.0,338,335
2021-02-27,356.0,362.0,336,336
2021-02-28,354.0,360.0,336,336
2021-03-01,351.0,359.0,340,303
2021-03-02,349.0,356.0,306,303
2021-03-03,345.0,352.0,310,310
2021-03-04,344.0,348.0,313,313
2021-03-05,342.0,347.0,315,312
2021-03-06,341.0,346.0,313,313
2021-03-07,340.0,344.0,313,313
2021-03-08,337.0,343.0,315,291
2021-03-09,335.0,341.0,301,299
2021-03-10,333.0,338.0,303,295
2021-03-11,331.0,337.0,297,292
2021-03-12,329.0,335.0,298,292
2021-03-13,328.0,333.0,293,293
2021-03-14,326.0,331.0,293,293
2021-03-15,324.0,329.0,297,281
2021-03-16,321.0,327.0,285,282
2021-03-17,319.0,325.0,285,282
2021-03-18,316.0,322.0,287,284
2021-03-19,314.0,320.0,293,290
2021-03-20,311.0,317.0,290,290
2021-03-21,309.0,315.0,290,290
2021-03-22,306.0,312.0,294,273
2021-03-23,303.0,309.0,275,271
2021-03-24,301.0,306.0,277,276
2021-03-25,299.0,304.0,279,275
2021-03-26,298.0,303.0,281,281
2021-03-27,296.0,301.0,281,281
2021-03-28,294.0,299.0,281,281
2021-03-29,293.0,298.0,284,283
2021-03-30,291.0,296.0,290,280
2021-03-31,290.0,294.0,282,280
2021-04-01,289.0,293.0,283,281
2021-04-02,289.0,293.0,293,291
2021-04-03,288.0,292.0,291,291
2021-04-04,287.0,291.0,291,291
2021-04-05,285.0,291.0,294,260
2021-04-06,284.0,289.0,261,258
2021-04-07,283.0,287.0,261,261
2021-04-08,281.0,286.0,265,260
2021-04-09,280.0,285.0,270,270
2021-04-10,280.0,284.0,271,271
2021-04-11,279.0,283.0,271,270
2021-04-12,278.0,282.0,272,250
2021-04-13,276.0,281.0,253,251
2021-04-14,275.0,280.0,256,255
2021-04-15,275.0,279.0,263,259
2021-04-16,274.0,279.0,278,277
2021-04-17,274.0,278.0,278,278
2021-04-18,274.0,278.0,278,278
2021-04-19,274.0,279.0,340,297
2021-04-20,274.0,280.0,304,301
2021-04-21,276.0,281.0,333,328
2021-04-22,280.0,285.0,381,381
2021-04-23,283.0,288.0,389,383
2021-04-24,287.0,292.0,384,384
2021-04-25,290.0,295.0,384,384
2021-04-26,293.0,299.0,385,362
2021-04-27,296.0,302.0,367,367
2021-04-28,299.0,305.0,369,369
2021-04-29,302.0,307.0,377,375
2021-04-30,306.0,311.0,389,389
2021-05-01,309.0,315.0,389,389
2021-05-02,313.0,318.0,390,390
2021-05-03,316.0,323.0,437,404
2021-05-04,320.0,326.0,406,404
2021-05-05,325.0,330.0,410,409
2021-05-06,330.0,336.0,415,412
2021-05-07,336.0,341.0,425,425
2021-05-08,341.0,346.0,425,425
2021-05-09,346.0,352.0,428,428
2021-05-10,351.0,357.0,433,412
2021-05-11,356.0,362.0,416,416
2021-05-12,362.0,367.0,423,423
2021-05-13,368.0,373.0,427,426
2021-05-14,374.0,379.0,452,448
2021-05-15,381.0,386.0,453,453
2021-05-16,386.0,391.0,454,454
2021-05-17,391.0,398.0,462,424
2021-05-18,396.0,403.0,435,428
2021-05-19,401.0,406.0,437,431
2021-05-20,405.0,410.0,435,429
2021-05-21,409.0,414.0,452,445
2021-05-22,411.0,417.0,448,448
2021-05-23,413.0,418.0,448,447
2021-05-24,415.0,421.0,451,423
2021-05-25,416.0,422.0,433,429
2021-05-26,418.0,424.0,434,432
2021-05-27,421.0,426.0,439,438
2021-05-28,423.0,429.0,451,448
2021-05-29,426.0,432.0,448,448
2021-05-30,428.0,433.0,448,448
2021-05-31,429.0,435.0,448,421
2021-06-01,430.0,436.0,422,417
2021-06-02,430.0,436.0,417,408
2021-06-03,430.0,436.0,410,408
2021-06-04,430.0,436.0,408,405
2021-06-05,430.0,436.0,405,405
2021-06-06,429.0,435.0,405,405
2021-06-07,428.0,434.0,405,388
2021-06-08,426.0,433.0,388,384
2021-06-09,425.0,431.0,384,383
2021-06-10,424.0,430.0,383,379
2021-06-11,423.0,429.0,379,376
2021-06-12,421.0,427.0,376,376
2021-06-13,419.0,424.0,376,376
2021-06-14,416.0,422.0,376,362
2021-06-15,412.0,419.0,362,360
2021-06-16,410.0,415.0,360,357
2021-06-17,408.0,413.0,357,351
2021-06-18,405.0,410.0,351,351
2021-06-19,402.0,407.0,351,351
2021-06-20,399.0,404.0,351,351
2021-06-21,396.0,401.0,351,343
2021-06-22,392.0,397.0,343,340
2021-06-23,389.0,393.0,340,334
2021-06-24,386.0,390.0,334,332
2021-06-25,382.0,387.0,332,327
2021-06-26,379.0,383.0,327,325
2021-06-27,375.0,379.0,325,325
2021-06-28,370.0,375.0,325,319
2021-06-29,366.0,370.0,319,313
2021-06-30,362.0,366.0,313,310
2021-07-01,358.0,362.0,311,307
2021-07-02,355.0,358.0,308,305
2021-07-03,352.0,355.0,305,305
2021-07-04,348.0,352.0,305,305
2021-07-05,345.0,348.0,305,296
2021-07-06,339.0,345.0,296,229
2021-07-07,333.0,339.0,229,206
2021-07-08,327.0,333.0,206,202
2021-07-09,320.0,327.0,202,193
2021-07-10,314.0,320.0,193,193
2021-07-11,308.0,314.0,193,193
2021-07-12,301.0,308.0,194,175
2021-07-13,294.0,301.0,175,165
2021-07-14,287.0,294.0,165,161
2021-07-15,281.0,288.0,161,155
2021-07-16,274.0,281.0,156,150
2021-07-17,267.0,274.0,150,150
2021-07-18,260.0,267.0,150,150
2021-07-19,253.0,260.0,151,142
2021-07-20,246.0,254.0,142,136
2021-07-21,239.0,246.0,136,131
2021-07-22,232.0,239.0,132,122
2021-07-23,224.0,232.0,122,113
2021-07-24,217.0,225.0,113,111
2021-07-25,210.0,217.0,111,111
2021-07-26,203.0,210.0,111,105
2021-07-27,195.0,203.0,105,97
2021-07-28,188.0,195.0,97,96
2021-07-29,180.0,188.0,96,95
2021-07-30,173.0,180.0,95,94
2021-07-31,165.0,173.0,94,65
2021-08-01,157.0,165.0,65,65
2021-08-02,149.0,157.0,65,55
2021-08-03,140.0,149.0,55,54
2021-08-04,132.0,140.0,54,54
2021-08-05,126.0,132.0,54,53
2021-08-06,121.0,127.0,53,52
2021-08-07,115.0,121.0,52,25
2021-08-08,110.0,116.0,25,25
2021-08-09,103.0,110.0,25,0
2021-08-10,97.0,103.0,0,0
2021-08-11,91.0,97.0,0,0
2021-08-12,86.0,91.0,0,0
2021-08-13,80.0,86.0,0,0
2021-08-14,75.0,80.0,0,0
2021-08-15,70.0,75.0,0,0
2021-08-16,65.0,70.0,0,0
2021-08-17,60.0,65.0,0,0
2021-08-18,55.0,60.0,0,0
2021-08-19,51.0,55.0,0,0
2021-08-20,46.0,51.0,0,0
2021-08-21,42.0,46.0,0,0
2021-08-22,39.0,42.0,0,0
2021-08-23,35.0,39.0,0,0
2021-08-24,31.0,35.0,0,0
2021-08-25,28.0,31.0,0,0
2021-08-26,24.0,28.0,0,0
2021-08-27,21.0,24.0,0,0
2021-08-28,18.0,21.0,0,0
2021-08-29,15.0,18.0,0,0
2021-08-30,13.0,15.0,0,0
2021-08-31,11.0,13.0,0,0
2021-09-01,9.0,11.0,0,0
2021-09-02,7.0,9.0,0,0
2021-09-03,5.0,7.0,0,0
2021-09-04,3.0,5.0,0,0
2021-09-05,2.0,3.0,0,0
2021-09-06,1.0,2.0,0,0
2021-09-07,0.0,1.0,0,0
2021-09-08,0.0,0.0,0,0
2021-09-09,0.0,0.0,0,0
2021-09-10,0.0,0.0,0,0
2021-09-11,0.0,0.0,0,0
2021-09-12,0.0,0.0,0,0
2021-09-13,0.0,0.0,0,0
2021-09-14,0.0,0.0,0,0
2021-09-15,0.0,0.0,0,0
2021-09-16,0.0,0.0,0,0
2021-09-17,0.0,0.0,0,0
2021-09-18,0.0,0.0,0,0
2021-09-19,0.0,0.0,0,0
2021-09-20,0.0,0.0,0,0
2021-09-21,0.0,0.0,0,0
2021-09-22,0.0,0.0,0,0
2021-09-23,0.0,0.0,0,0
2021-09-24,0.0,0.0,0,0
2021-09-25,0.0,0.0,0,0
2021-09-26,0.0,0.0,0,0
2021-09-27,0.0,0.0,0,0
2021-09-28,0.0,0.0,0,0
2021-09-29,0.0,0.0,0,0
2021-09-30,0.0,0.0,0,0
2021-10-01,0.0,0.0,0,0
2021-10-02,0.0,0.0,0,0
2021-10-03,0.0,0.0,0,0
2021-10-04,0.0,0.0,0,0
2021-10-05,0.0,0.0,0,0
2021-10-06,0.0,0.0,0,0
2021-10-07,0.0,0.0,0,0
2021-10-08,0.0,0.0,0,0
2021-10-09,0.0,0.0,0,0
2021-10-10,0.0,0.0,0,0
2021-10-11,0.0,0.0,0,0
2021-10-12,0.0,0.0,0,0
2021-10-13,0.0,0.0,0,0
2021-10-14,0.0,0.0,0,0
2021-10-15,0.0,0.0,0,0
2021-10-16,0.0,0.0,0,0
2021-10-17,0.0,0.0,0,0
2021-10-18,0.0,0.0,0,0
2021-10-19,0.0,0.0,0,0
2021-10-20,0.0,0.0,0,0
2021-10-21,0.0,0.0,0,0
2021-10-22,0.0,0.0,0,0
2021-10-23,0.0,0.0,0,0
2021-10-24,0.0,0.0,0,0
2021-10-25,0.0,0.0,0,0
2021-10-26,0.0,0.0,0,0
2021-10-27,0.0,0.0,0,0
2021-10-28,0.0,0.0,0,0
2021-10-29,0.0,0.0,0,0
2021-10-30,0.0,0.0,0,0
2021-10-31,0.0,0.0,0,0
2021-11-01,0.0,0.0,0,0
2021-11-02,0.0,0.0,0,0
2021-11-03,0.0,0.0,0,0
2021-11-04,0.0,0.0,0,0
2021-11-05,0.0,0.0,0,0
2021-11-06,0.0,0.0,0,0
2021-11-07,0.0,0.0,0,0
2021-11-08,0.0,0.0,0,0
2021-11-09,0.0,0.0,0,0
2021-11-10,0.0,0.0,0,0
2021-11-11,0.0,0.0,0,0
2021-11-12,0.0,0.0,0,0
2021-11-13,0.0,0.0,0,0
2021-11-14,0.0,0.0,0,0
2021-11-15,0.0,0.0,0,0
2021-11-16,0.0,0.0,0,0
2021-11-17,0.0,0.0,0,0
2021-11-18,0.0,0.0,0,0
2021-11-19,0.0,0.0,0,0
2021-11-20,0.0,0.0,0,0
2021-11-21,0.0,0.0,0,0
2021-11-22,0.0,0.0,0,0
2021-11-23,0.0,0.0,0,0
2021-11-24,0.0,0.0,0,0
2021-11-25,0.0,0.0,0,0
2021-11-26,0.0,0.0,0,0
2021-11-27,0.0,0.0,0,0
2021-11-28,0.0,0.0,0,0
2021-11-29,0.0,0.0,0,0
2021-11-30,0.0,0.0,0,0
2021-12-01,0.0,0.0,0,0
2021-12-02,0.0,0.0,0,0
2021-12-03,0.0,0.0,0,0
2021-12-04,0.0,0.0,0,0
2021-12-05,0.0,0.0,0,0
2021-12-06,0.0,0.0,0,0
2021-12-07,0.0,0.0,0,0
2021-12-08,0.0,0.0,0,0
2021-12-09,0.0,0.0,0,0
2021-12-10,0.0,0.0,0,0
2021-12-11,0.0,0.0,0,0
2021-12-12,0.0,0.0,0,0
2021-12-13,0.0,0.0,0,0
2021-12-14,0.0,0.0,0,0
2021-12-15,0.0,0.0,0,0
2021-12-16,0.0,0.0,0,0
2021-12-17,0.0,0.0,0,0
2021-12-18,0.0,0.0,0,0
2021-12-19,0.0,0.0,0,0
2021-12-20,0.0,0.0,0,0
2021-12-21,0.0,0.0,0,0
2021-12-22,0.0,0.0,0,0
2021-12-23,0.0,0.0,0,0
2021-12-24,0.0,0.0,0,0
2021-12-25,0.0,0.0,0,0
2021-12-26,0.0,0.0,0,0
2021-12-27,0.0,0.0,0,0
2021-12-28,0.0,0.0,0,0
2021-12-29,0.0,0.0,0,0
2021-12-30,0.0,0.0,0,0
2021-12-31,0.0,0.0,0,0
2022-01-01,0.0,0.0,0,0
2022-01-02,0.0,0.0,0,0
2022-01-03,0.0,0.0,0,0
2022-01-04,0.0,0.0,0,0
2022-01-05,0.0,0.0,0,0
2022-01-06,0.0,0.0,0,0
2022-01-07,0.0,0.0,0,0
2022-01-08,0.0,0.0,0,0
2022-01-09,0.0,0.0,0,0
2022-01-10,0.0,0.0,0,0
2022-01-11,0.0,0.0,0,0
2022-01-12,0.0,0.0,0,0
2022-01-13,0.0,0.0,0,0
2022-01-14,0.0,0.0,0,0
2022-01-15,0.0,0.0,0,0
2022-01-16,0.0,0.0,0,0
2022-01-17,0.0,0.0,0,0
2022-01-18,0.0,0.0,0,0
2022-01-19,0.0,0.0,0,0
2022-01-20,0.0,0.0,0,0
2022-01-21,0.0,0.0,0,0
2022-01-22,0.0,0.0,0,0
2022-01-23,0.0,0.0,0,0
2022-01-24,0.0,0.0,0,0
2022-01-25,0.0,0.0,0,0
2022-01-26,0.0,0.0,0,0
2022-01-27,0.0,0.0,0,0
2022-01-28,0.0,0.0,0,0
2022-01-29,0.0,0.0,0,0
2022-01-30,0.0,0.0,0,0
2022-01-31,0.0,0.0,0,0
2022-02-01,0.0,0.0,0,0
2022-02-02,0.0,0.0,0,0
2022-02-03,0.0,0.0,0,0
2022-02-04,0.0,0.0,0,0
2022-02-05,0.0,0.0,0,0
2022-02-06,0.0,0.0,0,0
2022-02-07,0.0,0.0,0,0
2022-02-08,0.0,0.0,0,0
2022-02-09,0.0,0.0,0,0
2022-02-10,0.0,0.0,0,0
2022-02-11,0.0,0.0,0,0
2022-02-12,0.0,0.0,0,0
2022-02-13,0.0,0.0,0,0
2022-02-14,0.0,0.0,0,0
2022-02-15,0.0,0.0,0,0
2022-02-16,0.0,0.0,0,0
2022-02-17,0.0,0.0,0,0
2022-02-18,0.0,0.0,0,0
2022-02-19,0.0,0.0,0,0
2022-02-20,0.0,0.0,0,0
2022-02-21,0.0,0.0,0,0
2022-02-22,0.0,0.0,0,0
2022-02-23,0.0,0.0,0,0
2022-02-24,0.0,0.0,0,0
2022-02-25,0.0,0.0,0,0
2022-02-26,0.0,0.0,0,0
2022-02-27,0.0,0.0,0,0
2022-02-28,0.0,0.0,0,0
2022-03-01,0.0,0.0,0,0
2022-03-02,0.0,0.0,0,0
2022-03-03,0.0,0.0,0,0
2022-03-04,0.0,0.0,0,0
2022-03-05,0.0,0.0,0,0
2022-03-06,0.0,0.0,0,0
2022-03-07,0.0,0.0,0,0
2022-03-08,0.0,0.0,0,0
2022-03-09,0.0,0.0,0,0
2022-03-10,0.0,0.0,0,0
2022-03-11,0.0,0.0,0,0
2022-03-12,0.0,0.0,0,0
2022-03-13,0.0,0.0,0,0
2022-03-14,0.0,0.0,0,0
2022-03-15,0.0,0.0,0,0
2022-03-16,0.0,0.0,0,0
2022-03-17,0.0,0.0,0,0
2022-03-18,0.0,0.0,0,0
2022-03-19,0.0,0.0,0,0
2022-03-20,0.0,0.0,0,0
2022-03-21,0.0,0.0,0,0
2022-03-22,0.0,0.0,0,0
2022-03-23,0.0,0.0,0,0
2022-03-24,0.0,0.0,0,0
2022-03-25,0.0,0.0,0,0
2022-03-26,0.0,0.0,0,0
2022-03-27,0.0,0.0,0,0
2022-03-28,0.0,0.0,0,0
2022-03-29,0.0,0.0,0,0
2022-03-30,0.0,0.0,0,0
2022-03-31,0.0,0.0,0,0
2022-04-01,0.0,0.0,0,0
2022-04-02,0.0,0.0,0,0
2022-04-03,0.0,0.0,0,0
2022-04-04,0.0,0.0,0,0
2022-04-05,0.0,0.0,0,0
2022-04-06,0.0,0.0,0,0
2022-04-07,0.0,0.0,0,0
2022-04-08,0.0,0.0,0,0
2022-04-09,0.0,0.0,0,0
2022-04-10,0.0,0.0,0,0
2022-04-11,0.0,0.0,0,0
2022-04-12,0.0,0.0,0,0
2022-04-13,0.0,0.0,0,0
2022-04-14,0.0,0.0,0,0
2022-04-15,0.0,0.0,0,0
2022-04-16,0.0,0.0,0,0
2022-04-17,0.0,0.0,0,0
2022-04-18,0.0,0.0,0,0
2022-04-19,0.0,0.0,0,0
2022-04-20,0.0,0.0,0,0
2022-04-21,0.0,0.0,0,0
2022-04-22,0.0,0.0,0,0
2022-04-23,0.0,0.0,0,0
2022-04-24,0.0,0.0,0,0
2022-04-25,0.0,0.0,0,0
2022-04-26,0.0,0.0,0,0
2022-04-27,0.0,0.0,0,0
2022-04-28,0.0,0.0,0,0
2022-04-29,0.0,0.0,0,0
2022-04-30,0.0,0.0,0,0
2022-05-01,0.0,0.0,0,0
2022-05-02,0.0,0.0,0,0
2022-05-03,0.0,0.0,0,0
2022-05-04,0.0,0.0,0,0
2022-05-05,0.0,0.0,0,0
2022-05-06,0.0,0.0,0,0
2022-05-07,0.0,0.0,0,0
2022-05-08,0.0,0.0,0,0
2022-05-09,0.0,0.0,0,0
2022-05-10,0.0,0.0,0,0
2022-05-11,0.0,0.0,0,0
2022-05-12,0.0,0.0,0,0
2022-05-13,0.0,0.0,0,0
2022-05-14,0.0,0.0,0,0
2022-05-15,0.0,0.0,0,0
2022-05-16,0.0,0.0,0,0
2022-05-17,0.0,0.0,0,0
2022-05-18,0.0,0.0,0,0
2022-05-19,0.0,0.0,0,0
2022-05-20,0.0,0.0,0,0
2022-05-21,0.0,0.0,0,0
2022-05-22,0.0,0.0,0,0
2022-05-23,0.0,0.0,0,0
2022-05-24,0.0,0.0,0,0
2022-05-25,0.0,0.0,0,0
2022-05-26,0.0,0.0,0,0
2022-05-27,0.0,0.0,0,0
2022-05-28,0.0,0.0,0,0
2022-05-29,0.0,0.0,0,0
2022-05-30,0.0,0.0,0,0
2022-05-31,0.0,0.0,0,0
2022-06-01,0.0,0.0,0,0
2022-06-02,0.0,0.0,0,0
2022-06-03,0.0,0.0,0,0
2022-06-04,0.0,0.0,0,0
2022-06-05,0.0,0.0,0,0
2022-06-06,0.0,0.0,0,0
2022-06-07,0.0,0.0,0,0
2022-06-08,0.0,0.0,0,0
2022-06-09,0.0,0.0,0,0
2022-06-10,0.0,0.0,0,0
2022-06-11,0.0,0.0,0,0
2022-06-12,0.0,0.0,0,0
2022-06-13,0.0,0.0,0,0
2022-06-14,0.0,0.0,0,0
2022-06-15,0.0,0.0,0,0
2022-06-16,0.0,0.0,0,0
2022-06-17,0.0,0.0,0,0
2022-06-18,0.0,0.0,0,0
2022-06-19,0.0,0.0,0,0
2022-06-20,0.0,0.0,0,0
2022-06-21,0.0,0.0,0,0
2022-06-22,0.0,0.0,0,0
2022-06-23,0.0,0.0,0,0
2022-06-24,0.0,0.0,0,0
2022-06-25,0.0,0.0,0,0
2022-06-26,0.0,0.0,0,0
2022-06-27,0.0,0.0,0,0
2022-06-28,0.0,0.0,0,0
2022-06-29,0.0,0.0,0,0
2022-06-30,0.0,0.0,0,0
2022-07-01,0.0,0.0,0,0
2022-07-02,0.0,0.0,0,0
2022-07-03,0.0,0.0,0,0
2022-07-04,0.0,0.0,0,0
2022-07-05,0.0,0.0,0,0
2022-07-06,0.0,0.0,0,0
2022-07-07,0.0,0.0,0,0
2022-07-08,0.0,0.0,0,0
2022-07-09,0.0,0.0,0,0
2022-07-10,0.0,0.0,0,0
2022-07-11,0.0,0.0,0,0
2022-07-12,0.0,0.0,0,0
2022-07-13,0.0,0.0,0,0
2022-07-14,0.0,0.0,0,0
2022-07-15,0.0,0.0,0,0
2022-07-16,0.0,0.0,0,0
2022-07-17,0.0,0.0,0,0
2022-07-18,0.0,0.0,0,0
2022-07-19,0.0,0.0,0,0
2022-07-20,0.0,0.0,0,0
2022-07-21,0.0,0.0,0,0
2022-07-22,0.0,0.0,0,0
2022-07-23,0.0,0.0,0,0
2022-07-24,0.0,0.0,0,0
2022-07-25,0.0,0.0,0,0
2022-07-26,0.0,0.0,0,0
2022-07-27,0.0,0.0,0,0
2022-07-28,0.0,0.0,0,0
2022-07-29,0.0,0.0,0,0
2022-07-30,0.0,0.0,0,0
2022-07-31,0.0,0.0,0,0
2022-08-01,0.0,0.0,0,0
2022-08-02,0.0,0.0,0,0
2022-08-03,0.0,0.0,0,0
2022-08-04,0.0,0.0,0,0
2022-08-05,0.0,0.0,0,0
2022-08-06,0.0,0.0,0,0
2022-08-07,0.0,0.0,0,0
2022-08-08,0.0,0.0,0,0
2022-08-09,0.0,0.0,0,0
2022-08-10,0.0,0.0,0,0
2022-08-11,0.0,0.0,0,0
2022-08-12,0.0,0.0,0,0
2022-08-13,0.0,0.0,0,0
2022-08-14,0.0,0.0,0,0
2022-08-15,0.0,0.0,0,0
2022-08-16,0.0,0.0,0,0
2022-08-17,0.0,0.0,0,0
2022-08-18,0.0,0.0,0,0
2022-08-19,0.0,0.0,0,0
2022-08-20,0.0,0.0,0,0
2022-08-21,0.0,0.0,0,0
2022-08-22,0.0,0.0,0,0
2022-08-23,0.0,0.0,0,0
2022-08-24,0.0,0.0,0,0
2022-08-25,0.0,0.0,0,0
2022-08-26,0.0,0.0,0,0
2022-08-27,0.0,0.0,0,0
2022-08-28,0.0,0.0,0,0
2022-08-29,0.0,0.0,0,0
2022-08-30,0.0,0.0,0,0
2022-08-31,0.0,0.0,0,0
2022-09-01,0.0,0.0,0,0
2022-09-02,0.0,0.0,0,0
2022-09-03,0.0,0.0,0,0
2022-09-04,0.0,0.0,0,0
2022-09-05,0.0,0.0,0,0
2022-09-06,0.0,0.0,0,0
2022-09-07,0.0,0.0,0,0
2022-09-08,0.0,0.0,0,0
2022-09-09,0.0,0.0,0,0
2022-09-10,0.0,0.0,0,0
2022-09-11,0.0,0.0,0,0
2022-09-12,0.0,0.0,0,0
2022-09-13,0.0,0.0,0,0
2022-09-14,0.0,0.0,0,0
2022-09-15,0.0,0.0,0,0
2022-09-16,0.0,0.0,0,0
2022-09-17,0.0,0.0,0,0
2022-09-18,0.0,0.0,0,0
2022-09-19,0.0,0.0,0,0
2022-09-20,0.0,0.0,0,0
2022-09-21,0.0,0.0,0,0
2022-09-22,0.0,0.0,0,0
2022-09-23,0.0,0.0,0,0
2022-09-24,0.0,0.0,0,0
2022-09-25,0.0,0.0,0,0
2022-09-26,0.0,0.0,0,0
2022-09-27,0.0,0.0,0,0
2022-09-28,0.0,0.0,0,0
2022-09-29,0.0,0.0,0,0
2022-09-30,0.0,0.0,0,0
2022-10-01,0.0,0.0,0,0
2022-10-02,0.0,0.0,0,0
2022-10-03,0.0,0.0,0,0
2022-10-04,0.0,0.0,0,0
2022-10-05,0.0,0.0,0,0
2022-10-06,0.0,0.0,0,0
2022-10-07,0.0,0.0,0,0
2022-10-08,0.0,0.0,0,0
2022-10-09,0.0,0.0,0,0
2022-10-10,0.0,0.0,0,0
2022-10-11,0.0,0.0,0,0
2022-10-12,0.0,0.0,0,0
2022-10-13,0.0,0.0,0,0
2022-10-14,0.0,0.0,0,0
2022-10-15,0.0,0.0,0,0
2022-10-16,0.0,0.0,0,0
2022-10-17,0.0,0.0,0,0
2022-10-18,0.0,0.0,0,0
2022-10-19,0.0,0.0,0,0
2022-10-20,0.0,0.0,0,0
2022-10-21,0.0,0.0,0,0
2022-10-22,0.0,0.0,0,0
2022-10-23,0.0,0.0,0,0
2022-10-24,0.0,0.0,0,0
2022-10-25,0.0,0.0,0,0
2022-10-26,0.0,0.0,0,0
2022-10-27,0.0,0.0,0,0
2022-10-28,0.0,0.0,0,0
2022-10-29,0.0,0.0,0,0
2022-10-30,0.0,0.0,0,0
2022-10-31,0.0,0.0,0,0
2022-11-01,0.0,0.0,0,0
2022-11-02,0.0,0.0,0,0
2022-11-03,0.0,0.0,0,0
2022-11-04,0.0,0.0,0,0
2022-11-05,0.0,0.0,0,0
2022-11-06,0.0,0.0,0,0
2022-11-07,0.0,0.0,0,0
2022-11-08,0.0,0.0,0,0
2022-11-09,0.0,0.0,0,0
2022-11-10,0.0,0.0,0,0
2022-11-11,0.0,0.0,0,0
2022-11-12,0.0,0.0,0,0
2022-11-13,0.0,0.0,0,0
2022-11-14,0.0,0.0,0,0
2022-11-15,0.0,0.0,0,0
2022-11-16,0.0,0.0,0,0
2022-11-17,0.0,0.0,0,0
2022-11-18,0.0,0.0,0,0
2022-11-19,0.0,0.0,0,0
2022-11-20,0.0,0.0,0,0
2022-11-21,0.0,0.0,0,0
2022-11-22,0.0,0.0,0,0
2022-11-23,0.0,0.0,0,0
2022-11-24,0.0,0.0,0,0
2022-11-25,0.0,0.0,0,0
2022-11-26,0.0,0.0,0,0
2022-11-27,0.0,0.0,0,0
2022-11-28,0.0,0.0,0,0
2022-11-29,0.0,0.0,0,0
2022-11-30,0.0,0.0,0,0
2022-12-01,0.0,0.0,0,0
2022-12-02,0.0,0.0,0,0
2022-12-03,0.0,0.0,0,0
2022-12-04,0.0,0.0,0,0
2022-12-05,0.0,0.0,0,0
2022-12-06,0.0,0.0,0,0
2022-12-07,0.0,0.0,0,0
2022-12-08,0.0,0.0,0,0
2022-12-09,0.0,0.0,0,0
2022-12-10,0.0,0.0,0,0
2022-12-11,0.0,0.0,0,0
2022-12-12,0.0,0.0,0,0
2022-12-13,0.0,0.0,0,0
2022-12-14,0.0,0.0,0,0
2022-12-15,0.0,0.0,0,0
2022-12-16,0.0,0.0,0,0
2022-12-17,0.0,0.0,0,0
2022-12-18,0.0,0.0,0,0
2022-12-19,0.0,0.0,0,0
2022-12-20,0.0,0.0,0,0
2022-12-21,0.0,0.0,0,0
2022-12-22,0.0,0.0,0,0
2022-12-23,0.0,0.0,0,0
2022-12-24,0.0,0.0,0,0
2022-12-25,0.0,0.0,0,0
2022-12-26,0.0,0.0,0,0
2022-12-27,0.0,0.0,0,0
2022-12-28,0.0,0.0,0,0
2022-12-29,0.0,0.0,0,0
2022-12-30,0.0,0.0,0,0
2022-12-31,0.0,0.0,0,0
2023-01-01,0.0,0.0,0,0
2023-01-02,0.0,0.0,0,0
2023-01-03,0.0,0.0,0,0
2023-01-04,0.0,0.0,0,0
2023-01-05,0.0,0.0,0,0
2023-01-06,0.0,0.0,0,0
2023-01-07,0.0,0.0,0,0
2023-01-08,0.0,0.0,0,0
2023-01-09,0.0,0.0,0,0
2023-01-10,0.0,0.0,0,0
2023-01-11,0.0,0.0,0,0
2023-01-12,0.0,0.0,0,0
2023-01-13,0.0,0.0,0,0
2023-01-14,0.0,0.0,0,0
2023-01-15,0.0,0.0,0,0
2023-01-16,0.0,0.0,0,0
2023-01-17,0.0,0.0,0,0
2023-01-18,0.0,0.0,0,0
2023-01-19,0.0,0.0,0,0
2023-01-20,0.0,0.0,0,0
2023-01-21,0.0,0.0,0,0
2023-01-22,0.0,0.0,0,0
2023-01-23,0.0,0.0,0,0
2023-01-24,0.0,0.0,0,0
2023-01-25,0.0,0.0,0,0
2023-01-26,0.0,0.0,0,0
2023-01-27,0.0,0.0,0,0
2023-01-28,0.0,0.0,0,0
2023-01-29,0.0,0.0,0,0
2023-01-30,0.0,0.0,0,0
2023-01-31,0.0,0.0,0,0
2023-02-01,0.0,0.0,0,0
2023-02-02,0.0,0.0,0,0
2023-02-03,0.0,0.0,0,0
2023-02-04,0.0,0.0,0,0
2023-02-05,0.0,0.0,0,0
2023-02-06,0.0,0.0,0,0
2023-02-07,0.0,0.0,0,0
2023-02-08,0.0,0.0,0,0
2023-02-09,0.0,0.0,0,0
2023-02-10,0.0,0.0,0,0
2023-02-11,0.0,0.0,0,0
2023-02-12,0.0,0.0,0,0
2023-02-13,0.0,0.0,0,0
2023-02-14,0.0,0.0,0,0
2023-02-15,0.0,0.0,0,0
2023-02-16,0.0,0.0,0,0
2023-02-17,0.0,0.0,0,0
2023-02-18,0.0,0.0,0,0
2023-02-19,0.0,0.0,0,0
2023-02-20,0.0,0.0,0,0
2023-02-21,0.0,0.0,0,0
2023-02-22,0.0,0.0,0,0
2023-02-23,0.0,0.0,0,0
2023-02-24,0.0,0.0,0,0
2023-02-25,0.0,0.0,0,0
2023-02-26,0.0,0.0,0,0
2023-02-27,0.0,0.0,0,0
2023-02-28,0.0,0.0,0,0
2023-03-01,0.0,0.0,0,0
2023-03-02,0.0,0.0,0,0
2023-03-03,0.0,0.0,0,0
2023-03-04,0.0,0.0,0,0
2023-03-05,0.0,0.0,0,0
2023-03-06,0.0,0.0,0,0
2023-03-07,0.0,0.0,0,0
2023-03-08,0.0,0.0,0,0
2023-03-09,0.0,0.0,0,0
2023-03-10,0.0,0.0,0,0
2023-03-11,0.0,0.0,0,0
2023-03-12,0.0,0.0,0,0
2023-03-13,0.0,0.0,0,0
2023-03-14,0.0,0.0,0,0
2023-03-15,0.0,0.0,0,0
2023-03-16,0.0,0.0,0,0
2023-03-17,0.0,0.0,0,0
2023-03-18,0.0,0.0,0,0
2023-03-19,0.0,0.0,0,0
2023-03-20,0.0,0.0,0,0
2023-03-21,0.0,0.0,0,0
2023-03-22,0.0,0.0,0,0
2023-03-23,0.0,0.0,0,0
2023-03-24,0.0,0.0,0,0
2023-03-25,0.0,0.0,0,0
2023-03-26,0.0,0.0,0,0
2023-03-27,0.0,0.0,0,0
2023-03-28,0.0,0.0,0,0
2023-03-29,0.0,0.0,0,0
2023-03-30,0.0,0.0,0,0
2023-03-31,0.0,0.0,0,0
2023-04-01,0.0,0.0,0,0
2023-04-02,0.0,0.0,0,0
2023-04-03,0.0,0.0,0,0
2023-04-04,0.0,0.0,0,0
2023-04-05,0.0,0.0,0,0
2023-04-06,0.0,0.0,0,0
2023-04-07,0.0,0.0,0,0
2023-04-08,0.0,0.0,0,0
2023-04-09,0.0,0.0,0,0
2023-04-10,0.0,0.0,0,0
2023-04-11,0.0,0.0,0,0
2023-04-12,0.0,0.0,0,0
2023-04-13,0.0,0.0,0,0
2023-04-14,0.0,0.0,0,0
2023-04-15,0.0,0.0,0,0
2023-04-16,0.0,0.0,0,0
2023-04-17,0.0,0.0,0,0
2023-04-18,0.0,0.0,0,0
2023-04-19,0.0,0.0,0,0
2023-04-20,0.0,0.0,0,0
2023-04-21,0.0,0.0,0,0
2023-04-22,0.0,0.0,0,0
2023-04-23,0.0,0.0,0,0
2023-04-24,0.0,0.0,0,0
2023-04-25,0.0,0.0,0,0
2023-04-26,0.0,0.0,0,0
2023-04-27,0.0,0.0,0,0
2023-04-28,0.0,0.0,0,0
2023-04-29,0.0,0.0,0,0
2023-04-30,0.0,0.0,0,0
2023-05-01,0.0,0.0,0,0
2023-05-02,0.0,0.0,0,0
2023-05-03,0.0,0.0,0,0
2023-05-04,0.0,0.0,0,0
2023-05-05,0.0,0.0,0,0
2023-05-06,0.0,0.0,0,0
2023-05-07,0.0,0.0,0,0
2023-05-08,0.0,0.0,0,0
2023-05-09,0.0,0.0,0,0
2023-05-10,0.0,0.0,0,0
2023-05-11,0.0,0.0,0,0
2023-05-12,0.0,0.0,0,0
2023-05-13,0.0,0.0,0,0
2023-05-14,0.0,0.0,0,0
2023-05-15,0.0,0.0,0,0
2023-05-16,0.0,0.0,0,0
2023-05-17,0.0,0.0,0,0
2023-05-18,0.0,0.0,0,0
2023-05-19,0.0,0.0,0,0
2023-05-20,0.0,0.0,0,0
2023-05-21,0.0,0.0,0,0
2023-05-22,0.0,0.0,0,0
2023-05-23,0.0,0.0,0,0
2023-05-24,0.0,0.0,0,0
2023-05-25,0.0,0.0,0,0
2023-05-26,0.0,0.0,0,0
2023-05-27,0.0,0.0,0,0
2023-05-28,0.0,0.0,0,0
2023-05-29,0.0,0.0,0,0
2023-05-30,0.0,0.0,0,0
2023-05-31,0.0,0.0,0,0
2023-06-01,0.0,0.0,0,0
2023-06-02,0.0,0.0,0,0
2023-06-03,0.0,0.0,0,0
2023-06-04,0.0,0.0,0,0
2023-06-05,0.0,0.0,0,0
2023-06-06,0.0,0.0,0,0
2023-06-07,0.0,0.0,0,0
2023-06-08,0.0,0.0,0,0
2023-06-09,0.0,0.0,0,0
2023-06-10,0.0,0.0,0,0
2023-06-11,0.0,0.0,0,0
2023-06-12,0.0,0.0,0,0
2023-06-13,0.0,0.0,0,0
2023-06-14,0.0,0.0,0,0
2023-06-15,0.0,0.0,0,0
2023-06-16,0.0,0.0,0,0
2023-06-17,0.0,0.0,0,0
2023-06-18,0.0,0.0,0,0
2023-06-19,0.0,0.0,0,0
2023-06-20,0.0,0.0,0,0
2023-06-21,0.0,0.0,0,0
2023-06-22,0.0,0.0,0,0
2023-06-23,0.0,0.0,0,0
2023-06-24,0.0,0.0,0,0
2023-06-25,0.0,0.0,0,0
2023-06-26,0.0,0.0,0,0
2023-06-27,0.0,0.0,0,0
2023-06-28,0.0,0.0,0,0
2023-06-29,0.0,0.0,0,0
2023-06-30,0.0,0.0,0,0
2023-07-01,0.0,0.0,0,0
2023-07-02,0.0,0.0,0,0
2023-07-03,0.0,0.0,0,0
2023-07-04,0.0,0.0,0,0
2023-07-05,0.0,0.0,0,0
2023-07-06,0.0,0.0,0,0
2023-07-07,0.0,0.0,0,0
2023-07-08,0.0,0.0,0,0
2023-07-09,0.0,0.0,0,0
2023-07-10,0.0,0.0,0,0
2023-07-11,0.0,0.0,0,0
2023-07-12,0.0,0.0,0,0
2023-07-13,0.0,0.0,0,0
2023-07-14,0.0,0.0,0,0
2023-07-15,0.0,0.0,0,0
2023-07-16,0.0,0.0,0,0
2023-07-17,0.0,0.0,0,0
2023-07-18,0.0,0.0,0,0
2023-07-19,0.0,0.0,0,0
2023-07-20,0.0,0.0,0,0
2023-07-21,0.0,0.0,0,0
2023-07-22,0.0,0.0,0,0
2023-07-23,0.0,0.0,0,0
2023-07-24,0.0,0.0,0,0
2023-07-25,0.0,0.0,0,0
2023-07-26,0.0,0.0,0,0
2023-07-27,0.0,0.0,0,0
2023-07-28,0.0,0.0,0,0
2023-07-29,0.0,0.0,0,0
2023-07-30,0.0,0.0,0,0
2023-07-31,0.0,0.0,0,0
2023-08-01,0.0,0.0,0,0
2023-08-02,0.0,0.0,0,0
2023-08-03,0.0,0.0,0,0
2023-08-04,0.0,0.0,0,0
2023-08-05,0.0,0.0,0,0
2023-08-06,0.0,0.0,0,0
2023-08-07,0.0,0.0,0,0
2023-08-08,0.0,0.0,0,0
2023-08-09,0.0,0.0,0,0
2023-08-10,0.0,0.0,0,0
2023-08-11,0.0,0.0,0,0
2023-08-12,0.0,0.0,0,0
2023-08-13,0.0,0.0,0,0
2023-08-14,0.0,0.0,0,0
2023-08-15,0.0,0.0,0,0
2023-08-16,0.0,0.0,0,0
2023-08-17,0.0,0.0,0,0
2023-08-18,0.0,0.0,0,0
2023-08-19,0.0,0.0,0,0
2023-08-20,0.0,0.0,0,0
2023-08-21,0.0,0.0,0,0
2023-08-22,0.0,0.0,0,0
2023-08-23,0.0,0.0,0,0
2023-08-24,0.0,0.0,0,0
2023-08-25,0.0,0.0,0,0
2023-08-26,0.0,0.0,0,0
2023-08-27,0.0,0.0,0,0
2023-08-28,0.0,0.0,0,0
2023-08-29,0.0,0.0,0,0
2023-08-30,0.0,0.0,0,0
2023-08-31,0.0,0.0,0,0
2023-09-01,0.0,0.0,0,0
2023-09-02,0.0,0.0,0,0
2023-09-03,0.0,0.0,0,0
2023-09-04,0.0,0.0,0,0
2023-09-05,0.0,0.0,0,0
2023-09-06,0.0,0.0,0,0
2023-09-07,0.0,0.0,0,0
2023-09-08,0.0,0.0,0,0
2023-09-09,0.0,0.0,0,0
2023-09-10,0.0,0.0,0,0
2023-09-11,0.0,0.0,0,0
2023-09-12,0.0,0.0,0,0
2023-09-13,0.0,0.0,0,0
2023-09-14,0.0,0.0,0,0
2023-09-15,0.0,0.0,0,0
2023-09-16,0.0,0.0,0,0
2023-09-17,0.0,0.0,0,0
2023-09-18,0.0,0.0,0,0
2023-09-19,0.0,0.0,0,0
2023-09-20,0.0,0.0,0,0
2023-09-21,0.0,0.0,0,0
2023-09-22,0.0,0.0,0,0
2023-09-23,0.0,0.0,0,0
2023-09-24,0.0,0.0,0,0
2023-09-25,0.0,0.0,0,0
2023-09-26,0.0,0.0,0,0
2023-09-27,0.0,0.0,0,0
2023-09-28,0.0,0.0,0,0
2023-09-29,0.0,0.0,0,0
2023-09-30,0.0,0.0,0,0
2023-10-01,0.0,0.0,0,0
2023-10-02,0.0,0.0,0,0
2023-10-03,0.0,0.0,0,0
2023-10-04,0.0,0.0,0,0
2023-10-05,0.0,0.0,0,0
2023-10-06,0.0,0.0,0,0
2023-10-07,0.0,0.0,0,0
2023-10-08,0.0,0.0,0,0
2023-10-09,0.0,0.0,0,0
2023-10-10,0.0,0.0,0,0
2023-10-11,0.0,0.0,0,0
2023-10-12,0.0,0.0,0,0
2023-10-13,0.0,0.0,0,0
2023-10-14,0.0,0.0,0,0
2023-10-15,0.0,0.0,0,0
2023-10-16,0.0,0.0,0,0
2023-10-17,0.0,0.0,0,0
2023-10-18,0.0,0.0,0,0
2023-10-19,0.0,0.0,0,0
2023-10-20,0.0,0.0,0,0
2023-10-21,0.0,0.0,0,0
2023-10-22,0.0,0.0,0,0
2023-10-23,0.0,0.0,0,0
2023-10-24,0.0,0.0,0,0
2023-10-25,0.0,0.0,0,0
2023-10-26,0.0,0.0,0,0
2023-10-27,0.0,0.0,0,0
2023-10-28,0.0,0.0,0,0
2023-10-29,0.0,0.0,0,0
2023-10-30,0.0,0.0,0,0
2023-10-31,0.0,0.0,0,0
2023-11-01,0.0,0.0,0,0
2023-11-02,0.0,0.0,0,0
2023-11-03,0.0,0.0,0,0
2023-11-04,0.0,0.0,0,0
2023-11-05,0.0,0.0,0,0
2023-11-06,0.0,0.0,0,0
2023-11-07,0.0,0.0,0,0
2023-11-08,0.0,0.0,0,0
2023-11-09,0.0,0.0,0,0
2023-11-10,0.0,0.0,0,0
2023-11-11,0.0,0.0,0,0
2023-11-12,0.0,0.0,0,0
2023-11-13,0.0,0.0,0,0
2023-11-14,0.0,0.0,0,0
2023-11-15,0.0,0.0,0,0
2023-11-16,0.0,0.0,0,0
2023-11-17,0.0,0.0,0,0
2023-11-18,0.0,0.0,0,0
2023-11-19,0.0,0.0,0,0
2023-11-20,0.0,0.0,0,0
2023-11-21,0.0,0.0,0,0
2023-11-22,0.0,0.0,0,0
2023-11-23,0.0,0.0,0,0
2023-11-24,0.0,0.0,0,0
2023-11-25,0.0,0.0,0,0
2023-11-26,0.0,0.0,0,0
2023-11-27,0.0,0.0,0,0
2023-11-28,0.0,0.0,0,0
2023-11-29,0.0,0.0,0,0
2023-11-30,0.0,0.0,0,0
2023-12-01,0.0,0.0,0,0
2023-12-02,0.0,0.0,0,0
2023-12-03,0.0,0.0,0,0
2023-12-04,0.0,0.0,0,0
2023-12-05,0.0,0.0,0,0
2023-12-06,0.0,0.0,0,0
2023-12-07,0.0,0.0,0,0
2023-12-08,0.0,0.0,0,0
2023-12-09,0.0,0.0,0,0
2023-12-10,0.0,0.0,0,0
2023-12-11,0.0,0.0,0,0
2023-12-12,0.0,0.0,0,0
2023-12-13,0.0,0.0,0,0
2023-12-14,0.0,0.0,0,0
2023-12-15,0.0,0.0,0,0
2023-12-16,0.0,0.0,0,0
2023-12-17,0.0,0.0,0,0
2023-12-18,0.0,0.0,0,0
2023-12-19,0.0,0.0,0,0
2023-12-20,0.0,0.0,0,0
2023-12-21,0.0,0.0,0,0
2023-12-22,0.0,0.0,0,0
2023-12-23,0.0,0.0,0,0
2023-12-24,0.0,0.0,0,0
2023-12-25,0.0,0.0,0,0
2023-12-26,0.0,0.0,0,0
2023-12-27,0.0,0.0,0,0
2023-12-28,0.0,0.0,0,0
2023-12-29,0.0,0.0,0,0
2023-12-30,0.0,0.0,0,0
2023-12-31,0.0,0.0,0,0
2024-01-01,0.0,0.0,0,0
2024-01-02,0.0,0.0,0,0
2024-01-03,0.0,0.0,0,0
2024-01-04,0.0,0.0,0,0
2024-01-05,0.0,0.0,0,0
2024-01-06,0.0,0.0,0,0
2024-01-07,0.0,0.0,0,0
2024-01-08,0.0,0.0,0,0
2024-01-09,0.0,0.0,0,0
2024-01-10,0.0,0.0,0,0
2024-01-11,0.0,0.0,0,0
2024-01-12,0.0,0.0,0,0
2024-01-13,0.0,0.0,0,0
2024-01-14,0.0,0.0,0,0
2024-01-15,0.0,0.0,0,0
2024-01-16,0.0,0.0,0,0
2024-01-17,0.0,0.0,0,0
2024-01-18,0.0,0.0,0,0
2024-01-19,0.0,0.0,0,0
2024-01-20,0.0,0.0,0,0
2024-01-21,0.0,0.0,0,0
2024-01-22,0.0,0.0,0,0
2024-01-23,0.0,0.0,0,0
2024-01-24,0.0,0.0,0,0
2024-01-25,0.0,0.0,0,0
2024-01-26,0.0,0.0,0,0
2024-01-27,0.0,0.0,0,0
2024-01-28,0.0,0.0,0,0
2024-01-29,0.0,0.0,0,0
2024-01-30,0.0,0.0,0,0
2024-01-31,0.0,0.0,0,0
2024-02-01,0.0,0.0,0,0
2024-02-02,0.0,0.0,0,0
2024-02-03,0.0,0.0,0,0
2024-02-04,0.0,0.0,0,0
2024-02-05,0.0,0.0,0,0
2024-02-06,0.0,0.0,0,0
2024-02-07,0.0,0.0,0,0
2024-02-08,0.0,0.0,0,0
2024-02-09,0.0,0.0,0,0
2024-02-10,0.0,0.0,0,0
2024-02-11,0.0,0.0,0,0
2024-02-12,0.0,0.0,0,0
2024-02-13,0.0,0.0,0,0
2024-02-14,0.0,0.0,0,0
2024-02-15,0.0,0.0,0,0
2024-02-16,0.0,0.0,0,0
2024-02-17,0.0,0.0,0,0
2024-02-18,0.0,0.0,0,0
2024-02-19,0.0,0.0,0,0
2024-02-20,0.0,0.0,0,0
2024-02-21,0.0,0.0,0,0
2024-02-22,0.0,0.0,0,0
2024-02-23,0.0,0.0,0,0
2024-02-24,0.0,0.0,0,0
2024-02-25,0.0,0.0,0,0
2024-02-26,0.0,0.0,0,0
2024-02-27,0.0,0.0,0,0
2024-02-28,0.0,0.0,0,0
2024-02-29,0.0,0.0,0,0
2024-03-01,0.0,0.0,0,0
2024-03-02,0.0,0.0,0,0
2024-03-03,0.0,0.0,0,0
2024-03-04,0.0,0.0,0,0
2024-03-05,0.0,0.0,0,0
2024-03-06,0.0,0.0,0,0
2024-03-07,0.0,0.0,0,0
2024-03-08,0.0,0.0,0,0
2024-03-09,0.0,0.0,0,0
2024-03-10,0.0,0.0,0,0
2024-03-11,0.0,0.0,0,0
2024-03-12,0.0,0.0,0,0
2024-03-13,0.0,0.0,0,0
2024-03-14,0.0,0.0,0,0
2024-03-15,0.0,0.0,0,0
2024-03-16,0.0,0.0,0,0
2024-03-17,0.0,0.0,0,0
2024-03-18,0.0,0.0,0,0
2024-03-19,0.0,0.0,0,0
2024-03-20,0.0,0.0,0,0
2024-03-21,0.0,0.0,0,0
2024-03-22,0.0,0.0,0,0
2024-03-23,0.0,0.0,0,0
2024-03-24,0.0,0.0,0,0
2024-03-25,0.0,0.0,0,0
2024-03-26,0.0,0.0,0,0
2024-03-27,0.0,0.0,0,0
2024-03-28,0.0,0.0,0,0
2024-03-29,0.0,0.0,0,0
2024-03-30,0.0,0.0,0,0
2024-03-31,0.0,0.0,0,0
2024-04-01,0.0,0.0,0,0
2024-04-02,0.0,0.0,0,0
2024-04-03,0.0,0.0,0,0
2024-04-04,0.0,0.0,0,0
2024-04-05,0.0,0.0,0,0
2024-04-06,0.0,0.0,0,0
2024-04-07,0.0,0.0,0,0
2024-04-08,0.0,0.0,0,0
2024-04-09,0.0,0.0,0,0
2024-04-10,0.0,0.0,0,0
2024-04-11,0.0,0.0,0,0
2024-04-12,0.0,0.0,0,0
2024-04-13,0.0,0.0,0,0
2024-04-14,0.0,0.0,0,0
2024-04-15,0.0,0.0,0,0
2024-04-16,0.0,0.0,0,0
2024-04-17,0.0,0.0,0,0
2024-04-18,0.0,0.0,0,0
2024-04-19,0.0,0.0,0,0
2024-04-20,0.0,0.0,0,0
2024-04-21,0.0,0.0,0,0
2024-04-22,0.0,0.0,0,0
2024-04-23,0.0,0.0,0,0
2024-04-24,0.0,0.0,0,0
2024-04-25,0.0,0.0,0,0
2024-04-26,0.0,0.0,0,0
2024-04-27,0.0,0.0,0,0
2024-04-28,0.0,0.0,0,0
2024-04-29,0.0,0.0,0,0
2024-04-30,0.0,0.0,0,0
2024-05-01,0.0,0.0,0,0
2024-05-02,0.0,0.0,0,0
2024-05-03,0.0,0.0,0,0
2024-05-04,0.0,0.0,0,0
2024-05-05,0.0,0.0,0,0
2024-05-06,0.0,0.0,0,0
2024-05-07,0.0,0.0,0,0
2024-05-08,0.0,0.0,0,0
2024-05-09,0.0,0.0,0,0
2024-05-10,0.0,0.0,0,0
2024-05-11,0.0,0.0,0,0
2024-05-12,0.0,0.0,0,0
2024-05-13,0.0,0.0,0,0
2024-05-14,0.0,0.0,0,0
2024-05-15,0.0,0.0,0,0
2024-05-16,0.0,0.0,0,0
2024-05-17,0.0,0.0,0,0
2024-05-18,0.0,0.0,0,0
2024-05-19,0.0,0.0,0,0
2024-05-20,0.0,0.0,0,0
2024-05-21,0.0,0.0,0,0
2024-05-22,0.0,0.0,0,0
2024-05-23,0.0,0.0,0,0
2024-05-24,0.0,0.0,0,0
2024-05-25,0.0,0.0,0,0
2024-05-26,0.0,0.0,0,0
2024-05-27,0.0,0.0,0,0
2024-05-28,0.0,0.0,0,0
2024-05-29,0.0,0.0,0,0
2024-05-30,0.0,0.0,0,0
2024-05-31,0.0,0.0,0,0
2024-06-01,0.0,0.0,0,0
2024-06-02,0.0,0.0,0,0
2024-06-03,0.0,0.0,0,0
2024-06-04,0.0,0.0,0,0
2024-06-05,0.0,0.0,0,0
2024-06-06,0.0,0.0,0,0
2024-06-07,0.0,0.0,0,0
2024-06-08,0.0,0.0,0,0
2024-06-09,0.0,0.0,0,0
2024-06-10,0.0,0.0,0,0
2024-06-11,0.0,0.0,0,0
2024-06-12,0.0,0.0,0,0
2024-06-13,0.0,0.0,0,0
2024-06-14,0.0,0.0,0,0
2024-06-15,0.0,0.0,0,0
2024-06-16,0.0,0.0,0,0
2024-06-17,0.0,0.0,0,0
2024-06-18,0.0,0.0,0,0
2024-06-19,0.0,0.0,0,0
2024-06-20,0.0,0.0,0,0
2024-06-21,0.0,0.0,0,0
2024-06-22,0.0,0.0,0,0
2024-06-23,0.0,0.0,0,0
2024-06-24,0.0,0.0,0,0
2024-06-25,0.0,0.0,0,0
2024-06-26,0.0,0.0,0,0
2024-06-27,0.0,0.0,0,0
2024-06-28,0.0,0.0,0,0
2024-06-29,0.0,0.0,0,0
2024-06-30,0.0,0.0,0,0
2024-07-01,0.0,0.0,0,0
2024-07-02,0.0,0.0,0,0
2024-07-03,0.0,0.0,0,0
2024-07-04,0.0,0.0,0,0
2024-07-05,0.0,0.0,0,0
2024-07-06,0.0,0.0,0,0
2024-07-07,0.0,0.0,0,0
2024-07-08,0.0,0.0,0,0
2024-07-09,0.0,0.0,0,0
2024-07-10,0.0,0.0,0,0
2024-07-11,0.0,0.0,0,0
2024-07-12,0.0,0.0,0,0
2024-07-13,0.0,0.0,0,0
2024-07-14,0.0,0.0,0,0
2024-07-15,0.0,0.0,0,0
2024-07-16,0.0,0.0,0,0
2024-07-17,0.0,0.0,0,0
2024-07-18,0.0,0.0,0,0
2024-07-19,0.0,0.0,0,0
2024-07-20,0.0,0.0,0,0
2024-07-21,0.0,0.0,0,0
2024-07-22,0.0,0.0,0,0
2024-07-23,0.0,0.0,0,0
2024-07-24,0.0,0.0,0,0
2024-07-25,0.0,0.0,0,0
2024-07-26,0.0,0.0,0,0
2024-07-27,0.0,0.0,0,0
2024-07-28,0.0,0.0,0,0
2024-07-29,0.0,0.0,0,0
2024-07-30,0.0,0.0,0,0
2024-07-31,0.0,0.0,0,0
2024-08-01,0.0,0.0,0,0
2024-08-02,0.0,0.0,0,0
2024-08-03,0.0,0.0,0,0
2024-08-04,0.0,0.0,0,0
2024-08-05,0.0,0.0,0,0
2024-08-06,0.0,0.0,0,0
2024-08-07,0.0,0.0,0,0
2024-08-08,0.0,0.0,0,0
2024-08-09,0.0,0.0,0,0
2024-08-10,0.0,0.0,0,0
2024-08-11,0.0,0.0,0,0
2024-08-12,0.0,0.0,0,0
2024-08-13,0.0,0.0,0,0
2024-08-14,0.0,0.0,0,0
2024-08-15,0.0,0.0,0,0
2024-08-16,0.0,0.0,0,0
2024-08-17,0.0,0.0,0,0
2024-08-18,0.0,0.0,0,0
2024-08-19,0.0,0.0,0,0
2024-08-20,0.0,0.0,0,0
2024-08-21,0.0,0.0,0,0
2024-08-22,0.0,0.0,0,0
2024-08-23,0.0,0.0,0,0
2024-08-24,0.0,0.0,0,0
2024-08-25,0.0,0.0,0,0
2024-08-26,0.0,0.0,0,0
2024-08-27,0.0,0.0,0,0
2024-08-28,0.0,0.0,0,0
2024-08-29,0.0,0.0,0,0
2024-08-30,0.0,0.0,0,0
2024-08-31,0.0,0.0,0,0
2024-09-01,0.0,0.0,0,0
2024-09-02,0.0,0.0,0,0
2024-09-03,0.0,0.0,0,0
2024-09-04,0.0,0.0,0,0
2024-09-05,0.0,0.0,0,0
2024-09-06,0.0,0.0,0,0
2024-09-07,0.0,0.0,0,0
2024-09-08,0.0,0.0,0,0
2024-09-09,0.0,0.0,0,0
2024-09-10,0.0,0.0,0,0
2024-09-11,0.0,0.0,0,0
2024-09-12,0.0,0.0,0,0
2024-09-13,0.0,0.0,0,0
2024-09-14,0.0,0.0,0,0
2024-09-15,0.0,0.0,0,0
2024-09-16,0.0,0.0,0,0
2024-09-17,0.0,0.0,0,0
2024-09-18,0.0,0.0,0,0
2024-09-19,0.0,0.0,0,0
2024-09-20,0.0,0.0,0,0
2024-09-21,0.0,0.0,0,0
2024-09-22,0.0,0.0,0,0
2024-09-23,0.0,0.0,0,0
2024-09-24,0.0,0.0,0,0
2024-09-25,0.0,0.0,0,0
2024-09-26,0.0,0.0,0,0
2024-09-27,0.0,0.0,0,0
2024-09-28,0.0,0.0,0,0
2024-09-29,0.0,0.0,0,0
2024-09-30,0.0,0.0,0,0
2024-10-01,0.0,0.0,0,0
2024-10-02,0.0,0.0,0,0
2024-10-03,0.0,0.0,0,0
2024-10-04,0.0,0.0,0,0
2024-10-05,0.0,0.0,0,0
2024-10-06,0.0,0.0,0,0
2024-10-07,0.0,0.0,0,0
2024-10-08,0.0,0.0,0,0
2024-10-09,0.0,0.0,0,0
2024-10-10,0.0,0.0,0,0
2024-10-11,0.0,0.0,0,0
2024-10-12,0.0,0.0,0,0
2024-10-13,0.0,0.0,0,0
2024-10-14,0.0,0.0,0,0
2024-10-15,0.0,0.0,0,0
2024-10-16,0.0,0.0,0,0
2024-10-17,0.0,0.0,0,0
2024-10-18,0.0,0.0,0,0
2024-10-19,0.0,0.0,0,0
2024-10-20,0.0,0.0,0,0
2024-10-21,0.0,0.0,0,0
2024-10-22,0.0,0.0,0,0
2024-10-23,0.0,0.0,0,0
2024-10-24,0.0,0.0,0,0
2024-10-25,0.0,0.0,0,0
2024-10-26,0.0,0.0,0,0
2024-10-27,0.0,0.0,0,0
2024-10-28,0.0,0.0,0,0
2024-10-29,0.0,0.0,0,0
2024-10-30,0.0,0.0,0,0
2024-10-31,0.0,0.0,0,0
2024-11-01,0.0,0.0,0,0
2024-11-02,0.0,0.0,0,0
2024-11-03,0.0,0.0,0,0
2024-11-04,0.0,0.0,0,0
2024-11-05,0.0,0.0,0,0
2024-11-06,0.0,0.0,0,0
2024-11-07,0.0,0.0,0,0
2024-11-08,0.0,0.0,0,0
2024-11-09,0.0,0.0,0,0
2024-11-10,0.0,0.0,0,0
2024-11-11,0.0,0.0,0,0
2024-11-12,0.0,0.0,0,0
2024-11-13,0.0,0.0,0,0
2024-11-14,0.0,0.0,0,0
2024-11-15,0.0,0.0,0,0
2024-11-16,0.0,0.0,0,0
2024-11-17,0.0,0.0,0,0
2024-11-18,0.0,0.0,0,0
2024-11-19,0.0,0.0,0,0
2024-11-20,0.0,0.0,0,0
2024-11-21,0.0,0.0,0,0
2024-11-22,0.0,0.0,0,0
2024-11-23,0.0,0.0,0,0
2024-11-24,0.0,0.0,0,0
2024-11-25,0.0,0.0,0,0
2024-11-26,0.0,0.0,0,0
2024-11-27,0.0,0.0,0,0
2024-11-28,0.0,0.0,0,0
2024-11-29,0.0,0.0,0,0
2024-11-30,0.0,0.0,0,0
2024-12-01,0.0,0.0,0,0
2024-12-02,0.0,0.0,0,0
2024-12-03,0.0,0.0,0,0
2024-12-04,0.0,0.0,0,0
2024-12-05,0.0,0.0,0,0
2024-12-06,0.0,0.0,0,0
2024-12-07,0.0,0.0,0,0
2024-12-08,0.0,0.0,0,0
2024-12-09,0.0,0.0,0,0
2024-12-10,0.0,0.0,0,0
2024-12-11,0.0,0.0,0,0
2024-12-12,0.0,0.0,0,0
2024-12-13,0.0,0.0,0,0
2024-12-14,0.0,0.0,0,0
2024-12-15,0.0,0.0,0,0
2024-12-16,0.0,0.0,0,0
2024-12-17,0.0,0.0,0,0
2024-12-18,0.0,0.0,0,0
2024-12-19,0.0,0.0,0,0
2024-12-20,0.0,0.0,0,0
2024-12-21,0.0,0.0,0,0
2024-12-22,0.0,0.0,0,0
2024-12-23,0.0,0.0,0,0
2024-12-24,0.0,0.0,0,0
2024-12-25,0.0,0.0,0,0
2024-12-26,0.0,0.0,0,0
2024-12-27,0.0,0.0,0,0
2024-12-28,0.0,0.0,0,0
2024-12-29,0.0,0.0,0,0
2024-12-30,0.0,0.0,0,0
2024-12-31,0.0,0.0,0,0
2025-01-01,0.0,0.0,0,0
2025-01-02,0.0,0.0,0,0
2025-01-03,0.0,0.0,0,0
2025-01-04,0.0,0.0,0,0
2025-01-05,0.0,0.0,0,0
2025-01-06,0.0,0.0,0,0
2025-01-07,0.0,0.0,0,0
2025-01-08,0.0,0.0,0,0
2025-01-09,0.0,0.0,0,0
2025-01-10,0.0,0.0,0,0
2025-01-11,0.0,0.0,0,0
2025-01-12,0.0,0.0,0,0
2025-01-13,0.0,0.0,0,0
2025-01-14,0.0,0.0,0,0
2025-01-15,0.0,0.0,0,0
2025-01-16,0.0,0.0,0,0
2025-01-17,0.0,0.0,0,0
2025-01-18,0.0,0.0,0,0
2025-01-19,0.0,0.0,0,0
2025-01-20,0.0,0.0,0,0
2025-01-21,0.0,0.0,0,0
2025-01-22,0.0,0.0,0,0
2025-01-23,0.0,0.0,0,0
2025-01-24,0.0,0.0,0,0
2025-01-25,0.0,0.0,0,0
2025-01-26,0.0,0.0,0,0
2025-01-27,0.0,0.0,0,0
2025-01-28,0.0,0.0,0,0
2025-01-29,0.0,0.0,0,0
2025-01-30,0.0,0.0,0,0
2025-01-31,0.0,0.0,0,0
2025-02-01,0.0,0.0,0,0
2025-02-02,0.0,0.0,0,0
2025-02-03,0.0,0.0,0,0
2025-02-04,0.0,0.0,0,0
2025-02-05,0.0,0.0,0,0
2025-02-06,0.0,0.0,0,0
2025-02-07,0.0,0.0,0,0
2025-02-08,0.0,0.0,0,0
2025-02-09,0.0,0.0,0,0
2025-02-10,0.0,0.0,0,0
2025-02-11,0.0,0.0,0,0
2025-02-12,0.0,0.0,0,0
2025-02-13,0.0,0.0,0,0
2025-02-14,0.0,0.0,0,0
2025-02-15,0.0,0.0,0,0
2025-02-16,0.0,0.0,0,0
2025-02-17,0.0,0.0,0,0
