Date,Midnight population,24-hour population,Midnight population count,24-hour population count
2008-10-01,-1.0,-1.0,0,0
2008-10-02,-1.0,-1.0,0,0
2008-10-03,-1.0,-1.0,0,0
2008-10-04,-1.0,-1.0,0,0
2008-10-05,-1.0,-1.0,0,0
2008-10-06,-1.0,-1.0,0,0
2008-10-07,-1.0,-1.0,0,0
2008-10-08,-1.0,-1.0,0,0
2008-10-09,-1.0,-1.0,0,0
2008-10-10,-1.0,-1.0,0,0
2008-10-11,-1.0,-1.0,0,0
2008-10-12,-1.0,-1.0,0,0
2008-10-13,-1.0,-1.0,0,0
2008-10-14,-1.0,-1.0,0,0
2008-10-15,-1.0,-1.0,0,0
2008-10-16,-1.0,-1.0,0,0
2008-10-17,-1.0,-1.0,0,0
2008-10-18,-1.0,-1.0,0,0
2008-10-19,-1.0,-1.0,0,0
2008-10-20,-1.0,-1.0,0,0
2008-10-21,-1.0,-1.0,0,0
2008-10-22,-1.0,-1.0,0,0
2008-10-23,-1.0,-1.0,0,0
2008-10-24,-1.0,-1.0,0,0
2008-10-25,-1.0,-1.0,0,0
2008-10-26,-1.0,-1.0,0,0
2008-10-27,-1.0,-1.0,0,0
2008-10-28,-1.0,-1.0,0,0
2008-10-29,-1.0,-1.0,0,0
2008-10-30,0.0,0.0,0,0
2008-10-31,0.0,0.0,0,0
2008-11-01,0.0,0.0,0,0
2008-11-02,0.0,0.0,0,0
2008-11-03,0.0,0.0,0,0
2008-11-04,0.0,0.0,0,0
2008-11-05,0.0,0.0,0,0
2008-11-06,0.0,0.0,0,0
2008-11-07,0.0,0.0,0,0
2008-11-08,0.0,0.0,0,0
2008-11-09,0.0,0.0,0,0
2008-11-10,0.0,0.0,0,0
2008-11-11,0.0,0.0,0,0
2008-11-12,0.0,0.0,0,0
2008-11-13,0.0,0.0,0,0
2008-11-14,0.0,0.0,0,0
2008-11-15,0.0,0.0,0,0
2008-11-16,0.0,0.0,0,0
2008-11-17,0.0,0.0,0,0
2008-11-18,0.0,0.0,0,0
2008-11-19,0.0,0.0,0,0
2008-11-20,0.0,0.0,0,0
2008-11-21,0.0,0.0,0,0
2008-11-22,0.0,0.0,0,0
2008-11-23,0.0,0.0,0,0
2008-11-24,0.0,0.0,0,0
2008-11-25,0.0,0.0,0,0
2008-11-26,0.0,0.0,0,0
2008-11-27,0.0,0.0,0,0
2008-11-28,0.0,0.0,0,0
2008-11-29,0.0,0.0,0,0
2008-11-30,0.0,0.0,0,0
2008-12-01,0.0,0.0,0,0
2008-12-02,0.0,0.0,0,0
2008-12-03,0.0,0.0,0,0
2008-12-04,0.0,0.0,0,0
2008-12-05,0.0,0.0,0,0
2008-12-06,0.0,0.0,0,0
2008-12-07,0.0,0.0,0,0
2008-12-08,0.0,0.0,0,0
2008-12-09,0.0,0.0,0,0
2008-12-10,0.0,0.0,0,0
2008-12-11,0.0,0.0,0,0
2008-12-12,0.0,0.0,0,0
2008-12-13,0.0,0.0,0,0
2008-12-14,0.0,0.0,0,0
2008-12-15,0.0,0.0,0,0
2008-12-16,0.0,0.0,0,0
2008-12-17,0.0,0.0,0,0
2008-12-18,0.0,0.0,0,0
2008-12-19,0.0,0.0,0,0
2008-12-20,0.0,0.0,0,0
2008-12-21,0.0,0.0,0,0
2008-12-22,0.0,0.0,0,0
2008-12-23,0.0,0.0,0,0
2008-12-24,0.0,0.0,0,0
2008-12-25,0.0,0.0,0,0
2008-12-26,0.0,0.0,0,0
2008-12-27,0.0,0.0,0,0
2008-12-28,0.0,0.0,0,0
2008-12-29,0.0,0.0,0,0
2008-12-30,0.0,0.0,0,0
2008-12-31,0.0,0.0,0,0
2009-01-01,0.0,0.0,0,0
2009-01-02,0.0,0.0,0,0
2009-01-03,0.0,0.0,0,0
2009-01-04,0.0,0.0,0,0
2009-01-05,0.0,0.0,0,0
2009-01-06,0.0,0.0,0,0
2009-01-07,0.0,0.0,0,0
2009-01-08,0.0,0.0,0,0
2009-01-09,0.0,0.0,0,0
2009-01-10,0.0,0.0,0,0
2009-01-11,0.0,0.0,0,0
2009-01-12,0.0,0.0,0,0
2009-01-13,0.0,0.0,0,0
2009-01-14,0.0,0.0,0,0
2009-01-15,0.0,0.0,0,0
2009-01-16,0.0,0.0,0,0
2009-01-17,0.0,0.0,0,0
2009-01-18,0.0,0.0,0,0
2009-01-19,0.0,0.0,0,0
2009-01-20,0.0,0.0,0,0
2009-01-21,0.0,0.0,0,0
2009-01-22,0.0,0.0,0,0
2009-01-23,0.0,0.0,0,0
2009-01-24,0.0,0.0,0,0
2009-01-25,0.0,0.0,0,0
2009-01-26,0.0,0.0,0,0
2009-01-27,0.0,0.0,0,0
2009-01-28,0.0,0.0,0,0
2009-01-29,0.0,0.0,0,0
2009-01-30,0.0,0.0,0,0
2009-01-31,0.0,0.0,0,0
2009-02-01,0.0,0.0,0,0
2009-02-02,0.0,0.0,0,0
2009-02-03,0.0,0.0,0,0
2009-02-04,0.0,0.0,0,0
2009-02-05,0.0,0.0,0,0
2009-02-06,0.0,0.0,0,0
2009-02-07,0.0,0.0,0,0
2009-02-08,0.0,0.0,0,0
2009-02-09,0.0,0.0,0,0
2009-02-10,0.0,0.0,0,0
2009-02-11,0.0,0.0,0,0
2009-02-12,0.0,0.0,0,0
2009-02-13,0.0,0.0,0,0
2009-02-14,0.0,0.0,0,0
2009-02-15,0.0,0.0,0,0
2009-02-16,0.0,0.0,0,0
2009-02-17,0.0,0.0,0,0
2009-02-18,0.0,0.0,0,0
2009-02-19,0.0,0.0,0,0
2009-02-20,0.0,0.0,0,0
2009-02-21,0.0,0.0,0,0
2009-02-22,0.0,0.0,0,0
2009-02-23,0.0,0.0,0,0
2009-02-24,0.0,0.0,0,0
2009-02-25,0.0,0.0,0,0
2009-02-26,0.0,0.0,0,0
2009-02-27,0.0,0.0,0,0
2009-02-28,0.0,0.0,0,0
2009-03-01,0.0,0.0,0,0
2009-03-02,0.0,0.0,0,0
2009-03-03,0.0,0.0,0,0
2009-03-04,0.0,0.0,0,0
2009-03-05,0.0,0.0,0,0
2009-03-06,0.0,0.0,0,0
2009-03-07,0.0,0.0,0,0
2009-03-08,0.0,0.0,0,0
2009-03-09,0.0,0.0,0,0
2009-03-10,0.0,0.0,0,0
2009-03-11,0.0,0.0,0,0
2009-03-12,0.0,0.0,0,0
2009-03-13,0.0,0.0,0,0
2009-03-14,0.0,0.0,0,0
2009-03-15,0.0,0.0,0,0
2009-03-16,0.0,0.0,0,0
2009-03-17,0.0,0.0,0,0
2009-03-18,0.0,0.0,0,0
2009-03-19,0.0,0.0,0,0
2009-03-20,0.0,0.0,0,0
2009-03-21,0.0,0.0,0,0
2009-03-22,0.0,0.0,0,0
2009-03-23,0.0,0.0,0,0
2009-03-24,0.0,0.0,0,0
2009-03-25,0.0,0.0,0,0
2009-03-26,0.0,0.0,0,0
2009-03-27,0.0,0.0,0,0
2009-03-28,0.0,0.0,0,0
2009-03-29,0.0,0.0,0,0
2009-03-30,0.0,0.0,0,0
2009-03-31,0.0,0.0,0,0
2009-04-01,0.0,0.0,0,0
2009-04-02,0.0,0.0,0,0
2009-04-03,0.0,0.0,0,0
2009-04-04,0.0,0.0,0,0
2009-04-05,0.0,0.0,0,0
2009-04-06,0.0,0.0,0,0
2009-04-07,0.0,0.0,0,0
2009-04-08,0.0,0.0,0,0
2009-04-09,0.0,0.0,0,0
2009-04-10,0.0,0.0,0,0
2009-04-11,0.0,0.0,0,0
2009-04-12,0.0,0.0,0,0
2009-04-13,0.0,0.0,0,0
2009-04-14,0.0,0.0,0,0
2009-04-15,0.0,0.0,0,0
2009-04-16,0.0,0.0,0,0
2009-04-17,0.0,0.0,0,0
2009-04-18,0.0,0.0,0,0
2009-04-19,0.0,0.0,0,0
2009-04-20,0.0,0.0,0,0
2009-04-21,0.0,0.0,0,0
2009-04-22,0.0,0.0,0,0
2009-04-23,0.0,0.0,0,0
2009-04-24,0.0,0.0,0,0
2009-04-25,0.0,0.0,0,0
2009-04-26,0.0,0.0,0,0
2009-04-27,0.0,0.0,0,0
2009-04-28,0.0,0.0,0,0
2009-04-29,0.0,0.0,0,0
2009-04-30,0.0,0.0,0,0
2009-05-01,0.0,0.0,0,0
2009-05-02,0.0,0.0,0,0
2009-05-03,0.0,0.0,0,0
2009-05-04,0.0,0.0,0,0
2009-05-05,0.0,0.0,0,0
2009-05-06,0.0,0.0,0,0
2009-05-07,0.0,0.0,0,0
2009-05-08,0.0,0.0,0,0
2009-05-09,0.0,0.0,0,0
2009-05-10,0.0,0.0,0,0
2009-05-11,0.0,0.0,0,0
2009-05-12,0.0,0.0,0,0
2009-05-13,0.0,0.0,0,0
2009-05-14,0.0,0.0,0,0
2009-05-15,0.0,0.0,0,0
2009-05-16,0.0,0.0,0,0
2009-05-17,0.0,0.0,0,0
2009-05-18,0.0,0.0,0,0
2009-05-19,0.0,0.0,0,0
2009-05-20,0.0,0.0,0,0
2009-05-21,0.0,0.0,0,0
2009-05-22,0.0,0.0,0,0
2009-05-23,0.0,0.0,0,0
2009-05-24,0.0,0.0,0,0
2009-05-25,0.0,0.0,0,0
2009-05-26,0.0,0.0,0,0
2009-05-27,0.0,0.0,0,0
2009-05-28,0.0,0.0,0,0
2009-05-29,0.0,0.0,0,0
2009-05-30,0.0,0.0,0,0
2009-05-31,0.0,0.0,0,0
2009-06-01,0.0,0.0,0,0
2009-06-02,0.0,0.0,0,0
2009-06-03,0.0,0.0,0,0
2009-06-04,0.0,0.0,0,0
2009-06-05,0.0,0.0,0,0
2009-06-06,0.0,0.0,0,0
2009-06-07,0.0,0.0,0,0
2009-06-08,0.0,0.0,0,0
2009-06-09,0.0,0.0,0,0
2009-06-10,0.0,0.0,0,0
2009-06-11,0.0,0.0,0,0
2009-06-12,0.0,0.0,0,0
2009-06-13,0.0,0.0,0,0
2009-06-14,0.0,0.0,0,0
2009-06-15,0.0,0.0,0,0
2009-06-16,0.0,0.0,0,0
2009-06-17,0.0,0.0,0,0
2009-06-18,0.0,0.0,0,0
2009-06-19,0.0,0.0,0,0
2009-06-20,0.0,0.0,0,0
2009-06-21,0.0,0.0,0,0
2009-06-22,0.0,0.0,0,0
2009-06-23,0.0,0.0,0,0
2009-06-24,0.0,0.0,0,0
2009-06-25,0.0,0.0,0,0
2009-06-26,0.0,0.0,0,0
2009-06-27,0.0,0.0,0,0
2009-06-28,0.0,0.0,0,0
2009-06-29,0.0,0.0,0,0
2009-06-30,0.0,0.0,0,0
2009-07-01,0.0,0.0,0,0
2009-07-02,0.0,0.0,0,0
2009-07-03,0.0,0.0,0,0
2009-07-04,0.0,0.0,0,0
2009-07-05,0.0,0.0,0,0
2009-07-06,0.0,0.0,0,0
2009-07-07,0.0,0.0,0,0
2009-07-08,0.0,0.0,0,0
2009-07-09,0.0,0.0,0,0
2009-07-10,0.0,0.0,0,0
2009-07-11,0.0,0.0,0,0
2009-07-12,0.0,0.0,0,0
2009-07-13,0.0,0.0,0,0
2009-07-14,0.0,0.0,0,0
2009-07-15,0.0,0.0,0,0
2009-07-16,0.0,0.0,0,0
2009-07-17,0.0,0.0,0,0
2009-07-18,0.0,0.0,0,0
2009-07-19,0.0,0.0,0,0
2009-07-20,0.0,0.0,0,0
2009-07-21,0.0,0.0,0,0
2009-07-22,0.0,0.0,0,0
2009-07-23,0.0,0.0,0,0
2009-07-24,0.0,0.0,0,0
2009-07-25,0.0,0.0,0,0
2009-07-26,0.0,0.0,0,0
2009-07-27,0.0,0.0,0,0
2009-07-28,0.0,0.0,0,0
2009-07-29,0.0,0.0,0,0
2009-07-30,0.0,0.0,0,0
2009-07-31,0.0,0.0,0,0
2009-08-01,0.0,0.0,0,0
2009-08-02,0.0,0.0,0,0
2009-08-03,0.0,0.0,0,0
2009-08-04,0.0,0.0,0,0
2009-08-05,0.0,0.0,0,0
2009-08-06,0.0,0.0,0,0
2009-08-07,0.0,0.0,0,0
2009-08-08,0.0,0.0,0,0
2009-08-09,0.0,0.0,0,0
2009-08-10,0.0,0.0,0,0
2009-08-11,0.0,0.0,0,0
2009-08-12,0.0,0.0,0,0
2009-08-13,0.0,0.0,0,0
2009-08-14,0.0,0.0,0,0
2009-08-15,0.0,0.0,0,0
2009-08-16,0.0,0.0,0,0
2009-08-17,0.0,0.0,0,0
2009-08-18,0.0,0.0,0,0
2009-08-19,0.0,0.0,0,0
2009-08-20,0.0,0.0,0,0
2009-08-21,0.0,0.0,0,0
2009-08-22,0.0,0.0,0,0
2009-08-23,0.0,0.0,0,0
2009-08-24,0.0,0.0,0,0
2009-08-25,0.0,0.0,0,0
2009-08-26,0.0,0.0,0,0
2009-08-27,0.0,0.0,0,0
2009-08-28,0.0,0.0,0,0
2009-08-29,0.0,0.0,0,0
2009-08-30,0.0,0.0,0,0
2009-08-31,0.0,0.0,0,0
2009-09-01,0.0,0.0,0,0
2009-09-02,0.0,0.0,0,0
2009-09-03,0.0,0.0,0,0
2009-09-04,0.0,0.0,0,0
2009-09-05,0.0,0.0,0,0
2009-09-06,0.0,0.0,0,0
2009-09-07,0.0,0.0,0,0
2009-09-08,0.0,0.0,0,0
2009-09-09,0.0,0.0,0,0
2009-09-10,0.0,0.0,0,0
2009-09-11,0.0,0.0,0,0
2009-09-12,0.0,0.0,0,0
2009-09-13,0.0,0.0,0,0
2009-09-14,0.0,0.0,0,0
2009-09-15,0.0,0.0,0,0
2009-09-16,0.0,0.0,0,0
2009-09-17,0.0,0.0,0,0
2009-09-18,0.0,0.0,0,0
2009-09-19,0.0,0.0,0,0
2009-09-20,0.0,0.0,0,0
2009-09-21,0.0,0.0,0,0
2009-09-22,0.0,0.0,0,0
2009-09-23,0.0,0.0,0,0
2009-09-24,0.0,0.0,0,0
2009-09-25,0.0,0.0,0,0
2009-09-26,0.0,0.0,0,0
2009-09-27,0.0,0.0,0,0
2009-09-28,0.0,0.0,0,0
2009-09-29,0.0,0.0,0,0
2009-09-30,0.0,0.0,0,0
2009-10-01,0.0,0.0,0,0
2009-10-02,0.0,0.0,0,0
2009-10-03,0.0,0.0,0,0
2009-10-04,0.0,0.0,0,0
2009-10-05,0.0,0.0,0,0
2009-10-06,0.0,0.0,0,0
2009-10-07,0.0,0.0,0,0
2009-10-08,0.0,0.0,0,0
2009-10-09,0.0,0.0,0,0
2009-10-10,0.0,0.0,0,0
2009-10-11,0.0,0.0,0,0
2009-10-12,0.0,0.0,0,0
2009-10-13,0.0,0.0,0,0
2009-10-14,0.0,0.0,0,0
2009-10-15,0.0,0.0,0,0
2009-10-16,0.0,0.0,0,0
2009-10-17,0.0,0.0,0,0
2009-10-18,0.0,0.0,0,0
2009-10-19,0.0,0.0,0,0
2009-10-20,0.0,0.0,0,0
2009-10-21,0.0,0.0,0,0
2009-10-22,0.0,0.0,0,0
2009-10-23,0.0,0.0,0,0
2009-10-24,0.0,0.0,0,0
2009-10-25,0.0,0.0,0,0
2009-10-26,0.0,0.0,0,0
2009-10-27,0.0,0.0,0,0
2009-10-28,0.0,0.0,0,0
2009-10-29,0.0,0.0,0,0
2009-10-30,0.0,0.0,0,0
2009-10-31,0.0,0.0,0,0
2009-11-01,0.0,0.0,0,0
2009-11-02,0.0,0.0,0,0
2009-11-03,0.0,0.0,0,0
2009-11-04,0.0,0.0,0,0
2009-11-05,0.0,0.0,0,0
2009-11-06,0.0,0.0,0,0
2009-11-07,0.0,0.0,0,0
2009-11-08,0.0,0.0,0,0
2009-11-09,0.0,0.0,0,0
2009-11-10,0.0,0.0,0,0
2009-11-11,0.0,0.0,0,0
2009-11-12,0.0,0.0,0,0
2009-11-13,0.0,0.0,0,0
2009-11-14,0.0,0.0,0,0
2009-11-15,0.0,0.0,0,0
2009-11-16,0.0,0.0,0,0
2009-11-17,0.0,0.0,0,0
2009-11-18,0.0,0.0,0,0
2009-11-19,0.0,0.0,0,0
2009-11-20,0.0,0.0,0,0
2009-11-21,0.0,0.0,0,0
2009-11-22,0.0,0.0,0,0
2009-11-23,0.0,0.0,0,0
2009-11-24,0.0,0.0,0,0
2009-11-25,0.0,0.0,0,0
2009-11-26,0.0,0.0,0,0
2009-11-27,0.0,0.0,0,0
2009-11-28,0.0,0.0,0,0
2009-11-29,0.0,0.0,0,0
2009-11-30,0.0,0.0,0,0
2009-12-01,0.0,0.0,0,0
2009-12-02,0.0,0.0,0,0
2009-12-03,0.0,0.0,0,0
2009-12-04,0.0,0.0,0,0
2009-12-05,0.0,0.0,0,0
2009-12-06,0.0,0.0,0,0
2009-12-07,0.0,0.0,0,0
2009-12-08,0.0,0.0,0,0
2009-12-09,0.0,0.0,0,0
2009-12-10,0.0,0.0,0,0
2009-12-11,0.0,0.0,0,0
2009-12-12,0.0,0.0,0,0
2009-12-13,0.0,0.0,0,0
2009-12-14,0.0,0.0,0,0
2009-12-15,0.0,0.0,0,0
2009-12-16,0.0,0.0,0,0
2009-12-17,0.0,0.0,0,0
2009-12-18,0.0,0.0,0,0
2009-12-19,0.0,0.0,0,0
2009-12-20,0.0,0.0,0,0
2009-12-21,0.0,0.0,0,0
2009-12-22,0.0,0.0,0,0
2009-12-23,0.0,0.0,0,0
2009-12-24,0.0,0.0,0,0
2009-12-25,0.0,0.0,0,0
2009-12-26,0.0,0.0,0,0
2009-12-27,0.0,0.0,0,0
2009-12-28,0.0,0.0,0,0
2009-12-29,0.0,0.0,0,0
2009-12-30,0.0,0.0,0,0
2009-12-31,0.0,0.0,0,0
2010-01-01,0.0,0.0,0,0
2010-01-02,0.0,0.0,0,0
2010-01-03,0.0,0.0,0,0
2010-01-04,0.0,0.0,0,0
2010-01-05,0.0,0.0,0,0
2010-01-06,0.0,0.0,0,0
2010-01-07,0.0,0.0,0,0
2010-01-08,0.0,0.0,0,0
2010-01-09,0.0,0.0,0,0
2010-01-10,0.0,0.0,0,0
2010-01-11,0.0,0.0,0,0
2010-01-12,0.0,0.0,0,0
2010-01-13,0.0,0.0,0,0
2010-01-14,0.0,0.0,0,0
2010-01-15,0.0,0.0,0,0
2010-01-16,0.0,0.0,0,0
2010-01-17,0.0,0.0,0,0
2010-01-18,0.0,0.0,0,0
2010-01-19,0.0,0.0,0,0
2010-01-20,0.0,0.0,0,0
2010-01-21,0.0,0.0,0,0
2010-01-22,0.0,0.0,0,0
2010-01-23,0.0,0.0,0,0
2010-01-24,0.0,0.0,0,0
2010-01-25,0.0,0.0,0,0
2010-01-26,0.0,0.0,0,0
2010-01-27,0.0,0.0,0,0
2010-01-28,0.0,0.0,0,0
2010-01-29,0.0,0.0,0,0
2010-01-30,0.0,0.0,0,0
2010-01-31,0.0,0.0,0,0
2010-02-01,0.0,0.0,0,0
2010-02-02,0.0,0.0,0,0
2010-02-03,0.0,0.0,0,0
2010-02-04,0.0,0.0,0,0
2010-02-05,0.0,0.0,0,0
2010-02-06,0.0,0.0,0,0
2010-02-07,0.0,0.0,0,0
2010-02-08,0.0,0.0,0,0
2010-02-09,0.0,0.0,0,0
2010-02-10,0.0,0.0,0,0
2010-02-11,0.0,0.0,0,0
2010-02-12,0.0,0.0,0,0
2010-02-13,0.0,0.0,0,0
2010-02-14,0.0,0.0,0,0
2010-02-15,0.0,0.0,0,0
2010-02-16,0.0,0.0,0,0
2010-02-17,0.0,0.0,0,0
2010-02-18,0.0,0.0,0,0
2010-02-19,0.0,0.0,0,0
2010-02-20,0.0,0.0,0,0
2010-02-21,0.0,0.0,0,0
2010-02-22,0.0,0.0,0,0
2010-02-23,0.0,0.0,0,0
2010-02-24,0.0,0.0,0,0
2010-02-25,0.0,0.0,0,0
2010-02-26,0.0,0.0,0,0
2010-02-27,0.0,0.0,0,0
2010-02-28,0.0,0.0,0,0
2010-03-01,0.0,0.0,0,0
2010-03-02,0.0,0.0,0,0
2010-03-03,0.0,0.0,0,0
2010-03-04,0.0,0.0,0,0
2010-03-05,0.0,0.0,0,0
2010-03-06,0.0,0.0,0,0
2010-03-07,0.0,0.0,0,0
2010-03-08,0.0,0.0,0,0
2010-03-09,0.0,0.0,0,0
2010-03-10,0.0,0.0,0,0
2010-03-11,0.0,0.0,0,0
2010-03-12,0.0,0.0,0,0
2010-03-13,0.0,0.0,0,0
2010-03-14,0.0,0.0,0,0
2010-03-15,0.0,0.0,0,0
2010-03-16,0.0,0.0,0,0
2010-03-17,0.0,0.0,0,0
2010-03-18,0.0,0.0,0,0
2010-03-19,0.0,0.0,0,0
2010-03-20,0.0,0.0,0,0
2010-03-21,0.0,0.0,0,0
2010-03-22,0.0,0.0,0,0
2010-03-23,0.0,0.0,0,0
2010-03-24,0.0,0.0,0,0
2010-03-25,0.0,0.0,0,0
2010-03-26,0.0,0.0,0,0
2010-03-27,0.0,0.0,0,0
2010-03-28,0.0,0.0,0,0
2010-03-29,0.0,0.0,0,0
2010-03-30,0.0,0.0,0,0
2010-03-31,0.0,0.0,0,0
2010-04-01,0.0,0.0,0,0
2010-04-02,0.0,0.0,0,0
2010-04-03,0.0,0.0,0,0
2010-04-04,0.0,0.0,0,0
2010-04-05,0.0,0.0,0,0
2010-04-06,0.0,0.0,0,0
2010-04-07,0.0,0.0,0,0
2010-04-08,0.0,0.0,0,0
2010-04-09,0.0,0.0,0,0
2010-04-10,0.0,0.0,0,0
2010-04-11,0.0,0.0,0,0
2010-04-12,0.0,0.0,0,0
2010-04-13,0.0,0.0,0,0
2010-04-14,0.0,0.0,0,0
2010-04-15,0.0,0.0,0,0
2010-04-16,0.0,0.0,0,0
2010-04-17,0.0,0.0,0,0
2010-04-18,0.0,0.0,0,0
2010-04-19,0.0,0.0,0,0
2010-04-20,0.0,0.0,0,0
2010-04-21,0.0,0.0,0,0
2010-04-22,0.0,0.0,0,0
2010-04-23,0.0,0.0,0,0
2010-04-24,0.0,0.0,0,0
2010-04-25,0.0,0.0,0,0
2010-04-26,0.0,0.0,0,0
2010-04-27,0.0,0.0,0,0
2010-04-28,0.0,0.0,0,0
2010-04-29,0.0,0.0,0,0
2010-04-30,0.0,0.0,0,0
2010-05-01,0.0,0.0,0,0
2010-05-02,0.0,0.0,0,0
2010-05-03,0.0,0.0,0,0
2010-05-04,0.0,0.0,0,0
2010-05-05,0.0,0.0,0,0
2010-05-06,0.0,0.0,0,0
2010-05-07,0.0,0.0,0,0
2010-05-08,0.0,0.0,0,0
2010-05-09,0.0,0.0,0,0
2010-05-10,0.0,0.0,0,0
2010-05-11,0.0,0.0,0,0
2010-05-12,0.0,0.0,0,0
2010-05-13,0.0,0.0,0,0
2010-05-14,0.0,0.0,0,0
2010-05-15,0.0,0.0,0,0
2010-05-16,0.0,0.0,0,0
2010-05-17,0.0,0.0,0,0
2010-05-18,0.0,0.0,0,0
2010-05-19,0.0,0.0,0,0
2010-05-20,0.0,0.0,0,0
2010-05-21,0.0,0.0,0,0
2010-05-22,0.0,0.0,0,0
2010-05-23,0.0,0.0,0,0
2010-05-24,0.0,0.0,0,0
2010-05-25,0.0,0.0,0,0
2010-05-26,0.0,0.0,0,0
2010-05-27,0.0,0.0,0,0
2010-05-28,0.0,0.0,0,0
2010-05-29,0.0,0.0,0,0
2010-05-30,0.0,0.0,0,0
2010-05-31,0.0,0.0,0,0
2010-06-01,0.0,0.0,0,0
2010-06-02,0.0,0.0,0,0
2010-06-03,0.0,0.0,0,0
2010-06-04,0.0,0.0,0,0
2010-06-05,0.0,0.0,0,0
2010-06-06,0.0,0.0,0,0
2010-06-07,0.0,0.0,0,0
2010-06-08,0.0,0.0,0,0
2010-06-09,0.0,0.0,0,0
2010-06-10,0.0,0.0,0,0
2010-06-11,0.0,0.0,0,0
2010-06-12,0.0,0.0,0,0
2010-06-13,0.0,0.0,0,0
2010-06-14,0.0,0.0,0,0
2010-06-15,0.0,0.0,0,0
2010-06-16,0.0,0.0,0,0
2010-06-17,0.0,0.0,0,0
2010-06-18,0.0,0.0,0,0
2010-06-19,0.0,0.0,0,0
2010-06-20,0.0,0.0,0,0
2010-06-21,0.0,0.0,0,0
2010-06-22,0.0,0.0,0,0
2010-06-23,0.0,0.0,0,0
2010-06-24,0.0,0.0,0,0
2010-06-25,0.0,0.0,0,0
2010-06-26,0.0,0.0,0,0
2010-06-27,0.0,0.0,0,0
2010-06-28,0.0,0.0,0,0
2010-06-29,0.0,0.0,0,0
2010-06-30,0.0,0.0,0,0
2010-07-01,0.0,0.0,0,0
2010-07-02,0.0,0.0,0,0
2010-07-03,0.0,0.0,0,0
2010-07-04,0.0,0.0,0,0
2010-07-05,0.0,0.0,0,0
2010-07-06,0.0,0.0,0,0
2010-07-07,0.0,0.0,0,0
2010-07-08,0.0,0.0,0,0
2010-07-09,0.0,0.0,0,0
2010-07-10,0.0,0.0,0,0
2010-07-11,0.0,0.0,0,0
2010-07-12,0.0,0.0,0,0
2010-07-13,0.0,0.0,0,0
2010-07-14,0.0,0.0,0,0
2010-07-15,0.0,0.0,0,0
2010-07-16,0.0,0.0,0,0
2010-07-17,0.0,0.0,0,0
2010-07-18,0.0,0.0,0,0
2010-07-19,0.0,0.0,0,0
2010-07-20,0.0,0.0,0,0
2010-07-21,0.0,0.0,0,0
2010-07-22,0.0,0.0,0,0
2010-07-23,0.0,0.0,0,0
2010-07-24,0.0,0.0,0,0
2010-07-25,0.0,0.0,0,0
2010-07-26,0.0,0.0,0,0
2010-07-27,0.0,0.0,0,0
2010-07-28,0.0,0.0,0,0
2010-07-29,0.0,0.0,0,0
2010-07-30,0.0,0.0,0,0
2010-07-31,0.0,0.0,0,0
2010-08-01,0.0,0.0,0,0
2010-08-02,0.0,0.0,0,0
2010-08-03,0.0,0.0,0,0
2010-08-04,0.0,0.0,0,0
2010-08-05,0.0,0.0,0,0
2010-08-06,0.0,0.0,0,0
2010-08-07,0.0,0.0,0,0
2010-08-08,0.0,0.0,0,0
2010-08-09,0.0,0.0,0,0
2010-08-10,0.0,0.0,0,0
2010-08-11,0.0,0.0,0,0
2010-08-12,0.0,0.0,0,0
2010-08-13,0.0,0.0,0,0
2010-08-14,0.0,0.0,0,0
2010-08-15,0.0,0.0,0,0
2010-08-16,0.0,0.0,0,0
2010-08-17,0.0,0.0,0,0
2010-08-18,0.0,0.0,0,0
2010-08-19,0.0,0.0,0,0
2010-08-20,0.0,0.0,0,0
2010-08-21,0.0,0.0,0,0
2010-08-22,0.0,0.0,0,0
2010-08-23,0.0,0.0,0,0
2010-08-24,0.0,0.0,0,0
2010-08-25,0.0,0.0,0,0
2010-08-26,0.0,0.0,0,0
2010-08-27,0.0,0.0,0,0
2010-08-28,0.0,0.0,0,0
2010-08-29,0.0,0.0,0,0
2010-08-30,0.0,0.0,0,0
2010-08-31,0.0,0.0,0,0
2010-09-01,0.0,0.0,0,0
2010-09-02,0.0,0.0,0,0
2010-09-03,0.0,0.0,0,0
2010-09-04,0.0,0.0,0,0
2010-09-05,0.0,0.0,0,0
2010-09-06,0.0,0.0,0,0
2010-09-07,0.0,0.0,0,0
2010-09-08,0.0,0.0,0,0
2010-09-09,0.0,0.0,0,0
2010-09-10,0.0,0.0,0,0
2010-09-11,0.0,0.0,0,0
2010-09-12,0.0,0.0,0,0
2010-09-13,0.0,0.0,0,0
2010-09-14,0.0,0.0,0,0
2010-09-15,0.0,0.0,0,0
2010-09-16,0.0,0.0,0,0
2010-09-17,0.0,0.0,0,0
2010-09-18,0.0,0.0,0,0
2010-09-19,0.0,0.0,0,0
2010-09-20,0.0,0.0,0,0
2010-09-21,0.0,0.0,0,0
2010-09-22,0.0,0.0,0,0
2010-09-23,0.0,0.0,0,0
2010-09-24,0.0,0.0,0,0
2010-09-25,0.0,0.0,0,0
2010-09-26,0.0,0.0,0,0
2010-09-27,0.0,0.0,0,0
2010-09-28,0.0,0.0,0,0
2010-09-29,0.0,0.0,0,0
2010-09-30,0.0,0.0,0,0
2010-10-01,0.0,0.0,0,0
2010-10-02,0.0,0.0,0,0
2010-10-03,0.0,0.0,0,0
2010-10-04,0.0,0.0,0,0
2010-10-05,0.0,0.0,0,0
2010-10-06,0.0,0.0,0,0
2010-10-07,0.0,0.0,0,0
2010-10-08,0.0,0.0,0,0
2010-10-09,0.0,0.0,0,0
2010-10-10,0.0,0.0,0,0
2010-10-11,0.0,0.0,0,0
2010-10-12,0.0,0.0,0,0
2010-10-13,0.0,0.0,0,0
2010-10-14,0.0,0.0,0,0
2010-10-15,0.0,0.0,0,0
2010-10-16,0.0,0.0,0,0
2010-10-17,0.0,0.0,0,0
2010-10-18,0.0,0.0,0,0
2010-10-19,0.0,0.0,0,0
2010-10-20,0.0,0.0,0,0
2010-10-21,0.0,0.0,0,0
2010-10-22,0.0,0.0,0,0
2010-10-23,0.0,0.0,0,0
2010-10-24,0.0,0.0,0,0
2010-10-25,0.0,0.0,0,0
2010-10-26,0.0,0.0,0,0
2010-10-27,0.0,0.0,0,0
2010-10-28,0.0,0.0,0,0
2010-10-29,0.0,0.0,0,0
2010-10-30,0.0,0.0,0,0
2010-10-31,0.0,0.0,0,0
2010-11-01,0.0,0.0,0,0
2010-11-02,0.0,0.0,0,0
2010-11-03,0.0,0.0,0,0
2010-11-04,0.0,0.0,0,0
2010-11-05,0.0,0.0,0,0
2010-11-06,0.0,0.0,0,0
2010-11-07,0.0,0.0,0,0
2010-11-08,0.0,0.0,0,0
2010-11-09,0.0,0.0,0,0
2010-11-10,0.0,0.0,0,0
2010-11-11,0.0,0.0,0,0
2010-11-12,0.0,0.0,0,0
2010-11-13,0.0,0.0,0,0
2010-11-14,0.0,0.0,0,0
2010-11-15,0.0,0.0,0,0
2010-11-16,0.0,0.0,0,0
2010-11-17,0.0,0.0,0,0
2010-11-18,0.0,0.0,0,0
2010-11-19,0.0,0.0,0,0
2010-11-20,0.0,0.0,0,0
2010-11-21,0.0,0.0,0,0
2010-11-22,0.0,0.0,0,0
2010-11-23,0.0,0.0,0,0
2010-11-24,0.0,0.0,0,0
2010-11-25,0.0,0.0,0,0
2010-11-26,0.0,0.0,0,0
2010-11-27,0.0,0.0,0,0
2010-11-28,0.0,0.0,0,0
2010-11-29,0.0,0.0,0,0
2010-11-30,0.0,0.0,0,0
2010-12-01,0.0,0.0,0,0
2010-12-02,0.0,0.0,0,0
2010-12-03,0.0,0.0,0,0
2010-12-04,0.0,0.0,0,0
2010-12-05,0.0,0.0,0,0
2010-12-06,0.0,0.0,0,0
2010-12-07,0.0,0.0,0,0
2010-12-08,0.0,0.0,0,0
2010-12-09,0.0,0.0,0,0
2010-12-10,0.0,0.0,0,0
2010-12-11,0.0,0.0,0,0
2010-12-12,0.0,0.0,0,0
2010-12-13,0.0,0.0,0,0
2010-12-14,0.0,0.0,0,0
2010-12-15,0.0,0.0,0,0
2010-12-16,0.0,0.0,0,0
2010-12-17,0.0,0.0,0,0
2010-12-18,0.0,0.0,0,0
2010-12-19,0.0,0.0,0,0
2010-12-20,0.0,0.0,0,0
2010-12-21,0.0,0.0,0,0
2010-12-22,0.0,0.0,0,0
2010-12-23,0.0,0.0,0,0
2010-12-24,0.0,0.0,0,0
2010-12-25,0.0,0.0,0,0
2010-12-26,0.0,0.0,0,0
2010-12-27,0.0,0.0,0,0
2010-12-28,0.0,0.0,0,0
2010-12-29,0.0,0.0,0,0
2010-12-30,0.0,0.0,0,0
2010-12-31,0.0,0.0,0,0
2011-01-01,0.0,0.0,0,0
2011-01-02,0.0,0.0,0,0
2011-01-03,0.0,0.0,0,0
2011-01-04,0.0,0.0,0,0
2011-01-05,0.0,0.0,0,0
2011-01-06,0.0,0.0,0,0
2011-01-07,0.0,0.0,0,0
2011-01-08,0.0,0.0,0,0
2011-01-09,0.0,0.0,0,0
2011-01-10,0.0,0.0,0,0
2011-01-11,0.0,0.0,0,0
2011-01-12,0.0,0.0,0,0
2011-01-13,0.0,0.0,0,0
2011-01-14,0.0,0.0,0,0
2011-01-15,0.0,0.0,0,0
2011-01-16,0.0,0.0,0,0
2011-01-17,0.0,0.0,0,0
2011-01-18,0.0,0.0,0,0
2011-01-19,0.0,0.0,0,0
2011-01-20,0.0,0.0,0,0
2011-01-21,0.0,0.0,0,0
2011-01-22,0.0,0.0,0,0
2011-01-23,0.0,0.0,0,0
2011-01-24,0.0,0.0,0,0
2011-01-25,0.0,0.0,0,0
2011-01-26,0.0,0.0,0,0
2011-01-27,0.0,0.0,0,0
2011-01-28,0.0,0.0,0,0
2011-01-29,0.0,0.0,0,0
2011-01-30,0.0,0.0,0,0
2011-01-31,0.0,0.0,0,0
2011-02-01,0.0,0.0,0,0
2011-02-02,0.0,0.0,0,0
2011-02-03,0.0,0.0,0,0
2011-02-04,0.0,0.0,0,0
2011-02-05,0.0,0.0,0,0
2011-02-06,0.0,0.0,0,0
2011-02-07,0.0,0.0,0,0
2011-02-08,0.0,0.0,0,0
2011-02-09,0.0,0.0,0,0
2011-02-10,0.0,0.0,0,0
2011-02-11,0.0,0.0,0,0
2011-02-12,0.0,0.0,0,0
2011-02-13,0.0,0.0,0,0
2011-02-14,0.0,0.0,0,0
2011-02-15,0.0,0.0,0,0
2011-02-16,0.0,0.0,0,0
2011-02-17,0.0,0.0,0,0
2011-02-18,0.0,0.0,0,0
2011-02-19,0.0,0.0,0,0
2011-02-20,0.0,0.0,0,0
2011-02-21,0.0,0.0,0,0
2011-02-22,0.0,0.0,0,0
2011-02-23,0.0,0.0,0,0
2011-02-24,0.0,0.0,0,0
2011-02-25,0.0,0.0,0,0
2011-02-26,0.0,0.0,0,0
2011-02-27,0.0,0.0,0,0
2011-02-28,0.0,0.0,0,0
2011-03-01,0.0,0.0,0,0
2011-03-02,0.0,0.0,0,0
2011-03-03,0.0,0.0,0,0
2011-03-04,0.0,0.0,0,0
2011-03-05,0.0,0.0,0,0
2011-03-06,0.0,0.0,0,0
2011-03-07,0.0,0.0,0,0
2011-03-08,0.0,0.0,0,0
2011-03-09,0.0,0.0,0,0
2011-03-10,0.0,0.0,0,0
2011-03-11,0.0,0.0,0,0
2011-03-12,0.0,0.0,0,0
2011-03-13,0.0,0.0,0,0
2011-03-14,0.0,0.0,0,0
2011-03-15,0.0,0.0,0,0
2011-03-16,0.0,0.0,0,0
2011-03-17,0.0,0.0,0,0
2011-03-18,0.0,0.0,0,0
2011-03-19,0.0,0.0,0,0
2011-03-20,0.0,0.0,0,0
2011-03-21,0.0,0.0,0,0
2011-03-22,0.0,0.0,0,0
2011-03-23,0.0,0.0,0,0
2011-03-24,0.0,0.0,0,0
2011-03-25,0.0,0.0,0,0
2011-03-26,0.0,0.0,0,0
2011-03-27,0.0,0.0,0,0
2011-03-28,0.0,0.0,0,0
2011-03-29,0.0,0.0,0,0
2011-03-30,0.0,0.0,0,0
2011-03-31,0.0,0.0,0,0
2011-04-01,0.0,0.0,0,0
2011-04-02,0.0,0.0,0,0
2011-04-03,0.0,0.0,0,0
2011-04-04,0.0,0.0,0,0
2011-04-05,0.0,0.0,0,0
2011-04-06,0.0,0.0,0,0
2011-04-07,0.0,0.0,0,0
2011-04-08,0.0,0.0,0,0
2011-04-09,0.0,0.0,0,0
2011-04-10,0.0,0.0,0,0
2011-04-11,0.0,0.0,0,0
2011-04-12,0.0,0.0,0,0
2011-04-13,0.0,0.0,0,0
2011-04-14,0.0,0.0,0,0
2011-04-15,0.0,0.0,0,0
2011-04-16,0.0,0.0,0,0
2011-04-17,0.0,0.0,0,0
2011-04-18,0.0,0.0,0,0
2011-04-19,0.0,0.0,0,0
2011-04-20,0.0,0.0,0,0
2011-04-21,0.0,0.0,0,0
2011-04-22,0.0,0.0,0,0
2011-04-23,0.0,0.0,0,0
2011-04-24,0.0,0.0,0,0
2011-04-25,0.0,0.0,0,0
2011-04-26,0.0,0.0,0,0
2011-04-27,0.0,0.0,0,0
2011-04-28,0.0,0.0,1,1
2011-04-29,0.0,0.0,0,1
2011-04-30,0.0,0.0,0,0
2011-05-01,0.0,0.0,0,0
2011-05-02,0.0,0.0,0,0
2011-05-03,0.0,0.0,0,0
2011-05-04,0.0,0.0,1,1
2011-05-05,0.0,0.0,0,1
2011-05-06,0.0,0.0,0,0
2011-05-07,0.0,0.0,0,0
2011-05-08,0.0,0.0,0,0
2011-05-09,0.0,0.0,0,0
2011-05-10,0.0,0.0,0,0
2011-05-11,0.0,0.0,0,0
2011-05-12,0.0,0.0,0,0
2011-05-13,0.0,0.0,0,0
2011-05-14,0.0,0.0,0,0
2011-05-15,0.0,0.0,0,0
2011-05-16,0.0,0.0,0,0
2011-05-17,0.0,0.0,0,0
2011-05-18,0.0,0.0,0,0
2011-05-19,0.0,0.0,0,0
2011-05-20,0.0,0.0,0,0
2011-05-21,0.0,0.0,0,0
2011-05-22,0.0,0.0,0,0
2011-05-23,0.0,0.0,0,0
2011-05-24,0.0,0.0,2,2
2011-05-25,0.0,0.0,0,3
2011-05-26,0.0,0.0,2,2
2011-05-27,0.0,0.0,0,2
2011-05-28,0.0,0.0,0,0
2011-05-29,0.0,0.0,0,0
2011-05-30,0.0,0.0,0,0
2011-05-31,0.0,0.0,0,0
2011-06-01,0.0,0.0,0,0
2011-06-02,0.0,0.0,0,0
2011-06-03,0.0,0.0,0,0
2011-06-04,0.0,0.0,0,0
2011-06-05,0.0,0.0,0,0
2011-06-06,0.0,0.0,0,0
2011-06-07,0.0,0.0,0,0
2011-06-08,0.0,0.0,0,0
2011-06-09,0.0,0.0,0,0
2011-06-10,0.0,0.0,0,0
2011-06-11,0.0,0.0,0,0
2011-06-12,0.0,0.0,0,0
2011-06-13,0.0,0.0,0,0
2011-06-14,0.0,0.0,0,0
2011-06-15,0.0,0.0,0,0
2011-06-16,0.0,0.0,1,1
2011-06-17,0.0,0.0,0,1
2011-06-18,0.0,0.0,0,0
2011-06-19,0.0,0.0,0,0
2011-06-20,0.0,0.0,0,0
2011-06-21,0.0,0.0,0,0
2011-06-22,0.0,0.0,0,0
2011-06-23,0.0,0.0,0,0
2011-06-24,0.0,0.0,0,1
2011-06-25,0.0,0.0,0,0
2011-06-26,0.0,0.0,0,0
2011-06-27,2.0,3.0,72,73
2011-06-28,5.0,5.0,73,73
2011-06-29,7.0,7.0,72,73
2011-06-30,10.0,10.0,71,72
2011-07-01,13.0,13.0,98,98
2011-07-02,16.0,16.0,98,98
2011-07-03,19.0,20.0,98,98
2011-07-04,23.0,23.0,98,98
2011-07-05,26.0,26.0,98,98
2011-07-06,29.0,29.0,98,98
2011-07-07,32.0,33.0,97,98
2011-07-08,36.0,36.0,93,97
2011-07-09,39.0,39.0,92,93
2011-07-10,42.0,42.0,92,92
2011-07-11,45.0,45.0,99,99
2011-07-12,48.0,49.0,98,99
2011-07-13,52.0,52.0,98,98
2011-07-14,55.0,55.0,98,98
2011-07-15,58.0,58.0,98,98
2011-07-16,61.0,62.0,98,98
2011-07-17,65.0,65.0,98,98
2011-07-18,68.0,68.0,98,98
2011-07-19,71.0,71.0,98,98
2011-07-20,74.0,75.0,81,98
2011-07-21,76.0,78.0,72,85
2011-07-22,79.0,80.0,72,72
2011-07-23,81.0,82.0,72,72
2011-07-24,83.0,85.0,72,72
2011-07-25,86.0,87.0,66,73
2011-07-26,88.0,90.0,78,84
2011-07-27,88.0,90.0,81,87
2011-07-28,89.0,91.0,80,82
2011-07-29,89.0,91.0,80,81
2011-07-30,89.0,91.0,80,80
2011-07-31,89.0,91.0,80,80
2011-08-01,88.0,90.0,85,86
2011-08-02,88.0,90.0,85,85
2011-08-03,87.0,89.0,86,86
2011-08-04,87.0,89.0,83,86
2011-08-05,86.0,89.0,76,84
2011-08-06,86.0,88.0,80,80
2011-08-07,85.0,87.0,80,80
2011-08-08,85.0,87.0,80,80
2011-08-09,84.0,87.0,68,80
2011-08-10,83.0,86.0,78,82
2011-08-11,83.0,85.0,79,82
2011-08-12,82.0,85.0,78,82
2011-08-13,81.0,84.0,78,78
2011-08-14,81.0,84.0,78,78
2011-08-15,80.0,83.0,85,85
2011-08-16,80.0,83.0,88,89
2011-08-17,80.0,83.0,90,94
2011-08-18,80.0,83.0,94,97
2011-08-19,80.0,83.0,92,94
2011-08-20,81.0,83.0,93,93
2011-08-21,81.0,84.0,93,93
2011-08-22,82.0,84.0,91,94
2011-08-23,82.0,85.0,89,92
2011-08-24,83.0,86.0,95,98
2011-08-25,84.0,86.0,100,100
2011-08-26,85.0,87.0,98,101
2011-08-27,85.0,87.0,98,98
2011-08-28,86.0,88.0,98,98
2011-08-29,86.0,88.0,96,98
2011-08-30,87.0,89.0,96,97
2011-08-31,87.0,89.0,97,97
2011-09-01,88.0,90.0,97,98
2011-09-02,88.0,90.0,81,97
2011-09-03,88.0,90.0,83,83
2011-09-04,88.0,90.0,83,83
2011-09-05,88.0,90.0,83,83
2011-09-06,88.0,90.0,85,85
2011-09-07,88.0,91.0,86,87
2011-09-08,89.0,91.0,94,96
2011-09-09,90.0,92.0,95,95
2011-09-10,90.0,92.0,95,95
2011-09-11,91.0,92.0,95,95
2011-09-12,91.0,93.0,94,96
2011-09-13,92.0,94.0,94,95
2011-09-14,92.0,94.0,94,95
2011-09-15,92.0,94.0,94,94
2011-09-16,93.0,94.0,94,96
2011-09-17,93.0,94.0,95,95
2011-09-18,93.0,94.0,95,95
2011-09-19,93.0,94.0,93,95
2011-09-20,93.0,94.0,90,93
2011-09-21,92.0,94.0,88,92
2011-09-22,92.0,94.0,87,90
2011-09-23,92.0,94.0,86,91
2011-09-24,92.0,93.0,86,86
2011-09-25,91.0,93.0,86,86
2011-09-26,91.0,92.0,84,87
2011-09-27,90.0,92.0,84,84
2011-09-28,90.0,92.0,82,84
2011-09-29,89.0,91.0,65,83
2011-09-30,88.0,90.0,62,65
2011-10-01,87.0,89.0,63,63
2011-10-02,86.0,88.0,63,63
2011-10-03,85.0,87.0,67,67
2011-10-04,85.0,87.0,81,83
2011-10-05,85.0,87.0,83,84
2011-10-06,85.0,87.0,83,83
2011-10-07,86.0,87.0,94,96
2011-10-08,86.0,87.0,94,94
2011-10-09,85.0,87.0,93,94
2011-10-10,85.0,87.0,93,93
2011-10-11,85.0,87.0,94,95
2011-10-12,85.0,87.0,85,95
2011-10-13,85.0,87.0,84,85
2011-10-14,84.0,87.0,84,85
2011-10-15,84.0,86.0,84,84
2011-10-16,84.0,86.0,84,84
2011-10-17,83.0,86.0,86,86
2011-10-18,83.0,85.0,85,87
2011-10-19,83.0,85.0,83,85
2011-10-20,83.0,85.0,89,95
2011-10-21,83.0,85.0,89,91
2011-10-22,83.0,85.0,90,90
2011-10-23,83.0,85.0,92,92
2011-10-24,83.0,85.0,92,92
2011-10-25,84.0,85.0,93,94
2011-10-26,84.0,86.0,90,94
2011-10-27,84.0,86.0,90,91
2011-10-28,84.0,86.0,85,90
2011-10-29,85.0,86.0,85,85
2011-10-30,85.0,87.0,85,85
2011-10-31,86.0,88.0,84,85
2011-11-01,87.0,88.0,82,84
2011-11-02,87.0,89.0,84,84
2011-11-03,87.0,89.0,83,84
2011-11-04,87.0,89.0,83,83
2011-11-05,87.0,89.0,83,83
2011-11-06,87.0,88.0,83,83
2011-11-07,87.0,88.0,84,85
2011-11-08,86.0,88.0,84,84
2011-11-09,86.0,88.0,85,85
2011-11-10,86.0,87.0,85,86
2011-11-11,86.0,87.0,86,86
2011-11-12,86.0,87.0,86,86
2011-11-13,86.0,87.0,86,86
2011-11-14,86.0,87.0,84,86
2011-11-15,86.0,87.0,82,84
2011-11-16,86.0,87.0,80,82
2011-11-17,86.0,87.0,79,80
2011-11-18,85.0,86.0,79,79
2011-11-19,85.0,86.0,79,79
2011-11-20,85.0,86.0,79,79
2011-11-21,84.0,85.0,75,79
2011-11-22,84.0,85.0,75,75
2011-11-23,83.0,84.0,75,75
2011-11-24,82.0,83.0,75,75
2011-11-25,82.0,83.0,75,75
2011-11-26,82.0,82.0,75,75
2011-11-27,81.0,82.0,75,75
2011-11-28,81.0,81.0,72,75
2011-11-29,80.0,81.0,72,72
2011-11-30,80.0,81.0,66,72
2011-12-01,79.0,80.0,60,66
2011-12-02,76.0,79.0,0,61
2011-12-03,73.0,76.0,0,0
2011-12-04,71.0,74.0,0,0
2011-12-05,68.0,71.0,0,0
2011-12-06,65.0,68.0,0,0
2011-12-07,62.0,65.0,0,0
2011-12-08,60.0,62.0,0,0
2011-12-09,57.0,60.0,0,0
2011-12-10,54.0,57.0,0,0
2011-12-11,51.0,54.0,0,0
2011-12-12,48.0,51.0,0,0
2011-12-13,45.0,48.0,0,0
2011-12-14,42.0,45.0,0,0
2011-12-15,40.0,42.0,0,0
2011-12-16,37.0,40.0,1,1
2011-12-17,34.0,37.0,1,1
2011-12-18,32.0,35.0,1,1
2011-12-19,29.0,32.0,0,1
2011-12-20,27.0,29.0,0,0
2011-12-21,24.0,27.0,0,0
2011-12-22,22.0,24.0,0,0
2011-12-23,19.0,22.0,0,0
2011-12-24,17.0,19.0,0,0
2011-12-25,14.0,17.0,0,0
2011-12-26,12.0,14.0,0,0
2011-12-27,9.0,12.0,0,0
2011-12-28,7.0,9.0,0,0
2011-12-29,4.0,7.0,0,0
2011-12-30,2.0,4.0,0,0
2011-12-31,0.0,2.0,0,0
2012-01-01,0.0,0.0,0,0
2012-01-02,0.0,0.0,0,0
2012-01-03,0.0,0.0,0,0
2012-01-04,0.0,0.0,0,0
2012-01-05,0.0,0.0,0,0
2012-01-06,0.0,0.0,0,0
2012-01-07,0.0,0.0,0,0
2012-01-08,0.0,0.0,0,0
2012-01-09,0.0,0.0,0,0
2012-01-10,0.0,0.0,0,0
2012-01-11,0.0,0.0,0,0
2012-01-12,0.0,0.0,0,0
2012-01-13,0.0,0.0,0,0
2012-01-14,0.0,0.0,0,0
2012-01-15,0.0,0.0,0,0
2012-01-16,0.0,0.0,0,0
2012-01-17,0.0,0.0,0,0
2012-01-18,0.0,0.0,0,0
2012-01-19,0.0,0.0,0,0
2012-01-20,0.0,0.0,0,0
2012-01-21,0.0,0.0,0,0
2012-01-22,0.0,0.0,0,0
2012-01-23,0.0,0.0,0,0
2012-01-24,0.0,0.0,0,0
2012-01-25,0.0,0.0,0,0
2012-01-26,0.0,0.0,0,0
2012-01-27,0.0,0.0,0,0
2012-01-28,0.0,0.0,0,0
2012-01-29,0.0,0.0,0,0
2012-01-30,0.0,0.0,0,0
2012-01-31,0.0,0.0,0,0
2012-02-01,0.0,0.0,0,0
2012-02-02,0.0,0.0,0,0
2012-02-03,0.0,0.0,0,0
2012-02-04,0.0,0.0,0,0
2012-02-05,0.0,0.0,0,0
2012-02-06,0.0,0.0,0,0
2012-02-07,0.0,0.0,0,0
2012-02-08,0.0,0.0,0,0
2012-02-09,0.0,0.0,0,1
2012-02-10,0.0,0.0,0,0
2012-02-11,0.0,0.0,0,0
2012-02-12,0.0,0.0,0,0
2012-02-13,0.0,0.0,0,0
2012-02-14,0.0,0.0,0,0
2012-02-15,0.0,0.0,0,0
2012-02-16,0.0,0.0,0,0
2012-02-17,0.0,0.0,0,0
2012-02-18,0.0,0.0,0,0
2012-02-19,0.0,0.0,0,0
2012-02-20,0.0,0.0,0,0
2012-02-21,0.0,0.0,0,0
2012-02-22,0.0,0.0,0,0
2012-02-23,0.0,0.0,0,0
2012-02-24,0.0,0.0,0,0
2012-02-25,0.0,0.0,0,0
2012-02-26,0.0,0.0,0,0
2012-02-27,0.0,0.0,0,0
2012-02-28,0.0,0.0,0,0
2012-02-29,0.0,0.0,0,0
2012-03-01,0.0,0.0,0,0
2012-03-02,0.0,0.0,0,0
2012-03-03,0.0,0.0,0,0
2012-03-04,0.0,0.0,0,0
2012-03-05,0.0,0.0,0,0
2012-03-06,0.0,0.0,0,0
2012-03-07,0.0,0.0,0,0
2012-03-08,0.0,0.0,0,0
2012-03-09,0.0,0.0,0,0
2012-03-10,0.0,0.0,0,0
2012-03-11,0.0,0.0,0,0
2012-03-12,0.0,0.0,0,0
2012-03-13,0.0,0.0,0,0
2012-03-14,0.0,0.0,0,0
2012-03-15,0.0,0.0,0,0
2012-03-16,0.0,0.0,0,0
2012-03-17,0.0,0.0,0,0
2012-03-18,0.0,0.0,0,0
2012-03-19,0.0,0.0,0,0
2012-03-20,0.0,0.0,0,0
2012-03-21,0.0,0.0,0,0
2012-03-22,0.0,0.0,0,0
2012-03-23,0.0,0.0,0,0
2012-03-24,0.0,0.0,0,0
2012-03-25,0.0,0.0,0,0
2012-03-26,0.0,0.0,0,0
2012-03-27,0.0,0.0,0,0
2012-03-28,0.0,0.0,0,0
2012-03-29,0.0,0.0,0,0
2012-03-30,0.0,0.0,0,0
2012-03-31,0.0,0.0,0,0
2012-04-01,0.0,0.0,0,0
2012-04-02,0.0,0.0,0,0
2012-04-03,0.0,0.0,0,0
2012-04-04,0.0,0.0,0,0
2012-04-05,0.0,0.0,0,0
2012-04-06,0.0,0.0,0,0
2012-04-07,0.0,0.0,0,0
2012-04-08,0.0,0.0,0,0
2012-04-09,0.0,0.0,0,0
2012-04-10,0.0,0.0,0,0
2012-04-11,0.0,0.0,0,0
2012-04-12,0.0,0.0,0,0
2012-04-13,0.0,0.0,0,0
2012-04-14,0.0,0.0,0,0
2012-04-15,0.0,0.0,0,0
2012-04-16,0.0,0.0,0,0
2012-04-17,0.0,0.0,0,0
2012-04-18,0.0,0.0,0,0
2012-04-19,0.0,0.0,0,0
2012-04-20,0.0,0.0,0,0
2012-04-21,0.0,0.0,0,0
2012-04-22,0.0,0.0,0,0
2012-04-23,0.0,0.0,0,0
2012-04-24,0.0,0.0,0,0
2012-04-25,0.0,0.0,0,0
2012-04-26,0.0,0.0,0,0
2012-04-27,0.0,0.0,0,0
2012-04-28,0.0,0.0,0,0
2012-04-29,0.0,0.0,0,0
2012-04-30,0.0,0.0,0,0
2012-05-01,0.0,0.0,0,0
2012-05-02,0.0,0.0,0,0
2012-05-03,0.0,0.0,0,0
2012-05-04,0.0,0.0,0,0
2012-05-05,0.0,0.0,0,0
2012-05-06,0.0,0.0,0,0
2012-05-07,0.0,0.0,0,0
2012-05-08,0.0,0.0,0,0
2012-05-09,0.0,0.0,0,0
2012-05-10,0.0,0.0,0,0
2012-05-11,0.0,0.0,0,0
2012-05-12,0.0,0.0,0,0
2012-05-13,0.0,0.0,0,0
2012-05-14,0.0,0.0,0,0
2012-05-15,0.0,0.0,0,0
2012-05-16,0.0,0.0,0,0
2012-05-17,0.0,0.0,0,0
2012-05-18,0.0,0.0,0,0
2012-05-19,4.0,4.0,108,108
2012-05-20,7.0,7.0,108,108
2012-05-21,15.0,15.0,242,244
2012-05-22,23.0,23.0,242,242
2012-05-23,26.0,32.0,76,243
2012-05-24,33.0,41.0,209,286
2012-05-25,40.0,53.0,227,354
2012-05-26,51.0,66.0,308,385
2012-05-27,61.0,76.0,308,308
2012-05-28,71.0,86.0,308,308
2012-05-29,81.0,96.0,307,308
2012-05-30,92.0,107.0,306,307
2012-05-31,102.0,118.0,306,350
2012-06-01,112.0,129.0,306,306
2012-06-02,122.0,141.0,304,373
2012-06-03,132.0,151.0,303,304
2012-06-04,142.0,161.0,302,303
2012-06-05,152.0,171.0,299,302
2012-06-06,161.0,181.0,256,299
2012-06-07,171.0,194.0,306,369
2012-06-08,181.0,205.0,301,337
2012-06-09,191.0,219.0,300,419
2012-06-10,201.0,229.0,300,300
2012-06-11,211.0,239.0,302,302
2012-06-12,221.0,249.0,302,304
2012-06-13,230.0,261.0,272,362
2012-06-14,240.0,271.0,301,302
2012-06-15,250.0,283.0,305,360
2012-06-16,261.0,293.0,305,305
2012-06-17,271.0,303.0,305,305
2012-06-18,277.0,310.0,304,305
2012-06-19,284.0,317.0,304,304
2012-06-20,286.0,319.0,317,317
2012-06-21,288.0,325.0,284,416
2012-06-22,295.0,328.0,283,343
2012-06-23,298.0,329.0,303,303
2012-06-24,300.0,327.0,303,303
2012-06-25,300.0,326.0,297,361
2012-06-26,300.0,326.0,297,297
2012-06-27,299.0,326.0,290,308
2012-06-28,299.0,326.0,307,307
2012-06-29,299.0,328.0,304,364
2012-06-30,299.0,326.0,299,304
2012-07-01,298.0,326.0,299,299
2012-07-02,298.0,323.0,299,299
2012-07-03,298.0,326.0,300,367
2012-07-04,298.0,327.0,301,336
2012-07-05,298.0,327.0,297,308
2012-07-06,300.0,328.0,302,347
2012-07-07,300.0,326.0,302,302
2012-07-08,300.0,325.0,302,302
2012-07-09,300.0,323.0,303,363
2012-07-10,300.0,325.0,303,364
2012-07-11,299.0,325.0,272,303
2012-07-12,298.0,325.0,294,306
2012-07-13,298.0,327.0,271,400
2012-07-14,297.0,326.0,271,271
2012-07-15,295.0,323.0,245,271
2012-07-16,293.0,321.0,243,245
2012-07-17,291.0,319.0,234,244
2012-07-18,289.0,318.0,249,289
2012-07-19,286.0,317.0,212,285
2012-07-20,285.0,316.0,272,273
2012-07-21,284.0,311.0,272,272
2012-07-22,284.0,309.0,274,288
2012-07-23,283.0,308.0,274,274
2012-07-24,282.0,308.0,278,282
2012-07-25,282.0,306.0,303,308
2012-07-26,282.0,306.0,285,309
2012-07-27,281.0,307.0,275,335
2012-07-28,281.0,307.0,300,300
2012-07-29,281.0,305.0,300,300
2012-07-30,281.0,305.0,300,300
2012-07-31,281.0,306.0,295,331
2012-08-01,281.0,306.0,308,308
2012-08-02,281.0,304.0,301,308
2012-08-03,280.0,305.0,262,361
2012-08-04,279.0,303.0,262,262
2012-08-05,277.0,301.0,262,262
2012-08-06,277.0,300.0,289,294
2012-08-07,277.0,300.0,289,294
2012-08-08,275.0,298.0,265,289
2012-08-09,275.0,296.0,280,320
2012-08-10,276.0,296.0,313,314
2012-08-11,277.0,297.0,313,313
2012-08-12,278.0,294.0,313,313
2012-08-13,279.0,295.0,311,313
2012-08-14,280.0,297.0,278,311
2012-08-15,279.0,298.0,193,278
2012-08-16,279.0,298.0,251,253
2012-08-17,281.0,298.0,287,291
2012-08-18,283.0,298.0,287,287
2012-08-19,283.0,299.0,276,287
2012-08-20,284.0,300.0,305,306
2012-08-21,285.0,300.0,305,306
2012-08-22,286.0,301.0,286,305
2012-08-23,285.0,301.0,244,286
2012-08-24,284.0,301.0,299,304
2012-08-25,285.0,301.0,299,299
2012-08-26,286.0,300.0,299,299
2012-08-27,286.0,300.0,299,299
2012-08-28,284.0,300.0,250,299
2012-08-29,283.0,299.0,264,288
2012-08-30,281.0,297.0,241,266
2012-08-31,280.0,296.0,286,286
2012-09-01,280.0,296.0,286,286
2012-09-02,281.0,293.0,286,286
2012-09-03,280.0,294.0,233,286
2012-09-04,279.0,294.0,242,253
2012-09-05,278.0,293.0,274,282
2012-09-06,279.0,294.0,298,314
2012-09-07,280.0,296.0,309,348
2012-09-08,281.0,296.0,309,309
2012-09-09,281.0,295.0,309,309
2012-09-10,281.0,295.0,309,309
2012-09-11,280.0,295.0,288,309
2012-09-12,279.0,294.0,288,288
2012-09-13,279.0,295.0,273,323
2012-09-14,281.0,295.0,238,300
2012-09-15,280.0,295.0,238,238
2012-09-16,279.0,293.0,238,238
2012-09-17,279.0,293.0,288,288
2012-09-18,279.0,293.0,288,288
2012-09-19,278.0,293.0,288,288
2012-09-20,278.0,293.0,301,323
2012-09-21,278.0,293.0,279,301
2012-09-22,280.0,294.0,303,303
2012-09-23,280.0,294.0,303,303
2012-09-24,280.0,295.0,287,352
2012-09-25,278.0,295.0,235,287
2012-09-26,277.0,295.0,291,292
2012-09-27,278.0,294.0,267,291
2012-09-28,279.0,295.0,294,297
2012-09-29,281.0,296.0,294,294
2012-09-30,281.0,296.0,294,294
2012-10-01,281.0,296.0,291,294
2012-10-02,281.0,296.0,291,291
2012-10-03,284.0,298.0,304,349
2012-10-04,286.0,300.0,301,304
2012-10-05,287.0,301.0,300,301
2012-10-06,287.0,300.0,300,300
2012-10-07,286.0,299.0,300,300
2012-10-08,286.0,298.0,300,300
2012-10-09,286.0,298.0,300,300
2012-10-10,283.0,298.0,242,300
2012-10-11,281.0,297.0,215,292
2012-10-12,278.0,296.0,204,264
2012-10-13,277.0,294.0,234,234
2012-10-14,277.0,291.0,234,234
2012-10-15,278.0,293.0,287,287
2012-10-16,281.0,295.0,303,307
2012-10-17,280.0,296.0,279,303
2012-10-18,281.0,297.0,297,331
2012-10-19,281.0,298.0,291,297
2012-10-20,280.0,296.0,291,291
2012-10-21,281.0,296.0,286,291
2012-10-22,280.0,296.0,286,304
2012-10-23,280.0,296.0,308,308
2012-10-24,277.0,295.0,205,308
2012-10-25,276.0,293.0,201,226
2012-10-26,274.0,292.0,206,259
2012-10-27,271.0,289.0,206,206
2012-10-28,269.0,286.0,206,206
2012-10-29,266.0,284.0,225,225
2012-10-30,263.0,281.0,206,225
2012-10-31,260.0,278.0,196,206
2012-11-01,257.0,275.0,196,196
2012-11-02,254.0,271.0,227,237
2012-11-03,252.0,269.0,227,227
2012-11-04,250.0,266.0,227,227
2012-11-05,247.0,264.0,213,227
2012-11-06,244.0,262.0,235,235
2012-11-07,243.0,261.0,243,271
2012-11-08,240.0,260.0,235,261
2012-11-09,241.0,259.0,268,276
2012-11-10,243.0,258.0,268,268
2012-11-11,245.0,258.0,268,268
2012-11-12,246.0,259.0,268,268
2012-11-13,247.0,261.0,265,288
2012-11-14,247.0,261.0,287,289
2012-11-15,247.0,261.0,282,320
2012-11-16,247.0,261.0,302,302
2012-11-17,248.0,260.0,302,302
2012-11-18,248.0,261.0,302,302
2012-11-19,248.0,261.0,292,302
2012-11-20,248.0,261.0,292,292
2012-11-21,248.0,261.0,291,292
2012-11-22,248.0,260.0,288,291
2012-11-23,250.0,259.0,290,290
2012-11-24,253.0,262.0,287,290
2012-11-25,256.0,263.0,287,287
2012-11-26,258.0,265.0,255,287
2012-11-27,259.0,267.0,254,255
2012-11-28,260.0,268.0,253,254
2012-11-29,265.0,272.0,352,352
2012-11-30,266.0,278.0,228,379
2012-12-01,269.0,281.0,288,288
2012-12-02,271.0,283.0,288,288
2012-12-03,273.0,285.0,287,288
2012-12-04,275.0,287.0,289,289
2012-12-05,277.0,289.0,255,289
2012-12-06,275.0,289.0,187,255
2012-12-07,273.0,287.0,185,187
2012-12-08,272.0,284.0,185,185
2012-12-09,268.0,281.0,164,185
2012-12-10,265.0,278.0,191,191
2012-12-11,263.0,276.0,189,192
2012-12-12,258.0,273.0,112,189
2012-12-13,254.0,270.0,159,178
2012-12-14,251.0,267.0,205,205
2012-12-15,248.0,263.0,182,205
2012-12-16,244.0,259.0,182,182
2012-12-17,239.0,255.0,149,182
2012-12-18,235.0,251.0,193,193
2012-12-19,232.0,248.0,186,194
2012-12-20,229.0,246.0,204,225
2012-12-21,226.0,243.0,202,204
2012-12-22,223.0,240.0,202,202
2012-12-23,220.0,237.0,202,202
2012-12-24,217.0,234.0,202,202
2012-12-25,214.0,231.0,202,202
2012-12-26,213.0,228.0,201,202
2012-12-27,211.0,226.0,196,201
2012-12-28,206.0,224.0,107,196
2012-12-29,198.0,217.0,126,127
2012-12-30,195.0,208.0,126,126
2012-12-31,191.0,205.0,176,176
2013-01-01,187.0,201.0,176,176
2013-01-02,185.0,198.0,206,206
2013-01-03,182.0,196.0,194,206
2013-01-04,179.0,192.0,189,194
2013-01-05,179.0,190.0,189,189
2013-01-06,180.0,190.0,189,189
2013-01-07,180.0,190.0,189,189
2013-01-08,181.0,191.0,209,209
2013-01-09,181.0,192.0,198,209
2013-01-10,181.0,192.0,187,198
2013-01-11,184.0,192.0,187,187
2013-01-12,185.0,192.0,184,187
2013-01-13,184.0,191.0,184,184
2013-01-14,184.0,191.0,185,185
2013-01-15,184.0,191.0,184,185
2013-01-16,182.0,191.0,80,185
2013-01-17,177.0,187.0,58,80
2013-01-18,171.0,183.0,8,58
2013-01-19,165.0,175.0,8,8
2013-01-20,158.0,169.0,8,8
2013-01-21,152.0,162.0,8,8
2013-01-22,145.0,156.0,8,8
2013-01-23,139.0,150.0,0,8
2013-01-24,132.0,143.0,0,0
2013-01-25,125.0,136.0,0,0
2013-01-26,119.0,129.0,0,0
2013-01-27,115.0,123.0,0,0
2013-01-28,111.0,119.0,0,0
2013-01-29,107.0,114.0,0,0
2013-01-30,101.0,109.0,1,1
2013-01-31,95.0,103.0,0,1
2013-02-01,88.0,96.0,1,1
2013-02-02,82.0,89.0,1,1
2013-02-03,76.0,83.0,1,1
2013-02-04,69.0,76.0,0,1
2013-02-05,63.0,70.0,0,0
2013-02-06,57.0,64.0,0,0
2013-02-07,50.0,57.0,0,0
2013-02-08,43.0,50.0,1,1
2013-02-09,37.0,43.0,1,1
2013-02-10,31.0,37.0,1,1
2013-02-11,25.0,31.0,0,1
2013-02-12,18.0,25.0,0,0
2013-02-13,12.0,19.0,0,0
2013-02-14,6.0,12.0,0,0
2013-02-15,4.0,6.0,0,1
2013-02-16,2.0,4.0,0,0
2013-02-17,1.0,2.0,0,0
2013-02-18,1.0,1.0,0,0
2013-02-19,1.0,1.0,0,0
2013-02-20,0.0,1.0,0,0
2013-02-21,0.0,1.0,0,0
2013-02-22,0.0,0.0,0,0
2013-02-23,0.0,0.0,0,0
2013-02-24,0.0,0.0,0,0
2013-02-25,0.0,0.0,0,0
2013-02-26,0.0,0.0,0,0
2013-02-27,1.0,1.0,10,10
2013-02-28,2.0,2.0,50,50
2013-03-01,7.0,7.0,136,136
2013-03-02,15.0,15.0,235,235
2013-03-03,24.0,24.0,295,295
2013-03-04,34.0,34.0,295,295
2013-03-05,44.0,44.0,292,295
2013-03-06,52.0,54.0,246,292
2013-03-07,62.0,64.0,293,293
2013-03-08,67.0,75.0,158,340
2013-03-09,75.0,83.0,238,245
2013-03-10,83.0,91.0,238,238
2013-03-11,92.0,100.0,264,264
2013-03-12,99.0,110.0,221,299
2013-03-13,105.0,117.0,172,222
2013-03-14,110.0,123.0,147,172
2013-03-15,112.0,129.0,81,195
2013-03-16,117.0,133.0,125,125
2013-03-17,121.0,138.0,125,125
2013-03-18,124.0,142.0,105,125
2013-03-19,129.0,146.0,132,132
2013-03-20,133.0,150.0,122,132
2013-03-21,137.0,155.0,123,123
2013-03-22,141.0,159.0,122,123
2013-03-23,145.0,163.0,122,122
2013-03-24,149.0,167.0,122,122
2013-03-25,154.0,173.0,158,172
2013-03-26,163.0,181.0,255,255
2013-03-27,173.0,192.0,303,313
2013-03-28,183.0,202.0,296,303
2013-03-29,194.0,213.0,342,344
2013-03-30,204.0,223.0,360,360
2013-03-31,212.0,231.0,367,367
2013-04-01,216.0,235.0,368,369
2013-04-02,219.0,239.0,374,415
2013-04-03,221.0,243.0,367,421
2013-04-04,223.0,249.0,340,458
2013-04-05,228.0,255.0,398,469
2013-04-06,232.0,259.0,413,413
2013-04-07,240.0,261.0,413,413
2013-04-08,246.0,268.0,391,461
2013-04-09,249.0,275.0,336,435
2013-04-10,251.0,279.0,316,382
2013-04-11,254.0,283.0,335,423
2013-04-12,257.0,287.0,256,335
2013-04-13,261.0,290.0,256,256
2013-04-14,270.0,295.0,343,343
2013-04-15,275.0,302.0,303,343
2013-04-16,283.0,309.0,344,345
2013-04-17,291.0,318.0,340,385
2013-04-18,293.0,325.0,198,341
2013-04-19,294.0,327.0,172,203
2013-04-20,296.0,329.0,177,177
2013-04-21,298.0,331.0,177,177
2013-04-22,300.0,333.0,176,177
2013-04-23,302.0,334.0,176,176
2013-04-24,302.0,334.0,176,176
2013-04-25,298.0,333.0,141,217
2013-04-26,293.0,328.0,141,141
2013-04-27,288.0,322.0,141,141
2013-04-28,281.0,315.0,141,141
2013-04-29,274.0,308.0,140,141
2013-04-30,266.0,302.0,141,185
2013-05-01,259.0,294.0,138,141
2013-05-02,251.0,285.0,138,138
2013-05-03,243.0,276.0,138,138
2013-05-04,236.0,265.0,138,138
2013-05-05,231.0,257.0,223,223
2013-05-06,225.0,251.0,237,247
2013-05-07,219.0,246.0,239,239
2013-05-08,214.0,238.0,239,239
2013-05-09,210.0,232.0,234,239
2013-05-10,207.0,227.0,203,234
2013-05-11,202.0,219.0,203,203
2013-05-12,201.0,215.0,203,203
2013-05-13,197.0,213.0,159,203
2013-05-14,190.0,207.0,114,159
2013-05-15,183.0,199.0,112,114
2013-05-16,173.0,192.0,37,112
2013-05-17,163.0,180.0,36,37
2013-05-18,158.0,170.0,36,36
2013-05-19,153.0,164.0,36,36
2013-05-20,148.0,160.0,36,36
2013-05-21,142.0,155.0,1,36
2013-05-22,137.0,149.0,1,1
2013-05-23,131.0,143.0,1,1
2013-05-24,125.0,137.0,1,1
2013-05-25,120.0,130.0,1,1
2013-05-26,116.0,125.0,1,1
2013-05-27,111.0,121.0,1,1
2013-05-28,106.0,116.0,1,3
2013-05-29,102.0,112.0,1,1
2013-05-30,97.0,105.0,1,1
2013-05-31,92.0,101.0,1,1
2013-06-01,88.0,96.0,1,1
2013-06-02,83.0,92.0,1,1
2013-06-03,79.0,87.0,1,1
2013-06-04,71.0,80.0,1,1
2013-06-05,63.0,71.0,1,1
2013-06-06,56.0,64.0,1,1
2013-06-07,48.0,56.0,1,1
2013-06-08,40.0,48.0,1,1
2013-06-09,33.0,40.0,1,1
2013-06-10,26.0,33.0,1,1
2013-06-11,20.0,26.0,0,1
2013-06-12,14.0,20.0,0,0
2013-06-13,10.0,14.0,0,0
2013-06-14,7.0,11.0,0,0
2013-06-15,6.0,7.0,0,0
2013-06-16,4.0,6.0,0,0
2013-06-17,3.0,4.0,0,0
2013-06-18,2.0,3.0,0,0
2013-06-19,1.0,2.0,0,0
2013-06-20,1.0,1.0,0,0
2013-06-21,1.0,1.0,0,0
2013-06-22,1.0,1.0,0,0
2013-06-23,1.0,1.0,0,0
2013-06-24,1.0,1.0,0,0
2013-06-25,0.0,1.0,0,0
2013-06-26,0.0,1.0,0,0
2013-06-27,0.0,0.0,0,0
2013-06-28,0.0,0.0,0,0
2013-06-29,0.0,0.0,0,0
2013-06-30,0.0,0.0,0,0
2013-07-01,0.0,0.0,0,0
2013-07-02,0.0,0.0,0,0
2013-07-03,0.0,0.0,0,0
2013-07-04,0.0,0.0,0,0
2013-07-05,0.0,0.0,0,0
2013-07-06,0.0,0.0,0,0
2013-07-07,0.0,0.0,0,0
2013-07-08,0.0,0.0,0,0
2013-07-09,0.0,0.0,0,0
2013-07-10,0.0,0.0,0,0
2013-07-11,0.0,0.0,0,0
2013-07-12,0.0,0.0,0,0
2013-07-13,0.0,0.0,0,0
2013-07-14,0.0,0.0,0,0
2013-07-15,0.0,0.0,0,0
2013-07-16,0.0,0.0,0,0
2013-07-17,0.0,0.0,0,0
2013-07-18,0.0,0.0,0,0
2013-07-19,0.0,0.0,1,1
2013-07-20,0.0,0.0,1,1
2013-07-21,0.0,0.0,1,1
2013-07-22,0.0,0.0,0,1
2013-07-23,0.0,0.0,0,0
2013-07-24,0.0,0.0,0,0
2013-07-25,0.0,0.0,0,0
2013-07-26,0.0,0.0,0,0
2013-07-27,0.0,0.0,0,0
2013-07-28,0.0,0.0,0,0
2013-07-29,0.0,0.0,0,0
2013-07-30,0.0,0.0,0,0
2013-07-31,0.0,0.0,0,0
2013-08-01,0.0,0.0,0,0
2013-08-02,0.0,0.0,0,0
2013-08-03,0.0,0.0,0,0
2013-08-04,0.0,0.0,0,0
2013-08-05,0.0,0.0,0,0
2013-08-06,0.0,0.0,0,0
2013-08-07,0.0,0.0,0,0
2013-08-08,0.0,0.0,0,0
2013-08-09,0.0,0.0,0,0
2013-08-10,0.0,0.0,0,0
2013-08-11,0.0,0.0,0,0
2013-08-12,0.0,0.0,0,0
2013-08-13,0.0,0.0,0,0
2013-08-14,0.0,0.0,0,0
2013-08-15,0.0,0.0,0,0
2013-08-16,0.0,0.0,0,0
2013-08-17,0.0,0.0,0,0
2013-08-18,0.0,0.0,0,0
2013-08-19,0.0,0.0,0,0
2013-08-20,0.0,0.0,0,0
2013-08-21,0.0,0.0,0,0
2013-08-22,0.0,0.0,0,0
2013-08-23,0.0,0.0,0,0
2013-08-24,0.0,0.0,0,0
2013-08-25,0.0,0.0,0,0
2013-08-26,0.0,0.0,0,0
2013-08-27,0.0,0.0,0,0
2013-08-28,0.0,0.0,0,0
2013-08-29,0.0,0.0,0,0
2013-08-30,0.0,0.0,0,0
2013-08-31,0.0,0.0,0,0
2013-09-01,0.0,0.0,0,0
2013-09-02,0.0,0.0,0,0
2013-09-03,0.0,0.0,0,0
2013-09-04,0.0,0.0,0,0
2013-09-05,0.0,0.0,0,0
2013-09-06,0.0,0.0,2,2
2013-09-07,0.0,0.0,2,2
2013-09-08,0.0,0.0,2,2
2013-09-09,0.0,0.0,1,3
2013-09-10,0.0,0.0,0,1
2013-09-11,0.0,0.0,0,0
2013-09-12,0.0,0.0,0,0
2013-09-13,0.0,0.0,2,2
2013-09-14,6.0,6.0,161,162
2013-09-15,11.0,11.0,161,161
2013-09-16,16.0,17.0,161,161
2013-09-17,22.0,22.0,179,179
2013-09-18,28.0,29.0,178,196
2013-09-19,35.0,36.0,198,198
2013-09-20,42.0,42.0,198,198
2013-09-21,48.0,49.0,198,198
2013-09-22,51.0,55.0,85,198
2013-09-23,54.0,58.0,85,85
2013-09-24,58.0,62.0,113,125
2013-09-25,61.0,66.0,113,113
2013-09-26,67.0,72.0,159,159
2013-09-27,72.0,77.0,159,159
2013-09-28,76.0,82.0,121,171
2013-09-29,80.0,87.0,121,121
2013-09-30,84.0,91.0,121,121
2013-10-01,86.0,95.0,56,120
2013-10-02,88.0,96.0,56,56
2013-10-03,90.0,98.0,56,56
2013-10-04,92.0,101.0,57,67
2013-10-05,93.0,102.0,57,57
2013-10-06,95.0,104.0,57,57
2013-10-07,97.0,106.0,56,57
2013-10-08,99.0,108.0,56,56
2013-10-09,101.0,110.0,56,56
2013-10-10,103.0,112.0,56,56
2013-10-11,106.0,115.0,103,103
2013-10-12,109.0,118.0,103,103
2013-10-13,113.0,122.0,103,103
2013-10-14,112.0,121.0,150,150
2013-10-15,114.0,122.0,194,194
2013-10-16,115.0,124.0,194,194
2013-10-17,115.0,124.0,194,194
2013-10-18,116.0,124.0,195,195
2013-10-19,116.0,124.0,195,195
2013-10-20,115.0,124.0,195,195
2013-10-21,115.0,124.0,194,195
2013-10-22,119.0,124.0,199,202
2013-10-23,123.0,128.0,199,199
2013-10-24,124.0,130.0,154,199
2013-10-25,126.0,131.0,154,154
2013-10-26,126.0,131.0,154,154
2013-10-27,125.0,131.0,154,154
2013-10-28,126.0,131.0,145,154
2013-10-29,127.0,131.0,145,145
2013-10-30,128.0,132.0,145,145
2013-10-31,131.0,133.0,145,145
2013-11-01,133.0,136.0,134,145
2013-11-02,136.0,139.0,134,134
2013-11-03,138.0,141.0,134,134
2013-11-04,141.0,143.0,134,134
2013-11-05,142.0,146.0,90,134
2013-11-06,145.0,148.0,133,133
2013-11-07,146.0,151.0,92,133
2013-11-08,147.0,152.0,92,92
2013-11-09,148.0,153.0,92,92
2013-11-10,148.0,153.0,92,92
2013-11-11,148.0,153.0,92,92
2013-11-12,147.0,152.0,92,92
2013-11-13,145.0,150.0,83,92
2013-11-14,140.0,147.0,47,83
2013-11-15,137.0,143.0,90,90
2013-11-16,133.0,140.0,90,90
2013-11-17,130.0,136.0,90,90
2013-11-18,126.0,133.0,78,91
2013-11-19,120.0,129.0,31,78
2013-11-20,115.0,123.0,30,31
2013-11-21,109.0,118.0,30,30
2013-11-22,104.0,112.0,30,30
2013-11-23,99.0,106.0,30,30
2013-11-24,95.0,102.0,30,30
2013-11-25,91.0,98.0,27,30
2013-11-26,88.0,95.0,70,70
2013-11-27,86.0,93.0,70,70
2013-11-28,83.0,90.0,70,70
2013-11-29,81.0,88.0,68,70
2013-11-30,78.0,85.0,68,68
2013-12-01,76.0,82.0,68,68
2013-12-02,74.0,80.0,68,68
2013-12-03,72.0,78.0,68,68
2013-12-04,68.0,76.0,44,68
2013-12-05,68.0,74.0,67,69
2013-12-06,66.0,71.0,67,67
2013-12-07,65.0,69.0,67,67
2013-12-08,64.0,68.0,67,67
2013-12-09,63.0,68.0,67,67
2013-12-10,63.0,67.0,81,81
2013-12-11,64.0,69.0,134,134
2013-12-12,67.0,72.0,183,186
2013-12-13,70.0,75.0,181,183
2013-12-14,75.0,78.0,181,181
2013-12-15,78.0,81.0,181,181
2013-12-16,81.0,84.0,181,181
2013-12-17,83.0,87.0,141,181
2013-12-18,84.0,89.0,115,148
2013-12-19,85.0,90.0,62,119
2013-12-20,87.0,93.0,103,106
2013-12-21,90.0,95.0,103,103
2013-12-22,92.0,98.0,103,103
2013-12-23,94.0,100.0,92,103
2013-12-24,96.0,102.0,91,93
2013-12-25,98.0,104.0,91,91
2013-12-26,99.0,105.0,91,91
2013-12-27,100.0,106.0,91,91
2013-12-28,100.0,106.0,91,91
2013-12-29,101.0,107.0,91,91
2013-12-30,101.0,108.0,56,92
2013-12-31,100.0,108.0,56,56
2014-01-01,100.0,107.0,56,56
2014-01-02,100.0,107.0,56,56
2014-01-03,100.0,107.0,60,61
2014-01-04,100.0,106.0,59,60
2014-01-05,100.0,106.0,59,59
2014-01-06,99.0,106.0,59,59
2014-01-07,98.0,106.0,34,65
2014-01-08,97.0,105.0,33,34
2014-01-09,96.0,103.0,33,33
2014-01-10,93.0,100.0,46,46
2014-01-11,88.0,95.0,46,46
2014-01-12,84.0,91.0,46,46
2014-01-13,79.0,86.0,42,46
2014-01-14,74.0,82.0,42,42
2014-01-15,70.0,77.0,42,42
2014-01-16,65.0,72.0,10,42
2014-01-17,62.0,68.0,10,10
2014-01-18,60.0,64.0,10,10
2014-01-19,57.0,61.0,10,10
2014-01-20,54.0,58.0,10,10
2014-01-21,51.0,55.0,10,10
2014-01-22,48.0,52.0,10,10
2014-01-23,47.0,50.0,56,56
2014-01-24,46.0,49.0,54,56
2014-01-25,44.0,48.0,54,54
2014-01-26,43.0,47.0,54,54
2014-01-27,42.0,46.0,46,54
2014-01-28,40.0,44.0,46,46
2014-01-29,40.0,42.0,46,46
2014-01-30,40.0,42.0,46,46
2014-01-31,39.0,42.0,46,46
2014-02-01,39.0,42.0,46,46
2014-02-02,38.0,41.0,46,46
2014-02-03,37.0,41.0,32,65
2014-02-04,37.0,40.0,32,32
2014-02-05,36.0,39.0,33,33
2014-02-06,36.0,38.0,32,33
2014-02-07,35.0,38.0,28,32
2014-02-08,35.0,38.0,28,28
2014-02-09,35.0,38.0,28,28
2014-02-10,35.0,37.0,44,44
2014-02-11,34.0,37.0,32,44
2014-02-12,34.0,37.0,32,32
2014-02-13,34.0,37.0,32,32
2014-02-14,33.0,36.0,31,33
2014-02-15,34.0,36.0,31,31
2014-02-16,35.0,37.0,31,31
2014-02-17,35.0,37.0,31,31
2014-02-18,35.0,38.0,14,31
2014-02-19,36.0,38.0,14,14
2014-02-20,35.0,38.0,0,14
2014-02-21,36.0,39.0,34,34
2014-02-22,35.0,38.0,34,34
2014-02-23,35.0,38.0,34,34
2014-02-24,34.0,37.0,34,34
2014-02-25,33.0,36.0,34,34
2014-02-26,33.0,36.0,50,51
2014-02-27,34.0,36.0,50,50
2014-02-28,34.0,36.0,49,50
2014-03-01,34.0,37.0,49,49
2014-03-02,34.0,37.0,49,49
2014-03-03,34.0,37.0,49,49
2014-03-04,34.0,37.0,47,49
2014-03-05,35.0,37.0,56,56
2014-03-06,38.0,40.0,129,129
2014-03-07,41.0,43.0,129,129
2014-03-08,44.0,46.0,129,129
2014-03-09,49.0,50.0,158,158
2014-03-10,50.0,55.0,62,160
2014-03-11,51.0,56.0,58,62
2014-03-12,51.0,56.0,58,58
2014-03-13,52.0,57.0,57,58
2014-03-14,53.0,58.0,59,59
2014-03-15,55.0,60.0,100,100
2014-03-16,58.0,62.0,100,100
2014-03-17,60.0,65.0,98,100
2014-03-18,62.0,67.0,81,98
2014-03-19,63.0,68.0,81,81
2014-03-20,65.0,70.0,61,81
2014-03-21,67.0,72.0,76,84
2014-03-22,70.0,75.0,96,96
2014-03-23,72.0,78.0,98,129
2014-03-24,78.0,85.0,218,227
2014-03-25,84.0,91.0,218,218
2014-03-26,92.0,98.0,246,247
2014-03-27,99.0,105.0,245,246
2014-03-28,105.0,112.0,245,245
2014-03-29,112.0,118.0,244,245
2014-03-30,118.0,124.0,244,244
2014-03-31,124.0,131.0,244,244
2014-04-01,131.0,138.0,237,244
2014-04-02,138.0,145.0,278,282
2014-04-03,144.0,153.0,204,279
2014-04-04,148.0,158.0,198,204
2014-04-05,151.0,160.0,198,198
2014-04-06,153.0,162.0,198,198
2014-04-07,152.0,165.0,101,198
2014-04-08,150.0,163.0,101,101
2014-04-09,153.0,163.0,150,155
2014-04-10,156.0,167.0,146,195
2014-04-11,161.0,172.0,195,199
2014-04-12,167.0,178.0,240,240
2014-04-13,173.0,184.0,240,240
2014-04-14,176.0,189.0,202,240
2014-04-15,179.0,192.0,201,202
2014-04-16,184.0,197.0,247,247
2014-04-17,188.0,202.0,191,247
2014-04-18,192.0,206.0,186,191
2014-04-19,197.0,211.0,233,233
2014-04-20,204.0,217.0,277,277
2014-04-21,210.0,223.0,277,277
2014-04-22,213.0,229.0,198,320
2014-04-23,214.0,230.0,241,241
2014-04-24,214.0,231.0,204,241
2014-04-25,214.0,231.0,247,249
2014-04-26,215.0,233.0,295,322
2014-04-27,217.0,235.0,295,295
2014-04-28,219.0,237.0,294,295
2014-04-29,220.0,238.0,295,295
2014-04-30,222.0,240.0,294,295
2014-05-01,222.0,242.0,227,294
2014-05-02,219.0,242.0,182,284
2014-05-03,221.0,242.0,284,284
2014-05-04,224.0,245.0,284,284
2014-05-05,227.0,248.0,274,286
2014-05-06,229.0,250.0,258,274
2014-05-07,235.0,254.0,303,303
2014-05-08,240.0,260.0,235,303
2014-05-09,244.0,265.0,281,290
2014-05-10,249.0,270.0,285,340
2014-05-11,252.0,272.0,285,285
2014-05-12,253.0,274.0,285,285
2014-05-13,255.0,276.0,299,299
2014-05-14,258.0,278.0,289,300
2014-05-15,261.0,282.0,294,325
2014-05-16,262.0,284.0,282,295
2014-05-17,266.0,286.0,287,326
2014-05-18,269.0,289.0,287,287
2014-05-19,271.0,291.0,287,288
2014-05-20,270.0,292.0,239,287
2014-05-21,270.0,293.0,281,332
2014-05-22,271.0,292.0,233,281
2014-05-23,272.0,293.0,271,277
2014-05-24,275.0,295.0,298,298
2014-05-25,277.0,297.0,298,298
2014-05-26,277.0,296.0,298,298
2014-05-27,275.0,296.0,247,298
2014-05-28,275.0,297.0,295,306
2014-05-29,275.0,297.0,294,295
2014-05-30,275.0,297.0,297,304
2014-05-31,278.0,297.0,297,297
2014-06-01,280.0,297.0,257,297
2014-06-02,278.0,296.0,209,257
2014-06-03,276.0,296.0,234,274
2014-06-04,275.0,295.0,237,237
2014-06-05,275.0,294.0,268,273
2014-06-06,275.0,294.0,295,295
2014-06-07,277.0,294.0,295,295
2014-06-08,276.0,294.0,261,295
2014-06-09,275.0,292.0,242,262
2014-06-10,273.0,290.0,234,242
2014-06-11,268.0,290.0,142,274
2014-06-12,263.0,285.0,129,164
2014-06-13,258.0,281.0,150,174
2014-06-14,255.0,277.0,192,192
2014-06-15,252.0,273.0,192,192
2014-06-16,245.0,269.0,99,192
2014-06-17,239.0,262.0,99,99
2014-06-18,235.0,259.0,180,180
2014-06-19,232.0,255.0,134,180
2014-06-20,227.0,249.0,134,134
2014-06-21,225.0,245.0,170,170
2014-06-22,222.0,241.0,170,170
2014-06-23,213.0,237.0,45,170
2014-06-24,205.0,229.0,45,45
2014-06-25,197.0,221.0,74,74
2014-06-26,193.0,215.0,118,120
2014-06-27,187.0,209.0,118,118
2014-06-28,183.0,205.0,171,171
2014-06-29,179.0,202.0,176,214
2014-06-30,175.0,198.0,176,176
2014-07-01,176.0,197.0,279,283
2014-07-02,174.0,198.0,172,279
2014-07-03,175.0,197.0,249,249
2014-07-04,176.0,198.0,265,265
2014-07-05,176.0,198.0,265,265
2014-07-06,175.0,197.0,265,265
2014-07-07,174.0,196.0,265,265
2014-07-08,174.0,195.0,266,266
2014-07-09,175.0,195.0,268,268
2014-07-10,177.0,198.0,298,312
2014-07-11,182.0,202.0,283,404
2014-07-12,187.0,206.0,282,283
2014-07-13,191.0,209.0,282,282
2014-07-14,192.0,212.0,213,282
2014-07-15,194.0,216.0,245,295
2014-07-16,200.0,219.0,292,292
2014-07-17,206.0,226.0,293,293
2014-07-18,210.0,234.0,285,427
2014-07-19,215.0,237.0,285,285
2014-07-20,220.0,242.0,285,285
2014-07-21,224.0,248.0,289,339
2014-07-22,226.0,252.0,245,289
2014-07-23,232.0,256.0,196,296
2014-07-24,236.0,261.0,195,196
2014-07-25,240.0,265.0,194,195
2014-07-26,243.0,268.0,194,194
2014-07-27,246.0,270.0,194,194
2014-07-28,245.0,271.0,152,194
2014-07-29,244.0,269.0,150,152
2014-07-30,243.0,269.0,141,175
2014-07-31,238.0,264.0,141,141
2014-08-01,236.0,260.0,93,141
2014-08-02,230.0,254.0,93,93
2014-08-03,225.0,249.0,93,93
2014-08-04,219.0,243.0,93,93
2014-08-05,212.0,237.0,44,93
2014-08-06,204.0,230.0,47,47
2014-08-07,197.0,223.0,44,47
2014-08-08,190.0,216.0,60,61
2014-08-09,182.0,207.0,60,60
2014-08-10,175.0,196.0,60,60
2014-08-11,166.0,188.0,20,60
2014-08-12,157.0,180.0,20,20
2014-08-13,152.0,172.0,52,52
2014-08-14,146.0,164.0,56,61
2014-08-15,139.0,157.0,86,86
2014-08-16,132.0,151.0,105,107
2014-08-17,126.0,140.0,105,105
2014-08-18,122.0,136.0,154,154
2014-08-19,119.0,133.0,187,187
2014-08-20,115.0,128.0,184,187
2014-08-21,114.0,125.0,203,203
2014-08-22,116.0,124.0,258,258
2014-08-23,118.0,126.0,256,258
2014-08-24,120.0,128.0,256,256
2014-08-25,120.0,130.0,179,256
2014-08-26,119.0,129.0,180,180
2014-08-27,118.0,129.0,126,180
2014-08-28,117.0,128.0,126,126
2014-08-29,115.0,126.0,73,126
2014-08-30,113.0,124.0,73,73
2014-08-31,112.0,122.0,73,73
2014-09-01,112.0,121.0,73,73
2014-09-02,110.0,120.0,46,73
2014-09-03,108.0,119.0,46,46
2014-09-04,107.0,117.0,7,47
2014-09-05,106.0,116.0,0,7
2014-09-06,104.0,114.0,0,0
2014-09-07,102.0,112.0,0,0
2014-09-08,100.0,110.0,0,0
2014-09-09,98.0,108.0,0,0
2014-09-10,97.0,106.0,0,0
2014-09-11,97.0,106.0,0,0
2014-09-12,95.0,104.0,0,0
2014-09-13,93.0,102.0,0,0
2014-09-14,90.0,99.0,0,0
2014-09-15,87.0,96.0,0,0
2014-09-16,83.0,92.0,0,0
2014-09-17,78.0,87.0,0,0
2014-09-18,72.0,81.0,0,0
2014-09-19,66.0,74.0,0,0
2014-09-20,59.0,68.0,0,0
2014-09-21,50.0,59.0,0,0
2014-09-22,42.0,51.0,0,0
2014-09-23,33.0,42.0,0,0
2014-09-24,27.0,33.0,0,0
2014-09-25,21.0,27.0,0,0
2014-09-26,17.0,21.0,0,0
2014-09-27,13.0,17.0,0,0
2014-09-28,11.0,13.0,0,0
2014-09-29,8.0,11.0,0,0
2014-09-30,6.0,8.0,0,0
2014-10-01,3.0,6.0,1,1
2014-10-02,2.0,3.0,0,1
2014-10-03,0.0,2.0,0,0
2014-10-04,0.0,0.0,0,0
2014-10-05,0.0,0.0,0,0
2014-10-06,0.0,0.0,0,0
2014-10-07,0.0,0.0,1,1
2014-10-08,0.0,0.0,2,3
2014-10-09,0.0,0.0,0,2
2014-10-10,0.0,0.0,0,0
2014-10-11,0.0,0.0,0,0
2014-10-12,0.0,0.0,0,0
2014-10-13,0.0,0.0,0,0
2014-10-14,0.0,0.0,0,0
2014-10-15,0.0,0.0,0,0
2014-10-16,0.0,0.0,0,0
2014-10-17,0.0,0.0,0,0
2014-10-18,0.0,0.0,0,0
2014-10-19,0.0,0.0,0,0
2014-10-20,0.0,0.0,0,0
2014-10-21,0.0,0.0,1,1
2014-10-22,0.0,0.0,0,1
2014-10-23,0.0,0.0,0,0
2014-10-24,0.0,0.0,1,1
2014-10-25,0.0,0.0,1,1
2014-10-26,0.0,0.0,1,1
2014-10-27,0.0,0.0,1,2
2014-10-28,0.0,1.0,0,1
2014-10-29,0.0,1.0,1,1
2014-10-30,0.0,1.0,0,1
2014-10-31,0.0,1.0,0,0
2014-11-01,0.0,1.0,0,0
2014-11-02,0.0,1.0,0,0
2014-11-03,0.0,1.0,0,0
2014-11-04,0.0,1.0,0,0
2014-11-05,0.0,1.0,0,0
2014-11-06,0.0,0.0,0,0
2014-11-07,0.0,0.0,0,0
2014-11-08,0.0,0.0,0,0
2014-11-09,0.0,0.0,0,0
2014-11-10,0.0,0.0,0,0
2014-11-11,0.0,0.0,0,0
2014-11-12,0.0,0.0,0,0
2014-11-13,0.0,0.0,0,0
2014-11-14,0.0,0.0,0,0
2014-11-15,0.0,0.0,0,0
2014-11-16,0.0,0.0,0,0
2014-11-17,0.0,0.0,0,0
2014-11-18,0.0,0.0,0,0
2014-11-19,0.0,0.0,4,4
2014-11-20,0.0,1.0,1,4
2014-11-21,0.0,1.0,2,3
2014-11-22,0.0,1.0,2,2
2014-11-23,0.0,1.0,2,2
2014-11-24,0.0,1.0,0,2
2014-11-25,0.0,1.0,1,1
2014-11-26,0.0,1.0,0,1
2014-11-27,0.0,1.0,0,0
2014-11-28,0.0,1.0,1,1
2014-11-29,0.0,1.0,1,1
2014-11-30,0.0,1.0,1,1
2014-12-01,0.0,1.0,0,1
2014-12-02,0.0,1.0,0,0
2014-12-03,1.0,1.0,3,3
2014-12-04,1.0,1.0,1,4
2014-12-05,1.0,1.0,0,1
2014-12-06,1.0,1.0,0,0
2014-12-07,1.0,1.0,0,0
2014-12-08,1.0,1.0,0,0
2014-12-09,1.0,1.0,0,0
2014-12-10,1.0,1.0,1,1
2014-12-11,1.0,1.0,5,6
2014-12-12,1.0,1.0,0,5
2014-12-13,1.0,1.0,0,0
2014-12-14,1.0,1.0,0,0
2014-12-15,1.0,1.0,0,0
2014-12-16,1.0,1.0,1,1
2014-12-17,1.0,2.0,0,1
2014-12-18,1.0,2.0,0,0
2014-12-19,1.0,1.0,0,0
2014-12-20,1.0,1.0,0,0
2014-12-21,1.0,1.0,0,0
2014-12-22,1.0,1.0,0,0
2014-12-23,0.0,1.0,0,0
2014-12-24,1.0,1.0,2,2
2014-12-25,1.0,1.0,2,2
2014-12-26,1.0,1.0,3,3
2014-12-27,1.0,1.0,6,6
2014-12-28,1.0,1.0,6,6
2014-12-29,1.0,2.0,0,6
2014-12-30,1.0,2.0,0,0
2014-12-31,1.0,2.0,0,0
2015-01-01,1.0,2.0,0,0
2015-01-02,1.0,1.0,0,0
2015-01-03,1.0,1.0,0,0
2015-01-04,1.0,1.0,0,0
2015-01-05,1.0,1.0,0,0
2015-01-06,1.0,1.0,0,0
2015-01-07,1.0,1.0,2,2
2015-01-08,1.0,1.0,1,3
2015-01-09,1.0,1.0,0,1
2015-01-10,1.0,1.0,0,0
2015-01-11,1.0,1.0,0,0
2015-01-12,1.0,1.0,0,0
2015-01-13,1.0,1.0,0,0
2015-01-14,1.0,1.0,2,2
2015-01-15,1.0,1.0,1,3
2015-01-16,1.0,1.0,1,2
2015-01-17,1.0,1.0,2,2
2015-01-18,1.0,1.0,2,2
2015-01-19,1.0,1.0,2,2
2015-01-20,1.0,2.0,1,3
2015-01-21,1.0,2.0,0,1
2015-01-22,1.0,2.0,0,0
2015-01-23,1.0,2.0,0,0
2015-01-24,1.0,1.0,0,0
2015-01-25,1.0,1.0,0,0
2015-01-26,1.0,1.0,0,0
2015-01-27,0.0,1.0,0,0
2015-01-28,0.0,1.0,0,0
2015-01-29,0.0,1.0,0,0
2015-01-30,0.0,1.0,1,1
2015-01-31,1.0,1.0,1,1
2015-02-01,1.0,1.0,1,1
2015-02-02,1.0,1.0,0,1
2015-02-03,1.0,1.0,0,0
2015-02-04,1.0,1.0,0,0
2015-02-05,1.0,1.0,0,0
2015-02-06,0.0,1.0,0,0
2015-02-07,0.0,1.0,0,0
2015-02-08,0.0,1.0,0,0
2015-02-09,0.0,1.0,1,1
2015-02-10,1.0,1.0,1,1
2015-02-11,1.0,1.0,0,1
2015-02-12,1.0,1.0,0,0
2015-02-13,0.0,1.0,1,1
2015-02-14,0.0,1.0,1,1
2015-02-15,0.0,1.0,1,1
2015-02-16,0.0,1.0,1,1
2015-02-17,0.0,1.0,1,2
2015-02-18,0.0,1.0,0,1
2015-02-19,0.0,0.0,0,0
2015-02-20,0.0,0.0,1,1
2015-02-21,0.0,1.0,1,1
2015-02-22,0.0,1.0,1,1
2015-02-23,0.0,1.0,0,1
2015-02-24,0.0,1.0,0,0
2015-02-25,0.0,1.0,0,0
2015-02-26,0.0,1.0,1,1
2015-02-27,0.0,1.0,0,1
2015-02-28,0.0,1.0,1,1
2015-03-01,1.0,1.0,2,2
2015-03-02,1.0,1.0,1,3
2015-03-03,1.0,1.0,1,2
2015-03-04,1.0,1.0,0,1
2015-03-05,1.0,1.0,1,1
2015-03-06,1.0,1.0,0,1
2015-03-07,1.0,1.0,0,0
2015-03-08,1.0,1.0,0,0
2015-03-09,1.0,1.0,0,0
2015-03-10,1.0,1.0,0,0
2015-03-11,1.0,1.0,0,0
2015-03-12,0.0,1.0,0,0
2015-03-13,0.0,1.0,0,0
2015-03-14,0.0,1.0,0,0
2015-03-15,0.0,1.0,0,0
2015-03-16,0.0,1.0,0,0
2015-03-17,0.0,1.0,0,0
2015-03-18,0.0,1.0,2,2
2015-03-19,0.0,1.0,0,2
2015-03-20,0.0,1.0,0,0
2015-03-21,0.0,1.0,1,1
2015-03-22,0.0,1.0,1,1
2015-03-23,0.0,1.0,0,1
2015-03-24,0.0,1.0,0,0
2015-03-25,0.0,1.0,0,0
2015-03-26,0.0,1.0,0,0
2015-03-27,0.0,1.0,1,1
2015-03-28,0.0,1.0,1,1
2015-03-29,0.0,1.0,1,1
2015-03-30,0.0,1.0,1,2
2015-03-31,0.0,1.0,0,1
2015-04-01,0.0,1.0,0,0
2015-04-02,0.0,1.0,0,0
2015-04-03,0.0,1.0,1,1
2015-04-04,0.0,1.0,1,1
2015-04-05,0.0,1.0,1,1
2015-04-06,0.0,1.0,0,1
2015-04-07,0.0,1.0,0,0
2015-04-08,0.0,1.0,1,1
2015-04-09,0.0,1.0,0,1
2015-04-10,0.0,1.0,0,0
2015-04-11,0.0,1.0,0,0
2015-04-12,0.0,1.0,0,0
2015-04-13,0.0,1.0,0,0
2015-04-14,0.0,1.0,1,1
2015-04-15,0.0,1.0,1,2
2015-04-16,0.0,1.0,0,1
2015-04-17,0.0,1.0,0,0
2015-04-18,0.0,1.0,0,0
2015-04-19,0.0,1.0,0,0
2015-04-20,0.0,1.0,1,1
2015-04-21,0.0,1.0,0,1
2015-04-22,0.0,1.0,0,0
2015-04-23,0.0,1.0,0,0
2015-04-24,0.0,1.0,0,0
2015-04-25,0.0,1.0,0,0
2015-04-26,0.0,1.0,0,0
2015-04-27,0.0,1.0,0,0
2015-04-28,0.0,0.0,0,0
2015-04-29,0.0,0.0,1,1
2015-04-30,0.0,0.0,0,1
2015-05-01,0.0,0.0,0,0
2015-05-02,0.0,0.0,0,0
2015-05-03,0.0,0.0,0,0
2015-05-04,0.0,0.0,0,0
2015-05-05,0.0,0.0,0,0
2015-05-06,0.0,0.0,2,2
2015-05-07,0.0,0.0,0,2
2015-05-08,0.0,0.0,0,0
2015-05-09,0.0,0.0,0,0
2015-05-10,0.0,0.0,0,0
2015-05-11,0.0,0.0,3,3
2015-05-12,0.0,1.0,0,3
2015-05-13,0.0,1.0,1,1
2015-05-14,0.0,1.0,0,1
2015-05-15,0.0,1.0,0,0
2015-05-16,0.0,1.0,0,0
2015-05-17,0.0,1.0,0,0
2015-05-18,0.0,1.0,0,0
2015-05-19,0.0,1.0,0,0
2015-05-20,0.0,0.0,0,0
2015-05-21,0.0,0.0,0,0
2015-05-22,0.0,0.0,0,0
2015-05-23,0.0,0.0,0,0
2015-05-24,0.0,0.0,0,0
2015-05-25,0.0,0.0,0,0
2015-05-26,0.0,0.0,0,0
2015-05-27,0.0,0.0,0,0
2015-05-28,0.0,0.0,0,0
2015-05-29,0.0,0.0,0,0
2015-05-30,0.0,0.0,0,0
2015-05-31,0.0,0.0,0,0
2015-06-01,0.0,0.0,0,0
2015-06-02,0.0,0.0,0,0
2015-06-03,0.0,0.0,1,1
2015-06-04,0.0,0.0,0,1
2015-06-05,0.0,0.0,0,0
2015-06-06,0.0,0.0,0,0
2015-06-07,0.0,0.0,0,0
2015-06-08,0.0,0.0,0,0
2015-06-09,0.0,0.0,1,1
2015-06-10,0.0,0.0,1,1
2015-06-11,0.0,0.0,0,1
2015-06-12,0.0,0.0,0,0
2015-06-13,0.0,0.0,0,0
2015-06-14,0.0,0.0,0,0
2015-06-15,0.0,0.0,0,0
2015-06-16,0.0,0.0,0,0
2015-06-17,0.0,0.0,0,0
2015-06-18,0.0,0.0,0,0
2015-06-19,0.0,0.0,1,1
2015-06-20,0.0,0.0,1,1
2015-06-21,0.0,0.0,1,1
2015-06-22,0.0,0.0,1,2
2015-06-23,0.0,0.0,1,2
2015-06-24,0.0,0.0,0,1
2015-06-25,0.0,0.0,0,0
2015-06-26,0.0,0.0,1,1
2015-06-27,0.0,0.0,1,1
2015-06-28,0.0,1.0,1,1
2015-06-29,0.0,1.0,0,1
2015-06-30,0.0,1.0,1,1
2015-07-01,0.0,1.0,1,2
2015-07-02,0.0,1.0,1,2
2015-07-03,0.0,1.0,2,2
2015-07-04,1.0,1.0,2,2
2015-07-05,1.0,1.0,2,2
2015-07-06,1.0,1.0,0,2
2015-07-07,1.0,1.0,0,0
2015-07-08,1.0,1.0,0,0
2015-07-09,1.0,1.0,2,2
2015-07-10,1.0,1.0,0,2
2015-07-11,1.0,1.0,1,1
2015-07-12,1.0,1.0,1,1
2015-07-13,1.0,1.0,0,1
2015-07-14,1.0,1.0,0,0
2015-07-15,1.0,1.0,0,0
2015-07-16,1.0,1.0,0,0
2015-07-17,1.0,1.0,1,1
2015-07-18,1.0,1.0,2,2
2015-07-19,1.0,1.0,2,2
2015-07-20,1.0,1.0,0,2
2015-07-21,1.0,1.0,0,0
2015-07-22,1.0,1.0,0,0
2015-07-23,1.0,1.0,0,0
2015-07-24,1.0,1.0,0,0
2015-07-25,1.0,1.0,0,0
2015-07-26,1.0,1.0,0,0
2015-07-27,1.0,1.0,0,0
2015-07-28,1.0,1.0,1,1
2015-07-29,1.0,1.0,0,1
2015-07-30,1.0,1.0,0,0
2015-07-31,1.0,1.0,0,0
2015-08-01,1.0,1.0,0,0
2015-08-02,0.0,1.0,0,0
2015-08-03,0.0,1.0,0,0
2015-08-04,0.0,1.0,1,1
2015-08-05,0.0,1.0,1,2
2015-08-06,0.0,1.0,0,1
2015-08-07,0.0,1.0,0,0
2015-08-08,0.0,1.0,0,0
2015-08-09,0.0,1.0,0,0
2015-08-10,0.0,0.0,0,0
2015-08-11,0.0,0.0,0,0
2015-08-12,0.0,0.0,0,0
2015-08-13,0.0,0.0,0,0
2015-08-14,0.0,0.0,0,0
2015-08-15,0.0,0.0,0,0
2015-08-16,0.0,0.0,0,0
2015-08-17,0.0,0.0,0,0
2015-08-18,0.0,0.0,0,0
2015-08-19,0.0,0.0,1,1
2015-08-20,0.0,0.0,0,1
2015-08-21,0.0,0.0,0,0
2015-08-22,0.0,0.0,0,0
2015-08-23,0.0,0.0,0,0
2015-08-24,0.0,0.0,1,1
2015-08-25,0.0,0.0,0,1
2015-08-26,0.0,0.0,0,0
2015-08-27,0.0,0.0,0,0
2015-08-28,0.0,0.0,0,0
2015-08-29,0.0,0.0,0,0
2015-08-30,0.0,0.0,0,0
2015-08-31,0.0,0.0,1,1
2015-09-01,0.0,0.0,0,1
2015-09-02,0.0,0.0,0,0
2015-09-03,0.0,0.0,0,0
2015-09-04,0.0,0.0,0,0
2015-09-05,0.0,0.0,1,1
2015-09-06,0.0,0.0,2,2
2015-09-07,0.0,0.0,2,2
2015-09-08,0.0,0.0,1,3
2015-09-09,0.0,1.0,1,2
2015-09-10,0.0,1.0,0,1
2015-09-11,0.0,1.0,1,1
2015-09-12,0.0,1.0,1,1
2015-09-13,0.0,1.0,2,2
2015-09-14,0.0,1.0,0,2
2015-09-15,0.0,1.0,0,0
2015-09-16,0.0,1.0,0,0
2015-09-17,0.0,1.0,0,0
2015-09-18,0.0,1.0,1,1
2015-09-19,0.0,1.0,1,1
2015-09-20,1.0,1.0,1,1
2015-09-21,1.0,1.0,0,1
2015-09-22,1.0,1.0,0,0
2015-09-23,1.0,1.0,1,1
2015-09-24,1.0,1.0,0,1
2015-09-25,1.0,1.0,0,0
2015-09-26,1.0,1.0,0,0
2015-09-27,1.0,1.0,1,1
2015-09-28,1.0,1.0,0,1
2015-09-29,1.0,1.0,0,0
2015-09-30,1.0,1.0,0,0
2015-10-01,1.0,1.0,0,0
2015-10-02,1.0,1.0,1,1
2015-10-03,1.0,1.0,1,1
2015-10-04,1.0,1.0,1,1
2015-10-05,1.0,1.0,0,1
2015-10-06,1.0,1.0,2,2
2015-10-07,1.0,1.0,1,3
2015-10-08,1.0,1.0,1,2
2015-10-09,1.0,1.0,0,1
2015-10-10,1.0,1.0,0,0
2015-10-11,0.0,1.0,0,0
2015-10-12,0.0,1.0,0,0
2015-10-13,0.0,1.0,0,0
2015-10-14,0.0,1.0,3,3
2015-10-15,0.0,1.0,0,3
2015-10-16,0.0,1.0,0,0
2015-10-17,0.0,1.0,0,0
2015-10-18,0.0,1.0,1,1
2015-10-19,0.0,1.0,0,1
2015-10-20,0.0,1.0,0,0
2015-10-21,0.0,1.0,0,0
2015-10-22,0.0,1.0,0,0
2015-10-23,0.0,1.0,0,0
2015-10-24,0.0,1.0,0,0
2015-10-25,0.0,1.0,0,0
2015-10-26,0.0,1.0,1,1
2015-10-27,0.0,1.0,0,1
2015-10-28,0.0,1.0,1,1
2015-10-29,0.0,1.0,1,1
2015-10-30,0.0,1.0,0,1
2015-10-31,0.0,1.0,0,0
2015-11-01,0.0,1.0,0,0
2015-11-02,0.0,1.0,0,0
2015-11-03,0.0,1.0,0,0
2015-11-04,0.0,1.0,0,0
2015-11-05,0.0,1.0,0,0
2015-11-06,0.0,1.0,0,0
2015-11-07,0.0,0.0,0,0
2015-11-08,0.0,0.0,0,0
2015-11-09,0.0,0.0,0,0
2015-11-10,0.0,0.0,0,0
2015-11-11,0.0,0.0,0,0
2015-11-12,0.0,0.0,0,0
2015-11-13,0.0,0.0,1,1
2015-11-14,0.0,0.0,1,1
2015-11-15,0.0,0.0,1,1
2015-11-16,0.0,0.0,0,1
2015-11-17,0.0,0.0,0,0
2015-11-18,0.0,0.0,0,0
2015-11-19,0.0,0.0,1,1
2015-11-20,0.0,0.0,0,1
2015-11-21,0.0,0.0,0,0
2015-11-22,0.0,0.0,0,0
2015-11-23,0.0,0.0,0,0
2015-11-24,0.0,0.0,0,0
2015-11-25,0.0,0.0,0,0
2015-11-26,0.0,0.0,0,0
2015-11-27,0.0,0.0,0,0
2015-11-28,0.0,0.0,0,0
2015-11-29,0.0,0.0,0,0
2015-11-30,0.0,0.0,0,0
2015-12-01,0.0,0.0,0,0
2015-12-02,0.0,0.0,0,0
2015-12-03,0.0,0.0,0,0
2015-12-04,0.0,0.0,0,0
2015-12-05,0.0,0.0,0,0
2015-12-06,0.0,0.0,0,0
2015-12-07,0.0,0.0,0,0
2015-12-08,0.0,0.0,0,0
2015-12-09,0.0,0.0,0,0
2015-12-10,0.0,0.0,0,0
2015-12-11,0.0,0.0,1,1
2015-12-12,0.0,0.0,2,2
2015-12-13,0.0,0.0,2,2
2015-12-14,0.0,0.0,0,2
2015-12-15,0.0,0.0,0,0
2015-12-16,0.0,0.0,1,1
2015-12-17,0.0,0.0,0,1
2015-12-18,0.0,0.0,0,0
2015-12-19,0.0,0.0,0,0
2015-12-20,0.0,0.0,1,1
2015-12-21,0.0,0.0,0,1
2015-12-22,0.0,0.0,0,0
2015-12-23,0.0,0.0,0,0
2015-12-24,0.0,0.0,1,1
2015-12-25,0.0,0.0,1,1
2015-12-26,0.0,0.0,1,1
2015-12-27,0.0,0.0,1,1
2015-12-28,0.0,1.0,1,2
2015-12-29,0.0,1.0,1,2
2015-12-30,0.0,1.0,0,1
2015-12-31,0.0,1.0,0,0
2016-01-01,0.0,1.0,0,0
2016-01-02,0.0,1.0,1,1
2016-01-03,0.0,1.0,1,1
2016-01-04,0.0,1.0,0,1
2016-01-05,0.0,1.0,0,0
2016-01-06,1.0,1.0,5,5
2016-01-07,1.0,1.0,0,5
2016-01-08,1.0,1.0,0,0
2016-01-09,1.0,1.0,0,0
2016-01-10,1.0,1.0,0,0
2016-01-11,1.0,1.0,0,0
2016-01-12,0.0,1.0,0,0
2016-01-13,0.0,1.0,0,0
2016-01-14,0.0,1.0,0,0
2016-01-15,0.0,1.0,0,0
2016-01-16,0.0,1.0,0,0
2016-01-17,0.0,1.0,0,0
2016-01-18,0.0,1.0,0,0
2016-01-19,0.0,1.0,1,1
2016-01-20,0.0,1.0,0,1
2016-01-21,0.0,1.0,0,0
2016-01-22,0.0,1.0,0,0
2016-01-23,0.0,1.0,0,0
2016-01-24,0.0,1.0,0,0
2016-01-25,0.0,1.0,0,0
2016-01-26,0.0,1.0,0,0
2016-01-27,0.0,1.0,3,3
2016-01-28,0.0,1.0,0,3
2016-01-29,0.0,1.0,0,0
2016-01-30,0.0,1.0,0,0
2016-01-31,0.0,1.0,0,0
2016-02-01,0.0,1.0,0,0
2016-02-02,0.0,1.0,0,0
2016-02-03,0.0,1.0,0,0
2016-02-04,0.0,1.0,0,0
2016-02-05,0.0,0.0,1,1
2016-02-06,0.0,0.0,1,1
2016-02-07,0.0,0.0,1,1
2016-02-08,0.0,0.0,1,2
2016-02-09,0.0,0.0,0,1
2016-02-10,0.0,0.0,1,1
2016-02-11,0.0,1.0,1,2
2016-02-12,0.0,1.0,1,2
2016-02-13,0.0,1.0,1,1
2016-02-14,0.0,1.0,1,1
2016-02-15,0.0,1.0,1,1
2016-02-16,0.0,1.0,0,1
2016-02-17,0.0,1.0,0,0
2016-02-18,0.0,1.0,0,0
2016-02-19,0.0,1.0,0,0
2016-02-20,0.0,1.0,0,0
2016-02-21,0.0,1.0,2,2
2016-02-22,1.0,1.0,2,4
2016-02-23,1.0,1.0,1,3
2016-02-24,1.0,1.0,0,1
2016-02-25,1.0,1.0,0,0
2016-02-26,0.0,1.0,0,0
2016-02-27,0.0,1.0,0,0
2016-02-28,0.0,1.0,0,0
2016-02-29,0.0,1.0,0,0
2016-03-01,0.0,1.0,0,0
2016-03-02,1.0,1.0,1,1
2016-03-03,1.0,1.0,1,1
2016-03-04,1.0,1.0,0,1
2016-03-05,1.0,1.0,0,0
2016-03-06,1.0,1.0,0,0
2016-03-07,0.0,1.0,0,0
2016-03-08,0.0,1.0,0,0
2016-03-09,0.0,1.0,1,1
2016-03-10,0.0,1.0,1,2
2016-03-11,0.0,1.0,0,1
2016-03-12,0.0,1.0,1,1
2016-03-13,0.0,1.0,1,1
2016-03-14,0.0,1.0,0,1
2016-03-15,0.0,1.0,0,0
2016-03-16,0.0,1.0,1,1
2016-03-17,0.0,1.0,0,1
2016-03-18,0.0,1.0,0,0
2016-03-19,0.0,1.0,0,0
2016-03-20,0.0,1.0,1,1
2016-03-21,0.0,1.0,0,1
2016-03-22,0.0,1.0,0,0
2016-03-23,0.0,1.0,0,0
2016-03-24,0.0,0.0,0,0
2016-03-25,0.0,0.0,0,0
2016-03-26,0.0,0.0,0,0
2016-03-27,0.0,0.0,0,0
2016-03-28,0.0,0.0,0,0
2016-03-29,0.0,0.0,1,1
2016-03-30,0.0,1.0,0,1
2016-03-31,0.0,1.0,0,0
2016-04-01,0.0,0.0,0,0
2016-04-02,0.0,0.0,0,0
2016-04-03,0.0,0.0,0,0
2016-04-04,0.0,0.0,1,1
2016-04-05,0.0,0.0,0,1
2016-04-06,0.0,0.0,0,0
2016-04-07,0.0,1.0,1,2
2016-04-08,0.0,1.0,0,1
2016-04-09,0.0,0.0,0,0
2016-04-10,0.0,0.0,1,1
2016-04-11,0.0,1.0,2,3
2016-04-12,0.0,1.0,1,3
2016-04-13,0.0,1.0,0,1
2016-04-14,0.0,1.0,0,0
2016-04-15,0.0,1.0,0,0
2016-04-16,0.0,1.0,0,0
2016-04-17,0.0,1.0,1,1
2016-04-18,0.0,1.0,0,1
2016-04-19,0.0,1.0,0,0
2016-04-20,0.0,1.0,1,1
2016-04-21,0.0,1.0,0,1
2016-04-22,0.0,1.0,0,0
2016-04-23,0.0,1.0,1,1
2016-04-24,0.0,1.0,1,1
2016-04-25,0.0,1.0,0,1
2016-04-26,0.0,1.0,0,0
2016-04-27,0.0,1.0,0,0
2016-04-28,0.0,1.0,0,0
2016-04-29,0.0,1.0,0,0
2016-04-30,0.0,1.0,0,0
2016-05-01,0.0,1.0,0,0
2016-05-02,0.0,1.0,0,0
2016-05-03,0.0,1.0,0,0
2016-05-04,0.0,1.0,0,0
2016-05-05,0.0,1.0,0,0
2016-05-06,0.0,1.0,0,0
2016-05-07,0.0,1.0,0,0
2016-05-08,0.0,0.0,0,0
2016-05-09,0.0,1.0,1,1
2016-05-10,0.0,1.0,1,2
2016-05-11,0.0,0.0,0,1
2016-05-12,0.0,0.0,0,0
2016-05-13,0.0,0.0,2,2
2016-05-14,0.0,0.0,2,2
2016-05-15,0.0,1.0,3,3
2016-05-16,0.0,1.0,1,4
2016-05-17,0.0,1.0,0,1
2016-05-18,0.0,1.0,1,1
2016-05-19,0.0,1.0,1,2
2016-05-20,0.0,1.0,0,1
2016-05-21,0.0,1.0,0,0
2016-05-22,0.0,1.0,1,1
2016-05-23,0.0,1.0,0,1
2016-05-24,0.0,1.0,0,0
2016-05-25,0.0,1.0,1,2
2016-05-26,0.0,1.0,0,1
2016-05-27,1.0,1.0,2,2
2016-05-28,1.0,1.0,2,2
2016-05-29,1.0,1.0,2,2
2016-05-30,1.0,1.0,2,2
2016-05-31,1.0,1.0,0,3
2016-06-01,1.0,1.0,0,0
2016-06-02,1.0,1.0,0,0
2016-06-03,1.0,1.0,0,0
2016-06-04,1.0,1.0,0,0
2016-06-05,1.0,1.0,0,0
2016-06-06,1.0,1.0,0,0
2016-06-07,1.0,1.0,0,0
2016-06-08,1.0,1.0,0,0
2016-06-09,1.0,1.0,0,0
2016-06-10,1.0,1.0,0,0
2016-06-11,1.0,1.0,0,0
2016-06-12,1.0,1.0,2,2
2016-06-13,1.0,1.0,0,2
2016-06-14,0.0,1.0,0,0
2016-06-15,0.0,1.0,0,0
2016-06-16,0.0,1.0,0,0
2016-06-17,0.0,1.0,0,0
2016-06-18,0.0,1.0,0,0
2016-06-19,0.0,1.0,0,0
2016-06-20,0.0,1.0,0,0
2016-06-21,0.0,1.0,0,0
2016-06-22,0.0,1.0,0,0
2016-06-23,0.0,1.0,0,0
2016-06-24,0.0,1.0,0,0
2016-06-25,0.0,0.0,0,0
2016-06-26,0.0,0.0,0,0
2016-06-27,0.0,0.0,0,0
2016-06-28,0.0,0.0,2,2
2016-06-29,0.0,0.0,0,2
2016-06-30,0.0,0.0,0,0
2016-07-01,0.0,0.0,0,0
2016-07-02,0.0,0.0,0,0
2016-07-03,0.0,0.0,1,1
2016-07-04,0.0,0.0,2,2
2016-07-05,0.0,0.0,0,2
2016-07-06,0.0,0.0,0,0
2016-07-07,0.0,0.0,0,0
2016-07-08,0.0,0.0,0,0
2016-07-09,0.0,0.0,0,0
2016-07-10,0.0,0.0,0,0
2016-07-11,0.0,0.0,0,0
2016-07-12,0.0,0.0,0,0
2016-07-13,0.0,0.0,0,0
2016-07-14,0.0,0.0,0,0
2016-07-15,0.0,0.0,0,0
2016-07-16,0.0,0.0,0,0
2016-07-17,0.0,0.0,2,2
2016-07-18,0.0,0.0,0,2
2016-07-19,0.0,0.0,2,2
2016-07-20,0.0,1.0,0,2
2016-07-21,0.0,1.0,0,0
2016-07-22,0.0,1.0,1,1
2016-07-23,0.0,1.0,1,1
2016-07-24,0.0,1.0,1,1
2016-07-25,0.0,1.0,0,1
2016-07-26,0.0,1.0,0,0
2016-07-27,0.0,1.0,0,0
2016-07-28,0.0,1.0,1,1
2016-07-29,0.0,1.0,0,1
2016-07-30,0.0,1.0,0,0
2016-07-31,0.0,1.0,1,1
2016-08-01,0.0,1.0,0,1
2016-08-02,0.0,1.0,0,0
2016-08-03,0.0,1.0,1,1
2016-08-04,0.0,1.0,0,1
2016-08-05,0.0,1.0,0,0
2016-08-06,0.0,1.0,0,0
2016-08-07,0.0,1.0,0,0
2016-08-08,0.0,1.0,0,0
2016-08-09,0.0,1.0,0,0
2016-08-10,0.0,1.0,0,0
2016-08-11,0.0,1.0,0,0
2016-08-12,0.0,1.0,1,1
2016-08-13,0.0,1.0,1,1
2016-08-14,0.0,1.0,3,3
2016-08-15,1.0,1.0,1,4
2016-08-16,0.0,1.0,1,1
2016-08-17,0.0,1.0,0,1
2016-08-18,0.0,1.0,1,1
2016-08-19,0.0,1.0,0,1
2016-08-20,0.0,1.0,0,0
2016-08-21,0.0,1.0,1,1
2016-08-22,0.0,1.0,0,1
2016-08-23,0.0,1.0,0,0
2016-08-24,0.0,1.0,0,0
2016-08-25,0.0,1.0,0,0
2016-08-26,0.0,1.0,0,0
2016-08-27,0.0,1.0,0,0
2016-08-28,0.0,1.0,0,0
2016-08-29,0.0,1.0,1,1
2016-08-30,0.0,1.0,0,1
2016-08-31,0.0,1.0,0,0
2016-09-01,0.0,1.0,0,0
2016-09-02,0.0,1.0,0,0
2016-09-03,0.0,1.0,0,0
2016-09-04,0.0,1.0,0,0
2016-09-05,0.0,1.0,0,0
2016-09-06,0.0,1.0,0,0
2016-09-07,0.0,1.0,0,0
2016-09-08,0.0,1.0,0,0
2016-09-09,0.0,1.0,1,1
2016-09-10,0.0,1.0,1,1
2016-09-11,0.0,1.0,1,1
2016-09-12,0.0,1.0,0,1
2016-09-13,0.0,1.0,0,0
2016-09-14,0.0,0.0,0,0
2016-09-15,0.0,0.0,0,0
2016-09-16,0.0,0.0,0,0
2016-09-17,0.0,0.0,0,0
2016-09-18,0.0,0.0,0,0
2016-09-19,0.0,0.0,2,2
2016-09-20,0.0,0.0,0,2
2016-09-21,0.0,0.0,0,0
2016-09-22,0.0,0.0,0,0
2016-09-23,0.0,0.0,0,0
2016-09-24,0.0,0.0,0,0
2016-09-25,0.0,0.0,1,1
2016-09-26,0.0,0.0,1,2
2016-09-27,0.0,0.0,0,1
2016-09-28,0.0,0.0,1,1
2016-09-29,0.0,0.0,0,1
2016-09-30,0.0,0.0,0,0
2016-10-01,0.0,0.0,0,0
2016-10-02,0.0,0.0,0,0
2016-10-03,0.0,0.0,0,0
2016-10-04,0.0,0.0,0,0
2016-10-05,0.0,1.0,3,3
2016-10-06,0.0,1.0,0,3
2016-10-07,0.0,1.0,0,0
2016-10-08,0.0,1.0,1,1
2016-10-09,0.0,1.0,1,1
2016-10-10,0.0,1.0,1,1
2016-10-11,0.0,1.0,0,1
2016-10-12,0.0,1.0,0,0
2016-10-13,0.0,1.0,0,0
2016-10-14,0.0,1.0,0,0
2016-10-15,0.0,1.0,0,0
2016-10-16,0.0,1.0,0,0
2016-10-17,0.0,1.0,0,0
2016-10-18,0.0,1.0,0,0
2016-10-19,0.0,1.0,0,0
2016-10-20,0.0,1.0,0,0
2016-10-21,0.0,1.0,0,0
2016-10-22,0.0,1.0,0,0
2016-10-23,0.0,1.0,0,0
2016-10-24,0.0,1.0,0,0
2016-10-25,0.0,0.0,0,0
2016-10-26,0.0,0.0,1,1
2016-10-27,0.0,0.0,0,1
2016-10-28,0.0,0.0,0,0
2016-10-29,0.0,0.0,0,0
2016-10-30,0.0,0.0,0,0
2016-10-31,0.0,0.0,0,0
2016-11-01,0.0,0.0,0,0
2016-11-02,0.0,0.0,0,0
2016-11-03,0.0,0.0,0,0
2016-11-04,0.0,0.0,0,0
2016-11-05,0.0,0.0,0,0
2016-11-06,0.0,0.0,0,0
2016-11-07,0.0,0.0,0,0
2016-11-08,0.0,0.0,0,0
2016-11-09,0.0,0.0,0,0
2016-11-10,0.0,0.0,4,4
2016-11-11,0.0,0.0,6,6
2016-11-12,1.0,1.0,6,6
2016-11-13,1.0,1.0,6,6
2016-11-14,1.0,1.0,0,6
2016-11-15,1.0,1.0,1,1
2016-11-16,1.0,1.0,0,1
2016-11-17,1.0,1.0,0,0
2016-11-18,1.0,1.0,0,0
2016-11-19,1.0,1.0,0,0
2016-11-20,1.0,1.0,0,0
2016-11-21,1.0,1.0,3,3
2016-11-22,1.0,1.0,0,3
2016-11-23,1.0,1.0,0,0
2016-11-24,1.0,1.0,0,0
2016-11-25,1.0,1.0,0,0
2016-11-26,1.0,1.0,0,0
2016-11-27,1.0,1.0,0,0
2016-11-28,1.0,1.0,0,0
2016-11-29,1.0,1.0,1,1
2016-11-30,1.0,1.0,1,2
2016-12-01,1.0,1.0,0,1
2016-12-02,1.0,1.0,1,1
2016-12-03,1.0,1.0,1,1
2016-12-04,1.0,1.0,2,2
2016-12-05,1.0,2.0,0,2
2016-12-06,1.0,2.0,2,2
2016-12-07,1.0,2.0,0,2
2016-12-08,1.0,2.0,0,0
2016-12-09,1.0,2.0,0,0
2016-12-10,1.0,2.0,0,0
2016-12-11,1.0,1.0,0,0
2016-12-12,1.0,1.0,2,2
2016-12-13,0.0,1.0,0,2
2016-12-14,0.0,1.0,0,0
2016-12-15,0.0,1.0,0,0
2016-12-16,0.0,1.0,0,0
2016-12-17,0.0,1.0,0,0
2016-12-18,0.0,1.0,2,2
2016-12-19,0.0,1.0,0,2
2016-12-20,1.0,1.0,1,1
2016-12-21,0.0,1.0,1,2
2016-12-22,0.0,1.0,0,1
2016-12-23,1.0,1.0,5,5
2016-12-24,1.0,1.0,6,6
2016-12-25,1.0,1.0,7,7
2016-12-26,1.0,2.0,7,7
2016-12-27,1.0,2.0,2,7
2016-12-28,1.0,2.0,1,2
2016-12-29,1.0,2.0,1,1
2016-12-30,1.0,2.0,2,2
2016-12-31,2.0,2.0,5,5
2017-01-01,2.0,2.0,5,5
2017-01-02,2.0,2.0,5,5
2017-01-03,2.0,2.0,1,5
2017-01-04,2.0,2.0,1,1
2017-01-05,2.0,2.0,2,2
2017-01-06,2.0,2.0,1,2
2017-01-07,2.0,2.0,1,1
2017-01-08,2.0,3.0,2,2
2017-01-09,2.0,3.0,1,2
2017-01-10,2.0,3.0,1,1
2017-01-11,2.0,3.0,1,1
2017-01-12,2.0,3.0,2,2
2017-01-13,2.0,3.0,1,2
2017-01-14,2.0,3.0,1,1
2017-01-15,2.0,3.0,1,1
2017-01-16,2.0,3.0,2,2
2017-01-17,2.0,3.0,1,2
2017-01-18,2.0,3.0,1,1
2017-01-19,2.0,3.0,1,1
2017-01-20,2.0,3.0,1,1
2017-01-21,2.0,3.0,1,1
2017-01-22,2.0,3.0,1,1
2017-01-23,2.0,2.0,2,2
2017-01-24,2.0,2.0,1,2
2017-01-25,2.0,2.0,0,1
2017-01-26,2.0,2.0,0,0
2017-01-27,2.0,2.0,1,1
2017-01-28,2.0,2.0,1,1
2017-01-29,2.0,2.0,1,1
2017-01-30,1.0,2.0,0,1
2017-01-31,1.0,2.0,0,0
2017-02-01,1.0,1.0,0,0
2017-02-02,1.0,1.0,0,0
2017-02-03,1.0,1.0,0,0
2017-02-04,1.0,1.0,0,0
2017-02-05,1.0,1.0,0,0
2017-02-06,1.0,1.0,2,2
2017-02-07,1.0,1.0,0,2
2017-02-08,1.0,1.0,0,0
2017-02-09,1.0,1.0,3,3
2017-02-10,1.0,1.0,0,3
2017-02-11,1.0,1.0,0,0
2017-02-12,1.0,1.0,0,0
2017-02-13,1.0,1.0,2,2
2017-02-14,1.0,1.0,0,2
2017-02-15,1.0,1.0,0,0
2017-02-16,1.0,1.0,2,2
2017-02-17,1.0,1.0,1,3
2017-02-18,1.0,1.0,1,1
2017-02-19,1.0,1.0,1,1
2017-02-20,1.0,1.0,1,1
2017-02-21,1.0,1.0,0,1
2017-02-22,1.0,1.0,1,1
2017-02-23,1.0,1.0,0,1
2017-02-24,1.0,1.0,1,1
2017-02-25,1.0,1.0,1,1
2017-02-26,1.0,1.0,1,1
2017-02-27,1.0,1.0,0,1
2017-02-28,1.0,1.0,0,0
2017-03-01,1.0,1.0,0,0
2017-03-02,1.0,1.0,0,0
2017-03-03,1.0,1.0,1,1
2017-03-04,1.0,1.0,1,1
2017-03-05,1.0,1.0,3,3
2017-03-06,1.0,1.0,0,3
2017-03-07,1.0,1.0,0,0
2017-03-08,1.0,1.0,0,0
2017-03-09,1.0,1.0,0,0
2017-03-10,1.0,1.0,2,2
2017-03-11,1.0,1.0,3,3
2017-03-12,1.0,1.0,5,5
2017-03-13,1.0,1.0,1,6
2017-03-14,1.0,2.0,1,2
2017-03-15,1.0,2.0,1,2
2017-03-16,1.0,1.0,0,1
2017-03-17,1.0,1.0,0,0
2017-03-18,1.0,1.0,0,0
2017-03-19,1.0,1.0,0,0
2017-03-20,1.0,1.0,0,0
2017-03-21,1.0,1.0,1,1
2017-03-22,1.0,1.0,1,2
2017-03-23,1.0,1.0,0,1
2017-03-24,1.0,1.0,0,0
2017-03-25,1.0,1.0,0,0
2017-03-26,1.0,1.0,1,1
2017-03-27,1.0,1.0,1,2
2017-03-28,1.0,1.0,0,1
2017-03-29,1.0,1.0,0,0
2017-03-30,1.0,1.0,3,3
2017-03-31,1.0,1.0,0,3
2017-04-01,1.0,1.0,0,0
2017-04-02,1.0,1.0,0,0
2017-04-03,1.0,1.0,1,1
2017-04-04,1.0,1.0,0,1
2017-04-05,1.0,1.0,0,0
2017-04-06,1.0,1.0,0,0
2017-04-07,1.0,1.0,2,2
2017-04-08,1.0,1.0,2,2
2017-04-09,1.0,1.0,2,2
2017-04-10,1.0,1.0,2,4
2017-04-11,1.0,1.0,1,3
2017-04-12,1.0,1.0,1,1
2017-04-13,1.0,1.0,0,1
2017-04-14,1.0,1.0,0,0
2017-04-15,1.0,1.0,0,0
2017-04-16,1.0,1.0,0,0
2017-04-17,1.0,1.0,0,0
2017-04-18,1.0,1.0,0,0
2017-04-19,1.0,1.0,1,1
2017-04-20,1.0,1.0,0,1
2017-04-21,1.0,1.0,0,0
2017-04-22,1.0,1.0,0,0
2017-04-23,1.0,1.0,0,0
2017-04-24,1.0,1.0,0,0
2017-04-25,1.0,1.0,1,1
2017-04-26,1.0,1.0,0,1
2017-04-27,1.0,1.0,0,0
2017-04-28,1.0,1.0,0,0
2017-04-29,0.0,1.0,0,0
2017-04-30,0.0,1.0,0,0
2017-05-01,0.0,1.0,0,0
2017-05-02,0.0,1.0,0,0
2017-05-03,0.0,1.0,0,0
2017-05-04,0.0,1.0,0,0
2017-05-05,0.0,1.0,0,0
2017-05-06,0.0,1.0,0,0
2017-05-07,0.0,1.0,0,0
2017-05-08,0.0,0.0,0,0
2017-05-09,0.0,0.0,1,1
2017-05-10,0.0,0.0,1,2
2017-05-11,0.0,0.0,0,1
2017-05-12,0.0,0.0,0,0
2017-05-13,0.0,0.0,0,0
2017-05-14,0.0,0.0,1,1
2017-05-15,0.0,0.0,1,2
2017-05-16,0.0,0.0,0,1
2017-05-17,0.0,0.0,0,0
2017-05-18,0.0,0.0,1,1
2017-05-19,0.0,0.0,0,1
2017-05-20,0.0,0.0,0,0
2017-05-21,0.0,0.0,0,0
2017-05-22,0.0,0.0,0,0
2017-05-23,0.0,0.0,0,0
2017-05-24,0.0,0.0,0,0
2017-05-25,0.0,0.0,1,1
2017-05-26,0.0,0.0,1,2
2017-05-27,0.0,0.0,1,1
2017-05-28,0.0,0.0,1,1
2017-05-29,0.0,1.0,1,1
2017-05-30,0.0,1.0,0,1
2017-05-31,0.0,1.0,0,0
2017-06-01,0.0,1.0,0,0
2017-06-02,0.0,1.0,0,0
2017-06-03,0.0,1.0,0,0
2017-06-04,0.0,1.0,4,4
2017-06-05,0.0,1.0,0,4
2017-06-06,0.0,1.0,0,0
2017-06-07,0.0,1.0,0,0
2017-06-08,0.0,1.0,0,0
2017-06-09,0.0,1.0,1,1
2017-06-10,0.0,1.0,1,1
2017-06-11,0.0,1.0,1,1
2017-06-12,1.0,1.0,5,6
2017-06-13,1.0,1.0,5,10
2017-06-14,1.0,1.0,5,5
2017-06-15,1.0,2.0,0,5
2017-06-16,1.0,2.0,0,0
2017-06-17,1.0,2.0,0,0
2017-06-18,1.0,2.0,1,1
2017-06-19,1.0,2.0,4,5
2017-06-20,1.0,2.0,0,4
2017-06-21,1.0,2.0,0,0
2017-06-22,1.0,2.0,0,0
2017-06-23,1.0,2.0,0,0
2017-06-24,1.0,2.0,0,0
2017-06-25,1.0,2.0,0,0
2017-06-26,1.0,2.0,2,2
2017-06-27,1.0,2.0,1,3
2017-06-28,1.0,2.0,1,2
2017-06-29,1.0,2.0,0,1
2017-06-30,1.0,2.0,0,0
2017-07-01,1.0,2.0,0,0
2017-07-02,1.0,2.0,2,2
2017-07-03,1.0,2.0,0,2
2017-07-04,1.0,2.0,0,0
2017-07-05,1.0,2.0,0,0
2017-07-06,1.0,2.0,0,0
2017-07-07,1.0,2.0,0,0
2017-07-08,1.0,2.0,0,0
2017-07-09,1.0,2.0,0,0
2017-07-10,1.0,2.0,0,0
2017-07-11,1.0,2.0,1,1
2017-07-12,1.0,1.0,0,1
2017-07-13,1.0,1.0,0,0
2017-07-14,0.0,1.0,3,3
2017-07-15,1.0,1.0,3,3
2017-07-16,1.0,1.0,4,4
2017-07-17,1.0,1.0,0,4
2017-07-18,1.0,1.0,1,1
2017-07-19,1.0,1.0,1,2
2017-07-20,1.0,1.0,0,1
2017-07-21,1.0,1.0,1,1
2017-07-22,1.0,1.0,1,1
2017-07-23,1.0,1.0,2,2
2017-07-24,1.0,1.0,1,4
2017-07-25,1.0,1.0,0,1
2017-07-26,1.0,1.0,0,0
2017-07-27,1.0,1.0,0,0
2017-07-28,1.0,1.0,6,6
2017-07-29,1.0,2.0,6,6
2017-07-30,1.0,2.0,8,8
2017-07-31,1.0,2.0,4,12
2017-08-01,1.0,2.0,0,4
2017-08-02,1.0,2.0,0,0
2017-08-03,1.0,2.0,0,0
2017-08-04,1.0,2.0,0,0
2017-08-05,1.0,2.0,0,0
2017-08-06,1.0,2.0,1,1
2017-08-07,1.0,2.0,1,2
2017-08-08,1.0,2.0,0,1
2017-08-09,1.0,2.0,0,0
2017-08-10,1.0,2.0,0,0
2017-08-11,1.0,2.0,1,1
2017-08-12,2.0,2.0,4,4
2017-08-13,2.0,2.0,4,4
2017-08-14,2.0,2.0,0,4
2017-08-15,1.0,2.0,0,0
2017-08-16,1.0,2.0,1,1
2017-08-17,1.0,2.0,0,1
2017-08-18,1.0,2.0,0,0
2017-08-19,1.0,2.0,0,0
2017-08-20,1.0,2.0,0,0
2017-08-21,1.0,2.0,1,1
2017-08-22,1.0,2.0,0,1
2017-08-23,1.0,2.0,1,1
2017-08-24,1.0,2.0,0,1
2017-08-25,1.0,2.0,0,0
2017-08-26,1.0,2.0,0,0
2017-08-27,1.0,2.0,1,1
2017-08-28,1.0,2.0,2,3
2017-08-29,1.0,2.0,0,2
2017-08-30,1.0,1.0,2,2
2017-08-31,1.0,1.0,0,2
2017-09-01,1.0,1.0,1,1
2017-09-02,1.0,1.0,1,1
2017-09-03,1.0,1.0,2,2
2017-09-04,1.0,1.0,2,2
2017-09-05,1.0,1.0,0,2
2017-09-06,1.0,1.0,0,1
2017-09-07,1.0,1.0,1,1
2017-09-08,1.0,1.0,3,4
2017-09-09,1.0,2.0,3,3
2017-09-10,1.0,2.0,3,3
2017-09-11,1.0,2.0,0,3
2017-09-12,1.0,1.0,0,0
2017-09-13,1.0,1.0,0,0
2017-09-14,1.0,1.0,0,0
2017-09-15,1.0,1.0,0,0
2017-09-16,1.0,1.0,0,0
2017-09-17,1.0,1.0,1,1
2017-09-18,1.0,1.0,1,2
2017-09-19,1.0,1.0,0,1
2017-09-20,1.0,1.0,0,0
2017-09-21,1.0,1.0,1,1
2017-09-22,1.0,1.0,0,1
2017-09-23,1.0,1.0,0,0
2017-09-24,1.0,1.0,4,4
2017-09-25,1.0,2.0,0,4
2017-09-26,1.0,2.0,2,2
2017-09-27,1.0,2.0,1,3
2017-09-28,1.0,2.0,0,1
2017-09-29,1.0,2.0,0,0
2017-09-30,1.0,1.0,0,0
2017-10-01,1.0,2.0,3,3
2017-10-02,1.0,2.0,0,3
2017-10-03,1.0,2.0,0,0
2017-10-04,1.0,1.0,1,1
2017-10-05,1.0,1.0,0,1
2017-10-06,1.0,2.0,5,5
2017-10-07,1.0,2.0,5,5
2017-10-08,1.0,2.0,5,5
2017-10-09,1.0,2.0,5,5
2017-10-10,1.0,2.0,0,5
2017-10-11,1.0,2.0,0,0
2017-10-12,1.0,2.0,0,0
2017-10-13,1.0,2.0,4,4
2017-10-14,1.0,2.0,4,4
2017-10-15,2.0,2.0,6,6
2017-10-16,2.0,2.0,1,7
2017-10-17,2.0,3.0,2,3
2017-10-18,2.0,3.0,0,2
2017-10-19,2.0,2.0,0,0
2017-10-20,2.0,2.0,0,0
2017-10-21,2.0,2.0,0,0
2017-10-22,2.0,2.0,2,2
2017-10-23,2.0,3.0,2,4
2017-10-24,2.0,3.0,0,2
2017-10-25,2.0,2.0,1,1
2017-10-26,2.0,2.0,0,1
2017-10-27,2.0,2.0,1,1
2017-10-28,2.0,2.0,1,1
2017-10-29,2.0,2.0,2,2
2017-10-30,2.0,2.0,0,2
2017-10-31,2.0,2.0,1,1
2017-11-01,2.0,2.0,3,4
2017-11-02,2.0,3.0,0,3
2017-11-03,2.0,3.0,0,0
2017-11-04,2.0,3.0,1,1
2017-11-05,2.0,2.0,3,3
2017-11-06,1.0,2.0,0,3
2017-11-07,1.0,2.0,0,0
2017-11-08,1.0,2.0,0,0
2017-11-09,1.0,2.0,0,0
2017-11-10,2.0,2.0,11,11
2017-11-11,2.0,3.0,11,11
2017-11-12,2.0,3.0,11,11
2017-11-13,2.0,3.0,0,11
2017-11-14,2.0,3.0,3,3
2017-11-15,2.0,3.0,1,4
2017-11-16,2.0,3.0,1,2
2017-11-17,2.0,3.0,1,2
2017-11-18,2.0,3.0,8,8
2017-11-19,2.0,3.0,8,8
2017-11-20,2.0,4.0,3,11
2017-11-21,2.0,4.0,0,3
2017-11-22,2.0,4.0,0,0
2017-11-23,2.0,4.0,0,0
2017-11-24,2.0,4.0,0,0
2017-11-25,2.0,4.0,0,0
2017-11-26,2.0,4.0,0,0
2017-11-27,2.0,3.0,0,0
2017-11-28,2.0,3.0,0,0
2017-11-29,2.0,3.0,0,0
2017-11-30,2.0,3.0,1,1
2017-12-01,2.0,3.0,0,1
2017-12-02,2.0,3.0,0,0
2017-12-03,2.0,3.0,0,0
2017-12-04,2.0,3.0,1,1
2017-12-05,2.0,3.0,0,1
2017-12-06,2.0,3.0,1,1
2017-12-07,2.0,3.0,1,2
2017-12-08,2.0,3.0,0,1
2017-12-09,2.0,3.0,2,2
2017-12-10,2.0,3.0,2,2
2017-12-11,2.0,3.0,6,8
2017-12-12,1.0,3.0,1,7
2017-12-13,1.0,2.0,0,1
2017-12-14,1.0,2.0,0,0
2017-12-15,1.0,2.0,0,0
2017-12-16,1.0,2.0,3,3
2017-12-17,1.0,2.0,3,3
2017-12-18,1.0,2.0,0,3
2017-12-19,1.0,2.0,3,3
2017-12-20,1.0,2.0,0,3
2017-12-21,1.0,1.0,0,0
2017-12-22,1.0,1.0,0,0
2017-12-23,2.0,2.0,30,30
2017-12-24,3.0,3.0,31,31
2017-12-25,4.0,4.0,31,31
2017-12-26,5.0,6.0,32,33
2017-12-27,5.0,7.0,0,32
2017-12-28,5.0,7.0,0,0
2017-12-29,5.0,7.0,0,0
2017-12-30,5.0,7.0,3,3
2017-12-31,5.0,7.0,3,3
2018-01-01,5.0,7.0,3,3
2018-01-02,5.0,7.0,0,3
2018-01-03,5.0,7.0,0,0
2018-01-04,5.0,7.0,1,1
2018-01-05,5.0,7.0,1,2
2018-01-06,5.0,7.0,1,1
2018-01-07,5.0,7.0,1,1
2018-01-08,5.0,7.0,0,1
2018-01-09,5.0,7.0,1,1
2018-01-10,5.0,7.0,0,1
2018-01-11,5.0,6.0,1,1
2018-01-12,5.0,7.0,2,3
2018-01-13,5.0,7.0,2,2
2018-01-14,5.0,7.0,2,2
2018-01-15,5.0,7.0,2,2
2018-01-16,5.0,7.0,2,2
2018-01-17,5.0,7.0,0,2
2018-01-18,5.0,6.0,0,0
2018-01-19,5.0,6.0,0,0
2018-01-20,5.0,6.0,1,1
2018-01-21,5.0,6.0,1,1
2018-01-22,4.0,6.0,2,3
2018-01-23,3.0,5.0,2,3
2018-01-24,2.0,4.0,1,2
2018-01-25,1.0,3.0,1,1
2018-01-26,1.0,2.0,3,3
2018-01-27,1.0,2.0,6,6
2018-01-28,2.0,2.0,6,6
2018-01-29,2.0,2.0,1,6
2018-01-30,2.0,2.0,2,2
2018-01-31,1.0,2.0,1,2
2018-02-01,2.0,2.0,2,2
2018-02-02,2.0,2.0,1,2
2018-02-03,2.0,2.0,1,1
2018-02-04,2.0,2.0,1,1
2018-02-05,2.0,2.0,3,3
2018-02-06,2.0,2.0,1,3
2018-02-07,2.0,2.0,1,1
2018-02-08,2.0,2.0,1,1
2018-02-09,2.0,2.0,1,1
2018-02-10,2.0,2.0,1,1
2018-02-11,2.0,2.0,1,1
2018-02-12,2.0,2.0,2,2
2018-02-13,2.0,2.0,2,2
2018-02-14,2.0,2.0,2,3
2018-02-15,2.0,2.0,1,2
2018-02-16,2.0,2.0,2,2
2018-02-17,2.0,2.0,2,2
2018-02-18,2.0,2.0,2,2
2018-02-19,2.0,2.0,2,2
2018-02-20,2.0,2.0,1,2
2018-02-21,2.0,2.0,3,3
2018-02-22,2.0,2.0,4,4
2018-02-23,2.0,2.0,5,6
2018-02-24,2.0,3.0,8,8
2018-02-25,2.0,3.0,8,8
2018-02-26,2.0,3.0,1,8
2018-02-27,2.0,3.0,1,1
2018-02-28,2.0,3.0,2,2
2018-03-01,2.0,3.0,1,2
2018-03-02,2.0,3.0,2,2
2018-03-03,2.0,3.0,2,2
2018-03-04,2.0,3.0,2,2
2018-03-05,2.0,3.0,1,2
2018-03-06,2.0,3.0,1,1
2018-03-07,2.0,3.0,3,3
2018-03-08,2.0,3.0,1,3
2018-03-09,2.0,3.0,2,2
2018-03-10,2.0,3.0,2,2
2018-03-11,2.0,3.0,2,2
2018-03-12,2.0,3.0,2,3
2018-03-13,2.0,3.0,4,5
2018-03-14,2.0,3.0,2,5
2018-03-15,2.0,3.0,1,2
2018-03-16,2.0,3.0,1,1
2018-03-17,2.0,3.0,2,2
2018-03-18,2.0,3.0,2,2
2018-03-19,2.0,3.0,1,2
2018-03-20,2.0,3.0,1,1
2018-03-21,2.0,3.0,1,1
2018-03-22,2.0,3.0,1,1
2018-03-23,2.0,3.0,1,1
2018-03-24,2.0,3.0,1,1
2018-03-25,2.0,3.0,1,1
2018-03-26,2.0,2.0,1,1
2018-03-27,2.0,2.0,0,1
2018-03-28,1.0,2.0,0,0
2018-03-29,1.0,2.0,0,0
2018-03-30,1.0,2.0,1,1
2018-03-31,1.0,2.0,1,1
2018-04-01,1.0,2.0,1,1
2018-04-02,1.0,2.0,0,1
2018-04-03,1.0,2.0,0,0
2018-04-04,1.0,2.0,0,0
2018-04-05,1.0,2.0,0,0
2018-04-06,1.0,1.0,1,1
2018-04-07,1.0,1.0,1,1
2018-04-08,1.0,1.0,1,1
2018-04-09,1.0,1.0,1,2
2018-04-10,1.0,1.0,0,1
2018-04-11,1.0,1.0,0,0
2018-04-12,1.0,1.0,1,1
2018-04-13,1.0,1.0,1,2
2018-04-14,1.0,1.0,1,1
2018-04-15,1.0,1.0,2,2
2018-04-16,1.0,1.0,0,2
2018-04-17,1.0,1.0,0,0
2018-04-18,1.0,1.0,0,0
2018-04-19,1.0,1.0,0,0
2018-04-20,1.0,1.0,0,0
2018-04-21,1.0,1.0,2,2
2018-04-22,1.0,1.0,2,2
2018-04-23,1.0,1.0,0,2
2018-04-24,1.0,1.0,0,0
2018-04-25,1.0,1.0,1,1
2018-04-26,1.0,1.0,0,1
2018-04-27,1.0,1.0,0,0
2018-04-28,1.0,1.0,0,0
2018-04-29,1.0,1.0,1,1
2018-04-30,1.0,1.0,0,1
2018-05-01,0.0,1.0,0,0
2018-05-02,1.0,1.0,1,1
2018-05-03,1.0,1.0,0,1
2018-05-04,1.0,1.0,0,0
2018-05-05,1.0,1.0,0,0
2018-05-06,0.0,1.0,0,0
2018-05-07,0.0,1.0,0,0
2018-05-08,0.0,1.0,0,0
2018-05-09,0.0,1.0,1,1
2018-05-10,0.0,1.0,0,1
2018-05-11,0.0,1.0,0,0
2018-05-12,0.0,1.0,0,0
2018-05-13,0.0,1.0,0,0
2018-05-14,0.0,1.0,2,2
2018-05-15,0.0,1.0,0,2
2018-05-16,0.0,1.0,0,0
2018-05-17,0.0,1.0,0,0
2018-05-18,0.0,1.0,0,0
2018-05-19,0.0,1.0,1,1
2018-05-20,0.0,1.0,2,2
2018-05-21,0.0,1.0,0,2
2018-05-22,0.0,1.0,0,0
2018-05-23,0.0,1.0,0,0
2018-05-24,0.0,1.0,0,0
2018-05-25,0.0,1.0,1,1
2018-05-26,0.0,1.0,3,3
2018-05-27,1.0,1.0,4,4
2018-05-28,1.0,1.0,4,4
2018-05-29,1.0,1.0,1,5
2018-05-30,1.0,1.0,0,1
2018-05-31,1.0,1.0,2,2
2018-06-01,1.0,1.0,3,5
2018-06-02,1.0,1.0,3,3
2018-06-03,1.0,2.0,3,6
2018-06-04,1.0,2.0,0,3
2018-06-05,1.0,2.0,0,0
2018-06-06,1.0,2.0,1,1
2018-06-07,1.0,2.0,0,1
2018-06-08,1.0,2.0,0,0
2018-06-09,1.0,2.0,0,0
2018-06-10,1.0,2.0,0,0
2018-06-11,1.0,2.0,0,0
2018-06-12,1.0,2.0,0,0
2018-06-13,1.0,2.0,1,1
2018-06-14,1.0,2.0,0,1
2018-06-15,1.0,2.0,0,0
2018-06-16,1.0,2.0,1,1
2018-06-17,1.0,2.0,1,1
2018-06-18,1.0,2.0,1,2
2018-06-19,1.0,2.0,0,1
2018-06-20,1.0,2.0,0,0
2018-06-21,1.0,2.0,0,0
2018-06-22,1.0,2.0,0,0
2018-06-23,1.0,2.0,0,0
2018-06-24,1.0,2.0,0,0
2018-06-25,1.0,1.0,0,0
2018-06-26,1.0,1.0,1,1
2018-06-27,1.0,1.0,0,1
2018-06-28,1.0,1.0,0,1
2018-06-29,1.0,1.0,1,1
2018-06-30,1.0,1.0,1,1
2018-07-01,0.0,1.0,1,1
2018-07-02,0.0,1.0,0,1
2018-07-03,0.0,1.0,0,0
2018-07-04,0.0,1.0,1,1
2018-07-05,0.0,1.0,1,2
2018-07-06,0.0,1.0,1,2
2018-07-07,0.0,1.0,1,1
2018-07-08,0.0,1.0,1,1
2018-07-09,0.0,1.0,1,2
2018-07-10,0.0,1.0,0,1
2018-07-11,0.0,1.0,0,0
2018-07-12,0.0,1.0,0,0
2018-07-13,0.0,1.0,0,0
2018-07-14,0.0,1.0,0,0
2018-07-15,0.0,1.0,2,2
2018-07-16,0.0,1.0,0,2
2018-07-17,0.0,1.0,0,0
2018-07-18,0.0,1.0,0,0
2018-07-19,0.0,1.0,0,0
2018-07-20,0.0,1.0,0,0
2018-07-21,0.0,1.0,0,0
2018-07-22,0.0,1.0,1,1
2018-07-23,0.0,1.0,0,1
2018-07-24,0.0,1.0,2,2
2018-07-25,0.0,1.0,0,2
2018-07-26,0.0,1.0,1,1
2018-07-27,0.0,1.0,0,1
2018-07-28,1.0,1.0,2,2
2018-07-29,1.0,1.0,2,2
2018-07-30,1.0,1.0,0,2
2018-07-31,1.0,1.0,3,3
2018-08-01,1.0,1.0,0,3
2018-08-02,1.0,1.0,0,0
2018-08-03,1.0,1.0,0,0
2018-08-04,1.0,1.0,2,2
2018-08-05,1.0,1.0,2,2
2018-08-06,1.0,1.0,0,2
2018-08-07,1.0,1.0,0,0
2018-08-08,1.0,1.0,1,1
2018-08-09,1.0,1.0,0,1
2018-08-10,1.0,1.0,0,0
2018-08-11,1.0,1.0,0,0
2018-08-12,1.0,1.0,0,0
2018-08-13,1.0,1.0,0,0
2018-08-14,1.0,1.0,3,3
2018-08-15,1.0,1.0,0,3
2018-08-16,1.0,1.0,3,3
2018-08-17,1.0,1.0,0,3
2018-08-18,1.0,1.0,2,2
2018-08-19,1.0,1.0,2,2
2018-08-20,1.0,2.0,1,3
2018-08-21,1.0,2.0,1,2
2018-08-22,1.0,2.0,0,1
2018-08-23,1.0,2.0,0,0
2018-08-24,1.0,1.0,0,0
2018-08-25,1.0,2.0,2,2
2018-08-26,1.0,2.0,3,3
2018-08-27,1.0,2.0,0,3
2018-08-28,1.0,2.0,0,0
2018-08-29,1.0,1.0,0,0
2018-08-30,1.0,1.0,2,2
2018-08-31,1.0,1.0,1,3
2018-09-01,1.0,1.0,1,1
2018-09-02,1.0,2.0,3,3
2018-09-03,1.0,2.0,3,3
2018-09-04,1.0,2.0,1,4
2018-09-05,1.0,2.0,0,1
2018-09-06,1.0,2.0,0,0
2018-09-07,1.0,2.0,2,2
2018-09-08,1.0,2.0,3,3
2018-09-09,1.0,2.0,3,3
2018-09-10,1.0,2.0,1,4
2018-09-11,1.0,2.0,0,1
2018-09-12,1.0,2.0,0,0
2018-09-13,1.0,2.0,0,0
2018-09-14,1.0,2.0,2,2
2018-09-15,1.0,2.0,2,2
2018-09-16,1.0,2.0,2,2
2018-09-17,1.0,2.0,2,4
2018-09-18,1.0,2.0,1,3
2018-09-19,1.0,2.0,0,1
2018-09-20,1.0,2.0,0,0
2018-09-21,1.0,2.0,0,0
2018-09-22,1.0,2.0,1,1
2018-09-23,1.0,2.0,1,1
2018-09-24,1.0,2.0,0,1
2018-09-25,1.0,2.0,0,0
2018-09-26,1.0,2.0,0,0
2018-09-27,1.0,2.0,0,0
2018-09-28,1.0,2.0,0,0
2018-09-29,1.0,2.0,0,0
2018-09-30,1.0,1.0,1,1
2018-10-01,1.0,1.0,1,2
2018-10-02,1.0,1.0,0,1
2018-10-03,1.0,1.0,1,1
2018-10-04,1.0,1.0,0,1
2018-10-05,1.0,1.0,3,3
2018-10-06,1.0,1.0,4,4
2018-10-07,1.0,2.0,4,4
2018-10-08,1.0,2.0,4,4
2018-10-09,1.0,2.0,1,5
2018-10-10,1.0,2.0,0,1
2018-10-11,1.0,1.0,0,0
2018-10-12,1.0,1.0,0,0
2018-10-13,1.0,1.0,0,0
2018-10-14,1.0,1.0,0,0
2018-10-15,1.0,1.0,3,3
2018-10-16,1.0,2.0,1,4
2018-10-17,1.0,1.0,0,1
2018-10-18,1.0,1.0,4,4
2018-10-19,1.0,2.0,3,7
2018-10-20,1.0,2.0,3,3
2018-10-21,1.0,2.0,3,3
2018-10-22,1.0,2.0,1,4
2018-10-23,1.0,2.0,0,1
2018-10-24,1.0,2.0,0,0
2018-10-25,1.0,2.0,0,0
2018-10-26,1.0,2.0,1,1
2018-10-27,1.0,2.0,4,4
2018-10-28,2.0,2.0,4,4
2018-10-29,2.0,2.0,0,4
2018-10-30,2.0,2.0,4,4
2018-10-31,2.0,2.0,0,4
2018-11-01,2.0,2.0,0,0
2018-11-02,2.0,2.0,1,1
2018-11-03,2.0,2.0,1,1
2018-11-04,2.0,2.0,1,1
2018-11-05,2.0,2.0,2,3
2018-11-06,1.0,2.0,1,2
2018-11-07,1.0,2.0,2,2
2018-11-08,1.0,2.0,1,2
2018-11-09,1.0,2.0,1,1
2018-11-10,1.0,2.0,1,1
2018-11-11,2.0,2.0,8,8
2018-11-12,2.0,3.0,8,8
2018-11-13,2.0,3.0,0,8
2018-11-14,2.0,3.0,0,0
2018-11-15,2.0,3.0,0,0
2018-11-16,2.0,3.0,1,1
2018-11-17,2.0,3.0,1,1
2018-11-18,2.0,2.0,2,2
2018-11-19,2.0,2.0,2,4
2018-11-20,2.0,2.0,0,2
2018-11-21,2.0,2.0,0,0
2018-11-22,2.0,2.0,0,0
2018-11-23,2.0,2.0,0,0
2018-11-24,2.0,2.0,0,0
2018-11-25,2.0,2.0,0,0
2018-11-26,1.0,2.0,0,0
2018-11-27,1.0,2.0,1,1
2018-11-28,1.0,2.0,0,1
2018-11-29,1.0,2.0,0,0
2018-11-30,1.0,2.0,0,0
2018-12-01,1.0,2.0,0,0
2018-12-02,1.0,2.0,0,0
2018-12-03,1.0,2.0,2,2
2018-12-04,1.0,2.0,0,2
2018-12-05,1.0,2.0,2,2
2018-12-06,1.0,2.0,1,3
2018-12-07,1.0,2.0,1,2
2018-12-08,1.0,2.0,1,1
2018-12-09,1.0,2.0,1,1
2018-12-10,1.0,2.0,0,1
2018-12-11,1.0,1.0,0,0
2018-12-12,0.0,1.0,0,0
2018-12-13,0.0,1.0,0,0
2018-12-14,0.0,1.0,0,0
2018-12-15,1.0,1.0,2,2
2018-12-16,1.0,1.0,2,2
2018-12-17,1.0,1.0,4,6
2018-12-18,1.0,1.0,3,7
2018-12-19,1.0,1.0,0,3
2018-12-20,1.0,1.0,1,1
2018-12-21,1.0,1.0,0,1
2018-12-22,1.0,1.0,0,0
2018-12-23,1.0,1.0,0,0
2018-12-24,1.0,1.0,0,0
2018-12-25,1.0,1.0,0,0
2018-12-26,1.0,1.0,0,0
2018-12-27,1.0,1.0,0,0
2018-12-28,1.0,1.0,0,0
2018-12-29,1.0,1.0,0,0
2018-12-30,1.0,1.0,1,1
2018-12-31,1.0,1.0,2,3
2019-01-01,1.0,1.0,2,2
2019-01-02,1.0,1.0,2,4
2019-01-03,1.0,1.0,0,2
2019-01-04,1.0,1.0,1,1
2019-01-05,1.0,1.0,1,1
2019-01-06,1.0,1.0,1,1
2019-01-07,1.0,1.0,0,1
2019-01-08,1.0,1.0,1,1
2019-01-09,1.0,1.0,0,1
2019-01-10,1.0,1.0,0,0
2019-01-11,1.0,1.0,0,0
2019-01-12,1.0,1.0,3,3
2019-01-13,1.0,2.0,3,3
2019-01-14,1.0,2.0,0,3
2019-01-15,1.0,2.0,1,1
2019-01-16,1.0,1.0,0,1
2019-01-17,1.0,1.0,1,1
2019-01-18,1.0,1.0,1,2
2019-01-19,1.0,1.0,5,5
2019-01-20,1.0,1.0,5,5
2019-01-21,1.0,2.0,7,7
2019-01-22,1.0,2.0,3,10
2019-01-23,1.0,2.0,0,3
2019-01-24,1.0,2.0,0,0
2019-01-25,1.0,2.0,1,1
2019-01-26,1.0,2.0,2,2
2019-01-27,2.0,2.0,2,2
2019-01-28,2.0,2.0,1,3
2019-01-29,2.0,2.0,0,1
2019-01-30,1.0,2.0,0,0
2019-01-31,1.0,2.0,0,0
2019-02-01,1.0,2.0,0,0
2019-02-02,1.0,2.0,4,4
2019-02-03,2.0,2.0,4,4
2019-02-04,2.0,2.0,1,5
2019-02-05,2.0,2.0,0,1
2019-02-06,2.0,2.0,1,1
2019-02-07,2.0,2.0,0,1
2019-02-08,2.0,2.0,2,2
2019-02-09,2.0,2.0,4,4
2019-02-10,2.0,3.0,4,4
2019-02-11,2.0,3.0,0,4
2019-02-12,2.0,3.0,0,0
2019-02-13,2.0,2.0,0,0
2019-02-14,2.0,2.0,0,0
2019-02-15,2.0,2.0,0,0
2019-02-16,2.0,2.0,2,2
2019-02-17,2.0,2.0,2,2
2019-02-18,2.0,2.0,2,2
2019-02-19,1.0,2.0,0,2
2019-02-20,1.0,2.0,0,0
2019-02-21,1.0,2.0,1,1
2019-02-22,1.0,2.0,1,2
2019-02-23,1.0,2.0,1,1
2019-02-24,1.0,2.0,2,2
2019-02-25,1.0,2.0,0,2
2019-02-26,1.0,2.0,3,3
2019-02-27,1.0,2.0,2,5
2019-02-28,1.0,2.0,0,2
2019-03-01,1.0,2.0,0,0
2019-03-02,1.0,2.0,1,1
2019-03-03,1.0,2.0,1,1
2019-03-04,1.0,2.0,1,2
2019-03-05,1.0,2.0,4,5
2019-03-06,1.0,2.0,4,8
2019-03-07,1.0,2.0,2,6
2019-03-08,1.0,2.0,1,3
2019-03-09,1.0,2.0,2,2
2019-03-10,1.0,2.0,2,2
2019-03-11,1.0,2.0,0,2
2019-03-12,1.0,2.0,0,0
2019-03-13,1.0,2.0,0,0
2019-03-14,1.0,2.0,1,1
2019-03-15,1.0,2.0,5,6
2019-03-16,2.0,2.0,6,6
2019-03-17,2.0,3.0,6,6
2019-03-18,2.0,3.0,4,10
2019-03-19,2.0,3.0,1,5
2019-03-20,2.0,3.0,0,1
2019-03-21,2.0,3.0,11,11
2019-03-22,2.0,4.0,4,15
2019-03-23,2.0,4.0,6,6
2019-03-24,3.0,4.0,6,6
2019-03-25,3.0,4.0,2,8
2019-03-26,2.0,4.0,0,2
2019-03-27,3.0,4.0,1,1
2019-03-28,2.0,4.0,0,1
2019-03-29,2.0,4.0,2,2
2019-03-30,2.0,4.0,2,2
2019-03-31,3.0,4.0,2,2
2019-04-01,3.0,4.0,0,2
2019-04-02,2.0,4.0,0,0
2019-04-03,2.0,4.0,0,0
2019-04-04,2.0,4.0,1,1
2019-04-05,2.0,4.0,1,2
2019-04-06,2.0,4.0,2,2
2019-04-07,2.0,4.0,2,2
2019-04-08,2.0,4.0,1,3
2019-04-09,2.0,4.0,0,1
2019-04-10,2.0,3.0,0,0
2019-04-11,2.0,4.0,1,1
2019-04-12,2.0,4.0,1,2
2019-04-13,2.0,4.0,1,1
2019-04-14,2.0,3.0,1,1
2019-04-15,2.0,3.0,0,1
2019-04-16,2.0,3.0,2,2
2019-04-17,2.0,3.0,0,2
2019-04-18,2.0,3.0,0,0
2019-04-19,2.0,3.0,0,0
2019-04-20,1.0,2.0,0,0
2019-04-21,1.0,2.0,0,0
2019-04-22,1.0,2.0,1,1
2019-04-23,1.0,1.0,0,1
2019-04-24,1.0,1.0,0,0
2019-04-25,1.0,1.0,0,0
2019-04-26,1.0,1.0,0,0
2019-04-27,1.0,1.0,0,0
2019-04-28,1.0,1.0,0,0
2019-04-29,1.0,1.0,0,0
2019-04-30,0.0,1.0,0,0
2019-05-01,0.0,1.0,0,0
2019-05-02,0.0,1.0,0,0
2019-05-03,0.0,1.0,1,1
2019-05-04,0.0,1.0,1,1
2019-05-05,0.0,1.0,1,1
2019-05-06,0.0,1.0,1,2
2019-05-07,0.0,1.0,2,3
2019-05-08,0.0,1.0,0,2
2019-05-09,1.0,1.0,3,3
2019-05-10,1.0,1.0,0,3
2019-05-11,1.0,1.0,3,3
2019-05-12,1.0,1.0,3,3
2019-05-13,1.0,1.0,0,3
2019-05-14,1.0,1.0,0,0
2019-05-15,1.0,1.0,1,1
2019-05-16,1.0,1.0,0,1
2019-05-17,1.0,1.0,0,0
2019-05-18,1.0,1.0,1,1
2019-05-19,1.0,1.0,1,1
2019-05-20,1.0,1.0,0,1
2019-05-21,1.0,1.0,3,3
2019-05-22,1.0,1.0,0,3
2019-05-23,1.0,1.0,1,1
2019-05-24,1.0,1.0,0,1
2019-05-25,1.0,1.0,1,1
2019-05-26,1.0,1.0,2,2
2019-05-27,1.0,1.0,2,2
2019-05-28,1.0,2.0,0,2
2019-05-29,1.0,2.0,0,0
2019-05-30,1.0,2.0,0,0
2019-05-31,1.0,2.0,0,0
2019-06-01,1.0,2.0,1,1
2019-06-02,1.0,2.0,1,1
2019-06-03,1.0,2.0,1,2
2019-06-04,1.0,2.0,0,1
2019-06-05,1.0,2.0,2,2
2019-06-06,1.0,2.0,0,2
2019-06-07,1.0,2.0,1,1
2019-06-08,1.0,2.0,3,3
2019-06-09,1.0,2.0,5,5
2019-06-10,1.0,2.0,2,7
2019-06-11,1.0,2.0,0,2
2019-06-12,1.0,2.0,0,0
2019-06-13,1.0,2.0,0,0
2019-06-14,1.0,2.0,1,1
2019-06-15,1.0,2.0,2,2
2019-06-16,1.0,2.0,2,2
2019-06-17,1.0,2.0,1,3
2019-06-18,1.0,2.0,0,1
2019-06-19,1.0,2.0,0,0
2019-06-20,1.0,2.0,0,0
2019-06-21,1.0,2.0,8,8
2019-06-22,1.0,2.0,9,9
2019-06-23,2.0,2.0,9,9
2019-06-24,2.0,3.0,2,10
2019-06-25,2.0,3.0,0,2
2019-06-26,2.0,3.0,0,0
2019-06-27,2.0,2.0,0,0
2019-06-28,2.0,2.0,1,1
2019-06-29,2.0,3.0,2,2
2019-06-30,2.0,3.0,3,3
2019-07-01,2.0,3.0,0,3
2019-07-02,2.0,3.0,0,0
2019-07-03,2.0,3.0,0,0
2019-07-04,2.0,3.0,0,0
2019-07-05,2.0,3.0,2,2
2019-07-06,2.0,3.0,3,3
2019-07-07,2.0,3.0,3,3
2019-07-08,2.0,3.0,0,3
2019-07-09,2.0,3.0,2,2
2019-07-10,2.0,2.0,2,4
2019-07-11,2.0,2.0,0,2
2019-07-12,2.0,3.0,2,2
2019-07-13,2.0,3.0,4,4
2019-07-14,2.0,3.0,4,4
2019-07-15,2.0,3.0,0,4
2019-07-16,2.0,3.0,0,0
2019-07-17,2.0,3.0,0,0
2019-07-18,2.0,3.0,0,0
2019-07-19,2.0,3.0,0,0
2019-07-20,2.0,3.0,1,1
2019-07-21,2.0,2.0,1,1
2019-07-22,1.0,2.0,0,1
2019-07-23,1.0,2.0,0,0
2019-07-24,1.0,2.0,0,0
2019-07-25,1.0,2.0,1,1
2019-07-26,1.0,2.0,0,1
2019-07-27,1.0,2.0,0,0
2019-07-28,1.0,2.0,0,0
2019-07-29,1.0,2.0,2,2
2019-07-30,1.0,2.0,0,2
2019-07-31,1.0,1.0,2,2
2019-08-01,1.0,2.0,0,2
2019-08-02,1.0,2.0,2,2
2019-08-03,1.0,2.0,2,2
2019-08-04,1.0,2.0,2,2
2019-08-05,1.0,2.0,0,2
2019-08-06,1.0,2.0,0,0
2019-08-07,1.0,1.0,0,0
2019-08-08,1.0,1.0,0,0
2019-08-09,1.0,1.0,0,0
2019-08-10,1.0,1.0,0,0
2019-08-11,1.0,1.0,0,0
2019-08-12,1.0,1.0,0,0
2019-08-13,0.0,1.0,1,1
2019-08-14,0.0,1.0,0,1
2019-08-15,0.0,1.0,0,0
2019-08-16,0.0,1.0,0,0
2019-08-17,0.0,1.0,0,0
2019-08-18,0.0,1.0,1,1
2019-08-19,0.0,1.0,0,1
2019-08-20,0.0,1.0,0,0
2019-08-21,0.0,1.0,0,0
2019-08-22,0.0,1.0,1,1
2019-08-23,0.0,1.0,0,1
2019-08-24,0.0,1.0,0,0
2019-08-25,0.0,1.0,0,0
2019-08-26,0.0,1.0,0,0
2019-08-27,0.0,1.0,0,0
2019-08-28,0.0,1.0,0,0
2019-08-29,0.0,1.0,0,0
2019-08-30,0.0,1.0,1,1
2019-08-31,0.0,1.0,1,1
2019-09-01,0.0,1.0,2,2
2019-09-02,0.0,1.0,3,3
2019-09-03,0.0,1.0,1,4
2019-09-04,0.0,1.0,0,1
2019-09-05,0.0,1.0,0,0
2019-09-06,0.0,1.0,0,0
2019-09-07,0.0,1.0,0,0
2019-09-08,0.0,1.0,0,0
2019-09-09,0.0,1.0,1,1
2019-09-10,0.0,1.0,1,1
2019-09-11,0.0,1.0,1,1
2019-09-12,0.0,1.0,0,1
2019-09-13,0.0,1.0,0,0
2019-09-14,1.0,1.0,3,3
2019-09-15,1.0,1.0,3,3
2019-09-16,1.0,1.0,0,3
2019-09-17,1.0,1.0,1,1
2019-09-18,1.0,1.0,0,1
2019-09-19,1.0,1.0,0,0
2019-09-20,1.0,1.0,0,0
2019-09-21,1.0,1.0,0,0
2019-09-22,1.0,1.0,0,0
2019-09-23,1.0,1.0,0,0
2019-09-24,1.0,1.0,0,0
2019-09-25,1.0,1.0,0,0
2019-09-26,1.0,1.0,0,0
2019-09-27,1.0,1.0,0,0
2019-09-28,1.0,1.0,1,1
2019-09-29,1.0,1.0,1,1
2019-09-30,1.0,1.0,0,1
2019-10-01,1.0,1.0,0,0
2019-10-02,0.0,1.0,0,0
2019-10-03,0.0,1.0,0,0
2019-10-04,0.0,1.0,1,1
2019-10-05,0.0,1.0,1,1
2019-10-06,0.0,1.0,1,1
2019-10-07,1.0,1.0,2,3
2019-10-08,1.0,1.0,0,2
2019-10-09,1.0,1.0,0,0
2019-10-10,0.0,1.0,0,0
2019-10-11,0.0,1.0,0,0
2019-10-12,0.0,1.0,0,0
2019-10-13,0.0,1.0,0,0
2019-10-14,0.0,1.0,0,0
2019-10-15,0.0,1.0,0,0
2019-10-16,0.0,0.0,2,2
2019-10-17,0.0,1.0,0,2
2019-10-18,0.0,0.0,0,0
2019-10-19,0.0,0.0,0,0
2019-10-20,0.0,0.0,0,0
2019-10-21,0.0,1.0,2,2
2019-10-22,0.0,1.0,0,2
2019-10-23,0.0,1.0,2,2
2019-10-24,0.0,1.0,0,2
2019-10-25,0.0,1.0,1,1
2019-10-26,0.0,1.0,1,1
2019-10-27,1.0,1.0,1,1
2019-10-28,0.0,1.0,0,1
2019-10-29,0.0,1.0,0,0
2019-10-30,0.0,1.0,0,0
2019-10-31,0.0,1.0,0,0
2019-11-01,0.0,1.0,0,0
2019-11-02,0.0,1.0,0,0
2019-11-03,0.0,1.0,0,0
2019-11-04,0.0,1.0,1,1
2019-11-05,0.0,1.0,0,1
2019-11-06,0.0,1.0,3,3
2019-11-07,0.0,1.0,0,3
2019-11-08,0.0,1.0,0,0
2019-11-09,0.0,1.0,1,1
2019-11-10,0.0,1.0,1,1
2019-11-11,1.0,1.0,1,1
2019-11-12,1.0,1.0,0,1
2019-11-13,1.0,1.0,0,0
2019-11-14,1.0,1.0,0,0
2019-11-15,0.0,1.0,0,0
2019-11-16,0.0,1.0,0,0
2019-11-17,0.0,1.0,1,1
2019-11-18,0.0,1.0,0,1
2019-11-19,0.0,1.0,0,0
2019-11-20,0.0,1.0,1,1
2019-11-21,0.0,1.0,0,1
2019-11-22,0.0,1.0,0,0
2019-11-23,0.0,1.0,0,0
2019-11-24,0.0,1.0,0,0
2019-11-25,0.0,1.0,0,0
2019-11-26,0.0,1.0,0,0
2019-11-27,0.0,1.0,0,0
2019-11-28,0.0,1.0,0,0
2019-11-29,0.0,1.0,0,0
2019-11-30,0.0,1.0,0,0
2019-12-01,0.0,1.0,1,1
2019-12-02,0.0,1.0,0,1
2019-12-03,0.0,1.0,0,0
2019-12-04,0.0,1.0,0,0
2019-12-05,0.0,1.0,0,0
2019-12-06,0.0,0.0,0,0
2019-12-07,0.0,0.0,0,0
2019-12-08,0.0,0.0,0,0
2019-12-09,0.0,0.0,0,0
2019-12-10,0.0,0.0,0,0
2019-12-11,0.0,0.0,0,0
2019-12-12,0.0,0.0,0,0
2019-12-13,0.0,0.0,0,0
2019-12-14,0.0,0.0,0,0
2019-12-15,0.0,0.0,0,0
2019-12-16,0.0,0.0,0,0
2019-12-17,0.0,0.0,0,0
2019-12-18,0.0,0.0,0,0
2019-12-19,0.0,0.0,0,0
2019-12-20,0.0,0.0,1,1
2019-12-21,0.0,0.0,3,3
2019-12-22,0.0,0.0,3,3
2019-12-23,0.0,0.0,0,3
2019-12-24,0.0,0.0,0,0
2019-12-25,0.0,0.0,0,0
2019-12-26,0.0,0.0,0,0
2019-12-27,0.0,0.0,0,0
2019-12-28,0.0,0.0,0,0
2019-12-29,0.0,0.0,0,0
2019-12-30,0.0,0.0,0,0
2019-12-31,0.0,0.0,0,0
2020-01-01,0.0,0.0,0,0
2020-01-02,0.0,0.0,0,0
2020-01-03,0.0,0.0,0,0
2020-01-04,0.0,0.0,0,0
2020-01-05,0.0,0.0,0,0
2020-01-06,0.0,0.0,0,0
2020-01-07,0.0,0.0,0,0
2020-01-08,0.0,0.0,0,0
2020-01-09,0.0,0.0,0,0
2020-01-10,0.0,0.0,0,0
2020-01-11,0.0,0.0,0,0
2020-01-12,0.0,0.0,0,0
2020-01-13,0.0,0.0,0,0
2020-01-14,0.0,0.0,0,0
2020-01-15,0.0,0.0,0,0
2020-01-16,0.0,0.0,0,0
2020-01-17,0.0,0.0,0,0
2020-01-18,0.0,0.0,0,0
2020-01-19,0.0,0.0,0,0
2020-01-20,0.0,0.0,0,0
2020-01-21,0.0,0.0,0,0
2020-01-22,0.0,0.0,0,0
2020-01-23,0.0,0.0,0,0
2020-01-24,0.0,0.0,0,0
2020-01-25,0.0,0.0,0,0
2020-01-26,0.0,0.0,0,0
2020-01-27,0.0,0.0,0,0
2020-01-28,0.0,0.0,0,0
2020-01-29,0.0,0.0,0,0
2020-01-30,0.0,0.0,0,0
2020-01-31,0.0,0.0,1,1
2020-02-01,0.0,0.0,1,1
2020-02-02,0.0,0.0,1,1
2020-02-03,0.0,0.0,0,1
2020-02-04,0.0,0.0,0,0
2020-02-05,0.0,0.0,0,0
2020-02-06,0.0,0.0,0,0
2020-02-07,0.0,0.0,1,1
2020-02-08,0.0,0.0,1,1
2020-02-09,0.0,0.0,1,1
2020-02-10,0.0,0.0,1,2
2020-02-11,0.0,0.0,0,1
2020-02-12,0.0,0.0,0,0
2020-02-13,0.0,0.0,0,0
2020-02-14,0.0,0.0,0,0
2020-02-15,0.0,0.0,0,0
2020-02-16,0.0,0.0,0,0
2020-02-17,0.0,0.0,0,0
2020-02-18,0.0,0.0,0,0
2020-02-19,0.0,0.0,0,0
2020-02-20,0.0,1.0,8,9
2020-02-21,1.0,1.0,1,9
2020-02-22,1.0,1.0,1,1
2020-02-23,1.0,1.0,1,1
2020-02-24,1.0,1.0,1,2
2020-02-25,1.0,1.0,1,1
2020-02-26,1.0,1.0,0,1
2020-02-27,1.0,1.0,0,0
2020-02-28,1.0,1.0,1,1
2020-02-29,1.0,1.0,1,1
2020-03-01,1.0,1.0,2,2
2020-03-02,1.0,1.0,0,2
2020-03-03,1.0,1.0,0,0
2020-03-04,1.0,1.0,0,0
2020-03-05,1.0,1.0,0,0
2020-03-06,1.0,1.0,0,0
2020-03-07,1.0,1.0,0,0
2020-03-08,1.0,1.0,0,0
2020-03-09,1.0,1.0,0,0
2020-03-10,1.0,1.0,0,0
2020-03-11,1.0,1.0,0,0
2020-03-12,1.0,1.0,0,0
2020-03-13,1.0,1.0,0,0
2020-03-14,1.0,1.0,0,0
2020-03-15,1.0,1.0,0,0
2020-03-16,1.0,1.0,0,0
2020-03-17,1.0,1.0,0,0
2020-03-18,1.0,1.0,0,0
2020-03-19,1.0,1.0,0,0
2020-03-20,1.0,1.0,1,1
2020-03-21,0.0,1.0,1,1
2020-03-22,0.0,0.0,1,1
2020-03-23,0.0,0.0,0,1
2020-03-24,0.0,0.0,0,0
2020-03-25,0.0,0.0,0,0
2020-03-26,0.0,0.0,0,0
2020-03-27,0.0,0.0,0,0
2020-03-28,0.0,0.0,0,0
2020-03-29,0.0,0.0,0,0
2020-03-30,0.0,0.0,0,0
2020-03-31,0.0,0.0,0,0
2020-04-01,0.0,0.0,0,0
2020-04-02,0.0,0.0,0,0
2020-04-03,1.0,1.0,13,13
2020-04-04,1.0,1.0,13,13
2020-04-05,1.0,1.0,4,13
2020-04-06,1.0,2.0,0,4
2020-04-07,1.0,2.0,0,0
2020-04-08,1.0,2.0,0,0
2020-04-09,1.0,2.0,0,0
2020-04-10,1.0,2.0,0,0
2020-04-11,1.0,2.0,0,0
2020-04-12,1.0,2.0,0,0
2020-04-13,1.0,2.0,0,0
2020-04-14,1.0,2.0,0,0
2020-04-15,1.0,2.0,0,0
2020-04-16,1.0,2.0,0,0
2020-04-17,1.0,2.0,0,0
2020-04-18,1.0,2.0,0,0
2020-04-19,1.0,2.0,0,0
2020-04-20,1.0,2.0,0,0
2020-04-21,1.0,1.0,0,0
2020-04-22,1.0,1.0,0,0
2020-04-23,1.0,1.0,0,0
2020-04-24,1.0,1.0,1,1
2020-04-25,1.0,2.0,3,3
2020-04-26,1.0,2.0,3,3
2020-04-27,1.0,2.0,0,3
2020-04-28,1.0,2.0,0,0
2020-04-29,1.0,2.0,0,0
2020-04-30,1.0,2.0,0,0
2020-05-01,1.0,2.0,0,0
2020-05-02,1.0,2.0,1,1
2020-05-03,1.0,1.0,1,1
2020-05-04,0.0,1.0,0,1
2020-05-05,0.0,1.0,0,0
2020-05-06,0.0,0.0,0,0
2020-05-07,0.0,0.0,0,0
2020-05-08,0.0,0.0,0,0
2020-05-09,0.0,0.0,0,0
2020-05-10,0.0,0.0,0,0
2020-05-11,0.0,0.0,0,0
2020-05-12,0.0,0.0,0,0
2020-05-13,0.0,0.0,0,0
2020-05-14,0.0,0.0,0,0
2020-05-15,0.0,0.0,1,1
2020-05-16,0.0,0.0,1,1
2020-05-17,0.0,1.0,1,1
2020-05-18,0.0,1.0,0,1
2020-05-19,0.0,1.0,0,0
2020-05-20,0.0,1.0,0,0
2020-05-21,0.0,1.0,0,0
2020-05-22,0.0,1.0,1,1
2020-05-23,0.0,1.0,1,1
2020-05-24,0.0,1.0,1,1
2020-05-25,0.0,1.0,2,2
2020-05-26,0.0,1.0,0,2
2020-05-27,0.0,0.0,0,0
2020-05-28,0.0,0.0,0,0
2020-05-29,0.0,0.0,0,0
2020-05-30,0.0,0.0,0,0
2020-05-31,0.0,0.0,0,0
2020-06-01,0.0,0.0,0,0
2020-06-02,0.0,0.0,0,0
2020-06-03,0.0,0.0,0,0
2020-06-04,0.0,0.0,0,0
2020-06-05,0.0,0.0,0,0
2020-06-06,0.0,0.0,1,1
2020-06-07,0.0,0.0,1,1
2020-06-08,0.0,0.0,0,1
2020-06-09,0.0,0.0,0,0
2020-06-10,0.0,0.0,0,0
2020-06-11,0.0,0.0,0,0
2020-06-12,0.0,0.0,0,0
2020-06-13,0.0,0.0,1,1
2020-06-14,0.0,0.0,1,1
2020-06-15,0.0,0.0,0,1
2020-06-16,0.0,0.0,0,0
2020-06-17,0.0,0.0,0,0
2020-06-18,0.0,0.0,0,0
2020-06-19,0.0,0.0,0,0
2020-06-20,0.0,0.0,0,0
2020-06-21,0.0,0.0,0,0
2020-06-22,0.0,0.0,0,0
2020-06-23,0.0,0.0,0,0
2020-06-24,0.0,0.0,0,0
2020-06-25,0.0,0.0,0,0
2020-06-26,0.0,0.0,0,0
2020-06-27,0.0,0.0,0,0
2020-06-28,0.0,0.0,0,0
2020-06-29,0.0,0.0,0,0
2020-06-30,0.0,0.0,0,0
2020-07-01,0.0,0.0,0,0
2020-07-02,0.0,0.0,0,0
2020-07-03,0.0,0.0,0,0
2020-07-04,0.0,0.0,0,0
2020-07-05,0.0,0.0,0,0
2020-07-06,0.0,0.0,0,0
2020-07-07,0.0,0.0,0,0
2020-07-08,0.0,0.0,0,0
2020-07-09,0.0,0.0,0,0
2020-07-10,0.0,0.0,1,1
2020-07-11,0.0,0.0,1,1
2020-07-12,0.0,0.0,1,1
2020-07-13,0.0,0.0,1,2
2020-07-14,0.0,0.0,0,1
2020-07-15,0.0,0.0,1,1
2020-07-16,0.0,0.0,0,1
2020-07-17,0.0,0.0,1,1
2020-07-18,0.0,0.0,1,1
2020-07-19,0.0,0.0,1,1
2020-07-20,0.0,0.0,1,1
2020-07-21,0.0,0.0,1,1
2020-07-22,0.0,0.0,1,1
2020-07-23,0.0,0.0,1,1
2020-07-24,0.0,1.0,1,1
2020-07-25,0.0,1.0,1,1
2020-07-26,0.0,1.0,0,1
2020-07-27,0.0,1.0,0,0
2020-07-28,0.0,1.0,0,0
2020-07-29,0.0,1.0,0,0
2020-07-30,0.0,1.0,0,0
2020-07-31,0.0,1.0,0,0
2020-08-01,0.0,1.0,0,0
2020-08-02,0.0,1.0,0,0
2020-08-03,0.0,1.0,0,0
2020-08-04,0.0,1.0,0,0
2020-08-05,0.0,1.0,0,0
2020-08-06,0.0,1.0,0,0
2020-08-07,0.0,1.0,0,0
2020-08-08,0.0,1.0,1,1
2020-08-09,0.0,1.0,1,1
2020-08-10,0.0,1.0,1,2
2020-08-11,0.0,1.0,1,1
2020-08-12,0.0,1.0,0,1
2020-08-13,0.0,1.0,0,0
2020-08-14,0.0,1.0,0,0
2020-08-15,0.0,1.0,0,0
2020-08-16,0.0,0.0,0,0
2020-08-17,0.0,0.0,0,0
2020-08-18,0.0,0.0,0,0
2020-08-19,0.0,0.0,0,0
2020-08-20,0.0,0.0,0,0
2020-08-21,0.0,0.0,0,0
2020-08-22,0.0,0.0,0,0
2020-08-23,0.0,0.0,0,0
2020-08-24,0.0,0.0,1,1
2020-08-25,0.0,0.0,1,1
2020-08-26,0.0,0.0,0,1
2020-08-27,0.0,0.0,0,0
2020-08-28,0.0,0.0,0,0
2020-08-29,0.0,0.0,0,0
2020-08-30,0.0,0.0,0,0
2020-08-31,0.0,0.0,0,0
2020-09-01,0.0,0.0,0,0
2020-09-02,0.0,0.0,2,2
2020-09-03,0.0,0.0,0,2
2020-09-04,0.0,0.0,0,0
2020-09-05,0.0,0.0,0,0
2020-09-06,0.0,0.0,0,0
2020-09-07,0.0,0.0,0,0
2020-09-08,0.0,0.0,1,1
2020-09-09,0.0,0.0,1,2
2020-09-10,0.0,0.0,0,1
2020-09-11,0.0,0.0,0,0
2020-09-12,0.0,0.0,0,0
2020-09-13,0.0,0.0,0,0
2020-09-14,0.0,0.0,0,0
2020-09-15,0.0,0.0,0,0
2020-09-16,0.0,0.0,0,0
2020-09-17,0.0,0.0,0,0
2020-09-18,0.0,0.0,0,0
2020-09-19,0.0,0.0,0,0
2020-09-20,0.0,0.0,0,0
2020-09-21,0.0,0.0,0,0
2020-09-22,0.0,0.0,0,0
2020-09-23,0.0,0.0,0,0
2020-09-24,0.0,0.0,0,0
2020-09-25,0.0,0.0,0,0
2020-09-26,0.0,0.0,0,0
2020-09-27,0.0,0.0,0,0
2020-09-28,0.0,0.0,0,0
2020-09-29,0.0,0.0,0,0
2020-09-30,0.0,0.0,0,0
2020-10-01,0.0,0.0,0,0
2020-10-02,0.0,0.0,0,0
2020-10-03,0.0,0.0,0,0
2020-10-04,0.0,0.0,0,0
2020-10-05,0.0,0.0,0,0
2020-10-06,0.0,0.0,0,0
2020-10-07,0.0,0.0,0,0
2020-10-08,0.0,0.0,0,0
2020-10-09,0.0,0.0,0,0
2020-10-10,0.0,0.0,0,0
2020-10-11,0.0,0.0,0,0
2020-10-12,0.0,0.0,0,0
2020-10-13,0.0,0.0,0,0
2020-10-14,0.0,0.0,0,0
2020-10-15,0.0,0.0,0,0
2020-10-16,0.0,0.0,0,0
2020-10-17,0.0,0.0,0,0
2020-10-18,0.0,0.0,0,0
2020-10-19,0.0,0.0,0,0
2020-10-20,0.0,0.0,0,0
2020-10-21,0.0,0.0,0,0
2020-10-22,0.0,0.0,0,0
2020-10-23,0.0,0.0,0,0
2020-10-24,0.0,0.0,0,0
2020-10-25,0.0,0.0,0,0
2020-10-26,0.0,0.0,0,0
2020-10-27,0.0,0.0,0,0
2020-10-28,0.0,0.0,0,0
2020-10-29,0.0,0.0,0,0
2020-10-30,0.0,0.0,0,0
2020-10-31,0.0,0.0,0,0
2020-11-01,0.0,0.0,0,0
2020-11-02,0.0,0.0,0,0
2020-11-03,0.0,0.0,0,0
2020-11-04,0.0,0.0,0,0
2020-11-05,0.0,0.0,0,0
2020-11-06,0.0,0.0,0,0
2020-11-07,0.0,0.0,0,0
2020-11-08,0.0,0.0,0,0
2020-11-09,0.0,0.0,0,0
2020-11-10,0.0,0.0,0,0
2020-11-11,0.0,0.0,0,0
2020-11-12,0.0,0.0,0,0
2020-11-13,0.0,0.0,0,0
2020-11-14,0.0,0.0,0,0
2020-11-15,0.0,0.0,0,0
2020-11-16,0.0,0.0,0,0
2020-11-17,0.0,0.0,0,0
2020-11-18,0.0,0.0,0,0
2020-11-19,0.0,0.0,0,0
2020-11-20,0.0,0.0,0,0
2020-11-21,0.0,0.0,0,0
2020-11-22,0.0,0.0,0,0
2020-11-23,0.0,0.0,0,0
2020-11-24,0.0,0.0,0,0
2020-11-25,0.0,0.0,0,0
2020-11-26,0.0,0.0,0,0
2020-11-27,0.0,0.0,0,0
2020-11-28,0.0,0.0,0,0
2020-11-29,0.0,0.0,0,0
2020-11-30,0.0,0.0,0,0
2020-12-01,0.0,0.0,0,0
2020-12-02,0.0,0.0,0,0
2020-12-03,0.0,0.0,0,0
2020-12-04,0.0,0.0,0,0
2020-12-05,0.0,0.0,0,0
2020-12-06,0.0,0.0,0,0
2020-12-07,0.0,0.0,0,0
2020-12-08,0.0,0.0,0,0
2020-12-09,0.0,0.0,0,0
2020-12-10,0.0,0.0,0,0
2020-12-11,0.0,0.0,0,0
2020-12-12,0.0,0.0,0,0
2020-12-13,0.0,0.0,0,0
2020-12-14,0.0,0.0,0,0
2020-12-15,0.0,0.0,0,0
2020-12-16,0.0,0.0,0,0
2020-12-17,0.0,0.0,0,0
2020-12-18,0.0,0.0,0,0
2020-12-19,0.0,0.0,0,0
2020-12-20,0.0,0.0,0,0
2020-12-21,0.0,0.0,0,0
2020-12-22,0.0,0.0,0,0
2020-12-23,0.0,0.0,0,0
2020-12-24,0.0,0.0,0,0
2020-12-25,0.0,0.0,0,0
2020-12-26,0.0,0.0,0,0
2020-12-27,0.0,0.0,0,0
2020-12-28,0.0,0.0,0,0
2020-12-29,0.0,0.0,0,0
2020-12-30,0.0,0.0,0,0
2020-12-31,0.0,0.0,0,0
2021-01-01,0.0,0.0,0,0
2021-01-02,0.0,0.0,0,0
2021-01-03,0.0,0.0,0,0
2021-01-04,0.0,0.0,0,0
2021-01-05,0.0,0.0,0,0
2021-01-06,0.0,0.0,0,0
2021-01-07,0.0,0.0,0,0
2021-01-08,0.0,0.0,0,0
2021-01-09,0.0,0.0,0,0
2021-01-10,0.0,0.0,0,0
2021-01-11,0.0,0.0,0,0
2021-01-12,0.0,0.0,0,0
2021-01-13,0.0,0.0,0,0
2021-01-14,0.0,0.0,0,0
2021-01-15,0.0,0.0,0,0
2021-01-16,0.0,0.0,0,0
2021-01-17,0.0,0.0,0,0
2021-01-18,0.0,0.0,0,0
2021-01-19,0.0,0.0,0,0
2021-01-20,0.0,0.0,0,0
2021-01-21,0.0,0.0,0,0
2021-01-22,0.0,0.0,0,0
2021-01-23,0.0,0.0,0,0
2021-01-24,0.0,0.0,0,0
2021-01-25,0.0,0.0,0,0
2021-01-26,0.0,0.0,0,0
2021-01-27,0.0,0.0,0,0
2021-01-28,0.0,0.0,0,0
2021-01-29,0.0,0.0,0,0
2021-01-30,0.0,0.0,0,0
2021-01-31,0.0,0.0,0,0
2021-02-01,0.0,0.0,0,0
2021-02-02,0.0,0.0,0,0
2021-02-03,0.0,0.0,0,0
2021-02-04,0.0,0.0,0,0
2021-02-05,0.0,0.0,0,0
2021-02-06,0.0,0.0,0,0
2021-02-07,0.0,0.0,0,0
2021-02-08,0.0,0.0,0,0
2021-02-09,0.0,0.0,0,0
2021-02-10,0.0,0.0,0,0
2021-02-11,0.0,0.0,0,0
2021-02-12,0.0,0.0,0,0
2021-02-13,0.0,0.0,0,0
2021-02-14,0.0,0.0,0,0
2021-02-15,0.0,0.0,0,0
2021-02-16,0.0,0.0,0,0
2021-02-17,0.0,0.0,0,0
2021-02-18,0.0,0.0,0,0
2021-02-19,0.0,0.0,0,0
2021-02-20,0.0,0.0,0,0
2021-02-21,0.0,0.0,0,0
2021-02-22,0.0,0.0,0,0
2021-02-23,0.0,0.0,0,0
2021-02-24,0.0,0.0,0,0
2021-02-25,0.0,0.0,0,0
2021-02-26,0.0,0.0,0,0
2021-02-27,0.0,0.0,0,0
2021-02-28,0.0,0.0,0,0
2021-03-01,0.0,0.0,0,0
2021-03-02,0.0,0.0,0,0
2021-03-03,0.0,0.0,0,0
2021-03-04,0.0,0.0,0,0
2021-03-05,0.0,0.0,0,0
2021-03-06,0.0,0.0,0,0
2021-03-07,0.0,0.0,0,0
2021-03-08,0.0,0.0,0,0
2021-03-09,0.0,0.0,0,0
2021-03-10,0.0,0.0,0,0
2021-03-11,0.0,0.0,0,0
2021-03-12,0.0,0.0,0,0
2021-03-13,0.0,0.0,0,0
2021-03-14,0.0,0.0,0,0
2021-03-15,0.0,0.0,0,0
2021-03-16,0.0,0.0,0,0
2021-03-17,0.0,0.0,0,0
2021-03-18,0.0,0.0,0,0
2021-03-19,0.0,0.0,0,0
2021-03-20,0.0,0.0,0,0
2021-03-21,0.0,0.0,0,0
2021-03-22,0.0,0.0,0,0
2021-03-23,0.0,0.0,0,0
2021-03-24,0.0,0.0,0,0
2021-03-25,0.0,0.0,0,0
2021-03-26,0.0,0.0,0,0
2021-03-27,0.0,0.0,0,0
2021-03-28,0.0,0.0,0,0
2021-03-29,0.0,0.0,0,0
2021-03-30,0.0,0.0,0,0
2021-03-31,0.0,0.0,0,0
2021-04-01,0.0,0.0,0,0
2021-04-02,0.0,0.0,0,0
2021-04-03,0.0,0.0,0,0
2021-04-04,0.0,0.0,0,0
2021-04-05,0.0,0.0,0,0
2021-04-06,0.0,0.0,0,0
2021-04-07,0.0,0.0,0,0
2021-04-08,0.0,0.0,0,0
2021-04-09,0.0,0.0,0,0
2021-04-10,0.0,0.0,0,0
2021-04-11,0.0,0.0,0,0
2021-04-12,0.0,0.0,0,0
2021-04-13,0.0,0.0,0,0
2021-04-14,0.0,0.0,0,0
2021-04-15,0.0,0.0,0,0
2021-04-16,0.0,0.0,0,0
2021-04-17,0.0,0.0,0,0
2021-04-18,0.0,0.0,0,0
2021-04-19,0.0,0.0,0,0
2021-04-20,0.0,0.0,0,0
2021-04-21,0.0,0.0,0,0
2021-04-22,0.0,0.0,0,0
2021-04-23,0.0,0.0,0,0
2021-04-24,0.0,0.0,0,0
2021-04-25,0.0,0.0,0,0
2021-04-26,0.0,0.0,0,0
2021-04-27,0.0,0.0,0,0
2021-04-28,0.0,0.0,0,0
2021-04-29,0.0,0.0,0,0
2021-04-30,0.0,0.0,0,0
2021-05-01,0.0,0.0,0,0
2021-05-02,0.0,0.0,0,0
2021-05-03,0.0,0.0,0,0
2021-05-04,0.0,0.0,0,0
2021-05-05,0.0,0.0,0,0
2021-05-06,0.0,0.0,0,0
2021-05-07,0.0,0.0,0,0
2021-05-08,0.0,0.0,0,0
2021-05-09,0.0,0.0,0,0
2021-05-10,0.0,0.0,0,0
2021-05-11,0.0,0.0,0,0
2021-05-12,0.0,0.0,0,0
2021-05-13,0.0,0.0,0,0
2021-05-14,0.0,0.0,0,0
2021-05-15,0.0,0.0,0,0
2021-05-16,0.0,0.0,0,0
2021-05-17,0.0,0.0,0,0
2021-05-18,0.0,0.0,0,0
2021-05-19,0.0,0.0,0,0
2021-05-20,0.0,0.0,0,0
2021-05-21,0.0,0.0,0,0
2021-05-22,0.0,0.0,0,0
2021-05-23,0.0,0.0,0,0
2021-05-24,0.0,0.0,0,0
2021-05-25,0.0,0.0,0,0
2021-05-26,0.0,0.0,0,0
2021-05-27,0.0,0.0,0,0
2021-05-28,0.0,0.0,0,0
2021-05-29,0.0,0.0,0,0
2021-05-30,0.0,0.0,0,0
2021-05-31,0.0,0.0,0,0
2021-06-01,0.0,0.0,0,0
2021-06-02,0.0,0.0,0,0
2021-06-03,0.0,0.0,0,0
2021-06-04,0.0,0.0,0,0
2021-06-05,0.0,0.0,0,0
2021-06-06,0.0,0.0,0,0
2021-06-07,0.0,0.0,0,0
2021-06-08,0.0,0.0,0,0
2021-06-09,0.0,0.0,0,0
2021-06-10,0.0,0.0,0,0
2021-06-11,0.0,0.0,0,0
2021-06-12,0.0,0.0,0,0
2021-06-13,0.0,0.0,0,0
2021-06-14,0.0,0.0,0,0
2021-06-15,0.0,0.0,0,0
2021-06-16,0.0,0.0,0,0
2021-06-17,0.0,0.0,0,0
2021-06-18,0.0,0.0,0,0
2021-06-19,0.0,0.0,0,0
2021-06-20,0.0,0.0,0,0
2021-06-21,0.0,0.0,0,0
2021-06-22,0.0,0.0,0,0
2021-06-23,0.0,0.0,0,0
2021-06-24,0.0,0.0,0,0
2021-06-25,0.0,0.0,0,0
2021-06-26,0.0,0.0,0,0
2021-06-27,0.0,0.0,0,0
2021-06-28,0.0,0.0,0,0
2021-06-29,0.0,0.0,0,0
2021-06-30,0.0,0.0,0,0
2021-07-01,0.0,0.0,0,0
2021-07-02,0.0,0.0,0,0
2021-07-03,0.0,0.0,0,0
2021-07-04,0.0,0.0,0,0
2021-07-05,0.0,0.0,0,0
2021-07-06,0.0,0.0,0,0
2021-07-07,0.0,0.0,0,0
2021-07-08,0.0,0.0,0,0
2021-07-09,0.0,0.0,0,0
2021-07-10,0.0,0.0,0,0
2021-07-11,0.0,0.0,0,0
2021-07-12,0.0,0.0,0,0
2021-07-13,0.0,0.0,0,0
2021-07-14,0.0,0.0,0,0
2021-07-15,0.0,0.0,0,0
2021-07-16,0.0,0.0,0,0
2021-07-17,0.0,0.0,0,0
2021-07-18,0.0,0.0,0,0
2021-07-19,0.0,0.0,0,0
2021-07-20,0.0,0.0,0,0
2021-07-21,0.0,0.0,0,0
2021-07-22,0.0,0.0,0,0
2021-07-23,0.0,0.0,0,0
2021-07-24,0.0,0.0,0,0
2021-07-25,0.0,0.0,0,0
2021-07-26,0.0,0.0,0,0
2021-07-27,0.0,0.0,0,0
2021-07-28,0.0,0.0,0,0
2021-07-29,0.0,0.0,0,0
2021-07-30,0.0,0.0,0,0
2021-07-31,0.0,0.0,0,0
2021-08-01,0.0,0.0,0,0
2021-08-02,0.0,0.0,0,0
2021-08-03,0.0,0.0,0,0
2021-08-04,0.0,0.0,0,0
2021-08-05,0.0,0.0,0,0
2021-08-06,0.0,0.0,0,0
2021-08-07,0.0,0.0,0,0
2021-08-08,0.0,0.0,0,0
2021-08-09,0.0,0.0,0,0
2021-08-10,0.0,0.0,0,0
2021-08-11,0.0,0.0,0,0
2021-08-12,0.0,0.0,0,0
2021-08-13,0.0,0.0,0,0
2021-08-14,0.0,0.0,0,0
2021-08-15,0.0,0.0,0,0
2021-08-16,0.0,0.0,0,0
2021-08-17,0.0,0.0,0,0
2021-08-18,0.0,0.0,0,0
2021-08-19,0.0,0.0,0,0
2021-08-20,0.0,0.0,0,0
2021-08-21,0.0,0.0,0,0
2021-08-22,0.0,0.0,0,0
2021-08-23,0.0,0.0,0,0
2021-08-24,0.0,0.0,0,0
2021-08-25,0.0,0.0,0,0
2021-08-26,0.0,0.0,0,0
2021-08-27,0.0,0.0,0,0
2021-08-28,0.0,0.0,0,0
2021-08-29,0.0,0.0,0,0
2021-08-30,0.0,0.0,0,0
2021-08-31,0.0,0.0,0,0
2021-09-01,0.0,0.0,0,0
2021-09-02,0.0,0.0,0,0
2021-09-03,0.0,0.0,0,0
2021-09-04,0.0,0.0,0,0
2021-09-05,0.0,0.0,0,0
2021-09-06,0.0,0.0,0,0
2021-09-07,0.0,0.0,0,0
2021-09-08,0.0,0.0,0,0
2021-09-09,0.0,0.0,0,0
2021-09-10,0.0,0.0,0,0
2021-09-11,0.0,0.0,0,0
2021-09-12,0.0,0.0,0,0
2021-09-13,0.0,0.0,0,0
2021-09-14,0.0,0.0,0,0
2021-09-15,0.0,0.0,0,0
2021-09-16,0.0,0.0,0,0
2021-09-17,0.0,0.0,0,0
2021-09-18,0.0,0.0,0,0
2021-09-19,0.0,0.0,0,0
2021-09-20,0.0,0.0,0,0
2021-09-21,0.0,0.0,0,0
2021-09-22,0.0,0.0,0,0
2021-09-23,0.0,0.0,0,0
2021-09-24,0.0,0.0,0,0
2021-09-25,0.0,0.0,0,0
2021-09-26,0.0,0.0,0,0
2021-09-27,0.0,0.0,0,0
2021-09-28,0.0,0.0,0,0
2021-09-29,0.0,0.0,0,0
2021-09-30,0.0,0.0,0,0
2021-10-01,0.0,0.0,0,0
2021-10-02,0.0,0.0,0,0
2021-10-03,0.0,0.0,0,0
2021-10-04,0.0,0.0,0,0
2021-10-05,0.0,0.0,0,0
2021-10-06,0.0,0.0,0,0
2021-10-07,0.0,0.0,0,0
2021-10-08,0.0,0.0,0,0
2021-10-09,0.0,0.0,0,0
2021-10-10,0.0,0.0,0,0
2021-10-11,0.0,0.0,0,0
2021-10-12,0.0,0.0,0,0
2021-10-13,0.0,0.0,0,0
2021-10-14,0.0,0.0,0,0
2021-10-15,0.0,0.0,0,0
2021-10-16,0.0,0.0,0,0
2021-10-17,0.0,0.0,0,0
2021-10-18,0.0,0.0,0,0
2021-10-19,0.0,0.0,0,0
2021-10-20,0.0,0.0,0,0
2021-10-21,0.0,0.0,0,0
2021-10-22,0.0,0.0,0,0
2021-10-23,0.0,0.0,0,0
2021-10-24,0.0,0.0,0,0
2021-10-25,0.0,0.0,0,0
2021-10-26,0.0,0.0,0,0
2021-10-27,0.0,0.0,0,0
2021-10-28,0.0,0.0,0,0
2021-10-29,0.0,0.0,0,0
2021-10-30,0.0,0.0,0,0
2021-10-31,0.0,0.0,0,0
2021-11-01,0.0,0.0,0,0
2021-11-02,0.0,0.0,0,0
2021-11-03,0.0,0.0,0,0
2021-11-04,0.0,0.0,0,0
2021-11-05,0.0,0.0,0,0
2021-11-06,0.0,0.0,0,0
2021-11-07,0.0,0.0,0,0
2021-11-08,0.0,0.0,0,0
2021-11-09,0.0,0.0,0,0
2021-11-10,0.0,0.0,0,0
2021-11-11,0.0,0.0,0,0
2021-11-12,0.0,0.0,0,0
2021-11-13,0.0,0.0,0,0
2021-11-14,0.0,0.0,0,0
2021-11-15,0.0,0.0,0,0
2021-11-16,0.0,0.0,0,0
2021-11-17,0.0,0.0,0,0
2021-11-18,0.0,0.0,0,0
2021-11-19,0.0,0.0,0,0
2021-11-20,0.0,0.0,0,0
2021-11-21,0.0,0.0,0,0
2021-11-22,0.0,0.0,0,0
2021-11-23,0.0,0.0,0,0
2021-11-24,0.0,0.0,0,0
2021-11-25,0.0,0.0,0,0
2021-11-26,0.0,0.0,0,0
2021-11-27,0.0,0.0,0,0
2021-11-28,0.0,0.0,0,0
2021-11-29,0.0,0.0,0,0
2021-11-30,0.0,0.0,0,0
2021-12-01,0.0,0.0,0,0
2021-12-02,0.0,0.0,0,0
2021-12-03,0.0,0.0,0,0
2021-12-04,0.0,0.0,0,0
2021-12-05,0.0,0.0,0,0
2021-12-06,0.0,0.0,0,0
2021-12-07,0.0,0.0,0,0
2021-12-08,0.0,0.0,0,0
2021-12-09,0.0,0.0,0,0
2021-12-10,0.0,0.0,0,0
2021-12-11,0.0,0.0,0,0
2021-12-12,0.0,0.0,0,0
2021-12-13,0.0,0.0,0,0
2021-12-14,0.0,0.0,0,0
2021-12-15,0.0,0.0,0,0
2021-12-16,0.0,0.0,0,0
2021-12-17,0.0,0.0,0,0
2021-12-18,0.0,0.0,0,0
2021-12-19,0.0,0.0,0,0
2021-12-20,0.0,0.0,0,0
2021-12-21,0.0,0.0,0,0
2021-12-22,0.0,0.0,0,0
2021-12-23,0.0,0.0,0,0
2021-12-24,0.0,0.0,0,0
2021-12-25,0.0,0.0,0,0
2021-12-26,0.0,0.0,0,0
2021-12-27,0.0,0.0,0,0
2021-12-28,0.0,0.0,0,0
2021-12-29,0.0,0.0,0,0
2021-12-30,0.0,0.0,0,0
2021-12-31,0.0,0.0,0,0
2022-01-01,0.0,0.0,0,0
2022-01-02,0.0,0.0,0,0
2022-01-03,0.0,0.0,0,0
2022-01-04,0.0,0.0,0,0
2022-01-05,0.0,0.0,0,0
2022-01-06,0.0,0.0,0,0
2022-01-07,0.0,0.0,0,0
2022-01-08,0.0,0.0,0,0
2022-01-09,0.0,0.0,0,0
2022-01-10,0.0,0.0,0,0
2022-01-11,0.0,0.0,0,0
2022-01-12,0.0,0.0,0,0
2022-01-13,0.0,0.0,0,0
2022-01-14,0.0,0.0,0,0
2022-01-15,0.0,0.0,0,0
2022-01-16,0.0,0.0,0,0
2022-01-17,0.0,0.0,0,0
2022-01-18,0.0,0.0,0,0
2022-01-19,0.0,0.0,0,0
2022-01-20,0.0,0.0,0,0
2022-01-21,0.0,0.0,0,0
2022-01-22,0.0,0.0,0,0
2022-01-23,0.0,0.0,0,0
2022-01-24,0.0,0.0,0,0
2022-01-25,0.0,0.0,0,0
2022-01-26,0.0,0.0,0,0
2022-01-27,0.0,0.0,0,0
2022-01-28,0.0,0.0,0,0
2022-01-29,0.0,0.0,0,0
2022-01-30,0.0,0.0,0,0
2022-01-31,0.0,0.0,0,0
2022-02-01,0.0,0.0,0,0
2022-02-02,0.0,0.0,0,0
2022-02-03,0.0,0.0,0,0
2022-02-04,0.0,0.0,0,0
2022-02-05,0.0,0.0,0,0
2022-02-06,0.0,0.0,0,0
2022-02-07,0.0,0.0,0,0
2022-02-08,0.0,0.0,0,0
2022-02-09,0.0,0.0,0,0
2022-02-10,0.0,0.0,0,0
2022-02-11,0.0,0.0,0,0
2022-02-12,0.0,0.0,0,0
2022-02-13,0.0,0.0,0,0
2022-02-14,0.0,0.0,0,0
2022-02-15,0.0,0.0,0,0
2022-02-16,0.0,0.0,0,0
2022-02-17,0.0,0.0,0,0
2022-02-18,0.0,0.0,0,0
2022-02-19,0.0,0.0,0,0
2022-02-20,0.0,0.0,0,0
2022-02-21,0.0,0.0,0,0
2022-02-22,0.0,0.0,0,0
2022-02-23,0.0,0.0,0,0
2022-02-24,0.0,0.0,0,0
2022-02-25,0.0,0.0,0,0
2022-02-26,0.0,0.0,0,0
2022-02-27,0.0,0.0,0,0
2022-02-28,0.0,0.0,0,0
2022-03-01,0.0,0.0,0,0
2022-03-02,0.0,0.0,0,0
2022-03-03,0.0,0.0,0,0
2022-03-04,0.0,0.0,0,0
2022-03-05,0.0,0.0,0,0
2022-03-06,0.0,0.0,0,0
2022-03-07,0.0,0.0,0,0
2022-03-08,0.0,0.0,0,0
2022-03-09,0.0,0.0,0,0
2022-03-10,0.0,0.0,0,0
2022-03-11,0.0,0.0,0,0
2022-03-12,0.0,0.0,0,0
2022-03-13,0.0,0.0,0,0
2022-03-14,0.0,0.0,0,0
2022-03-15,0.0,0.0,0,0
2022-03-16,0.0,0.0,0,0
2022-03-17,0.0,0.0,0,0
2022-03-18,0.0,0.0,0,0
2022-03-19,0.0,0.0,0,0
2022-03-20,0.0,0.0,0,0
2022-03-21,0.0,0.0,0,0
2022-03-22,0.0,0.0,0,0
2022-03-23,0.0,0.0,0,0
2022-03-24,0.0,0.0,0,0
2022-03-25,0.0,0.0,0,0
2022-03-26,0.0,0.0,0,0
2022-03-27,0.0,0.0,0,0
2022-03-28,0.0,0.0,0,0
2022-03-29,0.0,0.0,0,0
2022-03-30,0.0,0.0,0,0
2022-03-31,0.0,0.0,0,0
2022-04-01,0.0,0.0,0,0
2022-04-02,0.0,0.0,0,0
2022-04-03,0.0,0.0,0,0
2022-04-04,0.0,0.0,0,0
2022-04-05,0.0,0.0,0,0
2022-04-06,0.0,0.0,0,0
2022-04-07,0.0,0.0,0,0
2022-04-08,0.0,0.0,0,0
2022-04-09,0.0,0.0,0,0
2022-04-10,0.0,0.0,0,0
2022-04-11,0.0,0.0,0,0
2022-04-12,0.0,0.0,0,0
2022-04-13,0.0,0.0,0,0
2022-04-14,0.0,0.0,0,0
2022-04-15,0.0,0.0,0,0
2022-04-16,0.0,0.0,0,0
2022-04-17,0.0,0.0,0,0
2022-04-18,0.0,0.0,0,0
2022-04-19,0.0,0.0,0,0
2022-04-20,0.0,0.0,0,0
2022-04-21,0.0,0.0,0,0
2022-04-22,0.0,0.0,0,0
2022-04-23,0.0,0.0,0,0
2022-04-24,0.0,0.0,0,0
2022-04-25,0.0,0.0,0,0
2022-04-26,0.0,0.0,0,0
2022-04-27,0.0,0.0,0,0
2022-04-28,0.0,0.0,0,0
2022-04-29,0.0,0.0,0,0
2022-04-30,0.0,0.0,0,0
2022-05-01,0.0,0.0,0,0
2022-05-02,0.0,0.0,0,0
2022-05-03,0.0,0.0,0,0
2022-05-04,0.0,0.0,0,0
2022-05-05,0.0,0.0,0,0
2022-05-06,0.0,0.0,0,0
2022-05-07,0.0,0.0,0,0
2022-05-08,0.0,0.0,0,0
2022-05-09,0.0,0.0,0,0
2022-05-10,0.0,0.0,0,0
2022-05-11,0.0,0.0,0,0
2022-05-12,0.0,0.0,0,0
2022-05-13,0.0,0.0,0,0
2022-05-14,0.0,0.0,0,0
2022-05-15,0.0,0.0,0,0
2022-05-16,0.0,0.0,0,0
2022-05-17,0.0,0.0,0,0
2022-05-18,0.0,0.0,0,0
2022-05-19,0.0,0.0,0,0
2022-05-20,0.0,0.0,0,0
2022-05-21,0.0,0.0,0,0
2022-05-22,0.0,0.0,0,0
2022-05-23,0.0,0.0,0,0
2022-05-24,0.0,0.0,0,0
2022-05-25,0.0,0.0,0,0
2022-05-26,0.0,0.0,0,0
2022-05-27,0.0,0.0,0,0
2022-05-28,0.0,0.0,0,0
2022-05-29,0.0,0.0,0,0
2022-05-30,0.0,0.0,0,0
2022-05-31,0.0,0.0,0,0
2022-06-01,0.0,0.0,0,0
2022-06-02,0.0,0.0,0,0
2022-06-03,0.0,0.0,0,0
2022-06-04,0.0,0.0,0,0
2022-06-05,0.0,0.0,0,0
2022-06-06,0.0,0.0,0,0
2022-06-07,0.0,0.0,0,0
2022-06-08,0.0,0.0,0,0
2022-06-09,0.0,0.0,0,0
2022-06-10,0.0,0.0,0,0
2022-06-11,0.0,0.0,0,0
2022-06-12,0.0,0.0,0,0
2022-06-13,0.0,0.0,0,0
2022-06-14,0.0,0.0,0,0
2022-06-15,0.0,0.0,0,0
2022-06-16,0.0,0.0,0,0
2022-06-17,0.0,0.0,0,0
2022-06-18,0.0,0.0,0,0
2022-06-19,0.0,0.0,0,0
2022-06-20,0.0,0.0,0,0
2022-06-21,0.0,0.0,0,0
2022-06-22,0.0,0.0,0,0
2022-06-23,0.0,0.0,0,0
2022-06-24,0.0,0.0,0,0
2022-06-25,0.0,0.0,0,0
2022-06-26,0.0,0.0,0,0
2022-06-27,0.0,0.0,0,0
2022-06-28,0.0,0.0,0,0
2022-06-29,0.0,0.0,0,0
2022-06-30,0.0,0.0,0,0
2022-07-01,0.0,0.0,0,0
2022-07-02,0.0,0.0,0,0
2022-07-03,0.0,0.0,0,0
2022-07-04,0.0,0.0,0,0
2022-07-05,0.0,0.0,0,0
2022-07-06,0.0,0.0,0,0
2022-07-07,0.0,0.0,0,0
2022-07-08,0.0,0.0,0,0
2022-07-09,0.0,0.0,0,0
2022-07-10,0.0,0.0,0,0
2022-07-11,0.0,0.0,0,0
2022-07-12,0.0,0.0,0,0
2022-07-13,0.0,0.0,0,0
2022-07-14,0.0,0.0,1,1
2022-07-15,0.0,0.0,0,1
2022-07-16,0.0,0.0,0,0
2022-07-17,0.0,0.0,0,0
2022-07-18,0.0,0.0,0,0
2022-07-19,0.0,0.0,0,0
2022-07-20,0.0,0.0,0,0
2022-07-21,0.0,0.0,0,0
2022-07-22,0.0,0.0,0,0
2022-07-23,0.0,0.0,0,0
2022-07-24,0.0,0.0,0,0
2022-07-25,0.0,0.0,0,0
2022-07-26,0.0,0.0,0,0
2022-07-27,0.0,0.0,0,0
2022-07-28,0.0,0.0,0,0
2022-07-29,0.0,0.0,0,0
2022-07-30,0.0,0.0,0,0
2022-07-31,0.0,0.0,0,0
2022-08-01,0.0,0.0,0,0
2022-08-02,0.0,0.0,0,0
2022-08-03,0.0,0.0,0,0
2022-08-04,0.0,0.0,0,0
2022-08-05,0.0,0.0,0,0
2022-08-06,0.0,0.0,0,0
2022-08-07,0.0,0.0,0,0
2022-08-08,0.0,0.0,0,0
2022-08-09,0.0,0.0,0,0
2022-08-10,0.0,0.0,0,0
2022-08-11,0.0,0.0,0,0
2022-08-12,0.0,0.0,0,0
2022-08-13,0.0,0.0,0,0
2022-08-14,0.0,0.0,0,0
2022-08-15,0.0,0.0,0,0
2022-08-16,0.0,0.0,0,0
2022-08-17,0.0,0.0,0,0
2022-08-18,0.0,0.0,0,0
2022-08-19,0.0,0.0,0,0
2022-08-20,0.0,0.0,0,0
2022-08-21,0.0,0.0,0,0
2022-08-22,0.0,0.0,0,0
2022-08-23,0.0,0.0,0,0
2022-08-24,0.0,0.0,0,0
2022-08-25,0.0,0.0,0,0
2022-08-26,0.0,0.0,0,0
2022-08-27,0.0,0.0,0,0
2022-08-28,0.0,0.0,0,0
2022-08-29,0.0,0.0,0,0
2022-08-30,0.0,0.0,0,0
2022-08-31,0.0,0.0,0,0
2022-09-01,0.0,0.0,0,0
2022-09-02,0.0,0.0,0,0
2022-09-03,0.0,0.0,0,0
2022-09-04,0.0,0.0,0,0
2022-09-05,0.0,0.0,0,0
2022-09-06,0.0,0.0,0,0
2022-09-07,0.0,0.0,0,0
2022-09-08,0.0,0.0,0,0
2022-09-09,0.0,0.0,0,0
2022-09-10,0.0,0.0,0,0
2022-09-11,0.0,0.0,0,0
2022-09-12,0.0,0.0,0,0
2022-09-13,0.0,0.0,0,0
2022-09-14,0.0,0.0,0,0
2022-09-15,0.0,0.0,0,0
2022-09-16,0.0,0.0,0,0
2022-09-17,0.0,0.0,0,0
2022-09-18,0.0,0.0,0,0
2022-09-19,0.0,0.0,0,0
2022-09-20,0.0,0.0,0,0
2022-09-21,0.0,0.0,0,0
2022-09-22,0.0,0.0,0,0
2022-09-23,0.0,0.0,0,0
2022-09-24,0.0,0.0,0,0
2022-09-25,0.0,0.0,0,0
2022-09-26,0.0,0.0,0,0
2022-09-27,0.0,0.0,0,0
2022-09-28,0.0,0.0,0,0
2022-09-29,0.0,0.0,0,0
2022-09-30,0.0,0.0,0,0
2022-10-01,0.0,0.0,0,0
2022-10-02,0.0,0.0,0,0
2022-10-03,0.0,0.0,0,0
2022-10-04,0.0,0.0,0,0
2022-10-05,0.0,0.0,0,0
2022-10-06,0.0,0.0,0,0
2022-10-07,0.0,0.0,0,0
2022-10-08,0.0,0.0,0,0
2022-10-09,0.0,0.0,0,0
2022-10-10,0.0,0.0,0,0
2022-10-11,0.0,0.0,0,0
2022-10-12,0.0,0.0,0,0
2022-10-13,0.0,0.0,0,0
2022-10-14,0.0,0.0,0,0
2022-10-15,0.0,0.0,0,0
2022-10-16,0.0,0.0,0,0
2022-10-17,0.0,0.0,0,0
2022-10-18,0.0,0.0,0,0
2022-10-19,0.0,0.0,0,0
2022-10-20,0.0,0.0,0,0
2022-10-21,0.0,0.0,0,0
2022-10-22,0.0,0.0,0,0
2022-10-23,0.0,0.0,0,0
2022-10-24,0.0,0.0,0,0
2022-10-25,0.0,0.0,0,0
2022-10-26,0.0,0.0,0,0
2022-10-27,0.0,0.0,0,0
2022-10-28,0.0,0.0,0,0
2022-10-29,0.0,0.0,0,0
2022-10-30,0.0,0.0,0,0
2022-10-31,0.0,0.0,0,0
2022-11-01,0.0,0.0,0,0
2022-11-02,0.0,0.0,0,0
2022-11-03,0.0,0.0,0,0
2022-11-04,0.0,0.0,0,0
2022-11-05,0.0,0.0,0,0
2022-11-06,0.0,0.0,0,0
2022-11-07,0.0,0.0,0,0
2022-11-08,0.0,0.0,0,0
2022-11-09,0.0,0.0,0,0
2022-11-10,0.0,0.0,0,0
2022-11-11,0.0,0.0,0,0
2022-11-12,0.0,0.0,0,0
2022-11-13,0.0,0.0,0,0
2022-11-14,0.0,0.0,0,0
2022-11-15,0.0,0.0,0,0
2022-11-16,0.0,0.0,0,0
2022-11-17,0.0,0.0,0,0
2022-11-18,0.0,0.0,0,0
2022-11-19,0.0,0.0,0,0
2022-11-20,0.0,0.0,0,0
2022-11-21,0.0,0.0,0,0
2022-11-22,0.0,0.0,0,0
2022-11-23,0.0,0.0,0,0
2022-11-24,0.0,0.0,0,0
2022-11-25,0.0,0.0,0,0
2022-11-26,0.0,0.0,0,0
2022-11-27,0.0,0.0,0,0
2022-11-28,0.0,0.0,0,0
2022-11-29,0.0,0.0,0,0
2022-11-30,0.0,0.0,0,0
2022-12-01,0.0,0.0,0,0
2022-12-02,0.0,0.0,0,0
2022-12-03,0.0,0.0,0,0
2022-12-04,0.0,0.0,0,0
2022-12-05,0.0,0.0,0,0
2022-12-06,0.0,0.0,0,0
2022-12-07,0.0,0.0,0,0
2022-12-08,0.0,0.0,0,0
2022-12-09,0.0,0.0,0,0
2022-12-10,0.0,0.0,0,0
2022-12-11,0.0,0.0,0,0
2022-12-12,0.0,0.0,0,0
2022-12-13,0.0,0.0,0,0
2022-12-14,0.0,0.0,0,0
2022-12-15,0.0,0.0,0,0
2022-12-16,0.0,0.0,0,0
2022-12-17,0.0,0.0,0,0
2022-12-18,0.0,0.0,0,0
2022-12-19,0.0,0.0,0,0
2022-12-20,0.0,0.0,0,0
2022-12-21,0.0,0.0,0,0
2022-12-22,0.0,0.0,0,0
2022-12-23,0.0,0.0,0,0
2022-12-24,0.0,0.0,0,0
2022-12-25,0.0,0.0,0,0
2022-12-26,0.0,0.0,0,0
2022-12-27,0.0,0.0,0,0
2022-12-28,0.0,0.0,0,0
2022-12-29,0.0,0.0,0,0
2022-12-30,0.0,0.0,0,0
2022-12-31,0.0,0.0,0,0
2023-01-01,0.0,0.0,0,0
2023-01-02,0.0,0.0,0,0
2023-01-03,0.0,0.0,0,0
2023-01-04,0.0,0.0,0,0
2023-01-05,0.0,0.0,0,0
2023-01-06,0.0,0.0,0,0
2023-01-07,0.0,0.0,0,0
2023-01-08,0.0,0.0,0,0
2023-01-09,0.0,0.0,0,0
2023-01-10,0.0,0.0,0,0
2023-01-11,0.0,0.0,0,0
2023-01-12,0.0,0.0,0,0
2023-01-13,0.0,0.0,0,0
2023-01-14,0.0,0.0,0,0
2023-01-15,0.0,0.0,0,0
2023-01-16,0.0,0.0,0,0
2023-01-17,0.0,0.0,0,0
2023-01-18,0.0,0.0,0,0
2023-01-19,0.0,0.0,0,0
2023-01-20,0.0,0.0,0,0
2023-01-21,0.0,0.0,0,0
2023-01-22,0.0,0.0,0,0
2023-01-23,0.0,0.0,0,0
2023-01-24,0.0,0.0,0,0
2023-01-25,0.0,0.0,0,0
2023-01-26,0.0,0.0,0,0
2023-01-27,0.0,0.0,0,0
2023-01-28,0.0,0.0,0,0
2023-01-29,0.0,0.0,0,0
2023-01-30,0.0,0.0,0,0
2023-01-31,0.0,0.0,0,0
2023-02-01,0.0,0.0,0,0
2023-02-02,0.0,0.0,0,0
2023-02-03,0.0,0.0,0,0
2023-02-04,0.0,0.0,0,0
2023-02-05,0.0,0.0,0,0
2023-02-06,0.0,0.0,0,0
2023-02-07,0.0,0.0,0,0
2023-02-08,0.0,0.0,0,0
2023-02-09,0.0,0.0,0,0
2023-02-10,0.0,0.0,0,0
2023-02-11,0.0,0.0,0,0
2023-02-12,0.0,0.0,0,0
2023-02-13,0.0,0.0,0,0
2023-02-14,0.0,0.0,0,0
2023-02-15,0.0,0.0,0,0
2023-02-16,0.0,0.0,0,0
2023-02-17,0.0,0.0,0,0
2023-02-18,0.0,0.0,0,0
2023-02-19,0.0,0.0,0,0
2023-02-20,0.0,0.0,0,0
2023-02-21,0.0,0.0,0,0
2023-02-22,0.0,0.0,0,0
2023-02-23,0.0,0.0,0,0
2023-02-24,0.0,0.0,0,0
2023-02-25,0.0,0.0,0,0
2023-02-26,0.0,0.0,0,0
2023-02-27,0.0,0.0,0,0
2023-02-28,0.0,0.0,0,0
2023-03-01,0.0,0.0,0,0
2023-03-02,0.0,0.0,0,0
2023-03-03,0.0,0.0,0,0
2023-03-04,0.0,0.0,0,0
2023-03-05,0.0,0.0,0,0
2023-03-06,0.0,0.0,0,0
2023-03-07,0.0,0.0,0,0
2023-03-08,0.0,0.0,0,0
2023-03-09,0.0,0.0,0,0
2023-03-10,0.0,0.0,0,0
2023-03-11,0.0,0.0,0,0
2023-03-12,0.0,0.0,0,0
2023-03-13,0.0,0.0,0,0
2023-03-14,0.0,0.0,0,0
2023-03-15,0.0,0.0,0,0
2023-03-16,0.0,0.0,0,0
2023-03-17,0.0,0.0,0,0
2023-03-18,0.0,0.0,0,0
2023-03-19,0.0,0.0,0,0
2023-03-20,0.0,0.0,0,0
2023-03-21,0.0,0.0,0,0
2023-03-22,0.0,0.0,0,0
2023-03-23,0.0,0.0,0,0
2023-03-24,0.0,0.0,0,0
2023-03-25,0.0,0.0,0,0
2023-03-26,0.0,0.0,0,0
2023-03-27,0.0,0.0,0,0
2023-03-28,0.0,0.0,0,0
2023-03-29,0.0,0.0,0,0
2023-03-30,0.0,0.0,0,0
2023-03-31,0.0,0.0,0,0
2023-04-01,0.0,0.0,0,0
2023-04-02,0.0,0.0,0,0
2023-04-03,0.0,0.0,0,0
2023-04-04,0.0,0.0,0,0
2023-04-05,0.0,0.0,0,0
2023-04-06,0.0,0.0,0,0
2023-04-07,0.0,0.0,0,0
2023-04-08,0.0,0.0,0,0
2023-04-09,0.0,0.0,0,0
2023-04-10,0.0,0.0,0,0
2023-04-11,0.0,0.0,0,0
2023-04-12,0.0,0.0,0,0
2023-04-13,0.0,0.0,0,0
2023-04-14,0.0,0.0,0,0
2023-04-15,0.0,0.0,0,0
2023-04-16,0.0,0.0,0,0
2023-04-17,0.0,0.0,0,0
2023-04-18,0.0,0.0,0,0
2023-04-19,0.0,0.0,0,0
2023-04-20,0.0,0.0,0,0
2023-04-21,0.0,0.0,0,0
2023-04-22,0.0,0.0,0,0
2023-04-23,0.0,0.0,0,0
2023-04-24,0.0,0.0,0,0
2023-04-25,0.0,0.0,0,0
2023-04-26,0.0,0.0,0,0
2023-04-27,0.0,0.0,0,0
2023-04-28,0.0,0.0,0,0
2023-04-29,0.0,0.0,0,0
2023-04-30,0.0,0.0,0,0
2023-05-01,0.0,0.0,0,0
2023-05-02,0.0,0.0,0,0
2023-05-03,0.0,0.0,0,0
2023-05-04,0.0,0.0,0,0
2023-05-05,0.0,0.0,0,0
2023-05-06,0.0,0.0,0,0
2023-05-07,0.0,0.0,0,0
2023-05-08,0.0,0.0,0,0
2023-05-09,0.0,0.0,0,0
2023-05-10,0.0,0.0,0,0
2023-05-11,0.0,0.0,0,0
2023-05-12,0.0,0.0,0,0
2023-05-13,0.0,0.0,0,0
2023-05-14,0.0,0.0,0,0
2023-05-15,0.0,0.0,0,0
2023-05-16,0.0,0.0,0,0
2023-05-17,0.0,0.0,0,0
2023-05-18,0.0,0.0,0,0
2023-05-19,0.0,0.0,0,0
2023-05-20,0.0,0.0,0,0
2023-05-21,0.0,0.0,0,0
2023-05-22,0.0,0.0,0,0
2023-05-23,0.0,0.0,0,0
2023-05-24,0.0,0.0,0,0
2023-05-25,0.0,0.0,0,0
2023-05-26,0.0,0.0,0,0
2023-05-27,0.0,0.0,0,0
2023-05-28,0.0,0.0,0,0
2023-05-29,0.0,0.0,0,0
2023-05-30,0.0,0.0,0,0
2023-05-31,0.0,0.0,0,0
2023-06-01,0.0,0.0,0,0
2023-06-02,0.0,0.0,0,0
2023-06-03,0.0,0.0,0,0
2023-06-04,0.0,0.0,0,0
2023-06-05,0.0,0.0,0,0
2023-06-06,0.0,0.0,0,0
2023-06-07,0.0,0.0,0,0
2023-06-08,0.0,0.0,0,0
2023-06-09,0.0,0.0,0,0
2023-06-10,0.0,0.0,0,0
2023-06-11,0.0,0.0,0,0
2023-06-12,0.0,0.0,0,0
2023-06-13,0.0,0.0,0,0
2023-06-14,0.0,0.0,0,0
2023-06-15,0.0,0.0,0,0
2023-06-16,0.0,0.0,0,0
2023-06-17,0.0,0.0,0,0
2023-06-18,0.0,0.0,0,0
2023-06-19,0.0,0.0,0,0
2023-06-20,0.0,0.0,0,0
2023-06-21,0.0,0.0,0,0
2023-06-22,0.0,0.0,0,0
2023-06-23,0.0,0.0,0,0
2023-06-24,0.0,0.0,0,0
2023-06-25,0.0,0.0,0,0
2023-06-26,0.0,0.0,0,0
2023-06-27,0.0,0.0,0,0
2023-06-28,0.0,0.0,0,0
2023-06-29,0.0,0.0,0,0
2023-06-30,0.0,0.0,0,0
2023-07-01,0.0,0.0,0,0
2023-07-02,0.0,0.0,0,0
2023-07-03,0.0,0.0,0,0
2023-07-04,0.0,0.0,0,0
2023-07-05,0.0,0.0,0,0
2023-07-06,0.0,0.0,0,0
2023-07-07,0.0,0.0,0,0
2023-07-08,0.0,0.0,0,0
2023-07-09,0.0,0.0,0,0
2023-07-10,0.0,0.0,0,0
2023-07-11,0.0,0.0,0,0
2023-07-12,0.0,0.0,0,0
2023-07-13,0.0,0.0,0,0
2023-07-14,0.0,0.0,0,0
2023-07-15,0.0,0.0,0,0
2023-07-16,0.0,0.0,0,0
2023-07-17,0.0,0.0,0,0
2023-07-18,0.0,0.0,0,0
2023-07-19,0.0,0.0,0,0
2023-07-20,0.0,0.0,0,0
2023-07-21,0.0,0.0,0,0
2023-07-22,0.0,0.0,0,0
2023-07-23,0.0,0.0,0,0
2023-07-24,0.0,0.0,0,0
2023-07-25,0.0,0.0,0,0
2023-07-26,0.0,0.0,0,0
2023-07-27,0.0,0.0,0,0
2023-07-28,0.0,0.0,0,0
2023-07-29,0.0,0.0,0,0
2023-07-30,0.0,0.0,0,0
2023-07-31,0.0,0.0,0,0
2023-08-01,0.0,0.0,0,0
2023-08-02,0.0,0.0,0,0
2023-08-03,0.0,0.0,0,0
2023-08-04,0.0,0.0,0,0
2023-08-05,0.0,0.0,0,0
2023-08-06,0.0,0.0,0,0
2023-08-07,0.0,0.0,0,0
2023-08-08,0.0,0.0,0,0
2023-08-09,0.0,0.0,0,0
2023-08-10,0.0,0.0,0,0
2023-08-11,0.0,0.0,0,0
2023-08-12,0.0,0.0,0,0
2023-08-13,0.0,0.0,0,0
2023-08-14,0.0,0.0,0,0
2023-08-15,0.0,0.0,0,0
2023-08-16,0.0,0.0,0,0
2023-08-17,0.0,0.0,0,0
2023-08-18,0.0,0.0,0,0
2023-08-19,0.0,0.0,0,0
2023-08-20,0.0,0.0,0,0
2023-08-21,0.0,0.0,0,0
2023-08-22,0.0,0.0,0,0
2023-08-23,0.0,0.0,0,0
2023-08-24,0.0,0.0,0,0
2023-08-25,0.0,0.0,0,0
2023-08-26,0.0,0.0,0,0
2023-08-27,0.0,0.0,0,0
2023-08-28,0.0,0.0,0,0
2023-08-29,0.0,0.0,0,0
2023-08-30,0.0,0.0,0,0
2023-08-31,0.0,0.0,0,0
2023-09-01,0.0,0.0,0,0
2023-09-02,0.0,0.0,0,0
2023-09-03,0.0,0.0,0,0
2023-09-04,0.0,0.0,0,0
2023-09-05,0.0,0.0,0,0
2023-09-06,0.0,0.0,0,0
2023-09-07,0.0,0.0,0,0
2023-09-08,0.0,0.0,0,0
2023-09-09,0.0,0.0,0,0
2023-09-10,0.0,0.0,0,0
2023-09-11,0.0,0.0,0,0
2023-09-12,0.0,0.0,0,0
2023-09-13,0.0,0.0,0,0
2023-09-14,0.0,0.0,0,0
2023-09-15,0.0,0.0,0,0
2023-09-16,0.0,0.0,0,0
2023-09-17,0.0,0.0,0,0
2023-09-18,0.0,0.0,0,0
2023-09-19,0.0,0.0,0,0
2023-09-20,0.0,0.0,0,0
2023-09-21,0.0,0.0,0,0
2023-09-22,0.0,0.0,0,0
2023-09-23,0.0,0.0,0,0
2023-09-24,0.0,0.0,0,0
2023-09-25,0.0,0.0,0,0
2023-09-26,0.0,0.0,0,0
2023-09-27,0.0,0.0,0,0
2023-09-28,0.0,0.0,0,0
2023-09-29,0.0,0.0,0,0
2023-09-30,0.0,0.0,0,0
2023-10-01,0.0,0.0,0,0
2023-10-02,0.0,0.0,0,0
2023-10-03,0.0,0.0,0,0
2023-10-04,0.0,0.0,0,0
2023-10-05,0.0,0.0,0,0
2023-10-06,0.0,0.0,0,0
2023-10-07,0.0,0.0,1,1
2023-10-08,0.0,0.0,1,1
2023-10-09,0.0,0.0,1,1
2023-10-10,0.0,0.0,1,2
2023-10-11,0.0,0.0,0,1
2023-10-12,0.0,0.0,0,0
2023-10-13,0.0,0.0,0,0
2023-10-14,0.0,0.0,0,0
2023-10-15,0.0,0.0,0,0
2023-10-16,0.0,0.0,0,0
2023-10-17,0.0,0.0,1,1
2023-10-18,0.0,0.0,1,1
2023-10-19,0.0,0.0,1,1
2023-10-20,0.0,0.0,5,6
2023-10-21,1.0,1.0,5,5
2023-10-22,1.0,1.0,5,5
2023-10-23,1.0,1.0,0,5
2023-10-24,1.0,1.0,0,0
2023-10-25,1.0,1.0,1,1
2023-10-26,1.0,1.0,1,1
2023-10-27,1.0,1.0,1,2
2023-10-28,1.0,1.0,1,1
2023-10-29,1.0,1.0,1,1
2023-10-30,1.0,1.0,0,1
2023-10-31,1.0,1.0,0,0
2023-11-01,1.0,1.0,0,0
2023-11-02,1.0,1.0,0,0
2023-11-03,1.0,1.0,0,0
2023-11-04,1.0,1.0,0,0
2023-11-05,1.0,1.0,0,0
2023-11-06,1.0,1.0,0,0
2023-11-07,1.0,1.0,0,0
2023-11-08,1.0,1.0,0,0
2023-11-09,1.0,1.0,0,0
2023-11-10,1.0,1.0,0,0
2023-11-11,1.0,1.0,0,0
2023-11-12,1.0,1.0,0,0
2023-11-13,1.0,1.0,0,0
2023-11-14,1.0,1.0,0,0
2023-11-15,1.0,1.0,0,0
2023-11-16,1.0,1.0,0,0
2023-11-17,1.0,1.0,0,0
2023-11-18,1.0,1.0,0,0
2023-11-19,0.0,1.0,0,0
2023-11-20,0.0,1.0,0,0
2023-11-21,0.0,0.0,0,0
2023-11-22,0.0,0.0,0,0
2023-11-23,0.0,0.0,0,0
2023-11-24,0.0,0.0,0,0
2023-11-25,0.0,0.0,0,0
2023-11-26,0.0,0.0,0,0
2023-11-27,0.0,0.0,0,0
2023-11-28,0.0,0.0,0,0
2023-11-29,0.0,0.0,0,0
2023-11-30,0.0,0.0,0,0
2023-12-01,0.0,0.0,0,0
2023-12-02,0.0,0.0,0,0
2023-12-03,0.0,0.0,0,0
2023-12-04,0.0,0.0,0,0
2023-12-05,0.0,0.0,0,0
2023-12-06,0.0,0.0,0,0
2023-12-07,0.0,0.0,0,0
2023-12-08,0.0,0.0,0,0
2023-12-09,0.0,0.0,0,0
2023-12-10,0.0,0.0,0,0
2023-12-11,0.0,0.0,0,0
2023-12-12,0.0,0.0,0,0
2023-12-13,0.0,0.0,0,0
2023-12-14,0.0,0.0,0,0
2023-12-15,0.0,0.0,0,0
2023-12-16,0.0,0.0,0,0
2023-12-17,0.0,0.0,0,0
2023-12-18,0.0,0.0,0,0
2023-12-19,0.0,0.0,0,0
2023-12-20,0.0,0.0,0,0
2023-12-21,0.0,0.0,0,0
2023-12-22,0.0,0.0,0,0
2023-12-23,0.0,0.0,0,0
2023-12-24,0.0,0.0,0,0
2023-12-25,0.0,0.0,0,0
2023-12-26,0.0,0.0,0,0
2023-12-27,0.0,0.0,0,0
2023-12-28,0.0,0.0,0,0
2023-12-29,0.0,0.0,0,0
2023-12-30,0.0,0.0,0,0
2023-12-31,0.0,0.0,0,0
2024-01-01,0.0,0.0,0,0
2024-01-02,0.0,0.0,0,0
2024-01-03,0.0,0.0,0,0
2024-01-04,0.0,0.0,0,0
2024-01-05,0.0,0.0,0,0
2024-01-06,0.0,0.0,0,0
2024-01-07,0.0,0.0,0,0
2024-01-08,0.0,0.0,0,0
2024-01-09,0.0,0.0,0,0
2024-01-10,0.0,0.0,0,0
2024-01-11,0.0,0.0,0,0
2024-01-12,0.0,0.0,0,0
2024-01-13,0.0,0.0,0,0
2024-01-14,0.0,0.0,0,0
2024-01-15,0.0,0.0,0,0
2024-01-16,0.0,0.0,0,0
2024-01-17,0.0,0.0,0,0
2024-01-18,0.0,0.0,0,0
2024-01-19,0.0,0.0,0,0
2024-01-20,0.0,0.0,0,0
2024-01-21,0.0,0.0,0,0
2024-01-22,0.0,0.0,0,0
2024-01-23,0.0,0.0,0,0
2024-01-24,0.0,0.0,0,0
2024-01-25,0.0,0.0,0,0
2024-01-26,0.0,0.0,0,0
2024-01-27,0.0,0.0,0,0
2024-01-28,0.0,0.0,0,0
2024-01-29,0.0,0.0,0,0
2024-01-30,0.0,0.0,0,0
2024-01-31,0.0,0.0,0,0
2024-02-01,0.0,0.0,0,0
2024-02-02,0.0,0.0,0,0
2024-02-03,0.0,0.0,0,0
2024-02-04,0.0,0.0,0,0
2024-02-05,0.0,0.0,0,0
2024-02-06,0.0,0.0,0,0
2024-02-07,0.0,0.0,0,0
2024-02-08,0.0,0.0,0,0
2024-02-09,0.0,0.0,0,0
2024-02-10,0.0,0.0,0,0
2024-02-11,0.0,0.0,0,0
2024-02-12,0.0,0.0,0,0
2024-02-13,0.0,0.0,0,0
2024-02-14,0.0,0.0,0,0
2024-02-15,0.0,0.0,0,0
2024-02-16,0.0,0.0,0,0
2024-02-17,0.0,0.0,0,0
2024-02-18,0.0,0.0,0,0
2024-02-19,0.0,0.0,0,0
2024-02-20,0.0,0.0,0,0
2024-02-21,0.0,0.0,0,0
2024-02-22,0.0,0.0,0,0
2024-02-23,0.0,0.0,0,0
2024-02-24,0.0,0.0,0,0
2024-02-25,0.0,0.0,0,0
2024-02-26,0.0,0.0,0,0
2024-02-27,0.0,0.0,0,0
2024-02-28,0.0,0.0,0,0
2024-02-29,0.0,0.0,0,0
2024-03-01,0.0,0.0,0,0
2024-03-02,0.0,0.0,0,0
2024-03-03,0.0,0.0,0,0
2024-03-04,0.0,0.0,2,2
2024-03-05,0.0,0.0,2,2
2024-03-06,0.0,0.0,0,2
2024-03-07,0.0,0.0,0,0
2024-03-08,0.0,0.0,0,0
2024-03-09,0.0,0.0,0,0
2024-03-10,0.0,0.0,0,0
2024-03-11,0.0,0.0,0,0
2024-03-12,0.0,0.0,0,0
2024-03-13,0.0,0.0,0,0
2024-03-14,0.0,0.0,3,3
2024-03-15,0.0,0.0,0,3
2024-03-16,0.0,0.0,0,0
2024-03-17,0.0,0.0,0,0
2024-03-18,0.0,0.0,0,0
2024-03-19,0.0,0.0,2,2
2024-03-20,0.0,1.0,0,2
2024-03-21,0.0,1.0,0,0
2024-03-22,0.0,1.0,0,0
2024-03-23,0.0,1.0,0,0
2024-03-24,0.0,1.0,0,0
2024-03-25,0.0,1.0,0,0
2024-03-26,0.0,1.0,1,1
2024-03-27,0.0,1.0,0,1
2024-03-28,0.0,1.0,0,0
2024-03-29,0.0,1.0,0,0
2024-03-30,0.0,1.0,0,0
2024-03-31,0.0,1.0,0,0
2024-04-01,0.0,1.0,0,0
2024-04-02,0.0,1.0,0,0
2024-04-03,0.0,1.0,0,0
2024-04-04,0.0,0.0,0,0
2024-04-05,0.0,0.0,0,0
2024-04-06,0.0,0.0,0,0
2024-04-07,0.0,0.0,0,0
2024-04-08,0.0,0.0,0,0
2024-04-09,0.0,0.0,1,1
2024-04-10,0.0,0.0,0,1
2024-04-11,0.0,1.0,2,2
2024-04-12,0.0,1.0,0,2
2024-04-13,0.0,0.0,0,0
2024-04-14,0.0,0.0,0,0
2024-04-15,0.0,0.0,1,1
2024-04-16,0.0,0.0,1,1
2024-04-17,0.0,0.0,0,1
2024-04-18,0.0,0.0,0,0
2024-04-19,0.0,0.0,0,0
2024-04-20,0.0,0.0,0,0
2024-04-21,0.0,0.0,0,0
2024-04-22,0.0,0.0,0,0
2024-04-23,0.0,0.0,1,1
2024-04-24,0.0,0.0,1,2
2024-04-25,0.0,1.0,5,5
2024-04-26,0.0,1.0,0,5
2024-04-27,0.0,1.0,0,0
2024-04-28,0.0,1.0,0,0
2024-04-29,0.0,1.0,0,0
2024-04-30,0.0,1.0,0,0
2024-05-01,0.0,1.0,0,0
2024-05-02,0.0,1.0,3,3
2024-05-03,0.0,1.0,0,3
2024-05-04,0.0,1.0,0,0
2024-05-05,0.0,1.0,0,0
2024-05-06,0.0,1.0,0,0
2024-05-07,0.0,1.0,0,0
2024-05-08,0.0,1.0,0,0
2024-05-09,0.0,1.0,0,0
2024-05-10,0.0,1.0,0,0
2024-05-11,0.0,1.0,0,0
2024-05-12,0.0,1.0,0,0
2024-05-13,0.0,1.0,0,0
2024-05-14,0.0,1.0,0,0
2024-05-15,0.0,1.0,0,0
2024-05-16,0.0,1.0,5,5
2024-05-17,0.0,1.0,0,5
2024-05-18,0.0,1.0,0,0
2024-05-19,0.0,1.0,0,0
2024-05-20,0.0,1.0,0,0
2024-05-21,0.0,1.0,0,0
2024-05-22,1.0,1.0,1,1
2024-05-23,1.0,1.0,1,1
2024-05-24,0.0,1.0,0,1
2024-05-25,0.0,1.0,0,0
2024-05-26,0.0,1.0,0,0
2024-05-27,0.0,1.0,0,0
2024-05-28,0.0,1.0,2,2
2024-05-29,0.0,1.0,0,2
2024-05-30,0.0,1.0,0,0
2024-05-31,0.0,1.0,0,0
2024-06-01,0.0,1.0,0,0
2024-06-02,0.0,1.0,0,0
2024-06-03,0.0,1.0,0,0
2024-06-04,0.0,1.0,0,0
2024-06-05,0.0,1.0,0,0
2024-06-06,0.0,1.0,1,1
2024-06-07,0.0,1.0,0,1
2024-06-08,0.0,1.0,0,0
2024-06-09,0.0,1.0,0,0
2024-06-10,0.0,1.0,0,0
2024-06-11,0.0,1.0,0,0
2024-06-12,0.0,1.0,0,0
2024-06-13,0.0,1.0,0,0
2024-06-14,0.0,1.0,0,0
2024-06-15,0.0,0.0,0,0
2024-06-16,0.0,0.0,0,0
2024-06-17,0.0,0.0,0,0
2024-06-18,0.0,0.0,0,0
2024-06-19,0.0,0.0,0,0
2024-06-20,0.0,0.0,0,0
2024-06-21,0.0,0.0,0,0
2024-06-22,0.0,0.0,0,0
2024-06-23,0.0,0.0,0,0
2024-06-24,0.0,0.0,0,0
2024-06-25,0.0,0.0,0,0
2024-06-26,0.0,0.0,0,0
2024-06-27,0.0,0.0,0,0
2024-06-28,0.0,0.0,0,0
2024-06-29,0.0,0.0,0,0
2024-06-30,0.0,0.0,0,0
2024-07-01,0.0,0.0,0,0
2024-07-02,0.0,0.0,0,0
2024-07-03,0.0,0.0,0,0
2024-07-04,0.0,0.0,0,0
2024-07-05,0.0,0.0,0,0
2024-07-06,0.0,0.0,0,0
2024-07-07,0.0,0.0,0,0
2024-07-08,0.0,0.0,0,0
2024-07-09,0.0,0.0,0,0
2024-07-10,0.0,0.0,1,1
2024-07-11,0.0,0.0,2,2
2024-07-12,0.0,0.0,0,2
2024-07-13,0.0,0.0,0,0
2024-07-14,0.0,0.0,0,0
2024-07-15,0.0,0.0,1,1
2024-07-16,0.0,0.0,1,1
2024-07-17,0.0,0.0,2,3
2024-07-18,0.0,0.0,3,3
2024-07-19,0.0,1.0,0,3
2024-07-20,0.0,1.0,0,0
2024-07-21,0.0,1.0,0,0
2024-07-22,0.0,1.0,0,0
2024-07-23,0.0,1.0,0,0
2024-07-24,0.0,1.0,0,0
2024-07-25,0.0,1.0,0,0
2024-07-26,0.0,1.0,0,0
2024-07-27,0.0,1.0,0,0
2024-07-28,0.0,1.0,0,0
2024-07-29,0.0,1.0,0,0
2024-07-30,0.0,1.0,0,0
2024-07-31,0.0,1.0,0,0
2024-08-01,0.0,1.0,0,0
2024-08-02,0.0,1.0,0,0
2024-08-03,0.0,1.0,0,0
2024-08-04,0.0,1.0,0,0
2024-08-05,0.0,1.0,0,0
2024-08-06,0.0,1.0,0,0
2024-08-07,0.0,1.0,0,0
2024-08-08,0.0,1.0,0,0
2024-08-09,0.0,0.0,0,0
2024-08-10,0.0,0.0,0,0
2024-08-11,0.0,0.0,0,0
2024-08-12,0.0,0.0,0,0
2024-08-13,0.0,0.0,0,0
2024-08-14,0.0,0.0,0,0
2024-08-15,0.0,0.0,0,0
2024-08-16,0.0,0.0,0,0
2024-08-17,0.0,0.0,0,0
2024-08-18,0.0,0.0,0,0
2024-08-19,0.0,0.0,3,3
2024-08-20,0.0,0.0,3,3
2024-08-21,0.0,0.0,0,3
2024-08-22,0.0,0.0,0,0
2024-08-23,0.0,0.0,0,0
2024-08-24,0.0,0.0,0,0
2024-08-25,0.0,0.0,0,0
2024-08-26,0.0,0.0,2,2
2024-08-27,0.0,0.0,3,3
2024-08-28,0.0,1.0,0,3
2024-08-29,0.0,1.0,0,0
2024-08-30,0.0,1.0,0,0
2024-08-31,0.0,1.0,0,0
2024-09-01,0.0,1.0,0,0
2024-09-02,0.0,1.0,0,0
2024-09-03,0.0,1.0,2,2
2024-09-04,0.0,1.0,0,2
2024-09-05,0.0,1.0,0,0
2024-09-06,0.0,1.0,0,0
2024-09-07,0.0,1.0,0,0
2024-09-08,0.0,1.0,0,0
2024-09-09,0.0,1.0,0,0
2024-09-10,0.0,1.0,1,1
2024-09-11,0.0,1.0,1,2
2024-09-12,1.0,1.0,1,1
2024-09-13,1.0,1.0,0,1
2024-09-14,1.0,1.0,0,0
2024-09-15,1.0,1.0,0,0
2024-09-16,1.0,1.0,0,0
2024-09-17,1.0,1.0,0,0
2024-09-18,0.0,1.0,0,0
2024-09-19,0.0,1.0,1,1
2024-09-20,0.0,1.0,0,1
2024-09-21,0.0,1.0,0,0
2024-09-22,0.0,1.0,0,0
2024-09-23,0.0,1.0,0,0
2024-09-24,0.0,1.0,0,0
2024-09-25,0.0,1.0,1,1
2024-09-26,0.0,1.0,1,1
2024-09-27,0.0,0.0,0,1
2024-09-28,0.0,0.0,0,0
2024-09-29,0.0,0.0,0,0
2024-09-30,0.0,0.0,0,0
2024-10-01,0.0,0.0,0,0
2024-10-02,0.0,0.0,0,0
2024-10-03,0.0,0.0,0,0
2024-10-04,0.0,0.0,0,0
2024-10-05,0.0,0.0,0,0
2024-10-06,0.0,0.0,0,0
2024-10-07,0.0,0.0,0,0
2024-10-08,0.0,0.0,0,0
2024-10-09,0.0,0.0,0,0
2024-10-10,0.0,0.0,3,3
2024-10-11,0.0,0.0,0,3
2024-10-12,0.0,0.0,0,0
2024-10-13,0.0,0.0,0,0
2024-10-14,0.0,0.0,0,0
2024-10-15,0.0,0.0,0,0
2024-10-16,0.0,0.0,0,0
2024-10-17,0.0,0.0,2,2
2024-10-18,0.0,0.0,0,2
2024-10-19,0.0,0.0,0,0
2024-10-20,0.0,0.0,0,0
2024-10-21,0.0,0.0,1,1
2024-10-22,0.0,1.0,2,2
2024-10-23,0.0,1.0,0,2
2024-10-24,0.0,1.0,0,0
2024-10-25,0.0,1.0,0,0
2024-10-26,0.0,1.0,0,0
2024-10-27,0.0,0.0,0,0
2024-10-28,0.0,0.0,0,0
2024-10-29,0.0,1.0,2,2
2024-10-30,0.0,1.0,0,2
2024-10-31,0.0,1.0,0,0
2024-11-01,0.0,1.0,0,0
2024-11-02,0.0,1.0,0,0
2024-11-03,0.0,1.0,0,0
2024-11-04,0.0,1.0,0,0
2024-11-05,0.0,1.0,2,2
2024-11-06,0.0,1.0,0,2
2024-11-07,0.0,1.0,0,0
2024-11-08,0.0,1.0,0,0
2024-11-09,0.0,1.0,0,0
2024-11-10,0.0,1.0,0,0
2024-11-11,0.0,1.0,0,0
2024-11-12,0.0,1.0,0,0
2024-11-13,0.0,1.0,1,1
2024-11-14,0.0,1.0,2,2
2024-11-15,0.0,1.0,0,2
2024-11-16,0.0,1.0,0,0
2024-11-17,0.0,1.0,0,0
2024-11-18,0.0,1.0,0,0
2024-11-19,0.0,1.0,0,0
2024-11-20,0.0,1.0,0,0
2024-11-21,0.0,1.0,1,1
2024-11-22,0.0,0.0,0,1
2024-11-23,0.0,0.0,0,0
2024-11-24,0.0,0.0,0,0
2024-11-25,0.0,0.0,0,0
2024-11-26,0.0,0.0,0,0
2024-11-27,0.0,0.0,0,0
2024-11-28,0.0,0.0,0,0
2024-11-29,0.0,0.0,0,0
2024-11-30,0.0,0.0,0,0
2024-12-01,0.0,0.0,0,0
2024-12-02,0.0,0.0,0,0
2024-12-03,0.0,0.0,0,0
2024-12-04,0.0,0.0,0,0
2024-12-05,0.0,0.0,0,0
2024-12-06,0.0,0.0,0,0
2024-12-07,0.0,0.0,0,0
2024-12-08,0.0,0.0,0,0
2024-12-09,0.0,0.0,0,0
2024-12-10,0.0,0.0,0,0
2024-12-11,0.0,0.0,0,0
2024-12-12,0.0,0.0,0,0
2024-12-13,0.0,0.0,0,0
2024-12-14,0.0,0.0,0,0
2024-12-15,0.0,0.0,0,0
2024-12-16,0.0,0.0,1,1
2024-12-17,0.0,0.0,2,2
2024-12-18,0.0,0.0,0,2
2024-12-19,0.0,0.0,0,0
2024-12-20,0.0,0.0,0,0
2024-12-21,0.0,0.0,0,0
2024-12-22,0.0,0.0,0,0
2024-12-23,0.0,0.0,0,0
2024-12-24,0.0,0.0,0,0
2024-12-25,0.0,0.0,0,0
2024-12-26,0.0,0.0,0,0
2024-12-27,0.0,0.0,0,0
2024-12-28,0.0,0.0,0,0
2024-12-29,0.0,0.0,0,0
2024-12-30,0.0,0.0,0,0
2024-12-31,0.0,0.0,0,0
2025-01-01,0.0,0.0,0,0
2025-01-02,0.0,0.0,0,0
2025-01-03,0.0,0.0,0,0
2025-01-04,0.0,0.0,0,0
2025-01-05,0.0,0.0,0,0
2025-01-06,0.0,0.0,0,0
2025-01-07,0.0,0.0,0,0
2025-01-08,0.0,0.0,1,1
2025-01-09,0.0,0.0,1,1
2025-01-10,0.0,0.0,0,1
2025-01-11,0.0,0.0,0,0
2025-01-12,0.0,0.0,0,0
2025-01-13,0.0,0.0,0,0
2025-01-14,0.0,0.0,0,0
2025-01-15,0.0,0.0,0,0
2025-01-16,0.0,0.0,2,2
2025-01-17,0.0,0.0,0,2
2025-01-18,0.0,0.0,0,0
2025-01-19,0.0,0.0,0,0
2025-01-20,0.0,0.0,0,0
2025-01-21,0.0,0.0,0,0
2025-01-22,0.0,0.0,2,2
2025-01-23,0.0,0.0,3,3
2025-01-24,0.0,0.0,0,3
2025-01-25,0.0,0.0,0,0
2025-01-26,0.0,0.0,0,0
2025-01-27,0.0,0.0,0,0
2025-01-28,0.0,0.0,0,0
2025-01-29,0.0,0.0,0,0
2025-01-30,0.0,0.0,0,0
2025-01-31,0.0,0.0,0,0
2025-02-01,0.0,0.0,0,0
2025-02-02,0.0,0.0,0,0
2025-02-03,0.0,0.0,0,0
2025-02-04,0.0,0.0,0,0
2025-02-05,0.0,0.0,0,0
2025-02-06,0.0,0.0,0,0
2025-02-07,0.0,0.0,0,0
2025-02-08,0.0,0.0,0,0
2025-02-09,0.0,0.0,0,0
2025-02-10,0.0,0.0,0,0
2025-02-11,0.0,0.0,0,0
2025-02-12,0.0,0.0,0,0
2025-02-13,0.0,0.0,0,0
2025-02-14,0.0,0.0,0,0
2025-02-15,0.0,0.0,0,0
2025-02-16,0.0,0.0,0,0
2025-02-17,0.0,0.0,0,0
2025-02-18,0.0,0.0,0,0
2025-02-19,0.0,0.0,0,0
2025-02-20,0.0,0.0,0,0
2025-02-21,0.0,0.0,0,0
2025-02-22,0.0,0.0,0,0
2025-02-23,0.0,0.0,0,0
2025-02-24,0.0,0.0,0,0
2025-02-25,0.0,0.0,0,0
2025-02-26,0.0,0.0,0,0
2025-02-27,0.0,0.0,0,0
2025-02-28,0.0,0.0,0,0
2025-03-01,0.0,0.0,0,0
2025-03-02,0.0,0.0,0,0
2025-03-03,0.0,0.0,0,0
2025-03-04,0.0,0.0,0,0
2025-03-05,0.0,0.0,0,0
2025-03-06,0.0,0.0,0,0
2025-03-07,0.0,0.0,1,1
2025-03-08,0.0,0.0,1,1
2025-03-09,0.0,0.0,1,1
2025-03-10,0.0,0.0,0,1
2025-03-11,0.0,0.0,0,0
2025-03-12,0.0,0.0,0,0
2025-03-13,0.0,0.0,0,0
2025-03-14,0.0,0.0,0,0
2025-03-15,0.0,0.0,0,0
2025-03-16,0.0,0.0,0,0
2025-03-17,0.0,0.0,0,0
2025-03-18,0.0,0.0,0,0
2025-03-19,0.0,0.0,0,0
2025-03-20,0.0,0.0,0,0
2025-03-21,0.0,0.0,0,0
2025-03-22,0.0,0.0,0,0
2025-03-23,0.0,0.0,0,0
2025-03-24,0.0,0.0,0,0
2025-03-25,0.0,0.0,0,0
2025-03-26,0.0,0.0,0,0
2025-03-27,0.0,0.0,0,0
2025-03-28,0.0,0.0,0,0
2025-03-29,0.0,0.0,0,0
2025-03-30,0.0,0.0,0,0
2025-03-31,0.0,0.0,0,0
2025-04-01,0.0,0.0,0,0
2025-04-02,0.0,0.0,0,0
2025-04-03,0.0,0.0,0,0
2025-04-04,0.0,0.0,0,0
2025-04-05,0.0,0.0,0,0
2025-04-06,0.0,0.0,0,0
2025-04-07,0.0,0.0,0,0
2025-04-08,0.0,0.0,0,0
2025-04-09,0.0,0.0,0,0
2025-04-10,0.0,0.0,0,0
2025-04-11,0.0,0.0,0,0
2025-04-12,0.0,0.0,0,0
2025-04-13,0.0,0.0,0,0
2025-04-14,0.0,0.0,0,0
2025-04-15,0.0,0.0,0,0
2025-04-16,0.0,0.0,0,0
2025-04-17,0.0,0.0,0,0
2025-04-18,0.0,0.0,0,0
2025-04-19,0.0,0.0,0,0
2025-04-20,0.0,0.0,0,0
2025-04-21,0.0,0.0,0,0
2025-04-22,0.0,0.0,0,0
2025-04-23,0.0,0.0,0,0
2025-04-24,0.0,0.0,0,0
2025-04-25,0.0,0.0,0,0
2025-04-26,0.0,0.0,0,0
2025-04-27,0.0,0.0,0,0
2025-04-28,0.0,0.0,0,0
2025-04-29,0.0,0.0,0,0
2025-04-30,0.0,0.0,0,0
2025-05-01,0.0,0.0,0,0
2025-05-02,0.0,0.0,0,0
2025-05-03,0.0,0.0,0,0
2025-05-04,0.0,0.0,0,0
2025-05-05,0.0,0.0,0,0
2025-05-06,0.0,0.0,0,0
2025-05-07,0.0,0.0,0,0
2025-05-08,0.0,0.0,0,0
2025-05-09,0.0,0.0,0,0
2025-05-10,0.0,0.0,0,0
2025-05-11,0.0,0.0,0,0
2025-05-12,0.0,0.0,0,0
2025-05-13,0.0,0.0,0,0
2025-05-14,0.0,0.0,1,1
2025-05-15,0.0,0.0,3,6
2025-05-16,0.0,0.0,2,5
2025-05-17,0.0,0.0,2,2
2025-05-18,0.0,1.0,2,2
2025-05-19,0.0,1.0,0,2
2025-05-20,0.0,1.0,0,0
2025-05-21,0.0,1.0,0,0
2025-05-22,0.0,1.0,0,0
2025-05-23,0.0,1.0,0,0
2025-05-24,0.0,1.0,0,0
2025-05-25,0.0,1.0,0,0
2025-05-26,0.0,1.0,0,0
2025-05-27,0.0,1.0,0,0
2025-05-28,0.0,1.0,0,0
2025-05-29,0.0,1.0,0,0
2025-05-30,0.0,1.0,0,0
2025-05-31,0.0,1.0,0,0
2025-06-01,0.0,1.0,0,0
2025-06-02,0.0,1.0,0,0
2025-06-03,0.0,1.0,0,0
2025-06-04,0.0,1.0,0,0
2025-06-05,0.0,1.0,0,0
2025-06-06,0.0,1.0,0,0
2025-06-07,0.0,1.0,0,0
2025-06-08,0.0,1.0,0,0
2025-06-09,0.0,1.0,0,0
2025-06-10,0.0,1.0,0,0
