Date,Midnight population,24-hour population,Midnight population count,24-hour population count
2008-10-01,-1.0,-1.0,1696,1833
2008-10-02,-1.0,-1.0,1619,1754
2008-10-03,-1.0,-1.0,1695,1715
2008-10-04,-1.0,-1.0,1570,1696
2008-10-05,-1.0,-1.0,1570,1570
2008-10-06,-1.0,-1.0,1594,1608
2008-10-07,-1.0,-1.0,1598,1721
2008-10-08,-1.0,-1.0,1810,1829
2008-10-09,-1.0,-1.0,1730,1866
2008-10-10,-1.0,-1.0,1806,1817
2008-10-11,-1.0,-1.0,1806,1807
2008-10-12,-1.0,-1.0,1806,1806
2008-10-13,-1.0,-1.0,1806,1806
2008-10-14,-1.0,-1.0,1792,1865
2008-10-15,-1.0,-1.0,1691,1876
2008-10-16,-1.0,-1.0,1673,1801
2008-10-17,-1.0,-1.0,1677,1743
2008-10-18,-1.0,-1.0,1676,1678
2008-10-19,-1.0,-1.0,1676,1676
2008-10-20,-1.0,-1.0,1550,1718
2008-10-21,-1.0,-1.0,1658,1679
2008-10-22,-1.0,-1.0,1577,1686
2008-10-23,-1.0,-1.0,1500,1633
2008-10-24,-1.0,-1.0,1632,1647
2008-10-25,-1.0,-1.0,1676,1678
2008-10-26,-1.0,-1.0,1676,1677
2008-10-27,-1.0,-1.0,1622,1698
2008-10-28,-1.0,-1.0,1684,1760
2008-10-29,-1.0,-1.0,1648,1724
2008-10-30,1670.0,1736.0,1589,1714
2008-10-31,1669.0,1731.0,1670,1686
2008-11-01,1672.0,1729.0,1704,1704
2008-11-02,1672.0,1729.0,1704,1704
2008-11-03,1678.0,1730.0,1730,1735
2008-11-04,1684.0,1741.0,1771,1878
2008-11-05,1691.0,1747.0,1797,1812
2008-11-06,1697.0,1753.0,1779,1873
2008-11-07,1699.0,1754.0,1855,1873
2008-11-08,1703.0,1754.0,1855,1856
2008-11-09,1704.0,1755.0,1855,1855
2008-11-10,1703.0,1758.0,1749,1900
2008-11-11,1701.0,1756.0,1749,1749
2008-11-12,1697.0,1755.0,1704,1782
2008-11-13,1694.0,1754.0,1698,1822
2008-11-14,1697.0,1753.0,1782,1838
2008-11-15,1701.0,1752.0,1781,1782
2008-11-16,1704.0,1753.0,1781,1781
2008-11-17,1709.0,1758.0,1813,1821
2008-11-18,1718.0,1768.0,1958,1968
2008-11-19,1729.0,1777.0,1867,1993
2008-11-20,1736.0,1787.0,1880,1976
2008-11-21,1749.0,1797.0,1966,1980
2008-11-22,1765.0,1808.0,1967,1972
2008-11-23,1776.0,1819.0,1967,1967
2008-11-24,1781.0,1829.0,1842,1997
2008-11-25,1790.0,1838.0,1920,1948
2008-11-26,1801.0,1849.0,1966,2014
2008-11-27,1810.0,1856.0,1966,1966
2008-11-28,1816.0,1864.0,1827,1969
2008-11-29,1824.0,1868.0,1827,1827
2008-11-30,1830.0,1872.0,1827,1827
2008-12-01,1835.0,1878.0,1872,1883
2008-12-02,1843.0,1890.0,1946,2055
2008-12-03,1851.0,1899.0,1968,1995
2008-12-04,1856.0,1904.0,1908,2051
2008-12-05,1862.0,1911.0,1982,2004
2008-12-06,1869.0,1914.0,1981,1982
2008-12-07,1873.0,1918.0,1981,1981
2008-12-08,1875.0,1922.0,1933,1986
2008-12-09,1880.0,1930.0,1999,2079
2008-12-10,1888.0,1937.0,1967,2117
2008-12-11,1893.0,1948.0,1922,2070
2008-12-12,1902.0,1956.0,1951,2016
2008-12-13,1910.0,1960.0,1951,1951
2008-12-14,1916.0,1964.0,1951,1951
2008-12-15,1920.0,1971.0,1901,1992
2008-12-16,1924.0,1980.0,1916,2053
2008-12-17,1925.0,1984.0,1842,1962
2008-12-18,1920.0,1983.0,1797,1927
2008-12-19,1919.0,1980.0,1853,1887
2008-12-20,1915.0,1975.0,1743,1855
2008-12-21,1907.0,1968.0,1743,1743
2008-12-22,1898.0,1961.0,1702,1781
2008-12-23,1892.0,1958.0,1791,1866
2008-12-24,1889.0,1953.0,1723,1843
2008-12-25,1882.0,1945.0,1723,1723
2008-12-26,1874.0,1936.0,1723,1723
2008-12-27,1866.0,1927.0,1723,1723
2008-12-28,1862.0,1919.0,1722,1725
2008-12-29,1860.0,1917.0,1751,1765
2008-12-30,1858.0,1920.0,1778,1917
2008-12-31,1856.0,1918.0,1808,1823
2009-01-01,1851.0,1910.0,1808,1808
2009-01-02,1847.0,1906.0,1849,1872
2009-01-03,1845.0,1899.0,1849,1849
2009-01-04,1841.0,1894.0,1849,1849
2009-01-05,1836.0,1891.0,1821,1903
2009-01-06,1832.0,1892.0,1856,1992
2009-01-07,1829.0,1890.0,1850,1927
2009-01-08,1822.0,1885.0,1792,1924
2009-01-09,1817.0,1876.0,1817,1872
2009-01-10,1813.0,1868.0,1817,1818
2009-01-11,1809.0,1861.0,1817,1818
2009-01-12,1805.0,1858.0,1835,1858
2009-01-13,1800.0,1858.0,1816,1940
2009-01-14,1798.0,1853.0,1832,1857
2009-01-15,1794.0,1848.0,1776,1891
2009-01-16,1795.0,1846.0,1874,1888
2009-01-17,1797.0,1844.0,1874,1874
2009-01-18,1798.0,1843.0,1874,1874
2009-01-19,1802.0,1844.0,1874,1874
2009-01-20,1803.0,1851.0,1774,1950
2009-01-21,1807.0,1854.0,1805,1863
2009-01-22,1807.0,1856.0,1796,1930
2009-01-23,1808.0,1857.0,1759,1868
2009-01-24,1809.0,1858.0,1759,1762
2009-01-25,1810.0,1859.0,1759,1760
2009-01-26,1814.0,1863.0,1814,1825
2009-01-27,1818.0,1871.0,1861,1992
2009-01-28,1823.0,1876.0,1891,1913
2009-01-29,1830.0,1880.0,1990,2011
2009-01-30,1836.0,1888.0,1982,2086
2009-01-31,1835.0,1895.0,1784,2009
2009-02-01,1833.0,1892.0,1784,1784
2009-02-02,1829.0,1891.0,1742,1826
2009-02-03,1827.0,1893.0,1783,1900
2009-02-04,1826.0,1892.0,1805,1870
2009-02-05,1824.0,1890.0,1799,1926
2009-02-06,1821.0,1888.0,1750,1870
2009-02-07,1820.0,1882.0,1750,1752
2009-02-08,1818.0,1878.0,1750,1750
2009-02-09,1816.0,1877.0,1770,1786
2009-02-10,1815.0,1880.0,1791,1918
2009-02-11,1812.0,1881.0,1753,1884
2009-02-12,1810.0,1879.0,1735,1863
2009-02-13,1806.0,1877.0,1730,1821
2009-02-14,1805.0,1872.0,1730,1730
2009-02-15,1800.0,1867.0,1730,1730
2009-02-16,1795.0,1862.0,1730,1730
2009-02-17,1790.0,1860.0,1721,1810
2009-02-18,1786.0,1858.0,1754,1825
2009-02-19,1784.0,1854.0,1709,1839
2009-02-20,1783.0,1852.0,1773,1799
2009-02-21,1782.0,1847.0,1772,1773
2009-02-22,1782.0,1844.0,1772,1775
2009-02-23,1783.0,1845.0,1786,1795
2009-02-24,1785.0,1851.0,1797,1925
2009-02-25,1785.0,1851.0,1815,1825
2009-02-26,1781.0,1847.0,1755,1895
2009-02-27,1780.0,1847.0,1870,1891
2009-02-28,1776.0,1842.0,1870,1871
2009-03-01,1773.0,1835.0,1870,1870
2009-03-02,1774.0,1831.0,1829,1895
2009-03-03,1773.0,1834.0,1750,1879
2009-03-04,1774.0,1834.0,1768,1826
2009-03-05,1773.0,1834.0,1769,1907
2009-03-06,1775.0,1835.0,1854,1887
2009-03-07,1777.0,1833.0,1854,1855
2009-03-08,1780.0,1832.0,1854,1854
2009-03-09,1784.0,1836.0,1872,1881
2009-03-10,1789.0,1846.0,1891,2028
2009-03-11,1793.0,1853.0,1877,2021
2009-03-12,1794.0,1855.0,1834,1967
2009-03-13,1799.0,1857.0,1890,1951
2009-03-14,1804.0,1858.0,1888,1891
2009-03-15,1809.0,1860.0,1888,1888
2009-03-16,1816.0,1869.0,1953,1977
2009-03-17,1819.0,1879.0,1817,2051
2009-03-18,1821.0,1883.0,1776,1845
2009-03-19,1821.0,1884.0,1715,1843
2009-03-20,1821.0,1884.0,1750,1821
2009-03-21,1822.0,1881.0,1750,1750
2009-03-22,1821.0,1880.0,1750,1750
2009-03-23,1821.0,1880.0,1769,1787
2009-03-24,1822.0,1885.0,1798,1910
2009-03-25,1823.0,1886.0,1818,1844
2009-03-26,1821.0,1884.0,1733,1870
2009-03-27,1822.0,1886.0,1844,1864
2009-03-28,1825.0,1884.0,1844,1844
2009-03-29,1824.0,1882.0,1844,1846
2009-03-30,1822.0,1882.0,1820,1872
2009-03-31,1819.0,1884.0,1776,1919
2009-04-01,1816.0,1882.0,1738,1817
2009-04-02,1814.0,1880.0,1685,1820
2009-04-03,1814.0,1879.0,1774,1812
2009-04-04,1814.0,1875.0,1774,1774
2009-04-05,1812.0,1871.0,1774,1774
2009-04-06,1810.0,1869.0,1794,1808
2009-04-07,1807.0,1871.0,1772,1901
2009-04-08,1804.0,1868.0,1785,1797
2009-04-09,1799.0,1863.0,1727,1865
2009-04-10,1797.0,1857.0,1818,1842
2009-04-11,1796.0,1852.0,1818,1818
2009-04-12,1794.0,1847.0,1818,1818
2009-04-13,1788.0,1846.0,1717,1845
2009-04-14,1785.0,1844.0,1794,1844
2009-04-15,1778.0,1839.0,1751,1831
2009-04-16,1774.0,1832.0,1704,1832
2009-04-17,1773.0,1830.0,1732,1795
2009-04-18,1773.0,1827.0,1732,1735
2009-04-19,1773.0,1824.0,1732,1732
2009-04-20,1769.0,1824.0,1630,1765
2009-04-21,1767.0,1823.0,1700,1721
2009-04-22,1765.0,1821.0,1708,1722
2009-04-23,1760.0,1818.0,1647,1810
2009-04-24,1758.0,1815.0,1759,1770
2009-04-25,1758.0,1813.0,1726,1790
2009-04-26,1754.0,1808.0,1726,1726
2009-04-27,1749.0,1806.0,1688,1774
2009-04-28,1742.0,1804.0,1656,1790
2009-04-29,1737.0,1798.0,1641,1705
2009-04-30,1734.0,1792.0,1708,1730
2009-05-01,1734.0,1793.0,1718,1830
2009-05-02,1735.0,1789.0,1718,1718
2009-05-03,1733.0,1786.0,1718,1718
2009-05-04,1730.0,1785.0,1695,1748
2009-05-05,1728.0,1787.0,1700,1835
2009-05-06,1726.0,1785.0,1727,1737
2009-05-07,1727.0,1786.0,1810,1934
2009-05-08,1730.0,1789.0,1881,1901
2009-05-09,1735.0,1790.0,1881,1881
2009-05-10,1737.0,1791.0,1881,1881
2009-05-11,1738.0,1795.0,1857,1922
2009-05-12,1741.0,1801.0,1883,1998
2009-05-13,1746.0,1803.0,1880,1922
2009-05-14,1752.0,1808.0,1969,1981
2009-05-15,1760.0,1815.0,1999,2047
2009-05-16,1770.0,1821.0,1997,2000
2009-05-17,1775.0,1827.0,1876,1997
2009-05-18,1780.0,1833.0,1875,1892
2009-05-19,1788.0,1841.0,1978,1988
2009-05-20,1795.0,1849.0,1856,1988
2009-05-21,1800.0,1856.0,1849,1934
2009-05-22,1808.0,1863.0,1930,1952
2009-05-23,1817.0,1867.0,1930,1932
2009-05-24,1823.0,1873.0,1930,1930
2009-05-25,1830.0,1877.0,1929,1930
2009-05-26,1834.0,1885.0,1845,1949
2009-05-27,1838.0,1890.0,1837,1921
2009-05-28,1842.0,1893.0,1772,1903
2009-05-29,1850.0,1900.0,1868,1901
2009-05-30,1855.0,1905.0,1868,1868
2009-05-31,1860.0,1906.0,1868,1868
2009-06-01,1866.0,1912.0,1886,1899
2009-06-02,1874.0,1922.0,1970,2035
2009-06-03,1884.0,1931.0,1987,2002
2009-06-04,1891.0,1938.0,1900,2035
2009-06-05,1899.0,1946.0,1977,1992
2009-06-06,1905.0,1948.0,1977,1978
2009-06-07,1908.0,1950.0,1977,1977
2009-06-08,1910.0,1954.0,1939,2006
2009-06-09,1911.0,1960.0,1911,2043
2009-06-10,1911.0,1960.0,1865,1943
2009-06-11,1909.0,1959.0,1823,1952
2009-06-12,1909.0,1959.0,1873,1940
2009-06-13,1905.0,1956.0,1872,1874
2009-06-14,1901.0,1950.0,1872,1872
2009-06-15,1898.0,1947.0,1892,1903
2009-06-16,1898.0,1947.0,1889,2006
2009-06-17,1901.0,1950.0,1951,1974
2009-06-18,1898.0,1950.0,1892,2005
2009-06-19,1902.0,1950.0,1977,1989
2009-06-20,1906.0,1952.0,1977,1977
2009-06-21,1908.0,1953.0,1977,1977
2009-06-22,1908.0,1955.0,1931,2006
2009-06-23,1907.0,1959.0,1909,2047
2009-06-24,1905.0,1959.0,1854,1940
2009-06-25,1903.0,1958.0,1796,1916
2009-06-26,1903.0,1958.0,1832,1908
2009-06-27,1905.0,1956.0,1832,1833
2009-06-28,1904.0,1953.0,1832,1832
2009-06-29,1903.0,1953.0,1853,1855
2009-06-30,1901.0,1955.0,1793,1920
2009-07-01,1899.0,1953.0,1831,1843
2009-07-02,1894.0,1950.0,1817,1944
2009-07-03,1888.0,1943.0,1817,1817
2009-07-04,1885.0,1936.0,1817,1817
2009-07-05,1880.0,1930.0,1817,1817
2009-07-06,1874.0,1926.0,1792,1843
2009-07-07,1869.0,1923.0,1826,1894
2009-07-08,1865.0,1919.0,1816,1870
2009-07-09,1860.0,1913.0,1775,1881
2009-07-10,1859.0,1911.0,1845,1880
2009-07-11,1860.0,1908.0,1845,1849
2009-07-12,1859.0,1904.0,1845,1845
2009-07-13,1859.0,1904.0,1854,1864
2009-07-14,1857.0,1907.0,1828,1956
2009-07-15,1856.0,1906.0,1864,1880
2009-07-16,1854.0,1904.0,1839,1927
2009-07-17,1853.0,1902.0,1909,1927
2009-07-18,1850.0,1899.0,1790,1911
2009-07-19,1843.0,1892.0,1790,1790
2009-07-20,1836.0,1887.0,1759,1823
2009-07-21,1829.0,1884.0,1776,1888
2009-07-22,1824.0,1877.0,1753,1804
2009-07-23,1813.0,1870.0,1590,1836
2009-07-24,1805.0,1861.0,1629,1668
2009-07-25,1797.0,1852.0,1531,1629
2009-07-26,1787.0,1839.0,1531,1531
2009-07-27,1777.0,1830.0,1546,1554
2009-07-28,1767.0,1823.0,1519,1633
2009-07-29,1755.0,1813.0,1516,1536
2009-07-30,1746.0,1801.0,1512,1571
2009-07-31,1738.0,1793.0,1586,1599
2009-08-01,1730.0,1781.0,1586,1586
2009-08-02,1722.0,1773.0,1586,1586
2009-08-03,1713.0,1766.0,1531,1615
2009-08-04,1703.0,1760.0,1511,1635
2009-08-05,1693.0,1750.0,1516,1538
2009-08-06,1679.0,1739.0,1378,1570
2009-08-07,1665.0,1725.0,1404,1425
2009-08-08,1652.0,1709.0,1404,1404
2009-08-09,1638.0,1693.0,1404,1404
2009-08-10,1624.0,1680.0,1436,1450
2009-08-11,1612.0,1670.0,1488,1556
2009-08-12,1600.0,1658.0,1500,1517
2009-08-13,1587.0,1645.0,1425,1555
2009-08-14,1574.0,1632.0,1464,1482
2009-08-15,1561.0,1616.0,1464,1464
2009-08-16,1546.0,1601.0,1464,1464
2009-08-17,1534.0,1587.0,1410,1489
2009-08-18,1523.0,1578.0,1479,1543
2009-08-19,1513.0,1568.0,1465,1518
2009-08-20,1501.0,1556.0,1416,1530
2009-08-21,1490.0,1546.0,1419,1479
2009-08-22,1485.0,1532.0,1419,1421
2009-08-23,1478.0,1523.0,1419,1419
2009-08-24,1474.0,1517.0,1426,1440
2009-08-25,1472.0,1518.0,1453,1566
2009-08-26,1469.0,1516.0,1469,1499
2009-08-27,1465.0,1513.0,1407,1530
2009-08-28,1463.0,1511.0,1458,1475
2009-08-29,1462.0,1507.0,1458,1458
2009-08-30,1457.0,1503.0,1458,1458
2009-08-31,1451.0,1500.0,1409,1500
2009-09-01,1447.0,1499.0,1462,1574
2009-09-02,1445.0,1496.0,1455,1515
2009-09-03,1442.0,1493.0,1421,1546
2009-09-04,1439.0,1492.0,1430,1495
2009-09-05,1441.0,1487.0,1430,1430
2009-09-06,1441.0,1487.0,1430,1430
2009-09-07,1442.0,1488.0,1430,1430
2009-09-08,1441.0,1490.0,1378,1468
2009-09-09,1442.0,1491.0,1469,1485
2009-09-10,1440.0,1491.0,1416,1561
2009-09-11,1439.0,1490.0,1454,1475
2009-09-12,1440.0,1487.0,1469,1469
2009-09-13,1440.0,1487.0,1469,1469
2009-09-14,1439.0,1488.0,1431,1499
2009-09-15,1439.0,1491.0,1449,1573
2009-09-16,1442.0,1494.0,1510,1572
2009-09-17,1442.0,1495.0,1489,1572
2009-09-18,1444.0,1497.0,1504,1562
2009-09-19,1446.0,1496.0,1504,1504
2009-09-20,1449.0,1497.0,1504,1504
2009-09-21,1453.0,1500.0,1523,1534
2009-09-22,1456.0,1508.0,1519,1655
2009-09-23,1459.0,1512.0,1515,1548
2009-09-24,1459.0,1512.0,1442,1575
2009-09-25,1460.0,1513.0,1500,1518
2009-09-26,1463.0,1512.0,1500,1500
2009-09-27,1464.0,1513.0,1500,1500
2009-09-28,1466.0,1515.0,1523,1534
2009-09-29,1469.0,1522.0,1535,1671
2009-09-30,1472.0,1525.0,1512,1568
2009-10-01,1471.0,1525.0,1410,1586
2009-10-02,1470.0,1524.0,1439,1502
2009-10-03,1471.0,1521.0,1439,1439
2009-10-04,1471.0,1519.0,1439,1439
2009-10-05,1472.0,1520.0,1455,1469
2009-10-06,1471.0,1524.0,1417,1542
2009-10-07,1472.0,1525.0,1445,1451
2009-10-08,1472.0,1526.0,1374,1493
2009-10-09,1470.0,1524.0,1416,1428
2009-10-10,1471.0,1520.0,1447,1447
2009-10-11,1471.0,1519.0,1447,1447
2009-10-12,1467.0,1518.0,1342,1447
2009-10-13,1463.0,1517.0,1357,1421
2009-10-14,1459.0,1513.0,1320,1399
2009-10-15,1458.0,1509.0,1422,1435
2009-10-16,1458.0,1507.0,1492,1508
2009-10-17,1458.0,1504.0,1492,1493
2009-10-18,1457.0,1502.0,1480,1492
2009-10-19,1452.0,1502.0,1343,1502
2009-10-20,1445.0,1499.0,1313,1437
2009-10-21,1440.0,1494.0,1362,1375
2009-10-22,1434.0,1488.0,1334,1463
2009-10-23,1429.0,1482.0,1381,1390
2009-10-24,1427.0,1476.0,1381,1381
2009-10-25,1423.0,1471.0,1381,1381
2009-10-26,1416.0,1468.0,1293,1404
2009-10-27,1410.0,1464.0,1306,1382
2009-10-28,1403.0,1459.0,1306,1380
2009-10-29,1394.0,1450.0,1284,1406
2009-10-30,1388.0,1443.0,1330,1338
2009-10-31,1386.0,1434.0,1330,1330
2009-11-01,1382.0,1428.0,1330,1330
2009-11-02,1379.0,1426.0,1350,1360
2009-11-03,1375.0,1425.0,1315,1431
2009-11-04,1371.0,1423.0,1337,1386
2009-11-05,1371.0,1422.0,1409,1531
2009-11-06,1375.0,1427.0,1568,1582
2009-11-07,1381.0,1429.0,1568,1568
2009-11-08,1386.0,1434.0,1568,1568
2009-11-09,1386.0,1439.0,1448,1604
2009-11-10,1386.0,1443.0,1428,1557
2009-11-11,1385.0,1442.0,1308,1429
2009-11-12,1380.0,1440.0,1231,1354
2009-11-13,1378.0,1437.0,1244,1303
2009-11-14,1372.0,1430.0,1244,1244
2009-11-15,1364.0,1422.0,1244,1244
2009-11-16,1357.0,1415.0,1296,1307
2009-11-17,1353.0,1415.0,1368,1496
2009-11-18,1356.0,1413.0,1418,1435
2009-11-19,1358.0,1415.0,1373,1501
2009-11-20,1361.0,1418.0,1457,1469
2009-11-21,1365.0,1418.0,1456,1458
2009-11-22,1368.0,1420.0,1456,1456
2009-11-23,1364.0,1423.0,1267,1468
2009-11-24,1362.0,1423.0,1335,1364
2009-11-25,1366.0,1426.0,1417,1498
2009-11-26,1370.0,1427.0,1417,1417
2009-11-27,1374.0,1428.0,1417,1419
2009-11-28,1378.0,1429.0,1417,1417
2009-11-29,1381.0,1431.0,1417,1417
2009-11-30,1386.0,1437.0,1489,1496
2009-12-01,1391.0,1446.0,1466,1589
2009-12-02,1396.0,1451.0,1508,1526
2009-12-03,1400.0,1456.0,1437,1572
2009-12-04,1406.0,1460.0,1521,1526
2009-12-05,1410.0,1460.0,1521,1523
2009-12-06,1409.0,1458.0,1522,1522
2009-12-07,1407.0,1458.0,1511,1575
2009-12-08,1403.0,1459.0,1462,1589
2009-12-09,1405.0,1459.0,1500,1595
2009-12-10,1406.0,1459.0,1451,1575
2009-12-11,1413.0,1463.0,1526,1532
2009-12-12,1423.0,1469.0,1526,1526
2009-12-13,1432.0,1476.0,1526,1526
2009-12-14,1439.0,1487.0,1451,1564
2009-12-15,1445.0,1496.0,1412,1537
2009-12-16,1450.0,1501.0,1444,1449
2009-12-17,1452.0,1503.0,1448,1540
2009-12-18,1457.0,1507.0,1546,1567
2009-12-19,1462.0,1509.0,1546,1546
2009-12-20,1465.0,1511.0,1546,1546
2009-12-21,1464.0,1515.0,1413,1573
2009-12-22,1463.0,1515.0,1444,1453
2009-12-23,1471.0,1518.0,1488,1548
2009-12-24,1476.0,1522.0,1492,1497
2009-12-25,1479.0,1522.0,1492,1492
2009-12-26,1481.0,1524.0,1492,1492
2009-12-27,1484.0,1527.0,1492,1492
2009-12-28,1488.0,1532.0,1538,1563
2009-12-29,1493.0,1537.0,1572,1584
2009-12-30,1500.0,1545.0,1715,1722
2009-12-31,1505.0,1549.0,1612,1730
2010-01-01,1509.0,1552.0,1612,1612
2010-01-02,1514.0,1554.0,1612,1612
2010-01-03,1517.0,1556.0,1612,1612
2010-01-04,1524.0,1563.0,1703,1707
2010-01-05,1527.0,1570.0,1623,1739
2010-01-06,1532.0,1574.0,1669,1693
2010-01-07,1537.0,1578.0,1601,1724
2010-01-08,1541.0,1581.0,1624,1678
2010-01-09,1547.0,1583.0,1624,1624
2010-01-10,1550.0,1586.0,1624,1624
2010-01-11,1554.0,1592.0,1650,1705
2010-01-12,1556.0,1597.0,1575,1686
2010-01-13,1561.0,1599.0,1604,1609
2010-01-14,1567.0,1604.0,1583,1700
2010-01-15,1573.0,1611.0,1652,1665
2010-01-16,1580.0,1615.0,1652,1652
2010-01-17,1584.0,1618.0,1652,1652
2010-01-18,1587.0,1621.0,1652,1652
2010-01-19,1589.0,1625.0,1601,1672
2010-01-20,1596.0,1630.0,1632,1694
2010-01-21,1601.0,1638.0,1589,1696
2010-01-22,1605.0,1640.0,1603,1634
2010-01-23,1609.0,1644.0,1603,1603
2010-01-24,1613.0,1648.0,1603,1603
2010-01-25,1619.0,1655.0,1681,1701
2010-01-26,1625.0,1664.0,1668,1768
2010-01-27,1630.0,1668.0,1691,1700
2010-01-28,1632.0,1675.0,1639,1770
2010-01-29,1632.0,1675.0,1716,1730
2010-01-30,1632.0,1674.0,1597,1716
2010-01-31,1631.0,1674.0,1597,1597
2010-02-01,1632.0,1677.0,1638,1706
2010-02-02,1632.0,1679.0,1610,1683
2010-02-03,1627.0,1677.0,1561,1642
2010-02-04,1624.0,1673.0,1521,1608
2010-02-05,1619.0,1669.0,1529,1578
2010-02-06,1617.0,1663.0,1530,1530
2010-02-07,1614.0,1658.0,1530,1530
2010-02-08,1610.0,1655.0,1528,1537
2010-02-09,1606.0,1654.0,1498,1595
2010-02-10,1604.0,1650.0,1576,1598
2010-02-11,1601.0,1648.0,1486,1630
2010-02-12,1598.0,1646.0,1517,1524
2010-02-13,1596.0,1639.0,1517,1517
2010-02-14,1591.0,1634.0,1517,1517
2010-02-15,1583.0,1630.0,1412,1517
2010-02-16,1576.0,1625.0,1425,1502
2010-02-17,1566.0,1618.0,1360,1449
2010-02-18,1558.0,1611.0,1371,1462
2010-02-19,1550.0,1602.0,1388,1424
2010-02-20,1543.0,1592.0,1388,1388
2010-02-21,1536.0,1584.0,1388,1388
2010-02-22,1526.0,1577.0,1309,1407
2010-02-23,1518.0,1571.0,1342,1411
2010-02-24,1511.0,1564.0,1484,1491
2010-02-25,1503.0,1557.0,1426,1558
2010-02-26,1495.0,1549.0,1462,1465
2010-02-27,1490.0,1539.0,1462,1462
2010-02-28,1481.0,1530.0,1462,1462
2010-03-01,1475.0,1522.0,1421,1475
2010-03-02,1469.0,1518.0,1422,1490
2010-03-03,1463.0,1510.0,1445,1453
2010-03-04,1456.0,1504.0,1408,1520
2010-03-05,1453.0,1500.0,1466,1514
2010-03-06,1451.0,1495.0,1466,1466
2010-03-07,1449.0,1492.0,1466,1471
2010-03-08,1449.0,1492.0,1528,1534
2010-03-09,1448.0,1494.0,1500,1588
2010-03-10,1448.0,1494.0,1535,1540
2010-03-11,1448.0,1494.0,1486,1589
2010-03-12,1447.0,1492.0,1548,1552
2010-03-13,1449.0,1489.0,1548,1548
2010-03-14,1450.0,1490.0,1548,1548
2010-03-15,1451.0,1493.0,1540,1610
2010-03-16,1450.0,1496.0,1499,1593
2010-03-17,1456.0,1500.0,1585,1630
2010-03-18,1459.0,1504.0,1524,1639
2010-03-19,1465.0,1508.0,1531,1575
2010-03-20,1470.0,1511.0,1531,1531
2010-03-21,1475.0,1514.0,1531,1531
2010-03-22,1480.0,1519.0,1527,1538
2010-03-23,1483.0,1526.0,1500,1592
2010-03-24,1492.0,1532.0,1567,1571
2010-03-25,1497.0,1538.0,1490,1617
2010-03-26,1498.0,1540.0,1527,1540
2010-03-27,1501.0,1539.0,1497,1527
2010-03-28,1502.0,1540.0,1498,1498
2010-03-29,1502.0,1544.0,1476,1563
2010-03-30,1504.0,1546.0,1501,1540
2010-03-31,1507.0,1548.0,1531,1547
2010-04-01,1513.0,1556.0,1583,1714
2010-04-02,1518.0,1562.0,1618,1633
2010-04-03,1526.0,1565.0,1618,1618
2010-04-04,1531.0,1569.0,1618,1618
2010-04-05,1538.0,1576.0,1676,1684
2010-04-06,1544.0,1584.0,1647,1714
2010-04-07,1548.0,1589.0,1672,1682
2010-04-08,1551.0,1594.0,1574,1731
2010-04-09,1553.0,1596.0,1613,1621
2010-04-10,1558.0,1597.0,1613,1613
2010-04-11,1560.0,1599.0,1613,1613
2010-04-12,1566.0,1606.0,1740,1749
2010-04-13,1572.0,1614.0,1718,1788
2010-04-14,1578.0,1619.0,1737,1748
2010-04-15,1582.0,1627.0,1600,1835
2010-04-16,1584.0,1628.0,1658,1676
2010-04-17,1589.0,1629.0,1658,1658
2010-04-18,1593.0,1632.0,1659,1659
2010-04-19,1597.0,1638.0,1664,1728
2010-04-20,1601.0,1645.0,1643,1729
2010-04-21,1605.0,1650.0,1653,1695
2010-04-22,1611.0,1655.0,1659,1755
2010-04-23,1615.0,1660.0,1701,1710
2010-04-24,1616.0,1663.0,1527,1701
2010-04-25,1616.0,1662.0,1527,1527
2010-04-26,1620.0,1667.0,1596,1670
2010-04-27,1623.0,1673.0,1596,1661
2010-04-28,1626.0,1675.0,1575,1640
2010-04-29,1627.0,1678.0,1534,1627
2010-04-30,1627.0,1679.0,1534,1583
2010-05-01,1626.0,1673.0,1534,1534
2010-05-02,1623.0,1670.0,1534,1534
2010-05-03,1623.0,1670.0,1606,1609
2010-05-04,1620.0,1672.0,1527,1672
2010-05-05,1615.0,1668.0,1550,1573
2010-05-06,1610.0,1663.0,1492,1580
2010-05-07,1607.0,1660.0,1565,1585
2010-05-08,1606.0,1655.0,1565,1565
2010-05-09,1605.0,1653.0,1565,1565
2010-05-10,1604.0,1654.0,1596,1663
2010-05-11,1605.0,1660.0,1649,1771
2010-05-12,1602.0,1659.0,1652,1724
2010-05-13,1598.0,1656.0,1580,1710
2010-05-14,1593.0,1652.0,1592,1633
2010-05-15,1593.0,1644.0,1592,1592
2010-05-16,1591.0,1642.0,1592,1592
2010-05-17,1590.0,1646.0,1653,1784
2010-05-18,1592.0,1648.0,1712,1723
2010-05-19,1595.0,1649.0,1740,1762
2010-05-20,1595.0,1651.0,1661,1799
2010-05-21,1597.0,1652.0,1718,1727
2010-05-22,1599.0,1651.0,1718,1718
2010-05-23,1600.0,1651.0,1717,1718
2010-05-24,1608.0,1656.0,1757,1833
2010-05-25,1614.0,1666.0,1724,1847
2010-05-26,1618.0,1671.0,1708,1793
2010-05-27,1619.0,1674.0,1636,1770
2010-05-28,1622.0,1676.0,1649,1691
2010-05-29,1626.0,1677.0,1649,1649
2010-05-30,1629.0,1679.0,1649,1649
2010-05-31,1633.0,1683.0,1649,1649
2010-06-01,1639.0,1691.0,1719,1782
2010-06-02,1645.0,1697.0,1770,1785
2010-06-03,1653.0,1704.0,1761,1875
2010-06-04,1662.0,1713.0,1834,1845
2010-06-05,1674.0,1721.0,1834,1835
2010-06-06,1682.0,1729.0,1834,1834
2010-06-07,1692.0,1741.0,1860,1913
2010-06-08,1701.0,1754.0,1814,1950
2010-06-09,1709.0,1760.0,1851,1862
2010-06-10,1713.0,1765.0,1774,1906
2010-06-11,1719.0,1769.0,1818,1849
2010-06-12,1723.0,1773.0,1705,1818
2010-06-13,1727.0,1775.0,1705,1705
2010-06-14,1734.0,1783.0,1805,1823
2010-06-15,1741.0,1792.0,1805,1874
2010-06-16,1748.0,1797.0,1866,1939
2010-06-17,1752.0,1806.0,1823,1966
2010-06-18,1757.0,1811.0,1901,1914
2010-06-19,1764.0,1814.0,1866,1906
2010-06-20,1769.0,1819.0,1866,1866
2010-06-21,1777.0,1829.0,1956,2012
2010-06-22,1783.0,1840.0,1907,2049
2010-06-23,1788.0,1845.0,1908,1982
2010-06-24,1792.0,1849.0,1829,1965
2010-06-25,1797.0,1852.0,1855,1893
2010-06-26,1799.0,1855.0,1721,1855
2010-06-27,1802.0,1856.0,1721,1721
2010-06-28,1808.0,1863.0,1845,1859
2010-06-29,1812.0,1871.0,1752,1890
2010-06-30,1817.0,1877.0,1813,1832
2010-07-01,1817.0,1879.0,1708,1857
2010-07-02,1817.0,1879.0,1777,1782
2010-07-03,1818.0,1876.0,1777,1777
2010-07-04,1816.0,1874.0,1777,1777
2010-07-05,1814.0,1872.0,1777,1777
2010-07-06,1812.0,1874.0,1768,1911
2010-07-07,1809.0,1872.0,1772,1848
2010-07-08,1805.0,1869.0,1704,1848
2010-07-09,1802.0,1866.0,1744,1780
2010-07-10,1801.0,1861.0,1745,1745
2010-07-11,1798.0,1857.0,1745,1745
2010-07-12,1803.0,1859.0,1859,1866
2010-07-13,1807.0,1868.0,1809,1969
2010-07-14,1807.0,1868.0,1821,1835
2010-07-15,1802.0,1868.0,1636,1873
2010-07-16,1797.0,1861.0,1721,1737
2010-07-17,1793.0,1853.0,1722,1722
2010-07-18,1787.0,1847.0,1722,1722
2010-07-19,1782.0,1844.0,1700,1823
2010-07-20,1774.0,1841.0,1638,1783
2010-07-21,1763.0,1830.0,1612,1664
2010-07-22,1751.0,1817.0,1538,1673
2010-07-23,1739.0,1804.0,1571,1605
2010-07-24,1731.0,1791.0,1570,1571
2010-07-25,1721.0,1781.0,1570,1570
2010-07-26,1720.0,1776.0,1677,1714
2010-07-27,1716.0,1777.0,1617,1752
2010-07-28,1710.0,1770.0,1648,1662
2010-07-29,1704.0,1764.0,1584,1688
2010-07-30,1699.0,1759.0,1657,1683
2010-07-31,1697.0,1752.0,1657,1657
2010-08-01,1693.0,1748.0,1657,1657
2010-08-02,1691.0,1748.0,1704,1787
2010-08-03,1688.0,1749.0,1710,1798
2010-08-04,1684.0,1748.0,1653,1745
2010-08-05,1686.0,1745.0,1802,1841
2010-08-06,1689.0,1747.0,1884,1902
2010-08-07,1695.0,1748.0,1884,1884
2010-08-08,1700.0,1752.0,1884,1884
2010-08-09,1704.0,1757.0,1863,1903
2010-08-10,1707.0,1764.0,1842,1955
2010-08-11,1710.0,1767.0,1939,1963
2010-08-12,1712.0,1768.0,1871,1994
2010-08-13,1717.0,1773.0,1977,1983
2010-08-14,1726.0,1777.0,1897,1977
2010-08-15,1732.0,1782.0,1897,1897
2010-08-16,1738.0,1791.0,1905,1989
2010-08-17,1743.0,1799.0,1870,1967
2010-08-18,1747.0,1802.0,1834,1905
2010-08-19,1753.0,1806.0,1817,1897
2010-08-20,1761.0,1813.0,1841,1880
2010-08-21,1771.0,1818.0,1841,1841
2010-08-22,1780.0,1826.0,1841,1841
2010-08-23,1791.0,1838.0,1902,1937
2010-08-24,1801.0,1852.0,1879,1973
2010-08-25,1809.0,1859.0,1900,1915
2010-08-26,1816.0,1866.0,1837,1960
2010-08-27,1824.0,1874.0,1899,1910
2010-08-28,1835.0,1881.0,1899,1899
2010-08-29,1843.0,1888.0,1899,1899
2010-08-30,1852.0,1900.0,1932,2002
2010-08-31,1859.0,1911.0,1878,1994
2010-09-01,1865.0,1915.0,1871,1918
2010-09-02,1867.0,1919.0,1779,1910
2010-09-03,1871.0,1922.0,1763,1833
2010-09-04,1870.0,1919.0,1763,1763
2010-09-05,1866.0,1915.0,1763,1763
2010-09-06,1862.0,1910.0,1763,1763
2010-09-07,1856.0,1908.0,1727,1801
2010-09-08,1854.0,1904.0,1785,1797
2010-09-09,1853.0,1903.0,1813,1922
2010-09-10,1850.0,1900.0,1864,1881
2010-09-11,1850.0,1896.0,1864,1864
2010-09-12,1846.0,1892.0,1864,1864
2010-09-13,1846.0,1890.0,1887,1904
2010-09-14,1848.0,1892.0,1954,1963
2010-09-15,1847.0,1892.0,1887,1992
2010-09-16,1845.0,1892.0,1818,1957
2010-09-17,1845.0,1891.0,1807,1890
2010-09-18,1844.0,1888.0,1807,1807
2010-09-19,1843.0,1886.0,1807,1807
2010-09-20,1846.0,1889.0,1940,1953
2010-09-21,1848.0,1895.0,1890,2022
2010-09-22,1849.0,1895.0,1920,1937
2010-09-23,1848.0,1896.0,1873,1999
2010-09-24,1848.0,1896.0,1901,1918
2010-09-25,1851.0,1894.0,1901,1902
2010-09-26,1851.0,1894.0,1901,1901
2010-09-27,1850.0,1897.0,1889,1972
2010-09-28,1849.0,1899.0,1848,1967
2010-09-29,1844.0,1895.0,1802,1873
2010-09-30,1839.0,1890.0,1707,1846
2010-10-01,1835.0,1886.0,1769,1796
2010-10-02,1835.0,1881.0,1769,1769
2010-10-03,1835.0,1879.0,1769,1769
2010-10-04,1839.0,1883.0,1880,1883
2010-10-05,1840.0,1889.0,1806,1946
2010-10-06,1842.0,1891.0,1822,1836
2010-10-07,1843.0,1893.0,1750,1863
2010-10-08,1844.0,1894.0,1809,1822
2010-10-09,1844.0,1890.0,1809,1809
2010-10-10,1842.0,1888.0,1809,1809
2010-10-11,1840.0,1886.0,1809,1809
2010-10-12,1836.0,1888.0,1746,1913
2010-10-13,1832.0,1886.0,1773,1838
2010-10-14,1825.0,1882.0,1722,1847
2010-10-15,1821.0,1875.0,1764,1799
2010-10-16,1819.0,1869.0,1767,1767
2010-10-17,1818.0,1865.0,1767,1767
2010-10-18,1818.0,1866.0,1832,1836
2010-10-19,1817.0,1869.0,1766,1898
2010-10-20,1812.0,1864.0,1783,1804
2010-10-21,1807.0,1858.0,1743,1836
2010-10-22,1803.0,1853.0,1798,1806
2010-10-23,1800.0,1847.0,1798,1798
2010-10-24,1797.0,1843.0,1798,1798
2010-10-25,1797.0,1843.0,1905,1919
2010-10-26,1793.0,1845.0,1792,1969
2010-10-27,1790.0,1841.0,1781,1833
2010-10-28,1786.0,1837.0,1741,1848
2010-10-29,1786.0,1836.0,1790,1834
2010-10-30,1789.0,1834.0,1790,1790
2010-10-31,1789.0,1834.0,1790,1790
2010-11-01,1793.0,1838.0,1891,1900
2010-11-02,1796.0,1845.0,1846,1972
2010-11-03,1795.0,1844.0,1854,1867
2010-11-04,1795.0,1844.0,1796,1928
2010-11-05,1795.0,1845.0,1835,1881
2010-11-06,1798.0,1844.0,1835,1835
2010-11-07,1799.0,1844.0,1835,1835
2010-11-08,1802.0,1850.0,1911,1977
2010-11-09,1803.0,1856.0,1835,1972
2010-11-10,1803.0,1858.0,1810,1888
2010-11-11,1805.0,1855.0,1810,1810
2010-11-12,1807.0,1856.0,1824,1890
2010-11-13,1807.0,1856.0,1724,1824
2010-11-14,1806.0,1853.0,1724,1724
2010-11-15,1808.0,1856.0,1845,1855
2010-11-16,1810.0,1862.0,1831,1948
2010-11-17,1814.0,1866.0,1930,1941
2010-11-18,1817.0,1870.0,1879,2019
2010-11-19,1822.0,1875.0,1914,1968
2010-11-20,1828.0,1878.0,1914,1914
2010-11-21,1831.0,1881.0,1914,1914
2010-11-22,1837.0,1889.0,1958,2020
2010-11-23,1842.0,1898.0,1941,2082
2010-11-24,1842.0,1900.0,1905,1974
2010-11-25,1845.0,1898.0,1905,1905
2010-11-26,1849.0,1901.0,1889,1923
2010-11-27,1850.0,1902.0,1770,1889
2010-11-28,1849.0,1900.0,1770,1770
2010-11-29,1851.0,1904.0,1854,1905
2010-11-30,1851.0,1908.0,1781,1920
2010-12-01,1848.0,1905.0,1794,1808
2010-12-02,1843.0,1901.0,1705,1842
2010-12-03,1839.0,1898.0,1746,1775
2010-12-04,1838.0,1892.0,1746,1746
2010-12-05,1835.0,1887.0,1746,1746
2010-12-06,1834.0,1888.0,1815,1862
2010-12-07,1831.0,1890.0,1737,1876
2010-12-08,1824.0,1883.0,1707,1769
2010-12-09,1817.0,1875.0,1610,1749
2010-12-10,1812.0,1870.0,1662,1717
2010-12-11,1807.0,1865.0,1662,1662
2010-12-12,1801.0,1857.0,1662,1662
2010-12-13,1803.0,1856.0,1769,1783
2010-12-14,1801.0,1859.0,1675,1822
2010-12-15,1796.0,1853.0,1677,1690
2010-12-16,1788.0,1846.0,1605,1729
2010-12-17,1779.0,1837.0,1670,1683
2010-12-18,1772.0,1826.0,1670,1671
2010-12-19,1763.0,1816.0,1630,1670
2010-12-20,1755.0,1811.0,1686,1754
2010-12-21,1748.0,1808.0,1690,1824
2010-12-22,1738.0,1798.0,1658,1725
2010-12-23,1727.0,1785.0,1627,1713
2010-12-24,1718.0,1774.0,1627,1627
2010-12-25,1709.0,1765.0,1627,1627
2010-12-26,1700.0,1755.0,1628,1628
2010-12-27,1698.0,1750.0,1719,1736
2010-12-28,1694.0,1749.0,1638,1743
2010-12-29,1690.0,1743.0,1723,1735
2010-12-30,1686.0,1738.0,1671,1763
2010-12-31,1682.0,1733.0,1671,1671
2011-01-01,1681.0,1728.0,1671,1671
2011-01-02,1678.0,1724.0,1671,1671
2011-01-03,1679.0,1725.0,1762,1765
2011-01-04,1674.0,1727.0,1613,1809
2011-01-05,1667.0,1719.0,1586,1638
2011-01-06,1660.0,1712.0,1541,1651
2011-01-07,1656.0,1707.0,1566,1616
2011-01-08,1654.0,1701.0,1566,1566
2011-01-09,1651.0,1696.0,1566,1566
2011-01-10,1648.0,1693.0,1570,1570
2011-01-11,1641.0,1690.0,1469,1592
2011-01-12,1632.0,1680.0,1472,1472
2011-01-13,1624.0,1670.0,1449,1537
2011-01-14,1622.0,1668.0,1604,1616
2011-01-15,1622.0,1664.0,1604,1604
2011-01-16,1619.0,1661.0,1604,1604
2011-01-17,1617.0,1659.0,1604,1604
2011-01-18,1617.0,1661.0,1631,1721
2011-01-19,1610.0,1658.0,1460,1662
2011-01-20,1605.0,1649.0,1548,1558
2011-01-21,1603.0,1645.0,1590,1628
2011-01-22,1601.0,1641.0,1590,1590
2011-01-23,1600.0,1640.0,1590,1590
2011-01-24,1602.0,1642.0,1671,1684
2011-01-25,1602.0,1645.0,1631,1724
2011-01-26,1600.0,1643.0,1656,1659
2011-01-27,1598.0,1642.0,1587,1714
2011-01-28,1597.0,1641.0,1701,1709
2011-01-29,1598.0,1639.0,1701,1701
2011-01-30,1599.0,1640.0,1701,1701
2011-01-31,1603.0,1645.0,1777,1832
2011-02-01,1604.0,1651.0,1706,1841
2011-02-02,1601.0,1650.0,1677,1741
2011-02-03,1600.0,1647.0,1571,1717
2011-02-04,1603.0,1649.0,1681,1695
2011-02-05,1607.0,1650.0,1681,1681
2011-02-06,1611.0,1652.0,1681,1681
2011-02-07,1614.0,1660.0,1651,1802
2011-02-08,1614.0,1665.0,1570,1720
2011-02-09,1615.0,1666.0,1595,1602
2011-02-10,1616.0,1668.0,1497,1636
2011-02-11,1620.0,1672.0,1594,1606
2011-02-12,1622.0,1674.0,1521,1594
2011-02-13,1620.0,1671.0,1521,1521
2011-02-14,1617.0,1670.0,1529,1597
2011-02-15,1613.0,1672.0,1487,1636
2011-02-16,1608.0,1669.0,1448,1534
2011-02-17,1601.0,1662.0,1423,1509
2011-02-18,1602.0,1657.0,1481,1518
2011-02-19,1600.0,1655.0,1481,1481
2011-02-20,1596.0,1650.0,1481,1481
2011-02-21,1592.0,1646.0,1481,1481
2011-02-22,1591.0,1647.0,1552,1609
2011-02-23,1588.0,1643.0,1564,1578
2011-02-24,1586.0,1641.0,1575,1662
2011-02-25,1586.0,1642.0,1671,1680
2011-02-26,1589.0,1641.0,1671,1671
2011-02-27,1588.0,1639.0,1671,1671
2011-02-28,1587.0,1641.0,1680,1757
2011-03-01,1586.0,1643.0,1669,1762
2011-03-02,1583.0,1640.0,1670,1745
2011-03-03,1580.0,1636.0,1611,1721
2011-03-04,1580.0,1635.0,1686,1714
2011-03-05,1584.0,1634.0,1686,1686
2011-03-06,1584.0,1634.0,1686,1686
2011-03-07,1588.0,1639.0,1815,1821
2011-03-08,1590.0,1645.0,1721,1863
2011-03-09,1593.0,1643.0,1744,1756
2011-03-10,1596.0,1646.0,1684,1795
2011-03-11,1602.0,1652.0,1767,1782
2011-03-12,1611.0,1656.0,1767,1767
2011-03-13,1617.0,1662.0,1767,1767
2011-03-14,1626.0,1669.0,1780,1825
2011-03-15,1633.0,1681.0,1743,1877
2011-03-16,1642.0,1690.0,1810,1856
2011-03-17,1650.0,1697.0,1724,1862
2011-03-18,1661.0,1707.0,1776,1825
2011-03-19,1673.0,1716.0,1776,1776
2011-03-20,1683.0,1724.0,1776,1776
2011-03-21,1696.0,1738.0,1875,1894
2011-03-22,1705.0,1752.0,1763,1898
2011-03-23,1716.0,1763.0,1806,1815
2011-03-24,1722.0,1772.0,1723,1864
2011-03-25,1729.0,1779.0,1780,1794
2011-03-26,1736.0,1783.0,1780,1780
2011-03-27,1740.0,1786.0,1780,1780
2011-03-28,1742.0,1792.0,1745,1837
2011-03-29,1741.0,1795.0,1634,1769
2011-03-30,1739.0,1793.0,1627,1709
2011-03-31,1735.0,1791.0,1559,1695
2011-04-01,1734.0,1788.0,1640,1656
2011-04-02,1733.0,1786.0,1560,1640
2011-04-03,1728.0,1780.0,1560,1560
2011-04-04,1727.0,1779.0,1640,1646
2011-04-05,1721.0,1779.0,1519,1674
2011-04-06,1714.0,1771.0,1586,1594
2011-04-07,1707.0,1764.0,1507,1659
2011-04-08,1701.0,1759.0,1588,1597
2011-04-09,1698.0,1752.0,1588,1588
2011-04-10,1692.0,1746.0,1588,1588
2011-04-11,1686.0,1742.0,1574,1656
2011-04-12,1677.0,1737.0,1507,1607
2011-04-13,1667.0,1727.0,1468,1525
2011-04-14,1657.0,1715.0,1450,1535
2011-04-15,1646.0,1704.0,1496,1529
2011-04-16,1639.0,1692.0,1496,1496
2011-04-17,1630.0,1681.0,1496,1496
2011-04-18,1620.0,1674.0,1492,1568
2011-04-19,1611.0,1666.0,1508,1517
2011-04-20,1600.0,1654.0,1532,1538
2011-04-21,1590.0,1644.0,1469,1608
2011-04-22,1581.0,1635.0,1533,1556
2011-04-23,1574.0,1624.0,1533,1533
2011-04-24,1566.0,1616.0,1533,1533
2011-04-25,1560.0,1609.0,1582,1589
2011-04-26,1550.0,1604.0,1476,1613
2011-04-27,1541.0,1594.0,1475,1558
2011-04-28,1533.0,1587.0,1420,1551
2011-04-29,1529.0,1580.0,1487,1509
2011-04-30,1526.0,1574.0,1487,1487
2011-05-01,1521.0,1568.0,1487,1487
2011-05-02,1521.0,1566.0,1566,1574
2011-05-03,1518.0,1567.0,1460,1592
2011-05-04,1513.0,1562.0,1475,1490
2011-05-05,1511.0,1558.0,1483,1573
2011-05-06,1511.0,1557.0,1565,1572
2011-05-07,1513.0,1554.0,1565,1565
2011-05-08,1512.0,1553.0,1565,1565
2011-05-09,1511.0,1555.0,1556,1636
2011-05-10,1506.0,1555.0,1448,1587
2011-05-11,1501.0,1549.0,1414,1471
2011-05-12,1498.0,1546.0,1419,1512
2011-05-13,1498.0,1544.0,1460,1486
2011-05-14,1498.0,1542.0,1460,1460
2011-05-15,1497.0,1539.0,1460,1460
2011-05-16,1498.0,1541.0,1542,1548
2011-05-17,1498.0,1543.0,1482,1566
2011-05-18,1499.0,1542.0,1530,1537
2011-05-19,1497.0,1544.0,1448,1552
2011-05-20,1499.0,1545.0,1579,1587
2011-05-21,1502.0,1544.0,1579,1579
2011-05-22,1504.0,1545.0,1579,1579
2011-05-23,1506.0,1548.0,1593,1624
2011-05-24,1504.0,1551.0,1487,1628
2011-05-25,1500.0,1550.0,1460,1540
2011-05-26,1498.0,1545.0,1416,1486
2011-05-27,1499.0,1544.0,1495,1508
2011-05-28,1501.0,1542.0,1495,1495
2011-05-29,1502.0,1541.0,1495,1495
2011-05-30,1502.0,1542.0,1495,1495
2011-05-31,1500.0,1543.0,1425,1535
2011-06-01,1499.0,1542.0,1536,1551
2011-06-02,1501.0,1543.0,1526,1619
2011-06-03,1505.0,1547.0,1598,1604
2011-06-04,1509.0,1548.0,1598,1598
2011-06-05,1510.0,1549.0,1598,1598
2011-06-06,1512.0,1553.0,1623,1677
2011-06-07,1512.0,1557.0,1576,1684
2011-06-08,1513.0,1557.0,1573,1644
2011-06-09,1516.0,1559.0,1530,1644
2011-06-10,1521.0,1563.0,1581,1607
2011-06-11,1527.0,1566.0,1581,1581
2011-06-12,1531.0,1569.0,1581,1581
2011-06-13,1537.0,1575.0,1652,1656
2011-06-14,1541.0,1583.0,1590,1704
2011-06-15,1547.0,1589.0,1702,1708
2011-06-16,1555.0,1598.0,1733,1842
2011-06-17,1564.0,1608.0,1807,1831
2011-06-18,1576.0,1616.0,1807,1807
2011-06-19,1584.0,1624.0,1807,1807
2011-06-20,1590.0,1632.0,1773,1820
2011-06-21,1594.0,1640.0,1690,1824
2011-06-22,1599.0,1644.0,1726,1752
2011-06-23,1603.0,1649.0,1614,1768
2011-06-24,1610.0,1654.0,1675,1699
2011-06-25,1619.0,1660.0,1675,1675
2011-06-26,1625.0,1666.0,1675,1675
2011-06-27,1628.0,1674.0,1592,1738
2011-06-28,1632.0,1679.0,1617,1636
2011-06-29,1636.0,1684.0,1626,1643
2011-06-30,1641.0,1689.0,1582,1705
2011-07-01,1646.0,1694.0,1667,1681
2011-07-02,1651.0,1695.0,1667,1667
2011-07-03,1653.0,1697.0,1667,1667
2011-07-04,1655.0,1700.0,1667,1667
2011-07-05,1654.0,1703.0,1574,1696
2011-07-06,1654.0,1702.0,1598,1645
2011-07-07,1654.0,1702.0,1587,1678
2011-07-08,1655.0,1702.0,1611,1647
2011-07-09,1658.0,1701.0,1611,1611
2011-07-10,1659.0,1701.0,1611,1611
2011-07-11,1662.0,1704.0,1677,1685
2011-07-12,1663.0,1709.0,1598,1735
2011-07-13,1662.0,1708.0,1621,1631
2011-07-14,1662.0,1709.0,1591,1705
2011-07-15,1660.0,1707.0,1648,1660
2011-07-16,1657.0,1700.0,1648,1648
2011-07-17,1652.0,1694.0,1648,1648
2011-07-18,1647.0,1692.0,1678,1738
2011-07-19,1642.0,1690.0,1655,1736
2011-07-20,1638.0,1687.0,1647,1740
2011-07-21,1633.0,1682.0,1551,1687
2011-07-22,1629.0,1679.0,1598,1637
2011-07-23,1629.0,1673.0,1598,1598
2011-07-24,1626.0,1670.0,1598,1598
2011-07-25,1626.0,1669.0,1661,1669
2011-07-26,1624.0,1671.0,1613,1714
2011-07-27,1626.0,1668.0,1660,1672
2011-07-28,1626.0,1671.0,1612,1705
2011-07-29,1628.0,1673.0,1683,1702
2011-07-30,1631.0,1672.0,1683,1683
2011-07-31,1631.0,1672.0,1683,1683
2011-08-01,1632.0,1674.0,1684,1737
2011-08-02,1630.0,1677.0,1613,1737
2011-08-03,1626.0,1675.0,1550,1621
2011-08-04,1624.0,1672.0,1514,1614
2011-08-05,1624.0,1671.0,1577,1586
2011-08-06,1623.0,1667.0,1577,1577
2011-08-07,1622.0,1665.0,1577,1577
2011-08-08,1624.0,1667.0,1668,1690
2011-08-09,1625.0,1671.0,1639,1729
2011-08-10,1625.0,1671.0,1676,1684
2011-08-11,1627.0,1672.0,1650,1768
2011-08-12,1629.0,1675.0,1702,1720
2011-08-13,1633.0,1675.0,1702,1702
2011-08-14,1635.0,1677.0,1702,1702
2011-08-15,1638.0,1682.0,1755,1807
2011-08-16,1640.0,1688.0,1683,1825
2011-08-17,1639.0,1688.0,1658,1748
2011-08-18,1636.0,1687.0,1569,1696
2011-08-19,1635.0,1685.0,1626,1677
2011-08-20,1638.0,1683.0,1627,1627
2011-08-21,1639.0,1682.0,1627,1627
2011-08-22,1642.0,1686.0,1691,1703
2011-08-23,1642.0,1691.0,1609,1744
2011-08-24,1644.0,1692.0,1696,1702
2011-08-25,1645.0,1694.0,1650,1790
2011-08-26,1644.0,1695.0,1650,1685
2011-08-27,1646.0,1693.0,1650,1650
2011-08-28,1645.0,1692.0,1654,1654
2011-08-29,1646.0,1694.0,1718,1767
2011-08-30,1645.0,1697.0,1659,1774
2011-08-31,1643.0,1695.0,1620,1674
2011-09-01,1641.0,1693.0,1560,1670
2011-09-02,1643.0,1694.0,1596,1656
2011-09-03,1645.0,1694.0,1596,1596
2011-09-04,1646.0,1694.0,1596,1596
2011-09-05,1647.0,1695.0,1596,1596
2011-09-06,1646.0,1696.0,1555,1626
2011-09-07,1645.0,1695.0,1641,1652
2011-09-08,1643.0,1693.0,1566,1682
2011-09-09,1641.0,1691.0,1613,1628
2011-09-10,1639.0,1686.0,1613,1613
2011-09-11,1636.0,1683.0,1613,1613
2011-09-12,1635.0,1683.0,1659,1705
2011-09-13,1632.0,1683.0,1621,1718
2011-09-14,1627.0,1680.0,1611,1694
2011-09-15,1624.0,1675.0,1582,1689
2011-09-16,1623.0,1672.0,1632,1646
2011-09-17,1625.0,1670.0,1632,1632
2011-09-18,1626.0,1668.0,1632,1632
2011-09-19,1628.0,1671.0,1699,1705
2011-09-20,1629.0,1676.0,1647,1776
2011-09-21,1631.0,1678.0,1760,1770
2011-09-22,1635.0,1682.0,1727,1855
2011-09-23,1639.0,1686.0,1828,1847
2011-09-24,1645.0,1688.0,1828,1828
2011-09-25,1651.0,1692.0,1828,1828
2011-09-26,1657.0,1700.0,1838,1890
2011-09-27,1661.0,1709.0,1771,1918
2011-09-28,1662.0,1710.0,1746,1804
2011-09-29,1665.0,1713.0,1733,1849
2011-09-30,1671.0,1719.0,1810,1844
2011-10-01,1679.0,1723.0,1810,1810
2011-10-02,1686.0,1728.0,1810,1810
2011-10-03,1695.0,1738.0,1863,1873
2011-10-04,1703.0,1749.0,1820,1929
2011-10-05,1712.0,1758.0,1874,1882
2011-10-06,1720.0,1768.0,1804,1920
2011-10-07,1728.0,1776.0,1876,1889
2011-10-08,1739.0,1782.0,1877,1877
2011-10-09,1747.0,1791.0,1877,1877
2011-10-10,1756.0,1800.0,1877,1877
2011-10-11,1762.0,1810.0,1781,1913
2011-10-12,1765.0,1814.0,1744,1843
2011-10-13,1767.0,1817.0,1697,1807
2011-10-14,1771.0,1820.0,1739,1780
2011-10-15,1777.0,1822.0,1739,1739
2011-10-16,1780.0,1825.0,1739,1739
2011-10-17,1786.0,1830.0,1794,1802
2011-10-18,1789.0,1838.0,1744,1856
2011-10-19,1794.0,1842.0,1831,1839
2011-10-20,1796.0,1844.0,1708,1839
2011-10-21,1798.0,1846.0,1813,1821
2011-10-22,1800.0,1845.0,1813,1813
2011-10-23,1800.0,1844.0,1813,1813
2011-10-24,1798.0,1847.0,1786,1920
2011-10-25,1799.0,1847.0,1836,1844
2011-10-26,1799.0,1849.0,1850,1949
2011-10-27,1800.0,1849.0,1802,1901
2011-10-28,1804.0,1851.0,1850,1870
2011-10-29,1808.0,1851.0,1849,1850
2011-10-30,1809.0,1851.0,1849,1849
2011-10-31,1812.0,1854.0,1895,1907
2011-11-01,1813.0,1859.0,1837,1955
2011-11-02,1812.0,1861.0,1849,1933
2011-11-03,1810.0,1860.0,1762,1882
2011-11-04,1809.0,1859.0,1840,1857
2011-11-05,1810.0,1856.0,1842,1842
2011-11-06,1809.0,1855.0,1842,1842
2011-11-07,1808.0,1855.0,1840,1898
2011-11-08,1804.0,1856.0,1758,1894
2011-11-09,1799.0,1855.0,1731,1841
2011-11-10,1794.0,1851.0,1636,1795
2011-11-11,1791.0,1844.0,1636,1636
2011-11-12,1789.0,1838.0,1636,1636
2011-11-13,1785.0,1833.0,1636,1636
2011-11-14,1784.0,1832.0,1697,1705
2011-11-15,1782.0,1833.0,1684,1756
2011-11-16,1781.0,1832.0,1761,1766
2011-11-17,1781.0,1831.0,1757,1832
2011-11-18,1782.0,1831.0,1837,1855
2011-11-19,1786.0,1831.0,1837,1837
2011-11-20,1787.0,1832.0,1837,1837
2011-11-21,1788.0,1835.0,1853,1908
2011-11-22,1786.0,1838.0,1768,1897
2011-11-23,1784.0,1834.0,1728,1815
2011-11-24,1781.0,1830.0,1727,1728
2011-11-25,1776.0,1823.0,1690,1729
2011-11-26,1772.0,1816.0,1690,1690
2011-11-27,1766.0,1810.0,1690,1690
2011-11-28,1763.0,1806.0,1737,1742
2011-11-29,1756.0,1804.0,1647,1782
2011-11-30,1749.0,1797.0,1689,1694
2011-12-01,1743.0,1792.0,1650,1796
2011-12-02,1740.0,1787.0,1777,1798
2011-12-03,1741.0,1784.0,1777,1777
2011-12-04,1739.0,1781.0,1777,1777
2011-12-05,1737.0,1780.0,1779,1821
2011-12-06,1733.0,1781.0,1719,1853
2011-12-07,1729.0,1776.0,1727,1764
2011-12-08,1726.0,1774.0,1677,1819
2011-12-09,1726.0,1772.0,1717,1783
2011-12-10,1728.0,1769.0,1717,1717
2011-12-11,1731.0,1772.0,1717,1717
2011-12-12,1735.0,1776.0,1755,1760
2011-12-13,1741.0,1782.0,1815,1824
2011-12-14,1744.0,1789.0,1789,1904
2011-12-15,1747.0,1793.0,1758,1866
2011-12-16,1748.0,1795.0,1817,1850
2011-12-17,1751.0,1795.0,1821,1821
2011-12-18,1750.0,1794.0,1821,1821
2011-12-19,1749.0,1795.0,1806,1857
2011-12-20,1745.0,1795.0,1723,1864
2011-12-21,1741.0,1792.0,1737,1804
2011-12-22,1739.0,1788.0,1685,1778
2011-12-23,1739.0,1786.0,1727,1766
2011-12-24,1739.0,1786.0,1727,1727
2011-12-25,1740.0,1786.0,1727,1727
2011-12-26,1741.0,1788.0,1727,1727
2011-12-27,1741.0,1790.0,1688,1749
2011-12-28,1741.0,1790.0,1736,1744
2011-12-29,1743.0,1790.0,1720,1796
2011-12-30,1746.0,1793.0,1753,1772
2011-12-31,1749.0,1791.0,1754,1754
2012-01-01,1748.0,1790.0,1754,1754
2012-01-02,1747.0,1789.0,1754,1754
2012-01-03,1745.0,1789.0,1709,1779
2012-01-04,1741.0,1787.0,1660,1760
2012-01-05,1737.0,1782.0,1590,1690
2012-01-06,1733.0,1778.0,1601,1647
2012-01-07,1730.0,1770.0,1600,1601
2012-01-08,1726.0,1764.0,1600,1600
2012-01-09,1723.0,1762.0,1633,1654
2012-01-10,1718.0,1761.0,1552,1694
2012-01-11,1713.0,1757.0,1605,1618
2012-01-12,1704.0,1751.0,1543,1648
2012-01-13,1699.0,1743.0,1637,1659
2012-01-14,1695.0,1735.0,1637,1637
2012-01-15,1689.0,1728.0,1637,1637
2012-01-16,1683.0,1722.0,1637,1637
2012-01-17,1673.0,1717.0,1544,1671
2012-01-18,1664.0,1708.0,1513,1602
2012-01-19,1654.0,1698.0,1444,1566
2012-01-20,1646.0,1689.0,1498,1520
2012-01-21,1640.0,1680.0,1498,1498
2012-01-22,1633.0,1671.0,1498,1498
2012-01-23,1623.0,1665.0,1439,1551
2012-01-24,1615.0,1658.0,1502,1508
2012-01-25,1610.0,1652.0,1556,1564
2012-01-26,1605.0,1649.0,1535,1650
2012-01-27,1600.0,1644.0,1597,1616
2012-01-28,1596.0,1638.0,1597,1597
2012-01-29,1591.0,1632.0,1597,1597
2012-01-30,1585.0,1628.0,1587,1633
2012-01-31,1577.0,1624.0,1508,1644
2012-02-01,1569.0,1618.0,1510,1566
2012-02-02,1560.0,1610.0,1455,1543
2012-02-03,1556.0,1604.0,1516,1564
2012-02-04,1553.0,1598.0,1516,1516
2012-02-05,1550.0,1594.0,1516,1516
2012-02-06,1548.0,1592.0,1548,1557
2012-02-07,1546.0,1592.0,1518,1602
2012-02-08,1544.0,1590.0,1568,1590
2012-02-09,1541.0,1587.0,1483,1612
2012-02-10,1539.0,1585.0,1540,1564
2012-02-11,1539.0,1582.0,1540,1540
2012-02-12,1536.0,1578.0,1540,1540
2012-02-13,1533.0,1576.0,1543,1578
2012-02-14,1531.0,1575.0,1598,1616
2012-02-15,1527.0,1576.0,1497,1662
2012-02-16,1524.0,1572.0,1452,1548
2012-02-17,1524.0,1570.0,1511,1540
2012-02-18,1526.0,1568.0,1511,1511
2012-02-19,1526.0,1568.0,1511,1511
2012-02-20,1527.0,1568.0,1511,1511
2012-02-21,1525.0,1572.0,1460,1598
2012-02-22,1528.0,1571.0,1532,1539
2012-02-23,1529.0,1574.0,1508,1586
2012-02-24,1529.0,1575.0,1569,1589
2012-02-25,1530.0,1572.0,1569,1569
2012-02-26,1529.0,1570.0,1569,1569
2012-02-27,1528.0,1571.0,1569,1626
2012-02-28,1526.0,1572.0,1537,1626
2012-02-29,1526.0,1572.0,1564,1625
2012-03-01,1526.0,1571.0,1504,1604
2012-03-02,1527.0,1573.0,1559,1629
2012-03-03,1531.0,1573.0,1559,1559
2012-03-04,1532.0,1573.0,1559,1559
2012-03-05,1534.0,1576.0,1584,1596
2012-03-06,1535.0,1580.0,1528,1635
2012-03-07,1536.0,1581.0,1584,1590
2012-03-08,1536.0,1581.0,1521,1619
2012-03-09,1536.0,1582.0,1578,1605
2012-03-10,1540.0,1581.0,1578,1578
2012-03-11,1541.0,1581.0,1578,1578
2012-03-12,1543.0,1584.0,1595,1632
2012-03-13,1546.0,1588.0,1632,1640
2012-03-14,1546.0,1592.0,1553,1712
2012-03-15,1543.0,1593.0,1495,1631
2012-03-16,1544.0,1590.0,1543,1589
2012-03-17,1547.0,1590.0,1543,1543
2012-03-18,1548.0,1590.0,1543,1543
2012-03-19,1550.0,1593.0,1576,1596
2012-03-20,1549.0,1597.0,1483,1621
2012-03-21,1550.0,1597.0,1513,1519
2012-03-22,1550.0,1597.0,1482,1605
2012-03-23,1551.0,1599.0,1565,1599
2012-03-24,1553.0,1598.0,1565,1565
2012-03-25,1553.0,1598.0,1565,1565
2012-03-26,1553.0,1599.0,1559,1610
2012-03-27,1551.0,1601.0,1505,1629
2012-03-28,1551.0,1601.0,1576,1628
2012-03-29,1551.0,1601.0,1554,1615
2012-03-30,1553.0,1602.0,1611,1658
2012-03-31,1557.0,1602.0,1611,1611
2012-04-01,1558.0,1601.0,1611,1611
2012-04-02,1562.0,1606.0,1679,1686
2012-04-03,1564.0,1611.0,1604,1728
2012-04-04,1568.0,1615.0,1696,1703
2012-04-05,1575.0,1622.0,1746,1861
2012-04-06,1584.0,1631.0,1846,1862
2012-04-07,1594.0,1639.0,1846,1846
2012-04-08,1603.0,1647.0,1846,1846
2012-04-09,1612.0,1656.0,1828,1853
2012-04-10,1622.0,1666.0,1883,1886
2012-04-11,1629.0,1678.0,1810,1966
2012-04-12,1632.0,1684.0,1708,1839
2012-04-13,1638.0,1686.0,1741,1769
2012-04-14,1646.0,1690.0,1741,1741
2012-04-15,1653.0,1695.0,1741,1741
2012-04-16,1661.0,1703.0,1795,1799
2012-04-17,1671.0,1714.0,1844,1850
2012-04-18,1682.0,1724.0,1906,1915
2012-04-19,1694.0,1739.0,1846,2061
2012-04-20,1707.0,1753.0,1911,1929
2012-04-21,1722.0,1763.0,1911,1911
2012-04-22,1733.0,1773.0,1911,1911
2012-04-23,1743.0,1786.0,1869,1953
2012-04-24,1751.0,1798.0,1794,1916
2012-04-25,1758.0,1806.0,1782,1862
2012-04-26,1764.0,1812.0,1684,1808
2012-04-27,1767.0,1816.0,1645,1756
2012-04-28,1770.0,1817.0,1645,1645
2012-04-29,1771.0,1817.0,1645,1645
2012-04-30,1773.0,1819.0,1664,1670
2012-05-01,1772.0,1822.0,1578,1717
2012-05-02,1769.0,1820.0,1615,1625
2012-05-03,1767.0,1818.0,1537,1648
2012-05-04,1764.0,1815.0,1595,1622
2012-05-05,1759.0,1806.0,1595,1595
2012-05-06,1750.0,1797.0,1595,1595
2012-05-07,1742.0,1791.0,1590,1649
2012-05-08,1734.0,1787.0,1611,1747
2012-05-09,1726.0,1782.0,1599,1683
2012-05-10,1716.0,1774.0,1571,1649
2012-05-11,1712.0,1765.0,1691,1702
2012-05-12,1711.0,1760.0,1691,1691
2012-05-13,1710.0,1758.0,1691,1691
2012-05-14,1709.0,1758.0,1729,1741
2012-05-15,1707.0,1759.0,1679,1794
2012-05-16,1705.0,1757.0,1725,1735
2012-05-17,1704.0,1759.0,1810,1896
2012-05-18,1702.0,1758.0,1850,1878
2012-05-19,1698.0,1750.0,1729,1850
2012-05-20,1692.0,1744.0,1729,1729
2012-05-21,1686.0,1740.0,1732,1784
2012-05-22,1682.0,1736.0,1782,1789
2012-05-23,1677.0,1732.0,1740,1856
2012-05-24,1675.0,1728.0,1708,1780
2012-05-25,1670.0,1724.0,1640,1758
2012-05-26,1668.0,1719.0,1640,1640
2012-05-27,1668.0,1715.0,1640,1640
2012-05-28,1668.0,1715.0,1640,1640
2012-05-29,1668.0,1715.0,1657,1666
2012-05-30,1672.0,1718.0,1762,1764
2012-05-31,1676.0,1721.0,1721,1801
2012-06-01,1683.0,1728.0,1801,1816
2012-06-02,1689.0,1733.0,1741,1801
2012-06-03,1694.0,1737.0,1741,1741
2012-06-04,1699.0,1743.0,1745,1797
2012-06-05,1704.0,1750.0,1729,1798
2012-06-06,1710.0,1756.0,1771,1824
2012-06-07,1714.0,1758.0,1742,1820
2012-06-08,1717.0,1763.0,1677,1829
2012-06-09,1720.0,1764.0,1677,1677
2012-06-10,1720.0,1763.0,1677,1677
2012-06-11,1721.0,1765.0,1730,1742
2012-06-12,1722.0,1769.0,1716,1795
2012-06-13,1725.0,1771.0,1807,1825
2012-06-14,1727.0,1773.0,1741,1843
2012-06-15,1729.0,1776.0,1803,1818
2012-06-16,1729.0,1773.0,1803,1803
2012-06-17,1727.0,1770.0,1803,1803
2012-06-18,1730.0,1770.0,1792,1856
2012-06-19,1730.0,1775.0,1751,1854
2012-06-20,1732.0,1776.0,1768,1840
2012-06-21,1729.0,1778.0,1711,1848
2012-06-22,1728.0,1775.0,1711,1767
2012-06-23,1728.0,1773.0,1711,1711
2012-06-24,1731.0,1772.0,1711,1711
2012-06-25,1735.0,1776.0,1758,1767
2012-06-26,1736.0,1782.0,1694,1821
2012-06-27,1740.0,1785.0,1738,1745
2012-06-28,1743.0,1789.0,1769,1775
2012-06-29,1745.0,1792.0,1825,1846
2012-06-30,1749.0,1792.0,1825,1825
2012-07-01,1750.0,1793.0,1825,1825
2012-07-02,1749.0,1795.0,1729,1875
2012-07-03,1750.0,1796.0,1766,1773
2012-07-04,1751.0,1795.0,1766,1766
2012-07-05,1746.0,1795.0,1588,1784
2012-07-06,1742.0,1790.0,1638,1689
2012-07-07,1738.0,1784.0,1638,1638
2012-07-08,1737.0,1778.0,1638,1638
2012-07-09,1737.0,1778.0,1685,1689
2012-07-10,1737.0,1781.0,1671,1745
2012-07-11,1736.0,1780.0,1707,1728
2012-07-12,1733.0,1778.0,1621,1730
2012-07-13,1729.0,1774.0,1694,1716
2012-07-14,1728.0,1769.0,1694,1694
2012-07-15,1724.0,1765.0,1694,1694
2012-07-16,1721.0,1763.0,1696,1748
2012-07-17,1715.0,1761.0,1634,1737
2012-07-18,1711.0,1757.0,1680,1738
2012-07-19,1708.0,1753.0,1645,1730
2012-07-20,1705.0,1749.0,1674,1712
2012-07-21,1703.0,1743.0,1674,1674
2012-07-22,1702.0,1740.0,1674,1674
2012-07-23,1702.0,1741.0,1722,1730
2012-07-24,1703.0,1745.0,1726,1848
2012-07-25,1704.0,1746.0,1802,1807
2012-07-26,1705.0,1748.0,1723,1860
2012-07-27,1707.0,1750.0,1774,1801
2012-07-28,1707.0,1750.0,1774,1774
2012-07-29,1705.0,1747.0,1774,1774
2012-07-30,1703.0,1747.0,1772,1830
2012-07-31,1701.0,1748.0,1752,1839
2012-08-01,1701.0,1745.0,1743,1801
2012-08-02,1699.0,1746.0,1699,1802
2012-08-03,1698.0,1746.0,1739,1763
2012-08-04,1703.0,1745.0,1739,1739
2012-08-05,1707.0,1746.0,1739,1739
2012-08-06,1711.0,1752.0,1782,1793
2012-08-07,1714.0,1758.0,1732,1841
2012-08-08,1719.0,1763.0,1811,1826
2012-08-09,1724.0,1766.0,1827,1840
2012-08-10,1727.0,1772.0,1798,1916
2012-08-11,1733.0,1775.0,1798,1798
2012-08-12,1736.0,1777.0,1798,1798
2012-08-13,1741.0,1782.0,1822,1836
2012-08-14,1744.0,1788.0,1804,1866
2012-08-15,1745.0,1791.0,1711,1858
2012-08-16,1745.0,1792.0,1630,1753
2012-08-17,1743.0,1790.0,1620,1686
2012-08-18,1742.0,1787.0,1620,1620
2012-08-19,1740.0,1784.0,1620,1620
2012-08-20,1737.0,1783.0,1587,1660
2012-08-21,1736.0,1782.0,1630,1639
2012-08-22,1731.0,1780.0,1574,1687
2012-08-23,1723.0,1772.0,1501,1606
2012-08-24,1715.0,1765.0,1560,1580
2012-08-25,1710.0,1755.0,1560,1560
2012-08-26,1703.0,1747.0,1560,1560
2012-08-27,1697.0,1742.0,1612,1616
2012-08-28,1690.0,1738.0,1569,1663
2012-08-29,1683.0,1732.0,1559,1656
2012-08-30,1675.0,1724.0,1511,1598
2012-08-31,1668.0,1717.0,1523,1578
2012-09-01,1662.0,1707.0,1523,1523
2012-09-02,1655.0,1699.0,1523,1523
2012-09-03,1648.0,1692.0,1525,1525
2012-09-04,1639.0,1686.0,1466,1550
2012-09-05,1630.0,1678.0,1538,1546
2012-09-06,1623.0,1669.0,1523,1588
2012-09-07,1615.0,1662.0,1558,1597
2012-09-08,1606.0,1652.0,1558,1558
2012-09-09,1598.0,1640.0,1558,1558
2012-09-10,1591.0,1634.0,1575,1615
2012-09-11,1581.0,1629.0,1524,1632
2012-09-12,1573.0,1622.0,1579,1626
2012-09-13,1563.0,1613.0,1499,1613
2012-09-14,1558.0,1604.0,1559,1576
2012-09-15,1556.0,1597.0,1559,1559
2012-09-16,1554.0,1593.0,1559,1559
2012-09-17,1553.0,1593.0,1609,1615
2012-09-18,1551.0,1594.0,1562,1664
2012-09-19,1554.0,1595.0,1663,1677
2012-09-20,1552.0,1596.0,1573,1676
2012-09-21,1555.0,1596.0,1665,1687
2012-09-22,1561.0,1598.0,1665,1665
2012-09-23,1564.0,1601.0,1665,1665
2012-09-24,1570.0,1609.0,1748,1790
2012-09-25,1574.0,1617.0,1685,1815
2012-09-26,1579.0,1623.0,1739,1789
2012-09-27,1580.0,1626.0,1616,1750
2012-09-28,1583.0,1627.0,1654,1700
2012-09-29,1585.0,1629.0,1546,1654
2012-09-30,1585.0,1628.0,1546,1546
2012-10-01,1588.0,1631.0,1589,1598
2012-10-02,1590.0,1634.0,1610,1625
2012-10-03,1597.0,1640.0,1706,1712
2012-10-04,1601.0,1646.0,1588,1717
2012-10-05,1605.0,1650.0,1670,1689
2012-10-06,1610.0,1653.0,1670,1670
2012-10-07,1614.0,1656.0,1670,1670
2012-10-08,1617.0,1659.0,1670,1670
2012-10-09,1620.0,1664.0,1631,1687
2012-10-10,1623.0,1666.0,1658,1690
2012-10-11,1624.0,1668.0,1578,1675
2012-10-12,1625.0,1668.0,1586,1624
2012-10-13,1628.0,1667.0,1586,1586
2012-10-14,1628.0,1667.0,1586,1586
2012-10-15,1628.0,1671.0,1553,1674
2012-10-16,1629.0,1672.0,1591,1591
2012-10-17,1631.0,1674.0,1659,1677
2012-10-18,1634.0,1674.0,1660,1673
2012-10-19,1633.0,1676.0,1623,1733
2012-10-20,1635.0,1674.0,1623,1623
2012-10-21,1633.0,1672.0,1623,1623
2012-10-22,1632.0,1673.0,1640,1682
2012-10-23,1632.0,1673.0,1647,1667
2012-10-24,1630.0,1672.0,1683,1761
2012-10-25,1626.0,1668.0,1564,1702
2012-10-26,1620.0,1663.0,1574,1625
2012-10-27,1619.0,1657.0,1574,1574
2012-10-28,1616.0,1653.0,1574,1574
2012-10-29,1618.0,1652.0,1619,1630
2012-10-30,1618.0,1655.0,1541,1653
2012-10-31,1620.0,1657.0,1630,1637
2012-11-01,1620.0,1657.0,1635,1644
2012-11-02,1617.0,1657.0,1599,1697
2012-11-03,1617.0,1653.0,1599,1599
2012-11-04,1615.0,1650.0,1599,1599
2012-11-05,1613.0,1649.0,1617,1652
2012-11-06,1610.0,1649.0,1568,1659
2012-11-07,1608.0,1649.0,1616,1674
2012-11-08,1605.0,1647.0,1543,1629
2012-11-09,1602.0,1644.0,1583,1608
2012-11-10,1603.0,1641.0,1583,1583
2012-11-11,1602.0,1640.0,1583,1583
2012-11-12,1602.0,1640.0,1583,1583
2012-11-13,1600.0,1641.0,1517,1617
2012-11-14,1600.0,1638.0,1564,1575
2012-11-15,1601.0,1641.0,1598,1695
2012-11-16,1603.0,1643.0,1715,1729
2012-11-17,1604.0,1644.0,1715,1715
2012-11-18,1607.0,1644.0,1715,1715
2012-11-19,1612.0,1648.0,1757,1770
2012-11-20,1617.0,1654.0,1771,1785
2012-11-21,1622.0,1660.0,1799,1858
2012-11-22,1627.0,1664.0,1799,1799
2012-11-23,1630.0,1665.0,1766,1800
2012-11-24,1632.0,1668.0,1637,1767
2012-11-25,1635.0,1668.0,1637,1637
2012-11-26,1640.0,1674.0,1740,1747
2012-11-27,1643.0,1680.0,1669,1759
2012-11-28,1644.0,1683.0,1652,1726
2012-11-29,1648.0,1684.0,1661,1672
2012-11-30,1653.0,1688.0,1756,1765
2012-12-01,1657.0,1692.0,1756,1756
2012-12-02,1662.0,1694.0,1755,1756
2012-12-03,1668.0,1701.0,1788,1807
2012-12-04,1673.0,1708.0,1734,1825
2012-12-05,1677.0,1714.0,1764,1814
2012-12-06,1684.0,1718.0,1761,1776
2012-12-07,1685.0,1722.0,1649,1818
2012-12-08,1689.0,1723.0,1649,1649
2012-12-09,1691.0,1724.0,1649,1649
2012-12-10,1694.0,1728.0,1679,1699
2012-12-11,1698.0,1733.0,1710,1720
2012-12-12,1704.0,1739.0,1773,1779
2012-12-13,1710.0,1746.0,1687,1833
2012-12-14,1717.0,1754.0,1779,1796
2012-12-15,1723.0,1757.0,1779,1779
2012-12-16,1726.0,1758.0,1779,1779
2012-12-17,1728.0,1762.0,1797,1839
2012-12-18,1731.0,1766.0,1810,1823
2012-12-19,1733.0,1768.0,1796,1842
2012-12-20,1730.0,1770.0,1704,1841
2012-12-21,1730.0,1769.0,1798,1816
2012-12-22,1726.0,1769.0,1679,1798
2012-12-23,1724.0,1765.0,1679,1679
2012-12-24,1722.0,1762.0,1599,1679
2012-12-25,1721.0,1761.0,1599,1599
2012-12-26,1716.0,1756.0,1600,1606
2012-12-27,1714.0,1753.0,1591,1670
2012-12-28,1712.0,1749.0,1606,1618
2012-12-29,1710.0,1747.0,1606,1606
2012-12-30,1705.0,1742.0,1606,1606
2012-12-31,1701.0,1738.0,1636,1639
2013-01-01,1697.0,1734.0,1636,1636
2013-01-02,1694.0,1730.0,1681,1686
2013-01-03,1690.0,1726.0,1628,1702
2013-01-04,1690.0,1724.0,1747,1771
2013-01-05,1689.0,1723.0,1747,1747
2013-01-06,1693.0,1721.0,1747,1747
2013-01-07,1696.0,1724.0,1741,1751
2013-01-08,1698.0,1728.0,1720,1767
2013-01-09,1702.0,1732.0,1812,1819
2013-01-10,1702.0,1736.0,1703,1826
2013-01-11,1702.0,1736.0,1762,1779
2013-01-12,1704.0,1734.0,1762,1762
2013-01-13,1704.0,1732.0,1762,1762
2013-01-14,1703.0,1733.0,1760,1795
2013-01-15,1703.0,1733.0,1782,1792
2013-01-16,1703.0,1734.0,1798,1846
2013-01-17,1699.0,1733.0,1693,1807
2013-01-18,1698.0,1731.0,1764,1778
2013-01-19,1700.0,1728.0,1764,1764
2013-01-20,1699.0,1727.0,1764,1764
2013-01-21,1702.0,1726.0,1764,1764
2013-01-22,1702.0,1731.0,1690,1832
2013-01-23,1705.0,1731.0,1690,1696
2013-01-24,1707.0,1736.0,1635,1739
2013-01-25,1708.0,1739.0,1638,1685
2013-01-26,1709.0,1737.0,1638,1638
2013-01-27,1710.0,1738.0,1638,1638
2013-01-28,1710.0,1739.0,1607,1642
2013-01-29,1709.0,1740.0,1548,1629
2013-01-30,1706.0,1740.0,1544,1623
2013-01-31,1700.0,1737.0,1476,1557
2013-02-01,1694.0,1731.0,1492,1510
2013-02-02,1689.0,1724.0,1492,1492
2013-02-03,1681.0,1715.0,1492,1492
2013-02-04,1674.0,1708.0,1533,1543
2013-02-05,1664.0,1702.0,1470,1555
2013-02-06,1658.0,1695.0,1548,1559
2013-02-07,1650.0,1688.0,1491,1561
2013-02-08,1640.0,1679.0,1504,1553
2013-02-09,1634.0,1669.0,1504,1504
2013-02-10,1625.0,1660.0,1504,1504
2013-02-11,1615.0,1651.0,1468,1505
2013-02-12,1603.0,1642.0,1404,1485
2013-02-13,1592.0,1630.0,1422,1458
2013-02-14,1578.0,1618.0,1351,1428
2013-02-15,1562.0,1603.0,1347,1399
2013-02-16,1551.0,1588.0,1347,1347
2013-02-17,1537.0,1574.0,1347,1347
2013-02-18,1523.0,1560.0,1347,1347
2013-02-19,1510.0,1547.0,1355,1365
2013-02-20,1498.0,1535.0,1423,1431
2013-02-21,1486.0,1522.0,1337,1435
2013-02-22,1476.0,1512.0,1365,1384
2013-02-23,1467.0,1499.0,1365,1365
2013-02-24,1457.0,1489.0,1365,1365
2013-02-25,1448.0,1481.0,1345,1410
2013-02-26,1436.0,1472.0,1297,1364
2013-02-27,1425.0,1461.0,1268,1313
2013-02-28,1412.0,1450.0,1148,1286
2013-03-01,1400.0,1435.0,1180,1191
2013-03-02,1390.0,1423.0,1180,1180
2013-03-03,1379.0,1412.0,1180,1180
2013-03-04,1370.0,1403.0,1221,1230
2013-03-05,1359.0,1395.0,1159,1247
2013-03-06,1347.0,1382.0,1168,1175
2013-03-07,1338.0,1373.0,1211,1284
2013-03-08,1328.0,1363.0,1230,1256
2013-03-09,1319.0,1352.0,1230,1230
2013-03-10,1310.0,1342.0,1230,1230
2013-03-11,1302.0,1334.0,1252,1277
2013-03-12,1294.0,1326.0,1272,1278
2013-03-13,1289.0,1321.0,1315,1346
2013-03-14,1284.0,1317.0,1258,1373
2013-03-15,1280.0,1312.0,1300,1309
2013-03-16,1278.0,1308.0,1300,1300
2013-03-17,1276.0,1305.0,1300,1300
2013-03-18,1276.0,1305.0,1335,1345
2013-03-19,1276.0,1305.0,1347,1354
2013-03-20,1278.0,1307.0,1391,1397
2013-03-21,1278.0,1312.0,1383,1512
2013-03-22,1277.0,1311.0,1365,1407
2013-03-23,1278.0,1308.0,1365,1365
2013-03-24,1278.0,1308.0,1365,1365
2013-03-25,1278.0,1310.0,1381,1416
2013-03-26,1279.0,1311.0,1400,1406
2013-03-27,1286.0,1316.0,1560,1572
2013-03-28,1291.0,1323.0,1449,1573
2013-03-29,1298.0,1329.0,1463,1476
2013-03-30,1308.0,1335.0,1463,1463
2013-03-31,1318.0,1344.0,1463,1463
2013-04-01,1329.0,1355.0,1509,1519
2013-04-02,1340.0,1367.0,1525,1535
2013-04-03,1352.0,1379.0,1583,1594
2013-04-04,1367.0,1394.0,1590,1709
2013-04-05,1381.0,1409.0,1605,1610
2013-04-06,1394.0,1420.0,1605,1605
2013-04-07,1410.0,1434.0,1704,1704
2013-04-08,1426.0,1452.0,1712,1744
2013-04-09,1443.0,1468.0,1730,1735
2013-04-10,1460.0,1486.0,1768,1809
2013-04-11,1474.0,1503.0,1677,1784
2013-04-12,1490.0,1520.0,1808,1848
2013-04-13,1508.0,1534.0,1808,1808
2013-04-14,1525.0,1551.0,1808,1808
2013-04-15,1544.0,1570.0,1849,1862
2013-04-16,1561.0,1589.0,1809,1869
2013-04-17,1578.0,1606.0,1852,1864
2013-04-18,1593.0,1625.0,1814,1914
2013-04-19,1608.0,1640.0,1831,1868
2013-04-20,1623.0,1651.0,1830,1831
2013-04-21,1639.0,1665.0,1830,1830
2013-04-22,1654.0,1682.0,1844,1884
2013-04-23,1671.0,1699.0,1869,1879
2013-04-24,1686.0,1717.0,1826,1958
2013-04-25,1701.0,1733.0,1859,1866
2013-04-26,1707.0,1743.0,1722,1882
2013-04-27,1720.0,1753.0,1857,1857
2013-04-28,1734.0,1765.0,1857,1857
2013-04-29,1748.0,1780.0,1907,1917
2013-04-30,1760.0,1796.0,1813,1930
2013-05-01,1771.0,1809.0,1826,1904
2013-05-02,1782.0,1820.0,1860,1868
2013-05-03,1789.0,1829.0,1813,1862
2013-05-04,1797.0,1832.0,1813,1813
2013-05-05,1804.0,1839.0,1813,1813
2013-05-06,1809.0,1846.0,1757,1814
2013-05-07,1811.0,1849.0,1757,1786
2013-05-08,1815.0,1853.0,1836,1883
2013-05-09,1816.0,1857.0,1760,1847
2013-05-10,1817.0,1857.0,1793,1805
2013-05-11,1820.0,1857.0,1793,1793
2013-05-12,1820.0,1856.0,1793,1793
2013-05-13,1821.0,1857.0,1837,1843
2013-05-14,1823.0,1860.0,1872,1919
2013-05-15,1826.0,1863.0,1945,1955
2013-05-16,1827.0,1866.0,1824,1956
2013-05-17,1826.0,1866.0,1826,1861
2013-05-18,1826.0,1863.0,1826,1826
2013-05-19,1826.0,1862.0,1826,1826
2013-05-20,1826.0,1863.0,1832,1875
2013-05-21,1825.0,1864.0,1799,1851
2013-05-22,1824.0,1864.0,1824,1869
2013-05-23,1825.0,1864.0,1876,1884
2013-05-24,1827.0,1862.0,1894,1904
2013-05-25,1828.0,1863.0,1894,1894
2013-05-26,1834.0,1863.0,1894,1894
2013-05-27,1835.0,1865.0,1894,1894
2013-05-28,1837.0,1868.0,1910,1959
2013-05-29,1840.0,1870.0,1985,1992
2013-05-30,1841.0,1873.0,1868,2003
2013-05-31,1842.0,1872.0,1857,1888
2013-06-01,1842.0,1872.0,1857,1857
2013-06-02,1844.0,1872.0,1857,1857
2013-06-03,1847.0,1875.0,1901,1911
2013-06-04,1849.0,1879.0,1874,1933
2013-06-05,1855.0,1884.0,1957,1967
2013-06-06,1860.0,1890.0,1911,1968
2013-06-07,1863.0,1891.0,1902,1913
2013-06-08,1867.0,1893.0,1902,1902
2013-06-09,1871.0,1896.0,1902,1902
2013-06-10,1875.0,1902.0,1917,1957
2013-06-11,1879.0,1907.0,1899,1950
2013-06-12,1883.0,1912.0,1955,1978
2013-06-13,1880.0,1913.0,1805,1962
2013-06-14,1875.0,1909.0,1768,1829
2013-06-15,1870.0,1902.0,1676,1768
2013-06-16,1865.0,1896.0,1676,1676
2013-06-17,1857.0,1892.0,1601,1696
2013-06-18,1849.0,1885.0,1590,1623
2013-06-19,1843.0,1879.0,1652,1699
2013-06-20,1835.0,1874.0,1556,1689
2013-06-21,1826.0,1864.0,1565,1577
2013-06-22,1816.0,1854.0,1565,1565
2013-06-23,1805.0,1842.0,1565,1565
2013-06-24,1795.0,1832.0,1594,1600
2013-06-25,1785.0,1824.0,1582,1626
2013-06-26,1775.0,1814.0,1598,1605
2013-06-27,1765.0,1802.0,1600,1610
2013-06-28,1748.0,1790.0,1477,1612
2013-06-29,1735.0,1772.0,1477,1477
2013-06-30,1722.0,1758.0,1477,1477
2013-07-01,1708.0,1746.0,1450,1501
2013-07-02,1695.0,1734.0,1467,1476
2013-07-03,1676.0,1720.0,1333,1482
2013-07-04,1658.0,1700.0,1333,1333
2013-07-05,1638.0,1679.0,1354,1357
2013-07-06,1620.0,1659.0,1354,1354
2013-07-07,1601.0,1640.0,1354,1354
2013-07-08,1584.0,1623.0,1375,1379
2013-07-09,1567.0,1606.0,1387,1393
2013-07-10,1550.0,1588.0,1423,1428
2013-07-11,1532.0,1571.0,1357,1435
2013-07-12,1512.0,1551.0,1347,1389
2013-07-13,1497.0,1531.0,1347,1347
2013-07-14,1483.0,1515.0,1347,1347
2013-07-15,1472.0,1502.0,1371,1383
2013-07-16,1462.0,1493.0,1370,1413
2013-07-17,1454.0,1483.0,1341,1407
2013-07-18,1443.0,1474.0,1277,1349
2013-07-19,1429.0,1461.0,1236,1298
2013-07-20,1419.0,1446.0,1236,1236
2013-07-21,1408.0,1434.0,1236,1236
2013-07-22,1398.0,1425.0,1280,1288
2013-07-23,1390.0,1417.0,1309,1313
2013-07-24,1378.0,1409.0,1254,1378
2013-07-25,1364.0,1398.0,1168,1269
2013-07-26,1351.0,1384.0,1183,1192
2013-07-27,1337.0,1370.0,1183,1183
2013-07-28,1327.0,1355.0,1183,1183
2013-07-29,1317.0,1347.0,1184,1226
2013-07-30,1309.0,1338.0,1221,1226
2013-07-31,1302.0,1331.0,1248,1285
2013-08-01,1292.0,1324.0,1181,1269
2013-08-02,1287.0,1314.0,1175,1183
2013-08-03,1282.0,1309.0,1175,1175
2013-08-04,1276.0,1303.0,1175,1175
2013-08-05,1271.0,1299.0,1215,1226
2013-08-06,1268.0,1295.0,1242,1248
2013-08-07,1264.0,1292.0,1278,1290
2013-08-08,1258.0,1289.0,1187,1295
2013-08-09,1249.0,1282.0,1172,1212
2013-08-10,1243.0,1273.0,1172,1172
2013-08-11,1237.0,1266.0,1172,1172
2013-08-12,1230.0,1260.0,1142,1183
2013-08-13,1225.0,1255.0,1173,1196
2013-08-14,1218.0,1249.0,1162,1197
2013-08-15,1209.0,1241.0,1107,1172
2013-08-16,1204.0,1234.0,1180,1192
2013-08-17,1200.0,1228.0,1180,1180
2013-08-18,1198.0,1224.0,1180,1180
2013-08-19,1198.0,1224.0,1224,1229
2013-08-20,1198.0,1225.0,1245,1249
2013-08-21,1200.0,1227.0,1338,1346
2013-08-22,1202.0,1232.0,1348,1478
2013-08-23,1204.0,1232.0,1328,1378
2013-08-24,1209.0,1234.0,1328,1328
2013-08-25,1214.0,1239.0,1328,1328
2013-08-26,1220.0,1245.0,1351,1384
2013-08-27,1226.0,1252.0,1380,1385
2013-08-28,1234.0,1259.0,1398,1434
2013-08-29,1237.0,1265.0,1318,1410
2013-08-30,1242.0,1269.0,1395,1402
2013-08-31,1249.0,1273.0,1395,1395
2013-09-01,1256.0,1280.0,1395,1395
2013-09-02,1263.0,1288.0,1395,1395
2013-09-03,1271.0,1296.0,1415,1421
2013-09-04,1279.0,1303.0,1438,1453
2013-09-05,1283.0,1310.0,1372,1447
2013-09-06,1285.0,1314.0,1342,1406
2013-09-07,1290.0,1315.0,1342,1342
2013-09-08,1296.0,1320.0,1340,1342
2013-09-09,1303.0,1327.0,1366,1395
2013-09-10,1310.0,1335.0,1391,1397
2013-09-11,1320.0,1344.0,1439,1472
2013-09-12,1326.0,1353.0,1361,1455
2013-09-13,1333.0,1359.0,1370,1377
2013-09-14,1342.0,1366.0,1370,1370
2013-09-15,1348.0,1371.0,1370,1370
2013-09-16,1356.0,1380.0,1414,1423
2013-09-17,1364.0,1388.0,1437,1446
2013-09-18,1374.0,1398.0,1516,1529
2013-09-19,1381.0,1409.0,1445,1578
2013-09-20,1386.0,1414.0,1483,1498
2013-09-21,1390.0,1415.0,1483,1483
2013-09-22,1395.0,1418.0,1483,1483
2013-09-23,1401.0,1425.0,1506,1533
2013-09-24,1410.0,1434.0,1599,1612
2013-09-25,1420.0,1445.0,1656,1695
2013-09-26,1426.0,1454.0,1545,1673
2013-09-27,1432.0,1459.0,1565,1574
2013-09-28,1438.0,1466.0,1506,1615
2013-09-29,1442.0,1469.0,1506,1506
2013-09-30,1443.0,1475.0,1426,1559
2013-10-01,1442.0,1475.0,1387,1396
2013-10-02,1443.0,1476.0,1430,1442
2013-10-03,1440.0,1477.0,1317,1434
2013-10-04,1437.0,1474.0,1343,1355
2013-10-05,1436.0,1470.0,1343,1343
2013-10-06,1436.0,1468.0,1343,1343
2013-10-07,1437.0,1470.0,1381,1391
2013-10-08,1439.0,1471.0,1379,1394
2013-10-09,1441.0,1474.0,1442,1471
2013-10-10,1439.0,1476.0,1328,1451
2013-10-11,1437.0,1473.0,1366,1377
2013-10-12,1437.0,1470.0,1366,1366
2013-10-13,1437.0,1469.0,1366,1366
2013-10-14,1435.0,1469.0,1323,1366
2013-10-15,1434.0,1468.0,1328,1335
2013-10-16,1434.0,1469.0,1429,1445
2013-10-17,1429.0,1468.0,1278,1437
2013-10-18,1420.0,1461.0,1259,1321
2013-10-19,1414.0,1451.0,1259,1259
2013-10-20,1407.0,1443.0,1259,1259
2013-10-21,1400.0,1437.0,1295,1309
2013-10-22,1394.0,1431.0,1297,1310
2013-10-23,1389.0,1426.0,1350,1385
2013-10-24,1379.0,1419.0,1308,1403
2013-10-25,1368.0,1407.0,1322,1331
2013-10-26,1361.0,1396.0,1322,1322
2013-10-27,1353.0,1387.0,1322,1322
2013-10-28,1352.0,1382.0,1471,1476
2013-10-29,1350.0,1382.0,1470,1491
2013-10-30,1354.0,1382.0,1539,1550
2013-10-31,1358.0,1388.0,1500,1594
2013-11-01,1364.0,1395.0,1630,1636
2013-11-02,1375.0,1401.0,1630,1630
2013-11-03,1384.0,1410.0,1630,1630
2013-11-04,1391.0,1422.0,1550,1698
2013-11-05,1397.0,1430.0,1511,1565
2013-11-06,1403.0,1436.0,1549,1596
2013-11-07,1407.0,1444.0,1509,1604
2013-11-08,1410.0,1446.0,1523,1535
2013-11-09,1416.0,1448.0,1523,1523
2013-11-10,1421.0,1453.0,1523,1523
2013-11-11,1427.0,1458.0,1523,1523
2013-11-12,1432.0,1464.0,1525,1534
2013-11-13,1442.0,1472.0,1612,1622
2013-11-14,1450.0,1483.0,1596,1659
2013-11-15,1454.0,1489.0,1527,1622
2013-11-16,1462.0,1492.0,1527,1527
2013-11-17,1471.0,1499.0,1527,1527
2013-11-18,1482.0,1510.0,1575,1580
2013-11-19,1492.0,1520.0,1574,1584
2013-11-20,1502.0,1532.0,1602,1659
2013-11-21,1510.0,1544.0,1534,1659
2013-11-22,1516.0,1549.0,1522,1535
2013-11-23,1523.0,1553.0,1522,1522
2013-11-24,1530.0,1559.0,1522,1522
2013-11-25,1539.0,1569.0,1601,1615
2013-11-26,1548.0,1578.0,1607,1613
2013-11-27,1550.0,1584.0,1516,1635
2013-11-28,1552.0,1585.0,1516,1516
2013-11-29,1549.0,1584.0,1477,1520
2013-11-30,1549.0,1580.0,1477,1477
2013-12-01,1544.0,1574.0,1477,1477
2013-12-02,1540.0,1571.0,1520,1526
2013-12-03,1536.0,1568.0,1524,1531
2013-12-04,1536.0,1565.0,1546,1622
2013-12-05,1535.0,1566.0,1464,1598
2013-12-06,1533.0,1564.0,1512,1516
2013-12-07,1534.0,1560.0,1512,1512
2013-12-08,1533.0,1560.0,1512,1512
2013-12-09,1534.0,1561.0,1557,1560
2013-12-10,1538.0,1564.0,1620,1629
2013-12-11,1543.0,1570.0,1694,1702
2013-12-12,1547.0,1578.0,1628,1750
2013-12-13,1548.0,1581.0,1642,1723
2013-12-14,1549.0,1580.0,1642,1642
2013-12-15,1553.0,1581.0,1642,1642
2013-12-16,1556.0,1586.0,1624,1672
2013-12-17,1558.0,1590.0,1585,1650
2013-12-18,1560.0,1593.0,1619,1670
2013-12-19,1562.0,1596.0,1652,1659
2013-12-20,1560.0,1596.0,1539,1670
2013-12-21,1560.0,1592.0,1539,1539
2013-12-22,1561.0,1592.0,1539,1539
2013-12-23,1563.0,1594.0,1581,1592
2013-12-24,1566.0,1598.0,1623,1631
2013-12-25,1567.0,1598.0,1623,1623
2013-12-26,1563.0,1599.0,1498,1635
2013-12-27,1563.0,1594.0,1493,1498
2013-12-28,1562.0,1594.0,1493,1493
2013-12-29,1562.0,1593.0,1493,1493
2013-12-30,1564.0,1595.0,1517,1543
2013-12-31,1566.0,1598.0,1558,1564
2014-01-01,1568.0,1599.0,1558,1558
2014-01-02,1566.0,1602.0,1478,1613
2014-01-03,1565.0,1598.0,1506,1511
2014-01-04,1566.0,1595.0,1506,1506
2014-01-05,1566.0,1595.0,1506,1506
2014-01-06,1567.0,1596.0,1549,1558
2014-01-07,1569.0,1598.0,1575,1584
2014-01-08,1571.0,1601.0,1621,1626
2014-01-09,1569.0,1601.0,1535,1648
2014-01-10,1564.0,1597.0,1557,1565
2014-01-11,1562.0,1590.0,1557,1557
2014-01-12,1559.0,1585.0,1557,1557
2014-01-13,1556.0,1584.0,1558,1612
2014-01-14,1555.0,1583.0,1606,1616
2014-01-15,1554.0,1582.0,1591,1652
2014-01-16,1551.0,1582.0,1503,1628
2014-01-17,1548.0,1577.0,1523,1530
2014-01-18,1544.0,1572.0,1523,1523
2014-01-19,1543.0,1567.0,1523,1523
2014-01-20,1542.0,1567.0,1523,1523
2014-01-21,1540.0,1567.0,1452,1540
2014-01-22,1537.0,1564.0,1492,1505
2014-01-23,1531.0,1563.0,1464,1592
2014-01-24,1525.0,1559.0,1445,1502
2014-01-25,1524.0,1552.0,1445,1445
2014-01-26,1522.0,1551.0,1445,1445
2014-01-27,1522.0,1551.0,1486,1497
2014-01-28,1523.0,1552.0,1521,1529
2014-01-29,1523.0,1551.0,1521,1521
2014-01-30,1522.0,1550.0,1521,1523
2014-01-31,1518.0,1550.0,1436,1572
2014-02-01,1516.0,1544.0,1436,1436
2014-02-02,1514.0,1542.0,1436,1436
2014-02-03,1513.0,1541.0,1476,1485
2014-02-04,1510.0,1542.0,1411,1526
2014-02-05,1504.0,1539.0,1391,1459
2014-02-06,1497.0,1533.0,1350,1424
2014-02-07,1488.0,1526.0,1350,1397
2014-02-08,1482.0,1516.0,1350,1350
2014-02-09,1475.0,1508.0,1350,1350
2014-02-10,1469.0,1503.0,1394,1400
2014-02-11,1464.0,1500.0,1384,1449
2014-02-12,1459.0,1493.0,1423,1426
2014-02-13,1453.0,1487.0,1420,1426
2014-02-14,1444.0,1480.0,1320,1446
2014-02-15,1438.0,1470.0,1320,1320
2014-02-16,1431.0,1463.0,1320,1320
2014-02-17,1424.0,1456.0,1301,1320
2014-02-18,1416.0,1449.0,1308,1320
2014-02-19,1410.0,1444.0,1345,1359
2014-02-20,1405.0,1440.0,1284,1405
2014-02-21,1398.0,1433.0,1275,1318
2014-02-22,1391.0,1423.0,1275,1275
2014-02-23,1386.0,1415.0,1275,1275
2014-02-24,1380.0,1411.0,1282,1325
2014-02-25,1374.0,1408.0,1258,1338
2014-02-26,1366.0,1401.0,1239,1309
2014-02-27,1353.0,1392.0,1126,1256
2014-02-28,1340.0,1380.0,1144,1153
2014-03-01,1327.0,1367.0,1144,1144
2014-03-02,1318.0,1353.0,1144,1144
2014-03-03,1309.0,1345.0,1184,1194
2014-03-04,1299.0,1338.0,1127,1215
2014-03-05,1288.0,1327.0,1159,1174
2014-03-06,1278.0,1318.0,1113,1241
2014-03-07,1271.0,1308.0,1170,1180
2014-03-08,1265.0,1300.0,1170,1170
2014-03-09,1259.0,1292.0,1170,1170
2014-03-10,1252.0,1288.0,1145,1223
2014-03-11,1246.0,1283.0,1174,1186
2014-03-12,1239.0,1277.0,1180,1225
2014-03-13,1229.0,1269.0,1089,1205
2014-03-14,1220.0,1260.0,1127,1162
2014-03-15,1210.0,1250.0,1127,1127
2014-03-16,1203.0,1239.0,1127,1127
2014-03-17,1198.0,1234.0,1153,1163
2014-03-18,1193.0,1230.0,1181,1189
2014-03-19,1190.0,1227.0,1214,1231
2014-03-20,1184.0,1224.0,1126,1244
2014-03-21,1177.0,1217.0,1129,1139
2014-03-22,1172.0,1208.0,1129,1129
2014-03-23,1167.0,1201.0,1129,1129
2014-03-24,1162.0,1198.0,1122,1175
2014-03-25,1157.0,1194.0,1142,1158
2014-03-26,1153.0,1190.0,1160,1205
2014-03-27,1147.0,1185.0,1063,1190
2014-03-28,1141.0,1179.0,1068,1135
2014-03-29,1139.0,1173.0,1068,1068
2014-03-30,1137.0,1170.0,1068,1068
2014-03-31,1136.0,1170.0,1116,1122
2014-04-01,1134.0,1170.0,1099,1160
2014-04-02,1133.0,1169.0,1144,1150
2014-04-03,1130.0,1167.0,1050,1157
2014-04-04,1127.0,1163.0,1068,1070
2014-04-05,1130.0,1162.0,1200,1200
2014-04-06,1131.0,1163.0,1200,1200
2014-04-07,1134.0,1165.0,1243,1251
2014-04-08,1137.0,1169.0,1270,1282
2014-04-09,1142.0,1172.0,1308,1319
2014-04-10,1143.0,1177.0,1196,1326
2014-04-11,1143.0,1176.0,1173,1213
2014-04-12,1150.0,1179.0,1291,1291
2014-04-13,1155.0,1184.0,1291,1291
2014-04-14,1161.0,1191.0,1303,1341
2014-04-15,1166.0,1198.0,1276,1336
2014-04-16,1172.0,1203.0,1326,1329
2014-04-17,1178.0,1213.0,1378,1472
2014-04-18,1186.0,1220.0,1442,1448
2014-04-19,1201.0,1231.0,1577,1577
2014-04-20,1216.0,1246.0,1577,1577
2014-04-21,1232.0,1262.0,1601,1624
2014-04-22,1247.0,1279.0,1589,1649
2014-04-23,1264.0,1296.0,1648,1684
2014-04-24,1280.0,1313.0,1602,1653
2014-04-25,1295.0,1328.0,1612,1667
2014-04-26,1317.0,1347.0,1738,1738
2014-04-27,1340.0,1367.0,1738,1738
2014-04-28,1364.0,1391.0,1788,1799
2014-04-29,1387.0,1416.0,1780,1822
2014-04-30,1412.0,1441.0,1867,1874
2014-05-01,1437.0,1465.0,1847,1873
2014-05-02,1463.0,1491.0,1909,1922
2014-05-03,1492.0,1516.0,1909,1909
2014-05-04,1520.0,1544.0,1909,1909
2014-05-05,1542.0,1570.0,1875,1971
2014-05-06,1564.0,1593.0,1859,1918
2014-05-07,1585.0,1616.0,1878,1920
2014-05-08,1604.0,1636.0,1827,1879
2014-05-09,1624.0,1655.0,1904,1908
2014-05-10,1647.0,1675.0,1904,1904
2014-05-11,1672.0,1698.0,1904,1904
2014-05-12,1693.0,1720.0,1946,1950
2014-05-13,1715.0,1743.0,1930,1985
2014-05-14,1737.0,1764.0,1969,1978
2014-05-15,1758.0,1785.0,1895,1970
2014-05-16,1777.0,1806.0,1895,1972
2014-05-17,1794.0,1821.0,1895,1895
2014-05-18,1809.0,1835.0,1895,1895
2014-05-19,1818.0,1848.0,1859,1947
2014-05-20,1827.0,1858.0,1831,1895
2014-05-21,1832.0,1867.0,1761,1871
2014-05-22,1836.0,1870.0,1700,1765
2014-05-23,1840.0,1873.0,1767,1773
2014-05-24,1845.0,1877.0,1767,1767
2014-05-25,1850.0,1881.0,1767,1767
2014-05-26,1851.0,1882.0,1767,1767
2014-05-27,1852.0,1883.0,1770,1774
2014-05-28,1855.0,1885.0,1858,1867
2014-05-29,1859.0,1890.0,1894,1958
2014-05-30,1860.0,1893.0,1899,1965
2014-05-31,1861.0,1893.0,1899,1899
2014-06-01,1861.0,1893.0,1899,1899
2014-06-02,1859.0,1894.0,1844,1952
2014-06-03,1856.0,1893.0,1814,1868
2014-06-04,1852.0,1889.0,1776,1868
2014-06-05,1848.0,1885.0,1720,1781
2014-06-06,1843.0,1880.0,1746,1789
2014-06-07,1841.0,1876.0,1746,1746
2014-06-08,1835.0,1871.0,1746,1746
2014-06-09,1832.0,1867.0,1789,1798
2014-06-10,1829.0,1864.0,1817,1822
2014-06-11,1826.0,1862.0,1855,1870
2014-06-12,1819.0,1857.0,1721,1859
2014-06-13,1814.0,1853.0,1827,1837
2014-06-14,1812.0,1848.0,1827,1827
2014-06-15,1809.0,1843.0,1827,1827
2014-06-16,1805.0,1842.0,1758,1863
2014-06-17,1800.0,1839.0,1747,1794
2014-06-18,1799.0,1836.0,1829,1868
2014-06-19,1797.0,1834.0,1761,1832
2014-06-20,1798.0,1834.0,1792,1886
2014-06-21,1801.0,1835.0,1792,1792
2014-06-22,1802.0,1836.0,1792,1792
2014-06-23,1803.0,1838.0,1824,1833
2014-06-24,1804.0,1841.0,1789,1845
2014-06-25,1808.0,1845.0,1891,1896
2014-06-26,1808.0,1849.0,1754,1895
2014-06-27,1807.0,1848.0,1824,1831
2014-06-28,1804.0,1843.0,1824,1824
2014-06-29,1802.0,1839.0,1824,1824
2014-06-30,1798.0,1838.0,1776,1880
2014-07-01,1794.0,1836.0,1773,1820
2014-07-02,1792.0,1831.0,1810,1825
2014-07-03,1792.0,1832.0,1801,1888
2014-07-04,1793.0,1830.0,1801,1801
2014-07-05,1795.0,1830.0,1801,1801
2014-07-06,1797.0,1831.0,1801,1801
2014-07-07,1800.0,1834.0,1839,1855
2014-07-08,1803.0,1839.0,1819,1871
2014-07-09,1804.0,1841.0,1815,1873
2014-07-10,1803.0,1843.0,1801,1866
2014-07-11,1803.0,1843.0,1861,1876
2014-07-12,1808.0,1843.0,1861,1861
2014-07-13,1809.0,1844.0,1861,1861
2014-07-14,1815.0,1849.0,1993,2001
2014-07-15,1818.0,1856.0,1930,2033
2014-07-16,1824.0,1860.0,1930,1980
2014-07-17,1826.0,1866.0,1818,1984
2014-07-18,1828.0,1867.0,1878,1890
2014-07-19,1832.0,1869.0,1878,1878
2014-07-20,1835.0,1868.0,1878,1878
2014-07-21,1838.0,1872.0,1882,1889
2014-07-22,1841.0,1876.0,1885,1926
2014-07-23,1844.0,1880.0,1930,1938
2014-07-24,1846.0,1883.0,1841,1934
2014-07-25,1847.0,1883.0,1909,1920
2014-07-26,1852.0,1884.0,1909,1909
2014-07-27,1855.0,1887.0,1909,1909
2014-07-28,1859.0,1891.0,1955,1965
2014-07-29,1863.0,1897.0,1940,2000
2014-07-30,1869.0,1901.0,1962,1996
2014-07-31,1871.0,1908.0,1844,2016
2014-08-01,1874.0,1910.0,1900,1914
2014-08-02,1878.0,1911.0,1900,1900
2014-08-03,1881.0,1914.0,1900,1900
2014-08-04,1886.0,1919.0,1945,1952
2014-08-05,1890.0,1926.0,1933,1992
2014-08-06,1895.0,1930.0,1978,1984
2014-08-07,1898.0,1934.0,1918,1983
2014-08-08,1902.0,1936.0,1931,1943
2014-08-09,1906.0,1938.0,1931,1931
2014-08-10,1909.0,1940.0,1931,1931
2014-08-11,1911.0,1944.0,1933,1986
2014-08-12,1913.0,1948.0,1908,1969
2014-08-13,1910.0,1946.0,1899,1960
2014-08-14,1906.0,1944.0,1836,1951
2014-08-15,1902.0,1941.0,1807,1914
2014-08-16,1902.0,1936.0,1806,1807
2014-08-17,1899.0,1933.0,1806,1806
2014-08-18,1899.0,1932.0,1851,1859
2014-08-19,1897.0,1933.0,1845,1902
2014-08-20,1898.0,1933.0,1888,1896
2014-08-21,1896.0,1934.0,1827,1943
2014-08-22,1892.0,1931.0,1803,1851
2014-08-23,1890.0,1926.0,1803,1803
2014-08-24,1887.0,1922.0,1803,1803
2014-08-25,1884.0,1920.0,1823,1834
2014-08-26,1881.0,1919.0,1814,1869
2014-08-27,1876.0,1915.0,1805,1860
2014-08-28,1870.0,1910.0,1770,1840
2014-08-29,1861.0,1903.0,1701,1805
2014-08-30,1857.0,1893.0,1701,1701
2014-08-31,1850.0,1886.0,1701,1701
2014-09-01,1840.0,1879.0,1608,1701
2014-09-02,1829.0,1870.0,1578,1613
2014-09-03,1819.0,1859.0,1622,1632
2014-09-04,1809.0,1849.0,1644,1704
2014-09-05,1802.0,1842.0,1760,1766
2014-09-06,1796.0,1835.0,1760,1760
2014-09-07,1791.0,1829.0,1760,1760
2014-09-08,1785.0,1825.0,1756,1809
2014-09-09,1781.0,1820.0,1798,1803
2014-09-10,1776.0,1815.0,1811,1842
2014-09-11,1772.0,1812.0,1769,1864
2014-09-12,1767.0,1808.0,1745,1842
2014-09-13,1764.0,1801.0,1745,1745
2014-09-14,1762.0,1796.0,1745,1745
2014-09-15,1761.0,1795.0,1788,1795
2014-09-16,1759.0,1796.0,1760,1817
2014-09-17,1761.0,1797.0,1887,1899
2014-09-18,1759.0,1799.0,1800,1966
2014-09-19,1758.0,1798.0,1844,1857
2014-09-20,1758.0,1794.0,1844,1844
2014-09-21,1760.0,1794.0,1844,1844
2014-09-22,1761.0,1797.0,1841,1895
2014-09-23,1761.0,1799.0,1814,1864
2014-09-24,1760.0,1799.0,1786,1817
2014-09-25,1758.0,1798.0,1750,1854
2014-09-26,1756.0,1796.0,1733,1810
2014-09-27,1754.0,1793.0,1733,1733
2014-09-28,1755.0,1791.0,1733,1733
2014-09-29,1758.0,1793.0,1781,1783
2014-09-30,1761.0,1797.0,1798,1801
2014-10-01,1768.0,1800.0,1799,1803
2014-10-02,1774.0,1809.0,1762,1873
2014-10-03,1779.0,1814.0,1789,1795
2014-10-04,1784.0,1817.0,1789,1789
2014-10-05,1785.0,1818.0,1789,1789
2014-10-06,1785.0,1820.0,1761,1843
2014-10-07,1786.0,1821.0,1785,1788
2014-10-08,1787.0,1822.0,1795,1837
2014-10-09,1785.0,1824.0,1730,1861
2014-10-10,1782.0,1823.0,1706,1808
2014-10-11,1776.0,1818.0,1593,1706
2014-10-12,1771.0,1810.0,1593,1593
2014-10-13,1766.0,1804.0,1593,1593
2014-10-14,1760.0,1800.0,1590,1598
2014-10-15,1754.0,1793.0,1589,1597
2014-10-16,1748.0,1788.0,1574,1668
2014-10-17,1740.0,1781.0,1672,1687
2014-10-18,1736.0,1771.0,1672,1672
2014-10-19,1730.0,1765.0,1672,1672
2014-10-20,1725.0,1761.0,1671,1721
2014-10-21,1720.0,1756.0,1695,1706
2014-10-22,1714.0,1750.0,1667,1702
2014-10-23,1708.0,1746.0,1635,1742
2014-10-24,1702.0,1742.0,1603,1712
2014-10-25,1697.0,1734.0,1603,1603
2014-10-26,1692.0,1727.0,1603,1603
2014-10-27,1690.0,1725.0,1654,1660
2014-10-28,1688.0,1723.0,1668,1677
2014-10-29,1684.0,1719.0,1665,1671
2014-10-30,1678.0,1717.0,1609,1740
2014-10-31,1674.0,1713.0,1683,1690
2014-11-01,1671.0,1707.0,1683,1683
2014-11-02,1668.0,1703.0,1683,1683
2014-11-03,1665.0,1701.0,1701,1736
2014-11-04,1662.0,1700.0,1705,1759
2014-11-05,1660.0,1697.0,1721,1732
2014-11-06,1655.0,1697.0,1615,1785
2014-11-07,1647.0,1691.0,1568,1678
2014-11-08,1642.0,1682.0,1568,1568
2014-11-09,1637.0,1674.0,1568,1568
2014-11-10,1634.0,1670.0,1495,1598
2014-11-11,1629.0,1667.0,1445,1495
2014-11-12,1625.0,1664.0,1471,1506
2014-11-13,1619.0,1662.0,1410,1533
2014-11-14,1615.0,1658.0,1463,1475
2014-11-15,1611.0,1651.0,1463,1463
2014-11-16,1604.0,1643.0,1463,1463
2014-11-17,1597.0,1638.0,1454,1513
2014-11-18,1590.0,1631.0,1464,1478
2014-11-19,1582.0,1623.0,1434,1468
2014-11-20,1572.0,1616.0,1395,1505
2014-11-21,1562.0,1608.0,1358,1451
2014-11-22,1552.0,1595.0,1358,1358
2014-11-23,1544.0,1583.0,1358,1358
2014-11-24,1537.0,1577.0,1396,1408
2014-11-25,1531.0,1572.0,1412,1471
2014-11-26,1522.0,1564.0,1398,1420
2014-11-27,1513.0,1555.0,1398,1398
2014-11-28,1505.0,1546.0,1403,1406
2014-11-29,1498.0,1535.0,1403,1403
2014-11-30,1489.0,1526.0,1403,1403
2014-12-01,1479.0,1516.0,1399,1406
2014-12-02,1472.0,1509.0,1466,1474
2014-12-03,1464.0,1500.0,1458,1470
2014-12-04,1454.0,1492.0,1410,1510
2014-12-05,1442.0,1483.0,1367,1468
2014-12-06,1434.0,1469.0,1367,1367
2014-12-07,1427.0,1459.0,1367,1367
2014-12-08,1421.0,1454.0,1382,1418
2014-12-09,1413.0,1449.0,1330,1414
2014-12-10,1409.0,1442.0,1388,1398
2014-12-11,1408.0,1441.0,1390,1456
2014-12-12,1405.0,1438.0,1397,1404
2014-12-13,1405.0,1433.0,1397,1397
2014-12-14,1402.0,1430.0,1397,1397
2014-12-15,1401.0,1430.0,1405,1442
2014-12-16,1399.0,1428.0,1418,1422
2014-12-17,1397.0,1425.0,1385,1426
2014-12-18,1392.0,1424.0,1327,1437
2014-12-19,1387.0,1420.0,1270,1348
2014-12-20,1383.0,1412.0,1270,1270
2014-12-21,1380.0,1406.0,1270,1270
2014-12-22,1377.0,1404.0,1277,1301
2014-12-23,1373.0,1403.0,1230,1310
2014-12-24,1367.0,1397.0,1234,1240
2014-12-25,1361.0,1389.0,1234,1234
2014-12-26,1356.0,1383.0,1234,1234
2014-12-27,1350.0,1378.0,1234,1234
2014-12-28,1345.0,1372.0,1234,1234
2014-12-29,1339.0,1366.0,1237,1240
2014-12-30,1334.0,1362.0,1255,1262
2014-12-31,1332.0,1359.0,1333,1338
2015-01-01,1328.0,1355.0,1333,1333
2015-01-02,1322.0,1350.0,1296,1339
2015-01-03,1318.0,1343.0,1296,1296
2015-01-04,1316.0,1337.0,1296,1296
2015-01-05,1315.0,1337.0,1338,1347
2015-01-06,1315.0,1336.0,1352,1358
2015-01-07,1313.0,1334.0,1326,1355
2015-01-08,1311.0,1334.0,1273,1388
2015-01-09,1307.0,1330.0,1278,1297
2015-01-10,1303.0,1324.0,1278,1278
2015-01-11,1300.0,1320.0,1278,1278
2015-01-12,1295.0,1317.0,1276,1303
2015-01-13,1292.0,1314.0,1289,1300
2015-01-14,1287.0,1309.0,1262,1292
2015-01-15,1279.0,1305.0,1189,1307
2015-01-16,1273.0,1298.0,1204,1219
2015-01-17,1269.0,1290.0,1204,1204
2015-01-18,1267.0,1285.0,1204,1204
2015-01-19,1264.0,1283.0,1186,1205
2015-01-20,1259.0,1281.0,1112,1193
2015-01-21,1253.0,1274.0,1103,1116
2015-01-22,1248.0,1270.0,1082,1167
2015-01-23,1240.0,1265.0,978,1097
2015-01-24,1231.0,1256.0,978,978
2015-01-25,1223.0,1248.0,978,978
2015-01-26,1215.0,1240.0,999,1005
2015-01-27,1208.0,1234.0,1031,1036
2015-01-28,1200.0,1227.0,1000,1035
2015-01-29,1190.0,1220.0,949,1055
2015-01-30,1177.0,1208.0,938,981
2015-01-31,1164.0,1195.0,938,938
2015-02-01,1152.0,1181.0,938,938
2015-02-02,1141.0,1171.0,960,969
2015-02-03,1130.0,1160.0,982,990
2015-02-04,1118.0,1148.0,983,989
2015-02-05,1104.0,1138.0,933,1036
2015-02-06,1092.0,1124.0,950,959
2015-02-07,1081.0,1110.0,950,950
2015-02-08,1070.0,1098.0,950,950
2015-02-09,1059.0,1088.0,943,982
2015-02-10,1048.0,1078.0,957,964
2015-02-11,1037.0,1067.0,928,962
2015-02-12,1023.0,1056.0,873,975
2015-02-13,1011.0,1043.0,907,911
2015-02-14,1002.0,1030.0,907,907
2015-02-15,992.0,1019.0,907,907
2015-02-16,982.0,1009.0,907,907
2015-02-17,971.0,1000.0,889,913
2015-02-18,961.0,989.0,887,893
2015-02-19,953.0,982.0,858,960
2015-02-20,945.0,974.0,878,886
2015-02-21,938.0,964.0,878,878
2015-02-22,935.0,957.0,878,878
2015-02-23,932.0,954.0,880,903
2015-02-24,929.0,952.0,898,899
2015-02-25,925.0,949.0,883,906
2015-02-26,918.0,945.0,820,920
2015-02-27,912.0,938.0,822,849
2015-02-28,908.0,931.0,822,822
2015-03-01,904.0,925.0,822,822
2015-03-02,901.0,922.0,840,844
2015-03-03,899.0,920.0,877,879
2015-03-04,896.0,918.0,882,884
2015-03-05,894.0,917.0,902,985
2015-03-06,892.0,916.0,938,945
2015-03-07,892.0,913.0,938,938
2015-03-08,892.0,912.0,938,938
2015-03-09,892.0,913.0,950,970
2015-03-10,893.0,913.0,970,975
2015-03-11,893.0,913.0,945,974
2015-03-12,893.0,915.0,953,1026
2015-03-13,894.0,916.0,983,985
2015-03-14,898.0,916.0,983,983
2015-03-15,901.0,919.0,983,983
2015-03-16,904.0,922.0,1008,1011
2015-03-17,908.0,926.0,1023,1029
2015-03-18,914.0,932.0,1085,1091
2015-03-19,919.0,940.0,1037,1152
2015-03-20,922.0,946.0,979,1054
2015-03-21,926.0,946.0,979,979
2015-03-22,929.0,949.0,979,979
2015-03-23,934.0,954.0,1011,1014
2015-03-24,939.0,959.0,1035,1037
2015-03-25,944.0,964.0,1031,1041
2015-03-26,946.0,970.0,966,1072
2015-03-27,950.0,972.0,986,992
2015-03-28,955.0,975.0,986,986
2015-03-29,961.0,979.0,986,986
2015-03-30,967.0,985.0,1009,1010
2015-03-31,974.0,992.0,1028,1030
2015-04-01,980.0,999.0,1031,1035
2015-04-02,983.0,1005.0,976,1077
2015-04-03,987.0,1009.0,1004,1007
2015-04-04,991.0,1010.0,1004,1004
2015-04-05,993.0,1012.0,1004,1004
2015-04-06,995.0,1015.0,1000,1036
2015-04-07,998.0,1019.0,1035,1041
2015-04-08,1001.0,1021.0,1035,1038
2015-04-09,1001.0,1024.0,977,1077
2015-04-10,1003.0,1026.0,1004,1007
2015-04-11,1005.0,1025.0,1004,1004
2015-04-12,1006.0,1025.0,1004,1004
2015-04-13,1007.0,1027.0,1031,1034
2015-04-14,1010.0,1030.0,1056,1060
2015-04-15,1010.0,1032.0,1017,1068
2015-04-16,1007.0,1033.0,933,1065
2015-04-17,1002.0,1029.0,934,967
2015-04-18,999.0,1021.0,934,934
2015-04-19,997.0,1017.0,934,934
2015-04-20,996.0,1017.0,940,965
2015-04-21,995.0,1017.0,964,971
2015-04-22,994.0,1015.0,966,971
2015-04-23,987.0,1014.0,836,1014
2015-04-24,982.0,1009.0,861,867
2015-04-25,978.0,1002.0,861,861
2015-04-26,974.0,997.0,861,861
2015-04-27,969.0,994.0,830,874
2015-04-28,964.0,989.0,851,853
2015-04-29,958.0,984.0,830,860
2015-04-30,948.0,979.0,730,883
2015-05-01,939.0,970.0,762,763
2015-05-02,932.0,960.0,762,762
2015-05-03,924.0,951.0,762,762
2015-05-04,916.0,944.0,752,780
2015-05-05,908.0,937.0,778,782
2015-05-06,901.0,928.0,779,782
2015-05-07,892.0,922.0,774,844
2015-05-08,884.0,914.0,797,801
2015-05-09,878.0,904.0,797,797
2015-05-10,871.0,897.0,797,797
2015-05-11,865.0,891.0,817,818
2015-05-12,859.0,885.0,827,830
2015-05-13,853.0,880.0,859,862
2015-05-14,844.0,876.0,774,942
2015-05-15,840.0,870.0,888,900
2015-05-16,838.0,864.0,888,888
2015-05-17,837.0,862.0,888,888
2015-05-18,835.0,861.0,883,917
2015-05-19,834.0,860.0,901,903
2015-05-20,836.0,861.0,1002,1005
2015-05-21,835.0,864.0,929,1057
2015-05-22,837.0,866.0,1031,1033
2015-05-23,843.0,867.0,1031,1031
2015-05-24,849.0,872.0,1031,1031
2015-05-25,855.0,878.0,1031,1031
2015-05-26,860.0,884.0,1030,1035
2015-05-27,868.0,890.0,1045,1066
2015-05-28,876.0,899.0,1119,1123
2015-05-29,886.0,909.0,1130,1151
2015-05-30,900.0,917.0,1130,1130
2015-05-31,912.0,929.0,1130,1130
2015-06-01,924.0,942.0,1110,1144
2015-06-02,936.0,955.0,1140,1143
2015-06-03,949.0,967.0,1144,1146
2015-06-04,958.0,980.0,1045,1189
2015-06-05,971.0,993.0,1154,1159
2015-06-06,983.0,1003.0,1154,1154
2015-06-07,995.0,1015.0,1154,1154
2015-06-08,1008.0,1028.0,1169,1178
2015-06-09,1020.0,1041.0,1181,1185
2015-06-10,1032.0,1053.0,1158,1184
2015-06-11,1041.0,1066.0,1098,1211
2015-06-12,1049.0,1074.0,1112,1120
2015-06-13,1061.0,1080.0,1112,1112
2015-06-14,1068.0,1087.0,1112,1112
2015-06-15,1079.0,1099.0,1220,1245
2015-06-16,1091.0,1111.0,1244,1251
2015-06-17,1105.0,1124.0,1307,1309
2015-06-18,1118.0,1140.0,1297,1381
2015-06-19,1129.0,1151.0,1326,1328
2015-06-20,1145.0,1163.0,1406,1431
2015-06-21,1158.0,1176.0,1406,1406
2015-06-22,1172.0,1190.0,1456,1456
2015-06-23,1186.0,1205.0,1473,1476
2015-06-24,1202.0,1221.0,1512,1516
2015-06-25,1217.0,1239.0,1469,1577
2015-06-26,1234.0,1255.0,1545,1549
2015-06-27,1248.0,1269.0,1545,1545
2015-06-28,1262.0,1282.0,1545,1545
2015-06-29,1277.0,1298.0,1590,1598
2015-06-30,1293.0,1314.0,1609,1612
2015-07-01,1310.0,1331.0,1626,1663
2015-07-02,1326.0,1351.0,1615,1741
2015-07-03,1342.0,1367.0,1615,1615
2015-07-04,1361.0,1381.0,1615,1615
2015-07-05,1376.0,1396.0,1615,1615
2015-07-06,1392.0,1413.0,1642,1649
2015-07-07,1410.0,1430.0,1666,1669
2015-07-08,1427.0,1447.0,1689,1698
2015-07-09,1442.0,1465.0,1628,1722
2015-07-10,1461.0,1484.0,1746,1753
2015-07-11,1483.0,1502.0,1746,1746
2015-07-12,1504.0,1523.0,1746,1746
2015-07-13,1526.0,1545.0,1774,1784
2015-07-14,1549.0,1568.0,1795,1803
2015-07-15,1567.0,1587.0,1748,1819
2015-07-16,1584.0,1606.0,1777,1827
2015-07-17,1601.0,1623.0,1803,1806
2015-07-18,1618.0,1637.0,1803,1803
2015-07-19,1634.0,1653.0,1803,1803
2015-07-20,1648.0,1666.0,1828,1832
2015-07-21,1662.0,1681.0,1848,1854
2015-07-22,1675.0,1696.0,1836,1892
2015-07-23,1688.0,1711.0,1857,1924
2015-07-24,1700.0,1723.0,1886,1892
2015-07-25,1714.0,1734.0,1886,1886
2015-07-26,1726.0,1745.0,1886,1886
2015-07-27,1738.0,1757.0,1902,1907
2015-07-28,1749.0,1769.0,1899,1911
2015-07-29,1760.0,1779.0,1899,1905
2015-07-30,1765.0,1789.0,1781,1900
2015-07-31,1773.0,1795.0,1857,1860
2015-08-01,1781.0,1799.0,1857,1857
2015-08-02,1789.0,1807.0,1857,1857
2015-08-03,1797.0,1817.0,1850,1890
2015-08-04,1806.0,1826.0,1878,1884
2015-08-05,1813.0,1834.0,1860,1905
2015-08-06,1816.0,1841.0,1764,1877
2015-08-07,1820.0,1844.0,1798,1803
2015-08-08,1826.0,1847.0,1798,1798
2015-08-09,1827.0,1848.0,1798,1798
2015-08-10,1831.0,1852.0,1851,1855
2015-08-11,1835.0,1856.0,1872,1876
2015-08-12,1839.0,1860.0,1892,1894
2015-08-13,1841.0,1864.0,1842,1909
2015-08-14,1845.0,1866.0,1874,1879
2015-08-15,1848.0,1867.0,1874,1874
2015-08-16,1850.0,1870.0,1874,1874
2015-08-17,1853.0,1873.0,1872,1920
2015-08-18,1856.0,1877.0,1896,1900
2015-08-19,1858.0,1880.0,1885,1920
2015-08-20,1855.0,1881.0,1776,1900
2015-08-21,1855.0,1879.0,1818,1823
2015-08-22,1853.0,1875.0,1818,1818
2015-08-23,1851.0,1873.0,1818,1818
2015-08-24,1850.0,1872.0,1854,1860
2015-08-25,1850.0,1873.0,1901,1906
2015-08-26,1850.0,1873.0,1902,1905
2015-08-27,1849.0,1873.0,1846,1930
2015-08-28,1848.0,1872.0,1869,1878
2015-08-29,1851.0,1871.0,1869,1869
2015-08-30,1851.0,1872.0,1869,1869
2015-08-31,1852.0,1873.0,1899,1902
2015-09-01,1854.0,1875.0,1901,1924
2015-09-02,1856.0,1877.0,1904,1930
2015-09-03,1853.0,1878.0,1799,1927
2015-09-04,1852.0,1876.0,1824,1829
2015-09-05,1854.0,1874.0,1824,1824
2015-09-06,1855.0,1874.0,1824,1824
2015-09-07,1856.0,1875.0,1824,1824
2015-09-08,1857.0,1876.0,1825,1827
2015-09-09,1857.0,1877.0,1851,1867
2015-09-10,1854.0,1877.0,1810,1895
2015-09-11,1853.0,1876.0,1836,1857
2015-09-12,1852.0,1874.0,1837,1837
2015-09-13,1851.0,1872.0,1837,1837
2015-09-14,1849.0,1871.0,1804,1839
2015-09-15,1847.0,1869.0,1811,1815
2015-09-16,1844.0,1866.0,1776,1817
2015-09-17,1835.0,1862.0,1636,1802
2015-09-18,1828.0,1854.0,1665,1671
2015-09-19,1824.0,1846.0,1665,1665
2015-09-20,1819.0,1841.0,1665,1665
2015-09-21,1815.0,1837.0,1693,1697
2015-09-22,1811.0,1834.0,1714,1722
2015-09-23,1807.0,1830.0,1736,1745
2015-09-24,1799.0,1825.0,1642,1763
2015-09-25,1791.0,1817.0,1668,1673
2015-09-26,1785.0,1809.0,1668,1668
2015-09-27,1778.0,1802.0,1668,1668
2015-09-28,1771.0,1796.0,1650,1691
2015-09-29,1764.0,1789.0,1661,1664
2015-09-30,1755.0,1782.0,1632,1683
2015-10-01,1741.0,1772.0,1489,1646
2015-10-02,1724.0,1759.0,1396,1515
2015-10-03,1711.0,1741.0,1396,1396
2015-10-04,1697.0,1726.0,1396,1396
2015-10-05,1686.0,1716.0,1501,1508
2015-10-06,1675.0,1705.0,1496,1504
2015-10-07,1666.0,1696.0,1541,1549
2015-10-08,1656.0,1690.0,1545,1642
2015-10-09,1647.0,1681.0,1588,1597
2015-10-10,1640.0,1671.0,1588,1588
2015-10-11,1632.0,1662.0,1588,1588
2015-10-12,1623.0,1653.0,1588,1588
2015-10-13,1615.0,1645.0,1582,1594
2015-10-14,1609.0,1638.0,1619,1626
2015-10-15,1599.0,1633.0,1531,1658
2015-10-16,1592.0,1624.0,1541,1548
2015-10-17,1588.0,1615.0,1541,1541
2015-10-18,1584.0,1611.0,1541,1541
2015-10-19,1581.0,1608.0,1567,1574
2015-10-20,1578.0,1605.0,1580,1585
2015-10-21,1573.0,1602.0,1545,1601
2015-10-22,1565.0,1599.0,1477,1633
2015-10-23,1557.0,1591.0,1489,1500
2015-10-24,1551.0,1582.0,1448,1489
2015-10-25,1543.0,1574.0,1448,1448
2015-10-26,1537.0,1568.0,1478,1489
2015-10-27,1531.0,1563.0,1489,1496
2015-10-28,1525.0,1557.0,1467,1530
2015-10-29,1515.0,1552.0,1367,1508
2015-10-30,1511.0,1546.0,1497,1512
2015-10-31,1507.0,1541.0,1380,1497
2015-11-01,1506.0,1537.0,1380,1380
2015-11-02,1508.0,1539.0,1439,1448
2015-11-03,1510.0,1541.0,1464,1472
2015-11-04,1511.0,1541.0,1513,1518
2015-11-05,1511.0,1546.0,1517,1628
2015-11-06,1513.0,1547.0,1586,1591
2015-11-07,1514.0,1545.0,1587,1587
2015-11-08,1514.0,1545.0,1587,1587
2015-11-09,1516.0,1547.0,1633,1640
2015-11-10,1518.0,1549.0,1662,1667
2015-11-11,1521.0,1552.0,1662,1662
2015-11-12,1523.0,1557.0,1654,1762
2015-11-13,1524.0,1559.0,1641,1688
2015-11-14,1527.0,1559.0,1641,1641
2015-11-15,1531.0,1562.0,1641,1641
2015-11-16,1536.0,1567.0,1693,1700
2015-11-17,1542.0,1573.0,1724,1727
2015-11-18,1549.0,1580.0,1769,1775
2015-11-19,1553.0,1589.0,1701,1843
2015-11-20,1559.0,1593.0,1725,1731
2015-11-21,1567.0,1596.0,1725,1725
2015-11-22,1575.0,1604.0,1726,1726
2015-11-23,1583.0,1613.0,1707,1760
2015-11-24,1596.0,1625.0,1812,1814
2015-11-25,1607.0,1637.0,1831,1859
2015-11-26,1619.0,1648.0,1831,1831
2015-11-27,1628.0,1659.0,1758,1847
2015-11-28,1641.0,1667.0,1758,1758
2015-11-29,1649.0,1675.0,1728,1758
2015-11-30,1661.0,1684.0,1744,1747
2015-12-01,1674.0,1697.0,1759,1770
2015-12-02,1685.0,1708.0,1766,1776
2015-12-03,1693.0,1720.0,1701,1826
2015-12-04,1700.0,1726.0,1721,1726
2015-12-05,1706.0,1730.0,1721,1721
2015-12-06,1711.0,1734.0,1721,1721
2015-12-07,1715.0,1739.0,1701,1739
2015-12-08,1719.0,1743.0,1715,1723
2015-12-09,1724.0,1748.0,1768,1769
2015-12-10,1725.0,1752.0,1708,1790
2015-12-11,1726.0,1754.0,1696,1730
2015-12-12,1728.0,1752.0,1696,1696
2015-12-13,1729.0,1752.0,1696,1696
2015-12-14,1732.0,1755.0,1719,1731
2015-12-15,1735.0,1759.0,1743,1744
2015-12-16,1738.0,1761.0,1756,1762
2015-12-17,1736.0,1764.0,1674,1828
2015-12-18,1734.0,1762.0,1704,1707
2015-12-19,1734.0,1757.0,1704,1704
2015-12-20,1733.0,1756.0,1704,1704
2015-12-21,1728.0,1757.0,1585,1737
2015-12-22,1724.0,1753.0,1604,1609
2015-12-23,1722.0,1750.0,1630,1664
2015-12-24,1716.0,1744.0,1648,1649
2015-12-25,1710.0,1737.0,1648,1648
2015-12-26,1704.0,1731.0,1648,1648
2015-12-27,1700.0,1724.0,1648,1648
2015-12-28,1697.0,1721.0,1643,1653
2015-12-29,1694.0,1718.0,1656,1664
2015-12-30,1690.0,1716.0,1626,1708
2015-12-31,1687.0,1713.0,1662,1663
2016-01-01,1684.0,1709.0,1662,1662
2016-01-02,1682.0,1704.0,1662,1662
2016-01-03,1680.0,1701.0,1662,1662
2016-01-04,1678.0,1700.0,1661,1666
2016-01-05,1676.0,1698.0,1662,1665
2016-01-06,1676.0,1697.0,1678,1716
2016-01-07,1672.0,1696.0,1602,1697
2016-01-08,1666.0,1691.0,1602,1611
2016-01-09,1663.0,1685.0,1601,1602
2016-01-10,1660.0,1680.0,1601,1601
2016-01-11,1657.0,1678.0,1621,1630
2016-01-12,1655.0,1676.0,1640,1645
2016-01-13,1653.0,1674.0,1660,1672
2016-01-14,1648.0,1674.0,1579,1720
2016-01-15,1643.0,1668.0,1604,1609
2016-01-16,1640.0,1661.0,1604,1604
2016-01-17,1637.0,1658.0,1604,1604
2016-01-18,1632.0,1654.0,1562,1605
2016-01-19,1627.0,1650.0,1558,1565
2016-01-20,1627.0,1645.0,1570,1606
2016-01-21,1624.0,1648.0,1514,1676
2016-01-22,1620.0,1643.0,1525,1532
2016-01-23,1616.0,1639.0,1525,1525
2016-01-24,1612.0,1635.0,1527,1527
2016-01-25,1609.0,1632.0,1559,1564
2016-01-26,1607.0,1630.0,1571,1573
2016-01-27,1605.0,1628.0,1588,1593
2016-01-28,1602.0,1629.0,1569,1696
2016-01-29,1601.0,1625.0,1599,1600
2016-01-30,1599.0,1623.0,1599,1599
2016-01-31,1597.0,1621.0,1599,1599
2016-02-01,1594.0,1620.0,1585,1631
2016-02-02,1592.0,1618.0,1602,1612
2016-02-03,1591.0,1617.0,1624,1631
2016-02-04,1588.0,1618.0,1573,1680
2016-02-05,1583.0,1613.0,1530,1573
2016-02-06,1581.0,1607.0,1530,1530
2016-02-07,1578.0,1604.0,1530,1530
2016-02-08,1576.0,1602.0,1535,1538
2016-02-09,1574.0,1600.0,1530,1535
2016-02-10,1571.0,1597.0,1531,1534
2016-02-11,1564.0,1593.0,1429,1533
2016-02-12,1556.0,1585.0,1422,1430
2016-02-13,1551.0,1575.0,1423,1423
2016-02-14,1545.0,1569.0,1423,1423
2016-02-15,1539.0,1563.0,1423,1423
2016-02-16,1532.0,1557.0,1415,1431
2016-02-17,1526.0,1551.0,1381,1415
2016-02-18,1518.0,1545.0,1295,1382
2016-02-19,1508.0,1535.0,1294,1300
2016-02-20,1501.0,1522.0,1295,1295
2016-02-21,1493.0,1514.0,1295,1295
2016-02-22,1484.0,1506.0,1251,1298
2016-02-23,1475.0,1497.0,1248,1251
2016-02-24,1464.0,1487.0,1241,1251
2016-02-25,1452.0,1476.0,1194,1243
2016-02-26,1439.0,1462.0,1193,1194
2016-02-27,1426.0,1446.0,1193,1193
2016-02-28,1413.0,1432.0,1193,1193
2016-02-29,1399.0,1419.0,1192,1195
2016-03-01,1384.0,1405.0,1162,1192
2016-03-02,1370.0,1390.0,1144,1171
2016-03-03,1351.0,1374.0,1041,1147
2016-03-04,1331.0,1355.0,1034,1042
2016-03-05,1313.0,1333.0,1034,1034
2016-03-06,1297.0,1315.0,1035,1035
2016-03-07,1277.0,1299.0,947,1035
2016-03-08,1258.0,1279.0,936,947
2016-03-09,1237.0,1259.0,924,937
2016-03-10,1215.0,1239.0,861,924
2016-03-11,1192.0,1216.0,852,861
2016-03-12,1173.0,1194.0,852,852
2016-03-13,1154.0,1174.0,852,852
2016-03-14,1135.0,1155.0,840,852
2016-03-15,1115.0,1136.0,832,840
2016-03-16,1096.0,1118.0,847,879
2016-03-17,1075.0,1098.0,784,848
2016-03-18,1055.0,1077.0,779,785
2016-03-19,1037.0,1057.0,779,779
2016-03-20,1020.0,1040.0,780,780
2016-03-21,1002.0,1023.0,760,780
2016-03-22,984.0,1005.0,754,761
2016-03-23,968.0,987.0,753,754
2016-03-24,950.0,970.0,714,755
2016-03-25,932.0,952.0,712,715
2016-03-26,916.0,935.0,712,712
2016-03-27,900.0,919.0,712,712
2016-03-28,884.0,903.0,713,717
2016-03-29,868.0,887.0,714,715
2016-03-30,852.0,871.0,705,717
2016-03-31,836.0,855.0,683,707
2016-04-01,821.0,839.0,694,695
2016-04-02,810.0,824.0,694,694
2016-04-03,798.0,812.0,694,694
2016-04-04,787.0,801.0,690,698
2016-04-05,775.0,790.0,693,694
2016-04-06,768.0,779.0,711,718
2016-04-07,760.0,771.0,703,717
2016-04-08,753.0,764.0,713,714
2016-04-09,748.0,757.0,713,713
2016-04-10,743.0,752.0,713,713
2016-04-11,738.0,747.0,710,714
2016-04-12,734.0,743.0,709,717
2016-04-13,729.0,739.0,714,727
2016-04-14,725.0,735.0,688,722
2016-04-15,720.0,729.0,698,705
2016-04-16,717.0,724.0,698,698
2016-04-17,714.0,721.0,698,698
2016-04-18,711.0,719.0,698,701
2016-04-19,709.0,716.0,699,703
2016-04-20,707.0,714.0,719,724
2016-04-21,705.0,713.0,679,722
2016-04-22,703.0,711.0,690,692
2016-04-23,702.0,709.0,690,690
2016-04-24,701.0,708.0,690,690
2016-04-25,700.0,707.0,683,697
2016-04-26,699.0,706.0,681,684
2016-04-27,700.0,707.0,726,731
2016-04-28,700.0,708.0,709,738
2016-04-29,700.0,707.0,712,714
2016-04-30,701.0,708.0,712,712
2016-05-01,701.0,708.0,713,713
2016-05-02,702.0,709.0,714,717
2016-05-03,703.0,710.0,714,720
2016-05-04,705.0,712.0,755,760
2016-05-05,706.0,714.0,734,761
2016-05-06,707.0,715.0,736,744
2016-05-07,708.0,716.0,736,736
2016-05-08,709.0,716.0,736,736
2016-05-09,710.0,717.0,734,740
2016-05-10,710.0,718.0,735,739
2016-05-11,712.0,720.0,772,780
2016-05-12,713.0,722.0,726,779
2016-05-13,714.0,723.0,737,738
2016-05-14,715.0,723.0,737,737
2016-05-15,717.0,724.0,737,737
2016-05-16,718.0,726.0,736,741
2016-05-17,720.0,728.0,770,774
2016-05-18,724.0,732.0,806,808
2016-05-19,726.0,736.0,755,812
2016-05-20,727.0,737.0,769,770
2016-05-21,730.0,739.0,768,769
2016-05-22,733.0,741.0,768,768
2016-05-23,737.0,745.0,796,805
2016-05-24,740.0,749.0,800,803
2016-05-25,745.0,753.0,819,835
2016-05-26,748.0,758.0,784,821
2016-05-27,751.0,760.0,797,801
2016-05-28,754.0,762.0,797,797
2016-05-29,756.0,765.0,798,798
2016-05-30,759.0,768.0,798,798
2016-05-31,763.0,772.0,828,833
2016-06-01,768.0,777.0,864,867
2016-06-02,771.0,782.0,809,871
2016-06-03,773.0,784.0,816,817
2016-06-04,776.0,786.0,816,816
2016-06-05,779.0,788.0,816,816
2016-06-06,781.0,791.0,805,822
2016-06-07,784.0,794.0,812,815
2016-06-08,788.0,798.0,854,870
2016-06-09,791.0,802.0,839,866
2016-06-10,793.0,804.0,843,849
2016-06-11,801.0,810.0,948,948
2016-06-12,808.0,817.0,949,949
2016-06-13,815.0,824.0,951,955
2016-06-14,822.0,832.0,955,959
2016-06-15,831.0,841.0,1012,1013
2016-06-16,838.0,850.0,958,1064
2016-06-17,844.0,856.0,987,988
2016-06-18,851.0,862.0,987,987
2016-06-19,859.0,870.0,987,987
2016-06-20,870.0,881.0,1092,1122
2016-06-21,880.0,892.0,1095,1099
2016-06-22,889.0,902.0,1067,1098
2016-06-23,896.0,911.0,1000,1076
2016-06-24,904.0,919.0,1055,1058
2016-06-25,913.0,926.0,1056,1056
2016-06-26,922.0,935.0,1057,1057
2016-06-27,933.0,946.0,1138,1141
2016-06-28,944.0,958.0,1141,1147
2016-06-29,959.0,973.0,1232,1235
2016-06-30,972.0,986.0,1206,1237
2016-07-01,984.0,999.0,1237,1265
2016-07-02,998.0,1012.0,1237,1237
2016-07-03,1012.0,1026.0,1237,1237
2016-07-04,1026.0,1040.0,1238,1238
2016-07-05,1040.0,1054.0,1233,1243
2016-07-06,1055.0,1069.0,1253,1278
2016-07-07,1069.0,1084.0,1230,1259
2016-07-08,1082.0,1097.0,1252,1255
2016-07-09,1096.0,1110.0,1252,1252
2016-07-10,1110.0,1123.0,1252,1252
2016-07-11,1121.0,1135.0,1298,1302
2016-07-12,1133.0,1147.0,1305,1305
2016-07-13,1147.0,1160.0,1353,1358
2016-07-14,1160.0,1178.0,1353,1485
2016-07-15,1172.0,1190.0,1384,1386
2016-07-16,1187.0,1201.0,1384,1384
2016-07-17,1200.0,1214.0,1384,1384
2016-07-18,1217.0,1231.0,1508,1511
2016-07-19,1235.0,1249.0,1510,1514
2016-07-20,1250.0,1264.0,1555,1581
2016-07-21,1263.0,1281.0,1492,1611
2016-07-22,1280.0,1297.0,1554,1557
2016-07-23,1298.0,1313.0,1554,1554
2016-07-24,1315.0,1329.0,1554,1554
2016-07-25,1334.0,1348.0,1631,1635
2016-07-26,1353.0,1368.0,1632,1636
2016-07-27,1371.0,1386.0,1678,1683
2016-07-28,1388.0,1406.0,1663,1761
2016-07-29,1404.0,1422.0,1691,1692
2016-07-30,1420.0,1437.0,1692,1692
2016-07-31,1435.0,1451.0,1693,1693
2016-08-01,1451.0,1469.0,1724,1769
2016-08-02,1468.0,1485.0,1726,1731
2016-08-03,1485.0,1504.0,1764,1798
2016-08-04,1502.0,1522.0,1744,1801
2016-08-05,1518.0,1538.0,1739,1745
2016-08-06,1535.0,1554.0,1739,1739
2016-08-07,1552.0,1570.0,1739,1739
2016-08-08,1565.0,1586.0,1653,1740
2016-08-09,1579.0,1602.0,1688,1731
2016-08-10,1593.0,1616.0,1705,1709
2016-08-11,1608.0,1633.0,1754,1814
2016-08-12,1621.0,1646.0,1754,1757
2016-08-13,1635.0,1655.0,1754,1754
2016-08-14,1647.0,1667.0,1754,1754
2016-08-15,1659.0,1681.0,1756,1780
2016-08-16,1671.0,1693.0,1717,1758
2016-08-17,1681.0,1704.0,1830,1833
2016-08-18,1689.0,1715.0,1736,1862
2016-08-19,1695.0,1721.0,1752,1753
2016-08-20,1704.0,1726.0,1752,1752
2016-08-21,1711.0,1732.0,1752,1752
2016-08-22,1719.0,1741.0,1801,1807
2016-08-23,1727.0,1749.0,1804,1807
2016-08-24,1735.0,1757.0,1856,1856
2016-08-25,1741.0,1764.0,1810,1861
2016-08-26,1745.0,1769.0,1802,1842
2016-08-27,1749.0,1771.0,1802,1802
2016-08-28,1753.0,1774.0,1802,1802
2016-08-29,1757.0,1779.0,1816,1820
2016-08-30,1761.0,1783.0,1818,1823
2016-08-31,1764.0,1785.0,1802,1838
2016-09-01,1764.0,1788.0,1733,1811
2016-09-02,1764.0,1787.0,1750,1756
2016-09-03,1764.0,1785.0,1750,1750
2016-09-04,1764.0,1785.0,1750,1750
2016-09-05,1765.0,1785.0,1750,1750
2016-09-06,1765.0,1786.0,1753,1758
2016-09-07,1769.0,1787.0,1769,1773
2016-09-08,1768.0,1788.0,1660,1771
2016-09-09,1767.0,1787.0,1665,1668
2016-09-10,1764.0,1782.0,1665,1665
2016-09-11,1761.0,1779.0,1665,1665
2016-09-12,1758.0,1777.0,1676,1703
2016-09-13,1756.0,1775.0,1683,1687
2016-09-14,1754.0,1773.0,1692,1728
2016-09-15,1753.0,1773.0,1697,1749
2016-09-16,1751.0,1771.0,1760,1761
2016-09-17,1752.0,1767.0,1760,1760
2016-09-18,1752.0,1768.0,1760,1760
2016-09-19,1754.0,1769.0,1803,1809
2016-09-20,1755.0,1771.0,1797,1812
2016-09-21,1756.0,1772.0,1816,1823
2016-09-22,1752.0,1772.0,1707,1820
2016-09-23,1749.0,1769.0,1756,1763
2016-09-24,1747.0,1766.0,1756,1756
2016-09-25,1746.0,1763.0,1756,1756
2016-09-26,1744.0,1763.0,1763,1810
2016-09-27,1743.0,1762.0,1759,1765
2016-09-28,1741.0,1762.0,1768,1810
2016-09-29,1738.0,1760.0,1707,1772
2016-09-30,1738.0,1760.0,1825,1829
2016-10-01,1741.0,1760.0,1825,1825
2016-10-02,1744.0,1762.0,1825,1825
2016-10-03,1746.0,1765.0,1824,1829
2016-10-04,1750.0,1769.0,1858,1862
2016-10-05,1754.0,1773.0,1865,1870
2016-10-06,1755.0,1777.0,1785,1890
2016-10-07,1757.0,1780.0,1841,1844
2016-10-08,1763.0,1782.0,1841,1841
2016-10-09,1769.0,1788.0,1841,1841
2016-10-10,1775.0,1794.0,1841,1841
2016-10-11,1781.0,1800.0,1857,1863
2016-10-12,1787.0,1806.0,1831,1864
2016-10-13,1789.0,1812.0,1748,1886
2016-10-14,1794.0,1816.0,1851,1859
2016-10-15,1799.0,1820.0,1851,1851
2016-10-16,1802.0,1823.0,1851,1851
2016-10-17,1805.0,1827.0,1846,1881
2016-10-18,1808.0,1831.0,1859,1870
2016-10-19,1811.0,1833.0,1869,1883
2016-10-20,1812.0,1836.0,1834,1902
2016-10-21,1813.0,1838.0,1861,1871
2016-10-22,1818.0,1839.0,1861,1861
2016-10-23,1822.0,1842.0,1861,1861
2016-10-24,1826.0,1846.0,1865,1867
2016-10-25,1830.0,1850.0,1879,1891
2016-10-26,1833.0,1853.0,1863,1883
2016-10-27,1832.0,1857.0,1733,1880
2016-10-28,1835.0,1859.0,1851,1863
2016-10-29,1840.0,1861.0,1851,1851
2016-10-30,1836.0,1862.0,1723,1851
2016-10-31,1833.0,1859.0,1725,1737
2016-11-01,1829.0,1856.0,1697,1744
2016-11-02,1821.0,1852.0,1584,1700
2016-11-03,1815.0,1848.0,1697,1744
2016-11-04,1810.0,1843.0,1710,1720
2016-11-05,1808.0,1837.0,1710,1710
2016-11-06,1803.0,1833.0,1710,1710
2016-11-07,1800.0,1831.0,1740,1793
2016-11-08,1798.0,1829.0,1773,1777
2016-11-09,1798.0,1831.0,1841,1898
2016-11-10,1799.0,1832.0,1882,1906
2016-11-11,1800.0,1833.0,1882,1882
2016-11-12,1805.0,1833.0,1881,1882
2016-11-13,1806.0,1833.0,1881,1881
2016-11-14,1806.0,1835.0,1849,1893
2016-11-15,1807.0,1839.0,1890,1985
2016-11-16,1808.0,1840.0,1883,1892
2016-11-17,1808.0,1841.0,1846,1917
2016-11-18,1807.0,1841.0,1860,1878
2016-11-19,1808.0,1840.0,1860,1860
2016-11-20,1808.0,1839.0,1860,1860
2016-11-21,1808.0,1839.0,1854,1862
2016-11-22,1808.0,1840.0,1846,1878
2016-11-23,1808.0,1841.0,1866,1899
2016-11-24,1807.0,1840.0,1866,1866
2016-11-25,1808.0,1840.0,1879,1880
2016-11-26,1813.0,1840.0,1879,1879
2016-11-27,1813.0,1840.0,1879,1879
2016-11-28,1813.0,1844.0,1837,1949
2016-11-29,1818.0,1844.0,1872,1872
2016-11-30,1821.0,1849.0,1809,1878
2016-12-01,1824.0,1852.0,1806,1831
2016-12-02,1835.0,1859.0,1891,1905
2016-12-03,1841.0,1864.0,1891,1891
2016-12-04,1847.0,1869.0,1891,1891
2016-12-05,1853.0,1876.0,1890,1895
2016-12-06,1860.0,1882.0,1906,1914
2016-12-07,1862.0,1888.0,1824,1956
2016-12-08,1867.0,1893.0,1895,1938
2016-12-09,1868.0,1894.0,1871,1910
2016-12-10,1867.0,1892.0,1871,1871
2016-12-11,1867.0,1892.0,1871,1871
2016-12-12,1865.0,1892.0,1824,1877
2016-12-13,1864.0,1891.0,1839,1856
2016-12-14,1863.0,1890.0,1839,1845
2016-12-15,1860.0,1885.0,1809,1859
2016-12-16,1859.0,1886.0,1832,1903
2016-12-17,1858.0,1883.0,1832,1832
2016-12-18,1857.0,1881.0,1832,1832
2016-12-19,1856.0,1880.0,1830,1835
2016-12-20,1856.0,1880.0,1853,1859
2016-12-21,1855.0,1880.0,1815,1854
2016-12-22,1853.0,1879.0,1790,1845
2016-12-23,1851.0,1877.0,1815,1835
2016-12-24,1850.0,1875.0,1815,1815
2016-12-25,1847.0,1873.0,1815,1815
2016-12-26,1845.0,1871.0,1815,1815
2016-12-27,1843.0,1869.0,1810,1818
2016-12-28,1841.0,1864.0,1766,1814
2016-12-29,1838.0,1862.0,1789,1803
2016-12-30,1838.0,1860.0,1809,1812
2016-12-31,1838.0,1859.0,1809,1809
2017-01-01,1835.0,1856.0,1809,1809
2017-01-02,1832.0,1853.0,1809,1809
2017-01-03,1830.0,1851.0,1807,1813
2017-01-04,1825.0,1848.0,1758,1814
2017-01-05,1818.0,1843.0,1673,1777
2017-01-06,1816.0,1837.0,1763,1767
2017-01-07,1811.0,1831.0,1763,1763
2017-01-08,1808.0,1826.0,1763,1763
2017-01-09,1803.0,1823.0,1749,1767
2017-01-10,1800.0,1820.0,1778,1785
2017-01-11,1802.0,1820.0,1875,1885
2017-01-12,1800.0,1822.0,1773,1893
2017-01-13,1799.0,1821.0,1826,1843
2017-01-14,1800.0,1820.0,1826,1826
2017-01-15,1800.0,1818.0,1826,1826
2017-01-16,1800.0,1818.0,1826,1826
2017-01-17,1799.0,1817.0,1822,1829
2017-01-18,1801.0,1820.0,1897,1925
2017-01-19,1801.0,1823.0,1852,1938
2017-01-20,1804.0,1825.0,1903,1916
2017-01-21,1808.0,1827.0,1903,1903
2017-01-22,1811.0,1829.0,1904,1904
2017-01-23,1813.0,1833.0,1875,1911
2017-01-24,1817.0,1836.0,1918,1918
2017-01-25,1820.0,1840.0,1913,1924
2017-01-26,1818.0,1844.0,1765,1941
2017-01-27,1820.0,1844.0,1806,1809
2017-01-28,1817.0,1844.0,1718,1806
2017-01-29,1814.0,1841.0,1718,1718
2017-01-30,1813.0,1840.0,1784,1787
2017-01-31,1814.0,1840.0,1816,1818
2017-02-01,1816.0,1844.0,1872,1931
2017-02-02,1817.0,1847.0,1851,1899
2017-02-03,1822.0,1850.0,1896,1898
2017-02-04,1829.0,1854.0,1896,1896
2017-02-05,1834.0,1858.0,1896,1896
2017-02-06,1838.0,1863.0,1878,1903
2017-02-07,1842.0,1868.0,1888,1913
2017-02-08,1846.0,1872.0,1879,1897
2017-02-09,1848.0,1876.0,1825,1902
2017-02-10,1847.0,1876.0,1872,1898
2017-02-11,1851.0,1876.0,1872,1872
2017-02-12,1852.0,1877.0,1872,1872
2017-02-13,1854.0,1879.0,1882,1885
2017-02-14,1858.0,1882.0,1926,1931
2017-02-15,1859.0,1886.0,1883,1931
2017-02-16,1861.0,1889.0,1859,1928
2017-02-17,1860.0,1889.0,1870,1923
2017-02-18,1860.0,1887.0,1870,1870
2017-02-19,1859.0,1885.0,1870,1870
2017-02-20,1858.0,1884.0,1870,1870
2017-02-21,1855.0,1883.0,1821,1871
2017-02-22,1852.0,1880.0,1788,1826
2017-02-23,1846.0,1878.0,1739,1856
2017-02-24,1844.0,1876.0,1835,1849
2017-02-25,1846.0,1872.0,1835,1835
2017-02-26,1847.0,1873.0,1835,1835
2017-02-27,1851.0,1874.0,1838,1841
2017-02-28,1857.0,1880.0,1884,1889
2017-03-01,1859.0,1883.0,1845,1889
2017-03-02,1858.0,1885.0,1805,1871
2017-03-03,1859.0,1884.0,1879,1889
2017-03-04,1860.0,1883.0,1879,1879
2017-03-05,1859.0,1882.0,1879,1879
2017-03-06,1856.0,1882.0,1818,1884
2017-03-07,1851.0,1881.0,1734,1858
2017-03-08,1846.0,1875.0,1734,1740
2017-03-09,1839.0,1870.0,1658,1766
2017-03-10,1833.0,1864.0,1699,1711
2017-03-11,1828.0,1857.0,1699,1699
2017-03-12,1823.0,1851.0,1699,1699
2017-03-13,1817.0,1845.0,1700,1702
2017-03-14,1813.0,1841.0,1755,1760
2017-03-15,1809.0,1838.0,1752,1795
2017-03-16,1801.0,1833.0,1706,1789
2017-03-17,1798.0,1829.0,1776,1801
2017-03-18,1795.0,1824.0,1776,1776
2017-03-19,1792.0,1819.0,1776,1776
2017-03-20,1787.0,1816.0,1727,1781
2017-03-21,1786.0,1815.0,1830,1833
2017-03-22,1786.0,1815.0,1877,1882
2017-03-23,1785.0,1816.0,1781,1902
2017-03-24,1786.0,1817.0,1838,1845
2017-03-25,1790.0,1816.0,1838,1838
2017-03-26,1790.0,1816.0,1838,1838
2017-03-27,1791.0,1817.0,1864,1868
2017-03-28,1793.0,1820.0,1913,1915
2017-03-29,1794.0,1823.0,1866,1923
2017-03-30,1792.0,1823.0,1822,1906
2017-03-31,1793.0,1823.0,1866,1885
2017-04-01,1795.0,1823.0,1866,1866
2017-04-02,1794.0,1822.0,1866,1866
2017-04-03,1793.0,1823.0,1850,1896
2017-04-04,1791.0,1823.0,1792,1899
2017-04-05,1791.0,1822.0,1845,1845
2017-04-06,1794.0,1823.0,1798,1888
2017-04-07,1798.0,1828.0,1878,1892
2017-04-08,1806.0,1832.0,1879,1879
2017-04-09,1812.0,1837.0,1879,1879
2017-04-10,1818.0,1844.0,1883,1885
2017-04-11,1825.0,1851.0,1914,1926
2017-04-12,1832.0,1859.0,1919,1931
2017-04-13,1835.0,1865.0,1830,1940
2017-04-14,1839.0,1868.0,1889,1896
2017-04-15,1846.0,1872.0,1889,1889
2017-04-16,1849.0,1874.0,1889,1889
2017-04-17,1852.0,1878.0,1852,1893
2017-04-18,1856.0,1883.0,1899,1909
2017-04-19,1862.0,1887.0,1897,1907
2017-04-20,1859.0,1890.0,1756,1926
2017-04-21,1856.0,1888.0,1778,1809
2017-04-22,1856.0,1884.0,1778,1778
2017-04-23,1854.0,1881.0,1778,1778
2017-04-24,1853.0,1881.0,1819,1833
2017-04-25,1853.0,1881.0,1842,1847
2017-04-26,1854.0,1882.0,1883,1898
2017-04-27,1850.0,1883.0,1784,1922
2017-04-28,1848.0,1880.0,1831,1837
2017-04-29,1849.0,1877.0,1834,1834
2017-04-30,1848.0,1876.0,1834,1834
2017-05-01,1848.0,1876.0,1883,1890
2017-05-02,1848.0,1878.0,1866,1919
2017-05-03,1850.0,1879.0,1907,1920
2017-05-04,1851.0,1881.0,1809,1943
2017-05-05,1850.0,1881.0,1816,1867
2017-05-06,1850.0,1879.0,1816,1816
2017-05-07,1848.0,1876.0,1816,1816
2017-05-08,1846.0,1874.0,1811,1819
2017-05-09,1844.0,1873.0,1832,1845
2017-05-10,1844.0,1873.0,1868,1889
2017-05-11,1840.0,1872.0,1795,1901
2017-05-12,1838.0,1870.0,1846,1850
2017-05-13,1838.0,1867.0,1846,1846
2017-05-14,1837.0,1865.0,1846,1846
2017-05-15,1836.0,1865.0,1859,1902
2017-05-16,1835.0,1866.0,1883,1894
2017-05-17,1836.0,1867.0,1867,1933
2017-05-18,1833.0,1867.0,1797,1924
2017-05-19,1831.0,1866.0,1843,1858
2017-05-20,1834.0,1863.0,1843,1843
2017-05-21,1836.0,1864.0,1843,1843
2017-05-22,1839.0,1868.0,1887,1898
2017-05-23,1844.0,1873.0,1915,1923
2017-05-24,1848.0,1877.0,1943,1967
2017-05-25,1849.0,1883.0,1871,1999
2017-05-26,1850.0,1884.0,1901,1935
2017-05-27,1854.0,1883.0,1901,1901
2017-05-28,1856.0,1885.0,1902,1902
2017-05-29,1858.0,1888.0,1902,1902
2017-05-30,1859.0,1890.0,1852,1910
2017-05-31,1859.0,1892.0,1901,1958
2017-06-01,1858.0,1893.0,1829,1951
2017-06-02,1857.0,1892.0,1873,1881
2017-06-03,1859.0,1890.0,1873,1873
2017-06-04,1861.0,1890.0,1874,1874
2017-06-05,1864.0,1894.0,1910,1928
2017-06-06,1868.0,1898.0,1917,1943
2017-06-07,1871.0,1901.0,1906,1921
2017-06-08,1871.0,1905.0,1850,1941
2017-06-09,1873.0,1905.0,1904,1910
2017-06-10,1877.0,1906.0,1917,1917
2017-06-11,1879.0,1908.0,1922,1922
2017-06-12,1880.0,1911.0,1880,1926
2017-06-13,1882.0,1913.0,1896,1910
2017-06-14,1882.0,1914.0,1872,1934
2017-06-15,1879.0,1915.0,1770,1919
2017-06-16,1877.0,1911.0,1810,1822
2017-06-17,1877.0,1907.0,1806,1811
2017-06-18,1876.0,1906.0,1808,1808
2017-06-19,1875.0,1905.0,1804,1814
2017-06-20,1874.0,1905.0,1832,1838
2017-06-21,1871.0,1904.0,1799,1887
2017-06-22,1864.0,1902.0,1710,1849
2017-06-23,1858.0,1895.0,1747,1757
2017-06-24,1854.0,1886.0,1747,1747
2017-06-25,1849.0,1880.0,1747,1747
2017-06-26,1842.0,1875.0,1700,1750
2017-06-27,1836.0,1869.0,1730,1734
2017-06-28,1831.0,1866.0,1740,1788
2017-06-29,1826.0,1862.0,1714,1801
2017-06-30,1821.0,1855.0,1744,1756
2017-07-01,1818.0,1848.0,1744,1744
2017-07-02,1814.0,1844.0,1748,1748
2017-07-03,1810.0,1840.0,1755,1759
2017-07-04,1806.0,1836.0,1755,1755
2017-07-05,1803.0,1833.0,1830,1838
2017-07-06,1800.0,1831.0,1825,1884
2017-07-07,1798.0,1829.0,1848,1865
2017-07-08,1798.0,1826.0,1846,1848
2017-07-09,1796.0,1824.0,1847,1847
2017-07-10,1794.0,1822.0,1845,1851
2017-07-11,1791.0,1820.0,1833,1872
2017-07-12,1788.0,1819.0,1781,1890
2017-07-13,1783.0,1818.0,1739,1881
2017-07-14,1780.0,1814.0,1795,1804
2017-07-15,1781.0,1810.0,1794,1795
2017-07-16,1780.0,1809.0,1794,1794
2017-07-17,1780.0,1809.0,1796,1807
2017-07-18,1781.0,1810.0,1842,1846
2017-07-19,1783.0,1813.0,1865,1895
2017-07-20,1782.0,1815.0,1809,1902
2017-07-21,1783.0,1814.0,1821,1870
2017-07-22,1787.0,1813.0,1821,1821
2017-07-23,1789.0,1815.0,1821,1821
2017-07-24,1792.0,1819.0,1825,1859
2017-07-25,1795.0,1823.0,1836,1875
2017-07-26,1799.0,1827.0,1830,1874
2017-07-27,1799.0,1832.0,1722,1880
2017-07-28,1798.0,1834.0,1721,1831
2017-07-29,1798.0,1831.0,1721,1721
2017-07-30,1796.0,1830.0,1672,1721
2017-07-31,1792.0,1828.0,1628,1683
2017-08-01,1790.0,1826.0,1673,1682
2017-08-02,1787.0,1823.0,1677,1683
2017-08-03,1786.0,1822.0,1715,1728
2017-08-04,1785.0,1822.0,1796,1818
2017-08-05,1780.0,1819.0,1698,1798
2017-08-06,1775.0,1813.0,1698,1698
2017-08-07,1772.0,1810.0,1734,1738
2017-08-08,1765.0,1807.0,1636,1784
2017-08-09,1756.0,1801.0,1572,1646
2017-08-10,1748.0,1792.0,1594,1605
2017-08-11,1743.0,1784.0,1633,1650
2017-08-12,1739.0,1775.0,1633,1633
2017-08-13,1734.0,1770.0,1632,1633
2017-08-14,1725.0,1764.0,1534,1636
2017-08-15,1718.0,1758.0,1586,1592
2017-08-16,1711.0,1751.0,1591,1614
2017-08-17,1704.0,1744.0,1620,1629
2017-08-18,1694.0,1736.0,1561,1658
2017-08-19,1686.0,1725.0,1566,1566
2017-08-20,1677.0,1715.0,1566,1566
2017-08-21,1664.0,1707.0,1441,1576
2017-08-22,1653.0,1695.0,1467,1477
2017-08-23,1641.0,1683.0,1483,1504
2017-08-24,1628.0,1672.0,1434,1527
2017-08-25,1617.0,1660.0,1510,1528
2017-08-26,1610.0,1648.0,1512,1512
2017-08-27,1603.0,1637.0,1510,1513
2017-08-28,1596.0,1630.0,1504,1515
2017-08-29,1590.0,1625.0,1482,1547
2017-08-30,1584.0,1618.0,1466,1484
2017-08-31,1578.0,1613.0,1497,1525
2017-09-01,1574.0,1609.0,1558,1571
2017-09-02,1569.0,1603.0,1558,1558
2017-09-03,1561.0,1595.0,1558,1558
2017-09-04,1556.0,1587.0,1558,1558
2017-09-05,1550.0,1582.0,1513,1563
2017-09-06,1542.0,1576.0,1490,1562
2017-09-07,1543.0,1573.0,1655,1695
2017-09-08,1550.0,1578.0,1788,1799
2017-09-09,1555.0,1586.0,1752,1834
2017-09-10,1563.0,1593.0,1859,1859
2017-09-11,1570.0,1601.0,1859,1859
2017-09-12,1580.0,1610.0,1907,1907
2017-09-13,1592.0,1619.0,1911,1915
2017-09-14,1603.0,1630.0,1902,1916
2017-09-15,1610.0,1641.0,1802,1941
2017-09-16,1612.0,1647.0,1684,1825
2017-09-17,1616.0,1648.0,1684,1684
2017-09-18,1621.0,1653.0,1713,1714
2017-09-19,1624.0,1661.0,1665,1815
2017-09-20,1632.0,1665.0,1673,1684
2017-09-21,1634.0,1674.0,1535,1761
2017-09-22,1635.0,1678.0,1524,1614
2017-09-23,1638.0,1678.0,1524,1524
2017-09-24,1639.0,1678.0,1524,1524
2017-09-25,1637.0,1679.0,1444,1541
2017-09-26,1636.0,1679.0,1496,1504
2017-09-27,1638.0,1681.0,1569,1584
2017-09-28,1640.0,1684.0,1537,1633
2017-09-29,1645.0,1689.0,1610,1640
2017-09-30,1649.0,1692.0,1611,1611
2017-10-01,1651.0,1693.0,1612,1612
2017-10-02,1651.0,1695.0,1568,1622
2017-10-03,1653.0,1698.0,1627,1632
2017-10-04,1657.0,1702.0,1664,1674
2017-10-05,1658.0,1706.0,1548,1709
2017-10-06,1662.0,1709.0,1618,1633
2017-10-07,1661.0,1706.0,1618,1618
2017-10-08,1655.0,1700.0,1619,1619
2017-10-09,1651.0,1693.0,1620,1620
2017-10-10,1643.0,1686.0,1628,1639
2017-10-11,1637.0,1680.0,1671,1684
2017-10-12,1630.0,1675.0,1695,1747
2017-10-13,1626.0,1670.0,1786,1791
2017-10-14,1622.0,1666.0,1788,1788
2017-10-15,1621.0,1661.0,1788,1788
2017-10-16,1624.0,1661.0,1773,1815
2017-10-17,1629.0,1666.0,1817,1826
2017-10-18,1632.0,1671.0,1809,1869
2017-10-19,1633.0,1672.0,1702,1854
2017-10-20,1636.0,1675.0,1767,1775
2017-10-21,1644.0,1675.0,1768,1768
2017-10-22,1652.0,1680.0,1768,1768
2017-10-23,1661.0,1689.0,1784,1789
2017-10-24,1671.0,1699.0,1817,1829
2017-10-25,1684.0,1710.0,1829,1861
2017-10-26,1692.0,1723.0,1758,1879
2017-10-27,1701.0,1731.0,1827,1842
2017-10-28,1711.0,1738.0,1827,1827
2017-10-29,1718.0,1744.0,1827,1827
2017-10-30,1725.0,1751.0,1826,1836
2017-10-31,1734.0,1761.0,1886,1901
2017-11-01,1745.0,1770.0,1886,1898
2017-11-02,1750.0,1780.0,1783,1934
2017-11-03,1757.0,1787.0,1863,1878
2017-11-04,1767.0,1792.0,1863,1863
2017-11-05,1775.0,1800.0,1863,1863
2017-11-06,1780.0,1809.0,1775,1883
2017-11-07,1785.0,1814.0,1764,1778
2017-11-08,1788.0,1819.0,1714,1782
2017-11-09,1791.0,1825.0,1711,1808
2017-11-10,1792.0,1826.0,1711,1711
2017-11-11,1793.0,1825.0,1714,1714
2017-11-12,1791.0,1822.0,1714,1714
2017-11-13,1788.0,1820.0,1708,1721
2017-11-14,1786.0,1819.0,1741,1750
2017-11-15,1785.0,1817.0,1735,1754
2017-11-16,1779.0,1815.0,1639,1775
2017-11-17,1776.0,1810.0,1696,1710
2017-11-18,1772.0,1805.0,1592,1698
2017-11-19,1766.0,1798.0,1592,1592
2017-11-20,1761.0,1794.0,1618,1632
2017-11-21,1757.0,1790.0,1633,1648
2017-11-22,1754.0,1788.0,1714,1725
2017-11-23,1751.0,1784.0,1714,1714
2017-11-24,1749.0,1781.0,1770,1771
2017-11-25,1749.0,1777.0,1760,1770
2017-11-26,1750.0,1778.0,1859,1859
2017-11-27,1748.0,1779.0,1758,1863
2017-11-28,1743.0,1779.0,1698,1823
2017-11-29,1739.0,1775.0,1697,1727
2017-11-30,1733.0,1770.0,1719,1730
2017-12-01,1731.0,1767.0,1804,1828
2017-12-02,1732.0,1763.0,1807,1807
2017-12-03,1727.0,1761.0,1715,1807
2017-12-04,1722.0,1756.0,1710,1720
2017-12-05,1719.0,1753.0,1777,1789
2017-12-06,1717.0,1750.0,1734,1785
2017-12-07,1716.0,1751.0,1739,1791
2017-12-08,1720.0,1752.0,1810,1824
2017-12-09,1723.0,1752.0,1812,1812
2017-12-10,1726.0,1756.0,1812,1812
2017-12-11,1726.0,1759.0,1718,1823
2017-12-12,1723.0,1761.0,1621,1775
2017-12-13,1722.0,1759.0,1656,1665
2017-12-14,1719.0,1758.0,1674,1704
2017-12-15,1718.0,1757.0,1704,1725
2017-12-16,1721.0,1754.0,1704,1704
2017-12-17,1721.0,1754.0,1704,1704
2017-12-18,1725.0,1755.0,1712,1724
2017-12-19,1730.0,1761.0,1752,1759
2017-12-20,1733.0,1765.0,1707,1766
2017-12-21,1731.0,1768.0,1582,1747
2017-12-22,1730.0,1767.0,1656,1674
2017-12-23,1728.0,1765.0,1656,1656
2017-12-24,1724.0,1761.0,1656,1656
2017-12-25,1720.0,1757.0,1656,1656
2017-12-26,1712.0,1750.0,1598,1658
2017-12-27,1709.0,1744.0,1674,1683
2017-12-28,1706.0,1742.0,1626,1748
2017-12-29,1707.0,1742.0,1722,1729
2017-12-30,1707.0,1742.0,1722,1722
2017-12-31,1705.0,1738.0,1723,1723
2018-01-01,1702.0,1735.0,1723,1723
2018-01-02,1702.0,1733.0,1735,1737
2018-01-03,1702.0,1734.0,1682,1755
2018-01-04,1696.0,1731.0,1608,1694
2018-01-05,1693.0,1727.0,1649,1662
2018-01-06,1690.0,1722.0,1652,1652
2018-01-07,1685.0,1717.0,1653,1653
2018-01-08,1680.0,1713.0,1676,1704
2018-01-09,1676.0,1709.0,1679,1691
2018-01-10,1675.0,1705.0,1697,1712
2018-01-11,1675.0,1704.0,1601,1741
2018-01-12,1675.0,1705.0,1673,1686
2018-01-13,1676.0,1704.0,1684,1684
2018-01-14,1675.0,1703.0,1684,1684
2018-01-15,1674.0,1702.0,1684,1684
2018-01-16,1674.0,1703.0,1697,1713
2018-01-17,1675.0,1703.0,1742,1743
2018-01-18,1672.0,1703.0,1652,1742
2018-01-19,1671.0,1700.0,1695,1698
2018-01-20,1676.0,1699.0,1711,1711
2018-01-21,1678.0,1701.0,1720,1720
2018-01-22,1682.0,1705.0,1776,1784
2018-01-23,1685.0,1711.0,1764,1826
2018-01-24,1690.0,1716.0,1809,1824
2018-01-25,1696.0,1723.0,1761,1864
2018-01-26,1700.0,1728.0,1792,1816
2018-01-27,1706.0,1730.0,1815,1815
2018-01-28,1709.0,1733.0,1816,1816
2018-01-29,1713.0,1736.0,1825,1835
2018-01-30,1718.0,1742.0,1870,1879
2018-01-31,1721.0,1748.0,1834,1906
2018-02-01,1721.0,1752.0,1724,1869
2018-02-02,1722.0,1753.0,1715,1769
2018-02-03,1726.0,1754.0,1745,1745
2018-02-04,1730.0,1757.0,1745,1745
2018-02-05,1735.0,1763.0,1810,1818
2018-02-06,1741.0,1769.0,1846,1857
2018-02-07,1748.0,1776.0,1888,1917
2018-02-08,1752.0,1784.0,1788,1907
2018-02-09,1758.0,1789.0,1859,1869
2018-02-10,1767.0,1794.0,1881,1881
2018-02-11,1774.0,1800.0,1881,1881
2018-02-12,1780.0,1809.0,1875,1945
2018-02-13,1787.0,1816.0,1885,1909
2018-02-14,1788.0,1825.0,1730,1934
2018-02-15,1786.0,1826.0,1622,1765
2018-02-16,1784.0,1824.0,1674,1687
2018-02-17,1785.0,1823.0,1704,1704
2018-02-18,1786.0,1823.0,1705,1706
2018-02-19,1786.0,1823.0,1706,1706
2018-02-20,1786.0,1825.0,1750,1757
2018-02-21,1787.0,1826.0,1800,1820
2018-02-22,1785.0,1826.0,1687,1837
2018-02-23,1780.0,1824.0,1675,1759
2018-02-24,1779.0,1819.0,1709,1709
2018-02-25,1776.0,1815.0,1711,1711
2018-02-26,1771.0,1814.0,1680,1784
2018-02-27,1767.0,1810.0,1687,1703
2018-02-28,1764.0,1808.0,1748,1764
2018-03-01,1756.0,1805.0,1606,1772
2018-03-02,1751.0,1798.0,1681,1697
2018-03-03,1750.0,1792.0,1702,1702
2018-03-04,1749.0,1790.0,1702,1702
2018-03-05,1749.0,1789.0,1723,1735
2018-03-06,1748.0,1789.0,1730,1745
2018-03-07,1746.0,1787.0,1746,1756
2018-03-08,1740.0,1785.0,1672,1795
2018-03-09,1737.0,1781.0,1778,1787
2018-03-10,1736.0,1777.0,1779,1780
2018-03-11,1734.0,1774.0,1779,1779
2018-03-12,1730.0,1772.0,1766,1819
2018-03-13,1726.0,1769.0,1779,1788
2018-03-14,1723.0,1765.0,1787,1852
2018-03-15,1717.0,1762.0,1678,1820
2018-03-16,1716.0,1756.0,1725,1734
2018-03-17,1721.0,1755.0,1751,1751
2018-03-18,1723.0,1758.0,1751,1751
2018-03-19,1725.0,1760.0,1771,1785
2018-03-20,1728.0,1763.0,1793,1803
2018-03-21,1733.0,1768.0,1834,1844
2018-03-22,1732.0,1772.0,1740,1871
2018-03-23,1732.0,1771.0,1776,1788
2018-03-24,1736.0,1770.0,1817,1817
2018-03-25,1741.0,1772.0,1817,1817
2018-03-26,1744.0,1777.0,1798,1851
2018-03-27,1747.0,1780.0,1807,1821
2018-03-28,1753.0,1784.0,1867,1880
2018-03-29,1756.0,1790.0,1779,1896
2018-03-30,1759.0,1793.0,1845,1854
2018-03-31,1767.0,1796.0,1845,1845
2018-04-01,1774.0,1802.0,1878,1878
2018-04-02,1780.0,1809.0,1900,1927
2018-04-03,1787.0,1816.0,1905,1921
2018-04-04,1792.0,1824.0,1877,1954
2018-04-05,1792.0,1829.0,1706,1909
2018-04-06,1791.0,1829.0,1738,1753
2018-04-07,1795.0,1828.0,1779,1779
2018-04-08,1795.0,1828.0,1779,1779
2018-04-09,1796.0,1829.0,1809,1816
2018-04-10,1798.0,1832.0,1847,1866
2018-04-11,1803.0,1836.0,1922,1930
2018-04-12,1803.0,1841.0,1770,1952
2018-04-13,1800.0,1841.0,1681,1845
2018-04-14,1801.0,1838.0,1716,1716
2018-04-15,1800.0,1837.0,1716,1716
2018-04-16,1801.0,1838.0,1778,1783
2018-04-17,1803.0,1840.0,1793,1802
2018-04-18,1805.0,1843.0,1844,1866
2018-04-19,1806.0,1849.0,1814,1991
2018-04-20,1808.0,1851.0,1884,1901
2018-04-21,1812.0,1851.0,1882,1884
2018-04-22,1816.0,1854.0,1882,1882
2018-04-23,1818.0,1858.0,1884,1937
2018-04-24,1820.0,1862.0,1887,1936
2018-04-25,1824.0,1864.0,1893,1909
2018-04-26,1821.0,1868.0,1726,1924
2018-04-27,1819.0,1865.0,1803,1812
2018-04-28,1820.0,1863.0,1817,1818
2018-04-29,1819.0,1862.0,1817,1817
2018-04-30,1817.0,1862.0,1772,1863
2018-05-01,1814.0,1860.0,1800,1811
2018-05-02,1812.0,1857.0,1835,1851
2018-05-03,1807.0,1855.0,1753,1852
2018-05-04,1803.0,1852.0,1761,1848
2018-05-05,1805.0,1847.0,1775,1775
2018-05-06,1806.0,1848.0,1775,1775
2018-05-07,1806.0,1849.0,1759,1811
2018-05-08,1806.0,1850.0,1783,1804
2018-05-09,1807.0,1851.0,1836,1853
2018-05-10,1802.0,1852.0,1710,1902
2018-05-11,1797.0,1848.0,1767,1789
2018-05-12,1797.0,1842.0,1779,1781
2018-05-13,1801.0,1840.0,1779,1779
2018-05-14,1804.0,1843.0,1807,1829
2018-05-15,1808.0,1848.0,1830,1846
2018-05-16,1808.0,1852.0,1790,1915
2018-05-17,1803.0,1853.0,1644,1819
2018-05-18,1798.0,1847.0,1693,1703
2018-05-19,1794.0,1838.0,1705,1712
2018-05-20,1788.0,1831.0,1705,1705
2018-05-21,1781.0,1827.0,1663,1749
2018-05-22,1774.0,1821.0,1677,1693
2018-05-23,1768.0,1815.0,1688,1783
2018-05-24,1756.0,1810.0,1553,1773
2018-05-25,1747.0,1801.0,1619,1642
2018-05-26,1745.0,1792.0,1641,1641
2018-05-27,1742.0,1789.0,1736,1736
2018-05-28,1744.0,1790.0,1858,1858
2018-05-29,1742.0,1793.0,1755,1887
2018-05-30,1742.0,1791.0,1773,1812
2018-05-31,1739.0,1791.0,1715,1811
2018-06-01,1737.0,1789.0,1773,1779
2018-06-02,1737.0,1786.0,1773,1773
2018-06-03,1738.0,1784.0,1773,1773
2018-06-04,1740.0,1789.0,1847,1945
2018-06-05,1743.0,1793.0,1871,1883
2018-06-06,1747.0,1798.0,1861,1954
2018-06-07,1750.0,1804.0,1872,1999
2018-06-08,1752.0,1807.0,1889,1944
2018-06-09,1758.0,1808.0,1919,1919
2018-06-10,1764.0,1812.0,1919,1919
2018-06-11,1766.0,1818.0,1857,1973
2018-06-12,1769.0,1822.0,1860,1896
2018-06-13,1773.0,1826.0,1936,1938
2018-06-14,1773.0,1830.0,1833,1968
2018-06-15,1775.0,1829.0,1828,1884
2018-06-16,1781.0,1830.0,1846,1846
2018-06-17,1786.0,1835.0,1846,1846
2018-06-18,1790.0,1841.0,1819,1894
2018-06-19,1795.0,1846.0,1840,1849
2018-06-20,1802.0,1850.0,1869,1888
2018-06-21,1807.0,1857.0,1849,1904
2018-06-22,1813.0,1861.0,1870,1890
2018-06-23,1825.0,1865.0,1898,1898
2018-06-24,1832.0,1874.0,1827,1900
2018-06-25,1838.0,1880.0,1842,1844
2018-06-26,1840.0,1885.0,1774,1871
2018-06-27,1838.0,1884.0,1802,1819
2018-06-28,1838.0,1882.0,1746,1842
2018-06-29,1838.0,1882.0,1782,1822
2018-06-30,1840.0,1882.0,1786,1786
2018-07-01,1841.0,1882.0,1792,1792
2018-07-02,1840.0,1884.0,1745,1844
2018-07-03,1839.0,1884.0,1757,1778
2018-07-04,1835.0,1878.0,1728,1757
2018-07-05,1831.0,1876.0,1744,1814
2018-07-06,1828.0,1870.0,1761,1765
2018-07-07,1825.0,1863.0,1791,1792
2018-07-08,1822.0,1858.0,1789,1795
2018-07-09,1817.0,1856.0,1782,1863
2018-07-10,1813.0,1852.0,1783,1801
2018-07-11,1810.0,1848.0,1787,1857
2018-07-12,1807.0,1846.0,1762,1833
2018-07-13,1803.0,1842.0,1815,1819
2018-07-14,1804.0,1838.0,1853,1853
2018-07-15,1805.0,1837.0,1858,1858
2018-07-16,1805.0,1841.0,1850,1946
2018-07-17,1806.0,1842.0,1887,1895
2018-07-18,1809.0,1844.0,1891,1947
2018-07-19,1809.0,1848.0,1846,1976
2018-07-20,1808.0,1848.0,1831,1877
2018-07-21,1808.0,1846.0,1852,1852
2018-07-22,1807.0,1845.0,1855,1855
2018-07-23,1805.0,1846.0,1823,1929
2018-07-24,1806.0,1845.0,1864,1874
2018-07-25,1807.0,1847.0,1882,1893
2018-07-26,1810.0,1849.0,1853,1933
2018-07-27,1813.0,1852.0,1889,1906
2018-07-28,1818.0,1854.0,1893,1893
2018-07-29,1822.0,1856.0,1898,1898
2018-07-30,1824.0,1861.0,1846,1933
2018-07-31,1827.0,1865.0,1882,1903
2018-08-01,1832.0,1867.0,1897,1927
2018-08-02,1834.0,1872.0,1832,1913
2018-08-03,1838.0,1877.0,1830,1904
2018-08-04,1841.0,1878.0,1836,1836
2018-08-05,1843.0,1880.0,1839,1839
2018-08-06,1842.0,1883.0,1769,1893
2018-08-07,1842.0,1883.0,1783,1792
2018-08-08,1844.0,1883.0,1843,1856
2018-08-09,1845.0,1885.0,1816,1872
2018-08-10,1846.0,1885.0,1813,1859
2018-08-11,1848.0,1885.0,1815,1815
2018-08-12,1848.0,1885.0,1818,1818
2018-08-13,1844.0,1886.0,1726,1898
2018-08-14,1840.0,1883.0,1753,1755
2018-08-15,1837.0,1879.0,1754,1837
2018-08-16,1832.0,1876.0,1739,1788
2018-08-17,1829.0,1871.0,1802,1809
2018-08-18,1829.0,1866.0,1823,1825
2018-08-19,1828.0,1864.0,1826,1826
2018-08-20,1826.0,1865.0,1791,1861
2018-08-21,1824.0,1863.0,1797,1810
2018-08-22,1823.0,1861.0,1778,1866
2018-08-23,1820.0,1859.0,1770,1809
2018-08-24,1818.0,1857.0,1831,1844
2018-08-25,1818.0,1855.0,1852,1852
2018-08-26,1817.0,1853.0,1856,1857
2018-08-27,1811.0,1852.0,1707,1880
2018-08-28,1806.0,1848.0,1755,1778
2018-08-29,1798.0,1843.0,1603,1780
2018-08-30,1789.0,1836.0,1620,1671
2018-08-31,1782.0,1828.0,1694,1710
2018-09-01,1778.0,1821.0,1700,1700
2018-09-02,1774.0,1815.0,1703,1703
2018-09-03,1769.0,1810.0,1703,1703
2018-09-04,1767.0,1808.0,1772,1778
2018-09-05,1768.0,1809.0,1803,1912
2018-09-06,1769.0,1810.0,1805,1832
2018-09-07,1767.0,1810.0,1793,1848
2018-09-08,1768.0,1809.0,1834,1835
2018-09-09,1769.0,1808.0,1838,1838
2018-09-10,1768.0,1810.0,1803,1886
2018-09-11,1765.0,1811.0,1711,1834
2018-09-12,1767.0,1807.0,1789,1795
2018-09-13,1766.0,1809.0,1733,1802
2018-09-14,1767.0,1808.0,1792,1810
2018-09-15,1769.0,1808.0,1799,1799
2018-09-16,1769.0,1808.0,1802,1804
2018-09-17,1764.0,1808.0,1673,1827
2018-09-18,1761.0,1805.0,1721,1732
2018-09-19,1759.0,1803.0,1742,1791
2018-09-20,1758.0,1803.0,1744,1814
2018-09-21,1758.0,1801.0,1786,1794
2018-09-22,1759.0,1801.0,1820,1820
2018-09-23,1759.0,1800.0,1824,1824
2018-09-24,1756.0,1800.0,1755,1842
2018-09-25,1753.0,1798.0,1780,1797
2018-09-26,1756.0,1796.0,1795,1808
2018-09-27,1757.0,1797.0,1767,1835
2018-09-28,1763.0,1798.0,1796,1809
2018-09-29,1769.0,1803.0,1799,1799
2018-09-30,1773.0,1806.0,1802,1802
2018-10-01,1774.0,1812.0,1751,1885
2018-10-02,1777.0,1815.0,1766,1781
2018-10-03,1780.0,1821.0,1816,1887
2018-10-04,1781.0,1824.0,1794,1864
2018-10-05,1782.0,1823.0,1815,1894
2018-10-06,1782.0,1822.0,1816,1816
2018-10-07,1784.0,1826.0,1870,1951
2018-10-08,1786.0,1827.0,1870,1870
2018-10-09,1788.0,1830.0,1904,1942
2018-10-10,1788.0,1831.0,1817,1908
2018-10-11,1792.0,1831.0,1817,1817
2018-10-12,1792.0,1831.0,1789,1819
2018-10-13,1794.0,1831.0,1794,1794
2018-10-14,1794.0,1831.0,1798,1798
2018-10-15,1793.0,1832.0,1777,1843
2018-10-16,1794.0,1833.0,1820,1833
2018-10-17,1797.0,1834.0,1773,1845
2018-10-18,1797.0,1836.0,1721,1787
2018-10-19,1800.0,1838.0,1813,1856
2018-10-20,1802.0,1838.0,1813,1813
2018-10-21,1803.0,1838.0,1816,1816
2018-10-22,1801.0,1841.0,1772,1892
2018-10-23,1800.0,1840.0,1788,1800
2018-10-24,1802.0,1839.0,1798,1813
2018-10-25,1802.0,1841.0,1801,1863
2018-10-26,1803.0,1844.0,1812,1878
2018-10-27,1805.0,1844.0,1836,1836
2018-10-28,1807.0,1845.0,1842,1842
2018-10-29,1806.0,1850.0,1773,1943
2018-10-30,1805.0,1850.0,1785,1799
2018-10-31,1805.0,1847.0,1751,1804
2018-11-01,1804.0,1847.0,1725,1800
2018-11-02,1801.0,1843.0,1717,1760
2018-11-03,1798.0,1838.0,1721,1721
2018-11-04,1795.0,1833.0,1728,1728
2018-11-05,1796.0,1836.0,1842,1906
2018-11-06,1796.0,1835.0,1860,1912
2018-11-07,1794.0,1835.0,1830,1883
2018-11-08,1793.0,1834.0,1861,1900
2018-11-09,1794.0,1833.0,1858,1886
2018-11-10,1796.0,1834.0,1858,1858
2018-11-11,1798.0,1836.0,1858,1858
2018-11-12,1800.0,1838.0,1858,1858
2018-11-13,1800.0,1842.0,1781,1940
2018-11-14,1801.0,1843.0,1808,1872
2018-11-15,1799.0,1844.0,1770,1839
2018-11-16,1801.0,1843.0,1821,1832
2018-11-17,1804.0,1844.0,1820,1824
2018-11-18,1804.0,1843.0,1826,1826
2018-11-19,1803.0,1846.0,1786,1882
2018-11-20,1803.0,1847.0,1794,1855
2018-11-21,1803.0,1845.0,1781,1844
2018-11-22,1803.0,1845.0,1780,1781
2018-11-23,1802.0,1844.0,1782,1789
2018-11-24,1803.0,1843.0,1834,1834
2018-11-25,1804.0,1842.0,1838,1838
2018-11-26,1802.0,1845.0,1780,1934
2018-11-27,1802.0,1845.0,1824,1841
2018-11-28,1804.0,1842.0,1844,1851
2018-11-29,1805.0,1845.0,1818,1895
2018-11-30,1808.0,1847.0,1842,1852
2018-12-01,1812.0,1848.0,1843,1843
2018-12-02,1816.0,1851.0,1848,1848
2018-12-03,1821.0,1858.0,1860,1941
2018-12-04,1826.0,1863.0,1861,1873
2018-12-05,1826.0,1864.0,1847,1919
2018-12-06,1825.0,1863.0,1832,1880
2018-12-07,1826.0,1864.0,1878,1936
2018-12-08,1827.0,1864.0,1883,1884
2018-12-09,1828.0,1864.0,1887,1887
2018-12-10,1826.0,1869.0,1796,2004
2018-12-11,1823.0,1868.0,1771,1847
2018-12-12,1821.0,1866.0,1794,1801
2018-12-13,1823.0,1865.0,1853,1909
2018-12-14,1826.0,1866.0,1876,1905
2018-12-15,1829.0,1868.0,1879,1879
2018-12-16,1831.0,1869.0,1882,1882
2018-12-17,1830.0,1873.0,1795,1924
2018-12-18,1829.0,1873.0,1784,1831
2018-12-19,1831.0,1872.0,1833,1845
2018-12-20,1835.0,1875.0,1927,1960
2018-12-21,1841.0,1879.0,1953,1962
2018-12-22,1847.0,1885.0,1954,1954
2018-12-23,1853.0,1891.0,1962,1962
2018-12-24,1855.0,1897.0,1902,2019
2018-12-25,1857.0,1899.0,1902,1902
2018-12-26,1861.0,1900.0,1898,1951
2018-12-27,1864.0,1903.0,1903,1938
2018-12-28,1866.0,1905.0,1916,1927
2018-12-29,1869.0,1906.0,1917,1917
2018-12-30,1872.0,1908.0,1924,1924
2018-12-31,1873.0,1914.0,1873,2010
2019-01-01,1874.0,1915.0,1873,1873
2019-01-02,1875.0,1914.0,1899,1910
2019-01-03,1875.0,1916.0,1864,1929
2019-01-04,1878.0,1916.0,1918,1922
2019-01-05,1881.0,1917.0,1923,1923
2019-01-06,1882.0,1917.0,1928,1928
2019-01-07,1883.0,1920.0,1892,1967
2019-01-08,1881.0,1921.0,1834,1928
2019-01-09,1883.0,1917.0,1873,1884
2019-01-10,1886.0,1919.0,1851,1914
2019-01-11,1889.0,1923.0,1872,1901
2019-01-12,1889.0,1922.0,1874,1875
2019-01-13,1890.0,1921.0,1882,1882
2019-01-14,1889.0,1924.0,1856,1989
2019-01-15,1889.0,1925.0,1897,1902
2019-01-16,1893.0,1924.0,1893,1901
2019-01-17,1894.0,1927.0,1827,1906
2019-01-18,1895.0,1929.0,1871,1897
2019-01-19,1893.0,1926.0,1873,1873
2019-01-20,1891.0,1923.0,1881,1881
2019-01-21,1883.0,1921.0,1718,1881
2019-01-22,1874.0,1914.0,1685,1761
2019-01-23,1868.0,1905.0,1724,1740
2019-01-24,1863.0,1900.0,1737,1781
2019-01-25,1859.0,1895.0,1780,1796
2019-01-26,1855.0,1890.0,1786,1786
2019-01-27,1850.0,1886.0,1787,1787
2019-01-28,1842.0,1883.0,1667,1848
2019-01-29,1833.0,1876.0,1649,1711
2019-01-30,1826.0,1866.0,1675,1700
2019-01-31,1819.0,1861.0,1657,1719
2019-02-01,1812.0,1853.0,1676,1687
2019-02-02,1807.0,1846.0,1714,1714
2019-02-03,1800.0,1839.0,1716,1716
2019-02-04,1790.0,1833.0,1630,1748
2019-02-05,1781.0,1825.0,1657,1663
2019-02-06,1776.0,1818.0,1749,1755
2019-02-07,1775.0,1816.0,1792,1871
2019-02-08,1774.0,1814.0,1835,1846
2019-02-09,1776.0,1814.0,1915,1915
2019-02-10,1778.0,1815.0,1926,1926
2019-02-11,1776.0,1818.0,1814,1949
2019-02-12,1774.0,1819.0,1826,1912
2019-02-13,1774.0,1815.0,1860,1874
2019-02-14,1772.0,1814.0,1835,1878
2019-02-15,1772.0,1815.0,1902,1916
2019-02-16,1775.0,1815.0,1908,1908
2019-02-17,1776.0,1815.0,1910,1910
2019-02-18,1778.0,1819.0,1916,1989
2019-02-19,1779.0,1822.0,1916,1966
2019-02-20,1786.0,1824.0,1930,1947
2019-02-21,1794.0,1831.0,1928,1986
2019-02-22,1801.0,1839.0,1949,1968
2019-02-23,1809.0,1845.0,1955,1955
2019-02-24,1815.0,1850.0,1958,1958
2019-02-25,1816.0,1859.0,1843,2040
2019-02-26,1817.0,1862.0,1806,1880
2019-02-27,1824.0,1864.0,1882,1904
2019-02-28,1832.0,1871.0,1874,1923
2019-03-01,1839.0,1878.0,1902,1915
2019-03-02,1848.0,1884.0,1910,1911
2019-03-03,1856.0,1892.0,1917,1917
2019-03-04,1862.0,1902.0,1914,2017
2019-03-05,1869.0,1910.0,1908,1962
2019-03-06,1879.0,1917.0,1938,1953
2019-03-07,1889.0,1928.0,1948,1977
2019-03-08,1896.0,1935.0,1960,1972
2019-03-09,1902.0,1938.0,1964,1966
2019-03-10,1906.0,1942.0,1967,1967
2019-03-11,1906.0,1947.0,1902,2073
2019-03-12,1904.0,1948.0,1875,1959
2019-03-13,1908.0,1948.0,1923,1937
2019-03-14,1909.0,1949.0,1874,1954
2019-03-15,1910.0,1951.0,1897,1909
2019-03-16,1913.0,1951.0,1900,1900
2019-03-17,1913.0,1951.0,1904,1904
2019-03-18,1912.0,1954.0,1880,2016
2019-03-19,1909.0,1954.0,1837,1908
2019-03-20,1907.0,1951.0,1856,1873
2019-03-21,1906.0,1949.0,1888,1914
2019-03-22,1906.0,1948.0,1906,1914
2019-03-23,1905.0,1945.0,1909,1909
2019-03-24,1904.0,1943.0,1912,1912
2019-03-25,1900.0,1946.0,1833,2040
2019-03-26,1895.0,1944.0,1827,1882
2019-03-27,1895.0,1937.0,1847,1854
2019-03-28,1895.0,1938.0,1808,1884
2019-03-29,1894.0,1935.0,1828,1839
2019-03-30,1892.0,1932.0,1832,1832
2019-03-31,1890.0,1930.0,1834,1835
2019-04-01,1887.0,1932.0,1818,1972
2019-04-02,1883.0,1930.0,1793,1856
2019-04-03,1880.0,1923.0,1823,1826
2019-04-04,1877.0,1921.0,1814,1879
2019-04-05,1873.0,1917.0,1841,1849
2019-04-06,1870.0,1913.0,1844,1844
2019-04-07,1866.0,1909.0,1853,1853
2019-04-08,1864.0,1910.0,1880,2015
2019-04-09,1858.0,1908.0,1807,1904
2019-04-10,1857.0,1902.0,1869,1887
2019-04-11,1857.0,1900.0,1862,1891
2019-04-12,1855.0,1898.0,1878,1884
2019-04-13,1855.0,1896.0,1882,1882
2019-04-14,1855.0,1895.0,1885,1885
2019-04-15,1851.0,1896.0,1784,1944
2019-04-16,1848.0,1893.0,1809,1819
2019-04-17,1846.0,1887.0,1828,1838
2019-04-18,1847.0,1888.0,1847,1913
2019-04-19,1847.0,1888.0,1866,1883
2019-04-20,1846.0,1886.0,1869,1869
2019-04-21,1845.0,1885.0,1872,1872
2019-04-22,1842.0,1887.0,1823,1966
2019-04-23,1838.0,1885.0,1791,1866
2019-04-24,1838.0,1879.0,1836,1841
2019-04-25,1836.0,1878.0,1767,1867
2019-04-26,1834.0,1876.0,1780,1800
2019-04-27,1833.0,1873.0,1780,1780
2019-04-28,1833.0,1875.0,1833,1904
2019-04-29,1833.0,1877.0,1808,1874
2019-04-30,1830.0,1877.0,1770,1847
2019-05-01,1830.0,1872.0,1798,1814
2019-05-02,1832.0,1874.0,1857,1917
2019-05-03,1835.0,1877.0,1907,1913
2019-05-04,1838.0,1878.0,1912,1912
2019-05-05,1840.0,1880.0,1917,1917
2019-05-06,1842.0,1888.0,1903,2082
2019-05-07,1843.0,1891.0,1860,1942
2019-05-08,1843.0,1887.0,1882,1896
2019-05-09,1845.0,1888.0,1867,1932
2019-05-10,1847.0,1890.0,1936,1942
2019-05-11,1850.0,1891.0,1943,1943
2019-05-12,1852.0,1894.0,1946,1946
2019-05-13,1854.0,1901.0,1954,2109
2019-05-14,1856.0,1905.0,1920,2014
2019-05-15,1862.0,1907.0,1978,1988
2019-05-16,1867.0,1914.0,1946,2031
2019-05-17,1871.0,1919.0,1968,1983
2019-05-18,1875.0,1921.0,1974,1975
2019-05-19,1879.0,1924.0,1979,1979
2019-05-20,1879.0,1929.0,1860,2023
2019-05-21,1879.0,1932.0,1886,1966
2019-05-22,1881.0,1930.0,1882,1911
2019-05-23,1885.0,1934.0,1891,1967
2019-05-24,1888.0,1937.0,1929,1936
2019-05-25,1893.0,1939.0,1935,1935
2019-05-26,1899.0,1944.0,1937,1937
2019-05-27,1903.0,1953.0,1920,2050
2019-05-28,1905.0,1955.0,1879,1961
2019-05-29,1908.0,1956.0,1903,1910
2019-05-30,1913.0,1959.0,1912,1946
2019-05-31,1919.0,1965.0,1976,1981
2019-06-01,1923.0,1967.0,1981,1982
2019-06-02,1926.0,1970.0,2007,2007
2019-06-03,1928.0,1975.0,1972,2060
2019-06-04,1930.0,1979.0,1964,2025
2019-06-05,1932.0,1976.0,1988,2002
2019-06-06,1936.0,1980.0,1976,2064
2019-06-07,1939.0,1984.0,1953,2018
2019-06-08,1942.0,1985.0,1953,1953
2019-06-09,1942.0,1985.0,1956,1956
2019-06-10,1941.0,1987.0,1892,1994
2019-06-11,1938.0,1988.0,1867,1973
2019-06-12,1937.0,1982.0,1935,1937
2019-06-13,1937.0,1981.0,1919,1989
2019-06-14,1936.0,1980.0,1947,1949
2019-06-15,1936.0,1977.0,1948,1949
2019-06-16,1936.0,1976.0,1949,1949
2019-06-17,1933.0,1977.0,1891,1994
2019-06-18,1931.0,1975.0,1915,1930
2019-06-19,1934.0,1973.0,1942,1956
2019-06-20,1936.0,1974.0,1966,1994
2019-06-21,1940.0,1977.0,1987,2001
2019-06-22,1943.0,1978.0,1990,1990
2019-06-23,1945.0,1980.0,1996,1996
2019-06-24,1946.0,1986.0,1949,2115
2019-06-25,1944.0,1987.0,1895,1975
2019-06-26,1944.0,1983.0,1926,1937
2019-06-27,1944.0,1983.0,1865,1961
2019-06-28,1945.0,1984.0,1930,1933
2019-06-29,1946.0,1983.0,1931,1931
2019-06-30,1944.0,1982.0,1932,1932
2019-07-01,1943.0,1984.0,1937,2051
2019-07-02,1940.0,1985.0,1914,2044
2019-07-03,1938.0,1982.0,1912,1959
2019-07-04,1936.0,1978.0,1912,1912
2019-07-05,1934.0,1976.0,1934,1949
2019-07-06,1933.0,1972.0,1939,1939
2019-07-07,1932.0,1970.0,1944,1944
2019-07-08,1932.0,1974.0,1943,2094
2019-07-09,1930.0,1975.0,1906,1979
2019-07-10,1931.0,1973.0,1900,1941
2019-07-11,1931.0,1972.0,1867,1942
2019-07-12,1930.0,1972.0,1903,1916
2019-07-13,1929.0,1969.0,1904,1904
2019-07-14,1928.0,1967.0,1907,1907
2019-07-15,1924.0,1968.0,1843,1952
2019-07-16,1920.0,1965.0,1833,1873
2019-07-17,1919.0,1961.0,1862,1875
2019-07-18,1917.0,1960.0,1841,1897
2019-07-19,1918.0,1961.0,1969,1974
2019-07-20,1916.0,1960.0,1913,1970
2019-07-21,1914.0,1957.0,1916,1916
2019-07-22,1909.0,1957.0,1860,1993
2019-07-23,1904.0,1954.0,1842,1890
2019-07-24,1902.0,1946.0,1869,1884
2019-07-25,1901.0,1945.0,1888,1937
2019-07-26,1901.0,1944.0,1925,1933
2019-07-27,1904.0,1943.0,1929,1929
2019-07-28,1903.0,1944.0,1910,1964
2019-07-29,1900.0,1945.0,1848,1957
2019-07-30,1898.0,1944.0,1855,1894
2019-07-31,1896.0,1939.0,1896,1905
2019-08-01,1894.0,1936.0,1854,1940
2019-08-02,1895.0,1935.0,1939,1946
2019-08-03,1896.0,1938.0,1951,1989
2019-08-04,1897.0,1938.0,1959,1959
2019-08-05,1899.0,1943.0,1999,2082
2019-08-06,1900.0,1946.0,1970,2034
2019-08-07,1900.0,1943.0,1935,2017
2019-08-08,1900.0,1943.0,1918,1981
2019-08-09,1902.0,1944.0,1944,1954
2019-08-10,1904.0,1944.0,1950,1950
2019-08-11,1907.0,1946.0,1970,1970
2019-08-12,1906.0,1950.0,1893,2036
2019-08-13,1906.0,1951.0,1898,1922
2019-08-14,1908.0,1950.0,1911,1939
2019-08-15,1912.0,1954.0,1937,1996
2019-08-16,1915.0,1958.0,1951,1981
2019-08-17,1918.0,1960.0,1952,1952
2019-08-18,1918.0,1959.0,1960,1960
2019-08-19,1917.0,1961.0,1889,2006
2019-08-20,1919.0,1962.0,1954,1973
2019-08-21,1919.0,1962.0,1879,1984
2019-08-22,1920.0,1964.0,1879,1932
2019-08-23,1922.0,1966.0,1919,1966
2019-08-24,1923.0,1966.0,1921,1921
2019-08-25,1923.0,1965.0,1925,1925
2019-08-26,1921.0,1969.0,1867,2023
2019-08-27,1920.0,1967.0,1870,1909
2019-08-28,1923.0,1967.0,1947,1965
2019-08-29,1927.0,1970.0,1959,1991
2019-08-30,1929.0,1973.0,1979,1993
2019-08-31,1934.0,1975.0,1983,1984
2019-09-01,1935.0,1976.0,1988,1988
2019-09-02,1932.0,1976.0,1845,1988
2019-09-03,1929.0,1973.0,1865,1872
2019-09-04,1927.0,1969.0,1946,1951
2019-09-05,1925.0,1967.0,1908,1985
2019-09-06,1925.0,1965.0,1929,1942
2019-09-07,1925.0,1963.0,1934,1934
2019-09-08,1925.0,1963.0,1939,1939
2019-09-09,1921.0,1963.0,1842,1975
2019-09-10,1917.0,1960.0,1837,1873
2019-09-11,1917.0,1956.0,1889,1900
2019-09-12,1917.0,1958.0,1919,1986
2019-09-13,1918.0,1959.0,1925,1973
2019-09-14,1917.0,1957.0,1916,1928
2019-09-15,1916.0,1955.0,1923,1923
2019-09-16,1915.0,1958.0,1918,2066
2019-09-17,1912.0,1959.0,1864,1967
2019-09-18,1911.0,1956.0,1872,1917
2019-09-19,1908.0,1953.0,1841,1902
2019-09-20,1907.0,1950.0,1851,1868
2019-09-21,1906.0,1947.0,1861,1862
2019-09-22,1904.0,1944.0,1872,1872
2019-09-23,1900.0,1943.0,1782,1902
2019-09-24,1895.0,1940.0,1783,1824
2019-09-25,1894.0,1934.0,1844,1853
2019-09-26,1894.0,1934.0,1873,1896
2019-09-27,1892.0,1932.0,1883,1905
2019-09-28,1890.0,1929.0,1889,1889
2019-09-29,1887.0,1927.0,1885,1942
2019-09-30,1881.0,1925.0,1795,1921
2019-10-01,1874.0,1919.0,1780,1825
2019-10-02,1870.0,1914.0,1726,1827
2019-10-03,1864.0,1910.0,1697,1749
2019-10-04,1856.0,1902.0,1702,1723
2019-10-05,1849.0,1893.0,1702,1702
2019-10-06,1842.0,1885.0,1704,1704
2019-10-07,1831.0,1880.0,1630,1785
2019-10-08,1820.0,1871.0,1601,1671
2019-10-09,1813.0,1860.0,1626,1636
2019-10-10,1806.0,1853.0,1634,1674
2019-10-11,1798.0,1847.0,1631,1713
2019-10-12,1788.0,1835.0,1635,1635
2019-10-13,1779.0,1824.0,1638,1638
2019-10-14,1768.0,1814.0,1609,1638
2019-10-15,1759.0,1806.0,1633,1668
2019-10-16,1750.0,1793.0,1658,1677
2019-10-17,1742.0,1784.0,1623,1701
2019-10-18,1735.0,1776.0,1654,1686
2019-10-19,1729.0,1768.0,1659,1659
2019-10-20,1722.0,1761.0,1666,1666
2019-10-21,1712.0,1756.0,1561,1702
2019-10-22,1704.0,1748.0,1603,1618
2019-10-23,1699.0,1739.0,1641,1653
2019-10-24,1694.0,1735.0,1638,1686
2019-10-25,1688.0,1729.0,1668,1682
2019-10-26,1681.0,1722.0,1671,1671
2019-10-27,1674.0,1714.0,1673,1673
2019-10-28,1664.0,1708.0,1566,1728
2019-10-29,1653.0,1698.0,1570,1628
2019-10-30,1646.0,1688.0,1594,1610
2019-10-31,1641.0,1681.0,1614,1637
2019-11-01,1638.0,1676.0,1653,1671
2019-11-02,1637.0,1673.0,1657,1657
2019-11-03,1636.0,1671.0,1661,1661
2019-11-04,1631.0,1671.0,1547,1694
2019-11-05,1626.0,1667.0,1556,1597
2019-11-06,1624.0,1661.0,1593,1606
2019-11-07,1622.0,1660.0,1533,1635
2019-11-08,1621.0,1659.0,1589,1606
2019-11-09,1620.0,1656.0,1595,1595
2019-11-10,1619.0,1653.0,1598,1598
2019-11-11,1612.0,1651.0,1451,1598
2019-11-12,1605.0,1646.0,1426,1472
2019-11-13,1601.0,1640.0,1467,1479
2019-11-14,1594.0,1635.0,1442,1517
2019-11-15,1588.0,1629.0,1474,1484
2019-11-16,1583.0,1621.0,1475,1475
2019-11-17,1577.0,1614.0,1477,1477
2019-11-18,1569.0,1610.0,1399,1525
2019-11-19,1561.0,1602.0,1432,1439
2019-11-20,1558.0,1595.0,1467,1475
2019-11-21,1554.0,1592.0,1500,1521
2019-11-22,1553.0,1590.0,1590,1602
2019-11-23,1551.0,1587.0,1594,1594
2019-11-24,1549.0,1584.0,1599,1599
2019-11-25,1544.0,1583.0,1520,1637
2019-11-26,1538.0,1580.0,1514,1580
2019-11-27,1537.0,1574.0,1527,1553
2019-11-28,1536.0,1571.0,1527,1527
2019-11-29,1532.0,1568.0,1471,1527
2019-11-30,1527.0,1563.0,1478,1478
2019-12-01,1521.0,1556.0,1482,1482
2019-12-02,1515.0,1553.0,1469,1551
2019-12-03,1509.0,1548.0,1481,1503
2019-12-04,1508.0,1542.0,1506,1518
2019-12-05,1506.0,1540.0,1516,1559
2019-12-06,1506.0,1540.0,1590,1597
2019-12-07,1508.0,1539.0,1595,1595
2019-12-08,1509.0,1539.0,1601,1601
2019-12-09,1507.0,1541.0,1528,1661
2019-12-10,1504.0,1540.0,1530,1578
2019-12-11,1508.0,1539.0,1553,1571
2019-12-12,1512.0,1543.0,1547,1591
2019-12-13,1516.0,1547.0,1593,1600
2019-12-14,1521.0,1550.0,1597,1597
2019-12-15,1525.0,1554.0,1600,1600
2019-12-16,1525.0,1559.0,1460,1629
2019-12-17,1523.0,1559.0,1438,1493
2019-12-18,1526.0,1558.0,1463,1480
2019-12-19,1527.0,1560.0,1469,1492
2019-12-20,1528.0,1561.0,1501,1514
2019-12-21,1528.0,1560.0,1505,1505
2019-12-22,1525.0,1557.0,1507,1507
2019-12-23,1519.0,1556.0,1393,1543
2019-12-24,1512.0,1549.0,1393,1393
2019-12-25,1508.0,1541.0,1393,1393
2019-12-26,1503.0,1535.0,1379,1411
2019-12-27,1498.0,1529.0,1381,1384
2019-12-28,1494.0,1525.0,1386,1386
2019-12-29,1491.0,1520.0,1389,1389
2019-12-30,1487.0,1519.0,1371,1435
2019-12-31,1484.0,1515.0,1374,1381
2020-01-01,1480.0,1509.0,1374,1374
2020-01-02,1476.0,1507.0,1346,1420
2020-01-03,1471.0,1503.0,1372,1406
2020-01-04,1467.0,1497.0,1378,1378
2020-01-05,1460.0,1490.0,1384,1384
2020-01-06,1449.0,1483.0,1274,1385
2020-01-07,1437.0,1472.0,1231,1275
2020-01-08,1427.0,1458.0,1225,1233
2020-01-09,1415.0,1446.0,1175,1236
2020-01-10,1404.0,1435.0,1208,1225
2020-01-11,1392.0,1422.0,1212,1212
2020-01-12,1380.0,1409.0,1214,1214
2020-01-13,1368.0,1399.0,1230,1279
2020-01-14,1357.0,1388.0,1282,1294
2020-01-15,1352.0,1380.0,1298,1382
2020-01-16,1350.0,1378.0,1379,1444
2020-01-17,1348.0,1377.0,1427,1437
2020-01-18,1347.0,1375.0,1433,1433
2020-01-19,1345.0,1372.0,1437,1437
2020-01-20,1340.0,1370.0,1344,1438
2020-01-21,1334.0,1367.0,1335,1396
2020-01-22,1332.0,1360.0,1347,1355
2020-01-23,1330.0,1361.0,1336,1407
2020-01-24,1330.0,1362.0,1387,1419
2020-01-25,1331.0,1361.0,1393,1394
2020-01-26,1331.0,1362.0,1397,1397
2020-01-27,1331.0,1365.0,1366,1481
2020-01-28,1331.0,1366.0,1388,1435
2020-01-29,1332.0,1366.0,1422,1427
2020-01-30,1333.0,1369.0,1393,1469
2020-01-31,1333.0,1370.0,1390,1405
2020-02-01,1335.0,1369.0,1395,1395
2020-02-02,1336.0,1369.0,1395,1397
2020-02-03,1336.0,1372.0,1381,1490
2020-02-04,1336.0,1374.0,1376,1443
2020-02-05,1341.0,1376.0,1426,1436
2020-02-06,1348.0,1383.0,1438,1487
2020-02-07,1356.0,1392.0,1490,1506
2020-02-08,1367.0,1401.0,1495,1495
2020-02-09,1377.0,1410.0,1508,1508
2020-02-10,1385.0,1422.0,1456,1562
2020-02-11,1394.0,1433.0,1487,1533
2020-02-12,1404.0,1442.0,1532,1547
2020-02-13,1412.0,1452.0,1496,1613
2020-02-14,1421.0,1460.0,1570,1623
2020-02-15,1427.0,1465.0,1576,1576
2020-02-16,1432.0,1469.0,1578,1578
2020-02-17,1433.0,1474.0,1457,1578
2020-02-18,1434.0,1477.0,1480,1519
2020-02-19,1440.0,1480.0,1524,1535
2020-02-20,1447.0,1487.0,1533,1586
2020-02-21,1454.0,1494.0,1548,1564
2020-02-22,1461.0,1498.0,1556,1556
2020-02-23,1467.0,1503.0,1560,1563
2020-02-24,1470.0,1511.0,1485,1624
2020-02-25,1475.0,1516.0,1541,1556
2020-02-26,1481.0,1520.0,1558,1603
2020-02-27,1487.0,1526.0,1568,1616
2020-02-28,1493.0,1532.0,1593,1606
2020-02-29,1500.0,1537.0,1597,1597
2020-03-01,1507.0,1543.0,1600,1600
2020-03-02,1512.0,1552.0,1552,1655
2020-03-03,1518.0,1558.0,1564,1596
2020-03-04,1525.0,1563.0,1614,1620
2020-03-05,1534.0,1571.0,1642,1682
2020-03-06,1542.0,1579.0,1665,1682
2020-03-07,1550.0,1585.0,1667,1667
2020-03-08,1556.0,1590.0,1669,1669
2020-03-09,1559.0,1598.0,1584,1712
2020-03-10,1562.0,1602.0,1597,1645
2020-03-11,1568.0,1605.0,1643,1649
2020-03-12,1572.0,1610.0,1602,1682
2020-03-13,1576.0,1614.0,1654,1660
2020-03-14,1581.0,1615.0,1659,1659
2020-03-15,1584.0,1617.0,1664,1664
2020-03-16,1585.0,1620.0,1590,1678
2020-03-17,1586.0,1622.0,1629,1647
2020-03-18,1592.0,1625.0,1635,1646
2020-03-19,1598.0,1630.0,1634,1678
2020-03-20,1602.0,1635.0,1664,1676
2020-03-21,1607.0,1637.0,1664,1666
2020-03-22,1610.0,1641.0,1664,1664
2020-03-23,1612.0,1646.0,1588,1712
2020-03-24,1612.0,1647.0,1580,1593
2020-03-25,1616.0,1646.0,1595,1605
2020-03-26,1618.0,1649.0,1590,1635
2020-03-27,1619.0,1649.0,1591,1608
2020-03-28,1619.0,1648.0,1591,1592
2020-03-29,1619.0,1648.0,1595,1595
2020-03-30,1614.0,1648.0,1439,1615
2020-03-31,1610.0,1644.0,1468,1469
2020-04-01,1607.0,1638.0,1467,1478
2020-04-02,1604.0,1635.0,1482,1498
2020-04-03,1599.0,1631.0,1445,1495
2020-04-04,1592.0,1623.0,1443,1445
2020-04-05,1584.0,1615.0,1437,1446
2020-04-06,1573.0,1607.0,1324,1437
2020-04-07,1561.0,1596.0,1311,1324
2020-04-08,1552.0,1583.0,1313,1322
2020-04-09,1538.0,1572.0,1177,1315
2020-04-10,1522.0,1556.0,1169,1181
2020-04-11,1508.0,1539.0,1170,1170
2020-04-12,1492.0,1523.0,1170,1170
2020-04-13,1474.0,1506.0,1143,1170
2020-04-14,1457.0,1489.0,1140,1143
2020-04-15,1442.0,1471.0,1134,1140
2020-04-16,1424.0,1454.0,1095,1136
2020-04-17,1406.0,1436.0,1092,1095
2020-04-18,1388.0,1416.0,1093,1094
2020-04-19,1369.0,1397.0,1093,1093
2020-04-20,1350.0,1378.0,1092,1093
2020-04-21,1330.0,1359.0,1083,1093
2020-04-22,1313.0,1338.0,1077,1083
2020-04-23,1296.0,1321.0,1076,1077
2020-04-24,1279.0,1303.0,1074,1076
2020-04-25,1262.0,1284.0,1074,1074
2020-04-26,1245.0,1266.0,1074,1074
2020-04-27,1227.0,1249.0,1073,1074
2020-04-28,1210.0,1232.0,1072,1073
2020-04-29,1198.0,1214.0,1069,1072
2020-04-30,1184.0,1200.0,1066,1069
2020-05-01,1171.0,1187.0,1064,1066
2020-05-02,1157.0,1172.0,1063,1064
2020-05-03,1144.0,1158.0,1055,1063
2020-05-04,1131.0,1145.0,1056,1058
2020-05-05,1118.0,1132.0,1052,1056
2020-05-06,1109.0,1119.0,1051,1052
2020-05-07,1102.0,1112.0,1106,1108
2020-05-08,1095.0,1105.0,1106,1107
2020-05-09,1093.0,1098.0,1103,1106
2020-05-10,1091.0,1095.0,1103,1103
2020-05-11,1086.0,1093.0,1022,1103
2020-05-12,1078.0,1088.0,948,1022
2020-05-13,1075.0,1084.0,1048,1052
2020-05-14,1074.0,1083.0,1097,1120
2020-05-15,1072.0,1084.0,1079,1154
2020-05-16,1071.0,1082.0,1077,1080
2020-05-17,1071.0,1081.0,1077,1077
2020-05-18,1070.0,1082.0,1058,1122
2020-05-19,1069.0,1082.0,1084,1087
2020-05-20,1071.0,1083.0,1136,1136
2020-05-21,1073.0,1086.0,1140,1171
2020-05-22,1076.0,1089.0,1168,1173
2020-05-23,1079.0,1092.0,1170,1170
2020-05-24,1081.0,1095.0,1130,1171
2020-05-25,1083.0,1097.0,1131,1132
2020-05-26,1085.0,1100.0,1144,1160
2020-05-27,1088.0,1103.0,1162,1164
2020-05-28,1090.0,1107.0,1134,1197
2020-05-29,1093.0,1111.0,1173,1176
2020-05-30,1097.0,1114.0,1175,1176
2020-05-31,1101.0,1118.0,1175,1175
2020-06-01,1104.0,1123.0,1162,1214
2020-06-02,1108.0,1127.0,1180,1184
2020-06-03,1113.0,1131.0,1186,1192
2020-06-04,1117.0,1136.0,1187,1201
2020-06-05,1122.0,1142.0,1209,1215
2020-06-06,1126.0,1145.0,1209,1209
2020-06-07,1129.0,1148.0,1210,1210
2020-06-08,1132.0,1152.0,1194,1225
2020-06-09,1136.0,1156.0,1219,1221
2020-06-10,1144.0,1162.0,1261,1265
2020-06-11,1153.0,1170.0,1229,1277
2020-06-12,1160.0,1177.0,1259,1260
2020-06-13,1166.0,1182.0,1259,1259
2020-06-14,1172.0,1185.0,1261,1261
2020-06-15,1176.0,1193.0,1208,1297
2020-06-16,1181.0,1198.0,1219,1230
2020-06-17,1187.0,1202.0,1238,1241
2020-06-18,1191.0,1207.0,1208,1252
2020-06-19,1194.0,1210.0,1217,1222
2020-06-20,1196.0,1212.0,1218,1218
2020-06-21,1198.0,1213.0,1218,1218
2020-06-22,1198.0,1215.0,1170,1233
2020-06-23,1200.0,1216.0,1188,1190
2020-06-24,1202.0,1218.0,1198,1204
2020-06-25,1202.0,1220.0,1147,1206
2020-06-26,1204.0,1222.0,1216,1218
2020-06-27,1207.0,1222.0,1217,1218
2020-06-28,1208.0,1224.0,1217,1217
2020-06-29,1208.0,1225.0,1154,1231
2020-06-30,1208.0,1226.0,1176,1178
2020-07-01,1208.0,1225.0,1175,1209
2020-07-02,1209.0,1226.0,1205,1212
2020-07-03,1210.0,1227.0,1204,1205
2020-07-04,1210.0,1227.0,1204,1204
2020-07-05,1210.0,1226.0,1204,1204
2020-07-06,1209.0,1227.0,1177,1222
2020-07-07,1208.0,1226.0,1180,1183
2020-07-08,1207.0,1225.0,1164,1184
2020-07-09,1205.0,1223.0,1172,1176
2020-07-10,1203.0,1221.0,1193,1193
2020-07-11,1202.0,1218.0,1193,1193
2020-07-12,1200.0,1216.0,1193,1193
2020-07-13,1196.0,1215.0,1133,1236
2020-07-14,1192.0,1211.0,1143,1143
2020-07-15,1189.0,1207.0,1128,1164
2020-07-16,1187.0,1204.0,1149,1150
2020-07-17,1185.0,1202.0,1181,1184
2020-07-18,1184.0,1200.0,1184,1184
2020-07-19,1183.0,1199.0,1186,1186
2020-07-20,1183.0,1199.0,1227,1228
2020-07-21,1184.0,1200.0,1237,1238
2020-07-22,1185.0,1200.0,1210,1260
2020-07-23,1186.0,1201.0,1208,1212
2020-07-24,1187.0,1202.0,1237,1240
2020-07-25,1190.0,1203.0,1238,1238
2020-07-26,1191.0,1204.0,1238,1238
2020-07-27,1191.0,1206.0,1216,1271
2020-07-28,1191.0,1206.0,1227,1228
2020-07-29,1192.0,1207.0,1175,1260
2020-07-30,1192.0,1208.0,1186,1193
2020-07-31,1193.0,1207.0,1199,1199
2020-08-01,1193.0,1207.0,1198,1199
2020-08-02,1193.0,1207.0,1200,1200
2020-08-03,1192.0,1208.0,1181,1247
2020-08-04,1192.0,1208.0,1198,1199
2020-08-05,1192.0,1208.0,1200,1228
2020-08-06,1190.0,1209.0,1098,1214
2020-08-07,1189.0,1207.0,1129,1130
2020-08-08,1187.0,1206.0,1129,1129
2020-08-09,1185.0,1204.0,1129,1129
2020-08-10,1181.0,1203.0,1084,1158
2020-08-11,1178.0,1199.0,1083,1084
2020-08-12,1175.0,1195.0,1044,1103
2020-08-13,1172.0,1192.0,1059,1060
2020-08-14,1171.0,1190.0,1099,1101
2020-08-15,1169.0,1188.0,1104,1104
2020-08-16,1167.0,1185.0,1104,1104
2020-08-17,1165.0,1184.0,1123,1130
2020-08-18,1163.0,1182.0,1140,1143
2020-08-19,1160.0,1180.0,1133,1161
2020-08-20,1155.0,1177.0,1079,1138
2020-08-21,1151.0,1172.0,1105,1106
2020-08-22,1148.0,1168.0,1105,1105
2020-08-23,1144.0,1163.0,1104,1105
2020-08-24,1137.0,1160.0,1037,1123
2020-08-25,1130.0,1153.0,1043,1044
2020-08-26,1123.0,1146.0,989,1045
2020-08-27,1115.0,1138.0,1001,1004
2020-08-28,1110.0,1130.0,1023,1029
2020-08-29,1105.0,1125.0,1026,1026
2020-08-30,1099.0,1119.0,1025,1026
2020-08-31,1092.0,1114.0,983,1057
2020-09-01,1083.0,1107.0,932,988
2020-09-02,1075.0,1098.0,930,961
2020-09-03,1066.0,1089.0,935,939
2020-09-04,1058.0,1081.0,967,971
2020-09-05,1054.0,1072.0,967,971
2020-09-06,1048.0,1067.0,967,967
2020-09-07,1041.0,1062.0,916,981
2020-09-08,1034.0,1055.0,916,918
2020-09-09,1029.0,1048.0,924,960
2020-09-10,1024.0,1044.0,940,947
2020-09-11,1021.0,1039.0,965,966
2020-09-12,1018.0,1036.0,966,967
2020-09-13,1014.0,1032.0,969,969
2020-09-14,1009.0,1028.0,960,996
2020-09-15,1003.0,1024.0,917,967
2020-09-16,996.0,1017.0,915,940
2020-09-17,989.0,1010.0,924,929
2020-09-18,983.0,1004.0,963,971
2020-09-19,979.0,998.0,964,964
2020-09-20,975.0,993.0,964,965
2020-09-21,968.0,990.0,908,999
2020-09-22,962.0,984.0,919,920
2020-09-23,956.0,978.0,860,952
2020-09-24,950.0,972.0,857,866
2020-09-25,947.0,968.0,907,912
2020-09-26,944.0,964.0,909,909
2020-09-27,940.0,960.0,910,910
2020-09-28,936.0,958.0,896,941
2020-09-29,932.0,953.0,897,901
2020-09-30,928.0,949.0,886,913
2020-10-01,927.0,946.0,900,905
2020-10-02,927.0,945.0,930,931
2020-10-03,927.0,945.0,932,932
2020-10-04,926.0,943.0,934,934
2020-10-05,923.0,943.0,881,962
2020-10-06,920.0,940.0,879,887
2020-10-07,919.0,938.0,875,911
2020-10-08,918.0,937.0,890,892
2020-10-09,915.0,936.0,836,929
2020-10-10,912.0,933.0,837,838
2020-10-11,907.0,928.0,837,838
2020-10-12,904.0,924.0,852,852
2020-10-13,900.0,921.0,852,853
2020-10-14,896.0,917.0,839,881
2020-10-15,893.0,913.0,842,846
2020-10-16,892.0,911.0,880,884
2020-10-17,891.0,909.0,883,883
2020-10-18,888.0,907.0,883,886
2020-10-19,884.0,904.0,841,901
2020-10-20,880.0,901.0,846,851
2020-10-21,876.0,896.0,798,868
2020-10-22,872.0,892.0,778,807
2020-10-23,870.0,888.0,798,807
2020-10-24,868.0,885.0,799,799
2020-10-25,864.0,882.0,799,799
2020-10-26,859.0,879.0,751,826
2020-10-27,854.0,874.0,758,760
2020-10-28,850.0,869.0,789,795
2020-10-29,846.0,866.0,768,804
2020-10-30,842.0,862.0,783,786
2020-10-31,838.0,858.0,785,785
2020-11-01,834.0,853.0,785,785
2020-11-02,828.0,849.0,758,810
2020-11-03,822.0,843.0,769,770
2020-11-04,818.0,838.0,765,805
2020-11-05,815.0,834.0,769,772
2020-11-06,812.0,830.0,778,782
2020-11-07,808.0,826.0,781,781
2020-11-08,806.0,821.0,781,781
2020-11-09,803.0,820.0,752,802
2020-11-10,800.0,817.0,752,757
2020-11-11,796.0,814.0,720,765
2020-11-12,792.0,811.0,738,743
2020-11-13,787.0,807.0,690,766
2020-11-14,782.0,802.0,692,692
2020-11-15,776.0,795.0,691,692
2020-11-16,770.0,789.0,697,702
2020-11-17,764.0,783.0,699,702
2020-11-18,758.0,777.0,681,722
2020-11-19,753.0,772.0,688,694
2020-11-20,750.0,766.0,701,704
2020-11-21,747.0,763.0,704,704
2020-11-22,744.0,760.0,705,705
2020-11-23,740.0,758.0,669,736
2020-11-24,736.0,753.0,672,674
2020-11-25,733.0,749.0,663,703
2020-11-26,730.0,747.0,681,681
2020-11-27,726.0,743.0,678,681
2020-11-28,724.0,739.0,678,678
2020-11-29,720.0,735.0,678,678
2020-11-30,716.0,732.0,659,690
2020-12-01,712.0,728.0,662,662
2020-12-02,709.0,724.0,667,693
2020-12-03,705.0,721.0,671,676
2020-12-04,703.0,718.0,706,707
2020-12-05,702.0,716.0,713,713
2020-12-06,699.0,713.0,710,713
2020-12-07,696.0,712.0,684,733
2020-12-08,693.0,708.0,684,687
2020-12-09,691.0,706.0,692,715
2020-12-10,689.0,704.0,701,703
2020-12-11,689.0,702.0,720,721
2020-12-12,689.0,702.0,720,720
2020-12-13,690.0,700.0,720,720
2020-12-14,689.0,701.0,674,735
2020-12-15,689.0,702.0,706,708
2020-12-16,690.0,703.0,702,729
2020-12-17,690.0,704.0,716,721
2020-12-18,692.0,704.0,737,744
2020-12-19,694.0,706.0,739,739
2020-12-20,695.0,707.0,739,739
2020-12-21,696.0,709.0,722,769
2020-12-22,696.0,710.0,718,724
2020-12-23,697.0,709.0,689,728
2020-12-24,697.0,710.0,691,691
2020-12-25,698.0,710.0,691,691
2020-12-26,699.0,710.0,691,691
2020-12-27,699.0,710.0,690,691
2020-12-28,700.0,711.0,695,712
2020-12-29,701.0,713.0,711,714
2020-12-30,702.0,714.0,696,718
2020-12-31,703.0,715.0,708,710
2021-01-01,705.0,716.0,708,708
2021-01-02,706.0,717.0,708,708
2021-01-03,706.0,717.0,713,713
2021-01-04,706.0,717.0,700,726
2021-01-05,705.0,717.0,698,703
2021-01-06,705.0,716.0,663,717
2021-01-07,704.0,716.0,661,666
2021-01-08,703.0,714.0,670,672
2021-01-09,702.0,713.0,672,672
2021-01-10,701.0,712.0,674,674
2021-01-11,698.0,711.0,639,693
2021-01-12,696.0,708.0,649,649
2021-01-13,694.0,706.0,624,668
2021-01-14,691.0,704.0,630,637
2021-01-15,689.0,701.0,624,649
2021-01-16,686.0,698.0,626,626
2021-01-17,682.0,694.0,628,628
2021-01-18,679.0,691.0,636,636
2021-01-19,675.0,688.0,626,658
2021-01-20,671.0,684.0,607,642
2021-01-21,667.0,680.0,585,609
2021-01-22,664.0,676.0,609,617
2021-01-23,661.0,674.0,610,610
2021-01-24,659.0,671.0,610,610
2021-01-25,655.0,669.0,579,621
2021-01-26,651.0,665.0,580,581
2021-01-27,648.0,661.0,586,587
2021-01-28,642.0,657.0,545,608
2021-01-29,637.0,652.0,553,557
2021-01-30,632.0,647.0,555,556
2021-01-31,627.0,642.0,554,556
2021-02-01,622.0,637.0,540,572
2021-02-02,616.0,631.0,540,543
2021-02-03,610.0,626.0,522,572
2021-02-04,604.0,620.0,520,523
2021-02-05,599.0,614.0,529,534
2021-02-06,595.0,610.0,528,529
2021-02-07,590.0,605.0,528,528
2021-02-08,586.0,600.0,530,534
2021-02-09,581.0,596.0,538,541
2021-02-10,578.0,591.0,546,547
2021-02-11,574.0,588.0,546,550
2021-02-12,572.0,584.0,541,557
2021-02-13,569.0,581.0,541,541
2021-02-14,566.0,577.0,541,541
2021-02-15,563.0,574.0,544,544
2021-02-16,561.0,572.0,554,554
2021-02-17,558.0,569.0,555,555
2021-02-18,556.0,566.0,564,569
2021-02-19,555.0,565.0,586,593
2021-02-20,555.0,564.0,586,586
2021-02-21,555.0,563.0,586,586
2021-02-22,554.0,562.0,578,589
2021-02-23,552.0,561.0,568,581
2021-02-24,552.0,560.0,582,589
2021-02-25,552.0,560.0,583,585
2021-02-26,552.0,561.0,592,597
2021-02-27,554.0,560.0,592,592
2021-02-28,555.0,561.0,592,592
2021-03-01,556.0,562.0,589,593
2021-03-02,558.0,564.0,588,593
2021-03-03,559.0,565.0,580,600
2021-03-04,560.0,566.0,570,582
2021-03-05,562.0,566.0,578,583
2021-03-06,564.0,568.0,578,578
2021-03-07,565.0,570.0,578,578
2021-03-08,567.0,572.0,582,588
2021-03-09,569.0,573.0,574,583
2021-03-10,570.0,575.0,553,583
2021-03-11,570.0,576.0,554,564
2021-03-12,570.0,576.0,556,562
2021-03-13,571.0,576.0,556,556
2021-03-14,571.0,576.0,556,556
2021-03-15,571.0,577.0,546,563
2021-03-16,571.0,577.0,537,549
2021-03-17,569.0,578.0,487,546
2021-03-18,567.0,576.0,479,494
2021-03-19,564.0,573.0,458,483
2021-03-20,560.0,569.0,457,458
2021-03-21,556.0,565.0,458,459
2021-03-22,551.0,561.0,439,463
2021-03-23,546.0,556.0,432,444
2021-03-24,539.0,551.0,375,439
2021-03-25,532.0,544.0,360,377
2021-03-26,525.0,537.0,362,372
2021-03-27,517.0,530.0,364,364
2021-03-28,510.0,522.0,364,364
2021-03-29,502.0,514.0,353,369
2021-03-30,493.0,507.0,338,355
2021-03-31,484.0,498.0,304,343
2021-04-01,475.0,489.0,311,319
2021-04-02,466.0,480.0,317,321
2021-04-03,457.0,471.0,317,317
2021-04-04,449.0,462.0,317,317
2021-04-05,440.0,454.0,315,321
2021-04-06,431.0,445.0,306,317
2021-04-07,421.0,436.0,276,316
2021-04-08,410.0,426.0,266,277
2021-04-09,401.0,415.0,267,271
2021-04-10,391.0,405.0,267,267
2021-04-11,382.0,395.0,267,267
2021-04-12,373.0,387.0,286,289
2021-04-13,364.0,378.0,287,289
2021-04-14,353.0,369.0,238,299
2021-04-15,344.0,359.0,240,241
2021-04-16,335.0,348.0,242,242
2021-04-17,328.0,340.0,242,242
2021-04-18,320.0,332.0,242,242
2021-04-19,314.0,326.0,260,266
2021-04-20,307.0,319.0,258,260
2021-04-21,299.0,312.0,197,265
2021-04-22,292.0,305.0,229,231
2021-04-23,288.0,298.0,233,234
2021-04-24,283.0,294.0,233,233
2021-04-25,279.0,289.0,234,234
2021-04-26,275.0,285.0,240,243
2021-04-27,271.0,281.0,238,243
2021-04-28,266.0,277.0,215,250
2021-04-29,262.0,273.0,212,222
2021-04-30,260.0,270.0,258,260
2021-05-01,259.0,268.0,258,258
2021-05-02,260.0,269.0,359,359
2021-05-03,262.0,271.0,363,363
2021-05-04,263.0,272.0,372,374
2021-05-05,265.0,275.0,359,393
2021-05-06,270.0,279.0,448,449
2021-05-07,275.0,284.0,454,455
2021-05-08,282.0,290.0,457,457
2021-05-09,288.0,296.0,457,457
2021-05-10,295.0,303.0,473,474
2021-05-11,302.0,310.0,481,484
2021-05-12,308.0,317.0,450,486
2021-05-13,317.0,326.0,566,568
2021-05-14,328.0,335.0,575,577
2021-05-15,340.0,347.0,602,602
2021-05-16,352.0,359.0,602,602
2021-05-17,364.0,372.0,608,609
2021-05-18,381.0,388.0,734,736
2021-05-19,396.0,404.0,701,747
2021-05-20,410.0,419.0,699,702
2021-05-21,427.0,434.0,708,712
2021-05-22,443.0,450.0,706,708
2021-05-23,459.0,465.0,707,707
2021-05-24,474.0,482.0,698,717
2021-05-25,490.0,497.0,692,704
2021-05-26,504.0,513.0,669,701
2021-05-27,518.0,527.0,665,672
2021-05-28,537.0,544.0,767,771
2021-05-29,555.0,562.0,767,767
2021-05-30,572.0,579.0,767,767
2021-05-31,589.0,596.0,767,767
2021-06-01,605.0,612.0,836,842
2021-06-02,620.0,628.0,799,839
2021-06-03,634.0,644.0,821,833
2021-06-04,650.0,658.0,816,826
2021-06-05,662.0,670.0,817,817
2021-06-06,678.0,686.0,941,941
2021-06-07,694.0,703.0,933,945
2021-06-08,708.0,719.0,877,937
2021-06-09,721.0,733.0,873,900
2021-06-10,734.0,746.0,870,876
2021-06-11,749.0,759.0,887,889
2021-06-12,760.0,770.0,888,888
2021-06-13,770.0,780.0,889,889
2021-06-14,780.0,791.0,900,908
2021-06-15,790.0,801.0,897,907
2021-06-16,798.0,811.0,850,906
2021-06-17,804.0,817.0,914,924
2021-06-18,812.0,823.0,927,927
2021-06-19,819.0,830.0,927,927
2021-06-20,826.0,838.0,927,927
2021-06-21,833.0,845.0,915,936
2021-06-22,842.0,855.0,973,998
2021-06-23,850.0,864.0,926,987
2021-06-24,858.0,872.0,928,941
2021-06-25,869.0,883.0,1018,1029
2021-06-26,881.0,894.0,1019,1019
2021-06-27,890.0,903.0,1019,1019
2021-06-28,899.0,912.0,1037,1038
2021-06-29,907.0,921.0,1026,1040
2021-06-30,914.0,930.0,983,1049
2021-07-01,919.0,935.0,966,983
2021-07-02,925.0,940.0,978,993
2021-07-03,933.0,947.0,1056,1056
2021-07-04,941.0,955.0,1057,1057
2021-07-05,953.0,968.0,1192,1192
2021-07-06,960.0,976.0,1146,1208
2021-07-07,967.0,984.0,1147,1155
2021-07-08,976.0,993.0,1142,1210
2021-07-09,985.0,1001.0,1138,1151
2021-07-10,993.0,1010.0,1124,1138
2021-07-11,1004.0,1021.0,1224,1224
2021-07-12,1014.0,1033.0,1183,1243
2021-07-13,1022.0,1043.0,1109,1190
2021-07-14,1026.0,1050.0,1024,1122
2021-07-15,1033.0,1058.0,1124,1145
2021-07-16,1042.0,1065.0,1121,1125
2021-07-17,1051.0,1073.0,1166,1166
2021-07-18,1059.0,1081.0,1166,1166
2021-07-19,1066.0,1090.0,1138,1182
2021-07-20,1072.0,1097.0,1125,1146
2021-07-21,1078.0,1104.0,1082,1136
2021-07-22,1081.0,1106.0,1060,1085
2021-07-23,1088.0,1112.0,1127,1145
2021-07-24,1094.0,1118.0,1127,1127
2021-07-25,1098.0,1121.0,1127,1127
2021-07-26,1102.0,1126.0,1140,1150
2021-07-27,1106.0,1130.0,1131,1158
2021-07-28,1106.0,1134.0,1055,1137
2021-07-29,1107.0,1135.0,1047,1077
2021-07-30,1113.0,1139.0,1155,1165
2021-07-31,1119.0,1144.0,1155,1155
2021-08-01,1125.0,1150.0,1155,1155
2021-08-02,1128.0,1154.0,1159,1172
2021-08-03,1131.0,1157.0,1138,1164
2021-08-04,1127.0,1156.0,1074,1141
2021-08-05,1127.0,1154.0,1152,1164
2021-08-06,1128.0,1154.0,1160,1165
2021-08-07,1131.0,1156.0,1254,1254
2021-08-08,1135.0,1159.0,1254,1254
2021-08-09,1139.0,1164.0,1240,1269
2021-08-10,1139.0,1164.0,1233,1247
2021-08-11,1138.0,1164.0,1149,1238
2021-08-12,1138.0,1163.0,1110,1155
2021-08-13,1140.0,1163.0,1078,1119
2021-08-14,1141.0,1164.0,1161,1161
2021-08-15,1143.0,1165.0,1161,1161
2021-08-16,1142.0,1165.0,1146,1172
2021-08-17,1140.0,1164.0,1108,1152
2021-08-18,1137.0,1162.0,1059,1112
2021-08-19,1135.0,1160.0,1042,1082
2021-08-20,1137.0,1161.0,1141,1160
2021-08-21,1139.0,1163.0,1140,1141
2021-08-22,1140.0,1162.0,1136,1140
2021-08-23,1140.0,1163.0,1132,1155
2021-08-24,1140.0,1165.0,1140,1175
2021-08-25,1137.0,1165.0,1034,1154
2021-08-26,1132.0,1161.0,1000,1040
2021-08-27,1133.0,1160.0,1080,1107
2021-08-28,1134.0,1161.0,1089,1089
2021-08-29,1132.0,1158.0,1089,1089
2021-08-30,1131.0,1157.0,1107,1114
2021-08-31,1129.0,1156.0,1102,1121
2021-09-01,1126.0,1154.0,1057,1114
2021-09-02,1123.0,1151.0,1070,1095
2021-09-03,1124.0,1150.0,1091,1106
2021-09-04,1125.0,1151.0,1182,1182
2021-09-05,1126.0,1151.0,1181,1182
2021-09-06,1123.0,1149.0,1188,1188
2021-09-07,1121.0,1147.0,1181,1198
2021-09-08,1117.0,1146.0,1125,1219
2021-09-09,1111.0,1142.0,1061,1133
2021-09-10,1110.0,1139.0,1121,1143
2021-09-11,1111.0,1138.0,1127,1127
2021-09-12,1113.0,1138.0,1127,1127
2021-09-13,1111.0,1137.0,1116,1136
2021-09-14,1109.0,1136.0,1101,1117
2021-09-15,1106.0,1134.0,1045,1131
2021-09-16,1106.0,1134.0,1130,1133
2021-09-17,1108.0,1135.0,1113,1146
2021-09-18,1111.0,1136.0,1113,1113
2021-09-19,1110.0,1134.0,1113,1113
2021-09-20,1109.0,1134.0,1108,1118
2021-09-21,1107.0,1132.0,1087,1108
2021-09-22,1104.0,1130.0,1029,1097
2021-09-23,1102.0,1128.0,1083,1106
2021-09-24,1103.0,1127.0,1084,1126
2021-09-25,1106.0,1129.0,1083,1084
2021-09-26,1106.0,1128.0,1083,1083
2021-09-27,1107.0,1129.0,1099,1109
2021-09-28,1106.0,1129.0,1084,1105
2021-09-29,1102.0,1128.0,990,1091
2021-09-30,1102.0,1128.0,1090,1105
2021-10-01,1103.0,1128.0,1096,1111
2021-10-02,1104.0,1128.0,1097,1097
2021-10-03,1104.0,1128.0,1097,1097
2021-10-04,1102.0,1126.0,1112,1125
2021-10-05,1099.0,1123.0,1074,1115
2021-10-06,1092.0,1120.0,990,1081
2021-10-07,1089.0,1117.0,1089,1114
2021-10-08,1088.0,1113.0,1096,1112
2021-10-09,1089.0,1112.0,1097,1098
2021-10-10,1088.0,1111.0,1098,1098
2021-10-11,1088.0,1110.0,1104,1104
2021-10-12,1088.0,1110.0,1129,1130
2021-10-13,1087.0,1110.0,1089,1140
2021-10-14,1089.0,1113.0,1176,1189
2021-10-15,1093.0,1115.0,1171,1200
2021-10-16,1095.0,1116.0,1173,1173
2021-10-17,1097.0,1117.0,1173,1173
2021-10-18,1098.0,1119.0,1156,1181
2021-10-19,1099.0,1122.0,1136,1175
2021-10-20,1098.0,1122.0,1080,1146
2021-10-21,1100.0,1125.0,1147,1185
2021-10-22,1104.0,1128.0,1151,1172
2021-10-23,1106.0,1129.0,1151,1152
2021-10-24,1109.0,1130.0,1151,1151
2021-10-25,1112.0,1133.0,1167,1176
2021-10-26,1114.0,1136.0,1157,1178
2021-10-27,1112.0,1138.0,1047,1161
2021-10-28,1114.0,1139.0,1128,1153
2021-10-29,1118.0,1141.0,1128,1145
2021-10-30,1120.0,1142.0,1128,1129
2021-10-31,1121.0,1143.0,1128,1128
2021-11-01,1122.0,1144.0,1131,1139
2021-11-02,1123.0,1146.0,1145,1158
2021-11-03,1122.0,1147.0,1083,1153
2021-11-04,1126.0,1150.0,1169,1196
2021-11-05,1133.0,1155.0,1202,1233
2021-11-06,1136.0,1158.0,1202,1202
2021-11-07,1140.0,1161.0,1202,1202
2021-11-08,1144.0,1165.0,1213,1223
2021-11-09,1148.0,1169.0,1208,1233
2021-11-10,1151.0,1174.0,1199,1229
2021-11-11,1152.0,1179.0,1179,1293
2021-11-12,1156.0,1181.0,1188,1192
2021-11-13,1156.0,1181.0,1189,1189
2021-11-14,1157.0,1180.0,1189,1189
2021-11-15,1157.0,1181.0,1194,1198
2021-11-16,1158.0,1182.0,1181,1196
2021-11-17,1157.0,1183.0,1128,1225
2021-11-18,1155.0,1182.0,1084,1129
2021-11-19,1157.0,1182.0,1136,1161
2021-11-20,1156.0,1181.0,1136,1136
2021-11-21,1156.0,1180.0,1136,1136
2021-11-22,1155.0,1179.0,1130,1145
2021-11-23,1154.0,1179.0,1112,1138
2021-11-24,1151.0,1178.0,1067,1157
2021-11-25,1148.0,1174.0,1067,1067
2021-11-26,1152.0,1175.0,1165,1165
2021-11-27,1153.0,1175.0,1165,1165
2021-11-28,1154.0,1176.0,1165,1165
2021-11-29,1157.0,1178.0,1203,1209
2021-11-30,1158.0,1181.0,1170,1205
2021-12-01,1158.0,1183.0,1124,1189
2021-12-02,1161.0,1186.0,1236,1263
2021-12-03,1165.0,1189.0,1224,1249
2021-12-04,1167.0,1190.0,1226,1226
2021-12-05,1168.0,1190.0,1227,1227
2021-12-06,1170.0,1193.0,1272,1276
2021-12-07,1175.0,1199.0,1349,1382
2021-12-08,1179.0,1203.0,1317,1369
2021-12-09,1182.0,1207.0,1307,1329
2021-12-10,1184.0,1209.0,1266,1312
2021-12-11,1187.0,1208.0,1266,1266
2021-12-12,1190.0,1211.0,1266,1266
2021-12-13,1192.0,1214.0,1252,1273
2021-12-14,1193.0,1216.0,1225,1255
2021-12-15,1190.0,1218.0,1110,1250
2021-12-16,1187.0,1215.0,1068,1112
2021-12-17,1189.0,1215.0,1205,1221
2021-12-18,1193.0,1217.0,1205,1205
2021-12-19,1196.0,1219.0,1205,1205
2021-12-20,1197.0,1221.0,1190,1216
2021-12-21,1199.0,1224.0,1183,1203
2021-12-22,1200.0,1225.0,1171,1198
2021-12-23,1205.0,1230.0,1244,1287
2021-12-24,1210.0,1233.0,1235,1244
2021-12-25,1216.0,1239.0,1235,1235
2021-12-26,1218.0,1241.0,1236,1236
2021-12-27,1221.0,1244.0,1234,1240
2021-12-28,1223.0,1246.0,1231,1238
2021-12-29,1222.0,1247.0,1167,1240
2021-12-30,1224.0,1249.0,1238,1272
2021-12-31,1226.0,1251.0,1204,1239
2022-01-01,1225.0,1249.0,1205,1205
2022-01-02,1225.0,1248.0,1205,1205
2022-01-03,1225.0,1248.0,1226,1232
2022-01-04,1224.0,1248.0,1212,1228
2022-01-05,1220.0,1246.0,1134,1230
2022-01-06,1212.0,1239.0,1123,1151
2022-01-07,1206.0,1233.0,1146,1185
2022-01-08,1201.0,1227.0,1148,1148
2022-01-09,1197.0,1221.0,1149,1149
2022-01-10,1193.0,1218.0,1145,1157
2022-01-11,1189.0,1214.0,1130,1152
2022-01-12,1182.0,1209.0,1065,1137
2022-01-13,1177.0,1203.0,1053,1072
2022-01-14,1174.0,1197.0,1024,1054
2022-01-15,1172.0,1194.0,1024,1024
2022-01-16,1166.0,1187.0,1024,1024
2022-01-17,1160.0,1181.0,1008,1030
2022-01-18,1153.0,1175.0,1008,1012
2022-01-19,1144.0,1168.0,921,1019
2022-01-20,1135.0,1159.0,906,936
2022-01-21,1128.0,1153.0,964,997
2022-01-22,1119.0,1142.0,966,967
2022-01-23,1110.0,1133.0,966,966
2022-01-24,1102.0,1125.0,999,1011
2022-01-25,1094.0,1117.0,984,1003
2022-01-26,1084.0,1109.0,931,991
2022-01-27,1073.0,1099.0,914,940
2022-01-28,1068.0,1092.0,1014,1037
2022-01-29,1060.0,1084.0,1014,1014
2022-01-30,1054.0,1076.0,1014,1014
2022-01-31,1047.0,1070.0,984,1023
2022-02-01,1039.0,1063.0,986,997
2022-02-02,1030.0,1056.0,934,1002
2022-02-03,1025.0,1051.0,1072,1081
2022-02-04,1022.0,1046.0,1051,1084
2022-02-05,1020.0,1043.0,1047,1052
2022-02-06,1016.0,1038.0,1047,1047
2022-02-07,1013.0,1035.0,1056,1069
2022-02-08,1010.0,1032.0,1042,1059
2022-02-09,1005.0,1029.0,992,1055
2022-02-10,1003.0,1028.0,1081,1129
2022-02-11,1004.0,1027.0,1082,1106
2022-02-12,1005.0,1028.0,1085,1085
2022-02-13,1007.0,1029.0,1084,1086
2022-02-14,1009.0,1031.0,1091,1102
2022-02-15,1011.0,1034.0,1074,1106
2022-02-16,1010.0,1036.0,1004,1082
2022-02-17,1007.0,1036.0,895,1010
2022-02-18,1005.0,1032.0,881,904
2022-02-19,1004.0,1030.0,880,881
2022-02-20,1002.0,1026.0,879,880
2022-02-21,999.0,1023.0,885,885
2022-02-22,997.0,1021.0,898,901
2022-02-23,990.0,1018.0,809,913
2022-02-24,984.0,1012.0,786,818
2022-02-25,979.0,1006.0,781,811
2022-02-26,978.0,1005.0,905,905
2022-02-27,975.0,1000.0,904,905
2022-02-28,972.0,997.0,917,921
2022-03-01,968.0,994.0,920,926
2022-03-02,964.0,991.0,858,939
2022-03-03,964.0,991.0,984,992
2022-03-04,966.0,991.0,989,998
2022-03-05,963.0,988.0,990,990
2022-03-06,961.0,985.0,988,990
2022-03-07,963.0,987.0,1106,1112
2022-03-08,965.0,989.0,1099,1117
2022-03-09,965.0,991.0,1052,1117
2022-03-10,969.0,995.0,1160,1181
2022-03-11,974.0,999.0,1140,1175
2022-03-12,976.0,999.0,1141,1141
2022-03-13,978.0,1000.0,1142,1142
2022-03-14,979.0,1003.0,1130,1165
2022-03-15,980.0,1005.0,1116,1144
2022-03-16,978.0,1006.0,1029,1120
2022-03-17,977.0,1004.0,1033,1045
2022-03-18,980.0,1006.0,1117,1151
2022-03-19,988.0,1010.0,1117,1118
2022-03-20,996.0,1017.0,1117,1119
2022-03-21,1003.0,1025.0,1108,1127
2022-03-22,1011.0,1033.0,1104,1130
2022-03-23,1015.0,1041.0,996,1112
2022-03-24,1016.0,1044.0,937,998
2022-03-25,1022.0,1047.0,988,1013
2022-03-26,1029.0,1053.0,989,989
2022-03-27,1036.0,1059.0,989,989
2022-03-28,1038.0,1062.0,981,1007
2022-03-29,1039.0,1065.0,941,984
2022-03-30,1037.0,1066.0,861,951
2022-03-31,1035.0,1064.0,850,867
2022-04-01,1035.0,1062.0,856,871
2022-04-02,1031.0,1057.0,855,856
2022-04-03,1026.0,1053.0,856,856
2022-04-04,1025.0,1052.0,949,963
2022-04-05,1023.0,1051.0,932,957
2022-04-06,1019.0,1050.0,980,1083
2022-04-07,1015.0,1046.0,993,1010
2022-04-08,1013.0,1043.0,996,1013
2022-04-09,1008.0,1036.0,996,996
2022-04-10,1003.0,1030.0,996,996
2022-04-11,998.0,1026.0,996,1010
2022-04-12,993.0,1021.0,986,1000
2022-04-13,986.0,1016.0,931,997
2022-04-14,979.0,1009.0,894,937
2022-04-15,974.0,1002.0,883,906
2022-04-16,969.0,996.0,883,883
2022-04-17,962.0,987.0,885,885
2022-04-18,954.0,980.0,891,895
2022-04-19,946.0,973.0,886,898
2022-04-20,937.0,965.0,834,899
2022-04-21,932.0,960.0,963,976
2022-04-22,931.0,955.0,958,974
2022-04-23,932.0,954.0,958,958
2022-04-24,931.0,952.0,958,958
2022-04-25,930.0,952.0,971,979
2022-04-26,929.0,951.0,958,975
2022-04-27,927.0,950.0,920,971
2022-04-28,925.0,948.0,868,925
2022-04-29,924.0,946.0,853,879
2022-04-30,925.0,945.0,853,853
2022-05-01,924.0,945.0,853,853
2022-05-02,925.0,946.0,872,887
2022-05-03,926.0,946.0,869,878
2022-05-04,921.0,944.0,811,887
2022-05-05,921.0,944.0,938,945
2022-05-06,920.0,939.0,941,947
2022-05-07,918.0,937.0,941,941
2022-05-08,916.0,934.0,940,941
2022-05-09,919.0,937.0,1067,1077
2022-05-10,921.0,940.0,1062,1074
2022-05-11,920.0,942.0,978,1069
2022-05-12,920.0,941.0,969,986
2022-05-13,925.0,945.0,1089,1107
2022-05-14,931.0,950.0,1090,1090
2022-05-15,938.0,956.0,1089,1091
2022-05-16,948.0,967.0,1181,1199
2022-05-17,959.0,978.0,1207,1221
2022-05-18,968.0,988.0,1167,1214
2022-05-19,979.0,1000.0,1216,1260
2022-05-20,992.0,1012.0,1216,1247
2022-05-21,1000.0,1020.0,1218,1218
2022-05-22,1009.0,1028.0,1217,1219
2022-05-23,1017.0,1037.0,1207,1224
2022-05-24,1026.0,1046.0,1209,1229
2022-05-25,1031.0,1054.0,1127,1223
2022-05-26,1040.0,1064.0,1240,1254
2022-05-27,1051.0,1073.0,1238,1266
2022-05-28,1063.0,1084.0,1242,1242
2022-05-29,1076.0,1096.0,1242,1242
2022-05-30,1089.0,1109.0,1243,1247
2022-05-31,1102.0,1123.0,1248,1254
2022-06-01,1113.0,1135.0,1179,1256
2022-06-02,1122.0,1145.0,1163,1182
2022-06-03,1134.0,1156.0,1171,1224
2022-06-04,1142.0,1164.0,1172,1172
2022-06-05,1150.0,1171.0,1172,1172
2022-06-06,1158.0,1179.0,1174,1181
2022-06-07,1166.0,1188.0,1191,1201
2022-06-08,1168.0,1192.0,1135,1206
2022-06-09,1171.0,1195.0,1128,1155
2022-06-10,1179.0,1201.0,1236,1256
2022-06-11,1188.0,1210.0,1236,1236
2022-06-12,1193.0,1214.0,1236,1236
2022-06-13,1198.0,1219.0,1232,1249
2022-06-14,1203.0,1225.0,1236,1263
2022-06-15,1202.0,1227.0,1177,1247
2022-06-16,1201.0,1226.0,1157,1193
2022-06-17,1200.0,1225.0,1143,1182
2022-06-18,1198.0,1221.0,1143,1144
2022-06-19,1195.0,1217.0,1143,1143
2022-06-20,1193.0,1215.0,1139,1148
2022-06-21,1194.0,1217.0,1273,1276
2022-06-22,1194.0,1219.0,1202,1286
2022-06-23,1194.0,1219.0,1213,1225
2022-06-24,1197.0,1219.0,1213,1229
2022-06-25,1196.0,1218.0,1215,1215
2022-06-26,1196.0,1216.0,1215,1215
2022-06-27,1194.0,1215.0,1203,1220
2022-06-28,1194.0,1215.0,1229,1242
2022-06-29,1194.0,1217.0,1255,1288
2022-06-30,1191.0,1217.0,1153,1269
2022-07-01,1188.0,1214.0,1095,1161
2022-07-02,1186.0,1211.0,1098,1098
2022-07-03,1184.0,1207.0,1098,1098
2022-07-04,1181.0,1205.0,1101,1107
2022-07-05,1180.0,1203.0,1121,1132
2022-07-06,1175.0,1202.0,1033,1129
2022-07-07,1169.0,1196.0,1000,1043
2022-07-08,1164.0,1190.0,984,1016
2022-07-09,1159.0,1184.0,985,986
2022-07-10,1150.0,1175.0,985,985
2022-07-11,1142.0,1168.0,997,1010
2022-07-12,1135.0,1161.0,1015,1033
2022-07-13,1126.0,1153.0,956,1020
2022-07-14,1117.0,1144.0,956,985
2022-07-15,1111.0,1136.0,1001,1010
2022-07-16,1106.0,1130.0,1002,1002
2022-07-17,1101.0,1124.0,1003,1003
2022-07-18,1097.0,1120.0,1022,1039
2022-07-19,1093.0,1117.0,1020,1035
2022-07-20,1087.0,1113.0,968,1033
2022-07-21,1076.0,1103.0,944,981
2022-07-22,1068.0,1092.0,945,954
2022-07-23,1059.0,1083.0,945,948
2022-07-24,1050.0,1073.0,945,945
2022-07-25,1041.0,1066.0,970,980
2022-07-26,1033.0,1058.0,966,974
2022-07-27,1024.0,1050.0,913,985
2022-07-28,1013.0,1039.0,907,920
2022-07-29,1001.0,1027.0,894,918
2022-07-30,992.0,1014.0,894,894
2022-07-31,985.0,1005.0,894,894
2022-08-01,980.0,1000.0,922,931
2022-08-02,974.0,994.0,927,940
2022-08-03,965.0,989.0,839,939
2022-08-04,955.0,979.0,829,844
2022-08-05,949.0,970.0,832,839
2022-08-06,943.0,963.0,833,833
2022-08-07,938.0,956.0,833,833
2022-08-08,936.0,955.0,925,940
2022-08-09,934.0,953.0,935,937
2022-08-10,930.0,951.0,876,946
2022-08-11,926.0,946.0,875,885
2022-08-12,923.0,942.0,889,894
2022-08-13,921.0,939.0,889,889
2022-08-14,918.0,935.0,889,889
2022-08-15,917.0,935.0,993,1002
2022-08-16,917.0,935.0,995,1003
2022-08-17,914.0,934.0,938,1007
2022-08-18,910.0,931.0,901,952
2022-08-19,912.0,932.0,1032,1059
2022-08-20,915.0,934.0,1032,1032
2022-08-21,918.0,936.0,1032,1032
2022-08-22,924.0,942.0,1116,1128
2022-08-23,930.0,949.0,1119,1137
2022-08-24,934.0,954.0,1087,1132
2022-08-25,938.0,958.0,1092,1100
2022-08-26,944.0,962.0,1092,1103
2022-08-27,950.0,968.0,1094,1095
2022-08-28,957.0,973.0,1094,1094
2022-08-29,966.0,983.0,1180,1184
2022-08-30,976.0,994.0,1180,1210
2022-08-31,983.0,1002.0,1135,1192
2022-09-01,989.0,1010.0,1127,1156
2022-09-02,999.0,1016.0,1123,1137
2022-09-03,1009.0,1025.0,1123,1123
2022-09-04,1018.0,1035.0,1122,1123
2022-09-05,1028.0,1045.0,1126,1134
2022-09-06,1039.0,1056.0,1152,1156
2022-09-07,1044.0,1063.0,1071,1159
2022-09-08,1043.0,1068.0,924,1075
2022-09-09,1044.0,1067.0,910,934
2022-09-10,1046.0,1068.0,910,911
2022-09-11,1046.0,1069.0,910,910
2022-09-12,1048.0,1071.0,929,948
2022-09-13,1049.0,1073.0,942,959
2022-09-14,1047.0,1072.0,913,963
2022-09-15,1043.0,1069.0,885,918
2022-09-16,1042.0,1065.0,900,904
2022-09-17,1042.0,1064.0,901,901
2022-09-18,1037.0,1058.0,901,901
2022-09-19,1034.0,1055.0,930,945
2022-09-20,1030.0,1052.0,915,939
2022-09-21,1022.0,1046.0,864,949
2022-09-22,1017.0,1041.0,970,981
2022-09-23,1010.0,1036.0,889,987
2022-09-24,1003.0,1029.0,890,890
2022-09-25,997.0,1022.0,891,891
2022-09-26,996.0,1022.0,1073,1078
2022-09-27,995.0,1021.0,1072,1078
2022-09-28,992.0,1018.0,1093,1099
2022-09-29,990.0,1015.0,1099,1109
2022-09-30,989.0,1013.0,1115,1129
2022-10-01,989.0,1012.0,1117,1117
2022-10-02,988.0,1011.0,1118,1118
2022-10-03,988.0,1012.0,1098,1159
2022-10-04,987.0,1012.0,1094,1104
2022-10-05,985.0,1012.0,1060,1141
2022-10-06,985.0,1012.0,1172,1177
2022-10-07,989.0,1014.0,1190,1200
2022-10-08,998.0,1018.0,1189,1190
2022-10-09,1011.0,1030.0,1301,1301
2022-10-10,1024.0,1043.0,1307,1314
2022-10-11,1039.0,1058.0,1339,1343
2022-10-12,1051.0,1071.0,1294,1353
2022-10-13,1061.0,1083.0,1238,1314
2022-10-14,1072.0,1093.0,1245,1249
2022-10-15,1084.0,1104.0,1247,1247
2022-10-16,1095.0,1115.0,1247,1247
2022-10-17,1108.0,1128.0,1284,1287
2022-10-18,1121.0,1141.0,1281,1289
2022-10-19,1132.0,1153.0,1259,1300
2022-10-20,1145.0,1165.0,1311,1314
2022-10-21,1162.0,1180.0,1374,1384
2022-10-22,1175.0,1193.0,1374,1375
2022-10-23,1192.0,1206.0,1376,1376
2022-10-24,1208.0,1222.0,1386,1391
2022-10-25,1226.0,1240.0,1418,1423
2022-10-26,1236.0,1252.0,1381,1436
2022-10-27,1247.0,1263.0,1406,1413
2022-10-28,1254.0,1274.0,1304,1414
2022-10-29,1261.0,1280.0,1303,1304
2022-10-30,1267.0,1286.0,1303,1303
2022-10-31,1275.0,1294.0,1348,1351
2022-11-01,1283.0,1302.0,1353,1364
2022-11-02,1289.0,1310.0,1299,1393
2022-11-03,1297.0,1317.0,1310,1326
2022-11-04,1306.0,1324.0,1330,1333
2022-11-05,1311.0,1329.0,1335,1335
2022-11-06,1316.0,1333.0,1334,1335
2022-11-07,1322.0,1340.0,1374,1376
2022-11-08,1325.0,1343.0,1376,1388
2022-11-09,1326.0,1345.0,1355,1395
2022-11-10,1324.0,1347.0,1267,1386
2022-11-11,1326.0,1347.0,1347,1353
2022-11-12,1329.0,1348.0,1350,1350
2022-11-13,1333.0,1351.0,1350,1350
2022-11-14,1336.0,1355.0,1353,1361
2022-11-15,1340.0,1359.0,1362,1376
2022-11-16,1341.0,1363.0,1317,1382
2022-11-17,1343.0,1364.0,1329,1344
2022-11-18,1345.0,1366.0,1334,1349
2022-11-19,1346.0,1367.0,1334,1334
2022-11-20,1345.0,1365.0,1334,1334
2022-11-21,1344.0,1364.0,1338,1356
2022-11-22,1342.0,1364.0,1339,1354
2022-11-23,1339.0,1363.0,1276,1359
2022-11-24,1334.0,1358.0,1272,1276
2022-11-25,1333.0,1355.0,1363,1363
2022-11-26,1332.0,1354.0,1367,1367
2022-11-27,1334.0,1352.0,1367,1367
2022-11-28,1337.0,1356.0,1398,1405
2022-11-29,1341.0,1359.0,1409,1414
2022-11-30,1341.0,1362.0,1370,1426
2022-12-01,1342.0,1362.0,1361,1376
2022-12-02,1344.0,1362.0,1358,1377
2022-12-03,1345.0,1363.0,1361,1361
2022-12-04,1346.0,1364.0,1361,1361
2022-12-05,1348.0,1366.0,1385,1397
2022-12-06,1349.0,1367.0,1365,1386
2022-12-07,1346.0,1368.0,1268,1395
2022-12-08,1342.0,1365.0,1257,1302
2022-12-09,1338.0,1362.0,1255,1284
2022-12-10,1338.0,1357.0,1252,1255
2022-12-11,1333.0,1354.0,1214,1256
2022-12-12,1327.0,1350.0,1171,1246
2022-12-13,1320.0,1345.0,1126,1174
2022-12-14,1310.0,1338.0,1056,1154
2022-12-15,1300.0,1328.0,1048,1083
2022-12-16,1290.0,1318.0,1037,1071
2022-12-17,1280.0,1307.0,1036,1037
2022-12-18,1270.0,1297.0,1007,1036
2022-12-19,1254.0,1287.0,872,1044
2022-12-20,1238.0,1272.0,840,879
2022-12-21,1226.0,1260.0,980,986
2022-12-22,1215.0,1248.0,1006,1009
2022-12-23,1205.0,1237.0,988,1029
2022-12-24,1196.0,1228.0,989,989
2022-12-25,1183.0,1215.0,989,989
2022-12-26,1170.0,1203.0,989,989
2022-12-27,1159.0,1191.0,1017,1020
2022-12-28,1145.0,1178.0,970,1027
2022-12-29,1131.0,1165.0,990,1006
2022-12-30,1118.0,1151.0,995,1007
2022-12-31,1106.0,1138.0,995,995
2023-01-01,1094.0,1125.0,995,995
2023-01-02,1082.0,1113.0,1002,1002
2023-01-03,1071.0,1103.0,1038,1039
2023-01-04,1058.0,1091.0,985,1052
2023-01-05,1045.0,1078.0,988,995
2023-01-06,1039.0,1068.0,1086,1102
2023-01-07,1033.0,1061.0,1084,1086
2023-01-08,1028.0,1055.0,1084,1084
2023-01-09,1023.0,1049.0,1100,1102
2023-01-10,1019.0,1045.0,1100,1112
2023-01-11,1014.0,1040.0,1019,1118
2023-01-12,1009.0,1037.0,989,1063
2023-01-13,1007.0,1032.0,1002,1010
2023-01-14,1006.0,1029.0,1003,1003
2023-01-15,1005.0,1027.0,1003,1003
2023-01-16,1004.0,1026.0,1014,1016
2023-01-17,1005.0,1027.0,1049,1049
2023-01-18,1010.0,1029.0,1017,1114
2023-01-19,1016.0,1034.0,1016,1024
2023-01-20,1018.0,1036.0,1030,1039
2023-01-21,1018.0,1036.0,1028,1033
2023-01-22,1020.0,1036.0,1030,1030
2023-01-23,1023.0,1039.0,1069,1074
2023-01-24,1025.0,1042.0,1067,1076
2023-01-25,1025.0,1046.0,977,1092
2023-01-26,1025.0,1046.0,1030,1032
2023-01-27,1028.0,1047.0,1040,1051
2023-01-28,1029.0,1048.0,1039,1042
2023-01-29,1031.0,1049.0,1039,1039
2023-01-30,1033.0,1052.0,1081,1087
2023-01-31,1036.0,1055.0,1083,1088
2023-02-01,1039.0,1058.0,1090,1099
2023-02-02,1039.0,1061.0,1041,1123
2023-02-03,1039.0,1062.0,984,1061
2023-02-04,1039.0,1061.0,984,984
2023-02-05,1036.0,1057.0,984,984
2023-02-06,1034.0,1055.0,1014,1023
2023-02-07,1028.0,1053.0,931,1032
2023-02-08,1023.0,1048.0,935,953
2023-02-09,1016.0,1043.0,883,945
2023-02-10,1012.0,1036.0,898,903
2023-02-11,1009.0,1030.0,899,899
2023-02-12,1005.0,1027.0,899,899
2023-02-13,1002.0,1025.0,896,950
2023-02-14,996.0,1022.0,826,907
2023-02-15,990.0,1016.0,844,855
2023-02-16,983.0,1010.0,839,851
2023-02-17,978.0,1002.0,874,885
2023-02-18,974.0,997.0,875,875
2023-02-19,968.0,992.0,875,875
2023-02-20,964.0,987.0,889,890
2023-02-21,960.0,983.0,918,927
2023-02-22,954.0,979.0,899,943
2023-02-23,949.0,973.0,900,909
2023-02-24,947.0,968.0,913,927
2023-02-25,943.0,964.0,914,914
2023-02-26,939.0,959.0,914,914
2023-02-27,936.0,957.0,958,965
2023-02-28,934.0,955.0,966,971
2023-03-01,926.0,951.0,853,985
2023-03-02,922.0,948.0,978,988
2023-03-03,919.0,944.0,991,997
2023-03-04,918.0,940.0,994,994
2023-03-05,918.0,938.0,1008,1008
2023-03-06,920.0,940.0,1037,1042
2023-03-07,922.0,943.0,1049,1061
2023-03-08,921.0,945.0,987,1073
2023-03-09,924.0,944.0,1001,1006
2023-03-10,926.0,946.0,1007,1022
2023-03-11,930.0,948.0,1011,1011
2023-03-12,934.0,952.0,1011,1011
2023-03-13,939.0,957.0,1049,1061
2023-03-14,944.0,962.0,1045,1053
2023-03-15,947.0,966.0,997,1061
2023-03-16,951.0,970.0,941,1015
2023-03-17,955.0,973.0,943,953
2023-03-18,958.0,976.0,944,944
2023-03-19,960.0,978.0,945,945
2023-03-20,964.0,982.0,979,983
2023-03-21,968.0,985.0,987,990
2023-03-22,968.0,989.0,894,998
2023-03-23,967.0,989.0,890,917
2023-03-24,966.0,987.0,886,900
2023-03-25,966.0,987.0,880,888
2023-03-26,965.0,985.0,880,880
2023-03-27,964.0,984.0,896,899
2023-03-28,964.0,984.0,901,905
2023-03-29,960.0,983.0,864,919
2023-03-30,957.0,980.0,868,878
2023-03-31,959.0,977.0,904,915
2023-04-01,956.0,974.0,905,905
2023-04-02,954.0,971.0,905,905
2023-04-03,950.0,970.0,879,941
2023-04-04,946.0,966.0,883,889
2023-04-05,940.0,961.0,875,901
2023-04-06,935.0,956.0,904,908
2023-04-07,933.0,951.0,913,924
2023-04-08,930.0,948.0,913,913
2023-04-09,927.0,944.0,913,913
2023-04-10,926.0,944.0,1000,1003
2023-04-11,926.0,944.0,995,1006
2023-04-12,922.0,942.0,940,1012
2023-04-13,920.0,940.0,971,982
2023-04-14,920.0,938.0,994,1002
2023-04-15,922.0,937.0,996,996
2023-04-16,923.0,939.0,996,996
2023-04-17,928.0,943.0,1082,1087
2023-04-18,932.0,948.0,1082,1088
2023-04-19,935.0,952.0,1051,1101
2023-04-20,938.0,956.0,1084,1096
2023-04-21,945.0,959.0,1089,1097
2023-04-22,951.0,965.0,1088,1089
2023-04-23,962.0,975.0,1207,1207
2023-04-24,974.0,987.0,1245,1252
2023-04-25,984.0,1000.0,1162,1283
2023-04-26,992.0,1010.0,1144,1195
2023-04-27,1004.0,1023.0,1277,1287
2023-04-28,1019.0,1036.0,1297,1308
2023-04-29,1033.0,1050.0,1297,1298
2023-04-30,1046.0,1063.0,1297,1298
2023-05-01,1060.0,1077.0,1334,1338
2023-05-02,1078.0,1095.0,1435,1454
2023-05-03,1095.0,1113.0,1393,1458
2023-05-04,1111.0,1131.0,1346,1425
2023-05-05,1126.0,1146.0,1347,1358
2023-05-06,1141.0,1160.0,1347,1347
2023-05-07,1156.0,1175.0,1347,1347
2023-05-08,1171.0,1191.0,1365,1396
2023-05-09,1185.0,1207.0,1330,1397
2023-05-10,1195.0,1218.0,1326,1353
2023-05-11,1207.0,1231.0,1349,1371
2023-05-12,1219.0,1242.0,1306,1364
2023-05-13,1231.0,1253.0,1307,1307
2023-05-14,1241.0,1263.0,1308,1308
2023-05-15,1248.0,1276.0,1188,1369
2023-05-16,1259.0,1287.0,1331,1346
2023-05-17,1266.0,1297.0,1312,1365
2023-05-18,1273.0,1304.0,1280,1320
2023-05-19,1280.0,1313.0,1249,1348
2023-05-20,1285.0,1318.0,1249,1249
2023-05-21,1294.0,1326.0,1352,1353
2023-05-22,1301.0,1336.0,1309,1365
2023-05-23,1304.0,1339.0,1296,1310
2023-05-24,1302.0,1341.0,1193,1314
2023-05-25,1307.0,1343.0,1294,1339
2023-05-26,1312.0,1347.0,1290,1308
2023-05-27,1312.0,1347.0,1290,1290
2023-05-28,1312.0,1346.0,1289,1290
2023-05-29,1310.0,1349.0,1252,1384
2023-05-30,1311.0,1350.0,1310,1334
2023-05-31,1309.0,1350.0,1283,1325
2023-06-01,1304.0,1344.0,1273,1295
2023-06-02,1300.0,1339.0,1283,1296
2023-06-03,1298.0,1334.0,1283,1283
2023-06-04,1296.0,1332.0,1283,1283
2023-06-05,1293.0,1331.0,1277,1311
2023-06-06,1291.0,1329.0,1279,1283
2023-06-07,1287.0,1326.0,1233,1305
2023-06-08,1285.0,1322.0,1270,1279
2023-06-09,1286.0,1323.0,1369,1391
2023-06-10,1287.0,1323.0,1371,1372
2023-06-11,1289.0,1323.0,1371,1371
2023-06-12,1290.0,1327.0,1346,1434
2023-06-13,1293.0,1330.0,1394,1397
2023-06-14,1301.0,1332.0,1417,1423
2023-06-15,1306.0,1337.0,1492,1495
2023-06-16,1312.0,1342.0,1497,1512
2023-06-17,1320.0,1348.0,1501,1502
2023-06-18,1328.0,1353.0,1500,1501
2023-06-19,1334.0,1362.0,1414,1514
2023-06-20,1339.0,1367.0,1505,1514
2023-06-21,1345.0,1373.0,1492,1535
2023-06-22,1351.0,1379.0,1476,1495
2023-06-23,1360.0,1385.0,1472,1493
2023-06-24,1366.0,1390.0,1473,1473
2023-06-25,1372.0,1395.0,1473,1473
2023-06-26,1375.0,1402.0,1378,1499
2023-06-27,1379.0,1406.0,1405,1420
2023-06-28,1382.0,1408.0,1351,1426
2023-06-29,1385.0,1410.0,1380,1400
2023-06-30,1391.0,1415.0,1476,1485
2023-07-01,1398.0,1421.0,1476,1476
2023-07-02,1404.0,1427.0,1476,1476
2023-07-03,1412.0,1435.0,1510,1524
2023-07-04,1419.0,1443.0,1509,1510
2023-07-05,1427.0,1450.0,1518,1523
2023-07-06,1437.0,1460.0,1562,1570
2023-07-07,1448.0,1469.0,1576,1589
2023-07-08,1459.0,1480.0,1599,1599
2023-07-09,1463.0,1487.0,1489,1599
2023-07-10,1468.0,1492.0,1510,1529
2023-07-11,1474.0,1498.0,1538,1546
2023-07-12,1478.0,1502.0,1494,1566
2023-07-13,1482.0,1507.0,1514,1529
2023-07-14,1486.0,1510.0,1510,1527
2023-07-15,1486.0,1510.0,1510,1510
2023-07-16,1487.0,1510.0,1510,1510
2023-07-17,1484.0,1512.0,1437,1562
2023-07-18,1482.0,1511.0,1442,1463
2023-07-19,1482.0,1509.0,1402,1457
2023-07-20,1479.0,1506.0,1413,1429
2023-07-21,1478.0,1505.0,1469,1480
2023-07-22,1478.0,1504.0,1468,1469
2023-07-23,1478.0,1503.0,1467,1468
2023-07-24,1475.0,1504.0,1383,1508
2023-07-25,1472.0,1502.0,1386,1400
2023-07-26,1471.0,1499.0,1347,1406
2023-07-27,1473.0,1501.0,1460,1489
2023-07-28,1476.0,1502.0,1461,1474
2023-07-29,1479.0,1505.0,1462,1463
2023-07-30,1479.0,1504.0,1463,1463
2023-07-31,1476.0,1505.0,1397,1500
2023-08-01,1470.0,1502.0,1300,1412
2023-08-02,1464.0,1496.0,1309,1320
2023-08-03,1457.0,1490.0,1316,1335
2023-08-04,1451.0,1484.0,1326,1334
2023-08-05,1443.0,1475.0,1324,1326
2023-08-06,1434.0,1467.0,1324,1324
2023-08-07,1423.0,1459.0,1249,1363
2023-08-08,1414.0,1447.0,1243,1253
2023-08-09,1405.0,1438.0,1227,1266
2023-08-10,1395.0,1429.0,1249,1254
2023-08-11,1387.0,1418.0,1251,1261
2023-08-12,1378.0,1409.0,1250,1251
2023-08-13,1370.0,1400.0,1250,1250
2023-08-14,1364.0,1396.0,1325,1401
2023-08-15,1357.0,1390.0,1322,1330
2023-08-16,1357.0,1387.0,1428,1461
2023-08-17,1356.0,1386.0,1423,1434
2023-08-18,1357.0,1385.0,1417,1431
2023-08-19,1357.0,1385.0,1417,1418
2023-08-20,1355.0,1383.0,1417,1417
2023-08-21,1352.0,1383.0,1371,1472
2023-08-22,1349.0,1380.0,1387,1394
2023-08-23,1349.0,1377.0,1378,1413
2023-08-24,1348.0,1377.0,1359,1381
2023-08-25,1349.0,1375.0,1360,1370
2023-08-26,1346.0,1371.0,1360,1360
2023-08-27,1342.0,1367.0,1360,1360
2023-08-28,1338.0,1364.0,1329,1381
2023-08-29,1334.0,1361.0,1355,1372
2023-08-30,1332.0,1357.0,1348,1371
2023-08-31,1334.0,1355.0,1349,1358
2023-09-01,1340.0,1361.0,1483,1486
2023-09-02,1345.0,1366.0,1474,1483
2023-09-03,1349.0,1371.0,1440,1475
2023-09-04,1348.0,1375.0,1304,1450
2023-09-05,1347.0,1375.0,1296,1345
2023-09-06,1348.0,1374.0,1257,1312
2023-09-07,1353.0,1379.0,1400,1409
2023-09-08,1358.0,1384.0,1395,1412
2023-09-09,1363.0,1388.0,1391,1395
2023-09-10,1368.0,1393.0,1391,1391
2023-09-11,1374.0,1402.0,1446,1522
2023-09-12,1382.0,1410.0,1473,1481
2023-09-13,1386.0,1413.0,1461,1497
2023-09-14,1391.0,1417.0,1460,1467
2023-09-15,1392.0,1418.0,1468,1477
2023-09-16,1394.0,1419.0,1467,1468
2023-09-17,1395.0,1420.0,1467,1467
2023-09-18,1395.0,1423.0,1411,1504
2023-09-19,1395.0,1423.0,1414,1420
2023-09-20,1396.0,1422.0,1403,1442
2023-09-21,1397.0,1423.0,1408,1426
2023-09-22,1398.0,1424.0,1415,1423
2023-09-23,1400.0,1425.0,1415,1416
2023-09-24,1402.0,1426.0,1415,1415
2023-09-25,1404.0,1431.0,1429,1500
2023-09-26,1407.0,1434.0,1456,1465
2023-09-27,1411.0,1437.0,1437,1470
2023-09-28,1414.0,1440.0,1455,1468
2023-09-29,1418.0,1444.0,1464,1474
2023-09-30,1422.0,1448.0,1465,1465
2023-10-01,1421.0,1447.0,1461,1462
2023-10-02,1418.0,1447.0,1375,1492
2023-10-03,1415.0,1444.0,1337,1400
2023-10-04,1415.0,1442.0,1320,1365
2023-10-05,1417.0,1443.0,1356,1378
2023-10-06,1421.0,1445.0,1370,1381
2023-10-07,1420.0,1444.0,1370,1370
2023-10-08,1419.0,1442.0,1370,1370
2023-10-09,1418.0,1444.0,1361,1446
2023-10-10,1419.0,1445.0,1419,1429
2023-10-11,1417.0,1443.0,1394,1439
2023-10-12,1416.0,1441.0,1429,1444
2023-10-13,1415.0,1440.0,1438,1447
2023-10-14,1414.0,1439.0,1438,1438
2023-10-15,1413.0,1437.0,1438,1438
2023-10-16,1411.0,1438.0,1387,1499
2023-10-17,1408.0,1436.0,1384,1395
2023-10-18,1411.0,1437.0,1502,1531
2023-10-19,1413.0,1440.0,1483,1523
2023-10-20,1416.0,1442.0,1493,1501
2023-10-21,1419.0,1445.0,1494,1494
2023-10-22,1422.0,1447.0,1493,1494
2023-10-23,1424.0,1451.0,1480,1541
2023-10-24,1427.0,1454.0,1507,1512
2023-10-25,1429.0,1455.0,1496,1529
2023-10-26,1432.0,1458.0,1547,1550
2023-10-27,1436.0,1462.0,1559,1572
2023-10-28,1440.0,1465.0,1561,1561
2023-10-29,1443.0,1468.0,1559,1561
2023-10-30,1444.0,1471.0,1491,1574
2023-10-31,1446.0,1474.0,1525,1532
2023-11-01,1451.0,1475.0,1529,1549
2023-11-02,1459.0,1482.0,1578,1590
2023-11-03,1468.0,1489.0,1577,1592
2023-11-04,1475.0,1496.0,1577,1577
2023-11-05,1482.0,1503.0,1578,1578
2023-11-06,1486.0,1510.0,1484,1603
2023-11-07,1490.0,1515.0,1509,1519
2023-11-08,1494.0,1518.0,1479,1540
2023-11-09,1497.0,1521.0,1502,1514
2023-11-10,1501.0,1524.0,1512,1512
2023-11-11,1504.0,1526.0,1509,1512
2023-11-12,1506.0,1528.0,1509,1509
2023-11-13,1506.0,1532.0,1445,1548
2023-11-14,1507.0,1533.0,1461,1477
2023-11-15,1509.0,1532.0,1457,1485
2023-11-16,1511.0,1535.0,1445,1464
2023-11-17,1510.0,1533.0,1468,1473
2023-11-18,1510.0,1531.0,1466,1468
2023-11-19,1509.0,1530.0,1467,1467
2023-11-20,1508.0,1532.0,1472,1566
2023-11-21,1508.0,1532.0,1482,1493
2023-11-22,1507.0,1531.0,1469,1505
2023-11-23,1506.0,1530.0,1469,1469
2023-11-24,1505.0,1528.0,1476,1476
2023-11-25,1503.0,1525.0,1476,1476
2023-11-26,1500.0,1522.0,1476,1476
2023-11-27,1499.0,1523.0,1509,1595
2023-11-28,1497.0,1522.0,1515,1526
2023-11-29,1497.0,1521.0,1491,1539
2023-11-30,1496.0,1520.0,1485,1501
2023-12-01,1495.0,1518.0,1493,1501
2023-12-02,1492.0,1515.0,1493,1493
2023-12-03,1489.0,1512.0,1493,1493
2023-12-04,1487.0,1510.0,1518,1527
2023-12-05,1484.0,1510.0,1481,1581
2023-12-06,1483.0,1507.0,1469,1500
2023-12-07,1482.0,1506.0,1478,1487
2023-12-08,1482.0,1504.0,1473,1495
2023-12-09,1481.0,1503.0,1474,1474
2023-12-10,1482.0,1504.0,1549,1549
2023-12-11,1484.0,1506.0,1561,1569
2023-12-12,1486.0,1511.0,1579,1665
2023-12-13,1490.0,1513.0,1566,1601
2023-12-14,1496.0,1518.0,1616,1623
2023-12-15,1500.0,1523.0,1579,1634
2023-12-16,1505.0,1528.0,1613,1615
2023-12-17,1510.0,1533.0,1614,1614
2023-12-18,1516.0,1539.0,1636,1649
2023-12-19,1519.0,1544.0,1553,1642
2023-12-20,1521.0,1545.0,1546,1581
2023-12-21,1524.0,1548.0,1561,1569
2023-12-22,1526.0,1550.0,1532,1576
2023-12-23,1529.0,1553.0,1565,1568
2023-12-24,1532.0,1556.0,1565,1565
2023-12-25,1535.0,1559.0,1565,1565
2023-12-26,1539.0,1563.0,1584,1588
2023-12-27,1540.0,1563.0,1559,1594
2023-12-28,1542.0,1564.0,1555,1562
2023-12-29,1543.0,1565.0,1543,1572
2023-12-30,1546.0,1567.0,1568,1568
2023-12-31,1549.0,1570.0,1568,1568
2024-01-01,1550.0,1572.0,1545,1568
2024-01-02,1550.0,1574.0,1492,1562
2024-01-03,1549.0,1574.0,1489,1515
2024-01-04,1550.0,1572.0,1510,1532
2024-01-05,1552.0,1573.0,1517,1532
2024-01-06,1553.0,1574.0,1515,1518
2024-01-07,1555.0,1576.0,1534,1534
2024-01-08,1558.0,1581.0,1570,1622
2024-01-09,1559.0,1582.0,1580,1590
2024-01-10,1559.0,1583.0,1543,1595
2024-01-11,1558.0,1580.0,1543,1564
2024-01-12,1557.0,1578.0,1554,1560
2024-01-13,1555.0,1576.0,1553,1554
2024-01-14,1554.0,1573.0,1553,1553
2024-01-15,1550.0,1571.0,1495,1558
2024-01-16,1546.0,1569.0,1491,1533
2024-01-17,1540.0,1564.0,1463,1509
2024-01-18,1539.0,1560.0,1523,1529
2024-01-19,1539.0,1559.0,1538,1553
2024-01-20,1538.0,1558.0,1520,1540
2024-01-21,1539.0,1558.0,1572,1572
2024-01-22,1538.0,1560.0,1525,1622
2024-01-23,1537.0,1559.0,1546,1550
2024-01-24,1536.0,1560.0,1526,1577
2024-01-25,1535.0,1559.0,1547,1564
2024-01-26,1534.0,1558.0,1551,1556
2024-01-27,1534.0,1557.0,1531,1551
2024-01-28,1534.0,1557.0,1571,1573
2024-01-29,1532.0,1559.0,1484,1625
2024-01-30,1527.0,1557.0,1436,1490
2024-01-31,1523.0,1553.0,1421,1457
2024-02-01,1522.0,1550.0,1460,1469
2024-02-02,1521.0,1549.0,1467,1478
2024-02-03,1520.0,1547.0,1468,1468
2024-02-04,1520.0,1546.0,1520,1520
2024-02-05,1518.0,1548.0,1451,1567
2024-02-06,1515.0,1546.0,1448,1467
2024-02-07,1511.0,1540.0,1456,1466
2024-02-08,1507.0,1536.0,1445,1472
2024-02-09,1507.0,1535.0,1546,1563
2024-02-10,1507.0,1535.0,1546,1547
2024-02-11,1508.0,1536.0,1595,1595
2024-02-12,1506.0,1538.0,1495,1618
2024-02-13,1503.0,1537.0,1462,1519
2024-02-14,1502.0,1534.0,1450,1483
2024-02-15,1500.0,1532.0,1451,1461
2024-02-16,1501.0,1531.0,1469,1470
2024-02-17,1499.0,1529.0,1469,1470
2024-02-18,1498.0,1528.0,1515,1515
2024-02-19,1495.0,1528.0,1416,1570
2024-02-20,1489.0,1524.0,1390,1437
2024-02-21,1484.0,1517.0,1380,1407
2024-02-22,1478.0,1511.0,1380,1388
2024-02-23,1473.0,1505.0,1377,1390
2024-02-24,1468.0,1499.0,1378,1378
2024-02-25,1462.0,1495.0,1389,1427
2024-02-26,1458.0,1493.0,1401,1513
2024-02-27,1453.0,1489.0,1427,1432
2024-02-28,1451.0,1483.0,1426,1450
2024-02-29,1451.0,1481.0,1434,1446
2024-03-01,1455.0,1485.0,1546,1558
2024-03-02,1458.0,1488.0,1550,1550
2024-03-03,1463.0,1492.0,1598,1598
2024-03-04,1466.0,1497.0,1559,1627
2024-03-05,1467.0,1498.0,1561,1567
2024-03-06,1470.0,1499.0,1552,1596
2024-03-07,1474.0,1503.0,1571,1581
2024-03-08,1479.0,1507.0,1579,1587
2024-03-09,1483.0,1511.0,1578,1579
2024-03-10,1486.0,1513.0,1628,1628
2024-03-11,1485.0,1517.0,1536,1660
2024-03-12,1482.0,1515.0,1489,1551
2024-03-13,1482.0,1512.0,1488,1518
2024-03-14,1483.0,1511.0,1496,1505
2024-03-15,1485.0,1513.0,1507,1521
2024-03-16,1487.0,1514.0,1508,1509
2024-03-17,1490.0,1517.0,1558,1558
2024-03-18,1493.0,1521.0,1561,1593
2024-03-19,1493.0,1525.0,1513,1624
2024-03-20,1497.0,1524.0,1539,1555
2024-03-21,1503.0,1529.0,1574,1582
2024-03-22,1510.0,1536.0,1586,1594
2024-03-23,1517.0,1542.0,1587,1587
2024-03-24,1525.0,1550.0,1636,1636
2024-03-25,1530.0,1560.0,1532,1662
2024-03-26,1534.0,1564.0,1510,1542
2024-03-27,1539.0,1564.0,1529,1537
2024-03-28,1541.0,1569.0,1485,1564
2024-03-29,1543.0,1571.0,1492,1506
2024-03-30,1545.0,1572.0,1495,1495
2024-03-31,1542.0,1570.0,1460,1496
2024-04-01,1537.0,1568.0,1415,1483
2024-04-02,1531.0,1562.0,1419,1432
2024-04-03,1526.0,1556.0,1400,1442
2024-04-04,1522.0,1552.0,1430,1437
2024-04-05,1521.0,1549.0,1516,1518
2024-04-06,1519.0,1547.0,1515,1517
2024-04-07,1518.0,1546.0,1564,1564
2024-04-08,1516.0,1548.0,1503,1612
2024-04-09,1512.0,1544.0,1509,1524
2024-04-10,1510.0,1540.0,1494,1532
2024-04-11,1510.0,1539.0,1483,1530
2024-04-12,1510.0,1538.0,1478,1498
2024-04-13,1509.0,1538.0,1480,1480
2024-04-14,1513.0,1541.0,1625,1625
2024-04-15,1514.0,1546.0,1528,1647
2024-04-16,1513.0,1546.0,1535,1561
2024-04-17,1512.0,1545.0,1513,1560
2024-04-18,1513.0,1543.0,1554,1568
2024-04-19,1515.0,1545.0,1605,1630
2024-04-20,1516.0,1546.0,1606,1608
2024-04-21,1518.0,1548.0,1656,1656
2024-04-22,1518.0,1552.0,1563,1687
2024-04-23,1514.0,1549.0,1524,1569
2024-04-24,1512.0,1546.0,1472,1555
2024-04-25,1511.0,1545.0,1487,1508
2024-04-26,1510.0,1544.0,1498,1502
2024-04-27,1511.0,1541.0,1500,1500
2024-04-28,1511.0,1541.0,1500,1500
2024-04-29,1508.0,1542.0,1394,1530
2024-04-30,1505.0,1540.0,1388,1421
2024-05-01,1504.0,1537.0,1383,1405
2024-05-02,1504.0,1538.0,1431,1443
2024-05-03,1509.0,1541.0,1530,1547
2024-05-04,1512.0,1544.0,1533,1533
2024-05-05,1514.0,1547.0,1583,1584
2024-05-06,1515.0,1551.0,1527,1640
2024-05-07,1514.0,1550.0,1526,1543
2024-05-08,1514.0,1548.0,1510,1555
2024-05-09,1514.0,1549.0,1526,1549
2024-05-10,1515.0,1549.0,1526,1547
2024-05-11,1515.0,1549.0,1466,1528
2024-05-12,1516.0,1550.0,1516,1516
2024-05-13,1515.0,1553.0,1431,1585
2024-05-14,1507.0,1547.0,1398,1441
2024-05-15,1503.0,1540.0,1415,1420
2024-05-16,1500.0,1536.0,1440,1454
2024-05-17,1498.0,1533.0,1455,1457
2024-05-18,1494.0,1529.0,1420,1456
2024-05-19,1492.0,1527.0,1568,1568
2024-05-20,1491.0,1527.0,1570,1599
2024-05-21,1488.0,1524.0,1570,1593
2024-05-22,1486.0,1521.0,1496,1594
2024-05-23,1486.0,1520.0,1517,1526
2024-05-24,1488.0,1519.0,1524,1540
2024-05-25,1488.0,1520.0,1495,1525
2024-05-26,1489.0,1521.0,1545,1545
2024-05-27,1487.0,1524.0,1432,1565
2024-05-28,1484.0,1522.0,1400,1464
2024-05-29,1484.0,1519.0,1414,1417
2024-05-30,1486.0,1519.0,1432,1442
2024-05-31,1489.0,1522.0,1476,1483
2024-06-01,1490.0,1523.0,1458,1479
2024-06-02,1492.0,1525.0,1602,1602
2024-06-03,1493.0,1528.0,1549,1633
2024-06-04,1492.0,1527.0,1545,1557
2024-06-05,1492.0,1525.0,1552,1570
2024-06-06,1493.0,1526.0,1553,1561
2024-06-07,1495.0,1526.0,1551,1572
2024-06-08,1494.0,1526.0,1517,1555
2024-06-09,1495.0,1526.0,1541,1541
2024-06-10,1495.0,1528.0,1468,1586
2024-06-11,1493.0,1527.0,1444,1491
2024-06-12,1493.0,1523.0,1452,1467
2024-06-13,1495.0,1524.0,1457,1468
2024-06-14,1501.0,1530.0,1586,1590
2024-06-15,1506.0,1534.0,1588,1588
2024-06-16,1511.0,1540.0,1611,1611
2024-06-17,1514.0,1546.0,1520,1638
2024-06-18,1513.0,1544.0,1523,1528
2024-06-19,1512.0,1542.0,1541,1543
2024-06-20,1510.0,1541.0,1505,1554
2024-06-21,1510.0,1539.0,1502,1516
2024-06-22,1510.0,1538.0,1504,1504
2024-06-23,1511.0,1538.0,1554,1555
2024-06-24,1511.0,1542.0,1512,1626
2024-06-25,1510.0,1541.0,1524,1528
2024-06-26,1513.0,1540.0,1523,1539
2024-06-27,1517.0,1542.0,1492,1526
2024-06-28,1520.0,1546.0,1505,1522
2024-06-29,1522.0,1548.0,1505,1505
2024-06-30,1526.0,1551.0,1582,1583
2024-07-01,1528.0,1559.0,1538,1699
2024-07-02,1525.0,1557.0,1494,1545
2024-07-03,1523.0,1553.0,1507,1514
2024-07-04,1521.0,1551.0,1476,1509
2024-07-05,1517.0,1548.0,1441,1490
2024-07-06,1514.0,1545.0,1443,1443
2024-07-07,1512.0,1542.0,1493,1493
2024-07-08,1511.0,1541.0,1504,1529
2024-07-09,1510.0,1540.0,1506,1512
2024-07-10,1511.0,1538.0,1484,1531
2024-07-11,1512.0,1539.0,1473,1516
2024-07-12,1513.0,1540.0,1490,1494
2024-07-13,1514.0,1541.0,1491,1491
2024-07-14,1512.0,1539.0,1537,1537
2024-07-15,1508.0,1539.0,1450,1588
2024-07-16,1502.0,1534.0,1448,1458
2024-07-17,1500.0,1528.0,1451,1465
2024-07-18,1498.0,1527.0,1450,1498
2024-07-19,1495.0,1525.0,1474,1475
2024-07-20,1494.0,1522.0,1474,1477
2024-07-21,1495.0,1522.0,1523,1523
2024-07-22,1494.0,1524.0,1481,1554
2024-07-23,1495.0,1525.0,1567,1574
2024-07-24,1497.0,1523.0,1578,1585
2024-07-25,1499.0,1526.0,1586,1620
2024-07-26,1501.0,1529.0,1596,1603
2024-07-27,1505.0,1531.0,1592,1597
2024-07-28,1509.0,1535.0,1625,1638
2024-07-29,1508.0,1540.0,1499,1650
2024-07-30,1504.0,1537.0,1460,1510
2024-07-31,1501.0,1530.0,1441,1478
2024-08-01,1501.0,1530.0,1504,1546
2024-08-02,1501.0,1530.0,1506,1525
2024-08-03,1502.0,1530.0,1508,1508
2024-08-04,1506.0,1533.0,1558,1558
2024-08-05,1508.0,1538.0,1494,1592
2024-08-06,1508.0,1538.0,1489,1504
2024-08-07,1509.0,1538.0,1533,1548
2024-08-08,1508.0,1539.0,1488,1539
2024-08-09,1509.0,1539.0,1498,1510
2024-08-10,1510.0,1538.0,1498,1498
2024-08-11,1510.0,1538.0,1498,1498
2024-08-12,1508.0,1539.0,1421,1520
2024-08-13,1505.0,1537.0,1453,1475
2024-08-14,1505.0,1534.0,1468,1487
2024-08-15,1506.0,1536.0,1475,1527
2024-08-16,1507.0,1537.0,1477,1491
2024-08-17,1508.0,1536.0,1474,1477
2024-08-18,1510.0,1538.0,1524,1524
2024-08-19,1507.0,1540.0,1405,1546
2024-08-20,1505.0,1538.0,1450,1462
2024-08-21,1504.0,1535.0,1463,1470
2024-08-22,1502.0,1535.0,1513,1570
2024-08-23,1501.0,1533.0,1525,1533
2024-08-24,1499.0,1530.0,1528,1528
2024-08-25,1497.0,1528.0,1546,1546
2024-08-26,1495.0,1528.0,1533,1590
2024-08-27,1492.0,1525.0,1532,1541
2024-08-28,1494.0,1522.0,1559,1572
2024-08-29,1496.0,1524.0,1529,1569
2024-08-30,1500.0,1527.0,1538,1554
2024-08-31,1501.0,1527.0,1543,1543
2024-09-01,1503.0,1528.0,1572,1572
2024-09-02,1504.0,1531.0,1525,1583
2024-09-03,1503.0,1532.0,1542,1582
2024-09-04,1504.0,1530.0,1524,1553
2024-09-05,1505.0,1532.0,1523,1556
2024-09-06,1505.0,1532.0,1534,1544
2024-09-07,1507.0,1532.0,1535,1535
2024-09-08,1508.0,1533.0,1536,1536
2024-09-09,1509.0,1536.0,1522,1604
2024-09-10,1509.0,1537.0,1507,1527
2024-09-11,1512.0,1538.0,1492,1542
2024-09-12,1514.0,1540.0,1532,1551
2024-09-13,1516.0,1543.0,1531,1551
2024-09-14,1518.0,1543.0,1533,1533
2024-09-15,1521.0,1546.0,1573,1574
2024-09-16,1523.0,1551.0,1508,1630
2024-09-17,1522.0,1551.0,1507,1522
2024-09-18,1526.0,1551.0,1532,1547
2024-09-19,1530.0,1554.0,1567,1573
2024-09-20,1534.0,1558.0,1573,1587
2024-09-21,1536.0,1558.0,1574,1576
2024-09-22,1538.0,1560.0,1580,1580
2024-09-23,1536.0,1563.0,1490,1613
2024-09-24,1535.0,1561.0,1497,1501
2024-09-25,1533.0,1560.0,1482,1541
2024-09-26,1532.0,1558.0,1489,1490
2024-09-27,1529.0,1555.0,1489,1489
2024-09-28,1528.0,1553.0,1489,1489
2024-09-29,1526.0,1550.0,1491,1491
2024-09-30,1523.0,1550.0,1446,1523
2024-10-01,1520.0,1548.0,1469,1505
2024-10-02,1518.0,1544.0,1469,1485
2024-10-03,1517.0,1542.0,1509,1522
2024-10-04,1515.0,1542.0,1471,1528
2024-10-05,1513.0,1539.0,1472,1474
2024-10-06,1514.0,1539.0,1557,1558
2024-10-07,1513.0,1542.0,1489,1611
2024-10-08,1511.0,1541.0,1481,1501
2024-10-09,1509.0,1538.0,1483,1512
2024-10-10,1508.0,1538.0,1473,1530
2024-10-11,1508.0,1536.0,1479,1495
2024-10-12,1506.0,1534.0,1480,1480
2024-10-13,1504.0,1531.0,1478,1480
2024-10-14,1500.0,1530.0,1401,1490
2024-10-15,1495.0,1525.0,1412,1419
2024-10-16,1492.0,1518.0,1418,1433
2024-10-17,1490.0,1517.0,1464,1494
2024-10-18,1488.0,1515.0,1468,1481
2024-10-19,1485.0,1512.0,1468,1468
2024-10-20,1483.0,1509.0,1518,1518
2024-10-21,1479.0,1508.0,1455,1539
2024-10-22,1474.0,1504.0,1448,1460
2024-10-23,1473.0,1500.0,1451,1478
2024-10-24,1472.0,1499.0,1459,1478
2024-10-25,1471.0,1497.0,1449,1482
2024-10-26,1470.0,1495.0,1450,1450
2024-10-27,1470.0,1496.0,1501,1501
2024-10-28,1470.0,1500.0,1476,1612
2024-10-29,1469.0,1500.0,1475,1486
2024-10-30,1470.0,1499.0,1470,1498
2024-10-31,1471.0,1500.0,1510,1535
2024-11-01,1472.0,1501.0,1497,1528
2024-11-02,1472.0,1501.0,1497,1497
2024-11-03,1474.0,1501.0,1547,1548
2024-11-04,1475.0,1504.0,1488,1571
2024-11-05,1473.0,1503.0,1510,1522
2024-11-06,1474.0,1501.0,1526,1539
2024-11-07,1475.0,1502.0,1505,1545
2024-11-08,1476.0,1503.0,1500,1529
2024-11-09,1477.0,1502.0,1499,1500
2024-11-10,1479.0,1503.0,1538,1541
2024-11-11,1481.0,1508.0,1552,1617
2024-11-12,1482.0,1511.0,1519,1568
2024-11-13,1486.0,1513.0,1517,1544
2024-11-14,1489.0,1516.0,1504,1531
2024-11-15,1491.0,1519.0,1463,1518
2024-11-16,1491.0,1518.0,1468,1468
2024-11-17,1492.0,1519.0,1510,1511
2024-11-18,1492.0,1522.0,1448,1534
2024-11-19,1489.0,1520.0,1444,1455
2024-11-20,1492.0,1520.0,1544,1551
2024-11-21,1494.0,1523.0,1518,1559
2024-11-22,1496.0,1525.0,1497,1539
2024-11-23,1497.0,1526.0,1497,1500
2024-11-24,1500.0,1528.0,1527,1528
2024-11-25,1500.0,1532.0,1465,1584
2024-11-26,1499.0,1531.0,1450,1475
2024-11-27,1497.0,1526.0,1425,1473
2024-11-28,1495.0,1525.0,1428,1428
2024-11-29,1493.0,1522.0,1411,1436
2024-11-30,1490.0,1518.0,1404,1411
2024-12-01,1488.0,1516.0,1444,1444
2024-12-02,1485.0,1515.0,1388,1472
2024-12-03,1479.0,1510.0,1370,1397
2024-12-04,1474.0,1504.0,1361,1395
2024-12-05,1468.0,1499.0,1325,1379
2024-12-06,1461.0,1493.0,1296,1347
2024-12-07,1454.0,1484.0,1295,1296
2024-12-08,1452.0,1483.0,1465,1476
2024-12-09,1451.0,1484.0,1448,1535
2024-12-10,1446.0,1481.0,1398,1469
2024-12-11,1442.0,1475.0,1425,1432
2024-12-12,1438.0,1471.0,1416,1439
2024-12-13,1435.0,1468.0,1413,1446
2024-12-14,1435.0,1467.0,1512,1513
2024-12-15,1438.0,1468.0,1559,1562
2024-12-16,1439.0,1472.0,1494,1581
2024-12-17,1439.0,1473.0,1513,1524
2024-12-18,1442.0,1473.0,1525,1544
2024-12-19,1445.0,1476.0,1529,1541
2024-12-20,1445.0,1476.0,1544,1554
2024-12-21,1446.0,1476.0,1546,1546
2024-12-22,1449.0,1478.0,1597,1598
2024-12-23,1449.0,1482.0,1510,1631
2024-12-24,1449.0,1481.0,1502,1512
2024-12-25,1450.0,1479.0,1502,1502
2024-12-26,1452.0,1480.0,1507,1511
2024-12-27,1455.0,1481.0,1514,1518
2024-12-28,1458.0,1484.0,1515,1515
2024-12-29,1462.0,1488.0,1556,1557
2024-12-30,1466.0,1494.0,1509,1575
2024-12-31,1468.0,1496.0,1509,1517
2025-01-01,1472.0,1497.0,1506,1510
2025-01-02,1477.0,1501.0,1516,1517
2025-01-03,1482.0,1506.0,1518,1535
2025-01-04,1487.0,1511.0,1485,1519
2025-01-05,1496.0,1517.0,1537,1538
2025-01-06,1501.0,1527.0,1458,1598
2025-01-07,1500.0,1527.0,1444,1471
2025-01-08,1499.0,1524.0,1423,1460
2025-01-09,1500.0,1523.0,1402,1432
2025-01-10,1499.0,1522.0,1400,1407
2025-01-11,1498.0,1521.0,1401,1401
2025-01-12,1500.0,1521.0,1452,1452
2025-01-13,1502.0,1525.0,1573,1627
2025-01-14,1502.0,1526.0,1574,1586
2025-01-15,1504.0,1527.0,1556,1604
2025-01-16,1505.0,1528.0,1538,1569
2025-01-17,1504.0,1529.0,1512,1563
2025-01-18,1504.0,1528.0,1512,1512
2025-01-19,1505.0,1528.0,1562,1562
2025-01-20,1502.0,1529.0,1472,1583
2025-01-21,1499.0,1526.0,1496,1499
2025-01-22,1498.0,1522.0,1503,1503
2025-01-23,1499.0,1522.0,1507,1514
2025-01-24,1500.0,1524.0,1555,1557
2025-01-25,1502.0,1525.0,1563,1563
2025-01-26,1507.0,1530.0,1655,1655
2025-01-27,1513.0,1538.0,1695,1748
2025-01-28,1518.0,1544.0,1699,1730
2025-01-29,1525.0,1549.0,1715,1748
2025-01-30,1531.0,1557.0,1698,1743
2025-01-31,1538.0,1564.0,1718,1737
2025-02-01,1545.0,1572.0,1737,1741
2025-02-02,1553.0,1579.0,1739,1739
2025-02-03,1561.0,1588.0,1736,1799
2025-02-04,1568.0,1595.0,1751,1760
2025-02-05,1579.0,1602.0,1791,1805
2025-02-06,1590.0,1614.0,1774,1817
2025-02-07,1601.0,1626.0,1744,1821
2025-02-08,1612.0,1637.0,1745,1752
2025-02-09,1624.0,1648.0,1747,1747
2025-02-10,1634.0,1661.0,1691,1805
2025-02-11,1642.0,1670.0,1711,1718
2025-02-12,1649.0,1676.0,1770,1792
2025-02-13,1656.0,1683.0,1799,1807
2025-02-14,1664.0,1692.0,1783,1868
2025-02-15,1672.0,1699.0,1787,1789
2025-02-16,1682.0,1707.0,1794,1794
2025-02-17,1689.0,1717.0,1722,1828
2025-02-18,1695.0,1724.0,1747,1749
2025-02-19,1706.0,1731.0,1810,1815
2025-02-20,1717.0,1743.0,1837,1842
2025-02-21,1730.0,1756.0,1868,1896
2025-02-22,1742.0,1768.0,1869,1869
2025-02-23,1752.0,1779.0,1878,1879
2025-02-24,1761.0,1791.0,1816,1939
2025-02-25,1767.0,1798.0,1848,1850
2025-02-26,1775.0,1803.0,1913,1921
2025-02-27,1782.0,1810.0,1937,1941
2025-02-28,1791.0,1819.0,1980,2008
2025-03-01,1801.0,1827.0,1992,1993
2025-03-02,1810.0,1836.0,1993,2009
2025-03-03,1818.0,1847.0,1961,2059
2025-03-04,1826.0,1856.0,1988,1993
2025-03-05,1837.0,1864.0,2052,2057
2025-03-06,1847.0,1875.0,2067,2077
2025-03-07,1858.0,1886.0,2120,2153
2025-03-08,1870.0,1897.0,2126,2126
2025-03-09,1882.0,1907.0,2113,2126
2025-03-10,1893.0,1921.0,2064,2166
2025-03-11,1905.0,1933.0,2102,2109
2025-03-12,1920.0,1945.0,2164,2172
2025-03-13,1935.0,1961.0,2148,2203
2025-03-14,1950.0,1976.0,2220,2233
2025-03-15,1964.0,1990.0,2224,2225
2025-03-16,1979.0,2002.0,2226,2226
2025-03-17,1989.0,2018.0,2080,2295
2025-03-18,1998.0,2029.0,2085,2118
2025-03-19,2013.0,2041.0,2156,2169
2025-03-20,2024.0,2055.0,2090,2174
2025-03-21,2034.0,2066.0,2114,2156
2025-03-22,2044.0,2076.0,2128,2129
2025-03-23,2053.0,2084.0,2131,2131
2025-03-24,2061.0,2095.0,2103,2209
2025-03-25,2068.0,2104.0,2113,2140
2025-03-26,2080.0,2112.0,2163,2182
2025-03-27,2092.0,2124.0,2193,2215
2025-03-28,2103.0,2136.0,2261,2276
2025-03-29,2114.0,2146.0,2264,2266
2025-03-30,2124.0,2155.0,2266,2267
2025-03-31,2127.0,2166.0,2090,2331
2025-04-01,2130.0,2171.0,2103,2133
2025-04-02,2136.0,2174.0,2126,2176
2025-04-03,2140.0,2179.0,2097,2134
2025-04-04,2143.0,2184.0,2157,2195
2025-04-05,2146.0,2187.0,2162,2162
2025-04-06,2148.0,2187.0,2168,2168
2025-04-07,2150.0,2190.0,2185,2224
2025-04-08,2151.0,2193.0,2140,2207
2025-04-09,2153.0,2194.0,2141,2186
2025-04-10,2155.0,2196.0,2139,2168
2025-04-11,2154.0,2196.0,2137,2186
2025-04-12,2153.0,2194.0,2142,2142
2025-04-13,2151.0,2191.0,2142,2143
2025-04-14,2149.0,2190.0,2157,2181
2025-04-15,2146.0,2188.0,2153,2187
2025-04-16,2150.0,2185.0,2188,2197
2025-04-17,2152.0,2188.0,2144,2217
2025-04-18,2152.0,2190.0,2165,2206
2025-04-19,2152.0,2189.0,2100,2168
2025-04-20,2152.0,2188.0,2106,2106
2025-04-21,2151.0,2189.0,2095,2164
2025-04-22,2150.0,2188.0,2109,2118
2025-04-23,2152.0,2187.0,2143,2156
2025-04-24,2153.0,2188.0,2142,2179
2025-04-25,2153.0,2189.0,2175,2207
2025-04-26,2153.0,2188.0,2181,2187
2025-04-27,2150.0,2185.0,2184,2184
2025-04-28,2145.0,2184.0,2121,2238
2025-04-29,2141.0,2180.0,2125,2137
2025-04-30,2143.0,2174.0,2152,2171
2025-05-01,2144.0,2176.0,2148,2177
2025-05-02,2146.0,2177.0,2185,2220
2025-05-03,2149.0,2179.0,2190,2193
2025-05-04,2151.0,2179.0,2204,2205
2025-05-05,2148.0,2183.0,2077,2263
2025-05-06,2146.0,2181.0,2097,2111
2025-05-07,2145.0,2179.0,2154,2170
2025-05-08,2144.0,2178.0,2137,2180
2025-05-09,2144.0,2179.0,2127,2208
2025-05-10,2144.0,2178.0,2130,2132
2025-05-11,2143.0,2176.0,2130,2131
2025-05-12,2141.0,2177.0,2077,2182
2025-05-13,2141.0,2178.0,2129,2171
2025-05-14,2141.0,2180.0,2164,2227
2025-05-15,2142.0,2182.0,2187,2255
2025-05-16,2143.0,2184.0,2201,2253
2025-05-17,2144.0,2184.0,2192,2210
2025-05-18,2145.0,2183.0,2194,2197
2025-05-19,2149.0,2186.0,2200,2259
2025-05-20,2152.0,2191.0,2219,2234
2025-05-21,2156.0,2194.0,2218,2259
2025-05-22,2160.0,2199.0,2205,2262
2025-05-23,2163.0,2202.0,2233,2249
2025-05-24,2165.0,2204.0,2227,2251
2025-05-25,2166.0,2205.0,2204,2230
2025-05-26,2165.0,2207.0,2139,2245
2025-05-27,2164.0,2206.0,2163,2174
2025-05-28,2165.0,2206.0,2134,2234
2025-05-29,2166.0,2208.0,2160,2185
2025-05-30,2167.0,2211.0,2183,2254
2025-05-31,2169.0,2212.0,2204,2204
2025-06-01,2169.0,2211.0,2197,2216
2025-06-02,2169.0,2214.0,2171,2264
2025-06-03,2169.0,2215.0,2214,2226
2025-06-04,2177.0,2216.0,2308,2319
2025-06-05,2178.0,2223.0,2131,2318
2025-06-06,2180.0,2225.0,2216,2222
2025-06-07,2183.0,2228.0,2231,2255
2025-06-08,2186.0,2229.0,2208,2242
2025-06-09,2188.0,2233.0,2187,2251
2025-06-10,2187.0,2235.0,2110,2188
