Date,Midnight population,24-hour population,Midnight population count,24-hour population count
2008-10-01,-1.0,-1.0,372,373
2008-10-02,-1.0,-1.0,334,372
2008-10-03,-1.0,-1.0,346,362
2008-10-04,-1.0,-1.0,346,346
2008-10-05,-1.0,-1.0,346,346
2008-10-06,-1.0,-1.0,340,347
2008-10-07,-1.0,-1.0,342,343
2008-10-08,-1.0,-1.0,343,344
2008-10-09,-1.0,-1.0,329,344
2008-10-10,-1.0,-1.0,452,461
2008-10-11,-1.0,-1.0,452,452
2008-10-12,-1.0,-1.0,452,452
2008-10-13,-1.0,-1.0,452,452
2008-10-14,-1.0,-1.0,368,478
2008-10-15,-1.0,-1.0,432,439
2008-10-16,-1.0,-1.0,464,489
2008-10-17,-1.0,-1.0,493,496
2008-10-18,-1.0,-1.0,493,493
2008-10-19,-1.0,-1.0,494,494
2008-10-20,-1.0,-1.0,499,521
2008-10-21,-1.0,-1.0,515,522
2008-10-22,-1.0,-1.0,510,518
2008-10-23,-1.0,-1.0,500,512
2008-10-24,-1.0,-1.0,491,504
2008-10-25,-1.0,-1.0,491,491
2008-10-26,-1.0,-1.0,491,491
2008-10-27,-1.0,-1.0,552,574
2008-10-28,-1.0,-1.0,554,554
2008-10-29,-1.0,-1.0,593,600
2008-10-30,449.0,460.0,615,639
2008-10-31,457.0,469.0,628,643
2008-11-01,467.0,478.0,628,628
2008-11-02,476.0,487.0,628,628
2008-11-03,485.0,496.0,600,629
2008-11-04,495.0,507.0,663,663
2008-11-05,506.0,517.0,661,664
2008-11-06,515.0,528.0,617,667
2008-11-07,525.0,538.0,620,630
2008-11-08,534.0,547.0,620,620
2008-11-09,540.0,552.0,620,620
2008-11-10,546.0,558.0,633,641
2008-11-11,552.0,564.0,633,633
2008-11-12,559.0,571.0,658,660
2008-11-13,567.0,577.0,605,659
2008-11-14,572.0,583.0,600,610
2008-11-15,577.0,587.0,600,600
2008-11-16,580.0,590.0,600,600
2008-11-17,583.0,594.0,574,600
2008-11-18,586.0,596.0,573,574
2008-11-19,588.0,598.0,569,574
2008-11-20,589.0,600.0,540,571
2008-11-21,590.0,601.0,535,543
2008-11-22,591.0,602.0,535,535
2008-11-23,592.0,603.0,535,535
2008-11-24,592.0,604.0,494,537
2008-11-25,592.0,604.0,490,494
2008-11-26,590.0,601.0,490,491
2008-11-27,588.0,599.0,490,490
2008-11-28,585.0,596.0,482,496
2008-11-29,580.0,591.0,482,482
2008-11-30,575.0,585.0,482,482
2008-12-01,570.0,580.0,464,485
2008-12-02,565.0,576.0,484,484
2008-12-03,561.0,571.0,486,486
2008-12-04,554.0,565.0,457,487
2008-12-05,547.0,558.0,441,459
2008-12-06,541.0,551.0,442,442
2008-12-07,535.0,544.0,444,444
2008-12-08,528.0,539.0,405,445
2008-12-09,521.0,532.0,406,406
2008-12-10,515.0,525.0,450,456
2008-12-11,510.0,521.0,491,513
2008-12-12,504.0,516.0,483,493
2008-12-13,500.0,510.0,483,483
2008-12-14,496.0,506.0,484,484
2008-12-15,491.0,502.0,446,485
2008-12-16,487.0,498.0,486,487
2008-12-17,484.0,494.0,480,486
2008-12-18,483.0,493.0,526,531
2008-12-19,481.0,491.0,514,528
2008-12-20,480.0,489.0,514,514
2008-12-21,479.0,488.0,514,514
2008-12-22,477.0,488.0,466,521
2008-12-23,477.0,488.0,523,523
2008-12-24,479.0,488.0,553,555
2008-12-25,481.0,490.0,553,553
2008-12-26,483.0,492.0,556,556
2008-12-27,485.0,495.0,558,558
2008-12-28,488.0,497.0,558,558
2008-12-29,490.0,499.0,556,559
2008-12-30,492.0,502.0,552,556
2008-12-31,495.0,504.0,534,555
2009-01-01,496.0,506.0,534,534
2009-01-02,498.0,507.0,538,539
2009-01-03,501.0,509.0,538,538
2009-01-04,504.0,512.0,538,538
2009-01-05,509.0,516.0,575,577
2009-01-06,514.0,522.0,615,615
2009-01-07,523.0,529.0,654,654
2009-01-08,531.0,538.0,651,685
2009-01-09,537.0,545.0,650,655
2009-01-10,543.0,549.0,650,650
2009-01-11,548.0,555.0,651,651
2009-01-12,553.0,560.0,610,654
2009-01-13,557.0,565.0,609,612
2009-01-14,562.0,569.0,604,612
2009-01-15,567.0,575.0,631,680
2009-01-16,572.0,580.0,629,634
2009-01-17,575.0,584.0,629,629
2009-01-18,579.0,587.0,629,629
2009-01-19,583.0,591.0,629,629
2009-01-20,588.0,596.0,661,662
2009-01-21,594.0,600.0,659,661
2009-01-22,597.0,605.0,615,661
2009-01-23,600.0,608.0,632,633
2009-01-24,603.0,610.0,632,632
2009-01-25,605.0,613.0,632,632
2009-01-26,607.0,616.0,616,658
2009-01-27,611.0,620.0,669,672
2009-01-28,616.0,625.0,705,707
2009-01-29,621.0,631.0,718,747
2009-01-30,628.0,638.0,744,749
2009-01-31,635.0,645.0,744,744
2009-02-01,642.0,651.0,744,744
2009-02-02,648.0,659.0,719,778
2009-02-03,656.0,667.0,771,775
2009-02-04,663.0,675.0,797,803
2009-02-05,668.0,681.0,769,797
2009-02-06,671.0,685.0,744,769
2009-02-07,675.0,687.0,744,744
2009-02-08,678.0,690.0,744,744
2009-02-09,680.0,694.0,720,777
2009-02-10,684.0,698.0,763,765
2009-02-11,689.0,702.0,762,766
2009-02-12,692.0,707.0,699,764
2009-02-13,696.0,710.0,720,726
2009-02-14,699.0,712.0,720,720
2009-02-15,702.0,715.0,720,720
2009-02-16,705.0,718.0,720,720
2009-02-17,708.0,721.0,716,720
2009-02-18,711.0,724.0,734,735
2009-02-19,714.0,727.0,743,746
2009-02-20,716.0,730.0,726,745
2009-02-21,720.0,732.0,726,726
2009-02-22,723.0,735.0,726,726
2009-02-23,725.0,738.0,681,726
2009-02-24,726.0,740.0,679,681
2009-02-25,729.0,742.0,715,724
2009-02-26,730.0,745.0,692,752
2009-02-27,731.0,746.0,723,739
2009-02-28,731.0,745.0,723,723
2009-03-01,730.0,744.0,723,723
2009-03-02,728.0,744.0,669,743
2009-03-03,726.0,743.0,701,702
2009-03-04,727.0,741.0,736,742
2009-03-05,725.0,741.0,705,761
2009-03-06,722.0,738.0,712,720
2009-03-07,720.0,735.0,712,712
2009-03-08,719.0,733.0,712,712
2009-03-09,716.0,732.0,671,713
2009-03-10,716.0,732.0,718,723
2009-03-11,715.0,730.0,717,719
2009-03-12,712.0,728.0,647,717
2009-03-13,707.0,724.0,636,652
2009-03-14,705.0,720.0,636,636
2009-03-15,702.0,717.0,636,636
2009-03-16,700.0,716.0,638,674
2009-03-17,697.0,713.0,651,651
2009-03-18,697.0,713.0,695,702
2009-03-19,696.0,713.0,702,741
2009-03-20,695.0,713.0,705,709
2009-03-21,694.0,711.0,705,705
2009-03-22,693.0,710.0,705,705
2009-03-23,691.0,709.0,653,706
2009-03-24,690.0,708.0,690,690
2009-03-25,689.0,707.0,667,694
2009-03-26,688.0,708.0,660,716
2009-03-27,687.0,706.0,665,668
2009-03-28,686.0,703.0,665,665
2009-03-29,684.0,701.0,665,665
2009-03-30,681.0,700.0,645,691
2009-03-31,679.0,697.0,645,647
2009-04-01,680.0,696.0,693,693
2009-04-02,677.0,695.0,632,695
2009-04-03,674.0,692.0,626,635
2009-04-04,671.0,687.0,626,626
2009-04-05,668.0,684.0,626,626
2009-04-06,665.0,682.0,614,646
2009-04-07,663.0,680.0,648,655
2009-04-08,663.0,679.0,680,681
2009-04-09,662.0,679.0,672,719
2009-04-10,660.0,677.0,673,673
2009-04-11,661.0,676.0,673,673
2009-04-12,662.0,677.0,673,673
2009-04-13,661.0,678.0,612,675
2009-04-14,660.0,677.0,606,612
2009-04-15,661.0,677.0,660,676
2009-04-16,660.0,678.0,610,664
2009-04-17,657.0,675.0,600,613
2009-04-18,653.0,670.0,601,601
2009-04-19,650.0,666.0,602,602
2009-04-20,646.0,663.0,583,604
2009-04-21,642.0,659.0,581,585
2009-04-22,640.0,656.0,621,628
2009-04-23,636.0,654.0,563,621
2009-04-24,634.0,651.0,590,594
2009-04-25,631.0,647.0,591,591
2009-04-26,629.0,644.0,592,592
2009-04-27,626.0,642.0,584,618
2009-04-28,625.0,641.0,622,625
2009-04-29,625.0,640.0,638,656
2009-04-30,625.0,641.0,650,677
2009-05-01,623.0,640.0,639,679
2009-05-02,623.0,639.0,640,640
2009-05-03,624.0,639.0,641,641
2009-05-04,624.0,640.0,622,664
2009-05-05,625.0,641.0,658,659
2009-05-06,627.0,643.0,690,694
2009-05-07,627.0,644.0,632,693
2009-05-08,625.0,643.0,623,635
2009-05-09,623.0,639.0,623,623
2009-05-10,621.0,638.0,624,624
2009-05-11,618.0,636.0,580,625
2009-05-12,615.0,633.0,580,589
2009-05-13,614.0,630.0,578,583
2009-05-14,611.0,629.0,522,579
2009-05-15,606.0,624.0,505,523
2009-05-16,603.0,619.0,506,506
2009-05-17,600.0,615.0,507,507
2009-05-18,595.0,612.0,463,508
2009-05-19,592.0,609.0,499,502
2009-05-20,591.0,607.0,552,556
2009-05-21,589.0,608.0,537,596
2009-05-22,586.0,605.0,527,542
2009-05-23,585.0,602.0,527,527
2009-05-24,583.0,599.0,527,527
2009-05-25,580.0,597.0,527,527
2009-05-26,578.0,595.0,526,528
2009-05-27,577.0,593.0,537,547
2009-05-28,573.0,591.0,515,569
2009-05-29,568.0,586.0,498,518
2009-05-30,563.0,580.0,498,498
2009-05-31,559.0,574.0,498,498
2009-06-01,554.0,570.0,497,499
2009-06-02,549.0,565.0,486,501
2009-06-03,544.0,559.0,486,486
2009-06-04,538.0,555.0,483,529
2009-06-05,532.0,549.0,512,524
2009-06-06,528.0,543.0,512,512
2009-06-07,525.0,539.0,512,512
2009-06-08,521.0,536.0,516,536
2009-06-09,518.0,534.0,541,554
2009-06-10,519.0,533.0,587,594
2009-06-11,519.0,533.0,576,609
2009-06-12,518.0,533.0,572,582
2009-06-13,520.0,533.0,572,572
2009-06-14,522.0,535.0,572,572
2009-06-15,524.0,537.0,549,575
2009-06-16,526.0,539.0,579,582
2009-06-17,530.0,542.0,578,580
2009-06-18,532.0,545.0,564,610
2009-06-19,532.0,546.0,550,570
2009-06-20,532.0,544.0,550,550
2009-06-21,533.0,545.0,550,550
2009-06-22,532.0,545.0,480,550
2009-06-23,531.0,545.0,503,510
2009-06-24,530.0,545.0,494,537
2009-06-25,527.0,544.0,436,505
2009-06-26,523.0,541.0,413,436
2009-06-27,519.0,535.0,413,413
2009-06-28,516.0,532.0,413,413
2009-06-29,514.0,529.0,415,417
2009-06-30,511.0,526.0,415,415
2009-07-01,508.0,524.0,414,415
2009-07-02,506.0,522.0,415,464
2009-07-03,503.0,520.0,415,415
2009-07-04,501.0,516.0,415,415
2009-07-05,498.0,513.0,415,415
2009-07-06,495.0,510.0,413,446
2009-07-07,491.0,507.0,418,419
2009-07-08,489.0,505.0,448,451
2009-07-09,486.0,502.0,437,483
2009-07-10,481.0,498.0,445,458
2009-07-11,477.0,492.0,445,445
2009-07-12,472.0,488.0,445,445
2009-07-13,468.0,484.0,456,478
2009-07-14,465.0,481.0,453,456
2009-07-15,463.0,478.0,496,498
2009-07-16,461.0,477.0,529,557
2009-07-17,460.0,476.0,533,550
2009-07-18,459.0,474.0,533,533
2009-07-19,458.0,472.0,533,533
2009-07-20,456.0,472.0,499,534
2009-07-21,454.0,470.0,496,499
2009-07-22,456.0,470.0,525,532
2009-07-23,456.0,470.0,502,526
2009-07-24,456.0,469.0,494,504
2009-07-25,458.0,469.0,494,494
2009-07-26,461.0,471.0,494,494
2009-07-27,462.0,473.0,467,496
2009-07-28,466.0,477.0,507,509
2009-07-29,469.0,480.0,507,507
2009-07-30,471.0,483.0,492,507
2009-07-31,475.0,486.0,521,526
2009-08-01,478.0,488.0,521,521
2009-08-02,482.0,492.0,521,521
2009-08-03,484.0,495.0,494,522
2009-08-04,487.0,498.0,495,496
2009-08-05,490.0,500.0,486,495
2009-08-06,492.0,503.0,489,514
2009-08-07,495.0,506.0,532,537
2009-08-08,498.0,507.0,532,532
2009-08-09,501.0,510.0,532,532
2009-08-10,505.0,514.0,561,575
2009-08-11,508.0,518.0,559,562
2009-08-12,512.0,521.0,560,561
2009-08-13,514.0,524.0,526,563
2009-08-14,515.0,525.0,526,529
2009-08-15,515.0,524.0,526,526
2009-08-16,515.0,524.0,526,526
2009-08-17,514.0,523.0,504,526
2009-08-18,513.0,522.0,503,506
2009-08-19,513.0,521.0,500,503
2009-08-20,514.0,523.0,524,557
2009-08-21,514.0,523.0,516,525
2009-08-22,514.0,523.0,516,516
2009-08-23,515.0,523.0,516,516
2009-08-24,515.0,524.0,492,517
2009-08-25,515.0,524.0,493,495
2009-08-26,517.0,525.0,532,535
2009-08-27,516.0,526.0,482,532
2009-08-28,516.0,526.0,510,520
2009-08-29,517.0,527.0,510,510
2009-08-30,516.0,526.0,510,510
2009-08-31,516.0,527.0,497,544
2009-09-01,516.0,527.0,535,537
2009-09-02,518.0,529.0,563,574
2009-09-03,520.0,532.0,555,598
2009-09-04,522.0,535.0,544,558
2009-09-05,524.0,536.0,544,544
2009-09-06,525.0,536.0,544,544
2009-09-07,525.0,536.0,544,544
2009-09-08,526.0,538.0,576,583
2009-09-09,529.0,540.0,631,632
2009-09-10,532.0,544.0,646,675
2009-09-11,535.0,548.0,669,681
2009-09-12,540.0,551.0,669,669
2009-09-13,545.0,556.0,669,669
2009-09-14,549.0,562.0,663,712
2009-09-15,555.0,568.0,706,707
2009-09-16,564.0,576.0,751,752
2009-09-17,572.0,585.0,765,802
2009-09-18,581.0,594.0,754,765
2009-09-19,589.0,601.0,754,754
2009-09-20,596.0,608.0,754,754
2009-09-21,604.0,617.0,732,781
2009-09-22,611.0,624.0,723,734
2009-09-23,620.0,633.0,761,767
2009-09-24,629.0,643.0,767,809
2009-09-25,637.0,651.0,770,773
2009-09-26,646.0,659.0,770,770
2009-09-27,655.0,667.0,770,770
2009-09-28,663.0,677.0,748,804
2009-09-29,671.0,685.0,749,750
2009-09-30,680.0,693.0,766,769
2009-10-01,687.0,702.0,744,802
2009-10-02,693.0,709.0,751,793
2009-10-03,700.0,714.0,751,751
2009-10-04,706.0,720.0,751,751
2009-10-05,712.0,727.0,725,754
2009-10-06,718.0,733.0,724,725
2009-10-07,725.0,740.0,737,739
2009-10-08,729.0,745.0,697,748
2009-10-09,731.0,748.0,708,721
2009-10-10,734.0,749.0,708,708
2009-10-11,735.0,750.0,708,708
2009-10-12,736.0,752.0,708,708
2009-10-13,737.0,753.0,704,708
2009-10-14,738.0,753.0,699,705
2009-10-15,737.0,752.0,664,699
2009-10-16,735.0,750.0,687,691
2009-10-17,732.0,747.0,688,688
2009-10-18,730.0,744.0,689,689
2009-10-19,726.0,742.0,640,706
2009-10-20,723.0,739.0,639,642
2009-10-21,718.0,734.0,596,639
2009-10-22,713.0,730.0,572,623
2009-10-23,708.0,725.0,595,601
2009-10-24,702.0,718.0,595,595
2009-10-25,696.0,712.0,595,595
2009-10-26,689.0,707.0,568,622
2009-10-27,682.0,700.0,566,568
2009-10-28,677.0,693.0,580,584
2009-10-29,671.0,689.0,567,624
2009-10-30,664.0,683.0,576,603
2009-10-31,659.0,675.0,576,576
2009-11-01,653.0,668.0,576,576
2009-11-02,646.0,662.0,537,579
2009-11-03,639.0,655.0,537,537
2009-11-04,634.0,650.0,579,581
2009-11-05,630.0,647.0,601,649
2009-11-06,625.0,643.0,594,625
2009-11-07,622.0,638.0,594,594
2009-11-08,618.0,634.0,594,594
2009-11-09,613.0,630.0,563,594
2009-11-10,608.0,625.0,556,567
2009-11-11,603.0,620.0,556,556
2009-11-12,600.0,617.0,606,613
2009-11-13,596.0,615.0,591,630
2009-11-14,593.0,611.0,591,591
2009-11-15,590.0,608.0,591,591
2009-11-16,587.0,606.0,593,644
2009-11-17,584.0,603.0,590,594
2009-11-18,582.0,600.0,599,615
2009-11-19,581.0,601.0,608,670
2009-11-20,581.0,600.0,588,611
2009-11-21,582.0,599.0,587,588
2009-11-22,581.0,598.0,587,587
2009-11-23,580.0,598.0,556,588
2009-11-24,578.0,597.0,548,557
2009-11-25,579.0,596.0,582,594
2009-11-26,580.0,596.0,582,582
2009-11-27,579.0,596.0,578,583
2009-11-28,580.0,595.0,578,578
2009-11-29,580.0,594.0,578,578
2009-11-30,581.0,597.0,612,656
2009-12-01,582.0,598.0,609,613
2009-12-02,586.0,600.0,644,649
2009-12-03,590.0,607.0,671,724
2009-12-04,593.0,610.0,662,672
2009-12-05,595.0,610.0,662,662
2009-12-06,597.0,611.0,662,662
2009-12-07,599.0,614.0,632,676
2009-12-08,600.0,615.0,630,634
2009-12-09,602.0,617.0,621,632
2009-12-10,603.0,618.0,591,621
2009-12-11,605.0,621.0,607,623
2009-12-12,605.0,620.0,607,607
2009-12-13,605.0,620.0,607,607
2009-12-14,606.0,621.0,615,641
2009-12-15,608.0,623.0,648,656
2009-12-16,611.0,625.0,681,684
2009-12-17,613.0,628.0,645,689
2009-12-18,614.0,629.0,642,657
2009-12-19,615.0,628.0,642,642
2009-12-20,617.0,629.0,642,642
2009-12-21,618.0,632.0,629,664
2009-12-22,621.0,635.0,671,676
2009-12-23,625.0,638.0,668,672
2009-12-24,629.0,641.0,668,668
2009-12-25,632.0,644.0,668,668
2009-12-26,635.0,647.0,669,669
2009-12-27,638.0,650.0,669,669
2009-12-28,640.0,654.0,663,713
2009-12-29,644.0,659.0,693,712
2009-12-30,647.0,660.0,698,703
2009-12-31,650.0,663.0,697,698
2010-01-01,652.0,665.0,698,698
2010-01-02,653.0,664.0,698,698
2010-01-03,654.0,665.0,698,698
2010-01-04,655.0,667.0,680,730
2010-01-05,655.0,668.0,675,681
2010-01-06,656.0,668.0,671,675
2010-01-07,657.0,669.0,657,676
2010-01-08,658.0,670.0,637,658
2010-01-09,659.0,670.0,637,637
2010-01-10,660.0,671.0,637,637
2010-01-11,661.0,674.0,640,692
2010-01-12,663.0,675.0,651,661
2010-01-13,664.0,676.0,650,653
2010-01-14,664.0,678.0,638,705
2010-01-15,662.0,677.0,639,658
2010-01-16,662.0,675.0,639,639
2010-01-17,662.0,674.0,639,639
2010-01-18,662.0,674.0,639,639
2010-01-19,662.0,674.0,632,639
2010-01-20,662.0,673.0,629,633
2010-01-21,659.0,673.0,590,667
2010-01-22,657.0,672.0,623,635
2010-01-23,656.0,670.0,623,623
2010-01-24,654.0,669.0,623,623
2010-01-25,650.0,667.0,550,625
2010-01-26,646.0,663.0,542,550
2010-01-27,642.0,657.0,541,542
2010-01-28,636.0,653.0,517,578
2010-01-29,631.0,648.0,540,553
2010-01-30,626.0,643.0,540,540
2010-01-31,620.0,637.0,540,540
2010-02-01,615.0,633.0,522,567
2010-02-02,611.0,629.0,575,580
2010-02-03,609.0,626.0,632,634
2010-02-04,607.0,625.0,613,665
2010-02-05,605.0,624.0,622,631
2010-02-06,604.0,622.0,622,622
2010-02-07,604.0,621.0,622,622
2010-02-08,601.0,621.0,569,624
2010-02-09,599.0,618.0,563,570
2010-02-10,596.0,614.0,564,567
2010-02-11,592.0,611.0,515,569
2010-02-12,587.0,606.0,504,515
2010-02-13,582.0,600.0,504,504
2010-02-14,578.0,595.0,504,504
2010-02-15,573.0,590.0,504,504
2010-02-16,569.0,586.0,497,504
2010-02-17,564.0,581.0,490,497
2010-02-18,557.0,576.0,438,490
2010-02-19,551.0,569.0,430,438
2010-02-20,545.0,562.0,430,430
2010-02-21,539.0,555.0,430,430
2010-02-22,531.0,548.0,398,431
2010-02-23,524.0,542.0,400,422
2010-02-24,520.0,535.0,431,435
2010-02-25,515.0,531.0,403,431
2010-02-26,510.0,527.0,393,403
2010-02-27,506.0,520.0,393,393
2010-02-28,501.0,515.0,393,393
2010-03-01,496.0,511.0,380,414
2010-03-02,491.0,506.0,393,397
2010-03-03,488.0,502.0,425,426
2010-03-04,483.0,497.0,435,453
2010-03-05,478.0,492.0,466,472
2010-03-06,473.0,485.0,466,466
2010-03-07,468.0,480.0,466,466
2010-03-08,463.0,476.0,489,523
2010-03-09,459.0,472.0,486,489
2010-03-10,457.0,469.0,523,526
2010-03-11,456.0,469.0,527,578
2010-03-12,456.0,469.0,559,571
2010-03-13,457.0,469.0,558,559
2010-03-14,459.0,470.0,558,558
2010-03-15,461.0,473.0,572,594
2010-03-16,463.0,476.0,565,572
2010-03-17,468.0,480.0,633,636
2010-03-18,472.0,486.0,628,679
2010-03-19,477.0,491.0,643,660
2010-03-20,484.0,496.0,643,643
2010-03-21,491.0,503.0,643,643
2010-03-22,497.0,511.0,611,674
2010-03-23,503.0,517.0,609,613
2010-03-24,511.0,524.0,645,646
2010-03-25,520.0,534.0,669,720
2010-03-26,527.0,542.0,645,669
2010-03-27,535.0,549.0,645,645
2010-03-28,544.0,557.0,645,645
2010-03-29,552.0,567.0,643,689
2010-03-30,560.0,576.0,623,648
2010-03-31,568.0,583.0,631,634
2010-04-01,578.0,593.0,681,683
2010-04-02,587.0,602.0,692,692
2010-04-03,595.0,610.0,692,692
2010-04-04,603.0,617.0,692,692
2010-04-05,610.0,626.0,686,730
2010-04-06,617.0,633.0,683,686
2010-04-07,624.0,638.0,680,684
2010-04-08,630.0,646.0,662,722
2010-04-09,634.0,651.0,646,663
2010-04-10,638.0,653.0,646,646
2010-04-11,640.0,655.0,646,646
2010-04-12,642.0,658.0,592,647
2010-04-13,644.0,661.0,623,632
2010-04-14,647.0,663.0,656,658
2010-04-15,649.0,667.0,626,692
2010-04-16,649.0,667.0,642,651
2010-04-17,649.0,666.0,642,642
2010-04-18,649.0,666.0,642,642
2010-04-19,648.0,666.0,590,642
2010-04-20,647.0,665.0,631,634
2010-04-21,648.0,664.0,629,631
2010-04-22,648.0,666.0,622,679
2010-04-23,648.0,666.0,624,655
2010-04-24,646.0,663.0,625,625
2010-04-25,645.0,662.0,625,625
2010-04-26,644.0,661.0,605,625
2010-04-27,643.0,661.0,607,645
2010-04-28,642.0,659.0,620,620
2010-04-29,640.0,658.0,566,621
2010-04-30,639.0,657.0,598,602
2010-05-01,636.0,654.0,598,598
2010-05-02,633.0,651.0,598,598
2010-05-03,629.0,649.0,577,623
2010-05-04,626.0,645.0,583,587
2010-05-05,624.0,642.0,647,649
2010-05-06,623.0,643.0,639,692
2010-05-07,621.0,641.0,622,640
2010-05-08,620.0,638.0,622,622
2010-05-09,619.0,636.0,622,622
2010-05-10,619.0,638.0,648,693
2010-05-11,619.0,639.0,661,665
2010-05-12,623.0,640.0,689,695
2010-05-13,623.0,642.0,626,689
2010-05-14,623.0,642.0,656,666
2010-05-15,624.0,641.0,656,656
2010-05-16,624.0,641.0,656,656
2010-05-17,624.0,642.0,633,671
2010-05-18,625.0,643.0,670,678
2010-05-19,629.0,646.0,708,712
2010-05-20,631.0,649.0,692,739
2010-05-21,634.0,653.0,737,745
2010-05-22,638.0,655.0,737,737
2010-05-23,642.0,658.0,737,737
2010-05-24,646.0,663.0,741,779
2010-05-25,650.0,667.0,736,741
2010-05-26,655.0,671.0,755,759
2010-05-27,659.0,676.0,737,791
2010-05-28,664.0,681.0,759,770
2010-05-29,670.0,686.0,759,759
2010-05-30,675.0,691.0,759,759
2010-05-31,681.0,696.0,759,759
2010-06-01,687.0,703.0,780,804
2010-06-02,694.0,709.0,785,787
2010-06-03,700.0,716.0,772,813
2010-06-04,705.0,721.0,788,802
2010-06-05,710.0,724.0,788,788
2010-06-06,715.0,729.0,788,788
2010-06-07,720.0,736.0,773,824
2010-06-08,725.0,741.0,767,773
2010-06-09,730.0,745.0,786,818
2010-06-10,732.0,749.0,735,786
2010-06-11,734.0,751.0,730,735
2010-06-12,737.0,752.0,730,730
2010-06-13,739.0,754.0,730,730
2010-06-14,741.0,758.0,713,774
2010-06-15,746.0,763.0,783,796
2010-06-16,750.0,767.0,780,783
2010-06-17,753.0,771.0,745,808
2010-06-18,755.0,772.0,756,757
2010-06-19,757.0,773.0,756,756
2010-06-20,757.0,773.0,756,756
2010-06-21,757.0,775.0,738,794
2010-06-22,757.0,775.0,729,739
2010-06-23,758.0,775.0,764,765
2010-06-24,757.0,776.0,704,765
2010-06-25,757.0,776.0,760,761
2010-06-26,758.0,775.0,760,760
2010-06-27,758.0,774.0,760,760
2010-06-28,757.0,776.0,725,796
2010-06-29,755.0,774.0,718,725
2010-06-30,754.0,773.0,712,719
2010-07-01,751.0,771.0,685,750
2010-07-02,748.0,769.0,699,717
2010-07-03,745.0,765.0,699,699
2010-07-04,742.0,762.0,699,699
2010-07-05,739.0,759.0,699,699
2010-07-06,737.0,757.0,712,745
2010-07-07,735.0,754.0,708,712
2010-07-08,731.0,751.0,655,709
2010-07-09,728.0,748.0,696,711
2010-07-10,727.0,745.0,696,696
2010-07-11,725.0,744.0,696,696
2010-07-12,723.0,742.0,655,696
2010-07-13,722.0,742.0,710,717
2010-07-14,723.0,741.0,724,730
2010-07-15,719.0,738.0,688,724
2010-07-16,716.0,735.0,676,688
2010-07-17,714.0,731.0,676,676
2010-07-18,711.0,728.0,676,676
2010-07-19,708.0,725.0,651,676
2010-07-20,706.0,724.0,704,714
2010-07-21,704.0,721.0,699,704
2010-07-22,704.0,721.0,717,751
2010-07-23,703.0,721.0,738,753
2010-07-24,704.0,720.0,738,738
2010-07-25,704.0,719.0,738,738
2010-07-26,702.0,718.0,704,739
2010-07-27,700.0,717.0,696,705
2010-07-28,698.0,713.0,690,697
2010-07-29,698.0,714.0,699,731
2010-07-30,697.0,713.0,691,699
2010-07-31,697.0,711.0,691,691
2010-08-01,697.0,710.0,691,691
2010-08-02,696.0,710.0,675,691
2010-08-03,695.0,709.0,670,675
2010-08-04,696.0,709.0,706,708
2010-08-05,696.0,709.0,723,747
2010-08-06,697.0,710.0,729,737
2010-08-07,699.0,711.0,729,729
2010-08-08,700.0,711.0,729,729
2010-08-09,701.0,714.0,709,759
2010-08-10,702.0,715.0,733,741
2010-08-11,704.0,716.0,724,733
2010-08-12,703.0,717.0,683,734
2010-08-13,702.0,716.0,701,704
2010-08-14,703.0,715.0,701,701
2010-08-15,704.0,716.0,701,701
2010-08-16,705.0,718.0,709,741
2010-08-17,706.0,719.0,705,711
2010-08-18,708.0,721.0,726,730
2010-08-19,708.0,721.0,693,728
2010-08-20,709.0,722.0,727,735
2010-08-21,709.0,721.0,727,727
2010-08-22,709.0,721.0,727,727
2010-08-23,707.0,721.0,695,742
2010-08-24,706.0,719.0,691,695
2010-08-25,705.0,718.0,688,692
2010-08-26,704.0,717.0,650,688
2010-08-27,703.0,717.0,671,683
2010-08-28,702.0,715.0,671,671
2010-08-29,702.0,714.0,671,671
2010-08-30,701.0,714.0,671,696
2010-08-31,701.0,714.0,689,694
2010-09-01,701.0,714.0,683,689
2010-09-02,701.0,716.0,676,726
2010-09-03,700.0,715.0,670,676
2010-09-04,698.0,712.0,670,670
2010-09-05,696.0,710.0,670,670
2010-09-06,694.0,708.0,670,670
2010-09-07,692.0,706.0,646,684
2010-09-08,689.0,703.0,641,646
2010-09-09,686.0,701.0,647,688
2010-09-10,685.0,699.0,673,681
2010-09-11,684.0,697.0,673,673
2010-09-12,684.0,696.0,673,673
2010-09-13,683.0,696.0,679,709
2010-09-14,682.0,696.0,679,679
2010-09-15,681.0,693.0,677,679
2010-09-16,679.0,692.0,644,677
2010-09-17,678.0,691.0,688,697
2010-09-18,678.0,690.0,688,688
2010-09-19,676.0,688.0,688,688
2010-09-20,675.0,689.0,681,752
2010-09-21,673.0,688.0,678,685
2010-09-22,673.0,686.0,698,703
2010-09-23,672.0,687.0,649,699
2010-09-24,671.0,686.0,658,664
2010-09-25,671.0,685.0,658,658
2010-09-26,671.0,684.0,658,658
2010-09-27,669.0,683.0,610,658
2010-09-28,665.0,681.0,571,610
2010-09-29,662.0,677.0,566,572
2010-09-30,658.0,674.0,572,608
2010-10-01,654.0,671.0,572,585
2010-10-02,651.0,666.0,572,572
2010-10-03,647.0,662.0,572,572
2010-10-04,644.0,660.0,576,595
2010-10-05,643.0,658.0,624,628
2010-10-06,641.0,657.0,623,624
2010-10-07,640.0,656.0,626,668
2010-10-08,641.0,657.0,651,657
2010-10-09,641.0,655.0,651,651
2010-10-10,640.0,654.0,651,651
2010-10-11,639.0,654.0,651,651
2010-10-12,638.0,654.0,624,697
2010-10-13,636.0,652.0,633,634
2010-10-14,634.0,651.0,610,652
2010-10-15,633.0,650.0,637,647
2010-10-16,632.0,649.0,637,637
2010-10-17,631.0,647.0,637,637
2010-10-18,629.0,646.0,643,671
2010-10-19,629.0,646.0,669,676
2010-10-20,630.0,645.0,717,722
2010-10-21,630.0,646.0,673,729
2010-10-22,629.0,646.0,685,697
2010-10-23,630.0,646.0,685,685
2010-10-24,631.0,646.0,685,685
2010-10-25,632.0,648.0,671,703
2010-10-26,632.0,648.0,661,672
2010-10-27,633.0,648.0,659,662
2010-10-28,636.0,651.0,643,682
2010-10-29,638.0,653.0,630,643
2010-10-30,640.0,654.0,630,630
2010-10-31,642.0,655.0,630,630
2010-11-01,644.0,658.0,635,650
2010-11-02,646.0,660.0,632,636
2010-11-03,649.0,663.0,676,682
2010-11-04,651.0,665.0,667,700
2010-11-05,653.0,668.0,685,697
2010-11-06,655.0,668.0,684,685
2010-11-07,656.0,669.0,684,684
2010-11-08,656.0,670.0,654,684
2010-11-09,657.0,672.0,682,701
2010-11-10,658.0,673.0,678,682
2010-11-11,660.0,672.0,678,678
2010-11-12,661.0,675.0,683,698
2010-11-13,664.0,676.0,683,683
2010-11-14,665.0,677.0,683,683
2010-11-15,666.0,678.0,644,683
2010-11-16,666.0,679.0,639,644
2010-11-17,667.0,679.0,680,685
2010-11-18,665.0,679.0,626,681
2010-11-19,663.0,677.0,655,663
2010-11-20,663.0,675.0,655,655
2010-11-21,662.0,673.0,655,655
2010-11-22,660.0,673.0,631,661
2010-11-23,658.0,672.0,637,662
2010-11-24,658.0,671.0,670,670
2010-11-25,659.0,671.0,670,670
2010-11-26,659.0,671.0,662,670
2010-11-27,659.0,670.0,662,662
2010-11-28,660.0,671.0,662,662
2010-11-29,661.0,673.0,658,691
2010-11-30,664.0,675.0,697,698
2010-12-01,665.0,677.0,692,697
2010-12-02,666.0,679.0,657,693
2010-12-03,667.0,679.0,690,700
2010-12-04,668.0,679.0,690,690
2010-12-05,668.0,679.0,690,690
2010-12-06,667.0,679.0,661,691
2010-12-07,666.0,678.0,658,661
2010-12-08,666.0,677.0,646,658
2010-12-09,665.0,677.0,661,697
2010-12-10,665.0,677.0,681,683
2010-12-11,665.0,677.0,681,681
2010-12-12,665.0,677.0,681,681
2010-12-13,664.0,677.0,640,682
2010-12-14,662.0,675.0,633,640
2010-12-15,664.0,676.0,691,695
2010-12-16,664.0,677.0,651,691
2010-12-17,663.0,676.0,638,652
2010-12-18,663.0,675.0,638,638
2010-12-19,663.0,674.0,638,638
2010-12-20,661.0,674.0,617,669
2010-12-21,661.0,675.0,657,668
2010-12-22,664.0,676.0,705,712
2010-12-23,665.0,678.0,683,705
2010-12-24,666.0,678.0,683,683
2010-12-25,666.0,679.0,683,683
2010-12-26,667.0,679.0,683,683
2010-12-27,668.0,680.0,684,686
2010-12-28,670.0,682.0,720,730
2010-12-29,672.0,684.0,742,744
2010-12-30,672.0,685.0,697,742
2010-12-31,673.0,685.0,697,697
2011-01-01,674.0,686.0,697,697
2011-01-02,674.0,685.0,697,697
2011-01-03,674.0,686.0,672,698
2011-01-04,673.0,685.0,670,676
2011-01-05,674.0,686.0,694,699
2011-01-06,675.0,687.0,682,719
2011-01-07,678.0,690.0,730,748
2011-01-08,680.0,692.0,730,730
2011-01-09,681.0,693.0,730,730
2011-01-10,682.0,695.0,701,730
2011-01-11,683.0,695.0,700,702
2011-01-12,687.0,698.0,755,758
2011-01-13,689.0,702.0,707,756
2011-01-14,689.0,702.0,692,707
2011-01-15,690.0,702.0,692,692
2011-01-16,692.0,704.0,692,692
2011-01-17,694.0,705.0,692,692
2011-01-18,697.0,709.0,720,733
2011-01-19,699.0,710.0,669,720
2011-01-20,698.0,710.0,650,669
2011-01-21,696.0,708.0,638,650
2011-01-22,695.0,706.0,638,638
2011-01-23,693.0,705.0,638,638
2011-01-24,690.0,703.0,578,641
2011-01-25,687.0,701.0,612,624
2011-01-26,686.0,700.0,633,638
2011-01-27,680.0,696.0,570,633
2011-01-28,674.0,691.0,555,571
2011-01-29,670.0,684.0,555,555
2011-01-30,665.0,680.0,555,555
2011-01-31,660.0,676.0,561,582
2011-02-01,655.0,671.0,552,561
2011-02-02,654.0,668.0,614,616
2011-02-03,651.0,666.0,581,614
2011-02-04,647.0,663.0,597,609
2011-02-05,644.0,659.0,597,597
2011-02-06,640.0,654.0,597,597
2011-02-07,634.0,650.0,562,600
2011-02-08,629.0,644.0,557,562
2011-02-09,625.0,640.0,591,594
2011-02-10,621.0,638.0,594,633
2011-02-11,616.0,632.0,585,596
2011-02-12,612.0,626.0,585,585
2011-02-13,608.0,622.0,585,585
2011-02-14,605.0,621.0,599,639
2011-02-15,604.0,619.0,645,649
2011-02-16,602.0,618.0,642,645
2011-02-17,600.0,616.0,653,698
2011-02-18,599.0,614.0,647,653
2011-02-19,599.0,614.0,647,647
2011-02-20,599.0,613.0,647,647
2011-02-21,599.0,614.0,647,647
2011-02-22,598.0,614.0,599,647
2011-02-23,599.0,613.0,599,603
2011-02-24,599.0,613.0,623,643
2011-02-25,600.0,614.0,659,670
2011-02-26,603.0,615.0,659,659
2011-02-27,606.0,618.0,659,659
2011-02-28,610.0,624.0,671,720
2011-03-01,614.0,628.0,670,671
2011-03-02,618.0,631.0,666,670
2011-03-03,620.0,634.0,636,666
2011-03-04,621.0,635.0,618,638
2011-03-05,622.0,635.0,618,618
2011-03-06,622.0,635.0,618,618
2011-03-07,624.0,638.0,644,670
2011-03-08,626.0,639.0,641,644
2011-03-09,628.0,641.0,640,641
2011-03-10,631.0,645.0,644,692
2011-03-11,633.0,647.0,636,644
2011-03-12,634.0,647.0,636,636
2011-03-13,636.0,648.0,636,636
2011-03-14,636.0,650.0,602,643
2011-03-15,638.0,652.0,637,639
2011-03-16,639.0,652.0,634,637
2011-03-17,637.0,651.0,595,634
2011-03-18,636.0,650.0,584,595
2011-03-19,633.0,646.0,584,584
2011-03-20,631.0,643.0,584,584
2011-03-21,630.0,643.0,602,635
2011-03-22,629.0,643.0,639,646
2011-03-23,630.0,643.0,659,662
2011-03-24,631.0,645.0,638,692
2011-03-25,632.0,646.0,630,639
2011-03-26,632.0,646.0,630,630
2011-03-27,631.0,644.0,630,630
2011-03-28,631.0,646.0,646,697
2011-03-29,630.0,645.0,642,646
2011-03-30,629.0,643.0,639,642
2011-03-31,628.0,643.0,636,681
2011-04-01,628.0,643.0,665,681
2011-04-02,629.0,643.0,665,665
2011-04-03,631.0,644.0,665,665
2011-04-04,632.0,646.0,644,679
2011-04-05,632.0,647.0,642,644
2011-04-06,632.0,646.0,640,642
2011-04-07,632.0,648.0,645,689
2011-04-08,632.0,648.0,633,647
2011-04-09,632.0,646.0,633,633
2011-04-10,632.0,646.0,633,633
2011-04-11,631.0,646.0,627,663
2011-04-12,632.0,647.0,652,654
2011-04-13,633.0,647.0,647,653
2011-04-14,633.0,649.0,625,679
2011-04-15,633.0,650.0,650,661
2011-04-16,635.0,650.0,650,650
2011-04-17,638.0,652.0,650,650
2011-04-18,639.0,655.0,636,678
2011-04-19,641.0,658.0,646,663
2011-04-20,643.0,658.0,641,646
2011-04-21,643.0,659.0,652,684
2011-04-22,643.0,660.0,661,670
2011-04-23,644.0,658.0,661,661
2011-04-24,645.0,659.0,661,661
2011-04-25,646.0,662.0,662,700
2011-04-26,647.0,663.0,659,662
2011-04-27,648.0,662.0,679,684
2011-04-28,649.0,665.0,681,725
2011-04-29,651.0,666.0,679,683
2011-04-30,652.0,666.0,679,679
2011-05-01,653.0,666.0,679,679
2011-05-02,652.0,667.0,660,686
2011-05-03,654.0,668.0,700,702
2011-05-04,656.0,670.0,730,735
2011-05-05,658.0,673.0,691,731
2011-05-06,659.0,674.0,680,691
2011-05-07,661.0,674.0,680,680
2011-05-08,662.0,675.0,680,680
2011-05-09,664.0,678.0,677,714
2011-05-10,665.0,679.0,674,677
2011-05-11,668.0,681.0,711,713
2011-05-12,668.0,684.0,674,735
2011-05-13,670.0,685.0,680,688
2011-05-14,671.0,685.0,680,680
2011-05-15,672.0,686.0,680,680
2011-05-16,673.0,688.0,680,720
2011-05-17,675.0,690.0,711,716
2011-05-18,678.0,691.0,707,711
2011-05-19,679.0,694.0,688,746
2011-05-20,681.0,696.0,708,721
2011-05-21,683.0,697.0,708,708
2011-05-22,685.0,699.0,708,708
2011-05-23,687.0,701.0,713,744
2011-05-24,688.0,703.0,708,713
2011-05-25,691.0,705.0,744,748
2011-05-26,692.0,707.0,695,744
2011-05-27,693.0,709.0,702,722
2011-05-28,694.0,708.0,702,702
2011-05-29,694.0,708.0,702,702
2011-05-30,695.0,709.0,702,702
2011-05-31,697.0,711.0,728,729
2011-06-01,699.0,712.0,726,728
2011-06-02,698.0,713.0,670,726
2011-06-03,697.0,712.0,694,708
2011-06-04,697.0,711.0,694,694
2011-06-05,697.0,711.0,694,694
2011-06-06,697.0,712.0,683,717
2011-06-07,697.0,712.0,676,683
2011-06-08,697.0,711.0,674,676
2011-06-09,696.0,711.0,623,675
2011-06-10,694.0,709.0,652,659
2011-06-11,693.0,707.0,652,652
2011-06-12,692.0,705.0,652,652
2011-06-13,690.0,705.0,629,657
2011-06-14,688.0,703.0,624,629
2011-06-15,687.0,701.0,651,659
2011-06-16,685.0,700.0,631,688
2011-06-17,682.0,697.0,620,634
2011-06-18,680.0,693.0,620,620
2011-06-19,677.0,690.0,620,620
2011-06-20,673.0,687.0,596,628
2011-06-21,670.0,685.0,634,636
2011-06-22,669.0,682.0,672,674
2011-06-23,668.0,682.0,663,699
2011-06-24,666.0,681.0,697,709
2011-06-25,666.0,679.0,697,697
2011-06-26,666.0,678.0,697,697
2011-06-27,666.0,679.0,696,735
2011-06-28,667.0,680.0,736,738
2011-06-29,667.0,682.0,712,736
2011-06-30,665.0,681.0,670,713
2011-07-01,663.0,679.0,655,671
2011-07-02,662.0,677.0,655,655
2011-07-03,661.0,675.0,655,655
2011-07-04,660.0,674.0,655,655
2011-07-05,660.0,674.0,694,697
2011-07-06,660.0,673.0,688,695
2011-07-07,660.0,675.0,673,730
2011-07-08,659.0,675.0,665,674
2011-07-09,661.0,674.0,665,665
2011-07-10,661.0,674.0,665,665
2011-07-11,661.0,676.0,639,707
2011-07-12,660.0,676.0,631,640
2011-07-13,660.0,675.0,626,631
2011-07-14,658.0,675.0,577,627
2011-07-15,657.0,674.0,604,618
2011-07-16,656.0,671.0,604,604
2011-07-17,656.0,670.0,604,604
2011-07-18,654.0,669.0,573,607
2011-07-19,652.0,668.0,572,574
2011-07-20,653.0,667.0,607,611
2011-07-21,650.0,666.0,558,607
2011-07-22,647.0,664.0,582,590
2011-07-23,644.0,660.0,582,582
2011-07-24,641.0,655.0,582,582
2011-07-25,637.0,653.0,587,623
2011-07-26,635.0,651.0,624,627
2011-07-27,633.0,648.0,648,652
2011-07-28,628.0,645.0,602,650
2011-07-29,625.0,641.0,619,629
2011-07-30,624.0,638.0,619,619
2011-07-31,622.0,636.0,619,619
2011-08-01,621.0,636.0,618,651
2011-08-02,621.0,637.0,652,661
2011-08-03,621.0,636.0,649,653
2011-08-04,618.0,635.0,618,650
2011-08-05,617.0,633.0,639,652
2011-08-06,616.0,630.0,639,639
2011-08-07,615.0,629.0,639,639
2011-08-08,614.0,630.0,650,672
2011-08-09,615.0,630.0,686,689
2011-08-10,617.0,631.0,712,719
2011-08-11,619.0,633.0,666,713
2011-08-12,621.0,636.0,686,707
2011-08-13,624.0,638.0,686,686
2011-08-14,627.0,640.0,686,686
2011-08-15,629.0,643.0,678,706
2011-08-16,633.0,647.0,708,711
2011-08-17,638.0,651.0,724,730
2011-08-18,641.0,656.0,673,725
2011-08-19,643.0,658.0,663,677
2011-08-20,647.0,660.0,663,663
2011-08-21,649.0,662.0,663,663
2011-08-22,651.0,665.0,625,666
2011-08-23,652.0,667.0,621,626
2011-08-24,654.0,668.0,659,665
2011-08-25,655.0,671.0,647,699
2011-08-26,655.0,671.0,648,670
2011-08-27,657.0,671.0,648,648
2011-08-28,658.0,672.0,648,648
2011-08-29,657.0,673.0,610,653
2011-08-30,657.0,673.0,605,610
2011-08-31,656.0,671.0,603,607
2011-09-01,654.0,670.0,575,630
2011-09-02,652.0,669.0,601,608
2011-09-03,652.0,667.0,602,602
2011-09-04,651.0,665.0,602,602
2011-09-05,649.0,664.0,602,602
2011-09-06,648.0,664.0,604,649
2011-09-07,646.0,662.0,599,605
2011-09-08,642.0,659.0,547,600
2011-09-09,637.0,654.0,562,574
2011-09-10,633.0,649.0,562,562
2011-09-11,629.0,644.0,562,562
2011-09-12,625.0,641.0,550,592
2011-09-13,620.0,637.0,542,550
2011-09-14,616.0,633.0,552,579
2011-09-15,610.0,629.0,549,590
2011-09-16,604.0,623.0,536,549
2011-09-17,600.0,616.0,536,536
2011-09-18,595.0,612.0,536,536
2011-09-19,591.0,609.0,537,576
2011-09-20,588.0,606.0,567,570
2011-09-21,586.0,602.0,564,567
2011-09-22,582.0,600.0,508,566
2011-09-23,578.0,596.0,530,542
2011-09-24,574.0,590.0,530,530
2011-09-25,570.0,586.0,530,530
2011-09-26,566.0,583.0,537,560
2011-09-27,562.0,579.0,528,537
2011-09-28,561.0,577.0,574,577
2011-09-29,559.0,576.0,530,602
2011-09-30,557.0,575.0,559,572
2011-10-01,557.0,573.0,559,559
2011-10-02,555.0,571.0,559,559
2011-10-03,554.0,571.0,581,602
2011-10-04,553.0,571.0,572,581
2011-10-05,554.0,571.0,609,616
2011-10-06,553.0,571.0,589,645
2011-10-07,554.0,571.0,618,623
2011-10-08,556.0,572.0,618,618
2011-10-09,558.0,574.0,619,619
2011-10-10,560.0,575.0,619,619
2011-10-11,563.0,579.0,646,654
2011-10-12,566.0,580.0,642,646
2011-10-13,569.0,585.0,641,686
2011-10-14,573.0,588.0,654,663
2011-10-15,576.0,590.0,654,654
2011-10-16,580.0,593.0,654,654
2011-10-17,583.0,598.0,632,674
2011-10-18,586.0,601.0,619,633
2011-10-19,590.0,604.0,656,662
2011-10-20,593.0,608.0,668,704
2011-10-21,597.0,613.0,679,703
2011-10-22,603.0,617.0,679,679
2011-10-23,608.0,621.0,679,679
2011-10-24,613.0,628.0,688,717
2011-10-25,618.0,633.0,685,688
2011-10-26,623.0,637.0,682,685
2011-10-27,628.0,643.0,676,728
2011-10-28,632.0,647.0,684,699
2011-10-29,637.0,650.0,684,684
2011-10-30,641.0,654.0,684,684
2011-10-31,644.0,658.0,658,691
2011-11-01,647.0,662.0,650,659
2011-11-02,650.0,664.0,674,680
2011-11-03,652.0,667.0,617,676
2011-11-04,653.0,668.0,637,647
2011-11-05,654.0,668.0,637,637
2011-11-06,655.0,669.0,637,637
2011-11-07,654.0,670.0,593,655
2011-11-08,653.0,669.0,588,596
2011-11-09,654.0,670.0,630,632
2011-11-10,651.0,669.0,581,649
2011-11-11,649.0,667.0,581,581
2011-11-12,647.0,664.0,581,581
2011-11-13,645.0,661.0,581,581
2011-11-14,642.0,660.0,570,620
2011-11-15,640.0,658.0,593,603
2011-11-16,639.0,655.0,590,593
2011-11-17,637.0,655.0,582,633
2011-11-18,635.0,653.0,572,585
2011-11-19,631.0,648.0,572,572
2011-11-20,628.0,644.0,572,572
2011-11-21,624.0,642.0,576,602
2011-11-22,621.0,638.0,572,576
2011-11-23,618.0,635.0,596,616
2011-11-24,615.0,632.0,596,596
2011-11-25,612.0,629.0,592,597
2011-11-26,609.0,624.0,592,592
2011-11-27,606.0,621.0,592,592
2011-11-28,602.0,618.0,559,615
2011-11-29,597.0,614.0,542,560
2011-11-30,594.0,610.0,569,571
2011-12-01,591.0,608.0,549,603
2011-12-02,586.0,604.0,533,550
2011-12-03,583.0,599.0,533,533
2011-12-04,580.0,595.0,534,534
2011-12-05,576.0,593.0,520,555
2011-12-06,572.0,589.0,513,520
2011-12-07,570.0,586.0,547,559
2011-12-08,568.0,584.0,510,547
2011-12-09,564.0,581.0,533,547
2011-12-10,563.0,577.0,533,533
2011-12-11,561.0,576.0,533,533
2011-12-12,560.0,575.0,533,566
2011-12-13,559.0,575.0,560,567
2011-12-14,558.0,573.0,557,560
2011-12-15,557.0,572.0,547,594
2011-12-16,556.0,572.0,566,575
2011-12-17,556.0,570.0,566,566
2011-12-18,555.0,569.0,566,566
2011-12-19,555.0,569.0,547,569
2011-12-20,553.0,568.0,536,549
2011-12-21,553.0,567.0,569,571
2011-12-22,552.0,568.0,548,597
2011-12-23,551.0,566.0,542,548
2011-12-24,549.0,564.0,542,542
2011-12-25,547.0,562.0,542,542
2011-12-26,545.0,560.0,542,542
2011-12-27,544.0,559.0,542,545
2011-12-28,544.0,558.0,578,590
2011-12-29,545.0,558.0,559,578
2011-12-30,545.0,558.0,556,560
2011-12-31,545.0,556.0,556,556
2012-01-01,546.0,557.0,556,556
2012-01-02,546.0,557.0,556,556
2012-01-03,549.0,560.0,606,612
2012-01-04,552.0,562.0,604,606
2012-01-05,554.0,565.0,581,606
2012-01-06,555.0,565.0,570,581
2012-01-07,557.0,566.0,570,570
2012-01-08,558.0,567.0,570,570
2012-01-09,559.0,568.0,557,577
2012-01-10,560.0,570.0,565,572
2012-01-11,561.0,570.0,564,568
2012-01-12,559.0,570.0,516,564
2012-01-13,559.0,569.0,537,546
2012-01-14,558.0,567.0,537,537
2012-01-15,557.0,566.0,537,537
2012-01-16,556.0,565.0,537,537
2012-01-17,556.0,565.0,573,580
2012-01-18,558.0,566.0,592,598
2012-01-19,559.0,569.0,568,622
2012-01-20,559.0,570.0,580,598
2012-01-21,560.0,569.0,580,580
2012-01-22,562.0,570.0,580,580
2012-01-23,563.0,572.0,568,601
2012-01-24,564.0,574.0,571,581
2012-01-25,566.0,576.0,599,603
2012-01-26,566.0,578.0,567,628
2012-01-27,566.0,578.0,561,568
2012-01-28,566.0,577.0,561,561
2012-01-29,566.0,577.0,561,561
2012-01-30,566.0,578.0,551,584
2012-01-31,566.0,579.0,563,573
2012-02-01,567.0,580.0,598,603
2012-02-02,565.0,580.0,546,598
2012-02-03,564.0,578.0,558,569
2012-02-04,563.0,577.0,558,558
2012-02-05,563.0,576.0,558,558
2012-02-06,563.0,577.0,565,593
2012-02-07,563.0,577.0,574,580
2012-02-08,564.0,578.0,596,601
2012-02-09,564.0,580.0,569,627
2012-02-10,564.0,580.0,562,574
2012-02-11,566.0,580.0,562,562
2012-02-12,566.0,580.0,562,562
2012-02-13,566.0,582.0,524,568
2012-02-14,567.0,582.0,554,562
2012-02-15,567.0,583.0,548,554
2012-02-16,566.0,583.0,544,590
2012-02-17,564.0,582.0,533,549
2012-02-18,563.0,579.0,533,533
2012-02-19,561.0,576.0,533,533
2012-02-20,560.0,575.0,533,533
2012-02-21,558.0,574.0,529,544
2012-02-22,558.0,573.0,560,566
2012-02-23,556.0,572.0,514,560
2012-02-24,552.0,569.0,495,514
2012-02-25,550.0,564.0,495,495
2012-02-26,548.0,562.0,495,495
2012-02-27,545.0,560.0,464,495
2012-02-28,541.0,557.0,456,464
2012-02-29,538.0,552.0,454,456
2012-03-01,534.0,549.0,439,481
2012-03-02,530.0,545.0,472,488
2012-03-03,527.0,541.0,472,472
2012-03-04,524.0,538.0,472,472
2012-03-05,522.0,537.0,499,516
2012-03-06,520.0,535.0,493,499
2012-03-07,518.0,531.0,492,494
2012-03-08,515.0,530.0,506,534
2012-03-09,513.0,528.0,527,540
2012-03-10,512.0,524.0,527,527
2012-03-11,510.0,523.0,527,527
2012-03-12,510.0,523.0,559,565
2012-03-13,511.0,524.0,580,586
2012-03-14,514.0,525.0,610,614
2012-03-15,515.0,528.0,591,647
2012-03-16,516.0,529.0,587,593
2012-03-17,518.0,529.0,587,587
2012-03-18,520.0,531.0,587,587
2012-03-19,522.0,534.0,600,628
2012-03-20,524.0,536.0,595,601
2012-03-21,526.0,538.0,589,596
2012-03-22,526.0,540.0,538,589
2012-03-23,526.0,540.0,548,572
2012-03-24,527.0,539.0,548,548
2012-03-25,529.0,541.0,548,548
2012-03-26,530.0,543.0,540,555
2012-03-27,531.0,544.0,533,542
2012-03-28,534.0,546.0,544,555
2012-03-29,536.0,549.0,506,544
2012-03-30,538.0,551.0,525,536
2012-03-31,541.0,553.0,525,525
2012-04-01,543.0,554.0,525,525
2012-04-02,544.0,556.0,500,534
2012-04-03,545.0,558.0,505,516
2012-04-04,545.0,557.0,503,507
2012-04-05,544.0,558.0,468,504
2012-04-06,543.0,557.0,467,469
2012-04-07,542.0,554.0,467,467
2012-04-08,540.0,552.0,467,467
2012-04-09,538.0,550.0,473,474
2012-04-10,536.0,548.0,466,473
2012-04-11,533.0,545.0,465,468
2012-04-12,527.0,541.0,411,466
2012-04-13,521.0,536.0,428,453
2012-04-14,516.0,529.0,428,428
2012-04-15,510.0,523.0,428,428
2012-04-16,504.0,518.0,400,432
2012-04-17,499.0,513.0,419,426
2012-04-18,494.0,507.0,449,451
2012-04-19,489.0,503.0,457,484
2012-04-20,486.0,499.0,489,491
2012-04-21,484.0,496.0,489,489
2012-04-22,482.0,493.0,489,489
2012-04-23,481.0,492.0,505,529
2012-04-24,479.0,491.0,503,506
2012-04-25,477.0,489.0,473,503
2012-04-26,476.0,488.0,497,504
2012-04-27,474.0,486.0,489,499
2012-04-28,473.0,484.0,489,489
2012-04-29,472.0,483.0,489,489
2012-04-30,470.0,482.0,452,489
2012-05-01,467.0,479.0,451,452
2012-05-02,466.0,477.0,471,480
2012-05-03,465.0,476.0,469,472
2012-05-04,464.0,475.0,473,491
2012-05-05,464.0,474.0,473,473
2012-05-06,464.0,474.0,473,473
2012-05-07,463.0,475.0,427,475
2012-05-08,463.0,475.0,459,465
2012-05-09,463.0,475.0,488,497
2012-05-10,464.0,477.0,481,523
2012-05-11,464.0,478.0,477,486
2012-05-12,466.0,478.0,477,477
2012-05-13,468.0,479.0,477,477
2012-05-14,470.0,482.0,478,513
2012-05-15,471.0,483.0,472,478
2012-05-16,474.0,486.0,500,502
2012-05-17,477.0,489.0,485,537
2012-05-18,476.0,491.0,442,486
2012-05-19,476.0,489.0,442,442
2012-05-20,474.0,488.0,442,442
2012-05-21,473.0,487.0,453,478
2012-05-22,472.0,486.0,447,453
2012-05-23,471.0,484.0,479,482
2012-05-24,469.0,484.0,451,495
2012-05-25,469.0,483.0,463,477
2012-05-26,468.0,482.0,463,463
2012-05-27,467.0,481.0,463,463
2012-05-28,466.0,480.0,464,464
2012-05-29,465.0,479.0,455,465
2012-05-30,466.0,479.0,500,503
2012-05-31,467.0,481.0,469,500
2012-06-01,468.0,482.0,495,499
2012-06-02,469.0,482.0,495,495
2012-06-03,470.0,483.0,495,495
2012-06-04,469.0,483.0,465,497
2012-06-05,470.0,484.0,493,498
2012-06-06,472.0,485.0,494,495
2012-06-07,473.0,487.0,474,524
2012-06-08,473.0,487.0,485,493
2012-06-09,473.0,485.0,485,485
2012-06-10,473.0,485.0,485,485
2012-06-11,472.0,486.0,436,494
2012-06-12,470.0,485.0,430,439
2012-06-13,469.0,483.0,457,460
2012-06-14,468.0,484.0,441,497
2012-06-15,467.0,482.0,454,467
2012-06-16,466.0,480.0,454,454
2012-06-17,466.0,479.0,454,454
2012-06-18,467.0,480.0,467,490
2012-06-19,468.0,481.0,463,469
2012-06-20,469.0,482.0,501,504
2012-06-21,470.0,485.0,479,538
2012-06-22,470.0,485.0,473,480
2012-06-23,471.0,484.0,473,473
2012-06-24,471.0,484.0,473,473
2012-06-25,472.0,485.0,490,509
2012-06-26,473.0,486.0,489,492
2012-06-27,474.0,487.0,486,489
2012-06-28,475.0,489.0,505,514
2012-06-29,475.0,489.0,492,507
2012-06-30,476.0,489.0,493,496
2012-07-01,476.0,489.0,492,493
2012-07-02,474.0,489.0,438,494
2012-07-03,473.0,487.0,456,460
2012-07-04,472.0,486.0,456,456
2012-07-05,471.0,486.0,450,501
2012-07-06,469.0,485.0,442,450
2012-07-07,468.0,482.0,442,442
2012-07-08,467.0,480.0,442,442
2012-07-09,466.0,480.0,453,480
2012-07-10,464.0,479.0,447,453
2012-07-11,466.0,479.0,485,488
2012-07-12,467.0,480.0,453,485
2012-07-13,467.0,481.0,459,469
2012-07-14,467.0,479.0,459,459
2012-07-15,468.0,479.0,459,459
2012-07-16,468.0,480.0,457,479
2012-07-17,467.0,480.0,448,460
2012-07-18,468.0,480.0,484,489
2012-07-19,468.0,481.0,459,485
2012-07-20,466.0,479.0,456,466
2012-07-21,466.0,477.0,456,456
2012-07-22,465.0,476.0,456,456
2012-07-23,465.0,476.0,460,485
2012-07-24,465.0,477.0,494,502
2012-07-25,465.0,477.0,480,497
2012-07-26,465.0,478.0,484,519
2012-07-27,464.0,478.0,472,485
2012-07-28,463.0,476.0,472,472
2012-07-29,463.0,475.0,472,472
2012-07-30,462.0,475.0,464,487
2012-07-31,461.0,475.0,487,495
2012-08-01,463.0,475.0,488,492
2012-08-02,464.0,477.0,483,527
2012-08-03,465.0,478.0,481,486
2012-08-04,466.0,477.0,481,481
2012-08-05,467.0,478.0,481,481
2012-08-06,468.0,480.0,455,485
2012-08-07,468.0,480.0,457,457
2012-08-08,469.0,481.0,494,498
2012-08-09,470.0,482.0,471,494
2012-08-10,470.0,483.0,480,507
2012-08-11,471.0,483.0,480,480
2012-08-12,472.0,483.0,480,480
2012-08-13,471.0,484.0,438,482
2012-08-14,470.0,483.0,433,441
2012-08-15,469.0,482.0,428,434
2012-08-16,468.0,482.0,410,464
2012-08-17,465.0,479.0,407,411
2012-08-18,464.0,477.0,407,407
2012-08-19,462.0,475.0,407,407
2012-08-20,460.0,474.0,411,440
2012-08-21,459.0,473.0,409,412
2012-08-22,457.0,470.0,406,411
2012-08-23,454.0,468.0,394,447
2012-08-24,451.0,465.0,401,410
2012-08-25,448.0,462.0,401,401
2012-08-26,446.0,459.0,401,401
2012-08-27,443.0,456.0,374,401
2012-08-28,440.0,454.0,387,391
2012-08-29,437.0,450.0,385,387
2012-08-30,434.0,447.0,385,385
2012-08-31,429.0,444.0,355,403
2012-09-01,425.0,438.0,355,355
2012-09-02,421.0,434.0,355,355
2012-09-03,417.0,429.0,355,355
2012-09-04,413.0,426.0,375,379
2012-09-05,412.0,423.0,406,408
2012-09-06,410.0,423.0,408,440
2012-09-07,408.0,421.0,428,434
2012-09-08,406.0,419.0,428,428
2012-09-09,405.0,416.0,428,428
2012-09-10,402.0,414.0,417,430
2012-09-11,401.0,413.0,440,452
2012-09-12,401.0,412.0,439,441
2012-09-13,401.0,413.0,437,470
2012-09-14,401.0,413.0,430,438
2012-09-15,402.0,412.0,430,430
2012-09-16,403.0,413.0,430,430
2012-09-17,404.0,414.0,434,461
2012-09-18,405.0,415.0,433,435
2012-09-19,405.0,415.0,430,434
2012-09-20,406.0,417.0,418,471
2012-09-21,406.0,418.0,435,438
2012-09-22,408.0,418.0,435,435
2012-09-23,409.0,418.0,435,435
2012-09-24,410.0,420.0,426,459
2012-09-25,412.0,422.0,462,464
2012-09-26,416.0,426.0,501,502
2012-09-27,419.0,431.0,477,534
2012-09-28,422.0,434.0,484,492
2012-09-29,426.0,437.0,484,484
2012-09-30,430.0,440.0,484,484
2012-10-01,434.0,444.0,463,486
2012-10-02,438.0,449.0,483,487
2012-10-03,443.0,454.0,511,516
2012-10-04,447.0,460.0,499,542
2012-10-05,450.0,463.0,495,499
2012-10-06,453.0,464.0,495,495
2012-10-07,455.0,466.0,495,495
2012-10-08,458.0,469.0,495,495
2012-10-09,460.0,471.0,490,495
2012-10-10,463.0,474.0,507,510
2012-10-11,464.0,477.0,489,545
2012-10-12,466.0,479.0,505,508
2012-10-13,469.0,480.0,505,505
2012-10-14,471.0,482.0,505,505
2012-10-15,473.0,485.0,472,506
2012-10-16,475.0,487.0,498,502
2012-10-17,477.0,489.0,494,500
2012-10-18,477.0,491.0,445,494
2012-10-19,478.0,492.0,447,483
2012-10-20,479.0,491.0,447,447
2012-10-21,479.0,492.0,447,447
2012-10-22,480.0,493.0,453,466
2012-10-23,481.0,494.0,486,487
2012-10-24,483.0,495.0,485,486
2012-10-25,483.0,497.0,457,515
2012-10-26,482.0,496.0,461,474
2012-10-27,481.0,494.0,461,461
2012-10-28,481.0,493.0,461,461
2012-10-29,479.0,492.0,442,478
2012-10-30,478.0,491.0,442,443
2012-10-31,477.0,490.0,427,443
2012-11-01,475.0,488.0,423,427
2012-11-02,471.0,485.0,397,424
2012-11-03,467.0,480.0,397,397
2012-11-04,464.0,476.0,397,397
2012-11-05,461.0,473.0,386,398
2012-11-06,457.0,470.0,383,387
2012-11-07,453.0,466.0,382,383
2012-11-08,449.0,462.0,356,382
2012-11-09,443.0,457.0,352,356
2012-11-10,439.0,450.0,352,352
2012-11-11,434.0,445.0,352,352
2012-11-12,429.0,440.0,352,352
2012-11-13,423.0,435.0,345,352
2012-11-14,420.0,431.0,367,370
2012-11-15,415.0,427.0,354,402
2012-11-16,411.0,423.0,374,376
2012-11-17,409.0,419.0,373,374
2012-11-18,406.0,415.0,373,373
2012-11-19,404.0,414.0,369,399
2012-11-20,401.0,411.0,370,370
2012-11-21,398.0,409.0,369,386
2012-11-22,394.0,405.0,369,369
2012-11-23,390.0,401.0,368,369
2012-11-24,387.0,396.0,368,368
2012-11-25,384.0,392.0,368,368
2012-11-26,381.0,389.0,350,368
2012-11-27,377.0,386.0,350,352
2012-11-28,374.0,382.0,364,379
2012-11-29,372.0,380.0,380,390
2012-11-30,371.0,380.0,393,417
2012-12-01,370.0,378.0,393,393
2012-12-02,370.0,377.0,393,393
2012-12-03,369.0,377.0,372,394
2012-12-04,369.0,378.0,405,407
2012-12-05,371.0,379.0,435,437
2012-12-06,373.0,381.0,432,461
2012-12-07,375.0,384.0,444,448
2012-12-08,378.0,386.0,444,444
2012-12-09,381.0,389.0,444,444
2012-12-10,384.0,393.0,442,478
2012-12-11,388.0,397.0,474,478
2012-12-12,393.0,402.0,506,516
2012-12-13,398.0,409.0,503,546
2012-12-14,403.0,414.0,511,517
2012-12-15,408.0,418.0,511,511
2012-12-16,413.0,422.0,511,511
2012-12-17,417.0,427.0,493,511
2012-12-18,421.0,431.0,492,493
2012-12-19,425.0,434.0,504,508
2012-12-20,430.0,439.0,497,524
2012-12-21,433.0,443.0,483,498
2012-12-22,437.0,447.0,483,484
2012-12-23,441.0,451.0,483,483
2012-12-24,445.0,455.0,483,483
2012-12-25,449.0,458.0,483,483
2012-12-26,453.0,462.0,487,488
2012-12-27,458.0,467.0,485,505
2012-12-28,461.0,471.0,462,486
2012-12-29,464.0,473.0,462,462
2012-12-30,466.0,475.0,462,462
2012-12-31,468.0,477.0,458,463
2013-01-01,470.0,479.0,458,458
2013-01-02,473.0,482.0,459,459
2013-01-03,476.0,484.0,474,494
2013-01-04,477.0,486.0,473,495
2013-01-05,478.0,487.0,473,473
2013-01-06,479.0,488.0,473,473
2013-01-07,480.0,489.0,458,489
2013-01-08,481.0,490.0,477,482
2013-01-09,482.0,490.0,476,478
2013-01-10,481.0,491.0,461,508
2013-01-11,480.0,490.0,476,477
2013-01-12,479.0,488.0,476,476
2013-01-13,478.0,486.0,476,476
2013-01-14,476.0,485.0,447,479
2013-01-15,475.0,484.0,464,466
2013-01-16,474.0,482.0,462,465
2013-01-17,472.0,482.0,444,497
2013-01-18,470.0,480.0,440,445
2013-01-19,468.0,478.0,440,440
2013-01-20,467.0,476.0,441,441
2013-01-21,465.0,474.0,441,441
2013-01-22,464.0,474.0,464,472
2013-01-23,465.0,474.0,498,500
2013-01-24,465.0,475.0,478,498
2013-01-25,465.0,475.0,497,500
2013-01-26,466.0,475.0,497,497
2013-01-27,467.0,475.0,497,497
2013-01-28,466.0,477.0,453,497
2013-01-29,467.0,477.0,476,482
2013-01-30,467.0,478.0,475,476
2013-01-31,468.0,479.0,488,507
2013-02-01,469.0,480.0,488,491
2013-02-02,470.0,480.0,488,488
2013-02-03,470.0,480.0,488,488
2013-02-04,470.0,480.0,449,488
2013-02-05,470.0,481.0,482,488
2013-02-06,471.0,481.0,494,503
2013-02-07,471.0,482.0,470,494
2013-02-08,471.0,482.0,468,471
2013-02-09,471.0,480.0,468,468
2013-02-10,471.0,480.0,468,468
2013-02-11,469.0,480.0,417,468
2013-02-12,468.0,479.0,452,453
2013-02-13,468.0,478.0,449,452
2013-02-14,468.0,479.0,459,486
2013-02-15,467.0,479.0,448,480
2013-02-16,467.0,478.0,448,448
2013-02-17,468.0,478.0,448,448
2013-02-18,468.0,478.0,448,448
2013-02-19,468.0,478.0,442,448
2013-02-20,469.0,479.0,468,469
2013-02-21,470.0,480.0,486,499
2013-02-22,469.0,480.0,483,508
2013-02-23,469.0,480.0,483,483
2013-02-24,469.0,479.0,483,483
2013-02-25,468.0,479.0,469,483
2013-02-26,467.0,478.0,461,471
2013-02-27,467.0,477.0,459,462
2013-02-28,466.0,477.0,460,494
2013-03-01,464.0,477.0,417,460
2013-03-02,462.0,474.0,417,417
2013-03-03,460.0,471.0,417,417
2013-03-04,458.0,469.0,427,436
2013-03-05,456.0,467.0,425,428
2013-03-06,456.0,467.0,462,464
2013-03-07,454.0,466.0,423,462
2013-03-08,451.0,464.0,399,443
2013-03-09,448.0,461.0,399,399
2013-03-10,446.0,458.0,399,399
2013-03-11,444.0,457.0,398,421
2013-03-12,442.0,455.0,421,424
2013-03-13,443.0,455.0,450,455
2013-03-14,444.0,456.0,468,490
2013-03-15,445.0,457.0,476,493
2013-03-16,445.0,457.0,476,476
2013-03-17,446.0,457.0,476,476
2013-03-18,448.0,458.0,489,495
2013-03-19,450.0,460.0,504,507
2013-03-20,451.0,462.0,498,507
2013-03-21,453.0,464.0,497,508
2013-03-22,454.0,465.0,495,497
2013-03-23,454.0,465.0,495,495
2013-03-24,455.0,465.0,495,495
2013-03-25,455.0,466.0,481,514
2013-03-26,454.0,466.0,479,482
2013-03-27,455.0,466.0,497,498
2013-03-28,456.0,467.0,495,498
2013-03-29,458.0,468.0,490,495
2013-03-30,458.0,468.0,490,490
2013-03-31,461.0,469.0,490,490
2013-04-01,463.0,471.0,487,490
2013-04-02,464.0,474.0,445,488
2013-04-03,466.0,475.0,483,483
2013-04-04,468.0,477.0,476,483
2013-04-05,468.0,478.0,472,477
2013-04-06,470.0,478.0,472,472
2013-04-07,472.0,479.0,472,472
2013-04-08,475.0,481.0,471,473
2013-04-09,478.0,485.0,500,503
2013-04-10,481.0,488.0,498,501
2013-04-11,484.0,491.0,495,521
2013-04-12,484.0,492.0,447,498
2013-04-13,483.0,491.0,447,447
2013-04-14,482.0,489.0,447,447
2013-04-15,482.0,489.0,466,467
2013-04-16,481.0,489.0,459,467
2013-04-17,481.0,489.0,486,493
2013-04-18,479.0,489.0,456,517
2013-04-19,478.0,488.0,443,484
2013-04-20,476.0,486.0,443,443
2013-04-21,474.0,484.0,443,443
2013-04-22,472.0,482.0,438,444
2013-04-23,472.0,482.0,481,483
2013-04-24,472.0,481.0,482,493
2013-04-25,472.0,481.0,482,484
2013-04-26,470.0,482.0,453,504
2013-04-27,469.0,480.0,453,453
2013-04-28,468.0,479.0,453,453
2013-04-29,466.0,478.0,451,454
2013-04-30,466.0,477.0,466,469
2013-05-01,465.0,476.0,463,466
2013-05-02,465.0,476.0,462,474
2013-05-03,464.0,475.0,435,463
2013-05-04,462.0,473.0,435,435
2013-05-05,461.0,472.0,435,435
2013-05-06,461.0,472.0,463,465
2013-05-07,462.0,473.0,500,502
2013-05-08,462.0,474.0,479,500
2013-05-09,461.0,473.0,463,480
2013-05-10,459.0,472.0,434,463
2013-05-11,457.0,469.0,434,434
2013-05-12,456.0,467.0,434,434
2013-05-13,456.0,466.0,430,436
2013-05-14,455.0,466.0,425,430
2013-05-15,454.0,465.0,439,442
2013-05-16,453.0,464.0,419,457
2013-05-17,449.0,462.0,390,420
2013-05-18,447.0,458.0,390,390
2013-05-19,446.0,455.0,390,390
2013-05-20,444.0,453.0,388,390
2013-05-21,443.0,452.0,409,414
2013-05-22,443.0,452.0,441,443
2013-05-23,441.0,451.0,444,469
2013-05-24,440.0,450.0,427,457
2013-05-25,438.0,448.0,427,427
2013-05-26,437.0,446.0,427,427
2013-05-27,436.0,445.0,428,428
2013-05-28,436.0,445.0,447,452
2013-05-29,436.0,445.0,444,448
2013-05-30,435.0,445.0,450,476
2013-05-31,434.0,444.0,428,451
2013-06-01,433.0,443.0,428,428
2013-06-02,433.0,442.0,428,428
2013-06-03,432.0,441.0,426,428
2013-06-04,432.0,441.0,424,426
2013-06-05,430.0,440.0,420,424
2013-06-06,427.0,437.0,405,420
2013-06-07,424.0,434.0,369,405
2013-06-08,420.0,430.0,369,369
2013-06-09,418.0,427.0,369,369
2013-06-10,417.0,426.0,383,387
2013-06-11,416.0,425.0,410,412
2013-06-12,416.0,424.0,421,424
2013-06-13,416.0,425.0,451,461
2013-06-14,417.0,427.0,461,489
2013-06-15,418.0,427.0,461,461
2013-06-16,421.0,428.0,461,461
2013-06-17,423.0,431.0,456,461
2013-06-18,426.0,434.0,478,479
2013-06-19,429.0,437.0,472,479
2013-06-20,430.0,439.0,445,472
2013-06-21,431.0,440.0,463,477
2013-06-22,431.0,440.0,463,463
2013-06-23,433.0,440.0,463,463
2013-06-24,433.0,441.0,454,463
2013-06-25,435.0,443.0,487,492
2013-06-26,437.0,445.0,482,487
2013-06-27,438.0,446.0,458,483
2013-06-28,439.0,447.0,475,478
2013-06-29,440.0,447.0,475,475
2013-06-30,441.0,448.0,475,475
2013-07-01,443.0,450.0,487,494
2013-07-02,445.0,452.0,494,497
2013-07-03,447.0,455.0,467,495
2013-07-04,448.0,456.0,467,467
2013-07-05,449.0,458.0,450,468
2013-07-06,451.0,459.0,450,450
2013-07-07,453.0,460.0,450,450
2013-07-08,456.0,463.0,447,450
2013-07-09,459.0,466.0,466,470
2013-07-10,462.0,469.0,464,466
2013-07-11,463.0,472.0,457,495
2013-07-12,464.0,473.0,456,458
2013-07-13,465.0,472.0,456,456
2013-07-14,464.0,471.0,456,456
2013-07-15,464.0,471.0,446,456
2013-07-16,463.0,471.0,442,449
2013-07-17,463.0,470.0,439,443
2013-07-18,460.0,469.0,408,439
2013-07-19,458.0,467.0,406,420
2013-07-20,457.0,465.0,406,406
2013-07-21,455.0,462.0,406,406
2013-07-22,453.0,460.0,400,408
2013-07-23,452.0,460.0,434,434
2013-07-24,451.0,459.0,432,435
2013-07-25,449.0,457.0,421,456
2013-07-26,448.0,456.0,448,451
2013-07-27,448.0,455.0,448,448
2013-07-28,447.0,454.0,448,448
2013-07-29,446.0,453.0,445,448
2013-07-30,445.0,452.0,443,446
2013-07-31,444.0,452.0,476,479
2013-08-01,443.0,451.0,457,479
2013-08-02,442.0,450.0,451,457
2013-08-03,442.0,449.0,451,451
2013-08-04,442.0,449.0,451,451
2013-08-05,442.0,449.0,453,457
2013-08-06,443.0,450.0,484,486
2013-08-07,444.0,451.0,483,485
2013-08-08,444.0,452.0,453,490
2013-08-09,443.0,452.0,446,453
2013-08-10,443.0,450.0,446,446
2013-08-11,443.0,450.0,446,446
2013-08-12,443.0,450.0,462,462
2013-08-13,443.0,450.0,462,462
2013-08-14,444.0,450.0,458,464
2013-08-15,443.0,450.0,437,458
2013-08-16,443.0,451.0,439,460
2013-08-17,444.0,451.0,439,439
2013-08-18,445.0,452.0,439,439
2013-08-19,446.0,453.0,436,440
2013-08-20,448.0,454.0,441,445
2013-08-21,449.0,455.0,439,442
2013-08-22,449.0,457.0,437,479
2013-08-23,449.0,457.0,434,440
2013-08-24,450.0,456.0,434,434
2013-08-25,449.0,456.0,434,434
2013-08-26,449.0,455.0,433,434
2013-08-27,448.0,455.0,426,433
2013-08-28,447.0,454.0,424,426
2013-08-29,446.0,453.0,398,424
2013-08-30,443.0,451.0,398,400
2013-08-31,441.0,448.0,398,398
2013-09-01,439.0,446.0,398,398
2013-09-02,438.0,444.0,398,398
2013-09-03,436.0,442.0,395,400
2013-09-04,434.0,440.0,393,396
2013-09-05,430.0,437.0,377,393
2013-09-06,426.0,434.0,364,378
2013-09-07,423.0,430.0,364,364
2013-09-08,420.0,427.0,364,364
2013-09-09,419.0,425.0,395,397
2013-09-10,418.0,424.0,411,414
2013-09-11,416.0,423.0,425,431
2013-09-12,414.0,422.0,395,425
2013-09-13,411.0,419.0,372,395
2013-09-14,409.0,416.0,372,372
2013-09-15,407.0,413.0,372,372
2013-09-16,405.0,411.0,371,373
2013-09-17,402.0,409.0,368,372
2013-09-18,400.0,407.0,364,368
2013-09-19,397.0,404.0,354,380
2013-09-20,394.0,402.0,352,359
2013-09-21,391.0,397.0,352,352
2013-09-22,388.0,395.0,352,352
2013-09-23,386.0,392.0,352,352
2013-09-24,384.0,390.0,375,378
2013-09-25,382.0,389.0,395,400
2013-09-26,381.0,388.0,377,412
2013-09-27,380.0,387.0,386,406
2013-09-28,379.0,386.0,386,386
2013-09-29,379.0,386.0,386,386
2013-09-30,378.0,385.0,383,387
2013-10-01,378.0,385.0,389,389
2013-10-02,378.0,385.0,404,407
2013-10-03,378.0,386.0,380,405
2013-10-04,377.0,385.0,369,382
2013-10-05,377.0,384.0,369,369
2013-10-06,377.0,384.0,369,369
2013-10-07,377.0,384.0,373,374
2013-10-08,377.0,385.0,370,373
2013-10-09,376.0,384.0,367,370
2013-10-10,374.0,382.0,328,369
2013-10-11,370.0,379.0,330,333
2013-10-12,368.0,376.0,330,330
2013-10-13,367.0,374.0,330,330
2013-10-14,365.0,372.0,329,330
2013-10-15,364.0,371.0,341,345
2013-10-16,363.0,370.0,339,341
2013-10-17,362.0,370.0,343,373
2013-10-18,362.0,370.0,339,347
2013-10-19,361.0,368.0,339,339
2013-10-20,361.0,368.0,339,339
2013-10-21,360.0,367.0,336,340
2013-10-22,360.0,367.0,358,358
2013-10-23,360.0,368.0,356,358
2013-10-24,359.0,367.0,334,356
2013-10-25,357.0,365.0,325,335
2013-10-26,355.0,362.0,325,325
2013-10-27,353.0,359.0,325,325
2013-10-28,351.0,357.0,320,325
2013-10-29,349.0,355.0,321,322
2013-10-30,347.0,353.0,320,323
2013-10-31,344.0,350.0,302,320
2013-11-01,340.0,347.0,297,302
2013-11-02,337.0,343.0,297,297
2013-11-03,335.0,340.0,297,297
2013-11-04,332.0,338.0,296,297
2013-11-05,330.0,336.0,293,296
2013-11-06,327.0,333.0,290,293
2013-11-07,324.0,330.0,270,290
2013-11-08,320.0,327.0,261,271
2013-11-09,318.0,323.0,261,261
2013-11-10,316.0,321.0,261,261
2013-11-11,314.0,319.0,261,261
2013-11-12,311.0,316.0,260,262
2013-11-13,309.0,314.0,260,260
2013-11-14,306.0,311.0,241,260
2013-11-15,302.0,308.0,242,242
2013-11-16,299.0,303.0,242,242
2013-11-17,296.0,300.0,242,242
2013-11-18,292.0,297.0,241,242
2013-11-19,289.0,294.0,240,242
2013-11-20,286.0,290.0,237,240
2013-11-21,281.0,286.0,220,237
2013-11-22,277.0,282.0,221,221
2013-11-23,273.0,277.0,221,221
2013-11-24,270.0,273.0,221,221
2013-11-25,266.0,270.0,218,222
2013-11-26,262.0,266.0,214,218
2013-11-27,258.0,263.0,202,214
2013-11-28,254.0,259.0,202,202
2013-11-29,250.0,255.0,191,202
2013-11-30,246.0,250.0,191,191
2013-12-01,243.0,247.0,191,191
2013-12-02,239.0,243.0,190,191
2013-12-03,236.0,239.0,188,190
2013-12-04,232.0,236.0,187,188
2013-12-05,228.0,232.0,183,187
2013-12-06,225.0,229.0,184,205
2013-12-07,222.0,226.0,184,184
2013-12-08,219.0,223.0,184,184
2013-12-09,217.0,220.0,185,185
2013-12-10,214.0,218.0,175,187
2013-12-11,211.0,215.0,175,175
2013-12-12,208.0,212.0,163,175
2013-12-13,205.0,209.0,161,163
2013-12-14,202.0,206.0,161,161
2013-12-15,199.0,203.0,161,161
2013-12-16,195.0,200.0,127,161
2013-12-17,191.0,196.0,124,127
2013-12-18,188.0,192.0,124,124
2013-12-19,182.0,188.0,87,125
2013-12-20,177.0,183.0,83,87
2013-12-21,173.0,178.0,83,83
2013-12-22,168.0,174.0,83,83
2013-12-23,163.0,169.0,61,83
2013-12-24,157.0,164.0,60,61
2013-12-25,152.0,158.0,61,61
2013-12-26,147.0,153.0,52,61
2013-12-27,141.0,148.0,39,53
2013-12-28,136.0,142.0,39,39
2013-12-29,131.0,137.0,39,39
2013-12-30,125.0,132.0,9,40
2013-12-31,118.0,126.0,1,9
2014-01-01,112.0,119.0,1,1
2014-01-02,106.0,113.0,1,1
2014-01-03,100.0,107.0,1,1
2014-01-04,94.0,101.0,1,1
2014-01-05,88.0,94.0,1,1
2014-01-06,81.0,88.0,1,1
2014-01-07,75.0,82.0,1,1
2014-01-08,69.0,76.0,1,1
2014-01-09,63.0,69.0,1,1
2014-01-10,58.0,64.0,1,1
2014-01-11,52.0,58.0,1,1
2014-01-12,47.0,52.0,1,1
2014-01-13,42.0,47.0,1,1
2014-01-14,36.0,42.0,1,1
2014-01-15,32.0,36.0,1,1
2014-01-16,28.0,32.0,1,1
2014-01-17,24.0,28.0,1,1
2014-01-18,21.0,24.0,1,1
2014-01-19,18.0,21.0,1,1
2014-01-20,15.0,18.0,1,1
2014-01-21,13.0,16.0,1,1
2014-01-22,11.0,13.0,1,1
2014-01-23,9.0,11.0,1,1
2014-01-24,7.0,9.0,1,1
2014-01-25,5.0,7.0,1,1
2014-01-26,4.0,5.0,1,1
2014-01-27,3.0,4.0,1,1
2014-01-28,1.0,3.0,1,1
2014-01-29,1.0,1.0,1,1
2014-01-30,1.0,1.0,1,1
2014-01-31,1.0,1.0,1,1
2014-02-01,1.0,1.0,1,1
2014-02-02,1.0,1.0,1,1
2014-02-03,1.0,1.0,1,1
2014-02-04,1.0,1.0,1,1
2014-02-05,1.0,1.0,1,1
2014-02-06,1.0,1.0,1,1
2014-02-07,1.0,1.0,1,1
2014-02-08,1.0,1.0,1,1
2014-02-09,1.0,1.0,1,1
2014-02-10,1.0,1.0,1,1
2014-02-11,1.0,1.0,1,1
2014-02-12,1.0,1.0,1,1
2014-02-13,1.0,1.0,1,1
2014-02-14,1.0,1.0,1,1
2014-02-15,1.0,1.0,1,1
2014-02-16,1.0,1.0,1,1
2014-02-17,1.0,1.0,1,1
2014-02-18,1.0,1.0,1,1
2014-02-19,1.0,1.0,1,1
2014-02-20,1.0,1.0,1,1
2014-02-21,1.0,1.0,1,1
2014-02-22,1.0,1.0,1,1
2014-02-23,1.0,1.0,1,1
2014-02-24,1.0,1.0,1,1
2014-02-25,1.0,1.0,1,1
2014-02-26,1.0,1.0,1,1
2014-02-27,1.0,1.0,1,1
2014-02-28,1.0,1.0,1,1
2014-03-01,1.0,1.0,1,1
2014-03-02,1.0,1.0,1,1
2014-03-03,1.0,1.0,1,1
2014-03-04,1.0,1.0,1,1
2014-03-05,1.0,1.0,1,1
2014-03-06,1.0,1.0,1,1
2014-03-07,1.0,1.0,1,1
2014-03-08,1.0,1.0,1,1
2014-03-09,1.0,1.0,1,1
2014-03-10,1.0,1.0,1,1
2014-03-11,1.0,1.0,1,1
2014-03-12,1.0,1.0,1,1
2014-03-13,1.0,1.0,1,1
2014-03-14,1.0,1.0,1,1
2014-03-15,1.0,1.0,1,1
2014-03-16,1.0,1.0,1,1
2014-03-17,1.0,1.0,1,1
2014-03-18,1.0,1.0,1,1
2014-03-19,1.0,1.0,1,1
2014-03-20,1.0,1.0,1,1
2014-03-21,1.0,1.0,1,1
2014-03-22,1.0,1.0,1,1
2014-03-23,1.0,1.0,1,1
2014-03-24,1.0,1.0,1,1
2014-03-25,1.0,1.0,1,1
2014-03-26,1.0,1.0,1,1
2014-03-27,1.0,1.0,1,1
2014-03-28,1.0,1.0,1,1
2014-03-29,1.0,1.0,1,1
2014-03-30,1.0,1.0,1,1
2014-03-31,1.0,1.0,1,1
2014-04-01,1.0,1.0,1,1
2014-04-02,1.0,1.0,1,1
2014-04-03,1.0,1.0,1,1
2014-04-04,1.0,1.0,1,1
2014-04-05,1.0,1.0,1,1
2014-04-06,1.0,1.0,1,1
2014-04-07,1.0,1.0,1,1
2014-04-08,1.0,1.0,1,1
2014-04-09,1.0,1.0,1,1
2014-04-10,1.0,1.0,1,1
2014-04-11,1.0,1.0,1,1
2014-04-12,1.0,1.0,1,1
2014-04-13,1.0,1.0,1,1
2014-04-14,1.0,1.0,1,1
2014-04-15,1.0,1.0,1,1
2014-04-16,1.0,1.0,1,1
2014-04-17,1.0,1.0,1,1
2014-04-18,1.0,1.0,1,1
2014-04-19,1.0,1.0,1,1
2014-04-20,1.0,1.0,1,1
2014-04-21,1.0,1.0,1,1
2014-04-22,1.0,1.0,1,1
2014-04-23,1.0,1.0,1,1
2014-04-24,1.0,1.0,1,1
2014-04-25,1.0,1.0,1,1
2014-04-26,1.0,1.0,1,1
2014-04-27,1.0,1.0,1,1
2014-04-28,1.0,1.0,1,1
2014-04-29,1.0,1.0,1,1
2014-04-30,1.0,1.0,1,1
2014-05-01,1.0,1.0,1,1
2014-05-02,1.0,1.0,1,1
2014-05-03,1.0,1.0,1,1
2014-05-04,1.0,1.0,1,1
2014-05-05,1.0,1.0,1,1
2014-05-06,1.0,1.0,1,1
2014-05-07,1.0,1.0,1,1
2014-05-08,1.0,1.0,1,1
2014-05-09,1.0,1.0,1,1
2014-05-10,1.0,1.0,1,1
2014-05-11,1.0,1.0,1,1
2014-05-12,1.0,1.0,1,1
2014-05-13,1.0,1.0,1,1
2014-05-14,1.0,1.0,1,1
2014-05-15,1.0,1.0,1,1
2014-05-16,1.0,1.0,1,1
2014-05-17,1.0,1.0,1,1
2014-05-18,1.0,1.0,1,1
2014-05-19,1.0,1.0,1,1
2014-05-20,1.0,1.0,1,1
2014-05-21,1.0,1.0,1,1
2014-05-22,1.0,1.0,1,1
2014-05-23,1.0,1.0,1,2
2014-05-24,1.0,1.0,1,1
2014-05-25,1.0,1.0,1,1
2014-05-26,1.0,1.0,1,1
2014-05-27,1.0,1.0,1,1
2014-05-28,1.0,1.0,1,1
2014-05-29,1.0,1.0,1,1
2014-05-30,1.0,1.0,1,1
2014-05-31,1.0,1.0,1,1
2014-06-01,1.0,1.0,1,1
2014-06-02,1.0,1.0,1,1
2014-06-03,1.0,1.0,1,1
2014-06-04,1.0,1.0,1,1
2014-06-05,1.0,1.0,1,1
2014-06-06,1.0,1.0,1,1
2014-06-07,1.0,1.0,1,1
2014-06-08,1.0,1.0,1,1
2014-06-09,1.0,1.0,1,1
2014-06-10,1.0,1.0,1,1
2014-06-11,1.0,1.0,1,1
2014-06-12,1.0,1.0,1,1
2014-06-13,1.0,1.0,1,1
2014-06-14,1.0,1.0,1,1
2014-06-15,1.0,1.0,1,1
2014-06-16,1.0,1.0,1,1
2014-06-17,1.0,1.0,1,1
2014-06-18,1.0,1.0,1,1
2014-06-19,1.0,1.0,1,1
2014-06-20,1.0,1.0,1,1
2014-06-21,1.0,1.0,1,1
2014-06-22,1.0,1.0,1,1
2014-06-23,1.0,1.0,1,1
2014-06-24,1.0,1.0,1,1
2014-06-25,1.0,1.0,1,1
2014-06-26,1.0,1.0,1,1
2014-06-27,1.0,1.0,1,1
2014-06-28,1.0,1.0,1,1
2014-06-29,1.0,1.0,1,1
2014-06-30,1.0,1.0,1,1
2014-07-01,1.0,1.0,1,2
2014-07-02,1.0,1.0,1,1
2014-07-03,1.0,1.0,1,1
2014-07-04,1.0,1.0,1,1
2014-07-05,1.0,1.0,1,1
2014-07-06,1.0,1.0,1,1
2014-07-07,1.0,1.0,1,1
2014-07-08,1.0,1.0,1,1
2014-07-09,1.0,1.0,1,1
2014-07-10,1.0,1.0,1,1
2014-07-11,1.0,1.0,1,1
2014-07-12,1.0,1.0,1,1
2014-07-13,1.0,1.0,1,1
2014-07-14,1.0,1.0,1,1
2014-07-15,1.0,1.0,1,1
2014-07-16,1.0,1.0,1,1
2014-07-17,1.0,1.0,1,1
2014-07-18,1.0,1.0,1,1
2014-07-19,1.0,1.0,1,1
2014-07-20,1.0,1.0,1,1
2014-07-21,1.0,1.0,1,1
2014-07-22,1.0,1.0,1,1
2014-07-23,1.0,1.0,1,1
2014-07-24,1.0,1.0,1,1
2014-07-25,1.0,1.0,1,2
2014-07-26,1.0,1.0,1,1
2014-07-27,1.0,1.0,1,1
2014-07-28,1.0,1.0,1,1
2014-07-29,1.0,1.0,1,1
2014-07-30,1.0,1.0,1,1
2014-07-31,1.0,1.0,1,1
2014-08-01,1.0,1.0,1,1
2014-08-02,1.0,1.0,1,1
2014-08-03,1.0,1.0,1,1
2014-08-04,1.0,1.0,1,1
2014-08-05,1.0,1.0,1,1
2014-08-06,1.0,1.0,1,1
2014-08-07,1.0,1.0,1,1
2014-08-08,1.0,1.0,1,1
2014-08-09,1.0,1.0,1,1
2014-08-10,1.0,1.0,1,1
2014-08-11,1.0,1.0,1,1
2014-08-12,1.0,1.0,1,1
2014-08-13,1.0,1.0,1,1
2014-08-14,1.0,1.0,1,1
2014-08-15,1.0,1.0,1,1
2014-08-16,1.0,1.0,1,1
2014-08-17,1.0,1.0,1,1
2014-08-18,1.0,1.0,1,1
2014-08-19,1.0,1.0,1,1
2014-08-20,1.0,1.0,1,1
2014-08-21,1.0,1.0,1,1
2014-08-22,1.0,1.0,1,1
2014-08-23,1.0,1.0,1,1
2014-08-24,1.0,1.0,1,1
2014-08-25,1.0,1.0,1,1
2014-08-26,1.0,1.0,1,1
2014-08-27,1.0,1.0,1,1
2014-08-28,1.0,1.0,1,1
2014-08-29,1.0,1.0,1,1
2014-08-30,1.0,1.0,1,1
2014-08-31,1.0,1.0,1,1
2014-09-01,1.0,1.0,1,1
2014-09-02,1.0,1.0,1,1
2014-09-03,1.0,1.0,1,1
2014-09-04,1.0,1.0,1,1
2014-09-05,1.0,1.0,1,1
2014-09-06,1.0,1.0,1,1
2014-09-07,1.0,1.0,1,1
2014-09-08,1.0,1.0,1,1
2014-09-09,1.0,1.0,1,1
2014-09-10,1.0,1.0,1,1
2014-09-11,1.0,1.0,1,1
2014-09-12,1.0,1.0,1,1
2014-09-13,1.0,1.0,1,1
2014-09-14,1.0,1.0,1,1
2014-09-15,1.0,1.0,1,1
2014-09-16,1.0,1.0,1,1
2014-09-17,1.0,1.0,1,1
2014-09-18,1.0,1.0,1,1
2014-09-19,1.0,1.0,1,1
2014-09-20,1.0,1.0,1,1
2014-09-21,1.0,1.0,1,1
2014-09-22,1.0,1.0,1,1
2014-09-23,1.0,1.0,1,1
2014-09-24,1.0,1.0,1,1
2014-09-25,1.0,1.0,1,1
2014-09-26,1.0,1.0,1,1
2014-09-27,1.0,1.0,1,1
2014-09-28,1.0,1.0,1,1
2014-09-29,1.0,1.0,1,1
2014-09-30,1.0,1.0,1,1
2014-10-01,1.0,1.0,1,1
2014-10-02,1.0,1.0,1,1
2014-10-03,1.0,1.0,1,1
2014-10-04,1.0,1.0,1,1
2014-10-05,1.0,1.0,1,1
2014-10-06,1.0,1.0,1,1
2014-10-07,1.0,1.0,1,1
2014-10-08,1.0,1.0,1,1
2014-10-09,1.0,1.0,1,1
2014-10-10,1.0,1.0,1,1
2014-10-11,1.0,1.0,1,1
2014-10-12,1.0,1.0,1,1
2014-10-13,1.0,1.0,1,1
2014-10-14,1.0,1.0,1,1
2014-10-15,1.0,1.0,1,1
2014-10-16,1.0,1.0,1,1
2014-10-17,1.0,1.0,1,1
2014-10-18,1.0,1.0,1,1
2014-10-19,1.0,1.0,1,1
2014-10-20,1.0,1.0,1,1
2014-10-21,1.0,1.0,1,1
2014-10-22,1.0,1.0,1,1
2014-10-23,1.0,1.0,1,1
2014-10-24,1.0,1.0,1,1
2014-10-25,1.0,1.0,1,1
2014-10-26,1.0,1.0,1,1
2014-10-27,1.0,1.0,1,1
2014-10-28,1.0,1.0,1,1
2014-10-29,1.0,1.0,1,1
2014-10-30,1.0,1.0,1,1
2014-10-31,1.0,1.0,1,1
2014-11-01,1.0,1.0,1,1
2014-11-02,1.0,1.0,1,1
2014-11-03,1.0,1.0,1,1
2014-11-04,1.0,1.0,1,1
2014-11-05,1.0,1.0,1,1
2014-11-06,1.0,1.0,1,1
2014-11-07,1.0,1.0,1,1
2014-11-08,1.0,1.0,1,1
2014-11-09,1.0,1.0,1,1
2014-11-10,1.0,1.0,1,1
2014-11-11,1.0,1.0,1,1
2014-11-12,1.0,1.0,1,1
2014-11-13,1.0,1.0,1,1
2014-11-14,1.0,1.0,1,1
2014-11-15,1.0,1.0,1,1
2014-11-16,1.0,1.0,1,1
2014-11-17,1.0,1.0,1,1
2014-11-18,1.0,1.0,1,1
2014-11-19,1.0,1.0,1,1
2014-11-20,1.0,1.0,1,1
2014-11-21,1.0,1.0,1,1
2014-11-22,1.0,1.0,1,1
2014-11-23,1.0,1.0,1,1
2014-11-24,1.0,1.0,1,1
2014-11-25,1.0,1.0,1,1
2014-11-26,1.0,1.0,1,1
2014-11-27,1.0,1.0,1,1
2014-11-28,1.0,1.0,1,1
2014-11-29,1.0,1.0,1,1
2014-11-30,1.0,1.0,1,1
2014-12-01,1.0,1.0,1,1
2014-12-02,1.0,1.0,1,1
2014-12-03,1.0,1.0,1,1
2014-12-04,1.0,1.0,1,1
2014-12-05,1.0,1.0,1,1
2014-12-06,1.0,1.0,1,1
2014-12-07,1.0,1.0,1,1
2014-12-08,1.0,1.0,1,1
2014-12-09,1.0,1.0,1,1
2014-12-10,1.0,1.0,1,1
2014-12-11,1.0,1.0,1,1
2014-12-12,1.0,1.0,1,1
2014-12-13,1.0,1.0,1,1
2014-12-14,1.0,1.0,1,1
2014-12-15,1.0,1.0,1,1
2014-12-16,1.0,1.0,1,1
2014-12-17,1.0,1.0,1,1
2014-12-18,1.0,1.0,1,1
2014-12-19,1.0,1.0,1,1
2014-12-20,1.0,1.0,1,1
2014-12-21,1.0,1.0,1,1
2014-12-22,1.0,1.0,1,1
2014-12-23,1.0,1.0,1,1
2014-12-24,1.0,1.0,1,1
2014-12-25,1.0,1.0,1,1
2014-12-26,1.0,1.0,1,1
2014-12-27,1.0,1.0,1,1
2014-12-28,1.0,1.0,1,1
2014-12-29,1.0,1.0,1,1
2014-12-30,1.0,1.0,1,1
2014-12-31,1.0,1.0,1,1
2015-01-01,1.0,1.0,1,1
2015-01-02,1.0,1.0,1,1
2015-01-03,1.0,1.0,1,1
2015-01-04,1.0,1.0,1,1
2015-01-05,1.0,1.0,1,1
2015-01-06,1.0,1.0,1,1
2015-01-07,1.0,1.0,1,1
2015-01-08,1.0,1.0,1,1
2015-01-09,1.0,1.0,1,1
2015-01-10,1.0,1.0,1,1
2015-01-11,1.0,1.0,1,1
2015-01-12,1.0,1.0,1,2
2015-01-13,1.0,1.0,1,1
2015-01-14,1.0,1.0,1,1
2015-01-15,1.0,1.0,1,1
2015-01-16,1.0,1.0,1,1
2015-01-17,1.0,1.0,1,1
2015-01-18,1.0,1.0,1,1
2015-01-19,1.0,1.0,1,1
2015-01-20,1.0,1.0,1,1
2015-01-21,1.0,1.0,1,1
2015-01-22,1.0,1.0,1,1
2015-01-23,1.0,1.0,1,1
2015-01-24,1.0,1.0,1,1
2015-01-25,1.0,1.0,1,1
2015-01-26,1.0,1.0,1,1
2015-01-27,1.0,1.0,1,1
2015-01-28,1.0,1.0,1,1
2015-01-29,1.0,1.0,1,1
2015-01-30,1.0,1.0,1,1
2015-01-31,1.0,1.0,1,1
2015-02-01,1.0,1.0,1,1
2015-02-02,1.0,1.0,1,1
2015-02-03,1.0,1.0,1,1
2015-02-04,1.0,1.0,1,1
2015-02-05,1.0,1.0,1,1
2015-02-06,1.0,1.0,1,1
2015-02-07,1.0,1.0,1,1
2015-02-08,1.0,1.0,1,1
2015-02-09,1.0,1.0,1,1
2015-02-10,1.0,1.0,1,1
2015-02-11,1.0,1.0,1,1
2015-02-12,1.0,1.0,1,1
2015-02-13,1.0,1.0,1,1
2015-02-14,1.0,1.0,1,1
2015-02-15,1.0,1.0,1,1
2015-02-16,1.0,1.0,1,1
2015-02-17,1.0,1.0,1,1
2015-02-18,1.0,1.0,1,1
2015-02-19,1.0,1.0,1,1
2015-02-20,1.0,1.0,1,1
2015-02-21,1.0,1.0,1,1
2015-02-22,1.0,1.0,1,1
2015-02-23,1.0,1.0,1,1
2015-02-24,1.0,1.0,1,1
2015-02-25,1.0,1.0,1,1
2015-02-26,1.0,1.0,1,1
2015-02-27,1.0,1.0,1,1
2015-02-28,1.0,1.0,1,1
2015-03-01,1.0,1.0,1,1
2015-03-02,1.0,1.0,1,1
2015-03-03,1.0,1.0,1,1
2015-03-04,1.0,1.0,1,1
2015-03-05,1.0,1.0,1,1
2015-03-06,1.0,1.0,1,1
2015-03-07,1.0,1.0,1,1
2015-03-08,1.0,1.0,1,1
2015-03-09,1.0,1.0,1,1
2015-03-10,1.0,1.0,1,1
2015-03-11,1.0,1.0,1,1
2015-03-12,1.0,1.0,1,1
2015-03-13,1.0,1.0,1,1
2015-03-14,1.0,1.0,1,1
2015-03-15,1.0,1.0,1,1
2015-03-16,1.0,1.0,1,1
2015-03-17,1.0,1.0,1,1
2015-03-18,1.0,1.0,1,1
2015-03-19,1.0,1.0,1,1
2015-03-20,1.0,1.0,1,1
2015-03-21,1.0,1.0,1,1
2015-03-22,1.0,1.0,1,1
2015-03-23,1.0,1.0,1,1
2015-03-24,1.0,1.0,1,1
2015-03-25,1.0,1.0,1,1
2015-03-26,1.0,1.0,1,1
2015-03-27,1.0,1.0,1,1
2015-03-28,1.0,1.0,1,1
2015-03-29,1.0,1.0,1,1
2015-03-30,1.0,1.0,1,1
2015-03-31,1.0,1.0,1,1
2015-04-01,1.0,1.0,1,1
2015-04-02,1.0,1.0,1,4
2015-04-03,1.0,1.0,1,1
2015-04-04,1.0,1.0,1,1
2015-04-05,1.0,1.0,1,1
2015-04-06,1.0,1.0,1,1
2015-04-07,1.0,1.0,1,1
2015-04-08,1.0,1.0,1,1
2015-04-09,1.0,1.0,1,1
2015-04-10,1.0,1.0,1,1
2015-04-11,1.0,1.0,1,1
2015-04-12,1.0,1.0,1,1
2015-04-13,1.0,1.0,1,1
2015-04-14,1.0,1.0,1,1
2015-04-15,1.0,1.0,1,1
2015-04-16,1.0,1.0,1,1
2015-04-17,1.0,1.0,1,1
2015-04-18,1.0,1.0,1,1
2015-04-19,1.0,1.0,1,1
2015-04-20,1.0,1.0,1,2
2015-04-21,1.0,1.0,1,1
2015-04-22,1.0,1.0,1,1
2015-04-23,1.0,1.0,1,1
2015-04-24,1.0,1.0,1,1
2015-04-25,1.0,1.0,1,1
2015-04-26,1.0,1.0,1,1
2015-04-27,1.0,1.0,1,1
2015-04-28,1.0,1.0,1,1
2015-04-29,1.0,1.0,1,1
2015-04-30,1.0,1.0,1,1
2015-05-01,1.0,1.0,1,1
2015-05-02,1.0,1.0,1,1
2015-05-03,1.0,1.0,1,1
2015-05-04,1.0,1.0,1,1
2015-05-05,1.0,1.0,1,1
2015-05-06,1.0,1.0,1,1
2015-05-07,1.0,1.0,1,1
2015-05-08,1.0,1.0,1,1
2015-05-09,1.0,1.0,1,1
2015-05-10,1.0,1.0,1,1
2015-05-11,1.0,1.0,1,1
2015-05-12,1.0,1.0,1,1
2015-05-13,1.0,1.0,1,1
2015-05-14,1.0,1.0,1,1
2015-05-15,1.0,1.0,1,1
2015-05-16,1.0,1.0,1,1
2015-05-17,1.0,1.0,1,1
2015-05-18,1.0,1.0,1,1
2015-05-19,1.0,1.0,1,1
2015-05-20,1.0,1.0,1,1
2015-05-21,1.0,1.0,1,1
2015-05-22,1.0,1.0,1,1
2015-05-23,1.0,1.0,1,1
2015-05-24,1.0,1.0,1,1
2015-05-25,1.0,1.0,1,1
2015-05-26,1.0,1.0,1,1
2015-05-27,1.0,1.0,1,1
2015-05-28,1.0,1.0,1,1
2015-05-29,1.0,1.0,1,1
2015-05-30,1.0,1.0,1,1
2015-05-31,1.0,1.0,1,1
2015-06-01,1.0,1.0,1,1
2015-06-02,1.0,1.0,1,1
2015-06-03,1.0,1.0,1,1
2015-06-04,1.0,1.0,1,1
2015-06-05,1.0,1.0,1,1
2015-06-06,1.0,1.0,1,1
2015-06-07,1.0,1.0,1,1
2015-06-08,1.0,1.0,1,1
2015-06-09,1.0,1.0,1,1
2015-06-10,1.0,1.0,1,7
2015-06-11,1.0,1.0,1,1
2015-06-12,1.0,1.0,1,1
2015-06-13,1.0,1.0,1,1
2015-06-14,1.0,1.0,1,1
2015-06-15,1.0,1.0,1,1
2015-06-16,1.0,1.0,1,1
2015-06-17,1.0,1.0,1,1
2015-06-18,1.0,1.0,1,1
2015-06-19,1.0,1.0,1,1
2015-06-20,1.0,1.0,1,1
2015-06-21,1.0,1.0,1,1
2015-06-22,1.0,1.0,1,1
2015-06-23,1.0,1.0,1,1
2015-06-24,1.0,1.0,1,1
2015-06-25,1.0,1.0,1,1
2015-06-26,1.0,1.0,1,1
2015-06-27,1.0,1.0,1,1
2015-06-28,1.0,1.0,1,1
2015-06-29,1.0,1.0,1,1
2015-06-30,1.0,1.0,1,1
2015-07-01,1.0,1.0,1,1
2015-07-02,1.0,1.0,1,1
2015-07-03,1.0,1.0,1,1
2015-07-04,1.0,1.0,1,1
2015-07-05,1.0,1.0,1,1
2015-07-06,1.0,1.0,1,1
2015-07-07,1.0,1.0,2,2
2015-07-08,1.0,1.0,2,2
2015-07-09,1.0,1.0,2,2
2015-07-10,1.0,1.0,1,2
2015-07-11,1.0,1.0,1,1
2015-07-12,1.0,1.0,1,1
2015-07-13,1.0,1.0,1,1
2015-07-14,1.0,1.0,1,1
2015-07-15,1.0,1.0,1,1
2015-07-16,1.0,1.0,1,1
2015-07-17,1.0,1.0,1,1
2015-07-18,1.0,1.0,1,1
2015-07-19,1.0,1.0,1,1
2015-07-20,1.0,1.0,1,1
2015-07-21,1.0,1.0,1,1
2015-07-22,1.0,1.0,1,1
2015-07-23,1.0,1.0,1,1
2015-07-24,1.0,1.0,1,1
2015-07-25,1.0,1.0,1,1
2015-07-26,1.0,1.0,1,1
2015-07-27,1.0,1.0,1,1
2015-07-28,1.0,1.0,1,1
2015-07-29,1.0,1.0,1,1
2015-07-30,1.0,1.0,1,1
2015-07-31,1.0,1.0,1,1
2015-08-01,1.0,1.0,1,1
2015-08-02,1.0,1.0,1,1
2015-08-03,1.0,1.0,1,1
2015-08-04,1.0,1.0,1,1
2015-08-05,1.0,1.0,1,1
2015-08-06,1.0,1.0,1,1
2015-08-07,1.0,1.0,1,2
2015-08-08,1.0,1.0,1,1
2015-08-09,1.0,1.0,1,1
2015-08-10,1.0,1.0,1,1
2015-08-11,1.0,1.0,1,1
2015-08-12,1.0,1.0,1,1
2015-08-13,1.0,1.0,1,1
2015-08-14,1.0,1.0,1,1
2015-08-15,1.0,1.0,1,1
2015-08-16,1.0,1.0,1,1
2015-08-17,1.0,1.0,1,1
2015-08-18,1.0,1.0,1,1
2015-08-19,1.0,1.0,1,1
2015-08-20,1.0,1.0,1,1
2015-08-21,1.0,1.0,1,1
2015-08-22,1.0,1.0,1,1
2015-08-23,1.0,1.0,1,1
2015-08-24,1.0,1.0,1,1
2015-08-25,1.0,1.0,1,1
2015-08-26,1.0,1.0,1,1
2015-08-27,1.0,1.0,1,1
2015-08-28,1.0,1.0,1,1
2015-08-29,1.0,1.0,1,1
2015-08-30,1.0,1.0,1,1
2015-08-31,1.0,1.0,1,1
2015-09-01,1.0,1.0,1,1
2015-09-02,1.0,1.0,1,1
2015-09-03,1.0,1.0,1,1
2015-09-04,1.0,1.0,1,1
2015-09-05,1.0,1.0,1,1
2015-09-06,1.0,1.0,1,1
2015-09-07,1.0,1.0,1,1
2015-09-08,1.0,1.0,1,1
2015-09-09,1.0,1.0,1,1
2015-09-10,1.0,1.0,1,1
2015-09-11,1.0,1.0,1,1
2015-09-12,1.0,1.0,1,1
2015-09-13,1.0,1.0,1,1
2015-09-14,1.0,1.0,1,1
2015-09-15,1.0,1.0,1,1
2015-09-16,1.0,1.0,1,1
2015-09-17,1.0,1.0,1,1
2015-09-18,1.0,1.0,1,1
2015-09-19,1.0,1.0,1,1
2015-09-20,1.0,1.0,1,1
2015-09-21,1.0,1.0,1,1
2015-09-22,1.0,1.0,1,1
2015-09-23,1.0,1.0,1,1
2015-09-24,1.0,1.0,1,1
2015-09-25,1.0,1.0,1,1
2015-09-26,1.0,1.0,1,1
2015-09-27,1.0,1.0,1,1
2015-09-28,1.0,1.0,1,1
2015-09-29,1.0,1.0,1,1
2015-09-30,1.0,1.0,1,1
2015-10-01,1.0,1.0,1,2
2015-10-02,1.0,1.0,1,1
2015-10-03,1.0,1.0,1,1
2015-10-04,1.0,1.0,1,1
2015-10-05,1.0,1.0,1,1
2015-10-06,1.0,1.0,1,1
2015-10-07,1.0,1.0,1,1
2015-10-08,1.0,1.0,1,1
2015-10-09,1.0,1.0,1,1
2015-10-10,1.0,1.0,1,1
2015-10-11,1.0,1.0,1,1
2015-10-12,1.0,1.0,1,1
2015-10-13,1.0,1.0,1,1
2015-10-14,1.0,1.0,1,1
2015-10-15,1.0,1.0,1,1
2015-10-16,1.0,1.0,1,1
2015-10-17,1.0,1.0,1,1
2015-10-18,1.0,1.0,1,1
2015-10-19,1.0,1.0,1,1
2015-10-20,1.0,1.0,1,1
2015-10-21,1.0,1.0,1,1
2015-10-22,1.0,1.0,1,1
2015-10-23,1.0,1.0,1,1
2015-10-24,1.0,1.0,1,1
2015-10-25,1.0,1.0,1,1
2015-10-26,1.0,1.0,1,1
2015-10-27,1.0,1.0,1,1
2015-10-28,1.0,1.0,1,1
2015-10-29,1.0,1.0,1,1
2015-10-30,1.0,1.0,1,1
2015-10-31,1.0,1.0,1,1
2015-11-01,1.0,1.0,1,1
2015-11-02,1.0,1.0,1,2
2015-11-03,1.0,1.0,1,1
2015-11-04,1.0,1.0,1,1
2015-11-05,1.0,1.0,1,1
2015-11-06,1.0,1.0,1,1
2015-11-07,1.0,1.0,1,1
2015-11-08,1.0,1.0,1,1
2015-11-09,1.0,1.0,1,1
2015-11-10,1.0,1.0,1,1
2015-11-11,1.0,1.0,1,1
2015-11-12,1.0,1.0,1,1
2015-11-13,1.0,1.0,1,1
2015-11-14,1.0,1.0,1,1
2015-11-15,1.0,1.0,1,1
2015-11-16,1.0,1.0,1,1
2015-11-17,1.0,1.0,1,1
2015-11-18,1.0,1.0,1,1
2015-11-19,1.0,1.0,1,3
2015-11-20,1.0,1.0,1,1
2015-11-21,1.0,1.0,1,1
2015-11-22,1.0,1.0,1,1
2015-11-23,1.0,1.0,1,1
2015-11-24,1.0,1.0,1,1
2015-11-25,1.0,1.0,1,1
2015-11-26,1.0,1.0,1,1
2015-11-27,1.0,1.0,1,1
2015-11-28,1.0,1.0,1,1
2015-11-29,1.0,1.0,1,1
2015-11-30,1.0,1.0,1,1
2015-12-01,1.0,1.0,1,1
2015-12-02,1.0,1.0,1,1
2015-12-03,1.0,1.0,1,1
2015-12-04,1.0,1.0,1,1
2015-12-05,1.0,1.0,1,1
2015-12-06,1.0,1.0,1,1
2015-12-07,1.0,1.0,1,1
2015-12-08,1.0,1.0,1,1
2015-12-09,1.0,1.0,1,1
2015-12-10,1.0,1.0,1,1
2015-12-11,1.0,1.0,1,1
2015-12-12,1.0,1.0,1,1
2015-12-13,1.0,1.0,1,1
2015-12-14,1.0,1.0,1,1
2015-12-15,1.0,1.0,1,1
2015-12-16,1.0,1.0,1,1
2015-12-17,1.0,1.0,1,1
2015-12-18,1.0,1.0,1,1
2015-12-19,1.0,1.0,1,1
2015-12-20,1.0,1.0,1,1
2015-12-21,1.0,1.0,1,1
2015-12-22,1.0,1.0,1,1
2015-12-23,1.0,1.0,1,1
2015-12-24,1.0,1.0,1,1
2015-12-25,1.0,1.0,1,1
2015-12-26,1.0,1.0,1,1
2015-12-27,1.0,1.0,1,1
2015-12-28,1.0,1.0,1,1
2015-12-29,1.0,1.0,1,1
2015-12-30,1.0,1.0,1,1
2015-12-31,1.0,1.0,1,1
2016-01-01,1.0,1.0,1,1
2016-01-02,1.0,1.0,1,1
2016-01-03,1.0,1.0,1,1
2016-01-04,1.0,1.0,1,1
2016-01-05,1.0,1.0,1,1
2016-01-06,1.0,1.0,1,1
2016-01-07,1.0,1.0,1,1
2016-01-08,1.0,1.0,1,1
2016-01-09,1.0,1.0,1,1
2016-01-10,1.0,1.0,1,1
2016-01-11,1.0,1.0,1,1
2016-01-12,1.0,1.0,1,1
2016-01-13,1.0,1.0,1,1
2016-01-14,1.0,1.0,1,1
2016-01-15,1.0,1.0,1,1
2016-01-16,1.0,1.0,1,1
2016-01-17,1.0,1.0,1,1
2016-01-18,1.0,1.0,1,1
2016-01-19,1.0,1.0,1,1
2016-01-20,1.0,1.0,1,1
2016-01-21,1.0,1.0,1,1
2016-01-22,1.0,1.0,1,1
2016-01-23,1.0,1.0,1,1
2016-01-24,1.0,1.0,1,1
2016-01-25,1.0,1.0,1,1
2016-01-26,1.0,1.0,1,1
2016-01-27,1.0,1.0,1,1
2016-01-28,1.0,1.0,1,1
2016-01-29,1.0,1.0,1,1
2016-01-30,1.0,1.0,1,1
2016-01-31,1.0,1.0,1,1
2016-02-01,1.0,1.0,1,1
2016-02-02,1.0,1.0,1,1
2016-02-03,1.0,1.0,1,1
2016-02-04,1.0,1.0,1,1
2016-02-05,1.0,1.0,1,1
2016-02-06,1.0,1.0,1,1
2016-02-07,1.0,1.0,1,1
2016-02-08,1.0,1.0,1,1
2016-02-09,1.0,1.0,1,1
2016-02-10,1.0,1.0,1,1
2016-02-11,1.0,1.0,1,1
2016-02-12,1.0,1.0,1,1
2016-02-13,1.0,1.0,1,1
2016-02-14,1.0,1.0,1,1
2016-02-15,1.0,1.0,1,1
2016-02-16,1.0,1.0,1,1
2016-02-17,1.0,1.0,1,1
2016-02-18,1.0,1.0,1,1
2016-02-19,1.0,1.0,1,1
2016-02-20,1.0,1.0,1,1
2016-02-21,1.0,1.0,1,1
2016-02-22,1.0,1.0,1,1
2016-02-23,1.0,1.0,1,1
2016-02-24,1.0,1.0,1,1
2016-02-25,1.0,1.0,1,1
2016-02-26,1.0,1.0,1,1
2016-02-27,1.0,1.0,1,1
2016-02-28,1.0,1.0,1,1
2016-02-29,1.0,1.0,1,1
2016-03-01,1.0,1.0,1,1
2016-03-02,1.0,1.0,1,1
2016-03-03,1.0,1.0,1,1
2016-03-04,1.0,1.0,1,1
2016-03-05,1.0,1.0,1,1
2016-03-06,1.0,1.0,1,1
2016-03-07,1.0,1.0,1,1
2016-03-08,1.0,1.0,1,1
2016-03-09,1.0,1.0,1,1
2016-03-10,1.0,1.0,1,1
2016-03-11,1.0,1.0,1,1
2016-03-12,1.0,1.0,1,1
2016-03-13,1.0,1.0,1,1
2016-03-14,1.0,1.0,1,1
2016-03-15,1.0,1.0,1,1
2016-03-16,1.0,1.0,1,1
2016-03-17,1.0,1.0,1,1
2016-03-18,1.0,1.0,1,1
2016-03-19,1.0,1.0,1,1
2016-03-20,1.0,1.0,1,1
2016-03-21,1.0,1.0,1,1
2016-03-22,1.0,1.0,1,1
2016-03-23,1.0,1.0,1,1
2016-03-24,1.0,1.0,1,1
2016-03-25,1.0,1.0,1,1
2016-03-26,1.0,1.0,1,1
2016-03-27,1.0,1.0,1,1
2016-03-28,1.0,1.0,1,1
2016-03-29,1.0,1.0,1,1
2016-03-30,1.0,1.0,1,1
2016-03-31,1.0,1.0,1,1
2016-04-01,1.0,1.0,1,1
2016-04-02,1.0,1.0,1,1
2016-04-03,1.0,1.0,1,1
2016-04-04,1.0,1.0,1,1
2016-04-05,1.0,1.0,1,1
2016-04-06,1.0,1.0,1,1
2016-04-07,1.0,1.0,1,1
2016-04-08,1.0,1.0,1,1
2016-04-09,1.0,1.0,1,1
2016-04-10,1.0,1.0,1,1
2016-04-11,1.0,1.0,1,1
2016-04-12,1.0,1.0,1,1
2016-04-13,1.0,1.0,1,1
2016-04-14,1.0,1.0,1,1
2016-04-15,1.0,1.0,1,1
2016-04-16,1.0,1.0,1,1
2016-04-17,1.0,1.0,1,1
2016-04-18,1.0,1.0,1,1
2016-04-19,1.0,1.0,1,1
2016-04-20,1.0,1.0,1,1
2016-04-21,1.0,1.0,1,1
2016-04-22,1.0,1.0,1,1
2016-04-23,1.0,1.0,1,1
2016-04-24,1.0,1.0,1,1
2016-04-25,1.0,1.0,1,1
2016-04-26,1.0,1.0,1,1
2016-04-27,1.0,1.0,1,1
2016-04-28,1.0,1.0,1,1
2016-04-29,1.0,1.0,1,1
2016-04-30,1.0,1.0,1,1
2016-05-01,1.0,1.0,1,1
2016-05-02,1.0,1.0,1,1
2016-05-03,1.0,1.0,1,1
2016-05-04,1.0,1.0,1,1
2016-05-05,1.0,1.0,1,1
2016-05-06,1.0,1.0,1,1
2016-05-07,1.0,1.0,1,1
2016-05-08,1.0,1.0,1,1
2016-05-09,1.0,1.0,1,1
2016-05-10,1.0,1.0,1,1
2016-05-11,1.0,1.0,1,1
2016-05-12,1.0,1.0,1,1
2016-05-13,1.0,1.0,1,1
2016-05-14,1.0,1.0,1,1
2016-05-15,1.0,1.0,1,1
2016-05-16,1.0,1.0,1,1
2016-05-17,1.0,1.0,1,1
2016-05-18,1.0,1.0,1,1
2016-05-19,1.0,1.0,1,1
2016-05-20,1.0,1.0,1,1
2016-05-21,1.0,1.0,1,1
2016-05-22,1.0,1.0,1,1
2016-05-23,1.0,1.0,1,1
2016-05-24,1.0,1.0,1,1
2016-05-25,1.0,1.0,1,1
2016-05-26,1.0,1.0,1,1
2016-05-27,1.0,1.0,1,1
2016-05-28,1.0,1.0,1,1
2016-05-29,1.0,1.0,1,1
2016-05-30,1.0,1.0,1,1
2016-05-31,1.0,1.0,1,1
2016-06-01,1.0,1.0,1,1
2016-06-02,1.0,1.0,1,1
2016-06-03,1.0,1.0,1,1
2016-06-04,1.0,1.0,1,1
2016-06-05,1.0,1.0,1,1
2016-06-06,1.0,1.0,1,1
2016-06-07,1.0,1.0,1,1
2016-06-08,1.0,1.0,1,1
2016-06-09,1.0,1.0,1,1
2016-06-10,1.0,1.0,1,1
2016-06-11,1.0,1.0,1,1
2016-06-12,1.0,1.0,1,1
2016-06-13,1.0,1.0,1,1
2016-06-14,1.0,1.0,1,1
2016-06-15,1.0,1.0,1,1
2016-06-16,1.0,1.0,1,1
2016-06-17,1.0,1.0,1,1
2016-06-18,1.0,1.0,1,1
2016-06-19,1.0,1.0,1,1
2016-06-20,1.0,1.0,1,1
2016-06-21,1.0,1.0,1,1
2016-06-22,1.0,1.0,1,1
2016-06-23,1.0,1.0,1,1
2016-06-24,1.0,1.0,1,1
2016-06-25,1.0,1.0,1,1
2016-06-26,1.0,1.0,1,1
2016-06-27,1.0,1.0,1,1
2016-06-28,1.0,1.0,1,1
2016-06-29,1.0,1.0,1,1
2016-06-30,1.0,1.0,1,1
2016-07-01,1.0,1.0,1,1
2016-07-02,1.0,1.0,1,1
2016-07-03,1.0,1.0,1,1
2016-07-04,1.0,1.0,1,1
2016-07-05,1.0,1.0,1,1
2016-07-06,1.0,1.0,1,1
2016-07-07,1.0,1.0,1,1
2016-07-08,1.0,1.0,1,1
2016-07-09,1.0,1.0,1,1
2016-07-10,1.0,1.0,1,1
2016-07-11,1.0,1.0,1,1
2016-07-12,1.0,1.0,1,1
2016-07-13,1.0,1.0,1,1
2016-07-14,1.0,1.0,1,1
2016-07-15,1.0,1.0,1,1
2016-07-16,1.0,1.0,1,1
2016-07-17,1.0,1.0,1,1
2016-07-18,1.0,1.0,1,1
2016-07-19,1.0,1.0,1,1
2016-07-20,1.0,1.0,1,1
2016-07-21,1.0,1.0,1,1
2016-07-22,1.0,1.0,1,1
2016-07-23,1.0,1.0,1,1
2016-07-24,1.0,1.0,1,1
2016-07-25,1.0,1.0,1,1
2016-07-26,1.0,1.0,1,1
2016-07-27,1.0,1.0,1,1
2016-07-28,1.0,1.0,1,1
2016-07-29,1.0,1.0,1,1
2016-07-30,1.0,1.0,1,1
2016-07-31,1.0,1.0,1,1
2016-08-01,1.0,1.0,1,1
2016-08-02,1.0,1.0,1,1
2016-08-03,1.0,1.0,1,1
2016-08-04,1.0,1.0,1,1
2016-08-05,1.0,1.0,1,1
2016-08-06,1.0,1.0,1,1
2016-08-07,1.0,1.0,1,1
2016-08-08,1.0,1.0,1,1
2016-08-09,1.0,1.0,1,1
2016-08-10,1.0,1.0,1,1
2016-08-11,1.0,1.0,1,1
2016-08-12,1.0,1.0,1,1
2016-08-13,1.0,1.0,1,1
2016-08-14,1.0,1.0,1,1
2016-08-15,1.0,1.0,1,1
2016-08-16,1.0,1.0,1,1
2016-08-17,1.0,1.0,1,1
2016-08-18,1.0,1.0,1,1
2016-08-19,1.0,1.0,1,1
2016-08-20,1.0,1.0,1,1
2016-08-21,1.0,1.0,1,1
2016-08-22,1.0,1.0,1,1
2016-08-23,1.0,1.0,1,1
2016-08-24,1.0,1.0,1,1
2016-08-25,1.0,1.0,1,1
2016-08-26,1.0,1.0,1,1
2016-08-27,1.0,1.0,1,1
2016-08-28,1.0,1.0,1,1
2016-08-29,1.0,1.0,1,1
2016-08-30,1.0,1.0,1,1
2016-08-31,1.0,1.0,1,1
2016-09-01,1.0,1.0,1,1
2016-09-02,1.0,1.0,1,1
2016-09-03,1.0,1.0,1,1
2016-09-04,1.0,1.0,1,1
2016-09-05,1.0,1.0,1,1
2016-09-06,1.0,1.0,1,1
2016-09-07,1.0,1.0,1,1
2016-09-08,1.0,1.0,1,1
2016-09-09,1.0,1.0,1,1
2016-09-10,1.0,1.0,1,1
2016-09-11,1.0,1.0,1,1
2016-09-12,1.0,1.0,1,1
2016-09-13,1.0,1.0,1,1
2016-09-14,1.0,1.0,1,1
2016-09-15,1.0,1.0,1,1
2016-09-16,1.0,1.0,1,1
2016-09-17,1.0,1.0,1,1
2016-09-18,1.0,1.0,1,1
2016-09-19,1.0,1.0,1,1
2016-09-20,1.0,1.0,1,1
2016-09-21,1.0,1.0,1,1
2016-09-22,1.0,1.0,1,1
2016-09-23,1.0,1.0,1,1
2016-09-24,1.0,1.0,1,1
2016-09-25,1.0,1.0,1,1
2016-09-26,1.0,1.0,1,1
2016-09-27,1.0,1.0,1,1
2016-09-28,1.0,1.0,1,1
2016-09-29,1.0,1.0,1,1
2016-09-30,1.0,1.0,1,1
2016-10-01,1.0,1.0,1,1
2016-10-02,1.0,1.0,1,1
2016-10-03,1.0,1.0,1,1
2016-10-04,1.0,1.0,1,1
2016-10-05,1.0,1.0,1,1
2016-10-06,1.0,1.0,1,1
2016-10-07,1.0,1.0,1,1
2016-10-08,1.0,1.0,1,1
2016-10-09,1.0,1.0,1,1
2016-10-10,1.0,1.0,1,1
2016-10-11,1.0,1.0,1,1
2016-10-12,1.0,1.0,1,1
2016-10-13,1.0,1.0,1,1
2016-10-14,1.0,1.0,1,1
2016-10-15,1.0,1.0,1,1
2016-10-16,1.0,1.0,1,1
2016-10-17,1.0,1.0,1,1
2016-10-18,1.0,1.0,1,1
2016-10-19,1.0,1.0,1,1
2016-10-20,1.0,1.0,1,1
2016-10-21,1.0,1.0,1,1
2016-10-22,1.0,1.0,1,1
2016-10-23,1.0,1.0,1,1
2016-10-24,1.0,1.0,1,1
2016-10-25,1.0,1.0,1,1
2016-10-26,1.0,1.0,1,1
2016-10-27,1.0,1.0,1,1
2016-10-28,1.0,1.0,1,1
2016-10-29,1.0,1.0,1,1
2016-10-30,1.0,1.0,1,1
2016-10-31,1.0,1.0,1,1
2016-11-01,1.0,1.0,1,1
2016-11-02,1.0,1.0,1,1
2016-11-03,1.0,1.0,1,1
2016-11-04,1.0,1.0,1,1
2016-11-05,1.0,1.0,1,1
2016-11-06,1.0,1.0,1,1
2016-11-07,1.0,1.0,1,1
2016-11-08,1.0,1.0,1,1
2016-11-09,1.0,1.0,1,1
2016-11-10,1.0,1.0,1,1
2016-11-11,1.0,1.0,1,1
2016-11-12,1.0,1.0,1,1
2016-11-13,1.0,1.0,1,1
2016-11-14,1.0,1.0,1,1
2016-11-15,1.0,1.0,1,1
2016-11-16,1.0,1.0,1,1
2016-11-17,1.0,1.0,1,1
2016-11-18,1.0,1.0,1,1
2016-11-19,1.0,1.0,1,1
2016-11-20,1.0,1.0,1,1
2016-11-21,1.0,1.0,1,1
2016-11-22,1.0,1.0,1,1
2016-11-23,1.0,1.0,1,1
2016-11-24,1.0,1.0,1,1
2016-11-25,1.0,1.0,1,1
2016-11-26,1.0,1.0,1,1
2016-11-27,1.0,1.0,1,1
2016-11-28,1.0,1.0,1,1
2016-11-29,1.0,1.0,1,1
2016-11-30,1.0,1.0,1,1
2016-12-01,1.0,1.0,1,1
2016-12-02,1.0,1.0,1,1
2016-12-03,1.0,1.0,1,1
2016-12-04,1.0,1.0,1,1
2016-12-05,1.0,1.0,1,1
2016-12-06,1.0,1.0,1,1
2016-12-07,1.0,1.0,1,1
2016-12-08,1.0,1.0,1,1
2016-12-09,1.0,1.0,1,1
2016-12-10,1.0,1.0,1,1
2016-12-11,1.0,1.0,1,1
2016-12-12,1.0,1.0,1,1
2016-12-13,1.0,1.0,1,1
2016-12-14,1.0,1.0,1,1
2016-12-15,1.0,1.0,1,1
2016-12-16,1.0,1.0,1,1
2016-12-17,1.0,1.0,1,1
2016-12-18,1.0,1.0,1,1
2016-12-19,1.0,1.0,1,1
2016-12-20,1.0,1.0,1,1
2016-12-21,1.0,1.0,1,1
2016-12-22,1.0,1.0,1,1
2016-12-23,1.0,1.0,1,1
2016-12-24,1.0,1.0,1,1
2016-12-25,1.0,1.0,1,1
2016-12-26,1.0,1.0,1,1
2016-12-27,1.0,1.0,1,1
2016-12-28,1.0,1.0,1,1
2016-12-29,1.0,1.0,1,1
2016-12-30,1.0,1.0,1,1
2016-12-31,1.0,1.0,1,1
2017-01-01,1.0,1.0,1,1
2017-01-02,1.0,1.0,1,1
2017-01-03,1.0,1.0,1,1
2017-01-04,1.0,1.0,1,1
2017-01-05,1.0,1.0,1,1
2017-01-06,1.0,1.0,1,1
2017-01-07,1.0,1.0,1,1
2017-01-08,1.0,1.0,1,1
2017-01-09,1.0,1.0,1,1
2017-01-10,1.0,1.0,1,1
2017-01-11,1.0,1.0,1,1
2017-01-12,1.0,1.0,1,1
2017-01-13,1.0,1.0,1,1
2017-01-14,1.0,1.0,1,1
2017-01-15,1.0,1.0,1,1
2017-01-16,1.0,1.0,1,1
2017-01-17,1.0,1.0,1,1
2017-01-18,1.0,1.0,1,1
2017-01-19,1.0,1.0,1,1
2017-01-20,1.0,1.0,1,1
2017-01-21,1.0,1.0,1,1
2017-01-22,1.0,1.0,1,1
2017-01-23,1.0,1.0,1,1
2017-01-24,1.0,1.0,1,1
2017-01-25,1.0,1.0,1,1
2017-01-26,1.0,1.0,1,1
2017-01-27,1.0,1.0,1,1
2017-01-28,1.0,1.0,1,1
2017-01-29,1.0,1.0,1,1
2017-01-30,1.0,1.0,1,1
2017-01-31,1.0,1.0,1,1
2017-02-01,1.0,1.0,1,1
2017-02-02,1.0,1.0,1,1
2017-02-03,1.0,1.0,1,1
2017-02-04,1.0,1.0,1,1
2017-02-05,1.0,1.0,1,1
2017-02-06,1.0,1.0,1,1
2017-02-07,1.0,1.0,1,1
2017-02-08,1.0,1.0,1,1
2017-02-09,1.0,1.0,1,1
2017-02-10,1.0,1.0,1,1
2017-02-11,1.0,1.0,1,1
2017-02-12,1.0,1.0,1,1
2017-02-13,1.0,1.0,1,1
2017-02-14,1.0,1.0,1,1
2017-02-15,1.0,1.0,1,1
2017-02-16,1.0,1.0,1,1
2017-02-17,1.0,1.0,1,1
2017-02-18,1.0,1.0,1,1
2017-02-19,1.0,1.0,1,1
2017-02-20,1.0,1.0,1,1
2017-02-21,1.0,1.0,1,1
2017-02-22,1.0,1.0,1,1
2017-02-23,1.0,1.0,1,1
2017-02-24,1.0,1.0,1,1
2017-02-25,1.0,1.0,1,1
2017-02-26,1.0,1.0,1,1
2017-02-27,1.0,1.0,1,1
2017-02-28,1.0,1.0,1,1
2017-03-01,1.0,1.0,1,1
2017-03-02,1.0,1.0,1,1
2017-03-03,1.0,1.0,1,1
2017-03-04,1.0,1.0,1,1
2017-03-05,1.0,1.0,1,1
2017-03-06,1.0,1.0,1,1
2017-03-07,1.0,1.0,1,1
2017-03-08,1.0,1.0,1,1
2017-03-09,1.0,1.0,1,1
2017-03-10,1.0,1.0,1,1
2017-03-11,1.0,1.0,1,1
2017-03-12,1.0,1.0,1,1
2017-03-13,1.0,1.0,1,1
2017-03-14,1.0,1.0,1,5
2017-03-15,1.0,1.0,1,1
2017-03-16,1.0,1.0,1,1
2017-03-17,1.0,1.0,1,1
2017-03-18,1.0,1.0,1,1
2017-03-19,1.0,1.0,1,1
2017-03-20,1.0,1.0,1,1
2017-03-21,1.0,1.0,1,1
2017-03-22,1.0,1.0,1,1
2017-03-23,1.0,1.0,1,1
2017-03-24,1.0,1.0,1,1
2017-03-25,1.0,1.0,1,1
2017-03-26,1.0,1.0,1,1
2017-03-27,1.0,1.0,1,1
2017-03-28,1.0,1.0,1,1
2017-03-29,1.0,1.0,1,1
2017-03-30,1.0,1.0,1,1
2017-03-31,1.0,1.0,1,1
2017-04-01,1.0,1.0,1,1
2017-04-02,1.0,1.0,1,1
2017-04-03,1.0,1.0,1,1
2017-04-04,1.0,1.0,1,1
2017-04-05,1.0,1.0,1,1
2017-04-06,1.0,1.0,1,1
2017-04-07,1.0,1.0,1,1
2017-04-08,1.0,1.0,1,1
2017-04-09,1.0,1.0,1,1
2017-04-10,1.0,1.0,1,1
2017-04-11,1.0,1.0,1,1
2017-04-12,1.0,1.0,1,1
2017-04-13,1.0,1.0,1,1
2017-04-14,1.0,1.0,1,1
2017-04-15,1.0,1.0,1,1
2017-04-16,1.0,1.0,1,1
2017-04-17,1.0,1.0,1,1
2017-04-18,1.0,1.0,1,1
2017-04-19,1.0,1.0,1,1
2017-04-20,1.0,1.0,1,1
2017-04-21,1.0,1.0,1,1
2017-04-22,1.0,1.0,1,1
2017-04-23,1.0,1.0,1,1
2017-04-24,1.0,1.0,1,1
2017-04-25,1.0,1.0,1,1
2017-04-26,1.0,1.0,1,1
2017-04-27,1.0,1.0,1,1
2017-04-28,1.0,1.0,1,1
2017-04-29,1.0,1.0,1,1
2017-04-30,1.0,1.0,1,1
2017-05-01,1.0,1.0,1,1
2017-05-02,1.0,1.0,1,1
2017-05-03,1.0,1.0,1,1
2017-05-04,1.0,1.0,1,1
2017-05-05,1.0,1.0,1,1
2017-05-06,1.0,1.0,1,1
2017-05-07,1.0,1.0,1,1
2017-05-08,1.0,1.0,1,1
2017-05-09,1.0,1.0,1,1
2017-05-10,1.0,1.0,1,1
2017-05-11,1.0,1.0,1,1
2017-05-12,1.0,1.0,1,1
2017-05-13,1.0,1.0,1,1
2017-05-14,1.0,1.0,1,1
2017-05-15,1.0,1.0,1,1
2017-05-16,1.0,1.0,1,1
2017-05-17,1.0,1.0,1,1
2017-05-18,1.0,1.0,1,1
2017-05-19,1.0,1.0,1,1
2017-05-20,1.0,1.0,1,1
2017-05-21,1.0,1.0,1,1
2017-05-22,1.0,1.0,1,1
2017-05-23,1.0,1.0,1,1
2017-05-24,1.0,1.0,1,1
2017-05-25,1.0,1.0,1,1
2017-05-26,1.0,1.0,1,1
2017-05-27,1.0,1.0,1,1
2017-05-28,1.0,1.0,1,1
2017-05-29,1.0,1.0,1,1
2017-05-30,1.0,1.0,1,1
2017-05-31,1.0,1.0,1,1
2017-06-01,1.0,1.0,1,1
2017-06-02,1.0,1.0,1,1
2017-06-03,1.0,1.0,1,1
2017-06-04,1.0,1.0,1,1
2017-06-05,1.0,1.0,1,1
2017-06-06,1.0,1.0,1,1
2017-06-07,1.0,1.0,1,1
2017-06-08,1.0,1.0,1,1
2017-06-09,1.0,1.0,1,1
2017-06-10,1.0,1.0,1,1
2017-06-11,1.0,1.0,1,1
2017-06-12,1.0,1.0,1,1
2017-06-13,1.0,1.0,1,1
2017-06-14,1.0,1.0,1,1
2017-06-15,1.0,1.0,1,1
2017-06-16,1.0,1.0,1,1
2017-06-17,1.0,1.0,1,1
2017-06-18,1.0,1.0,1,1
2017-06-19,1.0,1.0,1,1
2017-06-20,1.0,1.0,1,1
2017-06-21,1.0,1.0,1,1
2017-06-22,1.0,1.0,1,1
2017-06-23,1.0,1.0,1,1
2017-06-24,1.0,1.0,1,1
2017-06-25,1.0,1.0,1,1
2017-06-26,1.0,1.0,1,1
2017-06-27,1.0,1.0,1,1
2017-06-28,1.0,1.0,1,1
2017-06-29,1.0,1.0,1,1
2017-06-30,1.0,1.0,1,1
2017-07-01,1.0,1.0,1,1
2017-07-02,1.0,1.0,1,1
2017-07-03,1.0,1.0,1,1
2017-07-04,1.0,1.0,1,1
2017-07-05,1.0,1.0,1,1
2017-07-06,1.0,1.0,1,1
2017-07-07,1.0,1.0,1,1
2017-07-08,1.0,1.0,1,1
2017-07-09,1.0,1.0,1,1
2017-07-10,1.0,1.0,1,1
2017-07-11,1.0,1.0,1,1
2017-07-12,1.0,1.0,1,1
2017-07-13,1.0,1.0,1,1
2017-07-14,1.0,1.0,1,1
2017-07-15,1.0,1.0,1,1
2017-07-16,1.0,1.0,1,1
2017-07-17,1.0,1.0,1,1
2017-07-18,1.0,1.0,1,1
2017-07-19,1.0,1.0,1,1
2017-07-20,1.0,1.0,1,1
2017-07-21,1.0,1.0,1,1
2017-07-22,1.0,1.0,1,1
2017-07-23,1.0,1.0,1,1
2017-07-24,1.0,1.0,1,1
2017-07-25,1.0,1.0,1,1
2017-07-26,1.0,1.0,1,1
2017-07-27,1.0,1.0,1,1
2017-07-28,1.0,1.0,1,1
2017-07-29,1.0,1.0,1,1
2017-07-30,1.0,1.0,1,1
2017-07-31,1.0,1.0,1,1
2017-08-01,1.0,1.0,1,1
2017-08-02,1.0,1.0,1,1
2017-08-03,1.0,1.0,1,1
2017-08-04,1.0,1.0,1,1
2017-08-05,1.0,1.0,1,1
2017-08-06,1.0,1.0,1,1
2017-08-07,1.0,1.0,1,1
2017-08-08,1.0,1.0,1,1
2017-08-09,1.0,1.0,1,1
2017-08-10,1.0,1.0,1,1
2017-08-11,1.0,1.0,1,1
2017-08-12,1.0,1.0,1,1
2017-08-13,1.0,1.0,1,1
2017-08-14,1.0,1.0,1,1
2017-08-15,1.0,1.0,1,1
2017-08-16,1.0,1.0,1,1
2017-08-17,1.0,1.0,1,1
2017-08-18,1.0,1.0,1,1
2017-08-19,1.0,1.0,1,1
2017-08-20,1.0,1.0,1,1
2017-08-21,1.0,1.0,1,1
2017-08-22,1.0,1.0,1,1
2017-08-23,1.0,1.0,1,1
2017-08-24,1.0,1.0,1,1
2017-08-25,1.0,1.0,1,1
2017-08-26,1.0,1.0,1,1
2017-08-27,1.0,1.0,1,1
2017-08-28,1.0,1.0,1,1
2017-08-29,1.0,1.0,1,1
2017-08-30,1.0,1.0,1,1
2017-08-31,1.0,1.0,1,1
2017-09-01,1.0,1.0,1,1
2017-09-02,1.0,1.0,1,1
2017-09-03,1.0,1.0,1,1
2017-09-04,1.0,1.0,1,1
2017-09-05,1.0,1.0,1,1
2017-09-06,1.0,1.0,1,1
2017-09-07,1.0,1.0,1,1
2017-09-08,1.0,1.0,1,1
2017-09-09,1.0,1.0,1,1
2017-09-10,1.0,1.0,1,1
2017-09-11,1.0,1.0,1,1
2017-09-12,1.0,1.0,1,1
2017-09-13,1.0,1.0,1,1
2017-09-14,1.0,1.0,1,1
2017-09-15,1.0,1.0,1,1
2017-09-16,1.0,1.0,1,1
2017-09-17,1.0,1.0,1,1
2017-09-18,1.0,1.0,1,1
2017-09-19,1.0,1.0,1,1
2017-09-20,1.0,1.0,1,1
2017-09-21,1.0,1.0,1,1
2017-09-22,1.0,1.0,1,1
2017-09-23,1.0,1.0,1,1
2017-09-24,1.0,1.0,1,1
2017-09-25,1.0,1.0,1,1
2017-09-26,1.0,1.0,1,1
2017-09-27,1.0,1.0,1,1
2017-09-28,1.0,1.0,1,1
2017-09-29,1.0,1.0,1,1
2017-09-30,1.0,1.0,1,1
2017-10-01,1.0,1.0,1,1
2017-10-02,1.0,1.0,1,1
2017-10-03,1.0,1.0,1,1
2017-10-04,1.0,1.0,1,1
2017-10-05,1.0,1.0,1,1
2017-10-06,1.0,1.0,1,1
2017-10-07,1.0,1.0,1,1
2017-10-08,1.0,1.0,1,1
2017-10-09,1.0,1.0,1,1
2017-10-10,1.0,1.0,1,1
2017-10-11,1.0,1.0,1,1
2017-10-12,1.0,1.0,1,1
2017-10-13,1.0,1.0,1,1
2017-10-14,1.0,1.0,1,1
2017-10-15,1.0,1.0,1,1
2017-10-16,1.0,1.0,1,1
2017-10-17,1.0,1.0,1,1
2017-10-18,1.0,1.0,1,1
2017-10-19,1.0,1.0,1,1
2017-10-20,1.0,1.0,1,1
2017-10-21,1.0,1.0,1,1
2017-10-22,1.0,1.0,1,1
2017-10-23,1.0,1.0,1,1
2017-10-24,1.0,1.0,1,1
2017-10-25,1.0,1.0,1,1
2017-10-26,1.0,1.0,1,1
2017-10-27,1.0,1.0,1,1
2017-10-28,1.0,1.0,1,1
2017-10-29,1.0,1.0,1,1
2017-10-30,1.0,1.0,1,1
2017-10-31,1.0,1.0,1,1
2017-11-01,1.0,1.0,1,1
2017-11-02,1.0,1.0,1,1
2017-11-03,1.0,1.0,1,1
2017-11-04,1.0,1.0,1,1
2017-11-05,1.0,1.0,1,1
2017-11-06,1.0,1.0,1,1
2017-11-07,1.0,1.0,1,1
2017-11-08,1.0,1.0,1,1
2017-11-09,1.0,1.0,1,1
2017-11-10,1.0,1.0,1,1
2017-11-11,1.0,1.0,1,1
2017-11-12,1.0,1.0,1,1
2017-11-13,1.0,1.0,1,1
2017-11-14,1.0,1.0,1,1
2017-11-15,1.0,1.0,1,1
2017-11-16,1.0,1.0,1,1
2017-11-17,1.0,1.0,1,1
2017-11-18,1.0,1.0,1,1
2017-11-19,1.0,1.0,1,1
2017-11-20,1.0,1.0,1,1
2017-11-21,1.0,1.0,1,1
2017-11-22,1.0,1.0,1,1
2017-11-23,1.0,1.0,1,1
2017-11-24,1.0,1.0,1,1
2017-11-25,1.0,1.0,1,1
2017-11-26,1.0,1.0,1,1
2017-11-27,1.0,1.0,1,1
2017-11-28,1.0,1.0,1,1
2017-11-29,1.0,1.0,1,1
2017-11-30,1.0,1.0,1,1
2017-12-01,1.0,1.0,1,1
2017-12-02,1.0,1.0,1,1
2017-12-03,1.0,1.0,1,1
2017-12-04,1.0,1.0,1,1
2017-12-05,1.0,1.0,1,1
2017-12-06,1.0,1.0,1,1
2017-12-07,1.0,1.0,1,1
2017-12-08,1.0,1.0,1,1
2017-12-09,1.0,1.0,1,1
2017-12-10,1.0,1.0,1,1
2017-12-11,1.0,1.0,1,1
2017-12-12,1.0,1.0,1,1
2017-12-13,1.0,1.0,1,1
2017-12-14,1.0,1.0,1,1
2017-12-15,1.0,1.0,1,1
2017-12-16,1.0,1.0,1,1
2017-12-17,1.0,1.0,1,1
2017-12-18,1.0,1.0,1,1
2017-12-19,1.0,1.0,1,1
2017-12-20,1.0,1.0,1,1
2017-12-21,1.0,1.0,1,1
2017-12-22,1.0,1.0,1,1
2017-12-23,1.0,1.0,1,1
2017-12-24,1.0,1.0,1,1
2017-12-25,1.0,1.0,1,1
2017-12-26,1.0,1.0,1,1
2017-12-27,1.0,1.0,1,1
2017-12-28,1.0,1.0,1,1
2017-12-29,1.0,1.0,1,1
2017-12-30,1.0,1.0,1,1
2017-12-31,1.0,1.0,1,1
2018-01-01,1.0,1.0,1,1
2018-01-02,1.0,1.0,1,1
2018-01-03,1.0,1.0,1,1
2018-01-04,1.0,1.0,1,1
2018-01-05,1.0,1.0,1,1
2018-01-06,1.0,1.0,1,1
2018-01-07,1.0,1.0,1,1
2018-01-08,1.0,1.0,1,1
2018-01-09,1.0,1.0,1,1
2018-01-10,1.0,1.0,1,1
2018-01-11,1.0,1.0,1,1
2018-01-12,1.0,1.0,1,1
2018-01-13,1.0,1.0,1,1
2018-01-14,1.0,1.0,1,1
2018-01-15,1.0,1.0,1,1
2018-01-16,1.0,1.0,1,1
2018-01-17,1.0,1.0,1,1
2018-01-18,1.0,1.0,1,1
2018-01-19,1.0,1.0,1,1
2018-01-20,1.0,1.0,1,1
2018-01-21,1.0,1.0,1,1
2018-01-22,1.0,1.0,1,1
2018-01-23,1.0,1.0,1,1
2018-01-24,1.0,1.0,1,1
2018-01-25,1.0,1.0,1,1
2018-01-26,1.0,1.0,1,1
2018-01-27,1.0,1.0,1,1
2018-01-28,1.0,1.0,1,1
2018-01-29,1.0,1.0,1,1
2018-01-30,1.0,1.0,1,1
2018-01-31,1.0,1.0,1,1
2018-02-01,1.0,1.0,1,1
2018-02-02,1.0,1.0,1,1
2018-02-03,1.0,1.0,1,1
2018-02-04,1.0,1.0,1,1
2018-02-05,1.0,1.0,1,1
2018-02-06,1.0,1.0,1,1
2018-02-07,1.0,1.0,1,1
2018-02-08,1.0,1.0,1,1
2018-02-09,1.0,1.0,1,1
2018-02-10,1.0,1.0,1,1
2018-02-11,1.0,1.0,1,1
2018-02-12,1.0,1.0,1,1
2018-02-13,1.0,1.0,1,1
2018-02-14,1.0,1.0,1,1
2018-02-15,1.0,1.0,1,1
2018-02-16,1.0,1.0,1,1
2018-02-17,1.0,1.0,1,1
2018-02-18,1.0,1.0,1,1
2018-02-19,1.0,1.0,1,1
2018-02-20,1.0,1.0,1,1
2018-02-21,1.0,1.0,1,1
2018-02-22,1.0,1.0,1,1
2018-02-23,1.0,1.0,1,1
2018-02-24,1.0,1.0,1,1
2018-02-25,1.0,1.0,1,1
2018-02-26,1.0,1.0,1,1
2018-02-27,1.0,1.0,1,1
2018-02-28,1.0,1.0,1,1
2018-03-01,1.0,1.0,1,1
2018-03-02,1.0,1.0,1,1
2018-03-03,1.0,1.0,1,1
2018-03-04,1.0,1.0,1,1
2018-03-05,1.0,1.0,1,1
2018-03-06,1.0,1.0,1,1
2018-03-07,1.0,1.0,1,1
2018-03-08,1.0,1.0,1,1
2018-03-09,1.0,1.0,1,1
2018-03-10,1.0,1.0,1,1
2018-03-11,1.0,1.0,1,1
2018-03-12,1.0,1.0,1,1
2018-03-13,1.0,1.0,1,1
2018-03-14,1.0,1.0,1,1
2018-03-15,1.0,1.0,1,1
2018-03-16,1.0,1.0,1,1
2018-03-17,1.0,1.0,1,1
2018-03-18,1.0,1.0,1,1
2018-03-19,1.0,1.0,1,1
2018-03-20,1.0,1.0,1,1
2018-03-21,1.0,1.0,1,1
2018-03-22,1.0,1.0,1,1
2018-03-23,1.0,1.0,1,1
2018-03-24,1.0,1.0,1,1
2018-03-25,1.0,1.0,1,1
2018-03-26,1.0,1.0,1,1
2018-03-27,1.0,1.0,1,1
2018-03-28,1.0,1.0,1,1
2018-03-29,1.0,1.0,1,1
2018-03-30,1.0,1.0,1,1
2018-03-31,1.0,1.0,1,1
2018-04-01,1.0,1.0,1,1
2018-04-02,1.0,1.0,1,1
2018-04-03,1.0,1.0,1,1
2018-04-04,1.0,1.0,0,1
2018-04-05,1.0,1.0,0,0
2018-04-06,1.0,1.0,0,0
2018-04-07,1.0,1.0,0,0
2018-04-08,1.0,1.0,0,0
2018-04-09,1.0,1.0,0,0
2018-04-10,1.0,1.0,0,0
2018-04-11,1.0,1.0,0,0
2018-04-12,1.0,1.0,0,0
2018-04-13,1.0,1.0,0,0
2018-04-14,1.0,1.0,0,0
2018-04-15,1.0,1.0,0,0
2018-04-16,1.0,1.0,0,0
2018-04-17,1.0,1.0,0,0
2018-04-18,0.0,1.0,0,0
2018-04-19,0.0,0.0,0,0
2018-04-20,0.0,0.0,0,0
2018-04-21,0.0,0.0,0,0
2018-04-22,0.0,0.0,0,0
2018-04-23,0.0,0.0,0,0
2018-04-24,0.0,0.0,0,0
2018-04-25,0.0,0.0,0,0
2018-04-26,0.0,0.0,0,0
2018-04-27,0.0,0.0,0,0
2018-04-28,0.0,0.0,0,0
2018-04-29,0.0,0.0,0,0
2018-04-30,0.0,0.0,0,0
2018-05-01,0.0,0.0,0,0
2018-05-02,0.0,0.0,0,0
2018-05-03,0.0,0.0,0,0
2018-05-04,0.0,0.0,0,0
2018-05-05,0.0,0.0,0,0
2018-05-06,0.0,0.0,0,0
2018-05-07,0.0,0.0,0,0
2018-05-08,0.0,0.0,0,0
2018-05-09,0.0,0.0,0,0
2018-05-10,0.0,0.0,0,0
2018-05-11,0.0,0.0,0,0
2018-05-12,0.0,0.0,0,0
2018-05-13,0.0,0.0,0,0
2018-05-14,0.0,0.0,0,0
2018-05-15,0.0,0.0,0,0
2018-05-16,0.0,0.0,0,0
2018-05-17,0.0,0.0,0,0
2018-05-18,0.0,0.0,0,0
2018-05-19,0.0,0.0,0,0
2018-05-20,0.0,0.0,0,0
2018-05-21,0.0,0.0,0,0
2018-05-22,0.0,0.0,0,0
2018-05-23,0.0,0.0,0,0
2018-05-24,0.0,0.0,0,0
2018-05-25,0.0,0.0,0,0
2018-05-26,0.0,0.0,0,0
2018-05-27,0.0,0.0,0,0
2018-05-28,0.0,0.0,0,0
2018-05-29,0.0,0.0,0,0
2018-05-30,0.0,0.0,0,0
2018-05-31,0.0,0.0,0,0
2018-06-01,0.0,0.0,0,0
2018-06-02,0.0,0.0,0,0
2018-06-03,0.0,0.0,0,0
2018-06-04,0.0,0.0,0,0
2018-06-05,0.0,0.0,0,0
2018-06-06,0.0,0.0,0,0
2018-06-07,0.0,0.0,0,0
2018-06-08,0.0,0.0,0,0
2018-06-09,0.0,0.0,0,0
2018-06-10,0.0,0.0,0,0
2018-06-11,0.0,0.0,0,0
2018-06-12,0.0,0.0,0,0
2018-06-13,0.0,0.0,0,0
2018-06-14,0.0,0.0,1,1
2018-06-15,0.0,0.0,1,1
2018-06-16,0.0,0.0,1,1
2018-06-17,0.0,0.0,1,1
2018-06-18,0.0,0.0,1,1
2018-06-19,0.0,0.0,1,1
2018-06-20,0.0,0.0,1,1
2018-06-21,0.0,0.0,1,1
2018-06-22,0.0,0.0,1,1
2018-06-23,0.0,0.0,1,1
2018-06-24,0.0,0.0,1,1
2018-06-25,0.0,0.0,1,1
2018-06-26,0.0,0.0,1,1
2018-06-27,0.0,0.0,1,1
2018-06-28,0.0,0.0,1,1
2018-06-29,1.0,1.0,1,1
2018-06-30,1.0,1.0,1,1
2018-07-01,1.0,1.0,1,1
2018-07-02,1.0,1.0,1,1
2018-07-03,1.0,1.0,0,1
2018-07-04,1.0,1.0,0,0
2018-07-05,1.0,1.0,0,0
2018-07-06,1.0,1.0,0,0
2018-07-07,1.0,1.0,0,0
2018-07-08,1.0,1.0,0,0
2018-07-09,1.0,1.0,0,0
2018-07-10,1.0,1.0,0,0
2018-07-11,1.0,1.0,0,0
2018-07-12,1.0,1.0,0,0
2018-07-13,1.0,1.0,0,0
2018-07-14,1.0,1.0,0,0
2018-07-15,1.0,1.0,0,0
2018-07-16,1.0,1.0,0,0
2018-07-17,0.0,1.0,0,0
2018-07-18,0.0,0.0,0,0
2018-07-19,0.0,0.0,0,0
2018-07-20,0.0,0.0,0,0
2018-07-21,0.0,0.0,0,0
2018-07-22,0.0,0.0,0,0
2018-07-23,0.0,0.0,0,0
2018-07-24,0.0,0.0,0,0
2018-07-25,0.0,0.0,0,0
2018-07-26,0.0,0.0,0,0
2018-07-27,0.0,0.0,0,0
2018-07-28,0.0,0.0,0,0
2018-07-29,0.0,0.0,0,0
2018-07-30,0.0,0.0,0,0
2018-07-31,0.0,0.0,0,0
2018-08-01,0.0,0.0,0,0
2018-08-02,0.0,0.0,0,0
2018-08-03,0.0,0.0,0,0
2018-08-04,0.0,0.0,0,0
2018-08-05,0.0,0.0,0,0
2018-08-06,0.0,0.0,0,0
2018-08-07,0.0,0.0,0,0
2018-08-08,0.0,0.0,0,0
2018-08-09,0.0,0.0,0,0
2018-08-10,0.0,0.0,0,0
2018-08-11,0.0,0.0,0,0
2018-08-12,0.0,0.0,0,0
2018-08-13,0.0,0.0,0,0
2018-08-14,0.0,0.0,0,0
2018-08-15,0.0,0.0,0,0
2018-08-16,0.0,0.0,0,0
2018-08-17,0.0,0.0,0,0
2018-08-18,0.0,0.0,0,0
2018-08-19,0.0,0.0,0,0
2018-08-20,0.0,0.0,0,0
2018-08-21,0.0,0.0,0,0
2018-08-22,0.0,0.0,0,0
2018-08-23,0.0,0.0,0,0
2018-08-24,0.0,0.0,0,0
2018-08-25,0.0,0.0,0,0
2018-08-26,0.0,0.0,0,0
2018-08-27,0.0,0.0,0,0
2018-08-28,0.0,0.0,0,0
2018-08-29,0.0,0.0,0,0
2018-08-30,0.0,0.0,0,0
2018-08-31,0.0,0.0,0,0
2018-09-01,0.0,0.0,0,0
2018-09-02,0.0,0.0,0,0
2018-09-03,0.0,0.0,0,0
2018-09-04,0.0,0.0,0,0
2018-09-05,0.0,0.0,0,0
2018-09-06,0.0,0.0,0,0
2018-09-07,0.0,0.0,0,0
2018-09-08,0.0,0.0,0,0
2018-09-09,0.0,0.0,0,0
2018-09-10,0.0,0.0,0,0
2018-09-11,0.0,0.0,0,0
2018-09-12,0.0,0.0,0,0
2018-09-13,0.0,0.0,0,0
2018-09-14,0.0,0.0,0,0
2018-09-15,0.0,0.0,0,0
2018-09-16,0.0,0.0,0,0
2018-09-17,0.0,0.0,0,0
2018-09-18,0.0,0.0,0,0
2018-09-19,0.0,0.0,0,0
2018-09-20,0.0,0.0,0,0
2018-09-21,0.0,0.0,0,0
2018-09-22,0.0,0.0,0,0
2018-09-23,0.0,0.0,0,0
2018-09-24,0.0,0.0,0,0
2018-09-25,0.0,0.0,0,0
2018-09-26,0.0,0.0,0,0
2018-09-27,0.0,0.0,0,0
2018-09-28,0.0,0.0,0,0
2018-09-29,0.0,0.0,0,0
2018-09-30,0.0,0.0,0,0
2018-10-01,0.0,0.0,0,0
2018-10-02,0.0,0.0,0,0
2018-10-03,0.0,0.0,0,0
2018-10-04,0.0,0.0,0,0
2018-10-05,0.0,0.0,0,0
2018-10-06,0.0,0.0,0,0
2018-10-07,0.0,0.0,0,0
2018-10-08,0.0,0.0,0,0
2018-10-09,0.0,0.0,0,0
2018-10-10,0.0,0.0,0,0
2018-10-11,0.0,0.0,0,0
2018-10-12,0.0,0.0,0,0
2018-10-13,0.0,0.0,0,0
2018-10-14,0.0,0.0,0,0
2018-10-15,0.0,0.0,0,0
2018-10-16,0.0,0.0,0,0
2018-10-17,0.0,0.0,0,0
2018-10-18,0.0,0.0,0,0
2018-10-19,0.0,0.0,0,0
2018-10-20,0.0,0.0,0,0
2018-10-21,0.0,0.0,0,0
2018-10-22,0.0,0.0,0,0
2018-10-23,0.0,0.0,0,0
2018-10-24,0.0,0.0,0,0
2018-10-25,0.0,0.0,0,0
2018-10-26,0.0,0.0,0,0
2018-10-27,0.0,0.0,0,0
2018-10-28,0.0,0.0,0,0
2018-10-29,0.0,0.0,0,0
2018-10-30,0.0,0.0,0,0
2018-10-31,0.0,0.0,0,0
2018-11-01,0.0,0.0,0,0
2018-11-02,0.0,0.0,0,0
2018-11-03,0.0,0.0,0,0
2018-11-04,0.0,0.0,0,0
2018-11-05,0.0,0.0,0,0
2018-11-06,0.0,0.0,0,0
2018-11-07,0.0,0.0,0,0
2018-11-08,0.0,0.0,0,0
2018-11-09,0.0,0.0,0,0
2018-11-10,0.0,0.0,0,0
2018-11-11,0.0,0.0,0,0
2018-11-12,0.0,0.0,0,0
2018-11-13,0.0,0.0,0,0
2018-11-14,0.0,0.0,0,0
2018-11-15,0.0,0.0,0,0
2018-11-16,0.0,0.0,0,0
2018-11-17,0.0,0.0,0,0
2018-11-18,0.0,0.0,0,0
2018-11-19,0.0,0.0,0,0
2018-11-20,0.0,0.0,0,0
2018-11-21,0.0,0.0,0,0
2018-11-22,0.0,0.0,0,0
2018-11-23,0.0,0.0,0,0
2018-11-24,0.0,0.0,0,0
2018-11-25,0.0,0.0,0,0
2018-11-26,0.0,0.0,0,0
2018-11-27,0.0,0.0,0,0
2018-11-28,0.0,0.0,0,0
2018-11-29,0.0,0.0,0,0
2018-11-30,0.0,0.0,0,0
2018-12-01,0.0,0.0,0,0
2018-12-02,0.0,0.0,0,0
2018-12-03,0.0,0.0,0,0
2018-12-04,0.0,0.0,0,0
2018-12-05,0.0,0.0,0,0
2018-12-06,0.0,0.0,0,0
2018-12-07,0.0,0.0,0,0
2018-12-08,0.0,0.0,0,0
2018-12-09,0.0,0.0,0,0
2018-12-10,0.0,0.0,0,0
2018-12-11,0.0,0.0,0,0
2018-12-12,0.0,0.0,0,0
2018-12-13,0.0,0.0,0,0
2018-12-14,0.0,0.0,0,0
2018-12-15,0.0,0.0,0,0
2018-12-16,0.0,0.0,0,0
2018-12-17,0.0,0.0,0,0
2018-12-18,0.0,0.0,0,0
2018-12-19,0.0,0.0,0,0
2018-12-20,0.0,0.0,0,0
2018-12-21,0.0,0.0,0,0
2018-12-22,0.0,0.0,0,0
2018-12-23,0.0,0.0,0,0
2018-12-24,0.0,0.0,0,0
2018-12-25,0.0,0.0,0,0
2018-12-26,0.0,0.0,0,0
2018-12-27,0.0,0.0,0,0
2018-12-28,0.0,0.0,0,0
2018-12-29,0.0,0.0,0,0
2018-12-30,0.0,0.0,0,0
2018-12-31,0.0,0.0,0,0
2019-01-01,0.0,0.0,0,0
2019-01-02,0.0,0.0,0,0
2019-01-03,0.0,0.0,0,0
2019-01-04,0.0,0.0,0,0
2019-01-05,0.0,0.0,0,0
2019-01-06,0.0,0.0,0,0
2019-01-07,0.0,0.0,0,0
2019-01-08,0.0,0.0,0,0
2019-01-09,0.0,0.0,0,0
2019-01-10,0.0,0.0,0,0
2019-01-11,0.0,0.0,0,0
2019-01-12,0.0,0.0,0,0
2019-01-13,0.0,0.0,0,0
2019-01-14,0.0,0.0,0,0
2019-01-15,0.0,0.0,0,0
2019-01-16,0.0,0.0,0,0
2019-01-17,0.0,0.0,0,1
2019-01-18,0.0,0.0,0,0
2019-01-19,0.0,0.0,0,0
2019-01-20,0.0,0.0,0,0
2019-01-21,0.0,0.0,0,0
2019-01-22,0.0,0.0,0,0
2019-01-23,0.0,0.0,0,0
2019-01-24,0.0,0.0,0,0
2019-01-25,0.0,0.0,0,0
2019-01-26,0.0,0.0,0,0
2019-01-27,0.0,0.0,0,0
2019-01-28,0.0,0.0,0,0
2019-01-29,0.0,0.0,0,0
2019-01-30,0.0,0.0,0,0
2019-01-31,0.0,0.0,0,0
2019-02-01,0.0,0.0,0,0
2019-02-02,0.0,0.0,0,0
2019-02-03,0.0,0.0,0,0
2019-02-04,0.0,0.0,0,0
2019-02-05,0.0,0.0,0,0
2019-02-06,0.0,0.0,0,0
2019-02-07,0.0,0.0,0,0
2019-02-08,0.0,0.0,0,0
2019-02-09,0.0,0.0,0,0
2019-02-10,0.0,0.0,0,0
2019-02-11,0.0,0.0,0,0
2019-02-12,0.0,0.0,0,0
2019-02-13,0.0,0.0,0,0
2019-02-14,0.0,0.0,0,0
2019-02-15,0.0,0.0,0,0
2019-02-16,0.0,0.0,0,0
2019-02-17,0.0,0.0,0,0
2019-02-18,0.0,0.0,0,0
2019-02-19,0.0,0.0,0,0
2019-02-20,0.0,0.0,0,0
2019-02-21,0.0,0.0,0,0
2019-02-22,0.0,0.0,0,0
2019-02-23,0.0,0.0,0,0
2019-02-24,0.0,0.0,0,0
2019-02-25,0.0,0.0,0,0
2019-02-26,0.0,0.0,0,0
2019-02-27,0.0,0.0,0,0
2019-02-28,0.0,0.0,0,0
2019-03-01,0.0,0.0,0,0
2019-03-02,0.0,0.0,0,0
2019-03-03,0.0,0.0,0,0
2019-03-04,0.0,0.0,0,0
2019-03-05,0.0,0.0,0,0
2019-03-06,0.0,0.0,0,0
2019-03-07,0.0,0.0,0,0
2019-03-08,0.0,0.0,0,0
2019-03-09,0.0,0.0,0,0
2019-03-10,0.0,0.0,0,0
2019-03-11,0.0,0.0,0,0
2019-03-12,0.0,0.0,0,0
2019-03-13,0.0,0.0,0,0
2019-03-14,0.0,0.0,0,0
2019-03-15,0.0,0.0,0,0
2019-03-16,0.0,0.0,0,0
2019-03-17,0.0,0.0,0,0
2019-03-18,0.0,0.0,0,0
2019-03-19,0.0,0.0,0,0
2019-03-20,0.0,0.0,0,0
2019-03-21,0.0,0.0,0,0
2019-03-22,0.0,0.0,0,0
2019-03-23,0.0,0.0,0,0
2019-03-24,0.0,0.0,0,0
2019-03-25,0.0,0.0,0,0
2019-03-26,0.0,0.0,0,0
2019-03-27,0.0,0.0,0,0
2019-03-28,0.0,0.0,0,0
2019-03-29,0.0,0.0,0,0
2019-03-30,0.0,0.0,0,0
2019-03-31,0.0,0.0,0,0
2019-04-01,0.0,0.0,0,0
2019-04-02,0.0,0.0,0,0
2019-04-03,0.0,0.0,0,0
2019-04-04,0.0,0.0,0,0
2019-04-05,0.0,0.0,0,0
2019-04-06,0.0,0.0,0,0
2019-04-07,0.0,0.0,0,0
2019-04-08,0.0,0.0,0,0
2019-04-09,0.0,0.0,0,0
2019-04-10,0.0,0.0,0,0
2019-04-11,0.0,0.0,0,0
2019-04-12,0.0,0.0,0,0
2019-04-13,0.0,0.0,0,0
2019-04-14,0.0,0.0,0,0
2019-04-15,0.0,0.0,0,0
2019-04-16,0.0,0.0,0,0
2019-04-17,0.0,0.0,0,0
2019-04-18,0.0,0.0,0,0
2019-04-19,0.0,0.0,0,0
2019-04-20,0.0,0.0,0,0
2019-04-21,0.0,0.0,0,0
2019-04-22,0.0,0.0,0,0
2019-04-23,0.0,0.0,0,0
2019-04-24,0.0,0.0,0,0
2019-04-25,0.0,0.0,0,0
2019-04-26,0.0,0.0,0,0
2019-04-27,0.0,0.0,0,0
2019-04-28,0.0,0.0,0,0
2019-04-29,0.0,0.0,0,0
2019-04-30,0.0,0.0,0,0
2019-05-01,0.0,0.0,0,0
2019-05-02,0.0,0.0,0,0
2019-05-03,0.0,0.0,0,0
2019-05-04,0.0,0.0,0,0
2019-05-05,0.0,0.0,0,0
2019-05-06,0.0,0.0,0,0
2019-05-07,0.0,0.0,0,0
2019-05-08,0.0,0.0,0,0
2019-05-09,0.0,0.0,0,0
2019-05-10,0.0,0.0,0,0
2019-05-11,0.0,0.0,0,0
2019-05-12,0.0,0.0,0,0
2019-05-13,0.0,0.0,0,0
2019-05-14,0.0,0.0,0,0
2019-05-15,0.0,0.0,0,0
2019-05-16,0.0,0.0,0,0
2019-05-17,0.0,0.0,0,0
2019-05-18,0.0,0.0,0,0
2019-05-19,0.0,0.0,0,0
2019-05-20,0.0,0.0,0,0
2019-05-21,0.0,0.0,0,0
2019-05-22,0.0,0.0,0,0
2019-05-23,0.0,0.0,0,0
2019-05-24,0.0,0.0,0,0
2019-05-25,0.0,0.0,0,0
2019-05-26,0.0,0.0,0,0
2019-05-27,0.0,0.0,0,0
2019-05-28,0.0,0.0,0,0
2019-05-29,0.0,0.0,0,0
2019-05-30,0.0,0.0,0,0
2019-05-31,0.0,0.0,0,0
2019-06-01,0.0,0.0,0,0
2019-06-02,0.0,0.0,0,0
2019-06-03,0.0,0.0,0,0
2019-06-04,0.0,0.0,0,0
2019-06-05,0.0,0.0,0,0
2019-06-06,0.0,0.0,0,0
2019-06-07,0.0,0.0,0,0
2019-06-08,0.0,0.0,0,0
2019-06-09,0.0,0.0,0,0
2019-06-10,0.0,0.0,0,0
2019-06-11,0.0,0.0,0,0
2019-06-12,0.0,0.0,0,0
2019-06-13,0.0,0.0,0,0
2019-06-14,0.0,0.0,0,0
2019-06-15,0.0,0.0,0,0
2019-06-16,0.0,0.0,0,0
2019-06-17,0.0,0.0,0,0
2019-06-18,0.0,0.0,0,0
2019-06-19,0.0,0.0,0,0
2019-06-20,0.0,0.0,0,0
2019-06-21,0.0,0.0,0,0
2019-06-22,0.0,0.0,0,0
2019-06-23,0.0,0.0,0,0
2019-06-24,0.0,0.0,0,0
2019-06-25,0.0,0.0,0,0
2019-06-26,0.0,0.0,0,0
2019-06-27,0.0,0.0,0,0
2019-06-28,0.0,0.0,0,0
2019-06-29,0.0,0.0,0,0
2019-06-30,0.0,0.0,0,0
2019-07-01,0.0,0.0,0,0
2019-07-02,0.0,0.0,0,0
2019-07-03,0.0,0.0,0,0
2019-07-04,0.0,0.0,0,0
2019-07-05,0.0,0.0,0,0
2019-07-06,0.0,0.0,0,0
2019-07-07,0.0,0.0,0,0
2019-07-08,0.0,0.0,0,0
2019-07-09,0.0,0.0,0,0
2019-07-10,0.0,0.0,0,0
2019-07-11,0.0,0.0,0,0
2019-07-12,0.0,0.0,0,0
2019-07-13,0.0,0.0,0,0
2019-07-14,0.0,0.0,0,0
2019-07-15,0.0,0.0,0,0
2019-07-16,0.0,0.0,0,0
2019-07-17,0.0,0.0,0,0
2019-07-18,0.0,0.0,0,0
2019-07-19,0.0,0.0,0,0
2019-07-20,0.0,0.0,0,0
2019-07-21,0.0,0.0,0,0
2019-07-22,0.0,0.0,0,0
2019-07-23,0.0,0.0,0,0
2019-07-24,0.0,0.0,0,0
2019-07-25,0.0,0.0,0,0
2019-07-26,0.0,0.0,0,0
2019-07-27,0.0,0.0,0,0
2019-07-28,0.0,0.0,0,0
2019-07-29,0.0,0.0,0,0
2019-07-30,0.0,0.0,0,0
2019-07-31,0.0,0.0,0,0
2019-08-01,0.0,0.0,0,0
2019-08-02,0.0,0.0,0,0
2019-08-03,0.0,0.0,0,0
2019-08-04,0.0,0.0,0,0
2019-08-05,0.0,0.0,0,0
2019-08-06,0.0,0.0,0,0
2019-08-07,0.0,0.0,0,0
2019-08-08,0.0,0.0,0,0
2019-08-09,0.0,0.0,0,0
2019-08-10,0.0,0.0,0,0
2019-08-11,0.0,0.0,0,0
2019-08-12,0.0,0.0,0,0
2019-08-13,0.0,0.0,0,0
2019-08-14,0.0,0.0,0,0
2019-08-15,0.0,0.0,0,0
2019-08-16,0.0,0.0,0,0
2019-08-17,0.0,0.0,0,0
2019-08-18,0.0,0.0,0,0
2019-08-19,0.0,0.0,0,0
2019-08-20,0.0,0.0,0,0
2019-08-21,0.0,0.0,0,0
2019-08-22,0.0,0.0,0,0
2019-08-23,0.0,0.0,0,0
2019-08-24,0.0,0.0,0,0
2019-08-25,0.0,0.0,0,0
2019-08-26,0.0,0.0,0,0
2019-08-27,0.0,0.0,0,0
2019-08-28,0.0,0.0,0,0
2019-08-29,0.0,0.0,0,0
2019-08-30,0.0,0.0,0,0
2019-08-31,0.0,0.0,0,0
2019-09-01,0.0,0.0,0,0
2019-09-02,0.0,0.0,0,0
2019-09-03,0.0,0.0,0,0
2019-09-04,0.0,0.0,0,0
2019-09-05,0.0,0.0,0,0
2019-09-06,0.0,0.0,0,0
2019-09-07,0.0,0.0,0,0
2019-09-08,0.0,0.0,0,0
2019-09-09,0.0,0.0,0,0
2019-09-10,0.0,0.0,0,0
2019-09-11,0.0,0.0,0,0
2019-09-12,0.0,0.0,0,0
2019-09-13,0.0,0.0,0,0
2019-09-14,0.0,0.0,0,0
2019-09-15,0.0,0.0,0,0
2019-09-16,0.0,0.0,0,0
2019-09-17,0.0,0.0,0,0
2019-09-18,0.0,0.0,0,0
2019-09-19,0.0,0.0,0,0
2019-09-20,0.0,0.0,0,0
2019-09-21,0.0,0.0,0,0
2019-09-22,0.0,0.0,0,0
2019-09-23,0.0,0.0,0,0
2019-09-24,0.0,0.0,0,0
2019-09-25,0.0,0.0,0,0
2019-09-26,0.0,0.0,0,0
2019-09-27,0.0,0.0,0,0
2019-09-28,0.0,0.0,0,0
2019-09-29,0.0,0.0,0,0
2019-09-30,0.0,0.0,0,0
2019-10-01,0.0,0.0,0,0
2019-10-02,0.0,0.0,0,0
2019-10-03,0.0,0.0,0,0
2019-10-04,0.0,0.0,0,0
2019-10-05,0.0,0.0,0,0
2019-10-06,0.0,0.0,0,0
2019-10-07,0.0,0.0,0,0
2019-10-08,0.0,0.0,0,0
2019-10-09,0.0,0.0,0,0
2019-10-10,0.0,0.0,0,0
2019-10-11,0.0,0.0,0,0
2019-10-12,0.0,0.0,0,0
2019-10-13,0.0,0.0,0,0
2019-10-14,0.0,0.0,0,0
2019-10-15,0.0,0.0,0,0
2019-10-16,0.0,0.0,0,0
2019-10-17,0.0,0.0,0,0
2019-10-18,0.0,0.0,0,0
2019-10-19,0.0,0.0,0,0
2019-10-20,0.0,0.0,0,0
2019-10-21,0.0,0.0,0,0
2019-10-22,0.0,0.0,0,0
2019-10-23,0.0,0.0,0,0
2019-10-24,0.0,0.0,0,0
2019-10-25,0.0,0.0,0,0
2019-10-26,0.0,0.0,0,0
2019-10-27,0.0,0.0,0,0
2019-10-28,0.0,0.0,0,0
2019-10-29,0.0,0.0,0,0
2019-10-30,0.0,0.0,0,0
2019-10-31,0.0,0.0,0,0
2019-11-01,0.0,0.0,0,0
2019-11-02,0.0,0.0,0,0
2019-11-03,0.0,0.0,0,0
2019-11-04,0.0,0.0,0,0
2019-11-05,0.0,0.0,0,0
2019-11-06,0.0,0.0,0,0
2019-11-07,0.0,0.0,0,0
2019-11-08,0.0,0.0,0,0
2019-11-09,0.0,0.0,0,0
2019-11-10,0.0,0.0,0,0
2019-11-11,0.0,0.0,0,0
2019-11-12,0.0,0.0,0,0
2019-11-13,0.0,0.0,0,0
2019-11-14,0.0,0.0,0,0
2019-11-15,0.0,0.0,0,0
2019-11-16,0.0,0.0,0,0
2019-11-17,0.0,0.0,0,0
2019-11-18,0.0,0.0,0,0
2019-11-19,0.0,0.0,0,0
2019-11-20,0.0,0.0,0,0
2019-11-21,0.0,0.0,0,0
2019-11-22,0.0,0.0,0,0
2019-11-23,0.0,0.0,0,0
2019-11-24,0.0,0.0,0,0
2019-11-25,0.0,0.0,0,0
2019-11-26,0.0,0.0,0,0
2019-11-27,0.0,0.0,0,0
2019-11-28,0.0,0.0,0,0
2019-11-29,0.0,0.0,0,0
2019-11-30,0.0,0.0,0,0
2019-12-01,0.0,0.0,0,0
2019-12-02,0.0,0.0,0,0
2019-12-03,0.0,0.0,0,0
2019-12-04,0.0,0.0,0,0
2019-12-05,0.0,0.0,0,0
2019-12-06,0.0,0.0,0,0
2019-12-07,0.0,0.0,0,0
2019-12-08,0.0,0.0,0,0
2019-12-09,0.0,0.0,0,0
2019-12-10,0.0,0.0,0,0
2019-12-11,0.0,0.0,0,0
2019-12-12,0.0,0.0,0,0
2019-12-13,0.0,0.0,0,0
2019-12-14,0.0,0.0,0,0
2019-12-15,0.0,0.0,0,0
2019-12-16,0.0,0.0,0,0
2019-12-17,0.0,0.0,0,0
2019-12-18,0.0,0.0,0,0
2019-12-19,0.0,0.0,0,0
2019-12-20,0.0,0.0,0,0
2019-12-21,0.0,0.0,0,0
2019-12-22,0.0,0.0,0,0
2019-12-23,0.0,0.0,0,0
2019-12-24,0.0,0.0,0,0
2019-12-25,0.0,0.0,0,0
2019-12-26,0.0,0.0,0,0
2019-12-27,0.0,0.0,0,0
2019-12-28,0.0,0.0,0,0
2019-12-29,0.0,0.0,0,0
2019-12-30,0.0,0.0,0,0
2019-12-31,0.0,0.0,0,0
2020-01-01,0.0,0.0,0,0
2020-01-02,0.0,0.0,0,0
2020-01-03,0.0,0.0,0,0
2020-01-04,0.0,0.0,0,0
2020-01-05,0.0,0.0,0,0
2020-01-06,0.0,0.0,0,0
2020-01-07,0.0,0.0,0,0
2020-01-08,0.0,0.0,0,0
2020-01-09,0.0,0.0,0,0
2020-01-10,0.0,0.0,0,0
2020-01-11,0.0,0.0,0,0
2020-01-12,0.0,0.0,0,0
2020-01-13,0.0,0.0,0,0
2020-01-14,0.0,0.0,0,0
2020-01-15,0.0,0.0,0,0
2020-01-16,0.0,0.0,0,0
2020-01-17,0.0,0.0,0,0
2020-01-18,0.0,0.0,0,0
2020-01-19,0.0,0.0,0,0
2020-01-20,0.0,0.0,0,0
2020-01-21,0.0,0.0,0,0
2020-01-22,0.0,0.0,0,0
2020-01-23,0.0,0.0,0,0
2020-01-24,0.0,0.0,0,0
2020-01-25,0.0,0.0,0,0
2020-01-26,0.0,0.0,0,0
2020-01-27,0.0,0.0,0,0
2020-01-28,0.0,0.0,0,0
2020-01-29,0.0,0.0,0,0
2020-01-30,0.0,0.0,0,0
2020-01-31,0.0,0.0,0,0
2020-02-01,0.0,0.0,0,0
2020-02-02,0.0,0.0,0,0
2020-02-03,0.0,0.0,0,0
2020-02-04,0.0,0.0,0,0
2020-02-05,0.0,0.0,0,0
2020-02-06,0.0,0.0,0,0
2020-02-07,0.0,0.0,0,0
2020-02-08,0.0,0.0,0,0
2020-02-09,0.0,0.0,0,0
2020-02-10,0.0,0.0,0,0
2020-02-11,0.0,0.0,0,0
2020-02-12,0.0,0.0,0,0
2020-02-13,0.0,0.0,0,0
2020-02-14,0.0,0.0,0,0
2020-02-15,0.0,0.0,0,0
2020-02-16,0.0,0.0,0,0
2020-02-17,0.0,0.0,0,1
2020-02-18,0.0,0.0,0,0
2020-02-19,0.0,0.0,0,0
2020-02-20,0.0,0.0,0,0
2020-02-21,0.0,0.0,0,0
2020-02-22,0.0,0.0,0,0
2020-02-23,0.0,0.0,0,0
2020-02-24,0.0,0.0,0,0
2020-02-25,0.0,0.0,0,0
2020-02-26,0.0,0.0,0,0
2020-02-27,0.0,0.0,0,0
2020-02-28,0.0,0.0,0,0
2020-02-29,0.0,0.0,0,0
2020-03-01,0.0,0.0,0,0
2020-03-02,0.0,0.0,0,0
2020-03-03,0.0,0.0,0,0
2020-03-04,0.0,0.0,0,0
2020-03-05,0.0,0.0,0,0
2020-03-06,0.0,0.0,0,0
2020-03-07,0.0,0.0,0,0
2020-03-08,0.0,0.0,0,0
2020-03-09,0.0,0.0,0,0
2020-03-10,0.0,0.0,0,0
2020-03-11,0.0,0.0,0,0
2020-03-12,0.0,0.0,0,0
2020-03-13,0.0,0.0,0,0
2020-03-14,0.0,0.0,0,0
2020-03-15,0.0,0.0,0,0
2020-03-16,0.0,0.0,0,0
2020-03-17,0.0,0.0,0,0
2020-03-18,0.0,0.0,0,0
2020-03-19,0.0,0.0,0,0
2020-03-20,0.0,0.0,0,0
2020-03-21,0.0,0.0,0,0
2020-03-22,0.0,0.0,0,0
2020-03-23,0.0,0.0,0,0
2020-03-24,0.0,0.0,0,1
2020-03-25,0.0,0.0,0,0
2020-03-26,0.0,0.0,0,0
2020-03-27,0.0,0.0,0,0
2020-03-28,0.0,0.0,0,0
2020-03-29,0.0,0.0,0,0
2020-03-30,0.0,0.0,0,0
2020-03-31,0.0,0.0,0,0
2020-04-01,0.0,0.0,0,0
2020-04-02,0.0,0.0,0,0
2020-04-03,0.0,0.0,0,0
2020-04-04,0.0,0.0,0,0
2020-04-05,0.0,0.0,0,0
2020-04-06,0.0,0.0,0,0
2020-04-07,0.0,0.0,0,0
2020-04-08,0.0,0.0,0,0
2020-04-09,0.0,0.0,0,0
2020-04-10,0.0,0.0,0,0
2020-04-11,0.0,0.0,0,0
2020-04-12,0.0,0.0,0,0
2020-04-13,0.0,0.0,0,0
2020-04-14,0.0,0.0,0,0
2020-04-15,0.0,0.0,0,0
2020-04-16,0.0,0.0,0,0
2020-04-17,0.0,0.0,0,0
2020-04-18,0.0,0.0,0,0
2020-04-19,0.0,0.0,0,0
2020-04-20,0.0,0.0,0,0
2020-04-21,0.0,0.0,0,0
2020-04-22,0.0,0.0,0,0
2020-04-23,0.0,0.0,0,0
2020-04-24,0.0,0.0,0,0
2020-04-25,0.0,0.0,0,0
2020-04-26,0.0,0.0,0,0
2020-04-27,0.0,0.0,0,0
2020-04-28,0.0,0.0,0,0
2020-04-29,0.0,0.0,0,0
2020-04-30,0.0,0.0,0,0
2020-05-01,0.0,0.0,0,0
2020-05-02,0.0,0.0,0,0
2020-05-03,0.0,0.0,0,0
2020-05-04,0.0,0.0,0,0
2020-05-05,0.0,0.0,0,0
2020-05-06,0.0,0.0,0,0
2020-05-07,0.0,0.0,0,0
2020-05-08,0.0,0.0,0,0
2020-05-09,0.0,0.0,0,0
2020-05-10,0.0,0.0,0,0
2020-05-11,0.0,0.0,0,0
2020-05-12,0.0,0.0,0,0
2020-05-13,0.0,0.0,0,0
2020-05-14,0.0,0.0,0,0
2020-05-15,0.0,0.0,0,0
2020-05-16,0.0,0.0,0,0
2020-05-17,0.0,0.0,0,0
2020-05-18,0.0,0.0,0,0
2020-05-19,0.0,0.0,0,0
2020-05-20,0.0,0.0,0,0
2020-05-21,0.0,0.0,0,0
2020-05-22,0.0,0.0,0,0
2020-05-23,0.0,0.0,0,0
2020-05-24,0.0,0.0,0,0
2020-05-25,0.0,0.0,0,0
2020-05-26,0.0,0.0,0,0
2020-05-27,0.0,0.0,0,0
2020-05-28,0.0,0.0,0,0
2020-05-29,0.0,0.0,0,0
2020-05-30,0.0,0.0,0,0
2020-05-31,0.0,0.0,0,0
2020-06-01,0.0,0.0,0,0
2020-06-02,0.0,0.0,0,0
2020-06-03,0.0,0.0,0,0
2020-06-04,0.0,0.0,0,0
2020-06-05,0.0,0.0,0,0
2020-06-06,0.0,0.0,0,0
2020-06-07,0.0,0.0,0,0
2020-06-08,0.0,0.0,0,0
2020-06-09,0.0,0.0,0,0
2020-06-10,0.0,0.0,0,0
2020-06-11,0.0,0.0,0,0
2020-06-12,0.0,0.0,0,0
2020-06-13,0.0,0.0,0,0
2020-06-14,0.0,0.0,0,0
2020-06-15,0.0,0.0,0,0
2020-06-16,0.0,0.0,0,0
2020-06-17,0.0,0.0,0,0
2020-06-18,0.0,0.0,0,0
2020-06-19,0.0,0.0,0,0
2020-06-20,0.0,0.0,0,0
2020-06-21,0.0,0.0,0,0
2020-06-22,0.0,0.0,0,0
2020-06-23,0.0,0.0,0,0
2020-06-24,0.0,0.0,0,0
2020-06-25,0.0,0.0,0,0
2020-06-26,0.0,0.0,0,0
2020-06-27,0.0,0.0,0,0
2020-06-28,0.0,0.0,0,0
2020-06-29,0.0,0.0,0,0
2020-06-30,0.0,0.0,0,0
2020-07-01,0.0,0.0,0,0
2020-07-02,0.0,0.0,0,0
2020-07-03,0.0,0.0,0,0
2020-07-04,0.0,0.0,0,0
2020-07-05,0.0,0.0,0,0
2020-07-06,0.0,0.0,0,0
2020-07-07,0.0,0.0,0,0
2020-07-08,0.0,0.0,0,0
2020-07-09,0.0,0.0,0,0
2020-07-10,0.0,0.0,0,0
2020-07-11,0.0,0.0,0,0
2020-07-12,0.0,0.0,0,0
2020-07-13,0.0,0.0,0,0
2020-07-14,0.0,0.0,0,0
2020-07-15,0.0,0.0,0,0
2020-07-16,0.0,0.0,0,0
2020-07-17,0.0,0.0,0,0
2020-07-18,0.0,0.0,0,0
2020-07-19,0.0,0.0,0,0
2020-07-20,0.0,0.0,0,0
2020-07-21,0.0,0.0,0,0
2020-07-22,0.0,0.0,0,0
2020-07-23,0.0,0.0,0,0
2020-07-24,0.0,0.0,0,0
2020-07-25,0.0,0.0,0,0
2020-07-26,0.0,0.0,0,0
2020-07-27,0.0,0.0,0,0
2020-07-28,0.0,0.0,0,0
2020-07-29,0.0,0.0,0,0
2020-07-30,0.0,0.0,0,0
2020-07-31,0.0,0.0,0,0
2020-08-01,0.0,0.0,0,0
2020-08-02,0.0,0.0,0,0
2020-08-03,0.0,0.0,0,0
2020-08-04,0.0,0.0,0,0
2020-08-05,0.0,0.0,0,0
2020-08-06,0.0,0.0,0,0
2020-08-07,0.0,0.0,0,0
2020-08-08,0.0,0.0,0,0
2020-08-09,0.0,0.0,0,0
2020-08-10,0.0,0.0,0,0
2020-08-11,0.0,0.0,0,0
2020-08-12,0.0,0.0,0,0
2020-08-13,0.0,0.0,0,0
2020-08-14,0.0,0.0,0,0
2020-08-15,0.0,0.0,0,0
2020-08-16,0.0,0.0,0,0
2020-08-17,0.0,0.0,0,0
2020-08-18,0.0,0.0,0,0
2020-08-19,0.0,0.0,0,0
2020-08-20,0.0,0.0,0,0
2020-08-21,0.0,0.0,0,0
2020-08-22,0.0,0.0,0,0
2020-08-23,0.0,0.0,0,0
2020-08-24,0.0,0.0,0,0
2020-08-25,0.0,0.0,0,0
2020-08-26,0.0,0.0,0,0
2020-08-27,0.0,0.0,0,0
2020-08-28,0.0,0.0,0,0
2020-08-29,0.0,0.0,0,0
2020-08-30,0.0,0.0,0,0
2020-08-31,0.0,0.0,0,0
2020-09-01,0.0,0.0,0,0
2020-09-02,0.0,0.0,0,0
2020-09-03,0.0,0.0,0,0
2020-09-04,0.0,0.0,0,0
2020-09-05,0.0,0.0,0,0
2020-09-06,0.0,0.0,0,0
2020-09-07,0.0,0.0,0,0
2020-09-08,0.0,0.0,0,0
2020-09-09,0.0,0.0,0,0
2020-09-10,0.0,0.0,0,0
2020-09-11,0.0,0.0,0,0
2020-09-12,0.0,0.0,0,0
2020-09-13,0.0,0.0,0,0
2020-09-14,0.0,0.0,0,0
2020-09-15,0.0,0.0,0,0
2020-09-16,0.0,0.0,0,0
2020-09-17,0.0,0.0,0,0
2020-09-18,0.0,0.0,0,0
2020-09-19,0.0,0.0,0,0
2020-09-20,0.0,0.0,0,0
2020-09-21,0.0,0.0,0,0
2020-09-22,0.0,0.0,0,0
2020-09-23,0.0,0.0,0,0
2020-09-24,0.0,0.0,0,0
2020-09-25,0.0,0.0,0,0
2020-09-26,0.0,0.0,0,0
2020-09-27,0.0,0.0,0,0
2020-09-28,0.0,0.0,0,0
2020-09-29,0.0,0.0,0,0
2020-09-30,0.0,0.0,0,0
2020-10-01,0.0,0.0,0,0
2020-10-02,0.0,0.0,0,0
2020-10-03,0.0,0.0,0,0
2020-10-04,0.0,0.0,0,0
2020-10-05,0.0,0.0,0,0
2020-10-06,0.0,0.0,0,0
2020-10-07,0.0,0.0,0,0
2020-10-08,0.0,0.0,0,0
2020-10-09,0.0,0.0,0,0
2020-10-10,0.0,0.0,0,0
2020-10-11,0.0,0.0,0,0
2020-10-12,0.0,0.0,0,0
2020-10-13,0.0,0.0,0,0
2020-10-14,0.0,0.0,0,0
2020-10-15,0.0,0.0,0,0
2020-10-16,0.0,0.0,0,0
2020-10-17,0.0,0.0,0,0
2020-10-18,0.0,0.0,0,0
2020-10-19,0.0,0.0,0,0
2020-10-20,0.0,0.0,0,0
2020-10-21,0.0,0.0,0,0
2020-10-22,0.0,0.0,0,0
2020-10-23,0.0,0.0,0,0
2020-10-24,0.0,0.0,0,0
2020-10-25,0.0,0.0,0,0
2020-10-26,0.0,0.0,0,0
2020-10-27,0.0,0.0,0,0
2020-10-28,0.0,0.0,0,0
2020-10-29,0.0,0.0,0,0
2020-10-30,0.0,0.0,0,0
2020-10-31,0.0,0.0,0,0
2020-11-01,0.0,0.0,0,0
2020-11-02,0.0,0.0,0,0
2020-11-03,0.0,0.0,0,0
2020-11-04,0.0,0.0,0,0
2020-11-05,0.0,0.0,0,0
2020-11-06,0.0,0.0,0,0
2020-11-07,0.0,0.0,0,0
2020-11-08,0.0,0.0,0,0
2020-11-09,0.0,0.0,0,0
2020-11-10,0.0,0.0,0,0
2020-11-11,0.0,0.0,0,0
2020-11-12,0.0,0.0,0,0
2020-11-13,0.0,0.0,0,0
2020-11-14,0.0,0.0,0,0
2020-11-15,0.0,0.0,0,0
2020-11-16,0.0,0.0,0,0
2020-11-17,0.0,0.0,0,0
2020-11-18,0.0,0.0,0,0
2020-11-19,0.0,0.0,0,0
2020-11-20,0.0,0.0,0,0
2020-11-21,0.0,0.0,0,0
2020-11-22,0.0,0.0,0,0
2020-11-23,0.0,0.0,0,0
2020-11-24,0.0,0.0,0,0
2020-11-25,0.0,0.0,0,0
2020-11-26,0.0,0.0,0,0
2020-11-27,0.0,0.0,0,0
2020-11-28,0.0,0.0,0,0
2020-11-29,0.0,0.0,0,0
2020-11-30,0.0,0.0,0,0
2020-12-01,0.0,0.0,0,0
2020-12-02,0.0,0.0,0,0
2020-12-03,0.0,0.0,0,0
2020-12-04,0.0,0.0,0,0
2020-12-05,0.0,0.0,0,0
2020-12-06,0.0,0.0,0,0
2020-12-07,0.0,0.0,0,0
2020-12-08,0.0,0.0,0,0
2020-12-09,0.0,0.0,0,0
2020-12-10,0.0,0.0,0,0
2020-12-11,0.0,0.0,0,0
2020-12-12,0.0,0.0,0,0
2020-12-13,0.0,0.0,0,0
2020-12-14,0.0,0.0,0,0
2020-12-15,0.0,0.0,0,0
2020-12-16,0.0,0.0,0,0
2020-12-17,0.0,0.0,0,0
2020-12-18,0.0,0.0,0,0
2020-12-19,0.0,0.0,0,0
2020-12-20,0.0,0.0,0,0
2020-12-21,0.0,0.0,0,0
2020-12-22,0.0,0.0,0,0
2020-12-23,0.0,0.0,0,0
2020-12-24,0.0,0.0,0,0
2020-12-25,0.0,0.0,0,0
2020-12-26,0.0,0.0,0,0
2020-12-27,0.0,0.0,0,0
2020-12-28,0.0,0.0,0,0
2020-12-29,0.0,0.0,0,0
2020-12-30,0.0,0.0,0,0
2020-12-31,0.0,0.0,0,0
2021-01-01,0.0,0.0,0,0
2021-01-02,0.0,0.0,0,0
2021-01-03,0.0,0.0,0,0
2021-01-04,0.0,0.0,0,0
2021-01-05,0.0,0.0,0,0
2021-01-06,0.0,0.0,0,0
2021-01-07,0.0,0.0,0,0
2021-01-08,0.0,0.0,0,0
2021-01-09,0.0,0.0,0,0
2021-01-10,0.0,0.0,0,0
2021-01-11,0.0,0.0,0,0
2021-01-12,0.0,0.0,0,0
2021-01-13,0.0,0.0,0,0
2021-01-14,0.0,0.0,0,0
2021-01-15,0.0,0.0,0,0
2021-01-16,0.0,0.0,0,0
2021-01-17,0.0,0.0,0,0
2021-01-18,0.0,0.0,0,0
2021-01-19,0.0,0.0,0,0
2021-01-20,0.0,0.0,0,0
2021-01-21,0.0,0.0,0,0
2021-01-22,0.0,0.0,0,0
2021-01-23,0.0,0.0,0,0
2021-01-24,0.0,0.0,0,0
2021-01-25,0.0,0.0,0,0
2021-01-26,0.0,0.0,0,0
2021-01-27,0.0,0.0,0,0
2021-01-28,0.0,0.0,0,0
2021-01-29,0.0,0.0,0,0
2021-01-30,0.0,0.0,0,0
2021-01-31,0.0,0.0,0,0
2021-02-01,0.0,0.0,0,0
2021-02-02,0.0,0.0,0,0
2021-02-03,0.0,0.0,0,0
2021-02-04,0.0,0.0,0,0
2021-02-05,0.0,0.0,0,0
2021-02-06,0.0,0.0,0,0
2021-02-07,0.0,0.0,0,0
2021-02-08,0.0,0.0,0,0
2021-02-09,0.0,0.0,0,0
2021-02-10,0.0,0.0,0,0
2021-02-11,0.0,0.0,0,0
2021-02-12,0.0,0.0,0,0
2021-02-13,0.0,0.0,0,0
2021-02-14,0.0,0.0,0,0
2021-02-15,0.0,0.0,0,0
2021-02-16,0.0,0.0,0,0
2021-02-17,0.0,0.0,0,0
2021-02-18,0.0,0.0,0,0
2021-02-19,0.0,0.0,0,0
2021-02-20,0.0,0.0,0,0
2021-02-21,0.0,0.0,0,0
2021-02-22,0.0,0.0,0,0
2021-02-23,0.0,0.0,0,0
2021-02-24,0.0,0.0,0,0
2021-02-25,0.0,0.0,0,0
2021-02-26,0.0,0.0,0,0
2021-02-27,0.0,0.0,0,0
2021-02-28,0.0,0.0,0,0
2021-03-01,0.0,0.0,0,0
2021-03-02,0.0,0.0,0,0
2021-03-03,0.0,0.0,0,0
2021-03-04,0.0,0.0,0,0
2021-03-05,0.0,0.0,0,0
2021-03-06,0.0,0.0,0,0
2021-03-07,0.0,0.0,0,0
2021-03-08,0.0,0.0,0,0
2021-03-09,0.0,0.0,0,0
2021-03-10,0.0,0.0,0,0
2021-03-11,0.0,0.0,0,0
2021-03-12,0.0,0.0,0,0
2021-03-13,0.0,0.0,0,0
2021-03-14,0.0,0.0,0,0
2021-03-15,0.0,0.0,0,0
2021-03-16,0.0,0.0,0,0
2021-03-17,0.0,0.0,0,0
2021-03-18,0.0,0.0,0,0
2021-03-19,0.0,0.0,0,0
2021-03-20,0.0,0.0,0,0
2021-03-21,0.0,0.0,0,0
2021-03-22,0.0,0.0,0,0
2021-03-23,0.0,0.0,0,0
2021-03-24,0.0,0.0,0,0
2021-03-25,0.0,0.0,0,0
2021-03-26,0.0,0.0,0,0
2021-03-27,0.0,0.0,0,0
2021-03-28,0.0,0.0,0,0
2021-03-29,0.0,0.0,0,0
2021-03-30,0.0,0.0,0,0
2021-03-31,0.0,0.0,0,0
2021-04-01,0.0,0.0,0,0
2021-04-02,0.0,0.0,0,0
2021-04-03,0.0,0.0,0,0
2021-04-04,0.0,0.0,0,0
2021-04-05,0.0,0.0,0,0
2021-04-06,0.0,0.0,0,0
2021-04-07,0.0,0.0,0,0
2021-04-08,0.0,0.0,0,0
2021-04-09,0.0,0.0,0,0
2021-04-10,0.0,0.0,0,0
2021-04-11,0.0,0.0,0,0
2021-04-12,0.0,0.0,0,0
2021-04-13,0.0,0.0,0,0
2021-04-14,0.0,0.0,0,0
2021-04-15,0.0,0.0,0,0
2021-04-16,0.0,0.0,0,0
2021-04-17,0.0,0.0,0,0
2021-04-18,0.0,0.0,0,0
2021-04-19,0.0,0.0,0,0
2021-04-20,0.0,0.0,0,0
2021-04-21,0.0,0.0,0,0
2021-04-22,0.0,0.0,0,0
2021-04-23,0.0,0.0,0,0
2021-04-24,0.0,0.0,0,0
2021-04-25,0.0,0.0,0,0
2021-04-26,0.0,0.0,0,0
2021-04-27,0.0,0.0,0,0
2021-04-28,0.0,0.0,0,0
2021-04-29,0.0,0.0,0,0
2021-04-30,0.0,0.0,0,0
2021-05-01,0.0,0.0,0,0
2021-05-02,0.0,0.0,0,0
2021-05-03,0.0,0.0,0,0
2021-05-04,0.0,0.0,0,0
2021-05-05,0.0,0.0,0,0
2021-05-06,0.0,0.0,0,0
2021-05-07,0.0,0.0,0,0
2021-05-08,0.0,0.0,0,0
2021-05-09,0.0,0.0,0,0
2021-05-10,0.0,0.0,0,0
2021-05-11,0.0,0.0,0,0
2021-05-12,0.0,0.0,0,0
2021-05-13,0.0,0.0,0,0
2021-05-14,0.0,0.0,0,0
2021-05-15,0.0,0.0,0,0
2021-05-16,0.0,0.0,0,0
2021-05-17,0.0,0.0,0,0
2021-05-18,0.0,0.0,0,0
2021-05-19,0.0,0.0,0,0
2021-05-20,0.0,0.0,0,0
2021-05-21,0.0,0.0,0,0
2021-05-22,0.0,0.0,0,0
2021-05-23,0.0,0.0,0,0
2021-05-24,0.0,0.0,0,0
2021-05-25,0.0,0.0,0,0
2021-05-26,0.0,0.0,0,0
2021-05-27,0.0,0.0,0,0
2021-05-28,0.0,0.0,0,0
2021-05-29,0.0,0.0,0,0
2021-05-30,0.0,0.0,0,0
2021-05-31,0.0,0.0,0,0
2021-06-01,0.0,0.0,0,0
2021-06-02,0.0,0.0,0,0
2021-06-03,0.0,0.0,0,0
2021-06-04,0.0,0.0,0,0
2021-06-05,0.0,0.0,0,0
2021-06-06,0.0,0.0,0,0
2021-06-07,0.0,0.0,0,0
2021-06-08,0.0,0.0,0,0
2021-06-09,0.0,0.0,0,0
2021-06-10,0.0,0.0,0,0
2021-06-11,0.0,0.0,0,0
2021-06-12,0.0,0.0,0,0
2021-06-13,0.0,0.0,0,0
2021-06-14,0.0,0.0,0,0
2021-06-15,0.0,0.0,0,0
2021-06-16,0.0,0.0,0,0
2021-06-17,0.0,0.0,0,0
2021-06-18,0.0,0.0,0,0
2021-06-19,0.0,0.0,0,0
2021-06-20,0.0,0.0,0,0
2021-06-21,0.0,0.0,0,0
2021-06-22,0.0,0.0,0,0
2021-06-23,0.0,0.0,0,0
2021-06-24,0.0,0.0,0,0
2021-06-25,0.0,0.0,0,0
2021-06-26,0.0,0.0,0,0
2021-06-27,0.0,0.0,0,0
2021-06-28,0.0,0.0,0,0
2021-06-29,0.0,0.0,0,0
2021-06-30,0.0,0.0,0,0
2021-07-01,0.0,0.0,0,0
2021-07-02,0.0,0.0,0,0
2021-07-03,0.0,0.0,0,0
2021-07-04,0.0,0.0,0,0
2021-07-05,0.0,0.0,0,0
2021-07-06,0.0,0.0,0,0
2021-07-07,0.0,0.0,0,0
2021-07-08,0.0,0.0,0,0
2021-07-09,0.0,0.0,0,0
2021-07-10,0.0,0.0,0,0
2021-07-11,0.0,0.0,0,0
2021-07-12,0.0,0.0,0,0
2021-07-13,0.0,0.0,0,0
2021-07-14,0.0,0.0,0,0
2021-07-15,0.0,0.0,0,0
2021-07-16,0.0,0.0,0,0
2021-07-17,0.0,0.0,0,0
2021-07-18,0.0,0.0,0,0
2021-07-19,0.0,0.0,0,0
2021-07-20,0.0,0.0,0,0
2021-07-21,0.0,0.0,0,0
2021-07-22,0.0,0.0,0,0
2021-07-23,0.0,0.0,0,0
2021-07-24,0.0,0.0,0,0
2021-07-25,0.0,0.0,0,0
2021-07-26,0.0,0.0,0,0
2021-07-27,0.0,0.0,0,0
2021-07-28,0.0,0.0,0,0
2021-07-29,0.0,0.0,0,0
2021-07-30,0.0,0.0,0,0
2021-07-31,0.0,0.0,0,0
2021-08-01,0.0,0.0,0,0
2021-08-02,0.0,0.0,0,0
2021-08-03,0.0,0.0,0,0
2021-08-04,0.0,0.0,0,0
2021-08-05,0.0,0.0,0,0
2021-08-06,0.0,0.0,0,0
2021-08-07,0.0,0.0,0,0
2021-08-08,0.0,0.0,0,0
2021-08-09,0.0,0.0,0,0
2021-08-10,0.0,0.0,0,0
2021-08-11,0.0,0.0,0,0
2021-08-12,0.0,0.0,0,0
2021-08-13,0.0,0.0,0,0
2021-08-14,0.0,0.0,0,0
2021-08-15,0.0,0.0,0,0
2021-08-16,0.0,0.0,0,0
2021-08-17,0.0,0.0,0,0
2021-08-18,0.0,0.0,0,0
2021-08-19,0.0,0.0,0,0
2021-08-20,0.0,0.0,0,0
2021-08-21,0.0,0.0,0,0
2021-08-22,0.0,0.0,0,0
2021-08-23,0.0,0.0,0,0
2021-08-24,0.0,0.0,0,0
2021-08-25,0.0,0.0,0,0
2021-08-26,0.0,0.0,0,0
2021-08-27,0.0,0.0,0,0
2021-08-28,0.0,0.0,0,0
2021-08-29,0.0,0.0,0,0
2021-08-30,0.0,0.0,0,0
2021-08-31,0.0,0.0,0,0
2021-09-01,0.0,0.0,0,0
2021-09-02,0.0,0.0,0,0
2021-09-03,0.0,0.0,0,0
2021-09-04,0.0,0.0,0,0
2021-09-05,0.0,0.0,0,0
2021-09-06,0.0,0.0,0,0
2021-09-07,0.0,0.0,0,0
2021-09-08,0.0,0.0,0,0
2021-09-09,0.0,0.0,0,0
2021-09-10,0.0,0.0,0,0
2021-09-11,0.0,0.0,0,0
2021-09-12,0.0,0.0,0,0
2021-09-13,0.0,0.0,0,0
2021-09-14,0.0,0.0,0,0
2021-09-15,0.0,0.0,0,0
2021-09-16,0.0,0.0,0,0
2021-09-17,0.0,0.0,0,0
2021-09-18,0.0,0.0,0,0
2021-09-19,0.0,0.0,0,0
2021-09-20,0.0,0.0,0,0
2021-09-21,0.0,0.0,0,0
2021-09-22,0.0,0.0,0,0
2021-09-23,0.0,0.0,0,0
2021-09-24,0.0,0.0,0,0
2021-09-25,0.0,0.0,0,0
2021-09-26,0.0,0.0,0,0
2021-09-27,0.0,0.0,0,0
2021-09-28,0.0,0.0,0,0
2021-09-29,0.0,0.0,0,0
2021-09-30,0.0,0.0,0,0
2021-10-01,0.0,0.0,0,0
2021-10-02,0.0,0.0,0,0
2021-10-03,0.0,0.0,0,0
2021-10-04,0.0,0.0,0,0
2021-10-05,0.0,0.0,0,0
2021-10-06,0.0,0.0,0,0
2021-10-07,0.0,0.0,0,0
2021-10-08,0.0,0.0,0,0
2021-10-09,0.0,0.0,0,0
2021-10-10,0.0,0.0,0,0
2021-10-11,0.0,0.0,0,0
2021-10-12,0.0,0.0,0,0
2021-10-13,0.0,0.0,0,0
2021-10-14,0.0,0.0,0,0
2021-10-15,0.0,0.0,0,0
2021-10-16,0.0,0.0,0,0
2021-10-17,0.0,0.0,0,0
2021-10-18,0.0,0.0,0,0
2021-10-19,0.0,0.0,0,0
2021-10-20,0.0,0.0,0,0
2021-10-21,0.0,0.0,0,0
2021-10-22,0.0,0.0,0,0
2021-10-23,0.0,0.0,0,0
2021-10-24,0.0,0.0,0,0
2021-10-25,0.0,0.0,0,0
2021-10-26,0.0,0.0,0,0
2021-10-27,0.0,0.0,0,0
2021-10-28,0.0,0.0,0,0
2021-10-29,0.0,0.0,0,0
2021-10-30,0.0,0.0,0,0
2021-10-31,0.0,0.0,0,0
2021-11-01,0.0,0.0,0,0
2021-11-02,0.0,0.0,0,0
2021-11-03,0.0,0.0,0,0
2021-11-04,0.0,0.0,0,0
2021-11-05,0.0,0.0,0,0
2021-11-06,0.0,0.0,0,0
2021-11-07,0.0,0.0,0,0
2021-11-08,0.0,0.0,0,0
2021-11-09,0.0,0.0,0,0
2021-11-10,0.0,0.0,0,0
2021-11-11,0.0,0.0,0,0
2021-11-12,0.0,0.0,0,0
2021-11-13,0.0,0.0,0,0
2021-11-14,0.0,0.0,0,0
2021-11-15,0.0,0.0,0,0
2021-11-16,0.0,0.0,0,0
2021-11-17,0.0,0.0,0,0
2021-11-18,0.0,0.0,0,0
2021-11-19,0.0,0.0,0,0
2021-11-20,0.0,0.0,0,0
2021-11-21,0.0,0.0,0,0
2021-11-22,0.0,0.0,0,0
2021-11-23,0.0,0.0,0,0
2021-11-24,0.0,0.0,0,0
2021-11-25,0.0,0.0,0,0
2021-11-26,0.0,0.0,0,0
2021-11-27,0.0,0.0,0,0
2021-11-28,0.0,0.0,0,0
2021-11-29,0.0,0.0,0,0
2021-11-30,0.0,0.0,0,0
2021-12-01,0.0,0.0,0,0
2021-12-02,0.0,0.0,0,0
2021-12-03,0.0,0.0,0,0
2021-12-04,0.0,0.0,0,0
2021-12-05,0.0,0.0,0,0
2021-12-06,0.0,0.0,0,0
2021-12-07,0.0,0.0,0,0
2021-12-08,0.0,0.0,0,0
2021-12-09,0.0,0.0,0,0
2021-12-10,0.0,0.0,0,0
2021-12-11,0.0,0.0,0,0
2021-12-12,0.0,0.0,0,0
2021-12-13,0.0,0.0,0,0
2021-12-14,0.0,0.0,0,0
2021-12-15,0.0,0.0,0,0
2021-12-16,0.0,0.0,0,0
2021-12-17,0.0,0.0,0,0
2021-12-18,0.0,0.0,0,0
2021-12-19,0.0,0.0,0,0
2021-12-20,0.0,0.0,0,0
2021-12-21,0.0,0.0,0,0
2021-12-22,0.0,0.0,0,0
2021-12-23,0.0,0.0,0,0
2021-12-24,0.0,0.0,0,0
2021-12-25,0.0,0.0,0,0
2021-12-26,0.0,0.0,0,0
2021-12-27,0.0,0.0,0,0
2021-12-28,0.0,0.0,0,0
2021-12-29,0.0,0.0,0,0
2021-12-30,0.0,0.0,0,0
2021-12-31,0.0,0.0,0,0
2022-01-01,0.0,0.0,0,0
2022-01-02,0.0,0.0,0,0
2022-01-03,0.0,0.0,0,0
2022-01-04,0.0,0.0,0,0
2022-01-05,0.0,0.0,0,0
2022-01-06,0.0,0.0,0,0
2022-01-07,0.0,0.0,0,0
2022-01-08,0.0,0.0,0,0
2022-01-09,0.0,0.0,0,0
2022-01-10,0.0,0.0,0,0
2022-01-11,0.0,0.0,0,0
2022-01-12,0.0,0.0,0,0
2022-01-13,0.0,0.0,0,0
2022-01-14,0.0,0.0,0,0
2022-01-15,0.0,0.0,0,0
2022-01-16,0.0,0.0,0,0
2022-01-17,0.0,0.0,0,0
2022-01-18,0.0,0.0,0,0
2022-01-19,0.0,0.0,0,0
2022-01-20,0.0,0.0,0,0
2022-01-21,0.0,0.0,0,0
2022-01-22,0.0,0.0,0,0
2022-01-23,0.0,0.0,0,0
2022-01-24,0.0,0.0,0,0
2022-01-25,0.0,0.0,0,0
2022-01-26,0.0,0.0,0,0
2022-01-27,0.0,0.0,0,0
2022-01-28,0.0,0.0,0,0
2022-01-29,0.0,0.0,0,0
2022-01-30,0.0,0.0,0,0
2022-01-31,0.0,0.0,0,0
2022-02-01,0.0,0.0,0,0
2022-02-02,0.0,0.0,0,0
2022-02-03,0.0,0.0,0,0
2022-02-04,0.0,0.0,0,0
2022-02-05,0.0,0.0,0,0
2022-02-06,0.0,0.0,0,0
2022-02-07,0.0,0.0,0,0
2022-02-08,0.0,0.0,0,0
2022-02-09,0.0,0.0,0,0
2022-02-10,0.0,0.0,0,0
2022-02-11,0.0,0.0,0,0
2022-02-12,0.0,0.0,0,0
2022-02-13,0.0,0.0,0,0
2022-02-14,0.0,0.0,0,0
2022-02-15,0.0,0.0,0,0
2022-02-16,0.0,0.0,0,0
2022-02-17,0.0,0.0,0,0
2022-02-18,0.0,0.0,0,0
2022-02-19,0.0,0.0,0,0
2022-02-20,0.0,0.0,0,0
2022-02-21,0.0,0.0,0,0
2022-02-22,0.0,0.0,0,0
2022-02-23,0.0,0.0,0,0
2022-02-24,0.0,0.0,0,0
2022-02-25,0.0,0.0,0,0
2022-02-26,0.0,0.0,0,0
2022-02-27,0.0,0.0,0,0
2022-02-28,0.0,0.0,0,0
2022-03-01,0.0,0.0,0,0
2022-03-02,0.0,0.0,0,0
2022-03-03,0.0,0.0,0,0
2022-03-04,0.0,0.0,0,0
2022-03-05,0.0,0.0,0,0
2022-03-06,0.0,0.0,0,0
2022-03-07,0.0,0.0,0,0
2022-03-08,0.0,0.0,0,0
2022-03-09,0.0,0.0,0,0
2022-03-10,0.0,0.0,0,0
2022-03-11,0.0,0.0,0,0
2022-03-12,0.0,0.0,0,0
2022-03-13,0.0,0.0,0,0
2022-03-14,0.0,0.0,0,0
2022-03-15,0.0,0.0,0,0
2022-03-16,0.0,0.0,0,0
2022-03-17,0.0,0.0,0,0
2022-03-18,0.0,0.0,0,0
2022-03-19,0.0,0.0,0,0
2022-03-20,0.0,0.0,0,0
2022-03-21,0.0,0.0,0,0
2022-03-22,0.0,0.0,0,0
2022-03-23,0.0,0.0,0,0
2022-03-24,0.0,0.0,0,0
2022-03-25,0.0,0.0,0,0
2022-03-26,0.0,0.0,0,0
2022-03-27,0.0,0.0,0,0
2022-03-28,0.0,0.0,0,0
2022-03-29,0.0,0.0,0,0
2022-03-30,0.0,0.0,0,0
2022-03-31,0.0,0.0,0,0
2022-04-01,0.0,0.0,0,0
2022-04-02,0.0,0.0,0,0
2022-04-03,0.0,0.0,0,0
2022-04-04,0.0,0.0,0,0
2022-04-05,0.0,0.0,0,0
2022-04-06,0.0,0.0,0,0
2022-04-07,0.0,0.0,0,0
2022-04-08,0.0,0.0,0,0
2022-04-09,0.0,0.0,0,0
2022-04-10,0.0,0.0,0,0
2022-04-11,0.0,0.0,0,0
2022-04-12,0.0,0.0,0,0
2022-04-13,0.0,0.0,0,0
2022-04-14,0.0,0.0,0,0
2022-04-15,0.0,0.0,0,0
2022-04-16,0.0,0.0,0,0
2022-04-17,0.0,0.0,0,0
2022-04-18,0.0,0.0,0,0
2022-04-19,0.0,0.0,0,0
2022-04-20,0.0,0.0,0,0
2022-04-21,0.0,0.0,0,0
2022-04-22,0.0,0.0,0,0
2022-04-23,0.0,0.0,0,0
2022-04-24,0.0,0.0,0,0
2022-04-25,0.0,0.0,0,0
2022-04-26,0.0,0.0,0,0
2022-04-27,0.0,0.0,0,0
2022-04-28,0.0,0.0,0,0
2022-04-29,0.0,0.0,0,0
2022-04-30,0.0,0.0,0,0
2022-05-01,0.0,0.0,0,0
2022-05-02,0.0,0.0,0,0
2022-05-03,0.0,0.0,0,0
2022-05-04,0.0,0.0,0,0
2022-05-05,0.0,0.0,0,0
2022-05-06,0.0,0.0,0,0
2022-05-07,0.0,0.0,0,0
2022-05-08,0.0,0.0,0,0
2022-05-09,0.0,0.0,0,0
2022-05-10,0.0,0.0,0,0
2022-05-11,0.0,0.0,0,0
2022-05-12,0.0,0.0,0,0
2022-05-13,0.0,0.0,0,0
2022-05-14,0.0,0.0,0,0
2022-05-15,0.0,0.0,0,0
2022-05-16,0.0,0.0,0,0
2022-05-17,0.0,0.0,0,0
2022-05-18,0.0,0.0,0,0
2022-05-19,0.0,0.0,0,0
2022-05-20,0.0,0.0,0,0
2022-05-21,0.0,0.0,0,0
2022-05-22,0.0,0.0,0,0
2022-05-23,0.0,0.0,0,0
2022-05-24,0.0,0.0,0,0
2022-05-25,0.0,0.0,0,0
2022-05-26,0.0,0.0,0,0
2022-05-27,0.0,0.0,0,0
2022-05-28,0.0,0.0,0,0
2022-05-29,0.0,0.0,0,0
2022-05-30,0.0,0.0,0,0
2022-05-31,0.0,0.0,0,0
2022-06-01,0.0,0.0,0,0
2022-06-02,0.0,0.0,0,0
2022-06-03,0.0,0.0,0,0
2022-06-04,0.0,0.0,0,0
2022-06-05,0.0,0.0,0,0
2022-06-06,0.0,0.0,0,0
2022-06-07,0.0,0.0,0,0
2022-06-08,0.0,0.0,0,0
2022-06-09,0.0,0.0,0,0
2022-06-10,0.0,0.0,0,0
2022-06-11,0.0,0.0,0,0
2022-06-12,0.0,0.0,0,0
2022-06-13,0.0,0.0,0,0
2022-06-14,0.0,0.0,0,0
2022-06-15,0.0,0.0,0,0
2022-06-16,0.0,0.0,0,0
2022-06-17,0.0,0.0,0,0
2022-06-18,0.0,0.0,0,0
2022-06-19,0.0,0.0,0,0
2022-06-20,0.0,0.0,0,0
2022-06-21,0.0,0.0,0,0
2022-06-22,0.0,0.0,0,0
2022-06-23,0.0,0.0,0,0
2022-06-24,0.0,0.0,0,0
2022-06-25,0.0,0.0,0,0
2022-06-26,0.0,0.0,0,0
2022-06-27,0.0,0.0,0,0
2022-06-28,0.0,0.0,0,0
2022-06-29,0.0,0.0,0,0
2022-06-30,0.0,0.0,0,0
2022-07-01,0.0,0.0,0,0
2022-07-02,0.0,0.0,0,0
2022-07-03,0.0,0.0,0,0
2022-07-04,0.0,0.0,0,0
2022-07-05,0.0,0.0,0,0
2022-07-06,0.0,0.0,0,0
2022-07-07,0.0,0.0,0,0
2022-07-08,0.0,0.0,0,0
2022-07-09,0.0,0.0,0,0
2022-07-10,0.0,0.0,0,0
2022-07-11,0.0,0.0,0,0
2022-07-12,0.0,0.0,0,0
2022-07-13,0.0,0.0,0,0
2022-07-14,0.0,0.0,0,0
2022-07-15,0.0,0.0,0,0
2022-07-16,0.0,0.0,0,0
2022-07-17,0.0,0.0,0,0
2022-07-18,0.0,0.0,0,0
2022-07-19,0.0,0.0,0,0
2022-07-20,0.0,0.0,0,0
2022-07-21,0.0,0.0,0,0
2022-07-22,0.0,0.0,0,0
2022-07-23,0.0,0.0,0,0
2022-07-24,0.0,0.0,0,0
2022-07-25,0.0,0.0,0,0
2022-07-26,0.0,0.0,0,0
2022-07-27,0.0,0.0,0,0
2022-07-28,0.0,0.0,0,0
2022-07-29,0.0,0.0,0,0
2022-07-30,0.0,0.0,0,0
2022-07-31,0.0,0.0,0,0
2022-08-01,0.0,0.0,0,0
2022-08-02,0.0,0.0,0,0
2022-08-03,0.0,0.0,0,0
2022-08-04,0.0,0.0,0,0
2022-08-05,0.0,0.0,0,0
2022-08-06,0.0,0.0,0,0
2022-08-07,0.0,0.0,0,0
2022-08-08,0.0,0.0,0,0
2022-08-09,0.0,0.0,0,0
2022-08-10,0.0,0.0,0,0
2022-08-11,0.0,0.0,0,0
2022-08-12,0.0,0.0,0,0
2022-08-13,0.0,0.0,0,0
2022-08-14,0.0,0.0,0,0
2022-08-15,0.0,0.0,0,0
2022-08-16,0.0,0.0,0,0
2022-08-17,0.0,0.0,0,0
2022-08-18,0.0,0.0,0,0
2022-08-19,0.0,0.0,0,0
2022-08-20,0.0,0.0,0,0
2022-08-21,0.0,0.0,0,0
2022-08-22,0.0,0.0,0,0
2022-08-23,0.0,0.0,0,0
2022-08-24,0.0,0.0,0,0
2022-08-25,0.0,0.0,0,0
2022-08-26,0.0,0.0,0,0
2022-08-27,0.0,0.0,0,0
2022-08-28,0.0,0.0,0,0
2022-08-29,0.0,0.0,0,0
2022-08-30,0.0,0.0,0,0
2022-08-31,0.0,0.0,0,0
2022-09-01,0.0,0.0,0,0
2022-09-02,0.0,0.0,0,0
2022-09-03,0.0,0.0,0,0
2022-09-04,0.0,0.0,0,0
2022-09-05,0.0,0.0,0,0
2022-09-06,0.0,0.0,0,0
2022-09-07,0.0,0.0,0,0
2022-09-08,0.0,0.0,0,0
2022-09-09,0.0,0.0,0,0
2022-09-10,0.0,0.0,0,0
2022-09-11,0.0,0.0,0,0
2022-09-12,0.0,0.0,0,0
2022-09-13,0.0,0.0,0,0
2022-09-14,0.0,0.0,0,0
2022-09-15,0.0,0.0,0,0
2022-09-16,0.0,0.0,0,0
2022-09-17,0.0,0.0,0,0
2022-09-18,0.0,0.0,0,0
2022-09-19,0.0,0.0,0,0
2022-09-20,0.0,0.0,0,0
2022-09-21,0.0,0.0,0,0
2022-09-22,0.0,0.0,0,0
2022-09-23,0.0,0.0,0,0
2022-09-24,0.0,0.0,0,0
2022-09-25,0.0,0.0,0,0
2022-09-26,0.0,0.0,0,0
2022-09-27,0.0,0.0,0,0
2022-09-28,0.0,0.0,0,0
2022-09-29,0.0,0.0,0,0
2022-09-30,0.0,0.0,0,0
2022-10-01,0.0,0.0,0,0
2022-10-02,0.0,0.0,0,0
2022-10-03,0.0,0.0,0,0
2022-10-04,0.0,0.0,0,0
2022-10-05,0.0,0.0,0,0
2022-10-06,0.0,0.0,0,0
2022-10-07,0.0,0.0,0,0
2022-10-08,0.0,0.0,0,0
2022-10-09,0.0,0.0,0,0
2022-10-10,0.0,0.0,0,0
2022-10-11,0.0,0.0,0,0
2022-10-12,0.0,0.0,0,0
2022-10-13,0.0,0.0,0,0
2022-10-14,0.0,0.0,0,0
2022-10-15,0.0,0.0,0,0
2022-10-16,0.0,0.0,0,0
2022-10-17,0.0,0.0,0,0
2022-10-18,0.0,0.0,0,0
2022-10-19,0.0,0.0,0,0
2022-10-20,0.0,0.0,0,0
2022-10-21,0.0,0.0,0,0
2022-10-22,0.0,0.0,0,0
2022-10-23,0.0,0.0,0,0
2022-10-24,0.0,0.0,0,0
2022-10-25,0.0,0.0,0,0
2022-10-26,0.0,0.0,0,0
2022-10-27,0.0,0.0,0,0
2022-10-28,0.0,0.0,0,0
2022-10-29,0.0,0.0,0,0
2022-10-30,0.0,0.0,0,0
2022-10-31,0.0,0.0,0,0
2022-11-01,0.0,0.0,0,0
2022-11-02,0.0,0.0,0,0
2022-11-03,0.0,0.0,0,0
2022-11-04,0.0,0.0,0,0
2022-11-05,0.0,0.0,0,0
2022-11-06,0.0,0.0,0,0
2022-11-07,0.0,0.0,0,0
2022-11-08,0.0,0.0,0,0
2022-11-09,0.0,0.0,0,0
2022-11-10,0.0,0.0,0,0
2022-11-11,0.0,0.0,0,0
2022-11-12,0.0,0.0,0,0
2022-11-13,0.0,0.0,0,0
2022-11-14,0.0,0.0,0,0
2022-11-15,0.0,0.0,0,0
2022-11-16,0.0,0.0,0,0
2022-11-17,0.0,0.0,0,0
2022-11-18,0.0,0.0,0,0
2022-11-19,0.0,0.0,0,0
2022-11-20,0.0,0.0,0,0
2022-11-21,0.0,0.0,0,0
2022-11-22,0.0,0.0,0,0
2022-11-23,0.0,0.0,0,0
2022-11-24,0.0,0.0,0,0
2022-11-25,0.0,0.0,0,0
2022-11-26,0.0,0.0,0,0
2022-11-27,0.0,0.0,0,0
2022-11-28,0.0,0.0,0,0
2022-11-29,0.0,0.0,0,3
2022-11-30,0.0,0.0,0,0
2022-12-01,0.0,0.0,0,0
2022-12-02,0.0,0.0,0,0
2022-12-03,0.0,0.0,0,0
2022-12-04,0.0,0.0,0,0
2022-12-05,0.0,0.0,0,0
2022-12-06,0.0,0.0,0,0
2022-12-07,0.0,0.0,0,0
2022-12-08,0.0,0.0,0,0
2022-12-09,0.0,0.0,0,0
2022-12-10,0.0,0.0,0,0
2022-12-11,0.0,0.0,0,0
2022-12-12,0.0,0.0,0,0
2022-12-13,0.0,0.0,0,0
2022-12-14,0.0,0.0,0,0
2022-12-15,0.0,0.0,0,0
2022-12-16,0.0,0.0,0,0
2022-12-17,0.0,0.0,0,0
2022-12-18,0.0,0.0,0,0
2022-12-19,0.0,0.0,0,0
2022-12-20,0.0,0.0,0,0
2022-12-21,0.0,0.0,0,0
2022-12-22,0.0,0.0,0,0
2022-12-23,0.0,0.0,0,0
2022-12-24,0.0,0.0,0,0
2022-12-25,0.0,0.0,0,0
2022-12-26,0.0,0.0,0,0
2022-12-27,0.0,0.0,0,0
2022-12-28,0.0,0.0,0,0
2022-12-29,0.0,0.0,0,0
2022-12-30,0.0,0.0,0,0
2022-12-31,0.0,0.0,0,0
2023-01-01,0.0,0.0,0,0
2023-01-02,0.0,0.0,0,0
2023-01-03,0.0,0.0,0,4
2023-01-04,0.0,0.0,0,0
2023-01-05,0.0,0.0,0,0
2023-01-06,0.0,0.0,0,0
2023-01-07,0.0,0.0,0,0
2023-01-08,0.0,0.0,0,0
2023-01-09,0.0,0.0,0,0
2023-01-10,0.0,0.0,0,0
2023-01-11,0.0,0.0,0,0
2023-01-12,0.0,0.0,0,0
2023-01-13,0.0,0.0,0,0
2023-01-14,0.0,0.0,0,0
2023-01-15,0.0,0.0,0,0
2023-01-16,0.0,0.0,0,0
2023-01-17,0.0,0.0,0,0
2023-01-18,0.0,0.0,0,0
2023-01-19,0.0,0.0,0,0
2023-01-20,0.0,0.0,0,0
2023-01-21,0.0,0.0,0,0
2023-01-22,0.0,0.0,0,0
2023-01-23,0.0,0.0,0,0
2023-01-24,0.0,0.0,0,0
2023-01-25,0.0,0.0,0,0
2023-01-26,0.0,0.0,0,0
2023-01-27,0.0,0.0,0,0
2023-01-28,0.0,0.0,0,0
2023-01-29,0.0,0.0,0,0
2023-01-30,0.0,0.0,0,0
2023-01-31,0.0,0.0,0,0
2023-02-01,0.0,0.0,0,0
2023-02-02,0.0,0.0,0,0
2023-02-03,0.0,0.0,0,0
2023-02-04,0.0,0.0,0,0
2023-02-05,0.0,0.0,0,0
2023-02-06,0.0,0.0,0,0
2023-02-07,0.0,0.0,0,0
2023-02-08,0.0,0.0,0,0
2023-02-09,0.0,0.0,0,0
2023-02-10,0.0,0.0,0,0
2023-02-11,0.0,0.0,0,0
2023-02-12,0.0,0.0,0,0
2023-02-13,0.0,0.0,0,0
2023-02-14,0.0,0.0,0,0
2023-02-15,0.0,0.0,0,0
2023-02-16,0.0,0.0,0,0
2023-02-17,0.0,0.0,0,0
2023-02-18,0.0,0.0,0,0
2023-02-19,0.0,0.0,0,0
2023-02-20,0.0,0.0,0,0
2023-02-21,0.0,0.0,0,0
2023-02-22,0.0,0.0,0,0
2023-02-23,0.0,0.0,0,0
2023-02-24,0.0,0.0,0,0
2023-02-25,0.0,0.0,0,0
2023-02-26,0.0,0.0,0,0
2023-02-27,0.0,0.0,0,0
2023-02-28,0.0,0.0,0,0
2023-03-01,0.0,0.0,0,0
2023-03-02,0.0,0.0,0,0
2023-03-03,0.0,0.0,0,0
2023-03-04,0.0,0.0,0,0
2023-03-05,0.0,0.0,0,0
2023-03-06,0.0,0.0,0,0
2023-03-07,0.0,0.0,0,0
2023-03-08,0.0,0.0,0,0
2023-03-09,0.0,0.0,0,0
2023-03-10,0.0,0.0,0,0
2023-03-11,0.0,0.0,0,0
2023-03-12,0.0,0.0,0,0
2023-03-13,0.0,0.0,0,0
2023-03-14,0.0,0.0,0,0
2023-03-15,0.0,0.0,0,0
2023-03-16,0.0,0.0,0,0
2023-03-17,0.0,0.0,0,0
2023-03-18,0.0,0.0,0,0
2023-03-19,0.0,0.0,0,0
2023-03-20,0.0,0.0,0,0
2023-03-21,0.0,0.0,0,0
2023-03-22,0.0,0.0,0,0
2023-03-23,0.0,0.0,0,0
2023-03-24,0.0,0.0,0,0
2023-03-25,0.0,0.0,0,0
2023-03-26,0.0,0.0,0,0
2023-03-27,0.0,0.0,0,0
2023-03-28,0.0,0.0,0,0
2023-03-29,0.0,0.0,0,0
2023-03-30,0.0,0.0,0,0
2023-03-31,0.0,0.0,0,0
2023-04-01,0.0,0.0,0,0
2023-04-02,0.0,0.0,0,0
2023-04-03,0.0,0.0,0,0
2023-04-04,0.0,0.0,0,0
2023-04-05,0.0,0.0,0,0
2023-04-06,0.0,0.0,0,0
2023-04-07,0.0,0.0,0,0
2023-04-08,0.0,0.0,0,0
2023-04-09,0.0,0.0,0,0
2023-04-10,0.0,0.0,0,0
2023-04-11,0.0,0.0,0,0
2023-04-12,0.0,0.0,0,0
2023-04-13,0.0,0.0,0,0
2023-04-14,0.0,0.0,0,0
2023-04-15,0.0,0.0,0,0
2023-04-16,0.0,0.0,0,0
2023-04-17,0.0,0.0,0,0
2023-04-18,0.0,0.0,0,0
2023-04-19,0.0,0.0,0,0
2023-04-20,0.0,0.0,0,0
2023-04-21,0.0,0.0,0,0
2023-04-22,0.0,0.0,0,0
2023-04-23,0.0,0.0,0,0
2023-04-24,0.0,0.0,0,0
2023-04-25,0.0,0.0,0,0
2023-04-26,0.0,0.0,0,0
2023-04-27,0.0,0.0,0,0
2023-04-28,0.0,0.0,0,0
2023-04-29,0.0,0.0,0,0
2023-04-30,0.0,0.0,0,0
2023-05-01,0.0,0.0,0,0
2023-05-02,0.0,0.0,0,0
2023-05-03,0.0,0.0,0,0
2023-05-04,0.0,0.0,0,0
2023-05-05,0.0,0.0,0,0
2023-05-06,0.0,0.0,0,0
2023-05-07,0.0,0.0,0,0
2023-05-08,0.0,0.0,0,0
2023-05-09,0.0,0.0,0,0
2023-05-10,0.0,0.0,0,0
2023-05-11,0.0,0.0,0,0
2023-05-12,0.0,0.0,0,0
2023-05-13,0.0,0.0,0,0
2023-05-14,0.0,0.0,0,0
2023-05-15,0.0,0.0,0,0
2023-05-16,0.0,0.0,0,0
2023-05-17,0.0,0.0,0,0
2023-05-18,0.0,0.0,0,0
2023-05-19,0.0,0.0,0,0
2023-05-20,0.0,0.0,0,0
2023-05-21,0.0,0.0,0,0
2023-05-22,0.0,0.0,0,0
2023-05-23,0.0,0.0,0,0
2023-05-24,0.0,0.0,0,0
2023-05-25,0.0,0.0,0,0
2023-05-26,0.0,0.0,0,0
2023-05-27,0.0,0.0,0,0
2023-05-28,0.0,0.0,0,0
2023-05-29,0.0,0.0,0,0
2023-05-30,0.0,0.0,0,0
2023-05-31,0.0,0.0,0,0
2023-06-01,0.0,0.0,0,0
2023-06-02,0.0,0.0,0,0
2023-06-03,0.0,0.0,0,0
2023-06-04,0.0,0.0,0,0
2023-06-05,0.0,0.0,0,0
2023-06-06,0.0,0.0,0,0
2023-06-07,0.0,0.0,0,0
2023-06-08,0.0,0.0,0,0
2023-06-09,0.0,0.0,0,0
2023-06-10,0.0,0.0,0,0
2023-06-11,0.0,0.0,0,0
2023-06-12,0.0,0.0,0,0
2023-06-13,0.0,0.0,0,0
2023-06-14,0.0,0.0,0,0
2023-06-15,0.0,0.0,0,0
2023-06-16,0.0,0.0,0,0
2023-06-17,0.0,0.0,0,0
2023-06-18,0.0,0.0,0,0
2023-06-19,0.0,0.0,0,0
2023-06-20,0.0,0.0,0,0
2023-06-21,0.0,0.0,0,0
2023-06-22,0.0,0.0,0,0
2023-06-23,0.0,0.0,0,0
2023-06-24,0.0,0.0,0,0
2023-06-25,0.0,0.0,0,0
2023-06-26,0.0,0.0,0,0
2023-06-27,0.0,0.0,0,0
2023-06-28,0.0,0.0,0,0
2023-06-29,0.0,0.0,0,0
2023-06-30,0.0,0.0,0,0
2023-07-01,0.0,0.0,0,0
2023-07-02,0.0,0.0,0,0
2023-07-03,0.0,0.0,0,0
2023-07-04,0.0,0.0,0,0
2023-07-05,0.0,0.0,0,0
2023-07-06,0.0,0.0,0,0
2023-07-07,0.0,0.0,0,0
2023-07-08,0.0,0.0,0,0
2023-07-09,0.0,0.0,0,0
2023-07-10,0.0,0.0,0,0
2023-07-11,0.0,0.0,0,0
2023-07-12,0.0,0.0,0,0
2023-07-13,0.0,0.0,0,0
2023-07-14,0.0,0.0,0,0
2023-07-15,0.0,0.0,0,0
2023-07-16,0.0,0.0,0,0
2023-07-17,0.0,0.0,0,0
2023-07-18,0.0,0.0,0,0
2023-07-19,0.0,0.0,0,0
2023-07-20,0.0,0.0,0,0
2023-07-21,0.0,0.0,0,0
2023-07-22,0.0,0.0,0,0
2023-07-23,0.0,0.0,0,0
2023-07-24,0.0,0.0,0,0
2023-07-25,0.0,0.0,0,0
2023-07-26,0.0,0.0,0,0
2023-07-27,0.0,0.0,0,0
2023-07-28,0.0,0.0,0,0
2023-07-29,0.0,0.0,0,0
2023-07-30,0.0,0.0,0,0
2023-07-31,0.0,0.0,0,0
2023-08-01,0.0,0.0,0,0
2023-08-02,0.0,0.0,0,0
2023-08-03,0.0,0.0,0,0
2023-08-04,0.0,0.0,0,0
2023-08-05,0.0,0.0,0,0
2023-08-06,0.0,0.0,0,0
2023-08-07,0.0,0.0,0,0
2023-08-08,0.0,0.0,0,0
2023-08-09,0.0,0.0,0,0
2023-08-10,0.0,0.0,0,0
2023-08-11,0.0,0.0,0,0
2023-08-12,0.0,0.0,0,0
2023-08-13,0.0,0.0,0,0
2023-08-14,0.0,0.0,0,0
2023-08-15,0.0,0.0,0,0
2023-08-16,0.0,0.0,0,0
2023-08-17,0.0,0.0,0,0
2023-08-18,0.0,0.0,0,0
2023-08-19,0.0,0.0,0,0
2023-08-20,0.0,0.0,0,0
2023-08-21,0.0,0.0,0,0
2023-08-22,0.0,0.0,0,0
2023-08-23,0.0,0.0,0,0
2023-08-24,0.0,0.0,0,0
2023-08-25,0.0,0.0,0,0
2023-08-26,0.0,0.0,0,0
2023-08-27,0.0,0.0,0,0
2023-08-28,0.0,0.0,0,0
2023-08-29,0.0,0.0,0,0
2023-08-30,0.0,0.0,0,0
2023-08-31,0.0,0.0,0,0
2023-09-01,0.0,0.0,0,0
2023-09-02,0.0,0.0,0,0
2023-09-03,0.0,0.0,0,0
2023-09-04,0.0,0.0,0,0
2023-09-05,0.0,0.0,0,0
2023-09-06,0.0,0.0,0,0
2023-09-07,0.0,0.0,0,0
2023-09-08,0.0,0.0,0,0
2023-09-09,0.0,0.0,0,0
2023-09-10,0.0,0.0,0,0
2023-09-11,0.0,0.0,0,0
2023-09-12,0.0,0.0,0,0
2023-09-13,0.0,0.0,0,0
2023-09-14,0.0,0.0,0,0
2023-09-15,0.0,0.0,0,0
2023-09-16,0.0,0.0,0,0
2023-09-17,0.0,0.0,0,0
2023-09-18,0.0,0.0,0,0
2023-09-19,0.0,0.0,0,0
2023-09-20,0.0,0.0,0,0
2023-09-21,0.0,0.0,0,0
2023-09-22,0.0,0.0,0,0
2023-09-23,0.0,0.0,0,0
2023-09-24,0.0,0.0,0,0
2023-09-25,0.0,0.0,0,0
2023-09-26,0.0,0.0,0,0
2023-09-27,0.0,0.0,0,0
2023-09-28,0.0,0.0,0,0
2023-09-29,0.0,0.0,0,0
2023-09-30,0.0,0.0,0,0
2023-10-01,0.0,0.0,0,0
2023-10-02,0.0,0.0,0,0
2023-10-03,0.0,0.0,0,0
2023-10-04,0.0,0.0,0,0
2023-10-05,0.0,0.0,0,0
2023-10-06,0.0,0.0,0,0
2023-10-07,0.0,0.0,0,0
2023-10-08,0.0,0.0,0,0
2023-10-09,0.0,0.0,0,0
2023-10-10,0.0,0.0,0,0
2023-10-11,0.0,0.0,0,0
2023-10-12,0.0,0.0,0,0
2023-10-13,0.0,0.0,0,0
2023-10-14,0.0,0.0,0,0
2023-10-15,0.0,0.0,0,0
2023-10-16,0.0,0.0,0,0
2023-10-17,0.0,0.0,0,0
2023-10-18,0.0,0.0,0,0
2023-10-19,0.0,0.0,0,0
2023-10-20,0.0,0.0,0,0
2023-10-21,0.0,0.0,0,0
2023-10-22,0.0,0.0,0,0
2023-10-23,0.0,0.0,0,0
2023-10-24,0.0,0.0,0,0
2023-10-25,0.0,0.0,0,0
2023-10-26,0.0,0.0,0,0
2023-10-27,0.0,0.0,0,0
2023-10-28,0.0,0.0,0,0
2023-10-29,0.0,0.0,0,0
2023-10-30,0.0,0.0,0,0
2023-10-31,0.0,0.0,0,0
2023-11-01,0.0,0.0,0,0
2023-11-02,0.0,0.0,0,0
2023-11-03,0.0,0.0,0,0
2023-11-04,0.0,0.0,0,0
2023-11-05,0.0,0.0,0,0
2023-11-06,0.0,0.0,0,0
2023-11-07,0.0,0.0,0,0
2023-11-08,0.0,0.0,0,0
2023-11-09,0.0,0.0,0,0
2023-11-10,0.0,0.0,0,0
2023-11-11,0.0,0.0,0,0
2023-11-12,0.0,0.0,0,0
2023-11-13,0.0,0.0,0,0
2023-11-14,0.0,0.0,0,0
2023-11-15,0.0,0.0,0,0
2023-11-16,0.0,0.0,0,0
2023-11-17,0.0,0.0,0,0
2023-11-18,0.0,0.0,0,0
2023-11-19,0.0,0.0,0,0
2023-11-20,0.0,0.0,0,0
2023-11-21,0.0,0.0,0,0
2023-11-22,0.0,0.0,0,0
2023-11-23,0.0,0.0,0,0
2023-11-24,0.0,0.0,0,0
2023-11-25,0.0,0.0,0,0
2023-11-26,0.0,0.0,0,0
2023-11-27,0.0,0.0,0,0
2023-11-28,0.0,0.0,0,0
2023-11-29,0.0,0.0,0,0
2023-11-30,0.0,0.0,0,0
2023-12-01,0.0,0.0,0,0
2023-12-02,0.0,0.0,0,0
2023-12-03,0.0,0.0,0,0
2023-12-04,0.0,0.0,0,0
2023-12-05,0.0,0.0,0,0
2023-12-06,0.0,0.0,0,0
2023-12-07,0.0,0.0,0,0
2023-12-08,0.0,0.0,0,0
2023-12-09,0.0,0.0,0,0
2023-12-10,0.0,0.0,0,0
2023-12-11,0.0,0.0,0,0
2023-12-12,0.0,0.0,0,0
2023-12-13,0.0,0.0,0,0
2023-12-14,0.0,0.0,0,0
2023-12-15,0.0,0.0,0,0
2023-12-16,0.0,0.0,0,0
2023-12-17,0.0,0.0,0,0
2023-12-18,0.0,0.0,0,0
2023-12-19,0.0,0.0,0,0
2023-12-20,0.0,0.0,0,0
2023-12-21,0.0,0.0,0,0
2023-12-22,0.0,0.0,0,0
2023-12-23,0.0,0.0,0,0
2023-12-24,0.0,0.0,0,0
2023-12-25,0.0,0.0,0,0
2023-12-26,0.0,0.0,0,0
2023-12-27,0.0,0.0,0,0
2023-12-28,0.0,0.0,0,0
2023-12-29,0.0,0.0,0,0
2023-12-30,0.0,0.0,0,0
2023-12-31,0.0,0.0,0,0
2024-01-01,0.0,0.0,0,0
2024-01-02,0.0,0.0,0,0
2024-01-03,0.0,0.0,0,0
2024-01-04,0.0,0.0,0,0
2024-01-05,0.0,0.0,0,0
2024-01-06,0.0,0.0,0,0
2024-01-07,0.0,0.0,0,0
2024-01-08,0.0,0.0,0,0
2024-01-09,0.0,0.0,0,0
2024-01-10,0.0,0.0,0,0
2024-01-11,0.0,0.0,0,0
2024-01-12,0.0,0.0,0,0
2024-01-13,0.0,0.0,0,0
2024-01-14,0.0,0.0,0,0
2024-01-15,0.0,0.0,0,0
2024-01-16,0.0,0.0,0,0
2024-01-17,0.0,0.0,0,0
2024-01-18,0.0,0.0,0,0
2024-01-19,0.0,0.0,0,0
2024-01-20,0.0,0.0,0,0
2024-01-21,0.0,0.0,0,0
2024-01-22,0.0,0.0,0,0
2024-01-23,0.0,0.0,0,0
2024-01-24,0.0,0.0,0,0
2024-01-25,0.0,0.0,0,0
2024-01-26,0.0,0.0,0,0
2024-01-27,0.0,0.0,0,0
2024-01-28,0.0,0.0,0,0
2024-01-29,0.0,0.0,0,0
2024-01-30,0.0,0.0,0,0
2024-01-31,0.0,0.0,0,0
2024-02-01,0.0,0.0,0,0
2024-02-02,0.0,0.0,0,0
2024-02-03,0.0,0.0,0,0
2024-02-04,0.0,0.0,0,0
2024-02-05,0.0,0.0,0,0
2024-02-06,0.0,0.0,0,0
2024-02-07,0.0,0.0,0,0
2024-02-08,0.0,0.0,0,0
2024-02-09,0.0,0.0,0,0
2024-02-10,0.0,0.0,0,0
2024-02-11,0.0,0.0,0,0
2024-02-12,0.0,0.0,0,0
2024-02-13,0.0,0.0,0,0
2024-02-14,0.0,0.0,0,0
2024-02-15,0.0,0.0,0,0
2024-02-16,0.0,0.0,0,0
2024-02-17,0.0,0.0,0,0
2024-02-18,0.0,0.0,0,0
2024-02-19,0.0,0.0,0,0
2024-02-20,0.0,0.0,0,0
2024-02-21,0.0,0.0,0,0
2024-02-22,0.0,0.0,0,0
2024-02-23,0.0,0.0,0,0
2024-02-24,0.0,0.0,0,0
2024-02-25,0.0,0.0,0,0
2024-02-26,0.0,0.0,0,0
2024-02-27,0.0,0.0,0,0
2024-02-28,0.0,0.0,0,0
2024-02-29,0.0,0.0,0,0
2024-03-01,0.0,0.0,0,0
2024-03-02,0.0,0.0,0,0
2024-03-03,0.0,0.0,0,0
2024-03-04,0.0,0.0,0,0
2024-03-05,0.0,0.0,0,0
2024-03-06,0.0,0.0,0,0
2024-03-07,0.0,0.0,0,0
2024-03-08,0.0,0.0,0,0
2024-03-09,0.0,0.0,0,0
2024-03-10,0.0,0.0,0,0
2024-03-11,0.0,0.0,0,0
2024-03-12,0.0,0.0,0,0
2024-03-13,0.0,0.0,0,0
2024-03-14,0.0,0.0,0,0
2024-03-15,0.0,0.0,0,0
2024-03-16,0.0,0.0,0,0
2024-03-17,0.0,0.0,0,0
2024-03-18,0.0,0.0,0,0
2024-03-19,0.0,0.0,0,0
2024-03-20,0.0,0.0,0,0
2024-03-21,0.0,0.0,0,0
2024-03-22,0.0,0.0,0,0
2024-03-23,0.0,0.0,0,0
2024-03-24,0.0,0.0,0,0
2024-03-25,0.0,0.0,0,0
2024-03-26,0.0,0.0,0,0
2024-03-27,0.0,0.0,0,0
2024-03-28,0.0,0.0,0,0
2024-03-29,0.0,0.0,0,0
2024-03-30,0.0,0.0,0,0
2024-03-31,0.0,0.0,0,0
2024-04-01,0.0,0.0,0,0
2024-04-02,0.0,0.0,0,0
2024-04-03,0.0,0.0,0,0
2024-04-04,0.0,0.0,0,0
2024-04-05,0.0,0.0,0,0
2024-04-06,0.0,0.0,0,0
2024-04-07,0.0,0.0,0,0
2024-04-08,0.0,0.0,0,0
2024-04-09,0.0,0.0,0,0
2024-04-10,0.0,0.0,0,0
2024-04-11,0.0,0.0,0,0
2024-04-12,0.0,0.0,0,0
2024-04-13,0.0,0.0,0,0
2024-04-14,0.0,0.0,0,0
2024-04-15,0.0,0.0,0,0
2024-04-16,0.0,0.0,0,0
2024-04-17,0.0,0.0,0,0
2024-04-18,0.0,0.0,0,0
2024-04-19,0.0,0.0,0,0
2024-04-20,0.0,0.0,0,0
2024-04-21,0.0,0.0,0,0
2024-04-22,0.0,0.0,0,0
2024-04-23,0.0,0.0,0,0
2024-04-24,0.0,0.0,0,0
2024-04-25,0.0,0.0,0,0
2024-04-26,0.0,0.0,0,0
2024-04-27,0.0,0.0,0,0
2024-04-28,0.0,0.0,0,0
2024-04-29,0.0,0.0,0,0
2024-04-30,0.0,0.0,0,0
2024-05-01,0.0,0.0,0,0
2024-05-02,0.0,0.0,0,0
2024-05-03,0.0,0.0,0,0
2024-05-04,0.0,0.0,0,0
2024-05-05,0.0,0.0,0,0
2024-05-06,0.0,0.0,0,0
2024-05-07,0.0,0.0,0,0
2024-05-08,0.0,0.0,0,0
2024-05-09,0.0,0.0,0,0
2024-05-10,0.0,0.0,0,0
2024-05-11,0.0,0.0,0,0
2024-05-12,0.0,0.0,0,0
2024-05-13,0.0,0.0,0,0
2024-05-14,0.0,0.0,0,0
2024-05-15,0.0,0.0,0,0
2024-05-16,0.0,0.0,0,0
2024-05-17,0.0,0.0,0,0
2024-05-18,0.0,0.0,0,0
2024-05-19,0.0,0.0,0,0
2024-05-20,0.0,0.0,0,0
2024-05-21,0.0,0.0,0,0
2024-05-22,0.0,0.0,0,0
2024-05-23,0.0,0.0,0,0
2024-05-24,0.0,0.0,0,0
2024-05-25,0.0,0.0,0,0
2024-05-26,0.0,0.0,0,0
2024-05-27,0.0,0.0,0,0
2024-05-28,0.0,0.0,0,0
2024-05-29,0.0,0.0,0,0
2024-05-30,0.0,0.0,0,0
2024-05-31,0.0,0.0,0,0
2024-06-01,0.0,0.0,0,0
2024-06-02,0.0,0.0,0,0
2024-06-03,0.0,0.0,0,0
2024-06-04,0.0,0.0,0,0
2024-06-05,0.0,0.0,0,0
2024-06-06,0.0,0.0,0,0
2024-06-07,0.0,0.0,0,0
2024-06-08,0.0,0.0,0,0
2024-06-09,0.0,0.0,0,0
2024-06-10,0.0,0.0,0,0
2024-06-11,0.0,0.0,0,0
2024-06-12,0.0,0.0,0,0
2024-06-13,0.0,0.0,0,0
2024-06-14,0.0,0.0,0,0
2024-06-15,0.0,0.0,0,0
2024-06-16,0.0,0.0,0,0
2024-06-17,0.0,0.0,0,0
2024-06-18,0.0,0.0,0,0
2024-06-19,0.0,0.0,0,0
2024-06-20,0.0,0.0,0,0
2024-06-21,0.0,0.0,0,0
2024-06-22,0.0,0.0,0,0
2024-06-23,0.0,0.0,0,0
2024-06-24,0.0,0.0,0,0
2024-06-25,0.0,0.0,0,0
2024-06-26,0.0,0.0,0,0
2024-06-27,0.0,0.0,0,0
2024-06-28,0.0,0.0,0,0
2024-06-29,0.0,0.0,0,0
2024-06-30,0.0,0.0,0,0
2024-07-01,0.0,0.0,0,0
2024-07-02,0.0,0.0,0,0
2024-07-03,0.0,0.0,0,0
2024-07-04,0.0,0.0,0,0
2024-07-05,0.0,0.0,0,0
2024-07-06,0.0,0.0,0,0
2024-07-07,0.0,0.0,0,0
2024-07-08,0.0,0.0,0,0
2024-07-09,0.0,0.0,0,0
2024-07-10,0.0,0.0,0,0
2024-07-11,0.0,0.0,0,0
2024-07-12,0.0,0.0,0,0
2024-07-13,0.0,0.0,0,0
2024-07-14,0.0,0.0,0,0
2024-07-15,0.0,0.0,0,0
2024-07-16,0.0,0.0,0,0
2024-07-17,0.0,0.0,0,0
2024-07-18,0.0,0.0,0,0
2024-07-19,0.0,0.0,0,0
2024-07-20,0.0,0.0,0,0
2024-07-21,0.0,0.0,0,0
2024-07-22,0.0,0.0,0,0
2024-07-23,0.0,0.0,0,0
2024-07-24,0.0,0.0,0,0
2024-07-25,0.0,0.0,0,0
2024-07-26,0.0,0.0,0,0
2024-07-27,0.0,0.0,0,0
2024-07-28,0.0,0.0,0,0
2024-07-29,0.0,0.0,0,0
2024-07-30,0.0,0.0,0,0
2024-07-31,0.0,0.0,0,0
2024-08-01,0.0,0.0,0,0
2024-08-02,0.0,0.0,0,0
2024-08-03,0.0,0.0,0,0
2024-08-04,0.0,0.0,0,0
2024-08-05,0.0,0.0,0,0
2024-08-06,0.0,0.0,0,0
2024-08-07,0.0,0.0,0,0
2024-08-08,0.0,0.0,0,0
2024-08-09,0.0,0.0,0,0
2024-08-10,0.0,0.0,0,0
2024-08-11,0.0,0.0,0,0
2024-08-12,0.0,0.0,0,0
2024-08-13,0.0,0.0,0,0
2024-08-14,0.0,0.0,0,0
2024-08-15,0.0,0.0,0,0
2024-08-16,0.0,0.0,0,0
2024-08-17,0.0,0.0,0,0
2024-08-18,0.0,0.0,0,0
2024-08-19,0.0,0.0,0,0
2024-08-20,0.0,0.0,0,0
2024-08-21,0.0,0.0,0,0
2024-08-22,0.0,0.0,0,0
2024-08-23,0.0,0.0,0,0
2024-08-24,0.0,0.0,0,0
2024-08-25,0.0,0.0,0,0
2024-08-26,0.0,0.0,0,0
2024-08-27,0.0,0.0,0,0
2024-08-28,0.0,0.0,0,0
2024-08-29,0.0,0.0,0,0
2024-08-30,0.0,0.0,0,0
2024-08-31,0.0,0.0,0,0
2024-09-01,0.0,0.0,0,0
2024-09-02,0.0,0.0,0,0
2024-09-03,0.0,0.0,0,0
2024-09-04,0.0,0.0,0,0
2024-09-05,0.0,0.0,0,0
2024-09-06,0.0,0.0,0,0
2024-09-07,0.0,0.0,0,0
2024-09-08,0.0,0.0,0,0
2024-09-09,0.0,0.0,0,0
2024-09-10,0.0,0.0,0,0
2024-09-11,0.0,0.0,0,0
2024-09-12,0.0,0.0,0,0
2024-09-13,0.0,0.0,0,0
2024-09-14,0.0,0.0,0,0
2024-09-15,0.0,0.0,0,0
2024-09-16,0.0,0.0,0,0
2024-09-17,0.0,0.0,0,0
2024-09-18,0.0,0.0,0,0
2024-09-19,0.0,0.0,0,0
2024-09-20,0.0,0.0,0,0
2024-09-21,0.0,0.0,0,0
2024-09-22,0.0,0.0,0,0
2024-09-23,0.0,0.0,0,0
2024-09-24,0.0,0.0,0,0
2024-09-25,0.0,0.0,0,0
2024-09-26,0.0,0.0,0,0
2024-09-27,0.0,0.0,0,0
2024-09-28,0.0,0.0,0,0
2024-09-29,0.0,0.0,0,0
2024-09-30,0.0,0.0,0,0
2024-10-01,0.0,0.0,0,0
2024-10-02,0.0,0.0,0,0
2024-10-03,0.0,0.0,0,0
2024-10-04,0.0,0.0,0,0
2024-10-05,0.0,0.0,0,0
2024-10-06,0.0,0.0,0,0
2024-10-07,0.0,0.0,0,0
2024-10-08,0.0,0.0,0,0
2024-10-09,0.0,0.0,0,0
2024-10-10,0.0,0.0,0,0
2024-10-11,0.0,0.0,0,0
2024-10-12,0.0,0.0,0,0
2024-10-13,0.0,0.0,0,0
2024-10-14,0.0,0.0,0,0
2024-10-15,0.0,0.0,0,0
2024-10-16,0.0,0.0,0,0
2024-10-17,0.0,0.0,0,0
2024-10-18,0.0,0.0,0,0
2024-10-19,0.0,0.0,0,0
2024-10-20,0.0,0.0,0,0
2024-10-21,0.0,0.0,0,0
2024-10-22,0.0,0.0,0,0
2024-10-23,0.0,0.0,0,0
2024-10-24,0.0,0.0,0,0
2024-10-25,0.0,0.0,0,0
2024-10-26,0.0,0.0,0,0
2024-10-27,0.0,0.0,0,0
2024-10-28,0.0,0.0,0,0
2024-10-29,0.0,0.0,0,0
2024-10-30,0.0,0.0,0,0
2024-10-31,0.0,0.0,0,0
2024-11-01,0.0,0.0,0,0
2024-11-02,0.0,0.0,0,0
2024-11-03,0.0,0.0,0,0
2024-11-04,0.0,0.0,0,0
2024-11-05,0.0,0.0,0,0
2024-11-06,0.0,0.0,0,0
2024-11-07,0.0,0.0,0,0
2024-11-08,0.0,0.0,0,0
2024-11-09,0.0,0.0,0,0
2024-11-10,0.0,0.0,0,0
2024-11-11,0.0,0.0,0,0
2024-11-12,0.0,0.0,0,0
2024-11-13,0.0,0.0,0,0
2024-11-14,0.0,0.0,0,0
2024-11-15,0.0,0.0,0,0
2024-11-16,0.0,0.0,0,0
2024-11-17,0.0,0.0,0,0
2024-11-18,0.0,0.0,0,0
2024-11-19,0.0,0.0,0,0
2024-11-20,0.0,0.0,0,0
2024-11-21,0.0,0.0,0,0
2024-11-22,0.0,0.0,0,0
2024-11-23,0.0,0.0,0,0
2024-11-24,0.0,0.0,0,0
2024-11-25,0.0,0.0,0,0
2024-11-26,0.0,0.0,0,0
2024-11-27,0.0,0.0,0,0
2024-11-28,0.0,0.0,0,0
2024-11-29,0.0,0.0,0,0
2024-11-30,0.0,0.0,0,0
2024-12-01,0.0,0.0,0,0
2024-12-02,0.0,0.0,0,0
2024-12-03,0.0,0.0,0,0
2024-12-04,0.0,0.0,0,0
2024-12-05,0.0,0.0,0,0
2024-12-06,0.0,0.0,0,0
2024-12-07,0.0,0.0,0,0
2024-12-08,0.0,0.0,0,0
2024-12-09,0.0,0.0,0,0
2024-12-10,0.0,0.0,0,0
2024-12-11,0.0,0.0,0,0
2024-12-12,0.0,0.0,0,0
2024-12-13,0.0,0.0,0,0
2024-12-14,0.0,0.0,0,0
2024-12-15,0.0,0.0,0,0
2024-12-16,0.0,0.0,0,0
2024-12-17,0.0,0.0,0,0
2024-12-18,0.0,0.0,0,0
2024-12-19,0.0,0.0,0,0
2024-12-20,0.0,0.0,0,0
2024-12-21,0.0,0.0,0,0
2024-12-22,0.0,0.0,0,0
2024-12-23,0.0,0.0,0,0
2024-12-24,0.0,0.0,0,0
2024-12-25,0.0,0.0,0,0
2024-12-26,0.0,0.0,0,0
2024-12-27,0.0,0.0,0,0
2024-12-28,0.0,0.0,0,0
2024-12-29,0.0,0.0,0,0
2024-12-30,0.0,0.0,0,0
2024-12-31,0.0,0.0,0,0
2025-01-01,0.0,0.0,0,0
2025-01-02,0.0,0.0,0,0
2025-01-03,0.0,0.0,0,0
2025-01-04,0.0,0.0,0,0
2025-01-05,0.0,0.0,0,0
2025-01-06,0.0,0.0,0,0
2025-01-07,0.0,0.0,0,0
2025-01-08,0.0,0.0,0,0
2025-01-09,0.0,0.0,0,0
2025-01-10,0.0,0.0,0,0
2025-01-11,0.0,0.0,0,0
2025-01-12,0.0,0.0,0,0
2025-01-13,0.0,0.0,0,0
2025-01-14,0.0,0.0,0,0
2025-01-15,0.0,0.0,0,0
2025-01-16,0.0,0.0,0,0
2025-01-17,0.0,0.0,0,0
2025-01-18,0.0,0.0,0,0
2025-01-19,0.0,0.0,0,0
2025-01-20,0.0,0.0,0,0
2025-01-21,0.0,0.0,0,0
2025-01-22,0.0,0.0,0,0
2025-01-23,0.0,0.0,0,0
2025-01-24,0.0,0.0,0,0
2025-01-25,0.0,0.0,0,0
2025-01-26,0.0,0.0,0,0
2025-01-27,0.0,0.0,0,0
2025-01-28,0.0,0.0,0,0
2025-01-29,0.0,0.0,0,0
2025-01-30,0.0,0.0,0,0
2025-01-31,0.0,0.0,0,0
2025-02-01,0.0,0.0,0,0
2025-02-02,0.0,0.0,0,0
2025-02-03,0.0,0.0,0,0
2025-02-04,0.0,0.0,0,0
2025-02-05,0.0,0.0,0,0
2025-02-06,0.0,0.0,0,0
2025-02-07,0.0,0.0,0,0
2025-02-08,0.0,0.0,0,0
2025-02-09,0.0,0.0,0,0
2025-02-10,0.0,0.0,0,0
2025-02-11,0.0,0.0,0,0
2025-02-12,0.0,0.0,0,0
2025-02-13,0.0,0.0,0,0
2025-02-14,0.0,0.0,0,0
2025-02-15,0.0,0.0,0,0
2025-02-16,0.0,0.0,0,0
2025-02-17,0.0,0.0,0,0
