Date,Midnight population,24-hour population,Midnight population count,24-hour population count
2008-10-01,-1.0,-1.0,0,0
2008-10-02,-1.0,-1.0,0,0
2008-10-03,-1.0,-1.0,0,0
2008-10-04,-1.0,-1.0,0,0
2008-10-05,-1.0,-1.0,0,0
2008-10-06,-1.0,-1.0,0,0
2008-10-07,-1.0,-1.0,0,0
2008-10-08,-1.0,-1.0,0,0
2008-10-09,-1.0,-1.0,0,0
2008-10-10,-1.0,-1.0,0,0
2008-10-11,-1.0,-1.0,0,0
2008-10-12,-1.0,-1.0,0,0
2008-10-13,-1.0,-1.0,0,0
2008-10-14,-1.0,-1.0,0,0
2008-10-15,-1.0,-1.0,0,0
2008-10-16,-1.0,-1.0,0,0
2008-10-17,-1.0,-1.0,0,0
2008-10-18,-1.0,-1.0,0,0
2008-10-19,-1.0,-1.0,0,0
2008-10-20,-1.0,-1.0,0,0
2008-10-21,-1.0,-1.0,0,0
2008-10-22,-1.0,-1.0,0,0
2008-10-23,-1.0,-1.0,0,0
2008-10-24,-1.0,-1.0,0,0
2008-10-25,-1.0,-1.0,0,0
2008-10-26,-1.0,-1.0,0,0
2008-10-27,-1.0,-1.0,0,0
2008-10-28,-1.0,-1.0,0,0
2008-10-29,-1.0,-1.0,0,0
2008-10-30,0.0,0.0,0,0
2008-10-31,0.0,0.0,0,0
2008-11-01,0.0,0.0,0,0
2008-11-02,0.0,0.0,0,0
2008-11-03,0.0,0.0,0,0
2008-11-04,0.0,0.0,0,0
2008-11-05,0.0,0.0,0,0
2008-11-06,0.0,0.0,0,0
2008-11-07,0.0,0.0,0,0
2008-11-08,0.0,0.0,0,0
2008-11-09,0.0,0.0,0,0
2008-11-10,0.0,0.0,0,0
2008-11-11,0.0,0.0,0,0
2008-11-12,0.0,0.0,0,0
2008-11-13,0.0,0.0,0,0
2008-11-14,0.0,0.0,0,0
2008-11-15,0.0,0.0,0,0
2008-11-16,0.0,0.0,0,0
2008-11-17,0.0,0.0,0,0
2008-11-18,0.0,0.0,0,0
2008-11-19,0.0,0.0,0,0
2008-11-20,0.0,0.0,0,0
2008-11-21,0.0,0.0,0,0
2008-11-22,0.0,0.0,0,0
2008-11-23,0.0,0.0,0,0
2008-11-24,0.0,0.0,0,0
2008-11-25,0.0,0.0,0,0
2008-11-26,0.0,0.0,0,0
2008-11-27,0.0,0.0,0,0
2008-11-28,0.0,0.0,0,0
2008-11-29,0.0,0.0,0,0
2008-11-30,0.0,0.0,0,0
2008-12-01,0.0,0.0,0,0
2008-12-02,0.0,0.0,0,0
2008-12-03,0.0,0.0,0,0
2008-12-04,0.0,0.0,0,0
2008-12-05,0.0,0.0,0,0
2008-12-06,0.0,0.0,0,0
2008-12-07,0.0,0.0,0,0
2008-12-08,0.0,0.0,0,0
2008-12-09,0.0,0.0,0,0
2008-12-10,0.0,0.0,0,0
2008-12-11,0.0,0.0,0,0
2008-12-12,0.0,0.0,0,0
2008-12-13,0.0,0.0,0,0
2008-12-14,0.0,0.0,0,0
2008-12-15,0.0,0.0,0,0
2008-12-16,0.0,0.0,0,0
2008-12-17,0.0,0.0,0,0
2008-12-18,0.0,0.0,0,0
2008-12-19,0.0,0.0,0,0
2008-12-20,0.0,0.0,0,0
2008-12-21,0.0,0.0,0,0
2008-12-22,0.0,0.0,0,0
2008-12-23,0.0,0.0,0,0
2008-12-24,0.0,0.0,0,0
2008-12-25,0.0,0.0,0,0
2008-12-26,0.0,0.0,0,0
2008-12-27,0.0,0.0,0,0
2008-12-28,0.0,0.0,0,0
2008-12-29,0.0,0.0,0,0
2008-12-30,0.0,0.0,0,0
2008-12-31,0.0,0.0,0,0
2009-01-01,0.0,0.0,0,0
2009-01-02,0.0,0.0,0,0
2009-01-03,0.0,0.0,0,0
2009-01-04,0.0,0.0,0,0
2009-01-05,0.0,0.0,0,0
2009-01-06,0.0,0.0,0,0
2009-01-07,0.0,0.0,0,0
2009-01-08,0.0,0.0,0,0
2009-01-09,0.0,0.0,0,0
2009-01-10,0.0,0.0,0,0
2009-01-11,0.0,0.0,0,0
2009-01-12,0.0,0.0,0,0
2009-01-13,0.0,0.0,0,0
2009-01-14,0.0,0.0,0,0
2009-01-15,0.0,0.0,0,0
2009-01-16,0.0,0.0,0,0
2009-01-17,0.0,0.0,0,0
2009-01-18,0.0,0.0,0,0
2009-01-19,0.0,0.0,0,0
2009-01-20,0.0,0.0,0,0
2009-01-21,0.0,0.0,0,0
2009-01-22,0.0,0.0,0,0
2009-01-23,0.0,0.0,0,0
2009-01-24,0.0,0.0,0,0
2009-01-25,0.0,0.0,0,0
2009-01-26,0.0,0.0,0,0
2009-01-27,0.0,0.0,0,0
2009-01-28,0.0,0.0,0,0
2009-01-29,0.0,0.0,0,0
2009-01-30,0.0,0.0,0,0
2009-01-31,0.0,0.0,0,0
2009-02-01,0.0,0.0,0,0
2009-02-02,0.0,0.0,0,0
2009-02-03,0.0,0.0,0,0
2009-02-04,0.0,0.0,0,0
2009-02-05,0.0,0.0,0,0
2009-02-06,0.0,0.0,0,0
2009-02-07,0.0,0.0,0,0
2009-02-08,0.0,0.0,0,0
2009-02-09,0.0,0.0,0,0
2009-02-10,0.0,0.0,0,0
2009-02-11,0.0,0.0,0,0
2009-02-12,0.0,0.0,0,0
2009-02-13,0.0,0.0,0,0
2009-02-14,0.0,0.0,0,0
2009-02-15,0.0,0.0,0,0
2009-02-16,0.0,0.0,0,0
2009-02-17,0.0,0.0,0,0
2009-02-18,0.0,0.0,0,0
2009-02-19,0.0,0.0,0,0
2009-02-20,0.0,0.0,0,0
2009-02-21,0.0,0.0,0,0
2009-02-22,0.0,0.0,0,0
2009-02-23,0.0,0.0,0,0
2009-02-24,0.0,0.0,0,0
2009-02-25,0.0,0.0,0,0
2009-02-26,0.0,0.0,0,0
2009-02-27,0.0,0.0,0,0
2009-02-28,0.0,0.0,0,0
2009-03-01,0.0,0.0,0,0
2009-03-02,0.0,0.0,0,0
2009-03-03,0.0,0.0,0,0
2009-03-04,0.0,0.0,0,0
2009-03-05,0.0,0.0,0,0
2009-03-06,0.0,0.0,0,0
2009-03-07,0.0,0.0,0,0
2009-03-08,0.0,0.0,0,0
2009-03-09,0.0,0.0,0,0
2009-03-10,0.0,0.0,0,0
2009-03-11,0.0,0.0,0,0
2009-03-12,0.0,0.0,0,0
2009-03-13,0.0,0.0,0,0
2009-03-14,0.0,0.0,0,0
2009-03-15,0.0,0.0,0,0
2009-03-16,0.0,0.0,0,0
2009-03-17,0.0,0.0,0,0
2009-03-18,0.0,0.0,0,0
2009-03-19,0.0,0.0,0,0
2009-03-20,0.0,0.0,0,0
2009-03-21,0.0,0.0,0,0
2009-03-22,0.0,0.0,0,0
2009-03-23,0.0,0.0,0,0
2009-03-24,0.0,0.0,0,0
2009-03-25,0.0,0.0,0,0
2009-03-26,0.0,0.0,0,0
2009-03-27,0.0,0.0,0,0
2009-03-28,0.0,0.0,0,0
2009-03-29,0.0,0.0,0,0
2009-03-30,0.0,0.0,0,0
2009-03-31,0.0,0.0,0,0
2009-04-01,0.0,0.0,0,0
2009-04-02,0.0,0.0,0,0
2009-04-03,0.0,0.0,0,0
2009-04-04,0.0,0.0,0,0
2009-04-05,0.0,0.0,0,0
2009-04-06,0.0,0.0,0,0
2009-04-07,0.0,0.0,0,0
2009-04-08,0.0,0.0,0,0
2009-04-09,0.0,0.0,0,0
2009-04-10,0.0,0.0,0,0
2009-04-11,0.0,0.0,0,0
2009-04-12,0.0,0.0,0,0
2009-04-13,0.0,0.0,0,0
2009-04-14,0.0,0.0,0,0
2009-04-15,0.0,0.0,0,0
2009-04-16,0.0,0.0,0,0
2009-04-17,0.0,0.0,0,0
2009-04-18,0.0,0.0,0,0
2009-04-19,0.0,0.0,0,0
2009-04-20,0.0,0.0,0,0
2009-04-21,0.0,0.0,0,0
2009-04-22,0.0,0.0,0,0
2009-04-23,0.0,0.0,0,0
2009-04-24,0.0,0.0,0,0
2009-04-25,0.0,0.0,0,0
2009-04-26,0.0,0.0,0,0
2009-04-27,0.0,0.0,0,0
2009-04-28,0.0,0.0,0,0
2009-04-29,0.0,0.0,0,0
2009-04-30,0.0,0.0,0,0
2009-05-01,0.0,0.0,0,0
2009-05-02,0.0,0.0,0,0
2009-05-03,0.0,0.0,0,0
2009-05-04,0.0,0.0,0,0
2009-05-05,0.0,0.0,0,0
2009-05-06,0.0,0.0,0,0
2009-05-07,0.0,0.0,0,0
2009-05-08,0.0,0.0,0,0
2009-05-09,0.0,0.0,0,0
2009-05-10,0.0,0.0,0,0
2009-05-11,0.0,0.0,0,0
2009-05-12,0.0,0.0,0,0
2009-05-13,0.0,0.0,0,0
2009-05-14,0.0,0.0,0,0
2009-05-15,0.0,0.0,0,0
2009-05-16,0.0,0.0,0,0
2009-05-17,0.0,0.0,0,0
2009-05-18,0.0,0.0,0,0
2009-05-19,0.0,0.0,0,0
2009-05-20,0.0,0.0,0,0
2009-05-21,0.0,0.0,0,0
2009-05-22,0.0,0.0,0,0
2009-05-23,0.0,0.0,0,0
2009-05-24,0.0,0.0,0,0
2009-05-25,0.0,0.0,0,0
2009-05-26,0.0,0.0,0,0
2009-05-27,0.0,0.0,0,0
2009-05-28,0.0,0.0,0,0
2009-05-29,0.0,0.0,0,0
2009-05-30,0.0,0.0,0,0
2009-05-31,0.0,0.0,0,0
2009-06-01,0.0,0.0,0,0
2009-06-02,0.0,0.0,0,0
2009-06-03,0.0,0.0,0,0
2009-06-04,0.0,0.0,0,0
2009-06-05,0.0,0.0,0,0
2009-06-06,0.0,0.0,0,0
2009-06-07,0.0,0.0,0,0
2009-06-08,0.0,0.0,0,0
2009-06-09,0.0,0.0,0,0
2009-06-10,0.0,0.0,0,0
2009-06-11,0.0,0.0,0,0
2009-06-12,0.0,0.0,0,0
2009-06-13,0.0,0.0,0,0
2009-06-14,0.0,0.0,0,0
2009-06-15,0.0,0.0,0,0
2009-06-16,0.0,0.0,0,0
2009-06-17,0.0,0.0,0,0
2009-06-18,0.0,0.0,0,0
2009-06-19,0.0,0.0,0,0
2009-06-20,0.0,0.0,0,0
2009-06-21,0.0,0.0,0,0
2009-06-22,0.0,0.0,0,0
2009-06-23,0.0,0.0,0,0
2009-06-24,0.0,0.0,0,0
2009-06-25,0.0,0.0,0,0
2009-06-26,0.0,0.0,0,0
2009-06-27,0.0,0.0,0,0
2009-06-28,0.0,0.0,0,0
2009-06-29,0.0,0.0,0,0
2009-06-30,0.0,0.0,0,0
2009-07-01,0.0,0.0,0,0
2009-07-02,0.0,0.0,0,0
2009-07-03,0.0,0.0,0,0
2009-07-04,0.0,0.0,0,0
2009-07-05,0.0,0.0,0,0
2009-07-06,0.0,0.0,0,0
2009-07-07,0.0,0.0,0,0
2009-07-08,0.0,0.0,0,0
2009-07-09,0.0,0.0,0,0
2009-07-10,0.0,0.0,0,0
2009-07-11,0.0,0.0,0,0
2009-07-12,0.0,0.0,0,0
2009-07-13,0.0,0.0,0,0
2009-07-14,0.0,0.0,0,0
2009-07-15,0.0,0.0,0,0
2009-07-16,0.0,0.0,0,0
2009-07-17,0.0,0.0,0,0
2009-07-18,0.0,0.0,0,0
2009-07-19,0.0,0.0,0,0
2009-07-20,0.0,0.0,0,0
2009-07-21,0.0,0.0,0,0
2009-07-22,0.0,0.0,0,0
2009-07-23,0.0,0.0,0,0
2009-07-24,0.0,0.0,0,0
2009-07-25,0.0,0.0,0,0
2009-07-26,0.0,0.0,0,0
2009-07-27,0.0,0.0,0,0
2009-07-28,0.0,0.0,0,0
2009-07-29,0.0,0.0,0,0
2009-07-30,0.0,0.0,0,0
2009-07-31,0.0,0.0,0,0
2009-08-01,0.0,0.0,0,0
2009-08-02,0.0,0.0,0,0
2009-08-03,0.0,0.0,0,0
2009-08-04,0.0,0.0,0,0
2009-08-05,0.0,0.0,0,0
2009-08-06,0.0,0.0,0,0
2009-08-07,0.0,0.0,0,0
2009-08-08,0.0,0.0,0,0
2009-08-09,0.0,0.0,0,0
2009-08-10,0.0,0.0,0,0
2009-08-11,0.0,0.0,0,0
2009-08-12,0.0,0.0,0,0
2009-08-13,0.0,0.0,0,0
2009-08-14,0.0,0.0,0,0
2009-08-15,0.0,0.0,0,0
2009-08-16,0.0,0.0,0,0
2009-08-17,0.0,0.0,0,0
2009-08-18,0.0,0.0,0,0
2009-08-19,0.0,0.0,0,0
2009-08-20,0.0,0.0,0,0
2009-08-21,0.0,0.0,0,0
2009-08-22,0.0,0.0,0,0
2009-08-23,0.0,0.0,0,0
2009-08-24,0.0,0.0,0,0
2009-08-25,0.0,0.0,0,0
2009-08-26,0.0,0.0,0,0
2009-08-27,0.0,0.0,0,0
2009-08-28,0.0,0.0,0,0
2009-08-29,0.0,0.0,0,0
2009-08-30,0.0,0.0,0,0
2009-08-31,0.0,0.0,0,0
2009-09-01,0.0,0.0,0,0
2009-09-02,0.0,0.0,1,1
2009-09-03,0.0,0.0,40,40
2009-09-04,0.0,0.0,44,44
2009-09-05,0.0,0.0,44,44
2009-09-06,0.0,0.0,44,44
2009-09-07,0.0,0.0,45,45
2009-09-08,0.0,0.0,37,47
2009-09-09,0.0,0.0,48,48
2009-09-10,0.0,0.0,37,51
2009-09-11,0.0,0.0,49,49
2009-09-12,0.0,0.0,49,49
2009-09-13,0.0,0.0,49,49
2009-09-14,0.0,0.0,38,53
2009-09-15,0.0,0.0,43,44
2009-09-16,0.0,0.0,50,53
2009-09-17,0.0,0.0,42,56
2009-09-18,0.0,0.0,43,45
2009-09-19,0.0,0.0,43,43
2009-09-20,0.0,0.0,43,43
2009-09-21,0.0,0.0,37,46
2009-09-22,0.0,0.0,48,48
2009-09-23,0.0,0.0,42,56
2009-09-24,0.0,0.0,51,51
2009-09-25,0.0,0.0,35,51
2009-09-26,0.0,0.0,35,35
2009-09-27,0.0,0.0,35,35
2009-09-28,0.0,0.0,37,39
2009-09-29,0.0,0.0,42,45
2009-09-30,0.0,0.0,38,48
2009-10-01,42.0,46.0,86,87
2009-10-02,45.0,49.0,71,89
2009-10-03,46.0,50.0,71,71
2009-10-04,47.0,51.0,71,71
2009-10-05,48.0,52.0,80,82
2009-10-06,49.0,54.0,73,84
2009-10-07,50.0,55.0,86,87
2009-10-08,52.0,57.0,90,94
2009-10-09,53.0,59.0,85,107
2009-10-10,55.0,60.0,85,85
2009-10-11,56.0,61.0,85,85
2009-10-12,57.0,62.0,85,85
2009-10-13,59.0,64.0,94,95
2009-10-14,60.0,65.0,82,98
2009-10-15,62.0,67.0,93,93
2009-10-16,63.0,68.0,85,96
2009-10-17,65.0,69.0,85,85
2009-10-18,66.0,71.0,84,85
2009-10-19,67.0,72.0,88,90
2009-10-20,69.0,74.0,83,98
2009-10-21,70.0,76.0,89,90
2009-10-22,72.0,77.0,97,101
2009-10-23,73.0,79.0,70,99
2009-10-24,74.0,79.0,71,71
2009-10-25,75.0,80.0,71,71
2009-10-26,76.0,82.0,80,82
2009-10-27,79.0,84.0,109,113
2009-10-28,82.0,87.0,120,122
2009-10-29,86.0,91.0,174,175
2009-10-30,90.0,96.0,162,188
2009-10-31,93.0,98.0,162,162
2009-11-01,96.0,101.0,160,162
2009-11-02,99.0,104.0,168,170
2009-11-03,102.0,108.0,156,172
2009-11-04,104.0,110.0,159,159
2009-11-05,107.0,113.0,163,168
2009-11-06,110.0,116.0,158,168
2009-11-07,112.0,118.0,158,158
2009-11-08,114.0,119.0,158,158
2009-11-09,117.0,122.0,173,173
2009-11-10,120.0,126.0,154,185
2009-11-11,122.0,128.0,158,158
2009-11-12,125.0,131.0,168,169
2009-11-13,127.0,133.0,148,177
2009-11-14,129.0,135.0,148,148
2009-11-15,131.0,137.0,147,148
2009-11-16,133.0,139.0,156,160
2009-11-17,135.0,142.0,131,157
2009-11-18,136.0,144.0,144,146
2009-11-19,139.0,145.0,146,152
2009-11-20,140.0,147.0,124,152
2009-11-21,141.0,148.0,124,124
2009-11-22,142.0,149.0,125,125
2009-11-23,145.0,151.0,132,139
2009-11-24,146.0,154.0,109,135
2009-11-25,147.0,155.0,117,120
2009-11-26,147.0,155.0,119,119
2009-11-27,148.0,155.0,130,130
2009-11-28,146.0,154.0,130,130
2009-11-29,145.0,152.0,130,130
2009-11-30,144.0,151.0,127,138
2009-12-01,142.0,150.0,103,138
2009-12-02,140.0,148.0,103,107
2009-12-03,139.0,146.0,120,122
2009-12-04,138.0,146.0,129,143
2009-12-05,137.0,145.0,129,129
2009-12-06,136.0,143.0,129,129
2009-12-07,135.0,143.0,149,155
2009-12-08,135.0,143.0,151,165
2009-12-09,135.0,143.0,157,160
2009-12-10,135.0,142.0,157,161
2009-12-11,134.0,143.0,150,181
2009-12-12,134.0,142.0,150,150
2009-12-13,134.0,141.0,150,150
2009-12-14,134.0,142.0,158,165
2009-12-15,135.0,143.0,166,167
2009-12-16,134.0,143.0,140,170
2009-12-17,135.0,143.0,141,144
2009-12-18,134.0,143.0,139,149
2009-12-19,134.0,142.0,142,142
2009-12-20,135.0,142.0,142,142
2009-12-21,135.0,143.0,137,143
2009-12-22,136.0,143.0,132,143
2009-12-23,136.0,143.0,133,139
2009-12-24,136.0,143.0,133,134
2009-12-25,137.0,144.0,133,133
2009-12-26,137.0,144.0,133,133
2009-12-27,138.0,144.0,133,133
2009-12-28,138.0,144.0,135,139
2009-12-29,138.0,145.0,129,145
2009-12-30,138.0,145.0,139,151
2009-12-31,139.0,146.0,141,141
2010-01-01,141.0,147.0,141,141
2010-01-02,141.0,147.0,141,141
2010-01-03,142.0,147.0,141,141
2010-01-04,142.0,148.0,142,144
2010-01-05,143.0,148.0,141,151
2010-01-06,142.0,148.0,144,147
2010-01-07,142.0,148.0,148,148
2010-01-08,141.0,147.0,131,151
2010-01-09,141.0,146.0,131,131
2010-01-10,140.0,145.0,131,131
2010-01-11,139.0,144.0,134,136
2010-01-12,140.0,145.0,163,169
2010-01-13,140.0,145.0,163,168
2010-01-14,140.0,145.0,163,165
2010-01-15,140.0,145.0,157,168
2010-01-16,141.0,145.0,157,157
2010-01-17,145.0,149.0,253,253
2010-01-18,148.0,152.0,253,253
2010-01-19,152.0,156.0,252,265
2010-01-20,155.0,161.0,229,268
2010-01-21,159.0,164.0,232,233
2010-01-22,161.0,167.0,211,233
2010-01-23,164.0,169.0,211,211
2010-01-24,166.0,172.0,211,211
2010-01-25,169.0,175.0,210,213
2010-01-26,172.0,178.0,224,237
2010-01-27,175.0,181.0,232,237
2010-01-28,178.0,185.0,225,246
2010-01-29,181.0,187.0,221,232
2010-01-30,184.0,190.0,221,221
2010-01-31,186.0,193.0,221,221
2010-02-01,189.0,196.0,226,227
2010-02-02,192.0,199.0,213,236
2010-02-03,194.0,201.0,222,224
2010-02-04,197.0,205.0,226,260
2010-02-05,200.0,208.0,230,230
2010-02-06,203.0,211.0,230,230
2010-02-07,206.0,213.0,230,230
2010-02-08,209.0,217.0,232,235
2010-02-09,213.0,220.0,226,243
2010-02-10,215.0,224.0,201,232
2010-02-11,216.0,225.0,189,210
2010-02-12,217.0,226.0,195,197
2010-02-13,218.0,227.0,195,195
2010-02-14,219.0,228.0,195,195
2010-02-15,220.0,229.0,198,198
2010-02-16,218.0,228.0,177,209
2010-02-17,216.0,226.0,185,187
2010-02-18,213.0,223.0,173,199
2010-02-19,211.0,220.0,175,175
2010-02-20,209.0,218.0,175,175
2010-02-21,208.0,216.0,175,175
2010-02-22,207.0,215.0,175,183
2010-02-23,206.0,215.0,176,191
2010-02-24,205.0,214.0,178,180
2010-02-25,203.0,213.0,181,203
2010-02-26,202.0,211.0,188,189
2010-02-27,201.0,209.0,188,188
2010-02-28,199.0,208.0,188,188
2010-03-01,199.0,207.0,205,210
2010-03-02,198.0,208.0,204,250
2010-03-03,198.0,208.0,208,213
2010-03-04,197.0,207.0,187,213
2010-03-05,196.0,206.0,188,189
2010-03-06,194.0,203.0,188,188
2010-03-07,193.0,202.0,188,188
2010-03-08,192.0,201.0,186,189
2010-03-09,190.0,200.0,187,199
2010-03-10,188.0,198.0,178,191
2010-03-11,187.0,196.0,186,194
2010-03-12,187.0,195.0,189,189
2010-03-13,187.0,194.0,189,189
2010-03-14,186.0,194.0,189,189
2010-03-15,186.0,194.0,195,195
2010-03-16,186.0,194.0,169,202
2010-03-17,185.0,194.0,185,185
2010-03-18,185.0,194.0,185,210
2010-03-19,186.0,194.0,195,197
2010-03-20,186.0,194.0,195,195
2010-03-21,187.0,195.0,195,195
2010-03-22,188.0,196.0,198,199
2010-03-23,188.0,197.0,186,211
2010-03-24,189.0,197.0,189,190
2010-03-25,189.0,197.0,180,194
2010-03-26,189.0,197.0,180,180
2010-03-27,189.0,196.0,180,180
2010-03-28,189.0,196.0,180,180
2010-03-29,188.0,196.0,172,182
2010-03-30,188.0,196.0,188,197
2010-03-31,188.0,195.0,190,191
2010-04-01,187.0,194.0,186,206
2010-04-02,186.0,193.0,189,190
2010-04-03,186.0,192.0,189,189
2010-04-04,186.0,192.0,189,189
2010-04-05,187.0,193.0,194,196
2010-04-06,187.0,193.0,184,210
2010-04-07,187.0,194.0,211,211
2010-04-08,188.0,195.0,196,220
2010-04-09,188.0,195.0,193,197
2010-04-10,188.0,195.0,193,193
2010-04-11,189.0,195.0,193,193
2010-04-12,189.0,195.0,193,197
2010-04-13,189.0,196.0,193,206
2010-04-14,189.0,196.0,205,205
2010-04-15,190.0,197.0,199,223
2010-04-16,190.0,198.0,182,201
2010-04-17,190.0,197.0,182,182
2010-04-18,190.0,196.0,182,182
2010-04-19,189.0,196.0,179,186
2010-04-20,189.0,196.0,192,192
2010-04-21,189.0,196.0,190,208
2010-04-22,189.0,196.0,193,206
2010-04-23,188.0,196.0,154,199
2010-04-24,187.0,195.0,154,154
2010-04-25,186.0,194.0,154,154
2010-04-26,185.0,194.0,157,167
2010-04-27,184.0,193.0,159,167
2010-04-28,184.0,193.0,160,173
2010-04-29,183.0,192.0,160,162
2010-04-30,183.0,192.0,184,193
2010-05-01,183.0,191.0,184,184
2010-05-02,183.0,191.0,183,184
2010-05-03,182.0,191.0,183,187
2010-05-04,182.0,191.0,186,189
2010-05-05,182.0,191.0,181,199
2010-05-06,182.0,190.0,180,181
2010-05-07,181.0,189.0,172,189
2010-05-08,180.0,188.0,172,172
2010-05-09,179.0,187.0,172,172
2010-05-10,178.0,186.0,174,186
2010-05-11,178.0,186.0,179,179
2010-05-12,178.0,186.0,183,192
2010-05-13,177.0,185.0,182,190
2010-05-14,176.0,185.0,182,202
2010-05-15,176.0,184.0,182,182
2010-05-16,176.0,183.0,182,182
2010-05-17,176.0,183.0,181,188
2010-05-18,176.0,184.0,174,191
2010-05-19,175.0,184.0,167,186
2010-05-20,174.0,183.0,169,171
2010-05-21,174.0,182.0,164,179
2010-05-22,173.0,181.0,164,164
2010-05-23,173.0,179.0,164,164
2010-05-24,173.0,180.0,144,168
2010-05-25,172.0,180.0,143,148
2010-05-26,172.0,179.0,136,144
2010-05-27,171.0,178.0,143,143
2010-05-28,171.0,178.0,157,165
2010-05-29,171.0,178.0,157,157
2010-05-30,170.0,176.0,157,157
2010-05-31,169.0,176.0,161,161
2010-06-01,169.0,175.0,167,173
2010-06-02,168.0,175.0,153,170
2010-06-03,167.0,174.0,154,159
2010-06-04,166.0,174.0,180,191
2010-06-05,166.0,174.0,180,180
2010-06-06,167.0,173.0,180,180
2010-06-07,166.0,174.0,158,185
2010-06-08,166.0,173.0,165,166
2010-06-09,166.0,173.0,166,185
2010-06-10,165.0,173.0,165,171
2010-06-11,165.0,173.0,165,179
2010-06-12,164.0,172.0,165,165
2010-06-13,164.0,171.0,165,165
2010-06-14,163.0,170.0,167,169
2010-06-15,162.0,170.0,158,179
2010-06-16,161.0,170.0,156,175
2010-06-17,161.0,169.0,162,163
2010-06-18,161.0,169.0,177,197
2010-06-19,162.0,169.0,177,177
2010-06-20,162.0,169.0,177,177
2010-06-21,162.0,170.0,176,193
2010-06-22,163.0,171.0,182,188
2010-06-23,165.0,173.0,189,215
2010-06-24,166.0,174.0,189,192
2010-06-25,168.0,176.0,182,197
2010-06-26,169.0,177.0,182,182
2010-06-27,170.0,178.0,182,182
2010-06-28,171.0,179.0,187,196
2010-06-29,172.0,181.0,178,206
2010-06-30,172.0,182.0,172,198
2010-07-01,172.0,182.0,174,176
2010-07-02,173.0,183.0,193,216
2010-07-03,175.0,185.0,193,193
2010-07-04,175.0,185.0,193,193
2010-07-05,176.0,185.0,194,194
2010-07-06,176.0,186.0,199,202
2010-07-07,177.0,187.0,188,213
2010-07-08,178.0,188.0,191,192
2010-07-09,179.0,188.0,192,205
2010-07-10,180.0,189.0,192,192
2010-07-11,181.0,189.0,192,192
2010-07-12,181.0,191.0,175,198
2010-07-13,181.0,191.0,164,184
2010-07-14,182.0,192.0,183,197
2010-07-15,183.0,192.0,185,187
2010-07-16,183.0,193.0,160,198
2010-07-17,183.0,193.0,160,160
2010-07-18,182.0,192.0,160,160
2010-07-19,182.0,192.0,162,170
2010-07-20,181.0,191.0,170,170
2010-07-21,181.0,191.0,164,178
2010-07-22,180.0,190.0,153,169
2010-07-23,179.0,189.0,154,165
2010-07-24,178.0,187.0,154,154
2010-07-25,177.0,186.0,154,154
2010-07-26,176.0,185.0,157,163
2010-07-27,175.0,185.0,162,163
2010-07-28,175.0,184.0,169,184
2010-07-29,174.0,183.0,171,171
2010-07-30,174.0,182.0,153,174
2010-07-31,173.0,181.0,153,153
2010-08-01,172.0,179.0,153,153
2010-08-02,171.0,178.0,159,167
2010-08-03,170.0,178.0,162,163
2010-08-04,169.0,177.0,174,183
2010-08-05,168.0,176.0,166,177
2010-08-06,167.0,175.0,159,178
2010-08-07,166.0,174.0,159,159
2010-08-08,165.0,172.0,159,159
2010-08-09,164.0,172.0,161,170
2010-08-10,163.0,171.0,166,166
2010-08-11,162.0,170.0,161,176
2010-08-12,162.0,170.0,161,164
2010-08-13,161.0,169.0,163,175
2010-08-14,161.0,168.0,163,163
2010-08-15,161.0,167.0,163,163
2010-08-16,161.0,167.0,169,179
2010-08-17,161.0,168.0,166,172
2010-08-18,162.0,169.0,186,193
2010-08-19,163.0,169.0,191,193
2010-08-20,163.0,170.0,182,200
2010-08-21,164.0,171.0,182,182
2010-08-22,165.0,171.0,182,182
2010-08-23,167.0,173.0,201,213
2010-08-24,168.0,175.0,177,206
2010-08-25,168.0,176.0,177,204
2010-08-26,169.0,177.0,175,182
2010-08-27,169.0,177.0,182,193
2010-08-28,170.0,177.0,182,182
2010-08-29,171.0,178.0,182,182
2010-08-30,171.0,179.0,178,187
2010-08-31,172.0,180.0,167,188
2010-09-01,173.0,182.0,203,215
2010-09-02,175.0,183.0,206,206
2010-09-03,175.0,184.0,186,219
2010-09-04,176.0,185.0,186,186
2010-09-05,177.0,185.0,186,186
2010-09-06,178.0,186.0,192,192
2010-09-07,179.0,187.0,185,198
2010-09-08,180.0,189.0,194,212
2010-09-09,180.0,190.0,180,195
2010-09-10,181.0,190.0,191,202
2010-09-11,182.0,191.0,191,191
2010-09-12,183.0,192.0,191,191
2010-09-13,184.0,193.0,184,194
2010-09-14,185.0,194.0,190,192
2010-09-15,186.0,195.0,201,212
2010-09-16,187.0,196.0,205,207
2010-09-17,188.0,198.0,219,257
2010-09-18,189.0,199.0,219,219
2010-09-19,190.0,200.0,219,219
2010-09-20,191.0,201.0,194,222
2010-09-21,190.0,202.0,169,212
2010-09-22,189.0,201.0,158,189
2010-09-23,188.0,200.0,158,159
2010-09-24,188.0,199.0,176,186
2010-09-25,188.0,199.0,176,176
2010-09-26,188.0,198.0,176,176
2010-09-27,188.0,198.0,176,179
2010-09-28,188.0,198.0,183,187
2010-09-29,188.0,199.0,190,200
2010-09-30,189.0,199.0,186,195
2010-10-01,188.0,199.0,177,213
2010-10-02,187.0,198.0,177,177
2010-10-03,187.0,197.0,177,177
2010-10-04,187.0,197.0,178,183
2010-10-05,187.0,197.0,184,185
2010-10-06,187.0,197.0,202,215
2010-10-07,188.0,198.0,205,205
2010-10-08,188.0,198.0,215,236
2010-10-09,189.0,199.0,215,215
2010-10-10,190.0,199.0,215,215
2010-10-11,191.0,200.0,218,218
2010-10-12,192.0,202.0,219,226
2010-10-13,194.0,204.0,240,255
2010-10-14,195.0,206.0,225,251
2010-10-15,196.0,207.0,244,268
2010-10-16,198.0,209.0,244,244
2010-10-17,199.0,208.0,244,244
2010-10-18,199.0,209.0,244,253
2010-10-19,199.0,210.0,213,248
2010-10-20,200.0,211.0,220,234
2010-10-21,202.0,211.0,220,221
2010-10-22,204.0,212.0,223,229
2010-10-23,206.0,214.0,223,223
2010-10-24,208.0,216.0,223,223
2010-10-25,210.0,218.0,246,253
2010-10-26,212.0,221.0,247,250
2010-10-27,215.0,224.0,240,262
2010-10-28,216.0,225.0,241,242
2010-10-29,218.0,227.0,237,248
2010-10-30,220.0,228.0,237,237
2010-10-31,222.0,229.0,237,237
2010-11-01,224.0,232.0,230,253
2010-11-02,225.0,234.0,234,238
2010-11-03,227.0,236.0,239,261
2010-11-04,230.0,238.0,247,248
2010-11-05,230.0,240.0,215,250
2010-11-06,230.0,240.0,215,215
2010-11-07,230.0,239.0,216,216
2010-11-08,231.0,240.0,233,236
2010-11-09,232.0,241.0,235,238
2010-11-10,233.0,242.0,245,263
2010-11-11,233.0,243.0,246,246
2010-11-12,235.0,244.0,276,289
2010-11-13,236.0,245.0,276,276
2010-11-14,238.0,245.0,279,279
2010-11-15,239.0,247.0,295,308
2010-11-16,240.0,249.0,282,308
2010-11-17,241.0,251.0,271,294
2010-11-18,243.0,252.0,274,275
2010-11-19,245.0,254.0,277,293
2010-11-20,247.0,256.0,277,277
2010-11-21,249.0,257.0,278,278
2010-11-22,251.0,260.0,277,292
2010-11-23,253.0,262.0,291,294
2010-11-24,254.0,264.0,284,303
2010-11-25,256.0,265.0,284,284
2010-11-26,257.0,266.0,287,287
2010-11-27,259.0,267.0,287,287
2010-11-28,260.0,268.0,287,287
2010-11-29,262.0,271.0,301,311
2010-11-30,265.0,273.0,301,303
2010-12-01,267.0,276.0,293,332
2010-12-02,269.0,278.0,294,297
2010-12-03,270.0,279.0,285,304
2010-12-04,272.0,280.0,285,285
2010-12-05,274.0,281.0,285,285
2010-12-06,277.0,285.0,302,320
2010-12-07,280.0,288.0,302,306
2010-12-08,282.0,291.0,300,318
2010-12-09,285.0,293.0,315,317
2010-12-10,287.0,296.0,313,357
2010-12-11,289.0,299.0,313,313
2010-12-12,290.0,299.0,313,313
2010-12-13,290.0,301.0,268,325
2010-12-14,290.0,301.0,272,283
2010-12-15,289.0,301.0,262,293
2010-12-16,287.0,299.0,245,265
2010-12-17,287.0,299.0,245,278
2010-12-18,286.0,298.0,245,245
2010-12-19,285.0,296.0,245,245
2010-12-20,283.0,295.0,238,256
2010-12-21,282.0,294.0,241,245
2010-12-22,281.0,294.0,253,270
2010-12-23,282.0,295.0,330,331
2010-12-24,284.0,296.0,330,330
2010-12-25,286.0,297.0,330,330
2010-12-26,287.0,299.0,330,330
2010-12-27,284.0,300.0,210,336
2010-12-28,282.0,298.0,211,214
2010-12-29,281.0,297.0,269,277
2010-12-30,280.0,296.0,274,274
2010-12-31,279.0,294.0,276,276
2011-01-01,279.0,293.0,276,276
2011-01-02,278.0,292.0,276,276
2011-01-03,278.0,292.0,265,289
2011-01-04,277.0,292.0,268,271
2011-01-05,274.0,291.0,218,285
2011-01-06,274.0,290.0,280,280
2011-01-07,272.0,289.0,257,302
2011-01-08,270.0,287.0,257,257
2011-01-09,268.0,284.0,257,257
2011-01-10,266.0,283.0,251,268
2011-01-11,264.0,281.0,237,253
2011-01-12,262.0,278.0,206,244
2011-01-13,260.0,275.0,211,211
2011-01-14,257.0,273.0,185,231
2011-01-15,255.0,271.0,185,185
2011-01-16,253.0,268.0,185,185
2011-01-17,251.0,266.0,185,185
2011-01-18,249.0,264.0,187,191
2011-01-19,248.0,262.0,197,216
2011-01-20,247.0,261.0,201,204
2011-01-21,245.0,259.0,193,212
2011-01-22,240.0,255.0,193,193
2011-01-23,235.0,250.0,193,193
2011-01-24,231.0,246.0,197,209
2011-01-25,227.0,242.0,200,202
2011-01-26,226.0,238.0,204,223
2011-01-27,226.0,238.0,201,207
2011-01-28,226.0,239.0,279,316
2011-01-29,227.0,239.0,279,279
2011-01-30,227.0,239.0,279,279
2011-01-31,226.0,240.0,242,294
2011-02-01,225.0,239.0,255,259
2011-02-02,226.0,241.0,297,341
2011-02-03,226.0,242.0,280,300
2011-02-04,226.0,243.0,209,301
2011-02-05,224.0,240.0,209,209
2011-02-06,222.0,237.0,209,209
2011-02-07,220.0,236.0,202,219
2011-02-08,219.0,234.0,207,210
2011-02-09,218.0,233.0,218,239
2011-02-10,217.0,232.0,220,222
2011-02-11,217.0,232.0,211,226
2011-02-12,217.0,232.0,211,211
2011-02-13,218.0,231.0,211,211
2011-02-14,219.0,232.0,205,219
2011-02-15,219.0,233.0,207,208
2011-02-16,220.0,234.0,209,225
2011-02-17,221.0,235.0,214,215
2011-02-18,222.0,236.0,223,243
2011-02-19,223.0,237.0,223,223
2011-02-20,224.0,237.0,223,223
2011-02-21,225.0,238.0,221,224
2011-02-22,226.0,239.0,221,223
2011-02-23,227.0,240.0,236,245
2011-02-24,228.0,242.0,240,242
2011-02-25,231.0,244.0,277,286
2011-02-26,233.0,246.0,277,277
2011-02-27,233.0,245.0,277,277
2011-02-28,233.0,245.0,282,290
2011-03-01,233.0,245.0,279,282
2011-03-02,234.0,245.0,264,300
2011-03-03,234.0,246.0,265,266
2011-03-04,233.0,244.0,274,287
2011-03-05,233.0,243.0,274,274
2011-03-06,235.0,242.0,274,274
2011-03-07,237.0,244.0,262,274
2011-03-08,239.0,246.0,264,265
2011-03-09,241.0,248.0,274,281
2011-03-10,244.0,250.0,276,277
2011-03-11,246.0,252.0,286,305
2011-03-12,248.0,255.0,286,286
2011-03-13,251.0,257.0,286,286
2011-03-14,253.0,259.0,285,294
2011-03-15,256.0,262.0,287,288
2011-03-16,258.0,265.0,285,300
2011-03-17,261.0,267.0,291,292
2011-03-18,264.0,270.0,283,296
2011-03-19,266.0,272.0,283,283
2011-03-20,268.0,273.0,283,283
2011-03-21,270.0,276.0,274,292
2011-03-22,271.0,278.0,277,279
2011-03-23,274.0,280.0,296,307
2011-03-24,276.0,283.0,275,296
2011-03-25,277.0,284.0,275,286
2011-03-26,278.0,285.0,275,275
2011-03-27,278.0,285.0,275,275
2011-03-28,278.0,285.0,267,277
2011-03-29,277.0,285.0,265,268
2011-03-30,277.0,284.0,272,280
2011-03-31,277.0,284.0,272,273
2011-04-01,276.0,283.0,252,278
2011-04-02,276.0,283.0,252,252
2011-04-03,275.0,282.0,252,252
2011-04-04,275.0,281.0,263,270
2011-04-05,275.0,281.0,265,265
2011-04-06,275.0,281.0,278,283
2011-04-07,276.0,282.0,280,283
2011-04-08,275.0,282.0,264,287
2011-04-09,275.0,282.0,265,265
2011-04-10,274.0,281.0,265,265
2011-04-11,273.0,280.0,261,273
2011-04-12,273.0,279.0,260,266
2011-04-13,272.0,279.0,261,276
2011-04-14,271.0,278.0,262,262
2011-04-15,270.0,277.0,249,267
2011-04-16,268.0,275.0,249,249
2011-04-17,267.0,274.0,249,249
2011-04-18,266.0,273.0,250,261
2011-04-19,265.0,272.0,249,253
2011-04-20,264.0,271.0,231,260
2011-04-21,262.0,270.0,228,233
2011-04-22,260.0,267.0,233,233
2011-04-23,258.0,265.0,233,233
2011-04-24,257.0,263.0,233,233
2011-04-25,255.0,262.0,219,237
2011-04-26,253.0,260.0,221,224
2011-04-27,252.0,259.0,234,234
2011-04-28,251.0,258.0,232,235
2011-04-29,251.0,258.0,274,283
2011-04-30,251.0,258.0,274,274
2011-05-01,252.0,258.0,274,274
2011-05-02,254.0,260.0,308,318
2011-05-03,255.0,262.0,276,318
2011-05-04,255.0,264.0,268,313
2011-05-05,255.0,264.0,276,279
2011-05-06,254.0,264.0,255,292
2011-05-07,254.0,263.0,252,255
2011-05-08,253.0,262.0,252,252
2011-05-09,253.0,262.0,256,265
2011-05-10,253.0,262.0,257,260
2011-05-11,253.0,263.0,275,289
2011-05-12,253.0,263.0,273,276
2011-05-13,254.0,263.0,264,282
2011-05-14,254.0,263.0,264,264
2011-05-15,254.0,263.0,264,264
2011-05-16,255.0,264.0,267,280
2011-05-17,255.0,265.0,267,270
2011-05-18,256.0,265.0,257,272
2011-05-19,256.0,266.0,263,264
2011-05-20,257.0,266.0,261,285
2011-05-21,258.0,267.0,261,261
2011-05-22,259.0,268.0,261,261
2011-05-23,260.0,270.0,253,272
2011-05-24,261.0,271.0,262,263
2011-05-25,262.0,272.0,246,266
2011-05-26,263.0,272.0,250,251
2011-05-27,263.0,273.0,244,256
2011-05-28,263.0,273.0,244,244
2011-05-29,262.0,272.0,244,244
2011-05-30,261.0,271.0,247,247
2011-05-31,260.0,271.0,247,253
2011-06-01,259.0,269.0,250,267
2011-06-02,258.0,267.0,251,254
2011-06-03,257.0,266.0,260,278
2011-06-04,257.0,265.0,260,260
2011-06-05,257.0,264.0,260,260
2011-06-06,257.0,264.0,260,265
2011-06-07,258.0,265.0,261,263
2011-06-08,258.0,265.0,253,270
2011-06-09,258.0,265.0,256,256
2011-06-10,257.0,264.0,252,263
2011-06-11,256.0,263.0,252,252
2011-06-12,256.0,262.0,252,252
2011-06-13,255.0,262.0,243,255
2011-06-14,254.0,261.0,245,245
2011-06-15,254.0,261.0,250,267
2011-06-16,253.0,260.0,249,251
2011-06-17,252.0,259.0,231,252
2011-06-18,251.0,258.0,231,231
2011-06-19,250.0,256.0,231,231
2011-06-20,249.0,256.0,229,237
2011-06-21,248.0,255.0,231,233
2011-06-22,247.0,254.0,231,241
2011-06-23,246.0,252.0,230,231
2011-06-24,246.0,252.0,243,248
2011-06-25,246.0,252.0,243,243
2011-06-26,246.0,251.0,243,243
2011-06-27,246.0,251.0,239,249
2011-06-28,246.0,251.0,242,242
2011-06-29,245.0,251.0,237,250
2011-06-30,245.0,251.0,238,238
2011-07-01,244.0,250.0,229,241
2011-07-02,244.0,249.0,229,229
2011-07-03,243.0,248.0,229,229
2011-07-04,242.0,247.0,229,229
2011-07-05,241.0,246.0,232,232
2011-07-06,240.0,245.0,232,247
2011-07-07,239.0,244.0,242,243
2011-07-08,239.0,244.0,243,253
2011-07-09,238.0,243.0,243,243
2011-07-10,238.0,243.0,242,243
2011-07-11,237.0,242.0,228,246
2011-07-12,236.0,242.0,227,228
2011-07-13,236.0,242.0,241,253
2011-07-14,237.0,242.0,257,257
2011-07-15,236.0,242.0,244,260
2011-07-16,236.0,242.0,245,245
2011-07-17,237.0,241.0,245,245
2011-07-18,237.0,242.0,237,246
2011-07-19,237.0,242.0,240,241
2011-07-20,238.0,243.0,248,261
2011-07-21,239.0,244.0,250,252
2011-07-22,239.0,244.0,238,261
2011-07-23,239.0,244.0,238,238
2011-07-24,239.0,244.0,238,238
2011-07-25,238.0,244.0,218,247
2011-07-26,237.0,244.0,216,220
2011-07-27,237.0,243.0,234,239
2011-07-28,237.0,243.0,248,249
2011-07-29,237.0,244.0,236,270
2011-07-30,237.0,244.0,236,236
2011-07-31,237.0,244.0,236,236
2011-08-01,238.0,244.0,233,244
2011-08-02,237.0,245.0,221,236
2011-08-03,237.0,245.0,228,241
2011-08-04,237.0,245.0,230,230
2011-08-05,237.0,245.0,235,244
2011-08-06,237.0,245.0,235,235
2011-08-07,237.0,244.0,235,235
2011-08-08,237.0,244.0,239,252
2011-08-09,236.0,244.0,239,240
2011-08-10,238.0,245.0,262,275
2011-08-11,239.0,246.0,265,267
2011-08-12,240.0,247.0,262,277
2011-08-13,240.0,247.0,262,262
2011-08-14,240.0,247.0,262,262
2011-08-15,241.0,248.0,252,265
2011-08-16,241.0,248.0,256,256
2011-08-17,242.0,249.0,258,267
2011-08-18,242.0,250.0,249,269
2011-08-19,241.0,250.0,229,249
2011-08-20,241.0,249.0,229,229
2011-08-21,240.0,248.0,229,229
2011-08-22,240.0,248.0,233,237
2011-08-23,240.0,248.0,237,237
2011-08-24,241.0,248.0,248,251
2011-08-25,242.0,249.0,250,252
2011-08-26,243.0,250.0,246,263
2011-08-27,243.0,250.0,246,246
2011-08-28,243.0,249.0,246,246
2011-08-29,243.0,249.0,244,250
2011-08-30,244.0,250.0,249,249
2011-08-31,244.0,250.0,244,261
2011-09-01,246.0,252.0,279,279
2011-09-02,247.0,253.0,263,286
2011-09-03,248.0,254.0,263,263
2011-09-04,249.0,255.0,263,263
2011-09-05,250.0,256.0,265,265
2011-09-06,251.0,257.0,268,271
2011-09-07,252.0,258.0,263,277
2011-09-08,253.0,259.0,263,265
2011-09-09,253.0,259.0,276,280
2011-09-10,254.0,259.0,276,276
2011-09-11,254.0,259.0,276,276
2011-09-12,254.0,260.0,253,280
2011-09-13,254.0,260.0,253,254
2011-09-14,253.0,260.0,248,259
2011-09-15,253.0,259.0,252,255
2011-09-16,253.0,259.0,253,257
2011-09-17,253.0,259.0,253,253
2011-09-18,254.0,259.0,253,253
2011-09-19,255.0,260.0,253,258
2011-09-20,256.0,261.0,255,256
2011-09-21,258.0,262.0,291,293
2011-09-22,259.0,264.0,280,292
2011-09-23,260.0,266.0,279,299
2011-09-24,261.0,267.0,279,279
2011-09-25,262.0,267.0,279,279
2011-09-26,264.0,269.0,286,293
2011-09-27,265.0,270.0,286,286
2011-09-28,266.0,272.0,290,303
2011-09-29,268.0,273.0,291,292
2011-09-30,269.0,274.0,267,293
2011-10-01,268.0,274.0,267,267
2011-10-02,268.0,273.0,267,267
2011-10-03,268.0,274.0,258,269
2011-10-04,268.0,274.0,257,262
2011-10-05,268.0,274.0,264,268
2011-10-06,268.0,274.0,267,268
2011-10-07,268.0,273.0,254,270
2011-10-08,267.0,273.0,254,254
2011-10-09,266.0,272.0,254,254
2011-10-10,266.0,271.0,254,254
2011-10-11,265.0,271.0,251,257
2011-10-12,265.0,270.0,247,264
2011-10-13,265.0,270.0,247,250
2011-10-14,265.0,271.0,274,281
2011-10-15,266.0,272.0,274,274
2011-10-16,267.0,272.0,274,274
2011-10-17,267.0,273.0,260,277
2011-10-18,267.0,273.0,258,260
2011-10-19,268.0,274.0,277,281
2011-10-20,268.0,275.0,261,279
2011-10-21,268.0,274.0,275,280
2011-10-22,268.0,274.0,275,275
2011-10-23,267.0,273.0,275,275
2011-10-24,267.0,273.0,267,278
2011-10-25,267.0,273.0,272,273
2011-10-26,266.0,272.0,272,284
2011-10-27,266.0,272.0,271,273
2011-10-28,265.0,272.0,264,292
2011-10-29,264.0,271.0,264,264
2011-10-30,264.0,270.0,264,264
2011-10-31,263.0,270.0,251,265
2011-11-01,263.0,269.0,254,254
2011-11-02,263.0,269.0,263,269
2011-11-03,263.0,269.0,263,264
2011-11-04,264.0,269.0,271,277
2011-11-05,264.0,270.0,271,271
2011-11-06,264.0,270.0,278,278
2011-11-07,265.0,271.0,278,285
2011-11-08,266.0,272.0,277,278
2011-11-09,267.0,273.0,288,304
2011-11-10,268.0,274.0,287,289
2011-11-11,270.0,275.0,287,287
2011-11-12,271.0,276.0,287,287
2011-11-13,272.0,277.0,287,287
2011-11-14,272.0,277.0,285,294
2011-11-15,272.0,278.0,289,289
2011-11-16,273.0,279.0,280,307
2011-11-17,274.0,280.0,282,283
2011-11-18,274.0,280.0,274,283
2011-11-19,274.0,279.0,274,274
2011-11-20,274.0,279.0,274,274
2011-11-21,274.0,280.0,271,287
2011-11-22,274.0,280.0,271,271
2011-11-23,274.0,280.0,267,280
2011-11-24,274.0,279.0,267,267
2011-11-25,274.0,279.0,267,268
2011-11-26,273.0,279.0,267,267
2011-11-27,274.0,278.0,267,267
2011-11-28,274.0,278.0,272,279
2011-11-29,274.0,279.0,271,273
2011-11-30,275.0,279.0,275,288
2011-12-01,275.0,280.0,272,275
2011-12-02,275.0,281.0,265,283
2011-12-03,276.0,281.0,265,265
2011-12-04,275.0,280.0,265,265
2011-12-05,275.0,280.0,248,271
2011-12-06,274.0,279.0,250,251
2011-12-07,273.0,279.0,247,268
2011-12-08,272.0,278.0,265,266
2011-12-09,271.0,277.0,256,269
2011-12-10,270.0,276.0,256,256
2011-12-11,269.0,275.0,256,256
2011-12-12,267.0,274.0,237,259
2011-12-13,266.0,273.0,238,241
2011-12-14,265.0,272.0,265,273
2011-12-15,264.0,271.0,262,267
2011-12-16,263.0,270.0,244,262
2011-12-17,262.0,268.0,244,244
2011-12-18,261.0,267.0,245,245
2011-12-19,260.0,266.0,244,249
2011-12-20,259.0,265.0,237,244
2011-12-21,258.0,264.0,256,266
2011-12-22,257.0,264.0,253,256
2011-12-23,257.0,263.0,254,254
2011-12-24,257.0,263.0,254,254
2011-12-25,256.0,262.0,254,254
2011-12-26,256.0,262.0,254,254
2011-12-27,255.0,261.0,249,254
2011-12-28,254.0,261.0,252,266
2011-12-29,254.0,260.0,251,255
2011-12-30,253.0,259.0,255,255
2011-12-31,253.0,259.0,255,255
2012-01-01,252.0,258.0,255,255
2012-01-02,252.0,257.0,255,255
2012-01-03,252.0,257.0,256,256
2012-01-04,252.0,257.0,248,268
2012-01-05,252.0,257.0,248,252
2012-01-06,251.0,257.0,234,261
2012-01-07,250.0,256.0,234,234
2012-01-08,249.0,254.0,234,234
2012-01-09,249.0,254.0,237,237
2012-01-10,248.0,253.0,240,241
2012-01-11,248.0,253.0,240,255
2012-01-12,248.0,253.0,242,242
2012-01-13,247.0,253.0,238,252
2012-01-14,247.0,252.0,238,238
2012-01-15,246.0,251.0,238,238
2012-01-16,246.0,251.0,239,239
2012-01-17,246.0,250.0,239,241
2012-01-18,246.0,251.0,238,251
2012-01-19,246.0,250.0,239,239
2012-01-20,245.0,250.0,226,241
2012-01-21,244.0,249.0,226,226
2012-01-22,243.0,248.0,226,226
2012-01-23,242.0,247.0,222,229
2012-01-24,241.0,246.0,225,226
2012-01-25,240.0,245.0,235,242
2012-01-26,240.0,245.0,237,237
2012-01-27,239.0,244.0,232,243
2012-01-28,239.0,243.0,232,232
2012-01-29,238.0,243.0,232,232
2012-01-30,237.0,242.0,224,232
2012-01-31,236.0,241.0,225,228
2012-02-01,236.0,241.0,244,269
2012-02-02,234.0,241.0,219,246
2012-02-03,233.0,240.0,219,224
2012-02-04,232.0,238.0,219,219
2012-02-05,232.0,237.0,219,219
2012-02-06,231.0,237.0,213,221
2012-02-07,230.0,236.0,212,214
2012-02-08,229.0,235.0,206,218
2012-02-09,228.0,234.0,206,206
2012-02-10,227.0,233.0,196,207
2012-02-11,225.0,231.0,196,196
2012-02-12,224.0,229.0,196,196
2012-02-13,222.0,228.0,186,197
2012-02-14,220.0,226.0,186,186
2012-02-15,219.0,225.0,194,200
2012-02-16,218.0,223.0,199,201
2012-02-17,216.0,222.0,194,201
2012-02-18,215.0,220.0,194,194
2012-02-19,214.0,219.0,194,194
2012-02-20,213.0,218.0,194,194
2012-02-21,212.0,217.0,200,200
2012-02-22,211.0,216.0,210,217
2012-02-23,211.0,216.0,213,213
2012-02-24,210.0,215.0,213,225
2012-02-25,209.0,215.0,213,213
2012-02-26,209.0,214.0,213,213
2012-02-27,208.0,213.0,204,219
2012-02-28,207.0,212.0,204,206
2012-02-29,206.0,212.0,214,225
2012-03-01,206.0,212.0,214,214
2012-03-02,204.0,210.0,182,214
2012-03-03,203.0,208.0,182,182
2012-03-04,202.0,206.0,182,182
2012-03-05,200.0,205.0,185,191
2012-03-06,199.0,204.0,184,186
2012-03-07,199.0,204.0,201,206
2012-03-08,199.0,203.0,206,206
2012-03-09,199.0,203.0,207,216
2012-03-10,199.0,203.0,206,207
2012-03-11,199.0,203.0,206,206
2012-03-12,199.0,204.0,192,223
2012-03-13,199.0,204.0,191,193
2012-03-14,199.0,204.0,195,197
2012-03-15,200.0,205.0,199,199
2012-03-16,200.0,205.0,207,218
2012-03-17,200.0,205.0,207,207
2012-03-18,201.0,206.0,207,207
2012-03-19,202.0,207.0,231,242
2012-03-20,203.0,208.0,229,231
2012-03-21,204.0,210.0,228,233
2012-03-22,205.0,211.0,230,239
2012-03-23,206.0,212.0,241,241
2012-03-24,207.0,213.0,241,241
2012-03-25,208.0,213.0,245,245
2012-03-26,209.0,215.0,238,255
2012-03-27,210.0,216.0,239,239
2012-03-28,211.0,217.0,226,247
2012-03-29,211.0,217.0,214,229
2012-03-30,211.0,218.0,225,230
2012-03-31,212.0,218.0,225,225
2012-04-01,213.0,218.0,227,227
2012-04-02,215.0,221.0,247,257
2012-04-03,218.0,223.0,251,253
2012-04-04,220.0,226.0,252,266
2012-04-05,222.0,228.0,257,258
2012-04-06,225.0,231.0,282,288
2012-04-07,228.0,233.0,282,282
2012-04-08,230.0,236.0,282,282
2012-04-09,232.0,238.0,277,284
2012-04-10,235.0,241.0,278,279
2012-04-11,237.0,243.0,259,293
2012-04-12,240.0,245.0,265,269
2012-04-13,241.0,248.0,252,271
2012-04-14,243.0,250.0,252,252
2012-04-15,245.0,251.0,251,252
2012-04-16,246.0,252.0,247,251
2012-04-17,247.0,254.0,250,250
2012-04-18,248.0,254.0,236,257
2012-04-19,248.0,254.0,236,237
2012-04-20,248.0,255.0,242,250
2012-04-21,249.0,255.0,242,242
2012-04-22,249.0,255.0,242,242
2012-04-23,249.0,255.0,237,247
2012-04-24,248.0,255.0,237,239
2012-04-25,248.0,255.0,237,258
2012-04-26,248.0,255.0,239,239
2012-04-27,249.0,255.0,246,249
2012-04-28,250.0,256.0,246,246
2012-04-29,251.0,256.0,246,246
2012-04-30,251.0,257.0,242,254
2012-05-01,252.0,258.0,249,250
2012-05-02,252.0,258.0,251,265
2012-05-03,252.0,258.0,244,252
2012-05-04,251.0,258.0,238,254
2012-05-05,251.0,257.0,238,238
2012-05-06,249.0,256.0,238,238
2012-05-07,248.0,255.0,230,262
2012-05-08,246.0,253.0,229,232
2012-05-09,244.0,252.0,234,250
2012-05-10,243.0,251.0,243,243
2012-05-11,243.0,250.0,253,271
2012-05-12,243.0,250.0,253,253
2012-05-13,243.0,249.0,253,253
2012-05-14,242.0,249.0,240,254
2012-05-15,242.0,249.0,238,240
2012-05-16,241.0,249.0,221,247
2012-05-17,240.0,248.0,221,223
2012-05-18,239.0,247.0,211,227
2012-05-19,238.0,246.0,211,211
2012-05-20,237.0,245.0,211,211
2012-05-21,236.0,244.0,208,215
2012-05-22,235.0,243.0,207,210
2012-05-23,234.0,242.0,201,219
2012-05-24,233.0,240.0,205,205
2012-05-25,231.0,239.0,197,214
2012-05-26,230.0,238.0,198,198
2012-05-27,228.0,236.0,198,198
2012-05-28,227.0,234.0,198,198
2012-05-29,225.0,233.0,196,198
2012-05-30,224.0,232.0,209,218
2012-05-31,223.0,230.0,210,210
2012-06-01,222.0,229.0,213,224
2012-06-02,220.0,228.0,213,213
2012-06-03,220.0,226.0,213,213
2012-06-04,219.0,226.0,228,242
2012-06-05,219.0,226.0,229,230
2012-06-06,219.0,226.0,242,256
2012-06-07,220.0,226.0,245,245
2012-06-08,221.0,227.0,266,276
2012-06-09,222.0,228.0,266,266
2012-06-10,222.0,228.0,266,266
2012-06-11,223.0,229.0,275,285
2012-06-12,224.0,230.0,280,280
2012-06-13,226.0,231.0,291,297
2012-06-14,227.0,233.0,292,294
2012-06-15,229.0,234.0,273,293
2012-06-16,231.0,236.0,273,273
2012-06-17,233.0,238.0,273,273
2012-06-18,236.0,241.0,309,309
2012-06-19,240.0,244.0,311,314
2012-06-20,243.0,248.0,318,324
2012-06-21,247.0,252.0,310,322
2012-06-22,250.0,255.0,310,327
2012-06-23,254.0,259.0,310,310
2012-06-24,258.0,262.0,310,310
2012-06-25,261.0,266.0,302,312
2012-06-26,264.0,269.0,302,304
2012-06-27,267.0,273.0,282,305
2012-06-28,270.0,276.0,283,286
2012-06-29,272.0,278.0,260,285
2012-06-30,274.0,280.0,260,260
2012-07-01,275.0,281.0,260,260
2012-07-02,277.0,283.0,269,276
2012-07-03,279.0,285.0,271,272
2012-07-04,280.0,286.0,274,274
2012-07-05,282.0,288.0,278,281
2012-07-06,283.0,289.0,274,294
2012-07-07,284.0,290.0,274,274
2012-07-08,284.0,290.0,274,274
2012-07-09,284.0,290.0,263,279
2012-07-10,284.0,290.0,263,264
2012-07-11,284.0,290.0,275,289
2012-07-12,283.0,290.0,234,278
2012-07-13,282.0,290.0,261,271
2012-07-14,281.0,288.0,262,262
2012-07-15,280.0,287.0,262,262
2012-07-16,280.0,287.0,259,263
2012-07-17,279.0,287.0,259,259
2012-07-18,278.0,285.0,259,259
2012-07-19,276.0,283.0,259,259
2012-07-20,274.0,281.0,260,262
2012-07-21,272.0,279.0,260,260
2012-07-22,271.0,277.0,260,260
2012-07-23,269.0,275.0,259,261
2012-07-24,267.0,273.0,256,259
2012-07-25,265.0,272.0,237,263
2012-07-26,263.0,270.0,241,242
2012-07-27,262.0,268.0,253,264
2012-07-28,261.0,267.0,253,253
2012-07-29,261.0,266.0,253,253
2012-07-30,260.0,266.0,249,254
2012-07-31,260.0,266.0,251,251
2012-08-01,260.0,265.0,261,265
2012-08-02,260.0,265.0,262,265
2012-08-03,259.0,265.0,259,269
2012-08-04,258.0,264.0,259,259
2012-08-05,258.0,263.0,259,259
2012-08-06,257.0,263.0,258,268
2012-08-07,257.0,262.0,256,258
2012-08-08,257.0,262.0,274,282
2012-08-09,257.0,263.0,274,277
2012-08-10,258.0,263.0,285,292
2012-08-11,260.0,263.0,285,285
2012-08-12,260.0,264.0,285,285
2012-08-13,260.0,265.0,263,291
2012-08-14,260.0,265.0,267,270
2012-08-15,261.0,265.0,269,279
2012-08-16,261.0,266.0,269,269
2012-08-17,261.0,267.0,259,284
2012-08-18,261.0,267.0,259,259
2012-08-19,261.0,266.0,259,259
2012-08-20,260.0,267.0,228,261
2012-08-21,259.0,266.0,232,233
2012-08-22,259.0,265.0,243,247
2012-08-23,258.0,265.0,249,253
2012-08-24,261.0,268.0,311,343
2012-08-25,263.0,270.0,311,311
2012-08-26,265.0,272.0,311,311
2012-08-27,267.0,274.0,311,313
2012-08-28,269.0,276.0,311,314
2012-08-29,270.0,278.0,286,317
2012-08-30,271.0,279.0,284,287
2012-08-31,272.0,280.0,268,309
2012-09-01,272.0,280.0,268,268
2012-09-02,272.0,280.0,268,268
2012-09-03,272.0,281.0,268,268
2012-09-04,273.0,281.0,267,268
2012-09-05,272.0,281.0,247,272
2012-09-06,272.0,281.0,246,248
2012-09-07,270.0,280.0,231,254
2012-09-08,269.0,278.0,231,231
2012-09-09,267.0,276.0,231,231
2012-09-10,265.0,275.0,230,238
2012-09-11,264.0,273.0,235,236
2012-09-12,263.0,271.0,235,242
2012-09-13,262.0,270.0,235,237
2012-09-14,261.0,269.0,237,253
2012-09-15,260.0,268.0,237,237
2012-09-16,259.0,267.0,237,237
2012-09-17,258.0,266.0,232,239
2012-09-18,257.0,265.0,237,237
2012-09-19,258.0,266.0,256,277
2012-09-20,259.0,267.0,257,258
2012-09-21,259.0,267.0,245,259
2012-09-22,259.0,267.0,245,245
2012-09-23,257.0,264.0,245,245
2012-09-24,254.0,262.0,244,246
2012-09-25,252.0,259.0,245,245
2012-09-26,250.0,257.0,241,251
2012-09-27,248.0,255.0,237,241
2012-09-28,245.0,252.0,225,240
2012-09-29,244.0,250.0,225,225
2012-09-30,242.0,247.0,225,225
2012-10-01,241.0,246.0,223,226
2012-10-02,239.0,245.0,225,227
2012-10-03,238.0,243.0,226,232
2012-10-04,236.0,242.0,225,227
2012-10-05,235.0,241.0,216,231
2012-10-06,234.0,240.0,216,216
2012-10-07,234.0,238.0,216,216
2012-10-08,233.0,238.0,216,216
2012-10-09,233.0,237.0,214,218
2012-10-10,232.0,237.0,218,221
2012-10-11,232.0,236.0,219,221
2012-10-12,231.0,236.0,213,240
2012-10-13,230.0,235.0,213,213
2012-10-14,230.0,234.0,213,213
2012-10-15,229.0,233.0,216,217
2012-10-16,228.0,233.0,216,218
2012-10-17,227.0,232.0,212,224
2012-10-18,227.0,232.0,214,214
2012-10-19,226.0,230.0,228,239
2012-10-20,225.0,229.0,228,228
2012-10-21,224.0,228.0,228,228
2012-10-22,223.0,228.0,222,229
2012-10-23,223.0,227.0,224,226
2012-10-24,222.0,227.0,228,234
2012-10-25,222.0,226.0,231,232
2012-10-26,221.0,226.0,221,235
2012-10-27,221.0,225.0,221,221
2012-10-28,220.0,224.0,221,221
2012-10-29,220.0,225.0,222,229
2012-10-30,220.0,224.0,223,223
2012-10-31,220.0,225.0,215,232
2012-11-01,220.0,224.0,216,218
2012-11-02,219.0,224.0,219,228
2012-11-03,219.0,224.0,219,219
2012-11-04,219.0,224.0,219,219
2012-11-05,219.0,224.0,213,222
2012-11-06,219.0,224.0,213,215
2012-11-07,219.0,224.0,221,225
2012-11-08,220.0,224.0,224,224
2012-11-09,219.0,225.0,207,235
2012-11-10,219.0,224.0,207,207
2012-11-11,219.0,223.0,207,207
2012-11-12,218.0,223.0,207,207
2012-11-13,218.0,223.0,210,210
2012-11-14,218.0,223.0,206,214
2012-11-15,218.0,222.0,208,209
2012-11-16,218.0,222.0,204,215
2012-11-17,217.0,222.0,204,204
2012-11-18,216.0,221.0,204,204
2012-11-19,216.0,220.0,202,205
2012-11-20,215.0,219.0,201,204
2012-11-21,214.0,219.0,216,222
2012-11-22,214.0,219.0,216,216
2012-11-23,214.0,218.0,216,216
2012-11-24,213.0,217.0,216,216
2012-11-25,213.0,217.0,216,216
2012-11-26,213.0,217.0,214,221
2012-11-27,213.0,217.0,217,220
2012-11-28,213.0,217.0,223,233
2012-11-29,213.0,217.0,221,223
2012-11-30,213.0,217.0,226,246
2012-12-01,213.0,218.0,226,226
2012-12-02,214.0,218.0,226,226
2012-12-03,214.0,218.0,226,231
2012-12-04,214.0,218.0,226,228
2012-12-05,214.0,219.0,222,240
2012-12-06,215.0,219.0,223,225
2012-12-07,215.0,220.0,229,238
2012-12-08,215.0,220.0,229,229
2012-12-09,216.0,220.0,229,229
2012-12-10,217.0,220.0,227,233
2012-12-11,217.0,221.0,228,228
2012-12-12,218.0,222.0,233,239
2012-12-13,219.0,223.0,232,233
2012-12-14,220.0,224.0,233,239
2012-12-15,221.0,225.0,233,233
2012-12-16,222.0,225.0,233,233
2012-12-17,223.0,226.0,234,241
2012-12-18,224.0,228.0,236,236
2012-12-19,225.0,229.0,235,248
2012-12-20,226.0,230.0,235,237
2012-12-21,227.0,231.0,236,247
2012-12-22,227.0,232.0,236,236
2012-12-23,228.0,232.0,236,236
2012-12-24,228.0,233.0,235,237
2012-12-25,229.0,234.0,235,235
2012-12-26,230.0,234.0,235,241
2012-12-27,231.0,235.0,238,239
2012-12-28,231.0,235.0,241,248
2012-12-29,232.0,236.0,241,241
2012-12-30,232.0,236.0,241,241
2012-12-31,233.0,236.0,237,241
2013-01-01,233.0,237.0,237,237
2013-01-02,233.0,237.0,235,242
2013-01-03,234.0,237.0,236,237
2013-01-04,235.0,238.0,250,264
2013-01-05,236.0,239.0,250,250
2013-01-06,236.0,239.0,250,250
2013-01-07,237.0,240.0,252,254
2013-01-08,238.0,241.0,250,253
2013-01-09,239.0,242.0,260,270
2013-01-10,240.0,243.0,260,263
2013-01-11,241.0,244.0,255,271
2013-01-12,241.0,245.0,255,255
2013-01-13,242.0,246.0,255,255
2013-01-14,243.0,247.0,257,268
2013-01-15,244.0,248.0,262,262
2013-01-16,245.0,249.0,270,283
2013-01-17,246.0,250.0,269,270
2013-01-18,247.0,251.0,248,276
2013-01-19,247.0,252.0,248,248
2013-01-20,247.0,252.0,248,248
2013-01-21,248.0,252.0,248,248
2013-01-22,248.0,253.0,251,256
2013-01-23,249.0,253.0,246,254
2013-01-24,249.0,254.0,249,251
2013-01-25,249.0,254.0,225,255
2013-01-26,248.0,254.0,225,225
2013-01-27,248.0,253.0,225,225
2013-01-28,247.0,253.0,222,226
2013-01-29,247.0,252.0,229,229
2013-01-30,247.0,252.0,232,241
2013-01-31,246.0,252.0,230,232
2013-02-01,246.0,252.0,236,252
2013-02-02,246.0,252.0,236,236
2013-02-03,246.0,251.0,236,236
2013-02-04,246.0,251.0,244,245
2013-02-05,246.0,251.0,245,245
2013-02-06,244.0,251.0,215,248
2013-02-07,243.0,250.0,214,215
2013-02-08,242.0,249.0,230,239
2013-02-09,241.0,247.0,230,230
2013-02-10,240.0,246.0,230,230
2013-02-11,240.0,245.0,232,233
2013-02-12,239.0,245.0,231,233
2013-02-13,238.0,244.0,224,235
2013-02-14,236.0,242.0,226,226
2013-02-15,235.0,241.0,224,231
2013-02-16,233.0,239.0,223,224
2013-02-17,233.0,237.0,223,223
2013-02-18,232.0,236.0,223,223
2013-02-19,231.0,236.0,225,227
2013-02-20,230.0,235.0,214,231
2013-02-21,229.0,234.0,215,216
2013-02-22,228.0,234.0,224,244
2013-02-23,227.0,233.0,224,224
2013-02-24,227.0,232.0,224,224
2013-02-25,226.0,232.0,202,226
2013-02-26,225.0,231.0,201,203
2013-02-27,225.0,230.0,198,213
2013-02-28,224.0,229.0,196,199
2013-03-01,222.0,228.0,184,198
2013-03-02,220.0,226.0,184,184
2013-03-03,219.0,224.0,184,184
2013-03-04,217.0,223.0,184,187
2013-03-05,215.0,221.0,184,185
2013-03-06,213.0,219.0,187,194
2013-03-07,211.0,217.0,186,187
2013-03-08,210.0,215.0,176,188
2013-03-09,209.0,214.0,176,176
2013-03-10,207.0,212.0,176,176
2013-03-11,205.0,210.0,168,176
2013-03-12,203.0,208.0,167,170
2013-03-13,201.0,206.0,163,172
2013-03-14,198.0,204.0,165,165
2013-03-15,197.0,202.0,182,193
2013-03-16,195.0,201.0,182,182
2013-03-17,194.0,199.0,182,182
2013-03-18,193.0,198.0,182,182
2013-03-19,191.0,196.0,174,184
2013-03-20,190.0,195.0,176,184
2013-03-21,188.0,194.0,177,177
2013-03-22,187.0,193.0,193,201
2013-03-23,186.0,192.0,193,193
2013-03-24,185.0,190.0,193,193
2013-03-25,184.0,189.0,189,193
2013-03-26,183.0,188.0,189,190
2013-03-27,183.0,188.0,205,219
2013-03-28,183.0,188.0,192,205
2013-03-29,183.0,187.0,189,194
2013-03-30,182.0,187.0,189,189
2013-03-31,183.0,186.0,189,189
2013-04-01,183.0,187.0,190,190
2013-04-02,183.0,187.0,193,193
2013-04-03,183.0,187.0,194,202
2013-04-04,184.0,188.0,194,196
2013-04-05,185.0,189.0,215,225
2013-04-06,186.0,190.0,215,215
2013-04-07,187.0,191.0,215,215
2013-04-08,188.0,192.0,218,224
2013-04-09,190.0,194.0,217,220
2013-04-10,191.0,196.0,204,230
2013-04-11,192.0,197.0,206,206
2013-04-12,193.0,198.0,196,206
2013-04-13,194.0,199.0,196,196
2013-04-14,195.0,199.0,196,196
2013-04-15,195.0,200.0,190,198
2013-04-16,195.0,200.0,191,191
2013-04-17,196.0,200.0,193,196
2013-04-18,196.0,201.0,194,194
2013-04-19,198.0,202.0,229,239
2013-04-20,200.0,204.0,229,229
2013-04-21,201.0,205.0,229,229
2013-04-22,202.0,206.0,228,230
2013-04-23,203.0,208.0,227,228
2013-04-24,205.0,209.0,237,238
2013-04-25,206.0,211.0,235,237
2013-04-26,207.0,211.0,220,239
2013-04-27,208.0,212.0,220,220
2013-04-28,209.0,213.0,220,220
2013-04-29,210.0,214.0,214,221
2013-04-30,211.0,215.0,214,216
2013-05-01,212.0,217.0,239,249
2013-05-02,214.0,218.0,242,243
2013-05-03,215.0,220.0,222,247
2013-05-04,216.0,221.0,222,222
2013-05-05,216.0,221.0,222,222
2013-05-06,216.0,221.0,218,226
2013-05-07,216.0,221.0,219,220
2013-05-08,216.0,221.0,218,224
2013-05-09,216.0,221.0,216,219
2013-05-10,217.0,221.0,221,229
2013-05-11,217.0,222.0,221,221
2013-05-12,218.0,222.0,221,221
2013-05-13,219.0,223.0,216,222
2013-05-14,220.0,224.0,220,220
2013-05-15,220.0,225.0,216,228
2013-05-16,221.0,226.0,215,217
2013-05-17,222.0,226.0,207,216
2013-05-18,222.0,227.0,207,207
2013-05-19,221.0,226.0,207,207
2013-05-20,221.0,225.0,219,223
2013-05-21,221.0,225.0,221,221
2013-05-22,220.0,225.0,214,226
2013-05-23,220.0,225.0,216,219
2013-05-24,219.0,224.0,202,218
2013-05-25,218.0,223.0,202,202
2013-05-26,217.0,222.0,202,202
2013-05-27,216.0,221.0,202,202
2013-05-28,216.0,220.0,203,203
2013-05-29,215.0,220.0,200,208
2013-05-30,215.0,220.0,199,202
2013-05-31,214.0,218.0,196,207
2013-06-01,212.0,217.0,196,196
2013-06-02,211.0,215.0,196,196
2013-06-03,210.0,214.0,194,199
2013-06-04,209.0,213.0,192,195
2013-06-05,209.0,213.0,215,217
2013-06-06,209.0,213.0,216,218
2013-06-07,209.0,213.0,218,236
2013-06-08,209.0,213.0,218,218
2013-06-09,209.0,213.0,218,218
2013-06-10,209.0,213.0,213,218
2013-06-11,209.0,213.0,216,217
2013-06-12,209.0,213.0,218,223
2013-06-13,209.0,213.0,220,220
2013-06-14,209.0,212.0,214,223
2013-06-15,208.0,212.0,214,214
2013-06-16,209.0,212.0,214,214
2013-06-17,209.0,213.0,203,218
2013-06-18,208.0,213.0,202,205
2013-06-19,209.0,213.0,228,237
2013-06-20,209.0,213.0,229,230
2013-06-21,209.0,214.0,224,231
2013-06-22,210.0,214.0,224,224
2013-06-23,210.0,214.0,224,224
2013-06-24,211.0,215.0,220,226
2013-06-25,212.0,215.0,220,222
2013-06-26,212.0,216.0,209,221
2013-06-27,212.0,216.0,208,209
2013-06-28,211.0,216.0,179,208
2013-06-29,211.0,215.0,179,179
2013-06-30,210.0,214.0,179,179
2013-07-01,209.0,214.0,175,181
2013-07-02,209.0,213.0,176,178
2013-07-03,208.0,213.0,167,184
2013-07-04,207.0,212.0,167,167
2013-07-05,205.0,210.0,158,169
2013-07-06,203.0,208.0,158,158
2013-07-07,201.0,206.0,158,158
2013-07-08,199.0,204.0,157,158
2013-07-09,197.0,202.0,154,159
2013-07-10,195.0,200.0,154,159
2013-07-11,193.0,198.0,153,154
2013-07-12,190.0,195.0,146,153
2013-07-13,188.0,193.0,146,146
2013-07-14,186.0,190.0,146,146
2013-07-15,183.0,188.0,139,151
2013-07-16,181.0,186.0,139,142
2013-07-17,179.0,183.0,142,145
2013-07-18,177.0,181.0,141,142
2013-07-19,173.0,178.0,131,145
2013-07-20,170.0,175.0,131,131
2013-07-21,167.0,172.0,131,131
2013-07-22,164.0,169.0,130,134
2013-07-23,161.0,166.0,132,132
2013-07-24,159.0,163.0,155,160
2013-07-25,156.0,161.0,154,155
2013-07-26,155.0,159.0,152,159
2013-07-27,153.0,157.0,152,152
2013-07-28,152.0,155.0,152,152
2013-07-29,151.0,154.0,152,155
2013-07-30,150.0,154.0,152,153
2013-07-31,150.0,154.0,185,190
2013-08-01,151.0,154.0,189,189
2013-08-02,151.0,155.0,180,192
2013-08-03,152.0,155.0,180,180
2013-08-04,152.0,155.0,180,180
2013-08-05,153.0,156.0,178,185
2013-08-06,154.0,157.0,181,181
2013-08-07,155.0,158.0,185,188
2013-08-08,156.0,159.0,187,187
2013-08-09,157.0,160.0,182,194
2013-08-10,158.0,161.0,182,182
2013-08-11,159.0,162.0,182,182
2013-08-12,160.0,163.0,182,185
2013-08-13,161.0,165.0,182,184
2013-08-14,164.0,167.0,211,217
2013-08-15,166.0,169.0,211,215
2013-08-16,168.0,172.0,212,223
2013-08-17,171.0,174.0,212,212
2013-08-18,174.0,176.0,212,212
2013-08-19,176.0,179.0,205,212
2013-08-20,178.0,182.0,206,206
2013-08-21,181.0,184.0,193,212
2013-08-22,183.0,186.0,197,197
2013-08-23,184.0,188.0,207,207
2013-08-24,186.0,190.0,207,207
2013-08-25,188.0,191.0,207,207
2013-08-26,190.0,193.0,205,211
2013-08-27,192.0,195.0,206,206
2013-08-28,194.0,197.0,211,219
2013-08-29,196.0,199.0,212,213
2013-08-30,196.0,200.0,209,219
2013-08-31,197.0,201.0,209,209
2013-09-01,198.0,201.0,209,209
2013-09-02,199.0,202.0,209,209
2013-09-03,200.0,203.0,209,210
2013-09-04,201.0,205.0,220,226
2013-09-05,203.0,206.0,224,224
2013-09-06,204.0,208.0,205,236
2013-09-07,204.0,208.0,205,205
2013-09-08,205.0,209.0,205,205
2013-09-09,205.0,210.0,200,211
2013-09-10,206.0,210.0,200,202
2013-09-11,207.0,211.0,201,206
2013-09-12,207.0,212.0,204,207
2013-09-13,208.0,212.0,213,223
2013-09-14,208.0,212.0,213,213
2013-09-15,208.0,212.0,213,213
2013-09-16,208.0,212.0,213,219
2013-09-17,208.0,212.0,215,215
2013-09-18,209.0,213.0,232,240
2013-09-19,210.0,214.0,234,235
2013-09-20,211.0,215.0,228,239
2013-09-21,212.0,216.0,228,228
2013-09-22,212.0,216.0,228,228
2013-09-23,213.0,217.0,230,232
2013-09-24,214.0,218.0,231,231
2013-09-25,215.0,219.0,228,243
2013-09-26,216.0,220.0,234,234
2013-09-27,216.0,221.0,226,243
2013-09-28,217.0,221.0,226,226
2013-09-29,217.0,222.0,226,226
2013-09-30,218.0,222.0,226,228
2013-10-01,218.0,222.0,210,212
2013-10-02,218.0,223.0,223,226
2013-10-03,219.0,223.0,221,224
2013-10-04,218.0,223.0,213,228
2013-10-05,218.0,223.0,213,213
2013-10-06,218.0,222.0,213,213
2013-10-07,219.0,223.0,214,218
2013-10-08,219.0,223.0,213,215
2013-10-09,219.0,223.0,210,217
2013-10-10,220.0,224.0,209,211
2013-10-11,220.0,224.0,217,232
2013-10-12,221.0,225.0,217,217
2013-10-13,221.0,225.0,217,217
2013-10-14,221.0,225.0,220,220
2013-10-15,221.0,225.0,225,226
2013-10-16,221.0,226.0,212,236
2013-10-17,221.0,226.0,212,215
2013-10-18,221.0,226.0,218,237
2013-10-19,220.0,225.0,218,218
2013-10-20,220.0,224.0,218,218
2013-10-21,219.0,224.0,216,221
2013-10-22,219.0,224.0,217,219
2013-10-23,219.0,224.0,223,228
2013-10-24,219.0,224.0,227,227
2013-10-25,219.0,223.0,230,231
2013-10-26,219.0,223.0,230,230
2013-10-27,219.0,223.0,230,230
2013-10-28,218.0,223.0,199,235
2013-10-29,217.0,222.0,201,202
2013-10-30,216.0,222.0,205,209
2013-10-31,216.0,221.0,206,209
2013-11-01,215.0,221.0,199,213
2013-11-02,215.0,220.0,199,199
2013-11-03,214.0,219.0,199,199
2013-11-04,214.0,219.0,199,200
2013-11-05,213.0,218.0,196,200
2013-11-06,212.0,218.0,193,202
2013-11-07,212.0,217.0,193,195
2013-11-08,211.0,217.0,183,202
2013-11-09,210.0,216.0,183,183
2013-11-10,209.0,214.0,183,183
2013-11-11,208.0,213.0,183,183
2013-11-12,207.0,212.0,184,185
2013-11-13,206.0,211.0,191,195
2013-11-14,205.0,210.0,191,191
2013-11-15,204.0,209.0,191,206
2013-11-16,203.0,208.0,191,191
2013-11-17,202.0,206.0,191,191
2013-11-18,202.0,206.0,204,208
2013-11-19,201.0,206.0,206,208
2013-11-20,201.0,205.0,203,208
2013-11-21,200.0,205.0,201,204
2013-11-22,200.0,204.0,195,213
2013-11-23,198.0,203.0,195,195
2013-11-24,197.0,202.0,195,195
2013-11-25,196.0,201.0,199,201
2013-11-26,195.0,200.0,201,202
2013-11-27,195.0,199.0,191,207
2013-11-28,195.0,199.0,191,191
2013-11-29,194.0,198.0,191,191
2013-11-30,194.0,198.0,191,191
2013-12-01,193.0,197.0,191,191
2013-12-02,193.0,197.0,188,191
2013-12-03,193.0,196.0,189,190
2013-12-04,193.0,196.0,195,199
2013-12-05,193.0,196.0,197,198
2013-12-06,193.0,197.0,206,223
2013-12-07,194.0,197.0,206,206
2013-12-08,194.0,198.0,206,206
2013-12-09,195.0,198.0,204,211
2013-12-10,196.0,199.0,204,205
2013-12-11,196.0,200.0,202,210
2013-12-12,197.0,201.0,203,204
2013-12-13,197.0,202.0,200,226
2013-12-14,198.0,202.0,199,200
2013-12-15,198.0,202.0,198,199
2013-12-16,198.0,202.0,203,205
2013-12-17,199.0,203.0,204,208
2013-12-18,199.0,203.0,207,215
2013-12-19,199.0,203.0,208,208
2013-12-20,199.0,204.0,217,229
2013-12-21,200.0,204.0,217,217
2013-12-22,200.0,204.0,217,217
2013-12-23,201.0,205.0,220,225
2013-12-24,202.0,206.0,217,220
2013-12-25,203.0,207.0,217,217
2013-12-26,203.0,207.0,224,224
2013-12-27,204.0,208.0,217,225
2013-12-28,205.0,209.0,217,217
2013-12-29,206.0,210.0,217,217
2013-12-30,207.0,211.0,218,221
2013-12-31,208.0,212.0,217,220
2014-01-01,209.0,213.0,217,217
2014-01-02,210.0,214.0,222,222
2014-01-03,210.0,215.0,212,233
2014-01-04,211.0,215.0,212,212
2014-01-05,211.0,215.0,212,212
2014-01-06,211.0,215.0,206,214
2014-01-07,211.0,215.0,206,208
2014-01-08,212.0,216.0,220,222
2014-01-09,212.0,216.0,219,220
2014-01-10,213.0,217.0,218,228
2014-01-11,213.0,217.0,218,218
2014-01-12,214.0,217.0,218,218
2014-01-13,214.0,218.0,217,220
2014-01-14,215.0,218.0,217,218
2014-01-15,216.0,219.0,217,227
2014-01-16,216.0,219.0,220,221
2014-01-17,216.0,220.0,211,230
2014-01-18,216.0,220.0,211,211
2014-01-19,216.0,219.0,211,211
2014-01-20,216.0,219.0,211,211
2014-01-21,216.0,219.0,211,212
2014-01-22,215.0,219.0,213,227
2014-01-23,216.0,219.0,220,221
2014-01-24,216.0,220.0,219,235
2014-01-25,215.0,220.0,219,219
2014-01-26,216.0,219.0,219,219
2014-01-27,215.0,220.0,214,222
2014-01-28,215.0,220.0,214,216
2014-01-29,215.0,220.0,221,225
2014-01-30,216.0,220.0,224,224
2014-01-31,215.0,220.0,207,233
2014-02-01,215.0,220.0,207,207
2014-02-02,215.0,219.0,207,207
2014-02-03,214.0,219.0,208,209
2014-02-04,214.0,219.0,199,213
2014-02-05,214.0,219.0,219,224
2014-02-06,215.0,220.0,218,220
2014-02-07,215.0,220.0,212,224
2014-02-08,214.0,219.0,212,212
2014-02-09,214.0,219.0,211,212
2014-02-10,214.0,219.0,215,217
2014-02-11,214.0,219.0,213,215
2014-02-12,213.0,219.0,197,221
2014-02-13,213.0,218.0,200,201
2014-02-14,212.0,218.0,195,211
2014-02-15,211.0,217.0,195,195
2014-02-16,211.0,216.0,195,195
2014-02-17,210.0,215.0,195,195
2014-02-18,209.0,215.0,193,196
2014-02-19,209.0,214.0,197,202
2014-02-20,208.0,214.0,195,197
2014-02-21,208.0,213.0,192,203
2014-02-22,207.0,212.0,192,192
2014-02-23,206.0,211.0,192,192
2014-02-24,205.0,210.0,193,197
2014-02-25,204.0,209.0,196,196
2014-02-26,204.0,209.0,201,206
2014-02-27,203.0,208.0,201,202
2014-02-28,202.0,208.0,193,209
2014-03-01,201.0,207.0,193,193
2014-03-02,201.0,205.0,193,193
2014-03-03,201.0,205.0,198,202
2014-03-04,200.0,205.0,200,202
2014-03-05,200.0,205.0,201,209
2014-03-06,200.0,204.0,200,202
2014-03-07,199.0,204.0,185,212
2014-03-08,198.0,203.0,185,185
2014-03-09,197.0,202.0,185,185
2014-03-10,196.0,201.0,184,189
2014-03-11,195.0,200.0,183,185
2014-03-12,195.0,199.0,194,200
2014-03-13,194.0,199.0,195,195
2014-03-14,194.0,198.0,190,204
2014-03-15,193.0,198.0,190,190
2014-03-16,193.0,197.0,190,190
2014-03-17,193.0,197.0,190,198
2014-03-18,193.0,197.0,191,194
2014-03-19,193.0,197.0,190,199
2014-03-20,193.0,197.0,189,191
2014-03-21,193.0,197.0,195,204
2014-03-22,193.0,197.0,195,195
2014-03-23,193.0,197.0,195,195
2014-03-24,193.0,197.0,204,206
2014-03-25,193.0,198.0,203,204
2014-03-26,194.0,198.0,206,217
2014-03-27,194.0,199.0,212,213
2014-03-28,194.0,199.0,197,217
2014-03-29,194.0,199.0,197,197
2014-03-30,194.0,199.0,197,197
2014-03-31,194.0,199.0,192,203
2014-04-01,194.0,199.0,193,194
2014-04-02,194.0,199.0,193,198
2014-04-03,194.0,199.0,194,195
2014-04-04,194.0,199.0,193,206
2014-04-05,193.0,198.0,193,193
2014-04-06,194.0,198.0,193,193
2014-04-07,194.0,198.0,190,196
2014-04-08,194.0,198.0,191,192
2014-04-09,195.0,199.0,201,205
2014-04-10,195.0,200.0,202,205
2014-04-11,195.0,200.0,196,210
2014-04-12,195.0,200.0,196,196
2014-04-13,195.0,200.0,196,196
2014-04-14,196.0,200.0,205,214
2014-04-15,196.0,201.0,205,205
2014-04-16,197.0,202.0,196,217
2014-04-17,197.0,202.0,198,200
2014-04-18,198.0,202.0,212,212
2014-04-19,198.0,203.0,212,212
2014-04-20,199.0,203.0,212,212
2014-04-21,199.0,204.0,209,219
2014-04-22,200.0,205.0,211,213
2014-04-23,201.0,206.0,235,246
2014-04-24,202.0,207.0,234,238
2014-04-25,202.0,208.0,207,239
2014-04-26,202.0,208.0,207,207
2014-04-27,202.0,207.0,207,207
2014-04-28,203.0,208.0,220,222
2014-04-29,204.0,209.0,226,227
2014-04-30,205.0,210.0,227,245
2014-05-01,206.0,212.0,227,230
2014-05-02,207.0,213.0,217,238
2014-05-03,208.0,214.0,217,217
2014-05-04,209.0,214.0,217,217
2014-05-05,209.0,215.0,214,219
2014-05-06,210.0,216.0,215,216
2014-05-07,211.0,217.0,218,224
2014-05-08,212.0,218.0,218,218
2014-05-09,213.0,220.0,228,264
2014-05-10,214.0,220.0,228,228
2014-05-11,215.0,221.0,228,228
2014-05-12,216.0,222.0,236,241
2014-05-13,218.0,224.0,242,242
2014-05-14,219.0,225.0,248,257
2014-05-15,220.0,227.0,247,249
2014-05-16,223.0,229.0,260,271
2014-05-17,225.0,231.0,260,260
2014-05-18,226.0,232.0,260,260
2014-05-19,228.0,234.0,260,269
2014-05-20,229.0,236.0,258,261
2014-05-21,231.0,237.0,257,267
2014-05-22,233.0,239.0,258,259
2014-05-23,233.0,240.0,251,277
2014-05-24,234.0,240.0,251,251
2014-05-25,235.0,241.0,251,251
2014-05-26,237.0,242.0,251,251
2014-05-27,238.0,244.0,250,251
2014-05-28,239.0,245.0,256,265
2014-05-29,240.0,246.0,254,258
2014-05-30,241.0,247.0,266,275
2014-05-31,243.0,248.0,266,266
2014-06-01,244.0,249.0,266,266
2014-06-02,246.0,251.0,269,275
2014-06-03,247.0,253.0,253,270
2014-06-04,249.0,255.0,268,278
2014-06-05,251.0,257.0,270,271
2014-06-06,252.0,259.0,263,277
2014-06-07,254.0,260.0,263,263
2014-06-08,255.0,260.0,263,263
2014-06-09,256.0,262.0,255,273
2014-06-10,257.0,262.0,252,258
2014-06-11,258.0,263.0,259,264
2014-06-12,258.0,264.0,242,259
2014-06-13,257.0,264.0,233,248
2014-06-14,257.0,263.0,233,233
2014-06-15,256.0,262.0,233,233
2014-06-16,255.0,261.0,240,240
2014-06-17,254.0,260.0,237,241
2014-06-18,254.0,260.0,241,249
2014-06-19,253.0,259.0,243,244
2014-06-20,252.0,259.0,231,250
2014-06-21,251.0,258.0,231,231
2014-06-22,251.0,256.0,231,231
2014-06-23,250.0,256.0,229,233
2014-06-24,249.0,255.0,228,231
2014-06-25,249.0,255.0,241,246
2014-06-26,249.0,254.0,241,244
2014-06-27,248.0,254.0,236,247
2014-06-28,247.0,253.0,236,236
2014-06-29,246.0,252.0,236,236
2014-06-30,245.0,251.0,232,238
2014-07-01,244.0,250.0,231,233
2014-07-02,243.0,249.0,228,255
2014-07-03,242.0,248.0,240,246
2014-07-04,241.0,247.0,240,240
2014-07-05,240.0,246.0,240,240
2014-07-06,240.0,245.0,240,240
2014-07-07,238.0,244.0,227,244
2014-07-08,237.0,243.0,225,227
2014-07-09,236.0,242.0,235,241
2014-07-10,236.0,241.0,233,235
2014-07-11,234.0,240.0,204,244
2014-07-12,233.0,239.0,204,204
2014-07-13,232.0,237.0,204,204
2014-07-14,231.0,236.0,204,206
2014-07-15,230.0,235.0,199,205
2014-07-16,228.0,234.0,208,214
2014-07-17,228.0,233.0,207,208
2014-07-18,226.0,232.0,211,217
2014-07-19,225.0,231.0,211,211
2014-07-20,225.0,230.0,211,211
2014-07-21,224.0,229.0,205,213
2014-07-22,223.0,228.0,203,205
2014-07-23,222.0,228.0,212,216
2014-07-24,222.0,227.0,211,212
2014-07-25,222.0,227.0,240,243
2014-07-26,222.0,227.0,240,240
2014-07-27,222.0,227.0,240,240
2014-07-28,222.0,227.0,240,247
2014-07-29,222.0,227.0,240,242
2014-07-30,223.0,228.0,261,266
2014-07-31,224.0,229.0,247,262
2014-08-01,224.0,229.0,240,255
2014-08-02,224.0,229.0,240,240
2014-08-03,224.0,229.0,240,240
2014-08-04,224.0,229.0,239,244
2014-08-05,224.0,229.0,241,244
2014-08-06,225.0,229.0,241,246
2014-08-07,225.0,230.0,240,241
2014-08-08,225.0,230.0,236,244
2014-08-09,225.0,230.0,236,236
2014-08-10,226.0,230.0,236,236
2014-08-11,227.0,231.0,219,238
2014-08-12,227.0,231.0,219,221
2014-08-13,228.0,232.0,219,222
2014-08-14,228.0,232.0,219,221
2014-08-15,228.0,233.0,209,219
2014-08-16,228.0,233.0,209,209
2014-08-17,228.0,232.0,209,209
2014-08-18,228.0,232.0,208,211
2014-08-19,228.0,232.0,207,210
2014-08-20,228.0,232.0,205,215
2014-08-21,228.0,233.0,204,207
2014-08-22,228.0,232.0,210,212
2014-08-23,228.0,232.0,210,210
2014-08-24,227.0,231.0,210,210
2014-08-25,226.0,231.0,218,223
2014-08-26,226.0,230.0,218,220
2014-08-27,225.0,229.0,224,228
2014-08-28,225.0,229.0,229,229
2014-08-29,223.0,228.0,206,235
2014-08-30,222.0,226.0,206,206
2014-08-31,220.0,224.0,206,206
2014-09-01,219.0,223.0,206,206
2014-09-02,218.0,222.0,205,207
2014-09-03,217.0,221.0,204,214
2014-09-04,216.0,220.0,204,207
2014-09-05,215.0,219.0,210,227
2014-09-06,214.0,218.0,210,210
2014-09-07,213.0,217.0,210,210
2014-09-08,212.0,216.0,216,216
2014-09-09,212.0,216.0,217,219
2014-09-10,212.0,216.0,223,226
2014-09-11,212.0,216.0,217,224
2014-09-12,212.0,216.0,219,235
2014-09-13,212.0,216.0,219,219
2014-09-14,212.0,216.0,219,219
2014-09-15,212.0,216.0,206,220
2014-09-16,212.0,216.0,209,209
2014-09-17,212.0,216.0,207,213
2014-09-18,212.0,216.0,208,210
2014-09-19,212.0,217.0,218,222
2014-09-20,213.0,217.0,218,218
2014-09-21,213.0,217.0,218,218
2014-09-22,213.0,218.0,218,224
2014-09-23,214.0,218.0,218,220
2014-09-24,214.0,218.0,218,226
2014-09-25,213.0,218.0,215,219
2014-09-26,213.0,218.0,201,221
2014-09-27,212.0,217.0,201,201
2014-09-28,212.0,216.0,201,201
2014-09-29,211.0,216.0,201,202
2014-09-30,211.0,216.0,199,202
2014-10-01,211.0,215.0,195,205
2014-10-02,210.0,215.0,195,195
2014-10-03,210.0,215.0,193,207
2014-10-04,210.0,214.0,193,193
2014-10-05,209.0,213.0,193,193
2014-10-06,208.0,213.0,189,193
2014-10-07,208.0,212.0,193,195
2014-10-08,207.0,212.0,194,200
2014-10-09,206.0,211.0,196,196
2014-10-10,206.0,210.0,198,208
2014-10-11,205.0,209.0,198,198
2014-10-12,204.0,208.0,198,198
2014-10-13,204.0,207.0,198,198
2014-10-14,203.0,207.0,193,198
2014-10-15,202.0,206.0,179,195
2014-10-16,201.0,205.0,177,179
2014-10-17,200.0,204.0,174,179
2014-10-18,199.0,203.0,174,174
2014-10-19,197.0,201.0,174,174
2014-10-20,196.0,200.0,173,176
2014-10-21,194.0,198.0,169,173
2014-10-22,192.0,196.0,164,174
2014-10-23,190.0,195.0,165,166
2014-10-24,189.0,193.0,170,173
2014-10-25,187.0,191.0,170,170
2014-10-26,186.0,190.0,170,170
2014-10-27,185.0,189.0,173,174
2014-10-28,184.0,188.0,176,176
2014-10-29,184.0,187.0,179,186
2014-10-30,183.0,187.0,180,183
2014-10-31,182.0,186.0,169,189
2014-11-01,181.0,185.0,169,169
2014-11-02,181.0,184.0,169,169
2014-11-03,179.0,183.0,160,171
2014-11-04,178.0,182.0,161,162
2014-11-05,177.0,181.0,160,166
2014-11-06,176.0,180.0,160,162
2014-11-07,175.0,179.0,162,167
2014-11-08,174.0,178.0,162,162
2014-11-09,173.0,176.0,162,162
2014-11-10,172.0,175.0,162,166
2014-11-11,171.0,174.0,162,162
2014-11-12,169.0,173.0,155,166
2014-11-13,168.0,172.0,156,161
2014-11-14,167.0,171.0,155,162
2014-11-15,166.0,170.0,155,155
2014-11-16,166.0,169.0,155,155
2014-11-17,165.0,169.0,153,156
2014-11-18,164.0,168.0,151,154
2014-11-19,164.0,168.0,155,165
2014-11-20,163.0,167.0,157,157
2014-11-21,163.0,167.0,160,160
2014-11-22,163.0,166.0,160,160
2014-11-23,163.0,166.0,160,160
2014-11-24,162.0,166.0,155,165
2014-11-25,162.0,165.0,153,156
2014-11-26,161.0,165.0,158,169
2014-11-27,160.0,164.0,158,158
2014-11-28,160.0,164.0,158,158
2014-11-29,159.0,163.0,158,158
2014-11-30,159.0,162.0,158,158
2014-12-01,158.0,161.0,157,162
2014-12-02,158.0,161.0,156,157
2014-12-03,158.0,161.0,165,166
2014-12-04,158.0,161.0,164,165
2014-12-05,158.0,161.0,169,175
2014-12-06,159.0,162.0,169,169
2014-12-07,159.0,162.0,169,169
2014-12-08,159.0,162.0,165,171
2014-12-09,159.0,162.0,163,166
2014-12-10,159.0,162.0,167,171
2014-12-11,159.0,162.0,168,168
2014-12-12,160.0,163.0,169,173
2014-12-13,160.0,163.0,169,169
2014-12-14,161.0,163.0,169,169
2014-12-15,161.0,164.0,166,170
2014-12-16,162.0,164.0,169,170
2014-12-17,162.0,165.0,177,181
2014-12-18,163.0,166.0,177,178
2014-12-19,164.0,166.0,169,179
2014-12-20,164.0,167.0,170,170
2014-12-21,164.0,167.0,170,170
2014-12-22,165.0,167.0,163,172
2014-12-23,165.0,168.0,161,163
2014-12-24,165.0,168.0,158,168
2014-12-25,165.0,168.0,158,158
2014-12-26,165.0,167.0,158,158
2014-12-27,165.0,167.0,158,158
2014-12-28,165.0,167.0,158,158
2014-12-29,165.0,167.0,152,160
2014-12-30,164.0,167.0,151,152
2014-12-31,164.0,167.0,158,158
2015-01-01,165.0,167.0,158,158
2015-01-02,164.0,167.0,149,164
2015-01-03,164.0,166.0,149,149
2015-01-04,163.0,166.0,149,149
2015-01-05,162.0,165.0,142,150
2015-01-06,161.0,164.0,143,144
2015-01-07,161.0,163.0,148,150
2015-01-08,160.0,163.0,151,152
2015-01-09,160.0,163.0,151,158
2015-01-10,159.0,162.0,151,151
2015-01-11,158.0,161.0,151,151
2015-01-12,158.0,161.0,149,151
2015-01-13,157.0,160.0,149,149
2015-01-14,156.0,159.0,146,155
2015-01-15,156.0,159.0,145,146
2015-01-16,155.0,158.0,147,152
2015-01-17,154.0,157.0,147,147
2015-01-18,153.0,156.0,147,147
2015-01-19,152.0,155.0,147,147
2015-01-20,151.0,154.0,147,147
2015-01-21,151.0,153.0,142,148
2015-01-22,150.0,153.0,143,143
2015-01-23,150.0,152.0,148,153
2015-01-24,149.0,152.0,148,148
2015-01-25,149.0,151.0,148,148
2015-01-26,149.0,151.0,145,148
2015-01-27,148.0,151.0,144,145
2015-01-28,148.0,150.0,148,155
2015-01-29,148.0,150.0,150,151
2015-01-30,148.0,150.0,146,151
2015-01-31,147.0,150.0,146,146
2015-02-01,147.0,149.0,146,146
2015-02-02,147.0,149.0,138,146
2015-02-03,146.0,149.0,138,138
2015-02-04,146.0,149.0,137,143
2015-02-05,146.0,148.0,138,139
2015-02-06,146.0,148.0,133,141
2015-02-07,145.0,147.0,133,133
2015-02-08,144.0,147.0,133,133
2015-02-09,144.0,146.0,131,134
2015-02-10,143.0,145.0,132,133
2015-02-11,142.0,145.0,130,136
2015-02-12,142.0,144.0,129,130
2015-02-13,141.0,144.0,127,132
2015-02-14,140.0,143.0,127,127
2015-02-15,140.0,142.0,127,127
2015-02-16,139.0,141.0,127,127
2015-02-17,138.0,141.0,125,127
2015-02-18,137.0,140.0,118,126
2015-02-19,137.0,139.0,119,119
2015-02-20,136.0,138.0,118,122
2015-02-21,135.0,137.0,118,118
2015-02-22,134.0,136.0,118,118
2015-02-23,133.0,135.0,118,118
2015-02-24,132.0,134.0,118,118
2015-02-25,131.0,133.0,113,119
2015-02-26,130.0,132.0,114,114
2015-02-27,129.0,131.0,116,120
2015-02-28,128.0,130.0,116,116
2015-03-01,127.0,129.0,116,116
2015-03-02,126.0,128.0,123,126
2015-03-03,125.0,128.0,131,131
2015-03-04,126.0,128.0,146,149
2015-03-05,126.0,128.0,147,148
2015-03-06,127.0,129.0,155,160
2015-03-07,127.0,129.0,155,155
2015-03-08,128.0,130.0,155,155
2015-03-09,128.0,130.0,152,155
2015-03-10,129.0,131.0,153,153
2015-03-11,130.0,132.0,161,164
2015-03-12,131.0,133.0,161,161
2015-03-13,132.0,134.0,170,174
2015-03-14,134.0,136.0,170,170
2015-03-15,135.0,137.0,170,170
2015-03-16,137.0,138.0,166,172
2015-03-17,138.0,140.0,165,166
2015-03-18,139.0,141.0,171,173
2015-03-19,141.0,143.0,171,173
2015-03-20,143.0,144.0,171,175
2015-03-21,144.0,146.0,171,171
2015-03-22,146.0,148.0,171,171
2015-03-23,148.0,149.0,170,173
2015-03-24,150.0,151.0,173,173
2015-03-25,152.0,153.0,175,178
2015-03-26,154.0,155.0,177,178
2015-03-27,156.0,158.0,183,189
2015-03-28,158.0,160.0,183,183
2015-03-29,160.0,162.0,183,183
2015-03-30,162.0,164.0,175,184
2015-03-31,164.0,166.0,176,176
2015-04-01,166.0,168.0,185,187
2015-04-02,168.0,170.0,187,187
2015-04-03,170.0,172.0,193,196
2015-04-04,171.0,173.0,193,193
2015-04-05,173.0,174.0,193,193
2015-04-06,174.0,176.0,192,198
2015-04-07,175.0,177.0,193,194
2015-04-08,177.0,179.0,196,198
2015-04-09,178.0,180.0,195,196
2015-04-10,179.0,181.0,198,201
2015-04-11,180.0,182.0,198,198
2015-04-12,181.0,183.0,198,198
2015-04-13,182.0,184.0,195,198
2015-04-14,183.0,185.0,196,196
2015-04-15,184.0,186.0,181,203
2015-04-16,184.0,187.0,179,181
2015-04-17,184.0,187.0,172,182
2015-04-18,184.0,187.0,172,172
2015-04-19,184.0,187.0,172,172
2015-04-20,184.0,187.0,169,172
2015-04-21,184.0,187.0,169,169
2015-04-22,184.0,187.0,173,180
2015-04-23,184.0,187.0,172,173
2015-04-24,184.0,187.0,169,176
2015-04-25,184.0,187.0,169,169
2015-04-26,183.0,186.0,169,169
2015-04-27,182.0,185.0,163,169
2015-04-28,182.0,185.0,163,165
2015-04-29,182.0,184.0,168,170
2015-04-30,181.0,184.0,165,168
2015-05-01,180.0,183.0,160,165
2015-05-02,180.0,182.0,160,160
2015-05-03,178.0,181.0,163,163
2015-05-04,177.0,180.0,146,163
2015-05-05,175.0,179.0,144,146
2015-05-06,174.0,177.0,149,151
2015-05-07,172.0,176.0,150,150
2015-05-08,171.0,175.0,159,163
2015-05-09,170.0,173.0,159,159
2015-05-10,169.0,172.0,159,159
2015-05-11,167.0,171.0,153,159
2015-05-12,166.0,169.0,153,154
2015-05-13,164.0,168.0,153,160
2015-05-14,163.0,167.0,153,154
2015-05-15,162.0,165.0,148,154
2015-05-16,161.0,164.0,148,148
2015-05-17,160.0,163.0,148,148
2015-05-18,159.0,162.0,148,151
2015-05-19,158.0,161.0,148,148
2015-05-20,158.0,161.0,152,157
2015-05-21,157.0,160.0,153,153
2015-05-22,156.0,159.0,151,160
2015-05-23,156.0,159.0,151,151
2015-05-24,155.0,158.0,151,151
2015-05-25,155.0,157.0,151,151
2015-05-26,154.0,157.0,145,152
2015-05-27,153.0,156.0,144,149
2015-05-28,152.0,155.0,141,144
2015-05-29,152.0,154.0,142,144
2015-05-30,151.0,154.0,142,142
2015-05-31,150.0,153.0,142,142
2015-06-01,150.0,152.0,146,148
2015-06-02,149.0,152.0,146,147
2015-06-03,149.0,152.0,147,151
2015-06-04,149.0,152.0,149,149
2015-06-05,149.0,152.0,151,154
2015-06-06,149.0,152.0,151,151
2015-06-07,149.0,151.0,151,151
2015-06-08,149.0,151.0,154,156
2015-06-09,149.0,151.0,153,156
2015-06-10,149.0,152.0,169,176
2015-06-11,150.0,152.0,169,170
2015-06-12,150.0,153.0,165,169
2015-06-13,151.0,153.0,164,165
2015-06-14,151.0,153.0,164,164
2015-06-15,152.0,154.0,161,166
2015-06-16,152.0,154.0,166,166
2015-06-17,153.0,155.0,164,171
2015-06-18,153.0,156.0,164,165
2015-06-19,154.0,156.0,163,166
2015-06-20,154.0,156.0,163,163
2015-06-21,154.0,156.0,163,163
2015-06-22,155.0,157.0,162,163
2015-06-23,155.0,157.0,163,164
2015-06-24,156.0,158.0,162,164
2015-06-25,156.0,158.0,163,163
2015-06-26,157.0,159.0,162,167
2015-06-27,157.0,159.0,162,162
2015-06-28,158.0,160.0,162,162
2015-06-29,159.0,161.0,157,163
2015-06-30,159.0,161.0,159,159
2015-07-01,160.0,162.0,165,176
2015-07-02,160.0,163.0,158,165
2015-07-03,161.0,163.0,158,158
2015-07-04,161.0,163.0,158,158
2015-07-05,161.0,163.0,158,158
2015-07-06,161.0,164.0,154,159
2015-07-07,161.0,164.0,154,157
2015-07-08,161.0,164.0,152,155
2015-07-09,161.0,164.0,152,152
2015-07-10,161.0,163.0,152,154
2015-07-11,160.0,162.0,152,152
2015-07-12,160.0,162.0,152,152
2015-07-13,159.0,161.0,145,152
2015-07-14,158.0,161.0,140,145
2015-07-15,158.0,160.0,158,161
2015-07-16,158.0,160.0,158,158
2015-07-17,158.0,160.0,158,162
2015-07-18,157.0,160.0,158,158
2015-07-19,157.0,159.0,158,158
2015-07-20,157.0,159.0,157,159
2015-07-21,157.0,159.0,156,157
2015-07-22,157.0,159.0,157,161
2015-07-23,156.0,159.0,157,157
2015-07-24,156.0,159.0,163,172
2015-07-25,156.0,159.0,163,163
2015-07-26,157.0,159.0,163,163
2015-07-27,156.0,159.0,160,167
2015-07-28,156.0,159.0,158,160
2015-07-29,157.0,159.0,163,166
2015-07-30,157.0,159.0,163,164
2015-07-31,157.0,159.0,167,169
2015-08-01,157.0,159.0,167,167
2015-08-02,157.0,159.0,167,167
2015-08-03,158.0,160.0,168,170
2015-08-04,158.0,160.0,168,172
2015-08-05,159.0,161.0,176,185
2015-08-06,160.0,162.0,177,177
2015-08-07,160.0,163.0,173,181
2015-08-08,161.0,163.0,173,173
2015-08-09,162.0,164.0,173,173
2015-08-10,162.0,165.0,168,173
2015-08-11,163.0,165.0,169,169
2015-08-12,164.0,166.0,175,177
2015-08-13,165.0,167.0,175,176
2015-08-14,166.0,168.0,177,180
2015-08-15,166.0,168.0,177,177
2015-08-16,167.0,169.0,177,177
2015-08-17,167.0,170.0,177,178
2015-08-18,168.0,170.0,175,178
2015-08-19,169.0,171.0,175,179
2015-08-20,169.0,172.0,171,176
2015-08-21,169.0,172.0,169,174
2015-08-22,170.0,172.0,169,169
2015-08-23,170.0,172.0,169,169
2015-08-24,170.0,173.0,168,171
2015-08-25,170.0,173.0,166,169
2015-08-26,170.0,173.0,165,171
2015-08-27,171.0,173.0,165,166
2015-08-28,171.0,173.0,171,171
2015-08-29,171.0,174.0,171,171
2015-08-30,171.0,174.0,171,171
2015-08-31,171.0,174.0,169,172
2015-09-01,172.0,174.0,170,170
2015-09-02,171.0,174.0,162,175
2015-09-03,171.0,174.0,159,162
2015-09-04,171.0,173.0,162,168
2015-09-05,170.0,173.0,162,162
2015-09-06,170.0,172.0,162,162
2015-09-07,169.0,172.0,162,162
2015-09-08,169.0,171.0,163,166
2015-09-09,169.0,171.0,165,169
2015-09-10,169.0,171.0,164,168
2015-09-11,169.0,171.0,169,174
2015-09-12,168.0,171.0,169,169
2015-09-13,168.0,170.0,169,169
2015-09-14,168.0,170.0,162,171
2015-09-15,167.0,170.0,161,163
2015-09-16,167.0,170.0,169,174
2015-09-17,167.0,169.0,168,170
2015-09-18,166.0,169.0,169,177
2015-09-19,166.0,169.0,169,169
2015-09-20,166.0,169.0,169,169
2015-09-21,166.0,169.0,170,175
2015-09-22,166.0,169.0,169,170
2015-09-23,167.0,170.0,180,184
2015-09-24,167.0,170.0,181,184
2015-09-25,168.0,171.0,192,198
2015-09-26,169.0,172.0,192,192
2015-09-27,170.0,173.0,192,192
2015-09-28,170.0,173.0,192,195
2015-09-29,171.0,174.0,190,192
2015-09-30,172.0,175.0,184,199
2015-10-01,172.0,176.0,185,185
2015-10-02,173.0,176.0,186,192
2015-10-03,174.0,177.0,186,186
2015-10-04,175.0,177.0,186,186
2015-10-05,175.0,178.0,182,186
2015-10-06,176.0,179.0,182,184
2015-10-07,177.0,180.0,186,191
2015-10-08,177.0,181.0,183,187
2015-10-09,178.0,181.0,172,187
2015-10-10,178.0,181.0,172,172
2015-10-11,178.0,181.0,172,172
2015-10-12,178.0,181.0,172,172
2015-10-13,178.0,182.0,174,174
2015-10-14,179.0,182.0,186,194
2015-10-15,180.0,183.0,188,189
2015-10-16,181.0,184.0,191,201
2015-10-17,181.0,185.0,191,191
2015-10-18,182.0,185.0,191,191
2015-10-19,182.0,186.0,178,194
2015-10-20,183.0,186.0,178,180
2015-10-21,183.0,187.0,188,195
2015-10-22,184.0,188.0,188,188
2015-10-23,185.0,189.0,208,214
2015-10-24,186.0,190.0,208,208
2015-10-25,186.0,190.0,208,208
2015-10-26,186.0,191.0,195,211
2015-10-27,186.0,191.0,193,195
2015-10-28,187.0,191.0,200,201
2015-10-29,187.0,191.0,199,202
2015-10-30,188.0,192.0,222,232
2015-10-31,190.0,194.0,222,222
2015-11-01,191.0,194.0,221,222
2015-11-02,192.0,196.0,219,233
2015-11-03,193.0,197.0,213,220
2015-11-04,194.0,198.0,217,224
2015-11-05,195.0,200.0,216,217
2015-11-06,196.0,201.0,211,234
2015-11-07,197.0,202.0,211,211
2015-11-08,198.0,203.0,211,211
2015-11-09,199.0,204.0,206,216
2015-11-10,200.0,205.0,207,209
2015-11-11,202.0,206.0,206,207
2015-11-12,203.0,208.0,206,207
2015-11-13,203.0,208.0,209,215
2015-11-14,204.0,209.0,209,209
2015-11-15,205.0,209.0,209,209
2015-11-16,205.0,210.0,205,209
2015-11-17,206.0,210.0,204,205
2015-11-18,207.0,211.0,210,214
2015-11-19,208.0,212.0,211,211
2015-11-20,209.0,213.0,213,217
2015-11-21,209.0,214.0,213,213
2015-11-22,210.0,214.0,213,213
2015-11-23,209.0,214.0,205,216
2015-11-24,209.0,214.0,204,205
2015-11-25,210.0,214.0,202,213
2015-11-26,210.0,214.0,202,202
2015-11-27,210.0,214.0,199,202
2015-11-28,210.0,214.0,199,199
2015-11-29,209.0,213.0,198,199
2015-11-30,208.0,212.0,194,199
2015-12-01,207.0,211.0,194,195
2015-12-02,206.0,210.0,196,205
2015-12-03,206.0,209.0,193,196
2015-12-04,205.0,208.0,186,196
2015-12-05,204.0,207.0,186,186
2015-12-06,203.0,206.0,186,186
2015-12-07,202.0,205.0,184,192
2015-12-08,201.0,204.0,184,184
2015-12-09,200.0,204.0,179,193
2015-12-10,199.0,203.0,177,180
2015-12-11,198.0,202.0,183,191
2015-12-12,198.0,201.0,183,183
2015-12-13,197.0,200.0,183,183
2015-12-14,196.0,200.0,194,199
2015-12-15,196.0,199.0,192,194
2015-12-16,196.0,199.0,199,202
2015-12-17,195.0,199.0,200,200
2015-12-18,195.0,199.0,196,207
2015-12-19,194.0,198.0,196,196
2015-12-20,194.0,198.0,195,196
2015-12-21,193.0,197.0,194,195
2015-12-22,192.0,196.0,191,194
2015-12-23,192.0,195.0,187,192
2015-12-24,191.0,195.0,188,189
2015-12-25,191.0,194.0,188,188
2015-12-26,190.0,194.0,190,190
2015-12-27,190.0,193.0,190,190
2015-12-28,190.0,193.0,187,191
2015-12-29,189.0,193.0,185,189
2015-12-30,189.0,193.0,190,194
2015-12-31,189.0,192.0,191,191
2016-01-01,189.0,192.0,191,191
2016-01-02,189.0,192.0,192,192
2016-01-03,189.0,192.0,192,192
2016-01-04,189.0,192.0,190,193
2016-01-05,189.0,192.0,191,192
2016-01-06,190.0,193.0,188,206
2016-01-07,190.0,193.0,186,188
2016-01-08,189.0,193.0,169,188
2016-01-09,189.0,192.0,169,169
2016-01-10,189.0,191.0,170,170
2016-01-11,188.0,191.0,166,174
2016-01-12,187.0,191.0,167,167
2016-01-13,187.0,190.0,179,186
2016-01-14,187.0,190.0,179,180
2016-01-15,186.0,189.0,173,184
2016-01-16,185.0,188.0,173,173
2016-01-17,184.0,187.0,174,174
2016-01-18,183.0,186.0,174,174
2016-01-19,183.0,186.0,173,174
2016-01-20,182.0,185.0,171,178
2016-01-21,181.0,184.0,170,171
2016-01-22,181.0,184.0,171,173
2016-01-23,180.0,183.0,171,171
2016-01-24,179.0,183.0,171,171
2016-01-25,179.0,182.0,170,173
2016-01-26,178.0,181.0,172,172
2016-01-27,178.0,181.0,171,179
2016-01-28,177.0,180.0,175,175
2016-01-29,177.0,180.0,171,181
2016-01-30,176.0,179.0,171,171
2016-01-31,175.0,179.0,171,171
2016-02-01,175.0,178.0,168,177
2016-02-02,174.0,177.0,166,169
2016-02-03,173.0,177.0,168,173
2016-02-04,172.0,176.0,173,173
2016-02-05,172.0,176.0,180,191
2016-02-06,172.0,175.0,180,180
2016-02-07,172.0,175.0,180,180
2016-02-08,172.0,176.0,174,180
2016-02-09,173.0,176.0,176,177
2016-02-10,173.0,176.0,185,188
2016-02-11,174.0,177.0,187,188
2016-02-12,174.0,177.0,171,191
2016-02-13,173.0,177.0,171,171
2016-02-14,173.0,176.0,171,171
2016-02-15,173.0,176.0,171,171
2016-02-16,173.0,176.0,169,173
2016-02-17,173.0,176.0,171,175
2016-02-18,173.0,176.0,174,175
2016-02-19,173.0,176.0,169,180
2016-02-20,173.0,176.0,174,174
2016-02-21,173.0,176.0,174,174
2016-02-22,173.0,177.0,167,175
2016-02-23,173.0,176.0,165,167
2016-02-24,173.0,177.0,169,176
2016-02-25,173.0,177.0,171,172
2016-02-26,172.0,176.0,163,173
2016-02-27,172.0,176.0,163,163
2016-02-28,172.0,175.0,163,163
2016-02-29,171.0,175.0,160,167
2016-03-01,171.0,175.0,162,164
2016-03-02,171.0,175.0,169,172
2016-03-03,172.0,175.0,175,175
2016-03-04,172.0,175.0,178,182
2016-03-05,172.0,176.0,178,178
2016-03-06,172.0,175.0,178,178
2016-03-07,172.0,175.0,175,181
2016-03-08,172.0,175.0,174,177
2016-03-09,172.0,175.0,177,182
2016-03-10,172.0,175.0,177,179
2016-03-11,171.0,175.0,169,179
2016-03-12,171.0,174.0,169,169
2016-03-13,170.0,174.0,169,169
2016-03-14,170.0,173.0,162,169
2016-03-15,170.0,173.0,161,162
2016-03-16,170.0,173.0,160,165
2016-03-17,169.0,173.0,164,164
2016-03-18,169.0,172.0,160,168
2016-03-19,168.0,172.0,160,160
2016-03-20,168.0,171.0,160,160
2016-03-21,168.0,171.0,158,161
2016-03-22,167.0,170.0,158,159
2016-03-23,167.0,170.0,158,164
2016-03-24,167.0,170.0,156,160
2016-03-25,166.0,169.0,156,156
2016-03-26,166.0,168.0,156,156
2016-03-27,165.0,168.0,156,156
2016-03-28,165.0,168.0,153,157
2016-03-29,165.0,167.0,152,155
2016-03-30,165.0,167.0,158,161
2016-03-31,164.0,167.0,157,158
2016-04-01,164.0,167.0,155,161
2016-04-02,163.0,166.0,155,155
2016-04-03,163.0,165.0,155,155
2016-04-04,162.0,164.0,148,157
2016-04-05,161.0,163.0,148,149
2016-04-06,160.0,163.0,148,153
2016-04-07,159.0,162.0,149,149
2016-04-08,158.0,161.0,148,154
2016-04-09,157.0,160.0,148,148
2016-04-10,156.0,159.0,148,148
2016-04-11,155.0,158.0,147,150
2016-04-12,155.0,157.0,147,149
2016-04-13,155.0,157.0,166,174
2016-04-14,155.0,158.0,162,166
2016-04-15,155.0,158.0,150,164
2016-04-16,154.0,157.0,150,150
2016-04-17,154.0,156.0,150,150
2016-04-18,154.0,156.0,159,160
2016-04-19,154.0,156.0,154,159
2016-04-20,154.0,157.0,166,170
2016-04-21,154.0,157.0,166,166
2016-04-22,154.0,157.0,163,168
2016-04-23,154.0,157.0,163,163
2016-04-24,155.0,157.0,163,163
2016-04-25,155.0,158.0,158,164
2016-04-26,155.0,158.0,161,162
2016-04-27,155.0,158.0,164,168
2016-04-28,156.0,159.0,164,164
2016-04-29,156.0,159.0,160,170
2016-04-30,156.0,159.0,160,160
2016-05-01,156.0,159.0,160,160
2016-05-02,156.0,159.0,156,162
2016-05-03,156.0,159.0,156,156
2016-05-04,156.0,159.0,154,159
2016-05-05,156.0,159.0,153,154
2016-05-06,157.0,160.0,155,157
2016-05-07,157.0,160.0,155,155
2016-05-08,157.0,160.0,155,155
2016-05-09,157.0,160.0,153,156
2016-05-10,158.0,160.0,155,156
2016-05-11,159.0,161.0,181,182
2016-05-12,160.0,162.0,181,181
2016-05-13,160.0,163.0,171,185
2016-05-14,160.0,163.0,171,171
2016-05-15,161.0,163.0,171,171
2016-05-16,162.0,164.0,174,175
2016-05-17,162.0,165.0,172,174
2016-05-18,163.0,166.0,174,183
2016-05-19,164.0,166.0,174,174
2016-05-20,164.0,166.0,173,177
2016-05-21,164.0,167.0,173,173
2016-05-22,164.0,167.0,173,173
2016-05-23,165.0,167.0,173,179
2016-05-24,165.0,168.0,172,173
2016-05-25,166.0,168.0,175,180
2016-05-26,166.0,169.0,173,175
2016-05-27,166.0,169.0,173,179
2016-05-28,167.0,169.0,173,173
2016-05-29,167.0,169.0,173,173
2016-05-30,168.0,170.0,173,173
2016-05-31,168.0,170.0,174,177
2016-06-01,169.0,171.0,178,187
2016-06-02,170.0,172.0,183,184
2016-06-03,171.0,174.0,205,210
2016-06-04,173.0,176.0,205,205
2016-06-05,175.0,177.0,205,205
2016-06-06,176.0,179.0,209,212
2016-06-07,178.0,181.0,203,209
2016-06-08,179.0,183.0,193,213
2016-06-09,181.0,184.0,195,195
2016-06-10,181.0,185.0,189,204
2016-06-11,181.0,185.0,189,189
2016-06-12,182.0,185.0,189,189
2016-06-13,182.0,186.0,187,190
2016-06-14,183.0,186.0,190,190
2016-06-15,184.0,187.0,188,194
2016-06-16,184.0,188.0,187,189
2016-06-17,185.0,188.0,191,194
2016-06-18,185.0,188.0,191,191
2016-06-19,186.0,189.0,191,191
2016-06-20,186.0,190.0,188,193
2016-06-21,187.0,190.0,187,190
2016-06-22,187.0,191.0,188,195
2016-06-23,188.0,191.0,188,188
2016-06-24,188.0,192.0,185,188
2016-06-25,188.0,192.0,185,185
2016-06-26,189.0,192.0,185,185
2016-06-27,189.0,192.0,179,186
2016-06-28,189.0,193.0,178,180
2016-06-29,189.0,193.0,176,182
2016-06-30,190.0,193.0,184,185
2016-07-01,190.0,194.0,186,200
2016-07-02,190.0,194.0,186,186
2016-07-03,189.0,193.0,186,186
2016-07-04,189.0,192.0,186,186
2016-07-05,188.0,192.0,180,187
2016-07-06,187.0,191.0,181,185
2016-07-07,186.0,190.0,179,181
2016-07-08,186.0,189.0,181,185
2016-07-09,185.0,188.0,181,181
2016-07-10,185.0,188.0,181,181
2016-07-11,185.0,188.0,172,183
2016-07-12,184.0,187.0,173,173
2016-07-13,183.0,187.0,168,179
2016-07-14,182.0,186.0,164,168
2016-07-15,182.0,185.0,167,170
2016-07-16,181.0,184.0,167,167
2016-07-17,180.0,183.0,167,167
2016-07-18,179.0,183.0,164,169
2016-07-19,178.0,182.0,163,166
2016-07-20,178.0,181.0,166,169
2016-07-21,177.0,180.0,164,168
2016-07-22,176.0,179.0,159,166
2016-07-23,175.0,178.0,159,159
2016-07-24,174.0,177.0,159,159
2016-07-25,173.0,177.0,151,160
2016-07-26,172.0,176.0,151,154
2016-07-27,172.0,176.0,178,184
2016-07-28,172.0,176.0,179,179
2016-07-29,172.0,176.0,169,182
2016-07-30,171.0,175.0,169,169
2016-07-31,171.0,174.0,169,169
2016-08-01,170.0,174.0,167,175
2016-08-02,169.0,173.0,165,169
2016-08-03,169.0,172.0,163,170
2016-08-04,168.0,172.0,163,164
2016-08-05,167.0,171.0,159,164
2016-08-06,167.0,170.0,159,159
2016-08-07,166.0,169.0,159,159
2016-08-08,165.0,169.0,150,160
2016-08-09,164.0,168.0,150,150
2016-08-10,163.0,167.0,162,167
2016-08-11,163.0,167.0,161,162
2016-08-12,163.0,166.0,170,171
2016-08-13,163.0,167.0,170,170
2016-08-14,163.0,167.0,170,170
2016-08-15,163.0,167.0,168,170
2016-08-16,163.0,167.0,168,170
2016-08-17,165.0,168.0,199,203
2016-08-18,166.0,169.0,199,199
2016-08-19,167.0,170.0,196,201
2016-08-20,168.0,171.0,197,197
2016-08-21,169.0,172.0,197,197
2016-08-22,170.0,173.0,194,199
2016-08-23,172.0,175.0,194,196
2016-08-24,173.0,176.0,191,211
2016-08-25,174.0,178.0,192,192
2016-08-26,175.0,178.0,196,203
2016-08-27,175.0,179.0,196,196
2016-08-28,176.0,179.0,196,196
2016-08-29,177.0,180.0,194,197
2016-08-30,178.0,181.0,192,195
2016-08-31,179.0,182.0,201,203
2016-09-01,180.0,183.0,204,204
2016-09-02,182.0,184.0,204,204
2016-09-03,183.0,186.0,204,204
2016-09-04,185.0,187.0,204,204
2016-09-05,186.0,188.0,204,204
2016-09-06,188.0,190.0,203,204
2016-09-07,190.0,192.0,216,220
2016-09-08,192.0,194.0,215,216
2016-09-09,194.0,196.0,214,217
2016-09-10,195.0,198.0,214,214
2016-09-11,197.0,199.0,214,214
2016-09-12,198.0,201.0,206,216
2016-09-13,199.0,202.0,206,207
2016-09-14,201.0,204.0,217,222
2016-09-15,202.0,205.0,216,217
2016-09-16,203.0,206.0,221,233
2016-09-17,204.0,207.0,222,222
2016-09-18,205.0,208.0,222,222
2016-09-19,206.0,208.0,222,224
2016-09-20,206.0,209.0,220,222
2016-09-21,207.0,211.0,224,237
2016-09-22,208.0,212.0,225,225
2016-09-23,209.0,212.0,220,233
2016-09-24,210.0,213.0,220,220
2016-09-25,211.0,214.0,220,220
2016-09-26,212.0,215.0,215,225
2016-09-27,212.0,215.0,214,215
2016-09-28,214.0,217.0,237,250
2016-09-29,215.0,219.0,240,240
2016-09-30,217.0,220.0,243,250
2016-10-01,218.0,221.0,243,243
2016-10-02,219.0,223.0,243,243
2016-10-03,221.0,224.0,239,248
2016-10-04,222.0,225.0,238,239
2016-10-05,224.0,227.0,261,261
2016-10-06,226.0,230.0,270,270
2016-10-07,228.0,231.0,270,270
2016-10-08,230.0,233.0,270,270
2016-10-09,231.0,235.0,271,271
2016-10-10,233.0,237.0,271,271
2016-10-11,235.0,239.0,274,274
2016-10-12,237.0,241.0,247,288
2016-10-13,238.0,242.0,246,249
2016-10-14,239.0,244.0,249,256
2016-10-15,240.0,245.0,249,249
2016-10-16,241.0,245.0,249,249
2016-10-17,242.0,246.0,240,251
2016-10-18,242.0,247.0,245,245
2016-10-19,243.0,248.0,243,253
2016-10-20,244.0,249.0,242,243
2016-10-21,245.0,249.0,256,262
2016-10-22,246.0,250.0,257,257
2016-10-23,247.0,251.0,257,257
2016-10-24,248.0,253.0,255,260
2016-10-25,250.0,254.0,255,256
2016-10-26,251.0,256.0,259,280
2016-10-27,252.0,257.0,242,260
2016-10-28,253.0,258.0,276,276
2016-10-29,255.0,259.0,276,276
2016-10-30,256.0,260.0,276,276
2016-10-31,256.0,261.0,268,276
2016-11-01,257.0,262.0,267,268
2016-11-02,258.0,263.0,275,281
2016-11-03,260.0,264.0,276,276
2016-11-04,260.0,265.0,256,279
2016-11-05,259.0,265.0,257,257
2016-11-06,259.0,264.0,257,257
2016-11-07,258.0,264.0,255,261
2016-11-08,258.0,263.0,253,256
2016-11-09,258.0,263.0,270,270
2016-11-10,258.0,263.0,277,280
2016-11-11,259.0,263.0,278,278
2016-11-12,260.0,264.0,278,278
2016-11-13,261.0,265.0,278,278
2016-11-14,261.0,266.0,267,283
2016-11-15,262.0,267.0,268,268
2016-11-16,263.0,268.0,278,279
2016-11-17,264.0,269.0,279,279
2016-11-18,265.0,270.0,275,285
2016-11-19,267.0,271.0,275,275
2016-11-20,267.0,271.0,275,275
2016-11-21,267.0,272.0,265,279
2016-11-22,268.0,272.0,266,266
2016-11-23,268.0,273.0,270,284
2016-11-24,269.0,274.0,270,270
2016-11-25,269.0,273.0,268,270
2016-11-26,270.0,273.0,268,268
2016-11-27,270.0,273.0,268,268
2016-11-28,269.0,273.0,268,273
2016-11-29,269.0,273.0,274,276
2016-11-30,270.0,273.0,279,284
2016-12-01,270.0,274.0,279,280
2016-12-02,270.0,274.0,279,285
2016-12-03,270.0,274.0,279,279
2016-12-04,271.0,274.0,279,279
2016-12-05,271.0,275.0,265,279
2016-12-06,272.0,275.0,263,266
2016-12-07,272.0,275.0,267,270
2016-12-08,272.0,276.0,269,269
2016-12-09,272.0,276.0,263,271
2016-12-10,272.0,275.0,263,263
2016-12-11,271.0,275.0,263,263
2016-12-12,270.0,274.0,251,265
2016-12-13,269.0,273.0,251,251
2016-12-14,269.0,273.0,258,264
2016-12-15,269.0,272.0,259,260
2016-12-16,268.0,272.0,258,260
2016-12-17,268.0,271.0,258,258
2016-12-18,267.0,270.0,258,258
2016-12-19,266.0,270.0,260,274
2016-12-20,266.0,270.0,260,261
2016-12-21,266.0,270.0,252,271
2016-12-22,265.0,269.0,263,264
2016-12-23,265.0,269.0,254,265
2016-12-24,264.0,268.0,254,254
2016-12-25,264.0,268.0,254,254
2016-12-26,263.0,267.0,254,254
2016-12-27,263.0,267.0,252,255
2016-12-28,262.0,266.0,251,260
2016-12-29,262.0,266.0,251,252
2016-12-30,261.0,265.0,251,255
2016-12-31,260.0,264.0,251,251
2017-01-01,259.0,263.0,251,251
2017-01-02,258.0,262.0,251,251
2017-01-03,257.0,261.0,254,255
2017-01-04,257.0,260.0,252,257
2017-01-05,256.0,260.0,252,252
2017-01-06,256.0,259.0,248,253
2017-01-07,255.0,258.0,248,248
2017-01-08,254.0,258.0,248,248
2017-01-09,254.0,257.0,241,250
2017-01-10,253.0,257.0,244,245
2017-01-11,253.0,256.0,244,250
2017-01-12,252.0,256.0,242,244
2017-01-13,252.0,256.0,233,260
2017-01-14,251.0,255.0,233,233
2017-01-15,250.0,254.0,233,233
2017-01-16,249.0,253.0,235,235
2017-01-17,248.0,252.0,234,235
2017-01-18,248.0,252.0,254,262
2017-01-19,248.0,252.0,259,259
2017-01-20,248.0,252.0,244,266
2017-01-21,247.0,251.0,244,244
2017-01-22,247.0,250.0,244,244
2017-01-23,246.0,250.0,243,249
2017-01-24,246.0,250.0,242,243
2017-01-25,246.0,250.0,259,262
2017-01-26,247.0,250.0,261,261
2017-01-27,247.0,250.0,256,265
2017-01-28,247.0,251.0,256,256
2017-01-29,247.0,251.0,257,257
2017-01-30,247.0,251.0,260,272
2017-01-31,248.0,252.0,261,263
2017-02-01,248.0,252.0,259,273
2017-02-02,248.0,253.0,259,262
2017-02-03,248.0,253.0,254,259
2017-02-04,248.0,253.0,254,254
2017-02-05,248.0,253.0,254,254
2017-02-06,249.0,253.0,253,265
2017-02-07,249.0,254.0,255,255
2017-02-08,249.0,254.0,254,264
2017-02-09,250.0,255.0,255,258
2017-02-10,251.0,255.0,270,273
2017-02-11,252.0,256.0,271,271
2017-02-12,253.0,257.0,271,271
2017-02-13,254.0,258.0,271,276
2017-02-14,255.0,260.0,272,278
2017-02-15,256.0,261.0,269,284
2017-02-16,258.0,262.0,268,271
2017-02-17,258.0,263.0,252,270
2017-02-18,257.0,262.0,252,252
2017-02-19,258.0,262.0,252,252
2017-02-20,258.0,262.0,252,252
2017-02-21,258.0,263.0,253,257
2017-02-22,259.0,264.0,274,279
2017-02-23,260.0,265.0,275,276
2017-02-24,261.0,265.0,270,280
2017-02-25,261.0,266.0,269,270
2017-02-26,261.0,266.0,269,269
2017-02-27,261.0,266.0,253,273
2017-02-28,261.0,266.0,260,262
2017-03-01,261.0,266.0,259,270
2017-03-02,261.0,266.0,261,262
2017-03-03,262.0,266.0,268,276
2017-03-04,262.0,267.0,268,268
2017-03-05,262.0,267.0,268,268
2017-03-06,262.0,268.0,257,269
2017-03-07,263.0,268.0,261,263
2017-03-08,263.0,268.0,256,268
2017-03-09,263.0,268.0,264,267
2017-03-10,264.0,269.0,281,295
2017-03-11,265.0,270.0,282,282
2017-03-12,265.0,270.0,282,282
2017-03-13,265.0,271.0,269,284
2017-03-14,265.0,271.0,267,271
2017-03-15,265.0,271.0,278,279
2017-03-16,266.0,271.0,280,281
2017-03-17,266.0,271.0,281,290
2017-03-18,267.0,272.0,283,283
2017-03-19,268.0,272.0,283,283
2017-03-20,268.0,273.0,265,284
2017-03-21,268.0,274.0,257,267
2017-03-22,268.0,274.0,261,270
2017-03-23,269.0,274.0,260,262
2017-03-24,268.0,274.0,257,264
2017-03-25,268.0,273.0,257,257
2017-03-26,267.0,273.0,257,257
2017-03-27,267.0,272.0,253,260
2017-03-28,266.0,272.0,259,259
2017-03-29,267.0,272.0,269,271
2017-03-30,267.0,272.0,269,273
2017-03-31,267.0,272.0,269,275
2017-04-01,268.0,273.0,269,269
2017-04-02,268.0,272.0,270,270
2017-04-03,267.0,273.0,259,275
2017-04-04,267.0,272.0,260,263
2017-04-05,267.0,273.0,250,273
2017-04-06,267.0,272.0,250,255
2017-04-07,267.0,272.0,263,269
2017-04-08,267.0,272.0,263,263
2017-04-09,266.0,271.0,263,263
2017-04-10,265.0,271.0,242,265
2017-04-11,264.0,269.0,242,245
2017-04-12,263.0,268.0,245,252
2017-04-13,262.0,267.0,247,247
2017-04-14,261.0,267.0,242,254
2017-04-15,260.0,265.0,243,243
2017-04-16,258.0,264.0,243,243
2017-04-17,257.0,263.0,235,254
2017-04-18,255.0,261.0,237,241
2017-04-19,255.0,261.0,254,263
2017-04-20,255.0,260.0,254,256
2017-04-21,255.0,261.0,263,288
2017-04-22,255.0,261.0,263,263
2017-04-23,255.0,261.0,263,263
2017-04-24,256.0,262.0,271,279
2017-04-25,256.0,262.0,274,278
2017-04-26,257.0,263.0,275,287
2017-04-27,257.0,264.0,275,275
2017-04-28,257.0,264.0,263,286
2017-04-29,257.0,264.0,263,263
2017-04-30,257.0,264.0,263,263
2017-05-01,257.0,264.0,268,280
2017-05-02,256.0,264.0,256,269
2017-05-03,256.0,264.0,251,265
2017-05-04,256.0,263.0,250,252
2017-05-05,256.0,263.0,250,257
2017-05-06,256.0,263.0,250,250
2017-05-07,255.0,262.0,251,251
2017-05-08,255.0,262.0,249,253
2017-05-09,255.0,261.0,257,259
2017-05-10,255.0,261.0,258,262
2017-05-11,256.0,262.0,257,258
2017-05-12,255.0,262.0,236,260
2017-05-13,255.0,262.0,236,236
2017-05-14,255.0,261.0,236,236
2017-05-15,254.0,261.0,229,240
2017-05-16,254.0,261.0,230,231
2017-05-17,254.0,260.0,235,242
2017-05-18,254.0,260.0,237,238
2017-05-19,254.0,260.0,252,260
2017-05-20,254.0,260.0,252,252
2017-05-21,253.0,259.0,252,252
2017-05-22,253.0,258.0,257,258
2017-05-23,253.0,259.0,264,264
2017-05-24,253.0,258.0,265,277
2017-05-25,253.0,258.0,266,269
2017-05-26,252.0,258.0,258,271
2017-05-27,252.0,257.0,258,258
2017-05-28,251.0,256.0,258,258
2017-05-29,251.0,256.0,258,258
2017-05-30,251.0,256.0,265,266
2017-05-31,250.0,256.0,242,275
2017-06-01,250.0,255.0,242,244
2017-06-02,250.0,254.0,238,246
2017-06-03,249.0,254.0,238,238
2017-06-04,249.0,253.0,238,238
2017-06-05,249.0,253.0,244,254
2017-06-06,248.0,254.0,247,253
2017-06-07,249.0,254.0,267,272
2017-06-08,250.0,255.0,276,276
2017-06-09,250.0,256.0,267,295
2017-06-10,250.0,256.0,267,267
2017-06-11,251.0,256.0,267,267
2017-06-12,252.0,258.0,261,270
2017-06-13,253.0,258.0,266,266
2017-06-14,254.0,260.0,251,273
2017-06-15,255.0,260.0,254,255
2017-06-16,255.0,261.0,256,270
2017-06-17,256.0,262.0,258,258
2017-06-18,256.0,262.0,258,258
2017-06-19,256.0,263.0,255,270
2017-06-20,256.0,263.0,236,258
2017-06-21,256.0,263.0,257,258
2017-06-22,256.0,263.0,259,259
2017-06-23,256.0,262.0,260,274
2017-06-24,255.0,262.0,260,260
2017-06-25,255.0,262.0,260,260
2017-06-26,255.0,263.0,256,280
2017-06-27,255.0,263.0,257,258
2017-06-28,255.0,263.0,252,275
2017-06-29,255.0,263.0,248,254
2017-06-30,255.0,262.0,248,258
2017-07-01,255.0,262.0,248,248
2017-07-02,255.0,262.0,248,248
2017-07-03,256.0,263.0,249,254
2017-07-04,256.0,263.0,250,250
2017-07-05,256.0,263.0,256,258
2017-07-06,257.0,264.0,264,267
2017-07-07,257.0,264.0,275,280
2017-07-08,257.0,264.0,275,275
2017-07-09,258.0,263.0,275,275
2017-07-10,258.0,264.0,271,288
2017-07-11,258.0,264.0,265,275
2017-07-12,257.0,265.0,257,281
2017-07-13,257.0,265.0,259,259
2017-07-14,258.0,265.0,267,283
2017-07-15,258.0,265.0,267,267
2017-07-16,259.0,265.0,267,267
2017-07-17,258.0,266.0,251,273
2017-07-18,258.0,265.0,252,252
2017-07-19,258.0,265.0,263,270
2017-07-20,259.0,266.0,261,264
2017-07-21,259.0,266.0,251,266
2017-07-22,259.0,266.0,253,253
2017-07-23,259.0,265.0,256,256
2017-07-24,259.0,266.0,258,272
2017-07-25,259.0,266.0,265,269
2017-07-26,259.0,266.0,268,279
2017-07-27,259.0,266.0,263,270
2017-07-28,260.0,266.0,258,269
2017-07-29,260.0,266.0,258,258
2017-07-30,260.0,266.0,258,258
2017-07-31,261.0,267.0,262,264
2017-08-01,261.0,267.0,260,266
2017-08-02,262.0,268.0,266,269
2017-08-03,262.0,268.0,267,267
2017-08-04,263.0,269.0,269,282
2017-08-05,263.0,269.0,269,269
2017-08-06,263.0,269.0,270,270
2017-08-07,262.0,269.0,261,287
2017-08-08,262.0,269.0,255,264
2017-08-09,261.0,268.0,259,264
2017-08-10,261.0,268.0,266,266
2017-08-11,261.0,268.0,265,273
2017-08-12,262.0,268.0,265,265
2017-08-13,262.0,267.0,265,265
2017-08-14,261.0,267.0,261,268
2017-08-15,261.0,267.0,261,264
2017-08-16,262.0,267.0,269,274
2017-08-17,262.0,268.0,263,272
2017-08-18,262.0,268.0,269,279
2017-08-19,263.0,268.0,269,269
2017-08-20,263.0,268.0,269,269
2017-08-21,264.0,269.0,273,275
2017-08-22,264.0,270.0,262,274
2017-08-23,264.0,269.0,255,265
2017-08-24,264.0,269.0,261,261
2017-08-25,264.0,269.0,267,270
2017-08-26,264.0,269.0,257,267
2017-08-27,264.0,268.0,257,257
2017-08-28,264.0,269.0,256,264
2017-08-29,264.0,269.0,265,268
2017-08-30,264.0,270.0,264,287
2017-08-31,264.0,270.0,258,269
2017-09-01,263.0,270.0,253,263
2017-09-02,263.0,269.0,255,255
2017-09-03,262.0,268.0,255,255
2017-09-04,262.0,268.0,255,255
2017-09-05,262.0,268.0,264,265
2017-09-06,262.0,267.0,267,273
2017-09-07,262.0,267.0,253,268
2017-09-08,262.0,267.0,264,264
2017-09-09,262.0,267.0,264,264
2017-09-10,262.0,267.0,264,264
2017-09-11,262.0,267.0,264,264
2017-09-12,262.0,267.0,264,264
2017-09-13,262.0,267.0,264,264
2017-09-14,262.0,267.0,274,274
2017-09-15,263.0,267.0,279,284
2017-09-16,263.0,268.0,279,279
2017-09-17,264.0,268.0,280,280
2017-09-18,264.0,268.0,281,281
2017-09-19,264.0,268.0,280,282
2017-09-20,264.0,269.0,264,294
2017-09-21,264.0,269.0,262,264
2017-09-22,264.0,269.0,258,270
2017-09-23,264.0,269.0,258,258
2017-09-24,264.0,268.0,258,258
2017-09-25,264.0,268.0,259,261
2017-09-26,264.0,268.0,262,264
2017-09-27,264.0,269.0,259,276
2017-09-28,264.0,269.0,261,262
2017-09-29,264.0,268.0,275,280
2017-09-30,265.0,269.0,276,276
2017-10-01,266.0,269.0,276,276
2017-10-02,266.0,270.0,264,284
2017-10-03,266.0,271.0,266,269
2017-10-04,267.0,271.0,272,277
2017-10-05,267.0,272.0,272,273
2017-10-06,267.0,272.0,270,275
2017-10-07,268.0,272.0,270,270
2017-10-08,268.0,272.0,270,270
2017-10-09,268.0,272.0,270,270
2017-10-10,269.0,272.0,270,272
2017-10-11,269.0,273.0,269,285
2017-10-12,269.0,273.0,272,274
2017-10-13,269.0,274.0,252,277
2017-10-14,268.0,273.0,252,252
2017-10-15,267.0,272.0,252,252
2017-10-16,266.0,271.0,252,253
2017-10-17,265.0,270.0,252,252
2017-10-18,264.0,270.0,257,267
2017-10-19,264.0,269.0,257,258
2017-10-20,263.0,268.0,246,275
2017-10-21,262.0,268.0,246,246
2017-10-22,262.0,267.0,246,246
2017-10-23,262.0,267.0,268,270
2017-10-24,263.0,268.0,272,272
2017-10-25,263.0,268.0,257,280
2017-10-26,263.0,268.0,262,262
2017-10-27,263.0,268.0,260,267
2017-10-28,263.0,268.0,260,260
2017-10-29,262.0,267.0,260,260
2017-10-30,261.0,267.0,249,261
2017-10-31,261.0,266.0,255,255
2017-11-01,261.0,266.0,263,267
2017-11-02,261.0,266.0,267,268
2017-11-03,261.0,265.0,273,273
2017-11-04,261.0,265.0,273,273
2017-11-05,261.0,265.0,273,273
2017-11-06,260.0,266.0,259,279
2017-11-07,260.0,265.0,263,265
2017-11-08,260.0,266.0,257,272
2017-11-09,259.0,265.0,257,257
2017-11-10,259.0,264.0,256,257
2017-11-11,258.0,264.0,256,256
2017-11-12,259.0,263.0,256,256
2017-11-13,259.0,264.0,262,281
2017-11-14,259.0,265.0,263,285
2017-11-15,260.0,266.0,262,283
2017-11-16,260.0,268.0,256,305
2017-11-17,259.0,268.0,239,268
2017-11-18,258.0,267.0,239,239
2017-11-19,258.0,266.0,239,239
2017-11-20,258.0,266.0,239,245
2017-11-21,259.0,266.0,266,266
2017-11-22,258.0,266.0,252,268
2017-11-23,258.0,266.0,252,252
2017-11-24,257.0,265.0,252,253
2017-11-25,257.0,264.0,252,252
2017-11-26,257.0,264.0,252,252
2017-11-27,257.0,264.0,262,265
2017-11-28,257.0,264.0,262,265
2017-11-29,257.0,265.0,255,271
2017-11-30,257.0,265.0,254,255
2017-12-01,256.0,264.0,245,262
2017-12-02,256.0,264.0,245,245
2017-12-03,255.0,263.0,245,245
2017-12-04,254.0,262.0,249,251
2017-12-05,254.0,262.0,260,261
2017-12-06,253.0,261.0,250,269
2017-12-07,253.0,261.0,256,257
2017-12-08,253.0,261.0,244,259
2017-12-09,252.0,260.0,244,244
2017-12-10,252.0,260.0,246,246
2017-12-11,251.0,260.0,245,250
2017-12-12,251.0,259.0,248,248
2017-12-13,251.0,259.0,258,272
2017-12-14,251.0,258.0,259,260
2017-12-15,251.0,258.0,267,275
2017-12-16,251.0,257.0,267,267
2017-12-17,252.0,257.0,267,267
2017-12-18,253.0,258.0,263,267
2017-12-19,254.0,259.0,262,269
2017-12-20,254.0,259.0,255,271
2017-12-21,254.0,259.0,253,256
2017-12-22,253.0,259.0,235,255
2017-12-23,253.0,258.0,235,235
2017-12-24,252.0,258.0,236,236
2017-12-25,252.0,257.0,236,236
2017-12-26,252.0,257.0,243,243
2017-12-27,250.0,256.0,229,248
2017-12-28,249.0,255.0,231,232
2017-12-29,249.0,254.0,232,253
2017-12-30,248.0,254.0,233,233
2017-12-31,248.0,253.0,233,233
2018-01-01,247.0,252.0,233,233
2018-01-02,247.0,252.0,236,237
2018-01-03,247.0,252.0,243,244
2018-01-04,246.0,251.0,245,247
2018-01-05,246.0,251.0,241,251
2018-01-06,245.0,250.0,241,241
2018-01-07,245.0,250.0,241,241
2018-01-08,245.0,250.0,246,247
2018-01-09,245.0,250.0,246,247
2018-01-10,245.0,250.0,247,251
2018-01-11,245.0,250.0,251,252
2018-01-12,245.0,249.0,241,256
2018-01-13,244.0,249.0,241,241
2018-01-14,244.0,248.0,243,243
2018-01-15,243.0,247.0,242,243
2018-01-16,242.0,246.0,246,247
2018-01-17,242.0,246.0,250,255
2018-01-18,241.0,245.0,252,253
2018-01-19,241.0,245.0,259,262
2018-01-20,241.0,245.0,243,259
2018-01-21,241.0,245.0,243,243
2018-01-22,242.0,245.0,244,245
2018-01-23,242.0,245.0,244,246
2018-01-24,242.0,246.0,245,252
2018-01-25,242.0,246.0,246,246
2018-01-26,242.0,246.0,234,254
2018-01-27,242.0,246.0,234,234
2018-01-28,243.0,246.0,234,234
2018-01-29,243.0,246.0,238,239
2018-01-30,243.0,246.0,238,241
2018-01-31,243.0,247.0,247,269
2018-02-01,244.0,248.0,243,247
2018-02-02,243.0,248.0,237,250
2018-02-03,243.0,248.0,238,238
2018-02-04,243.0,247.0,238,238
2018-02-05,243.0,247.0,238,242
2018-02-06,243.0,247.0,242,244
2018-02-07,243.0,248.0,240,270
2018-02-08,243.0,248.0,240,241
2018-02-09,242.0,248.0,235,247
2018-02-10,242.0,247.0,235,235
2018-02-11,242.0,246.0,236,236
2018-02-12,241.0,246.0,236,242
2018-02-13,241.0,246.0,231,236
2018-02-14,241.0,246.0,238,243
2018-02-15,240.0,246.0,236,239
2018-02-16,240.0,246.0,229,244
2018-02-17,239.0,245.0,229,229
2018-02-18,238.0,244.0,230,230
2018-02-19,238.0,243.0,230,230
2018-02-20,237.0,242.0,229,232
2018-02-21,237.0,243.0,242,250
2018-02-22,237.0,242.0,241,243
2018-02-23,237.0,242.0,240,250
2018-02-24,237.0,242.0,240,240
2018-02-25,237.0,242.0,240,240
2018-02-26,237.0,242.0,236,244
2018-02-27,237.0,242.0,240,240
2018-02-28,238.0,243.0,254,256
2018-03-01,238.0,243.0,255,255
2018-03-02,238.0,243.0,238,262
2018-03-03,238.0,243.0,238,238
2018-03-04,238.0,242.0,238,238
2018-03-05,238.0,242.0,233,240
2018-03-06,237.0,242.0,235,238
2018-03-07,237.0,243.0,235,245
2018-03-08,237.0,242.0,238,239
2018-03-09,238.0,242.0,264,268
2018-03-10,239.0,243.0,264,264
2018-03-11,240.0,244.0,264,264
2018-03-12,240.0,245.0,254,267
2018-03-13,241.0,245.0,252,255
2018-03-14,242.0,247.0,267,283
2018-03-15,243.0,248.0,266,268
2018-03-16,244.0,249.0,262,287
2018-03-17,245.0,250.0,262,262
2018-03-18,246.0,251.0,267,268
2018-03-19,248.0,253.0,277,283
2018-03-20,250.0,255.0,296,297
2018-03-21,252.0,257.0,296,305
2018-03-22,254.0,260.0,300,302
2018-03-23,256.0,261.0,280,301
2018-03-24,257.0,263.0,281,281
2018-03-25,258.0,264.0,281,281
2018-03-26,259.0,265.0,269,281
2018-03-27,260.0,266.0,270,270
2018-03-28,262.0,268.0,284,292
2018-03-29,264.0,269.0,286,288
2018-03-30,264.0,270.0,283,290
2018-03-31,265.0,271.0,283,283
2018-04-01,267.0,272.0,283,283
2018-04-02,268.0,274.0,280,297
2018-04-03,270.0,276.0,283,283
2018-04-04,272.0,277.0,286,293
2018-04-05,273.0,279.0,282,287
2018-04-06,275.0,281.0,304,306
2018-04-07,277.0,283.0,293,305
2018-04-08,278.0,284.0,293,293
2018-04-09,279.0,285.0,285,296
2018-04-10,280.0,286.0,281,287
2018-04-11,281.0,287.0,287,293
2018-04-12,282.0,288.0,285,288
2018-04-13,282.0,288.0,282,286
2018-04-14,283.0,288.0,282,282
2018-04-15,283.0,288.0,282,282
2018-04-16,284.0,289.0,272,289
2018-04-17,284.0,289.0,274,275
2018-04-18,285.0,290.0,297,300
2018-04-19,285.0,290.0,299,299
2018-04-20,285.0,290.0,302,308
2018-04-21,285.0,290.0,302,302
2018-04-22,286.0,290.0,302,302
2018-04-23,286.0,291.0,295,304
2018-04-24,287.0,291.0,294,298
2018-04-25,288.0,293.0,304,315
2018-04-26,289.0,294.0,309,309
2018-04-27,290.0,295.0,295,317
2018-04-28,290.0,295.0,295,295
2018-04-29,290.0,295.0,296,296
2018-04-30,290.0,296.0,274,298
2018-05-01,289.0,295.0,269,278
2018-05-02,289.0,295.0,260,271
2018-05-03,288.0,294.0,259,263
2018-05-04,287.0,293.0,261,263
2018-05-05,286.0,292.0,253,261
2018-05-06,284.0,290.0,253,253
2018-05-07,283.0,289.0,251,259
2018-05-08,282.0,287.0,250,253
2018-05-09,281.0,286.0,257,260
2018-05-10,280.0,285.0,259,260
2018-05-11,279.0,284.0,252,263
2018-05-12,278.0,283.0,253,253
2018-05-13,277.0,282.0,253,253
2018-05-14,276.0,281.0,255,259
2018-05-15,276.0,281.0,277,278
2018-05-16,276.0,282.0,283,306
2018-05-17,276.0,282.0,266,285
2018-05-18,275.0,281.0,266,274
2018-05-19,274.0,280.0,266,266
2018-05-20,272.0,279.0,266,266
2018-05-21,271.0,278.0,263,270
2018-05-22,270.0,276.0,262,267
2018-05-23,269.0,275.0,265,267
2018-05-24,268.0,274.0,265,268
2018-05-25,266.0,273.0,260,273
2018-05-26,265.0,271.0,260,260
2018-05-27,264.0,269.0,262,262
2018-05-28,263.0,268.0,262,262
2018-05-29,261.0,267.0,257,262
2018-05-30,261.0,266.0,264,267
2018-05-31,261.0,266.0,262,267
2018-06-01,261.0,266.0,266,273
2018-06-02,261.0,266.0,266,266
2018-06-03,261.0,266.0,266,266
2018-06-04,261.0,266.0,254,268
2018-06-05,261.0,266.0,254,262
2018-06-06,262.0,267.0,257,265
2018-06-07,262.0,267.0,259,263
2018-06-08,262.0,267.0,257,265
2018-06-09,262.0,267.0,257,257
2018-06-10,262.0,267.0,258,258
2018-06-11,262.0,267.0,261,267
2018-06-12,263.0,268.0,261,264
2018-06-13,263.0,268.0,268,275
2018-06-14,263.0,268.0,273,279
2018-06-15,262.0,267.0,269,278
2018-06-16,263.0,267.0,271,271
2018-06-17,263.0,267.0,271,271
2018-06-18,263.0,267.0,267,275
2018-06-19,263.0,267.0,270,271
2018-06-20,263.0,268.0,278,284
2018-06-21,264.0,268.0,275,282
2018-06-22,264.0,269.0,257,278
2018-06-23,263.0,268.0,257,257
2018-06-24,263.0,268.0,257,257
2018-06-25,263.0,268.0,251,264
2018-06-26,262.0,268.0,249,251
2018-06-27,262.0,267.0,258,260
2018-06-28,262.0,267.0,261,263
2018-06-29,262.0,268.0,260,268
2018-06-30,262.0,267.0,260,260
2018-07-01,262.0,267.0,260,260
2018-07-02,262.0,267.0,256,266
2018-07-03,262.0,267.0,259,262
2018-07-04,262.0,266.0,258,259
2018-07-05,262.0,266.0,256,259
2018-07-06,262.0,266.0,264,267
2018-07-07,262.0,266.0,261,264
2018-07-08,262.0,266.0,261,261
2018-07-09,262.0,266.0,255,264
2018-07-10,262.0,266.0,258,258
2018-07-11,262.0,266.0,258,266
2018-07-12,262.0,266.0,256,261
2018-07-13,262.0,266.0,264,269
2018-07-14,261.0,266.0,264,264
2018-07-15,261.0,265.0,264,264
2018-07-16,260.0,265.0,248,276
2018-07-17,260.0,265.0,250,256
2018-07-18,260.0,265.0,270,278
2018-07-19,260.0,265.0,277,280
2018-07-20,260.0,265.0,267,283
2018-07-21,259.0,265.0,267,267
2018-07-22,260.0,264.0,267,267
2018-07-23,260.0,265.0,250,269
2018-07-24,259.0,265.0,250,256
2018-07-25,260.0,265.0,259,274
2018-07-26,260.0,265.0,261,261
2018-07-27,260.0,266.0,265,269
2018-07-28,260.0,266.0,266,266
2018-07-29,261.0,266.0,266,266
2018-07-30,260.0,266.0,252,277
2018-07-31,260.0,266.0,251,253
2018-08-01,260.0,266.0,258,260
2018-08-02,260.0,266.0,256,260
2018-08-03,260.0,266.0,253,268
2018-08-04,260.0,266.0,253,253
2018-08-05,259.0,265.0,253,253
2018-08-06,259.0,265.0,257,260
2018-08-07,259.0,265.0,258,260
2018-08-08,259.0,265.0,238,264
2018-08-09,258.0,265.0,240,241
2018-08-10,257.0,264.0,238,252
2018-08-11,257.0,263.0,238,238
2018-08-12,256.0,262.0,239,239
2018-08-13,255.0,262.0,243,245
2018-08-14,255.0,261.0,246,248
2018-08-15,254.0,261.0,234,256
2018-08-16,254.0,260.0,235,236
2018-08-17,253.0,259.0,255,257
2018-08-18,252.0,258.0,255,255
2018-08-19,252.0,258.0,256,256
2018-08-20,251.0,257.0,244,260
2018-08-21,250.0,257.0,242,247
2018-08-22,250.0,257.0,238,270
2018-08-23,250.0,256.0,237,239
2018-08-24,249.0,255.0,242,245
2018-08-25,248.0,254.0,242,242
2018-08-26,248.0,254.0,245,245
2018-08-27,247.0,253.0,240,250
2018-08-28,246.0,252.0,245,246
2018-08-29,246.0,252.0,239,250
2018-08-30,245.0,251.0,245,245
2018-08-31,245.0,252.0,254,269
2018-09-01,245.0,251.0,254,254
2018-09-02,245.0,251.0,256,256
2018-09-03,245.0,251.0,256,256
2018-09-04,246.0,251.0,258,260
2018-09-05,246.0,251.0,256,262
2018-09-06,246.0,251.0,255,257
2018-09-07,246.0,251.0,251,266
2018-09-08,246.0,252.0,251,251
2018-09-09,247.0,252.0,253,253
2018-09-10,247.0,252.0,252,257
2018-09-11,248.0,253.0,254,256
2018-09-12,248.0,254.0,251,268
2018-09-13,248.0,254.0,252,253
2018-09-14,249.0,254.0,248,257
2018-09-15,249.0,254.0,248,248
2018-09-16,249.0,254.0,248,248
2018-09-17,249.0,254.0,246,251
2018-09-18,248.0,254.0,244,247
2018-09-19,248.0,253.0,248,256
2018-09-20,249.0,254.0,248,254
2018-09-21,249.0,254.0,256,267
2018-09-22,250.0,254.0,258,258
2018-09-23,250.0,255.0,258,258
2018-09-24,251.0,255.0,258,265
2018-09-25,251.0,256.0,255,261
2018-09-26,252.0,257.0,262,267
2018-09-27,252.0,257.0,259,262
2018-09-28,253.0,258.0,252,265
2018-09-29,253.0,258.0,252,253
2018-09-30,253.0,257.0,252,252
2018-10-01,253.0,257.0,252,254
2018-10-02,253.0,257.0,250,255
2018-10-03,253.0,257.0,252,259
2018-10-04,252.0,257.0,251,254
2018-10-05,252.0,257.0,246,270
2018-10-06,252.0,257.0,246,246
2018-10-07,252.0,256.0,246,246
2018-10-08,251.0,256.0,246,246
2018-10-09,251.0,256.0,243,248
2018-10-10,251.0,256.0,240,250
2018-10-11,250.0,255.0,238,241
2018-10-12,250.0,254.0,234,243
2018-10-13,249.0,254.0,234,234
2018-10-14,249.0,253.0,234,234
2018-10-15,249.0,253.0,249,258
2018-10-16,249.0,254.0,252,254
2018-10-17,249.0,254.0,253,260
2018-10-18,249.0,254.0,252,255
2018-10-19,249.0,254.0,247,258
2018-10-20,249.0,254.0,248,248
2018-10-21,249.0,253.0,248,248
2018-10-22,248.0,253.0,244,248
2018-10-23,248.0,253.0,242,247
2018-10-24,247.0,252.0,235,256
2018-10-25,247.0,252.0,238,238
2018-10-26,246.0,251.0,239,245
2018-10-27,245.0,250.0,239,239
2018-10-28,245.0,249.0,239,239
2018-10-29,244.0,249.0,244,248
2018-10-30,244.0,249.0,246,249
2018-10-31,245.0,250.0,283,288
2018-11-01,247.0,251.0,290,293
2018-11-02,248.0,253.0,280,306
2018-11-03,248.0,254.0,280,280
2018-11-04,250.0,254.0,281,281
2018-11-05,251.0,256.0,275,285
2018-11-06,252.0,257.0,280,283
2018-11-07,253.0,258.0,272,295
2018-11-08,254.0,259.0,271,276
2018-11-09,254.0,260.0,263,276
2018-11-10,255.0,261.0,263,263
2018-11-11,256.0,262.0,265,265
2018-11-12,257.0,263.0,267,267
2018-11-13,258.0,264.0,262,271
2018-11-14,259.0,264.0,263,273
2018-11-15,259.0,265.0,264,265
2018-11-16,259.0,265.0,255,266
2018-11-17,259.0,265.0,255,255
2018-11-18,260.0,265.0,255,255
2018-11-19,260.0,265.0,251,259
2018-11-20,260.0,266.0,249,254
2018-11-21,260.0,266.0,247,260
2018-11-22,260.0,266.0,247,247
2018-11-23,260.0,266.0,246,253
2018-11-24,261.0,266.0,246,246
2018-11-25,261.0,266.0,246,246
2018-11-26,261.0,266.0,244,249
2018-11-27,261.0,267.0,240,244
2018-11-28,261.0,267.0,234,255
2018-11-29,260.0,266.0,231,236
2018-11-30,258.0,265.0,229,236
2018-12-01,256.0,263.0,229,229
2018-12-02,255.0,260.0,229,229
2018-12-03,253.0,258.0,226,231
2018-12-04,252.0,257.0,244,245
2018-12-05,251.0,257.0,247,267
2018-12-06,250.0,256.0,254,255
2018-12-07,249.0,254.0,245,259
2018-12-08,248.0,253.0,245,245
2018-12-09,248.0,252.0,248,248
2018-12-10,247.0,252.0,256,257
2018-12-11,247.0,252.0,258,262
2018-12-12,247.0,252.0,257,269
2018-12-13,247.0,252.0,256,258
2018-12-14,246.0,251.0,259,264
2018-12-15,246.0,251.0,259,259
2018-12-16,246.0,251.0,259,259
2018-12-17,247.0,251.0,264,267
2018-12-18,247.0,252.0,267,269
2018-12-19,247.0,252.0,259,274
2018-12-20,248.0,253.0,257,261
2018-12-21,248.0,253.0,249,262
2018-12-22,248.0,253.0,249,249
2018-12-23,248.0,253.0,249,249
2018-12-24,248.0,253.0,246,251
2018-12-25,248.0,253.0,246,246
2018-12-26,248.0,253.0,246,250
2018-12-27,248.0,253.0,245,247
2018-12-28,248.0,253.0,244,249
2018-12-29,249.0,253.0,244,244
2018-12-30,249.0,253.0,246,246
2018-12-31,250.0,254.0,245,248
2019-01-01,250.0,254.0,245,245
2019-01-02,251.0,255.0,249,253
2019-01-03,252.0,256.0,255,256
2019-01-04,252.0,256.0,260,272
2019-01-05,252.0,256.0,260,260
2019-01-06,253.0,256.0,260,260
2019-01-07,253.0,257.0,257,263
2019-01-08,253.0,257.0,257,262
2019-01-09,253.0,257.0,250,265
2019-01-10,253.0,257.0,256,258
2019-01-11,253.0,257.0,251,262
2019-01-12,253.0,257.0,251,251
2019-01-13,253.0,256.0,254,254
2019-01-14,253.0,257.0,257,265
2019-01-15,252.0,257.0,256,261
2019-01-16,252.0,256.0,250,258
2019-01-17,251.0,256.0,248,252
2019-01-18,250.0,255.0,218,256
2019-01-19,249.0,254.0,218,218
2019-01-20,248.0,252.0,218,218
2019-01-21,247.0,251.0,218,218
2019-01-22,246.0,250.0,218,220
2019-01-23,245.0,249.0,216,227
2019-01-24,244.0,249.0,215,220
2019-01-25,242.0,248.0,209,220
2019-01-26,241.0,246.0,209,209
2019-01-27,240.0,245.0,212,212
2019-01-28,239.0,244.0,208,215
2019-01-29,238.0,243.0,208,213
2019-01-30,237.0,243.0,225,234
2019-01-31,237.0,243.0,239,258
2019-02-01,236.0,243.0,235,247
2019-02-02,236.0,242.0,235,235
2019-02-03,235.0,241.0,237,237
2019-02-04,234.0,240.0,235,243
2019-02-05,233.0,240.0,239,241
2019-02-06,233.0,239.0,238,248
2019-02-07,232.0,238.0,237,240
2019-02-08,232.0,239.0,251,278
2019-02-09,232.0,239.0,252,252
2019-02-10,232.0,238.0,254,254
2019-02-11,232.0,239.0,260,262
2019-02-12,233.0,239.0,261,263
2019-02-13,232.0,239.0,255,270
2019-02-14,232.0,239.0,248,262
2019-02-15,232.0,239.0,246,255
2019-02-16,232.0,239.0,246,246
2019-02-17,233.0,239.0,248,248
2019-02-18,234.0,240.0,248,248
2019-02-19,235.0,241.0,247,249
2019-02-20,236.0,242.0,255,262
2019-02-21,238.0,244.0,258,258
2019-02-22,239.0,245.0,251,265
2019-02-23,240.0,246.0,251,251
2019-02-24,241.0,247.0,251,251
2019-02-25,243.0,248.0,251,258
2019-02-26,244.0,250.0,257,263
2019-02-27,246.0,252.0,249,271
2019-02-28,247.0,253.0,253,255
2019-03-01,248.0,254.0,245,260
2019-03-02,248.0,254.0,245,245
2019-03-03,248.0,254.0,245,245
2019-03-04,249.0,254.0,251,255
2019-03-05,249.0,255.0,250,255
2019-03-06,250.0,256.0,259,274
2019-03-07,251.0,257.0,262,262
2019-03-08,251.0,258.0,257,269
2019-03-09,252.0,258.0,257,257
2019-03-10,252.0,257.0,258,258
2019-03-11,253.0,258.0,258,263
2019-03-12,253.0,258.0,259,262
2019-03-13,253.0,259.0,261,278
2019-03-14,253.0,259.0,258,262
2019-03-15,252.0,258.0,246,262
2019-03-16,252.0,258.0,246,246
2019-03-17,252.0,258.0,248,248
2019-03-18,252.0,258.0,242,255
2019-03-19,252.0,258.0,237,244
2019-03-20,251.0,258.0,228,246
2019-03-21,251.0,257.0,228,230
2019-03-22,250.0,256.0,230,237
2019-03-23,249.0,255.0,231,231
2019-03-24,248.0,254.0,232,232
2019-03-25,247.0,254.0,229,232
2019-03-26,247.0,253.0,229,235
2019-03-27,246.0,252.0,223,238
2019-03-28,245.0,251.0,227,231
2019-03-29,244.0,250.0,232,245
2019-03-30,244.0,250.0,232,232
2019-03-31,243.0,249.0,235,235
2019-04-01,243.0,249.0,240,245
2019-04-02,243.0,249.0,243,243
2019-04-03,243.0,249.0,250,262
2019-04-04,243.0,249.0,250,252
2019-04-05,243.0,249.0,257,269
2019-04-06,243.0,249.0,257,257
2019-04-07,243.0,248.0,257,257
2019-04-08,243.0,248.0,255,258
2019-04-09,242.0,248.0,254,259
2019-04-10,242.0,248.0,247,270
2019-04-11,242.0,248.0,242,251
2019-04-12,241.0,247.0,244,248
2019-04-13,241.0,247.0,247,247
2019-04-14,241.0,246.0,248,248
2019-04-15,241.0,246.0,250,258
2019-04-16,241.0,247.0,250,251
2019-04-17,242.0,247.0,261,279
2019-04-18,242.0,248.0,261,272
2019-04-19,243.0,249.0,242,264
2019-04-20,243.0,249.0,243,243
2019-04-21,244.0,250.0,243,243
2019-04-22,244.0,250.0,241,250
2019-04-23,244.0,251.0,239,243
2019-04-24,245.0,251.0,244,254
2019-04-25,246.0,252.0,253,259
2019-04-26,247.0,253.0,252,266
2019-04-27,247.0,254.0,252,252
2019-04-28,248.0,254.0,255,255
2019-04-29,249.0,255.0,249,256
2019-04-30,249.0,255.0,244,250
2019-05-01,249.0,256.0,242,274
2019-05-02,249.0,257.0,246,249
2019-05-03,249.0,256.0,252,256
2019-05-04,249.0,256.0,252,252
2019-05-05,249.0,256.0,254,254
2019-05-06,249.0,256.0,250,257
2019-05-07,249.0,256.0,245,252
2019-05-08,248.0,256.0,223,254
2019-05-09,246.0,254.0,216,224
2019-05-10,245.0,253.0,223,232
2019-05-11,245.0,252.0,223,223
2019-05-12,244.0,251.0,225,225
2019-05-13,243.0,251.0,224,235
2019-05-14,243.0,250.0,230,233
2019-05-15,242.0,250.0,232,248
2019-05-16,242.0,250.0,234,237
2019-05-17,241.0,249.0,252,262
2019-05-18,241.0,248.0,253,253
2019-05-19,242.0,248.0,256,256
2019-05-20,242.0,249.0,244,267
2019-05-21,242.0,249.0,243,246
2019-05-22,242.0,249.0,246,255
2019-05-23,242.0,249.0,245,247
2019-05-24,242.0,249.0,247,253
2019-05-25,242.0,249.0,247,247
2019-05-26,242.0,248.0,249,249
2019-05-27,242.0,248.0,251,251
2019-05-28,242.0,248.0,251,254
2019-05-29,242.0,249.0,259,266
2019-05-30,243.0,249.0,264,267
2019-05-31,243.0,249.0,252,280
2019-06-01,243.0,250.0,252,252
2019-06-02,243.0,249.0,252,252
2019-06-03,243.0,250.0,255,259
2019-06-04,243.0,250.0,250,256
2019-06-05,243.0,250.0,235,259
2019-06-06,242.0,249.0,235,235
2019-06-07,243.0,249.0,250,256
2019-06-08,244.0,250.0,249,250
2019-06-09,245.0,251.0,250,250
2019-06-10,246.0,252.0,248,255
2019-06-11,247.0,253.0,248,250
2019-06-12,247.0,254.0,231,260
2019-06-13,247.0,254.0,236,240
2019-06-14,249.0,255.0,273,288
2019-06-15,250.0,256.0,273,273
2019-06-16,251.0,257.0,273,273
2019-06-17,252.0,258.0,295,301
2019-06-18,253.0,260.0,299,300
2019-06-19,255.0,261.0,304,314
2019-06-20,257.0,263.0,304,305
2019-06-21,258.0,265.0,266,312
2019-06-22,259.0,266.0,267,267
2019-06-23,260.0,266.0,267,267
2019-06-24,260.0,267.0,258,268
2019-06-25,260.0,267.0,255,259
2019-06-26,261.0,268.0,267,269
2019-06-27,261.0,268.0,269,271
2019-06-28,261.0,269.0,252,278
2019-06-29,261.0,268.0,252,252
2019-06-30,261.0,267.0,252,252
2019-07-01,260.0,268.0,238,259
2019-07-02,260.0,267.0,241,245
2019-07-03,259.0,267.0,238,250
2019-07-04,259.0,267.0,238,238
2019-07-05,258.0,266.0,227,243
2019-07-06,258.0,266.0,227,227
2019-07-07,258.0,265.0,228,228
2019-07-08,257.0,264.0,231,233
2019-07-09,256.0,264.0,238,238
2019-07-10,257.0,264.0,249,255
2019-07-11,256.0,264.0,245,249
2019-07-12,257.0,264.0,237,253
2019-07-13,257.0,263.0,237,237
2019-07-14,256.0,262.0,238,238
2019-07-15,254.0,261.0,230,242
2019-07-16,253.0,260.0,232,239
2019-07-17,251.0,258.0,231,242
2019-07-18,248.0,256.0,234,235
2019-07-19,246.0,253.0,232,248
2019-07-20,244.0,251.0,232,232
2019-07-21,242.0,248.0,232,232
2019-07-22,242.0,247.0,238,241
2019-07-23,240.0,246.0,237,240
2019-07-24,240.0,246.0,230,247
2019-07-25,239.0,245.0,229,232
2019-07-26,238.0,245.0,239,265
2019-07-27,237.0,244.0,239,239
2019-07-28,236.0,242.0,239,239
2019-07-29,236.0,242.0,235,242
2019-07-30,235.0,241.0,231,236
2019-07-31,235.0,241.0,236,248
2019-08-01,235.0,241.0,235,241
2019-08-02,234.0,241.0,229,241
2019-08-03,234.0,240.0,229,229
2019-08-04,234.0,240.0,230,230
2019-08-05,234.0,240.0,232,234
2019-08-06,235.0,240.0,236,238
2019-08-07,235.0,241.0,236,251
2019-08-08,235.0,241.0,236,239
2019-08-09,235.0,241.0,241,251
2019-08-10,234.0,241.0,243,243
2019-08-11,235.0,240.0,243,243
2019-08-12,235.0,241.0,240,245
2019-08-13,235.0,241.0,242,243
2019-08-14,235.0,241.0,243,256
2019-08-15,236.0,242.0,240,244
2019-08-16,236.0,242.0,235,247
2019-08-17,236.0,242.0,235,235
2019-08-18,236.0,241.0,235,235
2019-08-19,236.0,241.0,223,236
2019-08-20,235.0,241.0,225,225
2019-08-21,235.0,241.0,219,230
2019-08-22,234.0,240.0,222,222
2019-08-23,234.0,240.0,221,236
2019-08-24,234.0,239.0,221,221
2019-08-25,233.0,238.0,221,221
2019-08-26,232.0,238.0,221,227
2019-08-27,232.0,237.0,221,222
2019-08-28,232.0,237.0,231,238
2019-08-29,232.0,237.0,225,234
2019-08-30,234.0,240.0,320,350
2019-08-31,237.0,243.0,321,321
2019-09-01,240.0,246.0,321,321
2019-09-02,243.0,249.0,322,322
2019-09-03,246.0,252.0,322,322
2019-09-04,249.0,255.0,322,323
2019-09-05,251.0,258.0,296,331
2019-09-06,251.0,260.0,223,313
2019-09-07,251.0,259.0,223,223
2019-09-08,250.0,258.0,223,223
2019-09-09,249.0,258.0,218,225
2019-09-10,249.0,258.0,239,251
2019-09-11,249.0,258.0,234,247
2019-09-12,248.0,258.0,230,235
2019-09-13,248.0,257.0,237,241
2019-09-14,248.0,257.0,237,237
2019-09-15,248.0,257.0,237,237
2019-09-16,248.0,257.0,232,237
2019-09-17,248.0,257.0,233,235
2019-09-18,248.0,257.0,234,245
2019-09-19,249.0,258.0,233,237
2019-09-20,249.0,258.0,235,240
2019-09-21,250.0,258.0,236,236
2019-09-22,250.0,258.0,240,240
2019-09-23,251.0,259.0,233,246
2019-09-24,251.0,260.0,235,237
2019-09-25,252.0,261.0,237,248
2019-09-26,252.0,261.0,240,242
2019-09-27,252.0,262.0,229,247
2019-09-28,252.0,261.0,229,229
2019-09-29,249.0,257.0,229,229
2019-09-30,246.0,254.0,217,231
2019-10-01,242.0,251.0,213,221
2019-10-02,239.0,248.0,233,241
2019-10-03,236.0,245.0,235,236
2019-10-04,234.0,243.0,240,252
2019-10-05,232.0,240.0,240,240
2019-10-06,232.0,238.0,240,240
2019-10-07,233.0,238.0,240,246
2019-10-08,233.0,239.0,238,242
2019-10-09,234.0,240.0,234,254
2019-10-10,234.0,239.0,230,236
2019-10-11,234.0,239.0,230,244
2019-10-12,234.0,239.0,230,230
2019-10-13,233.0,239.0,233,233
2019-10-14,233.0,239.0,235,235
2019-10-15,233.0,239.0,233,237
2019-10-16,233.0,239.0,240,251
2019-10-17,234.0,240.0,243,243
2019-10-18,234.0,240.0,251,260
2019-10-19,235.0,241.0,251,251
2019-10-20,236.0,241.0,252,252
2019-10-21,236.0,242.0,245,259
2019-10-22,236.0,242.0,244,247
2019-10-23,237.0,243.0,250,268
2019-10-24,237.0,243.0,249,252
2019-10-25,238.0,244.0,252,259
2019-10-26,238.0,244.0,252,252
2019-10-27,239.0,244.0,253,253
2019-10-28,240.0,245.0,253,261
2019-10-29,241.0,246.0,260,260
2019-10-30,242.0,248.0,267,280
2019-10-31,244.0,249.0,266,269
2019-11-01,245.0,250.0,254,273
2019-11-02,245.0,251.0,254,254
2019-11-03,246.0,251.0,254,254
2019-11-04,246.0,252.0,252,257
2019-11-05,247.0,252.0,251,255
2019-11-06,248.0,254.0,271,284
2019-11-07,249.0,255.0,268,275
2019-11-08,249.0,255.0,250,273
2019-11-09,250.0,256.0,250,250
2019-11-10,250.0,256.0,252,252
2019-11-11,251.0,257.0,252,252
2019-11-12,252.0,257.0,250,253
2019-11-13,252.0,258.0,256,267
2019-11-14,253.0,259.0,259,261
2019-11-15,254.0,260.0,265,278
2019-11-16,255.0,261.0,266,266
2019-11-17,256.0,261.0,267,267
2019-11-18,256.0,262.0,256,275
2019-11-19,256.0,262.0,251,258
2019-11-20,256.0,262.0,257,263
2019-11-21,257.0,263.0,262,265
2019-11-22,257.0,263.0,263,274
2019-11-23,258.0,263.0,264,264
2019-11-24,258.0,264.0,265,265
2019-11-25,258.0,264.0,249,268
2019-11-26,258.0,264.0,251,253
2019-11-27,258.0,264.0,259,262
2019-11-28,258.0,264.0,259,259
2019-11-29,258.0,264.0,255,262
2019-11-30,257.0,263.0,255,255
2019-12-01,257.0,263.0,256,256
2019-12-02,257.0,263.0,249,260
2019-12-03,257.0,263.0,247,252
2019-12-04,257.0,263.0,251,268
2019-12-05,257.0,263.0,249,254
2019-12-06,256.0,262.0,245,260
2019-12-07,255.0,261.0,247,247
2019-12-08,255.0,260.0,247,247
2019-12-09,254.0,261.0,231,254
2019-12-10,254.0,260.0,230,231
2019-12-11,254.0,260.0,250,255
2019-12-12,254.0,260.0,249,255
2019-12-13,253.0,260.0,242,257
2019-12-14,253.0,259.0,242,242
2019-12-15,252.0,258.0,245,245
2019-12-16,251.0,258.0,238,256
2019-12-17,250.0,257.0,234,238
2019-12-18,250.0,256.0,248,258
2019-12-19,250.0,256.0,253,256
2019-12-20,249.0,256.0,236,262
2019-12-21,248.0,255.0,237,237
2019-12-22,247.0,254.0,237,237
2019-12-23,247.0,253.0,240,252
2019-12-24,246.0,253.0,243,243
2019-12-25,246.0,252.0,243,243
2019-12-26,245.0,252.0,243,245
2019-12-27,245.0,251.0,239,250
2019-12-28,244.0,251.0,240,240
2019-12-29,244.0,250.0,240,240
2019-12-30,243.0,250.0,244,251
2019-12-31,243.0,249.0,245,247
2020-01-01,243.0,249.0,245,245
2020-01-02,243.0,249.0,246,247
2020-01-03,242.0,248.0,235,248
2020-01-04,242.0,247.0,236,236
2020-01-05,241.0,247.0,236,236
2020-01-06,240.0,246.0,220,237
2020-01-07,240.0,245.0,220,221
2020-01-08,239.0,245.0,226,236
2020-01-09,239.0,245.0,226,229
2020-01-10,239.0,245.0,242,254
2020-01-11,239.0,244.0,242,242
2020-01-12,239.0,244.0,243,243
2020-01-13,239.0,244.0,235,248
2020-01-14,238.0,244.0,234,238
2020-01-15,238.0,244.0,243,255
2020-01-16,239.0,244.0,249,251
2020-01-17,238.0,244.0,226,254
2020-01-18,237.0,243.0,226,226
2020-01-19,237.0,242.0,227,227
2020-01-20,237.0,242.0,227,227
2020-01-21,236.0,242.0,228,236
2020-01-22,236.0,242.0,244,256
2020-01-23,236.0,242.0,243,247
2020-01-24,236.0,242.0,235,258
2020-01-25,236.0,242.0,234,235
2020-01-26,236.0,241.0,234,234
2020-01-27,235.0,241.0,228,240
2020-01-28,235.0,241.0,230,231
2020-01-29,235.0,242.0,259,264
2020-01-30,236.0,242.0,255,260
2020-01-31,236.0,243.0,260,278
2020-02-01,237.0,244.0,260,260
2020-02-02,238.0,244.0,260,260
2020-02-03,238.0,245.0,244,266
2020-02-04,238.0,245.0,238,250
2020-02-05,239.0,246.0,250,256
2020-02-06,240.0,247.0,244,262
2020-02-07,240.0,248.0,243,255
2020-02-08,241.0,249.0,243,243
2020-02-09,241.0,248.0,243,243
2020-02-10,241.0,248.0,241,251
2020-02-11,241.0,249.0,235,250
2020-02-12,241.0,249.0,243,245
2020-02-13,241.0,249.0,232,245
2020-02-14,241.0,249.0,237,248
2020-02-15,240.0,248.0,237,237
2020-02-16,241.0,248.0,237,237
2020-02-17,241.0,248.0,237,237
2020-02-18,242.0,249.0,245,246
2020-02-19,242.0,250.0,248,256
2020-02-20,243.0,250.0,251,257
2020-02-21,243.0,250.0,251,258
2020-02-22,244.0,250.0,251,251
2020-02-23,244.0,250.0,252,252
2020-02-24,244.0,251.0,245,258
2020-02-25,244.0,252.0,236,251
2020-02-26,245.0,252.0,257,263
2020-02-27,246.0,253.0,251,264
2020-02-28,246.0,253.0,249,261
2020-02-29,246.0,253.0,249,249
2020-03-01,245.0,252.0,251,251
2020-03-02,245.0,252.0,243,256
2020-03-03,244.0,252.0,246,252
2020-03-04,245.0,252.0,261,268
2020-03-05,245.0,252.0,249,265
2020-03-06,245.0,252.0,252,263
2020-03-07,246.0,252.0,252,252
2020-03-08,246.0,252.0,255,255
2020-03-09,246.0,253.0,242,261
2020-03-10,246.0,253.0,246,250
2020-03-11,246.0,253.0,251,260
2020-03-12,247.0,254.0,246,259
2020-03-13,247.0,254.0,243,256
2020-03-14,247.0,254.0,243,243
2020-03-15,247.0,254.0,244,244
2020-03-16,247.0,254.0,237,252
2020-03-17,248.0,255.0,245,247
2020-03-18,248.0,256.0,257,265
2020-03-19,248.0,256.0,249,259
2020-03-20,248.0,256.0,234,251
2020-03-21,247.0,255.0,236,236
2020-03-22,247.0,254.0,236,236
2020-03-23,246.0,254.0,227,242
2020-03-24,245.0,253.0,223,227
2020-03-25,245.0,252.0,226,233
2020-03-26,244.0,252.0,222,226
2020-03-27,242.0,250.0,210,224
2020-03-28,241.0,248.0,210,210
2020-03-29,240.0,247.0,210,210
2020-03-30,238.0,246.0,202,219
2020-03-31,237.0,244.0,203,204
2020-04-01,236.0,243.0,228,235
2020-04-02,235.0,243.0,223,228
2020-04-03,234.0,241.0,215,227
2020-04-04,233.0,240.0,215,215
2020-04-05,232.0,238.0,215,215
2020-04-06,230.0,237.0,200,217
2020-04-07,228.0,235.0,197,200
2020-04-08,226.0,233.0,196,201
2020-04-09,225.0,232.0,212,212
2020-04-10,224.0,231.0,229,232
2020-04-11,224.0,230.0,229,229
2020-04-12,223.0,229.0,229,229
2020-04-13,223.0,229.0,225,233
2020-04-14,222.0,228.0,225,226
2020-04-15,221.0,227.0,212,232
2020-04-16,220.0,226.0,211,213
2020-04-17,219.0,225.0,211,215
2020-04-18,217.0,223.0,211,211
2020-04-19,217.0,222.0,212,212
2020-04-20,216.0,221.0,215,218
2020-04-21,215.0,220.0,213,216
2020-04-22,215.0,220.0,211,219
2020-04-23,214.0,219.0,212,213
2020-04-24,214.0,219.0,215,219
2020-04-25,214.0,218.0,215,215
2020-04-26,214.0,218.0,219,219
2020-04-27,215.0,219.0,227,228
2020-04-28,214.0,219.0,195,229
2020-04-29,214.0,220.0,202,234
2020-04-30,214.0,220.0,208,212
2020-05-01,214.0,221.0,230,252
2020-05-02,215.0,221.0,230,230
2020-05-03,215.0,221.0,230,230
2020-05-04,216.0,222.0,234,254
2020-05-05,217.0,224.0,256,266
2020-05-06,219.0,226.0,248,271
2020-05-07,219.0,227.0,209,252
2020-05-08,220.0,228.0,225,231
2020-05-09,220.0,229.0,224,225
2020-05-10,220.0,229.0,225,225
2020-05-11,220.0,229.0,235,235
2020-05-12,221.0,229.0,236,236
2020-05-13,221.0,229.0,227,239
2020-05-14,221.0,229.0,228,229
2020-05-15,221.0,229.0,212,235
2020-05-16,221.0,229.0,212,212
2020-05-17,221.0,229.0,212,212
2020-05-18,221.0,229.0,212,216
2020-05-19,221.0,230.0,213,213
2020-05-20,221.0,230.0,205,218
2020-05-21,220.0,229.0,202,205
2020-05-22,220.0,229.0,206,212
2020-05-23,220.0,229.0,207,207
2020-05-24,220.0,228.0,208,208
2020-05-25,220.0,228.0,208,208
2020-05-26,219.0,228.0,210,210
2020-05-27,219.0,227.0,208,218
2020-05-28,219.0,227.0,208,209
2020-05-29,219.0,226.0,212,220
2020-05-30,219.0,226.0,212,212
2020-05-31,219.0,225.0,212,212
2020-06-01,218.0,225.0,216,218
2020-06-02,218.0,224.0,216,218
2020-06-03,217.0,223.0,214,222
2020-06-04,216.0,221.0,215,215
2020-06-05,215.0,220.0,218,222
2020-06-06,215.0,219.0,218,218
2020-06-07,215.0,218.0,218,218
2020-06-08,215.0,218.0,223,226
2020-06-09,214.0,218.0,207,223
2020-06-10,213.0,218.0,195,214
2020-06-11,212.0,216.0,192,196
2020-06-12,210.0,215.0,193,199
2020-06-13,209.0,214.0,194,194
2020-06-14,209.0,212.0,195,195
2020-06-15,208.0,212.0,194,197
2020-06-16,207.0,211.0,192,195
2020-06-17,207.0,211.0,200,215
2020-06-18,207.0,211.0,199,200
2020-06-19,207.0,211.0,212,213
2020-06-20,207.0,211.0,212,212
2020-06-21,207.0,211.0,214,214
2020-06-22,207.0,211.0,206,219
2020-06-23,207.0,211.0,207,208
2020-06-24,207.0,211.0,209,212
2020-06-25,207.0,211.0,209,210
2020-06-26,207.0,211.0,196,213
2020-06-27,207.0,211.0,196,196
2020-06-28,206.0,210.0,198,198
2020-06-29,206.0,210.0,197,205
2020-06-30,205.0,209.0,196,198
2020-07-01,204.0,209.0,192,204
2020-07-02,204.0,208.0,194,195
2020-07-03,203.0,207.0,195,195
2020-07-04,202.0,207.0,196,196
2020-07-05,202.0,206.0,196,196
2020-07-06,200.0,205.0,181,202
2020-07-07,199.0,204.0,184,185
2020-07-08,198.0,204.0,200,207
2020-07-09,198.0,203.0,201,202
2020-07-10,199.0,203.0,207,210
2020-07-11,199.0,203.0,207,207
2020-07-12,200.0,203.0,207,207
2020-07-13,200.0,204.0,199,209
2020-07-14,200.0,204.0,200,201
2020-07-15,200.0,204.0,204,204
2020-07-16,201.0,205.0,204,205
2020-07-17,201.0,204.0,207,211
2020-07-18,201.0,205.0,207,207
2020-07-19,201.0,205.0,211,211
2020-07-20,201.0,205.0,215,219
2020-07-21,201.0,205.0,215,217
2020-07-22,201.0,205.0,211,222
2020-07-23,201.0,205.0,209,212
2020-07-24,202.0,205.0,211,216
2020-07-25,202.0,205.0,212,212
2020-07-26,202.0,205.0,212,212
2020-07-27,203.0,206.0,211,215
2020-07-28,203.0,207.0,213,216
2020-07-29,203.0,207.0,207,219
2020-07-30,204.0,207.0,207,207
2020-07-31,205.0,208.0,213,215
2020-08-01,205.0,208.0,213,213
2020-08-02,206.0,209.0,215,215
2020-08-03,207.0,210.0,218,220
2020-08-04,207.0,211.0,211,218
2020-08-05,208.0,211.0,216,218
2020-08-06,209.0,212.0,215,218
2020-08-07,210.0,213.0,214,220
2020-08-08,210.0,213.0,214,214
2020-08-09,210.0,213.0,214,214
2020-08-10,211.0,213.0,216,216
2020-08-11,211.0,214.0,202,221
2020-08-12,211.0,214.0,204,205
2020-08-13,211.0,214.0,202,205
2020-08-14,211.0,214.0,203,207
2020-08-15,211.0,214.0,203,203
2020-08-16,211.0,214.0,203,203
2020-08-17,211.0,214.0,207,209
2020-08-18,210.0,214.0,197,208
2020-08-19,210.0,213.0,199,207
2020-08-20,209.0,213.0,199,201
2020-08-21,209.0,212.0,203,203
2020-08-22,209.0,212.0,203,203
2020-08-23,208.0,211.0,203,203
2020-08-24,208.0,211.0,202,204
2020-08-25,208.0,211.0,198,205
2020-08-26,207.0,210.0,199,201
2020-08-27,206.0,210.0,193,201
2020-08-28,206.0,209.0,197,198
2020-08-29,206.0,209.0,197,197
2020-08-30,205.0,208.0,184,197
2020-08-31,204.0,207.0,187,188
2020-09-01,203.0,207.0,187,191
2020-09-02,202.0,206.0,186,188
2020-09-03,201.0,205.0,186,188
2020-09-04,200.0,204.0,192,195
2020-09-05,200.0,203.0,192,192
2020-09-06,199.0,202.0,192,192
2020-09-07,198.0,201.0,194,194
2020-09-08,197.0,201.0,192,202
2020-09-09,197.0,200.0,197,199
2020-09-10,197.0,200.0,195,198
2020-09-11,196.0,200.0,201,213
2020-09-12,196.0,200.0,201,201
2020-09-13,196.0,200.0,202,202
2020-09-14,196.0,200.0,200,206
2020-09-15,196.0,200.0,195,203
2020-09-16,196.0,199.0,196,196
2020-09-17,196.0,199.0,194,196
2020-09-18,196.0,199.0,201,214
2020-09-19,196.0,199.0,204,204
2020-09-20,196.0,199.0,206,206
2020-09-21,196.0,199.0,207,207
2020-09-22,196.0,200.0,200,212
2020-09-23,195.0,200.0,189,204
2020-09-24,195.0,199.0,191,192
2020-09-25,195.0,199.0,187,202
2020-09-26,195.0,199.0,187,187
2020-09-27,194.0,198.0,189,189
2020-09-28,194.0,198.0,189,193
2020-09-29,194.0,198.0,182,194
2020-09-30,194.0,198.0,185,187
2020-10-01,194.0,198.0,185,187
2020-10-02,194.0,198.0,184,189
2020-10-03,194.0,198.0,184,184
2020-10-04,194.0,198.0,186,187
2020-10-05,194.0,198.0,191,193
2020-10-06,193.0,198.0,188,192
2020-10-07,193.0,198.0,190,192
2020-10-08,193.0,197.0,193,194
2020-10-09,193.0,197.0,191,197
2020-10-10,193.0,197.0,191,191
2020-10-11,193.0,196.0,191,191
2020-10-12,192.0,196.0,191,191
2020-10-13,192.0,196.0,182,192
2020-10-14,191.0,195.0,183,185
2020-10-15,191.0,194.0,183,185
2020-10-16,190.0,194.0,186,191
2020-10-17,190.0,194.0,186,186
2020-10-18,190.0,193.0,186,186
2020-10-19,189.0,192.0,187,187
2020-10-20,188.0,192.0,189,191
2020-10-21,188.0,191.0,182,191
2020-10-22,187.0,190.0,181,183
2020-10-23,187.0,190.0,190,195
2020-10-24,187.0,190.0,190,190
2020-10-25,187.0,190.0,191,191
2020-10-26,187.0,190.0,193,195
2020-10-27,187.0,190.0,184,199
2020-10-28,187.0,190.0,189,189
2020-10-29,187.0,190.0,190,190
2020-10-30,188.0,190.0,197,199
2020-10-31,188.0,191.0,197,197
2020-11-01,189.0,191.0,197,197
2020-11-02,189.0,192.0,203,205
2020-11-03,190.0,192.0,205,207
2020-11-04,190.0,193.0,206,206
2020-11-05,191.0,193.0,206,208
2020-11-06,192.0,194.0,215,216
2020-11-07,193.0,195.0,215,215
2020-11-08,193.0,195.0,215,215
2020-11-09,195.0,197.0,226,229
2020-11-10,196.0,198.0,222,227
2020-11-11,196.0,199.0,211,222
2020-11-12,197.0,200.0,211,211
2020-11-13,198.0,201.0,204,214
2020-11-14,199.0,201.0,204,204
2020-11-15,199.0,202.0,204,204
2020-11-16,200.0,202.0,200,206
2020-11-17,200.0,203.0,183,203
2020-11-18,200.0,203.0,191,191
2020-11-19,200.0,203.0,192,193
2020-11-20,200.0,203.0,178,192
2020-11-21,200.0,203.0,178,178
2020-11-22,199.0,202.0,178,178
2020-11-23,199.0,202.0,180,181
2020-11-24,198.0,202.0,173,184
2020-11-25,198.0,201.0,172,174
2020-11-26,197.0,200.0,172,172
2020-11-27,197.0,200.0,172,174
2020-11-28,196.0,199.0,172,172
2020-11-29,195.0,198.0,173,173
2020-11-30,194.0,198.0,175,179
2020-12-01,194.0,197.0,172,185
2020-12-02,193.0,196.0,177,178
2020-12-03,192.0,195.0,179,179
2020-12-04,191.0,195.0,182,186
2020-12-05,190.0,194.0,182,182
2020-12-06,189.0,193.0,182,182
2020-12-07,188.0,192.0,187,187
2020-12-08,187.0,191.0,191,197
2020-12-09,186.0,190.0,193,196
2020-12-10,185.0,189.0,188,193
2020-12-11,185.0,188.0,192,193
2020-12-12,184.0,187.0,194,194
2020-12-13,184.0,187.0,194,194
2020-12-14,183.0,186.0,187,195
2020-12-15,182.0,186.0,180,189
2020-12-16,182.0,185.0,186,186
2020-12-17,182.0,185.0,182,187
2020-12-18,182.0,185.0,186,189
2020-12-19,181.0,185.0,187,187
2020-12-20,182.0,184.0,187,187
2020-12-21,182.0,185.0,186,188
2020-12-22,182.0,185.0,186,191
2020-12-23,183.0,185.0,188,188
2020-12-24,183.0,186.0,188,188
2020-12-25,184.0,186.0,188,188
2020-12-26,184.0,186.0,188,188
2020-12-27,185.0,187.0,188,188
2020-12-28,185.0,188.0,183,190
2020-12-29,185.0,188.0,184,188
2020-12-30,186.0,188.0,192,192
2020-12-31,187.0,189.0,191,194
2021-01-01,187.0,189.0,191,191
2021-01-02,187.0,190.0,191,191
2021-01-03,188.0,190.0,192,192
2021-01-04,188.0,190.0,182,197
2021-01-05,188.0,190.0,174,186
2021-01-06,187.0,190.0,178,179
2021-01-07,187.0,190.0,175,178
2021-01-08,186.0,189.0,177,180
2021-01-09,186.0,188.0,177,177
2021-01-10,185.0,188.0,178,178
2021-01-11,185.0,188.0,176,179
2021-01-12,184.0,187.0,170,182
2021-01-13,183.0,186.0,172,175
2021-01-14,183.0,186.0,173,173
2021-01-15,183.0,186.0,175,176
2021-01-16,183.0,185.0,175,175
2021-01-17,182.0,185.0,176,176
2021-01-18,182.0,184.0,177,177
2021-01-19,181.0,184.0,168,179
2021-01-20,181.0,184.0,170,171
2021-01-21,180.0,183.0,169,174
2021-01-22,180.0,183.0,172,178
2021-01-23,179.0,182.0,172,172
2021-01-24,179.0,182.0,172,172
2021-01-25,178.0,181.0,168,172
2021-01-26,177.0,180.0,169,170
2021-01-27,177.0,180.0,170,170
2021-01-28,176.0,179.0,164,170
2021-01-29,175.0,178.0,164,164
2021-01-30,174.0,177.0,164,164
2021-01-31,173.0,176.0,164,164
2021-02-01,173.0,175.0,163,164
2021-02-02,171.0,175.0,141,166
2021-02-03,169.0,173.0,139,144
2021-02-04,168.0,171.0,134,140
2021-02-05,166.0,170.0,130,134
2021-02-06,165.0,168.0,130,130
2021-02-07,163.0,167.0,130,130
2021-02-08,162.0,165.0,125,131
2021-02-09,160.0,163.0,114,127
2021-02-10,158.0,161.0,118,118
2021-02-11,156.0,159.0,118,118
2021-02-12,154.0,157.0,113,119
2021-02-13,152.0,155.0,113,113
2021-02-14,150.0,153.0,113,113
2021-02-15,148.0,151.0,113,113
2021-02-16,146.0,149.0,108,114
2021-02-17,144.0,147.0,121,122
2021-02-18,142.0,145.0,120,122
2021-02-19,140.0,144.0,110,120
2021-02-20,138.0,141.0,110,110
2021-02-21,136.0,139.0,110,110
2021-02-22,134.0,137.0,103,113
2021-02-23,131.0,135.0,96,104
2021-02-24,129.0,132.0,93,96
2021-02-25,126.0,130.0,91,93
2021-02-26,123.0,127.0,92,92
2021-02-27,121.0,125.0,92,92
2021-02-28,119.0,122.0,92,92
2021-03-01,116.0,120.0,92,92
2021-03-02,114.0,118.0,86,95
2021-03-03,111.0,115.0,87,88
2021-03-04,109.0,112.0,86,87
2021-03-05,107.0,111.0,83,88
2021-03-06,106.0,109.0,83,83
2021-03-07,104.0,107.0,83,83
2021-03-08,103.0,105.0,85,85
2021-03-09,101.0,104.0,81,86
2021-03-10,100.0,102.0,84,85
2021-03-11,99.0,101.0,82,84
2021-03-12,97.0,100.0,81,82
2021-03-13,96.0,99.0,81,81
2021-03-14,95.0,97.0,81,81
2021-03-15,94.0,96.0,80,82
2021-03-16,93.0,96.0,87,90
2021-03-17,92.0,95.0,84,88
2021-03-18,91.0,94.0,76,84
2021-03-19,90.0,92.0,78,81
2021-03-20,88.0,91.0,78,78
2021-03-21,87.0,89.0,78,78
2021-03-22,86.0,88.0,79,79
2021-03-23,85.0,87.0,64,79
2021-03-24,83.0,86.0,64,66
2021-03-25,82.0,84.0,64,64
2021-03-26,81.0,83.0,65,66
2021-03-27,80.0,83.0,65,65
2021-03-28,80.0,82.0,65,65
2021-03-29,79.0,81.0,64,65
2021-03-30,78.0,80.0,62,64
2021-03-31,77.0,79.0,61,64
2021-04-01,76.0,78.0,61,61
2021-04-02,75.0,77.0,61,61
2021-04-03,74.0,76.0,61,61
2021-04-04,73.0,75.0,61,61
2021-04-05,72.0,74.0,58,61
2021-04-06,72.0,74.0,60,60
2021-04-07,71.0,73.0,60,61
2021-04-08,70.0,72.0,60,60
2021-04-09,69.0,71.0,59,60
2021-04-10,69.0,70.0,59,59
2021-04-11,68.0,69.0,59,59
2021-04-12,67.0,69.0,58,59
2021-04-13,66.0,68.0,56,59
2021-04-14,65.0,67.0,57,59
2021-04-15,64.0,66.0,55,57
2021-04-16,64.0,65.0,60,61
2021-04-17,63.0,64.0,60,60
2021-04-18,62.0,64.0,61,61
2021-04-19,62.0,63.0,61,62
2021-04-20,61.0,63.0,55,61
2021-04-21,60.0,62.0,56,56
2021-04-22,60.0,61.0,57,57
2021-04-23,60.0,61.0,58,59
2021-04-24,60.0,61.0,59,59
2021-04-25,60.0,61.0,61,61
2021-04-26,60.0,61.0,63,64
2021-04-27,59.0,60.0,60,63
2021-04-28,59.0,60.0,62,62
2021-04-29,59.0,60.0,62,62
2021-04-30,59.0,60.0,62,62
2021-05-01,59.0,60.0,62,62
2021-05-02,59.0,60.0,62,62
2021-05-03,61.0,63.0,103,144
2021-05-04,62.0,65.0,99,106
2021-05-05,64.0,66.0,100,100
2021-05-06,65.0,67.0,100,100
2021-05-07,66.0,69.0,100,100
2021-05-08,68.0,70.0,100,100
2021-05-09,69.0,71.0,100,100
2021-05-10,70.0,73.0,100,101
2021-05-11,71.0,74.0,95,100
2021-05-12,73.0,75.0,97,97
2021-05-13,74.0,77.0,98,98
2021-05-14,75.0,78.0,96,98
2021-05-15,77.0,79.0,96,96
2021-05-16,78.0,80.0,96,96
2021-05-17,79.0,82.0,97,98
2021-05-18,80.0,83.0,94,97
2021-05-19,82.0,84.0,95,95
2021-05-20,83.0,85.0,95,95
2021-05-21,84.0,86.0,94,96
2021-05-22,85.0,88.0,95,95
2021-05-23,87.0,89.0,95,95
2021-05-24,88.0,90.0,97,99
2021-05-25,89.0,91.0,94,97
2021-05-26,90.0,92.0,93,97
2021-05-27,91.0,93.0,93,93
2021-05-28,92.0,94.0,92,94
2021-05-29,93.0,96.0,92,92
2021-05-30,94.0,96.0,92,92
2021-05-31,95.0,98.0,92,92
2021-06-01,96.0,99.0,95,95
2021-06-02,96.0,97.0,98,98
2021-06-03,96.0,97.0,98,99
2021-06-04,96.0,97.0,98,98
2021-06-05,96.0,97.0,98,98
2021-06-06,96.0,97.0,98,98
2021-06-07,96.0,97.0,102,103
2021-06-08,97.0,100.0,147,200
2021-06-09,99.0,102.0,155,156
2021-06-10,101.0,104.0,142,157
2021-06-11,102.0,105.0,142,142
2021-06-12,104.0,107.0,142,142
2021-06-13,105.0,108.0,142,142
2021-06-14,107.0,110.0,143,143
2021-06-15,108.0,111.0,142,143
2021-06-16,110.0,113.0,146,147
2021-06-17,112.0,115.0,146,146
2021-06-18,113.0,116.0,146,148
2021-06-19,115.0,118.0,146,146
2021-06-20,117.0,120.0,146,146
2021-06-21,119.0,122.0,152,152
2021-06-22,121.0,124.0,147,154
2021-06-23,122.0,125.0,144,148
2021-06-24,124.0,127.0,142,144
2021-06-25,125.0,128.0,142,143
2021-06-26,127.0,130.0,142,142
2021-06-27,129.0,132.0,143,143
2021-06-28,130.0,133.0,145,146
2021-06-29,132.0,136.0,146,155
2021-06-30,134.0,137.0,144,147
2021-07-01,136.0,139.0,144,145
2021-07-02,137.0,141.0,146,147
2021-07-03,139.0,142.0,146,146
2021-07-04,140.0,144.0,146,146
2021-07-05,142.0,145.0,146,146
2021-07-06,144.0,147.0,146,146
2021-07-07,145.0,148.0,146,146
2021-07-08,145.0,147.0,145,146
2021-07-09,145.0,146.0,147,149
2021-07-10,145.0,146.0,147,147
2021-07-11,145.0,146.0,147,147
2021-07-12,145.0,147.0,143,152
2021-07-13,145.0,147.0,140,143
2021-07-14,145.0,147.0,139,141
2021-07-15,145.0,147.0,148,149
2021-07-16,145.0,147.0,146,150
2021-07-17,145.0,147.0,146,146
2021-07-18,145.0,147.0,146,146
2021-07-19,145.0,147.0,149,151
2021-07-20,145.0,147.0,139,149
2021-07-21,144.0,147.0,138,139
2021-07-22,144.0,146.0,136,138
2021-07-23,144.0,146.0,143,148
2021-07-24,144.0,146.0,143,143
2021-07-25,144.0,146.0,143,143
2021-07-26,144.0,146.0,142,146
2021-07-27,144.0,146.0,138,143
2021-07-28,144.0,146.0,142,142
2021-07-29,144.0,146.0,142,146
2021-07-30,144.0,146.0,143,146
2021-07-31,144.0,146.0,144,144
2021-08-01,144.0,146.0,144,144
2021-08-02,143.0,146.0,139,146
2021-08-03,143.0,145.0,136,140
2021-08-04,143.0,145.0,138,138
2021-08-05,143.0,145.0,137,138
2021-08-06,142.0,145.0,135,139
2021-08-07,142.0,144.0,135,135
2021-08-08,141.0,144.0,135,135
2021-08-09,141.0,143.0,136,136
2021-08-10,141.0,143.0,131,137
2021-08-11,140.0,142.0,129,132
2021-08-12,140.0,142.0,129,130
2021-08-13,139.0,142.0,128,129
2021-08-14,139.0,141.0,128,128
2021-08-15,138.0,140.0,128,128
2021-08-16,137.0,140.0,124,128
2021-08-17,136.0,139.0,116,124
2021-08-18,135.0,138.0,118,119
2021-08-19,135.0,137.0,122,122
2021-08-20,134.0,136.0,122,123
2021-08-21,134.0,136.0,123,123
2021-08-22,133.0,135.0,123,123
2021-08-23,132.0,134.0,121,124
2021-08-24,131.0,134.0,116,123
2021-08-25,131.0,133.0,116,116
2021-08-26,130.0,132.0,113,116
2021-08-27,129.0,131.0,113,114
2021-08-28,128.0,130.0,113,113
2021-08-29,127.0,129.0,113,113
2021-08-30,126.0,128.0,116,116
2021-08-31,125.0,127.0,110,117
2021-09-01,124.0,126.0,111,113
2021-09-02,123.0,125.0,112,113
2021-09-03,122.0,124.0,116,117
2021-09-04,122.0,123.0,116,116
2021-09-05,121.0,123.0,116,116
2021-09-06,120.0,122.0,117,117
2021-09-07,120.0,122.0,115,120
2021-09-08,119.0,121.0,121,121
2021-09-09,119.0,121.0,119,125
2021-09-10,118.0,120.0,119,123
2021-09-11,118.0,120.0,119,119
2021-09-12,118.0,120.0,120,120
2021-09-13,118.0,120.0,123,126
2021-09-14,117.0,120.0,121,125
2021-09-15,117.0,119.0,119,122
2021-09-16,118.0,120.0,132,132
2021-09-17,118.0,120.0,131,136
2021-09-18,119.0,120.0,131,131
2021-09-19,119.0,121.0,132,132
2021-09-20,119.0,121.0,133,135
2021-09-21,119.0,122.0,130,135
2021-09-22,120.0,122.0,136,140
2021-09-23,121.0,122.0,135,136
2021-09-24,121.0,123.0,139,140
2021-09-25,122.0,124.0,138,139
2021-09-26,123.0,125.0,138,138
2021-09-27,124.0,126.0,141,141
2021-09-28,125.0,127.0,130,142
2021-09-29,125.0,128.0,139,139
2021-09-30,126.0,128.0,141,142
2021-10-01,127.0,129.0,138,143
2021-10-02,128.0,130.0,138,138
2021-10-03,129.0,131.0,140,140
2021-10-04,130.0,132.0,138,144
2021-10-05,130.0,133.0,125,139
2021-10-06,130.0,133.0,131,132
2021-10-07,131.0,134.0,132,132
2021-10-08,132.0,134.0,143,143
2021-10-09,132.0,135.0,143,143
2021-10-10,133.0,136.0,143,143
2021-10-11,134.0,136.0,143,143
2021-10-12,134.0,137.0,122,147
2021-10-13,134.0,137.0,126,127
2021-10-14,134.0,137.0,127,127
2021-10-15,135.0,138.0,131,132
2021-10-16,135.0,138.0,131,131
2021-10-17,135.0,138.0,131,131
2021-10-18,135.0,138.0,136,136
2021-10-19,135.0,138.0,136,139
2021-10-20,135.0,138.0,140,144
2021-10-21,136.0,138.0,141,142
2021-10-22,136.0,139.0,147,147
2021-10-23,136.0,139.0,147,147
2021-10-24,137.0,139.0,149,149
2021-10-25,137.0,140.0,153,156
2021-10-26,137.0,141.0,142,158
2021-10-27,138.0,141.0,148,148
2021-10-28,138.0,141.0,147,149
2021-10-29,139.0,141.0,148,152
2021-10-30,139.0,142.0,148,148
2021-10-31,139.0,142.0,149,149
2021-11-01,140.0,142.0,152,153
2021-11-02,140.0,143.0,139,152
2021-11-03,140.0,143.0,141,142
2021-11-04,140.0,143.0,141,142
2021-11-05,140.0,143.0,138,144
2021-11-06,141.0,143.0,138,138
2021-11-07,140.0,143.0,138,138
2021-11-08,140.0,143.0,142,147
2021-11-09,140.0,143.0,124,145
2021-11-10,139.0,143.0,128,129
2021-11-11,140.0,143.0,136,136
2021-11-12,140.0,143.0,136,138
2021-11-13,140.0,143.0,136,136
2021-11-14,141.0,143.0,136,136
2021-11-15,141.0,144.0,139,140
2021-11-16,141.0,144.0,125,142
2021-11-17,140.0,144.0,128,131
2021-11-18,140.0,144.0,129,131
2021-11-19,140.0,143.0,130,131
2021-11-20,139.0,143.0,129,130
2021-11-21,139.0,142.0,132,132
2021-11-22,138.0,142.0,132,132
2021-11-23,138.0,141.0,121,132
2021-11-24,136.0,140.0,122,123
2021-11-25,136.0,139.0,122,122
2021-11-26,135.0,138.0,122,122
2021-11-27,134.0,137.0,122,122
2021-11-28,133.0,136.0,122,122
2021-11-29,132.0,135.0,121,124
2021-11-30,131.0,134.0,115,122
2021-12-01,130.0,133.0,116,116
2021-12-02,129.0,132.0,116,118
2021-12-03,128.0,131.0,115,117
2021-12-04,128.0,130.0,115,115
2021-12-05,127.0,129.0,115,115
2021-12-06,126.0,129.0,116,117
2021-12-07,125.0,128.0,115,121
2021-12-08,124.0,127.0,117,117
2021-12-09,124.0,126.0,116,120
2021-12-10,124.0,126.0,119,122
2021-12-11,123.0,126.0,119,119
2021-12-12,123.0,125.0,119,119
2021-12-13,122.0,124.0,121,121
2021-12-14,121.0,124.0,107,122
2021-12-15,120.0,123.0,107,109
2021-12-16,120.0,122.0,107,108
2021-12-17,119.0,121.0,121,123
2021-12-18,119.0,121.0,122,122
2021-12-19,119.0,121.0,124,124
2021-12-20,119.0,121.0,122,127
2021-12-21,118.0,121.0,117,123
2021-12-22,118.0,120.0,121,122
2021-12-23,118.0,120.0,122,122
2021-12-24,118.0,120.0,124,124
2021-12-25,118.0,120.0,124,124
2021-12-26,118.0,120.0,125,125
2021-12-27,118.0,120.0,129,131
2021-12-28,118.0,121.0,120,129
2021-12-29,118.0,121.0,124,124
2021-12-30,119.0,121.0,126,126
2021-12-31,119.0,121.0,126,126
2022-01-01,119.0,121.0,126,126
2022-01-02,120.0,122.0,126,126
2022-01-03,120.0,122.0,136,137
2022-01-04,121.0,123.0,129,136
2022-01-05,121.0,124.0,133,133
2022-01-06,122.0,124.0,132,134
2022-01-07,122.0,125.0,131,133
2022-01-08,123.0,125.0,130,131
2022-01-09,123.0,125.0,131,131
2022-01-10,124.0,126.0,146,148
2022-01-11,125.0,127.0,137,151
2022-01-12,126.0,128.0,151,151
2022-01-13,127.0,129.0,152,154
2022-01-14,129.0,131.0,152,154
2022-01-15,130.0,132.0,152,153
2022-01-16,131.0,133.0,152,152
2022-01-17,132.0,134.0,153,153
2022-01-18,133.0,135.0,139,156
2022-01-19,134.0,136.0,143,145
2022-01-20,135.0,137.0,145,145
2022-01-21,136.0,138.0,149,152
2022-01-22,136.0,139.0,150,150
2022-01-23,137.0,140.0,150,150
2022-01-24,138.0,140.0,152,152
2022-01-25,139.0,141.0,140,153
2022-01-26,140.0,142.0,159,160
2022-01-27,141.0,143.0,162,162
2022-01-28,142.0,145.0,159,162
2022-01-29,143.0,146.0,159,159
2022-01-30,144.0,147.0,159,159
2022-01-31,146.0,148.0,160,160
2022-02-01,146.0,149.0,143,160
2022-02-02,146.0,150.0,145,147
2022-02-03,147.0,150.0,148,148
2022-02-04,148.0,150.0,150,150
2022-02-05,148.0,151.0,151,151
2022-02-06,149.0,152.0,151,151
2022-02-07,150.0,152.0,151,152
2022-02-08,150.0,153.0,151,155
2022-02-09,151.0,153.0,153,154
2022-02-10,151.0,154.0,153,155
2022-02-11,151.0,154.0,152,155
2022-02-12,151.0,154.0,152,152
2022-02-13,151.0,154.0,152,152
2022-02-14,151.0,154.0,153,155
2022-02-15,151.0,154.0,150,158
2022-02-16,151.0,154.0,159,159
2022-02-17,152.0,154.0,161,162
2022-02-18,153.0,155.0,160,161
2022-02-19,153.0,155.0,160,160
2022-02-20,154.0,155.0,160,160
2022-02-21,154.0,156.0,160,160
2022-02-22,154.0,156.0,150,160
2022-02-23,154.0,156.0,150,151
2022-02-24,154.0,156.0,153,154
2022-02-25,154.0,156.0,158,160
2022-02-26,154.0,156.0,159,159
2022-02-27,154.0,156.0,163,163
2022-02-28,154.0,156.0,167,168
2022-03-01,154.0,157.0,154,167
2022-03-02,154.0,157.0,157,159
2022-03-03,155.0,157.0,164,167
2022-03-04,156.0,158.0,167,167
2022-03-05,156.0,158.0,169,169
2022-03-06,157.0,159.0,169,169
2022-03-07,158.0,160.0,170,171
2022-03-08,158.0,160.0,161,171
2022-03-09,158.0,161.0,166,166
2022-03-10,159.0,161.0,170,171
2022-03-11,160.0,162.0,175,175
2022-03-12,161.0,163.0,175,175
2022-03-13,161.0,163.0,175,175
2022-03-14,162.0,164.0,176,178
2022-03-15,162.0,165.0,156,180
2022-03-16,162.0,165.0,160,160
2022-03-17,163.0,165.0,164,164
2022-03-18,163.0,166.0,169,172
2022-03-19,164.0,166.0,169,169
2022-03-20,164.0,166.0,169,169
2022-03-21,164.0,167.0,170,174
2022-03-22,164.0,167.0,154,173
2022-03-23,164.0,167.0,165,166
2022-03-24,165.0,168.0,170,172
2022-03-25,165.0,169.0,152,173
2022-03-26,165.0,168.0,152,152
2022-03-27,165.0,168.0,152,152
2022-03-28,164.0,168.0,154,154
2022-03-29,164.0,168.0,140,156
2022-03-30,163.0,167.0,147,149
2022-03-31,163.0,167.0,153,153
2022-04-01,163.0,167.0,150,155
2022-04-02,162.0,166.0,150,150
2022-04-03,162.0,165.0,151,151
2022-04-04,161.0,165.0,157,158
2022-04-05,161.0,165.0,146,159
2022-04-06,160.0,164.0,152,154
2022-04-07,160.0,164.0,153,154
2022-04-08,159.0,163.0,153,156
2022-04-09,159.0,163.0,154,154
2022-04-10,158.0,162.0,157,157
2022-04-11,158.0,162.0,163,164
2022-04-12,157.0,161.0,147,163
2022-04-13,156.0,161.0,157,157
2022-04-14,156.0,160.0,158,159
2022-04-15,156.0,160.0,163,163
2022-04-16,156.0,160.0,163,163
2022-04-17,156.0,160.0,163,163
2022-04-18,156.0,160.0,168,169
2022-04-19,156.0,160.0,154,171
2022-04-20,155.0,159.0,157,158
2022-04-21,155.0,159.0,160,160
2022-04-22,155.0,159.0,166,166
2022-04-23,155.0,159.0,166,166
2022-04-24,156.0,158.0,167,167
2022-04-25,156.0,159.0,170,172
2022-04-26,156.0,160.0,155,172
2022-04-27,157.0,160.0,158,160
2022-04-28,157.0,160.0,162,163
2022-04-29,158.0,161.0,167,168
2022-04-30,159.0,161.0,169,169
2022-05-01,159.0,162.0,169,169
2022-05-02,160.0,163.0,174,174
2022-05-03,160.0,163.0,164,176
2022-05-04,161.0,164.0,165,165
2022-05-05,161.0,164.0,165,166
2022-05-06,162.0,164.0,171,171
2022-05-07,163.0,165.0,174,174
2022-05-08,163.0,166.0,174,174
2022-05-09,164.0,166.0,175,176
2022-05-10,164.0,167.0,159,176
2022-05-11,164.0,167.0,159,162
2022-05-12,164.0,167.0,159,160
2022-05-13,165.0,167.0,162,163
2022-05-14,165.0,167.0,161,162
2022-05-15,165.0,167.0,161,161
2022-05-16,165.0,167.0,166,171
2022-05-17,165.0,168.0,160,168
2022-05-18,164.0,168.0,164,165
2022-05-19,165.0,167.0,164,165
2022-05-20,165.0,168.0,166,168
2022-05-21,165.0,168.0,162,166
2022-05-22,165.0,168.0,163,163
2022-05-23,165.0,168.0,164,165
2022-05-24,164.0,168.0,144,164
2022-05-25,163.0,167.0,145,145
2022-05-26,163.0,166.0,143,146
2022-05-27,163.0,165.0,145,149
2022-05-28,162.0,165.0,146,146
2022-05-29,161.0,164.0,146,146
2022-05-30,160.0,163.0,145,146
2022-05-31,160.0,163.0,142,151
2022-06-01,159.0,162.0,147,150
2022-06-02,158.0,161.0,147,147
2022-06-03,158.0,161.0,146,151
2022-06-04,157.0,160.0,146,146
2022-06-05,156.0,159.0,147,147
2022-06-06,155.0,158.0,150,153
2022-06-07,154.0,158.0,140,150
2022-06-08,153.0,157.0,143,147
2022-06-09,153.0,156.0,145,147
2022-06-10,152.0,155.0,148,152
2022-06-11,152.0,155.0,150,150
2022-06-12,152.0,155.0,150,150
2022-06-13,151.0,154.0,149,151
2022-06-14,151.0,154.0,146,150
2022-06-15,150.0,153.0,147,148
2022-06-16,150.0,152.0,148,148
2022-06-17,149.0,152.0,149,150
2022-06-18,149.0,151.0,149,149
2022-06-19,148.0,151.0,152,152
2022-06-20,148.0,150.0,151,152
2022-06-21,147.0,150.0,142,155
2022-06-22,146.0,150.0,147,150
2022-06-23,147.0,149.0,148,150
2022-06-24,147.0,149.0,143,149
2022-06-25,147.0,149.0,144,144
2022-06-26,147.0,149.0,144,144
2022-06-27,147.0,149.0,148,149
2022-06-28,146.0,149.0,140,149
2022-06-29,146.0,149.0,146,146
2022-06-30,147.0,149.0,147,147
2022-07-01,147.0,149.0,147,151
2022-07-02,147.0,149.0,147,147
2022-07-03,147.0,149.0,148,149
2022-07-04,147.0,149.0,148,148
2022-07-05,146.0,149.0,138,152
2022-07-06,146.0,149.0,140,145
2022-07-07,146.0,149.0,141,142
2022-07-08,146.0,149.0,138,143
2022-07-09,146.0,148.0,138,138
2022-07-10,145.0,148.0,138,138
2022-07-11,145.0,148.0,139,139
2022-07-12,144.0,147.0,128,140
2022-07-13,144.0,147.0,131,133
2022-07-14,143.0,146.0,133,133
2022-07-15,143.0,146.0,135,137
2022-07-16,143.0,145.0,137,137
2022-07-17,142.0,145.0,137,137
2022-07-18,142.0,145.0,139,140
2022-07-19,141.0,144.0,131,145
2022-07-20,140.0,144.0,127,132
2022-07-21,140.0,143.0,129,129
2022-07-22,139.0,142.0,131,134
2022-07-23,139.0,142.0,131,131
2022-07-24,138.0,141.0,131,131
2022-07-25,138.0,141.0,133,134
2022-07-26,137.0,140.0,116,134
2022-07-27,136.0,139.0,119,120
2022-07-28,135.0,138.0,121,121
2022-07-29,135.0,138.0,123,126
2022-07-30,134.0,137.0,123,123
2022-07-31,133.0,136.0,123,123
2022-08-01,132.0,135.0,125,126
2022-08-02,131.0,135.0,118,126
2022-08-03,130.0,134.0,120,121
2022-08-04,130.0,133.0,122,123
2022-08-05,129.0,132.0,120,124
2022-08-06,129.0,131.0,121,121
2022-08-07,128.0,131.0,121,121
2022-08-08,128.0,130.0,123,123
2022-08-09,127.0,130.0,116,126
2022-08-10,126.0,129.0,120,121
2022-08-11,126.0,129.0,124,124
2022-08-12,126.0,128.0,130,132
2022-08-13,126.0,128.0,130,130
2022-08-14,126.0,128.0,132,132
2022-08-15,126.0,128.0,136,136
2022-08-16,125.0,128.0,129,139
2022-08-17,125.0,128.0,138,139
2022-08-18,126.0,128.0,137,140
2022-08-19,126.0,128.0,133,142
2022-08-20,126.0,129.0,133,133
2022-08-21,126.0,129.0,134,135
2022-08-22,126.0,129.0,140,141
2022-08-23,126.0,129.0,131,145
2022-08-24,126.0,129.0,133,137
2022-08-25,127.0,130.0,135,135
2022-08-26,128.0,130.0,135,136
2022-08-27,128.0,130.0,135,135
2022-08-28,128.0,131.0,137,137
2022-08-29,129.0,132.0,145,145
2022-08-30,129.0,132.0,130,149
2022-08-31,130.0,133.0,138,140
2022-09-01,131.0,133.0,142,142
2022-09-02,132.0,134.0,145,146
2022-09-03,132.0,135.0,145,145
2022-09-04,133.0,136.0,145,145
2022-09-05,134.0,137.0,145,145
2022-09-06,134.0,137.0,134,147
2022-09-07,135.0,138.0,135,138
2022-09-08,135.0,138.0,138,140
2022-09-09,136.0,139.0,137,142
2022-09-10,136.0,140.0,138,138
2022-09-11,137.0,140.0,138,138
2022-09-12,137.0,140.0,140,144
2022-09-13,137.0,141.0,134,144
2022-09-14,137.0,141.0,141,141
2022-09-15,138.0,141.0,146,147
2022-09-16,138.0,141.0,150,150
2022-09-17,139.0,142.0,150,150
2022-09-18,139.0,142.0,150,150
2022-09-19,140.0,143.0,150,152
2022-09-20,140.0,143.0,145,154
2022-09-21,141.0,144.0,150,151
2022-09-22,141.0,144.0,153,153
2022-09-23,142.0,144.0,152,155
2022-09-24,142.0,145.0,152,152
2022-09-25,143.0,146.0,152,152
2022-09-26,144.0,146.0,149,152
2022-09-27,144.0,147.0,155,156
2022-09-28,144.0,147.0,155,155
2022-09-29,145.0,147.0,155,155
2022-09-30,146.0,148.0,155,155
2022-10-01,146.0,148.0,155,155
2022-10-02,146.0,149.0,139,157
2022-10-03,147.0,149.0,164,164
2022-10-04,147.0,150.0,153,170
2022-10-05,147.0,150.0,155,155
2022-10-06,148.0,151.0,156,156
2022-10-07,149.0,151.0,156,156
2022-10-08,149.0,152.0,158,158
2022-10-09,150.0,152.0,158,158
2022-10-10,151.0,153.0,159,159
2022-10-11,151.0,154.0,140,165
2022-10-12,151.0,154.0,146,149
2022-10-13,152.0,154.0,147,148
2022-10-14,152.0,155.0,148,150
2022-10-15,152.0,155.0,150,150
2022-10-16,152.0,155.0,151,152
2022-10-17,152.0,155.0,156,157
2022-10-18,152.0,155.0,151,162
2022-10-19,152.0,156.0,159,159
2022-10-20,153.0,156.0,160,160
2022-10-21,153.0,156.0,164,164
2022-10-22,154.0,157.0,164,164
2022-10-23,154.0,157.0,164,164
2022-10-24,155.0,157.0,166,166
2022-10-25,155.0,158.0,154,170
2022-10-26,155.0,159.0,167,168
2022-10-27,156.0,159.0,172,172
2022-10-28,156.0,160.0,169,173
2022-10-29,157.0,160.0,171,171
2022-10-30,157.0,161.0,171,171
2022-10-31,158.0,162.0,181,181
2022-11-01,159.0,163.0,173,184
2022-11-02,160.0,163.0,176,179
2022-11-03,161.0,163.0,175,178
2022-11-04,161.0,164.0,179,179
2022-11-05,162.0,165.0,179,179
2022-11-06,163.0,166.0,180,180
2022-11-07,164.0,167.0,184,185
2022-11-08,164.0,168.0,176,186
2022-11-09,165.0,168.0,182,183
2022-11-10,167.0,169.0,182,182
2022-11-11,168.0,170.0,181,182
2022-11-12,169.0,171.0,181,181
2022-11-13,170.0,172.0,181,181
2022-11-14,171.0,173.0,183,183
2022-11-15,172.0,174.0,177,185
2022-11-16,173.0,175.0,176,178
2022-11-17,174.0,176.0,179,181
2022-11-18,174.0,176.0,177,179
2022-11-19,175.0,177.0,177,177
2022-11-20,175.0,177.0,177,177
2022-11-21,176.0,178.0,175,177
2022-11-22,176.0,178.0,167,179
2022-11-23,176.0,178.0,167,168
2022-11-24,176.0,178.0,158,167
2022-11-25,175.0,178.0,158,158
2022-11-26,175.0,177.0,158,158
2022-11-27,175.0,177.0,158,158
2022-11-28,175.0,177.0,172,173
2022-11-29,175.0,177.0,170,175
2022-11-30,174.0,177.0,171,175
2022-12-01,174.0,177.0,175,175
2022-12-02,174.0,177.0,176,177
2022-12-03,174.0,176.0,177,177
2022-12-04,174.0,176.0,177,177
2022-12-05,174.0,176.0,178,179
2022-12-06,174.0,177.0,163,184
2022-12-07,173.0,176.0,174,176
2022-12-08,173.0,176.0,173,182
2022-12-09,173.0,176.0,176,178
2022-12-10,173.0,176.0,177,177
2022-12-11,173.0,176.0,177,177
2022-12-12,173.0,176.0,175,181
2022-12-13,172.0,176.0,167,180
2022-12-14,172.0,175.0,168,173
2022-12-15,171.0,175.0,158,171
2022-12-16,171.0,174.0,165,167
2022-12-17,170.0,174.0,166,166
2022-12-18,170.0,174.0,166,166
2022-12-19,170.0,173.0,169,171
2022-12-20,169.0,173.0,157,172
2022-12-21,169.0,173.0,170,170
2022-12-22,169.0,173.0,171,171
2022-12-23,169.0,173.0,178,179
2022-12-24,170.0,173.0,178,178
2022-12-25,171.0,174.0,178,178
2022-12-26,171.0,175.0,180,180
2022-12-27,172.0,176.0,175,182
2022-12-28,172.0,176.0,180,181
2022-12-29,172.0,176.0,178,181
2022-12-30,173.0,176.0,181,181
2022-12-31,173.0,176.0,181,181
2023-01-01,173.0,177.0,183,183
2023-01-02,173.0,177.0,183,183
2023-01-03,173.0,177.0,166,183
2023-01-04,173.0,177.0,169,169
2023-01-05,173.0,176.0,169,170
2023-01-06,173.0,176.0,172,174
2023-01-07,173.0,176.0,172,172
2023-01-08,173.0,176.0,172,172
2023-01-09,172.0,176.0,170,173
2023-01-10,172.0,175.0,158,171
2023-01-11,171.0,175.0,158,159
2023-01-12,171.0,174.0,154,158
2023-01-13,170.0,173.0,153,155
2023-01-14,170.0,173.0,153,153
2023-01-15,170.0,172.0,153,153
2023-01-16,169.0,172.0,153,153
2023-01-17,169.0,171.0,146,155
2023-01-18,168.0,171.0,146,147
2023-01-19,168.0,170.0,150,154
2023-01-20,167.0,170.0,158,158
2023-01-21,167.0,169.0,158,158
2023-01-22,166.0,168.0,158,158
2023-01-23,166.0,168.0,161,162
2023-01-24,165.0,167.0,149,162
2023-01-25,164.0,167.0,157,157
2023-01-26,163.0,166.0,156,161
2023-01-27,163.0,165.0,161,161
2023-01-28,162.0,165.0,163,163
2023-01-29,162.0,164.0,163,163
2023-01-30,161.0,163.0,163,164
2023-01-31,160.0,163.0,155,163
2023-02-01,159.0,162.0,158,159
2023-02-02,159.0,161.0,159,163
2023-02-03,159.0,161.0,163,163
2023-02-04,158.0,161.0,163,163
2023-02-05,158.0,161.0,164,164
2023-02-06,158.0,160.0,168,168
2023-02-07,158.0,160.0,159,172
2023-02-08,157.0,160.0,164,165
2023-02-09,158.0,160.0,170,172
2023-02-10,158.0,161.0,176,176
2023-02-11,159.0,161.0,176,176
2023-02-12,160.0,162.0,174,179
2023-02-13,161.0,163.0,172,180
2023-02-14,161.0,164.0,173,175
2023-02-15,162.0,165.0,172,177
2023-02-16,163.0,165.0,167,175
2023-02-17,164.0,166.0,180,181
2023-02-18,165.0,167.0,180,180
2023-02-19,165.0,168.0,180,180
2023-02-20,166.0,169.0,180,180
2023-02-21,166.0,169.0,163,180
2023-02-22,167.0,170.0,168,169
2023-02-23,167.0,170.0,174,178
2023-02-24,168.0,171.0,180,183
2023-02-25,169.0,172.0,180,180
2023-02-26,170.0,172.0,179,181
2023-02-27,170.0,173.0,179,183
2023-02-28,170.0,174.0,168,185
2023-03-01,170.0,174.0,171,172
2023-03-02,171.0,174.0,172,176
2023-03-03,172.0,175.0,174,177
2023-03-04,172.0,175.0,174,174
2023-03-05,172.0,176.0,174,174
2023-03-06,173.0,177.0,181,184
2023-03-07,173.0,177.0,173,185
2023-03-08,173.0,178.0,146,180
2023-03-09,172.0,177.0,137,150
2023-03-10,171.0,176.0,146,147
2023-03-11,170.0,175.0,146,146
2023-03-12,170.0,174.0,146,146
2023-03-13,169.0,174.0,148,149
2023-03-14,168.0,173.0,142,149
2023-03-15,167.0,172.0,163,164
2023-03-16,167.0,172.0,162,168
2023-03-17,167.0,172.0,170,170
2023-03-18,167.0,171.0,171,171
2023-03-19,167.0,171.0,175,175
2023-03-20,167.0,171.0,181,182
2023-03-21,166.0,171.0,168,184
2023-03-22,166.0,171.0,170,171
2023-03-23,167.0,171.0,180,183
2023-03-24,167.0,172.0,186,190
2023-03-25,168.0,172.0,188,188
2023-03-26,168.0,172.0,188,188
2023-03-27,168.0,173.0,188,190
2023-03-28,168.0,173.0,170,194
2023-03-29,168.0,173.0,183,184
2023-03-30,169.0,173.0,185,190
2023-03-31,169.0,174.0,178,185
2023-04-01,169.0,174.0,179,179
2023-04-02,169.0,174.0,172,180
2023-04-03,169.0,174.0,179,179
2023-04-04,169.0,175.0,175,185
2023-04-05,169.0,174.0,174,181
2023-04-06,169.0,174.0,174,176
2023-04-07,170.0,174.0,178,178
2023-04-08,172.0,175.0,180,180
2023-04-09,173.0,176.0,180,180
2023-04-10,174.0,178.0,186,186
2023-04-11,175.0,179.0,177,188
2023-04-12,176.0,180.0,183,183
2023-04-13,178.0,181.0,183,184
2023-04-14,178.0,182.0,183,184
2023-04-15,179.0,182.0,183,183
2023-04-16,179.0,183.0,183,183
2023-04-17,180.0,183.0,183,183
2023-04-18,179.0,184.0,165,187
2023-04-19,180.0,184.0,195,196
2023-04-20,180.0,184.0,180,195
2023-04-21,181.0,185.0,184,184
2023-04-22,181.0,185.0,184,184
2023-04-23,181.0,185.0,184,184
2023-04-24,181.0,185.0,186,186
2023-04-25,180.0,185.0,180,191
2023-04-26,180.0,184.0,178,183
2023-04-27,180.0,184.0,168,179
2023-04-28,180.0,184.0,173,174
2023-04-29,179.0,183.0,173,173
2023-04-30,179.0,183.0,174,174
2023-05-01,179.0,183.0,179,179
2023-05-02,179.0,183.0,165,182
2023-05-03,179.0,183.0,172,174
2023-05-04,179.0,182.0,174,176
2023-05-05,179.0,182.0,175,177
2023-05-06,179.0,182.0,174,175
2023-05-07,179.0,182.0,174,176
2023-05-08,178.0,182.0,169,176
2023-05-09,178.0,182.0,169,171
2023-05-10,177.0,181.0,170,176
2023-05-11,177.0,181.0,163,172
2023-05-12,176.0,180.0,171,171
2023-05-13,176.0,180.0,171,171
2023-05-14,176.0,180.0,171,172
2023-05-15,175.0,180.0,177,182
2023-05-16,175.0,180.0,166,187
2023-05-17,174.0,179.0,168,170
2023-05-18,175.0,179.0,180,181
2023-05-19,175.0,179.0,189,189
2023-05-20,175.0,179.0,189,189
2023-05-21,175.0,179.0,191,191
2023-05-22,176.0,179.0,197,199
2023-05-23,175.0,180.0,178,199
2023-05-24,175.0,180.0,181,181
2023-05-25,175.0,179.0,182,184
2023-05-26,176.0,180.0,193,195
2023-05-27,177.0,180.0,193,193
2023-05-28,177.0,181.0,193,193
2023-05-29,178.0,182.0,195,195
2023-05-30,179.0,183.0,188,202
2023-05-31,179.0,183.0,190,192
2023-06-01,180.0,183.0,185,191
2023-06-02,180.0,184.0,196,196
2023-06-03,181.0,185.0,197,197
2023-06-04,182.0,185.0,197,197
2023-06-05,183.0,186.0,197,202
2023-06-06,183.0,187.0,190,203
2023-06-07,184.0,188.0,192,195
2023-06-08,185.0,189.0,187,193
2023-06-09,185.0,189.0,190,191
2023-06-10,186.0,190.0,190,190
2023-06-11,187.0,190.0,193,193
2023-06-12,188.0,192.0,199,203
2023-06-13,188.0,192.0,188,200
2023-06-14,189.0,193.0,190,192
2023-06-15,190.0,193.0,191,193
2023-06-16,191.0,194.0,199,207
2023-06-17,191.0,195.0,199,199
2023-06-18,192.0,195.0,199,199
2023-06-19,192.0,196.0,201,201
2023-06-20,192.0,196.0,191,208
2023-06-21,192.0,196.0,195,197
2023-06-22,193.0,196.0,195,200
2023-06-23,193.0,197.0,202,204
2023-06-24,194.0,197.0,202,202
2023-06-25,194.0,198.0,202,202
2023-06-26,195.0,198.0,205,207
2023-06-27,194.0,199.0,187,211
2023-06-28,194.0,199.0,195,201
2023-06-29,195.0,199.0,197,197
2023-06-30,195.0,199.0,201,205
2023-07-01,196.0,200.0,203,203
2023-07-02,196.0,200.0,203,203
2023-07-03,196.0,200.0,207,207
2023-07-04,197.0,200.0,207,207
2023-07-05,197.0,201.0,214,215
2023-07-06,198.0,202.0,207,220
2023-07-07,199.0,203.0,233,233
2023-07-08,201.0,204.0,233,233
2023-07-09,202.0,206.0,233,233
2023-07-10,203.0,207.0,233,234
2023-07-11,204.0,208.0,218,236
2023-07-12,205.0,209.0,228,230
2023-07-13,207.0,210.0,229,235
2023-07-14,209.0,212.0,250,250
2023-07-15,211.0,214.0,250,250
2023-07-16,212.0,216.0,250,250
2023-07-17,214.0,217.0,246,250
2023-07-18,215.0,219.0,226,246
2023-07-19,216.0,220.0,231,235
2023-07-20,217.0,221.0,224,238
2023-07-21,218.0,222.0,226,228
2023-07-22,219.0,223.0,226,226
2023-07-23,220.0,224.0,228,228
2023-07-24,221.0,225.0,227,233
2023-07-25,221.0,226.0,209,230
2023-07-26,221.0,226.0,213,217
2023-07-27,222.0,226.0,208,219
2023-07-28,222.0,227.0,209,210
2023-07-29,223.0,227.0,211,211
2023-07-30,223.0,227.0,212,212
2023-07-31,224.0,228.0,217,218
2023-08-01,223.0,228.0,199,220
2023-08-02,223.0,228.0,205,207
2023-08-03,223.0,228.0,206,208
2023-08-04,224.0,229.0,228,229
2023-08-05,225.0,229.0,229,229
2023-08-06,224.0,229.0,229,229
2023-08-07,224.0,229.0,230,235
2023-08-08,224.0,229.0,222,236
2023-08-09,224.0,229.0,230,231
2023-08-10,224.0,229.0,230,238
2023-08-11,224.0,229.0,235,236
2023-08-12,225.0,230.0,237,237
2023-08-13,224.0,229.0,237,237
2023-08-14,224.0,229.0,241,241
2023-08-15,223.0,229.0,224,243
2023-08-16,223.0,228.0,228,233
2023-08-17,222.0,227.0,218,230
2023-08-18,222.0,227.0,228,230
2023-08-19,222.0,227.0,228,228
2023-08-20,222.0,227.0,226,228
2023-08-21,222.0,227.0,227,229
2023-08-22,222.0,227.0,214,228
2023-08-23,222.0,227.0,222,225
2023-08-24,222.0,227.0,220,223
2023-08-25,222.0,227.0,225,225
2023-08-26,223.0,227.0,226,226
2023-08-27,224.0,228.0,225,226
2023-08-28,224.0,228.0,223,226
2023-08-29,224.0,229.0,208,226
2023-08-30,224.0,228.0,208,208
2023-08-31,224.0,228.0,207,208
2023-09-01,224.0,228.0,207,209
2023-09-02,224.0,228.0,208,208
2023-09-03,223.0,227.0,208,208
2023-09-04,223.0,226.0,208,208
2023-09-05,222.0,226.0,205,212
2023-09-06,221.0,225.0,207,210
2023-09-07,221.0,224.0,208,209
2023-09-08,220.0,224.0,213,216
2023-09-09,220.0,223.0,215,215
2023-09-10,219.0,222.0,214,215
2023-09-11,218.0,222.0,216,217
2023-09-12,217.0,221.0,207,219
2023-09-13,216.0,220.0,210,214
2023-09-14,216.0,219.0,211,212
2023-09-15,215.0,219.0,217,218
2023-09-16,215.0,218.0,217,217
2023-09-17,215.0,218.0,217,217
2023-09-18,214.0,217.0,216,217
2023-09-19,213.0,217.0,190,219
2023-09-20,212.0,216.0,192,195
2023-09-21,212.0,215.0,195,199
2023-09-22,211.0,214.0,202,203
2023-09-23,210.0,213.0,202,202
2023-09-24,210.0,213.0,203,203
2023-09-25,209.0,212.0,205,209
2023-09-26,208.0,212.0,188,208
2023-09-27,206.0,211.0,188,201
2023-09-28,206.0,210.0,191,193
2023-09-29,205.0,209.0,197,199
2023-09-30,205.0,209.0,197,198
2023-10-01,205.0,209.0,200,200
2023-10-02,205.0,208.0,202,202
2023-10-03,204.0,208.0,187,204
2023-10-04,203.0,208.0,190,194
2023-10-05,203.0,207.0,193,195
2023-10-06,203.0,207.0,204,207
2023-10-07,203.0,207.0,204,204
2023-10-08,202.0,207.0,204,204
2023-10-09,202.0,206.0,207,207
2023-10-10,202.0,206.0,204,212
2023-10-11,202.0,206.0,212,213
2023-10-12,202.0,206.0,216,218
2023-10-13,202.0,206.0,217,221
2023-10-14,202.0,207.0,218,218
2023-10-15,203.0,207.0,219,219
2023-10-16,203.0,207.0,225,228
2023-10-17,202.0,207.0,204,226
2023-10-18,202.0,207.0,210,210
2023-10-19,203.0,207.0,214,214
2023-10-20,204.0,208.0,213,218
2023-10-21,204.0,208.0,214,214
2023-10-22,205.0,209.0,215,215
2023-10-23,205.0,209.0,219,220
2023-10-24,205.0,210.0,203,222
2023-10-25,205.0,210.0,208,209
2023-10-26,206.0,210.0,220,220
2023-10-27,208.0,211.0,224,225
2023-10-28,209.0,212.0,225,225
2023-10-29,210.0,213.0,226,226
2023-10-30,211.0,214.0,227,229
2023-10-31,211.0,215.0,195,229
2023-11-01,210.0,215.0,198,200
2023-11-02,211.0,215.0,205,207
2023-11-03,212.0,216.0,213,213
2023-11-04,213.0,216.0,215,215
2023-11-05,213.0,217.0,219,219
2023-11-06,214.0,217.0,218,222
2023-11-07,213.0,218.0,201,219
2023-11-08,214.0,218.0,215,217
2023-11-09,214.0,218.0,221,222
2023-11-10,215.0,219.0,222,222
2023-11-11,215.0,219.0,222,222
2023-11-12,215.0,219.0,222,222
2023-11-13,215.0,219.0,223,226
2023-11-14,215.0,219.0,215,223
2023-11-15,215.0,219.0,215,218
2023-11-16,215.0,219.0,221,221
2023-11-17,216.0,219.0,226,227
2023-11-18,216.0,220.0,225,226
2023-11-19,217.0,220.0,227,227
2023-11-20,217.0,221.0,225,231
2023-11-21,217.0,221.0,218,230
2023-11-22,217.0,221.0,224,225
2023-11-23,218.0,221.0,224,224
2023-11-24,219.0,222.0,225,225
2023-11-25,219.0,222.0,227,227
2023-11-26,219.0,222.0,227,227
2023-11-27,219.0,222.0,228,231
2023-11-28,219.0,223.0,220,233
2023-11-29,219.0,223.0,226,226
2023-11-30,220.0,223.0,235,240
2023-12-01,221.0,224.0,238,238
2023-12-02,223.0,225.0,240,240
2023-12-03,223.0,226.0,240,240
2023-12-04,224.0,227.0,240,240
2023-12-05,225.0,228.0,229,242
2023-12-06,226.0,229.0,244,246
2023-12-07,227.0,229.0,238,246
2023-12-08,227.0,230.0,237,243
2023-12-09,228.0,231.0,237,237
2023-12-10,228.0,231.0,237,237
2023-12-11,229.0,232.0,233,238
2023-12-12,228.0,232.0,211,233
2023-12-13,228.0,232.0,221,221
2023-12-14,229.0,232.0,234,234
2023-12-15,230.0,233.0,237,240
2023-12-16,230.0,234.0,237,237
2023-12-17,231.0,234.0,237,237
2023-12-18,231.0,234.0,234,240
2023-12-19,231.0,235.0,230,238
2023-12-20,231.0,235.0,236,241
2023-12-21,232.0,236.0,239,243
2023-12-22,233.0,236.0,239,240
2023-12-23,233.0,237.0,239,239
2023-12-24,234.0,237.0,240,240
2023-12-25,234.0,238.0,240,240
2023-12-26,234.0,238.0,216,241
2023-12-27,233.0,238.0,219,220
2023-12-28,233.0,237.0,221,224
2023-12-29,234.0,237.0,228,228
2023-12-30,233.0,237.0,231,231
2023-12-31,233.0,237.0,231,231
2024-01-01,233.0,237.0,231,231
2024-01-02,233.0,236.0,230,231
2024-01-03,232.0,236.0,231,234
2024-01-04,232.0,236.0,231,233
2024-01-05,232.0,235.0,225,231
2024-01-06,231.0,235.0,229,229
2024-01-07,231.0,234.0,230,230
2024-01-08,231.0,234.0,233,235
2024-01-09,230.0,234.0,214,236
2024-01-10,230.0,234.0,225,226
2024-01-11,230.0,234.0,227,228
2024-01-12,231.0,234.0,231,233
2024-01-13,231.0,234.0,231,231
2024-01-14,231.0,234.0,231,231
2024-01-15,230.0,233.0,231,231
2024-01-16,230.0,233.0,218,232
2024-01-17,229.0,233.0,225,229
2024-01-18,229.0,233.0,226,228
2024-01-19,229.0,232.0,229,231
2024-01-20,229.0,232.0,229,229
2024-01-21,228.0,231.0,229,229
2024-01-22,228.0,231.0,231,234
2024-01-23,228.0,231.0,222,236
2024-01-24,227.0,231.0,222,226
2024-01-25,227.0,230.0,225,233
2024-01-26,227.0,231.0,224,228
2024-01-27,227.0,231.0,224,224
2024-01-28,227.0,230.0,224,224
2024-01-29,227.0,231.0,232,233
2024-01-30,227.0,231.0,219,238
2024-01-31,227.0,231.0,228,229
2024-02-01,227.0,231.0,232,233
2024-02-02,227.0,231.0,234,236
2024-02-03,227.0,231.0,234,234
2024-02-04,227.0,231.0,234,234
2024-02-05,228.0,231.0,234,240
2024-02-06,227.0,232.0,212,239
2024-02-07,227.0,232.0,230,231
2024-02-08,227.0,231.0,231,234
2024-02-09,228.0,232.0,232,232
2024-02-10,228.0,232.0,232,232
2024-02-11,228.0,232.0,232,232
2024-02-12,228.0,232.0,230,233
2024-02-13,227.0,232.0,216,235
2024-02-14,227.0,232.0,226,228
2024-02-15,228.0,232.0,230,231
2024-02-16,228.0,232.0,230,234
2024-02-17,228.0,232.0,230,230
2024-02-18,228.0,232.0,230,230
2024-02-19,228.0,232.0,230,230
2024-02-20,228.0,232.0,222,236
2024-02-21,227.0,232.0,223,224
2024-02-22,228.0,232.0,224,227
2024-02-23,228.0,232.0,229,229
2024-02-24,228.0,232.0,230,230
2024-02-25,228.0,232.0,230,230
2024-02-26,228.0,232.0,231,232
2024-02-27,228.0,232.0,225,233
2024-02-28,228.0,232.0,232,237
2024-02-29,229.0,232.0,229,234
2024-03-01,229.0,232.0,229,231
2024-03-02,229.0,232.0,235,235
2024-03-03,229.0,232.0,235,235
2024-03-04,229.0,233.0,237,239
2024-03-05,229.0,233.0,224,258
2024-03-06,228.0,233.0,224,227
2024-03-07,229.0,233.0,228,230
2024-03-08,229.0,233.0,228,232
2024-03-09,229.0,232.0,228,228
2024-03-10,229.0,232.0,228,228
2024-03-11,229.0,232.0,231,231
2024-03-12,228.0,233.0,222,240
2024-03-13,228.0,232.0,231,231
2024-03-14,229.0,233.0,239,240
2024-03-15,229.0,233.0,239,242
2024-03-16,230.0,233.0,239,239
2024-03-17,230.0,234.0,239,239
2024-03-18,230.0,234.0,238,243
2024-03-19,230.0,234.0,222,238
2024-03-20,230.0,234.0,232,234
2024-03-21,231.0,234.0,237,237
2024-03-22,231.0,235.0,237,240
2024-03-23,232.0,235.0,237,237
2024-03-24,232.0,236.0,240,240
2024-03-25,232.0,236.0,241,242
2024-03-26,232.0,237.0,228,244
2024-03-27,232.0,237.0,238,240
2024-03-28,233.0,237.0,240,242
2024-03-29,233.0,237.0,240,242
2024-03-30,234.0,237.0,240,240
2024-03-31,234.0,238.0,240,240
2024-04-01,234.0,238.0,242,243
2024-04-02,234.0,238.0,235,247
2024-04-03,234.0,239.0,239,243
2024-04-04,235.0,238.0,237,242
2024-04-05,235.0,238.0,234,241
2024-04-06,235.0,239.0,234,234
2024-04-07,235.0,239.0,234,234
2024-04-08,236.0,239.0,235,239
2024-04-09,236.0,239.0,235,239
2024-04-10,236.0,240.0,225,250
2024-04-11,236.0,240.0,227,229
2024-04-12,236.0,240.0,239,241
2024-04-13,236.0,240.0,239,239
2024-04-14,236.0,240.0,239,239
2024-04-15,236.0,240.0,244,245
2024-04-16,236.0,240.0,226,249
2024-04-17,235.0,240.0,228,236
2024-04-18,236.0,240.0,229,233
2024-04-19,236.0,240.0,233,234
2024-04-20,236.0,240.0,233,233
2024-04-21,236.0,240.0,234,234
2024-04-22,235.0,240.0,235,235
2024-04-23,235.0,240.0,220,240
2024-04-24,234.0,239.0,230,232
2024-04-25,234.0,239.0,231,232
2024-04-26,234.0,239.0,235,235
2024-04-27,234.0,238.0,235,235
2024-04-28,234.0,238.0,235,235
2024-04-29,234.0,238.0,235,238
2024-04-30,233.0,238.0,212,241
2024-05-01,233.0,238.0,230,233
2024-05-02,233.0,238.0,236,237
2024-05-03,233.0,238.0,241,242
2024-05-04,233.0,238.0,241,241
2024-05-05,233.0,238.0,241,241
2024-05-06,233.0,238.0,240,242
2024-05-07,233.0,238.0,214,241
2024-05-08,232.0,238.0,227,229
2024-05-09,232.0,237.0,227,231
2024-05-10,232.0,237.0,222,232
2024-05-11,232.0,237.0,222,222
2024-05-12,231.0,236.0,222,222
2024-05-13,231.0,236.0,224,227
2024-05-14,230.0,235.0,226,228
2024-05-15,230.0,235.0,231,232
2024-05-16,230.0,234.0,235,238
2024-05-17,230.0,234.0,223,240
2024-05-18,230.0,234.0,223,223
2024-05-19,230.0,234.0,225,225
2024-05-20,229.0,234.0,228,230
2024-05-21,229.0,234.0,229,231
2024-05-22,229.0,234.0,236,243
2024-05-23,230.0,234.0,239,241
2024-05-24,230.0,234.0,225,248
2024-05-25,229.0,234.0,225,225
2024-05-26,229.0,234.0,226,226
2024-05-27,229.0,234.0,226,226
2024-05-28,229.0,233.0,225,227
2024-05-29,228.0,233.0,228,232
2024-05-30,229.0,233.0,232,233
2024-05-31,229.0,233.0,224,249
2024-06-01,228.0,233.0,224,224
2024-06-02,228.0,232.0,224,224
2024-06-03,227.0,232.0,229,231
2024-06-04,227.0,232.0,225,230
2024-06-05,227.0,232.0,231,236
2024-06-06,227.0,231.0,234,237
2024-06-07,228.0,232.0,240,240
2024-06-08,227.0,232.0,216,240
2024-06-09,227.0,232.0,217,217
2024-06-10,227.0,232.0,223,225
2024-06-11,227.0,232.0,229,230
2024-06-12,228.0,232.0,235,241
2024-06-13,228.0,233.0,234,241
2024-06-14,227.0,233.0,211,241
2024-06-15,227.0,233.0,224,224
2024-06-16,227.0,232.0,226,226
2024-06-17,227.0,233.0,233,235
2024-06-18,228.0,233.0,238,239
2024-06-19,228.0,233.0,233,240
2024-06-20,228.0,234.0,237,238
2024-06-21,228.0,234.0,220,247
2024-06-22,227.0,233.0,222,223
2024-06-23,227.0,232.0,223,223
2024-06-24,227.0,232.0,224,225
2024-06-25,227.0,233.0,229,232
2024-06-26,227.0,233.0,233,235
2024-06-27,228.0,233.0,234,235
2024-06-28,227.0,233.0,213,240
2024-06-29,227.0,233.0,213,213
2024-06-30,226.0,232.0,214,214
2024-07-01,226.0,232.0,228,232
2024-07-02,227.0,232.0,233,233
2024-07-03,227.0,232.0,231,234
2024-07-04,227.0,232.0,234,236
2024-07-05,226.0,232.0,214,237
2024-07-06,226.0,232.0,218,218
2024-07-07,225.0,231.0,223,223
2024-07-08,226.0,231.0,226,231
2024-07-09,226.0,231.0,226,231
2024-07-10,226.0,232.0,232,232
2024-07-11,226.0,232.0,233,238
2024-07-12,226.0,232.0,228,248
2024-07-13,226.0,232.0,231,231
2024-07-14,227.0,231.0,231,231
2024-07-15,227.0,232.0,242,242
2024-07-16,228.0,233.0,243,244
2024-07-17,228.0,233.0,241,245
2024-07-18,228.0,233.0,238,241
2024-07-19,228.0,234.0,219,254
2024-07-20,227.0,233.0,221,221
2024-07-21,227.0,232.0,222,222
2024-07-22,227.0,232.0,224,226
2024-07-23,227.0,232.0,222,226
2024-07-24,227.0,233.0,226,231
2024-07-25,228.0,233.0,233,233
2024-07-26,227.0,233.0,218,236
2024-07-27,227.0,232.0,224,224
2024-07-28,227.0,232.0,224,224
2024-07-29,227.0,232.0,225,232
2024-07-30,228.0,233.0,226,229
2024-07-31,228.0,233.0,231,233
2024-08-01,228.0,233.0,234,236
2024-08-02,228.0,233.0,231,248
2024-08-03,228.0,233.0,232,232
2024-08-04,229.0,233.0,232,232
2024-08-05,229.0,234.0,232,232
2024-08-06,229.0,234.0,233,234
2024-08-07,230.0,234.0,234,238
2024-08-08,230.0,234.0,231,237
2024-08-09,229.0,234.0,218,235
2024-08-10,229.0,234.0,218,218
2024-08-11,229.0,233.0,224,224
2024-08-12,228.0,233.0,226,229
2024-08-13,228.0,233.0,223,230
2024-08-14,228.0,233.0,224,231
2024-08-15,227.0,232.0,223,228
2024-08-16,226.0,232.0,198,231
2024-08-17,224.0,230.0,198,198
2024-08-18,224.0,229.0,208,208
2024-08-19,223.0,228.0,205,213
2024-08-20,223.0,228.0,208,209
2024-08-21,222.0,228.0,210,216
2024-08-22,222.0,227.0,211,217
2024-08-23,221.0,227.0,192,214
2024-08-24,220.0,226.0,200,200
2024-08-25,219.0,224.0,203,203
2024-08-26,219.0,224.0,207,209
2024-08-27,218.0,224.0,211,214
2024-08-28,218.0,223.0,215,219
2024-08-29,218.0,223.0,221,225
2024-08-30,217.0,223.0,204,228
2024-08-31,216.0,222.0,208,208
2024-09-01,215.0,221.0,209,209
2024-09-02,214.0,220.0,207,209
2024-09-03,214.0,219.0,210,212
2024-09-04,213.0,219.0,220,220
2024-09-05,213.0,219.0,219,226
2024-09-06,212.0,219.0,216,237
2024-09-07,212.0,218.0,218,218
2024-09-08,212.0,217.0,218,218
2024-09-09,212.0,218.0,224,228
2024-09-10,212.0,218.0,229,231
2024-09-11,212.0,218.0,229,234
2024-09-12,213.0,218.0,235,237
2024-09-13,212.0,219.0,211,237
2024-09-14,212.0,218.0,216,216
2024-09-15,213.0,218.0,218,218
2024-09-16,213.0,218.0,219,221
2024-09-17,214.0,219.0,228,230
2024-09-18,215.0,220.0,229,232
2024-09-19,216.0,221.0,234,235
2024-09-20,217.0,222.0,237,247
2024-09-21,218.0,222.0,238,238
2024-09-22,219.0,223.0,238,238
2024-09-23,220.0,225.0,240,240
2024-09-24,222.0,226.0,238,240
2024-09-25,222.0,227.0,231,246
2024-09-26,223.0,228.0,230,231
2024-09-27,223.0,228.0,230,231
2024-09-28,224.0,228.0,231,231
2024-09-29,225.0,228.0,231,231
2024-09-30,225.0,229.0,231,238
2024-10-01,226.0,230.0,231,234
2024-10-02,227.0,231.0,232,235
2024-10-03,228.0,232.0,238,241
2024-10-04,228.0,233.0,216,245
2024-10-05,228.0,233.0,221,221
2024-10-06,228.0,232.0,222,222
2024-10-07,228.0,233.0,230,230
2024-10-08,229.0,233.0,235,237
2024-10-09,229.0,233.0,236,236
2024-10-10,230.0,234.0,236,236
2024-10-11,230.0,234.0,225,242
2024-10-12,229.0,233.0,225,225
2024-10-13,230.0,233.0,231,231
2024-10-14,230.0,234.0,232,232
2024-10-15,231.0,234.0,236,238
2024-10-16,232.0,235.0,237,239
2024-10-17,232.0,235.0,238,239
2024-10-18,232.0,236.0,234,256
2024-10-19,232.0,236.0,234,234
2024-10-20,232.0,236.0,234,234
2024-10-21,232.0,236.0,236,238
2024-10-22,232.0,236.0,236,236
2024-10-23,232.0,236.0,235,239
2024-10-24,232.0,236.0,239,239
2024-10-25,232.0,235.0,237,241
2024-10-26,232.0,236.0,237,237
2024-10-27,232.0,236.0,212,240
2024-10-28,231.0,236.0,227,230
2024-10-29,232.0,236.0,234,235
2024-10-30,232.0,236.0,231,237
2024-10-31,232.0,236.0,231,234
2024-11-01,231.0,236.0,215,235
2024-11-02,230.0,235.0,223,223
2024-11-03,231.0,235.0,223,223
2024-11-04,231.0,235.0,230,231
2024-11-05,231.0,235.0,231,232
2024-11-06,232.0,236.0,236,237
2024-11-07,232.0,236.0,238,239
2024-11-08,231.0,236.0,229,255
2024-11-09,231.0,236.0,230,230
2024-11-10,231.0,236.0,233,233
2024-11-11,232.0,236.0,233,233
2024-11-12,232.0,236.0,237,237
2024-11-13,232.0,236.0,235,240
2024-11-14,232.0,236.0,236,238
2024-11-15,232.0,237.0,223,248
2024-11-16,231.0,236.0,223,223
2024-11-17,231.0,235.0,224,224
2024-11-18,231.0,235.0,230,233
2024-11-19,230.0,235.0,228,232
2024-11-20,230.0,235.0,236,236
2024-11-21,230.0,235.0,239,240
2024-11-22,230.0,236.0,229,252
2024-11-23,230.0,235.0,229,229
2024-11-24,230.0,235.0,230,230
2024-11-25,230.0,235.0,232,234
2024-11-26,230.0,235.0,234,238
2024-11-27,231.0,235.0,244,244
2024-11-28,231.0,235.0,243,244
2024-11-29,231.0,236.0,235,248
2024-11-30,231.0,236.0,235,235
2024-12-01,232.0,236.0,238,238
2024-12-02,233.0,237.0,241,249
2024-12-03,233.0,238.0,243,243
2024-12-04,234.0,238.0,241,244
2024-12-05,234.0,238.0,242,245
2024-12-06,234.0,239.0,224,256
2024-12-07,233.0,239.0,226,226
2024-12-08,233.0,238.0,226,226
2024-12-09,233.0,238.0,227,233
2024-12-10,233.0,238.0,230,232
2024-12-11,233.0,238.0,237,239
2024-12-12,233.0,238.0,238,238
2024-12-13,233.0,238.0,228,251
2024-12-14,233.0,238.0,232,232
2024-12-15,233.0,238.0,232,232
2024-12-16,234.0,238.0,238,240
2024-12-17,234.0,239.0,239,242
2024-12-18,235.0,239.0,241,247
2024-12-19,235.0,240.0,243,248
2024-12-20,235.0,240.0,234,256
2024-12-21,235.0,240.0,235,235
2024-12-22,235.0,240.0,235,235
2024-12-23,235.0,240.0,239,241
2024-12-24,236.0,240.0,241,241
2024-12-25,236.0,241.0,241,241
2024-12-26,236.0,241.0,239,242
2024-12-27,236.0,241.0,239,243
2024-12-28,236.0,241.0,239,240
2024-12-29,236.0,240.0,240,240
2024-12-30,236.0,241.0,241,243
2024-12-31,236.0,241.0,244,245
2025-01-01,237.0,241.0,244,244
2025-01-02,237.0,241.0,246,248
2025-01-03,237.0,241.0,240,250
2025-01-04,237.0,241.0,240,240
2025-01-05,237.0,240.0,241,241
2025-01-06,238.0,241.0,243,244
2025-01-07,238.0,242.0,241,244
2025-01-08,239.0,242.0,242,244
2025-01-09,239.0,242.0,242,243
2025-01-10,239.0,243.0,237,250
2025-01-11,239.0,243.0,238,238
2025-01-12,240.0,242.0,240,240
2025-01-13,240.0,243.0,245,245
2025-01-14,240.0,243.0,243,247
2025-01-15,241.0,244.0,244,249
2025-01-16,241.0,244.0,241,246
2025-01-17,240.0,244.0,228,264
2025-01-18,240.0,244.0,228,228
2025-01-19,239.0,243.0,228,228
2025-01-20,239.0,242.0,230,230
2025-01-21,239.0,243.0,234,237
2025-01-22,239.0,242.0,229,234
2025-01-23,239.0,242.0,235,238
2025-01-24,238.0,242.0,224,239
2025-01-25,238.0,242.0,226,226
2025-01-26,238.0,242.0,242,242
2025-01-27,238.0,242.0,254,261
2025-01-28,239.0,243.0,270,275
2025-01-29,241.0,245.0,277,282
2025-01-30,242.0,246.0,278,278
2025-01-31,242.0,247.0,262,280
2025-02-01,243.0,248.0,258,262
2025-02-02,243.0,248.0,258,258
2025-02-03,244.0,248.0,253,258
2025-02-04,244.0,249.0,253,255
2025-02-05,244.0,249.0,245,259
2025-02-06,244.0,250.0,246,253
2025-02-07,244.0,250.0,233,259
2025-02-08,244.0,250.0,245,246
2025-02-09,244.0,251.0,243,260
2025-02-10,244.0,251.0,231,258
2025-02-11,244.0,251.0,222,246
2025-02-12,243.0,251.0,230,234
2025-02-13,243.0,251.0,236,236
2025-02-14,242.0,251.0,231,255
2025-02-15,242.0,251.0,238,238
2025-02-16,242.0,250.0,236,238
2025-02-17,243.0,250.0,237,238
