Date,Midnight population,24-hour population,Midnight population count,24-hour population count
2008-10-01,-1.0,-1.0,637,639
2008-10-02,-1.0,-1.0,608,650
2008-10-03,-1.0,-1.0,608,621
2008-10-04,-1.0,-1.0,607,608
2008-10-05,-1.0,-1.0,607,607
2008-10-06,-1.0,-1.0,623,624
2008-10-07,-1.0,-1.0,623,624
2008-10-08,-1.0,-1.0,621,624
2008-10-09,-1.0,-1.0,587,629
2008-10-10,-1.0,-1.0,570,594
2008-10-11,-1.0,-1.0,570,570
2008-10-12,-1.0,-1.0,570,570
2008-10-13,-1.0,-1.0,578,578
2008-10-14,-1.0,-1.0,576,579
2008-10-15,-1.0,-1.0,580,583
2008-10-16,-1.0,-1.0,539,580
2008-10-17,-1.0,-1.0,540,547
2008-10-18,-1.0,-1.0,542,542
2008-10-19,-1.0,-1.0,552,552
2008-10-20,-1.0,-1.0,512,557
2008-10-21,-1.0,-1.0,496,519
2008-10-22,-1.0,-1.0,498,506
2008-10-23,-1.0,-1.0,410,501
2008-10-24,-1.0,-1.0,394,413
2008-10-25,-1.0,-1.0,400,400
2008-10-26,-1.0,-1.0,400,400
2008-10-27,-1.0,-1.0,408,409
2008-10-28,-1.0,-1.0,420,423
2008-10-29,-1.0,-1.0,426,428
2008-10-30,530.0,544.0,387,432
2008-10-31,521.0,535.0,381,390
2008-11-01,514.0,526.0,381,381
2008-11-02,506.0,518.0,382,382
2008-11-03,497.0,511.0,332,391
2008-11-04,488.0,502.0,337,337
2008-11-05,480.0,494.0,387,388
2008-11-06,470.0,486.0,338,388
2008-11-07,461.0,477.0,324,339
2008-11-08,452.0,467.0,324,324
2008-11-09,444.0,458.0,324,324
2008-11-10,436.0,450.0,340,341
2008-11-11,428.0,443.0,344,344
2008-11-12,421.0,435.0,345,346
2008-11-13,412.0,427.0,311,356
2008-11-14,403.0,419.0,305,318
2008-11-15,395.0,409.0,305,305
2008-11-16,387.0,401.0,306,306
2008-11-17,379.0,394.0,304,320
2008-11-18,371.0,386.0,312,314
2008-11-19,364.0,378.0,314,316
2008-11-20,357.0,371.0,268,314
2008-11-21,349.0,364.0,267,280
2008-11-22,344.0,356.0,267,267
2008-11-23,340.0,351.0,268,268
2008-11-24,335.0,347.0,250,269
2008-11-25,330.0,342.0,254,256
2008-11-26,325.0,337.0,254,255
2008-11-27,320.0,331.0,255,255
2008-11-28,314.0,326.0,252,261
2008-11-29,310.0,320.0,254,254
2008-11-30,305.0,315.0,254,254
2008-12-01,300.0,311.0,232,263
2008-12-02,296.0,307.0,253,254
2008-12-03,295.0,304.0,294,295
2008-12-04,293.0,302.0,273,298
2008-12-05,288.0,299.0,259,273
2008-12-06,286.0,294.0,260,260
2008-12-07,284.0,292.0,260,260
2008-12-08,280.0,290.0,225,271
2008-12-09,277.0,287.0,224,226
2008-12-10,273.0,283.0,224,229
2008-12-11,269.0,279.0,212,231
2008-12-12,267.0,277.0,280,287
2008-12-13,266.0,275.0,281,281
2008-12-14,265.0,273.0,281,281
2008-12-15,264.0,273.0,273,288
2008-12-16,264.0,274.0,331,333
2008-12-17,268.0,277.0,419,422
2008-12-18,270.0,281.0,376,420
2008-12-19,272.0,283.0,355,377
2008-12-20,275.0,284.0,356,356
2008-12-21,278.0,287.0,356,356
2008-12-22,280.0,290.0,344,357
2008-12-23,283.0,292.0,348,349
2008-12-24,286.0,295.0,354,354
2008-12-25,290.0,298.0,354,354
2008-12-26,293.0,302.0,355,355
2008-12-27,296.0,305.0,355,355
2008-12-28,300.0,308.0,355,355
2008-12-29,303.0,312.0,352,355
2008-12-30,306.0,315.0,349,354
2008-12-31,309.0,318.0,325,351
2009-01-01,312.0,320.0,326,326
2009-01-02,313.0,322.0,329,331
2009-01-03,315.0,323.0,329,329
2009-01-04,317.0,324.0,329,329
2009-01-05,320.0,327.0,330,331
2009-01-06,322.0,329.0,336,336
2009-01-07,326.0,332.0,337,338
2009-01-08,329.0,335.0,314,341
2009-01-09,332.0,338.0,308,319
2009-01-10,337.0,343.0,360,360
2009-01-11,339.0,345.0,362,362
2009-01-12,344.0,350.0,424,435
2009-01-13,349.0,355.0,425,428
2009-01-14,354.0,361.0,439,448
2009-01-15,357.0,364.0,414,444
2009-01-16,360.0,367.0,494,498
2009-01-17,364.0,369.0,494,494
2009-01-18,368.0,373.0,494,494
2009-01-19,373.0,378.0,494,494
2009-01-20,378.0,383.0,502,504
2009-01-21,383.0,388.0,508,510
2009-01-22,388.0,393.0,482,510
2009-01-23,392.0,398.0,484,487
2009-01-24,396.0,402.0,487,487
2009-01-25,401.0,406.0,487,487
2009-01-26,404.0,411.0,460,490
2009-01-27,408.0,414.0,456,462
2009-01-28,411.0,418.0,456,457
2009-01-29,412.0,421.0,389,458
2009-01-30,415.0,423.0,391,400
2009-01-31,417.0,425.0,391,391
2009-02-01,419.0,427.0,398,398
2009-02-02,421.0,430.0,391,411
2009-02-03,423.0,432.0,396,398
2009-02-04,426.0,435.0,405,406
2009-02-05,427.0,438.0,368,414
2009-02-06,429.0,440.0,400,406
2009-02-07,432.0,442.0,407,407
2009-02-08,436.0,445.0,412,412
2009-02-09,437.0,447.0,389,412
2009-02-10,438.0,448.0,396,396
2009-02-11,438.0,448.0,432,435
2009-02-12,437.0,448.0,405,437
2009-02-13,436.0,447.0,407,413
2009-02-14,436.0,446.0,409,409
2009-02-15,433.0,443.0,410,410
2009-02-16,431.0,441.0,421,421
2009-02-17,429.0,438.0,427,427
2009-02-18,427.0,436.0,432,433
2009-02-19,423.0,434.0,380,441
2009-02-20,418.0,430.0,368,383
2009-02-21,414.0,425.0,371,371
2009-02-22,410.0,421.0,371,371
2009-02-23,406.0,418.0,345,378
2009-02-24,401.0,413.0,349,350
2009-02-25,398.0,409.0,354,360
2009-02-26,393.0,406.0,322,360
2009-02-27,390.0,402.0,349,362
2009-02-28,388.0,399.0,349,349
2009-03-01,387.0,397.0,349,349
2009-03-02,385.0,396.0,324,353
2009-03-03,382.0,394.0,332,332
2009-03-04,383.0,393.0,403,406
2009-03-05,382.0,394.0,381,406
2009-03-06,382.0,393.0,383,391
2009-03-07,382.0,392.0,383,383
2009-03-08,381.0,391.0,383,383
2009-03-09,382.0,392.0,420,441
2009-03-10,382.0,393.0,429,430
2009-03-11,384.0,394.0,426,431
2009-03-12,384.0,395.0,401,431
2009-03-13,385.0,396.0,455,462
2009-03-14,386.0,396.0,455,455
2009-03-15,388.0,398.0,455,455
2009-03-16,389.0,399.0,440,456
2009-03-17,390.0,400.0,443,443
2009-03-18,391.0,401.0,443,447
2009-03-19,390.0,402.0,413,446
2009-03-20,390.0,401.0,413,413
2009-03-21,391.0,400.0,413,413
2009-03-22,392.0,401.0,413,413
2009-03-23,393.0,403.0,403,422
2009-03-24,394.0,404.0,405,405
2009-03-25,396.0,405.0,398,410
2009-03-26,397.0,407.0,362,401
2009-03-27,397.0,407.0,370,372
2009-03-28,399.0,408.0,370,370
2009-03-29,399.0,408.0,370,370
2009-03-30,400.0,409.0,366,388
2009-03-31,401.0,410.0,369,369
2009-04-01,402.0,411.0,371,372
2009-04-02,403.0,412.0,340,375
2009-04-03,400.0,410.0,334,343
2009-04-04,399.0,408.0,335,335
2009-04-05,397.0,406.0,335,335
2009-04-06,395.0,404.0,320,342
2009-04-07,393.0,402.0,322,323
2009-04-08,390.0,398.0,322,324
2009-04-09,386.0,395.0,303,327
2009-04-10,382.0,391.0,308,308
2009-04-11,378.0,387.0,308,308
2009-04-12,374.0,382.0,308,308
2009-04-13,367.0,377.0,258,310
2009-04-14,361.0,370.0,263,263
2009-04-15,355.0,364.0,269,269
2009-04-16,351.0,361.0,334,353
2009-04-17,347.0,357.0,324,336
2009-04-18,344.0,353.0,324,324
2009-04-19,341.0,350.0,324,324
2009-04-20,338.0,348.0,303,332
2009-04-21,334.0,344.0,305,306
2009-04-22,331.0,341.0,321,327
2009-04-23,328.0,339.0,301,334
2009-04-24,326.0,337.0,340,350
2009-04-25,325.0,335.0,340,340
2009-04-26,324.0,334.0,340,340
2009-04-27,323.0,333.0,321,344
2009-04-28,322.0,333.0,365,368
2009-04-29,322.0,332.0,366,368
2009-04-30,322.0,332.0,364,374
2009-05-01,321.0,332.0,347,378
2009-05-02,322.0,331.0,347,347
2009-05-03,322.0,332.0,348,348
2009-05-04,323.0,332.0,346,353
2009-05-05,323.0,333.0,347,348
2009-05-06,324.0,333.0,352,353
2009-05-07,324.0,334.0,313,359
2009-05-08,323.0,334.0,308,313
2009-05-09,324.0,333.0,314,314
2009-05-10,324.0,334.0,314,314
2009-05-11,323.0,334.0,298,314
2009-05-12,323.0,334.0,298,302
2009-05-13,325.0,333.0,302,303
2009-05-14,325.0,335.0,285,306
2009-05-15,326.0,335.0,283,292
2009-05-16,324.0,333.0,283,283
2009-05-17,323.0,331.0,283,283
2009-05-18,322.0,332.0,313,332
2009-05-19,323.0,332.0,332,332
2009-05-20,325.0,333.0,364,365
2009-05-21,327.0,336.0,365,387
2009-05-22,331.0,340.0,446,457
2009-05-23,336.0,344.0,452,452
2009-05-24,340.0,347.0,452,452
2009-05-25,344.0,351.0,458,458
2009-05-26,348.0,356.0,470,472
2009-05-27,354.0,361.0,494,505
2009-05-28,358.0,366.0,483,519
2009-05-29,362.0,371.0,498,506
2009-05-30,366.0,375.0,498,498
2009-05-31,372.0,379.0,501,501
2009-06-01,377.0,385.0,524,528
2009-06-02,384.0,392.0,534,554
2009-06-03,391.0,399.0,552,557
2009-06-04,396.0,406.0,498,563
2009-06-05,401.0,412.0,529,537
2009-06-06,409.0,418.0,534,534
2009-06-07,416.0,425.0,534,534
2009-06-08,423.0,433.0,511,552
2009-06-09,430.0,440.0,518,529
2009-06-10,438.0,448.0,536,537
2009-06-11,445.0,456.0,516,561
2009-06-12,452.0,464.0,507,525
2009-06-13,459.0,470.0,507,508
2009-06-14,467.0,478.0,507,507
2009-06-15,472.0,486.0,457,532
2009-06-16,479.0,492.0,472,475
2009-06-17,485.0,498.0,487,490
2009-06-18,488.0,503.0,446,505
2009-06-19,491.0,507.0,452,470
2009-06-20,494.0,509.0,452,452
2009-06-21,494.0,509.0,452,452
2009-06-22,494.0,510.0,452,491
2009-06-23,496.0,512.0,499,510
2009-06-24,501.0,518.0,614,633
2009-06-25,506.0,525.0,626,679
2009-06-26,510.0,529.0,616,644
2009-06-27,519.0,536.0,731,731
2009-06-28,526.0,544.0,731,731
2009-06-29,535.0,552.0,746,752
2009-06-30,543.0,561.0,751,757
2009-07-01,553.0,571.0,833,835
2009-07-02,562.0,582.0,801,878
2009-07-03,571.0,590.0,804,804
2009-07-04,581.0,598.0,804,804
2009-07-05,590.0,607.0,804,804
2009-07-06,600.0,618.0,837,848
2009-07-07,610.0,628.0,841,849
2009-07-08,622.0,640.0,861,893
2009-07-09,632.0,652.0,818,893
2009-07-10,640.0,661.0,783,829
2009-07-11,649.0,669.0,783,783
2009-07-12,658.0,677.0,783,783
2009-07-13,667.0,688.0,758,821
2009-07-14,673.0,697.0,685,785
2009-07-15,681.0,703.0,706,708
2009-07-16,689.0,711.0,724,725
2009-07-17,698.0,720.0,742,743
2009-07-18,708.0,728.0,742,742
2009-07-19,717.0,737.0,742,742
2009-07-20,728.0,748.0,776,777
2009-07-21,740.0,759.0,792,794
2009-07-22,751.0,770.0,790,812
2009-07-23,757.0,780.0,689,819
2009-07-24,757.0,782.0,625,699
2009-07-25,757.0,780.0,625,625
2009-07-26,758.0,780.0,625,625
2009-07-27,753.0,777.0,576,643
2009-07-28,748.0,772.0,580,585
2009-07-29,743.0,767.0,599,603
2009-07-30,737.0,762.0,573,623
2009-07-31,728.0,754.0,574,586
2009-08-01,720.0,744.0,574,574
2009-08-02,713.0,736.0,574,574
2009-08-03,704.0,729.0,541,596
2009-08-04,696.0,721.0,556,559
2009-08-05,685.0,712.0,516,578
2009-08-06,673.0,702.0,486,544
2009-08-07,660.0,689.0,475,505
2009-08-08,649.0,675.0,475,475
2009-08-09,639.0,663.0,475,475
2009-08-10,628.0,654.0,470,487
2009-08-11,618.0,644.0,485,491
2009-08-12,610.0,634.0,507,511
2009-08-13,603.0,625.0,481,538
2009-08-14,596.0,618.0,488,501
2009-08-15,588.0,610.0,488,488
2009-08-16,580.0,602.0,488,488
2009-08-17,571.0,595.0,478,519
2009-08-18,562.0,587.0,492,503
2009-08-19,554.0,578.0,515,518
2009-08-20,543.0,570.0,468,552
2009-08-21,532.0,559.0,459,487
2009-08-22,524.0,547.0,459,459
2009-08-23,519.0,539.0,459,459
2009-08-24,513.0,534.0,445,481
2009-08-25,507.0,529.0,466,470
2009-08-26,504.0,524.0,481,488
2009-08-27,500.0,521.0,458,502
2009-08-28,494.0,517.0,428,479
2009-08-29,490.0,510.0,428,428
2009-08-30,485.0,505.0,428,428
2009-08-31,480.0,502.0,436,485
2009-09-01,476.0,498.0,449,451
2009-09-02,471.0,494.0,396,470
2009-09-03,466.0,489.0,395,422
2009-09-04,461.0,484.0,377,405
2009-09-05,458.0,478.0,377,377
2009-09-06,454.0,474.0,377,377
2009-09-07,451.0,471.0,383,383
2009-09-08,449.0,468.0,401,408
2009-09-09,447.0,467.0,427,432
2009-09-10,444.0,465.0,400,454
2009-09-11,441.0,462.0,410,423
2009-09-12,439.0,458.0,410,410
2009-09-13,436.0,455.0,410,410
2009-09-14,434.0,454.0,421,460
2009-09-15,432.0,452.0,433,435
2009-09-16,431.0,450.0,429,451
2009-09-17,427.0,448.0,378,443
2009-09-18,422.0,444.0,379,396
2009-09-19,421.0,440.0,441,441
2009-09-20,421.0,439.0,441,441
2009-09-21,419.0,439.0,416,455
2009-09-22,418.0,438.0,432,434
2009-09-23,418.0,437.0,447,449
2009-09-24,417.0,437.0,420,465
2009-09-25,415.0,435.0,434,435
2009-09-26,415.0,433.0,439,439
2009-09-27,415.0,432.0,439,439
2009-09-28,416.0,433.0,444,479
2009-09-29,416.0,434.0,453,459
2009-09-30,417.0,434.0,462,485
2009-10-01,419.0,437.0,504,534
2009-10-02,421.0,439.0,448,526
2009-10-03,423.0,440.0,448,448
2009-10-04,425.0,441.0,448,448
2009-10-05,427.0,444.0,440,474
2009-10-06,430.0,447.0,453,460
2009-10-07,433.0,450.0,471,474
2009-10-08,434.0,453.0,450,495
2009-10-09,435.0,454.0,453,462
2009-10-10,437.0,454.0,453,453
2009-10-11,438.0,455.0,453,453
2009-10-12,440.0,457.0,455,455
2009-10-13,442.0,459.0,489,493
2009-10-14,445.0,461.0,509,521
2009-10-15,449.0,465.0,544,550
2009-10-16,453.0,469.0,556,571
2009-10-17,457.0,473.0,502,563
2009-10-18,462.0,477.0,507,507
2009-10-19,463.0,480.0,479,519
2009-10-20,464.0,481.0,486,491
2009-10-21,467.0,483.0,491,498
2009-10-22,469.0,486.0,493,521
2009-10-23,471.0,487.0,499,503
2009-10-24,473.0,488.0,499,499
2009-10-25,476.0,491.0,499,499
2009-10-26,477.0,494.0,477,528
2009-10-27,477.0,495.0,457,492
2009-10-28,478.0,495.0,455,474
2009-10-29,477.0,496.0,436,476
2009-10-30,476.0,495.0,438,449
2009-10-31,474.0,491.0,434,438
2009-11-01,474.0,488.0,434,434
2009-11-02,473.0,489.0,416,456
2009-11-03,472.0,488.0,429,432
2009-11-04,471.0,487.0,425,450
2009-11-05,470.0,487.0,413,449
2009-11-06,467.0,485.0,385,419
2009-11-07,465.0,481.0,385,385
2009-11-08,463.0,479.0,385,385
2009-11-09,460.0,478.0,374,416
2009-11-10,457.0,475.0,365,378
2009-11-11,454.0,472.0,369,369
2009-11-12,447.0,469.0,281,391
2009-11-13,440.0,461.0,282,290
2009-11-14,431.0,452.0,282,282
2009-11-15,422.0,442.0,282,282
2009-11-16,414.0,434.0,256,295
2009-11-17,406.0,426.0,273,276
2009-11-18,400.0,418.0,285,292
2009-11-19,391.0,413.0,245,323
2009-11-20,384.0,405.0,255,262
2009-11-21,376.0,396.0,255,255
2009-11-22,368.0,388.0,255,255
2009-11-23,359.0,380.0,254,282
2009-11-24,352.0,373.0,263,269
2009-11-25,345.0,365.0,282,286
2009-11-26,339.0,358.0,282,282
2009-11-27,334.0,352.0,290,296
2009-11-28,329.0,346.0,290,290
2009-11-29,324.0,340.0,290,290
2009-11-30,318.0,336.0,267,304
2009-12-01,313.0,331.0,274,290
2009-12-02,307.0,325.0,242,284
2009-12-03,300.0,320.0,229,267
2009-12-04,293.0,312.0,209,229
2009-12-05,286.0,304.0,209,209
2009-12-06,281.0,297.0,209,209
2009-12-07,274.0,292.0,198,219
2009-12-08,269.0,287.0,223,225
2009-12-09,264.0,280.0,220,226
2009-12-10,259.0,276.0,231,244
2009-12-11,255.0,271.0,224,238
2009-12-12,253.0,266.0,224,224
2009-12-13,251.0,264.0,224,224
2009-12-14,249.0,262.0,218,235
2009-12-15,247.0,260.0,228,234
2009-12-16,246.0,258.0,231,234
2009-12-17,245.0,258.0,230,253
2009-12-18,242.0,256.0,212,233
2009-12-19,241.0,252.0,212,212
2009-12-20,240.0,250.0,212,212
2009-12-21,238.0,249.0,199,216
2009-12-22,237.0,249.0,243,243
2009-12-23,238.0,248.0,266,274
2009-12-24,238.0,248.0,265,266
2009-12-25,237.0,248.0,265,265
2009-12-26,237.0,247.0,265,265
2009-12-27,236.0,246.0,265,265
2009-12-28,234.0,245.0,244,266
2009-12-29,233.0,244.0,259,263
2009-12-30,233.0,243.0,265,265
2009-12-31,233.0,243.0,283,286
2010-01-01,235.0,243.0,284,284
2010-01-02,237.0,243.0,284,284
2010-01-03,239.0,245.0,284,284
2010-01-04,241.0,248.0,276,297
2010-01-05,245.0,252.0,302,314
2010-01-06,249.0,256.0,330,334
2010-01-07,253.0,260.0,341,358
2010-01-08,256.0,264.0,316,344
2010-01-09,259.0,266.0,316,316
2010-01-10,262.0,269.0,316,316
2010-01-11,264.0,272.0,283,328
2010-01-12,268.0,278.0,346,404
2010-01-13,272.0,282.0,352,355
2010-01-14,276.0,288.0,339,394
2010-01-15,280.0,291.0,331,344
2010-01-16,283.0,294.0,331,331
2010-01-17,287.0,297.0,333,333
2010-01-18,291.0,301.0,333,333
2010-01-19,296.0,307.0,373,380
2010-01-20,301.0,312.0,330,383
2010-01-21,303.0,317.0,320,380
2010-01-22,305.0,319.0,314,330
2010-01-23,306.0,320.0,314,314
2010-01-24,308.0,322.0,315,315
2010-01-25,309.0,324.0,303,331
2010-01-26,312.0,328.0,351,359
2010-01-27,316.0,331.0,365,367
2010-01-28,320.0,335.0,356,393
2010-01-29,322.0,338.0,338,360
2010-01-30,324.0,340.0,338,338
2010-01-31,326.0,342.0,338,338
2010-02-01,326.0,344.0,308,352
2010-02-02,329.0,347.0,352,356
2010-02-03,331.0,349.0,357,360
2010-02-04,333.0,352.0,351,406
2010-02-05,329.0,352.0,202,355
2010-02-06,324.0,347.0,202,202
2010-02-07,320.0,342.0,202,202
2010-02-08,316.0,339.0,183,217
2010-02-09,313.0,336.0,224,227
2010-02-10,311.0,333.0,239,240
2010-02-11,308.0,329.0,245,272
2010-02-12,304.0,325.0,245,247
2010-02-13,301.0,320.0,245,245
2010-02-14,298.0,317.0,245,245
2010-02-15,296.0,314.0,245,246
2010-02-16,293.0,312.0,247,262
2010-02-17,291.0,310.0,269,274
2010-02-18,286.0,306.0,245,277
2010-02-19,284.0,303.0,275,290
2010-02-20,283.0,300.0,275,275
2010-02-21,282.0,298.0,275,275
2010-02-22,280.0,297.0,263,283
2010-02-23,278.0,296.0,261,293
2010-02-24,277.0,294.0,278,279
2010-02-25,275.0,293.0,290,316
2010-02-26,272.0,291.0,280,294
2010-02-27,270.0,287.0,280,280
2010-02-28,268.0,284.0,280,280
2010-03-01,265.0,283.0,239,292
2010-03-02,262.0,281.0,263,283
2010-03-03,261.0,278.0,273,274
2010-03-04,259.0,277.0,289,328
2010-03-05,255.0,275.0,247,298
2010-03-06,252.0,270.0,247,247
2010-03-07,253.0,266.0,247,247
2010-03-08,254.0,268.0,231,263
2010-03-09,256.0,271.0,268,278
2010-03-10,258.0,273.0,244,284
2010-03-11,260.0,275.0,259,290
2010-03-12,261.0,277.0,294,302
2010-03-13,263.0,278.0,298,298
2010-03-14,265.0,280.0,306,306
2010-03-15,266.0,282.0,260,312
2010-03-16,267.0,284.0,278,283
2010-03-17,268.0,285.0,292,294
2010-03-18,268.0,287.0,237,312
2010-03-19,267.0,286.0,240,250
2010-03-20,267.0,285.0,244,244
2010-03-21,266.0,283.0,244,244
2010-03-22,264.0,283.0,226,255
2010-03-23,265.0,283.0,282,284
2010-03-24,266.0,283.0,294,294
2010-03-25,266.0,284.0,276,319
2010-03-26,266.0,285.0,270,285
2010-03-27,265.0,283.0,270,270
2010-03-28,265.0,282.0,271,271
2010-03-29,263.0,283.0,224,296
2010-03-30,262.0,282.0,253,265
2010-03-31,263.0,281.0,255,260
2010-04-01,263.0,281.0,281,283
2010-04-02,264.0,282.0,279,284
2010-04-03,263.0,280.0,279,279
2010-04-04,264.0,279.0,279,279
2010-04-05,265.0,281.0,262,286
2010-04-06,267.0,283.0,315,318
2010-04-07,270.0,285.0,321,327
2010-04-08,273.0,289.0,366,401
2010-04-09,277.0,292.0,364,375
2010-04-10,281.0,295.0,364,364
2010-04-11,283.0,297.0,364,364
2010-04-12,285.0,299.0,342,369
2010-04-13,286.0,302.0,349,393
2010-04-14,288.0,304.0,328,363
2010-04-15,290.0,307.0,337,370
2010-04-16,291.0,308.0,315,346
2010-04-17,294.0,308.0,315,315
2010-04-18,296.0,311.0,315,315
2010-04-19,298.0,313.0,301,330
2010-04-20,302.0,317.0,358,360
2010-04-21,307.0,322.0,376,382
2010-04-22,310.0,326.0,366,417
2010-04-23,312.0,329.0,366,382
2010-04-24,315.0,330.0,366,366
2010-04-25,318.0,333.0,366,366
2010-04-26,323.0,339.0,419,443
2010-04-27,328.0,344.0,417,420
2010-04-28,335.0,349.0,444,447
2010-04-29,342.0,356.0,438,487
2010-04-30,347.0,363.0,416,448
2010-05-01,351.0,367.0,416,416
2010-05-02,356.0,371.0,416,416
2010-05-03,360.0,376.0,400,426
2010-05-04,366.0,382.0,450,454
2010-05-05,372.0,388.0,457,462
2010-05-06,377.0,394.0,452,500
2010-05-07,381.0,399.0,447,464
2010-05-08,384.0,400.0,447,447
2010-05-09,387.0,403.0,449,449
2010-05-10,388.0,406.0,416,457
2010-05-11,391.0,408.0,435,442
2010-05-12,394.0,411.0,438,440
2010-05-13,396.0,413.0,426,469
2010-05-14,399.0,415.0,404,426
2010-05-15,401.0,417.0,406,406
2010-05-16,404.0,419.0,406,406
2010-05-17,409.0,424.0,465,477
2010-05-18,415.0,430.0,501,505
2010-05-19,422.0,436.0,499,510
2010-05-20,426.0,442.0,491,524
2010-05-21,430.0,446.0,482,500
2010-05-22,434.0,448.0,487,487
2010-05-23,438.0,452.0,487,487
2010-05-24,441.0,456.0,446,489
2010-05-25,445.0,460.0,495,502
2010-05-26,448.0,462.0,500,503
2010-05-27,450.0,466.0,486,532
2010-05-28,451.0,467.0,472,489
2010-05-29,452.0,467.0,480,480
2010-05-30,455.0,468.0,482,482
2010-05-31,457.0,470.0,482,482
2010-06-01,460.0,474.0,517,529
2010-06-02,464.0,478.0,522,525
2010-06-03,466.0,481.0,516,545
2010-06-04,467.0,482.0,485,517
2010-06-05,468.0,482.0,485,485
2010-06-06,470.0,483.0,485,485
2010-06-07,470.0,484.0,444,501
2010-06-08,471.0,486.0,499,502
2010-06-09,474.0,488.0,506,513
2010-06-10,477.0,491.0,510,537
2010-06-11,478.0,494.0,483,516
2010-06-12,480.0,494.0,483,483
2010-06-13,483.0,496.0,484,484
2010-06-14,487.0,501.0,541,567
2010-06-15,493.0,507.0,565,567
2010-06-16,496.0,510.0,551,577
2010-06-17,496.0,513.0,514,586
2010-06-18,495.0,513.0,463,521
2010-06-19,494.0,511.0,462,463
2010-06-20,493.0,510.0,462,462
2010-06-21,491.0,509.0,430,468
2010-06-22,491.0,510.0,490,493
2010-06-23,493.0,510.0,501,502
2010-06-24,491.0,510.0,427,511
2010-06-25,490.0,509.0,468,478
2010-06-26,489.0,507.0,468,468
2010-06-27,489.0,507.0,476,476
2010-06-28,488.0,507.0,438,491
2010-06-29,487.0,506.0,444,449
2010-06-30,486.0,505.0,455,456
2010-07-01,483.0,504.0,444,486
2010-07-02,480.0,501.0,409,451
2010-07-03,476.0,497.0,409,409
2010-07-04,474.0,493.0,409,409
2010-07-05,471.0,491.0,410,410
2010-07-06,468.0,489.0,382,428
2010-07-07,466.0,485.0,387,388
2010-07-08,466.0,486.0,495,529
2010-07-09,464.0,486.0,470,505
2010-07-10,463.0,483.0,470,470
2010-07-11,463.0,482.0,471,471
2010-07-12,462.0,482.0,462,487
2010-07-13,462.0,483.0,498,502
2010-07-14,461.0,481.0,503,510
2010-07-15,459.0,480.0,515,537
2010-07-16,458.0,478.0,496,521
2010-07-17,457.0,475.0,496,496
2010-07-18,458.0,474.0,496,496
2010-07-19,459.0,476.0,478,509
2010-07-20,460.0,477.0,506,509
2010-07-21,463.0,479.0,507,510
2010-07-22,464.0,480.0,528,551
2010-07-23,464.0,482.0,513,533
2010-07-24,467.0,482.0,518,518
2010-07-25,469.0,483.0,518,518
2010-07-26,470.0,485.0,489,525
2010-07-27,471.0,486.0,508,513
2010-07-28,473.0,487.0,504,513
2010-07-29,474.0,490.0,489,530
2010-07-30,475.0,491.0,464,494
2010-07-31,475.0,490.0,464,464
2010-08-01,477.0,491.0,464,464
2010-08-02,479.0,493.0,459,477
2010-08-03,481.0,495.0,483,485
2010-08-04,484.0,499.0,501,503
2010-08-05,488.0,502.0,481,534
2010-08-06,491.0,505.0,481,489
2010-08-07,490.0,504.0,482,482
2010-08-08,491.0,503.0,483,483
2010-08-09,491.0,504.0,479,494
2010-08-10,492.0,505.0,509,511
2010-08-11,495.0,507.0,541,548
2010-08-12,496.0,509.0,515,552
2010-08-13,496.0,509.0,513,517
2010-08-14,496.0,508.0,513,513
2010-08-15,496.0,508.0,513,513
2010-08-16,496.0,509.0,477,522
2010-08-17,496.0,509.0,500,506
2010-08-18,497.0,509.0,508,512
2010-08-19,496.0,510.0,469,524
2010-08-20,494.0,509.0,451,474
2010-08-21,491.0,505.0,451,451
2010-08-22,489.0,503.0,451,451
2010-08-23,486.0,501.0,416,470
2010-08-24,484.0,499.0,463,468
2010-08-25,483.0,498.0,465,471
2010-08-26,482.0,497.0,459,494
2010-08-27,480.0,496.0,455,469
2010-08-28,479.0,493.0,455,455
2010-08-29,479.0,492.0,455,455
2010-08-30,477.0,492.0,427,461
2010-08-31,477.0,492.0,457,465
2010-09-01,477.0,492.0,467,475
2010-09-02,477.0,492.0,466,510
2010-09-03,475.0,492.0,456,483
2010-09-04,474.0,489.0,456,456
2010-09-05,474.0,488.0,456,456
2010-09-06,473.0,487.0,462,462
2010-09-07,472.0,488.0,462,496
2010-09-08,472.0,487.0,477,480
2010-09-09,471.0,487.0,476,511
2010-09-10,468.0,485.0,446,484
2010-09-11,466.0,482.0,446,446
2010-09-12,463.0,479.0,446,446
2010-09-13,460.0,478.0,426,463
2010-09-14,459.0,476.0,458,462
2010-09-15,459.0,475.0,480,483
2010-09-16,457.0,475.0,455,511
2010-09-17,455.0,473.0,445,465
2010-09-18,454.0,471.0,445,445
2010-09-19,454.0,470.0,445,445
2010-09-20,453.0,471.0,404,488
2010-09-21,452.0,470.0,427,431
2010-09-22,452.0,469.0,431,442
2010-09-23,452.0,470.0,466,497
2010-09-24,452.0,470.0,450,471
2010-09-25,450.0,469.0,397,451
2010-09-26,448.0,466.0,397,397
2010-09-27,445.0,465.0,368,407
2010-09-28,442.0,463.0,376,415
2010-09-29,441.0,461.0,383,391
2010-09-30,439.0,460.0,387,420
2010-10-01,435.0,457.0,367,390
2010-10-02,432.0,452.0,368,368
2010-10-03,429.0,448.0,370,370
2010-10-04,426.0,446.0,359,385
2010-10-05,424.0,444.0,386,392
2010-10-06,421.0,442.0,397,401
2010-10-07,420.0,440.0,424,442
2010-10-08,417.0,438.0,396,429
2010-10-09,415.0,434.0,396,396
2010-10-10,413.0,432.0,396,396
2010-10-11,412.0,430.0,401,401
2010-10-12,410.0,430.0,399,435
2010-10-13,409.0,428.0,407,413
2010-10-14,408.0,428.0,411,456
2010-10-15,404.0,426.0,377,416
2010-10-16,402.0,421.0,377,377
2010-10-17,399.0,418.0,377,377
2010-10-18,397.0,417.0,358,397
2010-10-19,394.0,415.0,380,385
2010-10-20,394.0,412.0,396,398
2010-10-21,393.0,411.0,382,428
2010-10-22,390.0,410.0,343,385
2010-10-23,386.0,404.0,343,343
2010-10-24,382.0,400.0,347,347
2010-10-25,379.0,397.0,309,360
2010-10-26,377.0,395.0,337,344
2010-10-27,376.0,394.0,345,348
2010-10-28,376.0,393.0,356,396
2010-10-29,374.0,392.0,343,361
2010-10-30,373.0,389.0,343,343
2010-10-31,372.0,388.0,343,343
2010-11-01,371.0,387.0,331,357
2010-11-02,370.0,387.0,353,358
2010-11-03,370.0,386.0,354,362
2010-11-04,370.0,387.0,378,404
2010-11-05,369.0,386.0,363,386
2010-11-06,367.0,383.0,363,363
2010-11-07,366.0,381.0,366,366
2010-11-08,364.0,381.0,354,381
2010-11-09,363.0,380.0,367,377
2010-11-10,362.0,379.0,354,378
2010-11-11,361.0,377.0,361,361
2010-11-12,360.0,377.0,381,399
2010-11-13,359.0,374.0,385,385
2010-11-14,359.0,373.0,386,387
2010-11-15,359.0,374.0,359,396
2010-11-16,358.0,374.0,375,377
2010-11-17,359.0,373.0,376,380
2010-11-18,359.0,374.0,374,411
2010-11-19,357.0,373.0,353,378
2010-11-20,357.0,371.0,357,357
2010-11-21,357.0,370.0,360,360
2010-11-22,357.0,371.0,344,371
2010-11-23,358.0,372.0,370,377
2010-11-24,360.0,373.0,379,381
2010-11-25,362.0,374.0,379,379
2010-11-26,363.0,376.0,382,396
2010-11-27,364.0,375.0,384,384
2010-11-28,365.0,376.0,390,390
2010-11-29,367.0,378.0,377,401
2010-11-30,368.0,380.0,395,397
2010-12-01,371.0,382.0,404,407
2010-12-02,372.0,384.0,396,432
2010-12-03,374.0,386.0,406,408
2010-12-04,375.0,386.0,409,409
2010-12-05,376.0,387.0,409,409
2010-12-06,377.0,389.0,383,422
2010-12-07,378.0,390.0,401,405
2010-12-08,380.0,391.0,417,425
2010-12-09,382.0,393.0,412,440
2010-12-10,384.0,395.0,413,416
2010-12-11,386.0,397.0,421,421
2010-12-12,387.0,398.0,425,425
2010-12-13,388.0,399.0,402,431
2010-12-14,393.0,405.0,545,555
2010-12-15,399.0,410.0,532,554
2010-12-16,403.0,416.0,498,555
2010-12-17,404.0,420.0,409,501
2010-12-18,405.0,420.0,412,412
2010-12-19,407.0,421.0,413,413
2010-12-20,408.0,423.0,372,427
2010-12-21,411.0,427.0,462,474
2010-12-22,412.0,430.0,378,468
2010-12-23,413.0,431.0,375,391
2010-12-24,413.0,431.0,375,375
2010-12-25,412.0,431.0,375,375
2010-12-26,412.0,430.0,375,375
2010-12-27,412.0,430.0,379,382
2010-12-28,412.0,430.0,378,392
2010-12-29,412.0,429.0,382,382
2010-12-30,411.0,429.0,374,394
2010-12-31,410.0,428.0,375,375
2011-01-01,409.0,426.0,377,377
2011-01-02,409.0,425.0,379,379
2011-01-03,407.0,425.0,370,386
2011-01-04,407.0,424.0,391,392
2011-01-05,407.0,423.0,394,399
2011-01-06,407.0,424.0,414,429
2011-01-07,407.0,424.0,390,417
2011-01-08,406.0,422.0,390,390
2011-01-09,405.0,421.0,391,391
2011-01-10,404.0,421.0,379,403
2011-01-11,403.0,420.0,410,415
2011-01-12,404.0,420.0,418,423
2011-01-13,399.0,416.0,411,448
2011-01-14,394.0,412.0,374,412
2011-01-15,390.0,406.0,375,375
2011-01-16,389.0,402.0,379,379
2011-01-17,388.0,401.0,386,386
2011-01-18,388.0,401.0,417,427
2011-01-19,389.0,401.0,384,432
2011-01-20,386.0,400.0,399,417
2011-01-21,387.0,398.0,400,410
2011-01-22,388.0,398.0,400,400
2011-01-23,389.0,399.0,400,400
2011-01-24,389.0,400.0,389,411
2011-01-25,391.0,401.0,414,417
2011-01-26,391.0,403.0,393,424
2011-01-27,391.0,404.0,385,425
2011-01-28,391.0,404.0,359,386
2011-01-29,390.0,403.0,360,360
2011-01-30,390.0,402.0,360,360
2011-01-31,389.0,402.0,348,366
2011-02-01,389.0,402.0,377,382
2011-02-02,389.0,402.0,386,391
2011-02-03,389.0,403.0,387,410
2011-02-04,388.0,402.0,374,387
2011-02-05,387.0,401.0,374,374
2011-02-06,386.0,399.0,374,374
2011-02-07,385.0,399.0,361,389
2011-02-08,385.0,399.0,389,391
2011-02-09,386.0,399.0,402,405
2011-02-10,385.0,400.0,389,428
2011-02-11,384.0,399.0,368,396
2011-02-12,382.0,396.0,369,369
2011-02-13,382.0,395.0,376,376
2011-02-14,382.0,395.0,357,381
2011-02-15,382.0,395.0,376,381
2011-02-16,382.0,395.0,381,387
2011-02-17,381.0,395.0,385,414
2011-02-18,379.0,393.0,351,388
2011-02-19,378.0,391.0,353,353
2011-02-20,376.0,389.0,354,354
2011-02-21,375.0,388.0,357,357
2011-02-22,373.0,387.0,346,379
2011-02-23,372.0,385.0,349,354
2011-02-24,371.0,384.0,378,391
2011-02-25,370.0,383.0,363,383
2011-02-26,369.0,381.0,363,363
2011-02-27,369.0,380.0,363,363
2011-02-28,368.0,381.0,335,372
2011-03-01,368.0,381.0,361,365
2011-03-02,369.0,381.0,370,372
2011-03-03,369.0,382.0,379,409
2011-03-04,368.0,382.0,347,381
2011-03-05,366.0,380.0,349,349
2011-03-06,366.0,378.0,352,352
2011-03-07,364.0,378.0,338,359
2011-03-08,363.0,377.0,339,340
2011-03-09,363.0,376.0,356,359
2011-03-10,361.0,375.0,332,369
2011-03-11,358.0,373.0,317,335
2011-03-12,356.0,369.0,319,319
2011-03-13,354.0,366.0,319,319
2011-03-14,353.0,365.0,312,328
2011-03-15,351.0,364.0,331,333
2011-03-16,350.0,362.0,333,336
2011-03-17,349.0,362.0,352,371
2011-03-18,348.0,361.0,339,356
2011-03-19,347.0,358.0,339,339
2011-03-20,346.0,357.0,344,344
2011-03-21,346.0,357.0,337,355
2011-03-22,345.0,357.0,342,350
2011-03-23,345.0,357.0,334,358
2011-03-24,344.0,356.0,325,366
2011-03-25,342.0,355.0,296,328
2011-03-26,339.0,352.0,297,297
2011-03-27,337.0,350.0,301,301
2011-03-28,335.0,348.0,293,308
2011-03-29,333.0,346.0,315,317
2011-03-30,333.0,344.0,318,319
2011-03-31,331.0,344.0,315,345
2011-04-01,329.0,342.0,298,316
2011-04-02,326.0,338.0,305,305
2011-04-03,325.0,336.0,308,308
2011-04-04,323.0,335.0,293,315
2011-04-05,322.0,334.0,315,317
2011-04-06,322.0,333.0,321,326
2011-04-07,321.0,333.0,338,354
2011-04-08,321.0,333.0,335,353
2011-04-09,321.0,332.0,336,336
2011-04-10,322.0,332.0,336,336
2011-04-11,322.0,333.0,320,358
2011-04-12,322.0,334.0,335,348
2011-04-13,323.0,334.0,328,336
2011-04-14,322.0,335.0,314,341
2011-04-15,320.0,334.0,281,317
2011-04-16,318.0,331.0,283,283
2011-04-17,316.0,329.0,283,283
2011-04-18,314.0,327.0,264,293
2011-04-19,312.0,325.0,282,292
2011-04-20,310.0,323.0,288,289
2011-04-21,309.0,322.0,311,323
2011-04-22,308.0,321.0,314,321
2011-04-23,308.0,319.0,315,315
2011-04-24,309.0,319.0,315,315
2011-04-25,309.0,320.0,308,325
2011-04-26,310.0,321.0,328,329
2011-04-27,311.0,322.0,329,335
2011-04-28,312.0,323.0,332,357
2011-04-29,311.0,324.0,313,342
2011-04-30,311.0,323.0,313,313
2011-05-01,312.0,323.0,316,316
2011-05-02,312.0,323.0,298,322
2011-05-03,312.0,324.0,321,322
2011-05-04,313.0,324.0,322,324
2011-05-05,314.0,325.0,327,343
2011-05-06,318.0,329.0,448,462
2011-05-07,322.0,333.0,452,452
2011-05-08,326.0,336.0,453,453
2011-05-09,329.0,340.0,429,460
2011-05-10,333.0,345.0,474,476
2011-05-11,334.0,349.0,358,481
2011-05-12,335.0,350.0,340,384
2011-05-13,334.0,351.0,310,353
2011-05-14,334.0,350.0,312,312
2011-05-15,335.0,350.0,312,312
2011-05-16,336.0,351.0,302,322
2011-05-17,337.0,353.0,337,341
2011-05-18,342.0,356.0,397,397
2011-05-19,345.0,361.0,386,440
2011-05-20,348.0,365.0,359,403
2011-05-21,349.0,366.0,360,360
2011-05-22,351.0,368.0,360,360
2011-05-23,352.0,369.0,345,367
2011-05-24,354.0,371.0,369,374
2011-05-25,355.0,373.0,361,377
2011-05-26,357.0,375.0,375,387
2011-05-27,358.0,376.0,360,381
2011-05-28,359.0,377.0,363,363
2011-05-29,361.0,378.0,368,368
2011-05-30,363.0,379.0,370,370
2011-05-31,365.0,382.0,380,384
2011-06-01,371.0,387.0,475,479
2011-06-02,375.0,393.0,458,495
2011-06-03,380.0,397.0,451,468
2011-06-04,384.0,401.0,452,452
2011-06-05,384.0,401.0,452,452
2011-06-06,384.0,401.0,443,457
2011-06-07,384.0,401.0,459,462
2011-06-08,385.0,401.0,463,464
2011-06-09,384.0,402.0,451,485
2011-06-10,387.0,401.0,454,466
2011-06-11,391.0,404.0,454,454
2011-06-12,396.0,407.0,454,454
2011-06-13,404.0,415.0,547,566
2011-06-14,413.0,425.0,592,599
2011-06-15,426.0,437.0,684,692
2011-06-16,434.0,450.0,568,718
2011-06-17,437.0,456.0,497,583
2011-06-18,441.0,458.0,504,504
2011-06-19,446.0,462.0,506,506
2011-06-20,448.0,467.0,439,515
2011-06-21,452.0,470.0,459,467
2011-06-22,458.0,476.0,546,552
2011-06-23,465.0,483.0,554,578
2011-06-24,471.0,490.0,548,567
2011-06-25,477.0,495.0,548,548
2011-06-26,483.0,501.0,548,548
2011-06-27,488.0,507.0,524,548
2011-06-28,500.0,518.0,717,720
2011-06-29,510.0,530.0,667,717
2011-06-30,518.0,540.0,641,691
2011-07-01,522.0,546.0,593,657
2011-07-02,527.0,549.0,593,593
2011-07-03,532.0,554.0,594,594
2011-07-04,536.0,558.0,594,594
2011-07-05,541.0,564.0,576,618
2011-07-06,545.0,568.0,586,589
2011-07-07,549.0,573.0,581,607
2011-07-08,552.0,578.0,551,605
2011-07-09,556.0,580.0,552,552
2011-07-10,559.0,583.0,552,552
2011-07-11,562.0,586.0,530,555
2011-07-12,564.0,589.0,527,547
2011-07-13,563.0,588.0,529,534
2011-07-14,560.0,586.0,497,541
2011-07-15,554.0,581.0,490,518
2011-07-16,551.0,573.0,491,491
2011-07-17,551.0,570.0,491,491
2011-07-18,550.0,570.0,479,495
2011-07-19,550.0,569.0,498,500
2011-07-20,552.0,569.0,498,499
2011-07-21,552.0,571.0,477,516
2011-07-22,550.0,568.0,468,490
2011-07-23,547.0,565.0,468,468
2011-07-24,544.0,562.0,468,468
2011-07-25,541.0,559.0,452,475
2011-07-26,539.0,557.0,479,483
2011-07-27,537.0,555.0,485,491
2011-07-28,530.0,548.0,485,518
2011-07-29,523.0,541.0,470,493
2011-07-30,517.0,533.0,470,470
2011-07-31,513.0,527.0,470,470
2011-08-01,509.0,524.0,470,493
2011-08-02,506.0,520.0,488,491
2011-08-03,502.0,517.0,488,490
2011-08-04,499.0,514.0,493,516
2011-08-05,495.0,511.0,467,501
2011-08-06,492.0,506.0,467,467
2011-08-07,489.0,501.0,467,467
2011-08-08,486.0,499.0,461,473
2011-08-09,483.0,497.0,478,513
2011-08-10,482.0,495.0,483,488
2011-08-11,480.0,494.0,465,505
2011-08-12,477.0,492.0,450,479
2011-08-13,476.0,489.0,450,450
2011-08-14,474.0,487.0,451,451
2011-08-15,472.0,486.0,430,454
2011-08-16,471.0,484.0,443,453
2011-08-17,470.0,483.0,452,456
2011-08-18,468.0,482.0,434,467
2011-08-19,466.0,481.0,440,460
2011-08-20,464.0,478.0,441,441
2011-08-21,464.0,476.0,442,442
2011-08-22,462.0,476.0,432,459
2011-08-23,462.0,476.0,445,453
2011-08-24,462.0,475.0,451,455
2011-08-25,460.0,475.0,433,472
2011-08-26,458.0,473.0,416,444
2011-08-27,455.0,470.0,416,416
2011-08-28,454.0,467.0,416,416
2011-08-29,452.0,466.0,406,428
2011-08-30,450.0,464.0,419,425
2011-08-31,448.0,462.0,419,425
2011-09-01,446.0,461.0,425,456
2011-09-02,445.0,460.0,452,469
2011-09-03,443.0,458.0,452,452
2011-09-04,443.0,456.0,452,452
2011-09-05,442.0,456.0,453,453
2011-09-06,442.0,456.0,463,477
2011-09-07,442.0,456.0,464,472
2011-09-08,441.0,455.0,438,472
2011-09-09,440.0,454.0,444,457
2011-09-10,439.0,452.0,445,445
2011-09-11,439.0,451.0,446,446
2011-09-12,438.0,451.0,426,450
2011-09-13,437.0,450.0,425,446
2011-09-14,437.0,450.0,429,437
2011-09-15,436.0,450.0,419,454
2011-09-16,435.0,449.0,420,443
2011-09-17,435.0,448.0,421,421
2011-09-18,434.0,447.0,421,421
2011-09-19,433.0,446.0,398,424
2011-09-20,432.0,446.0,428,430
2011-09-21,432.0,445.0,433,435
2011-09-22,432.0,445.0,420,465
2011-09-23,430.0,444.0,393,430
2011-09-24,428.0,442.0,393,393
2011-09-25,428.0,440.0,394,394
2011-09-26,427.0,440.0,382,398
2011-09-27,426.0,439.0,399,403
2011-09-28,426.0,438.0,395,404
2011-09-29,424.0,438.0,374,402
2011-09-30,422.0,436.0,361,384
2011-10-01,420.0,433.0,362,362
2011-10-02,417.0,429.0,362,362
2011-10-03,414.0,427.0,350,364
2011-10-04,410.0,424.0,356,361
2011-10-05,407.0,420.0,352,356
2011-10-06,402.0,416.0,323,364
2011-10-07,398.0,412.0,333,337
2011-10-08,395.0,407.0,336,336
2011-10-09,391.0,403.0,336,336
2011-10-10,387.0,400.0,336,336
2011-10-11,384.0,397.0,345,353
2011-10-12,384.0,396.0,430,432
2011-10-13,382.0,396.0,351,442
2011-10-14,378.0,394.0,319,363
2011-10-15,375.0,389.0,320,320
2011-10-16,371.0,385.0,320,320
2011-10-17,368.0,382.0,316,335
2011-10-18,365.0,380.0,342,347
2011-10-19,364.0,377.0,344,347
2011-10-20,360.0,375.0,335,367
2011-10-21,357.0,372.0,329,346
2011-10-22,354.0,367.0,329,329
2011-10-23,352.0,364.0,329,329
2011-10-24,350.0,362.0,325,332
2011-10-25,347.0,360.0,313,347
2011-10-26,345.0,358.0,324,326
2011-10-27,342.0,356.0,324,336
2011-10-28,340.0,353.0,317,333
2011-10-29,338.0,351.0,319,319
2011-10-30,337.0,349.0,319,319
2011-10-31,335.0,347.0,315,328
2011-11-01,334.0,346.0,323,330
2011-11-02,333.0,345.0,328,329
2011-11-03,333.0,346.0,356,380
2011-11-04,333.0,347.0,358,380
2011-11-05,334.0,346.0,359,359
2011-11-06,335.0,347.0,359,359
2011-11-07,336.0,348.0,350,362
2011-11-08,336.0,349.0,333,366
2011-11-09,336.0,349.0,334,335
2011-11-10,335.0,349.0,329,352
2011-11-11,332.0,346.0,333,333
2011-11-12,331.0,342.0,338,338
2011-11-13,332.0,341.0,338,338
2011-11-14,332.0,342.0,332,340
2011-11-15,333.0,343.0,337,344
2011-11-16,334.0,343.0,340,343
2011-11-17,333.0,343.0,335,358
2011-11-18,333.0,344.0,318,348
2011-11-19,332.0,342.0,318,318
2011-11-20,332.0,341.0,318,318
2011-11-21,331.0,341.0,297,324
2011-11-22,330.0,340.0,314,315
2011-11-23,330.0,340.0,309,319
2011-11-24,329.0,339.0,309,309
2011-11-25,329.0,338.0,316,319
2011-11-26,329.0,338.0,316,316
2011-11-27,329.0,337.0,320,320
2011-11-28,328.0,337.0,299,324
2011-11-29,328.0,337.0,313,318
2011-11-30,328.0,337.0,319,321
2011-12-01,328.0,337.0,322,332
2011-12-02,328.0,337.0,313,331
2011-12-03,326.0,335.0,313,313
2011-12-04,325.0,333.0,313,313
2011-12-05,323.0,331.0,304,317
2011-12-06,323.0,331.0,347,350
2011-12-07,323.0,332.0,366,374
2011-12-08,324.0,332.0,358,378
2011-12-09,325.0,333.0,353,370
2011-12-10,326.0,333.0,357,357
2011-12-11,326.0,334.0,358,358
2011-12-12,326.0,335.0,336,364
2011-12-13,326.0,336.0,323,371
2011-12-14,325.0,336.0,323,329
2011-12-15,325.0,336.0,317,340
2011-12-16,324.0,335.0,310,325
2011-12-17,323.0,333.0,310,310
2011-12-18,323.0,332.0,315,315
2011-12-19,322.0,332.0,305,323
2011-12-20,322.0,332.0,312,318
2011-12-21,323.0,332.0,311,316
2011-12-22,322.0,332.0,298,322
2011-12-23,322.0,332.0,293,304
2011-12-24,321.0,331.0,294,294
2011-12-25,320.0,331.0,294,294
2011-12-26,320.0,330.0,294,294
2011-12-27,319.0,329.0,293,296
2011-12-28,318.0,328.0,289,296
2011-12-29,318.0,328.0,291,301
2011-12-30,317.0,327.0,284,294
2011-12-31,315.0,325.0,286,286
2012-01-01,314.0,324.0,286,286
2012-01-02,314.0,323.0,286,286
2012-01-03,313.0,322.0,293,297
2012-01-04,313.0,322.0,294,298
2012-01-05,311.0,320.0,290,304
2012-01-06,309.0,318.0,306,322
2012-01-07,307.0,316.0,309,309
2012-01-08,306.0,314.0,309,309
2012-01-09,304.0,313.0,308,315
2012-01-10,303.0,311.0,318,324
2012-01-11,302.0,310.0,319,321
2012-01-12,301.0,309.0,299,328
2012-01-13,300.0,308.0,290,312
2012-01-14,299.0,306.0,290,290
2012-01-15,299.0,305.0,290,290
2012-01-16,298.0,304.0,290,290
2012-01-17,297.0,304.0,288,312
2012-01-18,296.0,303.0,267,292
2012-01-19,293.0,302.0,244,276
2012-01-20,292.0,300.0,258,266
2012-01-21,290.0,298.0,260,260
2012-01-22,289.0,297.0,261,261
2012-01-23,287.0,296.0,234,264
2012-01-24,286.0,294.0,246,248
2012-01-25,284.0,293.0,247,251
2012-01-26,283.0,292.0,246,261
2012-01-27,281.0,290.0,231,260
2012-01-28,279.0,288.0,231,231
2012-01-29,277.0,286.0,231,231
2012-01-30,274.0,284.0,214,236
2012-01-31,272.0,282.0,224,229
2012-02-01,271.0,281.0,237,237
2012-02-02,269.0,279.0,240,250
2012-02-03,267.0,278.0,242,266
2012-02-04,266.0,276.0,242,242
2012-02-05,264.0,273.0,242,242
2012-02-06,261.0,271.0,230,246
2012-02-07,258.0,269.0,226,248
2012-02-08,256.0,267.0,231,233
2012-02-09,253.0,264.0,232,256
2012-02-10,250.0,262.0,228,243
2012-02-11,247.0,258.0,228,228
2012-02-12,245.0,256.0,229,229
2012-02-13,243.0,254.0,211,231
2012-02-14,240.0,252.0,210,232
2012-02-15,238.0,249.0,218,222
2012-02-16,235.0,247.0,220,239
2012-02-17,234.0,245.0,212,226
2012-02-18,233.0,243.0,216,216
2012-02-19,231.0,241.0,217,217
2012-02-20,230.0,240.0,221,221
2012-02-21,228.0,239.0,212,221
2012-02-22,228.0,237.0,223,227
2012-02-23,226.0,236.0,196,224
2012-02-24,225.0,236.0,201,221
2012-02-25,223.0,234.0,201,201
2012-02-26,222.0,232.0,203,203
2012-02-27,221.0,231.0,192,203
2012-02-28,220.0,230.0,203,206
2012-02-29,224.0,233.0,340,341
2012-03-01,228.0,238.0,339,354
2012-03-02,232.0,242.0,359,381
2012-03-03,236.0,246.0,359,359
2012-03-04,240.0,249.0,360,360
2012-03-05,244.0,253.0,346,362
2012-03-06,247.0,257.0,358,364
2012-03-07,252.0,261.0,354,364
2012-03-08,256.0,265.0,354,367
2012-03-09,259.0,269.0,340,359
2012-03-10,263.0,272.0,344,344
2012-03-11,267.0,276.0,344,344
2012-03-12,271.0,280.0,342,348
2012-03-13,275.0,284.0,345,357
2012-03-14,279.0,288.0,345,349
2012-03-15,283.0,292.0,328,353
2012-03-16,287.0,296.0,324,338
2012-03-17,290.0,298.0,324,324
2012-03-18,294.0,302.0,324,324
2012-03-19,298.0,306.0,328,333
2012-03-20,301.0,310.0,316,340
2012-03-21,304.0,313.0,322,325
2012-03-22,307.0,317.0,291,336
2012-03-23,309.0,319.0,283,299
2012-03-24,312.0,321.0,283,283
2012-03-25,315.0,324.0,286,286
2012-03-26,317.0,326.0,271,288
2012-03-27,321.0,331.0,333,344
2012-03-28,324.0,336.0,289,338
2012-03-29,328.0,340.0,309,333
2012-03-30,326.0,339.0,292,316
2012-03-31,325.0,337.0,292,292
2012-04-01,323.0,334.0,296,296
2012-04-02,327.0,339.0,486,502
2012-04-03,332.0,344.0,510,517
2012-04-04,337.0,349.0,508,516
2012-04-05,343.0,355.0,517,526
2012-04-06,348.0,360.0,518,523
2012-04-07,354.0,365.0,518,518
2012-04-08,360.0,370.0,518,518
2012-04-09,368.0,378.0,584,588
2012-04-10,376.0,388.0,611,619
2012-04-11,386.0,397.0,617,619
2012-04-12,395.0,406.0,613,646
2012-04-13,402.0,416.0,559,652
2012-04-14,409.0,423.0,559,559
2012-04-15,417.0,431.0,559,559
2012-04-16,427.0,443.0,626,692
2012-04-17,436.0,453.0,599,639
2012-04-18,448.0,465.0,684,685
2012-04-19,457.0,477.0,574,688
2012-04-20,461.0,486.0,439,598
2012-04-21,466.0,489.0,439,439
2012-04-22,471.0,494.0,439,439
2012-04-23,475.0,499.0,405,448
2012-04-24,479.0,504.0,409,416
2012-04-25,481.0,508.0,333,423
2012-04-26,485.0,512.0,437,441
2012-04-27,494.0,519.0,566,573
2012-04-28,502.0,527.0,565,566
2012-04-29,512.0,536.0,569,569
2012-04-30,520.0,545.0,552,571
2012-05-01,529.0,554.0,548,556
2012-05-02,530.0,556.0,523,563
2012-05-03,532.0,558.0,582,590
2012-05-04,534.0,561.0,571,596
2012-05-05,536.0,562.0,572,572
2012-05-06,538.0,564.0,572,572
2012-05-07,539.0,566.0,560,583
2012-05-08,541.0,568.0,567,573
2012-05-09,540.0,568.0,539,579
2012-05-10,536.0,566.0,515,575
2012-05-11,533.0,563.0,529,532
2012-05-12,531.0,559.0,531,531
2012-05-13,530.0,555.0,533,533
2012-05-14,528.0,555.0,513,539
2012-05-15,526.0,554.0,504,526
2012-05-16,522.0,548.0,485,517
2012-05-17,516.0,544.0,419,517
2012-05-18,506.0,535.0,405,434
2012-05-19,501.0,526.0,406,406
2012-05-20,500.0,520.0,406,406
2012-05-21,498.0,519.0,400,414
2012-05-22,497.0,518.0,403,408
2012-05-23,498.0,517.0,415,418
2012-05-24,496.0,517.0,353,432
2012-05-25,497.0,516.0,360,380
2012-05-26,494.0,513.0,360,360
2012-05-27,487.0,506.0,360,360
2012-05-28,480.0,499.0,360,360
2012-05-29,474.0,493.0,380,384
2012-05-30,469.0,487.0,387,399
2012-05-31,462.0,482.0,347,396
2012-06-01,456.0,475.0,347,362
2012-06-02,448.0,467.0,347,347
2012-06-03,441.0,459.0,347,347
2012-06-04,433.0,452.0,336,356
2012-06-05,425.0,444.0,339,343
2012-06-06,418.0,436.0,357,357
2012-06-07,413.0,433.0,403,462
2012-06-08,409.0,428.0,417,428
2012-06-09,406.0,422.0,417,417
2012-06-10,402.0,419.0,417,417
2012-06-11,398.0,415.0,416,424
2012-06-12,394.0,411.0,421,422
2012-06-13,392.0,408.0,440,443
2012-06-14,389.0,405.0,418,443
2012-06-15,386.0,403.0,391,436
2012-06-16,385.0,398.0,391,391
2012-06-17,384.0,397.0,391,391
2012-06-18,384.0,397.0,379,398
2012-06-19,382.0,396.0,351,385
2012-06-20,381.0,395.0,367,370
2012-06-21,378.0,393.0,319,370
2012-06-22,375.0,391.0,330,346
2012-06-23,374.0,387.0,330,330
2012-06-24,373.0,386.0,330,330
2012-06-25,372.0,385.0,333,343
2012-06-26,374.0,387.0,397,400
2012-06-27,377.0,390.0,457,471
2012-06-28,380.0,394.0,482,497
2012-06-29,383.0,398.0,470,508
2012-06-30,387.0,400.0,471,471
2012-07-01,391.0,404.0,471,471
2012-07-02,397.0,410.0,525,544
2012-07-03,404.0,417.0,554,559
2012-07-04,411.0,424.0,554,554
2012-07-05,417.0,431.0,509,566
2012-07-06,422.0,437.0,514,521
2012-07-07,426.0,439.0,516,516
2012-07-08,429.0,442.0,516,516
2012-07-09,433.0,446.0,527,535
2012-07-10,437.0,449.0,528,528
2012-07-11,441.0,453.0,536,537
2012-07-12,445.0,459.0,548,611
2012-07-13,448.0,463.0,543,564
2012-07-14,452.0,467.0,543,543
2012-07-15,458.0,470.0,543,543
2012-07-16,462.0,476.0,535,549
2012-07-17,466.0,481.0,515,542
2012-07-18,472.0,485.0,535,537
2012-07-19,478.0,493.0,553,612
2012-07-20,485.0,500.0,559,575
2012-07-21,493.0,506.0,558,559
2012-07-22,500.0,513.0,559,559
2012-07-23,508.0,521.0,550,564
2012-07-24,515.0,528.0,546,551
2012-07-25,522.0,536.0,538,563
2012-07-26,525.0,540.0,509,544
2012-07-27,526.0,543.0,482,552
2012-07-28,526.0,543.0,482,482
2012-07-29,527.0,542.0,482,482
2012-07-30,527.0,542.0,478,487
2012-07-31,527.0,543.0,475,483
2012-08-01,526.0,541.0,489,495
2012-08-02,521.0,539.0,412,497
2012-08-03,516.0,534.0,396,420
2012-08-04,512.0,529.0,396,396
2012-08-05,508.0,525.0,397,397
2012-08-06,504.0,521.0,391,407
2012-08-07,500.0,517.0,389,392
2012-08-08,495.0,513.0,379,411
2012-08-09,488.0,508.0,312,384
2012-08-10,480.0,501.0,295,331
2012-08-11,471.0,491.0,295,295
2012-08-12,463.0,482.0,295,295
2012-08-13,454.0,473.0,286,300
2012-08-14,446.0,465.0,286,292
2012-08-15,439.0,457.0,317,320
2012-08-16,431.0,450.0,277,323
2012-08-17,423.0,442.0,297,303
2012-08-18,414.0,432.0,299,299
2012-08-19,406.0,423.0,299,299
2012-08-20,397.0,415.0,301,313
2012-08-21,388.0,406.0,281,309
2012-08-22,379.0,397.0,287,290
2012-08-23,369.0,388.0,258,292
2012-08-24,360.0,379.0,249,272
2012-08-25,351.0,369.0,250,250
2012-08-26,343.0,359.0,250,250
2012-08-27,335.0,352.0,246,262
2012-08-28,327.0,344.0,230,246
2012-08-29,319.0,335.0,230,230
2012-08-30,311.0,327.0,230,230
2012-08-31,302.0,318.0,231,233
2012-09-01,296.0,309.0,231,231
2012-09-02,290.0,303.0,231,231
2012-09-03,284.0,297.0,215,235
2012-09-04,279.0,292.0,219,224
2012-09-05,273.0,286.0,227,228
2012-09-06,267.0,280.0,202,232
2012-09-07,262.0,275.0,244,248
2012-09-08,260.0,270.0,244,244
2012-09-09,258.0,267.0,244,244
2012-09-10,256.0,266.0,238,249
2012-09-11,254.0,264.0,213,251
2012-09-12,252.0,262.0,228,229
2012-09-13,250.0,260.0,218,230
2012-09-14,250.0,261.0,335,353
2012-09-15,252.0,262.0,339,339
2012-09-16,254.0,263.0,342,342
2012-09-17,255.0,265.0,349,362
2012-09-18,260.0,271.0,451,478
2012-09-19,266.0,276.0,466,473
2012-09-20,272.0,282.0,449,473
2012-09-21,277.0,288.0,447,475
2012-09-22,283.0,293.0,448,448
2012-09-23,290.0,299.0,450,450
2012-09-24,296.0,306.0,441,454
2012-09-25,307.0,317.0,577,580
2012-09-26,317.0,328.0,546,591
2012-09-27,327.0,338.0,528,558
2012-09-28,338.0,349.0,560,565
2012-09-29,349.0,360.0,560,560
2012-09-30,360.0,371.0,560,560
2012-10-01,371.0,383.0,556,571
2012-10-02,381.0,394.0,536,562
2012-10-03,392.0,404.0,546,550
2012-10-04,401.0,415.0,495,552
2012-10-05,411.0,425.0,523,535
2012-10-06,422.0,435.0,523,523
2012-10-07,431.0,444.0,524,524
2012-10-08,441.0,454.0,526,526
2012-10-09,450.0,463.0,526,531
2012-10-10,460.0,473.0,538,541
2012-10-11,468.0,482.0,468,539
2012-10-12,477.0,491.0,487,494
2012-10-13,486.0,500.0,488,488
2012-10-14,491.0,504.0,488,488
2012-10-15,496.0,510.0,487,501
2012-10-16,500.0,515.0,471,498
2012-10-17,505.0,519.0,482,488
2012-10-18,504.0,519.0,434,482
2012-10-19,502.0,519.0,394,460
2012-10-20,500.0,516.0,394,394
2012-10-21,498.0,514.0,394,394
2012-10-22,496.0,512.0,391,408
2012-10-23,495.0,510.0,394,396
2012-10-24,493.0,509.0,400,405
2012-10-25,484.0,503.0,315,405
2012-10-26,478.0,495.0,348,355
2012-10-27,472.0,488.0,348,348
2012-10-28,465.0,481.0,348,348
2012-10-29,457.0,474.0,321,361
2012-10-30,449.0,466.0,325,326
2012-10-31,442.0,459.0,336,354
2012-11-01,435.0,452.0,342,345
2012-11-02,428.0,445.0,335,355
2012-11-03,423.0,438.0,335,335
2012-11-04,417.0,432.0,335,335
2012-11-05,410.0,425.0,331,340
2012-11-06,404.0,419.0,337,343
2012-11-07,398.0,414.0,357,364
2012-11-08,392.0,408.0,340,362
2012-11-09,386.0,402.0,349,361
2012-11-10,382.0,396.0,348,349
2012-11-11,377.0,391.0,348,348
2012-11-12,373.0,387.0,349,349
2012-11-13,368.0,383.0,364,371
2012-11-14,373.0,387.0,615,620
2012-11-15,373.0,391.0,488,617
2012-11-16,372.0,392.0,455,517
2012-11-17,376.0,394.0,551,554
2012-11-18,381.0,397.0,551,551
2012-11-19,384.0,403.0,464,560
2012-11-20,386.0,405.0,455,473
2012-11-21,387.0,407.0,435,475
2012-11-22,389.0,409.0,435,435
2012-11-23,393.0,413.0,522,545
2012-11-24,400.0,417.0,523,523
2012-11-25,406.0,423.0,523,523
2012-11-26,411.0,429.0,527,530
2012-11-27,418.0,435.0,531,535
2012-11-28,427.0,444.0,605,634
2012-11-29,436.0,454.0,599,609
2012-11-30,445.0,463.0,606,629
2012-12-01,461.0,479.0,819,819
2012-12-02,477.0,494.0,819,819
2012-12-03,493.0,511.0,803,831
2012-12-04,508.0,526.0,802,808
2012-12-05,523.0,542.0,784,821
2012-12-06,536.0,558.0,721,798
2012-12-07,548.0,570.0,723,743
2012-12-08,561.0,582.0,724,724
2012-12-09,574.0,594.0,725,725
2012-12-10,586.0,607.0,716,730
2012-12-11,597.0,620.0,679,717
2012-12-12,607.0,631.0,652,695
2012-12-13,612.0,641.0,511,656
2012-12-14,612.0,640.0,603,609
2012-12-15,616.0,640.0,603,603
2012-12-16,620.0,643.0,603,603
2012-12-17,622.0,644.0,595,608
2012-12-18,623.0,646.0,585,604
2012-12-19,628.0,648.0,604,611
2012-12-20,629.0,652.0,481,608
2012-12-21,631.0,653.0,494,504
2012-12-22,633.0,655.0,496,496
2012-12-23,632.0,654.0,496,496
2012-12-24,631.0,653.0,500,500
2012-12-25,630.0,652.0,500,500
2012-12-26,629.0,651.0,495,502
2012-12-27,628.0,650.0,486,498
2012-12-28,622.0,646.0,447,522
2012-12-29,617.0,641.0,448,448
2012-12-30,612.0,635.0,448,448
2012-12-31,600.0,623.0,446,452
2013-01-01,587.0,610.0,446,446
2013-01-02,575.0,597.0,445,446
2013-01-03,561.0,585.0,387,448
2013-01-04,549.0,572.0,398,407
2013-01-05,539.0,560.0,444,444
2013-01-06,530.0,550.0,444,444
2013-01-07,520.0,541.0,426,459
2013-01-08,510.0,531.0,427,432
2013-01-09,501.0,522.0,435,439
2013-01-10,491.0,512.0,381,437
2013-01-11,485.0,505.0,485,489
2013-01-12,484.0,500.0,485,485
2013-01-13,480.0,495.0,485,485
2013-01-14,476.0,492.0,465,497
2013-01-15,472.0,488.0,471,474
2013-01-16,467.0,483.0,474,477
2013-01-17,461.0,479.0,401,486
2013-01-18,455.0,473.0,418,426
2013-01-19,453.0,467.0,418,419
2013-01-20,450.0,464.0,418,418
2013-01-21,448.0,461.0,418,418
2013-01-22,445.0,459.0,417,423
2013-01-23,443.0,456.0,423,426
2013-01-24,440.0,454.0,419,425
2013-01-25,441.0,455.0,513,525
2013-01-26,442.0,455.0,514,514
2013-01-27,444.0,455.0,514,514
2013-01-28,446.0,457.0,503,521
2013-01-29,450.0,462.0,590,595
2013-01-30,455.0,468.0,591,608
2013-01-31,457.0,472.0,493,593
2013-02-01,457.0,474.0,463,505
2013-02-02,460.0,475.0,465,465
2013-02-03,462.0,477.0,465,465
2013-02-04,462.0,478.0,436,470
2013-02-05,462.0,478.0,433,439
2013-02-06,462.0,477.0,443,454
2013-02-07,461.0,478.0,395,448
2013-02-08,462.0,480.0,468,499
2013-02-09,465.0,481.0,468,468
2013-02-10,465.0,480.0,471,471
2013-02-11,464.0,480.0,466,477
2013-02-12,463.0,480.0,467,468
2013-02-13,467.0,482.0,570,570
2013-02-14,468.0,485.0,503,570
2013-02-15,469.0,487.0,520,535
2013-02-16,473.0,488.0,520,520
2013-02-17,477.0,491.0,520,520
2013-02-18,480.0,495.0,520,520
2013-02-19,484.0,498.0,519,523
2013-02-20,487.0,502.0,525,531
2013-02-21,490.0,506.0,506,528
2013-02-22,492.0,509.0,486,530
2013-02-23,494.0,511.0,487,487
2013-02-24,494.0,510.0,488,488
2013-02-25,492.0,509.0,477,489
2013-02-26,490.0,508.0,449,484
2013-02-27,488.0,506.0,425,459
2013-02-28,480.0,500.0,358,431
2013-03-01,472.0,493.0,349,369
2013-03-02,467.0,484.0,349,349
2013-03-03,463.0,479.0,349,349
2013-03-04,459.0,475.0,345,353
2013-03-05,455.0,472.0,346,349
2013-03-06,453.0,468.0,354,357
2013-03-07,449.0,465.0,314,361
2013-03-08,445.0,462.0,323,359
2013-03-09,442.0,458.0,324,324
2013-03-10,437.0,452.0,324,324
2013-03-11,432.0,448.0,303,330
2013-03-12,426.0,442.0,307,307
2013-03-13,421.0,437.0,311,313
2013-03-14,417.0,434.0,353,379
2013-03-15,413.0,430.0,445,457
2013-03-16,411.0,426.0,445,445
2013-03-17,409.0,423.0,445,445
2013-03-18,407.0,421.0,453,456
2013-03-19,404.0,419.0,438,461
2013-03-20,402.0,416.0,449,454
2013-03-21,402.0,417.0,531,549
2013-03-22,405.0,420.0,624,627
2013-03-23,409.0,424.0,624,624
2013-03-24,414.0,427.0,624,624
2013-03-25,418.0,432.0,611,632
2013-03-26,422.0,436.0,616,619
2013-03-27,427.0,441.0,632,632
2013-03-28,433.0,446.0,632,634
2013-03-29,441.0,452.0,653,656
2013-03-30,451.0,460.0,653,653
2013-03-31,461.0,469.0,653,653
2013-04-01,471.0,479.0,652,654
2013-04-02,484.0,493.0,748,751
2013-04-03,498.0,507.0,756,767
2013-04-04,510.0,520.0,718,759
2013-04-05,523.0,533.0,715,730
2013-04-06,536.0,545.0,722,722
2013-04-07,550.0,557.0,728,728
2013-04-08,567.0,574.0,839,841
2013-04-09,584.0,592.0,850,866
2013-04-10,607.0,614.0,978,983
2013-04-11,626.0,637.0,876,983
2013-04-12,644.0,656.0,870,900
2013-04-13,662.0,672.0,870,870
2013-04-14,676.0,686.0,870,870
2013-04-15,690.0,701.0,874,875
2013-04-16,705.0,715.0,878,881
2013-04-17,719.0,730.0,885,888
2013-04-18,732.0,744.0,836,888
2013-04-19,744.0,757.0,814,845
2013-04-20,754.0,766.0,814,814
2013-04-21,760.0,772.0,814,814
2013-04-22,766.0,778.0,811,816
2013-04-23,775.0,787.0,880,884
2013-04-24,784.0,796.0,875,906
2013-04-25,790.0,805.0,794,877
2013-04-26,794.0,810.0,754,804
2013-04-27,798.0,814.0,754,754
2013-04-28,801.0,818.0,754,754
2013-04-29,804.0,821.0,738,755
2013-04-30,807.0,824.0,739,746
2013-05-01,810.0,827.0,744,753
2013-05-02,808.0,827.0,686,750
2013-05-03,809.0,829.0,796,816
2013-05-04,812.0,830.0,796,796
2013-05-05,814.0,832.0,796,796
2013-05-06,817.0,835.0,792,798
2013-05-07,819.0,837.0,786,799
2013-05-08,817.0,836.0,779,801
2013-05-09,813.0,833.0,732,785
2013-05-10,806.0,826.0,759,769
2013-05-11,802.0,819.0,759,759
2013-05-12,799.0,816.0,804,804
2013-05-13,796.0,814.0,769,812
2013-05-14,793.0,810.0,773,774
2013-05-15,790.0,807.0,778,781
2013-05-16,784.0,804.0,724,779
2013-05-17,781.0,801.0,792,809
2013-05-18,780.0,798.0,792,792
2013-05-19,779.0,796.0,792,792
2013-05-20,780.0,798.0,846,854
2013-05-21,781.0,799.0,834,857
2013-05-22,782.0,800.0,836,844
2013-05-23,777.0,799.0,748,840
2013-05-24,771.0,794.0,692,772
2013-05-25,768.0,788.0,692,692
2013-05-26,766.0,784.0,692,692
2013-05-27,764.0,782.0,692,692
2013-05-28,762.0,780.0,689,695
2013-05-29,759.0,778.0,674,702
2013-05-30,754.0,776.0,580,676
2013-05-31,751.0,773.0,658,671
2013-06-01,750.0,770.0,659,659
2013-06-02,746.0,765.0,659,659
2013-06-03,741.0,761.0,663,669
2013-06-04,737.0,757.0,653,668
2013-06-05,732.0,752.0,664,672
2013-06-06,727.0,748.0,620,666
2013-06-07,724.0,746.0,697,736
2013-06-08,723.0,743.0,697,697
2013-06-09,721.0,740.0,697,697
2013-06-10,719.0,738.0,700,702
2013-06-11,713.0,735.0,636,703
2013-06-12,708.0,730.0,617,644
2013-06-13,699.0,724.0,506,618
2013-06-14,689.0,715.0,463,511
2013-06-15,680.0,705.0,463,463
2013-06-16,669.0,693.0,463,463
2013-06-17,658.0,683.0,471,473
2013-06-18,648.0,672.0,470,475
2013-06-19,635.0,660.0,474,482
2013-06-20,622.0,647.0,436,475
2013-06-21,608.0,634.0,422,465
2013-06-22,597.0,620.0,422,422
2013-06-23,588.0,609.0,422,422
2013-06-24,578.0,600.0,381,428
2013-06-25,568.0,590.0,377,387
2013-06-26,557.0,579.0,367,384
2013-06-27,545.0,569.0,350,370
2013-06-28,535.0,557.0,364,365
2013-06-29,528.0,547.0,364,364
2013-06-30,518.0,537.0,364,364
2013-07-01,508.0,527.0,356,364
2013-07-02,497.0,517.0,344,357
2013-07-03,486.0,507.0,327,365
2013-07-04,475.0,495.0,327,327
2013-07-05,463.0,484.0,293,335
2013-07-06,452.0,472.0,293,293
2013-07-07,439.0,457.0,293,293
2013-07-08,425.0,444.0,302,308
2013-07-09,412.0,431.0,296,302
2013-07-10,399.0,418.0,303,308
2013-07-11,387.0,404.0,286,305
2013-07-12,376.0,393.0,289,298
2013-07-13,369.0,382.0,289,289
2013-07-14,363.0,374.0,289,289
2013-07-15,357.0,369.0,287,290
2013-07-16,351.0,363.0,286,294
2013-07-17,346.0,358.0,295,305
2013-07-18,339.0,352.0,272,295
2013-07-19,332.0,345.0,252,286
2013-07-20,330.0,342.0,387,387
2013-07-21,329.0,339.0,388,388
2013-07-22,328.0,338.0,390,390
2013-07-23,327.0,338.0,395,396
2013-07-24,328.0,337.0,408,411
2013-07-25,328.0,338.0,399,411
2013-07-26,328.0,339.0,367,415
2013-07-27,334.0,343.0,503,503
2013-07-28,338.0,348.0,503,503
2013-07-29,343.0,353.0,506,507
2013-07-30,348.0,357.0,506,507
2013-07-31,353.0,362.0,502,512
2013-08-01,357.0,367.0,491,503
2013-08-02,364.0,372.0,521,523
2013-08-03,370.0,379.0,521,521
2013-08-04,378.0,385.0,521,521
2013-08-05,385.0,393.0,515,532
2013-08-06,393.0,401.0,518,520
2013-08-07,401.0,408.0,535,537
2013-08-08,408.0,416.0,520,535
2013-08-09,416.0,424.0,525,546
2013-08-10,424.0,431.0,525,525
2013-08-11,431.0,439.0,525,525
2013-08-12,439.0,447.0,524,527
2013-08-13,449.0,456.0,569,570
2013-08-14,457.0,466.0,532,577
2013-08-15,465.0,474.0,534,540
2013-08-16,472.0,482.0,495,551
2013-08-17,479.0,489.0,495,495
2013-08-18,487.0,496.0,495,495
2013-08-19,490.0,500.0,478,516
2013-08-20,493.0,503.0,465,483
2013-08-21,495.0,506.0,470,472
2013-08-22,497.0,510.0,456,509
2013-08-23,497.0,512.0,392,468
2013-08-24,497.0,511.0,392,392
2013-08-25,498.0,510.0,392,392
2013-08-26,494.0,507.0,393,405
2013-08-27,489.0,504.0,365,402
2013-08-28,485.0,499.0,366,375
2013-08-29,479.0,495.0,349,373
2013-08-30,474.0,491.0,332,388
2013-08-31,468.0,485.0,335,335
2013-09-01,462.0,479.0,337,337
2013-09-02,456.0,473.0,337,337
2013-09-03,450.0,467.0,336,340
2013-09-04,444.0,460.0,334,347
2013-09-05,437.0,454.0,320,336
2013-09-06,431.0,448.0,331,345
2013-09-07,424.0,441.0,334,334
2013-09-08,418.0,434.0,334,334
2013-09-09,412.0,428.0,335,339
2013-09-10,405.0,422.0,336,341
2013-09-11,399.0,416.0,337,344
2013-09-12,396.0,413.0,470,493
2013-09-13,394.0,410.0,475,489
2013-09-14,392.0,408.0,475,475
2013-09-15,391.0,406.0,477,477
2013-09-16,391.0,405.0,478,481
2013-09-17,388.0,405.0,410,488
2013-09-18,386.0,402.0,422,426
2013-09-19,384.0,401.0,406,445
2013-09-20,382.0,399.0,401,426
2013-09-21,380.0,396.0,401,401
2013-09-22,380.0,393.0,401,401
2013-09-23,381.0,394.0,398,403
2013-09-24,383.0,396.0,473,476
2013-09-25,386.0,399.0,476,484
2013-09-26,388.0,402.0,422,485
2013-09-27,389.0,405.0,402,458
2013-09-28,391.0,406.0,402,402
2013-09-29,393.0,406.0,402,402
2013-09-30,395.0,408.0,400,404
2013-10-01,397.0,410.0,374,394
2013-10-02,398.0,412.0,380,385
2013-10-03,399.0,413.0,370,385
2013-10-04,400.0,415.0,371,388
2013-10-05,402.0,416.0,373,373
2013-10-06,404.0,417.0,373,373
2013-10-07,405.0,418.0,369,375
2013-10-08,405.0,420.0,352,373
2013-10-09,406.0,420.0,351,357
2013-10-10,406.0,421.0,331,353
2013-10-11,406.0,421.0,351,357
2013-10-12,402.0,416.0,351,351
2013-10-13,398.0,412.0,352,352
2013-10-14,394.0,408.0,345,352
2013-10-15,388.0,403.0,310,348
2013-10-16,383.0,398.0,326,331
2013-10-17,380.0,393.0,307,328
2013-10-18,376.0,390.0,301,323
2013-10-19,372.0,385.0,303,303
2013-10-20,369.0,381.0,305,305
2013-10-21,365.0,378.0,291,311
2013-10-22,364.0,376.0,351,357
2013-10-23,362.0,375.0,343,351
2013-10-24,357.0,370.0,313,343
2013-10-25,351.0,366.0,304,355
2013-10-26,347.0,360.0,304,304
2013-10-27,344.0,355.0,304,304
2013-10-28,340.0,352.0,304,308
2013-10-29,337.0,348.0,307,311
2013-10-30,335.0,346.0,327,329
2013-10-31,333.0,344.0,312,333
2013-11-01,331.0,343.0,339,351
2013-11-02,330.0,341.0,339,339
2013-11-03,329.0,340.0,340,340
2013-11-04,329.0,340.0,373,377
2013-11-05,329.0,340.0,364,377
2013-11-06,329.0,340.0,377,381
2013-11-07,330.0,341.0,367,394
2013-11-08,332.0,343.0,404,419
2013-11-09,334.0,345.0,404,404
2013-11-10,336.0,346.0,404,404
2013-11-11,338.0,349.0,428,450
2013-11-12,342.0,353.0,449,451
2013-11-13,346.0,357.0,467,471
2013-11-14,350.0,361.0,442,469
2013-11-15,355.0,366.0,469,484
2013-11-16,360.0,371.0,469,469
2013-11-17,366.0,375.0,470,470
2013-11-18,372.0,382.0,491,494
2013-11-19,378.0,389.0,494,513
2013-11-20,387.0,397.0,540,554
2013-11-21,391.0,403.0,486,547
2013-11-22,395.0,409.0,467,517
2013-11-23,400.0,413.0,467,467
2013-11-24,406.0,417.0,467,467
2013-11-25,411.0,422.0,448,476
2013-11-26,416.0,428.0,466,470
2013-11-27,421.0,433.0,448,476
2013-11-28,426.0,438.0,448,448
2013-11-29,429.0,442.0,434,452
2013-11-30,433.0,446.0,436,436
2013-12-01,437.0,448.0,438,438
2013-12-02,440.0,452.0,439,441
2013-12-03,443.0,456.0,426,453
2013-12-04,444.0,457.0,423,429
2013-12-05,445.0,459.0,377,426
2013-12-06,446.0,460.0,405,416
2013-12-07,447.0,461.0,405,405
2013-12-08,447.0,460.0,407,407
2013-12-09,448.0,461.0,423,428
2013-12-10,448.0,463.0,419,479
2013-12-11,448.0,463.0,423,428
2013-12-12,446.0,462.0,379,424
2013-12-13,444.0,460.0,418,422
2013-12-14,443.0,459.0,420,420
2013-12-15,442.0,456.0,420,420
2013-12-16,441.0,455.0,433,441
2013-12-17,439.0,455.0,415,442
2013-12-18,436.0,452.0,419,429
2013-12-19,434.0,450.0,418,454
2013-12-20,430.0,447.0,412,446
2013-12-21,427.0,442.0,412,412
2013-12-22,425.0,439.0,413,413
2013-12-23,424.0,438.0,432,440
2013-12-24,423.0,437.0,443,447
2013-12-25,423.0,436.0,443,443
2013-12-26,422.0,436.0,434,468
2013-12-27,422.0,435.0,435,442
2013-12-28,421.0,435.0,435,435
2013-12-29,421.0,434.0,437,437
2013-12-30,422.0,435.0,469,473
2013-12-31,424.0,437.0,480,484
2014-01-01,425.0,438.0,480,480
2014-01-02,427.0,439.0,481,486
2014-01-03,429.0,441.0,487,489
2014-01-04,433.0,443.0,487,487
2014-01-05,436.0,446.0,487,487
2014-01-06,439.0,449.0,508,509
2014-01-07,442.0,453.0,497,513
2014-01-08,444.0,455.0,495,511
2014-01-09,448.0,457.0,516,541
2014-01-10,450.0,461.0,502,532
2014-01-11,454.0,464.0,502,502
2014-01-12,457.0,466.0,502,502
2014-01-13,460.0,469.0,499,503
2014-01-14,463.0,472.0,514,520
2014-01-15,466.0,475.0,523,527
2014-01-16,469.0,478.0,509,524
2014-01-17,471.0,481.0,470,527
2014-01-18,472.0,482.0,470,470
2014-01-19,474.0,482.0,471,471
2014-01-20,476.0,484.0,472,472
2014-01-21,478.0,486.0,450,473
2014-01-22,478.0,487.0,438,459
2014-01-23,477.0,487.0,410,441
2014-01-24,476.0,486.0,408,410
2014-01-25,475.0,484.0,411,411
2014-01-26,474.0,483.0,411,411
2014-01-27,473.0,483.0,416,430
2014-01-28,473.0,482.0,416,416
2014-01-29,471.0,480.0,416,416
2014-01-30,469.0,479.0,434,438
2014-01-31,466.0,478.0,370,449
2014-02-01,462.0,474.0,371,371
2014-02-02,458.0,470.0,375,375
2014-02-03,457.0,468.0,440,442
2014-02-04,454.0,467.0,406,440
2014-02-05,450.0,464.0,392,413
2014-02-06,445.0,460.0,344,417
2014-02-07,441.0,456.0,362,377
2014-02-08,436.0,450.0,362,362
2014-02-09,431.0,444.0,365,365
2014-02-10,430.0,444.0,486,491
2014-02-11,432.0,446.0,560,563
2014-02-12,436.0,450.0,594,613
2014-02-13,436.0,453.0,537,608
2014-02-14,435.0,454.0,473,570
2014-02-15,434.0,453.0,476,476
2014-02-16,434.0,451.0,476,476
2014-02-17,434.0,451.0,482,483
2014-02-18,434.0,452.0,466,487
2014-02-19,432.0,452.0,401,474
2014-02-20,430.0,450.0,403,426
2014-02-21,429.0,449.0,414,415
2014-02-22,430.0,448.0,428,428
2014-02-23,431.0,449.0,431,431
2014-02-24,431.0,450.0,432,437
2014-02-25,436.0,456.0,560,576
2014-02-26,441.0,460.0,564,568
2014-02-27,446.0,467.0,550,613
2014-02-28,448.0,472.0,488,581
2014-03-01,450.0,474.0,488,488
2014-03-02,454.0,475.0,489,489
2014-03-03,458.0,480.0,502,506
2014-03-04,461.0,484.0,469,503
2014-03-05,463.0,485.0,477,477
2014-03-06,465.0,487.0,473,507
2014-03-07,468.0,490.0,477,497
2014-03-08,472.0,492.0,477,477
2014-03-09,476.0,496.0,479,479
2014-03-10,480.0,500.0,478,488
2014-03-11,484.0,504.0,483,486
2014-03-12,484.0,504.0,480,485
2014-03-13,483.0,504.0,541,577
2014-03-14,481.0,503.0,534,578
2014-03-15,481.0,500.0,536,536
2014-03-16,483.0,500.0,541,541
2014-03-17,487.0,503.0,583,588
2014-03-18,490.0,507.0,568,589
2014-03-19,493.0,510.0,565,586
2014-03-20,495.0,514.0,543,587
2014-03-21,501.0,517.0,573,576
2014-03-22,507.0,522.0,577,577
2014-03-23,512.0,528.0,580,580
2014-03-24,517.0,533.0,583,587
2014-03-25,522.0,538.0,560,595
2014-03-26,528.0,545.0,621,622
2014-03-27,529.0,548.0,592,685
2014-03-28,530.0,550.0,587,618
2014-03-29,531.0,549.0,588,588
2014-03-30,534.0,549.0,589,589
2014-03-31,537.0,553.0,572,590
2014-04-01,540.0,556.0,560,580
2014-04-02,541.0,558.0,557,571
2014-04-03,545.0,562.0,585,621
2014-04-04,549.0,566.0,580,607
2014-04-05,552.0,569.0,583,583
2014-04-06,556.0,572.0,587,587
2014-04-07,560.0,576.0,584,591
2014-04-08,563.0,579.0,584,592
2014-04-09,567.0,583.0,589,596
2014-04-10,573.0,590.0,675,708
2014-04-11,578.0,597.0,628,698
2014-04-12,581.0,599.0,632,632
2014-04-13,584.0,601.0,632,632
2014-04-14,587.0,604.0,626,638
2014-04-15,590.0,607.0,614,631
2014-04-16,591.0,609.0,618,625
2014-04-17,593.0,611.0,637,659
2014-04-18,596.0,613.0,646,651
2014-04-19,600.0,615.0,649,649
2014-04-20,602.0,618.0,650,650
2014-04-21,607.0,623.0,731,734
2014-04-22,615.0,631.0,798,811
2014-04-23,622.0,638.0,800,808
2014-04-24,629.0,645.0,773,806
2014-04-25,630.0,650.0,655,775
2014-04-26,632.0,649.0,655,655
2014-04-27,634.0,650.0,657,657
2014-04-28,639.0,655.0,720,735
2014-04-29,647.0,664.0,821,837
2014-04-30,651.0,671.0,707,825
2014-05-01,655.0,676.0,672,709
2014-05-02,657.0,680.0,634,686
2014-05-03,659.0,680.0,636,636
2014-05-04,661.0,681.0,636,636
2014-05-05,666.0,687.0,732,747
2014-05-06,671.0,694.0,745,808
2014-05-07,675.0,699.0,695,753
2014-05-08,681.0,705.0,755,768
2014-05-09,680.0,711.0,574,768
2014-05-10,677.0,706.0,574,574
2014-05-11,675.0,702.0,577,577
2014-05-12,672.0,701.0,543,581
2014-05-13,671.0,700.0,592,600
2014-05-14,670.0,699.0,595,610
2014-05-15,669.0,698.0,581,611
2014-05-16,667.0,697.0,567,594
2014-05-17,665.0,694.0,569,569
2014-05-18,662.0,691.0,571,571
2014-05-19,664.0,693.0,697,709
2014-05-20,664.0,695.0,672,710
2014-05-21,663.0,697.0,690,772
2014-05-22,658.0,694.0,659,720
2014-05-23,652.0,689.0,604,667
2014-05-24,646.0,682.0,604,604
2014-05-25,645.0,676.0,604,604
2014-05-26,643.0,675.0,606,606
2014-05-27,641.0,673.0,593,609
2014-05-28,637.0,669.0,599,606
2014-05-29,631.0,663.0,634,654
2014-05-30,628.0,658.0,645,694
2014-05-31,630.0,658.0,702,702
2014-06-01,634.0,661.0,759,759
2014-06-02,639.0,666.0,799,803
2014-06-03,644.0,672.0,794,803
2014-06-04,646.0,674.0,796,804
2014-06-05,648.0,673.0,792,799
2014-06-06,651.0,676.0,793,842
2014-06-07,653.0,677.0,793,793
2014-06-08,660.0,678.0,796,796
2014-06-09,667.0,686.0,793,807
2014-06-10,675.0,694.0,804,810
2014-06-11,683.0,701.0,783,804
2014-06-12,689.0,707.0,771,787
2014-06-13,694.0,713.0,738,786
2014-06-14,699.0,717.0,738,738
2014-06-15,705.0,722.0,740,740
2014-06-16,713.0,731.0,823,830
2014-06-17,721.0,740.0,807,829
2014-06-18,725.0,744.0,823,831
2014-06-19,729.0,748.0,774,829
2014-06-20,728.0,748.0,673,788
2014-06-21,728.0,747.0,675,675
2014-06-22,731.0,747.0,675,675
2014-06-23,733.0,749.0,663,676
2014-06-24,738.0,755.0,750,766
2014-06-25,742.0,761.0,732,781
2014-06-26,745.0,765.0,686,735
2014-06-27,747.0,768.0,651,695
2014-06-28,747.0,768.0,652,652
2014-06-29,748.0,766.0,654,654
2014-06-30,745.0,765.0,637,658
2014-07-01,739.0,761.0,577,639
2014-07-02,732.0,754.0,580,588
2014-07-03,724.0,746.0,551,585
2014-07-04,715.0,738.0,537,563
2014-07-05,707.0,730.0,537,537
2014-07-06,698.0,720.0,538,538
2014-07-07,690.0,711.0,543,547
2014-07-08,682.0,703.0,547,551
2014-07-09,673.0,695.0,542,549
2014-07-10,665.0,687.0,549,574
2014-07-11,664.0,687.0,749,822
2014-07-12,663.0,686.0,749,749
2014-07-13,663.0,685.0,749,749
2014-07-14,663.0,685.0,738,751
2014-07-15,663.0,685.0,739,746
2014-07-16,660.0,683.0,724,748
2014-07-17,656.0,679.0,698,727
2014-07-18,656.0,679.0,805,819
2014-07-19,657.0,678.0,809,809
2014-07-20,662.0,679.0,810,810
2014-07-21,666.0,683.0,803,811
2014-07-22,670.0,688.0,803,808
2014-07-23,675.0,692.0,805,809
2014-07-24,675.0,694.0,768,808
2014-07-25,676.0,693.0,740,773
2014-07-26,677.0,694.0,739,740
2014-07-27,680.0,695.0,739,739
2014-07-28,683.0,698.0,733,752
2014-07-29,687.0,702.0,760,764
2014-07-30,691.0,706.0,768,772
2014-07-31,697.0,710.0,753,772
2014-08-01,702.0,716.0,738,762
2014-08-02,708.0,721.0,738,738
2014-08-03,715.0,727.0,738,738
2014-08-04,722.0,734.0,743,750
2014-08-05,729.0,741.0,744,750
2014-08-06,735.0,748.0,738,747
2014-08-07,741.0,754.0,732,741
2014-08-08,746.0,761.0,673,751
2014-08-09,750.0,764.0,673,673
2014-08-10,747.0,759.0,674,674
2014-08-11,744.0,757.0,660,676
2014-08-12,741.0,754.0,658,665
2014-08-13,737.0,751.0,604,663
2014-08-14,732.0,747.0,577,607
2014-08-15,727.0,741.0,576,593
2014-08-16,726.0,740.0,675,675
2014-08-17,724.0,738.0,763,763
2014-08-18,723.0,736.0,757,765
2014-08-19,721.0,735.0,744,757
2014-08-20,719.0,733.0,753,763
2014-08-21,717.0,732.0,751,779
2014-08-22,714.0,730.0,726,762
2014-08-23,713.0,728.0,726,726
2014-08-24,713.0,726.0,728,728
2014-08-25,712.0,726.0,727,732
2014-08-26,712.0,726.0,739,742
2014-08-27,711.0,726.0,700,749
2014-08-28,708.0,724.0,655,702
2014-08-29,703.0,720.0,623,668
2014-08-30,699.0,715.0,623,623
2014-08-31,695.0,711.0,624,624
2014-09-01,694.0,710.0,701,701
2014-09-02,692.0,709.0,698,708
2014-09-03,689.0,707.0,638,704
2014-09-04,686.0,705.0,660,680
2014-09-05,680.0,702.0,561,678
2014-09-06,674.0,696.0,561,561
2014-09-07,671.0,690.0,561,561
2014-09-08,666.0,686.0,527,566
2014-09-09,661.0,682.0,531,543
2014-09-10,657.0,678.0,541,544
2014-09-11,652.0,674.0,525,564
2014-09-12,650.0,671.0,530,551
2014-09-13,648.0,668.0,530,530
2014-09-14,647.0,666.0,533,533
2014-09-15,645.0,664.0,601,613
2014-09-16,639.0,659.0,604,613
2014-09-17,633.0,654.0,568,616
2014-09-18,626.0,648.0,544,571
2014-09-19,618.0,641.0,495,548
2014-09-20,609.0,631.0,496,496
2014-09-21,602.0,622.0,496,496
2014-09-22,593.0,615.0,464,508
2014-09-23,585.0,607.0,495,497
2014-09-24,577.0,600.0,498,512
2014-09-25,569.0,592.0,474,504
2014-09-26,561.0,584.0,462,492
2014-09-27,554.0,576.0,462,462
2014-09-28,549.0,569.0,462,462
2014-09-29,543.0,564.0,457,468
2014-09-30,538.0,559.0,475,478
2014-10-01,531.0,552.0,481,489
2014-10-02,523.0,544.0,456,483
2014-10-03,517.0,536.0,452,471
2014-10-04,510.0,529.0,452,452
2014-10-05,506.0,521.0,454,454
2014-10-06,502.0,518.0,428,455
2014-10-07,498.0,514.0,443,454
2014-10-08,495.0,510.0,437,448
2014-10-09,491.0,507.0,405,439
2014-10-10,486.0,503.0,398,420
2014-10-11,482.0,497.0,401,401
2014-10-12,477.0,492.0,401,401
2014-10-13,473.0,488.0,401,401
2014-10-14,469.0,484.0,400,406
2014-10-15,463.0,478.0,416,433
2014-10-16,456.0,472.0,420,432
2014-10-17,451.0,465.0,393,431
2014-10-18,446.0,460.0,394,394
2014-10-19,442.0,454.0,396,396
2014-10-20,439.0,452.0,401,407
2014-10-21,436.0,449.0,403,416
2014-10-22,434.0,446.0,410,415
2014-10-23,431.0,443.0,392,416
2014-10-24,427.0,440.0,384,409
2014-10-25,424.0,436.0,384,384
2014-10-26,421.0,432.0,385,385
2014-10-27,419.0,430.0,383,387
2014-10-28,416.0,427.0,391,398
2014-10-29,415.0,425.0,401,406
2014-10-30,412.0,423.0,403,407
2014-10-31,409.0,421.0,397,417
2014-11-01,407.0,418.0,398,398
2014-11-02,406.0,415.0,399,399
2014-11-03,404.0,414.0,391,408
2014-11-04,401.0,412.0,388,397
2014-11-05,400.0,410.0,384,399
2014-11-06,398.0,408.0,371,386
2014-11-07,395.0,406.0,368,388
2014-11-08,394.0,404.0,369,369
2014-11-09,393.0,402.0,370,370
2014-11-10,391.0,401.0,331,371
2014-11-11,388.0,399.0,331,331
2014-11-12,386.0,397.0,342,350
2014-11-13,385.0,396.0,359,368
2014-11-14,383.0,394.0,349,376
2014-11-15,381.0,391.0,349,349
2014-11-16,379.0,388.0,353,353
2014-11-17,378.0,387.0,349,358
2014-11-18,376.0,386.0,343,358
2014-11-19,374.0,384.0,356,363
2014-11-20,373.0,382.0,350,360
2014-11-21,371.0,381.0,351,362
2014-11-22,369.0,379.0,351,351
2014-11-23,368.0,377.0,352,352
2014-11-24,367.0,376.0,339,352
2014-11-25,365.0,374.0,336,344
2014-11-26,364.0,373.0,358,363
2014-11-27,363.0,372.0,358,358
2014-11-28,361.0,371.0,328,360
2014-11-29,358.0,368.0,328,328
2014-11-30,356.0,365.0,328,328
2014-12-01,354.0,363.0,326,328
2014-12-02,351.0,360.0,315,329
2014-12-03,349.0,358.0,335,337
2014-12-04,347.0,356.0,332,339
2014-12-05,345.0,354.0,322,342
2014-12-06,343.0,352.0,322,322
2014-12-07,342.0,350.0,322,322
2014-12-08,340.0,348.0,316,327
2014-12-09,338.0,347.0,315,320
2014-12-10,338.0,346.0,334,336
2014-12-11,339.0,346.0,339,342
2014-12-12,338.0,346.0,321,357
2014-12-13,337.0,345.0,321,321
2014-12-14,336.0,343.0,321,321
2014-12-15,335.0,342.0,318,323
2014-12-16,333.0,341.0,311,334
2014-12-17,332.0,340.0,307,316
2014-12-18,331.0,339.0,318,325
2014-12-19,329.0,337.0,306,322
2014-12-20,328.0,336.0,306,306
2014-12-21,326.0,334.0,306,306
2014-12-22,324.0,332.0,291,306
2014-12-23,322.0,330.0,289,298
2014-12-24,322.0,331.0,345,361
2014-12-25,323.0,331.0,345,345
2014-12-26,322.0,330.0,343,345
2014-12-27,322.0,330.0,343,343
2014-12-28,322.0,329.0,343,343
2014-12-29,325.0,332.0,407,423
2014-12-30,327.0,335.0,404,412
2014-12-31,333.0,340.0,479,482
2015-01-01,338.0,345.0,479,479
2015-01-02,342.0,350.0,456,481
2015-01-03,346.0,354.0,456,456
2015-01-04,351.0,358.0,456,456
2015-01-05,355.0,362.0,455,463
2015-01-06,361.0,369.0,511,511
2015-01-07,368.0,375.0,518,521
2015-01-08,374.0,382.0,494,520
2015-01-09,379.0,387.0,476,502
2015-01-10,383.0,392.0,476,476
2015-01-11,389.0,396.0,476,476
2015-01-12,394.0,401.0,478,481
2015-01-13,400.0,408.0,523,530
2015-01-14,406.0,416.0,494,553
2015-01-15,412.0,421.0,491,494
2015-01-16,418.0,427.0,480,493
2015-01-17,424.0,432.0,480,480
2015-01-18,429.0,437.0,480,480
2015-01-19,435.0,443.0,480,480
2015-01-20,443.0,451.0,545,547
2015-01-21,451.0,460.0,526,559
2015-01-22,459.0,467.0,522,527
2015-01-23,464.0,473.0,500,544
2015-01-24,469.0,479.0,501,501
2015-01-25,474.0,484.0,501,501
2015-01-26,480.0,490.0,511,517
2015-01-27,486.0,496.0,525,539
2015-01-28,489.0,500.0,511,533
2015-01-29,493.0,503.0,496,512
2015-01-30,493.0,504.0,482,506
2015-01-31,493.0,504.0,483,483
2015-02-01,494.0,504.0,484,484
2015-02-02,493.0,505.0,443,487
2015-02-03,492.0,505.0,433,447
2015-02-04,490.0,504.0,390,444
2015-02-05,486.0,500.0,390,393
2015-02-06,480.0,496.0,315,394
2015-02-07,474.0,489.0,315,315
2015-02-08,468.0,483.0,315,315
2015-02-09,463.0,478.0,312,319
2015-02-10,455.0,472.0,238,317
2015-02-11,447.0,465.0,244,245
2015-02-12,436.0,456.0,182,257
2015-02-13,428.0,446.0,265,266
2015-02-14,420.0,438.0,265,265
2015-02-15,413.0,431.0,269,269
2015-02-16,406.0,424.0,269,269
2015-02-17,402.0,420.0,343,354
2015-02-18,397.0,415.0,332,344
2015-02-19,390.0,408.0,331,335
2015-02-20,383.0,401.0,315,345
2015-02-21,376.0,394.0,315,315
2015-02-22,370.0,386.0,317,317
2015-02-23,363.0,380.0,299,321
2015-02-24,358.0,376.0,351,363
2015-02-25,353.0,370.0,350,353
2015-02-26,346.0,364.0,339,355
2015-02-27,341.0,358.0,353,354
2015-02-28,336.0,353.0,353,353
2015-03-01,332.0,348.0,355,355
2015-03-02,328.0,344.0,346,356
2015-03-03,325.0,341.0,408,413
2015-03-04,324.0,339.0,417,422
2015-03-05,325.0,339.0,460,460
2015-03-06,328.0,341.0,482,497
2015-03-07,331.0,344.0,482,482
2015-03-08,337.0,347.0,483,483
2015-03-09,342.0,353.0,478,491
2015-03-10,347.0,358.0,463,480
2015-03-11,352.0,364.0,467,470
2015-03-12,361.0,369.0,486,488
2015-03-13,368.0,377.0,478,489
2015-03-14,382.0,388.0,582,582
2015-03-15,392.0,399.0,582,582
2015-03-16,402.0,409.0,553,584
2015-03-17,413.0,420.0,594,602
2015-03-18,424.0,432.0,605,611
2015-03-19,434.0,441.0,630,638
2015-03-20,444.0,453.0,638,682
2015-03-21,454.0,463.0,639,639
2015-03-22,465.0,473.0,639,639
2015-03-23,476.0,484.0,642,645
2015-03-24,487.0,495.0,665,670
2015-03-25,499.0,507.0,654,675
2015-03-26,510.0,518.0,663,701
2015-03-27,519.0,529.0,628,674
2015-03-28,528.0,538.0,628,628
2015-03-29,538.0,547.0,628,628
2015-03-30,547.0,557.0,631,632
2015-03-31,560.0,571.0,763,780
2015-04-01,574.0,585.0,767,773
2015-04-02,586.0,597.0,764,794
2015-04-03,599.0,611.0,798,821
2015-04-04,610.0,622.0,798,798
2015-04-05,621.0,632.0,798,798
2015-04-06,630.0,643.0,768,799
2015-04-07,639.0,652.0,732,771
2015-04-08,647.0,660.0,714,742
2015-04-09,655.0,669.0,712,723
2015-04-10,663.0,677.0,720,720
2015-04-11,671.0,685.0,721,721
2015-04-12,679.0,692.0,722,722
2015-04-13,684.0,698.0,730,734
2015-04-14,687.0,703.0,673,734
2015-04-15,691.0,706.0,667,675
2015-04-16,692.0,708.0,614,669
2015-04-17,695.0,711.0,694,698
2015-04-18,697.0,713.0,694,694
2015-04-19,699.0,713.0,694,694
2015-04-20,700.0,715.0,685,704
2015-04-21,700.0,717.0,626,700
2015-04-22,699.0,717.0,630,634
2015-04-23,699.0,717.0,649,661
2015-04-24,700.0,717.0,675,683
2015-04-25,700.0,716.0,675,675
2015-04-26,702.0,716.0,675,675
2015-04-27,703.0,718.0,674,677
2015-04-28,706.0,721.0,702,732
2015-04-29,708.0,724.0,702,712
2015-04-30,705.0,721.0,674,707
2015-05-01,703.0,720.0,723,736
2015-05-02,702.0,718.0,723,723
2015-05-03,700.0,714.0,723,723
2015-05-04,697.0,712.0,714,729
2015-05-05,694.0,710.0,713,727
2015-05-06,692.0,707.0,713,721
2015-05-07,691.0,705.0,693,716
2015-05-08,690.0,706.0,700,750
2015-05-09,690.0,705.0,700,700
2015-05-10,689.0,704.0,701,701
2015-05-11,688.0,704.0,697,702
2015-05-12,688.0,703.0,704,718
2015-05-13,687.0,703.0,707,715
2015-05-14,688.0,702.0,689,713
2015-05-15,690.0,704.0,735,745
2015-05-16,694.0,707.0,735,735
2015-05-17,695.0,708.0,735,735
2015-05-18,696.0,710.0,726,768
2015-05-19,698.0,712.0,732,740
2015-05-20,699.0,713.0,734,743
2015-05-21,704.0,715.0,752,755
2015-05-22,708.0,721.0,759,803
2015-05-23,712.0,724.0,761,761
2015-05-24,714.0,727.0,761,761
2015-05-25,717.0,729.0,761,761
2015-05-26,720.0,733.0,746,768
2015-05-27,722.0,735.0,754,758
2015-05-28,724.0,736.0,752,755
2015-05-29,726.0,738.0,754,769
2015-05-30,728.0,740.0,754,754
2015-05-31,730.0,740.0,757,757
2015-06-01,731.0,742.0,774,780
2015-06-02,732.0,744.0,751,779
2015-06-03,735.0,747.0,804,811
2015-06-04,738.0,749.0,798,810
2015-06-05,741.0,752.0,799,812
2015-06-06,744.0,755.0,799,799
2015-06-07,748.0,757.0,799,799
2015-06-08,750.0,761.0,767,820
2015-06-09,752.0,763.0,761,774
2015-06-10,754.0,766.0,764,767
2015-06-11,756.0,767.0,766,771
2015-06-12,758.0,769.0,770,776
2015-06-13,761.0,771.0,770,770
2015-06-14,762.0,772.0,771,771
2015-06-15,762.0,773.0,741,776
2015-06-16,763.0,775.0,764,771
2015-06-17,765.0,775.0,763,770
2015-06-18,766.0,776.0,766,772
2015-06-19,767.0,778.0,782,806
2015-06-20,768.0,779.0,783,783
2015-06-21,769.0,778.0,783,783
2015-06-22,770.0,779.0,781,797
2015-06-23,770.0,780.0,775,786
2015-06-24,771.0,781.0,772,777
2015-06-25,771.0,781.0,770,779
2015-06-26,772.0,782.0,774,787
2015-06-27,773.0,783.0,774,774
2015-06-28,774.0,783.0,775,775
2015-06-29,774.0,784.0,759,776
2015-06-30,774.0,784.0,757,761
2015-07-01,772.0,783.0,723,772
2015-07-02,771.0,782.0,710,725
2015-07-03,768.0,778.0,710,710
2015-07-04,765.0,775.0,717,717
2015-07-05,762.0,772.0,717,717
2015-07-06,760.0,770.0,728,732
2015-07-07,757.0,768.0,721,748
2015-07-08,756.0,765.0,724,730
2015-07-09,754.0,764.0,712,727
2015-07-10,752.0,762.0,708,717
2015-07-11,750.0,760.0,710,710
2015-07-12,748.0,758.0,710,710
2015-07-13,746.0,756.0,696,714
2015-07-14,744.0,754.0,702,707
2015-07-15,742.0,751.0,690,705
2015-07-16,739.0,749.0,673,715
2015-07-17,736.0,747.0,668,687
2015-07-18,732.0,743.0,668,668
2015-07-19,729.0,739.0,670,670
2015-07-20,724.0,735.0,651,673
2015-07-21,720.0,731.0,645,657
2015-07-22,716.0,727.0,659,676
2015-07-23,712.0,723.0,657,662
2015-07-24,710.0,722.0,735,746
2015-07-25,709.0,720.0,737,737
2015-07-26,708.0,718.0,737,737
2015-07-27,706.0,717.0,720,737
2015-07-28,704.0,716.0,704,723
2015-07-29,702.0,713.0,697,707
2015-07-30,700.0,711.0,689,697
2015-07-31,698.0,709.0,679,702
2015-08-01,697.0,707.0,679,679
2015-08-02,696.0,706.0,679,679
2015-08-03,694.0,705.0,658,683
2015-08-04,692.0,703.0,656,662
2015-08-05,689.0,701.0,629,662
2015-08-06,685.0,697.0,614,630
2015-08-07,682.0,693.0,619,623
2015-08-08,679.0,690.0,619,619
2015-08-09,676.0,687.0,619,619
2015-08-10,672.0,684.0,613,624
2015-08-11,669.0,681.0,610,618
2015-08-12,670.0,682.0,720,742
2015-08-13,670.0,682.0,715,721
2015-08-14,671.0,683.0,703,722
2015-08-15,672.0,682.0,703,703
2015-08-16,673.0,683.0,703,703
2015-08-17,674.0,684.0,701,709
2015-08-18,675.0,685.0,702,710
2015-08-19,678.0,688.0,748,755
2015-08-20,682.0,691.0,745,753
2015-08-21,684.0,694.0,732,749
2015-08-22,687.0,696.0,732,732
2015-08-23,686.0,696.0,732,732
2015-08-24,686.0,696.0,723,733
2015-08-25,686.0,695.0,724,731
2015-08-26,688.0,697.0,778,797
2015-08-27,690.0,699.0,764,779
2015-08-28,691.0,702.0,742,777
2015-08-29,693.0,703.0,742,742
2015-08-30,695.0,704.0,742,742
2015-08-31,697.0,706.0,730,743
2015-09-01,698.0,708.0,713,731
2015-09-02,699.0,709.0,703,719
2015-09-03,700.0,711.0,694,708
2015-09-04,704.0,715.0,747,770
2015-09-05,709.0,718.0,747,747
2015-09-06,713.0,723.0,747,747
2015-09-07,717.0,727.0,748,749
2015-09-08,721.0,731.0,732,749
2015-09-09,725.0,735.0,724,734
2015-09-10,728.0,738.0,690,726
2015-09-11,728.0,740.0,727,778
2015-09-12,728.0,740.0,727,727
2015-09-13,729.0,740.0,728,728
2015-09-14,730.0,741.0,725,735
2015-09-15,731.0,742.0,731,733
2015-09-16,732.0,743.0,730,736
2015-09-17,732.0,744.0,727,730
2015-09-18,731.0,743.0,702,733
2015-09-19,730.0,741.0,702,702
2015-09-20,729.0,740.0,703,703
2015-09-21,728.0,739.0,703,707
2015-09-22,727.0,738.0,704,708
2015-09-23,727.0,739.0,734,750
2015-09-24,728.0,740.0,764,781
2015-09-25,728.0,740.0,765,781
2015-09-26,728.0,739.0,765,765
2015-09-27,729.0,739.0,765,765
2015-09-28,729.0,740.0,763,766
2015-09-29,730.0,740.0,758,764
2015-09-30,731.0,741.0,753,764
2015-10-01,732.0,742.0,745,753
2015-10-02,733.0,743.0,728,755
2015-10-03,734.0,744.0,729,729
2015-10-04,733.0,742.0,729,729
2015-10-05,733.0,742.0,733,738
2015-10-06,732.0,742.0,717,738
2015-10-07,732.0,742.0,758,763
2015-10-08,733.0,743.0,751,758
2015-10-09,733.0,743.0,728,758
2015-10-10,734.0,744.0,728,728
2015-10-11,734.0,742.0,728,728
2015-10-12,734.0,742.0,728,728
2015-10-13,734.0,742.0,721,732
2015-10-14,733.0,742.0,712,726
2015-10-15,732.0,741.0,679,714
2015-10-16,730.0,740.0,692,715
2015-10-17,729.0,739.0,694,694
2015-10-18,729.0,738.0,694,694
2015-10-19,729.0,738.0,688,701
2015-10-20,727.0,737.0,663,691
2015-10-21,726.0,736.0,660,671
2015-10-22,724.0,735.0,639,662
2015-10-23,718.0,731.0,555,643
2015-10-24,711.0,724.0,555,555
2015-10-25,704.0,716.0,555,555
2015-10-26,697.0,709.0,550,558
2015-10-27,689.0,702.0,546,557
2015-10-28,680.0,695.0,488,550
2015-10-29,671.0,686.0,485,490
2015-10-30,666.0,681.0,609,629
2015-10-31,661.0,677.0,593,609
2015-11-01,657.0,671.0,593,593
2015-11-02,654.0,669.0,652,658
2015-11-03,650.0,666.0,608,658
2015-11-04,644.0,662.0,554,611
2015-11-05,638.0,656.0,543,560
2015-11-06,634.0,652.0,614,640
2015-11-07,629.0,647.0,614,614
2015-11-08,625.0,643.0,614,614
2015-11-09,621.0,639.0,608,618
2015-11-10,619.0,637.0,653,659
2015-11-11,616.0,634.0,652,653
2015-11-12,613.0,632.0,638,655
2015-11-13,610.0,629.0,621,645
2015-11-14,608.0,626.0,621,621
2015-11-15,606.0,623.0,621,621
2015-11-16,603.0,620.0,612,624
2015-11-17,600.0,618.0,605,615
2015-11-18,597.0,615.0,601,618
2015-11-19,595.0,612.0,596,605
2015-11-20,593.0,610.0,596,606
2015-11-21,592.0,608.0,598,598
2015-11-22,593.0,606.0,598,598
2015-11-23,594.0,608.0,583,601
2015-11-24,595.0,609.0,588,591
2015-11-25,596.0,610.0,566,597
2015-11-26,596.0,611.0,566,566
2015-11-27,599.0,611.0,567,569
2015-11-28,602.0,614.0,567,567
2015-11-29,600.0,612.0,567,567
2015-11-30,599.0,610.0,544,569
2015-12-01,597.0,609.0,537,548
2015-12-02,593.0,605.0,530,540
2015-12-03,591.0,601.0,551,554
2015-12-04,589.0,600.0,505,560
2015-12-05,588.0,598.0,505,505
2015-12-06,584.0,593.0,505,505
2015-12-07,584.0,593.0,596,602
2015-12-08,586.0,596.0,690,702
2015-12-09,589.0,598.0,686,691
2015-12-10,590.0,600.0,694,714
2015-12-11,592.0,602.0,691,703
2015-12-12,593.0,603.0,691,691
2015-12-13,596.0,605.0,691,691
2015-12-14,598.0,607.0,691,696
2015-12-15,600.0,610.0,682,696
2015-12-16,602.0,612.0,659,685
2015-12-17,603.0,613.0,645,663
2015-12-18,604.0,615.0,649,662
2015-12-19,606.0,616.0,649,649
2015-12-20,608.0,618.0,649,649
2015-12-21,609.0,619.0,637,652
2015-12-22,610.0,621.0,614,639
2015-12-23,610.0,622.0,600,640
2015-12-24,611.0,623.0,604,605
2015-12-25,612.0,623.0,604,604
2015-12-26,613.0,624.0,604,604
2015-12-27,615.0,625.0,604,604
2015-12-28,616.0,626.0,591,605
2015-12-29,616.0,627.0,588,593
2015-12-30,619.0,630.0,637,650
2015-12-31,623.0,633.0,636,642
2016-01-01,626.0,636.0,636,636
2016-01-02,629.0,639.0,635,636
2016-01-03,633.0,642.0,635,635
2016-01-04,637.0,646.0,604,635
2016-01-05,640.0,649.0,600,606
2016-01-06,620.0,649.0,0,600
2016-01-07,597.0,626.0,0,0
2016-01-08,574.0,603.0,0,0
2016-01-09,551.0,579.0,0,0
2016-01-10,528.0,556.0,0,0
2016-01-11,505.0,533.0,0,0
2016-01-12,482.0,510.0,0,0
2016-01-13,459.0,486.0,0,0
2016-01-14,436.0,463.0,0,0
2016-01-15,414.0,440.0,0,0
2016-01-16,393.0,418.0,0,0
2016-01-17,371.0,396.0,0,0
2016-01-18,349.0,374.0,0,0
2016-01-19,328.0,353.0,0,0
2016-01-20,306.0,331.0,0,0
2016-01-21,286.0,310.0,0,0
2016-01-22,266.0,288.0,0,0
2016-01-23,246.0,268.0,0,0
2016-01-24,226.0,248.0,0,0
2016-01-25,206.0,228.0,0,0
2016-01-26,185.0,208.0,0,0
2016-01-27,166.0,188.0,0,0
2016-01-28,146.0,168.0,0,0
2016-01-29,125.0,146.0,0,0
2016-01-30,104.0,125.0,0,0
2016-01-31,82.0,104.0,0,0
2016-02-01,61.0,83.0,0,0
2016-02-02,40.0,61.0,0,0
2016-02-03,20.0,40.0,0,0
2016-02-04,0.0,20.0,0,0
2016-02-05,0.0,0.0,0,0
2016-02-06,0.0,0.0,0,0
2016-02-07,0.0,0.0,0,0
2016-02-08,0.0,0.0,0,0
2016-02-09,0.0,0.0,0,0
2016-02-10,0.0,0.0,0,0
2016-02-11,0.0,0.0,0,0
2016-02-12,0.0,0.0,0,0
2016-02-13,0.0,0.0,0,0
2016-02-14,0.0,0.0,0,0
2016-02-15,0.0,0.0,0,0
2016-02-16,0.0,0.0,0,0
2016-02-17,0.0,0.0,0,0
2016-02-18,0.0,0.0,0,0
2016-02-19,0.0,0.0,0,0
2016-02-20,0.0,0.0,0,0
2016-02-21,0.0,0.0,0,0
2016-02-22,0.0,0.0,0,0
2016-02-23,0.0,0.0,0,0
2016-02-24,0.0,0.0,0,0
2016-02-25,0.0,0.0,0,0
2016-02-26,0.0,0.0,0,0
2016-02-27,0.0,0.0,0,0
2016-02-28,0.0,0.0,0,0
2016-02-29,0.0,0.0,0,0
2016-03-01,0.0,0.0,0,0
2016-03-02,0.0,0.0,0,0
2016-03-03,0.0,0.0,0,0
2016-03-04,0.0,0.0,0,0
2016-03-05,0.0,0.0,0,0
2016-03-06,0.0,0.0,0,0
2016-03-07,0.0,0.0,0,0
2016-03-08,0.0,0.0,0,0
2016-03-09,0.0,0.0,0,0
2016-03-10,0.0,0.0,0,0
2016-03-11,0.0,0.0,0,0
2016-03-12,0.0,0.0,0,0
2016-03-13,0.0,0.0,0,0
2016-03-14,0.0,0.0,0,0
2016-03-15,0.0,0.0,0,0
2016-03-16,0.0,0.0,0,0
2016-03-17,0.0,0.0,0,0
2016-03-18,0.0,0.0,0,0
2016-03-19,0.0,0.0,0,0
2016-03-20,0.0,0.0,0,0
2016-03-21,0.0,0.0,0,0
2016-03-22,0.0,0.0,0,0
2016-03-23,0.0,0.0,0,0
2016-03-24,0.0,0.0,0,0
2016-03-25,0.0,0.0,0,0
2016-03-26,0.0,0.0,0,0
2016-03-27,0.0,0.0,0,0
2016-03-28,0.0,0.0,0,0
2016-03-29,0.0,0.0,0,0
2016-03-30,0.0,0.0,0,0
2016-03-31,0.0,0.0,0,0
2016-04-01,0.0,0.0,0,0
2016-04-02,0.0,0.0,0,0
2016-04-03,0.0,0.0,0,0
2016-04-04,0.0,0.0,0,0
2016-04-05,0.0,0.0,0,0
2016-04-06,0.0,0.0,0,0
2016-04-07,0.0,0.0,0,0
2016-04-08,0.0,0.0,0,0
2016-04-09,0.0,0.0,0,0
2016-04-10,0.0,0.0,0,0
2016-04-11,0.0,0.0,0,0
2016-04-12,0.0,0.0,0,0
2016-04-13,0.0,0.0,0,0
2016-04-14,0.0,0.0,0,0
2016-04-15,0.0,0.0,0,0
2016-04-16,0.0,0.0,0,0
2016-04-17,0.0,0.0,0,0
2016-04-18,0.0,0.0,0,0
2016-04-19,0.0,0.0,0,0
2016-04-20,0.0,0.0,0,0
2016-04-21,0.0,0.0,0,0
2016-04-22,0.0,0.0,0,0
2016-04-23,0.0,0.0,0,0
2016-04-24,0.0,0.0,0,0
2016-04-25,0.0,0.0,0,0
2016-04-26,0.0,0.0,0,0
2016-04-27,0.0,0.0,0,0
2016-04-28,0.0,0.0,0,0
2016-04-29,0.0,0.0,0,0
2016-04-30,0.0,0.0,0,0
2016-05-01,0.0,0.0,0,0
2016-05-02,0.0,0.0,0,0
2016-05-03,0.0,0.0,0,0
2016-05-04,0.0,0.0,0,0
2016-05-05,0.0,0.0,0,0
2016-05-06,0.0,0.0,0,0
2016-05-07,0.0,0.0,0,0
2016-05-08,0.0,0.0,0,0
2016-05-09,0.0,0.0,0,0
2016-05-10,0.0,0.0,0,0
2016-05-11,0.0,0.0,0,0
2016-05-12,0.0,0.0,0,0
2016-05-13,0.0,0.0,0,0
2016-05-14,0.0,0.0,0,0
2016-05-15,0.0,0.0,0,0
2016-05-16,0.0,0.0,0,0
2016-05-17,0.0,0.0,0,0
2016-05-18,0.0,0.0,0,0
2016-05-19,0.0,0.0,0,0
2016-05-20,0.0,0.0,0,0
2016-05-21,0.0,0.0,0,0
2016-05-22,0.0,0.0,0,0
2016-05-23,0.0,0.0,0,0
2016-05-24,0.0,0.0,0,0
2016-05-25,0.0,0.0,0,0
2016-05-26,0.0,0.0,0,0
2016-05-27,0.0,0.0,0,0
2016-05-28,0.0,0.0,0,0
2016-05-29,0.0,0.0,0,0
2016-05-30,0.0,0.0,0,0
2016-05-31,0.0,0.0,0,0
2016-06-01,0.0,0.0,0,0
2016-06-02,0.0,0.0,0,0
2016-06-03,0.0,0.0,0,0
2016-06-04,0.0,0.0,0,0
2016-06-05,0.0,0.0,0,0
2016-06-06,0.0,0.0,0,0
2016-06-07,0.0,0.0,0,0
2016-06-08,0.0,0.0,0,0
2016-06-09,0.0,0.0,0,0
2016-06-10,0.0,0.0,0,0
2016-06-11,0.0,0.0,0,0
2016-06-12,0.0,0.0,0,0
2016-06-13,0.0,0.0,0,0
2016-06-14,0.0,0.0,0,0
2016-06-15,0.0,0.0,0,0
2016-06-16,0.0,0.0,0,0
2016-06-17,0.0,0.0,0,0
2016-06-18,0.0,0.0,0,0
2016-06-19,0.0,0.0,0,0
2016-06-20,0.0,0.0,0,0
2016-06-21,0.0,0.0,0,0
2016-06-22,0.0,0.0,0,0
2016-06-23,0.0,0.0,0,0
2016-06-24,0.0,0.0,0,0
2016-06-25,0.0,0.0,0,0
2016-06-26,0.0,0.0,0,0
2016-06-27,0.0,0.0,0,0
2016-06-28,0.0,0.0,0,0
2016-06-29,0.0,0.0,0,0
2016-06-30,0.0,0.0,0,0
2016-07-01,0.0,0.0,0,0
2016-07-02,0.0,0.0,0,0
2016-07-03,0.0,0.0,0,0
2016-07-04,0.0,0.0,0,0
2016-07-05,0.0,0.0,0,0
2016-07-06,0.0,0.0,0,0
2016-07-07,0.0,0.0,0,0
2016-07-08,0.0,0.0,0,0
2016-07-09,0.0,0.0,0,0
2016-07-10,0.0,0.0,0,0
2016-07-11,0.0,0.0,0,0
2016-07-12,0.0,0.0,0,0
2016-07-13,0.0,0.0,0,0
2016-07-14,0.0,0.0,0,0
2016-07-15,0.0,0.0,0,0
2016-07-16,0.0,0.0,0,0
2016-07-17,0.0,0.0,0,0
2016-07-18,0.0,0.0,0,0
2016-07-19,0.0,0.0,0,0
2016-07-20,0.0,0.0,0,0
2016-07-21,0.0,0.0,0,0
2016-07-22,0.0,0.0,0,0
2016-07-23,0.0,0.0,0,0
2016-07-24,0.0,0.0,0,0
2016-07-25,0.0,0.0,0,0
2016-07-26,0.0,0.0,0,0
2016-07-27,0.0,0.0,0,0
2016-07-28,0.0,0.0,0,0
2016-07-29,0.0,0.0,0,0
2016-07-30,0.0,0.0,0,0
2016-07-31,0.0,0.0,0,0
2016-08-01,0.0,0.0,0,0
2016-08-02,0.0,0.0,0,0
2016-08-03,0.0,0.0,0,0
2016-08-04,0.0,0.0,0,0
2016-08-05,0.0,0.0,0,0
2016-08-06,0.0,0.0,0,0
2016-08-07,0.0,0.0,0,0
2016-08-08,0.0,0.0,0,0
2016-08-09,0.0,0.0,0,0
2016-08-10,0.0,0.0,0,0
2016-08-11,0.0,0.0,0,0
2016-08-12,0.0,0.0,0,0
2016-08-13,0.0,0.0,0,0
2016-08-14,0.0,0.0,0,0
2016-08-15,0.0,0.0,0,0
2016-08-16,0.0,0.0,0,0
2016-08-17,0.0,0.0,0,0
2016-08-18,0.0,0.0,0,0
2016-08-19,0.0,0.0,0,0
2016-08-20,0.0,0.0,0,0
2016-08-21,0.0,0.0,0,0
2016-08-22,0.0,0.0,0,0
2016-08-23,0.0,0.0,0,0
2016-08-24,0.0,0.0,0,0
2016-08-25,0.0,0.0,0,0
2016-08-26,0.0,0.0,0,0
2016-08-27,0.0,0.0,0,0
2016-08-28,0.0,0.0,0,0
2016-08-29,0.0,0.0,0,0
2016-08-30,0.0,0.0,0,0
2016-08-31,0.0,0.0,0,0
2016-09-01,0.0,0.0,0,0
2016-09-02,0.0,0.0,0,0
2016-09-03,0.0,0.0,0,0
2016-09-04,0.0,0.0,0,0
2016-09-05,0.0,0.0,0,0
2016-09-06,0.0,0.0,0,0
2016-09-07,0.0,0.0,0,0
2016-09-08,0.0,0.0,0,0
2016-09-09,0.0,0.0,0,0
2016-09-10,0.0,0.0,0,0
2016-09-11,0.0,0.0,0,0
2016-09-12,0.0,0.0,0,0
2016-09-13,0.0,0.0,0,0
2016-09-14,0.0,0.0,0,0
2016-09-15,0.0,0.0,0,0
2016-09-16,0.0,0.0,0,0
2016-09-17,0.0,0.0,0,0
2016-09-18,0.0,0.0,0,0
2016-09-19,0.0,0.0,0,0
2016-09-20,0.0,0.0,0,0
2016-09-21,0.0,0.0,0,0
2016-09-22,0.0,0.0,0,0
2016-09-23,0.0,0.0,0,0
2016-09-24,0.0,0.0,0,0
2016-09-25,0.0,0.0,0,0
2016-09-26,0.0,0.0,0,0
2016-09-27,0.0,0.0,0,0
2016-09-28,0.0,0.0,0,0
2016-09-29,0.0,0.0,0,0
2016-09-30,0.0,0.0,0,0
2016-10-01,0.0,0.0,0,0
2016-10-02,0.0,0.0,0,0
2016-10-03,0.0,0.0,0,0
2016-10-04,0.0,0.0,0,0
2016-10-05,0.0,0.0,0,0
2016-10-06,0.0,0.0,0,0
2016-10-07,0.0,0.0,0,0
2016-10-08,0.0,0.0,0,0
2016-10-09,0.0,0.0,0,0
2016-10-10,0.0,0.0,0,0
2016-10-11,0.0,0.0,0,0
2016-10-12,0.0,0.0,0,0
2016-10-13,0.0,0.0,0,0
2016-10-14,0.0,0.0,0,0
2016-10-15,0.0,0.0,0,0
2016-10-16,0.0,0.0,0,0
2016-10-17,0.0,0.0,0,0
2016-10-18,0.0,0.0,0,0
2016-10-19,0.0,0.0,0,0
2016-10-20,0.0,0.0,0,0
2016-10-21,0.0,0.0,0,0
2016-10-22,0.0,0.0,0,0
2016-10-23,0.0,0.0,0,0
2016-10-24,0.0,0.0,0,0
2016-10-25,0.0,0.0,0,0
2016-10-26,0.0,0.0,0,0
2016-10-27,0.0,0.0,0,0
2016-10-28,0.0,0.0,0,0
2016-10-29,0.0,0.0,0,0
2016-10-30,0.0,0.0,0,0
2016-10-31,0.0,0.0,0,0
2016-11-01,0.0,0.0,0,0
2016-11-02,0.0,0.0,0,0
2016-11-03,0.0,0.0,0,0
2016-11-04,0.0,0.0,0,0
2016-11-05,0.0,0.0,0,0
2016-11-06,0.0,0.0,0,0
2016-11-07,0.0,0.0,0,0
2016-11-08,0.0,0.0,0,0
2016-11-09,0.0,0.0,0,0
2016-11-10,0.0,0.0,0,0
2016-11-11,0.0,0.0,0,0
2016-11-12,0.0,0.0,0,0
2016-11-13,0.0,0.0,0,0
2016-11-14,0.0,0.0,0,0
2016-11-15,0.0,0.0,0,0
2016-11-16,0.0,0.0,0,0
2016-11-17,0.0,0.0,0,0
2016-11-18,0.0,0.0,0,0
2016-11-19,0.0,0.0,0,0
2016-11-20,0.0,0.0,0,0
2016-11-21,0.0,0.0,0,0
2016-11-22,0.0,0.0,0,0
2016-11-23,0.0,0.0,0,0
2016-11-24,0.0,0.0,0,0
2016-11-25,0.0,0.0,0,0
2016-11-26,0.0,0.0,0,0
2016-11-27,0.0,0.0,0,0
2016-11-28,0.0,0.0,0,0
2016-11-29,0.0,0.0,0,0
2016-11-30,0.0,0.0,0,0
2016-12-01,0.0,0.0,0,0
2016-12-02,0.0,0.0,0,0
2016-12-03,0.0,0.0,0,0
2016-12-04,0.0,0.0,0,0
2016-12-05,0.0,0.0,0,0
2016-12-06,0.0,0.0,0,0
2016-12-07,0.0,0.0,0,0
2016-12-08,0.0,0.0,0,0
2016-12-09,0.0,0.0,0,0
2016-12-10,0.0,0.0,0,0
2016-12-11,0.0,0.0,0,0
2016-12-12,0.0,0.0,0,0
2016-12-13,0.0,0.0,0,0
2016-12-14,0.0,0.0,0,0
2016-12-15,0.0,0.0,0,0
2016-12-16,0.0,0.0,0,0
2016-12-17,0.0,0.0,0,0
2016-12-18,0.0,0.0,0,0
2016-12-19,0.0,0.0,0,0
2016-12-20,0.0,0.0,0,0
2016-12-21,0.0,0.0,0,0
2016-12-22,0.0,0.0,0,0
2016-12-23,0.0,0.0,0,0
2016-12-24,0.0,0.0,0,0
2016-12-25,0.0,0.0,0,0
2016-12-26,0.0,0.0,0,0
2016-12-27,0.0,0.0,0,0
2016-12-28,0.0,0.0,0,0
2016-12-29,0.0,0.0,0,0
2016-12-30,0.0,0.0,0,0
2016-12-31,0.0,0.0,0,0
2017-01-01,0.0,0.0,0,0
2017-01-02,0.0,0.0,0,0
2017-01-03,0.0,0.0,0,0
2017-01-04,0.0,0.0,0,0
2017-01-05,0.0,0.0,0,0
2017-01-06,0.0,0.0,0,0
2017-01-07,0.0,0.0,0,0
2017-01-08,0.0,0.0,0,0
2017-01-09,0.0,0.0,0,0
2017-01-10,0.0,0.0,0,0
2017-01-11,0.0,0.0,0,0
2017-01-12,0.0,0.0,0,0
2017-01-13,0.0,0.0,0,0
2017-01-14,0.0,0.0,0,0
2017-01-15,0.0,0.0,0,0
2017-01-16,0.0,0.0,0,0
2017-01-17,0.0,0.0,0,0
2017-01-18,0.0,0.0,0,0
2017-01-19,0.0,0.0,0,0
2017-01-20,0.0,0.0,0,0
2017-01-21,0.0,0.0,0,0
2017-01-22,0.0,0.0,0,0
2017-01-23,0.0,0.0,0,0
2017-01-24,0.0,0.0,0,0
2017-01-25,0.0,0.0,0,0
2017-01-26,0.0,0.0,0,0
2017-01-27,0.0,0.0,0,0
2017-01-28,0.0,0.0,0,0
2017-01-29,0.0,0.0,0,0
2017-01-30,0.0,0.0,0,0
2017-01-31,0.0,0.0,0,0
2017-02-01,0.0,0.0,0,0
2017-02-02,0.0,0.0,0,0
2017-02-03,0.0,0.0,0,0
2017-02-04,0.0,0.0,0,0
2017-02-05,0.0,0.0,0,0
2017-02-06,0.0,0.0,0,0
2017-02-07,0.0,0.0,0,0
2017-02-08,0.0,0.0,0,0
2017-02-09,0.0,0.0,0,0
2017-02-10,0.0,0.0,0,0
2017-02-11,0.0,0.0,0,0
2017-02-12,0.0,0.0,0,0
2017-02-13,0.0,0.0,0,0
2017-02-14,0.0,0.0,0,0
2017-02-15,0.0,0.0,0,0
2017-02-16,0.0,0.0,0,0
2017-02-17,0.0,0.0,0,0
2017-02-18,0.0,0.0,0,0
2017-02-19,0.0,0.0,0,0
2017-02-20,0.0,0.0,0,0
2017-02-21,0.0,0.0,0,0
2017-02-22,0.0,0.0,0,0
2017-02-23,0.0,0.0,0,0
2017-02-24,0.0,0.0,0,0
2017-02-25,0.0,0.0,0,0
2017-02-26,0.0,0.0,0,0
2017-02-27,0.0,0.0,0,0
2017-02-28,0.0,0.0,0,0
2017-03-01,0.0,0.0,0,0
2017-03-02,0.0,0.0,0,0
2017-03-03,0.0,0.0,0,0
2017-03-04,0.0,0.0,0,0
2017-03-05,0.0,0.0,0,0
2017-03-06,0.0,0.0,0,0
2017-03-07,0.0,0.0,0,0
2017-03-08,0.0,0.0,0,0
2017-03-09,0.0,0.0,0,0
2017-03-10,0.0,0.0,0,0
2017-03-11,0.0,0.0,0,0
2017-03-12,0.0,0.0,0,0
2017-03-13,0.0,0.0,0,0
2017-03-14,0.0,0.0,0,0
2017-03-15,0.0,0.0,0,0
2017-03-16,0.0,0.0,0,0
2017-03-17,0.0,0.0,0,0
2017-03-18,0.0,0.0,0,0
2017-03-19,0.0,0.0,0,0
2017-03-20,0.0,0.0,0,0
2017-03-21,0.0,0.0,0,0
2017-03-22,0.0,0.0,0,0
2017-03-23,0.0,0.0,0,0
2017-03-24,0.0,0.0,0,0
2017-03-25,0.0,0.0,0,0
2017-03-26,0.0,0.0,0,0
2017-03-27,0.0,0.0,0,0
2017-03-28,0.0,0.0,0,0
2017-03-29,0.0,0.0,0,0
2017-03-30,0.0,0.0,0,0
2017-03-31,0.0,0.0,0,0
2017-04-01,0.0,0.0,0,0
2017-04-02,0.0,0.0,0,0
2017-04-03,0.0,0.0,0,0
2017-04-04,0.0,0.0,0,0
2017-04-05,0.0,0.0,0,0
2017-04-06,0.0,0.0,0,0
2017-04-07,0.0,0.0,0,0
2017-04-08,0.0,0.0,0,0
2017-04-09,0.0,0.0,0,0
2017-04-10,0.0,0.0,0,0
2017-04-11,0.0,0.0,0,0
2017-04-12,0.0,0.0,0,0
2017-04-13,0.0,0.0,0,0
2017-04-14,0.0,0.0,0,0
2017-04-15,0.0,0.0,0,0
2017-04-16,0.0,0.0,0,0
2017-04-17,0.0,0.0,0,0
2017-04-18,0.0,0.0,0,0
2017-04-19,0.0,0.0,0,0
2017-04-20,0.0,0.0,0,0
2017-04-21,0.0,0.0,0,0
2017-04-22,0.0,0.0,0,0
2017-04-23,0.0,0.0,0,0
2017-04-24,0.0,0.0,0,0
2017-04-25,0.0,0.0,0,0
2017-04-26,0.0,0.0,0,0
2017-04-27,0.0,0.0,0,0
2017-04-28,0.0,0.0,0,0
2017-04-29,0.0,0.0,0,0
2017-04-30,0.0,0.0,0,0
2017-05-01,0.0,0.0,0,0
2017-05-02,0.0,0.0,0,0
2017-05-03,0.0,0.0,0,0
2017-05-04,0.0,0.0,0,0
2017-05-05,0.0,0.0,0,0
2017-05-06,0.0,0.0,0,0
2017-05-07,0.0,0.0,0,0
2017-05-08,0.0,0.0,0,0
2017-05-09,0.0,0.0,0,0
2017-05-10,0.0,0.0,0,0
2017-05-11,0.0,0.0,0,0
2017-05-12,0.0,0.0,0,0
2017-05-13,0.0,0.0,0,0
2017-05-14,0.0,0.0,0,0
2017-05-15,0.0,0.0,0,0
2017-05-16,0.0,0.0,0,0
2017-05-17,0.0,0.0,0,0
2017-05-18,0.0,0.0,0,0
2017-05-19,0.0,0.0,0,0
2017-05-20,0.0,0.0,0,0
2017-05-21,0.0,0.0,0,0
2017-05-22,0.0,0.0,0,0
2017-05-23,0.0,0.0,0,0
2017-05-24,0.0,0.0,0,0
2017-05-25,0.0,0.0,0,0
2017-05-26,0.0,0.0,0,0
2017-05-27,0.0,0.0,0,0
2017-05-28,0.0,0.0,0,0
2017-05-29,0.0,0.0,0,0
2017-05-30,0.0,0.0,0,0
2017-05-31,0.0,0.0,0,0
2017-06-01,0.0,0.0,0,0
2017-06-02,0.0,0.0,0,0
2017-06-03,0.0,0.0,0,0
2017-06-04,0.0,0.0,0,0
2017-06-05,0.0,0.0,0,0
2017-06-06,0.0,0.0,0,0
2017-06-07,0.0,0.0,0,0
2017-06-08,0.0,0.0,0,0
2017-06-09,0.0,0.0,0,0
2017-06-10,0.0,0.0,0,0
2017-06-11,0.0,0.0,0,0
2017-06-12,0.0,0.0,0,0
2017-06-13,0.0,0.0,0,0
2017-06-14,0.0,0.0,0,0
2017-06-15,0.0,0.0,0,0
2017-06-16,0.0,0.0,0,0
2017-06-17,0.0,0.0,0,0
2017-06-18,0.0,0.0,0,0
2017-06-19,0.0,0.0,0,0
2017-06-20,0.0,0.0,0,0
2017-06-21,0.0,0.0,0,0
2017-06-22,0.0,0.0,0,0
2017-06-23,0.0,0.0,0,0
2017-06-24,0.0,0.0,0,0
2017-06-25,0.0,0.0,0,0
2017-06-26,0.0,0.0,0,0
2017-06-27,0.0,0.0,0,0
2017-06-28,0.0,0.0,0,0
2017-06-29,0.0,0.0,0,0
2017-06-30,0.0,0.0,0,0
2017-07-01,0.0,0.0,0,0
2017-07-02,0.0,0.0,0,0
2017-07-03,0.0,0.0,0,0
2017-07-04,0.0,0.0,0,0
2017-07-05,0.0,0.0,0,0
2017-07-06,0.0,0.0,0,0
2017-07-07,0.0,0.0,0,0
2017-07-08,0.0,0.0,0,0
2017-07-09,0.0,0.0,0,0
2017-07-10,0.0,0.0,0,0
2017-07-11,0.0,0.0,0,0
2017-07-12,0.0,0.0,0,0
2017-07-13,0.0,0.0,0,0
2017-07-14,0.0,0.0,0,0
2017-07-15,0.0,0.0,0,0
2017-07-16,0.0,0.0,0,0
2017-07-17,0.0,0.0,0,0
2017-07-18,0.0,0.0,0,0
2017-07-19,0.0,0.0,0,0
2017-07-20,0.0,0.0,0,0
2017-07-21,0.0,0.0,0,0
2017-07-22,0.0,0.0,0,0
2017-07-23,0.0,0.0,0,0
2017-07-24,0.0,0.0,0,0
2017-07-25,0.0,0.0,0,0
2017-07-26,0.0,0.0,0,0
2017-07-27,0.0,0.0,0,0
2017-07-28,0.0,0.0,0,0
2017-07-29,0.0,0.0,0,0
2017-07-30,0.0,0.0,0,0
2017-07-31,0.0,0.0,0,0
2017-08-01,0.0,0.0,0,0
2017-08-02,0.0,0.0,0,0
2017-08-03,0.0,0.0,0,0
2017-08-04,0.0,0.0,0,0
2017-08-05,0.0,0.0,0,0
2017-08-06,0.0,0.0,0,0
2017-08-07,0.0,0.0,0,0
2017-08-08,0.0,0.0,0,0
2017-08-09,0.0,0.0,0,0
2017-08-10,0.0,0.0,0,0
2017-08-11,0.0,0.0,0,0
2017-08-12,0.0,0.0,0,0
2017-08-13,0.0,0.0,0,0
2017-08-14,0.0,0.0,0,0
2017-08-15,0.0,0.0,0,0
2017-08-16,0.0,0.0,0,0
2017-08-17,0.0,0.0,0,0
2017-08-18,0.0,0.0,0,0
2017-08-19,0.0,0.0,0,0
2017-08-20,0.0,0.0,0,0
2017-08-21,0.0,0.0,0,0
2017-08-22,0.0,0.0,0,0
2017-08-23,0.0,0.0,0,0
2017-08-24,0.0,0.0,0,0
2017-08-25,0.0,0.0,0,0
2017-08-26,0.0,0.0,0,0
2017-08-27,0.0,0.0,0,0
2017-08-28,0.0,0.0,0,0
2017-08-29,0.0,0.0,0,0
2017-08-30,0.0,0.0,0,0
2017-08-31,0.0,0.0,0,0
2017-09-01,0.0,0.0,0,0
2017-09-02,0.0,0.0,0,0
2017-09-03,0.0,0.0,0,0
2017-09-04,0.0,0.0,0,0
2017-09-05,0.0,0.0,0,0
2017-09-06,0.0,0.0,0,0
2017-09-07,0.0,0.0,0,0
2017-09-08,0.0,0.0,0,0
2017-09-09,0.0,0.0,0,0
2017-09-10,0.0,0.0,0,0
2017-09-11,0.0,0.0,0,0
2017-09-12,0.0,0.0,0,0
2017-09-13,0.0,0.0,0,0
2017-09-14,0.0,0.0,0,0
2017-09-15,0.0,0.0,0,0
2017-09-16,0.0,0.0,0,0
2017-09-17,0.0,0.0,0,0
2017-09-18,0.0,0.0,0,0
2017-09-19,0.0,0.0,0,0
2017-09-20,0.0,0.0,0,0
2017-09-21,0.0,0.0,0,0
2017-09-22,0.0,0.0,0,0
2017-09-23,0.0,0.0,0,0
2017-09-24,0.0,0.0,0,0
2017-09-25,0.0,0.0,0,0
2017-09-26,0.0,0.0,0,0
2017-09-27,0.0,0.0,0,0
2017-09-28,0.0,0.0,0,0
2017-09-29,0.0,0.0,0,0
2017-09-30,0.0,0.0,0,0
2017-10-01,0.0,0.0,0,0
2017-10-02,0.0,0.0,0,0
2017-10-03,0.0,0.0,0,0
2017-10-04,0.0,0.0,0,0
2017-10-05,0.0,0.0,0,0
2017-10-06,0.0,0.0,0,0
2017-10-07,0.0,0.0,0,0
2017-10-08,0.0,0.0,0,0
2017-10-09,0.0,0.0,0,0
2017-10-10,0.0,0.0,0,0
2017-10-11,0.0,0.0,0,0
2017-10-12,0.0,0.0,0,0
2017-10-13,0.0,0.0,0,0
2017-10-14,0.0,0.0,0,0
2017-10-15,0.0,0.0,0,0
2017-10-16,0.0,0.0,0,0
2017-10-17,0.0,0.0,0,0
2017-10-18,0.0,0.0,0,0
2017-10-19,0.0,0.0,0,0
2017-10-20,0.0,0.0,0,0
2017-10-21,0.0,0.0,0,0
2017-10-22,0.0,0.0,0,0
2017-10-23,0.0,0.0,0,0
2017-10-24,0.0,0.0,0,0
2017-10-25,0.0,0.0,0,0
2017-10-26,0.0,0.0,0,0
2017-10-27,0.0,0.0,0,0
2017-10-28,0.0,0.0,0,0
2017-10-29,0.0,0.0,0,0
2017-10-30,0.0,0.0,0,0
2017-10-31,0.0,0.0,0,0
2017-11-01,0.0,0.0,0,0
2017-11-02,0.0,0.0,0,0
2017-11-03,0.0,0.0,0,0
2017-11-04,0.0,0.0,0,0
2017-11-05,0.0,0.0,0,0
2017-11-06,0.0,0.0,0,0
2017-11-07,0.0,0.0,0,0
2017-11-08,0.0,0.0,0,0
2017-11-09,0.0,0.0,0,0
2017-11-10,0.0,0.0,0,0
2017-11-11,0.0,0.0,0,0
2017-11-12,0.0,0.0,0,0
2017-11-13,0.0,0.0,0,0
2017-11-14,0.0,0.0,0,0
2017-11-15,0.0,0.0,0,0
2017-11-16,0.0,0.0,0,0
2017-11-17,0.0,0.0,0,0
2017-11-18,0.0,0.0,0,0
2017-11-19,0.0,0.0,0,0
2017-11-20,0.0,0.0,0,0
2017-11-21,0.0,0.0,0,0
2017-11-22,0.0,0.0,0,0
2017-11-23,0.0,0.0,0,0
2017-11-24,0.0,0.0,0,0
2017-11-25,0.0,0.0,0,0
2017-11-26,0.0,0.0,0,0
2017-11-27,0.0,0.0,0,0
2017-11-28,0.0,0.0,0,0
2017-11-29,0.0,0.0,0,0
2017-11-30,0.0,0.0,0,0
2017-12-01,0.0,0.0,0,0
2017-12-02,0.0,0.0,0,0
2017-12-03,0.0,0.0,0,0
2017-12-04,0.0,0.0,0,0
2017-12-05,0.0,0.0,0,0
2017-12-06,0.0,0.0,0,0
2017-12-07,0.0,0.0,0,0
2017-12-08,0.0,0.0,0,0
2017-12-09,0.0,0.0,0,0
2017-12-10,0.0,0.0,0,0
2017-12-11,0.0,0.0,0,0
2017-12-12,0.0,0.0,0,0
2017-12-13,0.0,0.0,0,0
2017-12-14,0.0,0.0,0,0
2017-12-15,0.0,0.0,0,0
2017-12-16,0.0,0.0,0,0
2017-12-17,0.0,0.0,0,0
2017-12-18,0.0,0.0,0,0
2017-12-19,0.0,0.0,0,0
2017-12-20,0.0,0.0,0,0
2017-12-21,0.0,0.0,0,0
2017-12-22,0.0,0.0,0,0
2017-12-23,0.0,0.0,0,0
2017-12-24,0.0,0.0,0,0
2017-12-25,0.0,0.0,0,0
2017-12-26,0.0,0.0,0,0
2017-12-27,0.0,0.0,0,0
2017-12-28,0.0,0.0,0,0
2017-12-29,0.0,0.0,0,0
2017-12-30,0.0,0.0,0,0
2017-12-31,0.0,0.0,0,0
2018-01-01,0.0,0.0,0,0
2018-01-02,0.0,0.0,0,0
2018-01-03,0.0,0.0,0,0
2018-01-04,0.0,0.0,0,0
2018-01-05,0.0,0.0,0,0
2018-01-06,0.0,0.0,0,0
2018-01-07,0.0,0.0,0,0
2018-01-08,0.0,0.0,0,0
2018-01-09,0.0,0.0,0,0
2018-01-10,0.0,0.0,0,0
2018-01-11,0.0,0.0,0,0
2018-01-12,0.0,0.0,0,0
2018-01-13,0.0,0.0,0,0
2018-01-14,0.0,0.0,0,0
2018-01-15,0.0,0.0,0,0
2018-01-16,0.0,0.0,0,0
2018-01-17,0.0,0.0,0,0
2018-01-18,0.0,0.0,0,0
2018-01-19,0.0,0.0,0,0
2018-01-20,0.0,0.0,0,0
2018-01-21,0.0,0.0,0,0
2018-01-22,0.0,0.0,0,0
2018-01-23,0.0,0.0,0,0
2018-01-24,0.0,0.0,0,0
2018-01-25,0.0,0.0,0,0
2018-01-26,0.0,0.0,0,0
2018-01-27,0.0,0.0,0,0
2018-01-28,0.0,0.0,0,0
2018-01-29,0.0,0.0,0,0
2018-01-30,0.0,0.0,0,0
2018-01-31,0.0,0.0,0,0
2018-02-01,0.0,0.0,0,0
2018-02-02,0.0,0.0,0,0
2018-02-03,0.0,0.0,0,0
2018-02-04,0.0,0.0,0,0
2018-02-05,0.0,0.0,0,0
2018-02-06,0.0,0.0,0,0
2018-02-07,0.0,0.0,0,0
2018-02-08,0.0,0.0,0,0
2018-02-09,0.0,0.0,0,0
2018-02-10,0.0,0.0,0,0
2018-02-11,0.0,0.0,0,0
2018-02-12,0.0,0.0,0,0
2018-02-13,0.0,0.0,0,0
2018-02-14,0.0,0.0,0,0
2018-02-15,0.0,0.0,0,0
2018-02-16,0.0,0.0,0,0
2018-02-17,0.0,0.0,0,0
2018-02-18,0.0,0.0,0,0
2018-02-19,0.0,0.0,0,0
2018-02-20,0.0,0.0,0,0
2018-02-21,0.0,0.0,0,0
2018-02-22,0.0,0.0,0,0
2018-02-23,0.0,0.0,0,0
2018-02-24,0.0,0.0,0,0
2018-02-25,0.0,0.0,0,0
2018-02-26,0.0,0.0,0,0
2018-02-27,0.0,0.0,0,0
2018-02-28,0.0,0.0,0,0
2018-03-01,0.0,0.0,0,0
2018-03-02,0.0,0.0,0,0
2018-03-03,0.0,0.0,0,0
2018-03-04,0.0,0.0,0,0
2018-03-05,0.0,0.0,0,0
2018-03-06,0.0,0.0,0,0
2018-03-07,0.0,0.0,0,0
2018-03-08,0.0,0.0,0,0
2018-03-09,0.0,0.0,0,0
2018-03-10,0.0,0.0,0,0
2018-03-11,0.0,0.0,0,0
2018-03-12,0.0,0.0,0,0
2018-03-13,0.0,0.0,0,0
2018-03-14,0.0,0.0,0,0
2018-03-15,0.0,0.0,0,0
2018-03-16,0.0,0.0,0,0
2018-03-17,0.0,0.0,0,0
2018-03-18,0.0,0.0,0,0
2018-03-19,0.0,0.0,0,0
2018-03-20,0.0,0.0,0,0
2018-03-21,0.0,0.0,0,0
2018-03-22,0.0,0.0,0,0
2018-03-23,0.0,0.0,0,0
2018-03-24,0.0,0.0,0,0
2018-03-25,0.0,0.0,0,0
2018-03-26,0.0,0.0,0,0
2018-03-27,0.0,0.0,0,0
2018-03-28,0.0,0.0,0,0
2018-03-29,0.0,0.0,0,0
2018-03-30,0.0,0.0,0,0
2018-03-31,0.0,0.0,0,0
2018-04-01,0.0,0.0,0,0
2018-04-02,0.0,0.0,0,0
2018-04-03,0.0,0.0,0,0
2018-04-04,0.0,0.0,0,0
2018-04-05,0.0,0.0,0,0
2018-04-06,0.0,0.0,0,0
2018-04-07,0.0,0.0,0,0
2018-04-08,0.0,0.0,0,0
2018-04-09,0.0,0.0,0,0
2018-04-10,0.0,0.0,0,0
2018-04-11,0.0,0.0,0,0
2018-04-12,0.0,0.0,0,0
2018-04-13,0.0,0.0,0,0
2018-04-14,0.0,0.0,0,0
2018-04-15,0.0,0.0,0,0
2018-04-16,0.0,0.0,0,0
2018-04-17,0.0,0.0,0,0
2018-04-18,0.0,0.0,0,0
2018-04-19,0.0,0.0,0,0
2018-04-20,0.0,0.0,0,0
2018-04-21,0.0,0.0,0,0
2018-04-22,0.0,0.0,0,0
2018-04-23,0.0,0.0,0,0
2018-04-24,0.0,0.0,0,0
2018-04-25,0.0,0.0,0,0
2018-04-26,0.0,0.0,0,0
2018-04-27,0.0,0.0,0,0
2018-04-28,0.0,0.0,0,0
2018-04-29,0.0,0.0,0,0
2018-04-30,0.0,0.0,0,0
2018-05-01,0.0,0.0,0,0
2018-05-02,0.0,0.0,0,0
2018-05-03,0.0,0.0,0,0
2018-05-04,0.0,0.0,0,0
2018-05-05,0.0,0.0,0,0
2018-05-06,0.0,0.0,0,0
2018-05-07,0.0,0.0,0,0
2018-05-08,0.0,0.0,0,0
2018-05-09,0.0,0.0,0,0
2018-05-10,0.0,0.0,0,0
2018-05-11,0.0,0.0,0,0
2018-05-12,0.0,0.0,0,0
2018-05-13,0.0,0.0,0,0
2018-05-14,0.0,0.0,0,0
2018-05-15,0.0,0.0,0,0
2018-05-16,0.0,0.0,0,0
2018-05-17,0.0,0.0,0,0
2018-05-18,0.0,0.0,0,0
2018-05-19,0.0,0.0,0,0
2018-05-20,0.0,0.0,0,0
2018-05-21,0.0,0.0,0,0
2018-05-22,0.0,0.0,0,0
2018-05-23,0.0,0.0,0,0
2018-05-24,0.0,0.0,0,0
2018-05-25,0.0,0.0,0,0
2018-05-26,0.0,0.0,0,0
2018-05-27,0.0,0.0,0,0
2018-05-28,0.0,0.0,0,0
2018-05-29,0.0,0.0,0,0
2018-05-30,0.0,0.0,0,0
2018-05-31,0.0,0.0,0,0
2018-06-01,0.0,0.0,0,0
2018-06-02,0.0,0.0,0,0
2018-06-03,0.0,0.0,0,0
2018-06-04,0.0,0.0,0,0
2018-06-05,0.0,0.0,0,0
2018-06-06,0.0,0.0,0,0
2018-06-07,0.0,0.0,0,0
2018-06-08,0.0,0.0,0,0
2018-06-09,0.0,0.0,0,0
2018-06-10,0.0,0.0,0,0
2018-06-11,0.0,0.0,0,0
2018-06-12,0.0,0.0,0,0
2018-06-13,0.0,0.0,0,0
2018-06-14,0.0,0.0,0,0
2018-06-15,0.0,0.0,0,0
2018-06-16,0.0,0.0,0,0
2018-06-17,0.0,0.0,0,0
2018-06-18,0.0,0.0,0,0
2018-06-19,0.0,0.0,0,0
2018-06-20,0.0,0.0,0,0
2018-06-21,0.0,0.0,0,0
2018-06-22,0.0,0.0,0,0
2018-06-23,0.0,0.0,0,0
2018-06-24,0.0,0.0,0,0
2018-06-25,0.0,0.0,0,0
2018-06-26,0.0,0.0,0,0
2018-06-27,0.0,0.0,0,0
2018-06-28,0.0,0.0,0,0
2018-06-29,0.0,0.0,0,0
2018-06-30,0.0,0.0,0,0
2018-07-01,0.0,0.0,0,0
2018-07-02,0.0,0.0,0,0
2018-07-03,0.0,0.0,0,0
2018-07-04,0.0,0.0,0,0
2018-07-05,0.0,0.0,0,0
2018-07-06,0.0,0.0,0,0
2018-07-07,0.0,0.0,0,0
2018-07-08,0.0,0.0,0,0
2018-07-09,0.0,0.0,0,0
2018-07-10,0.0,0.0,0,0
2018-07-11,0.0,0.0,0,0
2018-07-12,0.0,0.0,0,0
2018-07-13,0.0,0.0,0,0
2018-07-14,0.0,0.0,0,0
2018-07-15,0.0,0.0,0,0
2018-07-16,0.0,0.0,0,0
2018-07-17,0.0,0.0,0,0
2018-07-18,0.0,0.0,0,0
2018-07-19,0.0,0.0,0,0
2018-07-20,0.0,0.0,0,0
2018-07-21,0.0,0.0,0,0
2018-07-22,0.0,0.0,0,0
2018-07-23,0.0,0.0,0,0
2018-07-24,0.0,0.0,0,0
2018-07-25,0.0,0.0,0,0
2018-07-26,0.0,0.0,0,0
2018-07-27,0.0,0.0,0,0
2018-07-28,0.0,0.0,0,0
2018-07-29,0.0,0.0,0,0
2018-07-30,0.0,0.0,0,0
2018-07-31,0.0,0.0,0,0
2018-08-01,0.0,0.0,0,0
2018-08-02,0.0,0.0,0,0
2018-08-03,0.0,0.0,0,0
2018-08-04,0.0,0.0,0,0
2018-08-05,0.0,0.0,0,0
2018-08-06,0.0,0.0,0,0
2018-08-07,0.0,0.0,0,0
2018-08-08,0.0,0.0,0,0
2018-08-09,0.0,0.0,0,0
2018-08-10,0.0,0.0,0,0
2018-08-11,0.0,0.0,0,0
2018-08-12,0.0,0.0,0,0
2018-08-13,0.0,0.0,0,0
2018-08-14,0.0,0.0,0,0
2018-08-15,0.0,0.0,0,0
2018-08-16,0.0,0.0,0,0
2018-08-17,0.0,0.0,0,0
2018-08-18,0.0,0.0,0,0
2018-08-19,0.0,0.0,0,0
2018-08-20,0.0,0.0,0,0
2018-08-21,0.0,0.0,0,0
2018-08-22,0.0,0.0,0,0
2018-08-23,0.0,0.0,0,0
2018-08-24,0.0,0.0,0,0
2018-08-25,0.0,0.0,0,0
2018-08-26,0.0,0.0,0,0
2018-08-27,0.0,0.0,0,0
2018-08-28,0.0,0.0,0,0
2018-08-29,0.0,0.0,0,0
2018-08-30,0.0,0.0,0,0
2018-08-31,0.0,0.0,0,0
2018-09-01,0.0,0.0,0,0
2018-09-02,0.0,0.0,0,0
2018-09-03,0.0,0.0,0,0
2018-09-04,0.0,0.0,0,0
2018-09-05,0.0,0.0,0,0
2018-09-06,0.0,0.0,0,0
2018-09-07,0.0,0.0,0,0
2018-09-08,0.0,0.0,0,0
2018-09-09,0.0,0.0,0,0
2018-09-10,0.0,0.0,0,0
2018-09-11,0.0,0.0,0,0
2018-09-12,0.0,0.0,0,0
2018-09-13,0.0,0.0,0,0
2018-09-14,0.0,0.0,0,0
2018-09-15,0.0,0.0,0,0
2018-09-16,0.0,0.0,0,0
2018-09-17,0.0,0.0,0,0
2018-09-18,0.0,0.0,0,0
2018-09-19,0.0,0.0,0,0
2018-09-20,0.0,0.0,0,0
2018-09-21,0.0,0.0,0,0
2018-09-22,0.0,0.0,0,0
2018-09-23,0.0,0.0,0,0
2018-09-24,0.0,0.0,0,0
2018-09-25,0.0,0.0,0,0
2018-09-26,0.0,0.0,0,0
2018-09-27,0.0,0.0,0,0
2018-09-28,0.0,0.0,0,0
2018-09-29,0.0,0.0,0,0
2018-09-30,0.0,0.0,0,0
2018-10-01,0.0,0.0,0,0
2018-10-02,0.0,0.0,0,0
2018-10-03,0.0,0.0,0,0
2018-10-04,0.0,0.0,0,0
2018-10-05,0.0,0.0,0,0
2018-10-06,0.0,0.0,0,0
2018-10-07,0.0,0.0,0,0
2018-10-08,0.0,0.0,0,0
2018-10-09,0.0,0.0,0,0
2018-10-10,0.0,0.0,0,0
2018-10-11,0.0,0.0,0,0
2018-10-12,0.0,0.0,0,0
2018-10-13,0.0,0.0,0,0
2018-10-14,0.0,0.0,0,0
2018-10-15,0.0,0.0,0,0
2018-10-16,0.0,0.0,0,0
2018-10-17,0.0,0.0,0,0
2018-10-18,0.0,0.0,0,0
2018-10-19,0.0,0.0,0,0
2018-10-20,0.0,0.0,0,0
2018-10-21,0.0,0.0,0,0
2018-10-22,0.0,0.0,0,0
2018-10-23,0.0,0.0,0,0
2018-10-24,0.0,0.0,0,0
2018-10-25,0.0,0.0,0,0
2018-10-26,0.0,0.0,0,0
2018-10-27,0.0,0.0,0,0
2018-10-28,0.0,0.0,0,0
2018-10-29,0.0,0.0,0,0
2018-10-30,0.0,0.0,0,0
2018-10-31,0.0,0.0,0,0
2018-11-01,0.0,0.0,0,0
2018-11-02,0.0,0.0,0,0
2018-11-03,0.0,0.0,0,0
2018-11-04,0.0,0.0,0,0
2018-11-05,0.0,0.0,0,0
2018-11-06,0.0,0.0,0,0
2018-11-07,0.0,0.0,0,0
2018-11-08,0.0,0.0,0,0
2018-11-09,0.0,0.0,0,0
2018-11-10,0.0,0.0,0,0
2018-11-11,0.0,0.0,0,0
2018-11-12,0.0,0.0,0,0
2018-11-13,0.0,0.0,0,0
2018-11-14,0.0,0.0,0,0
2018-11-15,0.0,0.0,0,0
2018-11-16,0.0,0.0,0,0
2018-11-17,0.0,0.0,0,0
2018-11-18,0.0,0.0,0,0
2018-11-19,0.0,0.0,0,0
2018-11-20,0.0,0.0,0,0
2018-11-21,0.0,0.0,0,0
2018-11-22,0.0,0.0,0,0
2018-11-23,0.0,0.0,0,0
2018-11-24,0.0,0.0,0,0
2018-11-25,0.0,0.0,0,0
2018-11-26,0.0,0.0,0,0
2018-11-27,0.0,0.0,0,0
2018-11-28,0.0,0.0,0,0
2018-11-29,0.0,0.0,0,0
2018-11-30,0.0,0.0,0,0
2018-12-01,0.0,0.0,0,0
2018-12-02,0.0,0.0,0,0
2018-12-03,0.0,0.0,0,0
2018-12-04,0.0,0.0,0,0
2018-12-05,0.0,0.0,0,0
2018-12-06,0.0,0.0,0,0
2018-12-07,0.0,0.0,0,0
2018-12-08,0.0,0.0,0,0
2018-12-09,0.0,0.0,0,0
2018-12-10,0.0,0.0,0,0
2018-12-11,0.0,0.0,0,0
2018-12-12,0.0,0.0,0,0
2018-12-13,0.0,0.0,0,0
2018-12-14,0.0,0.0,0,0
2018-12-15,0.0,0.0,0,0
2018-12-16,0.0,0.0,0,0
2018-12-17,0.0,0.0,0,0
2018-12-18,0.0,0.0,0,0
2018-12-19,0.0,0.0,0,0
2018-12-20,0.0,0.0,0,0
2018-12-21,0.0,0.0,0,0
2018-12-22,0.0,0.0,0,0
2018-12-23,0.0,0.0,0,0
2018-12-24,0.0,0.0,0,0
2018-12-25,0.0,0.0,0,0
2018-12-26,0.0,0.0,0,0
2018-12-27,0.0,0.0,0,0
2018-12-28,0.0,0.0,0,0
2018-12-29,0.0,0.0,0,0
2018-12-30,0.0,0.0,0,0
2018-12-31,0.0,0.0,0,0
2019-01-01,0.0,0.0,0,0
2019-01-02,0.0,0.0,0,0
2019-01-03,0.0,0.0,0,0
2019-01-04,0.0,0.0,0,0
2019-01-05,0.0,0.0,0,0
2019-01-06,0.0,0.0,0,0
2019-01-07,0.0,0.0,0,0
2019-01-08,0.0,0.0,0,0
2019-01-09,0.0,0.0,0,0
2019-01-10,0.0,0.0,0,0
2019-01-11,0.0,0.0,0,0
2019-01-12,0.0,0.0,0,0
2019-01-13,0.0,0.0,0,0
2019-01-14,0.0,0.0,0,0
2019-01-15,0.0,0.0,0,0
2019-01-16,0.0,0.0,0,0
2019-01-17,0.0,0.0,0,0
2019-01-18,0.0,0.0,0,0
2019-01-19,0.0,0.0,0,0
2019-01-20,0.0,0.0,0,0
2019-01-21,0.0,0.0,0,0
2019-01-22,0.0,0.0,0,0
2019-01-23,0.0,0.0,0,0
2019-01-24,0.0,0.0,0,0
2019-01-25,0.0,0.0,0,0
2019-01-26,0.0,0.0,0,0
2019-01-27,0.0,0.0,0,0
2019-01-28,0.0,0.0,0,0
2019-01-29,0.0,0.0,0,0
2019-01-30,0.0,0.0,0,0
2019-01-31,0.0,0.0,0,0
2019-02-01,0.0,0.0,0,0
2019-02-02,0.0,0.0,0,0
2019-02-03,0.0,0.0,0,0
2019-02-04,0.0,0.0,0,0
2019-02-05,0.0,0.0,0,0
2019-02-06,0.0,0.0,0,0
2019-02-07,0.0,0.0,0,0
2019-02-08,0.0,0.0,0,0
2019-02-09,0.0,0.0,0,0
2019-02-10,0.0,0.0,0,0
2019-02-11,0.0,0.0,0,0
2019-02-12,0.0,0.0,0,0
2019-02-13,0.0,0.0,0,0
2019-02-14,0.0,0.0,0,0
2019-02-15,0.0,0.0,0,0
2019-02-16,0.0,0.0,0,0
2019-02-17,0.0,0.0,0,0
2019-02-18,0.0,0.0,0,0
2019-02-19,0.0,0.0,0,0
2019-02-20,0.0,0.0,0,0
2019-02-21,0.0,0.0,0,0
2019-02-22,0.0,0.0,0,0
2019-02-23,0.0,0.0,0,0
2019-02-24,0.0,0.0,0,0
2019-02-25,0.0,0.0,0,0
2019-02-26,0.0,0.0,0,0
2019-02-27,0.0,0.0,0,0
2019-02-28,0.0,0.0,0,0
2019-03-01,0.0,0.0,0,0
2019-03-02,0.0,0.0,0,0
2019-03-03,0.0,0.0,0,0
2019-03-04,0.0,0.0,0,0
2019-03-05,0.0,0.0,0,0
2019-03-06,0.0,0.0,0,0
2019-03-07,0.0,0.0,0,0
2019-03-08,0.0,0.0,0,0
2019-03-09,0.0,0.0,0,0
2019-03-10,0.0,0.0,0,0
2019-03-11,0.0,0.0,0,0
2019-03-12,0.0,0.0,0,0
2019-03-13,0.0,0.0,0,0
2019-03-14,0.0,0.0,0,0
2019-03-15,0.0,0.0,0,0
2019-03-16,0.0,0.0,0,0
2019-03-17,0.0,0.0,0,0
2019-03-18,0.0,0.0,0,0
2019-03-19,0.0,0.0,0,0
2019-03-20,0.0,0.0,0,0
2019-03-21,0.0,0.0,0,0
2019-03-22,0.0,0.0,0,0
2019-03-23,0.0,0.0,0,0
2019-03-24,0.0,0.0,0,0
2019-03-25,0.0,0.0,0,0
2019-03-26,0.0,0.0,0,0
2019-03-27,0.0,0.0,0,0
2019-03-28,0.0,0.0,0,0
2019-03-29,0.0,0.0,0,0
2019-03-30,0.0,0.0,0,0
2019-03-31,0.0,0.0,0,0
2019-04-01,0.0,0.0,0,0
2019-04-02,0.0,0.0,0,0
2019-04-03,0.0,0.0,0,0
2019-04-04,0.0,0.0,0,0
2019-04-05,0.0,0.0,0,0
2019-04-06,0.0,0.0,0,0
2019-04-07,0.0,0.0,0,0
2019-04-08,0.0,0.0,0,0
2019-04-09,0.0,0.0,0,0
2019-04-10,0.0,0.0,0,0
2019-04-11,0.0,0.0,0,0
2019-04-12,0.0,0.0,0,0
2019-04-13,0.0,0.0,0,0
2019-04-14,0.0,0.0,0,0
2019-04-15,0.0,0.0,0,0
2019-04-16,0.0,0.0,0,0
2019-04-17,0.0,0.0,0,0
2019-04-18,0.0,0.0,0,0
2019-04-19,0.0,0.0,0,0
2019-04-20,0.0,0.0,0,0
2019-04-21,0.0,0.0,0,0
2019-04-22,0.0,0.0,0,0
2019-04-23,0.0,0.0,0,0
2019-04-24,0.0,0.0,0,0
2019-04-25,0.0,0.0,0,0
2019-04-26,0.0,0.0,0,0
2019-04-27,0.0,0.0,0,0
2019-04-28,0.0,0.0,0,0
2019-04-29,0.0,0.0,0,0
2019-04-30,0.0,0.0,0,0
2019-05-01,0.0,0.0,0,0
2019-05-02,0.0,0.0,0,0
2019-05-03,0.0,0.0,0,0
2019-05-04,0.0,0.0,0,0
2019-05-05,0.0,0.0,0,0
2019-05-06,0.0,0.0,0,0
2019-05-07,0.0,0.0,0,0
2019-05-08,0.0,0.0,0,0
2019-05-09,0.0,0.0,0,0
2019-05-10,0.0,0.0,0,0
2019-05-11,0.0,0.0,0,0
2019-05-12,0.0,0.0,0,0
2019-05-13,0.0,0.0,0,0
2019-05-14,0.0,0.0,0,0
2019-05-15,0.0,0.0,0,0
2019-05-16,0.0,0.0,0,0
2019-05-17,0.0,0.0,0,0
2019-05-18,0.0,0.0,0,0
2019-05-19,0.0,0.0,0,0
2019-05-20,0.0,0.0,0,0
2019-05-21,0.0,0.0,0,0
2019-05-22,0.0,0.0,0,0
2019-05-23,0.0,0.0,0,0
2019-05-24,0.0,0.0,0,0
2019-05-25,0.0,0.0,0,0
2019-05-26,0.0,0.0,0,0
2019-05-27,0.0,0.0,0,0
2019-05-28,0.0,0.0,0,0
2019-05-29,0.0,0.0,0,0
2019-05-30,0.0,0.0,0,0
2019-05-31,0.0,0.0,0,0
2019-06-01,0.0,0.0,0,0
2019-06-02,0.0,0.0,0,0
2019-06-03,0.0,0.0,0,0
2019-06-04,0.0,0.0,0,0
2019-06-05,0.0,0.0,0,0
2019-06-06,0.0,0.0,0,0
2019-06-07,0.0,0.0,0,0
2019-06-08,0.0,0.0,0,0
2019-06-09,0.0,0.0,0,0
2019-06-10,0.0,0.0,0,0
2019-06-11,0.0,0.0,0,0
2019-06-12,0.0,0.0,0,0
2019-06-13,0.0,0.0,0,0
2019-06-14,0.0,0.0,0,0
2019-06-15,0.0,0.0,0,0
2019-06-16,0.0,0.0,0,0
2019-06-17,0.0,0.0,0,0
2019-06-18,0.0,0.0,0,0
2019-06-19,0.0,0.0,0,0
2019-06-20,0.0,0.0,0,0
2019-06-21,0.0,0.0,0,0
2019-06-22,0.0,0.0,0,0
2019-06-23,4.0,4.0,132,132
2019-06-24,9.0,9.0,132,132
2019-06-25,13.0,13.0,132,132
2019-06-26,18.0,18.0,132,132
2019-06-27,22.0,22.0,132,132
2019-06-28,26.0,26.0,132,132
2019-06-29,31.0,31.0,132,132
2019-06-30,35.0,35.0,132,132
2019-07-01,40.0,40.0,132,132
2019-07-02,44.0,44.0,132,132
2019-07-03,48.0,48.0,132,132
2019-07-04,53.0,53.0,132,132
2019-07-05,57.0,57.0,132,132
2019-07-06,62.0,62.0,132,132
2019-07-07,66.0,66.0,132,132
2019-07-08,75.0,75.0,265,265
2019-07-09,84.0,84.0,265,265
2019-07-10,92.0,92.0,265,265
2019-07-11,106.0,106.0,392,392
2019-07-12,119.0,119.0,392,392
2019-07-13,132.0,132.0,392,392
2019-07-14,145.0,145.0,392,392
2019-07-15,158.0,158.0,392,392
2019-07-16,175.0,175.0,527,527
2019-07-17,193.0,193.0,527,527
2019-07-18,215.0,215.0,661,662
2019-07-19,235.0,238.0,606,675
2019-07-20,258.0,262.0,673,736
2019-07-21,280.0,284.0,673,673
2019-07-22,302.0,307.0,673,673
2019-07-23,324.0,329.0,789,789
2019-07-24,346.0,351.0,789,789
2019-07-25,368.0,373.0,789,789
2019-07-26,390.0,395.0,789,789
2019-07-27,412.0,416.0,789,789
2019-07-28,434.0,438.0,789,789
2019-07-29,456.0,460.0,789,789
2019-07-30,478.0,482.0,789,789
2019-07-31,500.0,504.0,788,789
2019-08-01,524.0,528.0,857,858
2019-08-02,548.0,552.0,853,857
2019-08-03,572.0,576.0,853,853
2019-08-04,596.0,600.0,853,853
2019-08-05,620.0,624.0,853,853
2019-08-06,644.0,649.0,848,853
2019-08-07,663.0,668.0,848,848
2019-08-08,684.0,689.0,894,895
2019-08-09,705.0,710.0,894,894
2019-08-10,722.0,727.0,894,894
2019-08-11,739.0,743.0,895,895
2019-08-12,755.0,760.0,895,895
2019-08-13,772.0,777.0,892,895
2019-08-14,790.0,795.0,941,941
2019-08-15,804.0,809.0,938,941
2019-08-16,818.0,823.0,937,938
2019-08-17,827.0,832.0,937,937
2019-08-18,838.0,841.0,937,937
2019-08-19,847.0,847.0,937,937
2019-08-20,856.0,856.0,936,937
2019-08-21,865.0,865.0,946,946
2019-08-22,870.0,870.0,944,946
2019-08-23,875.0,876.0,940,944
2019-08-24,880.0,881.0,940,940
2019-08-25,885.0,886.0,940,940
2019-08-26,890.0,891.0,931,940
2019-08-27,894.0,896.0,926,931
2019-08-28,899.0,900.0,924,926
2019-08-29,903.0,905.0,913,924
2019-08-30,907.0,909.0,912,913
2019-08-31,909.0,910.0,912,912
2019-09-01,911.0,912.0,912,912
2019-09-02,913.0,915.0,930,930
2019-09-03,916.0,917.0,929,930
2019-09-04,918.0,920.0,923,929
2019-09-05,921.0,922.0,919,923
2019-09-06,923.0,925.0,928,930
2019-09-07,924.0,926.0,928,928
2019-09-08,925.0,927.0,928,928
2019-09-09,926.0,928.0,924,928
2019-09-10,927.0,929.0,920,924
2019-09-11,928.0,930.0,918,920
2019-09-12,928.0,931.0,902,918
2019-09-13,927.0,930.0,897,902
2019-09-14,926.0,928.0,897,897
2019-09-15,924.0,927.0,897,897
2019-09-16,923.0,926.0,899,901
2019-09-17,922.0,924.0,899,899
2019-09-18,920.0,923.0,893,899
2019-09-19,918.0,922.0,875,893
2019-09-20,915.0,919.0,863,877
2019-09-21,913.0,917.0,863,863
2019-09-22,910.0,914.0,863,863
2019-09-23,908.0,911.0,860,863
2019-09-24,905.0,909.0,856,860
2019-09-25,904.0,908.0,902,914
2019-09-26,902.0,907.0,883,902
2019-09-27,901.0,905.0,878,883
2019-09-28,900.0,904.0,878,878
2019-09-29,898.0,903.0,878,878
2019-09-30,897.0,902.0,877,878
2019-10-01,896.0,900.0,875,877
2019-10-02,894.0,899.0,874,876
2019-10-03,893.0,898.0,907,910
2019-10-04,893.0,897.0,898,907
2019-10-05,892.0,896.0,898,898
2019-10-06,891.0,895.0,898,898
2019-10-07,890.0,894.0,893,898
2019-10-08,889.0,893.0,892,893
2019-10-09,887.0,892.0,871,892
2019-10-10,884.0,890.0,844,871
2019-10-11,882.0,888.0,840,844
2019-10-12,881.0,886.0,880,880
2019-10-13,880.0,886.0,880,880
2019-10-14,879.0,885.0,866,880
2019-10-15,878.0,884.0,863,866
2019-10-16,878.0,883.0,879,883
2019-10-17,876.0,883.0,862,880
2019-10-18,876.0,882.0,875,886
2019-10-19,876.0,882.0,875,875
2019-10-20,876.0,882.0,875,875
2019-10-21,876.0,882.0,873,875
2019-10-22,876.0,882.0,864,873
2019-10-23,876.0,882.0,858,865
2019-10-24,876.0,882.0,855,859
2019-10-25,874.0,880.0,843,855
2019-10-26,873.0,879.0,843,843
2019-10-27,872.0,877.0,843,843
2019-10-28,870.0,876.0,810,843
2019-10-29,867.0,874.0,792,810
2019-10-30,864.0,871.0,787,792
2019-10-31,860.0,868.0,773,787
2019-11-01,857.0,864.0,767,773
2019-11-02,852.0,860.0,767,767
2019-11-03,851.0,858.0,869,869
2019-11-04,850.0,858.0,853,870
2019-11-05,848.0,856.0,851,853
2019-11-06,846.0,854.0,843,852
2019-11-07,844.0,853.0,824,843
2019-11-08,842.0,851.0,816,824
2019-11-09,841.0,849.0,816,816
2019-11-10,841.0,848.0,816,816
2019-11-11,838.0,846.0,816,816
2019-11-12,836.0,844.0,807,816
2019-11-13,834.0,841.0,799,808
2019-11-14,831.0,839.0,777,799
2019-11-15,828.0,836.0,793,807
2019-11-16,826.0,833.0,793,793
2019-11-17,823.0,830.0,793,793
2019-11-18,820.0,828.0,775,793
2019-11-19,816.0,824.0,763,775
2019-11-20,812.0,821.0,755,764
2019-11-21,808.0,817.0,746,756
2019-11-22,804.0,813.0,728,746
2019-11-23,800.0,808.0,728,728
2019-11-24,796.0,804.0,728,728
2019-11-25,792.0,800.0,723,728
2019-11-26,787.0,796.0,708,723
2019-11-27,783.0,792.0,690,708
2019-11-28,780.0,788.0,690,690
2019-11-29,777.0,785.0,713,715
2019-11-30,775.0,783.0,716,716
2019-12-01,774.0,781.0,716,716
2019-12-02,774.0,782.0,772,794
2019-12-03,770.0,779.0,764,772
2019-12-04,766.0,775.0,734,764
2019-12-05,762.0,771.0,727,735
2019-12-06,758.0,767.0,706,727
2019-12-07,754.0,762.0,706,706
2019-12-08,750.0,758.0,706,706
2019-12-09,746.0,755.0,692,706
2019-12-10,742.0,751.0,684,692
2019-12-11,737.0,746.0,677,685
2019-12-12,732.0,742.0,660,677
2019-12-13,727.0,737.0,646,660
2019-12-14,723.0,732.0,646,646
2019-12-15,718.0,726.0,646,646
2019-12-16,712.0,721.0,635,646
2019-12-17,707.0,716.0,631,635
2019-12-18,702.0,711.0,629,641
2019-12-19,698.0,706.0,624,631
2019-12-20,692.0,702.0,600,624
2019-12-21,688.0,696.0,600,600
2019-12-22,683.0,692.0,600,600
2019-12-23,678.0,687.0,575,600
2019-12-24,673.0,682.0,578,579
2019-12-25,668.0,677.0,578,578
2019-12-26,664.0,672.0,570,578
2019-12-27,659.0,668.0,556,570
2019-12-28,655.0,663.0,556,556
2019-12-29,650.0,658.0,556,556
2019-12-30,644.0,653.0,551,556
2019-12-31,639.0,647.0,551,551
2020-01-01,631.0,639.0,551,551
2020-01-02,624.0,632.0,540,551
2020-01-03,618.0,625.0,549,560
2020-01-04,612.0,619.0,549,549
2020-01-05,606.0,613.0,549,549
2020-01-06,601.0,608.0,535,549
2020-01-07,595.0,602.0,532,535
2020-01-08,591.0,598.0,585,598
2020-01-09,589.0,596.0,627,630
2020-01-10,588.0,596.0,644,672
2020-01-11,588.0,595.0,643,644
2020-01-12,588.0,594.0,643,643
2020-01-13,587.0,594.0,640,645
2020-01-14,587.0,594.0,643,646
2020-01-15,587.0,594.0,637,648
2020-01-16,588.0,595.0,643,646
2020-01-17,588.0,595.0,637,644
2020-01-18,588.0,595.0,637,637
2020-01-19,590.0,595.0,637,637
2020-01-20,591.0,597.0,634,643
2020-01-21,592.0,598.0,634,643
2020-01-22,594.0,599.0,620,638
2020-01-23,596.0,602.0,645,660
2020-01-24,598.0,605.0,637,653
2020-01-25,600.0,607.0,629,637
2020-01-26,602.0,609.0,629,629
2020-01-27,604.0,611.0,602,631
2020-01-28,604.0,613.0,573,606
2020-01-29,605.0,613.0,566,573
2020-01-30,605.0,614.0,558,566
2020-01-31,604.0,614.0,523,558
2020-02-01,603.0,613.0,523,523
2020-02-02,603.0,612.0,523,523
2020-02-03,601.0,611.0,513,523
2020-02-04,600.0,610.0,503,513
2020-02-05,598.0,608.0,487,503
2020-02-06,597.0,607.0,494,497
2020-02-07,594.0,604.0,487,495
2020-02-08,589.0,599.0,487,487
2020-02-09,584.0,593.0,487,487
2020-02-10,579.0,587.0,486,488
2020-02-11,573.0,582.0,476,491
2020-02-12,568.0,577.0,482,489
2020-02-13,562.0,572.0,484,501
2020-02-14,557.0,567.0,477,495
2020-02-15,552.0,562.0,477,477
2020-02-16,546.0,556.0,477,477
2020-02-17,541.0,551.0,478,482
2020-02-18,535.0,546.0,472,484
2020-02-19,530.0,540.0,463,479
2020-02-20,524.0,535.0,467,479
2020-02-21,519.0,529.0,452,469
2020-02-22,512.0,522.0,442,452
2020-02-23,505.0,515.0,442,442
2020-02-24,498.0,509.0,424,442
2020-02-25,491.0,502.0,409,427
2020-02-26,484.0,495.0,403,412
2020-02-27,480.0,490.0,444,455
2020-02-28,475.0,485.0,419,444
2020-02-29,471.0,480.0,418,419
2020-03-01,467.0,476.0,418,418
2020-03-02,463.0,472.0,412,422
2020-03-03,461.0,470.0,448,459
2020-03-04,459.0,468.0,446,457
2020-03-05,457.0,466.0,445,448
2020-03-06,454.0,464.0,410,448
2020-03-07,451.0,461.0,410,410
2020-03-08,451.0,460.0,472,472
2020-03-09,450.0,460.0,462,474
2020-03-10,449.0,459.0,463,467
2020-03-11,448.0,459.0,457,469
2020-03-12,448.0,458.0,457,464
2020-03-13,446.0,457.0,433,458
2020-03-14,444.0,454.0,428,433
2020-03-15,443.0,452.0,428,428
2020-03-16,441.0,451.0,425,433
2020-03-17,439.0,449.0,424,431
2020-03-18,437.0,448.0,419,431
2020-03-19,435.0,446.0,415,425
2020-03-20,433.0,443.0,411,415
2020-03-21,432.0,441.0,411,411
2020-03-22,430.0,439.0,410,411
2020-03-23,429.0,438.0,409,411
2020-03-24,428.0,437.0,407,413
2020-03-25,427.0,436.0,405,410
2020-03-26,427.0,435.0,405,411
2020-03-27,427.0,435.0,390,409
2020-03-28,425.0,433.0,390,390
2020-03-29,424.0,431.0,390,390
2020-03-30,423.0,430.0,383,392
2020-03-31,422.0,430.0,391,395
2020-04-01,421.0,429.0,372,393
2020-04-02,418.0,426.0,371,380
2020-04-03,415.0,423.0,364,371
2020-04-04,413.0,420.0,364,364
2020-04-05,411.0,418.0,364,364
2020-04-06,410.0,416.0,365,366
2020-04-07,406.0,412.0,354,366
2020-04-08,402.0,408.0,350,354
2020-04-09,398.0,405.0,358,359
2020-04-10,395.0,401.0,349,359
2020-04-11,391.0,397.0,349,349
2020-04-12,388.0,394.0,349,349
2020-04-13,385.0,391.0,342,350
2020-04-14,383.0,388.0,341,342
2020-04-15,380.0,385.0,339,342
2020-04-16,377.0,382.0,337,339
2020-04-17,374.0,379.0,329,338
2020-04-18,371.0,376.0,329,329
2020-04-19,368.0,373.0,329,329
2020-04-20,365.0,370.0,327,329
2020-04-21,363.0,367.0,324,327
2020-04-22,359.0,364.0,310,324
2020-04-23,356.0,361.0,309,310
2020-04-24,353.0,358.0,307,309
2020-04-25,349.0,354.0,307,307
2020-04-26,347.0,351.0,307,307
2020-04-27,344.0,348.0,306,307
2020-04-28,341.0,345.0,305,306
2020-04-29,338.0,342.0,302,305
2020-04-30,335.0,339.0,301,302
2020-05-01,333.0,336.0,297,302
2020-05-02,330.0,333.0,297,297
2020-05-03,328.0,331.0,297,297
2020-05-04,326.0,329.0,293,297
2020-05-05,323.0,326.0,290,293
2020-05-06,321.0,324.0,285,290
2020-05-07,318.0,321.0,284,285
2020-05-08,316.0,319.0,277,284
2020-05-09,313.0,316.0,277,277
2020-05-10,311.0,313.0,277,277
2020-05-11,308.0,311.0,271,277
2020-05-12,306.0,308.0,272,272
2020-05-13,303.0,306.0,266,272
2020-05-14,300.0,303.0,263,266
2020-05-15,298.0,301.0,257,263
2020-05-16,295.0,298.0,257,257
2020-05-17,293.0,295.0,257,257
2020-05-18,290.0,293.0,256,257
2020-05-19,288.0,290.0,250,256
2020-05-20,285.0,288.0,249,250
2020-05-21,282.0,285.0,248,249
2020-05-22,280.0,283.0,248,249
2020-05-23,278.0,280.0,248,248
2020-05-24,276.0,278.0,248,248
2020-05-25,274.0,276.0,248,248
2020-05-26,272.0,275.0,241,248
2020-05-27,270.0,272.0,236,241
2020-05-28,268.0,270.0,234,236
2020-05-29,265.0,268.0,233,235
2020-05-30,263.0,265.0,233,233
2020-05-31,261.0,263.0,233,233
2020-06-01,258.0,261.0,220,233
2020-06-02,256.0,258.0,214,220
2020-06-03,253.0,256.0,207,214
2020-06-04,250.0,253.0,205,208
2020-06-05,247.0,250.0,198,205
2020-06-06,244.0,247.0,198,198
2020-06-07,241.0,244.0,198,198
2020-06-08,239.0,242.0,195,198
2020-06-09,236.0,239.0,192,195
2020-06-10,233.0,236.0,188,192
2020-06-11,230.0,233.0,183,188
2020-06-12,227.0,230.0,177,183
2020-06-13,224.0,227.0,177,177
2020-06-14,222.0,224.0,177,177
2020-06-15,219.0,222.0,176,177
2020-06-16,216.0,219.0,174,176
2020-06-17,213.0,216.0,174,174
2020-06-18,211.0,214.0,174,174
2020-06-19,208.0,211.0,173,174
2020-06-20,206.0,208.0,173,173
2020-06-21,203.0,206.0,173,173
2020-06-22,201.0,203.0,171,173
2020-06-23,198.0,201.0,169,172
2020-06-24,195.0,198.0,166,169
2020-06-25,193.0,196.0,157,167
2020-06-26,190.0,193.0,155,157
2020-06-27,187.0,190.0,155,155
2020-06-28,185.0,187.0,155,155
2020-06-29,182.0,185.0,153,155
2020-06-30,179.0,182.0,151,153
2020-07-01,177.0,180.0,160,161
2020-07-02,175.0,178.0,155,160
2020-07-03,173.0,176.0,152,155
2020-07-04,172.0,174.0,152,152
2020-07-05,170.0,172.0,152,152
2020-07-06,169.0,171.0,152,155
2020-07-07,167.0,169.0,150,152
2020-07-08,166.0,168.0,152,156
2020-07-09,164.0,166.0,155,156
2020-07-10,163.0,165.0,151,155
2020-07-11,162.0,164.0,151,151
2020-07-12,161.0,163.0,151,151
2020-07-13,160.0,162.0,151,151
2020-07-14,159.0,161.0,151,152
2020-07-15,159.0,161.0,158,160
2020-07-16,158.0,160.0,151,158
2020-07-17,157.0,159.0,148,154
2020-07-18,156.0,158.0,148,148
2020-07-19,156.0,158.0,148,148
2020-07-20,155.0,157.0,145,149
2020-07-21,154.0,156.0,143,145
2020-07-22,153.0,155.0,140,145
2020-07-23,151.0,154.0,134,140
2020-07-24,150.0,153.0,132,134
2020-07-25,149.0,152.0,132,132
2020-07-26,149.0,151.0,132,132
2020-07-27,148.0,150.0,129,133
2020-07-28,147.0,149.0,129,129
2020-07-29,146.0,148.0,127,129
2020-07-30,145.0,147.0,127,127
2020-07-31,144.0,146.0,122,127
2020-08-01,143.0,145.0,122,122
2020-08-02,142.0,144.0,122,122
2020-08-03,141.0,143.0,122,122
2020-08-04,140.0,142.0,118,122
2020-08-05,139.0,141.0,117,118
2020-08-06,137.0,140.0,115,117
2020-08-07,136.0,138.0,108,115
2020-08-08,134.0,137.0,108,108
2020-08-09,133.0,135.0,108,108
2020-08-10,131.0,134.0,106,109
2020-08-11,130.0,132.0,106,106
2020-08-12,128.0,131.0,106,107
2020-08-13,127.0,129.0,107,107
2020-08-14,125.0,127.0,106,107
2020-08-15,124.0,126.0,106,106
2020-08-16,122.0,124.0,106,106
2020-08-17,121.0,123.0,106,106
2020-08-18,119.0,121.0,102,106
2020-08-19,118.0,120.0,100,102
2020-08-20,116.0,118.0,98,100
2020-08-21,115.0,117.0,94,98
2020-08-22,114.0,115.0,94,94
2020-08-23,112.0,114.0,94,94
2020-08-24,111.0,112.0,92,94
2020-08-25,110.0,111.0,91,92
2020-08-26,105.0,110.0,0,91
2020-08-27,101.0,105.0,0,0
2020-08-28,97.0,101.0,0,0
2020-08-29,93.0,97.0,0,0
2020-08-30,91.0,96.0,90,90
2020-08-31,90.0,95.0,90,90
2020-09-01,89.0,94.0,89,90
2020-09-02,88.0,92.0,90,90
2020-09-03,87.0,91.0,89,90
2020-09-04,86.0,90.0,89,89
2020-09-05,85.0,89.0,89,89
2020-09-06,85.0,89.0,89,89
2020-09-07,84.0,88.0,90,90
2020-09-08,84.0,87.0,90,91
2020-09-09,84.0,87.0,102,103
2020-09-10,83.0,87.0,102,102
2020-09-11,83.0,87.0,95,104
2020-09-12,83.0,87.0,95,95
2020-09-13,82.0,86.0,95,95
2020-09-14,82.0,86.0,95,96
2020-09-15,81.0,86.0,92,97
2020-09-16,81.0,85.0,96,99
2020-09-17,81.0,85.0,94,97
2020-09-18,81.0,85.0,92,95
2020-09-19,80.0,85.0,92,92
2020-09-20,80.0,84.0,92,92
2020-09-21,80.0,84.0,92,94
2020-09-22,80.0,84.0,94,98
2020-09-23,81.0,85.0,102,107
2020-09-24,81.0,85.0,101,102
2020-09-25,84.0,86.0,95,101
2020-09-26,87.0,89.0,95,95
2020-09-27,90.0,92.0,95,95
2020-09-28,93.0,95.0,91,95
2020-09-29,93.0,95.0,91,93
2020-09-30,94.0,95.0,92,93
2020-10-01,94.0,95.0,91,92
2020-10-02,93.0,95.0,76,91
2020-10-03,93.0,95.0,76,76
2020-10-04,92.0,94.0,76,76
2020-10-05,92.0,94.0,79,80
2020-10-06,92.0,94.0,84,87
2020-10-07,92.0,94.0,89,93
2020-10-08,89.0,94.0,0,89
2020-10-09,85.0,91.0,0,0
2020-10-10,82.0,87.0,0,0
2020-10-11,79.0,84.0,0,0
2020-10-12,79.0,84.0,91,91
2020-10-13,78.0,84.0,82,91
2020-10-14,78.0,83.0,93,93
2020-10-15,78.0,83.0,91,93
2020-10-16,78.0,83.0,82,91
2020-10-17,77.0,83.0,82,82
2020-10-18,77.0,82.0,82,82
2020-10-19,78.0,83.0,125,125
2020-10-20,79.0,84.0,117,125
2020-10-21,80.0,85.0,125,125
2020-10-22,81.0,86.0,122,126
2020-10-23,81.0,87.0,118,122
2020-10-24,82.0,87.0,118,118
2020-10-25,83.0,88.0,118,118
2020-10-26,83.0,89.0,111,120
2020-10-27,84.0,89.0,106,111
2020-10-28,84.0,90.0,105,106
2020-10-29,85.0,90.0,107,112
2020-10-30,85.0,91.0,102,108
2020-10-31,85.0,91.0,102,102
2020-11-01,86.0,91.0,102,102
2020-11-02,87.0,92.0,101,102
2020-11-03,88.0,94.0,108,111
2020-11-04,89.0,95.0,104,113
2020-11-05,90.0,95.0,104,105
2020-11-06,90.0,96.0,102,104
2020-11-07,93.0,96.0,102,102
2020-11-08,97.0,99.0,102,102
2020-11-09,100.0,103.0,101,102
2020-11-10,104.0,106.0,101,103
2020-11-11,104.0,107.0,103,104
2020-11-12,105.0,107.0,103,103
2020-11-13,105.0,107.0,93,103
2020-11-14,105.0,107.0,93,93
2020-11-15,105.0,107.0,93,93
2020-11-16,105.0,108.0,93,93
2020-11-17,106.0,108.0,92,94
2020-11-18,105.0,108.0,104,104
2020-11-19,104.0,107.0,93,104
2020-11-20,103.0,106.0,89,93
2020-11-21,102.0,105.0,89,89
2020-11-22,101.0,103.0,89,89
2020-11-23,100.0,103.0,88,91
2020-11-24,99.0,102.0,87,90
2020-11-25,99.0,101.0,99,99
2020-11-26,98.0,100.0,99,99
2020-11-27,98.0,100.0,93,100
2020-11-28,97.0,100.0,93,93
2020-11-29,97.0,99.0,93,93
2020-11-30,97.0,99.0,93,99
2020-12-01,97.0,99.0,95,97
2020-12-02,96.0,99.0,96,106
2020-12-03,96.0,99.0,96,96
2020-12-04,96.0,98.0,92,99
2020-12-05,95.0,98.0,92,92
2020-12-06,95.0,97.0,92,92
2020-12-07,95.0,97.0,94,94
2020-12-08,94.0,97.0,92,95
2020-12-09,94.0,97.0,94,97
2020-12-10,94.0,96.0,93,94
2020-12-11,93.0,96.0,84,93
2020-12-12,93.0,95.0,84,84
2020-12-13,92.0,95.0,84,84
2020-12-14,92.0,94.0,86,86
2020-12-15,92.0,94.0,82,87
2020-12-16,91.0,94.0,85,85
2020-12-17,91.0,94.0,83,85
2020-12-18,90.0,93.0,78,83
2020-12-19,90.0,92.0,78,78
2020-12-20,89.0,92.0,78,78
2020-12-21,89.0,91.0,78,78
2020-12-22,89.0,91.0,78,79
2020-12-23,88.0,90.0,79,79
2020-12-24,88.0,90.0,77,79
2020-12-25,87.0,89.0,77,77
2020-12-26,87.0,89.0,77,77
2020-12-27,86.0,88.0,77,77
2020-12-28,85.0,87.0,74,77
2020-12-29,85.0,87.0,73,74
2020-12-30,84.0,86.0,70,75
2020-12-31,83.0,85.0,70,70
2021-01-01,82.0,84.0,70,70
2021-01-02,81.0,83.0,70,70
2021-01-03,81.0,82.0,70,70
2021-01-04,80.0,81.0,70,71
2021-01-05,79.0,81.0,67,71
2021-01-06,79.0,80.0,79,80
2021-01-07,78.0,80.0,79,79
2021-01-08,77.0,79.0,73,79
2021-01-09,77.0,78.0,73,73
2021-01-10,76.0,78.0,73,73
2021-01-11,76.0,77.0,71,74
2021-01-12,76.0,77.0,71,73
2021-01-13,75.0,77.0,83,85
2021-01-14,75.0,77.0,81,83
2021-01-15,75.0,77.0,72,81
2021-01-16,75.0,76.0,72,72
2021-01-17,74.0,76.0,72,72
2021-01-18,74.0,76.0,71,72
2021-01-19,74.0,75.0,71,72
2021-01-20,74.0,75.0,75,75
2021-01-21,74.0,75.0,75,75
2021-01-22,74.0,75.0,75,75
2021-01-23,74.0,75.0,75,75
2021-01-24,73.0,75.0,75,75
2021-01-25,73.0,75.0,74,75
2021-01-26,73.0,75.0,75,75
2021-01-27,73.0,75.0,78,78
2021-01-28,74.0,75.0,86,86
2021-01-29,74.0,76.0,83,88
2021-01-30,75.0,76.0,83,83
2021-01-31,75.0,76.0,83,83
2021-02-01,76.0,77.0,80,83
2021-02-02,76.0,77.0,79,80
2021-02-03,76.0,78.0,76,81
2021-02-04,76.0,78.0,69,76
2021-02-05,76.0,77.0,66,69
2021-02-06,75.0,77.0,66,66
2021-02-07,75.0,76.0,66,66
2021-02-08,75.0,76.0,66,67
2021-02-09,74.0,76.0,66,66
2021-02-10,74.0,76.0,59,67
2021-02-11,74.0,75.0,59,59
2021-02-12,73.0,74.0,59,59
2021-02-13,72.0,74.0,59,59
2021-02-14,72.0,73.0,59,59
2021-02-15,71.0,72.0,59,59
2021-02-16,71.0,72.0,59,59
2021-02-17,70.0,72.0,59,59
2021-02-18,70.0,71.0,59,59
2021-02-19,70.0,71.0,59,59
2021-02-20,69.0,70.0,60,61
2021-02-21,69.0,70.0,61,61
2021-02-22,68.0,69.0,57,62
2021-02-23,67.0,69.0,56,57
2021-02-24,67.0,68.0,61,61
2021-02-25,66.0,68.0,59,61
2021-02-26,66.0,67.0,59,59
2021-02-27,65.0,66.0,59,59
2021-02-28,64.0,65.0,59,59
2021-03-01,63.0,64.0,59,59
2021-03-02,62.0,64.0,53,59
2021-03-03,61.0,63.0,55,57
2021-03-04,61.0,62.0,59,59
2021-03-05,60.0,61.0,57,59
2021-03-06,60.0,61.0,57,57
2021-03-07,59.0,60.0,57,57
2021-03-08,59.0,60.0,57,57
2021-03-09,59.0,60.0,51,57
2021-03-10,58.0,60.0,55,60
2021-03-11,58.0,59.0,53,55
2021-03-12,58.0,59.0,62,63
2021-03-13,58.0,59.0,62,62
2021-03-14,58.0,59.0,62,62
2021-03-15,58.0,59.0,62,62
2021-03-16,58.0,59.0,58,62
2021-03-17,58.0,60.0,61,63
2021-03-18,58.0,60.0,59,61
2021-03-19,58.0,60.0,65,66
2021-03-20,59.0,60.0,65,65
2021-03-21,59.0,60.0,65,65
2021-03-22,59.0,61.0,74,74
2021-03-23,60.0,61.0,70,76
2021-03-24,60.0,62.0,81,82
2021-03-25,61.0,63.0,81,86
2021-03-26,62.0,64.0,79,82
2021-03-27,62.0,64.0,79,79
2021-03-28,63.0,65.0,79,79
2021-03-29,64.0,66.0,79,84
2021-03-30,65.0,67.0,91,97
2021-03-31,67.0,70.0,135,139
2021-04-01,71.0,73.0,164,168
2021-04-02,75.0,77.0,164,164
2021-04-03,78.0,80.0,164,164
2021-04-04,82.0,84.0,164,164
2021-04-05,85.0,87.0,160,164
2021-04-06,89.0,91.0,156,161
2021-04-07,96.0,99.0,293,297
2021-04-08,104.0,107.0,289,293
2021-04-09,112.0,114.0,283,289
2021-04-10,120.0,122.0,283,283
2021-04-11,127.0,129.0,283,283
2021-04-12,134.0,137.0,283,283
2021-04-13,142.0,144.0,282,283
2021-04-14,149.0,151.0,280,285
2021-04-15,156.0,159.0,278,280
2021-04-16,168.0,171.0,417,421
2021-04-17,181.0,184.0,450,450
2021-04-18,194.0,196.0,450,450
2021-04-19,208.0,211.0,494,497
2021-04-20,223.0,225.0,493,494
2021-04-21,237.0,239.0,498,500
2021-04-22,251.0,253.0,498,498
2021-04-23,266.0,268.0,531,538
2021-04-24,282.0,284.0,566,566
2021-04-25,302.0,304.0,659,659
2021-04-26,321.0,323.0,651,661
2021-04-27,340.0,342.0,648,653
2021-04-28,361.0,364.0,714,722
2021-04-29,382.0,385.0,735,744
2021-04-30,402.0,405.0,726,735
2021-05-01,421.0,424.0,726,726
2021-05-02,439.0,442.0,726,726
2021-05-03,458.0,461.0,722,726
2021-05-04,476.0,480.0,713,722
2021-05-05,495.0,498.0,710,713
2021-05-06,513.0,516.0,707,710
2021-05-07,526.0,530.0,680,708
2021-05-08,539.0,543.0,680,680
2021-05-09,552.0,556.0,680,680
2021-05-10,565.0,569.0,674,680
2021-05-11,580.0,584.0,722,731
2021-05-12,594.0,599.0,711,722
2021-05-13,608.0,613.0,701,711
2021-05-14,623.0,628.0,716,725
2021-05-15,637.0,642.0,716,716
2021-05-16,647.0,652.0,716,716
2021-05-17,656.0,661.0,707,716
2021-05-18,664.0,669.0,688,707
2021-05-19,670.0,676.0,685,688
2021-05-20,677.0,683.0,699,717
2021-05-21,685.0,692.0,750,759
2021-05-22,694.0,700.0,750,750
2021-05-23,701.0,707.0,750,750
2021-05-24,707.0,713.0,745,750
2021-05-25,710.0,716.0,738,745
2021-05-26,712.0,719.0,730,738
2021-05-27,714.0,721.0,717,730
2021-05-28,714.0,721.0,700,717
2021-05-29,713.0,720.0,700,700
2021-05-30,712.0,719.0,700,700
2021-05-31,711.0,718.0,700,700
2021-06-01,711.0,717.0,710,717
2021-06-02,710.0,717.0,699,710
2021-06-03,711.0,718.0,742,748
2021-06-04,712.0,719.0,736,742
2021-06-05,713.0,720.0,736,736
2021-06-06,714.0,721.0,736,736
2021-06-07,716.0,722.0,724,736
2021-06-08,717.0,724.0,722,724
2021-06-09,720.0,726.0,747,752
2021-06-10,720.0,727.0,744,747
2021-06-11,721.0,728.0,736,744
2021-06-12,722.0,728.0,736,736
2021-06-13,723.0,729.0,736,736
2021-06-14,724.0,729.0,730,736
2021-06-15,724.0,730.0,729,730
2021-06-16,724.0,730.0,719,729
2021-06-17,726.0,731.0,727,735
2021-06-18,727.0,733.0,726,727
2021-06-19,728.0,733.0,726,726
2021-06-20,727.0,732.0,726,726
2021-06-21,726.0,731.0,706,726
2021-06-22,725.0,730.0,721,724
2021-06-23,724.0,729.0,708,721
2021-06-24,722.0,728.0,699,708
2021-06-25,721.0,727.0,688,699
2021-06-26,720.0,725.0,688,688
2021-06-27,721.0,725.0,725,725
2021-06-28,721.0,726.0,710,725
2021-06-29,721.0,727.0,702,710
2021-06-30,721.0,727.0,690,702
2021-07-01,721.0,727.0,719,729
2021-07-02,721.0,727.0,706,719
2021-07-03,720.0,726.0,706,706
2021-07-04,720.0,725.0,726,726
2021-07-05,719.0,725.0,726,726
2021-07-06,720.0,726.0,745,755
2021-07-07,720.0,726.0,725,745
2021-07-08,720.0,726.0,719,725
2021-07-09,718.0,725.0,697,719
2021-07-10,716.0,723.0,697,697
2021-07-11,716.0,722.0,717,717
2021-07-12,712.0,722.0,622,717
2021-07-13,710.0,720.0,670,671
2021-07-14,708.0,717.0,668,670
2021-07-15,707.0,717.0,706,718
2021-07-16,707.0,716.0,705,706
2021-07-17,706.0,715.0,705,705
2021-07-18,705.0,715.0,705,705
2021-07-19,704.0,714.0,703,705
2021-07-20,702.0,713.0,669,703
2021-07-21,701.0,711.0,667,669
2021-07-22,699.0,709.0,659,667
2021-07-23,697.0,707.0,648,661
2021-07-24,695.0,705.0,648,648
2021-07-25,695.0,704.0,676,676
2021-07-26,694.0,704.0,672,676
2021-07-27,692.0,702.0,664,672
2021-07-28,691.0,700.0,656,665
2021-07-29,689.0,699.0,645,656
2021-07-30,687.0,697.0,635,645
2021-07-31,684.0,694.0,635,635
2021-08-01,683.0,692.0,682,682
2021-08-02,682.0,691.0,676,682
2021-08-03,680.0,690.0,656,676
2021-08-04,677.0,687.0,652,656
2021-08-05,674.0,684.0,641,652
2021-08-06,671.0,681.0,630,641
2021-08-07,668.0,677.0,630,630
2021-08-08,667.0,676.0,672,672
2021-08-09,666.0,675.0,653,672
2021-08-10,663.0,673.0,635,653
2021-08-11,663.0,670.0,623,635
2021-08-12,661.0,669.0,625,631
2021-08-13,660.0,667.0,613,625
2021-08-14,658.0,665.0,646,646
2021-08-15,656.0,663.0,646,646
2021-08-16,653.0,661.0,628,646
2021-08-17,650.0,658.0,617,628
2021-08-18,648.0,657.0,655,666
2021-08-19,647.0,655.0,637,655
2021-08-20,646.0,654.0,627,637
2021-08-21,645.0,653.0,626,627
2021-08-22,646.0,653.0,665,665
2021-08-23,645.0,654.0,645,665
2021-08-24,645.0,654.0,661,685
2021-08-25,644.0,654.0,641,661
2021-08-26,642.0,653.0,619,641
2021-08-27,641.0,651.0,604,619
2021-08-28,639.0,649.0,604,604
2021-08-29,638.0,648.0,604,604
2021-08-30,637.0,647.0,600,604
2021-08-31,634.0,644.0,595,600
2021-09-01,631.0,641.0,588,595
2021-09-02,629.0,638.0,581,588
2021-09-03,626.0,636.0,582,585
2021-09-04,624.0,634.0,580,582
2021-09-05,623.0,632.0,580,580
2021-09-06,621.0,630.0,580,580
2021-09-07,620.0,628.0,625,629
2021-09-08,618.0,627.0,613,625
2021-09-09,616.0,626.0,578,613
2021-09-10,614.0,624.0,562,578
2021-09-11,612.0,621.0,561,562
2021-09-12,610.0,619.0,561,561
2021-09-13,607.0,616.0,544,561
2021-09-14,603.0,613.0,531,544
2021-09-15,599.0,609.0,515,531
2021-09-16,595.0,605.0,489,515
2021-09-17,589.0,600.0,484,489
2021-09-18,584.0,594.0,484,484
2021-09-19,581.0,590.0,534,534
2021-09-20,578.0,587.0,517,534
2021-09-21,573.0,583.0,522,532
2021-09-22,568.0,578.0,503,522
2021-09-23,567.0,576.0,615,636
2021-09-24,565.0,575.0,594,615
2021-09-25,564.0,573.0,592,594
2021-09-26,564.0,572.0,592,592
2021-09-27,563.0,572.0,572,592
2021-09-28,561.0,571.0,547,572
2021-09-29,558.0,569.0,529,557
2021-09-30,555.0,567.0,491,529
2021-10-01,551.0,564.0,474,495
2021-10-02,547.0,560.0,473,474
2021-10-03,544.0,556.0,473,473
2021-10-04,539.0,553.0,439,474
2021-10-05,534.0,548.0,418,439
2021-10-06,528.0,543.0,400,422
2021-10-07,520.0,535.0,378,402
2021-10-08,511.0,527.0,359,379
2021-10-09,504.0,518.0,358,359
2021-10-10,497.0,511.0,358,358
2021-10-11,490.0,504.0,343,358
2021-10-12,482.0,497.0,326,345
2021-10-13,474.0,490.0,322,336
2021-10-14,468.0,483.0,349,357
2021-10-15,462.0,477.0,336,350
2021-10-16,457.0,471.0,336,336
2021-10-17,452.0,466.0,336,336
2021-10-18,447.0,461.0,322,337
2021-10-19,441.0,456.0,368,375
2021-10-20,436.0,451.0,362,381
2021-10-21,431.0,445.0,360,362
2021-10-22,425.0,440.0,323,360
2021-10-23,415.0,429.0,323,323
2021-10-24,406.0,420.0,323,323
2021-10-25,397.0,411.0,309,323
2021-10-26,390.0,405.0,408,410
2021-10-27,385.0,399.0,421,427
2021-10-28,382.0,395.0,451,451
2021-10-29,380.0,392.0,446,452
2021-10-30,378.0,389.0,446,446
2021-10-31,380.0,390.0,531,531
2021-11-01,382.0,392.0,525,532
2021-11-02,383.0,394.0,528,530
2021-11-03,388.0,398.0,587,611
2021-11-04,396.0,405.0,642,651
2021-11-05,403.0,413.0,618,642
2021-11-06,411.0,420.0,618,618
2021-11-07,420.0,428.0,618,618
2021-11-08,428.0,437.0,614,618
2021-11-09,438.0,447.0,650,658
2021-11-10,448.0,456.0,650,650
2021-11-11,459.0,467.0,646,667
2021-11-12,469.0,477.0,625,646
2021-11-13,478.0,486.0,626,626
2021-11-14,488.0,496.0,626,626
2021-11-15,498.0,505.0,625,626
2021-11-16,506.0,515.0,594,625
2021-11-17,515.0,524.0,592,608
2021-11-18,522.0,531.0,561,592
2021-11-19,527.0,537.0,538,561
2021-11-20,533.0,543.0,538,538
2021-11-21,541.0,549.0,538,538
2021-11-22,547.0,556.0,508,539
2021-11-23,553.0,562.0,510,510
2021-11-24,560.0,569.0,514,516
2021-11-25,563.0,572.0,513,514
2021-11-26,566.0,575.0,503,513
2021-11-27,568.0,577.0,503,503
2021-11-28,570.0,579.0,503,503
2021-11-29,572.0,581.0,508,533
2021-11-30,570.0,581.0,485,511
2021-12-01,569.0,580.0,493,494
2021-12-02,567.0,578.0,465,493
2021-12-03,562.0,573.0,434,465
2021-12-04,555.0,566.0,434,434
2021-12-05,549.0,559.0,434,434
2021-12-06,543.0,553.0,433,434
2021-12-07,536.0,547.0,405,441
2021-12-08,529.0,540.0,403,406
2021-12-09,520.0,532.0,379,406
2021-12-10,509.0,523.0,340,381
2021-12-11,499.0,512.0,340,340
2021-12-12,490.0,502.0,340,340
2021-12-13,480.0,492.0,340,340
2021-12-14,470.0,483.0,314,342
2021-12-15,460.0,473.0,333,335
2021-12-16,450.0,463.0,299,339
2021-12-17,439.0,453.0,271,301
2021-12-18,430.0,442.0,271,271
2021-12-19,421.0,433.0,271,271
2021-12-20,411.0,424.0,249,271
2021-12-21,400.0,414.0,214,254
2021-12-22,390.0,404.0,198,226
2021-12-23,380.0,394.0,200,201
2021-12-24,369.0,383.0,200,200
2021-12-25,359.0,373.0,200,200
2021-12-26,349.0,362.0,200,200
2021-12-27,339.0,352.0,200,200
2021-12-28,328.0,342.0,182,207
2021-12-29,317.0,331.0,184,188
2021-12-30,307.0,321.0,172,209
2021-12-31,296.0,310.0,172,172
2022-01-01,286.0,299.0,172,172
2022-01-02,277.0,290.0,172,172
2022-01-03,269.0,281.0,172,172
2022-01-04,259.0,272.0,157,181
2022-01-05,251.0,264.0,171,171
2022-01-06,243.0,255.0,171,171
2022-01-07,235.0,247.0,159,171
2022-01-08,227.0,239.0,159,159
2022-01-09,222.0,232.0,183,183
2022-01-10,217.0,227.0,170,184
2022-01-11,211.0,222.0,171,185
2022-01-12,205.0,216.0,163,176
2022-01-13,199.0,210.0,142,163
2022-01-14,192.0,204.0,109,143
2022-01-15,185.0,196.0,109,109
2022-01-16,180.0,190.0,109,109
2022-01-17,175.0,184.0,109,109
2022-01-18,170.0,180.0,132,150
2022-01-19,166.0,176.0,141,145
2022-01-20,164.0,172.0,139,141
2022-01-21,162.0,169.0,130,139
2022-01-22,159.0,167.0,130,130
2022-01-23,158.0,166.0,163,163
2022-01-24,157.0,165.0,161,163
2022-01-25,155.0,163.0,145,164
2022-01-26,153.0,162.0,146,147
2022-01-27,153.0,161.0,180,196
2022-01-28,152.0,161.0,166,182
2022-01-29,152.0,160.0,166,166
2022-01-30,152.0,159.0,166,166
2022-01-31,151.0,159.0,153,166
2022-02-01,151.0,159.0,151,158
2022-02-02,150.0,158.0,162,165
2022-02-03,152.0,159.0,197,197
2022-02-04,152.0,160.0,169,198
2022-02-05,152.0,160.0,169,169
2022-02-06,152.0,160.0,169,169
2022-02-07,152.0,160.0,153,169
2022-02-08,151.0,159.0,156,156
2022-02-09,150.0,158.0,155,156
2022-02-10,149.0,157.0,131,155
2022-02-11,147.0,156.0,92,133
2022-02-12,145.0,154.0,92,92
2022-02-13,144.0,152.0,92,92
2022-02-14,144.0,151.0,93,93
2022-02-15,144.0,152.0,111,138
2022-02-16,144.0,153.0,121,123
2022-02-17,145.0,153.0,138,154
2022-02-18,144.0,153.0,139,141
2022-02-19,144.0,153.0,139,139
2022-02-20,145.0,153.0,139,139
2022-02-21,145.0,153.0,139,139
2022-02-22,143.0,152.0,112,149
2022-02-23,142.0,151.0,115,116
2022-02-24,140.0,149.0,75,115
2022-02-25,137.0,147.0,62,79
2022-02-26,133.0,143.0,62,62
2022-02-27,129.0,139.0,62,62
2022-02-28,125.0,135.0,48,62
2022-03-01,122.0,132.0,75,87
2022-03-02,120.0,130.0,77,82
2022-03-03,118.0,128.0,92,105
2022-03-04,115.0,125.0,75,92
2022-03-05,111.0,121.0,75,75
2022-03-06,108.0,118.0,94,94
2022-03-07,106.0,115.0,94,94
2022-03-08,104.0,113.0,99,102
2022-03-09,102.0,111.0,98,101
2022-03-10,100.0,109.0,92,98
2022-03-11,98.0,108.0,103,131
2022-03-12,97.0,106.0,103,103
2022-03-13,98.0,106.0,128,128
2022-03-14,99.0,107.0,119,128
2022-03-15,101.0,110.0,141,172
2022-03-16,102.0,112.0,135,152
2022-03-17,104.0,114.0,166,181
2022-03-18,105.0,115.0,157,169
2022-03-19,106.0,115.0,157,157
2022-03-20,107.0,116.0,176,176
2022-03-21,108.0,118.0,177,177
2022-03-22,108.0,119.0,147,179
2022-03-23,110.0,121.0,175,199
2022-03-24,111.0,122.0,150,187
2022-03-25,113.0,124.0,169,180
2022-03-26,116.0,126.0,169,169
2022-03-27,119.0,129.0,169,169
2022-03-28,124.0,134.0,200,215
2022-03-29,129.0,139.0,196,216
2022-03-30,136.0,147.0,275,289
2022-03-31,142.0,154.0,261,286
2022-04-01,148.0,160.0,237,262
2022-04-02,152.0,164.0,236,237
2022-04-03,158.0,169.0,236,236
2022-04-04,163.0,174.0,220,236
2022-04-05,168.0,180.0,258,263
2022-04-06,173.0,185.0,249,262
2022-04-07,179.0,192.0,284,302
2022-04-08,185.0,198.0,256,288
2022-04-09,190.0,204.0,256,256
2022-04-10,196.0,208.0,278,278
2022-04-11,202.0,216.0,283,326
2022-04-12,206.0,221.0,252,294
2022-04-13,210.0,226.0,242,254
2022-04-14,214.0,229.0,266,270
2022-04-15,217.0,233.0,219,268
2022-04-16,219.0,234.0,232,232
2022-04-17,222.0,237.0,250,250
2022-04-18,225.0,240.0,229,250
2022-04-19,227.0,243.0,245,265
2022-04-20,229.0,246.0,236,247
2022-04-21,233.0,248.0,259,261
2022-04-22,236.0,251.0,259,273
2022-04-23,240.0,253.0,269,269
2022-04-24,243.0,256.0,269,269
2022-04-25,246.0,260.0,272,285
2022-04-26,250.0,265.0,285,308
2022-04-27,253.0,268.0,290,295
2022-04-28,258.0,272.0,336,353
2022-04-29,260.0,274.0,328,339
2022-04-30,262.0,275.0,328,328
2022-05-01,266.0,278.0,354,354
2022-05-02,273.0,286.0,442,460
2022-05-03,280.0,294.0,468,476
2022-05-04,288.0,302.0,451,470
2022-05-05,298.0,312.0,566,571
2022-05-06,309.0,323.0,572,587
2022-05-07,320.0,333.0,618,618
2022-05-08,332.0,344.0,618,618
2022-05-09,347.0,359.0,692,698
2022-05-10,361.0,373.0,686,693
2022-05-11,374.0,385.0,694,695
2022-05-12,390.0,400.0,727,737
2022-05-13,406.0,416.0,708,728
2022-05-14,420.0,430.0,708,708
2022-05-15,438.0,446.0,738,742
2022-05-16,454.0,464.0,737,758
2022-05-17,470.0,480.0,712,741
2022-05-18,486.0,495.0,703,718
2022-05-19,500.0,510.0,687,703
2022-05-20,515.0,525.0,660,690
2022-05-21,528.0,538.0,660,660
2022-05-22,541.0,551.0,661,661
2022-05-23,555.0,565.0,677,694
2022-05-24,569.0,580.0,701,707
2022-05-25,583.0,594.0,687,705
2022-05-26,595.0,606.0,651,687
2022-05-27,608.0,620.0,677,692
2022-05-28,620.0,630.0,677,677
2022-05-29,631.0,642.0,677,677
2022-05-30,644.0,654.0,697,697
2022-05-31,654.0,666.0,675,697
2022-06-01,662.0,673.0,660,689
2022-06-02,667.0,679.0,639,661
2022-06-03,673.0,686.0,634,670
2022-06-04,676.0,688.0,634,634
2022-06-05,678.0,690.0,634,634
2022-06-06,678.0,691.0,644,673
2022-06-07,679.0,692.0,622,648
2022-06-08,677.0,692.0,645,677
2022-06-09,675.0,690.0,612,645
2022-06-10,672.0,689.0,609,650
2022-06-11,668.0,684.0,609,609
2022-06-12,665.0,680.0,609,609
2022-06-13,661.0,678.0,614,649
2022-06-14,657.0,674.0,610,614
2022-06-15,654.0,670.0,628,646
2022-06-16,651.0,667.0,627,628
2022-06-17,647.0,664.0,599,629
2022-06-18,644.0,660.0,599,599
2022-06-19,642.0,657.0,599,599
2022-06-20,639.0,655.0,567,599
2022-06-21,636.0,652.0,552,572
2022-06-22,631.0,648.0,541,572
2022-06-23,625.0,643.0,515,541
2022-06-24,619.0,636.0,501,516
2022-06-25,614.0,630.0,500,501
2022-06-26,608.0,624.0,500,500
2022-06-27,601.0,618.0,472,519
2022-06-28,595.0,613.0,492,514
2022-06-29,588.0,607.0,489,516
2022-06-30,583.0,601.0,524,531
2022-07-01,578.0,596.0,521,533
2022-07-02,574.0,592.0,521,521
2022-07-03,570.0,587.0,521,521
2022-07-04,567.0,583.0,521,521
2022-07-05,562.0,579.0,497,527
2022-07-06,557.0,574.0,501,506
2022-07-07,556.0,572.0,572,596
2022-07-08,552.0,568.0,549,572
2022-07-09,550.0,565.0,549,549
2022-07-10,548.0,562.0,549,549
2022-07-11,547.0,562.0,559,601
2022-07-12,545.0,560.0,552,563
2022-07-13,542.0,557.0,543,555
2022-07-14,542.0,558.0,610,641
2022-07-15,541.0,557.0,598,613
2022-07-16,541.0,557.0,626,626
2022-07-17,542.0,557.0,626,626
2022-07-18,543.0,558.0,612,626
2022-07-19,543.0,558.0,606,614
2022-07-20,545.0,559.0,625,641
2022-07-21,548.0,563.0,656,678
2022-07-22,552.0,566.0,643,656
2022-07-23,556.0,569.0,644,644
2022-07-24,562.0,574.0,669,670
2022-07-25,567.0,581.0,655,698
2022-07-26,572.0,587.0,667,685
2022-07-27,579.0,592.0,659,669
2022-07-28,583.0,597.0,636,660
2022-07-29,588.0,601.0,621,636
2022-07-30,593.0,606.0,673,673
2022-07-31,598.0,610.0,673,673
2022-08-01,604.0,617.0,701,731
2022-08-02,611.0,625.0,736,741
2022-08-03,618.0,632.0,733,753
2022-08-04,625.0,639.0,712,737
2022-08-05,632.0,646.0,696,714
2022-08-06,637.0,651.0,725,725
2022-08-07,643.0,656.0,725,725
2022-08-08,648.0,662.0,706,726
2022-08-09,653.0,667.0,697,709
2022-08-10,657.0,671.0,695,712
2022-08-11,662.0,675.0,677,695
2022-08-12,665.0,679.0,659,678
2022-08-13,668.0,681.0,689,689
2022-08-14,671.0,683.0,689,689
2022-08-15,672.0,685.0,669,689
2022-08-16,674.0,687.0,667,672
2022-08-17,676.0,689.0,664,682
2022-08-18,676.0,691.0,633,678
2022-08-19,676.0,691.0,613,634
2022-08-20,675.0,689.0,628,629
2022-08-21,675.0,688.0,628,628
2022-08-22,675.0,689.0,665,682
2022-08-23,675.0,689.0,665,666
2022-08-24,675.0,688.0,642,672
2022-08-25,673.0,687.0,625,642
2022-08-26,672.0,686.0,604,631
2022-08-27,670.0,684.0,604,604
2022-08-28,671.0,684.0,631,631
2022-08-29,669.0,682.0,615,631
2022-08-30,668.0,681.0,644,646
2022-08-31,666.0,679.0,634,659
2022-09-01,664.0,678.0,690,718
2022-09-02,662.0,676.0,662,690
2022-09-03,660.0,674.0,666,666
2022-09-04,660.0,673.0,692,692
2022-09-05,659.0,672.0,692,692
2022-09-06,657.0,671.0,662,694
2022-09-07,656.0,669.0,665,671
2022-09-08,655.0,668.0,673,684
2022-09-09,653.0,667.0,654,673
2022-09-10,653.0,666.0,654,654
2022-09-11,652.0,665.0,654,654
2022-09-12,650.0,664.0,616,654
2022-09-13,648.0,662.0,624,646
2022-09-14,646.0,660.0,613,640
2022-09-15,644.0,659.0,593,631
2022-09-16,640.0,656.0,567,598
2022-09-17,639.0,654.0,601,601
2022-09-18,639.0,653.0,611,611
2022-09-19,638.0,653.0,593,628
2022-09-20,637.0,652.0,598,606
2022-09-21,635.0,650.0,602,611
2022-09-22,633.0,648.0,596,610
2022-09-23,630.0,646.0,576,597
2022-09-24,629.0,643.0,576,576
2022-09-25,628.0,641.0,576,576
2022-09-26,626.0,641.0,547,576
2022-09-27,623.0,638.0,547,551
2022-09-28,620.0,635.0,534,557
2022-09-29,616.0,632.0,512,534
2022-09-30,611.0,627.0,497,513
2022-10-01,605.0,619.0,497,497
2022-10-02,600.0,614.0,517,517
2022-10-03,595.0,610.0,517,545
2022-10-04,589.0,605.0,516,540
2022-10-05,584.0,599.0,528,537
2022-10-06,579.0,595.0,527,558
2022-10-07,574.0,590.0,516,527
2022-10-08,570.0,585.0,539,541
2022-10-09,568.0,582.0,586,586
2022-10-10,566.0,581.0,590,609
2022-10-11,564.0,580.0,612,619
2022-10-12,564.0,579.0,613,628
2022-10-13,564.0,579.0,618,642
2022-10-14,564.0,578.0,607,620
2022-10-15,564.0,578.0,616,621
2022-10-16,566.0,579.0,629,629
2022-10-17,567.0,580.0,628,634
2022-10-18,568.0,580.0,623,629
2022-10-19,569.0,580.0,619,624
2022-10-20,570.0,582.0,648,660
2022-10-21,572.0,583.0,644,649
2022-10-22,574.0,585.0,670,671
2022-10-23,577.0,588.0,670,670
2022-10-24,580.0,591.0,665,670
2022-10-25,585.0,596.0,707,718
2022-10-26,593.0,603.0,785,793
2022-10-27,600.0,611.0,777,786
2022-10-28,608.0,618.0,764,780
2022-10-29,616.0,626.0,762,764
2022-10-30,625.0,634.0,762,762
2022-10-31,633.0,643.0,748,762
2022-11-01,642.0,652.0,764,777
2022-11-02,650.0,660.0,777,789
2022-11-03,658.0,668.0,754,777
2022-11-04,666.0,676.0,768,787
2022-11-05,674.0,683.0,767,768
2022-11-06,683.0,691.0,767,767
2022-11-07,690.0,699.0,755,768
2022-11-08,696.0,705.0,764,778
2022-11-09,702.0,710.0,762,772
2022-11-10,707.0,716.0,767,785
2022-11-11,711.0,721.0,732,768
2022-11-12,714.0,724.0,732,732
2022-11-13,719.0,727.0,732,732
2022-11-14,722.0,731.0,715,732
2022-11-15,724.0,734.0,692,723
2022-11-16,726.0,737.0,701,712
2022-11-17,728.0,739.0,668,702
2022-11-18,729.0,741.0,658,674
2022-11-19,731.0,742.0,691,691
2022-11-20,732.0,743.0,691,691
2022-11-21,731.0,744.0,630,691
2022-11-22,730.0,743.0,630,640
2022-11-23,728.0,742.0,613,635
2022-11-24,725.0,738.0,613,613
2022-11-25,718.0,732.0,582,613
2022-11-26,711.0,726.0,582,582
2022-11-27,706.0,719.0,596,596
2022-11-28,700.0,714.0,583,598
2022-11-29,694.0,708.0,588,598
2022-11-30,688.0,703.0,581,595
2022-12-01,682.0,696.0,573,581
2022-12-02,675.0,689.0,557,574
2022-12-03,668.0,682.0,563,571
2022-12-04,662.0,676.0,578,591
2022-12-05,655.0,670.0,557,585
2022-12-06,647.0,663.0,534,564
2022-12-07,639.0,655.0,517,534
2022-12-08,632.0,648.0,537,552
2022-12-09,624.0,640.0,521,540
2022-12-10,616.0,631.0,521,534
2022-12-11,608.0,623.0,509,521
2022-12-12,600.0,616.0,474,509
2022-12-13,590.0,607.0,445,477
2022-12-14,581.0,599.0,444,477
2022-12-15,572.0,590.0,426,465
2022-12-16,562.0,581.0,392,429
2022-12-17,551.0,570.0,349,392
2022-12-18,540.0,560.0,320,349
2022-12-19,526.0,547.0,287,320
2022-12-20,513.0,535.0,299,333
2022-12-21,501.0,522.0,268,299
2022-12-22,488.0,510.0,236,270
2022-12-23,475.0,497.0,215,246
2022-12-24,463.0,485.0,245,245
2022-12-25,451.0,472.0,245,245
2022-12-26,440.0,462.0,235,263
2022-12-27,428.0,450.0,229,247
2022-12-28,415.0,438.0,217,234
2022-12-29,402.0,425.0,196,217
2022-12-30,389.0,412.0,185,201
2022-12-31,376.0,399.0,178,185
2023-01-01,363.0,386.0,167,178
2023-01-02,349.0,372.0,149,167
2023-01-03,336.0,359.0,180,199
2023-01-04,324.0,346.0,187,200
2023-01-05,312.0,334.0,179,198
2023-01-06,300.0,322.0,168,181
2023-01-07,289.0,311.0,202,202
2023-01-08,279.0,301.0,237,237
2023-01-09,271.0,292.0,259,260
2023-01-10,263.0,284.0,278,280
2023-01-11,257.0,276.0,294,298
2023-01-12,252.0,271.0,307,313
2023-01-13,248.0,266.0,302,321
2023-01-14,244.0,260.0,302,302
2023-01-15,241.0,256.0,302,302
2023-01-16,240.0,254.0,338,338
2023-01-17,241.0,255.0,350,357
2023-01-18,244.0,256.0,365,368
2023-01-19,246.0,258.0,360,397
2023-01-20,249.0,260.0,353,363
2023-01-21,254.0,265.0,402,402
2023-01-22,262.0,271.0,437,440
2023-01-23,269.0,279.0,464,464
2023-01-24,278.0,288.0,510,513
2023-01-25,287.0,296.0,511,513
2023-01-26,297.0,305.0,524,529
2023-01-27,307.0,315.0,516,529
2023-01-28,319.0,327.0,574,574
2023-01-29,333.0,341.0,606,606
2023-01-30,349.0,356.0,642,644
2023-01-31,365.0,371.0,643,644
2023-02-01,382.0,388.0,665,666
2023-02-02,398.0,404.0,650,665
2023-02-03,413.0,419.0,644,651
2023-02-04,428.0,433.0,637,644
2023-02-05,444.0,449.0,637,637
2023-02-06,458.0,463.0,632,638
2023-02-07,468.0,477.0,545,644
2023-02-08,479.0,487.0,571,572
2023-02-09,488.0,497.0,564,572
2023-02-10,497.0,506.0,544,571
2023-02-11,504.0,514.0,544,544
2023-02-12,512.0,521.0,541,544
2023-02-13,520.0,529.0,528,541
2023-02-14,528.0,537.0,534,541
2023-02-15,535.0,544.0,544,551
2023-02-16,542.0,552.0,573,578
2023-02-17,549.0,559.0,566,583
2023-02-18,556.0,565.0,585,586
2023-02-19,565.0,573.0,605,605
2023-02-20,571.0,580.0,596,605
2023-02-21,576.0,585.0,596,609
2023-02-22,581.0,590.0,612,615
2023-02-23,585.0,594.0,608,613
2023-02-24,587.0,597.0,586,615
2023-02-25,589.0,599.0,588,594
2023-02-26,591.0,601.0,584,588
2023-02-27,591.0,602.0,571,584
2023-02-28,590.0,601.0,569,572
2023-03-01,589.0,600.0,603,615
2023-03-02,588.0,599.0,604,631
2023-03-03,585.0,597.0,599,608
2023-03-04,585.0,596.0,641,644
2023-03-05,585.0,597.0,654,659
2023-03-06,586.0,598.0,671,682
2023-03-07,588.0,600.0,679,690
2023-03-08,589.0,602.0,679,689
2023-03-09,594.0,603.0,667,679
2023-03-10,596.0,606.0,653,671
2023-03-11,600.0,610.0,674,680
2023-03-12,605.0,614.0,690,695
2023-03-13,610.0,620.0,704,719
2023-03-14,616.0,626.0,729,739
2023-03-15,623.0,633.0,724,740
2023-03-16,629.0,639.0,708,739
2023-03-17,634.0,645.0,694,711
2023-03-18,638.0,648.0,688,694
2023-03-19,642.0,653.0,713,719
2023-03-20,648.0,659.0,737,759
2023-03-21,651.0,664.0,712,756
2023-03-22,655.0,668.0,703,721
2023-03-23,659.0,672.0,718,748
2023-03-24,662.0,676.0,703,722
2023-03-25,666.0,680.0,729,734
2023-03-26,672.0,685.0,768,774
2023-03-27,677.0,691.0,751,778
2023-03-28,683.0,698.0,743,781
2023-03-29,688.0,704.0,738,764
2023-03-30,694.0,710.0,739,761
2023-03-31,697.0,715.0,700,750
2023-04-01,700.0,717.0,691,700
2023-04-02,703.0,720.0,683,691
2023-04-03,704.0,722.0,678,705
2023-04-04,704.0,723.0,666,694
2023-04-05,704.0,722.0,651,672
2023-04-06,703.0,722.0,670,690
2023-04-07,703.0,722.0,653,679
2023-04-08,702.0,721.0,642,653
2023-04-09,701.0,720.0,631,642
2023-04-10,699.0,719.0,608,640
2023-04-11,697.0,717.0,628,637
2023-04-12,694.0,714.0,630,639
2023-04-13,691.0,712.0,639,665
2023-04-14,687.0,709.0,599,641
2023-04-15,683.0,704.0,591,599
2023-04-16,680.0,700.0,588,596
2023-04-17,676.0,697.0,566,605
2023-04-18,670.0,693.0,549,581
2023-04-19,664.0,687.0,561,584
2023-04-20,659.0,681.0,566,584
2023-04-21,655.0,677.0,577,592
2023-04-22,652.0,673.0,619,640
2023-04-23,649.0,670.0,609,619
2023-04-24,643.0,666.0,566,609
2023-04-25,640.0,662.0,662,677
2023-04-26,637.0,659.0,665,681
2023-04-27,633.0,655.0,619,665
2023-04-28,628.0,651.0,592,630
2023-04-29,622.0,645.0,574,592
2023-04-30,618.0,639.0,565,574
2023-05-01,613.0,635.0,547,565
2023-05-02,609.0,630.0,553,565
2023-05-03,607.0,628.0,616,622
2023-05-04,604.0,625.0,585,616
2023-05-05,600.0,622.0,545,589
2023-05-06,596.0,618.0,535,545
2023-05-07,592.0,613.0,530,539
2023-05-08,588.0,609.0,510,530
2023-05-09,584.0,605.0,512,522
2023-05-10,580.0,601.0,510,520
2023-05-11,576.0,597.0,495,510
2023-05-12,571.0,592.0,499,514
2023-05-13,565.0,587.0,456,501
2023-05-14,561.0,581.0,456,464
2023-05-15,555.0,576.0,431,460
2023-05-16,550.0,572.0,442,458
2023-05-17,546.0,567.0,447,468
2023-05-18,543.0,563.0,445,457
2023-05-19,539.0,559.0,429,461
2023-05-20,534.0,554.0,421,429
2023-05-21,528.0,548.0,412,421
2023-05-22,520.0,540.0,381,412
2023-05-23,516.0,537.0,488,518
2023-05-24,515.0,535.0,530,555
2023-05-25,512.0,534.0,580,623
2023-05-26,508.0,530.0,537,585
2023-05-27,505.0,526.0,529,537
2023-05-28,501.0,523.0,477,529
2023-05-29,498.0,519.0,476,486
2023-05-30,495.0,517.0,473,496
2023-05-31,494.0,515.0,509,532
2023-06-01,489.0,514.0,413,509
2023-06-02,481.0,507.0,389,434
2023-06-03,475.0,500.0,380,389
2023-06-04,469.0,493.0,370,380
2023-06-05,463.0,487.0,356,381
2023-06-06,459.0,484.0,417,433
2023-06-07,457.0,481.0,453,459
2023-06-08,454.0,479.0,410,454
2023-06-09,449.0,476.0,383,433
2023-06-10,446.0,472.0,379,387
2023-06-11,441.0,468.0,370,379
2023-06-12,438.0,464.0,364,381
2023-06-13,435.0,461.0,361,378
2023-06-14,434.0,460.0,413,429
2023-06-15,432.0,458.0,361,416
2023-06-16,428.0,455.0,339,365
2023-06-17,425.0,451.0,340,345
2023-06-18,422.0,447.0,336,340
2023-06-19,422.0,448.0,437,463
2023-06-20,423.0,449.0,433,450
2023-06-21,426.0,452.0,475,479
2023-06-22,425.0,451.0,460,497
2023-06-23,424.0,450.0,504,530
2023-06-24,421.0,446.0,499,509
2023-06-25,420.0,443.0,489,499
2023-06-26,418.0,442.0,468,493
2023-06-27,417.0,440.0,448,486
2023-06-28,415.0,439.0,413,458
2023-06-29,412.0,438.0,405,444
2023-06-30,410.0,436.0,426,465
2023-07-01,410.0,433.0,416,426
2023-07-02,410.0,432.0,408,416
2023-07-03,411.0,433.0,405,408
2023-07-04,412.0,434.0,405,405
2023-07-05,414.0,434.0,404,405
2023-07-06,414.0,433.0,403,404
2023-07-07,412.0,432.0,401,407
2023-07-08,414.0,432.0,462,467
2023-07-09,416.0,434.0,470,474
2023-07-10,419.0,436.0,460,470
2023-07-11,423.0,440.0,474,478
2023-07-12,428.0,445.0,519,541
2023-07-13,433.0,450.0,514,545
2023-07-14,436.0,455.0,503,562
2023-07-15,441.0,458.0,506,511
2023-07-16,446.0,463.0,504,506
2023-07-17,452.0,468.0,502,504
2023-07-18,457.0,474.0,486,514
2023-07-19,459.0,476.0,520,535
2023-07-20,463.0,480.0,539,557
2023-07-21,464.0,482.0,515,543
2023-07-22,465.0,483.0,494,517
2023-07-23,465.0,481.0,485,494
2023-07-24,463.0,481.0,452,502
2023-07-25,462.0,481.0,438,480
2023-07-26,462.0,480.0,476,488
2023-07-27,462.0,481.0,458,492
2023-07-28,463.0,481.0,447,463
2023-07-29,465.0,481.0,451,452
2023-07-30,466.0,481.0,469,474
2023-07-31,468.0,483.0,464,474
2023-08-01,471.0,486.0,497,518
2023-08-02,475.0,491.0,531,556
2023-08-03,478.0,496.0,507,550
2023-08-04,481.0,500.0,475,511
2023-08-05,483.0,502.0,473,479
2023-08-06,486.0,505.0,484,487
2023-08-07,486.0,506.0,479,508
2023-08-08,487.0,507.0,484,497
2023-08-09,489.0,509.0,523,538
2023-08-10,491.0,513.0,540,596
2023-08-11,492.0,514.0,542,558
2023-08-12,493.0,514.0,556,558
2023-08-13,496.0,515.0,576,578
2023-08-14,499.0,518.0,590,624
2023-08-15,502.0,523.0,620,641
2023-08-16,507.0,528.0,644,665
2023-08-17,513.0,535.0,649,703
2023-08-18,518.0,540.0,669,687
2023-08-19,523.0,544.0,698,702
2023-08-20,532.0,552.0,774,782
2023-08-21,541.0,561.0,774,776
2023-08-22,551.0,572.0,798,820
2023-08-23,563.0,583.0,816,824
2023-08-24,574.0,594.0,757,816
2023-08-25,583.0,603.0,736,759
2023-08-26,592.0,611.0,734,736
2023-08-27,601.0,620.0,727,738
2023-08-28,610.0,630.0,718,736
2023-08-29,620.0,640.0,754,782
2023-08-30,630.0,651.0,789,812
2023-08-31,639.0,662.0,741,835
2023-09-01,645.0,668.0,736,746
2023-09-02,653.0,674.0,740,741
2023-09-03,662.0,682.0,741,745
2023-09-04,671.0,692.0,747,760
2023-09-05,681.0,701.0,764,777
2023-09-06,690.0,711.0,778,794
2023-09-07,699.0,720.0,733,778
2023-09-08,706.0,727.0,731,737
2023-09-09,715.0,734.0,814,819
2023-09-10,724.0,743.0,812,817
2023-09-11,732.0,752.0,811,818
2023-09-12,741.0,760.0,832,839
2023-09-13,749.0,768.0,825,856
2023-09-14,755.0,774.0,798,828
2023-09-15,760.0,779.0,814,817
2023-09-16,766.0,783.0,809,814
2023-09-17,770.0,787.0,809,810
2023-09-18,774.0,791.0,804,812
2023-09-19,775.0,792.0,809,831
2023-09-20,778.0,797.0,877,910
2023-09-21,778.0,799.0,797,879
2023-09-22,778.0,799.0,802,817
2023-09-23,780.0,798.0,805,806
2023-09-24,782.0,800.0,808,809
2023-09-25,784.0,803.0,794,813
2023-09-26,787.0,805.0,804,815
2023-09-27,790.0,809.0,825,848
2023-09-28,791.0,810.0,790,825
2023-09-29,792.0,811.0,823,843
2023-09-30,795.0,811.0,821,823
2023-10-01,798.0,814.0,824,824
2023-10-02,801.0,816.0,818,828
2023-10-03,803.0,819.0,806,831
2023-10-04,805.0,822.0,819,829
2023-10-05,806.0,823.0,786,819
2023-10-06,806.0,823.0,780,802
2023-10-07,807.0,823.0,773,781
2023-10-08,809.0,825.0,769,773
2023-10-09,806.0,823.0,747,771
2023-10-10,805.0,821.0,762,764
2023-10-11,804.0,820.0,775,796
2023-10-12,800.0,818.0,738,775
2023-10-13,800.0,818.0,812,836
2023-10-14,800.0,817.0,809,812
2023-10-15,800.0,817.0,802,809
2023-10-16,800.0,817.0,812,813
2023-10-17,800.0,817.0,804,830
2023-10-18,801.0,818.0,826,832
2023-10-19,801.0,819.0,819,854
2023-10-20,801.0,819.0,883,910
2023-10-21,804.0,819.0,878,883
2023-10-22,806.0,821.0,877,878
2023-10-23,808.0,824.0,870,879
2023-10-24,811.0,826.0,870,888
2023-10-25,814.0,829.0,891,897
2023-10-26,815.0,832.0,851,892
2023-10-27,816.0,832.0,835,853
2023-10-28,817.0,832.0,834,836
2023-10-29,818.0,832.0,835,836
2023-10-30,820.0,834.0,883,901
2023-10-31,822.0,837.0,887,911
2023-11-01,826.0,842.0,940,964
2023-11-02,830.0,845.0,921,940
2023-11-03,833.0,850.0,922,976
2023-11-04,838.0,854.0,922,922
2023-11-05,842.0,858.0,923,923
2023-11-06,847.0,863.0,923,934
2023-11-07,852.0,868.0,910,927
2023-11-08,858.0,874.0,931,937
2023-11-09,863.0,879.0,907,931
2023-11-10,867.0,883.0,899,910
2023-11-11,872.0,887.0,892,899
2023-11-12,875.0,889.0,891,893
2023-11-13,878.0,892.0,894,900
2023-11-14,881.0,895.0,889,906
2023-11-15,884.0,899.0,907,916
2023-11-16,886.0,901.0,870,907
2023-11-17,887.0,903.0,860,897
2023-11-18,888.0,904.0,853,860
2023-11-19,887.0,902.0,851,854
2023-11-20,886.0,901.0,831,853
2023-11-21,884.0,899.0,814,839
2023-11-22,882.0,898.0,813,833
2023-11-23,880.0,895.0,807,813
2023-11-24,878.0,894.0,838,846
2023-11-25,877.0,892.0,837,838
2023-11-26,877.0,891.0,836,837
2023-11-27,877.0,892.0,835,848
2023-11-28,878.0,892.0,843,846
2023-11-29,876.0,891.0,842,866
2023-11-30,875.0,889.0,841,843
2023-12-01,871.0,885.0,832,847
2023-12-02,868.0,882.0,839,853
2023-12-03,866.0,877.0,835,839
2023-12-04,864.0,877.0,887,907
2023-12-05,862.0,876.0,863,893
2023-12-06,861.0,876.0,889,938
2023-12-07,860.0,876.0,876,918
2023-12-08,859.0,875.0,910,926
2023-12-09,859.0,875.0,908,913
2023-12-10,860.0,875.0,904,908
2023-12-11,859.0,875.0,878,906
2023-12-12,858.0,875.0,857,909
2023-12-13,856.0,876.0,846,910
2023-12-14,855.0,874.0,840,857
2023-12-15,854.0,873.0,872,890
2023-12-16,854.0,872.0,868,872
2023-12-17,854.0,871.0,863,868
2023-12-18,854.0,871.0,856,866
2023-12-19,854.0,872.0,857,882
2023-12-20,854.0,873.0,836,878
2023-12-21,854.0,873.0,812,837
2023-12-22,853.0,873.0,792,824
2023-12-23,853.0,872.0,789,792
2023-12-24,851.0,870.0,788,789
2023-12-25,849.0,868.0,788,788
2023-12-26,848.0,867.0,781,792
2023-12-27,845.0,866.0,772,815
2023-12-28,842.0,863.0,750,772
2023-12-29,840.0,860.0,768,769
2023-12-30,837.0,858.0,763,768
2023-12-31,835.0,855.0,763,763
2024-01-01,832.0,852.0,763,763
2024-01-02,830.0,849.0,758,766
2024-01-03,826.0,846.0,771,802
2024-01-04,822.0,842.0,739,772
2024-01-05,817.0,836.0,746,764
2024-01-06,812.0,830.0,736,746
2024-01-07,807.0,824.0,736,736
2024-01-08,800.0,818.0,720,741
2024-01-09,794.0,813.0,724,754
2024-01-10,789.0,808.0,725,758
2024-01-11,784.0,802.0,698,727
2024-01-12,779.0,795.0,700,712
2024-01-13,774.0,790.0,698,700
2024-01-14,769.0,784.0,698,698
2024-01-15,763.0,778.0,708,708
2024-01-16,758.0,773.0,703,709
2024-01-17,752.0,768.0,691,730
2024-01-18,746.0,763.0,659,715
2024-01-19,740.0,756.0,649,666
2024-01-20,734.0,750.0,648,651
2024-01-21,729.0,744.0,643,648
2024-01-22,724.0,739.0,628,652
2024-01-23,718.0,734.0,599,639
2024-01-24,712.0,729.0,616,626
2024-01-25,707.0,724.0,625,636
2024-01-26,701.0,718.0,606,636
2024-01-27,696.0,712.0,606,606
2024-01-28,691.0,707.0,606,606
2024-01-29,685.0,701.0,586,611
2024-01-30,678.0,696.0,566,605
2024-01-31,671.0,690.0,546,583
2024-02-01,663.0,683.0,523,546
2024-02-02,656.0,675.0,560,571
2024-02-03,650.0,668.0,560,560
2024-02-04,644.0,661.0,560,560
2024-02-05,638.0,655.0,559,566
2024-02-06,633.0,650.0,581,590
2024-02-07,629.0,646.0,599,623
2024-02-08,624.0,641.0,573,600
2024-02-09,619.0,636.0,587,600
2024-02-10,616.0,631.0,586,591
2024-02-11,614.0,629.0,642,642
2024-02-12,611.0,628.0,618,651
2024-02-13,608.0,625.0,608,634
2024-02-14,605.0,623.0,628,643
2024-02-15,603.0,622.0,627,665
2024-02-16,600.0,619.0,612,634
2024-02-17,600.0,616.0,645,647
2024-02-18,600.0,616.0,645,645
2024-02-19,600.0,616.0,654,656
2024-02-20,600.0,617.0,650,678
2024-02-21,601.0,617.0,645,663
2024-02-22,603.0,618.0,661,679
2024-02-23,605.0,621.0,676,714
2024-02-24,606.0,623.0,675,676
2024-02-25,609.0,625.0,692,693
2024-02-26,611.0,628.0,674,696
2024-02-27,613.0,630.0,650,681
2024-02-28,614.0,632.0,631,670
2024-02-29,616.0,634.0,614,660
2024-03-01,619.0,636.0,629,649
2024-03-02,622.0,639.0,625,629
2024-03-03,624.0,641.0,625,625
2024-03-04,626.0,644.0,598,646
2024-03-05,627.0,645.0,596,614
2024-03-06,633.0,651.0,730,738
2024-03-07,637.0,656.0,723,752
2024-03-08,646.0,664.0,850,862
2024-03-09,655.0,673.0,849,850
2024-03-10,664.0,681.0,849,849
2024-03-11,672.0,690.0,849,859
2024-03-12,679.0,698.0,853,893
2024-03-13,687.0,706.0,858,888
2024-03-14,695.0,714.0,832,867
2024-03-15,702.0,721.0,829,854
2024-03-16,708.0,727.0,819,829
2024-03-17,714.0,733.0,806,819
2024-03-18,719.0,738.0,784,820
2024-03-19,723.0,744.0,755,817
2024-03-20,727.0,749.0,781,788
2024-03-21,730.0,752.0,731,781
2024-03-22,733.0,755.0,738,759
2024-03-23,735.0,757.0,726,738
2024-03-24,736.0,758.0,721,726
2024-03-25,739.0,761.0,742,768
2024-03-26,740.0,763.0,736,758
2024-03-27,743.0,766.0,747,776
2024-03-28,745.0,768.0,717,749
2024-03-29,747.0,770.0,712,733
2024-03-30,751.0,772.0,706,712
2024-03-31,753.0,774.0,703,708
2024-04-01,755.0,777.0,697,723
2024-04-02,758.0,780.0,696,721
2024-04-03,762.0,783.0,720,746
2024-04-04,764.0,787.0,656,720
2024-04-05,761.0,785.0,652,689
2024-04-06,759.0,782.0,642,652
2024-04-07,751.0,774.0,630,642
2024-04-08,744.0,767.0,619,638
2024-04-09,736.0,761.0,633,648
2024-04-10,728.0,754.0,608,653
2024-04-11,719.0,744.0,571,609
2024-04-12,709.0,735.0,549,599
2024-04-13,699.0,724.0,539,549
2024-04-14,689.0,714.0,536,539
2024-04-15,680.0,704.0,547,554
2024-04-16,672.0,696.0,556,572
2024-04-17,666.0,690.0,606,622
2024-04-18,658.0,683.0,533,606
2024-04-19,650.0,676.0,539,578
2024-04-20,644.0,668.0,545,555
2024-04-21,637.0,661.0,533,545
2024-04-22,630.0,655.0,523,551
2024-04-23,623.0,649.0,507,545
2024-04-24,617.0,642.0,551,566
2024-04-25,610.0,635.0,541,551
2024-04-26,605.0,629.0,572,600
2024-04-27,600.0,623.0,563,572
2024-04-28,594.0,618.0,555,563
2024-04-29,589.0,613.0,553,571
2024-04-30,584.0,609.0,560,593
2024-05-01,580.0,606.0,571,630
2024-05-02,574.0,601.0,520,571
2024-05-03,569.0,595.0,551,567
2024-05-04,565.0,589.0,540,553
2024-05-05,561.0,584.0,540,540
2024-05-06,557.0,581.0,531,554
2024-05-07,553.0,578.0,505,543
2024-05-08,550.0,575.0,526,543
2024-05-09,545.0,571.0,483,526
2024-05-10,541.0,567.0,493,543
2024-05-11,539.0,563.0,488,499
2024-05-12,536.0,560.0,482,488
2024-05-13,534.0,558.0,460,494
2024-05-14,531.0,556.0,457,482
2024-05-15,529.0,554.0,474,483
2024-05-16,525.0,550.0,450,474
2024-05-17,519.0,546.0,438,495
2024-05-18,516.0,541.0,441,447
2024-05-19,513.0,536.0,440,441
2024-05-20,509.0,532.0,411,443
2024-05-21,505.0,529.0,424,431
2024-05-22,502.0,525.0,433,450
2024-05-23,503.0,526.0,537,565
2024-05-24,504.0,527.0,584,597
2024-05-25,506.0,528.0,586,588
2024-05-26,506.0,528.0,597,597
2024-05-27,508.0,529.0,598,607
2024-05-28,509.0,531.0,585,609
2024-05-29,509.0,531.0,574,591
2024-05-30,510.0,532.0,578,607
2024-05-31,511.0,533.0,617,658
2024-06-01,514.0,534.0,610,618
2024-06-02,516.0,536.0,612,622
2024-06-03,519.0,539.0,615,642
2024-06-04,521.0,542.0,592,622
2024-06-05,521.0,544.0,553,613
2024-06-06,525.0,547.0,607,643
2024-06-07,527.0,550.0,590,616
2024-06-08,531.0,552.0,591,596
2024-06-09,534.0,554.0,604,604
2024-06-10,540.0,561.0,675,715
2024-06-11,546.0,568.0,645,681
2024-06-12,554.0,575.0,697,714
2024-06-13,561.0,583.0,681,727
2024-06-14,569.0,591.0,711,717
2024-06-15,578.0,599.0,700,719
2024-06-16,586.0,606.0,700,700
2024-06-17,594.0,615.0,669,709
2024-06-18,602.0,623.0,671,702
2024-06-19,610.0,632.0,674,696
2024-06-20,618.0,640.0,645,680
2024-06-21,626.0,648.0,676,697
2024-06-22,631.0,653.0,683,689
2024-06-23,634.0,655.0,683,683
2024-06-24,636.0,659.0,657,708
2024-06-25,639.0,663.0,686,704
2024-06-26,643.0,667.0,700,718
2024-06-27,650.0,674.0,794,833
2024-06-28,657.0,682.0,802,822
2024-06-29,665.0,689.0,808,822
2024-06-30,672.0,694.0,817,817
2024-07-01,678.0,701.0,813,833
2024-07-02,686.0,710.0,838,873
2024-07-03,691.0,717.0,767,845
2024-07-04,697.0,722.0,767,781
2024-07-05,705.0,729.0,802,814
2024-07-06,712.0,734.0,812,817
2024-07-07,720.0,741.0,827,827
2024-07-08,727.0,750.0,818,852
2024-07-09,733.0,757.0,781,822
2024-07-10,737.0,760.0,785,801
2024-07-11,741.0,764.0,752,806
2024-07-12,744.0,768.0,800,822
2024-07-13,749.0,771.0,819,833
2024-07-14,752.0,775.0,822,822
2024-07-15,756.0,779.0,799,852
2024-07-16,758.0,783.0,786,811
2024-07-17,762.0,786.0,787,800
2024-07-18,767.0,790.0,806,816
2024-07-19,772.0,795.0,822,858
2024-07-20,778.0,800.0,818,831
2024-07-21,782.0,804.0,818,819
2024-07-22,786.0,810.0,804,852
2024-07-23,790.0,814.0,792,817
2024-07-24,795.0,818.0,795,812
2024-07-25,798.0,823.0,778,863
2024-07-26,799.0,826.0,750,792
2024-07-27,797.0,823.0,736,753
2024-07-28,795.0,820.0,736,736
2024-07-29,793.0,818.0,730,777
2024-07-30,789.0,816.0,698,742
2024-07-31,785.0,813.0,716,734
2024-08-01,783.0,810.0,773,798
2024-08-02,783.0,808.0,760,775
2024-08-03,783.0,808.0,769,791
2024-08-04,782.0,807.0,769,769
2024-08-05,779.0,805.0,737,781
2024-08-06,775.0,803.0,696,750
2024-08-07,771.0,798.0,698,716
2024-08-08,768.0,797.0,679,771
2024-08-09,764.0,793.0,668,682
2024-08-10,761.0,788.0,672,678
2024-08-11,756.0,783.0,652,672
2024-08-12,750.0,778.0,623,664
2024-08-13,743.0,772.0,624,638
2024-08-14,737.0,765.0,625,654
2024-08-15,733.0,761.0,665,678
2024-08-16,730.0,758.0,680,710
2024-08-17,725.0,753.0,678,691
2024-08-18,721.0,748.0,677,679
2024-08-19,715.0,743.0,643,683
2024-08-20,709.0,737.0,635,654
2024-08-21,703.0,730.0,624,651
2024-08-22,696.0,725.0,606,658
2024-08-23,690.0,719.0,596,631
2024-08-24,684.0,710.0,596,601
2024-08-25,679.0,704.0,596,596
2024-08-26,673.0,699.0,582,599
2024-08-27,668.0,694.0,576,583
2024-08-28,664.0,688.0,614,622
2024-08-29,662.0,685.0,618,642
2024-08-30,658.0,682.0,622,646
2024-08-31,653.0,676.0,620,627
2024-09-01,649.0,671.0,620,620
2024-09-02,644.0,666.0,619,633
2024-09-03,638.0,661.0,598,627
2024-09-04,635.0,656.0,634,637
2024-09-05,631.0,653.0,600,634
2024-09-06,629.0,650.0,615,643
2024-09-07,627.0,645.0,622,629
2024-09-08,625.0,643.0,623,623
2024-09-09,623.0,642.0,606,637
2024-09-10,622.0,641.0,613,630
2024-09-11,621.0,639.0,613,614
2024-09-12,621.0,638.0,611,613
2024-09-13,621.0,638.0,627,646
2024-09-14,620.0,638.0,645,668
2024-09-15,619.0,635.0,645,645
2024-09-16,618.0,634.0,636,661
2024-09-17,616.0,633.0,625,648
2024-09-18,617.0,633.0,680,682
2024-09-19,617.0,634.0,636,680
2024-09-20,618.0,636.0,660,696
2024-09-21,620.0,636.0,658,664
2024-09-22,622.0,637.0,658,658
2024-09-23,625.0,641.0,678,727
2024-09-24,628.0,644.0,676,699
2024-09-25,632.0,648.0,704,711
2024-09-26,636.0,653.0,715,719
2024-09-27,640.0,657.0,715,739
2024-09-28,642.0,659.0,693,720
2024-09-29,645.0,661.0,692,693
2024-09-30,647.0,664.0,690,720
2024-10-01,650.0,667.0,715,724
2024-10-02,653.0,671.0,721,736
2024-10-03,657.0,674.0,709,723
2024-10-04,659.0,676.0,676,713
2024-10-05,661.0,678.0,681,687
2024-10-06,663.0,680.0,681,681
2024-10-07,666.0,683.0,708,737
2024-10-08,669.0,686.0,699,715
2024-10-09,673.0,689.0,718,732
2024-10-10,676.0,692.0,718,719
2024-10-11,681.0,697.0,753,766
2024-10-12,686.0,703.0,769,769
2024-10-13,691.0,707.0,769,769
2024-10-14,695.0,710.0,773,780
2024-10-15,699.0,715.0,773,773
2024-10-16,704.0,718.0,773,773
2024-10-17,709.0,723.0,765,773
2024-10-18,711.0,725.0,761,765
2024-10-19,715.0,728.0,761,761
2024-10-20,719.0,730.0,761,761
2024-10-21,722.0,733.0,761,761
2024-10-22,726.0,737.0,761,761
2024-10-23,728.0,738.0,761,761
2024-10-24,731.0,740.0,761,761
2024-10-25,733.0,742.0,760,761
2024-10-26,735.0,743.0,761,761
2024-10-27,736.0,744.0,761,762
2024-10-28,738.0,745.0,761,761
2024-10-29,741.0,748.0,761,761
2024-10-30,743.0,749.0,761,761
2024-10-31,745.0,750.0,761,761
2024-11-01,747.0,752.0,782,798
2024-11-02,749.0,754.0,788,791
2024-11-03,753.0,757.0,788,788
2024-11-04,757.0,761.0,786,797
2024-11-05,760.0,764.0,778,789
2024-11-06,764.0,768.0,838,853
2024-11-07,770.0,774.0,875,876
2024-11-08,775.0,778.0,862,879
2024-11-09,780.0,783.0,860,870
2024-11-10,783.0,787.0,860,861
2024-11-11,785.0,790.0,835,864
2024-11-12,788.0,792.0,842,851
2024-11-13,791.0,795.0,860,864
2024-11-14,793.0,798.0,853,861
2024-11-15,797.0,802.0,884,895
2024-11-16,801.0,806.0,885,894
2024-11-17,805.0,810.0,885,885
2024-11-18,809.0,815.0,866,889
2024-11-19,811.0,818.0,845,877
2024-11-20,815.0,823.0,881,907
2024-11-21,819.0,827.0,880,883
2024-11-22,823.0,832.0,867,903
2024-11-23,827.0,836.0,872,873
2024-11-24,830.0,840.0,872,872
2024-11-25,833.0,843.0,847,876
2024-11-26,835.0,846.0,816,851
2024-11-27,837.0,850.0,811,865
2024-11-28,838.0,852.0,811,811
2024-11-29,840.0,854.0,810,830
2024-11-30,842.0,856.0,817,823
2024-12-01,843.0,857.0,817,819
2024-12-02,844.0,858.0,803,821
2024-12-03,844.0,858.0,791,806
2024-12-04,845.0,859.0,818,829
2024-12-05,846.0,860.0,814,820
2024-12-06,845.0,860.0,802,836
2024-12-07,842.0,858.0,808,812
2024-12-08,841.0,855.0,808,808
2024-12-09,838.0,853.0,769,811
2024-12-10,834.0,851.0,766,783
2024-12-11,834.0,849.0,816,816
2024-12-12,833.0,848.0,809,817
2024-12-13,831.0,846.0,794,821
2024-12-14,828.0,844.0,785,795
2024-12-15,825.0,841.0,785,785
2024-12-16,821.0,837.0,759,787
2024-12-17,817.0,833.0,770,778
2024-12-18,815.0,831.0,806,817
2024-12-19,813.0,829.0,786,820
2024-12-20,809.0,825.0,751,790
2024-12-21,805.0,821.0,756,756
2024-12-22,801.0,816.0,756,756
2024-12-23,796.0,812.0,733,758
2024-12-24,792.0,808.0,733,747
2024-12-25,788.0,803.0,733,733
2024-12-26,787.0,802.0,789,796
2024-12-27,786.0,799.0,788,795
2024-12-28,785.0,798.0,787,788
2024-12-29,784.0,797.0,783,787
2024-12-30,783.0,796.0,788,788
2024-12-31,783.0,795.0,790,796
2025-01-01,782.0,794.0,789,790
2025-01-02,782.0,794.0,798,807
2025-01-03,783.0,794.0,834,841
2025-01-04,784.0,795.0,840,841
2025-01-05,784.0,795.0,820,842
2025-01-06,784.0,796.0,810,821
2025-01-07,784.0,796.0,798,816
2025-01-08,786.0,797.0,827,832
2025-01-09,788.0,799.0,829,843
2025-01-10,788.0,799.0,820,833
2025-01-11,788.0,799.0,807,825
2025-01-12,788.0,799.0,783,807
2025-01-13,787.0,799.0,771,788
2025-01-14,787.0,799.0,763,783
2025-01-15,788.0,799.0,798,806
2025-01-16,790.0,801.0,822,833
2025-01-17,790.0,802.0,815,835
2025-01-18,791.0,802.0,826,828
2025-01-19,793.0,803.0,796,826
2025-01-20,794.0,805.0,800,804
2025-01-21,796.0,806.0,800,800
2025-01-22,798.0,809.0,811,828
2025-01-23,801.0,811.0,813,824
2025-01-24,804.0,815.0,823,835
2025-01-25,805.0,816.0,822,826
2025-01-26,806.0,816.0,822,822
2025-01-27,807.0,818.0,820,834
2025-01-28,810.0,821.0,855,862
2025-01-29,814.0,825.0,910,922
2025-01-30,818.0,829.0,913,919
2025-01-31,822.0,833.0,899,920
2025-02-01,825.0,837.0,912,914
2025-02-02,828.0,839.0,911,912
2025-02-03,830.0,842.0,904,924
2025-02-04,832.0,845.0,865,918
2025-02-05,834.0,848.0,891,912
2025-02-06,837.0,850.0,869,897
2025-02-07,838.0,852.0,875,889
2025-02-08,840.0,854.0,882,885
2025-02-09,842.0,855.0,882,882
2025-02-10,843.0,858.0,851,894
2025-02-11,845.0,860.0,843,867
2025-02-12,850.0,863.0,894,900
2025-02-13,854.0,868.0,901,908
2025-02-14,857.0,871.0,897,914
2025-02-15,860.0,874.0,909,912
2025-02-16,864.0,876.0,909,909
2025-02-17,866.0,879.0,901,923
