Date,Midnight population,24-hour population,Midnight population count,24-hour population count
2008-10-01,-1.0,-1.0,0,0
2008-10-02,-1.0,-1.0,0,0
2008-10-03,-1.0,-1.0,0,0
2008-10-04,-1.0,-1.0,0,0
2008-10-05,-1.0,-1.0,0,0
2008-10-06,-1.0,-1.0,0,0
2008-10-07,-1.0,-1.0,0,0
2008-10-08,-1.0,-1.0,0,0
2008-10-09,-1.0,-1.0,0,0
2008-10-10,-1.0,-1.0,0,0
2008-10-11,-1.0,-1.0,0,0
2008-10-12,-1.0,-1.0,0,0
2008-10-13,-1.0,-1.0,0,0
2008-10-14,-1.0,-1.0,0,0
2008-10-15,-1.0,-1.0,0,0
2008-10-16,-1.0,-1.0,0,0
2008-10-17,-1.0,-1.0,0,0
2008-10-18,-1.0,-1.0,0,0
2008-10-19,-1.0,-1.0,0,0
2008-10-20,-1.0,-1.0,0,0
2008-10-21,-1.0,-1.0,0,0
2008-10-22,-1.0,-1.0,0,0
2008-10-23,-1.0,-1.0,0,0
2008-10-24,-1.0,-1.0,0,0
2008-10-25,-1.0,-1.0,0,0
2008-10-26,-1.0,-1.0,0,0
2008-10-27,-1.0,-1.0,0,0
2008-10-28,-1.0,-1.0,0,0
2008-10-29,-1.0,-1.0,0,0
2008-10-30,0.0,0.0,0,0
2008-10-31,0.0,0.0,0,0
2008-11-01,0.0,0.0,0,0
2008-11-02,0.0,0.0,0,0
2008-11-03,0.0,0.0,0,0
2008-11-04,0.0,0.0,0,0
2008-11-05,0.0,0.0,0,0
2008-11-06,0.0,0.0,0,0
2008-11-07,0.0,0.0,0,0
2008-11-08,0.0,0.0,0,0
2008-11-09,0.0,0.0,0,0
2008-11-10,0.0,0.0,0,0
2008-11-11,0.0,0.0,0,0
2008-11-12,0.0,0.0,0,0
2008-11-13,0.0,0.0,0,0
2008-11-14,0.0,0.0,0,0
2008-11-15,0.0,0.0,0,0
2008-11-16,0.0,0.0,0,0
2008-11-17,0.0,0.0,0,0
2008-11-18,0.0,0.0,0,0
2008-11-19,0.0,0.0,0,0
2008-11-20,0.0,0.0,0,0
2008-11-21,0.0,0.0,0,0
2008-11-22,0.0,0.0,0,0
2008-11-23,0.0,0.0,0,0
2008-11-24,0.0,0.0,0,0
2008-11-25,0.0,0.0,0,0
2008-11-26,0.0,0.0,0,0
2008-11-27,0.0,0.0,0,0
2008-11-28,0.0,0.0,0,0
2008-11-29,0.0,0.0,0,0
2008-11-30,0.0,0.0,0,0
2008-12-01,0.0,0.0,0,0
2008-12-02,0.0,0.0,0,0
2008-12-03,0.0,0.0,0,0
2008-12-04,0.0,0.0,0,0
2008-12-05,0.0,0.0,0,0
2008-12-06,0.0,0.0,0,0
2008-12-07,0.0,0.0,0,0
2008-12-08,0.0,0.0,0,0
2008-12-09,0.0,0.0,0,0
2008-12-10,0.0,0.0,0,0
2008-12-11,0.0,0.0,0,0
2008-12-12,0.0,0.0,0,0
2008-12-13,0.0,0.0,0,0
2008-12-14,0.0,0.0,0,0
2008-12-15,0.0,0.0,0,0
2008-12-16,0.0,0.0,0,0
2008-12-17,0.0,0.0,0,0
2008-12-18,0.0,0.0,0,0
2008-12-19,0.0,0.0,0,0
2008-12-20,0.0,0.0,0,0
2008-12-21,0.0,0.0,0,0
2008-12-22,0.0,0.0,0,0
2008-12-23,0.0,0.0,0,0
2008-12-24,0.0,0.0,0,0
2008-12-25,0.0,0.0,0,0
2008-12-26,0.0,0.0,0,0
2008-12-27,0.0,0.0,0,0
2008-12-28,0.0,0.0,0,0
2008-12-29,0.0,0.0,0,0
2008-12-30,0.0,0.0,0,0
2008-12-31,0.0,0.0,0,0
2009-01-01,0.0,0.0,0,0
2009-01-02,0.0,0.0,0,0
2009-01-03,0.0,0.0,0,0
2009-01-04,0.0,0.0,0,0
2009-01-05,0.0,0.0,0,0
2009-01-06,0.0,0.0,0,0
2009-01-07,0.0,0.0,0,0
2009-01-08,0.0,0.0,0,0
2009-01-09,0.0,0.0,0,0
2009-01-10,0.0,0.0,0,0
2009-01-11,0.0,0.0,0,0
2009-01-12,0.0,0.0,0,0
2009-01-13,0.0,0.0,0,0
2009-01-14,0.0,0.0,0,0
2009-01-15,0.0,0.0,0,0
2009-01-16,0.0,0.0,0,0
2009-01-17,0.0,0.0,0,0
2009-01-18,0.0,0.0,0,0
2009-01-19,0.0,0.0,0,0
2009-01-20,0.0,0.0,0,0
2009-01-21,0.0,0.0,0,0
2009-01-22,0.0,0.0,0,0
2009-01-23,0.0,0.0,0,0
2009-01-24,0.0,0.0,0,0
2009-01-25,0.0,0.0,0,0
2009-01-26,0.0,0.0,0,0
2009-01-27,0.0,0.0,0,0
2009-01-28,0.0,0.0,0,0
2009-01-29,0.0,0.0,0,0
2009-01-30,0.0,0.0,0,0
2009-01-31,0.0,0.0,0,0
2009-02-01,0.0,0.0,0,0
2009-02-02,0.0,0.0,0,0
2009-02-03,0.0,0.0,0,0
2009-02-04,0.0,0.0,0,0
2009-02-05,0.0,0.0,0,0
2009-02-06,0.0,0.0,0,0
2009-02-07,0.0,0.0,0,0
2009-02-08,0.0,0.0,0,0
2009-02-09,0.0,0.0,0,0
2009-02-10,0.0,0.0,0,0
2009-02-11,0.0,0.0,0,0
2009-02-12,0.0,0.0,0,0
2009-02-13,0.0,0.0,0,0
2009-02-14,0.0,0.0,0,0
2009-02-15,0.0,0.0,0,0
2009-02-16,0.0,0.0,0,0
2009-02-17,0.0,0.0,0,0
2009-02-18,0.0,0.0,0,0
2009-02-19,0.0,0.0,0,0
2009-02-20,0.0,0.0,0,0
2009-02-21,0.0,0.0,0,0
2009-02-22,0.0,0.0,0,0
2009-02-23,0.0,0.0,0,0
2009-02-24,0.0,0.0,0,0
2009-02-25,0.0,0.0,0,0
2009-02-26,0.0,0.0,0,0
2009-02-27,0.0,0.0,0,0
2009-02-28,0.0,0.0,0,0
2009-03-01,0.0,0.0,0,0
2009-03-02,0.0,0.0,0,0
2009-03-03,0.0,0.0,0,0
2009-03-04,0.0,0.0,0,0
2009-03-05,0.0,0.0,0,0
2009-03-06,0.0,0.0,0,0
2009-03-07,0.0,0.0,0,0
2009-03-08,0.0,0.0,0,0
2009-03-09,0.0,0.0,0,0
2009-03-10,0.0,0.0,0,0
2009-03-11,0.0,0.0,0,0
2009-03-12,0.0,0.0,0,0
2009-03-13,0.0,0.0,0,0
2009-03-14,0.0,0.0,0,0
2009-03-15,0.0,0.0,0,0
2009-03-16,0.0,0.0,0,0
2009-03-17,0.0,0.0,0,0
2009-03-18,0.0,0.0,0,0
2009-03-19,0.0,0.0,0,0
2009-03-20,0.0,0.0,0,0
2009-03-21,0.0,0.0,0,0
2009-03-22,0.0,0.0,0,0
2009-03-23,0.0,0.0,0,0
2009-03-24,0.0,0.0,0,0
2009-03-25,0.0,0.0,0,0
2009-03-26,0.0,0.0,0,0
2009-03-27,0.0,0.0,0,0
2009-03-28,0.0,0.0,0,0
2009-03-29,0.0,0.0,0,0
2009-03-30,0.0,0.0,0,0
2009-03-31,0.0,0.0,0,0
2009-04-01,0.0,0.0,0,0
2009-04-02,0.0,0.0,0,0
2009-04-03,0.0,0.0,0,0
2009-04-04,0.0,0.0,0,0
2009-04-05,0.0,0.0,0,0
2009-04-06,0.0,0.0,0,0
2009-04-07,0.0,0.0,0,0
2009-04-08,0.0,0.0,0,0
2009-04-09,0.0,0.0,0,0
2009-04-10,0.0,0.0,0,0
2009-04-11,0.0,0.0,0,0
2009-04-12,0.0,0.0,0,0
2009-04-13,0.0,0.0,0,0
2009-04-14,0.0,0.0,0,0
2009-04-15,0.0,0.0,0,0
2009-04-16,0.0,0.0,0,0
2009-04-17,0.0,0.0,0,0
2009-04-18,0.0,0.0,0,0
2009-04-19,0.0,0.0,0,0
2009-04-20,0.0,0.0,0,0
2009-04-21,0.0,0.0,0,0
2009-04-22,0.0,0.0,0,0
2009-04-23,0.0,0.0,0,0
2009-04-24,0.0,0.0,0,0
2009-04-25,0.0,0.0,0,0
2009-04-26,0.0,0.0,0,0
2009-04-27,0.0,0.0,0,0
2009-04-28,0.0,0.0,0,0
2009-04-29,0.0,0.0,0,0
2009-04-30,0.0,0.0,0,0
2009-05-01,0.0,0.0,0,0
2009-05-02,0.0,0.0,0,0
2009-05-03,0.0,0.0,0,0
2009-05-04,0.0,0.0,0,0
2009-05-05,0.0,0.0,0,0
2009-05-06,0.0,0.0,0,0
2009-05-07,0.0,0.0,0,0
2009-05-08,0.0,0.0,0,0
2009-05-09,0.0,0.0,0,0
2009-05-10,0.0,0.0,0,0
2009-05-11,0.0,0.0,0,0
2009-05-12,0.0,0.0,0,0
2009-05-13,0.0,0.0,0,0
2009-05-14,0.0,0.0,0,0
2009-05-15,0.0,0.0,0,0
2009-05-16,0.0,0.0,0,0
2009-05-17,0.0,0.0,0,0
2009-05-18,0.0,0.0,0,0
2009-05-19,0.0,0.0,0,0
2009-05-20,0.0,0.0,0,0
2009-05-21,0.0,0.0,0,0
2009-05-22,0.0,0.0,0,0
2009-05-23,0.0,0.0,0,0
2009-05-24,0.0,0.0,0,0
2009-05-25,0.0,0.0,0,0
2009-05-26,0.0,0.0,0,0
2009-05-27,0.0,0.0,0,0
2009-05-28,0.0,0.0,0,0
2009-05-29,0.0,0.0,0,0
2009-05-30,0.0,0.0,0,0
2009-05-31,0.0,0.0,0,0
2009-06-01,0.0,0.0,0,0
2009-06-02,0.0,0.0,0,0
2009-06-03,0.0,0.0,0,0
2009-06-04,0.0,0.0,0,0
2009-06-05,0.0,0.0,0,0
2009-06-06,0.0,0.0,0,0
2009-06-07,0.0,0.0,0,0
2009-06-08,0.0,0.0,0,0
2009-06-09,0.0,0.0,0,0
2009-06-10,0.0,0.0,0,0
2009-06-11,0.0,0.0,0,0
2009-06-12,0.0,0.0,0,0
2009-06-13,0.0,0.0,0,0
2009-06-14,0.0,0.0,0,0
2009-06-15,0.0,0.0,0,0
2009-06-16,0.0,0.0,0,0
2009-06-17,0.0,0.0,0,0
2009-06-18,0.0,0.0,0,0
2009-06-19,0.0,0.0,0,0
2009-06-20,0.0,0.0,0,0
2009-06-21,0.0,0.0,0,0
2009-06-22,0.0,0.0,0,0
2009-06-23,0.0,0.0,0,0
2009-06-24,0.0,0.0,0,0
2009-06-25,0.0,0.0,0,0
2009-06-26,0.0,0.0,0,0
2009-06-27,0.0,0.0,0,0
2009-06-28,0.0,0.0,0,0
2009-06-29,0.0,0.0,0,0
2009-06-30,0.0,0.0,0,0
2009-07-01,0.0,0.0,0,0
2009-07-02,0.0,0.0,0,0
2009-07-03,0.0,0.0,0,0
2009-07-04,0.0,0.0,0,0
2009-07-05,0.0,0.0,0,0
2009-07-06,0.0,0.0,0,0
2009-07-07,0.0,0.0,0,0
2009-07-08,0.0,0.0,0,0
2009-07-09,0.0,0.0,0,0
2009-07-10,0.0,0.0,0,0
2009-07-11,0.0,0.0,0,0
2009-07-12,0.0,0.0,0,0
2009-07-13,0.0,0.0,0,0
2009-07-14,0.0,0.0,0,0
2009-07-15,0.0,0.0,0,0
2009-07-16,0.0,0.0,0,0
2009-07-17,0.0,0.0,0,0
2009-07-18,0.0,0.0,0,0
2009-07-19,0.0,0.0,0,0
2009-07-20,0.0,0.0,0,0
2009-07-21,0.0,0.0,0,0
2009-07-22,0.0,0.0,0,0
2009-07-23,0.0,0.0,0,0
2009-07-24,0.0,0.0,0,0
2009-07-25,0.0,0.0,0,0
2009-07-26,0.0,0.0,0,0
2009-07-27,0.0,0.0,0,0
2009-07-28,0.0,0.0,0,0
2009-07-29,0.0,0.0,0,0
2009-07-30,0.0,0.0,0,0
2009-07-31,0.0,0.0,0,0
2009-08-01,0.0,0.0,0,0
2009-08-02,0.0,0.0,0,0
2009-08-03,0.0,0.0,0,0
2009-08-04,0.0,0.0,0,0
2009-08-05,0.0,0.0,0,0
2009-08-06,0.0,0.0,0,0
2009-08-07,0.0,0.0,0,0
2009-08-08,0.0,0.0,0,0
2009-08-09,0.0,0.0,0,0
2009-08-10,0.0,0.0,0,0
2009-08-11,0.0,0.0,0,0
2009-08-12,0.0,0.0,0,0
2009-08-13,0.0,0.0,0,0
2009-08-14,0.0,0.0,0,0
2009-08-15,0.0,0.0,0,0
2009-08-16,0.0,0.0,0,0
2009-08-17,0.0,0.0,0,0
2009-08-18,0.0,0.0,0,0
2009-08-19,0.0,0.0,0,0
2009-08-20,0.0,0.0,0,0
2009-08-21,0.0,0.0,0,0
2009-08-22,0.0,0.0,0,0
2009-08-23,0.0,0.0,0,0
2009-08-24,0.0,0.0,0,0
2009-08-25,0.0,0.0,0,0
2009-08-26,0.0,0.0,0,0
2009-08-27,0.0,0.0,0,0
2009-08-28,0.0,0.0,0,0
2009-08-29,0.0,0.0,0,0
2009-08-30,0.0,0.0,0,0
2009-08-31,0.0,0.0,0,0
2009-09-01,0.0,0.0,0,0
2009-09-02,0.0,0.0,0,0
2009-09-03,0.0,0.0,0,0
2009-09-04,0.0,0.0,0,0
2009-09-05,0.0,0.0,0,0
2009-09-06,0.0,0.0,0,0
2009-09-07,0.0,0.0,0,0
2009-09-08,0.0,0.0,0,0
2009-09-09,0.0,0.0,0,0
2009-09-10,0.0,0.0,0,0
2009-09-11,0.0,0.0,0,0
2009-09-12,0.0,0.0,0,0
2009-09-13,0.0,0.0,0,0
2009-09-14,0.0,0.0,0,0
2009-09-15,0.0,0.0,0,0
2009-09-16,0.0,0.0,0,0
2009-09-17,0.0,0.0,0,0
2009-09-18,0.0,0.0,0,0
2009-09-19,0.0,0.0,0,0
2009-09-20,0.0,0.0,0,0
2009-09-21,0.0,0.0,0,0
2009-09-22,0.0,0.0,0,0
2009-09-23,0.0,0.0,0,0
2009-09-24,0.0,0.0,0,0
2009-09-25,0.0,0.0,0,0
2009-09-26,0.0,0.0,0,0
2009-09-27,0.0,0.0,0,0
2009-09-28,0.0,0.0,0,0
2009-09-29,0.0,0.0,0,0
2009-09-30,0.0,0.0,0,0
2009-10-01,0.0,0.0,0,0
2009-10-02,0.0,0.0,0,0
2009-10-03,0.0,0.0,0,0
2009-10-04,0.0,0.0,0,0
2009-10-05,0.0,0.0,0,0
2009-10-06,0.0,0.0,0,0
2009-10-07,0.0,0.0,0,0
2009-10-08,0.0,0.0,0,0
2009-10-09,0.0,0.0,0,0
2009-10-10,0.0,0.0,0,0
2009-10-11,0.0,0.0,0,0
2009-10-12,0.0,0.0,0,0
2009-10-13,0.0,0.0,0,0
2009-10-14,0.0,0.0,0,0
2009-10-15,0.0,0.0,0,0
2009-10-16,0.0,0.0,0,0
2009-10-17,0.0,0.0,0,0
2009-10-18,0.0,0.0,0,0
2009-10-19,0.0,0.0,0,0
2009-10-20,0.0,0.0,0,0
2009-10-21,0.0,0.0,0,0
2009-10-22,0.0,0.0,0,0
2009-10-23,0.0,0.0,0,0
2009-10-24,0.0,0.0,0,0
2009-10-25,0.0,0.0,0,0
2009-10-26,0.0,0.0,0,0
2009-10-27,0.0,0.0,0,0
2009-10-28,0.0,0.0,0,0
2009-10-29,0.0,0.0,0,0
2009-10-30,0.0,0.0,0,0
2009-10-31,0.0,0.0,0,0
2009-11-01,0.0,0.0,0,0
2009-11-02,0.0,0.0,0,0
2009-11-03,0.0,0.0,0,0
2009-11-04,0.0,0.0,0,0
2009-11-05,0.0,0.0,0,0
2009-11-06,0.0,0.0,0,0
2009-11-07,0.0,0.0,0,0
2009-11-08,0.0,0.0,0,0
2009-11-09,0.0,0.0,0,0
2009-11-10,0.0,0.0,0,0
2009-11-11,0.0,0.0,0,0
2009-11-12,0.0,0.0,0,0
2009-11-13,0.0,0.0,0,0
2009-11-14,0.0,0.0,0,0
2009-11-15,0.0,0.0,0,0
2009-11-16,0.0,0.0,0,0
2009-11-17,0.0,0.0,0,0
2009-11-18,0.0,0.0,0,0
2009-11-19,0.0,0.0,0,0
2009-11-20,0.0,0.0,0,0
2009-11-21,0.0,0.0,0,0
2009-11-22,0.0,0.0,0,0
2009-11-23,0.0,0.0,0,0
2009-11-24,0.0,0.0,0,0
2009-11-25,0.0,0.0,0,0
2009-11-26,0.0,0.0,0,0
2009-11-27,0.0,0.0,0,0
2009-11-28,0.0,0.0,0,0
2009-11-29,0.0,0.0,0,0
2009-11-30,0.0,0.0,0,0
2009-12-01,0.0,0.0,0,0
2009-12-02,0.0,0.0,0,0
2009-12-03,0.0,0.0,0,0
2009-12-04,0.0,0.0,0,0
2009-12-05,0.0,0.0,0,0
2009-12-06,0.0,0.0,0,0
2009-12-07,0.0,0.0,0,0
2009-12-08,0.0,0.0,0,0
2009-12-09,0.0,0.0,0,0
2009-12-10,0.0,0.0,0,0
2009-12-11,0.0,0.0,0,0
2009-12-12,0.0,0.0,0,0
2009-12-13,0.0,0.0,0,0
2009-12-14,0.0,0.0,0,0
2009-12-15,0.0,0.0,0,0
2009-12-16,0.0,0.0,0,0
2009-12-17,0.0,0.0,0,0
2009-12-18,0.0,0.0,0,0
2009-12-19,0.0,0.0,0,0
2009-12-20,0.0,0.0,0,0
2009-12-21,0.0,0.0,0,0
2009-12-22,0.0,0.0,0,0
2009-12-23,0.0,0.0,0,0
2009-12-24,0.0,0.0,0,0
2009-12-25,0.0,0.0,0,0
2009-12-26,0.0,0.0,0,0
2009-12-27,0.0,0.0,0,0
2009-12-28,0.0,0.0,0,0
2009-12-29,0.0,0.0,0,0
2009-12-30,0.0,0.0,0,0
2009-12-31,0.0,0.0,0,0
2010-01-01,0.0,0.0,0,0
2010-01-02,0.0,0.0,0,0
2010-01-03,0.0,0.0,0,0
2010-01-04,0.0,0.0,0,0
2010-01-05,0.0,0.0,0,0
2010-01-06,0.0,0.0,0,0
2010-01-07,0.0,0.0,0,0
2010-01-08,0.0,0.0,0,0
2010-01-09,0.0,0.0,0,0
2010-01-10,0.0,0.0,0,0
2010-01-11,0.0,0.0,0,0
2010-01-12,0.0,0.0,0,0
2010-01-13,0.0,0.0,0,0
2010-01-14,0.0,0.0,0,0
2010-01-15,0.0,0.0,0,0
2010-01-16,0.0,0.0,0,0
2010-01-17,0.0,0.0,0,0
2010-01-18,0.0,0.0,0,0
2010-01-19,0.0,0.0,0,0
2010-01-20,0.0,0.0,0,0
2010-01-21,0.0,0.0,0,0
2010-01-22,0.0,0.0,0,0
2010-01-23,0.0,0.0,0,0
2010-01-24,0.0,0.0,0,0
2010-01-25,0.0,0.0,0,0
2010-01-26,0.0,0.0,0,0
2010-01-27,0.0,0.0,0,0
2010-01-28,0.0,0.0,0,0
2010-01-29,0.0,0.0,0,0
2010-01-30,0.0,0.0,0,0
2010-01-31,0.0,0.0,0,0
2010-02-01,0.0,0.0,0,0
2010-02-02,0.0,0.0,0,0
2010-02-03,0.0,0.0,0,0
2010-02-04,0.0,0.0,0,0
2010-02-05,0.0,0.0,0,0
2010-02-06,0.0,0.0,0,0
2010-02-07,0.0,0.0,0,0
2010-02-08,0.0,0.0,0,0
2010-02-09,0.0,0.0,0,0
2010-02-10,0.0,0.0,0,0
2010-02-11,0.0,0.0,0,0
2010-02-12,0.0,0.0,0,0
2010-02-13,0.0,0.0,0,0
2010-02-14,0.0,0.0,0,0
2010-02-15,0.0,0.0,0,0
2010-02-16,0.0,0.0,0,0
2010-02-17,0.0,0.0,0,0
2010-02-18,0.0,0.0,0,0
2010-02-19,0.0,0.0,0,0
2010-02-20,0.0,0.0,0,0
2010-02-21,0.0,0.0,0,0
2010-02-22,0.0,0.0,0,0
2010-02-23,0.0,0.0,0,0
2010-02-24,0.0,0.0,0,0
2010-02-25,0.0,0.0,0,0
2010-02-26,0.0,0.0,0,0
2010-02-27,0.0,0.0,0,0
2010-02-28,0.0,0.0,0,0
2010-03-01,0.0,0.0,0,0
2010-03-02,0.0,0.0,0,0
2010-03-03,0.0,0.0,0,0
2010-03-04,0.0,0.0,0,0
2010-03-05,0.0,0.0,0,0
2010-03-06,0.0,0.0,0,0
2010-03-07,0.0,0.0,0,0
2010-03-08,0.0,0.0,0,0
2010-03-09,0.0,0.0,0,0
2010-03-10,0.0,0.0,0,0
2010-03-11,0.0,0.0,0,0
2010-03-12,0.0,0.0,0,0
2010-03-13,0.0,0.0,0,0
2010-03-14,0.0,0.0,0,0
2010-03-15,0.0,0.0,0,0
2010-03-16,0.0,0.0,0,0
2010-03-17,0.0,0.0,0,0
2010-03-18,0.0,0.0,0,0
2010-03-19,0.0,0.0,0,0
2010-03-20,0.0,0.0,0,0
2010-03-21,0.0,0.0,0,0
2010-03-22,0.0,0.0,0,0
2010-03-23,0.0,0.0,0,0
2010-03-24,0.0,0.0,0,0
2010-03-25,0.0,0.0,0,0
2010-03-26,0.0,0.0,0,0
2010-03-27,0.0,0.0,0,0
2010-03-28,0.0,0.0,0,0
2010-03-29,0.0,0.0,0,0
2010-03-30,0.0,0.0,0,0
2010-03-31,0.0,0.0,0,0
2010-04-01,0.0,0.0,0,0
2010-04-02,0.0,0.0,0,0
2010-04-03,0.0,0.0,0,0
2010-04-04,0.0,0.0,0,0
2010-04-05,0.0,0.0,0,0
2010-04-06,0.0,0.0,0,0
2010-04-07,0.0,0.0,0,0
2010-04-08,0.0,0.0,0,0
2010-04-09,0.0,0.0,0,0
2010-04-10,0.0,0.0,0,0
2010-04-11,0.0,0.0,0,0
2010-04-12,0.0,0.0,0,0
2010-04-13,0.0,0.0,0,0
2010-04-14,0.0,0.0,0,0
2010-04-15,0.0,0.0,0,0
2010-04-16,0.0,0.0,0,0
2010-04-17,0.0,0.0,0,0
2010-04-18,0.0,0.0,0,0
2010-04-19,0.0,0.0,0,0
2010-04-20,0.0,0.0,0,0
2010-04-21,0.0,0.0,0,0
2010-04-22,0.0,0.0,0,0
2010-04-23,0.0,0.0,0,0
2010-04-24,0.0,0.0,0,0
2010-04-25,0.0,0.0,0,0
2010-04-26,0.0,0.0,0,0
2010-04-27,0.0,0.0,0,0
2010-04-28,0.0,0.0,0,0
2010-04-29,0.0,0.0,0,0
2010-04-30,0.0,0.0,0,0
2010-05-01,0.0,0.0,0,0
2010-05-02,0.0,0.0,0,0
2010-05-03,0.0,0.0,0,0
2010-05-04,0.0,0.0,0,0
2010-05-05,0.0,0.0,0,0
2010-05-06,0.0,0.0,0,0
2010-05-07,0.0,0.0,0,0
2010-05-08,0.0,0.0,0,0
2010-05-09,0.0,0.0,0,0
2010-05-10,0.0,0.0,0,0
2010-05-11,0.0,0.0,0,0
2010-05-12,0.0,0.0,0,0
2010-05-13,0.0,0.0,0,0
2010-05-14,0.0,0.0,0,0
2010-05-15,0.0,0.0,0,0
2010-05-16,0.0,0.0,0,0
2010-05-17,0.0,0.0,0,0
2010-05-18,0.0,0.0,0,0
2010-05-19,0.0,0.0,0,0
2010-05-20,0.0,0.0,0,0
2010-05-21,0.0,0.0,0,0
2010-05-22,0.0,0.0,0,0
2010-05-23,0.0,0.0,0,0
2010-05-24,0.0,0.0,0,0
2010-05-25,0.0,0.0,0,0
2010-05-26,0.0,0.0,0,0
2010-05-27,0.0,0.0,0,0
2010-05-28,0.0,0.0,0,0
2010-05-29,0.0,0.0,0,0
2010-05-30,0.0,0.0,0,0
2010-05-31,0.0,0.0,0,0
2010-06-01,0.0,0.0,0,0
2010-06-02,0.0,0.0,0,0
2010-06-03,0.0,0.0,0,0
2010-06-04,0.0,0.0,0,0
2010-06-05,0.0,0.0,0,0
2010-06-06,0.0,0.0,0,0
2010-06-07,0.0,0.0,0,0
2010-06-08,0.0,0.0,0,0
2010-06-09,0.0,0.0,0,0
2010-06-10,0.0,0.0,0,0
2010-06-11,0.0,0.0,0,0
2010-06-12,0.0,0.0,0,0
2010-06-13,0.0,0.0,0,0
2010-06-14,0.0,0.0,0,0
2010-06-15,0.0,0.0,0,0
2010-06-16,0.0,0.0,0,0
2010-06-17,0.0,0.0,0,0
2010-06-18,0.0,0.0,0,0
2010-06-19,0.0,0.0,0,0
2010-06-20,0.0,0.0,0,0
2010-06-21,0.0,0.0,0,0
2010-06-22,0.0,0.0,0,0
2010-06-23,0.0,0.0,0,0
2010-06-24,0.0,0.0,0,0
2010-06-25,0.0,0.0,0,0
2010-06-26,0.0,0.0,0,0
2010-06-27,0.0,0.0,0,0
2010-06-28,0.0,0.0,0,0
2010-06-29,0.0,0.0,0,0
2010-06-30,0.0,0.0,0,0
2010-07-01,0.0,0.0,0,0
2010-07-02,0.0,0.0,0,0
2010-07-03,0.0,0.0,0,0
2010-07-04,0.0,0.0,0,0
2010-07-05,0.0,0.0,0,0
2010-07-06,0.0,0.0,0,0
2010-07-07,0.0,0.0,0,0
2010-07-08,0.0,0.0,0,0
2010-07-09,0.0,0.0,0,0
2010-07-10,0.0,0.0,0,0
2010-07-11,0.0,0.0,0,0
2010-07-12,0.0,0.0,0,0
2010-07-13,0.0,0.0,0,0
2010-07-14,0.0,0.0,0,0
2010-07-15,0.0,0.0,0,0
2010-07-16,0.0,0.0,0,0
2010-07-17,0.0,0.0,0,0
2010-07-18,0.0,0.0,0,0
2010-07-19,0.0,0.0,0,0
2010-07-20,0.0,0.0,0,0
2010-07-21,0.0,0.0,0,0
2010-07-22,0.0,0.0,0,0
2010-07-23,0.0,0.0,0,0
2010-07-24,0.0,0.0,0,0
2010-07-25,0.0,0.0,0,0
2010-07-26,0.0,0.0,0,0
2010-07-27,0.0,0.0,0,0
2010-07-28,0.0,0.0,0,0
2010-07-29,0.0,0.0,0,0
2010-07-30,0.0,0.0,0,0
2010-07-31,0.0,0.0,0,0
2010-08-01,0.0,0.0,0,0
2010-08-02,0.0,0.0,0,0
2010-08-03,0.0,0.0,0,0
2010-08-04,0.0,0.0,0,0
2010-08-05,0.0,0.0,0,0
2010-08-06,0.0,0.0,0,0
2010-08-07,0.0,0.0,0,0
2010-08-08,0.0,0.0,0,0
2010-08-09,0.0,0.0,0,0
2010-08-10,0.0,0.0,0,0
2010-08-11,0.0,0.0,0,0
2010-08-12,0.0,0.0,0,0
2010-08-13,0.0,0.0,0,0
2010-08-14,0.0,0.0,0,0
2010-08-15,0.0,0.0,0,0
2010-08-16,0.0,0.0,0,0
2010-08-17,0.0,0.0,0,0
2010-08-18,0.0,0.0,0,0
2010-08-19,0.0,0.0,0,0
2010-08-20,0.0,0.0,0,0
2010-08-21,0.0,0.0,0,0
2010-08-22,0.0,0.0,0,0
2010-08-23,0.0,0.0,0,0
2010-08-24,0.0,0.0,0,0
2010-08-25,0.0,0.0,0,0
2010-08-26,0.0,0.0,0,0
2010-08-27,0.0,0.0,0,0
2010-08-28,0.0,0.0,0,0
2010-08-29,0.0,0.0,0,0
2010-08-30,0.0,0.0,0,0
2010-08-31,0.0,0.0,0,0
2010-09-01,0.0,0.0,0,0
2010-09-02,0.0,0.0,0,0
2010-09-03,0.0,0.0,0,0
2010-09-04,0.0,0.0,0,0
2010-09-05,0.0,0.0,0,0
2010-09-06,0.0,0.0,0,0
2010-09-07,0.0,0.0,0,0
2010-09-08,0.0,0.0,0,0
2010-09-09,0.0,0.0,0,0
2010-09-10,0.0,0.0,0,0
2010-09-11,0.0,0.0,0,0
2010-09-12,0.0,0.0,0,0
2010-09-13,0.0,0.0,0,0
2010-09-14,0.0,0.0,0,0
2010-09-15,0.0,0.0,0,0
2010-09-16,0.0,0.0,0,0
2010-09-17,0.0,0.0,0,0
2010-09-18,0.0,0.0,0,0
2010-09-19,0.0,0.0,0,0
2010-09-20,0.0,0.0,0,0
2010-09-21,0.0,0.0,0,0
2010-09-22,0.0,0.0,0,0
2010-09-23,0.0,0.0,0,0
2010-09-24,0.0,0.0,0,0
2010-09-25,0.0,0.0,0,0
2010-09-26,0.0,0.0,0,0
2010-09-27,0.0,0.0,0,0
2010-09-28,0.0,0.0,0,0
2010-09-29,0.0,0.0,0,0
2010-09-30,0.0,0.0,0,0
2010-10-01,0.0,0.0,0,0
2010-10-02,0.0,0.0,0,0
2010-10-03,0.0,0.0,0,0
2010-10-04,0.0,0.0,0,0
2010-10-05,0.0,0.0,0,0
2010-10-06,0.0,0.0,0,0
2010-10-07,0.0,0.0,0,0
2010-10-08,0.0,0.0,0,0
2010-10-09,0.0,0.0,0,0
2010-10-10,0.0,0.0,0,0
2010-10-11,0.0,0.0,0,0
2010-10-12,0.0,0.0,0,0
2010-10-13,0.0,0.0,0,0
2010-10-14,0.0,0.0,0,0
2010-10-15,0.0,0.0,0,0
2010-10-16,0.0,0.0,0,0
2010-10-17,0.0,0.0,0,0
2010-10-18,0.0,0.0,0,0
2010-10-19,0.0,0.0,0,0
2010-10-20,0.0,0.0,0,0
2010-10-21,0.0,0.0,0,0
2010-10-22,0.0,0.0,0,0
2010-10-23,0.0,0.0,0,0
2010-10-24,0.0,0.0,0,0
2010-10-25,0.0,0.0,0,0
2010-10-26,0.0,0.0,0,0
2010-10-27,0.0,0.0,0,0
2010-10-28,0.0,0.0,0,0
2010-10-29,0.0,0.0,0,0
2010-10-30,0.0,0.0,0,0
2010-10-31,0.0,0.0,0,0
2010-11-01,0.0,0.0,0,0
2010-11-02,0.0,0.0,0,0
2010-11-03,0.0,0.0,0,0
2010-11-04,0.0,0.0,0,0
2010-11-05,0.0,0.0,0,0
2010-11-06,0.0,0.0,0,0
2010-11-07,0.0,0.0,0,0
2010-11-08,0.0,0.0,0,0
2010-11-09,0.0,0.0,0,0
2010-11-10,0.0,0.0,0,0
2010-11-11,0.0,0.0,0,0
2010-11-12,0.0,0.0,0,0
2010-11-13,0.0,0.0,0,0
2010-11-14,0.0,0.0,0,0
2010-11-15,0.0,0.0,0,0
2010-11-16,0.0,0.0,0,0
2010-11-17,0.0,0.0,0,0
2010-11-18,0.0,0.0,0,0
2010-11-19,0.0,0.0,0,0
2010-11-20,0.0,0.0,0,0
2010-11-21,0.0,0.0,0,0
2010-11-22,0.0,0.0,0,0
2010-11-23,0.0,0.0,0,0
2010-11-24,0.0,0.0,0,0
2010-11-25,0.0,0.0,0,0
2010-11-26,0.0,0.0,0,0
2010-11-27,0.0,0.0,0,0
2010-11-28,0.0,0.0,0,0
2010-11-29,0.0,0.0,0,0
2010-11-30,0.0,0.0,0,0
2010-12-01,0.0,0.0,0,0
2010-12-02,0.0,0.0,0,0
2010-12-03,0.0,0.0,0,0
2010-12-04,0.0,0.0,0,0
2010-12-05,0.0,0.0,0,0
2010-12-06,0.0,0.0,0,0
2010-12-07,0.0,0.0,0,0
2010-12-08,0.0,0.0,0,0
2010-12-09,0.0,0.0,0,0
2010-12-10,0.0,0.0,0,0
2010-12-11,0.0,0.0,0,0
2010-12-12,0.0,0.0,0,0
2010-12-13,0.0,0.0,0,0
2010-12-14,0.0,0.0,0,0
2010-12-15,0.0,0.0,0,0
2010-12-16,0.0,0.0,0,0
2010-12-17,0.0,0.0,0,0
2010-12-18,0.0,0.0,0,0
2010-12-19,0.0,0.0,0,0
2010-12-20,0.0,0.0,0,0
2010-12-21,0.0,0.0,0,0
2010-12-22,0.0,0.0,0,0
2010-12-23,0.0,0.0,0,0
2010-12-24,0.0,0.0,0,0
2010-12-25,0.0,0.0,0,0
2010-12-26,0.0,0.0,0,0
2010-12-27,0.0,0.0,0,0
2010-12-28,0.0,0.0,0,0
2010-12-29,0.0,0.0,0,0
2010-12-30,0.0,0.0,0,0
2010-12-31,0.0,0.0,0,0
2011-01-01,0.0,0.0,0,0
2011-01-02,0.0,0.0,0,0
2011-01-03,0.0,0.0,0,0
2011-01-04,0.0,0.0,0,0
2011-01-05,0.0,0.0,0,0
2011-01-06,0.0,0.0,0,0
2011-01-07,0.0,0.0,0,0
2011-01-08,0.0,0.0,0,0
2011-01-09,0.0,0.0,0,0
2011-01-10,0.0,0.0,0,0
2011-01-11,0.0,0.0,0,0
2011-01-12,0.0,0.0,0,0
2011-01-13,0.0,0.0,0,0
2011-01-14,0.0,0.0,0,0
2011-01-15,0.0,0.0,0,0
2011-01-16,0.0,0.0,0,0
2011-01-17,0.0,0.0,0,0
2011-01-18,0.0,0.0,0,0
2011-01-19,0.0,0.0,0,0
2011-01-20,0.0,0.0,0,0
2011-01-21,0.0,0.0,0,0
2011-01-22,0.0,0.0,0,0
2011-01-23,0.0,0.0,0,0
2011-01-24,0.0,0.0,0,0
2011-01-25,0.0,0.0,0,0
2011-01-26,0.0,0.0,0,0
2011-01-27,0.0,0.0,0,0
2011-01-28,0.0,0.0,0,0
2011-01-29,0.0,0.0,0,0
2011-01-30,0.0,0.0,0,0
2011-01-31,0.0,0.0,0,0
2011-02-01,0.0,0.0,0,0
2011-02-02,0.0,0.0,0,0
2011-02-03,0.0,0.0,0,0
2011-02-04,0.0,0.0,0,0
2011-02-05,0.0,0.0,0,0
2011-02-06,0.0,0.0,0,0
2011-02-07,0.0,0.0,0,0
2011-02-08,0.0,0.0,0,0
2011-02-09,0.0,0.0,0,0
2011-02-10,0.0,0.0,0,0
2011-02-11,0.0,0.0,0,0
2011-02-12,0.0,0.0,0,0
2011-02-13,0.0,0.0,0,0
2011-02-14,0.0,0.0,0,0
2011-02-15,0.0,0.0,0,0
2011-02-16,0.0,0.0,0,0
2011-02-17,0.0,0.0,0,0
2011-02-18,0.0,0.0,0,0
2011-02-19,0.0,0.0,0,0
2011-02-20,0.0,0.0,0,0
2011-02-21,0.0,0.0,0,0
2011-02-22,0.0,0.0,0,0
2011-02-23,0.0,0.0,0,0
2011-02-24,0.0,0.0,0,0
2011-02-25,0.0,0.0,0,0
2011-02-26,0.0,0.0,0,0
2011-02-27,0.0,0.0,0,0
2011-02-28,0.0,0.0,0,0
2011-03-01,0.0,0.0,0,0
2011-03-02,0.0,0.0,0,0
2011-03-03,0.0,0.0,0,0
2011-03-04,0.0,0.0,0,0
2011-03-05,0.0,0.0,0,0
2011-03-06,0.0,0.0,0,0
2011-03-07,0.0,0.0,0,0
2011-03-08,0.0,0.0,0,0
2011-03-09,0.0,0.0,0,0
2011-03-10,0.0,0.0,0,0
2011-03-11,0.0,0.0,0,0
2011-03-12,0.0,0.0,0,0
2011-03-13,0.0,0.0,0,0
2011-03-14,0.0,0.0,0,0
2011-03-15,0.0,0.0,0,0
2011-03-16,0.0,0.0,0,0
2011-03-17,0.0,0.0,0,0
2011-03-18,0.0,0.0,0,0
2011-03-19,0.0,0.0,0,0
2011-03-20,0.0,0.0,0,0
2011-03-21,0.0,0.0,0,0
2011-03-22,0.0,0.0,0,0
2011-03-23,0.0,0.0,0,0
2011-03-24,0.0,0.0,0,0
2011-03-25,0.0,0.0,0,0
2011-03-26,0.0,0.0,0,0
2011-03-27,0.0,0.0,0,0
2011-03-28,0.0,0.0,0,0
2011-03-29,0.0,0.0,0,0
2011-03-30,0.0,0.0,0,0
2011-03-31,0.0,0.0,0,0
2011-04-01,0.0,0.0,0,0
2011-04-02,0.0,0.0,0,0
2011-04-03,0.0,0.0,0,0
2011-04-04,0.0,0.0,0,0
2011-04-05,0.0,0.0,0,0
2011-04-06,0.0,0.0,0,0
2011-04-07,0.0,0.0,0,0
2011-04-08,0.0,0.0,0,0
2011-04-09,0.0,0.0,0,0
2011-04-10,0.0,0.0,0,0
2011-04-11,0.0,0.0,0,0
2011-04-12,0.0,0.0,0,0
2011-04-13,0.0,0.0,0,0
2011-04-14,0.0,0.0,0,0
2011-04-15,0.0,0.0,0,0
2011-04-16,0.0,0.0,0,0
2011-04-17,0.0,0.0,0,0
2011-04-18,0.0,0.0,0,0
2011-04-19,0.0,0.0,0,0
2011-04-20,0.0,0.0,0,0
2011-04-21,0.0,0.0,0,0
2011-04-22,0.0,0.0,0,0
2011-04-23,0.0,0.0,0,0
2011-04-24,0.0,0.0,0,0
2011-04-25,0.0,0.0,0,0
2011-04-26,0.0,0.0,0,0
2011-04-27,0.0,0.0,0,0
2011-04-28,0.0,0.0,0,0
2011-04-29,0.0,0.0,0,0
2011-04-30,0.0,0.0,0,0
2011-05-01,0.0,0.0,0,0
2011-05-02,0.0,0.0,0,0
2011-05-03,0.0,0.0,0,0
2011-05-04,0.0,0.0,0,0
2011-05-05,0.0,0.0,0,0
2011-05-06,0.0,0.0,0,0
2011-05-07,0.0,0.0,0,0
2011-05-08,0.0,0.0,0,0
2011-05-09,0.0,0.0,0,0
2011-05-10,0.0,0.0,0,0
2011-05-11,0.0,0.0,0,0
2011-05-12,0.0,0.0,0,0
2011-05-13,0.0,0.0,0,0
2011-05-14,0.0,0.0,0,0
2011-05-15,0.0,0.0,0,0
2011-05-16,0.0,0.0,0,0
2011-05-17,0.0,0.0,0,0
2011-05-18,0.0,0.0,0,0
2011-05-19,0.0,0.0,0,0
2011-05-20,0.0,0.0,0,0
2011-05-21,0.0,0.0,0,0
2011-05-22,0.0,0.0,0,0
2011-05-23,0.0,0.0,0,0
2011-05-24,0.0,0.0,0,0
2011-05-25,0.0,0.0,0,0
2011-05-26,0.0,0.0,0,0
2011-05-27,0.0,0.0,0,0
2011-05-28,0.0,0.0,0,0
2011-05-29,0.0,0.0,0,0
2011-05-30,0.0,0.0,0,0
2011-05-31,0.0,0.0,0,0
2011-06-01,0.0,0.0,0,0
2011-06-02,0.0,0.0,0,0
2011-06-03,0.0,0.0,0,0
2011-06-04,0.0,0.0,0,0
2011-06-05,0.0,0.0,0,0
2011-06-06,0.0,0.0,0,0
2011-06-07,0.0,0.0,0,0
2011-06-08,0.0,0.0,0,0
2011-06-09,0.0,0.0,0,0
2011-06-10,0.0,0.0,40,40
2011-06-11,0.0,0.0,87,87
2011-06-12,0.0,0.0,119,119
2011-06-13,0.0,0.0,119,119
2011-06-14,0.0,0.0,120,120
2011-06-15,0.0,0.0,130,130
2011-06-16,0.0,0.0,130,130
2011-06-17,0.0,0.0,130,130
2011-06-18,0.0,0.0,130,130
2011-06-19,0.0,0.0,130,130
2011-06-20,0.0,0.0,130,130
2011-06-21,0.0,0.0,131,131
2011-06-22,0.0,0.0,131,131
2011-06-23,0.0,0.0,131,131
2011-06-24,0.0,0.0,131,131
2011-06-25,0.0,0.0,131,131
2011-06-26,0.0,0.0,131,131
2011-06-27,0.0,0.0,131,131
2011-06-28,0.0,0.0,131,131
2011-06-29,0.0,0.0,131,131
2011-06-30,0.0,0.0,131,131
2011-07-01,0.0,0.0,132,132
2011-07-02,0.0,0.0,132,132
2011-07-03,0.0,0.0,132,132
2011-07-04,0.0,0.0,132,132
2011-07-05,0.0,0.0,133,133
2011-07-06,0.0,0.0,99,139
2011-07-07,0.0,0.0,99,99
2011-07-08,0.0,0.0,136,150
2011-07-09,125.0,127.0,186,186
2011-07-10,130.0,132.0,186,186
2011-07-11,135.0,137.0,227,228
2011-07-12,138.0,140.0,228,228
2011-07-13,142.0,144.0,228,228
2011-07-14,146.0,148.0,235,235
2011-07-15,148.0,151.0,186,237
2011-07-16,150.0,153.0,186,186
2011-07-17,152.0,155.0,188,188
2011-07-18,154.0,158.0,218,219
2011-07-19,159.0,163.0,260,268
2011-07-20,163.0,167.0,248,260
2011-07-21,165.0,171.0,190,248
2011-07-22,165.0,173.0,127,190
2011-07-23,164.0,173.0,127,127
2011-07-24,164.0,173.0,127,127
2011-07-25,164.0,172.0,127,127
2011-07-26,164.0,172.0,125,127
2011-07-27,164.0,172.0,124,125
2011-07-28,163.0,172.0,124,124
2011-07-29,162.0,173.0,96,178
2011-07-30,161.0,172.0,96,96
2011-07-31,160.0,171.0,96,96
2011-08-01,160.0,172.0,146,146
2011-08-02,161.0,172.0,144,146
2011-08-03,161.0,172.0,144,144
2011-08-04,162.0,174.0,160,177
2011-08-05,164.0,175.0,157,160
2011-08-06,166.0,176.0,157,157
2011-08-07,167.0,177.0,157,157
2011-08-08,166.0,176.0,157,157
2011-08-09,165.0,175.0,157,157
2011-08-10,158.0,172.0,24,157
2011-08-11,151.0,166.0,19,25
2011-08-12,145.0,160.0,60,61
2011-08-13,141.0,155.0,92,92
2011-08-14,139.0,152.0,126,126
2011-08-15,138.0,152.0,182,183
2011-08-16,139.0,152.0,191,191
2011-08-17,138.0,151.0,189,191
2011-08-18,136.0,150.0,197,237
2011-08-19,134.0,149.0,195,245
2011-08-20,134.0,147.0,195,195
2011-08-21,136.0,148.0,195,195
2011-08-22,138.0,150.0,180,195
2011-08-23,137.0,152.0,101,180
2011-08-24,135.0,151.0,56,101
2011-08-25,132.0,148.0,39,56
2011-08-26,129.0,145.0,34,39
2011-08-27,126.0,142.0,34,34
2011-08-28,124.0,138.0,34,34
2011-08-29,125.0,139.0,124,132
2011-08-30,126.0,140.0,127,127
2011-08-31,125.0,139.0,124,127
2011-09-01,120.0,139.0,1,124
2011-09-02,116.0,134.0,1,1
2011-09-03,110.0,128.0,1,1
2011-09-04,105.0,123.0,1,1
2011-09-05,100.0,117.0,1,1
2011-09-06,96.0,114.0,58,58
2011-09-07,93.0,111.0,58,58
2011-09-08,91.0,109.0,97,97
2011-09-09,94.0,107.0,97,97
2011-09-10,96.0,109.0,97,97
2011-09-11,97.0,110.0,97,97
2011-09-12,98.0,111.0,97,97
2011-09-13,98.0,111.0,135,136
2011-09-14,96.0,109.0,135,135
2011-09-15,95.0,107.0,136,136
2011-09-16,93.0,106.0,137,137
2011-09-17,91.0,102.0,137,137
2011-09-18,89.0,99.0,137,137
2011-09-19,87.0,97.0,137,137
2011-09-20,85.0,95.0,138,138
2011-09-21,81.0,95.0,67,203
2011-09-22,80.0,91.0,67,67
2011-09-23,80.0,90.0,67,67
2011-09-24,81.0,91.0,67,67
2011-09-25,83.0,92.0,67,67
2011-09-26,84.0,93.0,67,67
2011-09-27,85.0,94.0,67,67
2011-09-28,83.0,92.0,67,67
2011-09-29,79.0,90.0,2,67
2011-09-30,75.0,85.0,1,2
2011-10-01,75.0,81.0,1,1
2011-10-02,75.0,81.0,1,1
2011-10-03,75.0,81.0,1,1
2011-10-04,75.0,81.0,0,1
2011-10-05,74.0,81.0,0,0
2011-10-06,73.0,79.0,0,0
2011-10-07,71.0,77.0,0,0
2011-10-08,67.0,74.0,0,0
2011-10-09,64.0,71.0,0,0
2011-10-10,61.0,68.0,0,0
2011-10-11,58.0,64.0,0,0
2011-10-12,54.0,61.0,0,0
2011-10-13,50.0,59.0,2,69
2011-10-14,46.0,55.0,1,2
2011-10-15,41.0,50.0,1,1
2011-10-16,37.0,46.0,1,1
2011-10-17,33.0,42.0,23,23
2011-10-18,29.0,38.0,22,23
2011-10-19,24.0,34.0,2,22
2011-10-20,20.0,30.0,1,2
2011-10-21,18.0,23.0,0,1
2011-10-22,15.0,21.0,0,0
2011-10-23,13.0,18.0,0,0
2011-10-24,11.0,16.0,0,0
2011-10-25,9.0,14.0,0,0
2011-10-26,6.0,12.0,0,0
2011-10-27,4.0,9.0,0,0
2011-10-28,2.0,7.0,0,0
2011-10-29,2.0,5.0,0,0
2011-10-30,2.0,5.0,0,0
2011-10-31,2.0,5.0,0,0
2011-11-01,2.0,5.0,0,0
2011-11-02,2.0,5.0,0,0
2011-11-03,2.0,5.0,0,0
2011-11-04,2.0,5.0,0,0
2011-11-05,2.0,5.0,0,0
2011-11-06,2.0,5.0,0,0
2011-11-07,2.0,5.0,0,0
2011-11-08,2.0,5.0,0,0
2011-11-09,2.0,5.0,0,0
2011-11-10,2.0,5.0,0,0
2011-11-11,3.0,6.0,50,50
2011-11-12,7.0,7.0,96,96
2011-11-13,10.0,10.0,96,96
2011-11-14,13.0,14.0,97,97
2011-11-15,18.0,19.0,146,146
2011-11-16,22.0,23.0,146,146
2011-11-17,26.0,27.0,145,146
2011-11-18,29.0,31.0,106,146
2011-11-19,32.0,34.0,67,106
2011-11-20,34.0,37.0,67,67
2011-11-21,38.0,41.0,125,125
2011-11-22,42.0,45.0,124,126
2011-11-23,45.0,49.0,75,125
2011-11-24,47.0,52.0,75,75
2011-11-25,50.0,54.0,75,75
2011-11-26,52.0,57.0,75,75
2011-11-27,55.0,59.0,75,75
2011-11-28,57.0,62.0,75,75
2011-11-29,60.0,64.0,76,76
2011-11-30,61.0,67.0,26,76
2011-12-01,61.0,68.0,26,26
2011-12-02,63.0,69.0,42,42
2011-12-03,65.0,71.0,52,52
2011-12-04,66.0,72.0,55,55
2011-12-05,69.0,75.0,69,69
2011-12-06,71.0,77.0,70,70
2011-12-07,73.0,79.0,70,70
2011-12-08,76.0,83.0,87,110
2011-12-09,79.0,86.0,87,87
2011-12-10,82.0,89.0,87,87
2011-12-11,83.0,90.0,87,87
2011-12-12,83.0,90.0,84,87
2011-12-13,84.0,91.0,134,134
2011-12-14,85.0,92.0,134,134
2011-12-15,85.0,92.0,132,141
2011-12-16,84.0,92.0,132,134
2011-12-17,82.0,91.0,82,132
2011-12-18,82.0,89.0,82,82
2011-12-19,82.0,88.0,81,82
2011-12-20,83.0,89.0,84,86
2011-12-21,80.0,88.0,47,84
2011-12-22,77.0,85.0,47,47
2011-12-23,76.0,82.0,46,48
2011-12-24,76.0,81.0,46,46
2011-12-25,75.0,80.0,46,46
2011-12-26,74.0,80.0,46,46
2011-12-27,72.0,79.0,36,46
2011-12-28,71.0,77.0,36,36
2011-12-29,69.0,76.0,10,36
2011-12-30,68.0,74.0,10,10
2011-12-31,68.0,73.0,10,10
2012-01-01,67.0,72.0,10,10
2012-01-02,65.0,71.0,10,10
2012-01-03,64.0,69.0,10,10
2012-01-04,62.0,67.0,9,10
2012-01-05,60.0,65.0,10,11
2012-01-06,58.0,63.0,9,11
2012-01-07,55.0,60.0,7,9
2012-01-08,52.0,57.0,7,7
2012-01-09,50.0,55.0,7,7
2012-01-10,47.0,52.0,8,8
2012-01-11,44.0,49.0,7,8
2012-01-12,40.0,45.0,7,7
2012-01-13,36.0,41.0,7,8
2012-01-14,32.0,36.0,7,7
2012-01-15,28.0,32.0,7,7
2012-01-16,25.0,28.0,7,7
2012-01-17,23.0,26.0,8,8
2012-01-18,20.0,23.0,9,9
2012-01-19,18.0,21.0,9,9
2012-01-20,16.0,18.0,0,9
2012-01-21,15.0,17.0,0,0
2012-01-22,13.0,15.0,0,0
2012-01-23,12.0,13.0,0,0
2012-01-24,10.0,12.0,0,0
2012-01-25,9.0,10.0,0,0
2012-01-26,7.0,9.0,0,0
2012-01-27,6.0,8.0,0,0
2012-01-28,6.0,6.0,0,0
2012-01-29,6.0,6.0,0,0
2012-01-30,8.0,8.0,78,78
2012-01-31,10.0,11.0,78,78
2012-02-01,15.0,15.0,150,150
2012-02-02,18.0,20.0,110,150
2012-02-03,21.0,25.0,110,160
2012-02-04,25.0,28.0,110,110
2012-02-05,28.0,32.0,110,110
2012-02-06,33.0,36.0,145,146
2012-02-07,37.0,41.0,147,167
2012-02-08,42.0,46.0,142,147
2012-02-09,46.0,51.0,125,142
2012-02-10,51.0,56.0,157,157
2012-02-11,56.0,61.0,157,157
2012-02-12,62.0,67.0,199,199
2012-02-13,68.0,73.0,179,199
2012-02-14,72.0,79.0,118,179
2012-02-15,77.0,84.0,160,166
2012-02-16,79.0,89.0,91,160
2012-02-17,82.0,92.0,91,91
2012-02-18,87.0,97.0,141,141
2012-02-19,91.0,101.0,141,141
2012-02-20,96.0,106.0,141,141
2012-02-21,101.0,110.0,141,141
2012-02-22,107.0,117.0,188,191
2012-02-23,113.0,123.0,186,188
2012-02-24,119.0,129.0,185,190
2012-02-25,124.0,135.0,142,185
2012-02-26,129.0,140.0,142,142
2012-02-27,132.0,145.0,82,142
2012-02-28,134.0,148.0,87,94
2012-02-29,134.0,148.0,78,88
2012-03-01,133.0,148.0,42,79
2012-03-02,130.0,145.0,40,42
2012-03-03,127.0,141.0,40,40
2012-03-04,125.0,137.0,40,40
2012-03-05,123.0,136.0,58,61
2012-03-06,121.0,134.0,50,58
2012-03-07,118.0,131.0,49,50
2012-03-08,115.0,127.0,44,53
2012-03-09,111.0,123.0,43,44
2012-03-10,110.0,122.0,93,93
2012-03-11,108.0,120.0,93,93
2012-03-12,106.0,118.0,100,102
2012-03-13,104.0,116.0,147,149
2012-03-14,103.0,114.0,147,147
2012-03-15,103.0,113.0,122,148
2012-03-16,104.0,113.0,169,170
2012-03-17,106.0,114.0,169,169
2012-03-18,109.0,116.0,169,169
2012-03-19,108.0,117.0,111,169
2012-03-20,106.0,117.0,90,132
2012-03-21,105.0,115.0,89,92
2012-03-22,104.0,114.0,110,115
2012-03-23,99.0,112.0,52,111
2012-03-24,95.0,107.0,53,53
2012-03-25,90.0,103.0,53,53
2012-03-26,88.0,100.0,93,93
2012-03-27,88.0,99.0,132,134
2012-03-28,90.0,99.0,132,135
2012-03-29,93.0,102.0,189,189
2012-03-30,96.0,107.0,157,237
2012-03-31,99.0,110.0,134,157
2012-04-01,102.0,113.0,134,134
2012-04-02,105.0,117.0,135,157
2012-04-03,109.0,120.0,141,141
2012-04-04,112.0,125.0,172,192
2012-04-05,115.0,129.0,141,175
2012-04-06,118.0,133.0,139,192
2012-04-07,122.0,136.0,139,140
2012-04-08,125.0,140.0,146,146
2012-04-09,127.0,142.0,165,166
2012-04-10,130.0,146.0,163,213
2012-04-11,133.0,150.0,208,225
2012-04-12,133.0,152.0,138,208
2012-04-13,134.0,154.0,176,201
2012-04-14,136.0,156.0,191,206
2012-04-15,137.0,156.0,191,191
2012-04-16,138.0,157.0,191,191
2012-04-17,138.0,158.0,162,196
2012-04-18,139.0,158.0,157,180
2012-04-19,141.0,160.0,149,186
2012-04-20,144.0,164.0,177,205
2012-04-21,146.0,166.0,177,177
2012-04-22,150.0,168.0,177,177
2012-04-23,156.0,173.0,206,207
2012-04-24,160.0,179.0,197,226
2012-04-25,164.0,183.0,217,217
2012-04-26,167.0,186.0,206,218
2012-04-27,168.0,189.0,160,206
2012-04-28,168.0,188.0,180,180
2012-04-29,168.0,186.0,180,180
2012-04-30,171.0,188.0,212,212
2012-05-01,173.0,191.0,210,224
2012-05-02,176.0,193.0,210,210
2012-05-03,178.0,196.0,207,231
2012-05-04,180.0,197.0,230,231
2012-05-05,183.0,199.0,231,231
2012-05-06,186.0,200.0,217,231
2012-05-07,189.0,204.0,226,234
2012-05-08,190.0,207.0,177,253
2012-05-09,189.0,209.0,148,223
2012-05-10,188.0,208.0,147,184
2012-05-11,186.0,206.0,145,158
2012-05-12,186.0,204.0,139,153
2012-05-13,186.0,203.0,169,169
2012-05-14,185.0,202.0,159,186
2012-05-15,185.0,202.0,197,198
2012-05-16,186.0,203.0,197,197
2012-05-17,185.0,203.0,135,199
2012-05-18,184.0,202.0,132,156
2012-05-19,184.0,201.0,149,149
2012-05-20,184.0,200.0,171,175
2012-05-21,184.0,201.0,204,204
2012-05-22,185.0,202.0,203,204
2012-05-23,185.0,202.0,207,207
2012-05-24,185.0,201.0,183,222
2012-05-25,184.0,200.0,182,187
2012-05-26,183.0,199.0,182,182
2012-05-27,184.0,198.0,182,182
2012-05-28,183.0,200.0,148,222
2012-05-29,182.0,200.0,162,172
2012-05-30,181.0,199.0,175,185
2012-05-31,180.0,197.0,171,177
2012-06-01,177.0,197.0,130,212
2012-06-02,174.0,194.0,124,130
2012-06-03,171.0,191.0,144,144
2012-06-04,169.0,188.0,156,159
2012-06-05,168.0,187.0,181,195
2012-06-06,167.0,187.0,211,215
2012-06-07,167.0,186.0,187,221
2012-06-08,169.0,184.0,189,190
2012-06-09,170.0,185.0,189,189
2012-06-10,172.0,186.0,189,189
2012-06-11,172.0,187.0,148,189
2012-06-12,172.0,187.0,175,176
2012-06-13,172.0,187.0,171,185
2012-06-14,172.0,187.0,173,184
2012-06-15,171.0,186.0,189,190
2012-06-16,173.0,186.0,189,189
2012-06-17,175.0,187.0,189,189
2012-06-18,177.0,189.0,199,200
2012-06-19,178.0,190.0,205,205
2012-06-20,178.0,190.0,196,206
2012-06-21,178.0,190.0,204,211
2012-06-22,178.0,190.0,204,204
2012-06-23,177.0,190.0,162,212
2012-06-24,177.0,189.0,177,177
2012-06-25,177.0,190.0,203,203
2012-06-26,177.0,193.0,162,258
2012-06-27,179.0,192.0,212,215
2012-06-28,180.0,194.0,207,213
2012-06-29,181.0,195.0,198,209
2012-06-30,182.0,195.0,203,203
2012-07-01,185.0,196.0,223,223
2012-07-02,188.0,200.0,198,248
2012-07-03,186.0,202.0,105,199
2012-07-04,189.0,204.0,218,220
2012-07-05,190.0,204.0,218,219
2012-07-06,190.0,205.0,214,220
2012-07-07,191.0,204.0,214,214
2012-07-08,192.0,205.0,214,214
2012-07-09,192.0,206.0,214,214
2012-07-10,193.0,207.0,214,214
2012-07-11,195.0,210.0,209,300
2012-07-12,195.0,212.0,157,209
2012-07-13,194.0,212.0,156,196
2012-07-14,194.0,211.0,156,156
2012-07-15,194.0,211.0,199,200
2012-07-16,195.0,212.0,211,212
2012-07-17,195.0,213.0,209,211
2012-07-18,194.0,213.0,168,217
2012-07-19,192.0,212.0,145,168
2012-07-20,190.0,211.0,113,165
2012-07-21,186.0,208.0,94,113
2012-07-22,184.0,206.0,143,145
2012-07-23,184.0,204.0,165,167
2012-07-24,184.0,205.0,167,191
2012-07-25,182.0,205.0,164,205
2012-07-26,181.0,202.0,112,166
2012-07-27,177.0,199.0,98,147
2012-07-28,174.0,197.0,131,131
2012-07-29,172.0,194.0,131,131
2012-07-30,171.0,193.0,162,164
2012-07-31,170.0,192.0,193,193
2012-08-01,169.0,190.0,179,196
2012-08-02,170.0,189.0,136,181
2012-08-03,167.0,187.0,112,142
2012-08-04,163.0,183.0,120,120
2012-08-05,160.0,180.0,120,120
2012-08-06,157.0,177.0,120,120
2012-08-07,156.0,176.0,170,171
2012-08-08,153.0,174.0,133,170
2012-08-09,151.0,173.0,145,171
2012-08-10,149.0,168.0,162,170
2012-08-11,149.0,167.0,148,168
2012-08-12,149.0,166.0,176,176
2012-08-13,150.0,167.0,163,186
2012-08-14,149.0,168.0,188,226
2012-08-15,148.0,168.0,174,197
2012-08-16,145.0,166.0,111,177
2012-08-17,143.0,163.0,107,118
2012-08-18,142.0,161.0,108,108
2012-08-19,142.0,160.0,133,133
2012-08-20,144.0,161.0,140,146
2012-08-21,145.0,162.0,177,177
2012-08-22,145.0,163.0,176,177
2012-08-23,143.0,162.0,105,179
2012-08-24,142.0,160.0,126,126
2012-08-25,142.0,158.0,126,126
2012-08-26,143.0,158.0,126,126
2012-08-27,143.0,157.0,122,127
2012-08-28,143.0,157.0,123,124
2012-08-29,139.0,156.0,58,124
2012-08-30,136.0,153.0,107,108
2012-08-31,134.0,150.0,104,111
2012-09-01,133.0,148.0,105,105
2012-09-02,133.0,146.0,105,105
2012-09-03,132.0,146.0,106,106
2012-09-04,132.0,146.0,108,108
2012-09-05,132.0,146.0,129,129
2012-09-06,130.0,145.0,122,149
2012-09-07,130.0,144.0,125,128
2012-09-08,130.0,143.0,142,142
2012-09-09,130.0,142.0,160,160
2012-09-10,130.0,142.0,161,164
2012-09-11,130.0,142.0,156,161
2012-09-12,130.0,141.0,162,163
2012-09-13,128.0,141.0,149,213
2012-09-14,126.0,139.0,107,161
2012-09-15,127.0,138.0,141,141
2012-09-16,128.0,139.0,141,141
2012-09-17,128.0,140.0,90,141
2012-09-18,127.0,139.0,110,110
2012-09-19,128.0,140.0,170,173
2012-09-20,127.0,140.0,135,171
2012-09-21,126.0,139.0,151,151
2012-09-22,127.0,138.0,151,151
2012-09-23,128.0,139.0,151,151
2012-09-24,129.0,140.0,147,152
2012-09-25,129.0,141.0,142,151
2012-09-26,128.0,141.0,91,142
2012-09-27,126.0,140.0,67,92
2012-09-28,128.0,139.0,101,103
2012-09-29,128.0,139.0,103,103
2012-09-30,128.0,139.0,103,103
2012-10-01,127.0,139.0,80,108
2012-10-02,126.0,138.0,82,82
2012-10-03,126.0,138.0,89,101
2012-10-04,125.0,138.0,84,112
2012-10-05,123.0,137.0,63,93
2012-10-06,121.0,134.0,66,66
2012-10-07,119.0,132.0,66,66
2012-10-08,116.0,130.0,66,66
2012-10-09,114.0,128.0,108,115
2012-10-10,112.0,126.0,77,112
2012-10-11,109.0,124.0,74,79
2012-10-12,106.0,121.0,89,90
2012-10-13,104.0,118.0,80,110
2012-10-14,103.0,115.0,80,80
2012-10-15,100.0,113.0,39,84
2012-10-16,97.0,110.0,41,41
2012-10-17,94.0,107.0,26,41
2012-10-18,92.0,104.0,35,35
2012-10-19,91.0,103.0,131,131
2012-10-20,91.0,102.0,135,135
2012-10-21,90.0,101.0,135,135
2012-10-22,90.0,101.0,141,141
2012-10-23,88.0,102.0,101,191
2012-10-24,86.0,100.0,94,103
2012-10-25,84.0,98.0,76,94
2012-10-26,84.0,97.0,73,105
2012-10-27,84.0,97.0,86,86
2012-10-28,84.0,96.0,86,86
2012-10-29,84.0,97.0,110,110
2012-10-30,84.0,97.0,109,110
2012-10-31,84.0,97.0,71,109
2012-11-01,83.0,97.0,65,71
2012-11-02,82.0,95.0,47,65
2012-11-03,81.0,93.0,47,47
2012-11-04,81.0,93.0,77,77
2012-11-05,81.0,93.0,78,78
2012-11-06,81.0,94.0,56,85
2012-11-07,81.0,94.0,61,62
2012-11-08,79.0,92.0,53,61
2012-11-09,78.0,90.0,42,63
2012-11-10,77.0,89.0,42,42
2012-11-11,75.0,87.0,38,42
2012-11-12,73.0,85.0,27,38
2012-11-13,73.0,84.0,67,67
2012-11-14,74.0,84.0,75,75
2012-11-15,75.0,85.0,74,77
2012-11-16,80.0,89.0,158,158
2012-11-17,84.0,93.0,156,158
2012-11-18,85.0,94.0,156,156
2012-11-19,85.0,95.0,156,156
2012-11-20,86.0,96.0,156,156
2012-11-21,86.0,96.0,137,158
2012-11-22,87.0,94.0,137,137
2012-11-23,89.0,97.0,147,174
2012-11-24,92.0,99.0,158,158
2012-11-25,94.0,101.0,159,159
2012-11-26,97.0,103.0,166,166
2012-11-27,100.0,106.0,166,166
2012-11-28,100.0,108.0,125,166
2012-11-29,100.0,109.0,91,132
2012-11-30,102.0,110.0,150,155
2012-12-01,104.0,113.0,129,151
2012-12-02,107.0,115.0,129,129
2012-12-03,111.0,120.0,163,193
2012-12-04,114.0,123.0,162,163
2012-12-05,116.0,126.0,158,162
2012-12-06,117.0,128.0,73,158
2012-12-07,118.0,129.0,95,95
2012-12-08,120.0,130.0,95,95
2012-12-09,121.0,131.0,95,95
2012-12-10,123.0,133.0,99,99
2012-12-11,124.0,135.0,55,99
2012-12-12,124.0,136.0,37,57
2012-12-13,123.0,135.0,32,39
2012-12-14,122.0,134.0,45,45
2012-12-15,122.0,133.0,65,65
2012-12-16,119.0,130.0,65,65
2012-12-17,116.0,128.0,80,80
2012-12-18,115.0,127.0,128,131
2012-12-19,114.0,126.0,128,128
2012-12-20,113.0,125.0,120,128
2012-12-21,113.0,124.0,143,143
2012-12-22,113.0,125.0,143,143
2012-12-23,113.0,124.0,143,143
2012-12-24,113.0,123.0,142,143
2012-12-25,112.0,123.0,142,142
2012-12-26,111.0,122.0,138,142
2012-12-27,110.0,121.0,139,139
2012-12-28,111.0,120.0,140,140
2012-12-29,112.0,120.0,140,140
2012-12-30,112.0,120.0,140,140
2012-12-31,111.0,119.0,87,140
2013-01-01,109.0,118.0,87,87
2013-01-02,107.0,114.0,87,87
2013-01-03,104.0,112.0,72,87
2013-01-04,101.0,109.0,72,72
2013-01-05,101.0,106.0,72,72
2013-01-06,100.0,105.0,72,72
2013-01-07,99.0,104.0,71,72
2013-01-08,98.0,104.0,70,72
2013-01-09,97.0,103.0,54,70
2013-01-10,97.0,101.0,59,59
2013-01-11,98.0,102.0,58,59
2013-01-12,99.0,102.0,58,58
2013-01-13,99.0,103.0,41,58
2013-01-14,98.0,102.0,41,41
2013-01-15,97.0,101.0,31,41
2013-01-16,95.0,99.0,31,31
2013-01-17,92.0,96.0,39,39
2013-01-18,89.0,93.0,39,43
2013-01-19,86.0,90.0,39,39
2013-01-20,83.0,87.0,39,39
2013-01-21,79.0,84.0,39,39
2013-01-22,76.0,80.0,43,44
2013-01-23,73.0,77.0,39,43
2013-01-24,69.0,74.0,35,40
2013-01-25,66.0,70.0,46,48
2013-01-26,63.0,67.0,46,46
2013-01-27,60.0,64.0,46,46
2013-01-28,57.0,61.0,46,46
2013-01-29,54.0,58.0,46,47
2013-01-30,52.0,55.0,49,49
2013-01-31,51.0,54.0,46,50
2013-02-01,49.0,52.0,40,46
2013-02-02,48.0,51.0,41,41
2013-02-03,47.0,50.0,41,41
2013-02-04,46.0,49.0,41,41
2013-02-05,45.0,48.0,42,42
2013-02-06,44.0,47.0,41,42
2013-02-07,43.0,46.0,41,41
2013-02-08,43.0,45.0,39,41
2013-02-09,42.0,44.0,39,39
2013-02-10,41.0,43.0,39,39
2013-02-11,41.0,43.0,40,40
2013-02-12,41.0,42.0,38,40
2013-02-13,41.0,42.0,37,39
2013-02-14,41.0,42.0,35,37
2013-02-15,42.0,43.0,72,75
2013-02-16,43.0,45.0,73,73
2013-02-17,44.0,46.0,73,73
2013-02-18,46.0,47.0,73,73
2013-02-19,47.0,48.0,72,73
2013-02-20,47.0,49.0,59,73
2013-02-21,47.0,49.0,39,59
2013-02-22,48.0,50.0,58,59
2013-02-23,49.0,51.0,58,58
2013-02-24,50.0,52.0,90,90
2013-02-25,51.0,53.0,89,90
2013-02-26,53.0,55.0,87,89
2013-02-27,54.0,56.0,75,87
2013-02-28,55.0,57.0,79,80
2013-03-01,56.0,58.0,78,80
2013-03-02,57.0,59.0,78,78
2013-03-03,58.0,60.0,78,78
2013-03-04,59.0,62.0,79,79
2013-03-05,61.0,63.0,92,93
2013-03-06,63.0,65.0,91,92
2013-03-07,65.0,69.0,103,147
2013-03-08,67.0,71.0,97,104
2013-03-09,69.0,72.0,97,97
2013-03-10,70.0,74.0,97,97
2013-03-11,71.0,76.0,60,97
2013-03-12,71.0,77.0,46,60
2013-03-13,71.0,77.0,28,47
2013-03-14,71.0,77.0,30,30
2013-03-15,71.0,78.0,57,57
2013-03-16,72.0,78.0,59,59
2013-03-17,72.0,78.0,59,59
2013-03-18,71.0,77.0,63,63
2013-03-19,71.0,77.0,46,63
2013-03-20,70.0,76.0,46,46
2013-03-21,69.0,75.0,43,46
2013-03-22,68.0,74.0,45,45
2013-03-23,68.0,74.0,33,45
2013-03-24,67.0,73.0,33,33
2013-03-25,66.0,72.0,34,34
2013-03-26,65.0,70.0,34,35
2013-03-27,63.0,68.0,33,34
2013-03-28,61.0,67.0,34,35
2013-03-29,60.0,65.0,33,34
2013-03-30,58.0,63.0,33,33
2013-03-31,56.0,62.0,33,33
2013-04-01,55.0,60.0,33,33
2013-04-02,53.0,59.0,27,33
2013-04-03,52.0,57.0,27,27
2013-04-04,49.0,55.0,26,28
2013-04-05,47.0,53.0,28,28
2013-04-06,45.0,49.0,28,28
2013-04-07,42.0,46.0,28,28
2013-04-08,40.0,44.0,28,28
2013-04-09,38.0,42.0,28,28
2013-04-10,37.0,39.0,29,30
2013-04-11,36.0,38.0,25,29
2013-04-12,36.0,38.0,24,26
2013-04-13,36.0,37.0,24,24
2013-04-14,35.0,36.0,24,24
2013-04-15,34.0,36.0,42,43
2013-04-16,34.0,35.0,42,42
2013-04-17,34.0,36.0,71,72
2013-04-18,35.0,36.0,73,73
2013-04-19,36.0,37.0,76,76
2013-04-20,37.0,38.0,76,76
2013-04-21,37.0,39.0,41,76
2013-04-22,37.0,39.0,38,41
2013-04-23,38.0,40.0,74,77
2013-04-24,41.0,43.0,105,107
2013-04-25,43.0,45.0,103,105
2013-04-26,44.0,48.0,64,111
2013-04-27,46.0,50.0,107,107
2013-04-28,49.0,53.0,115,115
2013-04-29,52.0,55.0,115,115
2013-04-30,53.0,58.0,74,115
2013-05-01,55.0,60.0,74,74
2013-05-02,59.0,64.0,159,164
2013-05-03,62.0,68.0,128,165
2013-05-04,67.0,73.0,173,173
2013-05-05,72.0,78.0,173,173
2013-05-06,77.0,83.0,174,183
2013-05-07,82.0,88.0,170,179
2013-05-08,86.0,93.0,170,170
2013-05-09,91.0,98.0,166,170
2013-05-10,96.0,104.0,194,214
2013-05-11,102.0,109.0,193,194
2013-05-12,108.0,115.0,193,193
2013-05-13,113.0,121.0,193,193
2013-05-14,118.0,126.0,175,193
2013-05-15,122.0,131.0,166,175
2013-05-16,125.0,136.0,123,201
2013-05-17,128.0,139.0,159,164
2013-05-18,131.0,142.0,159,159
2013-05-19,134.0,145.0,159,159
2013-05-20,137.0,148.0,166,166
2013-05-21,142.0,152.0,199,199
2013-05-22,148.0,158.0,210,217
2013-05-23,151.0,162.0,176,210
2013-05-24,151.0,164.0,96,176
2013-05-25,154.0,167.0,182,182
2013-05-26,157.0,169.0,182,182
2013-05-27,160.0,172.0,181,182
2013-05-28,162.0,174.0,181,181
2013-05-29,164.0,178.0,180,224
2013-05-30,167.0,180.0,166,180
2013-05-31,169.0,183.0,120,166
2013-06-01,168.0,182.0,131,131
2013-06-02,168.0,181.0,132,138
2013-06-03,167.0,180.0,127,132
2013-06-04,165.0,178.0,127,127
2013-06-05,163.0,176.0,100,127
2013-06-06,161.0,175.0,113,131
2013-06-07,159.0,173.0,118,118
2013-06-08,159.0,173.0,163,163
2013-06-09,158.0,172.0,176,203
2013-06-10,158.0,172.0,175,176
2013-06-11,157.0,171.0,167,175
2013-06-12,155.0,170.0,143,167
2013-06-13,153.0,168.0,124,143
2013-06-14,152.0,168.0,125,157
2013-06-15,152.0,165.0,126,126
2013-06-16,151.0,164.0,126,126
2013-06-17,148.0,163.0,84,127
2013-06-18,146.0,161.0,84,84
2013-06-19,143.0,158.0,74,84
2013-06-20,138.0,154.0,56,75
2013-06-21,133.0,148.0,48,57
2013-06-22,130.0,144.0,90,90
2013-06-23,130.0,142.0,112,112
2013-06-24,128.0,140.0,104,113
2013-06-25,125.0,137.0,91,104
2013-06-26,122.0,134.0,87,91
2013-06-27,118.0,131.0,65,87
2013-06-28,115.0,128.0,108,118
2013-06-29,113.0,125.0,108,108
2013-06-30,113.0,123.0,108,108
2013-07-01,112.0,122.0,86,108
2013-07-02,110.0,121.0,84,86
2013-07-03,111.0,121.0,151,151
2013-07-04,112.0,122.0,151,151
2013-07-05,114.0,124.0,170,196
2013-07-06,116.0,126.0,170,170
2013-07-07,117.0,128.0,168,170
2013-07-08,116.0,128.0,118,168
2013-07-09,115.0,126.0,146,156
2013-07-10,113.0,125.0,117,147
2013-07-11,111.0,123.0,95,120
2013-07-12,109.0,122.0,103,132
2013-07-13,110.0,122.0,130,130
2013-07-14,110.0,121.0,130,130
2013-07-15,111.0,122.0,163,163
2013-07-16,114.0,125.0,209,209
2013-07-17,117.0,128.0,170,211
2013-07-18,117.0,130.0,88,170
2013-07-19,118.0,132.0,124,141
2013-07-20,122.0,136.0,176,176
2013-07-21,127.0,140.0,176,176
2013-07-22,129.0,143.0,176,176
2013-07-23,130.0,145.0,118,178
2013-07-24,130.0,145.0,117,118
2013-07-25,129.0,146.0,56,121
2013-07-26,129.0,146.0,103,104
2013-07-27,131.0,146.0,103,103
2013-07-28,132.0,147.0,138,138
2013-07-29,133.0,149.0,138,167
2013-07-30,133.0,150.0,110,139
2013-07-31,133.0,150.0,87,110
2013-08-01,131.0,150.0,37,87
2013-08-02,129.0,148.0,71,75
2013-08-03,126.0,145.0,71,71
2013-08-04,123.0,141.0,82,82
2013-08-05,120.0,138.0,81,82
2013-08-06,117.0,135.0,80,81
2013-08-07,115.0,132.0,60,80
2013-08-08,112.0,129.0,44,60
2013-08-09,111.0,128.0,102,106
2013-08-10,112.0,127.0,102,102
2013-08-11,111.0,126.0,101,102
2013-08-12,112.0,126.0,133,133
2013-08-13,112.0,127.0,155,155
2013-08-14,113.0,128.0,192,192
2013-08-15,110.0,128.0,121,195
2013-08-16,109.0,126.0,126,151
2013-08-17,110.0,124.0,126,126
2013-08-18,110.0,124.0,126,126
2013-08-19,109.0,123.0,148,148
2013-08-20,108.0,122.0,126,149
2013-08-21,108.0,122.0,179,191
2013-08-22,108.0,123.0,124,184
2013-08-23,110.0,124.0,166,168
2013-08-24,113.0,126.0,166,166
2013-08-25,116.0,128.0,176,176
2013-08-26,118.0,131.0,157,178
2013-08-27,118.0,132.0,153,192
2013-08-28,120.0,133.0,195,195
2013-08-29,123.0,136.0,190,231
2013-08-30,127.0,141.0,215,253
2013-08-31,133.0,146.0,215,215
2013-09-01,139.0,151.0,246,246
2013-09-02,144.0,157.0,239,246
2013-09-03,150.0,163.0,271,271
2013-09-04,155.0,170.0,217,271
2013-09-05,159.0,176.0,202,260
2013-09-06,166.0,183.0,278,298
2013-09-07,174.0,190.0,279,279
2013-09-08,180.0,196.0,279,279
2013-09-09,186.0,203.0,282,302
2013-09-10,191.0,209.0,257,286
2013-09-11,195.0,213.0,238,257
2013-09-12,197.0,217.0,208,285
2013-09-13,197.0,218.0,194,218
2013-09-14,200.0,219.0,221,221
2013-09-15,204.0,222.0,253,253
2013-09-16,210.0,228.0,287,298
2013-09-17,214.0,234.0,249,289
2013-09-18,217.0,238.0,241,282
2013-09-19,218.0,241.0,148,254
2013-09-20,217.0,241.0,151,181
2013-09-21,218.0,241.0,169,169
2013-09-22,219.0,241.0,186,186
2013-09-23,219.0,242.0,173,199
2013-09-24,218.0,243.0,153,205
2013-09-25,217.0,242.0,122,153
2013-09-26,215.0,241.0,103,143
2013-09-27,213.0,239.0,114,126
2013-09-28,210.0,235.0,114,114
2013-09-29,207.0,230.0,114,114
2013-09-30,204.0,228.0,127,149
2013-10-01,200.0,225.0,134,158
2013-10-02,196.0,221.0,110,134
2013-10-03,188.0,216.0,47,110
2013-10-04,183.0,209.0,65,75
2013-10-05,180.0,204.0,95,95
2013-10-06,174.0,198.0,111,111
2013-10-07,168.0,192.0,96,111
2013-10-08,163.0,187.0,120,128
2013-10-09,158.0,182.0,140,155
2013-10-10,152.0,177.0,84,141
2013-10-11,147.0,172.0,87,109
2013-10-12,145.0,167.0,133,133
2013-10-13,146.0,167.0,220,220
2013-10-14,147.0,168.0,254,254
2013-10-15,146.0,168.0,230,254
2013-10-16,143.0,167.0,204,247
2013-10-17,138.0,164.0,108,213
2013-10-18,136.0,160.0,159,169
2013-10-19,138.0,160.0,229,229
2013-10-20,141.0,161.0,229,229
2013-10-21,142.0,164.0,194,243
2013-10-22,141.0,164.0,156,206
2013-10-23,140.0,163.0,138,156
2013-10-24,138.0,161.0,93,139
2013-10-25,137.0,159.0,100,116
2013-10-26,138.0,159.0,125,125
2013-10-27,139.0,160.0,151,151
2013-10-28,140.0,162.0,155,179
2013-10-29,142.0,164.0,165,186
2013-10-30,143.0,166.0,166,190
2013-10-31,143.0,166.0,138,187
2013-11-01,145.0,168.0,170,188
2013-11-02,151.0,172.0,211,211
2013-11-03,156.0,176.0,211,211
2013-11-04,159.0,181.0,195,239
2013-11-05,160.0,184.0,154,195
2013-11-06,162.0,186.0,135,162
2013-11-07,161.0,187.0,85,161
2013-11-08,161.0,186.0,148,148
2013-11-09,163.0,187.0,160,160
2013-11-10,167.0,190.0,204,204
2013-11-11,170.0,193.0,216,216
2013-11-12,169.0,194.0,186,242
2013-11-13,166.0,191.0,154,186
2013-11-14,161.0,188.0,100,154
2013-11-15,159.0,184.0,138,139
2013-11-16,160.0,182.0,138,138
2013-11-17,160.0,181.0,152,152
2013-11-18,157.0,179.0,153,169
2013-11-19,154.0,177.0,130,171
2013-11-20,152.0,174.0,130,130
2013-11-21,149.0,171.0,56,130
2013-11-22,146.0,168.0,68,68
2013-11-23,145.0,166.0,68,68
2013-11-24,144.0,164.0,68,68
2013-11-25,143.0,163.0,78,84
2013-11-26,141.0,161.0,91,97
2013-11-27,138.0,158.0,59,91
2013-11-28,134.0,154.0,59,59
2013-11-29,131.0,150.0,75,75
2013-11-30,130.0,148.0,109,109
2013-12-01,128.0,145.0,124,124
2013-12-02,126.0,143.0,141,148
2013-12-03,123.0,141.0,112,141
2013-12-04,119.0,137.0,67,113
2013-12-05,116.0,133.0,80,96
2013-12-06,116.0,132.0,127,128
2013-12-07,117.0,131.0,127,127
2013-12-08,117.0,130.0,127,127
2013-12-09,114.0,129.0,96,127
2013-12-10,111.0,126.0,93,96
2013-12-11,106.0,122.0,65,93
2013-12-12,100.0,116.0,28,65
2013-12-13,97.0,112.0,55,60
2013-12-14,96.0,109.0,73,73
2013-12-15,95.0,108.0,100,100
2013-12-16,94.0,106.0,100,100
2013-12-17,91.0,105.0,57,100
2013-12-18,88.0,101.0,66,70
2013-12-19,84.0,98.0,25,66
2013-12-20,81.0,95.0,48,53
2013-12-21,81.0,92.0,45,48
2013-12-22,80.0,92.0,45,45
2013-12-23,80.0,91.0,45,45
2013-12-24,78.0,90.0,30,45
2013-12-25,76.0,88.0,15,30
2013-12-26,74.0,86.0,15,16
2013-12-27,72.0,83.0,15,15
2013-12-28,71.0,82.0,15,15
2013-12-29,69.0,80.0,15,15
2013-12-30,65.0,77.0,7,15
2013-12-31,61.0,73.0,7,7
2014-01-01,57.0,68.0,7,7
2014-01-02,53.0,63.0,0,7
2014-01-03,51.0,60.0,0,0
2014-01-04,48.0,56.0,0,0
2014-01-05,44.0,52.0,0,0
2014-01-06,40.0,48.0,0,0
2014-01-07,36.0,44.0,0,0
2014-01-08,32.0,40.0,0,1
2014-01-09,29.0,36.0,0,0
2014-01-10,27.0,33.0,0,0
2014-01-11,26.0,31.0,0,0
2014-01-12,24.0,29.0,0,0
2014-01-13,22.0,27.0,0,0
2014-01-14,19.0,23.0,0,0
2014-01-15,15.0,20.0,0,0
2014-01-16,13.0,17.0,0,0
2014-01-17,11.0,14.0,0,0
2014-01-18,10.0,12.0,0,0
2014-01-19,9.0,10.0,0,0
2014-01-20,7.0,9.0,0,0
2014-01-21,6.0,7.0,0,0
2014-01-22,4.0,6.0,0,0
2014-01-23,3.0,4.0,0,0
2014-01-24,3.0,3.0,0,0
2014-01-25,2.0,3.0,0,0
2014-01-26,2.0,2.0,0,0
2014-01-27,1.0,2.0,0,0
2014-01-28,1.0,1.0,0,0
2014-01-29,0.0,1.0,0,0
2014-01-30,0.0,0.0,0,0
2014-01-31,0.0,0.0,0,0
2014-02-01,0.0,0.0,0,0
2014-02-02,0.0,0.0,0,0
2014-02-03,0.0,0.0,7,7
2014-02-04,0.0,0.0,6,7
2014-02-05,1.0,1.0,6,6
2014-02-06,1.0,1.0,0,6
2014-02-07,1.0,1.0,0,0
2014-02-08,1.0,1.0,0,0
2014-02-09,1.0,1.0,0,0
2014-02-10,1.0,1.0,0,0
2014-02-11,1.0,1.0,0,0
2014-02-12,1.0,1.0,0,0
2014-02-13,1.0,1.0,0,0
2014-02-14,1.0,1.0,0,0
2014-02-15,1.0,1.0,0,0
2014-02-16,1.0,1.0,0,0
2014-02-17,1.0,1.0,0,0
2014-02-18,1.0,1.0,0,0
2014-02-19,1.0,1.0,0,0
2014-02-20,1.0,1.0,0,1
2014-02-21,1.0,1.0,0,0
2014-02-22,1.0,1.0,0,0
2014-02-23,1.0,1.0,0,0
2014-02-24,1.0,1.0,0,0
2014-02-25,1.0,1.0,0,0
2014-02-26,1.0,1.0,0,0
2014-02-27,1.0,1.0,0,0
2014-02-28,1.0,1.0,0,0
2014-03-01,1.0,1.0,0,0
2014-03-02,1.0,1.0,0,0
2014-03-03,1.0,1.0,0,0
2014-03-04,1.0,1.0,0,0
2014-03-05,0.0,1.0,0,0
2014-03-06,0.0,0.0,0,0
2014-03-07,0.0,0.0,0,0
2014-03-08,0.0,0.0,0,0
2014-03-09,0.0,0.0,0,0
2014-03-10,0.0,0.0,0,0
2014-03-11,0.0,0.0,0,0
2014-03-12,0.0,0.0,0,0
2014-03-13,0.0,0.0,0,0
2014-03-14,0.0,0.0,1,1
2014-03-15,0.0,0.0,7,7
2014-03-16,1.0,1.0,20,20
2014-03-17,2.0,2.0,20,20
2014-03-18,2.0,2.0,22,22
2014-03-19,5.0,5.0,72,72
2014-03-20,7.0,7.0,73,73
2014-03-21,11.0,11.0,101,101
2014-03-22,14.0,14.0,101,101
2014-03-23,17.0,17.0,103,103
2014-03-24,21.0,21.0,105,105
2014-03-25,25.0,25.0,115,115
2014-03-26,30.0,30.0,162,162
2014-03-27,35.0,35.0,162,162
2014-03-28,41.0,41.0,171,171
2014-03-29,47.0,47.0,171,171
2014-03-30,53.0,53.0,171,171
2014-03-31,59.0,59.0,186,186
2014-04-01,66.0,66.0,229,229
2014-04-02,74.0,74.0,231,231
2014-04-03,82.0,82.0,231,231
2014-04-04,89.0,90.0,207,231
2014-04-05,96.0,97.0,232,232
2014-04-06,104.0,105.0,233,233
2014-04-07,112.0,113.0,223,233
2014-04-08,118.0,121.0,205,252
2014-04-09,126.0,129.0,225,225
2014-04-10,133.0,136.0,224,225
2014-04-11,140.0,144.0,208,224
2014-04-12,148.0,151.0,232,232
2014-04-13,156.0,159.0,241,241
2014-04-14,163.0,167.0,228,241
2014-04-15,170.0,174.0,227,228
2014-04-16,177.0,181.0,216,227
2014-04-17,183.0,187.0,200,216
2014-04-18,189.0,193.0,246,247
2014-04-19,196.0,200.0,287,287
2014-04-20,204.0,208.0,337,337
2014-04-21,212.0,216.0,337,337
2014-04-22,219.0,224.0,337,337
2014-04-23,227.0,232.0,337,337
2014-04-24,233.0,239.0,285,338
2014-04-25,238.0,245.0,314,332
2014-04-26,243.0,250.0,314,314
2014-04-27,248.0,255.0,314,314
2014-04-28,252.0,259.0,314,315
2014-04-29,258.0,266.0,353,354
2014-04-30,264.0,271.0,352,353
2014-05-01,267.0,276.0,327,364
2014-05-02,271.0,280.0,347,365
2014-05-03,275.0,284.0,347,347
2014-05-04,279.0,288.0,329,347
2014-05-05,283.0,293.0,343,395
2014-05-06,286.0,297.0,337,343
2014-05-07,291.0,302.0,381,382
2014-05-08,297.0,306.0,368,381
2014-05-09,302.0,311.0,368,368
2014-05-10,305.0,316.0,310,368
2014-05-11,307.0,320.0,294,360
2014-05-12,309.0,322.0,289,294
2014-05-13,311.0,324.0,296,298
2014-05-14,314.0,327.0,307,322
2014-05-15,316.0,330.0,282,307
2014-05-16,317.0,331.0,267,282
2014-05-17,320.0,334.0,277,297
2014-05-18,321.0,335.0,276,277
2014-05-19,321.0,336.0,299,301
2014-05-20,320.0,336.0,300,341
2014-05-21,318.0,335.0,288,328
2014-05-22,317.0,335.0,297,337
2014-05-23,317.0,336.0,343,346
2014-05-24,319.0,336.0,341,343
2014-05-25,320.0,336.0,331,341
2014-05-26,320.0,337.0,331,331
2014-05-27,321.0,337.0,331,331
2014-05-28,322.0,338.0,342,344
2014-05-29,322.0,339.0,374,376
2014-05-30,322.0,340.0,342,394
2014-05-31,323.0,340.0,341,342
2014-06-01,321.0,339.0,311,352
2014-06-02,319.0,338.0,284,311
2014-06-03,318.0,337.0,283,312
2014-06-04,318.0,336.0,360,360
2014-06-05,318.0,337.0,320,381
2014-06-06,316.0,335.0,319,320
2014-06-07,313.0,333.0,298,319
2014-06-08,311.0,331.0,298,328
2014-06-09,311.0,329.0,298,298
2014-06-10,310.0,327.0,288,298
2014-06-11,311.0,328.0,299,329
2014-06-12,310.0,328.0,283,299
2014-06-13,309.0,327.0,275,283
2014-06-14,310.0,326.0,291,291
2014-06-15,311.0,328.0,296,327
2014-06-16,311.0,328.0,280,297
2014-06-17,310.0,328.0,258,281
2014-06-18,310.0,328.0,291,295
2014-06-19,308.0,327.0,255,309
2014-06-20,308.0,325.0,276,287
2014-06-21,309.0,326.0,342,344
2014-06-22,309.0,326.0,342,342
2014-06-23,310.0,326.0,349,352
2014-06-24,311.0,327.0,370,371
2014-06-25,313.0,329.0,396,405
2014-06-26,313.0,333.0,336,434
2014-06-27,314.0,333.0,360,360
2014-06-28,312.0,333.0,325,374
2014-06-29,312.0,332.0,341,351
2014-06-30,312.0,335.0,351,433
2014-07-01,314.0,335.0,347,356
2014-07-02,316.0,336.0,346,353
2014-07-03,317.0,337.0,312,346
2014-07-04,315.0,337.0,305,334
2014-07-05,316.0,336.0,366,366
2014-07-06,318.0,338.0,369,369
2014-07-07,321.0,340.0,385,385
2014-07-08,326.0,344.0,451,460
2014-07-09,330.0,350.0,427,459
2014-07-10,335.0,354.0,413,433
2014-07-11,338.0,357.0,416,419
2014-07-12,343.0,361.0,413,416
2014-07-13,347.0,365.0,413,413
2014-07-14,351.0,371.0,412,458
2014-07-15,355.0,374.0,407,412
2014-07-16,358.0,378.0,380,409
2014-07-17,362.0,381.0,376,380
2014-07-18,365.0,384.0,362,386
2014-07-19,368.0,386.0,360,362
2014-07-20,370.0,388.0,320,370
2014-07-21,367.0,388.0,255,333
2014-07-22,364.0,385.0,253,257
2014-07-23,360.0,382.0,230,253
2014-07-24,354.0,378.0,198,242
2014-07-25,347.0,371.0,194,201
2014-07-26,343.0,363.0,194,194
2014-07-27,337.0,357.0,194,194
2014-07-28,333.0,351.0,190,194
2014-07-29,328.0,346.0,187,190
2014-07-30,322.0,338.0,182,187
2014-07-31,316.0,332.0,180,182
2014-08-01,310.0,326.0,168,189
2014-08-02,306.0,321.0,174,176
2014-08-03,301.0,315.0,174,174
2014-08-04,295.0,309.0,184,187
2014-08-05,289.0,303.0,182,184
2014-08-06,282.0,297.0,175,182
2014-08-07,273.0,287.0,173,175
2014-08-08,265.0,278.0,192,192
2014-08-09,258.0,270.0,190,192
2014-08-10,254.0,267.0,319,319
2014-08-11,251.0,264.0,322,329
2014-08-12,247.0,261.0,292,328
2014-08-13,243.0,256.0,292,292
2014-08-14,239.0,252.0,283,304
2014-08-15,236.0,248.0,288,302
2014-08-16,233.0,245.0,288,288
2014-08-17,231.0,243.0,305,305
2014-08-18,229.0,241.0,304,322
2014-08-19,228.0,239.0,266,309
2014-08-20,227.0,237.0,251,266
2014-08-21,226.0,237.0,222,251
2014-08-22,226.0,236.0,202,222
2014-08-23,224.0,234.0,141,202
2014-08-24,222.0,232.0,141,141
2014-08-25,220.0,231.0,150,151
2014-08-26,219.0,230.0,150,150
2014-08-27,218.0,228.0,149,150
2014-08-28,216.0,227.0,129,149
2014-08-29,214.0,225.0,127,129
2014-08-30,212.0,223.0,126,127
2014-08-31,211.0,221.0,126,126
2014-09-01,209.0,219.0,125,126
2014-09-02,207.0,218.0,115,125
2014-09-03,205.0,215.0,114,115
2014-09-04,202.0,213.0,111,114
2014-09-05,200.0,210.0,111,111
2014-09-06,198.0,208.0,109,111
2014-09-07,195.0,206.0,109,109
2014-09-08,192.0,203.0,105,109
2014-09-09,184.0,196.0,81,105
2014-09-10,176.0,187.0,81,81
2014-09-11,169.0,179.0,77,81
2014-09-12,162.0,172.0,68,77
2014-09-13,155.0,164.0,68,68
2014-09-14,147.0,156.0,68,68
2014-09-15,140.0,149.0,68,68
2014-09-16,132.0,141.0,64,68
2014-09-17,124.0,132.0,63,64
2014-09-18,116.0,124.0,43,63
2014-09-19,109.0,117.0,41,43
2014-09-20,103.0,110.0,40,41
2014-09-21,98.0,104.0,40,40
2014-09-22,95.0,98.0,39,40
2014-09-23,91.0,95.0,38,39
2014-09-24,87.0,91.0,31,38
2014-09-25,83.0,87.0,31,31
2014-09-26,79.0,83.0,28,31
2014-09-27,76.0,79.0,28,28
2014-09-28,73.0,76.0,28,28
2014-09-29,69.0,73.0,28,28
2014-09-30,66.0,69.0,28,28
2014-10-01,63.0,66.0,28,28
2014-10-02,60.0,63.0,28,28
2014-10-03,57.0,60.0,26,28
2014-10-04,54.0,57.0,26,26
2014-10-05,51.0,54.0,26,26
2014-10-06,49.0,51.0,27,27
2014-10-07,46.0,49.0,27,27
2014-10-08,43.0,46.0,27,27
2014-10-09,41.0,43.0,28,28
2014-10-10,40.0,42.0,27,29
2014-10-11,38.0,40.0,27,27
2014-10-12,37.0,38.0,27,27
2014-10-13,35.0,37.0,27,27
2014-10-14,34.0,35.0,27,27
2014-10-15,32.0,34.0,25,27
2014-10-16,31.0,33.0,19,25
2014-10-17,29.0,31.0,0,19
2014-10-18,27.0,29.0,0,0
2014-10-19,26.0,28.0,0,0
2014-10-20,25.0,26.0,0,0
2014-10-21,23.0,25.0,0,0
2014-10-22,22.0,23.0,0,0
2014-10-23,21.0,22.0,0,0
2014-10-24,20.0,21.0,0,0
2014-10-25,19.0,20.0,0,0
2014-10-26,18.0,19.0,0,0
2014-10-27,17.0,18.0,0,0
2014-10-28,16.0,17.0,0,0
2014-10-29,15.0,16.0,0,0
2014-10-30,14.0,15.0,0,0
2014-10-31,13.0,14.0,0,0
2014-11-01,12.0,13.0,0,0
2014-11-02,11.0,12.0,0,0
2014-11-03,10.0,11.0,0,0
2014-11-04,10.0,11.0,0,0
2014-11-05,9.0,10.0,0,0
2014-11-06,8.0,9.0,0,0
2014-11-07,7.0,8.0,0,0
2014-11-08,6.0,7.0,0,0
2014-11-09,5.0,6.0,0,0
2014-11-10,4.0,5.0,0,0
2014-11-11,3.0,4.0,0,0
2014-11-12,2.0,3.0,0,0
2014-11-13,1.0,2.0,0,0
2014-11-14,1.0,1.0,0,0
2014-11-15,0.0,1.0,0,0
2014-11-16,0.0,0.0,0,0
2014-11-17,0.0,0.0,0,0
2014-11-18,0.0,0.0,0,0
2014-11-19,0.0,0.0,0,0
2014-11-20,0.0,0.0,0,0
2014-11-21,0.0,0.0,0,0
2014-11-22,0.0,0.0,0,0
2014-11-23,0.0,0.0,0,0
2014-11-24,0.0,0.0,0,0
2014-11-25,0.0,0.0,0,0
2014-11-26,0.0,0.0,0,0
2014-11-27,0.0,0.0,0,0
2014-11-28,0.0,0.0,0,0
2014-11-29,0.0,0.0,0,0
2014-11-30,0.0,0.0,0,0
2014-12-01,0.0,0.0,0,0
2014-12-02,0.0,0.0,0,0
2014-12-03,0.0,0.0,0,0
2014-12-04,0.0,0.0,0,0
2014-12-05,0.0,0.0,0,0
2014-12-06,0.0,0.0,0,0
2014-12-07,0.0,0.0,0,0
2014-12-08,0.0,0.0,0,0
2014-12-09,0.0,0.0,0,0
2014-12-10,0.0,0.0,0,0
2014-12-11,0.0,0.0,0,0
2014-12-12,0.0,0.0,0,0
2014-12-13,0.0,0.0,0,0
2014-12-14,0.0,0.0,0,0
2014-12-15,0.0,0.0,0,0
2014-12-16,0.0,0.0,0,0
2014-12-17,0.0,0.0,0,0
2014-12-18,0.0,0.0,0,0
2014-12-19,0.0,0.0,0,0
2014-12-20,0.0,0.0,0,0
2014-12-21,0.0,0.0,0,0
2014-12-22,0.0,0.0,0,0
2014-12-23,0.0,0.0,0,0
2014-12-24,0.0,0.0,0,0
2014-12-25,0.0,0.0,0,0
2014-12-26,0.0,0.0,0,0
2014-12-27,0.0,0.0,0,0
2014-12-28,0.0,0.0,0,0
2014-12-29,0.0,0.0,0,0
2014-12-30,0.0,0.0,0,0
2014-12-31,0.0,0.0,0,0
2015-01-01,0.0,0.0,0,0
2015-01-02,0.0,0.0,0,0
2015-01-03,0.0,0.0,0,0
2015-01-04,0.0,0.0,0,0
2015-01-05,0.0,0.0,0,0
2015-01-06,0.0,0.0,0,0
2015-01-07,0.0,0.0,0,0
2015-01-08,0.0,0.0,0,0
2015-01-09,0.0,0.0,0,0
2015-01-10,0.0,0.0,0,0
2015-01-11,0.0,0.0,0,0
2015-01-12,0.0,0.0,0,0
2015-01-13,0.0,0.0,0,0
2015-01-14,0.0,0.0,0,0
2015-01-15,0.0,0.0,0,0
2015-01-16,0.0,0.0,0,0
2015-01-17,0.0,0.0,0,0
2015-01-18,0.0,0.0,0,0
2015-01-19,0.0,0.0,0,0
2015-01-20,0.0,0.0,0,0
2015-01-21,0.0,0.0,0,0
2015-01-22,0.0,0.0,0,0
2015-01-23,0.0,0.0,0,0
2015-01-24,0.0,0.0,0,0
2015-01-25,0.0,0.0,0,0
2015-01-26,0.0,0.0,0,0
2015-01-27,0.0,0.0,0,0
2015-01-28,0.0,0.0,0,0
2015-01-29,0.0,0.0,0,0
2015-01-30,0.0,0.0,0,0
2015-01-31,0.0,0.0,0,0
2015-02-01,0.0,0.0,0,0
2015-02-02,0.0,0.0,0,0
2015-02-03,0.0,0.0,0,0
2015-02-04,0.0,0.0,0,0
2015-02-05,0.0,0.0,0,0
2015-02-06,0.0,0.0,0,0
2015-02-07,0.0,0.0,0,0
2015-02-08,0.0,0.0,0,0
2015-02-09,0.0,0.0,0,0
2015-02-10,0.0,0.0,0,0
2015-02-11,0.0,0.0,0,0
2015-02-12,0.0,0.0,0,0
2015-02-13,0.0,0.0,0,0
2015-02-14,0.0,0.0,0,0
2015-02-15,0.0,0.0,0,0
2015-02-16,0.0,0.0,0,0
2015-02-17,0.0,0.0,0,0
2015-02-18,0.0,0.0,0,0
2015-02-19,0.0,0.0,0,0
2015-02-20,0.0,0.0,0,0
2015-02-21,0.0,0.0,0,0
2015-02-22,0.0,0.0,0,0
2015-02-23,0.0,0.0,0,0
2015-02-24,0.0,0.0,0,0
2015-02-25,0.0,0.0,0,0
2015-02-26,0.0,0.0,0,0
2015-02-27,0.0,0.0,0,0
2015-02-28,0.0,0.0,0,0
2015-03-01,0.0,0.0,0,0
2015-03-02,0.0,0.0,0,0
2015-03-03,0.0,0.0,0,0
2015-03-04,0.0,0.0,0,0
2015-03-05,0.0,0.0,0,0
2015-03-06,0.0,0.0,0,0
2015-03-07,0.0,0.0,0,0
2015-03-08,0.0,0.0,0,0
2015-03-09,0.0,0.0,0,0
2015-03-10,0.0,0.0,0,0
2015-03-11,0.0,0.0,0,0
2015-03-12,0.0,0.0,0,0
2015-03-13,0.0,0.0,0,0
2015-03-14,0.0,0.0,0,0
2015-03-15,0.0,0.0,0,0
2015-03-16,0.0,0.0,0,0
2015-03-17,0.0,0.0,0,0
2015-03-18,0.0,0.0,0,0
2015-03-19,0.0,0.0,0,0
2015-03-20,0.0,0.0,0,0
2015-03-21,0.0,0.0,0,0
2015-03-22,0.0,0.0,0,0
2015-03-23,0.0,0.0,0,0
2015-03-24,0.0,0.0,0,0
2015-03-25,0.0,0.0,0,0
2015-03-26,0.0,0.0,0,0
2015-03-27,0.0,0.0,0,0
2015-03-28,0.0,0.0,0,0
2015-03-29,0.0,0.0,0,0
2015-03-30,0.0,0.0,0,0
2015-03-31,0.0,0.0,0,0
2015-04-01,0.0,0.0,0,0
2015-04-02,0.0,0.0,0,0
2015-04-03,0.0,0.0,0,0
2015-04-04,0.0,0.0,0,0
2015-04-05,0.0,0.0,0,0
2015-04-06,0.0,0.0,0,0
2015-04-07,0.0,0.0,0,0
2015-04-08,0.0,0.0,0,0
2015-04-09,0.0,0.0,0,0
2015-04-10,0.0,0.0,0,0
2015-04-11,0.0,0.0,0,0
2015-04-12,0.0,0.0,0,0
2015-04-13,0.0,0.0,0,0
2015-04-14,0.0,0.0,0,0
2015-04-15,0.0,0.0,0,0
2015-04-16,0.0,0.0,0,0
2015-04-17,0.0,0.0,0,0
2015-04-18,0.0,0.0,0,0
2015-04-19,0.0,0.0,0,0
2015-04-20,0.0,0.0,0,0
2015-04-21,0.0,0.0,0,0
2015-04-22,0.0,0.0,0,0
2015-04-23,0.0,0.0,0,0
2015-04-24,0.0,0.0,0,0
2015-04-25,0.0,0.0,0,0
2015-04-26,0.0,0.0,0,0
2015-04-27,0.0,0.0,0,0
2015-04-28,0.0,0.0,0,0
2015-04-29,0.0,0.0,0,0
2015-04-30,0.0,0.0,0,0
2015-05-01,0.0,0.0,0,0
2015-05-02,0.0,0.0,0,0
2015-05-03,0.0,0.0,0,0
2015-05-04,0.0,0.0,0,0
2015-05-05,0.0,0.0,0,0
2015-05-06,0.0,0.0,0,0
2015-05-07,0.0,0.0,0,0
2015-05-08,0.0,0.0,0,0
2015-05-09,0.0,0.0,0,0
2015-05-10,0.0,0.0,0,0
2015-05-11,0.0,0.0,0,0
2015-05-12,0.0,0.0,0,0
2015-05-13,0.0,0.0,0,0
2015-05-14,0.0,0.0,0,0
2015-05-15,0.0,0.0,0,0
2015-05-16,0.0,0.0,0,0
2015-05-17,0.0,0.0,0,0
2015-05-18,0.0,0.0,0,0
2015-05-19,0.0,0.0,0,0
2015-05-20,0.0,0.0,0,0
2015-05-21,0.0,0.0,0,0
2015-05-22,0.0,0.0,0,0
2015-05-23,0.0,0.0,0,0
2015-05-24,0.0,0.0,0,0
2015-05-25,0.0,0.0,0,0
2015-05-26,0.0,0.0,0,0
2015-05-27,0.0,0.0,0,0
2015-05-28,0.0,0.0,0,0
2015-05-29,0.0,0.0,0,0
2015-05-30,0.0,0.0,0,0
2015-05-31,0.0,0.0,0,0
2015-06-01,0.0,0.0,0,0
2015-06-02,0.0,0.0,0,0
2015-06-03,0.0,0.0,0,0
2015-06-04,0.0,0.0,0,0
2015-06-05,0.0,0.0,0,0
2015-06-06,0.0,0.0,0,0
2015-06-07,0.0,0.0,0,0
2015-06-08,0.0,0.0,0,0
2015-06-09,0.0,0.0,0,0
2015-06-10,0.0,0.0,0,0
2015-06-11,0.0,0.0,0,0
2015-06-12,0.0,0.0,0,0
2015-06-13,0.0,0.0,0,0
2015-06-14,0.0,0.0,0,0
2015-06-15,0.0,0.0,0,0
2015-06-16,0.0,0.0,0,0
2015-06-17,0.0,0.0,0,0
2015-06-18,0.0,0.0,0,0
2015-06-19,0.0,0.0,0,0
2015-06-20,0.0,0.0,0,0
2015-06-21,0.0,0.0,0,0
2015-06-22,0.0,0.0,0,0
2015-06-23,0.0,0.0,0,0
2015-06-24,0.0,0.0,0,0
2015-06-25,0.0,0.0,0,0
2015-06-26,0.0,0.0,0,0
2015-06-27,0.0,0.0,0,0
2015-06-28,0.0,0.0,0,0
2015-06-29,0.0,0.0,0,0
2015-06-30,0.0,0.0,0,0
2015-07-01,0.0,0.0,0,0
2015-07-02,0.0,0.0,0,0
2015-07-03,0.0,0.0,0,0
2015-07-04,0.0,0.0,0,0
2015-07-05,0.0,0.0,0,0
2015-07-06,0.0,0.0,0,0
2015-07-07,0.0,0.0,0,0
2015-07-08,0.0,0.0,0,0
2015-07-09,0.0,0.0,0,0
2015-07-10,0.0,0.0,0,0
2015-07-11,0.0,0.0,0,0
2015-07-12,0.0,0.0,0,0
2015-07-13,0.0,0.0,0,0
2015-07-14,0.0,0.0,0,0
2015-07-15,0.0,0.0,0,0
2015-07-16,0.0,0.0,0,0
2015-07-17,0.0,0.0,0,0
2015-07-18,0.0,0.0,0,0
2015-07-19,0.0,0.0,0,0
2015-07-20,0.0,0.0,0,0
2015-07-21,0.0,0.0,0,0
2015-07-22,0.0,0.0,0,0
2015-07-23,0.0,0.0,0,0
2015-07-24,0.0,0.0,0,0
2015-07-25,0.0,0.0,0,0
2015-07-26,0.0,0.0,0,0
2015-07-27,0.0,0.0,0,0
2015-07-28,0.0,0.0,0,0
2015-07-29,0.0,0.0,0,0
2015-07-30,0.0,0.0,0,0
2015-07-31,0.0,0.0,0,0
2015-08-01,0.0,0.0,0,0
2015-08-02,0.0,0.0,0,0
2015-08-03,0.0,0.0,0,0
2015-08-04,0.0,0.0,0,0
2015-08-05,0.0,0.0,0,0
2015-08-06,0.0,0.0,0,0
2015-08-07,0.0,0.0,0,1
2015-08-08,0.0,0.0,0,0
2015-08-09,0.0,0.0,0,0
2015-08-10,0.0,0.0,0,0
2015-08-11,0.0,0.0,0,0
2015-08-12,0.0,0.0,0,0
2015-08-13,0.0,0.0,0,0
2015-08-14,0.0,0.0,0,0
2015-08-15,0.0,0.0,0,0
2015-08-16,0.0,0.0,0,0
2015-08-17,0.0,0.0,0,0
2015-08-18,0.0,0.0,0,0
2015-08-19,0.0,0.0,0,0
2015-08-20,0.0,0.0,0,0
2015-08-21,0.0,0.0,0,0
2015-08-22,0.0,0.0,0,0
2015-08-23,0.0,0.0,0,0
2015-08-24,0.0,0.0,0,0
2015-08-25,0.0,0.0,0,0
2015-08-26,0.0,0.0,0,0
2015-08-27,0.0,0.0,0,0
2015-08-28,0.0,0.0,0,0
2015-08-29,0.0,0.0,0,0
2015-08-30,0.0,0.0,0,0
2015-08-31,0.0,0.0,0,0
2015-09-01,0.0,0.0,0,0
2015-09-02,0.0,0.0,0,0
2015-09-03,0.0,0.0,0,0
2015-09-04,0.0,0.0,0,0
2015-09-05,0.0,0.0,0,0
2015-09-06,0.0,0.0,0,0
2015-09-07,0.0,0.0,0,0
2015-09-08,0.0,0.0,0,0
2015-09-09,0.0,0.0,0,0
2015-09-10,0.0,0.0,0,0
2015-09-11,0.0,0.0,0,0
2015-09-12,0.0,0.0,0,0
2015-09-13,0.0,0.0,0,0
2015-09-14,0.0,0.0,0,0
2015-09-15,0.0,0.0,0,0
2015-09-16,0.0,0.0,0,0
2015-09-17,0.0,0.0,0,0
2015-09-18,0.0,0.0,0,0
2015-09-19,0.0,0.0,0,0
2015-09-20,0.0,0.0,0,0
2015-09-21,0.0,0.0,0,0
2015-09-22,0.0,0.0,0,0
2015-09-23,0.0,0.0,0,0
2015-09-24,0.0,0.0,0,0
2015-09-25,0.0,0.0,0,0
2015-09-26,0.0,0.0,0,0
2015-09-27,0.0,0.0,0,0
2015-09-28,0.0,0.0,0,0
2015-09-29,0.0,0.0,0,0
2015-09-30,0.0,0.0,0,0
2015-10-01,0.0,0.0,0,0
2015-10-02,0.0,0.0,0,0
2015-10-03,0.0,0.0,0,0
2015-10-04,0.0,0.0,0,0
2015-10-05,0.0,0.0,0,0
2015-10-06,0.0,0.0,0,0
2015-10-07,0.0,0.0,0,0
2015-10-08,0.0,0.0,0,0
2015-10-09,0.0,0.0,0,0
2015-10-10,0.0,0.0,0,0
2015-10-11,0.0,0.0,0,0
2015-10-12,0.0,0.0,0,0
2015-10-13,0.0,0.0,0,0
2015-10-14,0.0,0.0,0,0
2015-10-15,0.0,0.0,0,0
2015-10-16,0.0,0.0,0,0
2015-10-17,0.0,0.0,0,0
2015-10-18,0.0,0.0,0,0
2015-10-19,0.0,0.0,0,0
2015-10-20,0.0,0.0,0,0
2015-10-21,0.0,0.0,0,0
2015-10-22,0.0,0.0,0,0
2015-10-23,0.0,0.0,0,0
2015-10-24,0.0,0.0,0,0
2015-10-25,0.0,0.0,0,0
2015-10-26,0.0,0.0,0,0
2015-10-27,0.0,0.0,0,0
2015-10-28,0.0,0.0,0,0
2015-10-29,0.0,0.0,0,0
2015-10-30,0.0,0.0,0,0
2015-10-31,0.0,0.0,0,0
2015-11-01,0.0,0.0,0,0
2015-11-02,0.0,0.0,0,0
2015-11-03,0.0,0.0,0,0
2015-11-04,0.0,0.0,0,0
2015-11-05,0.0,0.0,0,0
2015-11-06,0.0,0.0,0,0
2015-11-07,0.0,0.0,0,0
2015-11-08,0.0,0.0,0,0
2015-11-09,0.0,0.0,0,0
2015-11-10,0.0,0.0,0,0
2015-11-11,0.0,0.0,0,0
2015-11-12,0.0,0.0,0,0
2015-11-13,0.0,0.0,0,0
2015-11-14,0.0,0.0,0,0
2015-11-15,0.0,0.0,0,0
2015-11-16,0.0,0.0,0,0
2015-11-17,0.0,0.0,0,0
2015-11-18,0.0,0.0,0,0
2015-11-19,0.0,0.0,0,0
2015-11-20,0.0,0.0,0,0
2015-11-21,0.0,0.0,0,0
2015-11-22,0.0,0.0,0,0
2015-11-23,0.0,0.0,0,0
2015-11-24,0.0,0.0,0,0
2015-11-25,0.0,0.0,0,0
2015-11-26,0.0,0.0,0,0
2015-11-27,0.0,0.0,0,0
2015-11-28,0.0,0.0,0,0
2015-11-29,0.0,0.0,0,0
2015-11-30,0.0,0.0,0,0
2015-12-01,0.0,0.0,0,0
2015-12-02,0.0,0.0,0,0
2015-12-03,0.0,0.0,0,0
2015-12-04,0.0,0.0,0,0
2015-12-05,0.0,0.0,0,0
2015-12-06,0.0,0.0,0,0
2015-12-07,0.0,0.0,0,0
2015-12-08,0.0,0.0,0,0
2015-12-09,0.0,0.0,0,0
2015-12-10,0.0,0.0,0,0
2015-12-11,0.0,0.0,0,0
2015-12-12,0.0,0.0,0,0
2015-12-13,0.0,0.0,0,0
2015-12-14,0.0,0.0,0,0
2015-12-15,0.0,0.0,0,0
2015-12-16,0.0,0.0,0,0
2015-12-17,0.0,0.0,0,0
2015-12-18,0.0,0.0,0,0
2015-12-19,0.0,0.0,0,0
2015-12-20,0.0,0.0,0,0
2015-12-21,0.0,0.0,0,0
2015-12-22,0.0,0.0,0,0
2015-12-23,0.0,0.0,0,0
2015-12-24,0.0,0.0,0,0
2015-12-25,0.0,0.0,0,0
2015-12-26,0.0,0.0,0,0
2015-12-27,0.0,0.0,0,0
2015-12-28,0.0,0.0,0,0
2015-12-29,0.0,0.0,0,0
2015-12-30,0.0,0.0,0,0
2015-12-31,0.0,0.0,0,0
2016-01-01,0.0,0.0,0,0
2016-01-02,0.0,0.0,0,0
2016-01-03,0.0,0.0,0,0
2016-01-04,0.0,0.0,0,0
2016-01-05,0.0,0.0,0,0
2016-01-06,0.0,0.0,0,0
2016-01-07,0.0,0.0,0,0
2016-01-08,0.0,0.0,0,0
2016-01-09,0.0,0.0,0,0
2016-01-10,0.0,0.0,0,0
2016-01-11,0.0,0.0,0,0
2016-01-12,0.0,0.0,0,0
2016-01-13,0.0,0.0,0,0
2016-01-14,0.0,0.0,0,0
2016-01-15,0.0,0.0,0,0
2016-01-16,0.0,0.0,0,0
2016-01-17,0.0,0.0,0,0
2016-01-18,0.0,0.0,0,0
2016-01-19,0.0,0.0,0,0
2016-01-20,0.0,0.0,0,0
2016-01-21,0.0,0.0,0,0
2016-01-22,0.0,0.0,0,0
2016-01-23,0.0,0.0,0,0
2016-01-24,0.0,0.0,0,0
2016-01-25,0.0,0.0,0,0
2016-01-26,0.0,0.0,0,0
2016-01-27,0.0,0.0,0,0
2016-01-28,0.0,0.0,0,0
2016-01-29,0.0,0.0,0,0
2016-01-30,0.0,0.0,0,0
2016-01-31,0.0,0.0,0,0
2016-02-01,0.0,0.0,0,0
2016-02-02,0.0,0.0,0,0
2016-02-03,0.0,0.0,0,0
2016-02-04,0.0,0.0,0,0
2016-02-05,0.0,0.0,0,0
2016-02-06,0.0,0.0,0,0
2016-02-07,0.0,0.0,0,0
2016-02-08,0.0,0.0,0,0
2016-02-09,0.0,0.0,0,0
2016-02-10,0.0,0.0,0,0
2016-02-11,0.0,0.0,0,0
2016-02-12,0.0,0.0,0,0
2016-02-13,0.0,0.0,0,0
2016-02-14,0.0,0.0,0,0
2016-02-15,0.0,0.0,0,0
2016-02-16,0.0,0.0,0,0
2016-02-17,0.0,0.0,0,0
2016-02-18,0.0,0.0,0,0
2016-02-19,0.0,0.0,0,0
2016-02-20,0.0,0.0,0,0
2016-02-21,0.0,0.0,0,0
2016-02-22,0.0,0.0,0,0
2016-02-23,0.0,0.0,0,0
2016-02-24,0.0,0.0,0,0
2016-02-25,0.0,0.0,0,0
2016-02-26,0.0,0.0,0,0
2016-02-27,0.0,0.0,0,0
2016-02-28,0.0,0.0,0,0
2016-02-29,0.0,0.0,0,0
2016-03-01,0.0,0.0,0,0
2016-03-02,0.0,0.0,0,0
2016-03-03,0.0,0.0,0,0
2016-03-04,0.0,0.0,0,0
2016-03-05,0.0,0.0,0,0
2016-03-06,0.0,0.0,0,0
2016-03-07,0.0,0.0,0,0
2016-03-08,0.0,0.0,0,0
2016-03-09,0.0,0.0,0,0
2016-03-10,0.0,0.0,0,0
2016-03-11,0.0,0.0,0,0
2016-03-12,0.0,0.0,0,0
2016-03-13,0.0,0.0,0,0
2016-03-14,0.0,0.0,0,1
2016-03-15,0.0,0.0,0,0
2016-03-16,0.0,0.0,0,0
2016-03-17,0.0,0.0,0,0
2016-03-18,0.0,0.0,0,0
2016-03-19,0.0,0.0,0,0
2016-03-20,0.0,0.0,0,0
2016-03-21,0.0,0.0,0,0
2016-03-22,0.0,0.0,0,0
2016-03-23,0.0,0.0,0,0
2016-03-24,0.0,0.0,0,0
2016-03-25,0.0,0.0,0,0
2016-03-26,0.0,0.0,0,0
2016-03-27,0.0,0.0,0,0
2016-03-28,0.0,0.0,0,0
2016-03-29,0.0,0.0,0,0
2016-03-30,0.0,0.0,0,0
2016-03-31,0.0,0.0,0,0
2016-04-01,0.0,0.0,0,0
2016-04-02,0.0,0.0,0,0
2016-04-03,0.0,0.0,0,0
2016-04-04,0.0,0.0,0,0
2016-04-05,0.0,0.0,0,0
2016-04-06,0.0,0.0,0,0
2016-04-07,0.0,0.0,0,0
2016-04-08,0.0,0.0,0,0
2016-04-09,0.0,0.0,0,0
2016-04-10,0.0,0.0,0,0
2016-04-11,0.0,0.0,0,0
2016-04-12,0.0,0.0,0,0
2016-04-13,0.0,0.0,0,0
2016-04-14,0.0,0.0,0,0
2016-04-15,0.0,0.0,0,0
2016-04-16,0.0,0.0,0,0
2016-04-17,0.0,0.0,0,0
2016-04-18,0.0,0.0,0,0
2016-04-19,0.0,0.0,0,0
2016-04-20,0.0,0.0,0,0
2016-04-21,0.0,0.0,0,0
2016-04-22,0.0,0.0,0,1
2016-04-23,0.0,0.0,0,0
2016-04-24,0.0,0.0,0,0
2016-04-25,0.0,0.0,0,0
2016-04-26,0.0,0.0,0,0
2016-04-27,0.0,0.0,0,0
2016-04-28,0.0,0.0,0,0
2016-04-29,0.0,0.0,0,0
2016-04-30,0.0,0.0,0,0
2016-05-01,0.0,0.0,0,0
2016-05-02,0.0,0.0,0,0
2016-05-03,0.0,0.0,0,0
2016-05-04,0.0,0.0,0,0
2016-05-05,0.0,0.0,0,0
2016-05-06,0.0,0.0,0,0
2016-05-07,0.0,0.0,0,0
2016-05-08,0.0,0.0,0,0
2016-05-09,0.0,0.0,0,0
2016-05-10,0.0,0.0,0,0
2016-05-11,0.0,0.0,0,0
2016-05-12,0.0,0.0,0,0
2016-05-13,0.0,0.0,0,0
2016-05-14,0.0,0.0,0,0
2016-05-15,0.0,0.0,0,0
2016-05-16,0.0,0.0,0,0
2016-05-17,0.0,0.0,0,0
2016-05-18,0.0,0.0,0,0
2016-05-19,0.0,0.0,0,0
2016-05-20,0.0,0.0,0,0
2016-05-21,0.0,0.0,0,0
2016-05-22,0.0,0.0,0,0
2016-05-23,0.0,0.0,0,0
2016-05-24,0.0,0.0,0,0
2016-05-25,0.0,0.0,0,0
2016-05-26,0.0,0.0,0,0
2016-05-27,0.0,0.0,0,0
2016-05-28,0.0,0.0,0,0
2016-05-29,0.0,0.0,0,0
2016-05-30,0.0,0.0,0,0
2016-05-31,1.0,1.0,17,17
2016-06-01,1.0,1.0,20,20
2016-06-02,2.0,2.0,34,34
2016-06-03,4.0,4.0,55,55
2016-06-04,6.0,6.0,55,55
2016-06-05,8.0,8.0,55,55
2016-06-06,11.0,11.0,95,95
2016-06-07,15.0,15.0,112,116
2016-06-08,20.0,20.0,156,156
2016-06-09,25.0,25.0,161,161
2016-06-10,31.0,31.0,161,161
2016-06-11,36.0,36.0,161,161
2016-06-12,42.0,42.0,168,168
2016-06-13,47.0,47.0,168,168
2016-06-14,53.0,54.0,167,185
2016-06-15,59.0,61.0,198,216
2016-06-16,67.0,68.0,217,225
2016-06-17,74.0,76.0,226,226
2016-06-18,82.0,84.0,238,238
2016-06-19,90.0,92.0,238,238
2016-06-20,98.0,100.0,240,240
2016-06-21,105.0,109.0,214,269
2016-06-22,112.0,116.0,216,218
2016-06-23,118.0,123.0,163,221
2016-06-24,122.0,130.0,133,189
2016-06-25,127.0,135.0,156,156
2016-06-26,133.0,140.0,156,156
2016-06-27,137.0,145.0,135,161
2016-06-28,140.0,150.0,89,136
2016-06-29,143.0,153.0,83,89
2016-06-30,144.0,156.0,44,97
2016-07-01,146.0,158.0,76,85
2016-07-02,147.0,159.0,85,85
2016-07-03,149.0,161.0,106,106
2016-07-04,151.0,163.0,106,106
2016-07-05,153.0,165.0,112,122
2016-07-06,154.0,166.0,128,128
2016-07-07,154.0,167.0,127,134
2016-07-08,154.0,167.0,161,177
2016-07-09,154.0,167.0,161,161
2016-07-10,154.0,167.0,161,161
2016-07-11,155.0,168.0,164,164
2016-07-12,154.0,168.0,158,168
2016-07-13,154.0,167.0,162,162
2016-07-14,154.0,167.0,155,167
2016-07-15,152.0,165.0,143,157
2016-07-16,150.0,163.0,167,167
2016-07-17,148.0,161.0,167,167
2016-07-18,146.0,159.0,163,170
2016-07-19,143.0,156.0,146,163
2016-07-20,138.0,153.0,95,151
2016-07-21,133.0,147.0,80,99
2016-07-22,130.0,144.0,113,116
2016-07-23,127.0,140.0,80,113
2016-07-24,125.0,137.0,80,80
2016-07-25,123.0,135.0,88,89
2016-07-26,121.0,133.0,101,101
2016-07-27,120.0,131.0,85,103
2016-07-28,119.0,129.0,83,89
2016-07-29,119.0,129.0,80,83
2016-07-30,120.0,128.0,80,80
2016-07-31,121.0,128.0,80,80
2016-08-01,121.0,128.0,85,86
2016-08-02,119.0,128.0,46,90
2016-08-03,116.0,126.0,37,50
2016-08-04,114.0,123.0,41,41
2016-08-05,112.0,122.0,81,84
2016-08-06,111.0,120.0,81,81
2016-08-07,108.0,117.0,81,81
2016-08-08,106.0,114.0,86,86
2016-08-09,102.0,112.0,67,91
2016-08-10,99.0,109.0,69,69
2016-08-11,96.0,106.0,60,70
2016-08-12,92.0,103.0,44,82
2016-08-13,88.0,99.0,44,44
2016-08-14,85.0,95.0,44,44
2016-08-15,82.0,92.0,64,64
2016-08-16,78.0,88.0,66,67
2016-08-17,75.0,85.0,66,66
2016-08-18,72.0,82.0,61,71
2016-08-19,71.0,79.0,61,63
2016-08-20,70.0,78.0,61,61
2016-08-21,69.0,76.0,61,61
2016-08-22,68.0,74.0,66,66
2016-08-23,68.0,74.0,58,67
2016-08-24,66.0,73.0,54,62
2016-08-25,65.0,71.0,45,56
2016-08-26,63.0,69.0,41,48
2016-08-27,62.0,68.0,41,41
2016-08-28,60.0,66.0,41,41
2016-08-29,59.0,65.0,51,51
2016-08-30,58.0,65.0,41,52
2016-08-31,57.0,63.0,42,42
2016-09-01,56.0,62.0,29,44
2016-09-02,56.0,61.0,27,31
2016-09-03,56.0,61.0,56,56
2016-09-04,55.0,60.0,56,56
2016-09-05,55.0,60.0,56,56
2016-09-06,54.0,59.0,67,67
2016-09-07,55.0,60.0,109,109
2016-09-08,56.0,61.0,88,110
2016-09-09,56.0,61.0,92,93
2016-09-10,57.0,62.0,92,92
2016-09-11,59.0,63.0,82,117
2016-09-12,61.0,66.0,125,125
2016-09-13,64.0,69.0,127,127
2016-09-14,65.0,71.0,100,129
2016-09-15,66.0,73.0,93,134
2016-09-16,69.0,76.0,133,138
2016-09-17,71.0,78.0,133,133
2016-09-18,73.0,80.0,133,133
2016-09-19,76.0,82.0,136,136
2016-09-20,77.0,85.0,97,141
2016-09-21,78.0,86.0,98,104
2016-09-22,79.0,87.0,83,99
2016-09-23,80.0,89.0,87,107
2016-09-24,82.0,91.0,110,110
2016-09-25,84.0,93.0,110,110
2016-09-26,87.0,96.0,122,122
2016-09-27,90.0,98.0,117,122
2016-09-28,91.0,101.0,92,123
2016-09-29,92.0,102.0,59,96
2016-09-30,94.0,104.0,99,102
2016-10-01,96.0,106.0,99,99
2016-10-02,98.0,108.0,99,99
2016-10-03,101.0,111.0,123,134
2016-10-04,103.0,113.0,119,124
2016-10-05,105.0,116.0,133,140
2016-10-06,107.0,118.0,119,133
2016-10-07,108.0,119.0,147,147
2016-10-08,111.0,121.0,157,157
2016-10-09,113.0,123.0,157,157
2016-10-10,116.0,126.0,196,196
2016-10-11,120.0,129.0,184,205
2016-10-12,122.0,132.0,186,203
2016-10-13,123.0,134.0,163,187
2016-10-14,125.0,135.0,152,171
2016-10-15,127.0,137.0,170,170
2016-10-16,129.0,138.0,194,194
2016-10-17,131.0,140.0,194,194
2016-10-18,131.0,143.0,141,196
2016-10-19,132.0,143.0,157,162
2016-10-20,133.0,144.0,115,162
2016-10-21,134.0,145.0,139,141
2016-10-22,136.0,147.0,139,139
2016-10-23,138.0,148.0,139,139
2016-10-24,139.0,149.0,142,146
2016-10-25,140.0,151.0,141,172
2016-10-26,140.0,152.0,132,147
2016-10-27,141.0,153.0,132,142
2016-10-28,142.0,155.0,131,185
2016-10-29,144.0,156.0,121,131
2016-10-30,146.0,157.0,151,151
2016-10-31,147.0,159.0,151,151
2016-11-01,148.0,161.0,125,151
2016-11-02,147.0,161.0,96,125
2016-11-03,146.0,160.0,83,96
2016-11-04,144.0,158.0,76,83
2016-11-05,144.0,157.0,106,106
2016-11-06,143.0,156.0,106,106
2016-11-07,142.0,154.0,126,126
2016-11-08,140.0,154.0,117,150
2016-11-09,139.0,153.0,161,161
2016-11-10,136.0,152.0,104,161
2016-11-11,135.0,149.0,133,134
2016-11-12,134.0,148.0,158,158
2016-11-13,135.0,148.0,158,158
2016-11-14,135.0,148.0,171,171
2016-11-15,133.0,147.0,132,171
2016-11-16,130.0,145.0,132,132
2016-11-17,129.0,143.0,103,132
2016-11-18,127.0,141.0,92,104
2016-11-19,126.0,139.0,91,92
2016-11-20,125.0,137.0,91,91
2016-11-21,123.0,135.0,90,91
2016-11-22,121.0,134.0,81,90
2016-11-23,119.0,132.0,81,81
2016-11-24,117.0,129.0,81,81
2016-11-25,116.0,127.0,103,106
2016-11-26,115.0,126.0,103,103
2016-11-27,114.0,123.0,103,103
2016-11-28,114.0,123.0,121,121
2016-11-29,114.0,122.0,136,136
2016-11-30,113.0,122.0,136,136
2016-12-01,114.0,121.0,136,136
2016-12-02,113.0,122.0,87,145
2016-12-03,114.0,123.0,117,117
2016-12-04,116.0,124.0,117,117
2016-12-05,116.0,124.0,115,117
2016-12-06,116.0,125.0,101,115
2016-12-07,115.0,124.0,101,101
2016-12-08,114.0,122.0,100,101
2016-12-09,114.0,121.0,133,140
2016-12-10,116.0,121.0,162,162
2016-12-11,117.0,123.0,192,192
2016-12-12,119.0,124.0,192,192
2016-12-13,119.0,126.0,165,210
2016-12-14,118.0,126.0,144,165
2016-12-15,117.0,125.0,106,144
2016-12-16,116.0,124.0,106,106
2016-12-17,116.0,123.0,106,106
2016-12-18,117.0,123.0,106,106
2016-12-19,117.0,124.0,106,106
2016-12-20,118.0,124.0,106,106
2016-12-21,117.0,125.0,55,106
2016-12-22,117.0,125.0,101,102
2016-12-23,119.0,127.0,134,134
2016-12-24,121.0,129.0,134,134
2016-12-25,122.0,130.0,134,134
2016-12-26,123.0,131.0,134,134
2016-12-27,124.0,132.0,134,134
2016-12-28,124.0,132.0,134,134
2016-12-29,124.0,132.0,130,135
2016-12-30,123.0,132.0,98,137
2016-12-31,121.0,131.0,69,104
2017-01-01,119.0,129.0,46,75
2017-01-02,118.0,127.0,66,66
2017-01-03,116.0,125.0,65,66
2017-01-04,114.0,124.0,65,65
2017-01-05,113.0,122.0,65,65
2017-01-06,111.0,121.0,30,65
2017-01-07,108.0,118.0,30,30
2017-01-08,105.0,115.0,30,30
2017-01-09,100.0,110.0,30,30
2017-01-10,95.0,105.0,30,30
2017-01-11,90.0,100.0,29,30
2017-01-12,85.0,94.0,30,30
2017-01-13,81.0,89.0,24,30
2017-01-14,78.0,85.0,24,24
2017-01-15,76.0,82.0,24,24
2017-01-16,73.0,80.0,24,24
2017-01-17,69.0,77.0,3,24
2017-01-18,66.0,74.0,1,3
2017-01-19,62.0,70.0,1,1
2017-01-20,61.0,66.0,1,1
2017-01-21,57.0,63.0,1,1
2017-01-22,53.0,59.0,1,1
2017-01-23,48.0,54.0,0,1
2017-01-24,44.0,50.0,0,1
2017-01-25,40.0,45.0,0,0
2017-01-26,35.0,41.0,0,0
2017-01-27,31.0,36.0,0,0
2017-01-28,26.0,32.0,0,0
2017-01-29,23.0,27.0,0,0
2017-01-30,21.0,24.0,0,0
2017-01-31,19.0,21.0,0,0
2017-02-01,17.0,19.0,0,0
2017-02-02,15.0,17.0,0,0
2017-02-03,13.0,15.0,0,0
2017-02-04,10.0,13.0,0,0
2017-02-05,9.0,10.0,0,0
2017-02-06,8.0,10.0,0,0
2017-02-07,7.0,8.0,0,0
2017-02-08,6.0,8.0,0,0
2017-02-09,5.0,6.0,0,0
2017-02-10,4.0,6.0,0,0
2017-02-11,3.0,4.0,0,0
2017-02-12,3.0,4.0,0,0
2017-02-13,2.0,3.0,0,0
2017-02-14,1.0,2.0,0,0
2017-02-15,0.0,1.0,0,0
2017-02-16,0.0,0.0,0,0
2017-02-17,0.0,0.0,0,0
2017-02-18,0.0,0.0,0,0
2017-02-19,0.0,0.0,0,0
2017-02-20,0.0,0.0,0,0
2017-02-21,0.0,0.0,0,0
2017-02-22,0.0,0.0,0,0
2017-02-23,0.0,0.0,0,0
2017-02-24,0.0,0.0,0,0
2017-02-25,0.0,0.0,0,0
2017-02-26,0.0,0.0,0,0
2017-02-27,0.0,0.0,0,0
2017-02-28,0.0,0.0,0,0
2017-03-01,0.0,0.0,0,0
2017-03-02,0.0,0.0,0,0
2017-03-03,0.0,0.0,0,0
2017-03-04,0.0,0.0,0,0
2017-03-05,0.0,0.0,0,0
2017-03-06,0.0,0.0,0,0
2017-03-07,0.0,0.0,0,0
2017-03-08,0.0,0.0,0,0
2017-03-09,0.0,0.0,0,0
2017-03-10,0.0,0.0,0,0
2017-03-11,0.0,0.0,0,0
2017-03-12,0.0,0.0,0,0
2017-03-13,0.0,0.0,0,0
2017-03-14,0.0,0.0,0,0
2017-03-15,0.0,0.0,0,0
2017-03-16,0.0,0.0,0,0
2017-03-17,0.0,0.0,0,0
2017-03-18,0.0,0.0,0,0
2017-03-19,0.0,0.0,0,0
2017-03-20,0.0,0.0,0,0
2017-03-21,0.0,0.0,0,0
2017-03-22,0.0,0.0,0,0
2017-03-23,0.0,0.0,0,0
2017-03-24,0.0,0.0,0,0
2017-03-25,0.0,0.0,0,0
2017-03-26,0.0,0.0,0,0
2017-03-27,0.0,0.0,0,0
2017-03-28,0.0,0.0,0,0
2017-03-29,0.0,0.0,0,0
2017-03-30,0.0,0.0,0,0
2017-03-31,0.0,0.0,0,0
2017-04-01,0.0,0.0,0,0
2017-04-02,0.0,0.0,0,0
2017-04-03,0.0,0.0,0,0
2017-04-04,0.0,0.0,0,0
2017-04-05,0.0,0.0,0,0
2017-04-06,0.0,0.0,0,0
2017-04-07,0.0,0.0,0,0
2017-04-08,0.0,0.0,0,0
2017-04-09,0.0,0.0,0,0
2017-04-10,0.0,0.0,0,0
2017-04-11,0.0,0.0,0,0
2017-04-12,0.0,0.0,0,0
2017-04-13,0.0,0.0,0,0
2017-04-14,0.0,0.0,0,0
2017-04-15,0.0,0.0,0,0
2017-04-16,0.0,0.0,0,0
2017-04-17,0.0,0.0,0,0
2017-04-18,0.0,0.0,0,0
2017-04-19,0.0,0.0,0,0
2017-04-20,0.0,0.0,0,0
2017-04-21,0.0,0.0,0,0
2017-04-22,0.0,0.0,0,0
2017-04-23,0.0,0.0,0,0
2017-04-24,0.0,0.0,0,0
2017-04-25,0.0,0.0,0,0
2017-04-26,0.0,0.0,0,0
2017-04-27,0.0,0.0,0,0
2017-04-28,0.0,0.0,0,0
2017-04-29,0.0,0.0,0,0
2017-04-30,0.0,0.0,0,0
2017-05-01,0.0,0.0,0,0
2017-05-02,0.0,0.0,0,0
2017-05-03,0.0,0.0,0,0
2017-05-04,0.0,0.0,0,0
2017-05-05,0.0,0.0,0,0
2017-05-06,0.0,0.0,0,0
2017-05-07,0.0,0.0,0,0
2017-05-08,0.0,0.0,0,0
2017-05-09,0.0,0.0,0,0
2017-05-10,0.0,0.0,0,0
2017-05-11,0.0,0.0,0,0
2017-05-12,0.0,0.0,0,0
2017-05-13,0.0,0.0,0,0
2017-05-14,0.0,0.0,0,0
2017-05-15,0.0,0.0,0,0
2017-05-16,0.0,0.0,0,0
2017-05-17,0.0,0.0,0,0
2017-05-18,0.0,0.0,0,0
2017-05-19,0.0,0.0,0,0
2017-05-20,0.0,0.0,0,0
2017-05-21,0.0,0.0,0,0
2017-05-22,0.0,0.0,0,0
2017-05-23,0.0,0.0,0,0
2017-05-24,0.0,0.0,0,0
2017-05-25,0.0,0.0,0,0
2017-05-26,0.0,0.0,0,0
2017-05-27,0.0,0.0,0,0
2017-05-28,0.0,0.0,0,0
2017-05-29,0.0,0.0,0,0
2017-05-30,0.0,0.0,0,0
2017-05-31,0.0,0.0,0,0
2017-06-01,0.0,0.0,0,0
2017-06-02,0.0,0.0,0,0
2017-06-03,0.0,0.0,0,0
2017-06-04,0.0,0.0,0,0
2017-06-05,0.0,0.0,0,0
2017-06-06,0.0,0.0,0,0
2017-06-07,0.0,0.0,0,0
2017-06-08,0.0,0.0,0,0
2017-06-09,0.0,0.0,0,0
2017-06-10,0.0,0.0,0,0
2017-06-11,0.0,0.0,0,0
2017-06-12,0.0,0.0,0,0
2017-06-13,0.0,0.0,0,0
2017-06-14,0.0,0.0,0,0
2017-06-15,0.0,0.0,0,0
2017-06-16,0.0,0.0,0,0
2017-06-17,0.0,0.0,0,0
2017-06-18,0.0,0.0,0,0
2017-06-19,0.0,0.0,0,0
2017-06-20,0.0,0.0,0,0
2017-06-21,0.0,0.0,0,0
2017-06-22,0.0,0.0,0,0
2017-06-23,0.0,0.0,0,0
2017-06-24,0.0,0.0,0,0
2017-06-25,0.0,0.0,0,0
2017-06-26,0.0,0.0,0,0
2017-06-27,0.0,0.0,0,0
2017-06-28,0.0,0.0,0,0
2017-06-29,0.0,0.0,0,0
2017-06-30,0.0,0.0,0,0
2017-07-01,0.0,0.0,0,0
2017-07-02,0.0,0.0,0,0
2017-07-03,0.0,0.0,0,0
2017-07-04,0.0,0.0,0,0
2017-07-05,0.0,0.0,0,0
2017-07-06,0.0,0.0,0,0
2017-07-07,0.0,0.0,0,0
2017-07-08,0.0,0.0,0,0
2017-07-09,0.0,0.0,0,0
2017-07-10,0.0,0.0,0,0
2017-07-11,0.0,0.0,0,0
2017-07-12,0.0,0.0,0,0
2017-07-13,0.0,0.0,0,0
2017-07-14,0.0,0.0,0,0
2017-07-15,0.0,0.0,0,0
2017-07-16,0.0,0.0,0,0
2017-07-17,0.0,0.0,0,0
2017-07-18,0.0,0.0,0,0
2017-07-19,0.0,0.0,0,0
2017-07-20,0.0,0.0,0,0
2017-07-21,0.0,0.0,0,0
2017-07-22,0.0,0.0,0,0
2017-07-23,0.0,0.0,0,0
2017-07-24,0.0,0.0,0,0
2017-07-25,0.0,0.0,0,0
2017-07-26,0.0,0.0,0,0
2017-07-27,0.0,0.0,0,0
2017-07-28,0.0,0.0,0,0
2017-07-29,0.0,0.0,0,0
2017-07-30,0.0,0.0,0,0
2017-07-31,0.0,0.0,0,0
2017-08-01,0.0,0.0,0,0
2017-08-02,0.0,0.0,0,0
2017-08-03,0.0,0.0,0,0
2017-08-04,0.0,0.0,0,0
2017-08-05,0.0,0.0,0,0
2017-08-06,0.0,0.0,0,0
2017-08-07,0.0,0.0,0,0
2017-08-08,0.0,0.0,0,0
2017-08-09,0.0,0.0,0,0
2017-08-10,0.0,0.0,0,0
2017-08-11,0.0,0.0,0,0
2017-08-12,0.0,0.0,0,0
2017-08-13,0.0,0.0,0,0
2017-08-14,0.0,0.0,0,0
2017-08-15,0.0,0.0,0,0
2017-08-16,0.0,0.0,0,0
2017-08-17,0.0,0.0,0,0
2017-08-18,0.0,0.0,0,0
2017-08-19,0.0,0.0,0,0
2017-08-20,0.0,0.0,0,0
2017-08-21,0.0,0.0,0,0
2017-08-22,0.0,0.0,0,0
2017-08-23,0.0,0.0,0,0
2017-08-24,0.0,0.0,0,0
2017-08-25,3.0,3.0,96,96
2017-08-26,6.0,6.0,96,96
2017-08-27,10.0,10.0,96,96
2017-08-28,10.0,13.0,0,96
2017-08-29,10.0,13.0,0,0
2017-08-30,10.0,13.0,0,0
2017-08-31,10.0,13.0,0,0
2017-09-01,10.0,13.0,0,0
2017-09-02,10.0,13.0,0,0
2017-09-03,10.0,13.0,0,0
2017-09-04,10.0,13.0,0,0
2017-09-05,10.0,13.0,0,0
2017-09-06,10.0,13.0,0,0
2017-09-07,10.0,13.0,0,0
2017-09-08,10.0,13.0,0,0
2017-09-09,10.0,13.0,0,0
2017-09-10,10.0,13.0,0,0
2017-09-11,10.0,13.0,0,0
2017-09-12,10.0,13.0,0,0
2017-09-13,10.0,13.0,0,0
2017-09-14,10.0,13.0,0,0
2017-09-15,10.0,13.0,0,0
2017-09-16,10.0,13.0,0,0
2017-09-17,10.0,13.0,0,0
2017-09-18,10.0,13.0,0,0
2017-09-19,10.0,13.0,0,0
2017-09-20,10.0,13.0,0,0
2017-09-21,10.0,13.0,0,0
2017-09-22,10.0,13.0,0,0
2017-09-23,10.0,13.0,0,0
2017-09-24,6.0,10.0,0,0
2017-09-25,3.0,6.0,0,0
2017-09-26,0.0,3.0,0,0
2017-09-27,0.0,0.0,0,0
2017-09-28,0.0,0.0,0,0
2017-09-29,0.0,0.0,0,0
2017-09-30,0.0,0.0,0,0
2017-10-01,0.0,0.0,0,0
2017-10-02,0.0,0.0,0,0
2017-10-03,0.0,0.0,0,0
2017-10-04,0.0,0.0,0,0
2017-10-05,0.0,0.0,0,0
2017-10-06,0.0,0.0,0,0
2017-10-07,0.0,0.0,0,0
2017-10-08,0.0,0.0,0,0
2017-10-09,0.0,0.0,0,0
2017-10-10,0.0,0.0,0,0
2017-10-11,0.0,0.0,0,0
2017-10-12,0.0,0.0,0,0
2017-10-13,0.0,0.0,0,0
2017-10-14,0.0,0.0,0,0
2017-10-15,0.0,0.0,0,0
2017-10-16,0.0,0.0,0,0
2017-10-17,0.0,0.0,0,0
2017-10-18,0.0,0.0,0,0
2017-10-19,0.0,0.0,0,0
2017-10-20,0.0,0.0,0,0
2017-10-21,0.0,0.0,0,0
2017-10-22,0.0,0.0,0,0
2017-10-23,0.0,0.0,0,0
2017-10-24,0.0,0.0,0,0
2017-10-25,0.0,0.0,0,0
2017-10-26,0.0,0.0,0,0
2017-10-27,0.0,0.0,0,0
2017-10-28,0.0,0.0,0,0
2017-10-29,0.0,0.0,0,0
2017-10-30,0.0,0.0,0,0
2017-10-31,0.0,0.0,0,0
2017-11-01,0.0,0.0,0,0
2017-11-02,0.0,0.0,0,0
2017-11-03,1.0,1.0,19,19
2017-11-04,1.0,1.0,19,19
2017-11-05,2.0,2.0,19,19
2017-11-06,3.0,3.0,37,37
2017-11-07,5.0,5.0,53,53
2017-11-08,8.0,8.0,82,82
2017-11-09,10.0,10.0,82,82
2017-11-10,13.0,13.0,82,82
2017-11-11,16.0,16.0,82,82
2017-11-12,19.0,19.0,82,82
2017-11-13,21.0,21.0,82,82
2017-11-14,24.0,24.0,76,92
2017-11-15,26.0,27.0,60,80
2017-11-16,27.0,29.0,38,60
2017-11-17,30.0,32.0,88,88
2017-11-18,33.0,35.0,88,88
2017-11-19,36.0,38.0,88,88
2017-11-20,36.0,41.0,18,88
2017-11-21,38.0,43.0,56,56
2017-11-22,40.0,44.0,54,56
2017-11-23,42.0,46.0,52,54
2017-11-24,44.0,48.0,52,52
2017-11-25,45.0,50.0,52,52
2017-11-26,47.0,52.0,51,52
2017-11-27,49.0,53.0,50,51
2017-11-28,50.0,55.0,43,50
2017-11-29,50.0,56.0,10,43
2017-11-30,52.0,58.0,41,41
2017-12-01,53.0,59.0,41,41
2017-12-02,55.0,60.0,41,41
2017-12-03,55.0,61.0,41,41
2017-12-04,56.0,62.0,41,41
2017-12-05,57.0,63.0,41,41
2017-12-06,56.0,63.0,16,55
2017-12-07,55.0,62.0,16,16
2017-12-08,53.0,60.0,18,18
2017-12-09,51.0,58.0,33,33
2017-12-10,49.0,57.0,33,33
2017-12-11,48.0,55.0,33,33
2017-12-12,46.0,53.0,25,33
2017-12-13,43.0,51.0,8,25
2017-12-14,41.0,49.0,8,8
2017-12-15,41.0,48.0,48,48
2017-12-16,41.0,47.0,48,48
2017-12-17,40.0,46.0,48,48
2017-12-18,38.0,44.0,48,48
2017-12-19,37.0,43.0,43,48
2017-12-20,38.0,43.0,63,82
2017-12-21,39.0,44.0,86,87
2017-12-22,42.0,47.0,133,133
2017-12-23,45.0,49.0,133,133
2017-12-24,48.0,52.0,133,133
2017-12-25,50.0,55.0,133,133
2017-12-26,53.0,58.0,141,149
2017-12-27,55.0,61.0,100,141
2017-12-28,57.0,62.0,100,100
2017-12-29,59.0,65.0,90,131
2017-12-30,61.0,67.0,90,90
2017-12-31,63.0,69.0,90,90
2018-01-01,64.0,70.0,90,90
2018-01-02,66.0,72.0,87,90
2018-01-03,66.0,73.0,44,87
2018-01-04,65.0,74.0,6,44
2018-01-05,66.0,74.0,55,57
2018-01-06,67.0,75.0,55,55
2018-01-07,69.0,76.0,55,55
2018-01-08,71.0,79.0,105,113
2018-01-09,73.0,81.0,102,105
2018-01-10,74.0,84.0,63,102
2018-01-11,75.0,85.0,54,63
2018-01-12,76.0,86.0,42,54
2018-01-13,78.0,87.0,42,42
2018-01-14,77.0,86.0,42,42
2018-01-15,77.0,86.0,42,42
2018-01-16,77.0,86.0,42,42
2018-01-17,77.0,86.0,42,42
2018-01-18,76.0,86.0,33,42
2018-01-19,75.0,84.0,20,33
2018-01-20,74.0,83.0,59,59
2018-01-21,70.0,81.0,20,59
2018-01-22,68.0,78.0,67,67
2018-01-23,66.0,76.0,67,67
2018-01-24,63.0,74.0,48,67
2018-01-25,59.0,71.0,27,48
2018-01-26,58.0,68.0,59,59
2018-01-27,57.0,67.0,59,59
2018-01-28,56.0,64.0,59,59
2018-01-29,54.0,63.0,43,59
2018-01-30,52.0,62.0,16,43
2018-01-31,49.0,59.0,5,16
2018-02-01,47.0,58.0,39,44
2018-02-02,47.0,56.0,39,39
2018-02-03,48.0,56.0,39,39
2018-02-04,47.0,55.0,39,39
2018-02-05,47.0,55.0,39,39
2018-02-06,48.0,56.0,78,90
2018-02-07,47.0,55.0,78,78
2018-02-08,45.0,54.0,58,78
2018-02-09,47.0,54.0,100,100
2018-02-10,49.0,56.0,128,128
2018-02-11,52.0,58.0,128,128
2018-02-12,53.0,61.0,82,128
2018-02-13,54.0,62.0,65,82
2018-02-14,54.0,63.0,49,65
2018-02-15,54.0,64.0,41,49
2018-02-16,54.0,63.0,41,41
2018-02-17,54.0,63.0,41,41
2018-02-18,55.0,64.0,41,41
2018-02-19,55.0,63.0,41,41
2018-02-20,55.0,62.0,41,41
2018-02-21,53.0,62.0,9,41
2018-02-22,51.0,60.0,0,9
2018-02-23,51.0,59.0,42,42
2018-02-24,51.0,59.0,42,42
2018-02-25,51.0,58.0,42,42
2018-02-26,50.0,58.0,42,42
2018-02-27,48.0,57.0,6,42
2018-02-28,48.0,56.0,39,45
2018-03-01,49.0,56.0,39,39
2018-03-02,50.0,57.0,39,39
2018-03-03,51.0,58.0,69,69
2018-03-04,52.0,59.0,69,69
2018-03-05,53.0,60.0,69,69
2018-03-06,54.0,61.0,69,69
2018-03-07,55.0,62.0,69,69
2018-03-08,55.0,61.0,69,69
2018-03-09,55.0,61.0,69,69
2018-03-10,55.0,61.0,69,69
2018-03-11,54.0,60.0,69,69
2018-03-12,52.0,58.0,69,69
2018-03-13,51.0,57.0,88,118
2018-03-14,51.0,56.0,83,88
2018-03-15,51.0,56.0,83,83
2018-03-16,52.0,58.0,75,122
2018-03-17,53.0,59.0,75,75
2018-03-18,54.0,60.0,75,75
2018-03-19,54.0,61.0,39,75
2018-03-20,54.0,61.0,39,39
2018-03-21,53.0,61.0,0,39
2018-03-22,52.0,60.0,0,0
2018-03-23,53.0,60.0,46,46
2018-03-24,54.0,61.0,46,46
2018-03-25,54.0,61.0,46,46
2018-03-26,55.0,61.0,46,46
2018-03-27,53.0,61.0,0,46
2018-03-28,52.0,60.0,9,9
2018-03-29,52.0,59.0,8,10
2018-03-30,53.0,60.0,57,58
2018-03-31,53.0,60.0,57,57
2018-04-01,54.0,61.0,57,57
2018-04-02,54.0,60.0,57,57
2018-04-03,53.0,60.0,53,57
2018-04-04,52.0,60.0,53,53
2018-04-05,54.0,61.0,103,103
2018-04-06,55.0,62.0,103,103
2018-04-07,56.0,63.0,103,103
2018-04-08,57.0,64.0,103,103
2018-04-09,58.0,65.0,103,103
2018-04-10,59.0,66.0,103,103
2018-04-11,59.0,67.0,59,103
2018-04-12,59.0,66.0,81,89
2018-04-13,57.0,66.0,29,81
2018-04-14,56.0,65.0,55,55
2018-04-15,55.0,63.0,55,55
2018-04-16,54.0,62.0,50,55
2018-04-17,53.0,62.0,26,50
2018-04-18,52.0,60.0,22,26
2018-04-19,53.0,61.0,69,69
2018-04-20,56.0,63.0,85,98
2018-04-21,59.0,66.0,85,85
2018-04-22,60.0,67.0,85,85
2018-04-23,61.0,68.0,80,85
2018-04-24,63.0,69.0,80,80
2018-04-25,63.0,71.0,71,80
2018-04-26,66.0,71.0,71,71
2018-04-27,70.0,77.0,129,168
2018-04-28,74.0,81.0,129,129
2018-04-29,76.0,83.0,129,129
2018-04-30,77.0,85.0,78,129
2018-05-01,78.0,86.0,78,78
2018-05-02,79.0,89.0,92,133
2018-05-03,80.0,90.0,92,92
2018-05-04,80.0,91.0,44,92
2018-05-05,79.0,91.0,94,94
2018-05-06,79.0,91.0,94,94
2018-05-07,79.0,90.0,94,94
2018-05-08,78.0,90.0,69,94
2018-05-09,76.0,89.0,51,69
2018-05-10,74.0,87.0,36,51
2018-05-11,74.0,86.0,76,76
2018-05-12,74.0,86.0,76,76
2018-05-13,76.0,86.0,76,76
2018-05-14,76.0,86.0,76,76
2018-05-15,77.0,87.0,64,76
2018-05-16,77.0,87.0,64,64
2018-05-17,78.0,88.0,64,64
2018-05-18,80.0,89.0,61,64
2018-05-19,79.0,89.0,61,61
2018-05-20,79.0,88.0,61,61
2018-05-21,78.0,87.0,61,61
2018-05-22,77.0,86.0,61,61
2018-05-23,76.0,85.0,50,61
2018-05-24,76.0,85.0,68,80
2018-05-25,76.0,85.0,68,68
2018-05-26,75.0,85.0,68,68
2018-05-27,72.0,81.0,38,68
2018-05-28,71.0,80.0,88,88
2018-05-29,70.0,79.0,88,88
2018-05-30,69.0,77.0,59,88
2018-05-31,68.0,77.0,35,59
2018-06-01,66.0,73.0,35,35
2018-06-02,64.0,71.0,35,35
2018-06-03,64.0,70.0,35,35
2018-06-04,62.0,68.0,35,35
2018-06-05,60.0,66.0,35,35
2018-06-06,57.0,64.0,21,35
2018-06-07,58.0,63.0,82,82
2018-06-08,59.0,65.0,101,117
2018-06-09,63.0,68.0,151,151
2018-06-10,66.0,71.0,151,151
2018-06-11,68.0,73.0,150,151
2018-06-12,71.0,76.0,150,150
2018-06-13,73.0,78.0,150,150
2018-06-14,76.0,81.0,150,150
2018-06-15,78.0,83.0,125,150
2018-06-16,80.0,85.0,125,125
2018-06-17,82.0,87.0,125,125
2018-06-18,84.0,90.0,124,125
2018-06-19,86.0,92.0,103,124
2018-06-20,87.0,93.0,103,103
2018-06-21,88.0,94.0,102,103
2018-06-22,89.0,96.0,79,102
2018-06-23,90.0,97.0,103,103
2018-06-24,92.0,98.0,103,103
2018-06-25,93.0,99.0,103,103
2018-06-26,95.0,101.0,93,117
2018-06-27,95.0,101.0,85,93
2018-06-28,94.0,101.0,66,85
2018-06-29,94.0,100.0,66,66
2018-06-30,97.0,102.0,115,115
2018-07-01,99.0,104.0,115,115
2018-07-02,102.0,107.0,114,115
2018-07-03,105.0,110.0,114,114
2018-07-04,107.0,112.0,114,114
2018-07-05,110.0,115.0,114,114
2018-07-06,113.0,118.0,114,114
2018-07-07,113.0,119.0,90,114
2018-07-08,113.0,118.0,87,90
2018-07-09,111.0,116.0,84,87
2018-07-10,108.0,113.0,67,84
2018-07-11,105.0,111.0,67,67
2018-07-12,102.0,108.0,67,67
2018-07-13,99.0,105.0,40,67
2018-07-14,95.0,101.0,40,40
2018-07-15,92.0,98.0,40,40
2018-07-16,89.0,95.0,40,40
2018-07-17,86.0,92.0,40,40
2018-07-18,85.0,91.0,76,89
2018-07-19,84.0,89.0,76,76
2018-07-20,84.0,90.0,110,126
2018-07-21,84.0,90.0,110,110
2018-07-22,85.0,91.0,109,110
2018-07-23,86.0,91.0,109,109
2018-07-24,86.0,91.0,109,109
2018-07-25,88.0,93.0,164,166
2018-07-26,90.0,95.0,164,164
2018-07-27,90.0,97.0,65,164
2018-07-28,90.0,96.0,65,65
2018-07-29,89.0,96.0,65,65
2018-07-30,88.0,95.0,64,65
2018-07-31,86.0,93.0,63,64
2018-08-01,85.0,93.0,72,111
2018-08-02,85.0,93.0,115,115
2018-08-03,85.0,93.0,115,115
2018-08-04,85.0,93.0,115,115
2018-08-05,85.0,93.0,115,115
2018-08-06,86.0,93.0,115,115
2018-08-07,86.0,94.0,114,115
2018-08-08,88.0,95.0,114,114
2018-08-09,89.0,96.0,114,114
2018-08-10,91.0,97.0,114,114
2018-08-11,92.0,99.0,114,114
2018-08-12,95.0,100.0,114,114
2018-08-13,97.0,103.0,114,114
2018-08-14,100.0,105.0,114,114
2018-08-15,102.0,108.0,114,114
2018-08-16,104.0,112.0,113,154
2018-08-17,106.0,112.0,113,113
2018-08-18,107.0,114.0,113,113
2018-08-19,107.0,113.0,113,113
2018-08-20,107.0,114.0,111,126
2018-08-21,108.0,114.0,130,130
2018-08-22,108.0,115.0,130,130
2018-08-23,109.0,117.0,130,156
2018-08-24,108.0,116.0,130,130
2018-08-25,107.0,114.0,130,130
2018-08-26,109.0,113.0,130,130
2018-08-27,111.0,115.0,130,130
2018-08-28,113.0,118.0,130,154
2018-08-29,116.0,121.0,130,130
2018-08-30,118.0,123.0,130,130
2018-08-31,120.0,124.0,131,162
2018-09-01,120.0,125.0,131,131
2018-09-02,121.0,126.0,131,131
2018-09-03,121.0,126.0,131,131
2018-09-04,122.0,127.0,131,131
2018-09-05,122.0,128.0,131,151
2018-09-06,123.0,128.0,131,131
2018-09-07,124.0,129.0,131,131
2018-09-08,124.0,129.0,131,131
2018-09-09,125.0,130.0,131,131
2018-09-10,125.0,131.0,131,131
2018-09-11,126.0,131.0,131,131
2018-09-12,126.0,132.0,131,141
2018-09-13,127.0,133.0,131,131
2018-09-14,128.0,134.0,132,142
2018-09-15,128.0,133.0,132,132
2018-09-16,129.0,133.0,132,132
2018-09-17,130.0,134.0,132,132
2018-09-18,130.0,135.0,132,132
2018-09-19,131.0,135.0,131,143
2018-09-20,130.0,135.0,94,131
2018-09-21,128.0,134.0,94,94
2018-09-22,127.0,132.0,94,94
2018-09-23,126.0,131.0,94,94
2018-09-24,125.0,130.0,94,94
2018-09-25,124.0,128.0,94,94
2018-09-26,122.0,127.0,94,94
2018-09-27,121.0,126.0,94,128
2018-09-28,120.0,125.0,94,94
2018-09-29,119.0,124.0,94,94
2018-09-30,118.0,122.0,94,94
2018-10-01,115.0,120.0,57,94
2018-10-02,113.0,118.0,57,57
2018-10-03,112.0,117.0,106,106
2018-10-04,111.0,116.0,94,106
2018-10-05,109.0,114.0,94,94
2018-10-06,108.0,113.0,94,94
2018-10-07,105.0,112.0,45,94
2018-10-08,103.0,110.0,57,57
2018-10-09,100.0,107.0,59,59
2018-10-10,98.0,105.0,59,59
2018-10-11,96.0,102.0,59,59
2018-10-12,93.0,100.0,59,59
2018-10-13,91.0,97.0,59,59
2018-10-14,88.0,94.0,59,59
2018-10-15,86.0,92.0,46,59
2018-10-16,83.0,90.0,47,68
2018-10-17,82.0,89.0,97,97
2018-10-18,80.0,88.0,97,97
2018-10-19,79.0,86.0,84,97
2018-10-20,78.0,84.0,83,84
2018-10-21,77.0,84.0,56,83
2018-10-22,76.0,83.0,57,57
2018-10-23,75.0,82.0,66,81
2018-10-24,75.0,83.0,99,99
2018-10-25,76.0,83.0,108,109
2018-10-26,77.0,85.0,147,147
2018-10-27,79.0,85.0,147,147
2018-10-28,81.0,87.0,147,147
2018-10-29,83.0,89.0,147,147
2018-10-30,84.0,91.0,128,147
2018-10-31,85.0,92.0,98,128
2018-11-01,87.0,94.0,99,133
2018-11-02,87.0,94.0,108,108
2018-11-03,87.0,95.0,108,108
2018-11-04,87.0,96.0,98,131
2018-11-05,87.0,96.0,98,98
2018-11-06,88.0,96.0,62,98
2018-11-07,88.0,96.0,62,62
2018-11-08,90.0,98.0,102,102
2018-11-09,91.0,99.0,102,102
2018-11-10,93.0,102.0,132,132
2018-11-11,96.0,104.0,132,132
2018-11-12,98.0,106.0,121,132
2018-11-13,100.0,108.0,121,121
2018-11-14,102.0,110.0,121,121
2018-11-15,105.0,112.0,120,121
2018-11-16,106.0,113.0,116,120
2018-11-17,106.0,114.0,114,116
2018-11-18,107.0,114.0,114,114
2018-11-19,108.0,115.0,114,114
2018-11-20,111.0,118.0,139,153
2018-11-21,113.0,122.0,125,189
2018-11-22,115.0,123.0,124,125
2018-11-23,117.0,125.0,144,144
2018-11-24,118.0,126.0,144,144
2018-11-25,118.0,126.0,144,144
2018-11-26,118.0,126.0,144,144
2018-11-27,118.0,126.0,144,144
2018-11-28,118.0,127.0,147,171
2018-11-29,118.0,127.0,146,147
2018-11-30,120.0,128.0,148,155
2018-12-01,121.0,128.0,148,148
2018-12-02,123.0,129.0,148,148
2018-12-03,124.0,131.0,149,149
2018-12-04,126.0,131.0,149,149
2018-12-05,128.0,133.0,149,162
2018-12-06,130.0,135.0,149,149
2018-12-07,133.0,138.0,149,149
2018-12-08,135.0,140.0,148,149
2018-12-09,136.0,141.0,148,148
2018-12-10,137.0,142.0,148,148
2018-12-11,137.0,142.0,128,148
2018-12-12,137.0,142.0,119,128
2018-12-13,136.0,142.0,115,119
2018-12-14,136.0,142.0,114,115
2018-12-15,136.0,142.0,111,114
2018-12-16,136.0,141.0,111,111
2018-12-17,136.0,143.0,121,158
2018-12-18,136.0,143.0,106,121
2018-12-19,135.0,143.0,101,106
2018-12-20,134.0,141.0,100,101
2018-12-21,133.0,139.0,100,137
2018-12-22,132.0,138.0,96,100
2018-12-23,131.0,137.0,96,96
2018-12-24,129.0,135.0,96,96
2018-12-25,127.0,134.0,96,96
2018-12-26,126.0,132.0,96,96
2018-12-27,124.0,130.0,78,96
2018-12-28,121.0,127.0,78,78
2018-12-29,119.0,125.0,78,78
2018-12-30,117.0,122.0,78,78
2018-12-31,114.0,120.0,79,79
2019-01-01,112.0,118.0,78,79
2019-01-02,110.0,115.0,78,78
2019-01-03,108.0,115.0,96,135
2019-01-04,106.0,113.0,96,96
2019-01-05,106.0,112.0,129,129
2019-01-06,105.0,111.0,129,129
2019-01-07,104.0,111.0,129,129
2019-01-08,104.0,110.0,129,129
2019-01-09,103.0,109.0,129,129
2019-01-10,103.0,109.0,129,129
2019-01-11,104.0,110.0,150,151
2019-01-12,105.0,111.0,150,150
2019-01-13,106.0,112.0,150,150
2019-01-14,108.0,113.0,150,150
2019-01-15,108.0,114.0,109,150
2019-01-16,107.0,113.0,109,109
2019-01-17,108.0,113.0,128,128
2019-01-18,109.0,114.0,126,128
2019-01-19,110.0,115.0,149,150
2019-01-20,112.0,116.0,149,149
2019-01-21,114.0,117.0,149,149
2019-01-22,116.0,120.0,150,164
2019-01-23,117.0,121.0,150,150
2019-01-24,119.0,123.0,149,150
2019-01-25,121.0,125.0,147,165
2019-01-26,123.0,127.0,145,147
2019-01-27,125.0,129.0,145,145
2019-01-28,128.0,132.0,144,145
2019-01-29,130.0,134.0,143,144
2019-01-30,132.0,137.0,139,165
2019-01-31,134.0,139.0,139,139
2019-02-01,136.0,141.0,148,149
2019-02-02,138.0,142.0,148,148
2019-02-03,140.0,143.0,148,148
2019-02-04,140.0,144.0,148,148
2019-02-05,141.0,144.0,148,148
2019-02-06,142.0,145.0,148,148
2019-02-07,142.0,146.0,148,148
2019-02-08,143.0,147.0,144,159
2019-02-09,143.0,147.0,144,144
2019-02-10,143.0,147.0,144,144
2019-02-11,143.0,147.0,144,144
2019-02-12,143.0,147.0,144,144
2019-02-13,142.0,146.0,144,144
2019-02-14,143.0,147.0,143,168
2019-02-15,144.0,148.0,140,143
2019-02-16,145.0,149.0,140,140
2019-02-17,145.0,149.0,140,140
2019-02-18,145.0,149.0,140,140
2019-02-19,145.0,148.0,140,140
2019-02-20,144.0,148.0,140,140
2019-02-21,144.0,148.0,124,160
2019-02-22,143.0,147.0,123,124
2019-02-23,143.0,147.0,145,145
2019-02-24,142.0,146.0,145,145
2019-02-25,142.0,146.0,145,145
2019-02-26,142.0,146.0,145,145
2019-02-27,142.0,147.0,142,177
2019-02-28,143.0,148.0,162,162
2019-03-01,144.0,148.0,162,162
2019-03-02,145.0,148.0,162,162
2019-03-03,145.0,149.0,162,162
2019-03-04,146.0,149.0,162,162
2019-03-05,146.0,150.0,162,162
2019-03-06,146.0,151.0,159,187
2019-03-07,147.0,152.0,159,159
2019-03-08,147.0,152.0,159,159
2019-03-09,147.0,152.0,159,159
2019-03-10,148.0,152.0,159,159
2019-03-11,148.0,154.0,149,199
2019-03-12,149.0,155.0,156,167
2019-03-13,149.0,155.0,156,156
2019-03-14,149.0,156.0,151,182
2019-03-15,149.0,158.0,152,188
2019-03-16,150.0,157.0,152,152
2019-03-17,150.0,158.0,152,152
2019-03-18,150.0,158.0,151,152
2019-03-19,151.0,158.0,150,151
2019-03-20,151.0,160.0,132,195
2019-03-21,150.0,160.0,132,132
2019-03-22,150.0,160.0,140,140
2019-03-23,151.0,159.0,140,140
2019-03-24,151.0,160.0,140,140
2019-03-25,151.0,160.0,140,140
2019-03-26,151.0,160.0,140,140
2019-03-27,152.0,161.0,178,178
2019-03-28,152.0,163.0,134,208
2019-03-29,152.0,162.0,149,149
2019-03-30,152.0,161.0,149,149
2019-03-31,151.0,162.0,148,179
2019-04-01,151.0,162.0,148,148
2019-04-02,150.0,161.0,148,148
2019-04-03,149.0,161.0,131,148
2019-04-04,148.0,160.0,141,142
2019-04-05,148.0,158.0,141,141
2019-04-06,147.0,158.0,141,141
2019-04-07,147.0,157.0,141,141
2019-04-08,145.0,157.0,103,141
2019-04-09,143.0,155.0,92,103
2019-04-10,141.0,151.0,92,92
2019-04-11,138.0,149.0,67,92
2019-04-12,136.0,148.0,96,122
2019-04-13,134.0,145.0,91,96
2019-04-14,132.0,141.0,91,91
2019-04-15,130.0,141.0,110,136
2019-04-16,129.0,140.0,110,110
2019-04-17,127.0,138.0,107,110
2019-04-18,126.0,137.0,107,107
2019-04-19,125.0,135.0,115,133
2019-04-20,125.0,134.0,115,115
2019-04-21,124.0,133.0,115,115
2019-04-22,123.0,132.0,115,115
2019-04-23,122.0,132.0,115,115
2019-04-24,121.0,132.0,113,152
2019-04-25,121.0,131.0,113,113
2019-04-26,118.0,129.0,113,113
2019-04-27,118.0,127.0,116,142
2019-04-28,117.0,126.0,116,116
2019-04-29,116.0,124.0,116,116
2019-04-30,114.0,122.0,116,116
2019-05-01,113.0,122.0,113,136
2019-05-02,112.0,121.0,113,113
2019-05-03,112.0,120.0,112,137
2019-05-04,110.0,119.0,109,112
2019-05-05,109.0,118.0,109,109
2019-05-06,108.0,118.0,107,124
2019-05-07,107.0,117.0,107,107
2019-05-08,107.0,116.0,107,107
2019-05-09,108.0,116.0,99,107
2019-05-10,108.0,116.0,106,106
2019-05-11,109.0,117.0,109,109
2019-05-12,111.0,118.0,151,151
2019-05-13,113.0,120.0,152,152
2019-05-14,114.0,122.0,110,152
2019-05-15,114.0,121.0,109,110
2019-05-16,114.0,121.0,109,109
2019-05-17,114.0,121.0,110,112
2019-05-18,114.0,121.0,110,110
2019-05-19,114.0,120.0,110,110
2019-05-20,114.0,120.0,111,111
2019-05-21,114.0,120.0,110,116
2019-05-22,113.0,120.0,110,110
2019-05-23,113.0,120.0,110,110
2019-05-24,113.0,119.0,109,129
2019-05-25,113.0,119.0,109,129
2019-05-26,113.0,120.0,107,146
2019-05-27,112.0,119.0,107,107
2019-05-28,112.0,119.0,101,107
2019-05-29,112.0,119.0,108,108
2019-05-30,111.0,118.0,108,108
2019-05-31,111.0,118.0,108,122
2019-06-01,111.0,118.0,108,108
2019-06-02,111.0,117.0,108,108
2019-06-03,111.0,117.0,108,108
2019-06-04,111.0,117.0,108,108
2019-06-05,111.0,116.0,108,108
2019-06-06,111.0,116.0,108,108
2019-06-07,111.0,116.0,107,108
2019-06-08,111.0,116.0,107,107
2019-06-09,111.0,116.0,107,107
2019-06-10,111.0,116.0,107,107
2019-06-11,110.0,115.0,107,107
2019-06-12,108.0,113.0,107,108
2019-06-13,108.0,112.0,106,107
2019-06-14,108.0,112.0,115,117
2019-06-15,108.0,112.0,115,115
2019-06-16,109.0,112.0,115,115
2019-06-17,109.0,112.0,115,115
2019-06-18,109.0,113.0,115,115
2019-06-19,109.0,113.0,115,115
2019-06-20,109.0,113.0,115,115
2019-06-21,109.0,113.0,111,130
2019-06-22,109.0,114.0,113,113
2019-06-23,110.0,113.0,113,113
2019-06-24,110.0,112.0,113,113
2019-06-25,110.0,111.0,113,113
2019-06-26,110.0,112.0,110,113
2019-06-27,110.0,112.0,113,114
2019-06-28,111.0,112.0,113,113
2019-06-29,111.0,112.0,113,113
2019-06-30,111.0,112.0,113,113
2019-07-01,111.0,112.0,113,113
2019-07-02,111.0,112.0,113,113
2019-07-03,111.0,112.0,113,113
2019-07-04,112.0,112.0,113,113
2019-07-05,112.0,113.0,113,113
2019-07-06,112.0,113.0,113,113
2019-07-07,112.0,113.0,113,113
2019-07-08,112.0,113.0,113,113
2019-07-09,112.0,113.0,113,113
2019-07-10,113.0,114.0,113,113
2019-07-11,113.0,114.0,113,121
2019-07-12,113.0,114.0,113,113
2019-07-13,113.0,114.0,113,113
2019-07-14,113.0,114.0,113,113
2019-07-15,113.0,115.0,113,132
2019-07-16,113.0,115.0,113,113
2019-07-17,113.0,115.0,101,113
2019-07-18,112.0,114.0,101,101
2019-07-19,112.0,114.0,100,101
2019-07-20,111.0,113.0,100,100
2019-07-21,111.0,112.0,100,100
2019-07-22,110.0,112.0,100,100
2019-07-23,110.0,111.0,98,100
2019-07-24,109.0,111.0,98,98
2019-07-25,109.0,110.0,89,98
2019-07-26,108.0,110.0,89,89
2019-07-27,107.0,109.0,86,89
2019-07-28,106.0,108.0,85,86
2019-07-29,105.0,107.0,85,85
2019-07-30,104.0,106.0,85,85
2019-07-31,104.0,105.0,93,94
2019-08-01,104.0,106.0,122,122
2019-08-02,104.0,106.0,122,122
2019-08-03,104.0,106.0,118,122
2019-08-04,104.0,106.0,119,119
2019-08-05,105.0,107.0,119,119
2019-08-06,105.0,107.0,119,119
2019-08-07,104.0,107.0,99,119
2019-08-08,104.0,107.0,99,99
2019-08-09,103.0,106.0,99,99
2019-08-10,103.0,105.0,93,99
2019-08-11,102.0,105.0,93,93
2019-08-12,101.0,104.0,93,93
2019-08-13,101.0,103.0,93,93
2019-08-14,100.0,102.0,88,93
2019-08-15,99.0,101.0,88,88
2019-08-16,99.0,100.0,83,88
2019-08-17,98.0,100.0,72,83
2019-08-18,97.0,99.0,72,72
2019-08-19,95.0,98.0,54,72
2019-08-20,94.0,96.0,54,54
2019-08-21,93.0,96.0,85,85
2019-08-22,93.0,95.0,85,85
2019-08-23,92.0,95.0,85,85
2019-08-24,92.0,95.0,84,85
2019-08-25,92.0,94.0,84,84
2019-08-26,92.0,94.0,84,84
2019-08-27,92.0,94.0,84,84
2019-08-28,92.0,94.0,83,84
2019-08-29,92.0,94.0,83,83
2019-08-30,92.0,94.0,95,95
2019-08-31,91.0,93.0,95,95
2019-09-01,90.0,92.0,95,95
2019-09-02,89.0,91.0,95,95
2019-09-03,88.0,91.0,79,107
2019-09-04,87.0,92.0,109,146
2019-09-05,87.0,92.0,109,109
2019-09-06,87.0,91.0,109,109
2019-09-07,88.0,92.0,109,109
2019-09-08,88.0,92.0,109,109
2019-09-09,89.0,92.0,109,109
2019-09-10,89.0,93.0,109,109
2019-09-11,90.0,93.0,109,109
2019-09-12,90.0,94.0,109,109
2019-09-13,91.0,96.0,111,149
2019-09-14,92.0,96.0,111,111
2019-09-15,93.0,97.0,111,111
2019-09-16,94.0,98.0,109,111
2019-09-17,95.0,99.0,109,109
2019-09-18,97.0,101.0,109,109
2019-09-19,98.0,103.0,70,134
2019-09-20,98.0,104.0,109,110
2019-09-21,99.0,105.0,109,109
2019-09-22,100.0,106.0,109,109
2019-09-23,101.0,106.0,109,109
2019-09-24,102.0,107.0,108,109
2019-09-25,102.0,108.0,108,108
2019-09-26,103.0,109.0,108,108
2019-09-27,104.0,110.0,108,108
2019-09-28,103.0,111.0,45,108
2019-09-29,101.0,109.0,45,45
2019-09-30,98.0,107.0,7,45
2019-10-01,96.0,106.0,42,43
2019-10-02,95.0,104.0,46,46
2019-10-03,94.0,102.0,46,46
2019-10-04,92.0,98.0,46,46
2019-10-05,89.0,96.0,46,46
2019-10-06,87.0,94.0,46,46
2019-10-07,84.0,92.0,19,46
2019-10-08,81.0,89.0,8,19
2019-10-09,78.0,86.0,6,8
2019-10-10,74.0,82.0,6,6
2019-10-11,71.0,79.0,6,6
2019-10-12,67.0,76.0,6,6
2019-10-13,64.0,71.0,6,6
2019-10-14,60.0,67.0,6,6
2019-10-15,57.0,64.0,0,6
2019-10-16,53.0,60.0,0,0
2019-10-17,49.0,56.0,0,0
2019-10-18,46.0,53.0,0,0
2019-10-19,43.0,48.0,0,0
2019-10-20,40.0,45.0,0,0
2019-10-21,36.0,41.0,0,0
2019-10-22,32.0,37.0,0,0
2019-10-23,29.0,34.0,0,0
2019-10-24,25.0,30.0,0,0
2019-10-25,22.0,27.0,0,0
2019-10-26,18.0,23.0,0,0
2019-10-27,14.0,19.0,0,0
2019-10-28,13.0,16.0,0,0
2019-10-29,11.0,14.0,0,0
2019-10-30,11.0,13.0,0,0
2019-10-31,10.0,11.0,0,0
2019-11-01,8.0,10.0,0,0
2019-11-02,7.0,8.0,0,0
2019-11-03,5.0,7.0,0,0
2019-11-04,4.0,5.0,0,0
2019-11-05,2.0,4.0,0,0
2019-11-06,1.0,2.0,0,0
2019-11-07,1.0,1.0,0,0
2019-11-08,1.0,1.0,0,0
2019-11-09,1.0,1.0,0,0
2019-11-10,1.0,1.0,0,0
2019-11-11,0.0,1.0,0,0
2019-11-12,0.0,0.0,0,0
2019-11-13,0.0,0.0,0,0
2019-11-14,0.0,0.0,0,0
2019-11-15,0.0,0.0,0,0
2019-11-16,0.0,0.0,0,0
2019-11-17,0.0,0.0,0,0
2019-11-18,0.0,0.0,0,0
2019-11-19,0.0,0.0,0,0
2019-11-20,0.0,0.0,0,0
2019-11-21,0.0,0.0,0,0
2019-11-22,0.0,0.0,0,0
2019-11-23,0.0,0.0,0,0
2019-11-24,0.0,0.0,0,0
2019-11-25,0.0,0.0,0,0
2019-11-26,0.0,0.0,0,0
2019-11-27,0.0,0.0,0,0
2019-11-28,0.0,0.0,0,0
2019-11-29,0.0,0.0,0,0
2019-11-30,0.0,0.0,0,0
2019-12-01,0.0,0.0,0,0
2019-12-02,0.0,0.0,0,0
2019-12-03,0.0,0.0,0,0
2019-12-04,0.0,0.0,0,0
2019-12-05,0.0,0.0,0,0
2019-12-06,0.0,0.0,0,0
2019-12-07,0.0,0.0,0,0
2019-12-08,0.0,0.0,0,0
2019-12-09,0.0,0.0,0,0
2019-12-10,0.0,0.0,0,0
2019-12-11,0.0,0.0,0,0
2019-12-12,0.0,0.0,0,0
2019-12-13,0.0,0.0,0,0
2019-12-14,0.0,0.0,0,0
2019-12-15,0.0,0.0,0,0
2019-12-16,0.0,0.0,0,0
2019-12-17,0.0,0.0,0,0
2019-12-18,0.0,0.0,0,0
2019-12-19,0.0,0.0,0,0
2019-12-20,0.0,0.0,0,0
2019-12-21,0.0,0.0,0,0
2019-12-22,0.0,0.0,0,0
2019-12-23,0.0,0.0,0,0
2019-12-24,0.0,0.0,0,0
2019-12-25,0.0,0.0,0,0
2019-12-26,0.0,0.0,0,0
2019-12-27,0.0,0.0,0,0
2019-12-28,0.0,0.0,0,0
2019-12-29,0.0,0.0,0,0
2019-12-30,0.0,0.0,0,0
2019-12-31,0.0,0.0,0,0
2020-01-01,0.0,0.0,0,0
2020-01-02,0.0,0.0,0,0
2020-01-03,0.0,0.0,0,0
2020-01-04,0.0,0.0,0,0
2020-01-05,0.0,0.0,0,0
2020-01-06,0.0,0.0,0,0
2020-01-07,0.0,0.0,0,0
2020-01-08,0.0,0.0,0,0
2020-01-09,0.0,0.0,0,0
2020-01-10,0.0,0.0,0,0
2020-01-11,0.0,0.0,0,0
2020-01-12,0.0,0.0,0,0
2020-01-13,0.0,0.0,0,0
2020-01-14,0.0,0.0,0,0
2020-01-15,0.0,0.0,0,0
2020-01-16,0.0,0.0,0,0
2020-01-17,0.0,0.0,0,0
2020-01-18,0.0,0.0,0,0
2020-01-19,0.0,0.0,0,0
2020-01-20,0.0,0.0,0,0
2020-01-21,0.0,0.0,0,0
2020-01-22,0.0,0.0,0,0
2020-01-23,0.0,0.0,0,0
2020-01-24,0.0,0.0,0,0
2020-01-25,0.0,0.0,0,0
2020-01-26,0.0,0.0,0,0
2020-01-27,0.0,0.0,0,0
2020-01-28,0.0,0.0,0,0
2020-01-29,0.0,0.0,0,0
2020-01-30,0.0,0.0,0,0
2020-01-31,0.0,0.0,0,0
2020-02-01,0.0,0.0,0,0
2020-02-02,0.0,0.0,0,0
2020-02-03,0.0,0.0,0,0
2020-02-04,0.0,0.0,0,0
2020-02-05,0.0,0.0,0,0
2020-02-06,0.0,0.0,0,0
2020-02-07,0.0,0.0,0,0
2020-02-08,0.0,0.0,0,0
2020-02-09,0.0,0.0,0,0
2020-02-10,0.0,0.0,0,0
2020-02-11,0.0,0.0,0,0
2020-02-12,0.0,0.0,0,0
2020-02-13,0.0,0.0,0,0
2020-02-14,0.0,0.0,0,0
2020-02-15,0.0,0.0,0,0
2020-02-16,0.0,0.0,0,0
2020-02-17,0.0,0.0,0,0
2020-02-18,0.0,0.0,0,0
2020-02-19,0.0,0.0,0,0
2020-02-20,0.0,0.0,0,0
2020-02-21,0.0,0.0,0,0
2020-02-22,0.0,0.0,0,0
2020-02-23,0.0,0.0,0,0
2020-02-24,0.0,0.0,0,0
2020-02-25,0.0,0.0,0,0
2020-02-26,0.0,0.0,0,0
2020-02-27,0.0,0.0,0,0
2020-02-28,0.0,0.0,0,0
2020-02-29,0.0,0.0,0,0
2020-03-01,0.0,0.0,0,0
2020-03-02,0.0,0.0,0,0
2020-03-03,0.0,0.0,0,0
2020-03-04,0.0,0.0,0,0
2020-03-05,0.0,0.0,0,0
2020-03-06,0.0,0.0,0,0
2020-03-07,0.0,0.0,0,0
2020-03-08,0.0,0.0,0,0
2020-03-09,0.0,0.0,0,0
2020-03-10,0.0,0.0,0,0
2020-03-11,0.0,0.0,0,0
2020-03-12,0.0,0.0,0,0
2020-03-13,0.0,0.0,0,0
2020-03-14,0.0,0.0,0,0
2020-03-15,0.0,0.0,0,0
2020-03-16,0.0,0.0,0,0
2020-03-17,0.0,0.0,0,0
2020-03-18,0.0,0.0,0,0
2020-03-19,0.0,0.0,0,0
2020-03-20,0.0,0.0,0,0
2020-03-21,0.0,0.0,0,0
2020-03-22,0.0,0.0,0,0
2020-03-23,0.0,0.0,0,0
2020-03-24,0.0,0.0,0,0
2020-03-25,0.0,0.0,0,0
2020-03-26,0.0,0.0,0,0
2020-03-27,0.0,0.0,0,0
2020-03-28,0.0,0.0,0,0
2020-03-29,0.0,0.0,0,0
2020-03-30,0.0,0.0,0,0
2020-03-31,0.0,0.0,0,0
2020-04-01,0.0,0.0,0,0
2020-04-02,0.0,0.0,0,0
2020-04-03,0.0,0.0,0,0
2020-04-04,0.0,0.0,0,0
2020-04-05,0.0,0.0,0,0
2020-04-06,0.0,0.0,0,0
2020-04-07,0.0,0.0,0,0
2020-04-08,0.0,0.0,0,0
2020-04-09,0.0,0.0,0,0
2020-04-10,0.0,0.0,0,0
2020-04-11,0.0,0.0,0,0
2020-04-12,0.0,0.0,0,0
2020-04-13,0.0,0.0,0,0
2020-04-14,0.0,0.0,0,0
2020-04-15,0.0,0.0,0,0
2020-04-16,0.0,0.0,0,0
2020-04-17,0.0,0.0,0,0
2020-04-18,0.0,0.0,0,0
2020-04-19,0.0,0.0,0,0
2020-04-20,0.0,0.0,0,0
2020-04-21,0.0,0.0,0,0
2020-04-22,0.0,0.0,0,0
2020-04-23,0.0,0.0,0,0
2020-04-24,0.0,0.0,0,0
2020-04-25,0.0,0.0,0,0
2020-04-26,0.0,0.0,0,0
2020-04-27,0.0,0.0,0,0
2020-04-28,0.0,0.0,0,0
2020-04-29,0.0,0.0,0,0
2020-04-30,0.0,0.0,0,0
2020-05-01,0.0,0.0,0,0
2020-05-02,0.0,0.0,0,0
2020-05-03,0.0,0.0,0,0
2020-05-04,0.0,0.0,0,0
2020-05-05,0.0,0.0,0,0
2020-05-06,0.0,0.0,0,0
2020-05-07,0.0,0.0,0,0
2020-05-08,0.0,0.0,0,0
2020-05-09,0.0,0.0,0,0
2020-05-10,0.0,0.0,0,0
2020-05-11,0.0,0.0,0,0
2020-05-12,0.0,0.0,0,0
2020-05-13,0.0,0.0,0,0
2020-05-14,0.0,0.0,0,0
2020-05-15,0.0,0.0,0,0
2020-05-16,0.0,0.0,0,0
2020-05-17,0.0,0.0,0,0
2020-05-18,0.0,0.0,0,0
2020-05-19,0.0,0.0,0,0
2020-05-20,0.0,0.0,0,0
2020-05-21,0.0,0.0,0,0
2020-05-22,0.0,0.0,0,0
2020-05-23,0.0,0.0,0,0
2020-05-24,0.0,0.0,0,0
2020-05-25,0.0,0.0,0,0
2020-05-26,0.0,0.0,0,0
2020-05-27,0.0,0.0,0,0
2020-05-28,0.0,0.0,0,0
2020-05-29,0.0,0.0,0,0
2020-05-30,0.0,0.0,0,0
2020-05-31,0.0,0.0,0,0
2020-06-01,0.0,0.0,0,0
2020-06-02,0.0,0.0,0,0
2020-06-03,0.0,0.0,0,0
2020-06-04,0.0,0.0,0,0
2020-06-05,0.0,0.0,0,0
2020-06-06,0.0,0.0,0,0
2020-06-07,0.0,0.0,0,0
2020-06-08,0.0,0.0,0,0
2020-06-09,0.0,0.0,0,0
2020-06-10,0.0,0.0,0,0
2020-06-11,0.0,0.0,0,0
2020-06-12,0.0,0.0,0,0
2020-06-13,0.0,0.0,0,0
2020-06-14,0.0,0.0,0,0
2020-06-15,0.0,0.0,0,0
2020-06-16,0.0,0.0,0,0
2020-06-17,0.0,0.0,0,0
2020-06-18,0.0,0.0,0,0
2020-06-19,0.0,0.0,0,0
2020-06-20,0.0,0.0,0,0
2020-06-21,0.0,0.0,0,0
2020-06-22,0.0,0.0,0,0
2020-06-23,0.0,0.0,0,0
2020-06-24,0.0,0.0,0,0
2020-06-25,0.0,0.0,0,0
2020-06-26,0.0,0.0,0,0
2020-06-27,0.0,0.0,0,0
2020-06-28,0.0,0.0,0,0
2020-06-29,0.0,0.0,0,0
2020-06-30,0.0,0.0,0,0
2020-07-01,0.0,0.0,0,0
2020-07-02,0.0,0.0,0,0
2020-07-03,0.0,0.0,0,0
2020-07-04,0.0,0.0,0,0
2020-07-05,0.0,0.0,0,0
2020-07-06,0.0,0.0,0,0
2020-07-07,0.0,0.0,0,0
2020-07-08,0.0,0.0,0,0
2020-07-09,0.0,0.0,0,0
2020-07-10,0.0,0.0,0,0
2020-07-11,0.0,0.0,0,0
2020-07-12,0.0,0.0,0,0
2020-07-13,0.0,0.0,0,0
2020-07-14,0.0,0.0,0,0
2020-07-15,0.0,0.0,0,0
2020-07-16,0.0,0.0,0,0
2020-07-17,0.0,0.0,0,0
2020-07-18,0.0,0.0,0,0
2020-07-19,0.0,0.0,0,0
2020-07-20,0.0,0.0,0,0
2020-07-21,0.0,0.0,0,0
2020-07-22,0.0,0.0,0,0
2020-07-23,0.0,0.0,0,0
2020-07-24,0.0,0.0,0,0
2020-07-25,0.0,0.0,0,0
2020-07-26,0.0,0.0,0,0
2020-07-27,0.0,0.0,0,0
2020-07-28,0.0,0.0,0,0
2020-07-29,0.0,0.0,0,0
2020-07-30,0.0,0.0,0,0
2020-07-31,0.0,0.0,0,0
2020-08-01,0.0,0.0,0,0
2020-08-02,0.0,0.0,0,0
2020-08-03,0.0,0.0,0,0
2020-08-04,0.0,0.0,6,6
2020-08-05,1.0,1.0,11,11
2020-08-06,1.0,1.0,18,18
2020-08-07,2.0,2.0,21,21
2020-08-08,3.0,3.0,24,24
2020-08-09,3.0,3.0,24,24
2020-08-10,3.0,4.0,0,24
2020-08-11,3.0,4.0,0,0
2020-08-12,4.0,5.0,10,10
2020-08-13,5.0,5.0,23,23
2020-08-14,6.0,7.0,40,40
2020-08-15,7.0,8.0,40,40
2020-08-16,9.0,9.0,41,41
2020-08-17,9.0,11.0,0,41
2020-08-18,9.0,11.0,0,0
2020-08-19,9.0,11.0,11,11
2020-08-20,10.0,12.0,18,18
2020-08-21,11.0,13.0,30,30
2020-08-22,12.0,14.0,35,35
2020-08-23,13.0,15.0,39,39
2020-08-24,13.0,16.0,4,39
2020-08-25,13.0,17.0,2,4
2020-08-26,14.0,17.0,13,14
2020-08-27,15.0,18.0,29,29
2020-08-28,16.0,19.0,33,33
2020-08-29,17.0,20.0,40,40
2020-08-30,18.0,22.0,41,41
2020-08-31,19.0,23.0,19,46
2020-09-01,19.0,24.0,6,20
2020-09-02,20.0,25.0,11,15
2020-09-03,20.0,25.0,30,30
2020-09-04,21.0,26.0,35,36
2020-09-05,22.0,27.0,40,40
2020-09-06,23.0,28.0,41,41
2020-09-07,22.0,28.0,7,43
2020-09-08,22.0,28.0,7,7
2020-09-09,22.0,28.0,16,20
2020-09-10,23.0,29.0,32,32
2020-09-11,24.0,30.0,47,47
2020-09-12,25.0,31.0,53,53
2020-09-13,26.0,31.0,59,59
2020-09-14,25.0,32.0,0,59
2020-09-15,23.0,31.0,0,0
2020-09-16,24.0,30.0,18,18
2020-09-17,25.0,31.0,26,26
2020-09-18,25.0,32.0,32,38
2020-09-19,26.0,32.0,37,37
2020-09-20,26.0,33.0,42,42
2020-09-21,27.0,33.0,49,49
2020-09-22,26.0,34.0,4,49
2020-09-23,26.0,33.0,4,8
2020-09-24,26.0,33.0,21,21
2020-09-25,27.0,34.0,38,38
2020-09-26,28.0,35.0,55,55
2020-09-27,29.0,36.0,56,56
2020-09-28,28.0,36.0,0,56
2020-09-29,26.0,35.0,0,0
2020-09-30,26.0,34.0,14,14
2020-10-01,27.0,34.0,36,36
2020-10-02,28.0,35.0,51,51
2020-10-03,29.0,36.0,59,59
2020-10-04,30.0,37.0,62,62
2020-10-05,29.0,38.0,0,62
2020-10-06,28.0,37.0,0,0
2020-10-07,28.0,36.0,18,18
2020-10-08,29.0,37.0,31,31
2020-10-09,30.0,38.0,52,52
2020-10-10,31.0,38.0,58,58
2020-10-11,31.0,39.0,63,63
2020-10-12,32.0,40.0,68,68
2020-10-13,31.0,40.0,35,84
2020-10-14,33.0,40.0,54,57
2020-10-15,34.0,42.0,31,63
2020-10-16,35.0,44.0,54,54
2020-10-17,36.0,45.0,70,70
2020-10-18,38.0,46.0,70,70
2020-10-19,37.0,48.0,11,81
2020-10-20,36.0,47.0,11,11
2020-10-21,35.0,46.0,33,33
2020-10-22,37.0,46.0,47,48
2020-10-23,39.0,48.0,58,60
2020-10-24,40.0,49.0,65,65
2020-10-25,41.0,50.0,74,74
2020-10-26,40.0,51.0,23,80
2020-10-27,39.0,50.0,27,27
2020-10-28,40.0,50.0,37,40
2020-10-29,42.0,51.0,52,52
2020-10-30,44.0,53.0,65,67
2020-10-31,45.0,54.0,72,72
2020-11-01,46.0,55.0,78,78
2020-11-02,45.0,56.0,29,89
2020-11-03,44.0,56.0,19,42
2020-11-04,45.0,55.0,45,45
2020-11-05,47.0,57.0,54,54
2020-11-06,48.0,58.0,57,57
2020-11-07,49.0,59.0,63,63
2020-11-08,50.0,60.0,66,66
2020-11-09,49.0,60.0,27,68
2020-11-10,47.0,59.0,21,32
2020-11-11,46.0,58.0,26,26
2020-11-12,46.0,56.0,44,44
2020-11-13,46.0,56.0,53,53
2020-11-14,47.0,56.0,64,64
2020-11-15,48.0,57.0,65,65
2020-11-16,48.0,57.0,88,88
2020-11-17,49.0,58.0,108,109
2020-11-18,53.0,59.0,111,111
2020-11-19,55.0,63.0,91,117
2020-11-20,57.0,65.0,76,103
2020-11-21,58.0,66.0,78,78
2020-11-22,59.0,67.0,78,78
2020-11-23,59.0,68.0,84,84
2020-11-24,60.0,68.0,91,91
2020-11-25,62.0,69.0,80,99
2020-11-26,63.0,70.0,80,80
2020-11-27,65.0,72.0,83,83
2020-11-28,66.0,73.0,83,83
2020-11-29,67.0,74.0,83,83
2020-11-30,67.0,74.0,83,83
2020-12-01,66.0,74.0,57,96
2020-12-02,67.0,74.0,60,62
2020-12-03,69.0,74.0,60,64
2020-12-04,69.0,75.0,46,60
2020-12-05,68.0,75.0,46,46
2020-12-06,68.0,74.0,46,46
2020-12-07,68.0,74.0,58,58
2020-12-08,68.0,74.0,74,74
2020-12-09,70.0,74.0,73,74
2020-12-10,72.0,76.0,79,79
2020-12-11,73.0,78.0,78,79
2020-12-12,74.0,79.0,78,78
2020-12-13,75.0,80.0,78,78
2020-12-14,74.0,80.0,24,78
2020-12-15,72.0,79.0,0,24
2020-12-16,69.0,76.0,0,0
2020-12-17,65.0,72.0,0,0
2020-12-18,62.0,69.0,0,0
2020-12-19,59.0,65.0,0,0
2020-12-20,56.0,61.0,0,0
2020-12-21,53.0,59.0,0,0
2020-12-22,51.0,56.0,0,0
2020-12-23,48.0,53.0,0,0
2020-12-24,45.0,50.0,0,0
2020-12-25,42.0,47.0,0,0
2020-12-26,40.0,44.0,0,0
2020-12-27,37.0,42.0,0,0
2020-12-28,34.0,39.0,0,0
2020-12-29,31.0,36.0,0,0
2020-12-30,29.0,33.0,0,0
2020-12-31,27.0,30.0,0,0
2021-01-01,25.0,28.0,0,0
2021-01-02,23.0,26.0,0,0
2021-01-03,21.0,24.0,0,0
2021-01-04,20.0,22.0,0,0
2021-01-05,18.0,21.0,0,0
2021-01-06,16.0,19.0,0,0
2021-01-07,14.0,16.0,0,0
2021-01-08,11.0,14.0,0,0
2021-01-09,9.0,11.0,0,0
2021-01-10,6.0,9.0,0,0
2021-01-11,3.0,6.0,0,0
2021-01-12,1.0,3.0,0,0
2021-01-13,0.0,1.0,0,0
2021-01-14,0.0,0.0,0,0
2021-01-15,0.0,0.0,0,0
2021-01-16,0.0,0.0,0,0
2021-01-17,0.0,0.0,0,0
2021-01-18,0.0,0.0,0,0
2021-01-19,0.0,0.0,0,0
2021-01-20,0.0,0.0,0,0
2021-01-21,0.0,0.0,0,0
2021-01-22,0.0,0.0,0,0
2021-01-23,0.0,0.0,0,0
2021-01-24,0.0,0.0,0,0
2021-01-25,0.0,0.0,0,0
2021-01-26,0.0,0.0,0,0
2021-01-27,0.0,0.0,0,0
2021-01-28,0.0,0.0,0,0
2021-01-29,0.0,0.0,0,0
2021-01-30,0.0,0.0,0,0
2021-01-31,0.0,0.0,0,0
2021-02-01,0.0,0.0,0,0
2021-02-02,0.0,0.0,0,0
2021-02-03,0.0,0.0,0,0
2021-02-04,0.0,0.0,0,0
2021-02-05,0.0,0.0,0,0
2021-02-06,0.0,0.0,0,0
2021-02-07,0.0,0.0,0,0
2021-02-08,0.0,0.0,0,0
2021-02-09,0.0,0.0,0,0
2021-02-10,0.0,0.0,0,0
2021-02-11,0.0,0.0,0,0
2021-02-12,0.0,0.0,0,0
2021-02-13,0.0,0.0,0,0
2021-02-14,0.0,0.0,0,0
2021-02-15,0.0,0.0,0,0
2021-02-16,0.0,0.0,0,0
2021-02-17,0.0,0.0,0,0
2021-02-18,0.0,0.0,0,0
2021-02-19,0.0,0.0,0,0
2021-02-20,0.0,0.0,0,0
2021-02-21,0.0,0.0,0,0
2021-02-22,0.0,0.0,0,0
2021-02-23,0.0,0.0,0,0
2021-02-24,0.0,0.0,0,0
2021-02-25,0.0,0.0,0,0
2021-02-26,0.0,0.0,0,0
2021-02-27,0.0,0.0,0,0
2021-02-28,0.0,0.0,0,0
2021-03-01,0.0,0.0,0,0
2021-03-02,0.0,0.0,0,0
2021-03-03,0.0,0.0,0,0
2021-03-04,0.0,0.0,0,0
2021-03-05,0.0,0.0,0,0
2021-03-06,0.0,0.0,0,0
2021-03-07,0.0,0.0,0,0
2021-03-08,0.0,0.0,0,0
2021-03-09,0.0,0.0,0,0
2021-03-10,0.0,0.0,0,0
2021-03-11,0.0,0.0,0,0
2021-03-12,0.0,0.0,0,0
2021-03-13,0.0,0.0,0,0
2021-03-14,0.0,0.0,0,0
2021-03-15,0.0,0.0,0,0
2021-03-16,0.0,0.0,0,0
2021-03-17,0.0,0.0,0,0
2021-03-18,0.0,0.0,0,0
2021-03-19,0.0,0.0,0,0
2021-03-20,0.0,0.0,0,0
2021-03-21,0.0,0.0,0,0
2021-03-22,0.0,0.0,0,0
2021-03-23,0.0,0.0,0,0
2021-03-24,0.0,0.0,0,0
2021-03-25,0.0,0.0,0,0
2021-03-26,0.0,0.0,0,0
2021-03-27,0.0,0.0,0,0
2021-03-28,0.0,0.0,0,0
2021-03-29,0.0,0.0,0,0
2021-03-30,0.0,0.0,0,0
2021-03-31,0.0,0.0,0,0
2021-04-01,0.0,0.0,0,0
2021-04-02,0.0,0.0,0,0
2021-04-03,0.0,0.0,0,0
2021-04-04,0.0,0.0,0,0
2021-04-05,0.0,0.0,0,0
2021-04-06,0.0,0.0,0,0
2021-04-07,0.0,0.0,0,0
2021-04-08,0.0,0.0,0,0
2021-04-09,0.0,0.0,0,0
2021-04-10,0.0,0.0,0,0
2021-04-11,0.0,0.0,0,0
2021-04-12,0.0,0.0,0,0
2021-04-13,0.0,0.0,0,0
2021-04-14,0.0,0.0,0,0
2021-04-15,0.0,0.0,0,0
2021-04-16,0.0,0.0,0,0
2021-04-17,0.0,0.0,0,0
2021-04-18,0.0,0.0,0,0
2021-04-19,0.0,0.0,0,0
2021-04-20,0.0,0.0,0,0
2021-04-21,0.0,0.0,0,0
2021-04-22,0.0,0.0,0,0
2021-04-23,0.0,0.0,0,0
2021-04-24,0.0,0.0,0,0
2021-04-25,0.0,0.0,0,0
2021-04-26,0.0,0.0,0,0
2021-04-27,0.0,0.0,0,0
2021-04-28,0.0,0.0,0,0
2021-04-29,0.0,0.0,0,0
2021-04-30,0.0,0.0,0,0
2021-05-01,0.0,0.0,0,0
2021-05-02,0.0,0.0,0,0
2021-05-03,0.0,0.0,0,0
2021-05-04,0.0,0.0,0,0
2021-05-05,0.0,0.0,0,0
2021-05-06,0.0,0.0,0,0
2021-05-07,0.0,0.0,0,0
2021-05-08,0.0,0.0,0,0
2021-05-09,0.0,0.0,0,0
2021-05-10,0.0,0.0,0,0
2021-05-11,0.0,0.0,0,0
2021-05-12,0.0,0.0,0,0
2021-05-13,0.0,0.0,0,0
2021-05-14,0.0,0.0,0,0
2021-05-15,0.0,0.0,0,0
2021-05-16,0.0,0.0,0,0
2021-05-17,0.0,0.0,0,0
2021-05-18,0.0,0.0,0,0
2021-05-19,0.0,0.0,0,0
2021-05-20,0.0,0.0,0,0
2021-05-21,0.0,0.0,0,0
2021-05-22,0.0,0.0,0,0
2021-05-23,0.0,0.0,0,0
2021-05-24,0.0,0.0,0,0
2021-05-25,0.0,0.0,0,0
2021-05-26,0.0,0.0,0,0
2021-05-27,0.0,0.0,0,0
2021-05-28,0.0,0.0,0,0
2021-05-29,0.0,0.0,0,0
2021-05-30,0.0,0.0,0,0
2021-05-31,0.0,0.0,0,0
2021-06-01,0.0,0.0,0,0
2021-06-02,0.0,0.0,0,0
2021-06-03,0.0,0.0,0,0
2021-06-04,0.0,0.0,0,0
2021-06-05,0.0,0.0,0,0
2021-06-06,0.0,0.0,0,0
2021-06-07,0.0,0.0,0,0
2021-06-08,0.0,0.0,0,0
2021-06-09,0.0,0.0,0,0
2021-06-10,0.0,0.0,0,0
2021-06-11,0.0,0.0,0,0
2021-06-12,0.0,0.0,0,0
2021-06-13,0.0,0.0,0,0
2021-06-14,0.0,0.0,0,0
2021-06-15,0.0,0.0,0,0
2021-06-16,0.0,0.0,0,0
2021-06-17,0.0,0.0,0,0
2021-06-18,0.0,0.0,0,0
2021-06-19,0.0,0.0,0,0
2021-06-20,0.0,0.0,0,0
2021-06-21,0.0,0.0,0,0
2021-06-22,0.0,0.0,0,0
2021-06-23,0.0,0.0,0,0
2021-06-24,0.0,0.0,0,0
2021-06-25,0.0,0.0,0,0
2021-06-26,0.0,0.0,0,0
2021-06-27,0.0,0.0,0,0
2021-06-28,0.0,0.0,0,0
2021-06-29,0.0,0.0,0,0
2021-06-30,0.0,0.0,0,0
2021-07-01,0.0,0.0,0,0
2021-07-02,0.0,0.0,0,0
2021-07-03,0.0,0.0,0,0
2021-07-04,0.0,0.0,0,0
2021-07-05,0.0,0.0,0,0
2021-07-06,0.0,0.0,0,0
2021-07-07,0.0,0.0,0,0
2021-07-08,0.0,0.0,0,0
2021-07-09,0.0,0.0,0,0
2021-07-10,0.0,0.0,0,0
2021-07-11,0.0,0.0,0,0
2021-07-12,0.0,0.0,0,0
2021-07-13,0.0,0.0,0,0
2021-07-14,0.0,0.0,0,0
2021-07-15,0.0,0.0,0,0
2021-07-16,0.0,0.0,0,0
2021-07-17,0.0,0.0,0,0
2021-07-18,0.0,0.0,0,0
2021-07-19,0.0,0.0,0,0
2021-07-20,0.0,0.0,0,0
2021-07-21,0.0,0.0,0,0
2021-07-22,0.0,0.0,0,0
2021-07-23,0.0,0.0,0,0
2021-07-24,0.0,0.0,0,0
2021-07-25,0.0,0.0,0,0
2021-07-26,0.0,0.0,0,0
2021-07-27,0.0,0.0,0,0
2021-07-28,0.0,0.0,0,0
2021-07-29,0.0,0.0,0,0
2021-07-30,0.0,0.0,0,0
2021-07-31,0.0,0.0,0,0
2021-08-01,0.0,0.0,0,0
2021-08-02,0.0,0.0,0,0
2021-08-03,0.0,0.0,0,0
2021-08-04,0.0,0.0,0,0
2021-08-05,0.0,0.0,0,0
2021-08-06,0.0,0.0,0,0
2021-08-07,0.0,0.0,0,0
2021-08-08,0.0,0.0,0,0
2021-08-09,0.0,0.0,0,0
2021-08-10,0.0,0.0,0,0
2021-08-11,0.0,0.0,0,0
2021-08-12,0.0,0.0,0,0
2021-08-13,0.0,0.0,0,0
2021-08-14,0.0,0.0,0,0
2021-08-15,0.0,0.0,0,0
2021-08-16,0.0,0.0,0,0
2021-08-17,0.0,0.0,0,0
2021-08-18,0.0,0.0,0,0
2021-08-19,0.0,0.0,0,0
2021-08-20,0.0,0.0,0,0
2021-08-21,0.0,0.0,0,0
2021-08-22,0.0,0.0,0,0
2021-08-23,0.0,0.0,0,0
2021-08-24,0.0,0.0,0,0
2021-08-25,0.0,0.0,0,0
2021-08-26,0.0,0.0,0,0
2021-08-27,0.0,0.0,0,0
2021-08-28,0.0,0.0,0,0
2021-08-29,0.0,0.0,0,0
2021-08-30,0.0,0.0,0,0
2021-08-31,0.0,0.0,0,0
2021-09-01,0.0,0.0,0,0
2021-09-02,0.0,0.0,0,0
2021-09-03,0.0,0.0,0,0
2021-09-04,0.0,0.0,0,0
2021-09-05,0.0,0.0,0,0
2021-09-06,0.0,0.0,0,0
2021-09-07,0.0,0.0,0,0
2021-09-08,0.0,0.0,0,0
2021-09-09,0.0,0.0,0,0
2021-09-10,0.0,0.0,0,0
2021-09-11,0.0,0.0,0,0
2021-09-12,0.0,0.0,0,0
2021-09-13,0.0,0.0,0,0
2021-09-14,0.0,0.0,0,0
2021-09-15,0.0,0.0,0,0
2021-09-16,0.0,0.0,0,0
2021-09-17,0.0,0.0,0,0
2021-09-18,0.0,0.0,0,0
2021-09-19,0.0,0.0,0,0
2021-09-20,0.0,0.0,0,0
2021-09-21,0.0,0.0,0,0
2021-09-22,0.0,0.0,0,0
2021-09-23,0.0,0.0,0,0
2021-09-24,0.0,0.0,0,0
2021-09-25,0.0,0.0,0,0
2021-09-26,0.0,0.0,0,0
2021-09-27,0.0,0.0,0,0
2021-09-28,0.0,0.0,0,0
2021-09-29,0.0,0.0,0,0
2021-09-30,0.0,0.0,0,0
2021-10-01,0.0,0.0,0,0
2021-10-02,0.0,0.0,0,0
2021-10-03,0.0,0.0,0,0
2021-10-04,0.0,0.0,0,0
2021-10-05,0.0,0.0,0,0
2021-10-06,0.0,0.0,0,0
2021-10-07,0.0,0.0,0,0
2021-10-08,0.0,0.0,0,0
2021-10-09,0.0,0.0,0,0
2021-10-10,0.0,0.0,0,0
2021-10-11,0.0,0.0,0,0
2021-10-12,0.0,0.0,0,0
2021-10-13,0.0,0.0,0,0
2021-10-14,0.0,0.0,0,0
2021-10-15,0.0,0.0,0,0
2021-10-16,0.0,0.0,0,0
2021-10-17,0.0,0.0,0,0
2021-10-18,0.0,0.0,0,0
2021-10-19,0.0,0.0,0,0
2021-10-20,0.0,0.0,0,0
2021-10-21,0.0,0.0,0,0
2021-10-22,0.0,0.0,0,0
2021-10-23,0.0,0.0,0,0
2021-10-24,0.0,0.0,0,0
2021-10-25,0.0,0.0,0,0
2021-10-26,0.0,0.0,0,0
2021-10-27,0.0,0.0,0,0
2021-10-28,0.0,0.0,0,0
2021-10-29,0.0,0.0,0,0
2021-10-30,0.0,0.0,0,0
2021-10-31,0.0,0.0,0,0
2021-11-01,0.0,0.0,0,0
2021-11-02,0.0,0.0,0,0
2021-11-03,0.0,0.0,0,0
2021-11-04,0.0,0.0,0,0
2021-11-05,0.0,0.0,0,0
2021-11-06,0.0,0.0,0,0
2021-11-07,0.0,0.0,0,0
2021-11-08,0.0,0.0,0,0
2021-11-09,0.0,0.0,0,0
2021-11-10,0.0,0.0,0,0
2021-11-11,0.0,0.0,0,0
2021-11-12,0.0,0.0,0,0
2021-11-13,0.0,0.0,0,0
2021-11-14,0.0,0.0,0,0
2021-11-15,0.0,0.0,0,0
2021-11-16,0.0,0.0,0,0
2021-11-17,0.0,0.0,0,0
2021-11-18,0.0,0.0,0,0
2021-11-19,0.0,0.0,0,0
2021-11-20,0.0,0.0,0,0
2021-11-21,0.0,0.0,0,0
2021-11-22,0.0,0.0,0,0
2021-11-23,0.0,0.0,0,0
2021-11-24,0.0,0.0,0,0
2021-11-25,0.0,0.0,0,0
2021-11-26,0.0,0.0,0,0
2021-11-27,0.0,0.0,0,0
2021-11-28,0.0,0.0,0,0
2021-11-29,0.0,0.0,0,0
2021-11-30,0.0,0.0,0,0
2021-12-01,0.0,0.0,0,0
2021-12-02,0.0,0.0,0,0
2021-12-03,0.0,0.0,0,0
2021-12-04,0.0,0.0,0,0
2021-12-05,0.0,0.0,0,0
2021-12-06,0.0,0.0,0,0
2021-12-07,0.0,0.0,0,0
2021-12-08,0.0,0.0,0,0
2021-12-09,0.0,0.0,0,0
2021-12-10,0.0,0.0,0,0
2021-12-11,0.0,0.0,0,0
2021-12-12,0.0,0.0,0,0
2021-12-13,0.0,0.0,0,0
2021-12-14,0.0,0.0,0,0
2021-12-15,0.0,0.0,0,0
2021-12-16,0.0,0.0,0,0
2021-12-17,0.0,0.0,0,0
2021-12-18,0.0,0.0,0,0
2021-12-19,0.0,0.0,0,0
2021-12-20,0.0,0.0,0,0
2021-12-21,0.0,0.0,0,0
2021-12-22,0.0,0.0,0,0
2021-12-23,0.0,0.0,0,0
2021-12-24,0.0,0.0,0,0
2021-12-25,0.0,0.0,0,0
2021-12-26,0.0,0.0,0,0
2021-12-27,0.0,0.0,0,0
2021-12-28,0.0,0.0,0,0
2021-12-29,0.0,0.0,0,0
2021-12-30,0.0,0.0,0,0
2021-12-31,0.0,0.0,0,0
2022-01-01,0.0,0.0,0,0
2022-01-02,0.0,0.0,0,0
2022-01-03,0.0,0.0,0,0
2022-01-04,0.0,0.0,0,0
2022-01-05,0.0,0.0,0,0
2022-01-06,0.0,0.0,0,0
2022-01-07,0.0,0.0,0,0
2022-01-08,0.0,0.0,0,0
2022-01-09,0.0,0.0,0,0
2022-01-10,0.0,0.0,0,0
2022-01-11,0.0,0.0,0,0
2022-01-12,0.0,0.0,0,0
2022-01-13,0.0,0.0,0,0
2022-01-14,0.0,0.0,0,0
2022-01-15,0.0,0.0,0,0
2022-01-16,0.0,0.0,0,0
2022-01-17,0.0,0.0,0,0
2022-01-18,0.0,0.0,0,0
2022-01-19,0.0,0.0,0,0
2022-01-20,0.0,0.0,0,0
2022-01-21,0.0,0.0,0,0
2022-01-22,0.0,0.0,0,0
2022-01-23,0.0,0.0,0,0
2022-01-24,0.0,0.0,0,0
2022-01-25,0.0,0.0,0,0
2022-01-26,0.0,0.0,0,0
2022-01-27,0.0,0.0,0,0
2022-01-28,0.0,0.0,0,0
2022-01-29,0.0,0.0,0,0
2022-01-30,0.0,0.0,0,0
2022-01-31,0.0,0.0,0,0
2022-02-01,0.0,0.0,0,0
2022-02-02,0.0,0.0,0,0
2022-02-03,0.0,0.0,0,0
2022-02-04,0.0,0.0,0,0
2022-02-05,0.0,0.0,0,0
2022-02-06,0.0,0.0,0,0
2022-02-07,0.0,0.0,0,0
2022-02-08,0.0,0.0,0,0
2022-02-09,0.0,0.0,0,0
2022-02-10,0.0,0.0,0,0
2022-02-11,0.0,0.0,0,0
2022-02-12,0.0,0.0,0,0
2022-02-13,0.0,0.0,0,0
2022-02-14,0.0,0.0,0,0
2022-02-15,0.0,0.0,0,0
2022-02-16,0.0,0.0,0,0
2022-02-17,0.0,0.0,0,0
2022-02-18,0.0,0.0,0,0
2022-02-19,0.0,0.0,0,0
2022-02-20,0.0,0.0,0,0
2022-02-21,0.0,0.0,0,0
2022-02-22,0.0,0.0,0,0
2022-02-23,0.0,0.0,0,0
2022-02-24,0.0,0.0,0,0
2022-02-25,0.0,0.0,0,0
2022-02-26,0.0,0.0,0,0
2022-02-27,0.0,0.0,0,0
2022-02-28,0.0,0.0,0,0
2022-03-01,0.0,0.0,0,0
2022-03-02,0.0,0.0,0,0
2022-03-03,0.0,0.0,0,0
2022-03-04,0.0,0.0,0,0
2022-03-05,0.0,0.0,0,0
2022-03-06,0.0,0.0,0,0
2022-03-07,0.0,0.0,0,0
2022-03-08,0.0,0.0,0,0
2022-03-09,0.0,0.0,0,0
2022-03-10,0.0,0.0,0,0
2022-03-11,0.0,0.0,0,0
2022-03-12,0.0,0.0,0,0
2022-03-13,0.0,0.0,0,0
2022-03-14,0.0,0.0,0,0
2022-03-15,0.0,0.0,0,0
2022-03-16,0.0,0.0,0,0
2022-03-17,0.0,0.0,0,0
2022-03-18,0.0,0.0,0,0
2022-03-19,0.0,0.0,0,0
2022-03-20,0.0,0.0,0,0
2022-03-21,0.0,0.0,0,0
2022-03-22,0.0,0.0,0,0
2022-03-23,0.0,0.0,0,0
2022-03-24,0.0,0.0,0,0
2022-03-25,0.0,0.0,0,0
2022-03-26,0.0,0.0,0,0
2022-03-27,0.0,0.0,0,0
2022-03-28,0.0,0.0,0,0
2022-03-29,0.0,0.0,0,0
2022-03-30,0.0,0.0,0,0
2022-03-31,0.0,0.0,0,0
2022-04-01,0.0,0.0,0,0
2022-04-02,0.0,0.0,0,0
2022-04-03,0.0,0.0,0,0
2022-04-04,0.0,0.0,0,0
2022-04-05,0.0,0.0,0,0
2022-04-06,0.0,0.0,0,0
2022-04-07,0.0,0.0,0,0
2022-04-08,0.0,0.0,0,0
2022-04-09,0.0,0.0,0,0
2022-04-10,0.0,0.0,0,0
2022-04-11,0.0,0.0,0,0
2022-04-12,0.0,0.0,0,0
2022-04-13,0.0,0.0,0,0
2022-04-14,0.0,0.0,0,0
2022-04-15,0.0,0.0,0,0
2022-04-16,0.0,0.0,0,0
2022-04-17,0.0,0.0,0,0
2022-04-18,0.0,0.0,0,0
2022-04-19,0.0,0.0,0,0
2022-04-20,0.0,0.0,0,0
2022-04-21,0.0,0.0,0,0
2022-04-22,0.0,0.0,0,0
2022-04-23,0.0,0.0,0,0
2022-04-24,0.0,0.0,0,0
2022-04-25,0.0,0.0,0,0
2022-04-26,0.0,0.0,0,0
2022-04-27,0.0,0.0,0,0
2022-04-28,0.0,0.0,0,0
2022-04-29,0.0,0.0,0,0
2022-04-30,0.0,0.0,0,0
2022-05-01,0.0,0.0,0,0
2022-05-02,0.0,0.0,0,0
2022-05-03,0.0,0.0,0,0
2022-05-04,0.0,0.0,0,0
2022-05-05,0.0,0.0,0,0
2022-05-06,0.0,0.0,0,0
2022-05-07,0.0,0.0,0,0
2022-05-08,0.0,0.0,0,0
2022-05-09,0.0,0.0,0,0
2022-05-10,0.0,0.0,0,0
2022-05-11,0.0,0.0,0,0
2022-05-12,0.0,0.0,0,0
2022-05-13,0.0,0.0,0,0
2022-05-14,0.0,0.0,0,0
2022-05-15,0.0,0.0,0,0
2022-05-16,0.0,0.0,0,0
2022-05-17,0.0,0.0,0,0
2022-05-18,0.0,0.0,0,0
2022-05-19,0.0,0.0,0,0
2022-05-20,0.0,0.0,0,0
2022-05-21,0.0,0.0,0,0
2022-05-22,0.0,0.0,0,0
2022-05-23,0.0,0.0,0,0
2022-05-24,0.0,0.0,0,0
2022-05-25,0.0,0.0,0,0
2022-05-26,0.0,0.0,0,0
2022-05-27,0.0,0.0,0,0
2022-05-28,0.0,0.0,0,0
2022-05-29,0.0,0.0,0,0
2022-05-30,0.0,0.0,0,0
2022-05-31,0.0,0.0,0,0
2022-06-01,0.0,0.0,0,0
2022-06-02,0.0,0.0,0,0
2022-06-03,0.0,0.0,0,0
2022-06-04,0.0,0.0,0,0
2022-06-05,0.0,0.0,0,0
2022-06-06,0.0,0.0,0,0
2022-06-07,0.0,0.0,0,0
2022-06-08,0.0,0.0,0,0
2022-06-09,0.0,0.0,0,0
2022-06-10,0.0,0.0,0,0
2022-06-11,0.0,0.0,0,0
2022-06-12,0.0,0.0,0,0
2022-06-13,0.0,0.0,0,0
2022-06-14,0.0,0.0,0,0
2022-06-15,0.0,0.0,0,0
2022-06-16,0.0,0.0,0,0
2022-06-17,0.0,0.0,0,0
2022-06-18,0.0,0.0,0,0
2022-06-19,0.0,0.0,0,0
2022-06-20,0.0,0.0,0,0
2022-06-21,0.0,0.0,0,0
2022-06-22,0.0,0.0,0,0
2022-06-23,0.0,0.0,0,0
2022-06-24,0.0,0.0,0,0
2022-06-25,0.0,0.0,0,0
2022-06-26,0.0,0.0,0,0
2022-06-27,0.0,0.0,0,0
2022-06-28,0.0,0.0,0,0
2022-06-29,0.0,0.0,0,0
2022-06-30,0.0,0.0,0,0
2022-07-01,0.0,0.0,0,0
2022-07-02,0.0,0.0,0,0
2022-07-03,0.0,0.0,0,0
2022-07-04,0.0,0.0,0,0
2022-07-05,0.0,0.0,0,0
2022-07-06,0.0,0.0,0,0
2022-07-07,0.0,0.0,0,0
2022-07-08,0.0,0.0,0,0
2022-07-09,0.0,0.0,0,0
2022-07-10,0.0,0.0,0,0
2022-07-11,0.0,0.0,0,0
2022-07-12,0.0,0.0,0,0
2022-07-13,0.0,0.0,0,0
2022-07-14,0.0,0.0,0,0
2022-07-15,0.0,0.0,0,0
2022-07-16,0.0,0.0,0,0
2022-07-17,0.0,0.0,0,0
2022-07-18,0.0,0.0,0,0
2022-07-19,0.0,0.0,0,0
2022-07-20,0.0,0.0,0,0
2022-07-21,0.0,0.0,0,0
2022-07-22,0.0,0.0,0,0
2022-07-23,0.0,0.0,0,0
2022-07-24,0.0,0.0,0,0
2022-07-25,0.0,0.0,0,0
2022-07-26,0.0,0.0,0,0
2022-07-27,0.0,0.0,0,0
2022-07-28,0.0,0.0,0,0
2022-07-29,0.0,0.0,0,0
2022-07-30,0.0,0.0,0,0
2022-07-31,0.0,0.0,0,0
2022-08-01,0.0,0.0,0,0
2022-08-02,0.0,0.0,0,0
2022-08-03,0.0,0.0,0,0
2022-08-04,0.0,0.0,0,0
2022-08-05,0.0,0.0,0,0
2022-08-06,0.0,0.0,0,0
2022-08-07,0.0,0.0,0,0
2022-08-08,0.0,0.0,0,0
2022-08-09,0.0,0.0,0,0
2022-08-10,0.0,0.0,0,0
2022-08-11,0.0,0.0,0,0
2022-08-12,0.0,0.0,0,0
2022-08-13,0.0,0.0,0,0
2022-08-14,0.0,0.0,0,0
2022-08-15,0.0,0.0,0,0
2022-08-16,0.0,0.0,0,0
2022-08-17,0.0,0.0,0,0
2022-08-18,0.0,0.0,0,0
2022-08-19,0.0,0.0,0,0
2022-08-20,0.0,0.0,0,0
2022-08-21,0.0,0.0,0,0
2022-08-22,0.0,0.0,0,0
2022-08-23,0.0,0.0,0,0
2022-08-24,0.0,0.0,0,0
2022-08-25,0.0,0.0,0,0
2022-08-26,0.0,0.0,0,0
2022-08-27,0.0,0.0,0,0
2022-08-28,0.0,0.0,0,0
2022-08-29,0.0,0.0,0,0
2022-08-30,0.0,0.0,0,0
2022-08-31,0.0,0.0,0,0
2022-09-01,0.0,0.0,0,0
2022-09-02,0.0,0.0,0,0
2022-09-03,0.0,0.0,0,0
2022-09-04,0.0,0.0,0,0
2022-09-05,0.0,0.0,0,0
2022-09-06,0.0,0.0,0,0
2022-09-07,0.0,0.0,0,0
2022-09-08,0.0,0.0,0,0
2022-09-09,0.0,0.0,0,0
2022-09-10,0.0,0.0,0,0
2022-09-11,0.0,0.0,0,0
2022-09-12,0.0,0.0,0,0
2022-09-13,0.0,0.0,0,0
2022-09-14,0.0,0.0,0,0
2022-09-15,0.0,0.0,0,0
2022-09-16,0.0,0.0,0,0
2022-09-17,0.0,0.0,0,0
2022-09-18,0.0,0.0,0,0
2022-09-19,0.0,0.0,0,0
2022-09-20,0.0,0.0,0,0
2022-09-21,0.0,0.0,0,0
2022-09-22,0.0,0.0,0,0
2022-09-23,0.0,0.0,0,0
2022-09-24,0.0,0.0,0,0
2022-09-25,0.0,0.0,0,0
2022-09-26,0.0,0.0,0,0
2022-09-27,0.0,0.0,0,0
2022-09-28,0.0,0.0,0,0
2022-09-29,0.0,0.0,0,0
2022-09-30,0.0,0.0,0,0
2022-10-01,0.0,0.0,0,0
2022-10-02,0.0,0.0,0,0
2022-10-03,0.0,0.0,0,0
2022-10-04,0.0,0.0,0,0
2022-10-05,0.0,0.0,0,0
2022-10-06,0.0,0.0,0,0
2022-10-07,0.0,0.0,0,0
2022-10-08,0.0,0.0,0,0
2022-10-09,0.0,0.0,0,0
2022-10-10,0.0,0.0,0,0
2022-10-11,0.0,0.0,0,0
2022-10-12,0.0,0.0,0,0
2022-10-13,0.0,0.0,0,0
2022-10-14,0.0,0.0,0,0
2022-10-15,0.0,0.0,0,0
2022-10-16,0.0,0.0,0,0
2022-10-17,0.0,0.0,0,0
2022-10-18,0.0,0.0,0,0
2022-10-19,0.0,0.0,0,0
2022-10-20,0.0,0.0,0,0
2022-10-21,0.0,0.0,0,0
2022-10-22,0.0,0.0,0,0
2022-10-23,0.0,0.0,0,0
2022-10-24,0.0,0.0,0,0
2022-10-25,0.0,0.0,0,0
2022-10-26,0.0,0.0,0,0
2022-10-27,0.0,0.0,0,0
2022-10-28,0.0,0.0,0,0
2022-10-29,0.0,0.0,0,0
2022-10-30,0.0,0.0,0,0
2022-10-31,0.0,0.0,0,0
2022-11-01,0.0,0.0,0,0
2022-11-02,0.0,0.0,0,0
2022-11-03,0.0,0.0,0,0
2022-11-04,0.0,0.0,0,0
2022-11-05,0.0,0.0,0,0
2022-11-06,0.0,0.0,0,0
2022-11-07,0.0,0.0,0,0
2022-11-08,0.0,0.0,0,0
2022-11-09,0.0,0.0,0,0
2022-11-10,0.0,0.0,0,0
2022-11-11,0.0,0.0,0,0
2022-11-12,0.0,0.0,0,0
2022-11-13,0.0,0.0,0,0
2022-11-14,0.0,0.0,0,0
2022-11-15,0.0,0.0,0,0
2022-11-16,0.0,0.0,0,0
2022-11-17,0.0,0.0,0,0
2022-11-18,0.0,0.0,0,0
2022-11-19,0.0,0.0,0,0
2022-11-20,0.0,0.0,0,0
2022-11-21,0.0,0.0,0,0
2022-11-22,0.0,0.0,0,0
2022-11-23,0.0,0.0,0,0
2022-11-24,0.0,0.0,0,0
2022-11-25,0.0,0.0,0,0
2022-11-26,0.0,0.0,0,0
2022-11-27,0.0,0.0,0,0
2022-11-28,0.0,0.0,0,0
2022-11-29,0.0,0.0,0,0
2022-11-30,0.0,0.0,0,0
2022-12-01,0.0,0.0,0,0
2022-12-02,0.0,0.0,0,0
2022-12-03,0.0,0.0,0,0
2022-12-04,0.0,0.0,0,0
2022-12-05,0.0,0.0,0,0
2022-12-06,0.0,0.0,0,0
2022-12-07,0.0,0.0,0,0
2022-12-08,0.0,0.0,0,0
2022-12-09,0.0,0.0,0,0
2022-12-10,0.0,0.0,0,0
2022-12-11,0.0,0.0,0,0
2022-12-12,0.0,0.0,0,0
2022-12-13,0.0,0.0,0,0
2022-12-14,0.0,0.0,0,0
2022-12-15,0.0,0.0,0,0
2022-12-16,0.0,0.0,0,0
2022-12-17,0.0,0.0,0,0
2022-12-18,0.0,0.0,0,0
2022-12-19,0.0,0.0,0,0
2022-12-20,0.0,0.0,0,0
2022-12-21,0.0,0.0,0,0
2022-12-22,0.0,0.0,0,0
2022-12-23,0.0,0.0,0,0
2022-12-24,0.0,0.0,0,0
2022-12-25,0.0,0.0,0,0
2022-12-26,0.0,0.0,0,0
2022-12-27,0.0,0.0,0,0
2022-12-28,0.0,0.0,0,0
2022-12-29,0.0,0.0,0,0
2022-12-30,0.0,0.0,0,0
2022-12-31,0.0,0.0,0,0
2023-01-01,0.0,0.0,0,0
2023-01-02,0.0,0.0,0,0
2023-01-03,0.0,0.0,0,0
2023-01-04,0.0,0.0,0,0
2023-01-05,0.0,0.0,0,0
2023-01-06,0.0,0.0,0,0
2023-01-07,0.0,0.0,0,0
2023-01-08,0.0,0.0,0,0
2023-01-09,0.0,0.0,0,0
2023-01-10,0.0,0.0,0,0
2023-01-11,0.0,0.0,0,0
2023-01-12,0.0,0.0,0,0
2023-01-13,0.0,0.0,0,0
2023-01-14,0.0,0.0,0,0
2023-01-15,0.0,0.0,0,0
2023-01-16,0.0,0.0,0,0
2023-01-17,0.0,0.0,0,0
2023-01-18,0.0,0.0,0,0
2023-01-19,0.0,0.0,0,0
2023-01-20,0.0,0.0,0,0
2023-01-21,0.0,0.0,0,0
2023-01-22,0.0,0.0,0,0
2023-01-23,0.0,0.0,0,0
2023-01-24,0.0,0.0,0,0
2023-01-25,0.0,0.0,0,0
2023-01-26,0.0,0.0,0,0
2023-01-27,0.0,0.0,0,0
2023-01-28,0.0,0.0,0,0
2023-01-29,0.0,0.0,0,0
2023-01-30,0.0,0.0,0,0
2023-01-31,0.0,0.0,0,0
2023-02-01,0.0,0.0,0,0
2023-02-02,0.0,0.0,0,0
2023-02-03,0.0,0.0,0,0
2023-02-04,0.0,0.0,0,0
2023-02-05,0.0,0.0,0,0
2023-02-06,0.0,0.0,0,0
2023-02-07,0.0,0.0,0,0
2023-02-08,0.0,0.0,0,0
2023-02-09,0.0,0.0,0,0
2023-02-10,0.0,0.0,0,0
2023-02-11,0.0,0.0,0,0
2023-02-12,0.0,0.0,0,0
2023-02-13,0.0,0.0,0,0
2023-02-14,0.0,0.0,0,0
2023-02-15,0.0,0.0,0,0
2023-02-16,0.0,0.0,0,0
2023-02-17,0.0,0.0,0,0
2023-02-18,0.0,0.0,0,0
2023-02-19,0.0,0.0,0,0
2023-02-20,0.0,0.0,0,0
2023-02-21,0.0,0.0,0,0
2023-02-22,0.0,0.0,0,0
2023-02-23,0.0,0.0,0,0
2023-02-24,0.0,0.0,0,0
2023-02-25,0.0,0.0,0,0
2023-02-26,0.0,0.0,0,0
2023-02-27,0.0,0.0,0,0
2023-02-28,0.0,0.0,0,0
2023-03-01,0.0,0.0,0,0
2023-03-02,0.0,0.0,0,0
2023-03-03,0.0,0.0,0,0
2023-03-04,0.0,0.0,0,0
2023-03-05,0.0,0.0,0,0
2023-03-06,0.0,0.0,0,0
2023-03-07,0.0,0.0,0,0
2023-03-08,0.0,0.0,0,0
2023-03-09,0.0,0.0,0,0
2023-03-10,0.0,0.0,0,0
2023-03-11,0.0,0.0,0,0
2023-03-12,0.0,0.0,0,0
2023-03-13,0.0,0.0,0,0
2023-03-14,0.0,0.0,0,0
2023-03-15,0.0,0.0,0,0
2023-03-16,0.0,0.0,0,0
2023-03-17,0.0,0.0,0,0
2023-03-18,0.0,0.0,0,0
2023-03-19,0.0,0.0,0,0
2023-03-20,0.0,0.0,0,0
2023-03-21,0.0,0.0,0,0
2023-03-22,0.0,0.0,0,0
2023-03-23,0.0,0.0,0,0
2023-03-24,0.0,0.0,0,0
2023-03-25,0.0,0.0,0,0
2023-03-26,0.0,0.0,0,0
2023-03-27,0.0,0.0,0,0
2023-03-28,0.0,0.0,0,0
2023-03-29,0.0,0.0,0,0
2023-03-30,0.0,0.0,0,0
2023-03-31,0.0,0.0,0,0
2023-04-01,0.0,0.0,0,0
2023-04-02,0.0,0.0,0,0
2023-04-03,0.0,0.0,0,0
2023-04-04,0.0,0.0,0,0
2023-04-05,0.0,0.0,0,0
2023-04-06,0.0,0.0,0,0
2023-04-07,0.0,0.0,0,0
2023-04-08,0.0,0.0,0,0
2023-04-09,0.0,0.0,0,0
2023-04-10,0.0,0.0,0,0
2023-04-11,0.0,0.0,0,0
2023-04-12,0.0,0.0,0,0
2023-04-13,0.0,0.0,0,0
2023-04-14,0.0,0.0,0,0
2023-04-15,0.0,0.0,0,0
2023-04-16,0.0,0.0,0,0
2023-04-17,0.0,0.0,0,0
2023-04-18,0.0,0.0,0,0
2023-04-19,0.0,0.0,0,0
2023-04-20,0.0,0.0,0,0
2023-04-21,0.0,0.0,0,0
2023-04-22,0.0,0.0,0,0
2023-04-23,0.0,0.0,0,0
2023-04-24,0.0,0.0,0,0
2023-04-25,0.0,0.0,0,0
2023-04-26,0.0,0.0,0,0
2023-04-27,0.0,0.0,0,0
2023-04-28,0.0,0.0,0,0
2023-04-29,0.0,0.0,0,0
2023-04-30,0.0,0.0,0,0
2023-05-01,0.0,0.0,0,0
2023-05-02,0.0,0.0,0,0
2023-05-03,0.0,0.0,0,0
2023-05-04,0.0,0.0,0,0
2023-05-05,0.0,0.0,0,0
2023-05-06,0.0,0.0,0,0
2023-05-07,0.0,0.0,0,0
2023-05-08,0.0,0.0,0,0
2023-05-09,0.0,0.0,0,0
2023-05-10,0.0,0.0,0,0
2023-05-11,0.0,0.0,0,0
2023-05-12,0.0,0.0,0,0
2023-05-13,0.0,0.0,0,0
2023-05-14,0.0,0.0,0,0
2023-05-15,0.0,0.0,0,0
2023-05-16,0.0,0.0,0,0
2023-05-17,0.0,0.0,0,0
2023-05-18,0.0,0.0,0,0
2023-05-19,0.0,0.0,0,0
2023-05-20,0.0,0.0,0,0
2023-05-21,0.0,0.0,0,0
2023-05-22,0.0,0.0,0,0
2023-05-23,0.0,0.0,0,0
2023-05-24,0.0,0.0,0,0
2023-05-25,0.0,0.0,0,0
2023-05-26,0.0,0.0,0,0
2023-05-27,0.0,0.0,0,0
2023-05-28,0.0,0.0,0,0
2023-05-29,0.0,0.0,0,0
2023-05-30,0.0,0.0,0,0
2023-05-31,0.0,0.0,0,0
2023-06-01,0.0,0.0,0,0
2023-06-02,0.0,0.0,0,0
2023-06-03,0.0,0.0,0,0
2023-06-04,0.0,0.0,0,0
2023-06-05,0.0,0.0,0,0
2023-06-06,0.0,0.0,0,0
2023-06-07,0.0,0.0,0,0
2023-06-08,0.0,0.0,0,0
2023-06-09,0.0,0.0,0,0
2023-06-10,0.0,0.0,0,0
2023-06-11,0.0,0.0,0,0
2023-06-12,0.0,0.0,0,0
2023-06-13,0.0,0.0,0,0
2023-06-14,0.0,0.0,0,0
2023-06-15,0.0,0.0,0,0
2023-06-16,0.0,0.0,0,0
2023-06-17,0.0,0.0,0,0
2023-06-18,0.0,0.0,0,0
2023-06-19,0.0,0.0,0,0
2023-06-20,0.0,0.0,0,0
2023-06-21,0.0,0.0,0,0
2023-06-22,0.0,0.0,0,0
2023-06-23,0.0,0.0,0,0
2023-06-24,0.0,0.0,0,0
2023-06-25,0.0,0.0,0,0
2023-06-26,0.0,0.0,0,0
2023-06-27,0.0,0.0,0,0
2023-06-28,0.0,0.0,0,0
2023-06-29,0.0,0.0,0,0
2023-06-30,0.0,0.0,0,0
2023-07-01,0.0,0.0,0,0
2023-07-02,0.0,0.0,0,0
2023-07-03,0.0,0.0,0,0
2023-07-04,0.0,0.0,0,0
2023-07-05,0.0,0.0,0,0
2023-07-06,0.0,0.0,0,0
2023-07-07,0.0,0.0,0,0
2023-07-08,0.0,0.0,0,0
2023-07-09,0.0,0.0,0,0
2023-07-10,0.0,0.0,0,0
2023-07-11,0.0,0.0,0,0
2023-07-12,0.0,0.0,0,0
2023-07-13,0.0,0.0,0,0
2023-07-14,0.0,0.0,0,0
2023-07-15,0.0,0.0,0,0
2023-07-16,0.0,0.0,0,0
2023-07-17,0.0,0.0,0,0
2023-07-18,0.0,0.0,0,0
2023-07-19,0.0,0.0,0,0
2023-07-20,0.0,0.0,0,0
2023-07-21,0.0,0.0,0,0
2023-07-22,0.0,0.0,0,0
2023-07-23,0.0,0.0,0,0
2023-07-24,0.0,0.0,0,0
2023-07-25,0.0,0.0,0,0
2023-07-26,0.0,0.0,0,0
2023-07-27,0.0,0.0,0,0
2023-07-28,0.0,0.0,0,0
2023-07-29,0.0,0.0,0,0
2023-07-30,0.0,0.0,0,0
2023-07-31,0.0,0.0,0,0
2023-08-01,0.0,0.0,0,0
2023-08-02,0.0,0.0,0,0
2023-08-03,0.0,0.0,0,0
2023-08-04,0.0,0.0,0,0
2023-08-05,0.0,0.0,0,0
2023-08-06,0.0,0.0,0,0
2023-08-07,0.0,0.0,0,0
2023-08-08,0.0,0.0,0,0
2023-08-09,0.0,0.0,0,0
2023-08-10,0.0,0.0,0,0
2023-08-11,0.0,0.0,0,0
2023-08-12,0.0,0.0,0,0
2023-08-13,0.0,0.0,0,0
2023-08-14,0.0,0.0,0,0
2023-08-15,0.0,0.0,0,0
2023-08-16,0.0,0.0,0,0
2023-08-17,0.0,0.0,0,0
2023-08-18,0.0,0.0,0,0
2023-08-19,0.0,0.0,0,0
2023-08-20,0.0,0.0,0,0
2023-08-21,0.0,0.0,0,0
2023-08-22,0.0,0.0,0,0
2023-08-23,0.0,0.0,0,0
2023-08-24,0.0,0.0,0,0
2023-08-25,0.0,0.0,0,0
2023-08-26,0.0,0.0,0,0
2023-08-27,0.0,0.0,0,0
2023-08-28,0.0,0.0,0,0
2023-08-29,0.0,0.0,0,0
2023-08-30,0.0,0.0,0,0
2023-08-31,0.0,0.0,0,0
2023-09-01,0.0,0.0,0,0
2023-09-02,0.0,0.0,0,0
2023-09-03,0.0,0.0,0,0
2023-09-04,0.0,0.0,0,0
2023-09-05,0.0,0.0,0,0
2023-09-06,0.0,0.0,0,0
2023-09-07,0.0,0.0,0,0
2023-09-08,0.0,0.0,0,0
2023-09-09,0.0,0.0,0,0
2023-09-10,0.0,0.0,0,0
2023-09-11,0.0,0.0,0,0
2023-09-12,0.0,0.0,0,0
2023-09-13,0.0,0.0,0,0
2023-09-14,0.0,0.0,0,0
2023-09-15,0.0,0.0,0,0
2023-09-16,0.0,0.0,0,0
2023-09-17,0.0,0.0,0,0
2023-09-18,0.0,0.0,0,0
2023-09-19,0.0,0.0,0,0
2023-09-20,0.0,0.0,0,0
2023-09-21,0.0,0.0,0,0
2023-09-22,0.0,0.0,0,0
2023-09-23,0.0,0.0,0,0
2023-09-24,0.0,0.0,0,0
2023-09-25,0.0,0.0,0,0
2023-09-26,0.0,0.0,0,0
2023-09-27,0.0,0.0,0,0
2023-09-28,0.0,0.0,0,0
2023-09-29,0.0,0.0,0,0
2023-09-30,0.0,0.0,0,0
2023-10-01,0.0,0.0,0,0
2023-10-02,0.0,0.0,0,0
2023-10-03,0.0,0.0,0,0
2023-10-04,0.0,0.0,0,0
2023-10-05,0.0,0.0,0,0
2023-10-06,0.0,0.0,0,0
2023-10-07,0.0,0.0,0,0
2023-10-08,0.0,0.0,0,0
2023-10-09,0.0,0.0,0,0
2023-10-10,0.0,0.0,0,0
2023-10-11,0.0,0.0,0,0
2023-10-12,0.0,0.0,0,0
2023-10-13,0.0,0.0,0,0
2023-10-14,0.0,0.0,0,0
2023-10-15,0.0,0.0,0,0
2023-10-16,0.0,0.0,0,0
2023-10-17,0.0,0.0,0,0
2023-10-18,0.0,0.0,0,0
2023-10-19,0.0,0.0,0,0
2023-10-20,0.0,0.0,0,0
2023-10-21,0.0,0.0,0,0
2023-10-22,0.0,0.0,0,0
2023-10-23,0.0,0.0,0,0
2023-10-24,0.0,0.0,0,0
2023-10-25,0.0,0.0,0,0
2023-10-26,0.0,0.0,0,0
2023-10-27,0.0,0.0,0,0
2023-10-28,0.0,0.0,0,0
2023-10-29,0.0,0.0,0,0
2023-10-30,0.0,0.0,0,0
2023-10-31,0.0,0.0,0,0
2023-11-01,0.0,0.0,0,0
2023-11-02,0.0,0.0,0,0
2023-11-03,0.0,0.0,0,0
2023-11-04,0.0,0.0,0,0
2023-11-05,0.0,0.0,0,0
2023-11-06,0.0,0.0,0,0
2023-11-07,0.0,0.0,0,0
2023-11-08,0.0,0.0,0,0
2023-11-09,0.0,0.0,0,0
2023-11-10,0.0,0.0,0,0
2023-11-11,0.0,0.0,0,0
2023-11-12,0.0,0.0,0,0
2023-11-13,0.0,0.0,0,0
2023-11-14,0.0,0.0,0,0
2023-11-15,0.0,0.0,0,0
2023-11-16,0.0,0.0,0,0
2023-11-17,0.0,0.0,0,0
2023-11-18,0.0,0.0,0,0
2023-11-19,0.0,0.0,0,0
2023-11-20,0.0,0.0,0,0
2023-11-21,0.0,0.0,0,0
2023-11-22,0.0,0.0,0,0
2023-11-23,0.0,0.0,0,0
2023-11-24,0.0,0.0,0,0
2023-11-25,0.0,0.0,0,0
2023-11-26,0.0,0.0,0,0
2023-11-27,0.0,0.0,0,0
2023-11-28,0.0,0.0,0,0
2023-11-29,0.0,0.0,0,0
2023-11-30,0.0,0.0,0,0
2023-12-01,0.0,0.0,0,0
2023-12-02,0.0,0.0,0,0
2023-12-03,0.0,0.0,0,0
2023-12-04,0.0,0.0,0,0
2023-12-05,0.0,0.0,0,0
2023-12-06,0.0,0.0,0,0
2023-12-07,0.0,0.0,0,0
2023-12-08,0.0,0.0,0,0
2023-12-09,0.0,0.0,0,0
2023-12-10,0.0,0.0,0,0
2023-12-11,0.0,0.0,0,0
2023-12-12,0.0,0.0,0,0
2023-12-13,0.0,0.0,0,0
2023-12-14,0.0,0.0,0,0
2023-12-15,0.0,0.0,0,0
2023-12-16,0.0,0.0,0,0
2023-12-17,0.0,0.0,0,0
2023-12-18,0.0,0.0,0,0
2023-12-19,0.0,0.0,0,0
2023-12-20,0.0,0.0,0,0
2023-12-21,0.0,0.0,0,0
2023-12-22,0.0,0.0,0,0
2023-12-23,0.0,0.0,0,0
2023-12-24,0.0,0.0,0,0
2023-12-25,0.0,0.0,0,0
2023-12-26,0.0,0.0,0,0
2023-12-27,0.0,0.0,0,0
2023-12-28,0.0,0.0,0,0
2023-12-29,0.0,0.0,0,0
2023-12-30,0.0,0.0,0,0
2023-12-31,0.0,0.0,0,0
2024-01-01,0.0,0.0,0,0
2024-01-02,0.0,0.0,0,0
2024-01-03,0.0,0.0,0,0
2024-01-04,0.0,0.0,0,0
2024-01-05,0.0,0.0,0,0
2024-01-06,0.0,0.0,0,0
2024-01-07,0.0,0.0,0,0
2024-01-08,0.0,0.0,0,0
2024-01-09,0.0,0.0,0,0
2024-01-10,0.0,0.0,0,0
2024-01-11,0.0,0.0,0,0
2024-01-12,0.0,0.0,0,0
2024-01-13,0.0,0.0,0,0
2024-01-14,0.0,0.0,0,0
2024-01-15,0.0,0.0,0,0
2024-01-16,0.0,0.0,0,0
2024-01-17,0.0,0.0,0,0
2024-01-18,0.0,0.0,0,0
2024-01-19,0.0,0.0,0,0
2024-01-20,0.0,0.0,0,0
2024-01-21,0.0,0.0,0,0
2024-01-22,0.0,0.0,0,0
2024-01-23,0.0,0.0,0,0
2024-01-24,0.0,0.0,0,0
2024-01-25,0.0,0.0,0,0
2024-01-26,0.0,0.0,0,0
2024-01-27,0.0,0.0,0,0
2024-01-28,0.0,0.0,0,0
2024-01-29,0.0,0.0,0,0
2024-01-30,0.0,0.0,0,0
2024-01-31,0.0,0.0,0,0
2024-02-01,0.0,0.0,0,0
2024-02-02,0.0,0.0,0,0
2024-02-03,0.0,0.0,0,0
2024-02-04,0.0,0.0,0,0
2024-02-05,0.0,0.0,0,0
2024-02-06,0.0,0.0,0,0
2024-02-07,0.0,0.0,0,0
2024-02-08,0.0,0.0,0,0
2024-02-09,0.0,0.0,0,0
2024-02-10,0.0,0.0,0,0
2024-02-11,0.0,0.0,0,0
2024-02-12,0.0,0.0,0,0
2024-02-13,0.0,0.0,0,0
2024-02-14,0.0,0.0,0,0
2024-02-15,0.0,0.0,0,0
2024-02-16,0.0,0.0,0,0
2024-02-17,0.0,0.0,0,0
2024-02-18,0.0,0.0,0,0
2024-02-19,0.0,0.0,0,0
2024-02-20,0.0,0.0,0,0
2024-02-21,0.0,0.0,0,0
2024-02-22,0.0,0.0,0,0
2024-02-23,0.0,0.0,0,0
2024-02-24,0.0,0.0,0,0
2024-02-25,0.0,0.0,0,0
2024-02-26,0.0,0.0,0,0
2024-02-27,0.0,0.0,0,0
2024-02-28,0.0,0.0,0,0
2024-02-29,0.0,0.0,0,0
2024-03-01,0.0,0.0,0,0
2024-03-02,0.0,0.0,0,0
2024-03-03,0.0,0.0,0,0
2024-03-04,0.0,0.0,0,0
2024-03-05,0.0,0.0,0,0
2024-03-06,0.0,0.0,0,0
2024-03-07,0.0,0.0,0,0
2024-03-08,0.0,0.0,0,0
2024-03-09,0.0,0.0,0,0
2024-03-10,0.0,0.0,0,0
2024-03-11,0.0,0.0,0,0
2024-03-12,0.0,0.0,0,0
2024-03-13,0.0,0.0,0,0
2024-03-14,0.0,0.0,0,0
2024-03-15,0.0,0.0,0,0
2024-03-16,0.0,0.0,0,0
2024-03-17,0.0,0.0,0,0
2024-03-18,0.0,0.0,0,0
2024-03-19,0.0,0.0,0,0
2024-03-20,0.0,0.0,0,0
2024-03-21,0.0,0.0,0,0
2024-03-22,0.0,0.0,0,0
2024-03-23,0.0,0.0,0,0
2024-03-24,0.0,0.0,0,0
2024-03-25,0.0,0.0,0,0
2024-03-26,0.0,0.0,0,0
2024-03-27,0.0,0.0,0,0
2024-03-28,0.0,0.0,0,0
2024-03-29,0.0,0.0,0,0
2024-03-30,0.0,0.0,0,0
2024-03-31,0.0,0.0,0,0
2024-04-01,0.0,0.0,0,0
2024-04-02,0.0,0.0,0,0
2024-04-03,0.0,0.0,0,0
2024-04-04,0.0,0.0,0,0
2024-04-05,0.0,0.0,0,0
2024-04-06,0.0,0.0,0,0
2024-04-07,0.0,0.0,0,0
2024-04-08,0.0,0.0,0,0
2024-04-09,0.0,0.0,0,0
2024-04-10,0.0,0.0,0,0
2024-04-11,0.0,0.0,0,0
2024-04-12,0.0,0.0,0,0
2024-04-13,0.0,0.0,0,0
2024-04-14,0.0,0.0,0,0
2024-04-15,0.0,0.0,0,0
2024-04-16,0.0,0.0,0,0
2024-04-17,0.0,0.0,0,0
2024-04-18,0.0,0.0,0,0
2024-04-19,0.0,0.0,0,0
2024-04-20,0.0,0.0,0,0
2024-04-21,0.0,0.0,0,0
2024-04-22,0.0,0.0,0,0
2024-04-23,0.0,0.0,0,0
2024-04-24,0.0,0.0,0,0
2024-04-25,0.0,0.0,0,0
2024-04-26,0.0,0.0,0,0
2024-04-27,0.0,0.0,0,0
2024-04-28,0.0,0.0,0,0
2024-04-29,0.0,0.0,0,0
2024-04-30,0.0,0.0,0,0
2024-05-01,0.0,0.0,0,0
2024-05-02,0.0,0.0,0,0
2024-05-03,0.0,0.0,0,0
2024-05-04,0.0,0.0,0,0
2024-05-05,0.0,0.0,0,0
2024-05-06,0.0,0.0,0,0
2024-05-07,0.0,0.0,0,0
2024-05-08,0.0,0.0,0,0
2024-05-09,0.0,0.0,0,0
2024-05-10,0.0,0.0,0,0
2024-05-11,0.0,0.0,0,0
2024-05-12,0.0,0.0,0,0
2024-05-13,0.0,0.0,0,0
2024-05-14,0.0,0.0,0,0
2024-05-15,0.0,0.0,0,0
2024-05-16,0.0,0.0,0,0
2024-05-17,0.0,0.0,0,0
2024-05-18,0.0,0.0,0,0
2024-05-19,0.0,0.0,0,0
2024-05-20,0.0,0.0,0,0
2024-05-21,0.0,0.0,0,0
2024-05-22,0.0,0.0,0,0
2024-05-23,0.0,0.0,0,0
2024-05-24,0.0,0.0,0,0
2024-05-25,0.0,0.0,0,0
2024-05-26,0.0,0.0,0,0
2024-05-27,0.0,0.0,0,0
2024-05-28,0.0,0.0,0,0
2024-05-29,0.0,0.0,0,0
2024-05-30,0.0,0.0,0,0
2024-05-31,0.0,0.0,0,0
2024-06-01,0.0,0.0,0,0
2024-06-02,0.0,0.0,0,0
2024-06-03,0.0,0.0,0,0
2024-06-04,0.0,0.0,0,0
2024-06-05,0.0,0.0,0,0
2024-06-06,0.0,0.0,0,0
2024-06-07,0.0,0.0,0,0
2024-06-08,0.0,0.0,0,0
2024-06-09,0.0,0.0,0,0
2024-06-10,0.0,0.0,0,0
2024-06-11,0.0,0.0,0,0
2024-06-12,0.0,0.0,0,0
2024-06-13,0.0,0.0,0,0
2024-06-14,0.0,0.0,0,0
2024-06-15,0.0,0.0,0,0
2024-06-16,0.0,0.0,0,0
2024-06-17,0.0,0.0,0,0
2024-06-18,0.0,0.0,0,0
2024-06-19,0.0,0.0,0,0
2024-06-20,0.0,0.0,0,0
2024-06-21,0.0,0.0,0,0
2024-06-22,0.0,0.0,0,0
2024-06-23,0.0,0.0,0,0
2024-06-24,0.0,0.0,0,0
2024-06-25,0.0,0.0,0,0
2024-06-26,0.0,0.0,0,0
2024-06-27,0.0,0.0,0,0
2024-06-28,0.0,0.0,0,0
2024-06-29,0.0,0.0,0,0
2024-06-30,0.0,0.0,0,0
2024-07-01,0.0,0.0,0,0
2024-07-02,0.0,0.0,0,0
2024-07-03,0.0,0.0,0,0
2024-07-04,0.0,0.0,0,0
2024-07-05,0.0,0.0,0,0
2024-07-06,0.0,0.0,0,0
2024-07-07,0.0,0.0,0,0
2024-07-08,0.0,0.0,0,0
2024-07-09,0.0,0.0,0,0
2024-07-10,0.0,0.0,0,0
2024-07-11,0.0,0.0,0,0
2024-07-12,0.0,0.0,0,1
2024-07-13,0.0,0.0,0,0
2024-07-14,0.0,0.0,0,0
2024-07-15,0.0,0.0,0,0
2024-07-16,0.0,0.0,0,0
2024-07-17,0.0,0.0,0,0
2024-07-18,0.0,0.0,0,0
2024-07-19,0.0,0.0,0,0
2024-07-20,0.0,0.0,0,0
2024-07-21,0.0,0.0,0,0
2024-07-22,0.0,0.0,0,0
2024-07-23,0.0,0.0,0,0
2024-07-24,0.0,0.0,0,0
2024-07-25,0.0,0.0,0,0
2024-07-26,0.0,0.0,0,2
2024-07-27,0.0,0.0,0,0
2024-07-28,0.0,0.0,0,0
2024-07-29,0.0,0.0,0,0
2024-07-30,0.0,0.0,0,0
2024-07-31,0.0,0.0,0,0
2024-08-01,0.0,0.0,0,0
2024-08-02,0.0,0.0,0,0
2024-08-03,0.0,0.0,0,0
2024-08-04,0.0,0.0,0,0
2024-08-05,0.0,0.0,0,0
2024-08-06,0.0,0.0,0,0
2024-08-07,0.0,0.0,0,0
2024-08-08,0.0,0.0,0,0
2024-08-09,0.0,0.0,0,0
2024-08-10,0.0,0.0,0,0
2024-08-11,0.0,0.0,0,0
2024-08-12,0.0,0.0,0,0
2024-08-13,0.0,0.0,0,0
2024-08-14,0.0,0.0,0,0
2024-08-15,0.0,0.0,0,0
2024-08-16,0.0,0.0,0,0
2024-08-17,0.0,0.0,0,0
2024-08-18,0.0,0.0,0,0
2024-08-19,0.0,0.0,0,0
2024-08-20,0.0,0.0,0,0
2024-08-21,0.0,0.0,0,0
2024-08-22,0.0,0.0,0,0
2024-08-23,0.0,0.0,0,0
2024-08-24,0.0,0.0,0,0
2024-08-25,0.0,0.0,0,0
2024-08-26,0.0,0.0,0,0
2024-08-27,0.0,0.0,0,0
2024-08-28,0.0,0.0,0,0
2024-08-29,0.0,0.0,0,0
2024-08-30,0.0,0.0,0,0
2024-08-31,0.0,0.0,0,0
2024-09-01,0.0,0.0,0,0
2024-09-02,0.0,0.0,0,0
2024-09-03,0.0,0.0,0,0
2024-09-04,0.0,0.0,0,0
2024-09-05,0.0,0.0,0,0
2024-09-06,0.0,0.0,0,0
2024-09-07,0.0,0.0,0,0
2024-09-08,0.0,0.0,0,0
2024-09-09,0.0,0.0,0,0
2024-09-10,0.0,0.0,0,0
2024-09-11,0.0,0.0,0,1
2024-09-12,0.0,0.0,0,0
2024-09-13,0.0,0.0,0,0
2024-09-14,0.0,0.0,0,0
2024-09-15,0.0,0.0,0,0
2024-09-16,0.0,0.0,0,0
2024-09-17,0.0,0.0,0,0
2024-09-18,0.0,0.0,0,0
2024-09-19,0.0,0.0,0,0
2024-09-20,0.0,0.0,0,0
2024-09-21,0.0,0.0,0,0
2024-09-22,0.0,0.0,0,0
2024-09-23,0.0,0.0,0,0
2024-09-24,0.0,0.0,0,0
2024-09-25,0.0,0.0,0,0
2024-09-26,0.0,0.0,0,0
2024-09-27,0.0,0.0,0,0
2024-09-28,0.0,0.0,0,0
2024-09-29,0.0,0.0,0,0
2024-09-30,0.0,0.0,0,0
2024-10-01,0.0,0.0,0,0
2024-10-02,0.0,0.0,0,0
2024-10-03,0.0,0.0,0,0
2024-10-04,0.0,0.0,0,0
2024-10-05,0.0,0.0,0,0
2024-10-06,0.0,0.0,0,0
2024-10-07,0.0,0.0,0,0
2024-10-08,0.0,0.0,0,0
2024-10-09,0.0,0.0,0,0
2024-10-10,0.0,0.0,0,0
2024-10-11,0.0,0.0,0,0
2024-10-12,0.0,0.0,0,0
2024-10-13,0.0,0.0,0,0
2024-10-14,0.0,0.0,0,0
2024-10-15,0.0,0.0,0,0
2024-10-16,0.0,0.0,0,0
2024-10-17,0.0,0.0,0,0
2024-10-18,0.0,0.0,0,0
2024-10-19,0.0,0.0,0,0
2024-10-20,0.0,0.0,0,0
2024-10-21,0.0,0.0,0,0
2024-10-22,0.0,0.0,0,0
2024-10-23,0.0,0.0,0,0
2024-10-24,0.0,0.0,0,0
2024-10-25,0.0,0.0,0,0
2024-10-26,0.0,0.0,0,0
2024-10-27,0.0,0.0,0,0
2024-10-28,0.0,0.0,0,0
2024-10-29,0.0,0.0,0,0
2024-10-30,0.0,0.0,0,0
2024-10-31,0.0,0.0,0,0
2024-11-01,0.0,0.0,0,0
2024-11-02,0.0,0.0,0,0
2024-11-03,0.0,0.0,0,0
2024-11-04,0.0,0.0,0,0
2024-11-05,0.0,0.0,0,0
2024-11-06,0.0,0.0,0,0
2024-11-07,0.0,0.0,0,0
2024-11-08,0.0,0.0,0,0
2024-11-09,0.0,0.0,0,0
2024-11-10,0.0,0.0,0,0
2024-11-11,0.0,0.0,0,0
2024-11-12,0.0,0.0,0,0
2024-11-13,0.0,0.0,0,0
2024-11-14,0.0,0.0,0,0
2024-11-15,0.0,0.0,0,0
2024-11-16,0.0,0.0,0,0
2024-11-17,0.0,0.0,0,0
2024-11-18,0.0,0.0,0,0
2024-11-19,0.0,0.0,0,0
2024-11-20,0.0,0.0,0,0
2024-11-21,0.0,0.0,0,0
2024-11-22,0.0,0.0,0,0
2024-11-23,0.0,0.0,0,0
2024-11-24,0.0,0.0,0,0
2024-11-25,0.0,0.0,0,0
2024-11-26,0.0,0.0,0,0
2024-11-27,0.0,0.0,0,0
2024-11-28,0.0,0.0,0,0
2024-11-29,0.0,0.0,0,0
2024-11-30,0.0,0.0,0,0
2024-12-01,0.0,0.0,0,0
2024-12-02,0.0,0.0,0,0
2024-12-03,0.0,0.0,0,0
2024-12-04,0.0,0.0,0,0
2024-12-05,0.0,0.0,0,0
2024-12-06,0.0,0.0,0,0
2024-12-07,0.0,0.0,0,0
2024-12-08,0.0,0.0,0,0
2024-12-09,0.0,0.0,0,0
2024-12-10,0.0,0.0,0,0
2024-12-11,0.0,0.0,0,0
2024-12-12,0.0,0.0,0,0
2024-12-13,0.0,0.0,0,0
2024-12-14,0.0,0.0,0,0
2024-12-15,0.0,0.0,0,0
2024-12-16,0.0,0.0,0,0
2024-12-17,0.0,0.0,0,0
2024-12-18,0.0,0.0,0,0
2024-12-19,0.0,0.0,0,0
2024-12-20,0.0,0.0,0,0
2024-12-21,0.0,0.0,0,0
2024-12-22,0.0,0.0,0,0
2024-12-23,0.0,0.0,0,0
2024-12-24,0.0,0.0,0,0
2024-12-25,0.0,0.0,0,0
2024-12-26,0.0,0.0,0,0
2024-12-27,0.0,0.0,0,0
2024-12-28,0.0,0.0,0,0
2024-12-29,0.0,0.0,0,0
2024-12-30,0.0,0.0,0,0
2024-12-31,0.0,0.0,0,0
2025-01-01,0.0,0.0,0,0
2025-01-02,0.0,0.0,0,0
2025-01-03,0.0,0.0,0,0
2025-01-04,0.0,0.0,0,0
2025-01-05,0.0,0.0,0,0
2025-01-06,0.0,0.0,0,0
2025-01-07,0.0,0.0,0,0
2025-01-08,0.0,0.0,0,0
2025-01-09,0.0,0.0,0,0
2025-01-10,0.0,0.0,0,0
2025-01-11,0.0,0.0,0,0
2025-01-12,0.0,0.0,0,0
2025-01-13,0.0,0.0,0,0
2025-01-14,0.0,0.0,0,0
2025-01-15,0.0,0.0,0,0
2025-01-16,0.0,0.0,0,0
2025-01-17,0.0,0.0,0,0
2025-01-18,0.0,0.0,0,0
2025-01-19,0.0,0.0,0,0
2025-01-20,0.0,0.0,0,0
2025-01-21,0.0,0.0,0,0
2025-01-22,0.0,0.0,0,0
2025-01-23,0.0,0.0,0,0
2025-01-24,0.0,0.0,0,0
2025-01-25,0.0,0.0,0,0
2025-01-26,0.0,0.0,0,0
2025-01-27,0.0,0.0,0,0
2025-01-28,0.0,0.0,0,0
2025-01-29,0.0,0.0,0,0
2025-01-30,0.0,0.0,0,0
2025-01-31,0.0,0.0,0,0
2025-02-01,0.0,0.0,0,0
2025-02-02,0.0,0.0,0,0
2025-02-03,0.0,0.0,0,0
2025-02-04,0.0,0.0,0,0
2025-02-05,0.0,0.0,0,0
2025-02-06,0.0,0.0,0,0
2025-02-07,0.0,0.0,0,0
2025-02-08,0.0,0.0,0,0
2025-02-09,0.0,0.0,0,0
2025-02-10,0.0,0.0,0,0
2025-02-11,0.0,0.0,0,0
2025-02-12,0.0,0.0,0,0
2025-02-13,0.0,0.0,0,0
2025-02-14,0.0,0.0,0,0
2025-02-15,0.0,0.0,0,0
2025-02-16,0.0,0.0,0,0
2025-02-17,0.0,0.0,0,0
